entry_month,ts_code,month_wuxing,hold_1m,hold_2m,hold_3m,hold_6m,hold_9m,hold_12m,hold_24m
2010-02,000001.SH,木,0.249422,-0.307549,-0.479604,-0.252416,-0.099947,-0.048128,-0.107968
2010-03,000001.SH,木,-0.616232,-0.664149,-0.645901,-0.270419,-0.126964,-0.058213,-0.14689
2010-04,000001.SH,土,-0.706083,-0.659864,-0.287353,0.076823,-0.036945,0.014249,-0.086338
2010-05,000001.SH,火,-0.606377,0.109686,0.073955,0.183682,0.164108,0.05838,-0.043358
2010-06,000001.SH,火,2.128377,0.773939,0.50322,0.370836,0.304854,0.151648,-0.036727
2010-07,000001.SH,土,0.005908,0.042016,0.627099,0.119539,0.140866,0.024353,-0.106923
2010-08,000001.SH,金,0.07942,1.069387,0.30462,0.211983,0.053238,-0.027078,-0.119131
2010-09,000001.SH,金,2.967279,0.434269,0.250111,0.215715,0.053785,-0.111623,-0.113683
2010-10,000001.SH,土,-0.481476,-0.29826,-0.229692,-0.044689,-0.122067,-0.171403,-0.166617
2010-11,000001.SH,水,-0.050305,-0.061116,0.125925,-0.053658,-0.117714,-0.1726,-0.162071
2010-12,000001.SH,水,-0.071803,0.225948,0.182265,-0.032493,-0.207231,-0.216752,-0.101071
2011-01,000001.SH,土,0.619212,0.334296,0.184746,-0.06274,-0.151009,-0.178479,-0.075458
2011-02,000001.SH,木,0.099514,0.013412,-0.204598,-0.218986,-0.253349,-0.164046,-0.097612
2011-03,000001.SH,木,-0.065946,-0.323482,-0.208241,-0.350823,-0.317199,-0.227218,-0.126018
2011-04,000001.SH,土,-0.51001,-0.27104,-0.258528,-0.281309,-0.272863,-0.17695,-0.13511
2011-05,000001.SH,火,0.084476,-0.087888,-0.233113,-0.276593,-0.150075,-0.135317,-0.084265
2011-06,000001.SH,火,-0.232857,-0.355108,-0.467729,-0.365919,-0.233442,-0.19429,-0.153498
2011-07,000001.SH,土,-0.457876,-0.556636,-0.303391,-0.279925,-0.14781,-0.221375,-0.140947
2011-08,000001.SH,金,-0.637404,-0.21035,-0.317608,-0.105243,-0.100021,-0.202474,-0.095933
2011-09,000001.SH,金,0.719675,-0.063863,-0.244635,-0.080078,-0.074889,-0.115739,-0.03991
2011-10,000001.SH,土,-0.490396,-0.499376,-0.25567,-0.057437,-0.191945,-0.161803,-0.068514
2011-11,000001.SH,水,-0.508197,-0.100436,0.173212,0.03355,-0.15993,-0.151408,-0.024494
2011-12,000001.SH,水,0.645405,0.812045,0.120329,0.023794,-0.068059,0.031695,-0.019152
2012-01,000001.SH,土,0.995562,-0.075553,0.19359,-0.158064,-0.127954,0.040483,-0.0583
2012-02,000001.SH,木,-0.571748,-0.076898,-0.089487,-0.289139,-0.238261,-0.025899,-0.079814
2012-03,000001.SH,木,0.98976,0.327639,-0.064423,-0.150018,0.003737,-0.011565,-0.052063
2012-04,000001.SH,土,-0.114152,-0.358467,-0.406115,-0.254613,-0.006057,-0.091142,-0.080427
2012-05,000001.SH,火,-0.535401,-0.513733,-0.445013,-0.303267,-0.003731,-0.030199,-0.072844
2012-06,000001.SH,火,-0.491055,-0.393424,-0.227781,0.039656,0.00671,-0.110641,-0.040615
2012-07,000001.SH,土,-0.277064,-0.048792,-0.064463,0.285852,0.047355,-0.052211,0.023012
2012-08,000001.SH,金,0.251558,0.064245,-0.125319,0.334823,0.168107,0.024841,0.040611
2012-09,000001.SH,金,-0.095034,-0.268778,0.399714,0.14944,-0.067771,0.042421,0.06448
2012-10,000001.SH,土,-0.409165,0.740776,0.767344,0.10818,-0.048092,0.035157,0.081574
2012-11,000001.SH,水,4.128848,2.056669,1.03703,0.349893,0.080419,0.121401,0.163997
2012-12,000001.SH,水,0.821701,0.283767,-0.056084,-0.23921,-0.055117,-0.067492,0.19395
2013-01,000001.SH,土,-0.095319,-0.320543,-0.305136,-0.301394,-0.1339,-0.147705,0.160098
2013-02,000001.SH,木,-0.489697,-0.391022,-0.105457,-0.213155,-0.080929,-0.130745,0.182943
2013-03,000001.SH,木,-0.273267,0.184371,-0.386809,-0.054634,-0.071264,-0.090902,0.294487
2013-04,000001.SH,土,0.930191,-0.436744,-0.297631,-0.033054,-0.087667,-0.069586,0.428079
2013-05,000001.SH,火,-0.835634,-0.576311,-0.307886,-0.068414,-0.139014,-0.113615,0.415834
2013-06,000001.SH,火,0.092153,0.420236,0.457487,0.142985,0.036611,0.034924,0.470061
2013-07,000001.SH,土,0.846875,0.683701,0.331187,0.039794,0.021833,0.104205,0.355566
2013-08,000001.SH,金,0.534944,0.13016,0.253916,-0.039704,-0.037419,0.056624,0.236057
2013-09,000001.SH,金,-0.167878,0.13333,-0.103653,-0.125778,-0.0767,0.087005,0.184818
2013-10,000001.SH,土,0.543568,-0.069705,-0.187813,-0.104737,0.037497,0.130072,0.25676
2013-11,000001.SH,水,-0.439319,-0.410857,-0.264569,-0.156623,-0.001983,0.20821,0.245645
2013-12,000001.SH,水,-0.380949,-0.157723,-0.147358,-0.062921,0.159178,0.528692,0.29329
2014-01,000001.SH,土,0.145997,0.000662,-0.013163,0.172606,0.261604,0.579062,0.160399
2014-02,000001.SH,木,-0.126242,-0.084251,-0.032832,0.162615,0.425638,0.609832,0.143324
2014-03,000001.SH,木,-0.040242,0.017553,0.029878,0.351579,0.85711,0.843252,0.215465
2014-04,000001.SH,土,0.078828,0.066837,0.393345,0.426467,0.84693,1.191937,0.204181
2014-05,000001.SH,火,0.054979,0.583478,0.397559,0.730865,0.907832,1.26153,0.195937
2014-06,000001.SH,火,1.376733,0.608546,0.77377,1.49381,1.237953,1.088152,0.195928
2014-07,000001.SH,土,0.088646,0.532342,0.460377,1.126406,1.549282,0.664147,0.163307
2014-08,000001.SH,金,1.156873,0.69143,1.14366,1.229078,1.655093,0.445961,0.179668
2014-09,000001.SH,金,0.326427,1.137084,2.506142,1.513784,1.204873,0.291433,0.127428
2014-10,000001.SH,土,2.443182,4.700364,2.096188,2.368173,0.738203,0.39765,0.131858
2014-11,000001.SH,水,8.437244,1.936034,1.317898,1.954893,0.26811,0.284241,0.100645
2014-12,000001.SH,水,-0.086567,0.148733,0.802297,0.74848,-0.074266,0.094138,-0.020465
2015-01,000001.SH,土,0.444645,1.531635,2.66405,0.302379,0.072149,-0.147261,-0.008005
2015-02,000001.SH,木,3.436505,4.835277,2.766943,-0.062032,0.054784,-0.187996,-0.01041
2015-03,000001.SH,木,6.675063,2.471067,0.69627,-0.336538,-0.073553,-0.198506,-0.072735
2015-04,000001.SH,土,0.569799,-0.202553,-0.537072,-0.420034,-0.475474,-0.338461,-0.15724
2015-05,000001.SH,火,-0.594903,-0.74861,-0.766446,-0.44185,-0.513128,-0.367567,-0.177855
2015-06,000001.SH,火,-0.843996,-0.822662,-0.7405,-0.315327,-0.375736,-0.315067,-0.136067
2015-07,000001.SH,土,-0.798411,-0.665314,-0.273406,-0.441665,-0.254863,-0.1868,-0.054822
2015-08,000001.SH,金,-0.44434,0.379445,0.333875,-0.297044,-0.118497,-0.037584,0.023862
2015-09,000001.SH,金,2.424518,1.066655,0.806463,-0.031758,-0.053432,-0.015749,0.047385
2015-10,000001.SH,土,0.247201,0.312031,-0.57096,-0.245415,-0.155695,-0.083389,0.001593
2015-11,000001.SH,水,0.38023,-0.748361,-0.62954,-0.283398,-0.136799,-0.056704,-0.018783
2015-12,000001.SH,水,-0.954122,-0.808073,-0.481034,-0.314807,-0.196107,-0.123063,-0.033332
2016-01,000001.SH,土,-0.197086,0.745444,0.327147,0.184405,0.180541,0.153992,0.127605
2016-02,000001.SH,木,2.794398,0.706256,0.386163,0.317641,0.288101,0.206013,0.101176
2016-03,000001.SH,木,-0.232735,-0.162182,-0.095337,0.000525,0.044507,0.072772,0.027095
2016-04,000001.SH,土,-0.085141,-0.01767,0.057015,0.113428,0.101448,0.073625,0.024196
2016-05,000001.SH,火,0.054777,0.136173,0.252506,0.241703,0.151325,0.068766,0.030206
2016-06,000001.SH,火,0.223851,0.364864,0.106545,0.122338,0.135484,0.089712,-0.014127
2016-07,000001.SH,土,0.522125,0.052178,0.172851,0.12436,0.07922,0.098576,-0.017427
2016-08,000001.SH,金,-0.272675,0.029531,0.230994,0.103842,0.013717,0.089231,-0.060188
2016-09,000001.SH,金,0.457305,0.601473,0.138356,0.150236,0.084158,0.114568,-0.030991
2016-10,000001.SH,土,0.759904,0.006102,0.077874,0.035246,0.074878,0.094454,-0.083772
2016-11,000001.SH,水,-0.424832,-0.156456,-0.010176,-0.080086,0.045703,0.020663,-0.107611
2016-12,000001.SH,水,0.237144,0.298493,0.162241,0.058035,0.10675,0.065581,-0.103596
2017-01,000001.SH,土,0.362885,0.126507,-0.005697,0.073382,0.100037,0.101821,-0.095501
2017-02,000001.SH,木,-0.068873,-0.150724,-0.145059,0.074814,0.031155,0.005452,-0.047521
2017-03,000001.SH,木,-0.22538,-0.180781,-0.036828,0.080006,0.035182,-0.016638,-0.020657
2017-04,000001.SH,土,-0.133615,0.074018,0.158751,0.157048,0.140184,-0.022958,-0.01217
2017-05,000001.SH,火,0.33141,0.340076,0.351233,0.132447,0.061296,-0.006962,-0.035681
2017-06,000001.SH,火,0.348799,0.361255,0.211011,0.073181,-0.009814,-0.108071,-0.034025
2017-07,000001.SH,土,0.373826,0.147489,0.155347,0.131013,-0.076959,-0.12118,-0.053448
2017-08,000001.SH,金,-0.041559,0.059505,-0.050914,-0.059433,-0.103857,-0.189109,-0.07329
2017-09,000001.SH,金,0.171225,-0.055558,-0.048962,-0.104633,-0.194514,-0.15754,-0.068607
2017-10,000001.SH,土,-0.238429,-0.143009,0.107191,-0.17496,-0.197776,-0.232974,-0.070927
2017-11,000001.SH,水,-0.035632,0.334992,-0.067875,-0.12921,-0.230549,-0.219765,-0.069524
2017-12,000001.SH,水,0.848054,-0.08359,-0.157045,-0.25871,-0.190905,-0.245914,-0.039649
2018-01,000001.SH,土,-0.545573,-0.43069,-0.385209,-0.317139,-0.321308,-0.257485,-0.075274
2018-02,000001.SH,木,-0.286763,-0.284913,-0.186509,-0.300907,-0.26468,-0.097704,-0.059954
2018-03,000001.SH,木,-0.283057,-0.131214,-0.348114,-0.207321,-0.273403,-0.024659,-0.068388
2018-04,000001.SH,土,0.052788,-0.378394,-0.241533,-0.286909,-0.209265,-0.001263,-0.036712
2018-05,000001.SH,火,-0.632981,-0.356224,-0.399218,-0.300902,-0.065998,-0.06357,-0.040075
2018-06,000001.SH,火,0.129224,-0.231347,-0.03612,-0.232896,0.115539,0.046168,0.023817
2018-07,000001.SH,土,-0.476784,-0.109478,-0.32957,-0.19262,0.094685,0.019504,0.072727
2018-08,000001.SH,金,0.515683,-0.241091,-0.186498,0.164565,0.085746,0.059072,0.116245
2018-09,000001.SH,金,-0.62001,-0.404017,-0.3895,0.200095,0.075129,0.029715,0.067991
2018-10,000001.SH,土,-0.065247,-0.226175,-0.027695,0.398803,0.172378,0.125354,0.113048
2018-11,000001.SH,水,-0.359398,-0.008357,0.667126,0.254334,0.156416,0.109647,0.144758
2018-12,000001.SH,水,0.535051,1.689419,1.359096,0.426751,0.225728,0.223034,0.180095
2019-01,000001.SH,土,3.71188,1.924538,1.012384,0.28736,0.181548,0.15165,0.160877
2019-02,000001.SH,木,0.815182,0.315131,-0.056248,-0.036865,-0.031149,-0.020624,0.092325
2019-03,000001.SH,木,-0.047165,-0.319502,-0.13712,-0.116476,-0.017492,-0.110156,0.055278
2019-04,000001.SH,土,-0.514001,-0.17886,-0.176451,-0.094639,-0.043855,-0.070902,0.058164
2019-05,000001.SH,火,0.38739,0.072053,-0.017084,-0.01835,-0.008453,-0.01599,0.116814
2019-06,000001.SH,火,-0.171612,-0.172676,-0.095339,0.048404,-0.100983,0.001944,0.097976
2019-07,000001.SH,土,-0.17374,-0.054608,-0.0047,0.030247,-0.032795,0.128728,0.076343
2019-08,000001.SH,金,0.081701,0.092377,-0.019615,-0.00411,-0.015625,0.176505,0.108094
2019-09,000001.SH,金,0.103158,-0.066656,0.214987,-0.103791,0.036644,0.10769,0.108243
2019-10,000001.SH,土,-0.21033,0.275083,0.066421,-0.046543,0.177067,0.100877,0.100492
2019-11,000001.SH,水,1.058883,0.239282,0.011641,-0.013624,0.250238,0.18098,0.113963
2019-12,000001.SH,水,-0.254051,-0.290874,-0.338931,-0.042457,0.074073,0.138664,0.092391
2020-01,000001.SH,土,-0.325879,-0.377678,-0.147541,0.236624,0.112608,0.170177,0.062692
2020-02,000001.SH,木,-0.425496,-0.041392,-0.038258,0.389876,0.243507,0.218302,0.096386
2020-03,000001.SH,木,0.599518,0.244347,0.386981,0.369076,0.364935,0.25147,0.087425
2020-04,000001.SH,土,-0.031958,0.291549,0.793915,0.271091,0.300503,0.205159,0.03217
2020-05,000001.SH,火,0.723169,1.442056,1.0086,0.413979,0.318217,0.267542,0.05694
2020-06,000001.SH,火,2.460854,1.168583,0.351402,0.354044,0.209308,0.203211,0.067094
2020-07,000001.SH,土,0.358842,-0.155529,-0.099359,0.107302,0.055501,0.026389,-0.008612
2020-08,000001.SH,金,-0.475191,-0.266765,-0.004612,0.067907,0.087223,0.043661,-0.028916
2020-09,000001.SH,金,0.024438,0.370844,0.356691,0.143966,0.157517,0.108796,-0.030556
2020-10,000001.SH,土,0.834384,0.561273,0.361382,0.142647,0.072092,0.100107,-0.052723
2020-11,000001.SH,水,0.328823,0.172802,0.145711,0.136271,0.060267,0.050749,-0.036093
2020-12,000001.SH,水,0.0351,0.063846,-0.035404,0.06918,0.036673,0.047999,-0.056872
2021-01,000001.SH,土,0.09339,-0.068834,-0.040944,-0.048611,0.024676,-0.03492,-0.033194
2021-02,000001.SH,木,-0.206989,-0.101788,0.126908,0.019966,0.020878,-0.013329,-0.03325
2021-03,000001.SH,木,0.017369,0.343363,0.185103,0.074707,0.077373,-0.055117,-0.024867
2021-04,000001.SH,土,0.773815,0.279072,-0.056218,0.059151,-0.032903,-0.115988,-0.01809
2021-05,000001.SH,火,-0.077681,-0.31158,-0.076828,-0.028335,-0.056083,-0.11867,-0.05854
2021-06,000001.SH,火,-0.486162,-0.076401,-0.025406,0.027238,-0.123836,-0.053624,-0.055731
2021-07,000001.SH,土,0.660126,0.342218,0.188623,-0.021031,-0.135058,-0.04242,-0.015771
2021-08,000001.SH,金,0.085188,0.005762,0.022705,-0.045537,-0.132191,-0.096445,-0.061734
2021-09,000001.SH,金,-0.06785,-0.007174,0.082726,-0.169258,-0.062848,-0.152395,-0.066335
2021-10,000001.SH,土,0.057452,0.166903,-0.193705,-0.262166,-0.108984,-0.184321,-0.077504
2021-11,000001.SH,水,0.287684,-0.295938,-0.109225,-0.200606,-0.132993,-0.115758,-0.077989
2021-12,000001.SH,水,-0.615043,-0.259121,-0.362598,-0.128121,-0.218819,-0.15125,-0.095931
2022-01,000001.SH,土,0.425877,-0.179811,-0.324814,-0.063342,-0.181169,-0.031465,-0.089192
2022-02,000001.SH,木,-0.528213,-0.535384,-0.282612,-0.144639,-0.117924,-0.052768,-0.066803
2022-03,000001.SH,木,-0.542447,-0.115378,0.19261,-0.13519,-0.066239,0.006352,-0.032988
2022-04,000001.SH,土,0.710309,0.925428,0.299389,-0.098263,0.09231,0.09065,0.009435
2022-05,000001.SH,火,1.167604,0.132587,0.019871,-0.021903,0.039179,0.005692,-0.015754
2022-06,000001.SH,火,-0.408216,-0.300435,-0.372891,-0.173764,-0.04903,-0.057834,-0.06559
2022-07,000001.SH,土,-0.173024,-0.354445,-0.374221,0.001496,0.028807,0.01162,-0.049562
2022-08,000001.SH,金,-0.496066,-0.455641,-0.061966,0.04897,0.00101,-0.02569,-0.057875
2022-09,000001.SH,金,-0.411974,0.279796,0.088591,0.171059,0.079085,0.028464,0.050332
2022-10,000001.SH,土,1.785383,0.48115,0.602794,0.319139,0.18727,0.043301,0.06467
2022-11,000001.SH,水,-0.212386,0.215833,0.173026,0.034066,-0.013288,-0.038607,0.02741
2022-12,000001.SH,水,0.876872,0.431544,0.259775,0.074363,0.009168,-0.037006,0.041622
2023-01,000001.SH,土,0.09188,0.0321,0.085684,0.021846,-0.095823,-0.143479,-0.000778
2023-02,000001.SH,木,-0.024407,0.082599,-0.088432,-0.095036,-0.100297,-0.080629,0.006277
2023-03,000001.SH,木,0.201341,-0.118851,-0.08376,-0.096769,-0.119491,-0.070791,0.009562
2023-04,000001.SH,土,-0.353702,-0.199834,-0.038238,-0.174858,-0.208563,-0.065732,-0.006678
2023-05,000001.SH,火,-0.009332,0.173236,-0.101592,-0.106172,-0.078014,-0.036743,0.022058
2023-06,000001.SH,火,0.389449,-0.144448,-0.109592,-0.13683,-0.066427,-0.073282,0.037156
2023-07,000001.SH,土,-0.473194,-0.287209,-0.292072,-0.282056,-0.074721,-0.107044,0.041989
2023-08,000001.SH,金,-0.035563,-0.179349,-0.110729,-0.065993,-0.014103,-0.088996,0.112011
2023-09,000001.SH,金,-0.301698,-0.146086,-0.163235,-0.044066,-0.060853,0.072666,0.117271
2023-10,000001.SH,土,0.044203,-0.084025,-0.271898,0.057826,-0.035186,0.086478,0.144583
2023-11,000001.SH,水,-0.196507,-0.39201,-0.019007,0.038078,-0.081635,0.09796,0.13292
2023-12,000001.SH,水,-0.539944,0.083946,0.092074,-0.005056,0.165248,0.126669,0.155031
2024-01,000001.SH,土,1.553907,0.68257,0.536866,0.110629,0.241548,0.165697,0.215211
2024-02,000001.SH,木,0.108514,0.192207,0.098485,-0.111433,0.13997,0.101397,0.17501
2024-03,000001.SH,木,0.282218,0.093505,-0.093547,0.203653,0.138443,0.096864,0.131251
2024-04,000001.SH,土,-0.067433,-0.237856,-0.197394,0.115905,0.063088,0.056109,0.150845
2024-05,000001.SH,火,-0.377135,-0.255416,-0.281236,0.161297,0.10237,0.084448,0.172357
2024-06,000001.SH,火,-0.109912,-0.227885,0.598298,0.275834,0.168841,0.160756,
2024-07,000001.SH,土,-0.330221,1.141756,0.551502,0.223496,0.157295,0.215896,
2024-08,000001.SH,金,5.84871,1.361362,0.876292,0.365205,0.243798,0.357369,
2024-09,000001.SH,金,-0.185827,-0.017922,0.018428,-0.00045,0.043362,0.16373,
2024-10,000001.SH,土,0.184611,0.139036,-0.035166,-0.000483,0.121014,0.205795,
2024-11,000001.SH,水,0.095215,-0.129255,-0.006666,0.012685,0.218514,0.168992,
2024-12,000001.SH,水,-0.307718,-0.053996,-0.018979,0.056057,0.216632,0.184106,
2025-01,000001.SH,土,0.292716,0.16782,0.035447,0.208343,0.298815,0.266829,
2025-02,000001.SH,木,0.054991,-0.073298,0.032414,0.349578,0.234194,0.253543,
2025-03,000001.SH,木,-0.185986,0.021307,0.136833,0.354877,0.260748,0.166716,
2025-04,000001.SH,土,0.281389,0.343473,0.410108,0.454644,0.354923,0.25408,
2025-05,000001.SH,火,0.408565,0.479239,0.764178,0.349424,0.337317,0.267393,
2025-06,000001.SH,火,0.553459,0.974354,0.614743,0.327682,0.176851,,
2025-07,000001.SH,土,1.509287,0.646285,0.500586,0.328145,0.206006,,
2025-08,000001.SH,金,0.08009,0.160423,0.032178,0.164342,0.1351,,
2025-09,000001.SH,金,0.246731,0.009025,0.091654,0.004686,,,
2025-10,000001.SH,土,-0.183359,0.021506,0.17552,0.081169,,,
2025-11,000001.SH,水,0.277764,0.410359,0.313429,0.190348,,,
2025-12,000001.SH,水,0.556714,0.331633,-0.075352,,,,
2026-01,000001.SH,土,0.139096,-0.287377,-0.005609,,,,
2026-02,000001.SH,木,-0.55418,-0.070914,0.078801,,,,
2026-03,000001.SH,木,0.936208,0.678154,,,,,
2026-04,000001.SH,土,0.454494,,,,,,
2026-05,000001.SH,火,,,,,,,
2020-02,000688.SH,木,-0.82558,-0.118181,0.198121,0.427878,0.223375,0.112952,0.024275
2020-03,000688.SH,木,3.458231,2.140168,2.908524,0.898355,0.496136,0.212268,0.029338
2020-04,000688.SH,土,1.211786,2.659636,1.831505,0.428281,0.302406,0.133657,-0.098855
2020-05,000688.SH,火,5.055258,2.203719,0.701695,0.2362,0.08593,0.157736,-0.088499
2020-06,000688.SH,火,0.695025,-0.097897,-0.077976,-0.074343,-0.179408,0.096921,-0.126135
2020-07,000688.SH,土,-0.519895,-0.319974,-0.27954,-0.116695,-0.164455,0.051713,-0.151641
2020-08,000688.SH,金,-0.036804,-0.117435,-0.101959,-0.132515,0.018244,0.012602,-0.149436
2020-09,000688.SH,金,-0.191317,-0.132864,-0.070696,-0.22586,0.162303,-0.035299,-0.18631
2020-10,000688.SH,土,-0.070187,-0.003798,0.082958,-0.100192,0.193053,0.001637,-0.148641
2020-11,000688.SH,水,0.067333,0.168745,-0.162032,0.084251,0.053949,0.065123,-0.150319
2020-12,000688.SH,水,0.279793,-0.257508,-0.355116,0.299871,-0.023202,0.003707,-0.169894
2021-01,000688.SH,土,-0.569232,-0.542225,-0.252367,0.252229,-0.024089,-0.135545,-0.1554
2021-02,000688.SH,木,-0.513524,-0.015057,0.402917,0.181995,0.153783,-0.057336,-0.135599
2021-03,000688.SH,木,0.994161,1.382414,1.620107,0.202171,0.163185,-0.125988,-0.069201
2021-04,000688.SH,土,1.846259,2.003298,1.097389,0.11499,-0.092681,-0.283678,-0.092947
2021-05,000688.SH,火,2.169001,0.800452,-0.004137,0.046333,-0.174346,-0.282362,-0.145291
2021-06,000688.SH,火,0.022917,-0.441738,-0.448414,-0.224978,-0.393845,-0.303833,-0.204464
2021-07,000688.SH,土,-0.695326,-0.594959,-0.407262,-0.403239,-0.499292,-0.315676,-0.21964
2021-08,000688.SH,金,-0.461528,-0.173245,0.099362,-0.248208,-0.35661,-0.285545,-0.191262
2021-09,000688.SH,金,0.269376,0.57083,0.088967,-0.364569,-0.247662,-0.313683,-0.194621
2021-10,000688.SH,土,0.943874,0.008618,-0.399188,-0.539802,-0.282104,-0.276373,-0.208624
2021-11,000688.SH,水,-0.476658,-0.665979,-0.485892,-0.507801,-0.381149,-0.322184,-0.234089
2021-12,000688.SH,水,-0.786813,-0.490447,-0.629215,-0.374665,-0.41157,-0.313469,-0.219385
2022-01,000688.SH,土,0.217914,-0.511007,-0.647506,-0.215265,-0.230089,-0.174799,-0.253582
2022-02,000688.SH,木,-0.803669,-0.810365,-0.528777,-0.321028,-0.256757,-0.207364,-0.196023
2022-03,000688.SH,木,-0.816832,-0.269961,0.054636,-0.258721,-0.156976,-0.008724,-0.163888
2022-04,000688.SH,土,1.909661,1.530633,0.747007,0.13785,0.095711,0.14857,-0.099841
2022-05,000688.SH,火,1.200979,0.353694,-0.021689,-0.066568,-0.057338,0.01796,-0.152725
2022-06,000688.SH,火,-0.167421,-0.347759,-0.478973,-0.246283,-0.028987,-0.09091,-0.197489
2022-07,000688.SH,土,-0.489036,-0.587828,-0.258902,-0.132246,-0.001277,-0.110127,-0.173758
2022-08,000688.SH,金,-0.667519,-0.107479,-0.109389,-0.074673,0.03153,-0.084536,-0.178921
2022-09,000688.SH,金,1.395909,0.457636,0.090326,0.325584,0.094432,-0.054904,-0.036328
2022-10,000688.SH,土,-0.113196,-0.264472,0.016055,0.15939,-0.054172,-0.134532,-0.02044
2022-11,000688.SH,水,-0.389943,0.087582,-0.038603,0.110143,-0.076099,-0.134543,0.003557
2022-12,000688.SH,水,0.938892,0.206893,0.611605,0.096491,-0.098881,-0.112408,0.015008
2023-01,000688.SH,土,-0.248751,0.469302,0.322945,-0.087444,-0.179594,-0.324843,-0.029655
2023-02,000688.SH,木,1.873676,0.755581,0.281903,-0.094294,-0.164346,-0.18452,0.043638
2023-03,000688.SH,木,0.072516,-0.143823,-0.253978,-0.326179,-0.272447,-0.294765,-0.027576
2023-04,000688.SH,土,-0.316524,-0.377807,-0.370527,-0.35394,-0.460457,-0.294526,-0.035302
2023-05,000688.SH,火,-0.433595,-0.395906,-0.36009,-0.325298,-0.298653,-0.294791,-0.037166
2023-06,000688.SH,火,-0.35571,-0.319834,-0.391393,-0.281509,-0.307859,-0.291572,-0.000864
2023-07,000688.SH,土,-0.28196,-0.408486,-0.336917,-0.500483,-0.267206,-0.23284,0.039904
2023-08,000688.SH,金,-0.512717,-0.362797,-0.288615,-0.265757,-0.271576,-0.263575,0.192883
2023-09,000688.SH,金,-0.166752,-0.140459,-0.151785,-0.261886,-0.254784,-0.017386,0.297791
2023-10,000688.SH,土,-0.113336,-0.144201,-0.623701,-0.229649,-0.194636,0.108693,0.272337
2023-11,000688.SH,水,-0.173992,-0.754857,-0.242165,-0.262904,-0.255034,0.163693,0.238169
2023-12,000688.SH,水,-0.927247,-0.274112,-0.357695,-0.301494,0.031989,0.160715,0.256062
2024-01,000688.SH,土,6.242439,0.908469,0.577049,0.178208,0.589416,0.394594,0.484583
2024-02,000688.SH,木,-0.497096,-0.264089,-0.283075,-0.261386,0.342537,0.335631,0.357308
2024-03,000688.SH,木,0.076875,-0.144012,-0.240377,0.308103,0.413797,0.34084,0.283403
2024-04,000688.SH,土,-0.31959,-0.362009,-0.119765,0.595635,0.338593,0.319173,0.430765
2024-05,000688.SH,火,-0.401782,0.001182,-0.239041,0.837183,0.643453,0.314573,0.543277
2024-06,000688.SH,火,0.675585,-0.141754,1.252609,0.928775,0.620453,0.409137,
2024-07,000688.SH,土,-0.5604,1.611833,1.892468,0.65072,0.509627,0.409614,
2024-08,000688.SH,金,14.517912,6.41949,3.435514,1.415213,0.577343,0.932268,
2024-09,000688.SH,金,2.547438,1.37137,0.651496,0.374396,0.205154,0.714063,
2024-10,000688.SH,土,0.585199,0.126831,-0.057941,0.090612,0.109287,0.460136,
2024-11,000688.SH,水,-0.198997,-0.273768,0.315125,-0.059374,0.46479,0.317413,
2024-12,000688.SH,水,-0.341559,0.68513,0.14379,0.029496,0.735441,0.359241,
2025-01,000688.SH,土,3.312709,0.507512,0.262589,0.203724,0.689785,0.580379,
2025-02,000688.SH,木,-0.473047,-0.316847,-0.327229,0.545893,0.318176,0.379336,
2025-03,000688.SH,木,-0.114345,-0.239823,-0.073376,1.137675,0.439727,0.228426,
2025-04,000688.SH,土,-0.347523,-0.052186,0.147603,0.954863,0.703182,0.551797,
2025-05,000688.SH,火,0.376832,0.521965,2.552154,0.845129,0.752284,0.81177,
2025-06,000688.SH,火,0.682396,4.705546,3.931508,0.794603,0.349473,,
2025-07,000688.SH,土,18.349342,7.44317,2.329975,1.074894,0.715995,,
2025-08,000688.SH,金,2.684214,0.381428,-0.041568,0.230724,0.447572,,
2025-09,000688.SH,金,-0.482021,-0.511157,-0.346934,-0.294079,,,
2025-10,000688.SH,土,-0.538653,-0.266704,0.292858,0.231838,,,
2025-11,000688.SH,水,0.165551,1.164273,0.580375,0.779015,,,
2025-12,000688.SH,水,3.018768,0.84024,-0.236945,,,,
2026-01,000688.SH,土,-0.157333,-0.667503,0.173699,,,,
2026-02,000688.SH,木,-0.868805,0.385183,1.002622,,,,
2026-03,000688.SH,木,13.625006,6.82419,,,,,
2026-04,000688.SH,土,3.185842,,,,,,
2026-05,000688.SH,火,,,,,,,
2010-02,000858.SZ,木,0.057073,-0.320681,-0.382137,0.279707,0.559466,0.17582,0.12106
2010-03,000858.SZ,木,-0.563441,-0.527626,-0.452649,0.485163,0.316905,0.132056,0.079713
2010-04,000858.SZ,土,-0.488874,-0.387117,0.246716,0.927547,0.34584,0.254089,0.163997
2010-05,000858.SZ,火,-0.265102,0.947096,1.650509,1.477523,0.457104,0.327835,0.138975
2010-06,000858.SZ,火,4.158789,4.033619,3.029786,1.042673,0.442342,0.474205,0.162774
2010-07,000858.SZ,土,3.911485,2.561632,1.980178,0.398319,0.256556,0.367889,0.122452
2010-08,000858.SZ,金,1.582767,1.321437,1.315828,0.080367,0.054587,0.273643,0.013309
2010-09,000858.SZ,金,1.086549,1.192889,0.035418,-0.137098,0.054346,0.057384,-0.006283
2010-10,000858.SZ,土,1.304649,-0.270611,-0.3439,-0.184072,0.055166,0.005205,-0.040549
2010-11,000858.SZ,水,-0.769159,-0.649932,-0.495994,-0.288343,0.043506,-0.040889,-0.169795
2010-12,000858.SZ,水,-0.469125,-0.255272,-0.28087,0.063939,0.064809,-0.052845,-0.097122
2011-01,000858.SZ,土,0.044728,-0.16302,0.014691,0.338123,0.158821,-0.02618,-0.118947
2011-02,000858.SZ,木,-0.329456,-2e-06,0.004859,0.501497,0.188538,0.06885,-0.139024
2011-03,000858.SZ,木,0.491321,0.230111,0.574077,0.295698,0.038227,0.02979,-0.163022
2011-04,000858.SZ,土,0.014654,0.617162,0.764648,0.238391,-0.039434,0.080377,-0.184061
2011-05,000858.SZ,火,1.577446,1.32717,1.243589,0.292608,0.091073,-0.023023,-0.151779
2011-06,000858.SZ,火,1.101197,1.093246,0.066551,-0.15681,-0.10603,-0.082866,-0.250981
2011-07,000858.SZ,土,1.085325,-0.240131,-0.130925,-0.291301,-0.082624,-0.078947,-0.293824
2011-08,000858.SZ,金,-0.723112,-0.438953,-0.255285,-0.239132,-0.259489,-0.193812,-0.307573
2011-09,000858.SZ,金,0.136826,0.221331,-0.333394,-0.181548,-0.127866,-0.066116,-0.295821
2011-10,000858.SZ,土,0.312117,-0.489546,-0.422082,-0.057475,-0.060939,-0.08422,-0.333265
2011-11,000858.SZ,水,-0.801418,-0.616458,-0.222629,-0.261582,-0.172213,-0.281376,-0.331936
2011-12,000858.SZ,水,-0.259227,0.538056,0.004888,-0.002437,0.044963,-0.139329,-0.309031
2012-01,000858.SZ,土,2.19344,0.170399,0.537161,0.197037,0.06766,-0.202876,-0.323507
2012-02,000858.SZ,木,-0.571047,0.066472,-0.298584,-0.145792,-0.299954,-0.30647,-0.341734
2012-03,000858.SZ,木,1.651489,-0.103069,-0.009709,0.065596,-0.182646,-0.319733,-0.287531
2012-04,000858.SZ,土,-0.696591,-0.394799,-0.067828,-0.110206,-0.359585,-0.383774,-0.297075
2012-05,000858.SZ,火,0.207175,0.633917,0.040283,-0.300638,-0.309079,-0.263566,-0.278675
2012-06,000858.SZ,火,1.211513,-0.034301,0.146627,-0.257436,-0.399769,-0.388279,-0.260194
2012-07,000858.SZ,土,-0.578309,-0.174364,-0.150657,-0.469184,-0.463189,-0.458572,-0.255688
2012-08,000858.SZ,金,0.616526,0.20539,-0.529832,-0.436925,-0.343661,-0.405281,-0.241667
2012-09,000858.SZ,金,-0.10118,-0.746436,-0.51911,-0.565723,-0.503868,-0.469026,-0.261868
2012-10,000858.SZ,土,-0.928468,-0.648252,-0.668255,-0.573233,-0.534028,-0.514583,-0.274405
2012-11,000858.SZ,水,0.729662,-0.285577,-0.325658,-0.224529,-0.356821,-0.37894,-0.180783
2012-12,000858.SZ,水,-0.704913,-0.578944,-0.607818,-0.496067,-0.451198,-0.445272,-0.127303
2013-01,000858.SZ,土,-0.3992,-0.547878,-0.450994,-0.447747,-0.448915,-0.425883,-0.066947
2013-02,000858.SZ,木,-0.659763,-0.475192,-0.108235,-0.371859,-0.395748,-0.375205,-0.064695
2013-03,000858.SZ,木,-0.190496,0.443727,-0.352472,-0.350799,-0.377301,-0.253805,0.018627
2013-04,000858.SZ,土,1.574846,-0.420866,-0.444481,-0.447873,-0.417259,-0.198178,0.090652
2013-05,000858.SZ,火,-0.869741,-0.741968,-0.55755,-0.502604,-0.445076,-0.293474,0.062866
2013-06,000858.SZ,火,-0.488861,-0.184558,-0.349121,-0.389356,-0.217681,-0.105289,0.257711
2013-07,000858.SZ,土,0.300909,-0.265519,-0.451244,-0.403152,-0.093841,0.023219,0.16524
2013-08,000858.SZ,金,-0.585319,-0.643594,-0.440835,-0.378533,-0.174185,-0.033041,0.113812
2013-09,000858.SZ,金,-0.693679,-0.350689,-0.427104,-0.142319,-0.005182,0.026112,0.231079
2013-10,000858.SZ,土,0.376349,-0.216525,-0.350846,0.16444,0.259404,0.084611,0.204427
2013-11,000858.SZ,水,-0.554014,-0.554183,-0.309288,0.003585,0.16064,0.080598,0.15797
2013-12,000858.SZ,水,-0.554352,-0.140424,0.284032,0.310924,0.246142,0.372926,0.339783
2014-01,000858.SZ,土,0.65797,1.179554,1.088752,0.754179,0.287013,0.516394,0.3928
2014-02,000858.SZ,木,1.865224,1.344456,0.458182,0.50452,0.254449,0.400131,0.402355
2014-03,000858.SZ,木,0.91834,0.040251,0.338378,0.227618,0.403904,0.390522,0.396928
2014-04,000858.SZ,土,-0.435907,0.117907,0.473197,0.010254,0.362868,0.483523,0.433567
2014-05,000858.SZ,火,1.215441,1.380761,0.55233,0.16352,0.381299,0.598928,0.442378
2014-06,000858.SZ,火,1.558417,0.299409,0.126025,0.43786,0.408351,0.767987,0.364027
2014-07,000858.SZ,土,-0.340036,-0.252973,-0.307212,0.310842,0.486981,0.326973,0.343139
2014-08,000858.SZ,金,-0.154425,-0.290192,-0.127906,0.302986,0.61477,0.282968,0.385031
2014-09,000858.SZ,金,-0.40416,-0.114335,0.836053,0.575043,1.054894,0.476989,0.366312
2014-10,000858.SZ,土,0.316465,2.223022,1.480276,1.178501,0.64797,0.337479,0.446228
2014-11,000858.SZ,水,6.890732,2.404438,0.946775,1.197274,0.45915,0.240883,0.478389
2014-12,000858.SZ,水,0.468837,-0.033026,0.351138,1.17391,0.373645,0.307441,0.414214
2015-01,000858.SZ,土,-0.363415,0.295875,0.913443,0.343303,0.088636,0.279279,0.431625
2015-02,000858.SZ,木,1.637968,2.31738,1.480006,0.263258,0.067913,0.404583,0.496489
2015-03,000858.SZ,木,3.171776,1.404607,2.497707,0.385039,0.293192,0.403364,0.549584
2015-04,000858.SZ,土,0.386013,2.202689,-0.056956,-0.178862,0.118618,0.385293,0.461364
2015-05,000858.SZ,火,6.400517,-0.222117,-0.356525,-0.299227,0.162106,0.301155,0.438127
2015-06,000858.SZ,火,-0.918235,-0.810257,-0.451545,-0.213674,0.035061,0.052366,0.344226
2015-07,000858.SZ,土,-0.559682,0.420456,-0.28501,0.218307,0.574749,0.359502,0.609099
2015-11,000858.SZ,水,3.582357,-0.088899,-0.236826,0.561718,0.645362,0.495214,0.652249
2015-12,000858.SZ,水,-0.818848,-0.688548,0.127365,0.421931,0.307702,0.263929,0.711186
2016-01,000858.SZ,土,-0.464527,1.812384,1.075935,1.337045,0.68425,0.56382,0.888482
2016-02,000858.SZ,木,13.771064,3.087444,2.195817,1.415909,0.870954,0.761354,0.818576
2016-03,000858.SZ,木,0.131076,0.486507,0.793465,0.408416,0.313032,0.529706,0.536467
2016-04,000858.SZ,土,0.953629,1.25836,1.630997,0.517061,0.422912,0.602114,0.547147
2016-05,000858.SZ,火,1.610624,2.05323,0.82633,0.431541,0.444114,0.594408,0.62174
2016-06,000858.SZ,火,2.570875,0.527555,0.106035,0.123484,0.450707,0.711039,0.528499
2016-07,000858.SZ,土,-0.34654,-0.384446,-0.125247,0.046422,0.357952,0.541612,0.412356
2016-08,000858.SZ,金,-0.420153,0.01209,0.122092,0.28414,0.52384,0.589519,0.33159
2016-09,000858.SZ,金,0.766544,0.560938,0.141207,0.661441,0.978899,0.717029,0.42719
2016-10,000858.SZ,土,0.379263,-0.082757,0.251779,0.691936,0.862108,0.904521,0.173244
2016-11,000858.SZ,水,-0.390011,0.192527,0.469592,0.775804,0.785164,0.825776,0.207524
2016-12,000858.SZ,水,1.331387,1.281046,1.418831,1.605873,0.967503,1.31671,0.214759
2017-01,000858.SZ,土,1.231792,1.463775,1.286862,1.271138,1.190476,1.280546,0.276609
2017-02,000858.SZ,木,1.719871,1.314904,1.145821,0.967518,0.962748,0.877658,0.34439
2017-03,000858.SZ,木,0.970233,0.90597,1.807378,0.774478,1.283637,0.543258,0.486373
2017-04,000858.SZ,土,0.843803,2.35114,1.255523,1.143817,1.278445,0.494067,0.49989
2017-05,000858.SZ,火,5.090749,1.494674,0.804031,0.877155,0.795936,0.64954,0.454188
2017-06,000858.SZ,火,0.021778,-0.018183,0.121605,1.059635,0.264205,0.365433,0.455718
2017-07,000858.SZ,土,-0.056581,0.175119,1.037643,1.289993,0.302399,0.293937,0.47133
2017-08,000858.SZ,金,0.463724,1.994608,0.953243,0.791902,0.601042,0.115515,0.596874
2017-09,000858.SZ,金,5.12662,1.256342,2.782164,0.342167,0.457965,0.186277,0.505343
2017-10,000858.SZ,土,-0.169023,1.971666,1.573594,0.041243,0.11218,-0.277245,0.408043
2017-11,000858.SZ,水,9.627006,3.529137,0.643889,0.449525,-0.074488,-0.201373,0.394402
2017-12,000858.SZ,水,0.930279,-0.353449,-0.523709,-0.094788,-0.194001,-0.363045,0.290396
2018-01,000858.SZ,土,-0.783436,-0.763409,-0.578726,-0.268874,-0.526695,-0.285377,0.222759
2018-02,000858.SZ,木,-0.741529,-0.412438,0.278142,-0.305557,-0.372181,-0.037427,0.2742
2018-03,000858.SZ,木,0.33566,1.842255,0.720394,0.048493,-0.298242,0.431584,0.317568
2018-04,000858.SZ,土,5.048258,0.952514,0.268879,-0.498317,-0.147722,0.505737,0.413225
2018-05,000858.SZ,火,-0.369685,-0.418814,-0.622693,-0.559991,-0.12424,0.28197,0.369826
2018-06,000858.SZ,火,-0.464114,-0.708081,-0.360997,-0.551805,0.346521,0.551974,0.500526
2018-07,000858.SZ,土,-0.84098,-0.30222,-0.801647,-0.301507,0.594136,0.673043,0.736247
2018-08,000858.SZ,金,2.061853,-0.77847,-0.486867,0.33423,0.927255,1.285945,0.969066
2018-09,000858.SZ,金,-0.983972,-0.789936,-0.685638,0.954647,1.086146,0.910228,0.803439
2018-10,000858.SZ,土,1.753116,0.392212,1.459717,3.519273,2.405621,1.743094,1.252724
2018-11,000858.SZ,水,-0.295978,1.324959,2.46922,2.735029,2.761357,1.434626,1.201876
2018-12,000858.SZ,水,6.677939,6.701135,11.153639,4.374053,2.485808,1.614191,1.395005
2019-01,000858.SZ,土,6.724402,14.291045,7.303324,3.007301,1.84463,1.092205,1.197315
2019-02,000858.SZ,木,29.269795,7.608858,3.021205,2.916525,1.163544,0.686713,0.97891
2019-03,000858.SZ,木,1.448396,0.465648,1.37628,0.866818,0.566322,0.212632,0.679536
2019-04,000858.SZ,土,-0.122641,1.341023,0.93398,0.664994,0.321463,0.326397,0.668619
2019-05,000858.SZ,火,5.246457,1.871371,2.814571,0.586976,0.262611,0.463703,0.76417
2019-06,000858.SZ,火,0.319912,1.980929,0.466583,0.271665,-0.030965,0.450784,0.589201
2019-07,000858.SZ,土,5.732222,0.545921,0.43342,0.092337,0.169716,0.801839,0.352317
2019-08,000858.SZ,金,-0.64501,-0.338574,-0.33977,-0.273591,0.063626,0.696113,0.193888
2019-09,000858.SZ,金,0.232384,-0.099602,0.102653,-0.212309,0.445556,0.702619,0.300082
2019-10,000858.SZ,土,-0.342156,0.043002,-0.167586,0.056657,0.944599,0.850016,0.280325
2019-11,000858.SZ,水,0.653664,-0.06363,-0.200778,0.350006,1.322957,0.991377,0.307338
2019-12,000858.SZ,水,-0.46979,-0.44438,-0.437305,0.655134,0.967934,1.194197,0.293834
2020-01,000858.SZ,土,-0.417752,-0.420324,0.341309,1.972183,1.414279,1.307705,0.253972
2020-02,000858.SZ,木,-0.422885,1.03582,1.280363,2.960299,1.699699,1.321726,0.255171
2020-03,000858.SZ,木,6.181513,3.532883,3.868481,2.680267,2.453635,1.326215,0.160175
2020-04,000858.SZ,土,1.861101,3.008504,5.586009,2.239043,1.765227,1.099138,0.092772
2020-05,000858.SZ,火,4.616056,8.992333,5.87784,1.937453,1.33568,1.126315,0.075427
2020-06,000858.SZ,火,16.778799,6.611363,1.782051,1.908827,0.818592,0.740823,0.086299
2020-07,000858.SZ,土,2.258536,0.100516,0.592983,0.791781,0.433883,0.014941,-0.094336
2020-08,000858.SZ,金,-0.628319,0.113795,0.254556,0.361112,0.437759,-0.159626,-0.16536
2020-09,000858.SZ,金,2.337646,1.304887,2.04138,0.470349,0.488965,-0.007286,-0.124931
2020-10,000858.SZ,土,0.591691,1.90326,1.015389,0.360396,-0.126659,-0.113936,-0.260848
2020-11,000858.SZ,水,4.295572,1.267822,0.476719,0.539161,-0.264696,-0.141733,-0.214152
2020-12,000858.SZ,水,-0.028808,-0.220187,-0.289163,0.041817,-0.316495,-0.237075,-0.21316
2021-01,000858.SZ,土,-0.373854,-0.391861,-0.081728,-0.425094,-0.326247,-0.31861,-0.15273
2021-02,000858.SZ,木,-0.40935,0.112037,0.604244,-0.481139,-0.283752,-0.32143,-0.145559
2021-03,000858.SZ,木,1.093672,1.643873,0.526908,-0.329765,-0.218878,-0.421376,-0.142604
2021-04,000858.SZ,土,2.338661,0.303961,-0.640067,-0.422881,-0.383116,-0.431124,-0.229948
2021-05,000858.SZ,火,-0.490719,-0.881819,-0.832185,-0.521414,-0.490626,-0.456081,-0.284817
2021-06,000858.SZ,火,-0.972576,-0.903668,-0.7058,-0.441309,-0.581279,-0.322133,-0.258991
2021-07,000858.SZ,土,-0.661621,-0.036402,-0.074644,-0.192404,-0.337351,-0.191847,-0.0945
2021-08,000858.SZ,金,1.744021,0.530246,0.364861,-0.112561,-0.195051,-0.171056,-0.120786
2021-09,000858.SZ,金,-0.146634,-0.037415,0.060967,-0.500465,-0.10468,-0.228634,-0.156485
2021-10,000858.SZ,土,0.085783,0.183002,-0.295177,-0.439248,-0.227518,-0.383401,-0.151166
2021-11,000858.SZ,水,0.288925,-0.432131,-0.422983,-0.38183,-0.297999,-0.28046,-0.172852
2021-12,000858.SZ,水,-0.74981,-0.613927,-0.764804,-0.177537,-0.306394,-0.188495,-0.206178
2022-01,000858.SZ,土,-0.404243,-0.77196,-0.55387,-0.19129,-0.410283,0.053532,-0.202093
2022-02,000858.SZ,木,-0.912712,-0.613938,-0.337742,-0.225695,-0.225519,0.075893,-0.134735
2022-03,000858.SZ,木,0.707505,0.824168,1.876092,0.191117,0.226248,0.270474,-0.005011
2022-04,000858.SZ,土,0.948801,2.732701,0.465966,-0.321992,0.402953,0.042372,-0.036758
2022-05,000858.SZ,火,6.149551,0.271458,-0.094691,-0.162467,0.264784,-0.059627,-0.074856
2022-06,000858.SZ,火,-0.773887,-0.677851,-0.506706,-0.199307,-0.03242,-0.189967,-0.203708
2022-07,000858.SZ,土,-0.541027,-0.271387,-0.686421,0.37247,-0.06963,0.014574,-0.156733
2022-08,000858.SZ,金,0.156662,-0.740805,-0.225168,0.494947,-0.047641,-0.067469,-0.142172
2022-09,000858.SZ,金,-0.941917,-0.365827,0.29965,0.355118,-0.044345,-0.077587,-0.020056
2022-10,000858.SZ,土,5.924208,5.147757,5.007026,0.602545,0.500593,0.168538,0.048737
2022-11,000858.SZ,水,4.458374,4.595054,1.884326,0.055839,-0.008068,-0.049152,-0.032697
2022-12,000858.SZ,水,4.735156,1.096693,0.412953,-0.180519,-0.177205,-0.223477,-0.119643
2023-01,000858.SZ,土,-0.233478,-0.298676,-0.572475,-0.249995,-0.322924,-0.395694,-0.219864
2023-02,000858.SZ,木,-0.358328,-0.680714,-0.613499,-0.418298,-0.34315,-0.304128,-0.197707
2023-03,000858.SZ,木,-0.841129,-0.700035,-0.52472,-0.372124,-0.363942,-0.220761,-0.183452
2023-04,000858.SZ,土,-0.433638,-0.177943,0.315733,-0.147929,-0.321803,-0.109881,-0.127338
2023-05,000858.SZ,火,0.193189,1.005416,-0.124511,-0.143704,-0.153445,-0.089838,-0.1143
2023-06,000858.SZ,火,2.370541,-0.250069,-0.170536,-0.264182,-0.081151,-0.217216,-0.147412
2023-07,000858.SZ,土,-0.833143,-0.588522,-0.448198,-0.513089,-0.218598,-0.299116,-0.18187
2023-08,000858.SZ,金,0.014726,0.003468,-0.162475,-0.167551,-0.077977,-0.210891,-0.088518
2023-09,000858.SZ,金,-0.007665,-0.23911,-0.347256,-0.032908,-0.232184,0.041063,-0.117833
2023-10,000858.SZ,土,-0.416575,-0.470598,-0.570348,-0.070134,-0.240956,-0.058782,-0.126641
2023-11,000858.SZ,水,-0.519619,-0.631292,-0.172596,-0.032583,-0.226399,-0.015957,-0.1111
2023-12,000858.SZ,水,-0.717005,0.085885,0.432824,-0.167251,0.21634,-0.001925,-0.131069
2024-01,000858.SZ,土,3.166668,2.224035,1.012445,0.008887,0.222405,0.007125,-0.088215
2024-02,000858.SZ,木,1.494657,0.398594,0.131123,-0.251974,0.042588,-0.07501,-0.144748
2024-03,000858.SZ,木,-0.215898,-0.238344,-0.516011,0.120692,-0.115251,-0.144356,-0.179803
2024-04,000858.SZ,土,-0.260147,-0.619752,-0.494221,-0.047291,-0.200405,-0.144453,-0.196664
2024-05,000858.SZ,火,-0.804571,-0.581815,-0.505321,0.000954,-0.135006,-0.138105,-0.220447
2024-06,000858.SZ,火,-0.105155,-0.21297,1.594995,0.196224,0.034615,-0.071384,
2024-07,000858.SZ,土,-0.307795,3.419071,0.794569,0.005367,0.019385,-0.045011,
2024-08,000858.SZ,金,27.211582,1.889502,1.025372,0.14382,0.037126,0.052832,
2024-09,000858.SZ,金,-0.70405,-0.457321,-0.448573,-0.346719,-0.340721,-0.252477,
2024-10,000858.SZ,土,-0.004897,-0.247298,-0.436766,-0.231706,-0.226112,-0.189608,
2024-11,000858.SZ,水,-0.430652,-0.57626,-0.354032,-0.257845,-0.153467,-0.197044,
2024-12,000858.SZ,水,-0.68463,-0.311939,-0.226051,-0.279125,-0.172687,-0.243503,
2025-01,000858.SZ,土,0.501182,0.212433,0.048011,-0.092864,-0.08512,-0.174529,
2025-02,000858.SZ,木,-0.020776,-0.124347,-0.147334,-0.030918,-0.136652,-0.209228,
2025-03,000858.SZ,木,-0.216963,-0.20434,-0.328559,-0.14464,-0.249232,-0.213781,
2025-04,000858.SZ,土,-0.191514,-0.378243,-0.214802,-0.145202,-0.237663,-0.245689,
2025-05,000858.SZ,火,-0.521845,-0.226193,0.101392,-0.131261,-0.228844,-0.294924,
2025-06,000858.SZ,火,0.252265,0.671586,0.089657,-0.20612,-0.171316,,
2025-07,000858.SZ,土,1.231316,0.016451,-0.069434,-0.248843,-0.255712,,
2025-08,000858.SZ,金,-0.536967,-0.399047,-0.31477,-0.354729,-0.39233,,
2025-09,000858.SZ,金,-0.220046,-0.166418,-0.421611,-0.277333,,,
2025-10,000858.SZ,土,-0.109103,-0.501925,-0.393663,-0.334362,,,
2025-11,000858.SZ,水,-0.72154,-0.499784,-0.392357,-0.427753,,,
2025-12,000858.SZ,水,-0.10143,-0.102382,-0.097064,,,,
2026-01,000858.SZ,土,-0.103333,-0.094873,-0.269262,,,,
2026-02,000858.SZ,木,-0.086335,-0.34033,-0.461088,,,,
2026-03,000858.SZ,木,-0.523715,-0.586111,,,,,
2026-04,000858.SZ,土,-0.640333,,,,,,
2026-05,000858.SZ,火,,,,,,,
2018-07,300750.SZ,土,-0.690254,0.066578,0.132389,0.110918,0.141571,0.052339,0.714009
2018-08,300750.SZ,金,2.67265,1.165162,1.228672,0.792735,0.080996,0.103357,0.774931
2018-09,300750.SZ,金,0.276442,0.736119,0.04456,0.355786,-0.074536,-0.020549,0.692852
2018-10,300750.SZ,土,1.361335,-0.05507,0.089855,0.146191,0.026933,-0.077719,0.821459
2018-11,300750.SZ,水,-0.62187,-0.259586,0.442068,-0.247142,-0.12715,0.092214,0.741797
2018-12,300750.SZ,水,0.449798,1.816165,0.759742,-0.128891,-0.041337,0.441733,1.181188
2019-01,300750.SZ,土,4.47027,0.938741,0.205438,-0.003152,-0.127642,0.715317,1.156847
2019-02,300750.SZ,木,-0.312883,-0.434135,-0.606957,-0.320927,-0.004407,0.546979,0.916827
2019-03,300750.SZ,木,-0.53399,-0.702734,-0.568782,-0.292422,0.349056,0.416354,0.946851
2019-04,300750.SZ,土,-0.810375,-0.585192,-0.175647,-0.257888,0.92935,0.810182,1.206064
2019-05,300750.SZ,火,-0.0926,0.718785,0.173254,0.584537,1.442487,1.095767,1.500286
2019-06,300750.SZ,火,2.255702,0.334102,0.161053,1.386146,1.105379,1.53136,1.786434
2019-07,300750.SZ,土,-0.45332,-0.306645,-0.331924,1.951617,1.352837,1.791712,1.691115
2019-08,300750.SZ,金,-0.120616,-0.261462,1.139994,2.524133,1.542884,1.855266,1.616775
2019-09,300750.SZ,金,-0.37975,2.338333,3.903902,1.835106,2.282372,1.925872,1.711616
2019-10,300750.SZ,土,16.967706,12.78889,12.040487,3.415448,3.496612,2.597291,2.050106
2019-11,300750.SZ,水,9.581956,10.109496,4.803528,1.771938,2.143339,1.777714,1.789162
2019-12,300750.SZ,水,10.663336,3.297889,0.639068,1.685412,1.463163,2.299905,1.350811
2020-01,300750.SZ,土,0.583753,-0.385554,0.49505,1.64047,1.341726,1.712029,1.130389
2020-02,300750.SZ,木,-0.761614,0.452579,0.323961,1.313347,1.172798,1.375097,0.982751
2020-03,300750.SZ,木,7.851142,2.120128,3.399718,2.019544,3.166802,1.676047,1.062845
2020-04,300750.SZ,土,0.09988,2.10197,3.663442,1.930734,2.307556,1.688525,0.683812
2020-05,300750.SZ,火,7.748425,8.602564,3.042095,1.783501,1.885914,1.982884,0.674378
2020-06,300750.SZ,火,9.540096,1.747545,1.072325,3.05501,1.267341,2.067211,0.750037
2020-07,300750.SZ,土,-0.283782,-0.081108,0.841815,1.785528,1.237604,1.594142,0.548268
2020-08,300750.SZ,金,0.178919,1.953565,0.916798,1.438495,1.695543,1.398204,0.529929
2020-09,300750.SZ,金,6.399615,1.44412,6.934618,1.371626,2.495471,1.513049,0.384305
2020-10,300750.SZ,土,-0.192698,7.216454,3.212782,1.466334,1.907879,1.586154,0.22825
2020-11,300750.SZ,水,82.624409,8.623557,2.102182,2.196548,1.58418,1.800658,0.259233
2020-12,300750.SZ,水,0.107486,-0.402505,-0.29113,1.32004,0.713007,0.674689,0.058538
2021-01,300750.SZ,土,-0.677648,-0.432873,0.443892,1.415906,1.197941,0.673492,0.146175
2021-02,300750.SZ,木,-0.00223,2.055885,2.293785,1.35858,1.706809,0.655217,0.119577
2021-03,300750.SZ,木,8.3593,4.984496,6.593195,1.662904,1.230437,0.590155,0.122658
2021-04,300750.SZ,土,2.826588,5.839355,3.042269,1.711794,0.757869,0.054565,-0.228823
2021-05,300750.SZ,火,11.224145,3.154626,0.688908,1.453799,0.315956,-0.060123,-0.286213
2021-06,300750.SZ,火,0.412035,-0.372231,-0.06613,0.208851,-0.055698,-0.001494,-0.345932
2021-07,300750.SZ,土,-0.720904,-0.240536,0.819232,0.159223,-0.326162,-0.075944,-0.342764
2021-08,300750.SZ,金,1.06662,3.644674,2.565101,0.161607,-0.226918,-0.023985,-0.308621
2021-09,300750.SZ,金,9.438786,3.682498,0.5648,-0.050438,0.02103,-0.23746,-0.378561
2021-10,300750.SZ,土,1.100415,-0.394152,-0.261338,-0.5899,-0.262716,-0.416664,-0.461155
2021-11,300750.SZ,水,-0.825248,-0.561957,-0.621517,-0.64,-0.36625,-0.433823,-0.504431
2021-12,300750.SZ,水,0.098022,-0.442995,-0.423781,-0.175239,-0.399936,-0.330918,-0.473072
2022-01,300750.SZ,土,-0.717442,-0.582578,-0.772316,-0.263404,-0.460808,-0.214985,-0.494228
2022-02,300750.SZ,木,-0.383342,-0.795616,-0.65758,-0.179925,-0.352479,-0.242726,-0.446316
2022-03,300750.SZ,木,-0.93226,-0.744838,0.180508,-0.387646,-0.29675,-0.207398,-0.390747
2022-04,300750.SZ,土,-0.038866,3.9281,1.38301,-0.170248,0.185931,-0.436057,-0.296487
2022-05,300750.SZ,火,24.26824,2.752294,0.96403,-0.109567,-0.013376,-0.457917,-0.303792
2022-06,300750.SZ,火,-0.44279,-0.452436,-0.68236,-0.457213,-0.305961,-0.571555,-0.419367
2022-07,300750.SZ,土,-0.461915,-0.760175,-0.711085,-0.163384,-0.651177,-0.53254,-0.394757
2022-08,300750.SZ,金,-0.89311,-0.788295,-0.596304,-0.300717,-0.647057,-0.510248,-0.382216
2022-09,300750.SZ,金,-0.580701,-0.215465,-0.072478,0.025908,-0.526614,-0.493552,-0.207329
2022-10,300750.SZ,土,0.467915,0.379508,1.422603,-0.616715,-0.451215,-0.502252,-0.187795
2022-11,300750.SZ,水,0.296426,2.112238,0.211302,-0.669987,-0.477664,-0.566234,-0.176261
2022-12,300750.SZ,水,6.471329,0.170859,0.134729,-0.66181,-0.586059,-0.585024,-0.177733
2023-01,300750.SZ,土,-0.81651,-0.557779,-0.93936,-0.738807,-0.70629,-0.67414,-0.25673
2023-02,300750.SZ,木,0.06578,-0.965139,-0.91009,-0.656996,-0.691972,-0.595172,-0.191068
2023-03,300750.SZ,木,-0.99886,-0.973886,-0.899207,-0.749988,-0.703243,-0.531683,-0.210742
2023-04,300750.SZ,土,-0.401924,-0.052362,0.125027,-0.353607,-0.429239,-0.122373,0.001408
2023-05,300750.SZ,火,0.501513,0.543003,0.308543,-0.429861,-0.331516,-0.105845,0.063181
2023-06,300750.SZ,火,0.585638,0.221567,-0.379855,-0.490803,-0.218535,-0.21312,0.049957
2023-07,300750.SZ,土,-0.058911,-0.612173,-0.62861,-0.593463,-0.192098,-0.216361,0.054997
2023-08,300750.SZ,金,-0.840175,-0.766692,-0.751588,-0.522204,-0.212433,-0.220714,0.137698
2023-09,300750.SZ,金,-0.659423,-0.690303,-0.581902,-0.122761,-0.148117,0.240655,0.407126
2023-10,300750.SZ,土,-0.718383,-0.536756,-0.55499,0.191579,0.005105,0.325323,0.447297
2023-11,300750.SZ,水,-0.237989,-0.440596,-0.081008,0.402313,0.140787,0.564312,0.494903
2023-12,300750.SZ,水,-0.589333,0.009223,0.840592,0.215993,0.782824,0.629304,0.499848
2024-01,300750.SZ,土,1.480187,2.89665,2.190627,0.510539,0.906802,0.695363,0.519494
2024-02,300750.SZ,木,5.12207,2.61886,1.139824,0.271016,0.867787,0.616416,0.446264
2024-03,300750.SZ,木,1.13917,0.26508,-0.19665,0.754623,0.564409,0.330144,0.453421
2024-04,300750.SZ,土,-0.251847,-0.507695,-0.284865,0.474078,0.373171,0.142646,0.466978
2024-05,300750.SZ,火,-0.67605,-0.300824,-0.245039,0.745027,0.472125,0.264159,0.481497
2024-06,300750.SZ,火,0.50902,0.152517,2.832332,1.183098,0.573609,0.400989,
2024-07,300750.SZ,土,-0.119763,5.10727,2.038456,0.902801,0.335836,0.420321,
2024-08,300750.SZ,金,41.373509,4.645201,3.033479,1.055678,0.501163,0.660953,
2024-09,300750.SZ,金,-0.247919,0.244436,0.243607,0.008356,0.001749,0.595935,
2024-10,300750.SZ,土,1.059115,0.599163,0.191609,-0.114266,0.102295,0.580496,
2024-11,300750.SZ,水,0.241951,-0.093516,0.047684,-0.084198,0.23571,0.428573,
2024-12,300750.SZ,水,-0.338369,-0.037739,-0.182394,-0.100924,0.734307,0.380679,
2025-01,300750.SZ,土,0.399491,-0.091116,-0.341625,0.060181,0.736521,0.36187,
2025-02,300750.SZ,木,-0.409735,-0.54843,-0.199478,0.342022,0.584139,0.294023,
2025-03,300750.SZ,木,-0.654536,-0.067741,-0.011335,1.525904,0.644152,0.588124,
2025-04,300750.SZ,土,1.515765,0.672523,0.707209,1.820223,0.735227,0.883369,
2025-05,300750.SZ,火,0.111922,0.406355,1.24981,1.228452,0.518675,0.7362,
2025-06,300750.SZ,火,0.778753,2.200235,5.453341,1.120257,0.859928,,
2025-07,300750.SZ,土,4.757687,11.291902,3.658867,0.749408,0.94604,,
2025-08,300750.SZ,金,25.241591,3.190795,1.207296,0.247741,0.592518,,
2025-09,300750.SZ,金,-0.330728,-0.359829,-0.303385,-0.001491,,,
2025-10,300750.SZ,土,-0.387665,-0.289298,-0.343096,0.25773,,,
2025-11,300750.SZ,水,-0.175129,-0.319609,-0.294677,0.352684,,,
2025-12,300750.SZ,水,-0.438782,-0.347788,0.431236,,,,
2026-01,300750.SZ,土,-0.242039,1.285606,1.40809,,,,
2026-02,300750.SZ,木,5.892171,3.292257,1.594206,,,,
2026-03,300750.SZ,木,1.673101,0.59158,,,,,
2026-04,300750.SZ,土,-0.052364,,,,,,
2026-05,300750.SZ,火,,,,,,,
2010-02,399001.SZ,木,0.057111,-0.477175,-0.546792,-0.168772,-0.010746,0.037452,-0.100842
2010-03,399001.SZ,木,-0.741422,-0.703253,-0.681403,-0.157463,-0.003818,0.005487,-0.132152
2010-04,399001.SZ,土,-0.65945,-0.646357,-0.128466,0.434027,0.100612,0.103063,-0.045006
2010-05,399001.SZ,火,-0.63276,0.394235,0.524552,0.461547,0.367281,0.143173,-0.003081
2010-06,399001.SZ,火,4.29325,2.106265,1.22811,0.761519,0.474873,0.29019,0.006021
2010-07,399001.SZ,土,0.822866,0.445586,1.359554,0.236828,0.193179,0.111733,-0.083509
2010-08,399001.SZ,金,0.146392,1.684526,0.401146,0.294839,0.038568,0.005183,-0.149027
2010-09,399001.SZ,金,5.286403,0.549025,0.392637,0.199952,0.075374,-0.102559,-0.130066
2010-10,399001.SZ,土,-0.618307,-0.344525,-0.351681,-0.151516,-0.134917,-0.215925,-0.203995
2010-11,399001.SZ,水,0.125634,-0.15506,0.196597,-0.105849,-0.100159,-0.214238,-0.199594
2010-12,399001.SZ,水,-0.365759,0.233739,0.033926,-0.055025,-0.224833,-0.284121,-0.144579
2011-01,399001.SZ,土,1.399895,0.320101,0.110449,-0.000709,-0.164627,-0.224353,-0.102227
2011-02,399001.SZ,木,-0.273858,-0.244644,-0.33185,-0.219676,-0.317024,-0.220702,-0.135559
2011-03,399001.SZ,木,-0.214255,-0.359086,-0.136324,-0.328806,-0.36668,-0.250949,-0.158798
2011-04,399001.SZ,土,-0.477221,-0.094507,-0.10074,-0.275445,-0.311792,-0.1732,-0.159838
2011-05,399001.SZ,火,0.568385,0.179422,-0.08867,-0.309488,-0.179686,-0.130623,-0.109134
2011-06,399001.SZ,火,-0.113078,-0.305316,-0.478391,-0.457676,-0.285671,-0.215559,-0.202923
2011-07,399001.SZ,土,-0.455888,-0.599986,-0.41621,-0.397944,-0.196032,-0.244462,-0.195244
2011-08,399001.SZ,金,-0.705923,-0.395298,-0.476801,-0.221726,-0.144174,-0.279579,-0.151664
2011-09,399001.SZ,金,0.243431,-0.302138,-0.436137,-0.16406,-0.101264,-0.156731,-0.090455
2011-10,399001.SZ,土,-0.608332,-0.620293,-0.379107,-0.056526,-0.176641,-0.191884,-0.102395
2011-11,399001.SZ,水,-0.631887,-0.218254,0.157707,0.094573,-0.198519,-0.184676,-0.061234
2011-12,399001.SZ,水,0.660165,1.053089,0.239301,0.134648,-0.035659,0.022163,-0.045728
2012-01,399001.SZ,土,1.53901,0.070753,0.433651,-0.051854,-0.11768,0.039127,-0.097812
2012-02,399001.SZ,木,-0.548441,0.077291,0.034882,-0.333131,-0.274606,-0.041115,-0.144094
2012-03,399001.SZ,木,1.570109,0.566676,0.038833,-0.149336,-0.041406,-0.05531,-0.12592
2012-04,399001.SZ,土,-0.044993,-0.339545,-0.372942,-0.307823,-0.06658,-0.146261,-0.152457
2012-05,399001.SZ,火,-0.543249,-0.49189,-0.570276,-0.392683,-0.065186,-0.087113,-0.147818
2012-06,399001.SZ,火,-0.434755,-0.583183,-0.303422,-0.079171,-0.084756,-0.190082,-0.120824
2012-07,399001.SZ,土,-0.692635,-0.226721,-0.23594,0.138839,-0.053768,-0.142819,-0.062812
2012-08,399001.SZ,金,0.945442,0.204657,-0.141697,0.378772,0.173526,-0.001036,-0.022746
2012-09,399001.SZ,金,-0.254051,-0.429899,0.217273,0.049109,-0.148344,-0.01897,-0.035117
2012-10,399001.SZ,土,-0.564293,0.55499,0.697451,0.05301,-0.109321,-0.002997,-0.01452
2012-11,399001.SZ,水,4.54959,2.350415,1.214852,0.372204,0.050799,0.080898,0.067265
2012-12,399001.SZ,水,1.022723,0.399222,-0.095824,-0.287635,-0.08705,-0.109109,0.099186
2013-01,399001.SZ,土,-0.032086,-0.395479,-0.346767,-0.354816,-0.165045,-0.216706,0.073965
2013-02,399001.SZ,木,-0.62244,-0.463359,-0.149856,-0.27622,-0.148996,-0.236014,0.104307
2013-03,399001.SZ,木,-0.23725,0.275693,-0.438755,-0.082631,-0.113494,-0.191253,0.216728
2013-04,399001.SZ,土,1.133587,-0.518565,-0.362767,-0.056026,-0.167833,-0.158608,0.305749
2013-05,399001.SZ,火,-0.891366,-0.651749,-0.383801,-0.148566,-0.262747,-0.204486,0.318748
2013-06,399001.SZ,火,0.1164,0.467571,0.499463,0.114157,-0.086519,-0.045643,0.365069
2013-07,399001.SZ,土,0.929205,0.737776,0.39837,-0.04903,-0.076936,0.024662,0.262344
2013-08,399001.SZ,金,0.565342,0.19054,0.176471,-0.193574,-0.13379,-0.043984,0.134061
2013-09,399001.SZ,金,-0.09452,0.019922,-0.17214,-0.287013,-0.179076,-0.050998,0.083088
2013-10,399001.SZ,土,0.148829,-0.208419,-0.353287,-0.250042,-0.076224,-0.02591,0.169317
2013-11,399001.SZ,水,-0.454574,-0.514779,-0.447226,-0.256734,-0.107874,0.053803,0.187079
2013-12,399001.SZ,水,-0.568338,-0.443515,-0.385946,-0.182523,-0.006798,0.356181,0.248748
2014-01,399001.SZ,土,-0.282597,-0.267618,-0.130315,0.104064,0.116593,0.472498,0.11522
2014-02,399001.SZ,木,-0.252325,-0.04245,-0.000595,0.133354,0.306663,0.596226,0.111359
2014-03,399001.SZ,木,0.226337,0.155463,0.088291,0.263144,0.766125,0.83052,0.205919
2014-04,399001.SZ,土,0.088685,0.02521,0.401609,0.265207,0.755035,1.026381,0.177629
2014-05,399001.SZ,火,-0.034564,0.590337,0.285256,0.494082,0.865858,1.186128,0.17453
2014-06,399001.SZ,火,1.61972,0.482937,0.466091,1.249882,1.176963,0.952532,0.195206
2014-07,399001.SZ,土,-0.160558,0.096766,0.142079,0.963882,1.29132,0.55516,0.139374
2014-08,399001.SZ,金,0.43297,0.332137,0.736837,1.248139,1.609582,0.345266,0.171274
2014-09,399001.SZ,金,0.238399,0.912142,2.452697,1.652749,1.148213,0.236118,0.143597
2014-10,399001.SZ,土,1.95243,4.765107,2.377027,2.245493,0.723725,0.403671,0.140762
2014-11,399001.SZ,水,10.257322,2.611702,1.909961,2.198725,0.235448,0.33721,0.106018
2014-12,399001.SZ,水,0.158748,0.479494,1.038138,0.694481,-0.122271,0.149826,-0.038768
2015-01,399001.SZ,土,0.889025,1.703063,2.119082,0.231501,0.047552,-0.15537,-0.05054
2015-02,399001.SZ,木,2.867893,3.007941,2.516142,-0.195005,0.031898,-0.226225,-0.059898
2015-03,399001.SZ,木,3.153059,2.352451,0.408769,-0.423998,-0.04991,-0.205559,-0.109822
2015-04,399001.SZ,土,1.706181,-0.179506,-0.513769,-0.392914,-0.453555,-0.315623,-0.16894
2015-05,399001.SZ,火,-0.751232,-0.793896,-0.815702,-0.440987,-0.532842,-0.368966,-0.217244
2015-06,399001.SZ,火,-0.829244,-0.841371,-0.764491,-0.219762,-0.34365,-0.268377,-0.143036
2015-07,399001.SZ,土,-0.852637,-0.723418,-0.24202,-0.420707,-0.233027,-0.165248,-0.078619
2015-08,399001.SZ,金,-0.480891,0.719067,0.695604,-0.256234,-0.04889,0.019785,0.012599
2015-09,399001.SZ,金,4.692817,2.064484,1.584917,0.09572,0.067532,0.058001,0.053576
2015-10,399001.SZ,土,0.649634,0.741832,-0.557271,-0.228491,-0.137967,-0.072903,-0.007757
2015-11,399001.SZ,水,0.839182,-0.770642,-0.673752,-0.287666,-0.139198,-0.085203,-0.046512
2015-12,399001.SZ,水,-0.971398,-0.862593,-0.535535,-0.313962,-0.214464,-0.196429,-0.066331
2016-01,399001.SZ,土,-0.339888,0.871664,0.344446,0.202865,0.186098,0.0673,0.088533
2016-02,399001.SZ,木,4.306866,0.918697,0.555319,0.398237,0.289982,0.142183,0.090989
2016-03,399001.SZ,木,-0.306295,-0.158004,0.013312,0.02158,-0.035323,-0.002548,0.019572
2016-04,399001.SZ,土,0.021986,0.224694,0.076193,0.114061,-0.011748,0.009182,0.008978
2016-05,399001.SZ,火,0.467608,0.104365,0.25702,0.174804,0.030484,-0.029044,0.00666
2016-06,399001.SZ,火,-0.168972,0.163345,0.029916,-0.058759,-0.00778,0.003777,-0.054413
2016-07,399001.SZ,土,0.62855,0.146554,0.153262,-0.052986,-0.012215,0.017001,-0.057342
2016-08,399001.SZ,金,-0.192787,-0.02951,0.097966,-0.066981,-0.109122,0.005463,-0.112921
2016-09,399001.SZ,金,0.166794,0.280528,-0.139798,-0.026107,-0.004788,0.04917,-0.10838
2016-10,399001.SZ,土,0.405349,-0.26141,-0.222349,-0.085824,-0.024743,0.061967,-0.163909
2016-11,399001.SZ,水,-0.61183,-0.421524,-0.207148,-0.197522,-0.023606,-0.006184,-0.164795
2016-12,399001.SZ,水,-0.137919,0.133124,0.102611,0.070467,0.120971,0.084828,-0.156568
2017-01,399001.SZ,土,0.489383,0.24698,0.074668,0.092161,0.178202,0.110189,-0.137417
2017-02,399001.SZ,木,0.044028,-0.087131,-0.187779,0.083531,0.071546,0.04209,-0.067703
2017-03,399001.SZ,木,-0.201813,-0.283601,0.03926,0.130266,0.078965,0.042184,-0.025341
2017-04,399001.SZ,土,-0.357008,0.185862,0.109937,0.233652,0.122288,0.008775,-0.027748
2017-05,399001.SZ,火,1.187071,0.458294,0.445469,0.230776,0.132355,0.043678,-0.04895
2017-06,399001.SZ,火,-0.02764,0.175119,0.229241,0.099382,0.04316,-0.10923,-0.066368
2017-07,399001.SZ,土,0.420157,0.382107,0.371155,0.128515,-0.022854,-0.126251,-0.057756
2017-08,399001.SZ,金,0.345078,0.347292,0.047971,0.002234,-0.063691,-0.217367,-0.069485
2017-09,399001.SZ,金,0.349509,-0.074982,-0.016758,-0.039034,-0.199904,-0.242271,-0.076963
2017-10,399001.SZ,土,-0.365949,-0.160728,-0.071188,-0.17511,-0.248112,-0.341742,-0.079341
2017-11,399001.SZ,水,0.110917,0.124164,-0.041506,-0.114978,-0.289941,-0.298092,-0.064288
2017-12,399001.SZ,水,0.137569,-0.109686,-0.060806,-0.278257,-0.305299,-0.344249,-0.028002
2018-01,399001.SZ,土,-0.303199,-0.146617,-0.267404,-0.323502,-0.413116,-0.3298,-0.021639
2018-02,399001.SZ,木,0.045152,-0.248823,-0.182819,-0.388851,-0.36733,-0.165928,0.006997
2018-03,399001.SZ,木,-0.460111,-0.277417,-0.445361,-0.402525,-0.418253,-0.088491,-0.042602
2018-04,399001.SZ,土,-0.032901,-0.437836,-0.375305,-0.474713,-0.349394,-0.062949,0.019061
2018-05,399001.SZ,火,-0.67322,-0.497927,-0.542938,-0.443318,-0.160221,-0.133358,0.021638
2018-06,399001.SZ,火,-0.228602,-0.45945,-0.356381,-0.404207,0.075667,-0.021445,0.130742
2018-07,399001.SZ,土,-0.621215,-0.412099,-0.558303,-0.336038,0.072658,0.016109,0.218939
2018-08,399001.SZ,金,-0.087538,-0.523031,-0.321987,0.138308,0.072658,0.106341,0.274843
2018-09,399001.SZ,金,-0.750675,-0.415547,-0.448478,0.390601,0.125221,0.124409,0.239519
2018-10,399001.SZ,土,0.370042,-0.179722,-0.001929,0.67159,0.34136,0.287661,0.330013
2018-11,399001.SZ,水,-0.508879,-0.148126,0.911092,0.34919,0.302485,0.247394,0.334002
2018-12,399001.SZ,水,0.477618,2.769887,2.506248,0.607219,0.425755,0.440758,0.413782
2019-01,399001.SZ,土,8.618216,4.401109,1.799614,0.555025,0.401786,0.428215,0.407751
2019-02,399001.SZ,木,2.032993,0.510428,-0.047501,0.075272,0.082043,0.215775,0.267377
2019-03,399001.SZ,木,-0.247808,-0.466222,-0.263271,-0.090828,0.071126,0.005598,0.179331
2019-04,399001.SZ,土,-0.621215,-0.270883,-0.136273,-0.008087,0.141192,0.108249,0.221651
2019-05,399001.SZ,火,0.403465,0.304272,0.21387,0.153279,0.318812,0.204354,0.296419
2019-06,399001.SZ,火,0.21209,0.128906,0.121978,0.291538,0.115484,0.306598,0.285265
2019-07,399001.SZ,土,0.05143,0.079466,0.139123,0.311747,0.204271,0.462257,0.24572
2019-08,399001.SZ,金,0.10825,0.185676,0.095712,0.374638,0.201199,0.469008,0.236884
2019-09,399001.SZ,金,0.26851,0.089497,0.486723,0.112251,0.374658,0.366413,0.230766
2019-10,399001.SZ,土,-0.064254,0.609526,0.510529,0.23823,0.589186,0.373758,0.224676
2019-11,399001.SZ,水,1.768459,0.919176,0.724567,0.257692,0.619819,0.426624,0.242615
2019-12,399001.SZ,水,0.330428,0.361135,-0.1679,0.321834,0.328514,0.38731,0.193472
2020-01,399001.SZ,土,0.39255,-0.341937,0.015017,0.630037,0.330978,0.387581,0.117014
2020-02,399001.SZ,木,-0.689026,-0.133428,-0.082791,0.569856,0.339222,0.321168,0.106973
2020-03,399001.SZ,木,1.414823,0.575218,1.099802,0.678655,0.645026,0.38308,0.10291
2020-04,399001.SZ,土,0.027533,0.958055,1.617711,0.524121,0.539997,0.346658,0.013877
2020-05,399001.SZ,火,2.731243,3.178155,1.686899,0.618247,0.492066,0.395521,0.035725
2020-06,399001.SZ,火,3.678596,1.280081,0.341976,0.456029,0.203383,0.26428,0.036999
2020-07,399001.SZ,土,0.111181,-0.28128,-0.112604,0.181188,0.079035,0.061249,-0.051595
2020-08,399001.SZ,金,-0.535127,-0.206981,-0.025374,0.111877,0.121755,0.041439,-0.073278
2020-09,399001.SZ,金,0.352798,0.411206,0.579775,0.13955,0.239394,0.108584,-0.08618
2020-10,399001.SZ,土,0.472134,0.707169,0.572247,0.189857,0.126464,0.091773,-0.11373
2020-11,399001.SZ,水,0.979728,0.624827,0.268455,0.20345,0.064713,0.08234,-0.098551
2020-12,399001.SZ,水,0.333549,0.015336,-0.178001,0.097783,-0.014871,0.026718,-0.127498
2021-01,399001.SZ,土,-0.226945,-0.35464,-0.09953,-0.046511,-0.033201,-0.100794,-0.100171
2021-02,399001.SZ,木,-0.461242,-0.028151,0.141776,-0.024536,0.026581,-0.072496,-0.098747
2021-03,399001.SZ,木,0.753086,0.662166,0.466095,0.07846,0.105719,-0.120507,-0.077474
2021-04,399001.SZ,土,0.575961,0.340731,0.009629,0.001774,-0.101215,-0.236668,-0.113827
2021-05,399001.SZ,火,0.140611,-0.191891,-0.166622,-0.026582,-0.134579,-0.231307,-0.151611
2021-06,399001.SZ,火,-0.427464,-0.287649,-0.206685,-0.039746,-0.258253,-0.149423,-0.147201
2021-07,399001.SZ,土,-0.11369,-0.066171,-0.00602,-0.151986,-0.304606,-0.15244,-0.120948
2021-08,399001.SZ,金,-0.016104,0.052625,0.136992,-0.118098,-0.251733,-0.175358,-0.147297
2021-09,399001.SZ,金,0.126156,0.222253,0.162321,-0.282766,-0.129432,-0.246726,-0.159456
2021-10,399001.SZ,土,0.326551,0.180837,-0.276517,-0.418356,-0.196287,-0.280551,-0.173834
2021-11,399001.SZ,水,0.051128,-0.465706,-0.315958,-0.392976,-0.259085,-0.24921,-0.189189
2021-12,399001.SZ,水,-0.728416,-0.448181,-0.557416,-0.246573,-0.348128,-0.25855,-0.199327
2022-01,399001.SZ,土,0.121215,-0.435009,-0.532387,-0.152894,-0.281891,-0.099548,-0.215011
2022-02,399001.SZ,木,-0.715295,-0.698015,-0.461322,-0.2289,-0.225543,-0.124254,-0.167283
2022-03,399001.SZ,木,-0.679687,-0.259038,0.282584,-0.208875,-0.119403,-0.032336,-0.119228
2022-04,399001.SZ,土,0.714022,1.5665,0.534578,-0.110097,0.120259,0.028783,-0.067336
2022-05,399001.SZ,火,2.842962,0.452028,0.103806,-0.071394,0.029741,-0.063652,-0.098699
2022-06,399001.SZ,火,-0.451364,-0.40843,-0.512018,-0.270336,-0.119078,-0.144973,-0.17166
2022-07,399001.SZ,土,-0.362137,-0.539781,-0.483944,-0.042843,-0.0996,-0.088286,-0.155231
2022-08,399001.SZ,金,-0.667952,-0.535826,-0.218786,-0.005407,-0.113623,-0.11828,-0.159433
2022-09,399001.SZ,金,-0.351124,0.19827,0.091044,0.183598,0.030793,-0.062074,-0.011611
2022-10,399001.SZ,土,1.21283,0.414758,0.775292,0.189337,0.102164,-0.051286,0.009295
2022-11,399001.SZ,水,-0.095483,0.590123,0.266254,-0.055846,-0.081983,-0.124371,-0.022616
2022-12,399001.SZ,水,1.795404,0.49821,0.284003,0.001927,-0.10818,-0.135375,-0.027678
2023-01,399001.SZ,土,-0.197027,-0.129785,-0.203217,-0.131571,-0.230119,-0.315668,-0.080081
2023-02,399001.SZ,木,-0.056911,-0.206293,-0.296012,-0.218344,-0.225681,-0.208197,-0.051056
2023-03,399001.SZ,木,-0.332014,-0.391765,-0.218181,-0.256754,-0.242152,-0.198317,-0.053541
2023-04,399001.SZ,土,-0.446172,-0.154184,-0.053483,-0.243228,-0.349507,-0.154475,-0.0656
2023-05,399001.SZ,火,0.291745,0.237385,-0.132106,-0.187923,-0.176555,-0.132435,-0.035522
2023-06,399001.SZ,火,0.185312,-0.288604,-0.293424,-0.253861,-0.191584,-0.197513,-0.025792
2023-07,399001.SZ,土,-0.573037,-0.454466,-0.394934,-0.460738,-0.185685,-0.217261,-0.007816
2023-08,399001.SZ,金,-0.302966,-0.279708,-0.240149,-0.197919,-0.132544,-0.198665,0.103925
2023-09,399001.SZ,金,-0.255673,-0.206648,-0.212083,-0.135286,-0.162732,0.041567,0.156717
2023-10,399001.SZ,土,-0.154395,-0.18934,-0.519385,-0.055314,-0.147119,0.073745,0.1646
2023-11,399001.SZ,水,-0.222841,-0.637664,-0.153341,-0.073155,-0.18434,0.090965,0.155361
2023-12,399001.SZ,水,-0.831067,-0.116294,-0.051003,-0.136909,0.143114,0.093432,0.191635
2024-01,399001.SZ,土,3.622771,1.249264,0.856853,0.136146,0.403684,0.236607,0.315186
2024-02,399001.SZ,木,0.094406,0.176834,0.014625,-0.199411,0.187166,0.137271,0.246406
2024-03,399001.SZ,木,0.265469,-0.023057,-0.215039,0.254591,0.146307,0.117381,0.197375
2024-04,399001.SZ,土,-0.2458,-0.381775,-0.304831,0.220437,0.079899,0.032616,0.255316
2024-05,399001.SZ,火,-0.493235,-0.33259,-0.368296,0.284146,0.181363,0.072215,0.310797
2024-06,399001.SZ,火,-0.121022,-0.294711,1.005192,0.385248,0.256953,0.182674,
2024-07,399001.SZ,土,-0.434079,2.02862,1.142596,0.345952,0.178208,0.257672,
2024-08,399001.SZ,金,15.20817,3.169007,1.610448,0.615542,0.279003,0.520774,
2024-09,399001.SZ,金,0.072337,0.047624,-0.043029,-0.004823,-0.008176,0.284598,
2024-10,399001.SZ,土,0.023481,-0.095971,-0.15449,-0.126299,0.053036,0.263142,
2024-11,399001.SZ,水,-0.201481,-0.23151,-0.000181,-0.104739,0.27013,0.223559,
2024-12,399001.SZ,水,-0.260411,0.118766,0.034909,0.009724,0.417065,0.298658,
2025-01,399001.SZ,土,0.692341,0.224215,-0.097168,0.175182,0.443987,0.398759,
2025-02,399001.SZ,木,-0.114421,-0.340573,-0.198362,0.431566,0.308759,0.366013,
2025-03,399001.SZ,木,-0.508973,-0.237301,-0.014848,0.658188,0.400745,0.283095,
2025-04,399001.SZ,土,0.184681,0.395411,0.529691,0.826171,0.618533,0.526044,
2025-05,399001.SZ,火,0.643625,0.73822,1.556494,0.672247,0.6316,0.602466,
2025-06,399001.SZ,火,0.83826,2.188348,1.79103,0.670271,0.401235,,
2025-07,399001.SZ,土,4.529993,2.439088,1.180113,0.664871,0.52483,,
2025-08,399001.SZ,金,1.13876,0.368851,0.093846,0.303462,0.371419,,
2025-09,399001.SZ,金,-0.123906,-0.217736,-0.000439,-0.007149,,,
2025-10,399001.SZ,土,-0.301517,0.067675,0.2714,0.275242,,,
2025-11,399001.SZ,水,0.632006,0.715321,0.553247,0.535597,,,
2025-12,399001.SZ,水,0.802888,0.515304,-0.013814,,,,
2026-01,399001.SZ,土,0.273594,-0.27062,0.279096,,,,
2026-02,399001.SZ,木,-0.582289,0.281856,0.518148,,,,
2026-03,399001.SZ,木,2.933711,1.89423,,,,,
2026-04,399001.SZ,土,1.129432,,,,,,
2026-05,399001.SZ,火,,,,,,,
2010-07,399006.SZ,土,0.98958,-0.150068,0.459973,0.129264,-0.075964,-0.056951,-0.163922
2010-08,399006.SZ,金,-0.636916,0.250652,0.761491,0.149949,-0.225974,-0.101481,-0.169936
2010-09,399006.SZ,金,3.307901,2.87987,1.122545,0.1444,-0.13429,-0.160636,-0.144616
2010-10,399006.SZ,土,2.494368,0.489884,-0.126534,-0.264876,-0.1848,-0.198892,-0.193942
2010-11,399006.SZ,水,-0.364762,-0.563299,-0.249283,-0.486911,-0.28208,-0.290644,-0.283374
2010-12,399006.SZ,水,-0.699785,-0.183894,-0.382981,-0.447121,-0.383904,-0.35877,-0.207863
2011-01,399006.SZ,土,1.218503,-0.115431,-0.381307,-0.212459,-0.221654,-0.369675,-0.131642
2011-02,399006.SZ,木,-0.647302,-0.673274,-0.649321,-0.297937,-0.303919,-0.331378,-0.115143
2011-03,399006.SZ,木,-0.697334,-0.650327,-0.504593,-0.384365,-0.35049,-0.327065,-0.073002
2011-04,399006.SZ,土,-0.596018,-0.366187,0.002469,-0.126985,-0.365749,-0.249349,-0.012866
2011-05,399006.SZ,火,-0.005602,0.579156,0.405539,-0.019302,-0.170905,-0.132175,0.126
2011-06,399006.SZ,火,1.507781,0.671029,-0.23496,-0.256301,-0.254736,-0.140954,0.093584
2011-07,399006.SZ,土,0.11347,-0.577447,-0.239722,-0.495506,-0.318352,-0.258758,0.114315
2011-08,399006.SZ,金,-0.839644,-0.371769,-0.31573,-0.363226,-0.261027,-0.233176,0.134069
2011-09,399006.SZ,金,1.461242,0.413511,-0.277046,-0.264431,-0.107118,-0.128289,0.314935
2011-10,399006.SZ,土,-0.18821,-0.608178,-0.665235,-0.354562,-0.264997,-0.188961,0.203672
2011-11,399006.SZ,水,-0.810881,-0.785025,-0.407426,-0.232057,-0.203501,-0.276029,0.277051
2011-12,399006.SZ,水,-0.755634,0.048931,-0.251597,-0.007717,-0.072189,-0.021441,0.337208
2012-01,399006.SZ,土,3.5025,0.309734,0.244426,0.08909,0.089288,0.196281,0.518613
2012-02,399006.SZ,木,-0.619011,-0.345776,-0.004788,-0.076564,-0.226048,0.171022,0.396906
2012-03,399006.SZ,木,0.123416,0.608485,0.315636,0.03305,0.07005,0.27698,0.398897
2012-04,399006.SZ,土,1.302999,0.423749,-0.046856,0.01913,0.18065,0.298119,0.368555
2012-05,399006.SZ,火,-0.119816,-0.386816,-0.143163,-0.317484,0.236275,0.460981,0.339666
2012-06,399006.SZ,火,-0.572823,-0.154604,-0.188839,-0.034976,0.264349,0.392157,0.390338
2012-07,399006.SZ,土,0.673063,0.11778,0.089685,0.314022,0.438908,0.675158,0.409308
2012-08,399006.SZ,金,-0.253207,-0.120582,-0.456339,0.48499,0.745394,0.677191,0.419816
2012-09,399006.SZ,金,0.035596,-0.536135,0.148073,0.578508,0.666793,0.983517,0.494763
2012-10,399006.SZ,土,-0.792225,0.208814,0.584544,0.653481,0.933336,0.786382,0.479155
2012-11,399006.SZ,水,6.032752,3.375823,3.056195,2.127347,1.441561,1.252657,0.609004
2012-12,399006.SZ,水,1.722665,2.08046,1.170322,1.008343,1.380079,0.827304,0.435858
2013-01,399006.SZ,土,2.485274,0.937711,0.725417,1.135546,0.85922,0.927796,0.471625
2013-02,399006.SZ,木,0.077311,0.214011,1.411201,0.89427,0.851629,0.666362,0.496349
2013-03,399006.SZ,木,0.368058,2.607276,0.858453,1.492442,0.725466,0.532454,0.641672
2013-04,399006.SZ,土,8.51162,1.166083,1.643162,0.929964,1.0004,0.442813,0.792581
2013-05,399006.SZ,火,-0.506718,0.393344,0.488162,0.62261,0.473267,0.228424,0.817069
2013-06,399006.SZ,火,2.935691,1.584804,2.342709,0.662585,0.437031,0.388523,0.680971
2013-07,399006.SZ,土,0.697596,2.080615,0.409207,0.740257,0.179158,0.185649,0.496559
2013-08,399006.SZ,金,4.59037,0.283941,0.769205,0.465875,0.152341,0.201936,0.298041
2013-09,399006.SZ,金,-0.705117,-0.004717,-0.173069,-0.057786,0.036027,0.126441,0.233904
2013-10,399006.SZ,土,2.359264,0.384774,1.149077,0.078625,0.119309,0.224766,0.416262
2013-11,399006.SZ,水,-0.429161,0.718921,0.214551,-0.070001,0.056612,0.149262,0.398322
2013-12,399006.SZ,水,4.17604,0.771605,0.07357,0.159637,0.248691,0.128268,0.442434
2014-01,399006.SZ,土,-0.393632,-0.51107,-0.458636,-0.192209,0.015438,0.123397,0.154534
2014-02,399006.SZ,木,-0.605764,-0.488476,-0.287887,-0.01448,0.128288,0.343682,0.144841
2014-03,399006.SZ,木,-0.336296,-0.042926,0.252604,0.346689,0.147114,0.758674,0.298348
2014-04,399006.SZ,土,0.380117,0.720812,0.205337,0.390707,0.432897,1.22714,0.291011
2014-05,399006.SZ,火,1.145612,0.126431,0.363898,0.420219,0.660398,1.687783,0.280054
2014-06,399006.SZ,火,-0.408632,0.087419,0.447841,0.097748,0.969287,1.035014,0.259343
2014-07,399006.SZ,土,0.999567,1.265439,0.604585,0.562313,1.732922,0.889,0.256399
2014-08,399006.SZ,金,1.566662,0.437395,0.478866,0.832008,2.369756,0.401831,0.240423
2014-09,399006.SZ,金,-0.195023,0.122558,-0.167691,1.296694,1.279553,0.351618,0.181207
2014-10,399006.SZ,土,0.565432,-0.153679,0.521155,2.566641,0.994596,0.637699,0.194662
2014-11,399006.SZ,水,-0.542453,0.499488,1.269478,4.086666,0.377055,0.701357,0.178866
2014-12,399006.SZ,水,3.91417,4.054419,5.337554,2.772526,0.588707,0.844078,0.154615
2015-01,399006.SZ,土,4.19867,6.197098,7.362678,1.283998,0.678498,0.186534,0.05942
2015-02,399006.SZ,木,8.963743,9.606495,10.400932,0.072665,0.545558,-0.024575,-0.000229
2015-03,399006.SZ,木,10.290711,11.195491,1.245654,-0.204565,0.221983,-0.041489,-0.096237
2015-04,399006.SZ,土,12.172776,0.001506,-0.376199,-0.248016,-0.381141,-0.251637,-0.195272
2015-05,399006.SZ,火,-0.923857,-0.864253,-0.899078,-0.43094,-0.570188,-0.390376,-0.29443
2015-06,399006.SZ,火,-0.757992,-0.883811,-0.718248,-0.098582,-0.278313,-0.220672,-0.202505
2015-07,399006.SZ,土,-0.944217,-0.695992,-0.093493,-0.383597,-0.204815,-0.164352,-0.173184
2015-08,399006.SZ,金,0.656787,2.654312,2.208693,-0.113,0.110249,0.0976,-0.037638
2015-09,399006.SZ,金,7.060177,3.465384,1.88394,0.155021,0.093969,0.032281,-0.053197
2015-10,399006.SZ,土,1.473848,0.725072,-0.58086,-0.25524,-0.186719,-0.128522,-0.131398
2015-11,399006.SZ,水,0.202932,-0.827475,-0.754801,-0.34692,-0.232375,-0.183167,-0.186125
2015-12,399006.SZ,水,-0.975256,-0.889297,-0.537413,-0.326226,-0.26706,-0.277072,-0.196402
2016-01,399006.SZ,土,-0.504717,1.000132,0.323348,0.132873,0.1123,-0.054077,-0.067204
2016-02,399006.SZ,木,7.077263,1.163139,0.739457,0.358203,0.219938,0.024725,-0.034365
2016-03,399006.SZ,木,-0.420699,-0.192787,-0.018624,-0.077416,-0.161064,-0.147858,-0.078546
2016-04,399006.SZ,土,0.124792,0.277324,-0.030186,0.019756,-0.154235,-0.134661,-0.081178
2016-05,399006.SZ,火,0.45054,-0.099474,0.060512,0.021645,-0.140976,-0.183384,-0.101467
2016-06,399006.SZ,火,-0.440934,-0.093206,-0.132686,-0.224333,-0.187037,-0.183915,-0.150757
2016-07,399006.SZ,土,0.470801,0.080272,0.07227,-0.210175,-0.166923,-0.181922,-0.142326
2016-08,399006.SZ,金,-0.206562,-0.084456,-0.015798,-0.226874,-0.251511,-0.156213,-0.190793
2016-09,399006.SZ,金,0.056442,0.096151,-0.306296,-0.212922,-0.20031,-0.131598,-0.189774
2016-10,399006.SZ,土,0.137353,-0.437867,-0.418222,-0.265696,-0.252476,-0.134264,-0.23149
2016-11,399006.SZ,水,-0.722168,-0.583909,-0.392682,-0.347267,-0.198416,-0.189071,-0.219642
2016-12,399006.SZ,水,-0.376847,-0.10209,-0.106981,-0.141392,-0.064085,-0.10673,-0.201656
2017-01,399006.SZ,土,0.29381,0.069039,-0.073182,-0.152658,-0.01161,-0.080148,-0.193138
2017-02,399006.SZ,木,-0.116683,-0.215566,-0.298455,-0.079093,-0.107027,-0.090047,-0.107329
2017-03,399006.SZ,木,-0.30338,-0.374791,-0.174476,-0.04187,-0.106647,-0.003595,-0.05771
2017-04,399006.SZ,土,-0.438881,-0.101338,-0.225318,0.020694,-0.082459,-0.02439,-0.063319
2017-05,399006.SZ,火,0.439257,-0.089756,0.208859,0.007464,-0.007631,-0.011332,-0.082828
2017-06,399006.SZ,火,-0.424326,0.107884,0.112037,-0.07067,0.060892,-0.116252,-0.0882
2017-07,399006.SZ,土,1.132121,0.545576,0.34483,-0.001434,0.053564,-0.100814,-0.048976
2017-08,399006.SZ,金,0.120389,0.068059,-0.160378,-0.100871,-0.075425,-0.223956,-0.066701
2017-09,399006.SZ,金,0.018174,-0.273156,-0.223358,0.036208,-0.181413,-0.244053,-0.066324
2017-10,399006.SZ,土,-0.481128,-0.321702,-0.258543,-0.067482,-0.21372,-0.317797,-0.054563
2017-11,399006.SZ,水,-0.113293,-0.113663,-0.037147,-0.029777,-0.24406,-0.24906,-0.030228
2017-12,399006.SZ,水,-0.114034,0.003344,0.382526,-0.159598,-0.250827,-0.286495,0.012887
2018-01,399006.SZ,土,0.136273,0.727037,0.172813,-0.190303,-0.336477,-0.292248,0.054065
2018-02,399006.SZ,木,1.624947,0.191522,-0.022351,-0.330191,-0.308774,-0.124283,0.086877
2018-03,399006.SZ,木,-0.459141,-0.403358,-0.489141,-0.448512,-0.427681,-0.108885,-0.007545
2018-04,399006.SZ,土,-0.341821,-0.503511,-0.440995,-0.500921,-0.401912,-0.100695,0.070569
2018-05,399006.SZ,火,-0.62548,-0.484828,-0.541098,-0.418783,-0.155841,-0.149154,0.093918
2018-06,399006.SZ,火,-0.291354,-0.492025,-0.404651,-0.394231,0.072699,-0.059257,0.231869
2018-07,399006.SZ,土,-0.635871,-0.454315,-0.554422,-0.381358,0.053749,0.00585,0.338086
2018-08,399006.SZ,金,-0.182232,-0.507101,-0.263865,0.144924,0.045269,0.122419,0.378765
2018-09,399006.SZ,金,-0.702912,-0.301572,-0.383628,0.439896,0.095731,0.153189,0.350678
2018-10,399006.SZ,土,0.641942,-0.112186,-0.141075,0.620482,0.31948,0.310241,0.442945
2018-11,399006.SZ,水,-0.51995,-0.378768,0.78072,0.245556,0.291875,0.252375,0.407043
2018-12,399006.SZ,水,-0.196065,2.429654,2.363713,0.460947,0.420975,0.437887,0.54013
2019-01,399006.SZ,土,13.631182,5.880466,2.057265,0.635411,0.508285,0.569834,0.596231
2019-02,399006.SZ,木,2.235611,0.397526,-0.128774,0.100356,0.113731,0.348953,0.377533
2019-03,399006.SZ,木,-0.39638,-0.547917,-0.365474,-0.076429,0.083162,0.105321,0.276255
2019-04,399006.SZ,土,-0.661412,-0.349432,-0.125176,0.059396,0.257074,0.274449,0.37979
2019-05,399006.SZ,火,0.250011,0.406193,0.389746,0.259231,0.560579,0.406431,0.493432
2019-06,399006.SZ,火,0.581889,0.465367,0.344283,0.415191,0.329947,0.613088,0.51673
2019-07,399006.SZ,土,0.357428,0.239219,0.28291,0.506888,0.444741,0.780062,0.480084
2019-08,399006.SZ,金,0.131305,0.247199,0.140973,0.653715,0.412037,0.693658,0.412527
2019-09,399006.SZ,金,0.374967,0.145838,0.48984,0.322837,0.714143,0.581987,0.411942
2019-10,399006.SZ,土,-0.045108,0.550826,0.769968,0.533158,0.985401,0.589089,0.415913
2019-11,399006.SZ,水,1.518674,1.409745,1.396878,0.570838,0.932009,0.580812,0.448995
2019-12,399006.SZ,水,1.305526,1.338207,0.174554,0.838658,0.613953,0.649643,0.359361
2020-01,399006.SZ,土,1.371352,-0.161652,0.328031,1.102759,0.533002,0.623071,0.228409
2020-02,399006.SZ,木,-0.703617,-0.006165,0.029478,0.734566,0.37602,0.406719,0.179357
2020-03,399006.SZ,木,2.332542,0.918663,1.878251,0.891907,0.847406,0.473624,0.191944
2020-04,399006.SZ,土,0.104643,1.674886,2.329438,0.647061,0.735324,0.493837,0.058614
2020-05,399006.SZ,火,5.477218,4.780234,1.922568,0.590849,0.561004,0.585816,0.073591
2020-06,399006.SZ,火,4.15825,0.963147,0.243572,0.48006,0.178888,0.426127,0.073656
2020-07,399006.SZ,土,-0.252858,-0.389403,-0.185205,0.252811,0.143617,0.230658,-0.022605
2020-08,399006.SZ,金,-0.500993,-0.149114,-0.134049,0.140838,0.293447,0.17806,-0.029368
2020-09,399006.SZ,金,0.450895,0.140739,0.76152,0.147819,0.492751,0.260175,-0.05713
2020-10,399006.SZ,土,-0.103115,0.940946,0.926293,0.354866,0.411997,0.261609,-0.076496
2020-11,399006.SZ,水,3.200398,1.823029,0.502985,0.580798,0.305346,0.328169,-0.056011
2020-12,399006.SZ,水,0.897319,-0.100944,-0.252073,0.37416,0.127055,0.120158,-0.11053
2021-01,399006.SZ,土,-0.573977,-0.53041,-0.047049,0.208897,0.095617,-0.070288,-0.091788
2021-02,399006.SZ,木,-0.482389,0.425244,0.66264,0.216497,0.274538,-0.011257,-0.087016
2021-03,399006.SZ,木,2.924414,1.979859,1.524734,0.383528,0.2816,-0.035892,-0.067338
2021-04,399006.SZ,土,1.262645,1.025052,0.533586,0.17477,-0.077907,-0.249808,-0.132823
2021-05,399006.SZ,火,0.812407,0.262565,-0.109931,0.115913,-0.168533,-0.273184,-0.185845
2021-06,399006.SZ,火,-0.120467,-0.376254,-0.241841,-0.086894,-0.300541,-0.191701,-0.20187
2021-07,399006.SZ,土,-0.557652,-0.296094,-0.100093,-0.284997,-0.408901,-0.223747,-0.193674
2021-08,399006.SZ,金,0.120123,0.283556,0.399061,-0.196371,-0.320653,-0.200273,-0.191193
2021-09,399006.SZ,金,0.470835,0.563588,0.099719,-0.328165,-0.174261,-0.294539,-0.214122
2021-10,399006.SZ,土,0.66219,-0.049087,-0.431909,-0.520938,-0.261067,-0.32399,-0.233571
2021-11,399006.SZ,水,-0.455997,-0.667886,-0.538391,-0.52661,-0.336293,-0.329065,-0.258377
2021-12,399006.SZ,水,-0.797245,-0.574783,-0.589565,-0.284477,-0.39158,-0.29371,-0.245526
2022-01,399006.SZ,土,-0.108239,-0.416045,-0.596015,-0.15725,-0.28364,-0.112791,-0.264558
2022-02,399006.SZ,木,-0.617606,-0.728091,-0.514528,-0.204156,-0.239996,-0.156969,-0.208067
2022-03,399006.SZ,木,-0.806654,-0.452995,0.247391,-0.25923,-0.153625,-0.097758,-0.173159
2022-04,399006.SZ,土,0.547557,2.168374,0.758054,-0.046075,0.153223,0.002406,-0.10483
2022-05,399006.SZ,火,5.486737,0.873808,0.304643,-0.049084,0.013296,-0.088011,-0.133664
2022-06,399006.SZ,火,-0.458718,-0.414907,-0.56009,-0.302823,-0.190103,-0.211912,-0.226077
2022-07,399006.SZ,土,-0.367551,-0.603417,-0.482398,-0.065985,-0.168784,-0.162436,-0.204917
2022-08,399006.SZ,金,-0.751319,-0.531746,-0.306906,-0.106985,-0.190615,-0.182009,-0.215867
2022-09,399006.SZ,金,-0.118299,0.157091,0.104897,0.098911,-0.042853,-0.124537,-0.025194
2022-10,399006.SZ,土,0.518496,0.236864,0.685432,0.05335,-0.016687,-0.131057,-0.022463
2022-11,399006.SZ,水,0.007465,0.775661,0.150602,-0.125345,-0.135563,-0.180242,-0.026206
2022-12,399006.SZ,水,2.129607,0.229625,0.092959,-0.109145,-0.189892,-0.194056,-0.044714
2023-01,399006.SZ,土,-0.516879,-0.354107,-0.341684,-0.248927,-0.303237,-0.390365,-0.105757
2023-02,399006.SZ,木,-0.136493,-0.231536,-0.335113,-0.250731,-0.267841,-0.256067,-0.054737
2023-03,399006.SZ,木,-0.316117,-0.416569,-0.273877,-0.302551,-0.271876,-0.242259,-0.063666
2023-04,399006.SZ,土,-0.502267,-0.251789,-0.1431,-0.28318,-0.405778,-0.200594,-0.084596
2023-05,399006.SZ,火,0.124738,0.124337,-0.15564,-0.231694,-0.227683,-0.17703,-0.046734
2023-06,399006.SZ,火,0.123937,-0.268414,-0.330092,-0.270873,-0.231416,-0.239987,-0.014092
2023-07,399006.SZ,土,-0.5238,-0.482808,-0.400361,-0.505167,-0.218888,-0.245244,0.02028
2023-08,399006.SZ,金,-0.438288,-0.327115,-0.300897,-0.261365,-0.184039,-0.248322,0.172418
2023-09,399006.SZ,金,-0.19394,-0.220071,-0.206419,-0.176754,-0.207335,0.085422,0.271189
2023-10,399006.SZ,土,-0.245355,-0.212585,-0.591656,-0.108492,-0.185085,0.099702,0.272593
2023-11,399006.SZ,水,-0.178392,-0.699622,-0.219599,-0.118478,-0.229933,0.156774,0.260057
2023-12,399006.SZ,水,-0.890182,-0.239421,-0.145981,-0.207792,0.204854,0.132302,0.301374
2024-01,399006.SZ,土,4.267656,1.381581,0.946363,0.151211,0.53,0.311718,0.458377
2024-02,399006.SZ,木,0.076746,0.183116,-0.004254,-0.235049,0.318941,0.20108,0.353476
2024-03,399006.SZ,木,0.299993,-0.04244,-0.26513,0.431094,0.243924,0.15702,0.323518
2024-04,399006.SZ,土,-0.294672,-0.447483,-0.319096,0.356517,0.150039,0.048233,0.406651
2024-05,399006.SZ,火,-0.567187,-0.330989,-0.412349,0.517972,0.278536,0.104191,0.495715
2024-06,399006.SZ,火,0.03411,-0.315255,1.786925,0.618398,0.346019,0.278943,
2024-07,399006.SZ,土,-0.546591,3.575142,1.702493,0.494603,0.210362,0.379214,
2024-08,399006.SZ,金,45.165629,5.597838,2.921106,0.885862,0.362551,0.82866,
2024-09,399006.SZ,金,-0.057059,0.142756,-0.060179,-0.064564,-0.013509,0.488748,
2024-10,399006.SZ,土,0.384913,-0.061735,-0.173416,-0.18999,0.102184,0.472666,
2024-11,399006.SZ,水,-0.364335,-0.361414,-0.092991,-0.196798,0.418103,0.372563,
2024-12,399006.SZ,水,-0.35848,0.083435,-0.068929,0.010688,0.735455,0.495691,
2025-01,399006.SZ,土,0.829765,0.12168,-0.206232,0.272734,0.785295,0.621434,
2025-02,399006.SZ,木,-0.312389,-0.477191,-0.288724,0.773192,0.575817,0.525208,
2025-03,399006.SZ,木,-0.602495,-0.276587,0.097114,1.369347,0.751707,0.513974,
2025-04,399006.SZ,土,0.316526,0.822662,1.040712,1.677429,1.057317,0.887621,
2025-05,399006.SZ,火,1.523379,1.540725,3.420518,1.345521,0.966795,1.026064,
2025-06,399006.SZ,火,1.55819,4.850844,4.116883,1.213433,0.685546,,
2025-07,399006.SZ,土,12.381484,6.236722,2.512808,1.06567,0.839186,,
2025-08,399006.SZ,金,2.913628,0.799821,0.244531,0.311904,0.562116,,
2025-09,399006.SZ,金,-0.172288,-0.298192,-0.042525,-0.032595,,,
2025-10,399006.SZ,土,-0.404944,0.029797,0.214695,0.330796,,,
2025-11,399006.SZ,水,0.782153,0.73549,0.382925,0.750116,,,
2025-12,399006.SZ,水,0.690048,0.218219,-0.022563,,,,
2026-01,399006.SZ,土,-0.121885,-0.256666,0.457993,,,,
2026-02,399006.SZ,木,-0.370761,0.8787,1.214804,,,,
2026-03,399006.SZ,木,4.609172,3.155229,,,,,
2026-04,399006.SZ,土,2.07816,,,,,,
2026-05,399006.SZ,火,,,,,,,
2010-08,601288.SH,金,-0.303923,0.166647,-0.113759,-0.058596,0.07503,-0.029741,-0.039828
2010-09,601288.SH,金,0.955337,-3e-06,0.111672,0.118244,0.098219,-0.057472,-0.029162
2010-10,601288.SH,土,-0.488582,-0.161788,-0.187976,0.134686,-0.038462,-0.028986,-0.048267
2010-11,601288.SH,水,0.373826,0.023211,-0.0,0.184008,-1e-06,-0.026821,-0.001919
2010-12,601288.SH,水,-0.237924,-0.146833,0.124855,0.091553,-0.107928,-0.022389,0.022142
2011-01,601288.SH,土,-0.044855,0.366613,0.58556,0.046323,0.030649,0.030533,0.084237
2011-02,601288.SH,木,0.955337,1.042863,0.401876,-2e-06,-0.0356,0.053639,0.072111
2011-03,601288.SH,木,1.134308,0.187008,0.059238,-0.205577,-0.067055,-0.028986,-0.01093
2011-04,601288.SH,土,-0.339839,-0.253789,-0.309524,-0.16905,-0.107336,-0.074831,-0.043462
2011-05,601288.SH,火,-0.156522,-0.293849,-0.286673,-0.200109,-0.042028,-0.070423,-0.019558
2011-06,601288.SH,火,-0.408817,-0.344011,-0.404187,-0.124438,-0.05673,-0.075,-0.062679
2011-07,601288.SH,土,-0.272102,-0.401859,3e-06,0.014981,0.01995,-0.059701,-0.043873
2011-08,601288.SH,金,-0.508485,0.172105,-0.10304,0.110157,0.015354,-0.049809,-0.02719
2011-09,601288.SH,金,1.795096,0.21169,0.286662,0.186858,0.071073,-1e-06,0.008097
2011-10,601288.SH,土,-0.474726,-0.127032,0.030184,0.030072,-0.0788,-0.067165,-0.024556
2011-11,601288.SH,水,0.45081,0.442711,0.374029,0.080288,-0.031372,0.023621,0.015625
2011-12,601288.SH,水,0.434656,0.337177,0.094797,-0.022771,-0.080586,0.068701,-0.027085
2012-01,601288.SH,土,0.24632,-0.043629,0.029959,-0.128889,-0.097526,0.14074,-0.061128
2012-02,601288.SH,木,-0.266124,-0.0637,-0.150657,-0.186725,-0.072059,0.090908,-0.079526
2012-03,601288.SH,木,0.194558,-0.08628,-0.127713,-0.157442,0.060141,0.007462,-0.049745
2012-04,601288.SH,土,-0.301094,-0.254607,-0.263239,-0.155224,0.180254,-0.01103,-0.056758
2012-05,601288.SH,火,-0.205027,-0.243549,-0.221261,-0.030074,0.185831,0.03409,-0.028824
2012-06,601288.SH,火,-0.280204,-0.229253,-0.186157,0.168735,0.057024,-0.050194,-0.013606
2012-07,601288.SH,土,-0.174696,-0.134621,-0.031373,0.493825,0.090942,-0.027778,-0.0
2012-08,601288.SH,金,-0.0926,0.049369,0.208052,0.463317,0.136617,-0.004033,-0.010132
2012-09,601288.SH,金,0.213551,0.393892,0.678384,0.20464,-0.0,0.01626,0.006079
2012-10,601288.SH,土,0.601032,0.973822,1.303789,0.157775,-0.026577,0.02,0.011929
2012-11,601288.SH,水,1.433413,1.763529,0.772522,0.102499,-0.066105,0.007692,0.046974
2012-12,601288.SH,水,2.138428,0.512793,-0.135385,-0.228112,-0.140243,-0.114286,0.151086
2013-01,601288.SH,土,-0.2708,-0.546186,-0.418157,-0.367252,-0.222586,-0.227273,0.059895
2013-02,601288.SH,木,-0.71757,-0.480261,-0.314251,-0.322123,-0.165217,-0.223333,0.055146
2013-03,601288.SH,木,-0.043554,0.068545,-0.310895,-0.142661,-0.107139,-0.103703,0.165873
2013-04,601288.SH,土,0.193782,-0.415079,-0.311893,-0.10138,-0.150625,-0.100371,0.213309
2013-05,601288.SH,火,-0.713404,-0.477579,-0.329904,-0.078962,-0.190424,-0.087911,0.154701
2013-06,601288.SH,火,-0.047704,0.024638,0.066644,0.016327,-0.021621,0.024391,0.22806
2013-07,601288.SH,土,0.102476,0.128869,0.173536,-0.056327,-0.016292,0.028572,0.18494
2013-08,601288.SH,金,0.155894,0.210765,0.265954,-0.110147,0.010812,-0.016193,0.10024
2013-09,601288.SH,金,0.268242,0.324853,-0.031618,-0.062975,0.010682,-0.003999,0.100909
2013-10,601288.SH,土,0.383992,-0.153807,-0.241166,-0.099361,-0.015655,0.003922,0.109673
2013-11,601288.SH,水,-0.482625,-0.438108,-0.374512,-0.096773,-0.095503,0.087786,0.09649
2013-12,601288.SH,水,-0.389759,-0.312258,-0.093317,0.032519,0.005381,0.495967,0.141237
2014-01,601288.SH,土,-0.224914,0.105179,0.068944,0.121109,0.102091,0.453782,0.12085
2014-02,601288.SH,木,0.575852,0.255329,0.304293,0.087681,0.308133,0.433477,0.132812
2014-03,601288.SH,木,0.0,0.186601,0.17582,0.058688,0.76771,0.516528,0.14992
2014-04,601288.SH,土,0.408023,0.275004,0.17582,0.119049,0.610698,0.636362,0.135455
2014-05,601288.SH,火,0.154552,0.074501,-0.092957,0.310057,0.479321,0.461846,0.131868
2014-06,601288.SH,火,0.0,-0.196039,-0.046776,1.167434,0.650771,0.472221,0.126873
2014-07,601288.SH,土,-0.353646,-0.069336,0.065018,0.885171,0.826946,0.365079,0.110913
2014-08,601288.SH,金,0.340032,0.367099,0.892137,0.889208,0.713929,0.230452,0.149343
2014-09,601288.SH,金,0.394714,1.248388,3.928294,1.172365,0.701763,0.216867,0.121173
2014-10,601288.SH,土,2.624579,8.26408,2.33691,1.39282,0.48283,0.226563,0.111025
2014-11,601288.SH,水,22.678111,2.201754,0.886283,0.631222,0.066028,0.105264,0.061281
2014-12,601288.SH,水,-0.567059,-0.467602,-0.042433,1e-06,-0.236588,-0.129379,-0.085898
2015-01,601288.SH,土,-0.345296,0.424095,0.715836,-0.011527,-0.121372,-0.135837,-0.036803
2015-02,601288.SH,木,2.097657,1.777737,0.410649,-0.1986,-0.075119,-0.104789,-0.013564
2015-03,601288.SH,木,1.490859,-0.048055,0.044316,-0.318362,-0.156569,-0.128064,-0.046017
2015-04,601288.SH,土,-0.63619,-0.323803,-0.430552,-0.371262,-0.312453,-0.21212,-0.076129
2015-05,601288.SH,火,0.256815,-0.287567,-0.544718,-0.251108,-0.230703,-0.123625,-0.013831
2015-06,601288.SH,火,-0.596154,-0.725979,-0.555087,-0.242019,-0.178951,-0.137465,-0.025942
2015-07,601288.SH,土,-0.814069,-0.533013,-0.305799,-0.244514,-0.122065,-0.095929,0.038503
2015-08,601288.SH,金,0.172891,0.34138,0.231852,3e-06,0.090168,0.07358,0.122885
2015-09,601288.SH,金,0.534073,0.262436,0.291341,0.115362,0.075501,0.033005,0.122821
2015-10,601288.SH,土,0.038897,0.184782,-0.177818,-0.012697,-0.012717,0.006371,0.091368
2015-11,601288.SH,水,0.351153,-0.268582,-0.18821,0.025559,0.025478,0.019049,0.089634
2015-12,601288.SH,水,-0.604063,-0.370765,-0.036636,-0.018488,-0.041065,-0.040247,0.088926
2016-01,601288.SH,土,0.0,0.502701,0.185587,0.081879,0.076518,0.073579,0.221327
2016-02,601288.SH,木,1.258109,0.290922,0.295621,0.152571,0.09929,0.086957,0.175275
2016-03,601288.SH,木,-0.262002,-0.018604,1e-06,-0.043271,-0.041447,0.04375,0.105385
2016-04,601288.SH,土,0.305069,0.164054,-0.012758,0.025806,0.038646,0.083334,0.105059
2016-05,601288.SH,火,0.038275,-0.141345,0.025315,0.01258,0.025157,0.109718,0.060845
2016-06,601288.SH,火,-0.289891,0.018895,-0.084671,-0.061523,0.058755,0.099999,0.036822
2016-07,601288.SH,土,0.461955,0.03921,0.065877,0.065343,0.117399,0.192925,0.081859
2016-08,601288.SH,金,-0.261293,-0.089891,3e-06,0.025079,0.139369,0.174455,0.063411
2016-09,601288.SH,金,0.121282,0.163498,-0.037789,0.138687,0.169493,0.220448,0.114815
2016-10,601288.SH,土,0.207304,-0.108651,0.06481,0.144087,0.238555,0.183545,0.106655
2016-11,601288.SH,水,-0.341919,0.0,0.050784,0.216175,0.239124,0.165109,0.054586
2016-12,601288.SH,水,0.51957,0.327792,0.347531,0.289321,0.321099,0.235484,0.077632
2017-01,601288.SH,土,0.160218,0.268959,0.229266,0.335785,0.225995,0.389408,0.076512
2017-02,601288.SH,木,0.387892,0.265316,0.407598,0.345598,0.205918,0.270769,0.08131
2017-03,601288.SH,木,0.153566,0.417555,0.233627,0.308079,0.200245,0.170659,0.056772
2017-04,601288.SH,土,0.741957,0.275717,0.451535,0.224363,0.447297,0.12722,0.054716
2017-05,601288.SH,火,-0.065732,0.32502,0.28633,0.116188,0.228182,0.014125,0.019582
2017-06,601288.SH,火,0.879203,0.50936,0.387024,0.183894,0.150392,-0.022727,0.0113
2017-07,601288.SH,土,0.212305,0.191623,0.032745,0.445183,0.036101,-0.018867,-0.014936
2017-08,601288.SH,金,0.171295,-0.046801,-0.031449,0.200102,-0.063147,-0.037134,-0.050339
2017-09,601288.SH,金,-0.224287,-0.119254,0.010513,0.047676,-0.130385,0.018325,-0.048286
2017-10,601288.SH,土,0.0,0.153354,1.022334,0.037784,-0.035491,0.03476,-0.01346
2017-11,601288.SH,水,0.330225,1.875937,0.48701,-0.078605,-0.039022,-0.045454,-0.016174
2017-12,601288.SH,水,5.217755,0.572201,0.086205,-0.193287,0.020942,-0.060052,-0.018448
2018-01,601288.SH,土,-0.602458,-0.546005,-0.467449,-0.33391,-0.172372,-0.165919,-0.11161
2018-02,601288.SH,木,-0.481535,-0.383618,-0.429077,-0.227473,-0.176574,-0.079903,-0.091339
2018-03,601288.SH,木,-0.267208,-0.40089,-0.400862,-0.010203,-0.104289,-0.046036,-0.071619
2018-04,601288.SH,土,-0.510185,-0.458249,-0.166884,0.031745,-0.031371,-0.013124,-0.047039
2018-05,601288.SH,火,-0.400807,0.086531,0.04532,-0.011109,0.078745,0.025069,-0.026823
2018-06,601288.SH,火,0.970233,0.380673,0.635179,0.095188,0.113954,0.046512,-0.008759
2018-07,601288.SH,土,-0.03247,0.489667,0.277729,0.044439,0.044196,-0.010989,-0.058001
2018-08,601288.SH,金,1.293581,0.468339,-0.064493,0.095856,0.018406,-0.063362,-0.05963
2018-09,601288.SH,金,-0.059977,-0.402533,-0.266479,-0.080571,-0.098144,-0.110541,-0.097277
2018-10,601288.SH,土,-0.620258,-0.352038,-0.146256,-0.056041,-0.091925,-0.059433,-0.097807
2018-11,601288.SH,水,0.105629,0.280108,0.283689,0.062571,-0.062985,0.014003,-0.040017
2018-12,601288.SH,水,0.482121,0.383199,0.152456,-2e-06,-0.051515,0.024998,-0.066073
2019-01,601288.SH,土,0.29088,0.016236,0.043709,-0.063476,-0.028572,-0.053765,-0.079797
2019-02,601288.SH,木,-0.199976,-0.061518,-0.120458,-0.199447,-0.062656,-0.102632,-0.073774
2019-03,601288.SH,木,0.100902,-0.077783,-0.13229,-0.139534,-0.014275,-0.096515,-0.04526
2019-04,601288.SH,土,-0.227466,-0.229652,-0.159654,-0.062813,-0.084189,-0.079788,-0.077469
2019-05,601288.SH,火,-0.231831,-0.123547,-0.271342,-0.032345,-0.09661,-0.076087,-0.058794
2019-06,601288.SH,火,0.0,-0.290329,-0.146716,0.050623,-0.084265,-0.061111,-0.082576
2019-07,601288.SH,土,-0.496367,-0.211793,0.045188,-0.043952,-0.051514,-0.102778,-0.097842
2019-08,601288.SH,金,0.233576,0.505686,0.285042,0.005891,-0.0,-0.055883,-0.066947
2019-09,601288.SH,金,0.837819,0.311575,0.2936,-0.051346,-0.030709,-0.083815,-0.078202
2019-10,601288.SH,土,-0.063983,0.085297,-0.125489,-0.096456,-0.14729,-0.134615,-0.101283
2019-11,601288.SH,水,0.258385,-0.15471,-0.212621,-0.117853,-0.148086,-0.09116,-0.103413
2019-12,601288.SH,水,-0.432196,-0.37717,-0.304311,-0.160962,-0.183335,-0.149052,-0.107392
2020-01,601288.SH,土,-0.316811,-0.229941,-0.066458,-0.157985,-0.137636,-0.105114,-0.082989
2020-02,601288.SH,木,-0.132025,0.091265,-0.011679,-0.113862,-0.046644,-0.043988,-0.065173
2020-03,601288.SH,木,0.371997,0.054614,0.011923,-0.115173,-0.089949,0.008902,-0.043994
2020-04,601288.SH,土,-0.189349,-0.13095,-0.240538,-0.171163,-0.11764,-0.075145,-0.059578
2020-05,601288.SH,火,-0.068345,-0.264908,-0.205481,-0.06366,-0.054522,-0.041177,-0.055979
2020-06,601288.SH,火,-0.42,-0.266282,-0.226305,-0.136972,0.007897,-0.103551,-0.054753
2020-07,601288.SH,土,-0.071825,-0.106406,-0.09545,-0.048923,-0.012365,-0.092879,-0.060663
2020-08,601288.SH,金,-0.139698,-0.107037,0.103476,0.031396,0.020822,-0.077881,-0.057742
2020-09,601288.SH,金,-0.073135,0.249738,-0.037323,0.150375,-0.058448,-0.072555,-0.050153
2020-10,601288.SH,土,0.685085,-0.018901,-2e-06,0.031997,-0.09202,-0.066667,-0.063949
2020-11,601288.SH,水,-0.42878,-0.22965,-0.035977,-0.018154,-0.13145,-0.115501,-0.064382
2020-12,601288.SH,水,0.038897,0.252361,0.37467,-0.068836,-0.08401,-0.063694,-0.03732
2021-01,601288.SH,土,0.509685,0.58129,0.06502,-0.134804,-0.087886,-0.060317,-0.038849
2021-02,601288.SH,木,0.656292,-0.105473,-1e-06,-0.17558,-0.140524,-0.085889,-0.051963
2021-03,601288.SH,木,-0.516885,-0.222983,-0.369254,-0.252284,-0.176195,-0.094118,-0.043597
2021-04,601288.SH,土,0.249716,-0.279297,-0.297136,-0.155898,-0.098728,-0.04375,0.033804
2021-05,601288.SH,火,-0.584375,-0.47289,-0.320331,-0.203197,-0.112847,-0.070552,0.039113
2021-06,601288.SH,火,-0.3315,-0.130848,-0.113622,-0.058524,0.022063,-0.0033,0.07936
2021-07,601288.SH,土,0.130029,0.020652,0.013721,0.020583,0.059591,-0.027303,0.111528
2021-08,601288.SH,金,-0.078137,-0.039863,-0.065875,0.013559,0.031654,-0.037162,0.081166
2021-09,601288.SH,金,0.0,-0.059683,-1e-06,0.097506,0.036445,-0.02721,0.106567
2021-10,601288.SH,土,-0.115804,-1e-06,0.02749,0.083298,-0.040606,-0.061224,0.105029
2021-11,601288.SH,水,0.130969,0.107624,0.099749,0.084174,-0.027396,-0.010309,0.121487
2021-12,601288.SH,水,0.084761,0.084464,0.204521,0.055163,-0.036115,-0.010203,0.112698
2022-01,601288.SH,土,0.084166,0.269272,0.142137,-0.072943,-0.089059,-0.016891,0.146381
2022-02,601288.SH,木,0.485981,0.172275,0.06882,-0.085345,-0.04449,-0.016778,0.185766
2022-03,601288.SH,木,-0.075204,-0.093537,-0.075675,-0.137754,-0.072907,0.009741,0.171912
2022-04,601288.SH,土,-0.111507,-0.075911,-0.24752,-0.186465,-0.064818,0.117647,0.199129
2022-05,601288.SH,火,-0.038889,-0.307507,-0.217273,-0.096558,-0.043759,0.161717,0.20368
2022-06,601288.SH,火,-0.50105,-0.293636,-0.195664,-0.07152,0.039932,0.168875,0.201544
2022-07,601288.SH,土,0.0,0.02124,-0.120456,0.042549,0.27519,0.270176,0.269065
2022-08,601288.SH,金,0.04293,-0.175129,0.042775,0.056929,0.325146,0.214035,0.259351
2022-09,601288.SH,金,-0.347596,0.042697,0.071786,0.182466,0.32397,0.258741,0.2955
2022-10,601288.SH,土,0.666478,0.373737,0.235765,0.535442,0.435707,0.300724,0.309109
2022-11,601288.SH,水,0.132421,0.064152,0.071276,0.493827,0.277159,0.270833,0.292338
2022-12,601288.SH,水,0.0,0.041953,0.304575,0.47151,0.328044,0.250859,0.35464
2023-01,601288.SH,土,0.085666,0.49006,0.907793,0.547501,0.323127,0.336769,0.331613
2023-02,601288.SH,木,1.045083,1.528999,1.083047,0.394494,0.345295,0.430034,0.323197
2023-03,601288.SH,木,2.127422,1.102293,0.659805,0.339936,0.23345,0.360129,0.290579
2023-04,601288.SH,土,0.413188,0.209184,0.255252,0.101886,0.187312,0.286551,0.258886
2023-05,601288.SH,火,0.03463,0.183032,-0.066457,0.081127,0.261523,0.24716,0.253404
2023-06,601288.SH,火,0.352719,-0.113235,0.08171,0.063295,0.272784,0.235127,0.290628
2023-07,601288.SH,土,-0.418687,-0.032698,-0.032742,0.154734,0.297156,0.267955,0.319216
2023-08,601288.SH,金,0.609588,0.247695,0.252044,0.466479,0.373572,0.306357,0.424395
2023-09,601288.SH,金,-0.032831,0.104262,0.045193,0.380628,0.290958,0.333333,0.361168
2023-10,601288.SH,土,0.260787,0.086535,0.378547,0.502164,0.387686,0.317549,0.48905
2023-11,601288.SH,水,-0.063633,0.44149,0.717641,0.43869,0.32498,0.314207,0.482133
2023-12,601288.SH,水,1.219101,1.326352,0.823713,0.434729,0.446059,0.467031,0.452545
2024-01,601288.SH,土,1.438787,0.653279,0.636866,0.392278,0.297822,0.326477,0.314346
2024-02,601288.SH,木,0.120775,0.341012,0.205042,0.163719,0.202009,0.224342,0.235898
2024-03,601288.SH,木,0.604527,0.249522,0.128712,0.287658,0.364375,0.224585,0.258539
2024-04,601288.SH,土,-0.026938,-0.053324,0.184237,0.155623,0.236693,0.231817,0.254083
2024-05,601288.SH,火,-0.078995,0.306434,0.123813,0.200495,0.230844,0.25968,0.231699
2024-06,601288.SH,火,0.85316,0.241394,0.468987,0.500061,0.258319,0.348623,
2024-07,601288.SH,土,-0.168415,0.307887,0.1277,0.263786,0.248098,0.372549,
2024-08,601288.SH,金,1.056999,0.31322,0.28241,0.288124,0.308526,0.553098,
2024-09,601288.SH,金,-0.161621,0.012565,0.531793,0.164601,0.310734,0.389583,
2024-10,601288.SH,土,0.222941,1.070521,0.416294,0.313034,0.465455,0.682874,
2024-11,601288.SH,水,2.50553,0.524148,0.293864,0.321783,0.655476,0.671517,
2024-12,601288.SH,水,-0.337325,-0.213939,-0.11457,0.212473,0.345177,0.438202,
2025-01,601288.SH,土,-0.06758,0.023485,0.217304,0.490672,0.782452,0.302325,
2025-02,601288.SH,木,0.123443,0.390889,0.350303,0.872579,0.820475,0.247563,
2025-03,601288.SH,木,0.722004,0.480375,0.660312,0.658028,0.690603,0.293436,
2025-04,601288.SH,土,0.27265,0.630299,0.82543,1.156886,0.331966,0.276752,
2025-05,601288.SH,火,1.088458,1.186217,1.596862,1.113788,0.215084,0.20434,
2025-06,601288.SH,火,1.288552,1.895746,0.655748,0.705955,0.190136,,
2025-07,601288.SH,土,2.664039,0.408352,1.548527,0.137776,0.133323,,
2025-08,601288.SH,金,-0.45867,1.125464,0.720577,-0.168839,-0.067785,,
2025-09,601288.SH,金,7.345368,2.067468,0.757684,0.009015,,,
2025-10,601288.SH,土,0.127495,-0.193344,-0.492046,-0.244236,,,
2025-11,601288.SH,水,-0.422885,-0.659059,-0.59849,-0.313822,,,
2025-12,601288.SH,水,-0.798583,-0.665102,-0.420766,,,,
2026-01,601288.SH,土,-0.443162,-0.017725,0.124469,,,,
2026-02,601288.SH,木,0.732758,0.597928,0.172675,,,,
2026-03,601288.SH,木,0.473589,-0.035288,,,,,
2026-04,601288.SH,土,-0.368434,,,,,,
2026-05,601288.SH,火,,,,,,,
2012-09,801010.SI,金,-0.339929,-0.571735,0.071041,0.042772,-0.108011,0.119243,0.18059
2012-10,801010.SI,土,-0.722134,0.364313,0.585714,0.035061,-0.042198,0.182688,0.196427
2012-11,801010.SI,水,5.698736,2.788086,1.649228,0.630645,0.222056,0.415016,0.300057
2012-12,801010.SI,水,1.142135,0.666029,0.015249,-0.185978,0.135787,0.172881,0.167768
2013-01,801010.SI,土,0.295741,-0.301067,-0.324372,-0.255608,0.072552,0.011831,0.190406
2013-02,801010.SI,木,-0.62299,-0.512132,0.00369,-0.170002,0.148088,-0.003215,0.191773
2013-03,801010.SI,木,-0.368678,0.637656,-0.347321,0.201321,0.230687,0.028753,0.365452
2013-04,801010.SI,土,3.248096,-0.336374,-0.179846,0.351369,0.157643,0.048165,0.47497
2013-05,801010.SI,火,-0.89633,-0.639632,-0.313636,0.227901,-0.005505,-0.046465,0.549646
2013-06,801010.SI,火,0.252678,0.766058,1.211152,0.689941,0.197242,0.169134,0.638818
2013-07,801010.SI,土,1.489834,1.937704,1.226652,0.375353,0.137473,0.262127,0.553823
2013-08,801010.SI,金,2.466138,1.105684,1.196708,0.197089,0.063974,0.219588,0.385107
2013-09,801010.SI,金,0.279207,0.748781,0.29159,-0.119025,-0.054606,0.2453,0.267769
2013-10,801010.SI,土,1.390728,0.297826,-0.150475,-0.187009,0.044527,0.210326,0.347449
2013-11,801010.SI,水,-0.295465,-0.493593,-0.34765,-0.259525,0.002367,0.194437,0.342131
2013-12,801010.SI,水,-0.636005,-0.372274,-0.3991,-0.19117,0.230242,0.162679,0.392484
2014-01,801010.SI,土,0.082539,-0.227932,-0.221972,0.158221,0.361898,0.400499,0.26171
2014-02,801010.SI,木,-0.449361,-0.340415,-0.159496,0.242509,0.461249,0.424904,0.271568
2014-03,801010.SI,木,-0.209914,0.038428,0.088709,0.760293,0.448812,0.812349,0.395244
2014-04,801010.SI,土,0.36483,0.278,0.724202,0.801853,0.703643,1.075567,0.382305
2014-05,801010.SI,火,0.196693,0.937951,0.836789,0.92671,0.69903,1.518422,0.364485
2014-06,801010.SI,火,2.13836,1.275609,1.84615,0.671331,1.147923,1.297192,0.36511
2014-07,801010.SI,土,0.650033,1.710413,0.883002,0.693456,1.207936,0.912936,0.311642
2014-08,801010.SI,金,3.452236,1.011545,1.021033,0.634074,1.79781,0.573089,0.305813
2014-09,801010.SI,金,-0.091172,0.361667,-0.018553,0.865946,1.138834,0.290643,0.206436
2014-10,801010.SI,土,1.040141,0.019905,0.52299,1.390861,0.923019,0.500106,0.230942
2014-11,801010.SI,水,-0.490131,0.315877,0.321205,2.291854,0.447039,0.508088,0.210923
2014-12,801010.SI,水,2.396032,1.126796,2.547571,2.157419,0.41401,0.667712,0.234771
2015-01,801010.SI,土,0.331925,2.625858,2.753286,1.160861,0.492555,0.136676,0.156724
2015-02,801010.SI,木,8.870559,5.300536,7.201835,0.514381,0.576083,0.134733,0.15442
2015-03,801010.SI,木,3.021733,6.476454,1.810174,-0.107285,0.296734,0.074135,0.032764
2015-04,801010.SI,土,12.898827,1.349056,0.244062,-0.058783,-0.236671,-0.0794,-0.053572
2015-05,801010.SI,火,-0.602984,-0.627802,-0.720386,-0.309104,-0.413113,-0.26072,-0.188172
2015-06,801010.SI,火,-0.651069,-0.765343,-0.716409,-0.119134,-0.220468,-0.188782,-0.145643
2015-07,801010.SI,土,-0.842192,-0.744336,-0.287907,-0.402075,-0.167315,-0.100647,-0.114694
2015-08,801010.SI,金,-0.585801,0.512659,0.707131,-0.149739,0.022254,0.083949,-0.02184
2015-09,801010.SI,金,4.524241,2.465737,1.736066,0.292422,0.151559,0.127724,0.010423
2015-10,801010.SI,土,1.174295,0.925545,-0.497939,-0.099565,-0.027861,0.010074,-0.039637
2015-11,801010.SI,水,0.705253,-0.758746,-0.576516,-0.208949,-0.068343,-0.027687,-0.089836
2015-12,801010.SI,水,-0.965868,-0.788962,-0.389505,-0.252922,-0.160743,-0.085778,-0.106225
2016-01,801010.SI,土,0.304855,1.58192,0.61491,0.35274,0.275124,0.177127,0.029426
2016-02,801010.SI,木,4.108851,0.796559,0.477652,0.381865,0.282711,0.174449,-0.019643
2016-03,801010.SI,木,-0.368229,-0.205312,-0.085783,-0.015986,0.045943,-0.007012,-0.085282
2016-04,801010.SI,土,-0.000384,0.099751,0.133131,0.133064,0.059371,-0.027019,-0.082971
2016-05,801010.SI,火,0.209916,0.206434,0.292287,0.195108,0.087897,-0.108503,-0.055877
2016-06,801010.SI,火,0.202961,0.335552,0.05914,0.118762,0.020725,-0.100211,-0.128068
2016-07,801010.SI,土,0.482758,-0.006188,0.132998,0.024312,-0.075205,-0.128521,-0.131803
2016-08,801010.SI,金,-0.333902,-0.009605,0.105237,-0.001835,-0.212277,-0.117305,-0.184291
2016-09,801010.SI,金,0.472579,0.423685,0.181739,0.002043,-0.147809,-0.094677,-0.159143
2016-10,801010.SI,土,0.376413,0.058628,-0.073949,-0.164486,-0.201516,-0.086902,-0.193835
2016-11,801010.SI,水,-0.185788,-0.240412,-0.098533,-0.334984,-0.18104,-0.148012,-0.181308
2016-12,801010.SI,水,-0.291372,-0.05146,-0.150328,-0.276324,-0.171618,-0.126215,-0.176793
2017-01,801010.SI,土,0.269675,-0.069605,-0.246172,-0.258551,-0.09118,-0.099741,-0.150307
2017-02,801010.SI,木,-0.318223,-0.419152,-0.509414,-0.219417,-0.163894,-0.181658,-0.07086
2017-03,801010.SI,木,-0.505139,-0.583849,-0.383636,-0.182062,-0.118026,-0.157383,0.02354
2017-04,801010.SI,土,-0.650039,-0.312117,-0.270726,-0.002114,-0.044863,-0.135705,0.084232
2017-05,801010.SI,火,0.352102,0.052751,0.242004,0.091527,-0.029472,-0.000145,0.122897
2017-06,801010.SI,火,-0.180324,0.190364,0.085433,0.055031,-0.064821,-0.155062,0.063413
2017-07,801010.SI,土,0.728691,0.24906,0.365436,0.093083,-0.085355,-0.135073,0.110743
2017-08,801010.SI,金,-0.097495,0.213523,-0.040719,-0.142073,-0.069874,-0.246194,0.090167
2017-09,801010.SI,金,0.631724,-0.011006,0.02548,-0.131959,-0.222742,-0.219017,0.047098
2017-10,801010.SI,土,-0.400567,-0.187043,-0.124946,-0.251412,-0.257182,-0.288245,0.08866
2017-11,801010.SI,水,0.102541,0.05726,-0.232717,-0.084117,-0.304393,-0.213303,0.057552
2017-12,801010.SI,水,0.013839,-0.359918,-0.265227,-0.323318,-0.286798,-0.224443,0.062086
2018-01,801010.SI,土,-0.595887,-0.374474,-0.3596,-0.315606,-0.335601,-0.198032,0.039997
2018-02,801010.SI,木,-0.031748,-0.193831,0.093262,-0.337679,-0.206723,0.054939,0.123674
2018-03,801010.SI,木,-0.328782,0.161696,-0.376817,-0.297345,-0.210352,0.24331,0.187055
2018-04,801010.SI,土,1.01058,-0.39953,-0.26859,-0.323266,-0.135578,0.360136,0.205032
2018-05,801010.SI,火,-0.820666,-0.558856,-0.598753,-0.324266,0.042465,0.261081,0.144528
2018-06,801010.SI,火,0.085175,-0.399812,-0.207737,-0.111121,0.565192,0.338379,0.266543
2018-07,801010.SI,土,-0.668048,-0.323054,-0.373854,-0.060259,0.67259,0.426419,0.36082
2018-08,801010.SI,金,0.380488,-0.140045,0.137991,0.680298,0.847225,0.576619,0.460103
2018-09,801010.SI,金,-0.464304,0.033218,-0.002722,1.19997,0.593979,0.403892,0.310182
2018-10,801010.SI,土,0.992806,0.360708,0.410395,1.733672,0.876886,0.665151,0.313388
2018-11,801010.SI,水,-0.070894,0.18653,1.48104,1.353478,0.757611,0.421659,0.295648
2018-12,801010.SI,水,0.515279,3.054322,3.853076,1.015188,0.573401,0.454474,0.31167
2019-01,801010.SI,土,9.847856,7.685192,4.298487,1.165142,0.759913,0.348673,0.291209
2019-02,801010.SI,木,5.953684,2.703018,1.232474,0.479337,0.180817,0.196887,0.21671
2019-03,801010.SI,木,0.971954,0.264947,-0.163215,-0.104118,-0.02665,0.133346,0.078992
2019-04,801010.SI,土,-0.188576,-0.454904,-0.115249,0.014287,-0.145278,0.067615,0.049468
2019-05,801010.SI,火,-0.633818,-0.076137,-0.019725,-0.141222,-0.027681,0.038748,0.033347
2019-06,801010.SI,火,1.330866,0.603885,-0.040848,0.049775,0.253946,0.198562,0.057315
2019-07,801010.SI,土,0.103644,-0.384721,0.16279,-0.159908,0.136613,0.298238,-0.054849
2019-08,801010.SI,金,-0.656983,0.193541,-0.247661,-0.031635,0.059004,0.352198,-0.0609
2019-09,801010.SI,金,3.152971,0.114198,0.14896,0.433753,0.290976,0.222726,0.027152
2019-10,801010.SI,土,-0.701072,-0.395664,-0.39305,0.123746,0.346807,0.035934,-0.01906
2019-11,801010.SI,水,0.221773,-0.135139,0.24642,0.256433,0.644053,0.180806,0.03312
2019-12,801010.SI,水,-0.387788,0.25893,0.789137,0.368437,0.248353,0.182886,0.060448
2020-01,801010.SI,土,1.588816,2.058543,1.080575,1.006233,0.238014,0.236193,0.05717
2020-02,801010.SI,木,2.613499,0.865196,0.266527,0.888171,0.159712,0.236861,0.019942
2020-03,801010.SI,木,-0.037233,-0.250179,0.046661,0.042759,0.030488,0.027244,-0.019102
2020-04,801010.SI,土,-0.416025,0.091311,0.934548,-0.045015,0.039251,0.03163,-0.082355
2020-05,801010.SI,火,1.039403,2.52105,1.814935,0.109732,0.227127,0.027974,-0.036185
2020-06,801010.SI,火,5.079128,2.307128,0.038872,0.022495,0.020852,-0.067287,-0.04546
2020-07,801010.SI,土,0.799122,-0.57054,-0.528574,-0.238288,-0.163424,-0.311905,-0.098973
2020-08,801010.SI,金,-0.897486,-0.758682,-0.56251,-0.189785,-0.265226,-0.347796,-0.11847
2020-09,801010.SI,金,-0.431939,-0.096227,0.006376,0.011959,-0.100206,-0.13714,-0.082384
2020-10,801010.SI,土,0.437884,0.3395,0.230745,0.114426,-0.219463,-0.071134,-0.090365
2020-11,801010.SI,水,0.247848,0.13865,0.500488,-0.04776,-0.254944,-0.096094,-0.080458
2020-12,801010.SI,水,0.039009,0.645387,0.017573,-0.149185,-0.180277,-0.049317,-0.082403
2021-01,801010.SI,土,1.605654,0.007022,0.0091,-0.378407,-0.154304,-0.095926,-0.068952
2021-02,801010.SI,木,-0.61081,-0.372024,-0.395689,-0.474991,-0.236598,-0.158933,-0.102777
2021-03,801010.SI,木,0.013268,-0.246974,-0.288616,-0.264271,-0.070622,-0.063356,-0.07594
2021-04,801010.SI,土,-0.440377,-0.403935,-0.617107,-0.225798,-0.128447,-0.183746,-0.096099
2021-05,801010.SI,火,-0.365118,-0.683285,-0.543886,-0.141975,-0.060953,-0.09634,-0.121749
2021-06,801010.SI,火,-0.842004,-0.613398,-0.239094,0.062274,0.026593,-0.023123,-0.09171
2021-07,801010.SI,土,-0.054019,0.669837,0.565422,0.314927,0.050528,0.179852,0.007973
2021-08,801010.SI,金,1.947578,1.01375,0.614084,0.347392,0.134964,0.191491,-0.031883
2021-09,801010.SI,金,0.37577,0.194418,0.483003,0.192426,0.061719,-0.024152,-0.086408
2021-10,801010.SI,土,0.036972,0.539714,0.104516,-0.139411,0.073724,-0.109197,-0.096639
2021-11,801010.SI,水,1.286195,0.13992,0.124765,-0.048279,0.076827,-0.064551,-0.085851
2021-12,801010.SI,水,-0.431625,-0.211074,-0.041215,-0.101655,-0.15122,-0.114338,-0.122851
2022-01,801010.SI,土,0.095058,0.245272,-0.329468,0.058652,-0.170814,-0.041172,-0.163442
2022-02,801010.SI,木,0.41609,-0.4753,-0.1947,0.053629,-0.12029,-0.042872,-0.14369
2022-03,801010.SI,木,-0.805584,-0.392717,-0.158285,-0.201394,-0.137451,-0.088355,-0.144932
2022-04,801010.SI,土,0.89693,0.751387,0.671424,-0.077922,0.080225,0.000959,-0.088008
2022-05,801010.SI,火,0.61701,0.568933,0.378536,-0.080546,0.013851,-0.146442,-0.093
2022-06,801010.SI,火,0.522284,0.27283,-0.242296,-0.126842,-0.063777,-0.155481,-0.161365
2022-07,801010.SI,土,0.064254,-0.465434,-0.491315,-0.131584,-0.156291,-0.138867,-0.177042
2022-08,801010.SI,金,-0.731491,-0.648317,-0.386743,-0.130535,-0.272492,-0.21338,-0.21423
2022-09,801010.SI,金,-0.539379,-0.073203,0.006204,0.040685,-0.124386,-0.144692,-0.092715
2022-10,801010.SI,土,0.864769,0.487159,0.482541,0.086587,0.026307,-0.083905,-0.073739
2022-11,801010.SI,水,0.186013,0.321897,0.232714,-0.207616,-0.145316,-0.106665,-0.098668
2022-12,801010.SI,水,0.473349,0.256749,0.076348,-0.183181,-0.189784,-0.131282,-0.123566
2023-01,801010.SI,土,0.071992,-0.080025,-0.203616,-0.146089,-0.219718,-0.27012,-0.150568
2023-02,801010.SI,木,-0.210485,-0.313584,-0.490658,-0.288332,-0.197586,-0.233889,-0.152162
2023-03,801010.SI,木,-0.403219,-0.590896,-0.380132,-0.297049,-0.191176,-0.197998,-0.135379
2023-04,801010.SI,土,-0.719552,-0.368255,-0.084405,-0.227646,-0.29103,-0.169067,-0.10175
2023-05,801010.SI,火,0.423089,0.654357,-0.005636,0.007147,-0.122219,-0.036212,-0.041223
2023-06,801010.SI,火,0.923208,-0.168807,-0.20283,-0.076087,-0.126089,-0.167209,-0.05279
2023-07,801010.SI,土,-0.640766,-0.486769,-0.348477,-0.376136,-0.19551,-0.213524,-0.060728
2023-08,801010.SI,金,-0.266756,-0.122584,0.020094,-0.17528,-0.046194,-0.215078,0.019423
2023-09,801010.SI,金,0.049936,0.203196,0.070808,-0.08499,-0.154984,-0.037579,0.026404
2023-10,801010.SI,土,0.378828,0.0814,-0.402621,-0.106045,-0.162592,-0.06346,0.021277
2023-11,801010.SI,水,-0.15187,-0.606794,-0.333235,-0.077705,-0.280736,-0.090599,0.015292
2023-12,801010.SI,水,-0.817704,-0.408809,-0.218121,-0.249344,-0.071212,-0.11578,0.020571
2024-01,801010.SI,土,0.91725,0.619275,0.33777,-0.008527,0.087974,-0.011435,0.094779
2024-02,801010.SI,木,0.36761,0.117462,0.275755,-0.252956,0.008516,-0.061717,0.064728
2024-03,801010.SI,木,-0.086931,0.232167,-0.279319,0.01229,-0.078772,-0.06787,0.018445
2024-04,801010.SI,土,0.662783,-0.359731,-0.265181,-0.018846,-0.106256,-0.028979,0.03348
2024-05,801010.SI,火,-0.753459,-0.511513,-0.562553,-0.103314,-0.153053,-0.046207,-0.003676
2024-06,801010.SI,火,-0.032133,-0.417301,0.421893,0.041548,0.015596,0.077348,
2024-07,801010.SI,土,-0.64919,0.723425,0.310069,-0.014334,0.06556,0.121754,
2024-08,801010.SI,金,7.466671,1.531658,0.83804,0.178478,0.236792,0.323984,
2024-09,801010.SI,金,-0.242997,-0.143601,-0.237058,-0.141682,-0.017832,0.09464,
2024-10,801010.SI,土,-0.031154,-0.234071,-0.258407,-0.039008,0.065202,0.11368,
2024-11,801010.SI,水,-0.394489,-0.351184,-0.244407,0.014536,0.186839,0.133514,
2024-12,801010.SI,水,-0.304783,-0.155945,-0.034383,0.114379,0.234614,0.177948,
2025-01,801010.SI,土,0.024757,0.138014,0.245299,0.276631,0.275338,0.212404,
2025-02,801010.SI,木,0.263788,0.372777,0.36222,0.487455,0.297598,0.208213,
2025-03,801010.SI,木,0.491165,0.414275,0.286058,0.396028,0.258635,0.112752,
2025-04,801010.SI,土,0.34135,0.19434,0.308752,0.290628,0.201634,0.099956,
2025-05,801010.SI,火,0.063441,0.29275,0.624203,0.266446,0.160849,0.040753,
2025-06,801010.SI,火,0.571506,1.007261,0.515403,0.245144,0.060338,,
2025-07,801010.SI,土,1.563845,0.488107,0.272756,0.151409,0.038042,,
2025-08,801010.SI,金,-0.136273,-0.103249,-0.01251,-0.018607,-0.102743,,
2025-09,801010.SI,金,-0.068963,0.055871,0.023084,-0.113044,,,
2025-10,801010.SI,土,0.197443,0.072466,0.041631,-0.062546,,,
2025-11,801010.SI,水,-0.039468,-0.028498,-0.024666,-0.144719,,,
2025-12,801010.SI,水,-0.017404,-0.017179,-0.231059,,,,
2026-01,801010.SI,土,-0.016955,-0.319776,-0.156305,,,,
2026-02,801010.SI,木,-0.529315,-0.218387,-0.249996,,,,
2026-03,801010.SI,木,0.297934,-0.053261,,,,,
2026-04,801010.SI,土,-0.309429,,,,,,
2026-05,801010.SI,火,,,,,,,
2012-09,801030.SI,金,0.022121,-0.522599,0.104183,0.314817,0.001927,0.095497,0.157703
2012-10,801030.SI,土,-0.777021,0.147652,0.515926,0.17985,0.021638,0.072635,0.161863
2012-11,801030.SI,水,4.906863,2.952621,1.902484,0.798995,0.301175,0.2902,0.261739
2012-12,801030.SI,水,1.644926,1.034587,0.565631,-0.045593,0.092617,0.065357,0.164951
2013-01,801030.SI,土,0.565089,0.204557,-0.081719,-0.1613,-0.044178,-0.05754,0.160048
2013-02,801030.SI,木,-0.072923,-0.296614,0.115039,-0.128798,-0.015341,-0.055448,0.172094
2013-03,801030.SI,木,-0.466332,0.222861,-0.418195,-0.087238,-0.062948,-0.057317,0.274155
2013-04,801030.SI,土,1.802093,-0.392522,-0.233984,-0.024836,-0.04934,-0.043958,0.41244
2013-05,801030.SI,火,-0.868302,-0.599488,-0.319313,-0.074697,-0.106274,-0.117902,0.481704
2013-06,801030.SI,火,0.218015,0.547505,0.431981,0.189205,0.107206,0.078051,0.537873
2013-07,801030.SI,土,0.966126,0.552672,0.241416,0.059057,0.029335,0.14263,0.393429
2013-08,801030.SI,金,0.226163,-0.013561,0.257826,0.024078,-0.0383,0.127707,0.258948
2013-09,801030.SI,金,-0.206417,0.273963,-0.012411,-0.026415,-0.019291,0.223442,0.207537
2013-10,801030.SI,土,1.04513,0.101712,-0.096515,-0.062704,0.11148,0.258512,0.320615
2013-11,801030.SI,水,-0.406508,-0.399489,-0.166232,-0.15909,0.087397,0.233907,0.340583
2013-12,801030.SI,水,-0.392387,-0.011765,-0.04022,-0.022713,0.313971,0.273856,0.405191
2014-01,801030.SI,土,0.607287,0.206269,-0.027628,0.232799,0.405517,0.427871,0.219723
2014-02,801030.SI,木,-0.094695,-0.243687,-0.151887,0.241823,0.406138,0.454452,0.189317
2014-03,801030.SI,木,-0.368158,-0.179113,-0.004888,0.537421,0.39992,0.722181,0.287475
2014-04,801030.SI,土,0.066492,0.248832,0.562974,0.68981,0.62296,1.086714,0.30996
2014-05,801030.SI,火,0.462346,0.892121,0.818301,0.81057,0.74093,1.488894,0.28841
2014-06,801030.SI,火,1.448205,1.02756,1.375272,0.660424,1.06767,1.193822,0.300952
2014-07,801030.SI,土,0.67919,1.339624,0.826939,0.65381,1.297736,0.699276,0.259631
2014-08,801030.SI,金,2.259811,0.90562,0.802871,0.703488,1.76346,0.405462,0.257349
2014-09,801030.SI,金,0.113987,0.340759,0.160712,0.929146,1.136473,0.191838,0.19517
2014-10,801030.SI,土,0.613695,0.184805,0.497088,1.576844,0.658736,0.385782,0.207167
2014-11,801030.SI,水,-0.130094,0.441983,0.609583,2.42135,0.293513,0.456481,0.200661
2014-12,801030.SI,水,1.390275,1.189444,2.20631,1.898571,0.202397,0.550065,0.199816
2015-01,801030.SI,土,1.005487,2.713507,3.435361,0.745992,0.35055,0.041919,0.147441
2015-02,801030.SI,木,5.876204,5.596044,6.272465,0.159577,0.408754,-0.027486,0.132847
2015-03,801030.SI,木,5.327299,6.479078,1.620369,-0.263675,0.216554,-0.037505,0.039618
2015-04,801030.SI,土,7.84052,0.686299,-0.312686,-0.254751,-0.357112,-0.177657,-0.061605
2015-05,801030.SI,火,-0.678344,-0.808356,-0.815108,-0.379971,-0.502682,-0.333037,-0.171492
2015-06,801030.SI,火,-0.885818,-0.859822,-0.793092,-0.171073,-0.310696,-0.228526,-0.110271
2015-07,801030.SI,土,-0.827907,-0.721474,-0.191932,-0.378236,-0.126991,-0.066268,0.00062
2015-08,801030.SI,金,-0.549216,0.751014,1.07925,-0.184371,0.022893,0.124844,0.077973
2015-09,801030.SI,金,5.801602,3.46556,2.3209,0.258137,0.196289,0.198511,0.127558
2015-10,801030.SI,土,1.931843,1.320481,-0.521587,-0.092589,-0.020178,0.051574,0.030387
2015-11,801030.SI,水,0.836604,-0.806743,-0.680053,-0.28255,-0.083454,-0.010225,-0.03109
2015-12,801030.SI,水,-0.979665,-0.86646,-0.52335,-0.281997,-0.146696,-0.071292,-0.05483
2016-01,801030.SI,土,-0.123066,1.307667,0.721095,0.402231,0.367262,0.263649,0.114824
2016-02,801030.SI,木,5.072666,1.411149,0.60881,0.551287,0.442189,0.319613,0.103053
2016-03,801030.SI,木,-0.042655,-0.171929,0.081564,0.14171,0.159949,0.122921,0.018613
2016-04,801030.SI,土,-0.283747,0.149593,0.142441,0.21864,0.139988,0.070824,0.002534
2016-05,801030.SI,火,0.845107,0.442838,0.495821,0.365466,0.235265,0.029181,0.023632
2016-06,801030.SI,火,0.128272,0.346817,0.205201,0.201246,0.137055,0.026111,-0.042899
2016-07,801030.SI,土,0.607695,0.245611,0.29992,0.138764,0.047964,0.0723,-0.037559
2016-08,801030.SI,金,-0.034924,0.168888,0.246472,0.122537,-0.091421,0.033055,-0.088709
2016-09,801030.SI,金,0.415744,0.416586,0.197304,0.104441,-0.027463,0.060805,-0.091226
2016-10,801030.SI,土,0.417428,0.101069,-0.002413,-0.059062,0.005656,0.009627,-0.16066
2016-11,801030.SI,水,-0.144681,-0.163096,0.010925,-0.224284,-0.029631,-0.051515,-0.174069
2016-12,801030.SI,水,-0.181114,0.099042,0.018781,-0.12349,0.018856,-0.038076,-0.189589
2017-01,801030.SI,土,0.475045,0.136343,-0.112494,0.009715,0.013672,-0.016473,-0.181098
2017-02,801030.SI,木,-0.124587,-0.311579,-0.404768,-0.049294,-0.071459,-0.077967,-0.12499
2017-03,801030.SI,木,-0.458629,-0.509179,-0.245893,0.018893,-0.056315,-0.076007,-0.078816
2017-04,801030.SI,土,-0.555009,-0.109975,0.148752,0.08333,0.01779,-0.0614,-0.061579
2017-05,801030.SI,火,0.780137,0.845711,0.518468,0.159734,0.066841,0.018112,-0.074976
2017-06,801030.SI,火,0.913701,0.402432,0.376652,0.05566,-0.011263,-0.107269,-0.099336
2017-07,801030.SI,土,0.027755,0.167614,0.021634,-0.041981,-0.122531,-0.136163,-0.123966
2017-08,801030.SI,金,0.326505,0.018587,-0.11425,-0.105776,-0.108902,-0.196121,-0.13803
2017-09,801030.SI,金,-0.217855,-0.276211,-0.190486,-0.162068,-0.227285,-0.221469,-0.140371
2017-10,801030.SI,土,-0.330213,-0.176445,-0.101635,-0.186795,-0.183147,-0.302226,-0.135585
2017-11,801030.SI,水,0.012624,0.040426,-0.09722,-0.106216,-0.221693,-0.280788,-0.122056
2017-12,801030.SI,水,0.06899,-0.14759,-0.132652,-0.245052,-0.231531,-0.317237,-0.079057
2018-01,801030.SI,土,-0.32029,-0.218726,-0.263882,-0.221086,-0.35859,-0.318168,-0.082288
2018-02,801030.SI,木,-0.101985,-0.233946,-0.115122,-0.277338,-0.333272,-0.169615,-0.068152
2018-03,801030.SI,木,-0.346516,-0.121618,-0.342886,-0.27666,-0.369582,-0.081616,-0.104483
2018-04,801030.SI,土,0.180679,-0.341063,-0.175802,-0.401272,-0.335358,-0.061757,-0.067161
2018-05,801030.SI,火,-0.632247,-0.311378,-0.409817,-0.421263,-0.187024,-0.159552,-0.068602
2018-06,801030.SI,火,0.289456,-0.252343,-0.203759,-0.38252,0.026798,-0.091333,0.001936
2018-07,801030.SI,土,-0.56649,-0.374304,-0.565061,-0.403149,-0.020337,-0.111597,0.077953
2018-08,801030.SI,金,-0.096916,-0.564345,-0.432487,-0.045835,-0.054448,-0.075741,0.138783
2018-09,801030.SI,金,-0.789836,-0.550117,-0.521148,0.166019,-0.050435,-0.050824,0.108673
2018-10,801030.SI,土,-0.036966,-0.277191,-0.180963,0.470283,0.127208,0.070851,0.199296
2018-11,801030.SI,水,-0.457493,-0.244674,0.604247,0.220506,0.087425,0.071708,0.246232
2018-12,801030.SI,水,0.051631,1.758697,1.83929,0.33717,0.192326,0.242211,0.294882
2019-01,801030.SI,土,6.236767,3.665336,1.639358,0.322374,0.170949,0.235194,0.334442
2019-02,801030.SI,木,2.007607,0.593952,-0.071442,-0.10471,-0.063133,0.04571,0.254892
2019-03,801030.SI,木,-0.155248,-0.484056,-0.370257,-0.227341,-0.056974,-0.12678,0.159069
2019-04,801030.SI,土,-0.68488,-0.456274,-0.337462,-0.220066,-0.04101,-0.072534,0.188346
2019-05,801030.SI,火,-0.061824,-0.039322,-0.136786,-0.05895,0.087957,0.03219,0.289404
2019-06,801030.SI,火,-0.016281,-0.17199,-0.051992,0.153995,-0.026258,0.104779,0.327102
2019-07,801030.SI,土,-0.303053,-0.069358,-0.081869,0.153762,0.037513,0.307945,0.361635
2019-08,801030.SI,金,0.242698,0.053797,0.025904,0.221402,0.09557,0.4031,0.465876
2019-09,801030.SI,金,-0.10639,-0.067868,0.40474,-0.01313,0.162599,0.294973,0.424567
2019-10,801030.SI,土,-0.027686,0.761245,0.449866,0.102905,0.471695,0.343146,0.428645
2019-11,801030.SI,水,2.19031,0.770469,0.454155,0.132158,0.557456,0.449177,0.42782
2019-12,801030.SI,水,-0.017474,-0.018254,-0.306696,0.057662,0.260324,0.349788,0.360821
2020-01,801030.SI,土,-0.019032,-0.41761,-0.161026,0.482733,0.309348,0.441665,0.287697
2020-02,801030.SI,木,-0.654241,-0.224118,-0.118538,0.611827,0.447522,0.505919,0.349837
2020-03,801030.SI,木,0.741079,0.407404,0.613504,0.699266,0.685437,0.53849,0.343507
2020-04,801030.SI,土,0.137677,0.553266,1.620457,0.635717,0.726777,0.522607,0.232064
2020-05,801030.SI,火,1.120667,2.977005,1.947363,0.854966,0.800256,0.610712,0.290884
2020-06,801030.SI,火,6.458298,2.474674,0.789588,0.722598,0.514269,0.594166,0.300918
2020-07,801030.SI,土,0.618782,-0.123383,0.021032,0.401734,0.270549,0.417529,0.183501
2020-08,801030.SI,金,-0.525287,-0.189105,0.16745,0.406969,0.31688,0.53146,0.143933
2020-09,801030.SI,金,0.385156,0.830806,0.658116,0.392926,0.533888,0.567131,0.125434
2020-10,801030.SI,土,1.419836,0.814149,0.924386,0.417319,0.581355,0.519586,0.083435
2020-11,801030.SI,水,0.360066,0.71611,0.695629,0.398621,0.676466,0.406777,0.091291
2020-12,801030.SI,水,1.165361,0.893286,0.170149,0.475309,0.537926,0.371945,0.053669
2021-01,801030.SI,土,0.655396,-0.139806,0.043862,0.433501,0.404547,0.150172,0.060318
2021-02,801030.SI,木,-0.553017,-0.171078,0.153637,0.666966,0.321874,0.209933,0.051905
2021-03,801030.SI,木,0.53722,0.853353,0.860051,0.763123,0.446667,0.173235,0.047919
2021-04,801030.SI,土,1.234499,1.046064,0.96858,0.629232,0.187963,-0.003038,-0.011336
2021-05,801030.SI,火,0.873519,0.847734,1.408709,0.414981,0.229302,0.034561,-0.070614
2021-06,801030.SI,火,0.822304,1.731163,0.671247,0.275823,0.006171,0.061613,-0.08313
2021-07,801030.SI,土,3.093307,0.600481,0.348382,-0.077157,-0.205329,-0.01189,-0.088441
2021-08,801030.SI,金,-0.374213,-0.226105,-0.168779,-0.121795,-0.219427,-0.145533,-0.16721
2021-09,801030.SI,金,-0.042943,-0.042009,-0.026043,-0.219294,-0.087412,-0.19177,-0.154912
2021-10,801030.SI,土,-0.041074,-0.017481,-0.3684,-0.389937,-0.109153,-0.227532,-0.157512
2021-11,801030.SI,水,0.006692,-0.487409,-0.072156,-0.243582,-0.137641,-0.153444,-0.162537
2021-12,801030.SI,水,-0.738997,-0.109233,-0.374201,-0.116631,-0.240491,-0.190771,-0.169118
2022-01,801030.SI,土,2.040068,-0.030987,-0.41074,0.057994,-0.173912,-0.022516,-0.195248
2022-02,801030.SI,木,-0.69113,-0.740571,-0.383335,-0.16863,-0.178925,-0.085484,-0.196974
2022-03,801030.SI,木,-0.782098,-0.128664,0.24695,-0.163276,-0.118375,-0.064012,-0.146878
2022-04,801030.SI,土,2.484256,1.98293,0.899589,-0.021894,0.157117,-0.019566,-0.070689
2022-05,801030.SI,火,1.553737,0.402602,0.12083,-0.052565,0.042891,-0.165097,-0.124236
2022-06,801030.SI,火,-0.229642,-0.257457,-0.438544,-0.258687,-0.149364,-0.208138,-0.196858
2022-07,801030.SI,土,-0.284268,-0.520679,-0.496369,-0.0969,-0.21355,-0.159062,-0.201355
2022-08,801030.SI,金,-0.679001,-0.577533,-0.199135,0.005978,-0.243165,-0.188338,-0.206652
2022-09,801030.SI,金,-0.44399,0.264991,-0.021215,0.047028,-0.11197,-0.116374,-0.086762
2022-10,801030.SI,土,1.878006,0.298642,0.61942,-0.017233,-0.002343,-0.081145,-0.068944
2022-11,801030.SI,水,-0.414014,0.214768,0.263623,-0.264263,-0.184706,-0.171532,-0.101448
2022-12,801030.SI,水,1.518254,0.855593,0.120028,-0.154141,-0.145991,-0.146886,-0.100154
2023-01,801030.SI,土,0.367306,-0.253046,-0.403595,-0.216945,-0.239307,-0.337455,-0.136574
2023-02,801030.SI,木,-0.591942,-0.606106,-0.571622,-0.345119,-0.280283,-0.294873,-0.133728
2023-03,801030.SI,木,-0.619778,-0.561085,-0.361197,-0.254274,-0.220888,-0.222407,-0.095522
2023-04,801030.SI,土,-0.493331,-0.171997,0.028117,-0.1409,-0.313818,-0.119146,-0.070998
2023-05,801030.SI,火,0.353131,0.464542,0.001146,-0.067114,-0.167443,-0.081375,-0.034934
2023-06,801030.SI,火,0.585126,-0.138855,-0.129454,-0.139569,-0.16974,-0.185418,-0.02768
2023-07,801030.SI,土,-0.532169,-0.354858,-0.282132,-0.439419,-0.163387,-0.241521,-0.018579
2023-08,801030.SI,金,-0.110343,-0.110753,-0.130719,-0.240772,-0.107341,-0.224553,0.057495
2023-09,801030.SI,金,-0.111162,-0.140731,-0.149566,-0.189178,-0.203262,-0.056159,0.069103
2023-10,801030.SI,土,-0.169317,-0.168142,-0.562244,-0.09684,-0.227479,-0.056581,0.077292
2023-11,801030.SI,水,-0.166965,-0.682218,-0.336891,-0.095417,-0.253524,-0.025435,0.092302
2023-12,801030.SI,水,-0.878774,-0.408376,-0.226945,-0.228825,-0.022796,-0.050862,0.124748
2024-01,801030.SI,土,1.887317,0.952168,0.863365,0.026241,0.218603,0.125213,0.303892
2024-02,801030.SI,木,0.319896,0.496923,0.23399,-0.207989,0.108033,0.064244,0.282804
2024-03,801030.SI,木,0.697693,0.193157,-0.230699,0.098684,0.016332,0.052069,0.200969
2024-04,801030.SI,土,-0.161437,-0.482137,-0.434802,-0.014527,-0.048927,-0.020219,0.213706
2024-05,801030.SI,火,-0.680189,-0.535984,-0.491664,0.049961,0.013019,0.013854,0.212246
2024-06,801030.SI,火,-0.326756,-0.359115,0.569095,0.168169,0.167778,0.160603,
2024-07,801030.SI,土,-0.38992,1.395453,0.718259,0.233731,0.176987,0.269894,
2024-08,801030.SI,金,8.40564,1.883629,1.168679,0.43005,0.276194,0.442131,
2024-09,801030.SI,金,-0.115922,0.041355,-0.130315,0.007432,0.049611,0.210988,
2024-10,801030.SI,土,0.226612,-0.137423,-0.114166,-0.025879,0.148137,0.230162,
2024-11,801030.SI,水,-0.39342,-0.247209,-0.05701,-0.021011,0.258755,0.224263,
2024-12,801030.SI,水,-0.065755,0.175754,0.166996,0.153086,0.352277,0.33285,
2025-01,801030.SI,土,0.479696,0.304288,0.071209,0.307117,0.372458,0.510945,
2025-02,801030.SI,木,0.149674,-0.088567,0.016361,0.454313,0.335561,0.546249,
2025-03,801030.SI,木,-0.277438,-0.044381,0.139343,0.455673,0.393217,0.370943,
2025-04,801030.SI,土,0.263847,0.430685,0.594979,0.553502,0.694494,0.503482,
2025-05,801030.SI,火,0.619548,0.791782,1.08098,0.530988,0.778374,0.44946,
2025-06,801030.SI,火,0.982333,1.358875,0.859831,0.540639,0.458169,,
2025-07,801030.SI,土,1.806942,0.801449,0.513104,0.746557,0.474164,,
2025-08,801030.SI,金,0.156141,0.110929,0.126356,0.643996,0.28485,,
2025-09,801030.SI,金,0.067486,0.111753,0.276228,0.291145,,,
2025-10,801030.SI,土,0.157855,0.395441,1.016029,0.455072,,,
2025-11,801030.SI,水,0.681778,1.660222,1.399528,0.372274,,,
2025-12,801030.SI,水,3.207918,1.866186,0.306237,,,,
2026-01,801030.SI,土,0.952277,-0.272221,0.050201,,,,
2026-02,801030.SI,木,-0.728695,-0.229739,-0.215205,,,,
2026-03,801030.SI,木,1.18685,0.334767,,,,,
2026-04,801030.SI,土,-0.185311,,,,,,
2026-05,801030.SI,火,,,,,,,
2012-09,801040.SI,金,0.335159,-0.115203,0.3537,0.045303,-0.219469,-0.109194,0.04766
2012-10,801040.SI,土,-0.413654,0.363067,0.354884,-0.073867,-0.246549,-0.142177,0.066541
2012-11,801040.SI,水,2.16869,1.059568,0.503823,0.067573,-0.133408,-0.063608,0.146802
2012-12,801040.SI,水,0.338667,0.035989,-0.192835,-0.407315,-0.225176,-0.172658,0.214683
2013-01,801040.SI,土,-0.198253,-0.373232,-0.366941,-0.438136,-0.263403,-0.255274,0.197761
2013-02,801040.SI,木,-0.510022,-0.437467,-0.242123,-0.342155,-0.200391,-0.220669,0.243722
2013-03,801040.SI,木,-0.354169,-0.057439,-0.564803,-0.240857,-0.16582,-0.179753,0.392806
2013-04,801040.SI,土,0.375626,-0.642753,-0.501323,-0.205448,-0.213835,-0.177276,0.553392
2013-05,801040.SI,火,-0.907224,-0.699753,-0.428983,-0.17867,-0.213383,-0.183746,0.559972
2013-06,801040.SI,火,-0.028329,0.416625,0.324226,0.154906,0.013206,0.017481,0.74883
2013-07,801040.SI,土,1.065336,0.545907,0.265978,-0.0129,-0.027852,0.124236,0.590792
2013-08,801040.SI,金,0.157114,-0.00884,0.18137,-0.076747,-0.080503,0.120987,0.447041
2013-09,801040.SI,金,-0.150993,0.193688,0.007237,-0.113731,-0.068075,0.232133,0.31317
2013-10,801040.SI,土,0.678302,0.097088,-0.230345,-0.148106,0.080608,0.326042,0.368511
2013-11,801040.SI,水,-0.282845,-0.478795,-0.278469,-0.188791,0.101553,0.404491,0.316861
2013-12,801040.SI,水,-0.621205,-0.276271,-0.22017,-0.103592,0.31775,0.783367,0.347376
2014-01,801040.SI,土,0.382764,0.118917,-0.05708,0.280425,0.589685,0.92639,0.23654
2014-02,801040.SI,木,-0.094585,-0.221357,-0.087968,0.361071,0.753639,0.984836,0.214783
2014-03,801040.SI,木,-0.330379,-0.084641,0.030414,0.712969,1.349566,1.36503,0.261664
2014-04,801040.SI,土,0.251278,0.278213,0.738735,1.064093,1.444372,1.932975,0.291316
2014-05,801040.SI,火,0.305728,1.049619,1.031194,1.431674,1.572148,1.98132,0.247279
2014-06,801040.SI,火,2.217316,1.533383,1.847652,2.547934,2.119691,2.005862,0.222902
2014-07,801040.SI,土,0.994839,1.679067,1.450332,1.89824,2.491404,1.250967,0.169458
2014-08,801040.SI,金,2.597985,1.715711,1.911115,1.894465,2.388137,0.867931,0.179864
2014-09,801040.SI,金,1.049782,1.618541,3.420426,2.265306,2.060528,0.399537,0.109055
2014-10,801040.SI,土,2.345116,5.49146,2.428022,3.167615,1.188185,0.41234,0.099876
2014-11,801040.SI,水,11.597186,2.470243,1.87791,2.655205,0.61112,0.234698,0.083447
2014-12,801040.SI,水,-0.044026,0.375558,1.412035,1.546611,-0.046126,0.017974,-0.032959
2015-01,801040.SI,土,0.979301,2.831354,4.066775,0.748252,0.050924,-0.206271,-0.002146
2015-02,801040.SI,木,6.416392,7.106651,3.642441,0.205462,-0.068774,-0.256514,-0.00706
2015-03,801040.SI,木,7.861155,2.673019,1.688695,-0.400147,-0.23642,-0.326944,-0.107832
2015-04,801040.SI,土,0.522496,0.481041,-0.396779,-0.52138,-0.572123,-0.431465,-0.190984
2015-05,801040.SI,火,0.440716,-0.620303,-0.686988,-0.582929,-0.596248,-0.478183,-0.220978
2015-06,801040.SI,火,-0.899932,-0.854101,-0.866172,-0.593078,-0.575816,-0.502476,-0.220702
2015-07,801040.SI,土,-0.787281,-0.845234,-0.620243,-0.639637,-0.442579,-0.392425,-0.075279
2015-08,801040.SI,金,-0.887399,-0.492595,-0.444276,-0.541444,-0.381265,-0.254748,0.02067
2015-09,801040.SI,金,1.286477,0.234574,0.237295,-0.244809,-0.229269,-0.121136,0.092895
2015-10,801040.SI,土,-0.333397,-0.089821,-0.658041,-0.324659,-0.28939,-0.14346,0.034237
2015-11,801040.SI,水,0.242757,-0.755078,-0.621622,-0.347129,-0.178165,-0.049275,0.101623
2015-12,801040.SI,水,-0.951731,-0.791216,-0.539064,-0.3917,-0.21584,-0.081345,0.048828
2016-01,801040.SI,土,-0.096927,0.42438,0.33374,0.024377,0.163248,0.254476,0.228784
2016-02,801040.SI,木,1.246616,0.620859,0.126492,0.211194,0.292501,0.32609,0.244133
2016-03,801040.SI,木,0.169396,-0.202322,-0.197224,0.02279,0.156086,0.182612,0.122014
2016-04,801040.SI,土,-0.455881,-0.334863,-0.213229,0.086358,0.229116,0.151218,0.114296
2016-05,801040.SI,火,-0.18693,-0.053925,0.302265,0.384466,0.400193,0.163003,0.099767
2016-06,801040.SI,火,0.100837,0.648105,0.303102,0.387355,0.345628,0.220655,0.095173
2016-07,801040.SI,土,1.467442,0.417772,0.500021,0.536261,0.306955,0.407414,0.142239
2016-08,801040.SI,金,-0.18536,0.169561,0.471857,0.451885,0.119974,0.397872,0.061603
2016-09,801040.SI,金,0.679113,0.978406,0.477056,0.367408,0.194349,0.359048,0.070792
2016-10,801040.SI,土,1.331048,0.385337,0.573375,0.21995,0.377834,0.248797,0.021722
2016-11,801040.SI,水,-0.176697,0.292626,0.432185,-0.023034,0.374046,0.276473,-0.073629
2016-12,801040.SI,水,1.029486,0.888942,0.2659,0.073985,0.321846,0.197445,-0.081973
2017-01,801040.SI,土,0.758132,-0.000216,-0.054085,0.289374,0.156232,0.203618,-0.091857
2017-02,801040.SI,木,-0.43146,-0.306171,-0.333562,0.345868,0.228426,0.167241,-0.048674
2017-03,801040.SI,木,-0.153272,-0.278462,-0.088835,0.350739,0.175459,0.064521,-0.019652
2017-04,801040.SI,土,-0.385142,-0.0548,0.757543,0.278326,0.304269,0.078558,-0.039619
2017-05,801040.SI,火,0.453023,1.971472,1.717973,0.667799,0.407,0.039968,-0.057651
2017-06,801040.SI,火,5.076743,2.717334,1.002379,0.335097,0.121175,-0.017409,-0.075781
2017-07,801040.SI,土,1.27401,0.149433,-0.070226,0.123565,-0.08345,-0.072974,-0.165963
2017-08,801040.SI,金,-0.419001,-0.405475,0.023392,0.012321,-0.245003,-0.193774,-0.217405
2017-09,801040.SI,金,-0.391634,0.358237,-0.109816,-0.161049,-0.224976,-0.156325,-0.200852
2017-10,801040.SI,土,2.032396,0.076805,0.357746,-0.089991,-0.073889,-0.164063,-0.193849
2017-11,801040.SI,水,-0.617626,-0.091479,0.00137,-0.35152,-0.255391,-0.327707,-0.221521
2017-12,801040.SI,水,1.158646,0.620496,-0.209332,-0.276843,-0.171282,-0.29619,-0.169887
2018-01,801040.SI,土,0.216506,-0.52148,-0.390081,-0.235134,-0.288855,-0.314795,-0.221051
2018-02,801040.SI,木,-0.811771,-0.568131,-0.580049,-0.357911,-0.411319,-0.224649,-0.245018
2018-03,801040.SI,木,-0.00913,-0.37273,-0.338589,-0.151575,-0.322968,-0.097169,-0.198232
2018-04,801040.SI,土,-0.602906,-0.45962,-0.040823,-0.232106,-0.287689,-0.144847,-0.186753
2018-05,801040.SI,火,-0.264631,0.49074,-0.018272,-0.30302,-0.048815,-0.146108,-0.161978
2018-06,801040.SI,火,2.022028,0.134317,0.088317,-0.315019,0.0015,-0.130685,-0.146253
2018-07,801040.SI,土,-0.574235,-0.346894,-0.385243,-0.38616,-0.176952,-0.249623,-0.161808
2018-08,801040.SI,金,0.001838,-0.261296,-0.505177,-0.063729,-0.184908,-0.240342,-0.122796
2018-09,801040.SI,金,-0.455317,-0.652243,-0.568877,-0.039275,-0.193413,-0.243029,-0.138451
2018-10,801040.SI,土,-0.777971,-0.616443,-0.387076,-0.047673,-0.198068,-0.222574,-0.108834
2018-11,801040.SI,水,-0.337399,0.01837,0.771549,0.046129,-0.123657,-0.098563,-0.000739
2018-12,801040.SI,水,0.565161,1.896702,1.140901,0.103255,-0.086787,-0.020919,0.013446
2019-01,801040.SI,土,4.361035,1.503891,0.479672,-0.082717,-0.158457,-0.114482,-0.004798
2019-02,801040.SI,木,0.169451,-0.222637,-0.382243,-0.38364,-0.280337,-0.264852,-0.034038
2019-03,801040.SI,木,-0.483268,-0.551012,-0.431468,-0.40357,-0.245673,-0.287981,-0.009024
2019-04,801040.SI,土,-0.609875,-0.403652,-0.431355,-0.365353,-0.253766,-0.226606,0.062737
2019-05,801040.SI,火,-0.08842,-0.31347,-0.385034,-0.223243,-0.220959,-0.177553,0.100348
2019-06,801040.SI,火,-0.48296,-0.494898,-0.374303,-0.131116,-0.232514,-0.161542,0.099442
2019-07,801040.SI,土,-0.506561,-0.31169,-0.291691,-0.145146,-0.143118,-0.063716,0.225454
2019-08,801040.SI,金,-0.039861,-0.151372,-0.018886,-0.12317,-0.093864,0.012939,0.368411
2019-09,801040.SI,金,-0.249932,-0.008228,0.206589,-0.149992,-0.075613,-0.019425,0.275563
2019-10,801040.SI,土,0.311363,0.530342,0.031717,-0.057525,0.027548,0.021548,0.213186
2019-11,801040.SI,水,0.785887,-0.084878,-0.21637,-0.129176,0.023776,0.107702,0.205448
2019-12,801040.SI,水,-0.531074,-0.480914,-0.401192,-0.190902,-0.08493,0.049016,0.185874
2020-01,801040.SI,土,-0.425388,-0.323327,-0.139047,0.025471,0.01818,0.118471,0.177997
2020-02,801040.SI,木,-0.203139,0.053857,-0.032279,0.170177,0.24316,0.269246,0.252279
2020-03,801040.SI,木,0.393738,0.066433,0.093237,0.131197,0.264582,0.379225,0.198628
2020-04,801040.SI,土,-0.184007,-0.031764,0.221425,0.107254,0.220412,0.460328,0.132955
2020-05,801040.SI,火,0.148883,0.494367,0.414989,0.409014,0.389348,0.47215,0.164503
2020-06,801040.SI,火,0.943742,0.570333,0.170474,0.360077,0.490306,0.441663,0.169834
2020-07,801040.SI,土,0.26866,-0.091712,0.003754,0.219905,0.549928,0.603934,0.134606
2020-08,801040.SI,金,-0.349718,-0.10717,0.403064,0.376702,0.491712,0.848627,0.086328
2020-09,801040.SI,金,0.225845,1.060941,0.580394,0.681637,0.545365,0.659293,0.05489
2020-10,801040.SI,土,2.464938,0.794445,0.482603,0.925989,0.875165,0.440775,0.031558
2020-11,801040.SI,水,-0.070681,-0.030184,0.350835,0.538114,1.026625,0.311819,0.031742
2020-12,801040.SI,水,0.012078,0.628625,0.789366,0.528142,0.686459,0.340586,0.010812
2021-01,801040.SI,土,1.620764,1.379258,1.501974,1.108855,0.427097,0.240692,0.046421
2021-02,801040.SI,木,1.160007,1.444613,0.751358,1.482326,0.299065,0.23554,0.027845
2021-03,801040.SI,木,1.76672,0.577011,0.305054,0.637246,0.217568,0.041679,-0.042359
2021-04,801040.SI,土,-0.101115,-0.103686,0.777504,0.077802,-0.017971,-0.121029,-0.094457
2021-05,801040.SI,火,-0.106249,1.499562,2.518382,0.118817,0.099893,-0.078853,-0.11224
2021-06,801040.SI,火,5.990547,5.980815,1.053995,0.17605,-0.033721,-0.050741,-0.110531
2021-07,801040.SI,土,5.971097,0.11338,-0.346468,-0.27007,-0.304929,-0.197391,-0.145159
2021-08,801040.SI,金,-0.822178,-0.799899,-0.644225,-0.385029,-0.410716,-0.36163,-0.238498
2021-09,801040.SI,金,-0.774828,-0.496766,-0.326633,-0.337244,-0.266084,-0.329358,-0.178423
2021-10,801040.SI,土,0.124671,0.16445,-0.184741,-0.283179,-0.140492,-0.261431,-0.129042
2021-11,801040.SI,水,0.205636,-0.305887,0.063001,-0.241599,-0.22428,-0.188538,-0.14119
2021-12,801040.SI,水,-0.600383,-0.001858,-0.347687,-0.233797,-0.330263,-0.237841,-0.163448
2022-01,801040.SI,土,1.493104,-0.166584,-0.369732,-0.117475,-0.285356,-0.117431,-0.161473
2022-02,801040.SI,木,-0.721399,-0.683103,-0.458916,-0.33734,-0.258383,-0.144935,-0.166093
2022-03,801040.SI,木,-0.639543,-0.245941,-0.100022,-0.321378,-0.197259,-0.119617,-0.119884
2022-04,801040.SI,土,0.577454,0.42207,0.235743,-0.239023,-0.012608,-0.067081,-0.072888
2022-05,801040.SI,火,0.281992,0.093739,-0.188447,-0.131765,-0.004036,-0.144417,-0.100492
2022-06,801040.SI,火,-0.06687,-0.354297,-0.488289,-0.241863,-0.126053,-0.166555,-0.154426
2022-07,801040.SI,土,-0.553189,-0.621064,-0.531387,-0.117387,-0.150528,-0.089529,-0.148517
2022-08,801040.SI,金,-0.678628,-0.52009,-0.071125,0.103334,-0.129216,-0.091615,-0.150631
2022-09,801040.SI,金,-0.28334,0.579182,0.123235,0.14213,-0.019394,0.006482,-0.016945
2022-10,801040.SI,土,2.479775,0.406208,0.662364,0.143711,0.136101,0.027078,-0.005835
2022-11,801040.SI,水,-0.431739,0.148983,0.31056,-0.156884,-0.098344,-0.09108,-0.054199
2022-12,801040.SI,水,1.323162,0.990268,0.161342,-0.083766,-0.029674,-0.081793,-0.041014
2023-01,801040.SI,土,0.705077,-0.178891,-0.213124,-0.060791,-0.125225,-0.203316,-0.079634
2023-02,801040.SI,木,-0.604581,-0.465451,-0.457603,-0.252119,-0.195458,-0.186727,-0.068473
2023-03,801040.SI,木,-0.277367,-0.364747,-0.277143,-0.113056,-0.150949,-0.120151,-0.032612
2023-04,801040.SI,土,-0.44156,-0.277031,0.121032,-0.07766,-0.20002,-0.078658,-0.039521
2023-05,801040.SI,火,-0.064028,0.588324,0.031212,-0.020139,-0.069157,-0.054312,-0.017438
2023-06,801040.SI,火,1.695351,0.082408,0.088279,-0.079816,-0.060579,-0.14212,-0.014976
2023-07,801040.SI,土,-0.565323,-0.308484,-0.241136,-0.324213,-0.136979,-0.203684,0.021298
2023-08,801040.SI,金,0.100116,0.002681,-0.068934,-0.115617,-0.081213,-0.205813,0.061445
2023-09,801040.SI,金,-0.086125,-0.143452,-0.221947,-0.127189,-0.20752,-0.039827,0.056206
2023-10,801040.SI,土,-0.197184,-0.28209,-0.398196,-0.079656,-0.190794,-0.037693,0.087202
2023-11,801040.SI,水,-0.358016,-0.478955,-0.15996,-0.087292,-0.246811,-0.015823,0.093775
2023-12,801040.SI,水,-0.577111,-0.039078,-0.020889,-0.200206,0.029903,0.001577,0.125814
2024-01,801040.SI,土,1.183484,0.489823,0.40749,-0.061658,0.125295,0.063248,0.207461
2024-02,801040.SI,木,0.016528,0.130038,-0.008338,-0.286809,0.037523,0.066975,0.225982
2024-03,801040.SI,木,0.256224,-0.020542,-0.346682,0.056278,0.009179,0.063637,0.125881
2024-04,801040.SI,土,-0.236332,-0.528856,-0.374428,0.006183,-0.031653,0.001278,0.12436
2024-05,801040.SI,火,-0.709328,-0.433808,-0.487082,0.061243,0.09333,0.020873,0.11962
2024-06,801040.SI,火,0.10287,-0.318651,0.707781,0.254268,0.251266,0.131013,
2024-07,801040.SI,土,-0.579064,1.125133,0.618365,0.204781,0.171244,0.309845,
2024-08,801040.SI,金,9.728931,2.173269,1.195748,0.596258,0.284142,0.418639,
2024-09,801040.SI,金,-0.06145,-0.006666,-0.078812,0.071047,-0.014146,0.161845,
2024-10,801040.SI,土,0.051317,-0.087372,-0.103109,-0.003602,0.220677,0.228307,
2024-11,801040.SI,水,-0.207765,-0.171595,0.160443,-0.017961,0.226409,0.215578,
2024-12,801040.SI,水,-0.133773,0.404459,0.245285,0.01987,0.255301,0.265462,
2025-01,801040.SI,土,1.277121,0.493094,0.106944,0.42407,0.364048,0.371234,
2025-02,801040.SI,木,-0.020987,-0.228216,-0.168939,0.260784,0.234532,0.408685,
2025-03,801040.SI,木,-0.391581,-0.234306,-0.164741,0.26034,0.27226,0.191768,
2025-04,801040.SI,土,-0.036375,-0.021344,0.832049,0.514194,0.472675,0.262572,
2025-05,801040.SI,火,-0.006079,1.526106,0.912707,0.504655,0.679607,0.22792,
2025-06,801040.SI,火,5.420241,1.653364,0.901754,0.570195,0.341679,,
2025-07,801040.SI,土,0.096585,0.035037,0.251485,0.320358,0.115225,,
2025-08,801040.SI,金,-0.023057,0.336957,0.183655,0.573937,0.059279,,
2025-09,801040.SI,金,0.829639,0.302877,0.296441,0.126926,,,
2025-10,801040.SI,土,-0.072228,0.091306,0.39302,0.052763,,,
2025-11,801040.SI,水,0.283665,0.70693,1.092903,0.002081,,,
2025-12,801040.SI,水,1.269758,1.672377,-0.020424,,,,
2026-01,801040.SI,土,2.146415,-0.356472,-0.204384,,,,
2026-02,801040.SI,木,-0.868381,-0.599919,-0.520204,,,,
2026-03,801040.SI,木,0.216118,-0.083937,,,,,
2026-04,801040.SI,土,-0.309959,,,,,,
2026-05,801040.SI,火,,,,,,,
2012-09,801050.SI,金,-0.673543,-0.645728,-0.070733,-0.202328,-0.391367,-0.227632,-0.059609
2012-10,801050.SI,土,-0.615543,0.567826,0.529017,-0.149984,-0.281233,-0.20917,-0.019576
2012-11,801050.SI,水,5.393635,2.04926,0.831615,0.109368,-0.097029,-0.113436,0.049203
2012-12,801050.SI,水,0.454257,-0.019658,-0.315287,-0.507435,-0.273807,-0.296364,-0.013192
2013-01,801050.SI,土,-0.339133,-0.530168,-0.527456,-0.507194,-0.365195,-0.342885,-0.007458
2013-02,801050.SI,木,-0.665981,-0.600418,-0.328081,-0.365994,-0.303905,-0.288612,0.029377
2013-03,801050.SI,木,-0.521985,-0.047007,-0.645662,-0.252134,-0.28994,-0.251743,0.16208
2013-04,801050.SI,土,0.899932,-0.694926,-0.486063,-0.264234,-0.266544,-0.214073,0.288091
2013-05,801050.SI,火,-0.951014,-0.732702,-0.401767,-0.291493,-0.274947,-0.232741,0.310962
2013-06,801050.SI,火,0.458542,1.09059,0.578445,0.005156,-0.040021,0.031911,0.39286
2013-07,801050.SI,土,1.99653,0.642044,0.053341,-0.123794,-0.094533,0.160011,0.219861
2013-08,801050.SI,金,-0.100189,-0.375483,-0.160891,-0.201786,-0.166384,0.063584,0.085794
2013-09,801050.SI,金,-0.566552,-0.189689,-0.359915,-0.251351,-0.104402,0.144967,0.048262
2013-10,801050.SI,土,0.51484,-0.222165,-0.271141,-0.160493,0.197916,0.21547,0.167125
2013-11,801050.SI,水,-0.6006,-0.494429,-0.240688,-0.169117,0.151037,0.241678,0.191024
2013-12,801050.SI,水,-0.360036,0.046952,-0.124374,0.059379,0.389883,0.383938,0.263624
2014-01,801050.SI,土,0.712764,0.024236,-0.033047,0.535741,0.441379,0.499191,0.096958
2014-02,801050.SI,木,-0.387505,-0.27346,-0.0908,0.417176,0.462868,0.489508,0.10545
2014-03,801050.SI,木,-0.138181,0.10774,0.281692,0.751088,0.612066,0.804767,0.210028
2014-04,801050.SI,土,0.423835,0.56303,1.439104,0.759804,0.735165,1.111111,0.22001
2014-05,801050.SI,火,0.715832,2.192388,1.208961,0.855573,0.755917,1.239948,0.211606
2014-06,801050.SI,火,4.93959,1.506368,1.392392,0.807933,1.022865,0.880064,0.213079
2014-07,801050.SI,土,0.057628,0.518345,0.269692,0.463511,1.011892,0.282799,0.133859
2014-08,801050.SI,金,1.179755,0.391172,0.558719,0.565531,1.250373,0.108468,0.137955
2014-09,801050.SI,金,-0.112121,0.318099,0.366257,0.860091,0.734946,-0.040275,0.075112
2014-10,801050.SI,土,0.95678,0.694812,0.686917,1.532548,0.287198,0.120703,0.106945
2014-11,801050.SI,水,0.467915,0.56628,0.572374,1.703945,-0.010593,0.142437,0.094025
2014-12,801050.SI,水,0.671237,0.627358,1.532422,0.955073,-0.146863,0.153769,0.040459
2015-01,801050.SI,土,0.584631,2.117347,2.802085,0.124401,-0.022111,-0.197355,0.032256
2015-02,801050.SI,木,5.132565,4.889367,3.649862,-0.215154,0.027049,-0.179582,0.033427
2015-03,801050.SI,木,4.655815,3.048919,0.509349,-0.504824,-0.112205,-0.188722,-0.051541
2015-04,801050.SI,土,1.898565,-0.220283,-0.667478,-0.504067,-0.522078,-0.294956,-0.139286
2015-05,801050.SI,火,-0.790255,-0.887374,-0.867527,-0.517312,-0.539849,-0.344633,-0.209744
2015-06,801050.SI,火,-0.939523,-0.894719,-0.837546,-0.319114,-0.340376,-0.217281,-0.122876
2015-07,801050.SI,土,-0.816723,-0.733743,-0.260351,-0.427039,-0.094237,0.002212,0.082493
2015-08,801050.SI,金,-0.613193,0.485885,0.758751,-0.142397,0.1167,0.168227,0.190061
2015-09,801050.SI,金,4.707905,2.750245,1.85377,0.329166,0.321999,0.204371,0.246078
2015-10,801050.SI,土,1.464011,1.017855,-0.556162,0.002326,0.109015,0.093357,0.125892
2015-11,801050.SI,水,0.652484,-0.811629,-0.581816,-0.110179,0.019299,0.047665,0.053879
2015-12,801050.SI,水,-0.978527,-0.78963,-0.38093,-0.100218,-0.096612,-0.061722,0.04054
2016-01,801050.SI,土,1.060977,2.324017,1.263567,0.753049,0.476639,0.327551,0.213149
2016-02,801050.SI,木,4.361091,1.372212,0.893379,0.591359,0.422898,0.301741,0.160531
2016-03,801050.SI,木,0.049672,0.1252,0.30778,0.091293,0.077777,0.108837,0.072059
2016-04,801050.SI,土,0.206163,0.459739,0.357671,0.192655,0.11123,0.050756,0.039862
2016-05,801050.SI,火,0.766625,0.440419,0.337516,0.233508,0.148912,-0.047093,0.015238
2016-06,801050.SI,火,0.174448,0.163794,-0.089357,-0.021578,0.049491,-0.017084,-0.061119
2016-07,801050.SI,土,0.153238,-0.198127,0.047696,0.00533,-0.035273,0.169206,-0.071571
2016-08,801050.SI,金,-0.442439,-0.001396,0.137588,0.064831,-0.148925,0.212303,-0.126795
2016-09,801050.SI,金,0.788522,0.624918,0.051244,0.126663,0.00826,0.289229,-0.104618
2016-10,801050.SI,土,0.476279,-0.194049,-0.035322,-0.07426,0.212764,0.159396,-0.170615
2016-11,801050.SI,水,-0.560004,-0.22019,-0.003273,-0.263863,0.238283,0.06013,-0.184262
2016-12,801050.SI,水,0.382069,0.50017,0.207493,-0.012568,0.379978,0.153947,-0.175129
2017-01,801050.SI,土,0.628363,0.128657,-0.111625,0.359794,0.232674,0.108606,-0.194567
2017-02,801050.SI,木,-0.217701,-0.343827,-0.456323,0.380199,0.082147,0.034639,-0.125729
2017-03,801050.SI,木,-0.449618,-0.546763,-0.192524,0.475251,0.136631,0.0365,-0.103557
2017-04,801050.SI,土,-0.626761,-0.021947,1.081375,0.452026,0.193541,0.02908,-0.110769
2017-05,801050.SI,火,1.562934,3.915096,2.503823,0.526719,0.282148,0.081646,-0.063064
2017-06,801050.SI,火,8.425979,3.096798,1.695269,0.348542,0.12646,-0.103181,-0.090351
2017-07,801050.SI,土,0.780585,0.441252,0.012975,-0.096182,-0.186266,-0.262765,-0.195251
2017-08,801050.SI,金,0.166587,-0.235959,-0.334764,-0.224403,-0.268974,-0.371043,-0.206015
2017-09,801050.SI,金,-0.499601,-0.497652,-0.325275,-0.271763,-0.378551,-0.378149,-0.225045
2017-10,801050.SI,土,-0.495694,-0.216512,-0.193576,-0.27067,-0.336855,-0.406692,-0.222279
2017-11,801050.SI,水,0.217224,0.019761,-0.095733,-0.233678,-0.38269,-0.372314,-0.19606
2017-12,801050.SI,水,-0.145669,-0.220601,-0.214007,-0.40359,-0.394836,-0.410361,-0.143988
2018-01,801050.SI,土,-0.288961,-0.246098,-0.340394,-0.398645,-0.464385,-0.414831,-0.141989
2018-02,801050.SI,木,-0.20065,-0.364698,-0.350579,-0.489958,-0.444236,-0.26124,-0.140411
2018-03,801050.SI,木,-0.495079,-0.414643,-0.547445,-0.468993,-0.464234,-0.224689,-0.179413
2018-04,801050.SI,土,-0.321393,-0.571554,-0.451751,-0.517345,-0.437727,-0.231612,-0.147432
2018-05,801050.SI,火,-0.729497,-0.507215,-0.599423,-0.48587,-0.228808,-0.188413,-0.115879
2018-06,801050.SI,火,-0.102279,-0.512536,-0.376941,-0.417056,-0.072293,-0.077337,-0.04483
2018-07,801050.SI,土,-0.735306,-0.480933,-0.575091,-0.430581,-0.1401,-0.121554,0.052342
2018-08,801050.SI,金,0.017893,-0.461641,-0.340128,0.070041,0.026954,0.002313,0.106507
2018-09,801050.SI,金,-0.715265,-0.468702,-0.454589,0.132014,0.051674,-0.034247,0.050976
2018-10,801050.SI,土,-0.00863,-0.245142,-0.236924,0.223275,0.119065,0.019454,0.117929
2018-11,801050.SI,水,-0.425229,-0.330525,0.735166,0.281141,0.152174,0.029687,0.227681
2018-12,801050.SI,水,-0.220218,2.014841,1.349524,0.46036,0.168369,0.242722,0.294156
2019-01,801050.SI,土,10.656153,3.078337,0.961011,0.355185,0.122796,0.258067,0.332986
2019-02,801050.SI,木,0.426957,-0.195655,-0.054084,-0.061128,-0.134714,0.000181,0.242872
2019-03,801050.SI,木,-0.546608,-0.229853,-0.092305,-0.176089,0.005013,-0.131493,0.160397
2019-04,801050.SI,土,0.308197,0.284319,-0.063479,-0.150406,0.085038,-0.05403,0.252161
2019-05,801050.SI,火,0.260876,-0.207609,-0.068119,-0.172414,0.018952,-0.036863,0.289303
2019-06,801050.SI,火,-0.502026,-0.198867,-0.25214,0.057518,-0.144176,-0.011179,0.248588
2019-07,801050.SI,土,0.28885,-0.083511,-0.229264,0.167909,-0.050859,0.260661,0.450851
2019-08,801050.SI,金,-0.348293,-0.403985,-0.265036,0.065493,-0.026212,0.221533,0.559452
2019-09,801050.SI,金,-0.454918,-0.2195,0.495392,-0.084482,0.085301,0.143719,0.436589
2019-10,801050.SI,土,0.117595,1.476863,0.769752,0.053278,0.485351,0.225915,0.468784
2019-11,801050.SI,水,4.48933,1.227031,0.544668,0.120891,0.446943,0.463747,0.525261
2019-12,801050.SI,水,-0.09649,-0.180605,-0.439497,-0.075413,0.045941,0.347719,0.37593
2020-01,801050.SI,土,-0.25689,-0.55853,-0.373135,0.360778,0.084701,0.412366,0.30547
2020-02,801050.SI,木,-0.73773,-0.424249,-0.186624,0.400423,0.437726,0.544452,0.430733
2020-03,801050.SI,木,0.263922,0.432394,0.525167,0.428801,0.805537,0.550386,0.414188
2020-04,801050.SI,土,0.623323,0.67539,1.953935,0.426848,0.851563,0.65746,0.316373
2020-05,801050.SI,火,0.729127,2.98473,1.411168,0.911475,0.912502,0.725925,0.34057
2020-06,801050.SI,火,8.182711,1.847265,0.338524,0.964495,0.558885,0.576596,0.386498
2020-07,801050.SI,土,-0.117154,-0.488961,-0.310785,0.46591,0.367069,0.669736,0.253829
2020-08,801050.SI,金,-0.704183,-0.391039,0.515339,0.703292,0.543903,0.990852,0.218822
2020-09,801050.SI,金,0.253593,2.42968,1.883206,0.682318,0.665017,0.804455,0.222794
2020-10,801050.SI,土,8.383191,3.372555,2.117883,0.925344,1.242567,0.759767,0.189683
2020-11,801050.SI,水,1.037605,0.797274,0.914558,0.558386,1.180463,0.589359,0.123651
2020-12,801050.SI,水,0.58529,0.855849,-0.018387,0.26529,0.543486,0.404731,0.058023
2021-01,801050.SI,土,1.172584,-0.227575,0.188932,0.901902,0.454299,0.206664,0.111415
2021-02,801050.SI,木,-0.725378,-0.120477,0.268475,1.326959,0.493734,0.325388,0.056621
2021-03,801050.SI,木,1.816817,1.726183,0.630946,0.935459,0.582987,0.289954,0.092636
2021-04,801050.SI,土,1.638465,0.241024,2.042423,0.60843,0.212634,0.045478,0.038676
2021-05,801050.SI,火,-0.416274,2.267034,3.2687,0.620948,0.344921,0.041254,-0.043917
2021-06,801050.SI,火,17.285152,10.543543,1.296827,0.55954,0.192942,0.219321,-0.017711
2021-07,801050.SI,土,6.287519,-0.185965,-0.149676,-0.23443,-0.267716,-0.058481,-0.107284
2021-08,801050.SI,金,-0.90907,-0.70954,-0.38448,-0.245086,-0.349405,-0.253824,-0.210929
2021-09,801050.SI,金,-0.072172,0.601439,0.058923,-0.140265,-0.012702,-0.17137,-0.132044
2021-10,801050.SI,土,1.764098,0.131262,-0.310737,-0.320441,-0.02596,-0.19572,-0.133324
2021-11,801050.SI,水,-0.537009,-0.655808,-0.074125,-0.331126,-0.204376,-0.205598,-0.183217
2021-12,801050.SI,水,-0.744125,0.309308,-0.301985,-0.046677,-0.236411,-0.203113,-0.147009
2022-01,801050.SI,土,5.699696,0.152877,-0.330007,0.157905,-0.153265,0.023684,-0.154275
2022-02,801050.SI,木,-0.801614,-0.788126,-0.516789,-0.26246,-0.245134,-0.157644,-0.180725
2022-03,801050.SI,木,-0.773721,-0.245864,0.302011,-0.201349,-0.167136,-0.0745,-0.070461
2022-04,801050.SI,土,1.513362,2.123203,1.001133,-0.04811,0.179047,0.031919,0.000729
2022-05,801050.SI,火,2.881017,0.78561,0.125731,-0.056512,0.013791,-0.122121,-0.038326
2022-06,801050.SI,火,-0.178462,-0.393711,-0.510109,-0.333878,-0.174031,-0.208665,-0.125096
2022-07,801050.SI,土,-0.552564,-0.621701,-0.54721,-0.094978,-0.172498,-0.153557,-0.133818
2022-08,801050.SI,金,-0.680155,-0.544509,-0.209252,-0.037933,-0.191957,-0.165568,-0.122231
2022-09,801050.SI,金,-0.351334,0.243333,-0.094249,0.072496,-0.071502,-0.090851,0.006638
2022-10,801050.SI,土,1.383163,0.070293,0.808925,0.118677,0.042712,-0.066088,0.00648
2022-11,801050.SI,水,-0.519325,0.575992,0.170504,-0.183168,-0.150477,-0.160206,-0.03119
2022-12,801050.SI,水,4.167219,0.82656,0.269938,-0.059915,-0.089716,-0.086955,-0.029368
2023-01,801050.SI,土,-0.35433,-0.370428,-0.308187,-0.208345,-0.250794,-0.301297,-0.073541
2023-02,801050.SI,木,-0.386125,-0.283894,-0.429977,-0.276271,-0.248194,-0.203173,-0.059018
2023-03,801050.SI,木,-0.164638,-0.450714,-0.304093,-0.22932,-0.182046,-0.066404,-0.003173
2023-04,801050.SI,土,-0.638822,-0.364831,-0.094093,-0.220336,-0.298985,-0.029519,-0.019975
2023-05,801050.SI,火,0.117011,0.434712,-0.081117,-0.136598,-0.109047,0.053468,0.029693
2023-06,801050.SI,火,0.842773,-0.166585,-0.146512,-0.113216,0.029663,-0.032702,0.071341
2023-07,801050.SI,土,-0.623078,-0.419155,-0.328987,-0.383335,-0.006987,-0.113617,0.073973
2023-08,801050.SI,金,-0.104906,-0.104694,-0.188729,-0.122692,0.102576,-0.076643,0.219709
2023-09,801050.SI,金,-0.104483,-0.22765,-0.07862,0.130952,0.008513,0.114582,0.301357
2023-10,801050.SI,土,-0.333877,-0.06541,-0.433282,0.207999,-0.027437,0.084687,0.339657
2023-11,801050.SI,水,0.311256,-0.477275,-0.05128,0.285375,-0.03594,0.117647,0.344585
2023-12,801050.SI,水,-0.791619,-0.193018,0.388193,0.055123,0.187599,0.03185,0.417519
2024-01,801050.SI,土,2.125136,2.582988,1.574935,0.27407,0.34674,0.228457,0.6755
2024-02,801050.SI,木,3.107918,1.337303,0.741493,-0.028178,0.180393,0.111215,0.614785
2024-03,801050.SI,木,0.329867,0.133892,-0.198033,0.098449,-0.0653,0.06434,0.385247
2024-04,801050.SI,土,-0.033204,-0.377226,-0.369594,-0.026037,-0.040103,-0.010337,0.422379
2024-05,801050.SI,火,-0.598832,-0.490947,-0.457684,-0.028195,-0.043341,0.006455,0.42917
2024-06,801050.SI,火,-0.354048,-0.369456,0.504538,0.00909,0.169647,0.186575,
2024-07,801050.SI,土,-0.384497,1.296172,0.50475,0.184477,0.150208,0.301263,
2024-08,801050.SI,金,7.566009,1.352779,0.741431,0.270601,0.236825,0.611176,
2024-09,801050.SI,金,-0.353775,-0.214818,-0.323205,0.03129,0.096291,0.519432,
2024-10,801050.SI,土,-0.045981,-0.307382,-0.067629,0.005617,0.239744,0.654562,
2024-11,801050.SI,水,-0.497159,-0.078268,-0.07293,0.042339,0.569959,0.617603,
2024-12,801050.SI,水,0.689583,0.25879,0.571465,0.395277,0.989555,0.947339,
2025-01,801050.SI,土,-0.062163,0.51554,0.084617,0.429565,1.003154,1.285224,
2025-02,801050.SI,木,1.449105,0.166409,0.171941,1.043038,0.947415,1.346557,
2025-03,801050.SI,木,-0.444487,-0.18931,0.238843,1.238626,1.091641,0.802912,
2025-04,801050.SI,土,0.183084,0.850023,0.884218,1.722284,1.92963,1.044292,
2025-05,801050.SI,火,1.892936,1.377875,2.561617,1.510354,1.957601,1.029427,
2025-06,801050.SI,火,0.954516,2.951859,3.045264,1.717831,1.04312,,
2025-07,801050.SI,土,6.990309,4.819702,2.933106,2.653033,1.100617,,
2025-08,801050.SI,金,3.238751,1.759445,0.769386,1.695167,0.682476,,
2025-09,801050.SI,金,0.796411,0.143181,0.825988,0.452002,,,
2025-10,801050.SI,土,-0.272514,0.840959,2.392904,0.535156,,,
2025-11,801050.SI,水,3.65869,6.327318,3.105337,0.640635,,,
2025-12,801050.SI,水,10.524613,2.853819,0.154613,,,,
2026-01,801050.SI,土,0.288713,-0.634539,-0.305402,,,,
2026-02,801050.SI,木,-0.89636,-0.490057,-0.344345,,,,
2026-03,801050.SI,木,1.509092,0.649109,,,,,
2026-04,801050.SI,土,0.083882,,,,,,
2026-05,801050.SI,火,,,,,,,
2012-09,801080.SI,金,-0.080807,-0.614942,-0.067878,0.302258,0.282592,0.389094,0.358179
2012-10,801080.SI,土,-0.838696,-0.061346,0.181246,0.264323,0.403138,0.313228,0.357104
2012-11,801080.SI,水,4.462185,2.1966,1.801254,1.524082,0.825322,0.695758,0.471006
2012-12,801080.SI,水,0.870726,1.006067,0.819371,0.504515,0.586662,0.427844,0.301122
2013-01,801080.SI,土,1.151199,0.794225,0.353242,0.529257,0.360421,0.430719,0.32941
2013-02,801080.SI,木,0.496487,0.073305,1.274335,0.473442,0.434502,0.374486,0.334215
2013-03,801080.SI,木,-0.230209,1.803788,0.244147,0.48172,0.317045,0.240783,0.439528
2013-04,801080.SI,土,9.212151,0.581688,0.728166,0.364025,0.457518,0.282842,0.541058
2013-05,801080.SI,火,-0.755023,-0.289082,-0.045422,0.139264,0.162078,0.100298,0.595691
2013-06,801080.SI,火,1.063074,0.884321,0.764658,0.355081,0.239664,0.289957,0.592563
2013-07,801080.SI,土,0.721056,0.63205,0.076612,0.33853,0.161544,0.233266,0.420063
2013-08,801080.SI,金,0.547646,-0.148487,0.359683,0.282175,0.153657,0.285612,0.271725
2013-09,801080.SI,金,-0.531499,0.274443,0.040567,0.039024,0.162019,0.327952,0.208458
2013-10,801080.SI,土,2.466813,0.550779,0.664167,0.206491,0.290394,0.402447,0.356116
2013-11,801080.SI,水,-0.306304,0.153003,0.209086,0.062664,0.26183,0.276042,0.375693
2013-12,801080.SI,水,0.916422,0.596252,0.037483,0.227962,0.44041,0.185646,0.427929
2014-01,801080.SI,土,0.329571,-0.236646,-0.125317,0.136279,0.324696,0.235275,0.174322
2014-02,801080.SI,木,-0.561731,-0.290552,-0.066026,0.289058,0.299175,0.295124,0.144771
2014-03,801080.SI,木,0.14842,0.363428,0.453412,0.697223,0.239594,0.670107,0.286188
2014-04,801080.SI,土,0.618689,0.635057,0.476113,0.63023,0.385909,0.85125,0.265113
2014-05,801080.SI,火,0.651591,0.409605,0.77914,0.532266,0.444232,1.314128,0.267487
2014-06,801080.SI,火,0.203075,0.846562,0.981933,0.144788,0.749293,0.966156,0.295393
2014-07,801080.SI,土,1.83423,1.543825,0.800438,0.342895,0.996397,0.635153,0.251317
2014-08,801080.SI,金,1.283175,0.434993,0.319649,0.301219,1.526077,0.257988,0.223899
2014-09,801080.SI,金,-0.098096,0.00327,-0.338757,0.643424,0.960925,0.099716,0.178297
2014-10,801080.SI,土,0.116028,-0.433811,0.001627,1.102234,0.583502,0.311316,0.199965
2014-11,801080.SI,水,-0.712758,-0.051097,0.283047,2.494948,0.238082,0.483125,0.199709
2014-12,801080.SI,水,2.134699,1.711692,3.084492,2.376844,0.302928,0.719722,0.225263
2015-01,801080.SI,土,1.345767,3.662396,3.41221,0.991016,0.434524,0.116376,0.159533
2015-02,801080.SI,木,8.266878,5.051204,8.520041,0.216193,0.556525,0.011873,0.137282
2015-03,801080.SI,木,2.951393,8.649204,1.791799,-0.264112,0.288937,-0.009476,0.053123
2015-04,801080.SI,土,22.56312,1.346665,-0.101551,-0.182037,-0.293907,-0.135443,-0.016572
2015-05,801080.SI,火,-0.766294,-0.824562,-0.84463,-0.370618,-0.520684,-0.305776,-0.157014
2015-06,801080.SI,火,-0.868302,-0.873318,-0.806028,-0.124199,-0.298773,-0.146536,-0.077884
2015-07,801080.SI,土,-0.878143,-0.764593,-0.255313,-0.374041,-0.146455,-0.042417,0.003929
2015-08,801080.SI,金,-0.545235,0.84092,1.549545,-0.158121,0.143433,0.190734,0.119419
2015-09,801080.SI,金,6.452168,5.036712,2.954321,0.333271,0.398515,0.262494,0.185954
2015-10,801080.SI,土,3.890107,1.880492,-0.473839,-0.086196,0.041303,0.098068,0.125169
2015-11,801080.SI,水,0.696738,-0.827409,-0.722005,-0.234254,-0.076156,-0.029548,0.020771
2015-12,801080.SI,水,-0.982444,-0.887476,-0.550464,-0.168304,-0.137124,-0.127027,-0.00472
2016-01,801080.SI,土,-0.278773,1.274762,0.587039,0.464894,0.403243,0.204358,0.130758
2016-02,801080.SI,木,6.174642,1.354212,1.109273,0.684148,0.472154,0.278233,0.165127
2016-03,801080.SI,木,-0.227513,0.143666,0.538736,0.195474,0.089129,0.119679,0.078699
2016-04,801080.SI,土,0.693196,1.171705,0.35215,0.319489,0.098529,0.118643,0.04638
2016-05,801080.SI,火,1.785444,0.208325,0.344706,0.229882,0.08169,0.023626,0.00884
2016-06,801080.SI,火,-0.475829,-0.065684,-0.071212,-0.083702,0.007094,-0.003709,-0.073653
2016-07,801080.SI,土,0.665386,0.23634,0.287616,-0.009841,0.050139,0.052518,-0.050818
2016-08,801080.SI,金,-0.082172,0.132198,0.124863,-0.029847,-0.065357,0.052374,-0.10744
2016-09,801080.SI,金,0.396636,0.245285,-0.096024,0.048689,0.019866,0.114053,-0.135212
2016-10,801080.SI,土,0.110336,-0.272733,-0.238581,-0.051632,-0.01589,0.152938,-0.19971
2016-11,801080.SI,水,-0.523642,-0.369466,-0.163278,-0.148041,0.029265,0.073699,-0.189957
2016-12,801080.SI,水,-0.16539,0.108931,0.216569,0.083269,0.194416,0.134723,-0.191319
2017-01,801080.SI,土,0.473418,0.468802,0.181219,0.118803,0.323935,0.061656,-0.178078
2017-02,801080.SI,木,0.4642,0.057627,-0.132526,0.141564,0.166764,0.062029,-0.082249
2017-03,801080.SI,木,-0.236051,-0.332295,-0.035426,0.183492,0.108683,0.039219,-0.062787
2017-04,801080.SI,土,-0.416414,0.083855,0.059686,0.401635,0.024554,-0.021214,-0.078877
2017-05,801080.SI,火,1.012971,0.427951,0.502256,0.353151,0.136134,-0.005732,-0.098241
2017-06,801080.SI,火,0.012952,0.297769,0.452094,0.188621,0.065363,-0.138687,-0.110178
2017-07,801080.SI,土,0.662668,0.738592,0.853927,0.007427,-0.046784,-0.144008,-0.080066
2017-08,801080.SI,金,0.817982,0.957654,0.218845,-0.011965,-0.133524,-0.242984,-0.079852
2017-09,801080.SI,金,1.108057,-0.002006,-0.027047,-0.087466,-0.276315,-0.328705,-0.068893
2017-10,801080.SI,土,-0.527531,-0.339008,-0.452562,-0.316497,-0.3384,-0.444493,-0.096572
2017-11,801080.SI,水,-0.07526,-0.410728,-0.199067,-0.269432,-0.354112,-0.388869,-0.051277
2017-12,801080.SI,水,-0.624499,-0.254609,-0.144133,-0.375865,-0.406819,-0.423678,0.000728
2018-01,801080.SI,土,0.479644,0.292122,-0.146612,-0.272679,-0.441777,-0.363678,0.110752
2018-02,801080.SI,木,0.128366,-0.351901,-0.333616,-0.419987,-0.441555,-0.206926,0.121943
2018-03,801080.SI,木,-0.627752,-0.487891,-0.544853,-0.506169,-0.494853,-0.154781,-0.004275
2018-04,801080.SI,土,-0.295482,-0.496719,-0.380123,-0.548521,-0.422985,-0.133142,0.095244
2018-05,801080.SI,火,-0.640474,-0.41855,-0.495163,-0.48878,-0.159554,-0.182142,0.10276
2018-06,801080.SI,火,-0.059637,-0.40178,-0.464197,-0.467829,0.038904,-0.080726,0.2562
2018-07,801080.SI,土,-0.619437,-0.595555,-0.671171,-0.443291,-0.030618,-0.011347,0.325764
2018-08,801080.SI,金,-0.570174,-0.694338,-0.482316,0.0844,-0.03945,0.118433,0.37093
2018-09,801080.SI,金,-0.782635,-0.431866,-0.471436,0.44664,0.100504,0.291474,0.37607
2018-10,801080.SI,土,0.484946,-0.175765,-0.05749,0.6644,0.426927,0.469257,0.476589
2018-11,801080.SI,水,-0.5425,-0.249115,1.27151,0.308422,0.445857,0.472803,0.481345
2018-12,801080.SI,水,0.232413,4.061467,2.959349,0.587958,0.739463,0.737668,0.537575
2019-01,801080.SI,土,19.787228,6.096718,1.9392,0.755737,0.703604,0.938908,0.534735
2019-02,801080.SI,木,1.422805,0.105212,-0.246331,0.153534,0.274739,0.587187,0.329228
2019-03,801080.SI,木,-0.495835,-0.579649,-0.363125,0.152951,0.320529,0.173031,0.243392
2019-04,801080.SI,土,-0.64953,-0.284194,0.048793,0.296995,0.687848,0.383803,0.318341
2019-05,801080.SI,火,0.461972,0.814299,0.765551,0.657836,1.034435,0.48691,0.39158
2019-06,801080.SI,火,1.251535,0.940219,1.087217,0.901493,0.437897,0.716613,0.448402
2019-07,801080.SI,土,0.671948,1.009612,0.603935,1.14119,0.517757,0.777824,0.428015
2019-08,801080.SI,金,1.415469,0.570973,0.556693,1.183865,0.404169,0.68043,0.348189
2019-09,801080.SI,金,0.021729,0.249694,0.732294,0.19346,0.608325,0.466206,0.273749
2019-10,801080.SI,土,0.528522,1.255612,1.858404,0.476421,0.839879,0.483958,0.283388
2019-11,801080.SI,水,2.328565,2.908854,2.063715,0.333606,0.723824,0.489937,0.313577
2019-12,801080.SI,水,3.590307,1.9393,-0.177769,0.549709,0.386925,0.360523,0.256471
2020-01,801080.SI,土,0.882114,-0.652007,-0.2374,0.476122,0.192672,0.214813,0.097402
2020-02,801080.SI,木,-0.935658,-0.514575,-0.419494,0.293049,0.171677,0.113194,0.075347
2020-03,801080.SI,木,2.662264,0.743664,1.920828,0.801285,0.609199,0.317974,0.111661
2020-04,801080.SI,土,-0.169812,1.60846,1.857246,0.491534,0.418775,0.255976,-0.022836
2020-05,801080.SI,火,7.195816,4.300701,1.880205,0.664594,0.383012,0.302362,0.027923
2020-06,801080.SI,火,2.428265,0.707415,0.110858,0.194433,0.010897,0.222098,-0.021242
2020-07,801080.SI,土,-0.149639,-0.36766,-0.221392,-0.000238,-0.045024,0.147035,-0.08707
2020-08,801080.SI,金,-0.529783,-0.254966,-0.03796,-0.041644,-0.000381,0.081636,-0.086199
2020-09,801080.SI,金,0.180469,0.376071,0.284295,-0.035658,0.261601,0.106553,-0.123038
2020-10,801080.SI,土,0.604083,0.339584,0.283733,0.05762,0.305157,0.109927,-0.114487
2020-11,801080.SI,水,0.118699,0.148414,-0.045313,0.018956,0.124718,0.158093,-0.117817
2020-12,801080.SI,水,0.178919,-0.118069,-0.275902,0.250404,0.052951,0.160376,-0.141846
2021-01,801080.SI,土,-0.340241,-0.432516,-0.128667,0.316002,0.057387,-0.008662,-0.108077
2021-02,801080.SI,木,-0.511885,0.001345,0.087551,0.220773,0.235106,0.038787,-0.094147
2021-03,801080.SI,木,1.054212,0.623354,1.159254,0.269736,0.357894,-0.062355,-0.039748
2021-04,801080.SI,土,0.282866,1.213773,0.9876,0.164821,0.034906,-0.239754,-0.103762
2021-05,801080.SI,火,2.820188,1.474017,0.370315,0.316229,0.023023,-0.188686,-0.103048
2021-06,801080.SI,火,0.602215,-0.179293,-0.253339,0.07683,-0.289959,-0.216129,-0.145017
2021-07,801080.SI,土,-0.579607,-0.490288,-0.317364,-0.25323,-0.44814,-0.273395,-0.165104
2021-08,801080.SI,金,-0.381992,-0.130127,0.264279,-0.11607,-0.318741,-0.227992,-0.156218
2021-09,801080.SI,金,0.224385,0.808287,0.552998,-0.30759,-0.203318,-0.304993,-0.144897
2021-10,801080.SI,土,1.670649,0.74903,-0.18307,-0.503809,-0.258118,-0.293527,-0.133516
2021-11,801080.SI,水,0.145454,-0.548176,-0.381993,-0.499912,-0.34504,-0.327993,-0.165161
2021-12,801080.SI,水,-0.821778,-0.546057,-0.691287,-0.429386,-0.468387,-0.365354,-0.174975
2022-01,801080.SI,土,0.156223,-0.593694,-0.698621,-0.293016,-0.326921,-0.197522,-0.226724
2022-02,801080.SI,木,-0.857221,-0.846132,-0.595331,-0.325743,-0.308964,-0.210069,-0.170592
2022-03,801080.SI,木,-0.834182,-0.318732,0.054699,-0.302385,-0.19303,-0.016595,-0.095737
2022-04,801080.SI,土,1.799009,1.659971,0.658468,0.005871,0.112261,0.056557,-0.027163
2022-05,801080.SI,火,1.52784,0.276611,0.123443,-0.096973,-0.012769,-0.008372,-0.073825
2022-06,801080.SI,火,-0.355285,-0.251052,-0.538574,-0.294135,-0.039272,-0.067454,-0.094817
2022-07,801080.SI,土,-0.129967,-0.609636,-0.389933,-0.089129,-0.090879,-0.040673,-0.072924
2022-08,801080.SI,金,-0.824852,-0.489144,-0.274144,-0.074551,-0.048779,-0.077772,-0.092478
2022-09,801080.SI,金,0.490023,0.477656,0.079794,0.386275,0.179034,0.052078,0.065045
2022-10,801080.SI,土,0.465392,-0.08079,0.359991,0.109798,0.115568,0.062737,0.121599
2022-11,801080.SI,水,-0.423399,0.310168,0.179927,0.088923,-0.001148,0.037127,0.09922
2022-12,801080.SI,水,1.976997,0.687894,0.779746,0.232024,0.042998,0.072512,0.127469
2023-01,801080.SI,土,-0.043,0.376093,-0.094368,0.01036,-0.021136,-0.254863,0.075933
2023-02,801080.SI,木,0.978718,-0.119008,0.004938,-0.080981,-0.006524,-0.129143,0.12178
2023-03,801080.SI,木,-0.607753,-0.283828,-0.147135,-0.201553,-0.094094,-0.16851,0.066231
2023-04,801080.SI,土,0.307599,0.257594,0.127199,0.017672,-0.301772,-0.104249,0.081729
2023-05,801080.SI,火,0.209502,0.046559,-0.159555,-0.012206,-0.169737,-0.134959,0.054351
2023-06,801080.SI,火,-0.094432,-0.299416,-0.252499,-0.066349,-0.175515,-0.121377,0.091398
2023-07,801080.SI,土,-0.457999,-0.320863,-0.081214,-0.450464,-0.170309,-0.10409,0.131457
2023-08,801080.SI,金,-0.149028,0.19625,0.160977,-0.174781,-0.126601,-0.106949,0.296605
2023-09,801080.SI,金,0.681623,0.356056,0.166158,-0.134099,-0.072744,0.078172,0.375047
2023-10,801080.SI,土,0.09352,-0.028882,-0.671317,-0.211563,-0.111588,0.183721,0.321645
2023-11,801080.SI,水,-0.137584,-0.819801,-0.413436,-0.242457,-0.181736,0.16503,0.283098
2023-12,801080.SI,水,-0.962348,-0.516258,-0.357048,-0.173162,0.050344,0.185242,0.323887
2024-01,801080.SI,土,5.215001,1.656894,0.891287,0.460606,0.81443,0.553584,0.595473
2024-02,801080.SI,木,0.135814,0.043315,-0.021639,-0.033542,0.464462,0.445003,0.493919
2024-03,801080.SI,木,-0.041651,-0.09198,0.063317,0.342481,0.453282,0.367242,0.381964
2024-04,801080.SI,土,-0.139666,0.120037,0.128,0.777181,0.454992,0.306321,0.558885
2024-05,801080.SI,火,0.458135,0.291606,-0.045301,0.791708,0.645604,0.28509,0.662203
2024-06,801080.SI,火,0.144095,-0.227496,0.694936,0.699001,0.486755,0.355701,
2024-07,801080.SI,土,-0.478399,1.062998,1.799977,0.65248,0.371819,0.428933,
2024-08,801080.SI,金,7.159409,5.487276,2.362547,1.160502,0.418913,0.882519,
2024-09,801080.SI,金,4.157818,1.158605,0.703075,0.39246,0.258445,0.753667,
2024-10,801080.SI,土,-0.096599,-0.021372,-0.024745,-0.039786,0.141907,0.475638,
2024-11,801080.SI,水,0.06012,0.013297,0.388165,-0.078279,0.55154,0.41313,
2024-12,801080.SI,水,-0.031457,0.588489,0.138496,0.081769,0.770863,0.47875,
2025-01,801080.SI,土,1.60525,0.234349,-0.054595,0.235627,0.69408,0.638492,
2025-02,801080.SI,木,-0.415174,-0.430489,-0.387991,0.640303,0.421551,0.544491,
2025-03,801080.SI,木,-0.445403,-0.373928,0.027868,1.208573,0.613426,0.396845,
2025-04,801080.SI,土,-0.293242,0.39932,0.614942,1.267733,0.968127,0.860281,
2025-05,801080.SI,火,1.770535,1.441182,3.396327,1.16653,1.102783,1.149982,
2025-06,801080.SI,火,1.150981,4.538003,3.745547,1.021412,0.547219,,
2025-07,801080.SI,土,13.258365,6.048733,2.184395,1.172708,0.95008,,
2025-08,801080.SI,金,2.484595,0.504893,0.067676,0.454275,0.693882,,
2025-09,801080.SI,金,-0.350082,-0.409006,-0.13896,-0.116545,,,
2025-10,801080.SI,土,-0.462588,-0.008926,0.482435,0.526038,,,
2025-11,801080.SI,水,0.827699,1.462124,0.98086,1.13356,,,
2025-12,801080.SI,水,2.316769,1.062188,-0.093547,,,,
2026-01,801080.SI,土,0.282158,-0.526128,0.570923,,,,
2026-02,801080.SI,木,-0.824862,0.738848,1.298032,,,,
2026-03,801080.SI,木,16.264076,7.324235,,,,,
2026-04,801080.SI,土,3.013704,,,,,,
2026-05,801080.SI,火,,,,,,,
2012-09,801110.SI,金,0.443788,0.032974,0.548881,0.482632,0.202372,0.313027,0.273221
2012-10,801110.SI,土,-0.260947,0.604262,0.940236,0.514883,0.2473,0.40693,0.270976
2012-11,801110.SI,水,2.482373,2.143723,1.174051,0.713997,0.339701,0.511456,0.317041
2012-12,801110.SI,水,1.838005,0.717777,0.419217,0.059374,0.242679,0.393291,0.299932
2013-01,801110.SI,土,0.03973,0.003614,0.182779,6.7e-05,0.263994,0.246702,0.307353
2013-02,801110.SI,木,-0.031247,0.261524,0.351296,0.051664,0.33897,0.206111,0.34666
2013-03,801110.SI,木,0.642774,0.59595,-0.209231,0.162823,0.384754,0.178308,0.44052
2013-04,801110.SI,土,0.55046,-0.451363,-0.15442,0.306669,0.268769,0.130523,0.536836
2013-05,801110.SI,火,-0.805862,-0.375544,-0.181529,0.332849,0.161269,0.099255,0.600798
2013-06,801110.SI,火,1.0086,0.680545,0.709929,0.83246,0.345845,0.271095,0.676238
2013-07,801110.SI,土,0.40607,0.577685,1.019187,0.554162,0.245435,0.282465,0.469466
2013-08,801110.SI,金,0.770247,1.419699,1.170492,0.38324,0.212821,0.249512,0.343311
2013-09,801110.SI,金,2.307417,1.403369,0.96377,0.193998,0.151449,0.234623,0.239828
2013-10,801110.SI,土,0.746433,0.513183,0.196234,-0.021877,0.10239,0.14816,0.258419
2013-11,801110.SI,水,0.311086,-0.009971,-0.118471,-0.0934,0.039444,0.147633,0.263196
2013-12,801110.SI,水,-0.252408,-0.277165,-0.274034,-0.118298,0.057667,0.212828,0.315704
2014-01,801110.SI,土,-0.301102,-0.284611,-0.200219,0.058265,0.132569,0.370955,0.179092
2014-02,801110.SI,木,-0.267731,-0.144442,-0.067615,0.128713,0.253118,0.503589,0.174166
2014-03,801110.SI,木,-0.000396,0.052101,0.070846,0.27663,0.439108,0.761084,0.261956
2014-04,801110.SI,土,0.107354,0.108349,0.400291,0.347757,0.640743,1.089178,0.265137
2014-05,801110.SI,火,0.109345,0.574651,0.366381,0.452748,0.763222,1.331174,0.263101
2014-06,801110.SI,火,1.235126,0.516438,0.521959,0.66831,1.078728,1.210514,0.282744
2014-07,801110.SI,土,0.028838,0.255895,0.297194,0.776036,1.38723,0.683735,0.267152
2014-08,801110.SI,金,0.533061,0.456578,0.544574,1.00297,1.785537,0.444152,0.263223
2014-09,801110.SI,金,0.383911,0.550362,0.828734,1.429378,1.50336,0.245054,0.267775
2014-10,801110.SI,土,0.736834,1.102189,1.431636,2.238464,0.836665,0.379267,0.25571
2014-11,801110.SI,水,1.5444,1.87719,1.59741,2.740754,0.412151,0.390396,0.283404
2014-12,801110.SI,水,2.253507,1.624328,2.227302,1.928935,0.095303,0.427306,0.183474
2015-01,801110.SI,土,1.116822,2.214279,3.313002,0.596231,0.141734,0.014079,0.137514
2015-02,801110.SI,木,3.880707,5.156406,4.387384,0.041241,0.128941,-0.083083,0.135869
2015-03,801110.SI,木,6.765543,4.660118,1.658153,-0.361911,0.087451,-0.095709,0.090444
2015-04,801110.SI,土,3.125524,0.555192,-0.409239,-0.412568,-0.374103,-0.233875,0.00157
2015-05,801110.SI,火,-0.413742,-0.776448,-0.798755,-0.483205,-0.491863,-0.315613,-0.049671
2015-06,801110.SI,火,-0.914755,-0.882092,-0.846827,-0.304456,-0.368727,-0.255633,0.030807
2015-07,801110.SI,土,-0.836914,-0.794675,-0.415879,-0.355759,-0.164534,-0.046362,0.119183
2015-08,801110.SI,金,-0.741498,0.105467,0.327123,-0.192563,0.029186,0.104962,0.203821
2015-09,801110.SI,金,3.727457,2.007009,2.158393,0.281548,0.260825,0.29091,0.292433
2015-10,801110.SI,土,0.912679,1.581579,-0.289453,-0.000824,0.122908,0.143221,0.273085
2015-11,801110.SI,水,2.484407,-0.56692,-0.508746,-0.093672,0.039504,0.184645,0.224134
2015-12,801110.SI,水,-0.946172,-0.815543,-0.48,-0.203384,-0.041984,-0.018703,0.184717
2016-01,801110.SI,土,-0.367906,0.616222,0.405047,0.411625,0.339603,0.275973,0.405605
2016-02,801110.SI,木,3.132569,1.094813,0.672107,0.512119,0.588603,0.407105,0.383342
2016-03,801110.SI,木,0.061868,0.063619,0.22038,0.300341,0.212642,0.314918,0.275556
2016-04,801110.SI,土,0.065373,0.3083,0.418235,0.308033,0.235639,0.309372,0.236229
2016-05,801110.SI,火,0.60662,0.636332,0.367438,0.548428,0.328457,0.319612,0.262501
2016-06,801110.SI,火,0.666593,0.261552,0.385541,0.208792,0.348031,0.427473,0.212978
2016-07,801110.SI,土,-0.04505,0.263323,0.206394,0.153356,0.274974,0.313465,0.145117
2016-08,801110.SI,金,0.671275,0.355949,0.753372,0.309385,0.304044,0.311525,0.075393
2016-09,801110.SI,金,0.100116,0.795921,0.05459,0.329658,0.44173,0.293958,0.05781
2016-10,801110.SI,土,1.931811,0.032538,0.102651,0.310712,0.351226,0.417701,-0.000526
2016-11,801110.SI,水,-0.636356,-0.323778,-0.022177,0.124608,0.19054,0.26494,-0.033712
2016-12,801110.SI,水,0.257481,0.603438,0.676472,0.685715,0.385263,0.430307,-0.009471
2017-01,801110.SI,土,1.044575,0.935724,0.558033,0.495799,0.541583,0.548408,0.043231
2017-02,801110.SI,木,0.832669,0.360076,0.293428,0.313669,0.378288,0.359981,0.063581
2017-03,801110.SI,木,0.009352,0.086605,0.695009,0.259217,0.356564,0.237373,0.076564
2017-04,801110.SI,土,0.16977,1.196527,0.436051,0.533424,0.545213,0.167172,0.104133
2017-05,801110.SI,火,3.124513,0.591126,0.334226,0.422783,0.382917,0.207862,0.061748
2017-06,801110.SI,火,-0.386186,-0.241147,-0.064532,0.213597,0.11415,0.030714,0.020551
2017-07,801110.SI,土,-0.061835,0.154849,0.637399,0.602867,0.089239,-0.001653,0.046377
2017-08,801110.SI,金,0.421581,1.163178,0.517218,0.407925,0.168459,-0.118224,0.039927
2017-09,801110.SI,金,2.291645,0.567424,0.574417,0.215908,0.064571,-0.135241,0.025924
2017-10,801110.SI,土,-0.25362,0.088863,0.569064,-0.111602,-0.153441,-0.295375,-0.000587
2017-11,801110.SI,水,0.588497,1.274997,0.306505,0.025407,-0.264141,-0.261852,0.005235
2017-12,801110.SI,水,2.258181,0.184878,-0.060965,-0.124609,-0.291803,-0.314029,0.037724
2018-01,801110.SI,土,-0.569105,-0.495879,-0.496993,-0.378178,-0.46041,-0.297129,-0.025194
2018-02,801110.SI,木,-0.410209,-0.45653,-0.195213,-0.447749,-0.389779,-0.168221,-0.006425
2018-03,801110.SI,木,-0.499213,-0.059903,-0.183939,-0.384979,-0.382202,-0.063346,-0.041016
2018-04,801110.SI,土,0.764786,0.041736,-0.231299,-0.441132,-0.214205,0.0445,0.024096
2018-05,801110.SI,火,-0.385073,-0.492671,-0.621041,-0.468638,-0.159024,-0.066691,0.030398
2018-06,801110.SI,火,-0.581442,-0.702507,-0.536492,-0.462463,-0.019311,0.010488,0.064055
2018-07,801110.SI,土,-0.788555,-0.512239,-0.593687,-0.205515,0.15689,0.096718,0.161631
2018-08,801110.SI,金,0.125166,-0.436761,-0.254945,0.252793,0.260384,0.226444,0.24331
2018-09,801110.SI,金,-0.718052,-0.393718,-0.376609,0.42649,0.310255,0.217125,0.225842
2018-10,801110.SI,土,0.303707,-0.07305,0.553496,0.952125,0.527002,0.417528,0.338366
2018-11,801110.SI,水,-0.340929,0.695803,1.106542,0.639307,0.448107,0.368964,0.380371
2018-12,801110.SI,水,3.363333,2.766076,2.264204,0.899562,0.521226,0.569851,0.434471
2019-01,801110.SI,土,2.250571,1.823298,1.453041,0.513924,0.374903,0.351951,0.328011
2019-02,801110.SI,木,1.452189,1.130971,0.275705,0.200649,0.185767,0.186842,0.254646
2019-03,801110.SI,木,0.85183,-0.079871,0.105426,0.038489,0.229945,-0.018155,0.188503
2019-04,801110.SI,土,-0.54281,-0.145929,-0.065663,0.029333,0.108442,0.004091,0.154028
2019-05,801110.SI,火,0.595481,0.335693,0.130009,0.143205,0.158618,0.137588,0.183987
2019-06,801110.SI,火,0.118207,-0.049008,-0.024395,0.297369,-0.056198,0.120462,0.122632
2019-07,801110.SI,土,-0.191218,-0.088724,0.133987,0.207308,0.028482,0.230387,0.06485
2019-08,801110.SI,金,0.026759,0.342754,0.156555,0.173194,0.140126,0.260409,0.074084
2019-09,801110.SI,金,0.755999,0.227482,0.725255,-0.071708,0.173379,0.234621,0.067469
2019-10,801110.SI,土,-0.141963,0.710085,0.285369,-0.020531,0.264308,0.263625,0.039165
2019-11,801110.SI,水,2.408235,0.573218,0.190072,0.131999,0.29706,0.391873,0.046386
2019-12,801110.SI,水,-0.273813,-0.296774,-0.500523,-0.032322,0.104317,0.310765,0.026956
2020-01,801110.SI,土,-0.319009,-0.585763,-0.253631,0.253907,0.25646,0.304494,0.016742
2020-02,801110.SI,木,-0.748025,-0.218625,0.07676,0.354108,0.466476,0.326324,0.008102
2020-03,801110.SI,木,1.423048,1.22587,0.874762,0.642037,0.807984,0.438657,-0.001242
2020-04,801110.SI,土,1.044737,0.649066,1.106575,0.630219,0.571346,0.326354,-0.041408
2020-05,801110.SI,火,0.32996,1.138192,0.702895,0.711407,0.421761,0.232278,-0.062103
2020-06,801110.SI,火,2.437595,0.926915,0.438202,0.775492,0.317127,0.124805,-0.022843
2020-07,801110.SI,土,0.080116,-0.069744,0.261581,0.357123,0.136807,-0.078415,-0.083296
2020-08,801110.SI,金,-0.198811,0.363445,0.719961,0.29911,0.106324,-0.084697,-0.105903
2020-09,801110.SI,金,1.320279,1.520057,1.191883,0.260467,0.036326,-0.077053,-0.119868
2020-10,801110.SI,土,1.737036,1.130375,0.4599,0.079127,-0.170004,-0.145425,-0.206787
2020-11,801110.SI,水,0.65818,0.066214,-0.018764,-0.112712,-0.258268,-0.213344,-0.189702
2020-12,801110.SI,水,-0.314421,-0.245178,-0.275154,-0.287416,-0.308228,-0.195402,-0.202474
2021-01,801110.SI,土,-0.168942,-0.254686,-0.202332,-0.374176,-0.285132,-0.207536,-0.156923
2021-02,801110.SI,木,-0.331583,-0.218521,-0.197666,-0.355113,-0.269217,-0.23377,-0.149082
2021-03,801110.SI,木,-0.086335,-0.120959,-0.29947,-0.324195,-0.166914,-0.306632,-0.138214
2021-04,801110.SI,土,-0.154271,-0.386596,-0.508999,-0.323251,-0.209264,-0.3072,-0.126182
2021-05,801110.SI,火,-0.5551,-0.625883,-0.481663,-0.302563,-0.24544,-0.286159,-0.153118
2021-06,801110.SI,火,-0.685404,-0.440517,-0.348047,-0.091507,-0.309003,-0.15111,-0.076096
2021-07,801110.SI,土,-0.005004,-0.06147,-0.067232,0.003475,-0.222948,-0.088152,-0.02704
2021-08,801110.SI,金,-0.114732,-0.096871,-0.061579,-0.089595,-0.205798,-0.126619,-0.051909
2021-09,801110.SI,金,-0.07865,-0.033818,0.26598,-0.288614,-0.073035,-0.160696,-0.046377
2021-10,801110.SI,土,0.013195,0.483979,0.079542,-0.290768,-0.09502,-0.263742,-0.060415
2021-11,801110.SI,水,1.173513,0.114327,-0.116773,-0.269369,-0.147281,-0.165348,-0.063234
2021-12,801110.SI,水,-0.428701,-0.436976,-0.600254,-0.206802,-0.268158,-0.209483,-0.09427
2022-01,801110.SI,土,-0.445131,-0.665616,-0.534052,-0.171412,-0.351923,-0.103076,-0.082036
2022-02,801110.SI,木,-0.798489,-0.573017,-0.395601,-0.162137,-0.180938,-0.055035,-0.013867
2022-03,801110.SI,木,-0.095264,0.046733,0.573907,-0.009776,-0.007753,0.071114,0.06656
2022-04,801110.SI,土,0.211017,1.075906,0.473465,-0.235687,0.115736,0.102132,0.115609
2022-05,801110.SI,火,2.558486,0.625305,0.161508,-0.046517,0.096764,0.004718,0.084376
2022-06,801110.SI,火,-0.257657,-0.336408,-0.377,-0.212156,-0.057848,0.005546,-0.000391
2022-07,801110.SI,土,-0.406805,-0.429271,-0.603537,-0.029105,0.000456,0.038167,0.000563
2022-08,801110.SI,金,-0.450887,-0.67588,-0.217285,0.065758,-0.042692,0.02919,0.012673
2022-09,801110.SI,金,-0.808685,-0.065511,-0.003695,0.158611,0.179524,0.083512,0.14638
2022-10,801110.SI,土,3.564564,1.273599,1.377616,0.589262,0.430941,0.199063,0.21983
2022-11,801110.SI,水,0.132474,0.715983,0.451155,0.058706,0.127526,0.051373,0.131173
2022-12,801110.SI,水,1.600146,0.642693,0.347358,0.283405,0.114245,0.037735,0.140922
2023-01,801110.SI,土,0.037804,-0.030103,0.062305,0.110099,-0.045575,-0.060502,0.09268
2023-02,801110.SI,木,-0.093566,0.074772,-0.227609,-0.006123,-0.055711,0.029093,0.095013
2023-03,801110.SI,木,0.274373,-0.287003,0.222488,0.01328,-0.048765,0.062025,0.123002
2023-04,801110.SI,土,-0.601086,0.197343,0.160043,-0.095334,-0.098197,0.129251,0.079847
2023-05,801110.SI,火,2.593835,0.978206,0.278875,0.044091,0.132385,0.17035,0.141445
2023-06,801110.SI,火,0.088892,-0.237108,-0.160125,-0.160909,0.013363,-0.006293,0.065634
2023-07,801110.SI,土,-0.465508,-0.262385,-0.294491,-0.204884,0.119169,-0.035678,0.065272
2023-08,801110.SI,金,0.01793,-0.189444,-0.14759,0.065557,0.136261,-0.003579,0.129688
2023-09,801110.SI,金,-0.354571,-0.219965,-0.161692,0.113115,0.051009,0.212896,0.133191
2023-10,801110.SI,土,-0.057286,-0.044608,-0.103896,0.409588,0.070192,0.240956,0.158111
2023-11,801110.SI,水,-0.03176,-0.12633,0.332002,0.311877,0.049642,0.217029,0.161371
2023-12,801110.SI,水,-0.211663,0.562305,0.478007,0.176813,0.371819,0.25437,0.170032
2024-01,801110.SI,土,2.096135,1.023758,1.217309,0.169536,0.383213,0.270838,0.175948
2024-02,801110.SI,木,0.322809,0.876417,0.292055,-0.068229,0.180953,0.165155,0.127543
2024-03,801110.SI,木,1.661716,0.276947,-0.063002,0.321621,0.187614,0.18748,0.074001
2024-04,801110.SI,土,-0.38739,-0.444061,-0.38312,0.092498,0.05563,0.032605,0.06291
2024-05,801110.SI,火,-0.495489,-0.380973,-0.328049,0.129038,0.125687,0.113254,0.093408
2024-06,801110.SI,火,-0.240464,-0.22452,0.864126,0.337038,0.285057,0.142768,
2024-07,801110.SI,土,-0.20824,1.920376,0.934819,0.380915,0.22606,0.17679,
2024-08,801110.SI,金,9.771691,2.024571,0.897054,0.456995,0.317286,0.280779,
2024-09,801110.SI,金,-0.150734,-0.203881,-0.041014,0.066955,-0.029224,0.058723,
2024-10,801110.SI,土,-0.253703,0.019053,-0.014416,-0.024005,-0.002946,0.080796,
2024-11,801110.SI,水,0.391494,0.13262,0.119016,0.097691,0.123585,0.108259,
2024-12,801110.SI,水,-0.078093,0.003492,0.187079,-0.023275,0.094223,0.091365,
2025-01,801110.SI,土,0.092297,0.347025,-0.033501,0.002839,0.114536,0.088143,
2025-02,801110.SI,木,0.661158,-0.090857,0.076773,0.125876,0.104697,0.091145,
2025-03,801110.SI,木,-0.502431,-0.133077,-0.196353,0.050555,0.061207,-0.028633,
2025-04,801110.SI,土,0.510456,0.021343,0.040545,0.196851,0.132003,0.094104,
2025-05,801110.SI,火,-0.309387,-0.136352,0.177218,0.118929,0.095978,0.073916,
2025-06,801110.SI,火,0.080038,0.53698,0.373321,0.219459,0.034719,,
2025-07,801110.SI,土,1.187243,0.548598,0.376637,0.180703,0.112563,,
2025-08,801110.SI,金,0.096428,0.092146,0.063526,0.057485,0.041537,,
2025-09,801110.SI,金,0.087881,0.047448,0.082835,-0.101852,,,
2025-10,801110.SI,土,0.008517,0.080321,0.012656,0.000177,,,
2025-11,801110.SI,水,0.157238,0.014732,0.051478,0.030713,,,
2025-12,801110.SI,水,-0.110225,0.00228,-0.25504,,,,
2026-01,801110.SI,土,0.129009,-0.318353,-0.012148,,,,
2026-02,801110.SI,木,-0.588451,-0.075963,0.010358,,,,
2026-03,801110.SI,木,1.074711,0.583079,,,,,
2026-04,801110.SI,土,0.207946,,,,,,
2026-05,801110.SI,火,,,,,,,
2012-09,801120.SI,金,0.04202,-0.623953,-0.314025,-0.240699,-0.220772,-0.114004,-0.057696
2012-10,801120.SI,土,-0.864292,-0.443424,-0.426285,-0.299406,-0.220363,-0.161803,-0.075779
2012-11,801120.SI,水,1.282664,0.179616,0.251005,0.135264,0.001433,0.02348,0.019684
2012-12,801120.SI,水,-0.390408,-0.073879,-0.159535,-0.169494,-0.035121,-0.073641,0.036752
2013-01,801120.SI,土,0.407005,-0.013131,-0.144468,-0.091153,-0.048893,-0.101207,0.05493
2013-02,801120.SI,木,-0.307812,-0.332876,0.030231,-0.10401,-0.042763,-0.107943,0.056898
2013-03,801120.SI,木,-0.357032,0.256868,-0.179335,0.033831,-0.043102,-0.087655,0.133578
2013-04,801120.SI,土,1.456917,-0.072841,-0.034516,0.002827,-0.086306,-0.04278,0.246584
2013-05,801120.SI,火,-0.650121,-0.394767,-0.220758,-0.077297,-0.149753,-0.140794,0.265869
2013-06,801120.SI,火,0.046953,0.162919,0.302368,0.033275,-0.054872,-0.062382,0.302323
2013-07,801120.SI,土,0.29173,0.452569,0.041614,-0.11115,-0.045518,0.027288,0.207652
2013-08,801120.SI,金,0.633436,-0.064649,0.092575,-0.11186,-0.112356,0.014891,0.133477
2013-09,801120.SI,金,-0.464392,-0.106435,-0.180218,-0.194865,-0.159657,0.00219,0.083954
2013-10,801120.SI,土,0.49075,0.0142,-0.241509,-0.086312,0.022557,0.019073,0.163121
2013-11,801120.SI,水,-0.31001,-0.458968,-0.278042,-0.199922,-0.009756,0.015902,0.149163
2013-12,801120.SI,水,-0.575768,-0.261507,-0.209249,-0.149184,0.071604,0.160301,0.211901
2014-01,801120.SI,土,0.285552,0.079587,0.10064,0.187288,0.124494,0.238192,0.123126
2014-02,801120.SI,木,-0.09338,0.018411,-0.113348,0.159731,0.13841,0.252201,0.105218
2014-03,801120.SI,木,0.143987,-0.123167,-0.084556,0.247474,0.318502,0.408457,0.19688
2014-04,801120.SI,土,-0.327932,-0.181088,0.280757,0.136614,0.287762,0.62342,0.196642
2014-05,801120.SI,火,-0.002158,0.768047,0.516916,0.289945,0.404907,0.865005,0.225098
2014-06,801120.SI,火,2.13275,0.870301,0.69993,0.58236,0.625976,0.808887,0.266537
2014-07,801120.SI,土,0.116599,0.252229,0.008693,0.291278,0.756922,0.419682,0.240248
2014-08,801120.SI,金,0.404332,-0.041284,0.096935,0.352043,0.997958,0.265919,0.227198
2014-09,801120.SI,金,-0.3455,-0.030526,0.472921,0.590214,0.846736,0.172389,0.189569
2014-10,801120.SI,土,0.436027,1.209603,0.65303,1.318724,0.590994,0.327531,0.25198
2014-11,801120.SI,水,2.399899,0.773535,0.66648,1.696429,0.327846,0.299905,0.24539
2014-12,801120.SI,水,-0.074847,0.166721,0.716847,1.067843,0.086515,0.265797,0.166123
2015-01,801120.SI,土,0.471365,1.338787,2.2525,0.560854,0.233955,0.018752,0.175784
2015-02,801120.SI,木,2.717585,3.835771,3.362927,0.185282,0.196599,-0.024512,0.18081
2015-03,801120.SI,木,5.290287,3.726465,1.490596,-0.135654,0.143514,0.017086,0.14079
2015-04,801120.SI,土,2.551424,0.567183,-0.250956,-0.239954,-0.308139,-0.117942,0.052984
2015-05,801120.SI,火,-0.308429,-0.655999,-0.677993,-0.373337,-0.407934,-0.195249,0.003053
2015-06,801120.SI,火,-0.828887,-0.780275,-0.700034,-0.225163,-0.245414,-0.113203,0.056382
2015-07,801120.SI,土,-0.717853,-0.602839,-0.22879,-0.335072,-0.068548,0.083493,0.143104
2015-08,801120.SI,金,-0.440941,0.275033,0.21956,-0.197173,0.092095,0.189662,0.22389
2015-09,801120.SI,金,1.907937,0.801258,1.001469,0.196816,0.272745,0.207001,0.296762
2015-10,801120.SI,土,0.11575,0.660469,-0.426707,0.023657,0.213511,0.180729,0.29992
2015-11,801120.SI,水,1.471124,-0.589057,-0.471505,0.033449,0.17986,0.193161,0.272422
2015-12,801120.SI,水,-0.931661,-0.755593,-0.284342,0.014934,0.01975,0.074298,0.285622
2016-01,801120.SI,土,-0.125903,1.315923,0.827816,0.765538,0.502247,0.357022,0.47687
2016-02,801120.SI,木,5.136045,1.643131,1.020863,0.762889,0.565255,0.429349,0.433089
2016-03,801120.SI,木,0.138541,0.159741,0.439361,0.217272,0.230074,0.27954,0.292143
2016-04,801120.SI,土,0.181335,0.618378,0.705382,0.361902,0.228773,0.257032,0.276472
2016-05,801120.SI,火,1.217108,1.049019,0.537848,0.377556,0.273519,0.25022,0.372296
2016-06,801120.SI,火,0.893674,0.280786,0.029451,0.137135,0.230312,0.258399,0.281793
2016-07,801120.SI,土,-0.133741,-0.240975,0.087602,0.043029,0.135501,0.205995,0.235605
2016-08,801120.SI,金,-0.334934,0.218656,0.233973,0.158914,0.166838,0.259103,0.173737
2016-09,801120.SI,金,1.233045,0.680839,0.256083,0.344993,0.345517,0.393198,0.242889
2016-10,801120.SI,土,0.265186,-0.05794,0.000284,0.160237,0.248257,0.431143,0.062579
2016-11,801120.SI,水,-0.29854,-0.110578,0.088422,0.134653,0.267593,0.356947,0.079836
2016-12,801120.SI,水,0.127749,0.355796,0.440196,0.392594,0.442151,0.538515,0.095788
2017-01,801120.SI,土,0.629958,0.627519,0.345767,0.394423,0.612636,0.607303,0.142064
2017-02,801120.SI,木,0.625082,0.222832,0.182849,0.367953,0.460444,0.436839,0.18746
2017-03,801120.SI,木,-0.079851,0.009151,0.346566,0.44313,0.572758,0.30487,0.254498
2017-04,801120.SI,土,0.106761,0.628967,0.444837,0.765304,0.705325,0.296213,0.298211
2017-05,801120.SI,火,1.397567,0.650827,0.582025,0.622791,0.53309,0.506293,0.264349
2017-06,801120.SI,火,0.136664,0.285093,0.54662,0.699726,0.291261,0.305622,0.279959
2017-07,801120.SI,土,0.452904,0.804095,1.15685,0.852683,0.25015,0.265942,0.255643
2017-08,801120.SI,金,1.240173,1.627915,0.664608,0.509194,0.481863,0.094158,0.290643
2017-09,801120.SI,金,2.082771,0.434919,0.867989,0.179857,0.233944,0.108797,0.233876
2017-10,801120.SI,土,-0.332097,0.454088,0.591411,-0.048227,0.059933,-0.211069,0.187055
2017-11,801120.SI,水,2.165687,1.4565,0.368289,0.398158,-0.048659,-0.140685,0.191564
2017-12,801120.SI,水,0.906187,-0.100435,-0.25478,0.002897,-0.068153,-0.219538,0.161536
2018-01,801120.SI,土,-0.575478,-0.534045,-0.430775,-0.134979,-0.375607,-0.188511,0.09705
2018-02,801120.SI,木,-0.488569,-0.340862,0.428678,-0.20674,-0.264114,-0.018637,0.123185
2018-03,801120.SI,木,-0.150497,1.387856,0.349672,0.042017,-0.207424,0.206071,0.179361
2018-04,801120.SI,土,5.711988,0.701217,0.314525,-0.346049,-0.086695,0.300212,0.237761
2018-05,801120.SI,火,-0.56881,-0.418262,-0.55955,-0.471861,-0.134112,0.061266,0.194103
2018-06,801120.SI,火,-0.215149,-0.554846,-0.195508,-0.392639,0.161683,0.254799,0.288723
2018-07,801120.SI,土,-0.747516,-0.185505,-0.674672,-0.23873,0.295475,0.245428,0.409831
2018-08,801120.SI,金,1.627505,-0.630712,-0.366713,0.214071,0.422766,0.522413,0.580383
2018-09,801120.SI,金,-0.948098,-0.689094,-0.541465,0.395953,0.455209,0.373064,0.446666
2018-10,801120.SI,土,0.862391,0.362902,0.781379,1.585133,0.948279,0.786085,0.670172
2018-11,801120.SI,水,-0.002625,0.742204,1.32749,1.132554,1.039434,0.652276,0.646055
2018-12,801120.SI,水,2.043262,2.555513,3.249808,1.592398,0.979081,0.728676,0.78817
2019-01,801120.SI,土,3.153989,4.022087,2.751539,1.037504,0.787657,0.4831,0.719311
2019-02,801120.SI,木,5.071601,2.56518,0.953945,0.909064,0.473944,0.285502,0.578852
2019-03,801120.SI,木,1.093436,0.108452,0.581372,0.35055,0.280841,0.153242,0.432355
2019-04,801120.SI,土,-0.413087,0.374426,0.106592,0.234018,0.088489,0.178309,0.429852
2019-05,801120.SI,火,2.218612,0.519478,0.865215,0.280163,0.118046,0.343567,0.52786
2019-06,801120.SI,火,-0.282668,0.419904,0.153419,0.152725,0.038044,0.323564,0.413409
2019-07,801120.SI,土,1.810591,0.462584,0.376117,0.079549,0.203234,0.595937,0.288163
2019-08,801120.SI,金,-0.238896,-0.037094,-0.121378,-0.134384,0.204397,0.64056,0.207181
2019-09,801120.SI,金,0.218216,-0.055981,0.152031,-0.015241,0.385684,0.524214,0.294993
2019-10,801120.SI,土,-0.268461,0.120299,-0.153106,0.125116,0.676753,0.561781,0.295767
2019-11,801120.SI,水,0.715655,-0.088777,-0.147197,0.410111,1.020174,0.639858,0.32255
2019-12,801120.SI,水,-0.516029,-0.398746,-0.158225,0.519723,0.673299,0.849711,0.318544
2020-01,801120.SI,土,-0.253042,0.110157,0.494739,1.359332,0.915213,0.993144,0.285057
2020-02,801120.SI,木,0.649957,1.114463,1.331621,2.109273,1.039195,0.939144,0.295918
2020-03,801120.SI,木,1.709739,1.771728,1.743676,1.359185,1.404767,0.779021,0.202283
2020-04,801120.SI,土,1.835134,1.760803,2.724026,1.167917,1.193797,0.735094,0.177835
2020-05,801120.SI,火,1.68842,3.268078,3.14629,0.907037,0.823591,0.737433,0.138708
2020-06,801120.SI,火,5.775907,4.149214,1.028576,1.25135,0.539798,0.509353,0.161852
2020-07,801120.SI,土,2.913041,0.109949,0.262039,0.683791,0.345117,0.039743,0.019521
2020-08,801120.SI,金,-0.685159,-0.283276,-0.122881,0.209376,0.300142,-0.111715,-0.033311
2020-09,801120.SI,金,0.631593,0.464003,1.49859,0.341529,0.3677,0.100243,-0.001327
2020-10,801120.SI,土,0.313627,2.091979,1.246486,0.388684,-0.025287,0.075063,-0.136574
2020-11,801120.SI,水,6.277816,1.937783,0.667494,0.582913,-0.107961,0.066641,-0.078175
2020-12,801120.SI,水,0.185873,-0.201829,-0.279714,0.011902,-0.162947,-0.060092,-0.106787
2021-01,801120.SI,土,-0.462778,-0.438644,-0.141573,-0.357958,-0.159101,-0.171474,-0.09052
2021-02,801120.SI,木,-0.413425,0.085121,0.502621,-0.347556,-0.080957,-0.133946,-0.06178
2021-03,801120.SI,木,1.007395,1.404987,0.421583,-0.097646,0.027098,-0.187484,-0.049097
2021-04,801120.SI,土,1.881328,0.196305,-0.519798,-0.167731,-0.181207,-0.20045,-0.104252
2021-05,801120.SI,火,-0.503304,-0.803962,-0.716706,-0.281248,-0.279263,-0.253694,-0.177439
2021-06,801120.SI,火,-0.922627,-0.786051,-0.427228,-0.126965,-0.325702,-0.105643,-0.150791
2021-07,801120.SI,土,-0.408394,0.558399,0.442461,0.069176,-0.052339,-0.000308,-0.01254
2021-08,801120.SI,金,3.105115,1.252371,0.823566,0.1496,0.030727,0.052013,-0.020678
2021-09,801120.SI,金,0.235818,0.215401,0.330705,-0.268377,0.037577,-0.09352,-0.08704
2021-10,801120.SI,土,0.195321,0.380847,-0.207509,-0.231882,-0.115319,-0.306548,-0.106643
2021-11,801120.SI,水,0.595168,-0.354719,-0.275277,-0.225084,-0.124235,-0.203329,-0.111025
2021-12,801120.SI,水,-0.738969,-0.511511,-0.597753,-0.083801,-0.202402,-0.151162,-0.150274
2022-01,801120.SI,土,-0.085848,-0.500663,-0.255506,-0.065276,-0.33673,-0.001656,-0.14824
2022-02,801120.SI,木,-0.727247,-0.328133,-0.171414,-0.03729,-0.177792,0.016399,-0.108896
2022-03,801120.SI,木,0.654996,0.444183,1.086826,0.123129,0.088768,0.112858,-0.052003
2022-04,801120.SI,土,0.260223,1.343317,0.173559,-0.373957,0.100914,0.003519,-0.068087
2022-05,801120.SI,火,3.357271,0.132489,0.118543,-0.180963,0.088027,-0.093394,-0.094137
2022-06,801120.SI,火,-0.705657,-0.433276,-0.395533,-0.21357,-0.097547,-0.193659,-0.199789
2022-07,801120.SI,土,0.091165,-0.133771,-0.666033,0.066295,-0.047499,-0.024621,-0.169577
2022-08,801120.SI,金,-0.312338,-0.815239,-0.400272,0.073083,-0.154707,-0.088346,-0.182778
2022-09,801120.SI,金,-0.950358,-0.439928,0.023168,0.102682,-0.112366,-0.080514,-0.073268
2022-10,801120.SI,土,5.318905,3.645124,2.404479,0.608594,0.394215,0.15089,-0.000561
2022-11,801120.SI,水,2.414702,1.498936,0.920047,0.003538,0.048227,-0.008027,-0.063361
2022-12,801120.SI,水,0.828763,0.439764,0.188375,-0.173244,-0.112685,-0.149386,-0.115532
2023-01,801120.SI,土,0.13351,-0.042031,-0.23995,-0.107786,-0.19827,-0.273302,-0.167524
2023-02,801120.SI,木,-0.190388,-0.377628,-0.475488,-0.22549,-0.204032,-0.218745,-0.154895
2023-03,801120.SI,木,-0.521564,-0.577823,-0.424823,-0.233274,-0.239103,-0.192442,-0.139505
2023-04,801120.SI,土,-0.627466,-0.369347,0.047361,-0.176581,-0.284091,-0.134582,-0.113662
2023-05,801120.SI,火,0.067613,0.756149,0.143664,-0.019459,-0.10778,-0.09488,-0.077013
2023-06,801120.SI,火,1.888744,0.183697,0.022066,-0.124839,-0.09573,-0.205873,-0.10707
2023-07,801120.SI,土,-0.514966,-0.392056,-0.352641,-0.408113,-0.187914,-0.29299,-0.144789
2023-08,801120.SI,金,-0.237999,-0.25212,-0.159315,-0.21194,-0.162775,-0.267428,-0.089781
2023-09,801120.SI,金,-0.265979,-0.116976,-0.250629,-0.149435,-0.269936,-0.065965,-0.098696
2023-10,801120.SI,土,0.062274,-0.242834,-0.458832,-0.090442,-0.271908,-0.132081,-0.089206
2023-11,801120.SI,水,-0.460308,-0.61374,-0.261272,-0.1645,-0.300283,-0.115609,-0.087667
2023-12,801120.SI,水,-0.723552,-0.13572,-0.034575,-0.279403,0.005198,-0.080331,-0.088663
2024-01,801120.SI,土,1.702059,0.804142,0.528724,-0.155474,0.015925,-0.046349,-0.038018
2024-02,801120.SI,木,0.204611,0.149863,-0.055051,-0.319009,-0.060931,-0.085827,-0.076452
2024-03,801120.SI,木,0.097604,-0.163069,-0.462143,0.025695,-0.095096,-0.083099,-0.09692
2024-04,801120.SI,土,-0.361835,-0.623489,-0.533451,-0.171814,-0.185153,-0.092237,-0.105456
2024-05,801120.SI,火,-0.777863,-0.601086,-0.509234,-0.063858,-0.095861,-0.058794,-0.101555
2024-06,801120.SI,火,-0.283632,-0.270541,0.956004,0.173735,0.095321,0.004025,
2024-07,801120.SI,土,-0.25721,2.232112,0.470142,0.076876,0.133264,0.034477,
2024-08,801120.SI,金,13.06393,1.068262,0.785701,0.2272,0.169377,0.130946,
2024-09,801120.SI,金,-0.695838,-0.363703,-0.295679,-0.180353,-0.196099,-0.13028,
2024-10,801120.SI,土,0.331114,0.071774,-0.211191,-0.005013,-0.079887,-0.044213,
2024-11,801120.SI,水,-0.137039,-0.392774,-0.156622,-0.053703,-0.028776,-0.058843,
2024-12,801120.SI,水,-0.572724,-0.166247,-0.046142,-0.141147,-0.066926,-0.096919,
2025-01,801120.SI,土,0.626919,0.425185,0.255054,-0.006253,0.018961,-0.029613,
2025-02,801120.SI,木,0.248466,0.102328,0.061775,0.042241,-0.023792,-0.066982,
2025-03,801120.SI,木,-0.026703,-0.020824,-0.226689,-0.077147,-0.113237,-0.110534,
2025-04,801120.SI,土,-0.014909,-0.310699,-0.213155,-0.081868,-0.109353,-0.118482,
2025-05,801120.SI,火,-0.517673,-0.296773,0.023066,-0.063955,-0.106333,-0.142373,
2025-06,801120.SI,火,0.025297,0.489996,0.101312,-0.050414,-0.06806,,
2025-07,801120.SI,土,1.165312,0.141408,0.071325,-0.052424,-0.084458,,
2025-08,801120.SI,金,-0.398326,-0.246433,-0.143574,-0.164759,-0.191345,,
2025-09,801120.SI,金,-0.056194,0.021773,-0.181237,-0.142712,,,
2025-10,801120.SI,土,0.106182,-0.237401,-0.161879,-0.153636,,,
2025-11,801120.SI,水,-0.474267,-0.270463,-0.185419,-0.214222,,,
2025-12,801120.SI,水,0.012345,0.013954,-0.102375,,,,
2026-01,801120.SI,土,0.015566,-0.154764,-0.145313,,,,
2026-02,801120.SI,木,-0.296526,-0.215927,-0.242006,,,,
2026-03,801120.SI,木,-0.126094,-0.213181,,,,,
2026-04,801120.SI,土,-0.29159,,,,,,
2026-05,801120.SI,火,,,,,,,
2012-09,801130.SI,金,-0.173175,-0.587478,0.039152,0.060621,-0.1639,0.040592,0.184402
2012-10,801130.SI,土,-0.794183,0.164963,0.232103,-0.008281,-0.113916,0.048964,0.208602
2012-11,801130.SI,水,5.593916,2.014604,1.275016,0.574538,0.19984,0.261223,0.322206
2012-12,801130.SI,水,0.378216,0.336303,0.082532,-0.250023,0.041073,0.081567,0.200573
2013-01,801130.SI,土,0.295665,-0.040593,-0.201767,-0.24857,-0.005819,0.044471,0.24146
2013-02,801130.SI,木,-0.289584,-0.373461,0.089737,-0.128649,0.036083,0.052061,0.274936
2013-03,801130.SI,木,-0.447434,0.349667,-0.480417,0.020942,0.081245,0.069787,0.44018
2013-04,801130.SI,土,2.29662,-0.496163,-0.292628,0.109515,0.1424,0.087148,0.617703
2013-05,801130.SI,火,-0.922996,-0.67233,-0.303271,0.010254,0.039794,-0.024796,0.71236
2013-06,801130.SI,火,0.394323,1.095756,1.006079,0.559765,0.360958,0.233832,0.809924
2013-07,801130.SI,土,2.150055,1.406247,0.740277,0.45179,0.254591,0.292346,0.652259
2013-08,801130.SI,金,0.838071,0.293506,0.464864,0.27025,0.09087,0.249765,0.488763
2013-09,801130.SI,金,-0.08972,0.30772,0.212747,0.120968,0.049282,0.348087,0.398082
2013-10,801130.SI,土,0.878689,0.399807,0.211125,0.065232,0.170304,0.392534,0.528926
2013-11,801130.SI,水,0.042993,-0.027575,0.101491,-0.05863,0.185329,0.386138,0.539375
2013-12,801130.SI,水,-0.093369,0.131959,0.036134,-0.023993,0.396477,0.332674,0.587773
2014-01,801130.SI,土,0.413287,0.107665,-0.063087,0.150413,0.458853,0.475601,0.353567
2014-02,801130.SI,木,-0.131867,-0.237159,-0.195473,0.229611,0.496517,0.545027,0.334718
2014-03,801130.SI,木,-0.329681,-0.225507,-0.08063,0.621223,0.449305,0.938815,0.4504
2014-04,801130.SI,土,-0.105144,0.0767,0.412563,0.820402,0.716823,1.407182,0.461323
2014-05,801130.SI,火,0.295498,0.774741,0.879297,1.041044,0.920442,2.006732,0.4536
2014-06,801130.SI,火,1.431272,1.26347,1.858876,0.819678,1.48629,1.654999,0.440233
2014-07,801130.SI,土,1.107249,2.100103,1.345995,0.892711,1.875252,1.112406,0.386676
2014-08,801130.SI,金,3.560753,1.475327,1.216712,0.941351,2.516639,0.773465,0.360634
2014-09,801130.SI,金,0.343472,0.545416,0.158228,1.318622,1.590324,0.449932,0.273682
2014-10,801130.SI,土,0.777715,0.075416,0.527009,2.183101,1.039831,0.678677,0.280754
2014-11,801130.SI,水,-0.349435,0.415244,0.700196,3.429321,0.646369,0.709553,0.279492
2014-12,801130.SI,水,2.078732,1.748547,3.64158,2.873773,0.562663,0.891703,0.278714
2015-01,801130.SI,土,1.453773,4.699187,5.63528,1.357602,0.73251,0.241626,0.194668
2015-02,801130.SI,木,12.237058,9.91118,10.53919,0.620098,0.712683,0.153036,0.171212
2015-03,801130.SI,木,7.993981,9.773759,2.232976,-0.093297,0.40254,0.085024,0.035305
2015-04,801130.SI,土,11.905729,0.93833,-0.162313,-0.114713,-0.289821,-0.112878,-0.085699
2015-05,801130.SI,火,-0.708879,-0.786582,-0.772539,-0.340176,-0.464944,-0.29726,-0.20213
2015-06,801130.SI,火,-0.843545,-0.798941,-0.745711,-0.076213,-0.245976,-0.21873,-0.15649
2015-07,801130.SI,土,-0.74162,-0.675812,-0.064408,-0.346101,-0.09576,-0.089726,-0.099548
2015-08,801130.SI,金,-0.593244,0.780327,0.914029,-0.179375,0.023507,0.043903,-0.04158
2015-09,801130.SI,金,6.792294,3.151982,2.355954,0.298416,0.135776,0.118857,-0.008922
2015-10,801130.SI,土,1.212308,1.202375,-0.54298,-0.111039,-0.098012,-0.022843,-0.093816
2015-11,801130.SI,水,1.192487,-0.792279,-0.648163,-0.251552,-0.147102,-0.042381,-0.157832
2015-12,801130.SI,水,-0.98032,-0.859057,-0.497644,-0.33926,-0.224181,-0.135642,-0.188693
2016-01,801130.SI,土,0.0094,1.538084,0.729139,0.267167,0.25885,0.149486,-0.042455
2016-02,801130.SI,木,5.381878,1.26315,0.592144,0.327931,0.337037,0.189674,-0.063896
2016-03,801130.SI,木,-0.197439,-0.204758,-0.130939,-0.035871,0.035748,-0.012136,-0.133898
2016-04,801130.SI,土,-0.21201,-0.095651,-0.071381,0.074103,0.003218,-0.057687,-0.143454
2016-05,801130.SI,火,0.037891,0.008082,0.107563,0.225248,0.079552,-0.094124,-0.116596
2016-06,801130.SI,火,-0.02087,0.144134,0.069597,0.130723,0.03097,-0.089293,-0.170816
2016-07,801130.SI,土,0.336943,0.117918,0.242379,0.042735,-0.053078,-0.109264,-0.184323
2016-08,801130.SI,金,-0.065225,0.197635,0.355437,0.065813,-0.152833,-0.120063,-0.239183
2016-09,801130.SI,金,0.534411,0.63217,0.195342,0.012183,-0.136827,-0.122108,-0.242479
2016-10,801130.SI,土,0.736158,0.055036,-0.124827,-0.173306,-0.202775,-0.159635,-0.295773
2016-11,801130.SI,水,-0.358871,-0.378636,-0.161926,-0.330248,-0.238081,-0.259365,-0.294016
2016-12,801130.SI,水,-0.397791,-0.041812,-0.142911,-0.266498,-0.207941,-0.238488,-0.292814
2017-01,801130.SI,土,0.524596,0.022505,-0.2191,-0.239105,-0.170927,-0.202346,-0.285779
2017-02,801130.SI,木,-0.314234,-0.441124,-0.464764,-0.273522,-0.289258,-0.26342,-0.244383
2017-03,801130.SI,木,-0.544535,-0.527142,-0.372265,-0.238582,-0.267916,-0.240652,-0.19181
2017-04,801130.SI,土,-0.509086,-0.263052,-0.258598,-0.145737,-0.196681,-0.221415,-0.188884
2017-05,801130.SI,火,0.106287,-0.088875,-0.013949,-0.18098,-0.180696,-0.138512,-0.193442
2017-06,801130.SI,火,-0.249609,-0.069075,-0.076429,-0.209407,-0.190912,-0.24504,-0.201191
2017-07,801130.SI,土,0.154894,0.024617,-0.015695,-0.16381,-0.208611,-0.253057,-0.206598
2017-08,801130.SI,金,-0.090963,-0.091293,-0.319716,-0.253177,-0.176432,-0.342177,-0.2162
2017-09,801130.SI,金,-0.091623,-0.411502,-0.323239,-0.242716,-0.294103,-0.346346,-0.210223
2017-10,801130.SI,土,-0.618738,-0.415856,-0.289637,-0.290389,-0.318698,-0.409857,-0.213858
2017-11,801130.SI,水,-0.105014,-0.030364,-0.18013,-0.093842,-0.349498,-0.327047,-0.20041
2017-12,801130.SI,水,0.050513,-0.215289,-0.152612,-0.279067,-0.353872,-0.343264,-0.161358
2018-01,801130.SI,土,-0.413837,-0.238933,-0.291141,-0.332779,-0.445226,-0.360486,-0.170878
2018-02,801130.SI,木,-0.011839,-0.220473,0.001528,-0.420571,-0.369917,-0.224854,-0.142457
2018-03,801130.SI,木,-0.385058,0.008279,-0.386652,-0.435796,-0.396756,-0.139826,-0.159449
2018-04,801130.SI,土,0.653207,-0.387448,-0.371972,-0.509212,-0.382059,-0.154994,-0.165
2018-05,801130.SI,火,-0.773035,-0.612917,-0.664774,-0.500236,-0.28831,-0.244869,-0.184183
2018-06,801130.SI,火,-0.339839,-0.592594,-0.481001,-0.401745,-0.037178,-0.154795,-0.117314
2018-07,801130.SI,土,-0.748578,-0.539824,-0.616461,-0.387042,-0.067132,-0.157248,-0.076387
2018-08,801130.SI,金,-0.157743,-0.526291,-0.254937,0.036972,-0.010118,-0.066098,-0.010703
2018-09,801130.SI,金,-0.733573,-0.299243,-0.310385,0.311402,-0.005602,-0.045753,-0.031999
2018-10,801130.SI,土,0.84313,0.109485,-0.020392,0.454875,0.095629,0.047236,0.033872
2018-11,801130.SI,水,-0.332138,-0.285831,0.443249,0.140982,0.006941,-0.049943,0.008493
2018-12,801130.SI,水,-0.236313,1.121625,1.493816,0.19409,0.063357,0.070934,-0.002441
2019-01,801130.SI,土,4.89416,3.506497,1.160722,0.158694,0.0708,0.074947,-0.029737
2019-02,801130.SI,木,2.445531,0.30824,-0.097979,-0.158924,-0.173546,-0.051301,-0.082215
2019-03,801130.SI,木,-0.503272,-0.538473,-0.428245,-0.305637,-0.192029,-0.178624,-0.104566
2019-04,801130.SI,土,-0.57118,-0.386584,-0.378646,-0.246187,-0.148241,-0.174887,-0.072627
2019-05,801130.SI,火,-0.122524,-0.252053,-0.21575,-0.208921,-0.035211,-0.11862,-0.021937
2019-06,801130.SI,火,-0.362463,-0.258581,-0.156737,-0.03952,-0.0732,-0.078169,-0.007035
2019-07,801130.SI,土,-0.137772,-0.030179,-0.085491,-0.002747,-0.093075,0.012233,-0.036457
2019-08,801130.SI,金,0.09084,-0.058173,-0.202031,0.070093,-0.083639,0.047978,-0.016661
2019-09,801130.SI,金,-0.186831,-0.317507,0.093992,-0.028378,-0.050386,-0.018047,-0.038183
2019-10,801130.SI,土,-0.427184,0.268909,0.087484,-0.096843,0.047076,0.020678,-0.035569
2019-11,801130.SI,水,1.8109,0.498396,0.435016,-0.018011,0.147645,0.070523,0.015164
2019-12,801130.SI,水,-0.201256,0.025327,-0.137059,-0.115264,-0.052782,-0.07079,-0.019846
2020-01,801130.SI,土,0.316187,-0.103051,-0.249927,0.027438,-0.000665,-0.124226,-0.044257
2020-02,801130.SI,木,-0.388751,-0.433765,-0.32802,0.02632,-0.029097,-0.112122,-0.039712
2020-03,801130.SI,木,-0.475464,-0.295427,-0.092918,-0.007606,-0.047587,-0.023831,-0.053837
2020-04,801130.SI,土,-0.053596,0.19284,0.407369,0.153492,-0.077808,0.042306,-0.078256
2020-05,801130.SI,火,0.503448,0.716223,0.567506,0.167039,-0.025717,0.08535,-0.041003
2020-06,801130.SI,火,0.959112,0.600551,0.08573,-0.02408,0.000347,0.069587,-0.0461
2020-07,801130.SI,土,0.307614,-0.191737,-0.054588,-0.253503,-0.056973,-0.082805,-0.07983
2020-08,801130.SI,金,-0.500396,-0.196118,-0.131117,-0.23189,-0.039811,-0.077313,-0.096738
2020-09,801130.SI,金,0.293476,0.145854,-0.122783,-0.039792,0.06426,-0.057906,-0.107793
2020-10,801130.SI,土,0.015079,-0.277594,-0.410567,-0.058163,-0.092022,-0.088717,-0.135961
2020-11,801130.SI,水,-0.485882,-0.55084,-0.320976,0.009379,-0.058648,-0.037331,-0.093266
2020-12,801130.SI,水,-0.60759,-0.219638,0.051051,0.172245,-0.035231,0.033891,-0.060676
2021-01,801130.SI,土,0.55186,0.720148,0.504933,0.126927,0.053722,0.043015,-0.000764
2021-02,801130.SI,木,0.906686,0.482004,0.500457,0.108373,0.081452,0.038605,0.004029
2021-03,801130.SI,木,0.151912,0.331055,0.307413,-0.075679,0.028233,-0.08292,-0.049268
2021-04,801130.SI,土,0.538057,0.392866,-0.156131,-0.11828,-0.076972,-0.184872,-0.057702
2021-05,801130.SI,火,0.261381,-0.374934,-0.181257,-0.08188,-0.08126,-0.152646,-0.087107
2021-06,801130.SI,火,-0.690254,-0.340373,-0.346519,-0.088134,-0.185161,-0.149275,-0.082474
2021-07,801130.SI,土,0.404726,-0.050824,-0.078731,-0.03465,-0.194233,-0.076845,-0.017915
2021-08,801130.SI,金,-0.358639,-0.253923,0.029558,-0.026772,-0.142889,-0.115754,-0.057805
2021-09,801130.SI,金,-0.132109,0.304442,0.272416,-0.090105,-0.071088,-0.155038,-0.035253
2021-10,801130.SI,土,0.96058,0.540675,0.011542,-0.246435,-0.076216,-0.180755,-0.038867
2021-11,801130.SI,水,0.210702,-0.27342,-0.080019,-0.217958,-0.159481,-0.14595,-0.060913
2021-12,801130.SI,水,-0.563957,-0.198046,-0.349341,-0.206317,-0.26282,-0.146593,-0.074643
2022-01,801130.SI,土,0.474925,-0.205186,-0.438619,-0.117197,-0.236357,-0.042706,-0.091086
2022-02,801130.SI,木,-0.571688,-0.653661,-0.335214,-0.1966,-0.16686,-0.029395,-0.093631
2022-03,801130.SI,木,-0.719945,-0.171787,-0.031854,-0.215336,-0.065834,-0.014382,-0.037878
2022-04,801130.SI,土,1.449296,0.800071,0.388257,-0.109351,0.143689,0.089309,0.007244
2022-05,801130.SI,火,0.322933,0.045164,-0.029084,-0.067312,0.101107,-0.016498,-0.037498
2022-06,801130.SI,火,-0.174284,-0.168229,-0.364045,-0.082375,-0.008488,-0.010427,-0.104973
2022-07,801130.SI,土,-0.162131,-0.441884,-0.428596,0.038071,0.00472,0.044778,-0.124527
2022-08,801130.SI,金,-0.628232,-0.528125,-0.104035,0.172609,-0.012267,0.003941,-0.130067
2022-09,801130.SI,金,-0.401062,0.390914,0.32405,0.238038,0.146714,0.101512,-0.008008
2022-10,801130.SI,土,2.230123,0.968637,0.885865,0.332281,0.277569,0.127596,0.006505
2022-11,801130.SI,水,0.199809,0.440974,0.534671,0.037084,0.042751,0.032592,-0.008967
2022-12,801130.SI,水,0.730614,0.73567,0.157614,0.067163,0.035979,0.003373,-0.025332
2023-01,801130.SI,土,0.74074,-0.053228,-0.058802,0.051529,-0.050049,-0.137021,-0.059807
2023-02,801130.SI,木,-0.48506,-0.307922,-0.29917,-0.140466,-0.095171,-0.153615,-0.073564
2023-03,801130.SI,木,-0.069851,-0.1824,-0.01622,-0.019958,-0.04333,-0.060813,-0.047339
2023-04,801130.SI,土,-0.281331,0.011743,0.174792,-0.045642,-0.161622,-0.068639,-0.051617
2023-05,801130.SI,火,0.424333,0.502025,0.054176,0.028119,-0.098665,-0.05805,-0.009914
2023-06,801130.SI,火,0.583954,-0.093091,-0.023681,-0.056603,-0.075224,-0.190487,-0.01499
2023-07,801130.SI,土,-0.48074,-0.233493,-0.224714,-0.291762,-0.138007,-0.266396,-0.030216
2023-08,801130.SI,金,0.131479,-0.052673,0.002705,-0.166563,-0.092737,-0.246187,0.010055
2023-09,801130.SI,金,-0.206854,-0.056077,-0.088414,-0.099966,-0.239496,-0.106639,0.000206
2023-10,801130.SI,土,0.123362,-0.022719,-0.353011,-0.091082,-0.279786,-0.101583,0.023556
2023-11,801130.SI,水,-0.149804,-0.508995,-0.307257,-0.136996,-0.314575,-0.048853,0.03351
2023-12,801130.SI,水,-0.716435,-0.374685,-0.11137,-0.30537,-0.112632,-0.053217,0.035183
2024-01,801130.SI,土,0.378941,0.573094,0.276887,-0.240122,0.002316,0.024316,0.122893
2024-02,801130.SI,木,0.794584,0.228728,0.075111,-0.318205,0.057157,0.014058,0.107722
2024-03,801130.SI,木,-0.158706,-0.167857,-0.457018,-0.113263,-0.032998,-0.033671,0.041224
2024-04,801130.SI,土,-0.176908,-0.563781,-0.547795,-0.111963,-0.048239,-0.034285,0.072768
2024-05,801130.SI,火,-0.768814,-0.664819,-0.567631,0.048292,-0.005512,0.040681,0.079409
2024-06,801130.SI,火,-0.514044,-0.408709,0.448119,0.290471,0.171039,0.198554,
2024-07,801130.SI,土,-0.280541,1.499816,0.74392,0.380778,0.243618,0.282001,
2024-08,801130.SI,金,7.685806,1.715106,1.541617,0.508245,0.394672,0.353401,
2024-09,801130.SI,金,-0.151282,0.374865,0.149984,0.053065,0.125318,0.11983,
2024-10,801130.SI,土,1.227188,0.338616,0.093255,0.050188,0.157024,0.166125,
2024-11,801130.SI,水,-0.195446,-0.234044,-0.104979,0.033125,0.09698,0.123005,
2024-12,801130.SI,水,-0.270791,-0.055999,-0.035687,0.113184,0.109955,0.131837,
2025-01,801130.SI,土,0.222061,0.108922,0.008819,0.19029,0.191479,0.230958,
2025-02,801130.SI,木,0.006258,-0.083414,0.192539,0.214455,0.211242,0.210037,
2025-03,801130.SI,木,-0.165095,0.298237,0.285037,0.190829,0.193912,0.121923,
2025-04,801130.SI,土,1.018698,0.594244,0.404406,0.294861,0.315386,0.191689,
2025-05,801130.SI,火,0.259037,0.171394,0.236774,0.220704,0.215927,0.119577,
2025-06,801130.SI,火,0.089853,0.22579,0.103527,0.150802,0.07229,,
2025-07,801130.SI,土,0.378683,0.110428,0.193861,0.273015,0.128201,,
2025-08,801130.SI,金,-0.105632,0.11096,0.204843,0.205635,0.083034,,
2025-09,801130.SI,金,0.380004,0.39842,0.200102,0.057005,,,
2025-10,801130.SI,土,0.417081,0.119147,0.357417,0.096737,,,
2025-11,801130.SI,水,-0.116147,0.328534,0.206428,0.026828,,,
2025-12,801130.SI,水,0.996942,0.40949,-0.06903,,,,
2026-01,801130.SI,土,-0.005148,-0.364346,-0.113881,,,,
2026-02,801130.SI,木,-0.593853,-0.163707,-0.126034,,,,
2026-03,801130.SI,木,0.722004,0.282036,,,,,
2026-04,801130.SI,土,-0.045522,,,,,,
2026-05,801130.SI,火,,,,,,,
2012-09,801140.SI,金,0.115829,-0.431702,0.307925,0.329996,0.055677,0.273563,0.307577
2012-10,801140.SI,土,-0.710563,0.416039,0.516064,0.24684,0.134446,0.227661,0.308779
2012-11,801140.SI,水,5.927816,2.469759,1.642709,0.854006,0.460264,0.449617,0.407395
2012-12,801140.SI,水,0.73781,0.632209,0.352441,-0.051569,0.262312,0.214815,0.251012
2013-01,801140.SI,土,0.533025,0.193098,0.025425,-0.018666,0.14428,0.243354,0.275254
2013-02,801140.SI,木,-0.071455,-0.16135,0.300687,0.085481,0.186647,0.224389,0.302931
2013-03,801140.SI,木,-0.242542,0.539423,-0.334891,0.219525,0.172126,0.178144,0.450335
2013-04,801140.SI,土,2.12865,-0.376753,-0.06086,0.208778,0.325842,0.188523,0.599143
2013-05,801140.SI,火,-0.875845,-0.485463,-0.094118,0.133433,0.199964,0.090151,0.737927
2013-06,801140.SI,火,1.132409,1.446956,1.236087,0.55602,0.425499,0.346279,0.814858
2013-07,801140.SI,土,1.8079,1.289801,0.555833,0.575333,0.285583,0.327946,0.61399
2013-08,801140.SI,金,0.867299,0.15812,0.418142,0.381072,0.159556,0.269638,0.470395
2013-09,801140.SI,金,-0.281721,0.23587,0.082783,0.138167,0.136799,0.342499,0.408928
2013-10,801140.SI,土,1.126435,0.32943,0.595078,0.168607,0.259659,0.395256,0.512508
2013-11,801140.SI,水,-0.168851,0.381488,0.344971,0.048523,0.223676,0.366402,0.52801
2013-12,801140.SI,水,1.296228,0.71092,0.196383,0.164809,0.442242,0.288287,0.563934
2014-01,801140.SI,土,0.274807,-0.136429,-0.14384,0.119409,0.334375,0.307973,0.264522
2014-02,801140.SI,木,-0.415006,-0.298366,-0.182584,0.167195,0.373622,0.386512,0.235976
2014-03,801140.SI,木,-0.158471,-0.033752,0.134069,0.583514,0.320465,0.785412,0.369166
2014-04,801140.SI,土,0.109451,0.316511,0.463599,0.665863,0.506423,1.151626,0.372012
2014-05,801140.SI,火,0.562214,0.681044,0.666647,0.780652,0.653549,1.770615,0.344372
2014-06,801140.SI,火,0.808912,0.721452,1.21108,0.424855,1.077007,1.446529,0.357081
2014-07,801140.SI,土,0.638221,1.444545,0.89608,0.528302,1.446518,0.961649,0.332355
2014-08,801140.SI,金,2.647736,1.039852,0.902457,0.647039,2.282115,0.702896,0.333171
2014-09,801140.SI,金,0.140706,0.373917,-0.081802,1.013051,1.530457,0.478644,0.260414
2014-10,801140.SI,土,0.654806,-0.176207,0.231862,1.779037,0.984006,0.639614,0.269596
2014-11,801140.SI,水,-0.589901,0.062843,0.425912,3.310952,0.641141,0.708732,0.257443
2014-12,801140.SI,水,1.754544,1.658855,3.413397,3.200782,0.733163,0.89856,0.275132
2015-01,801140.SI,土,1.566491,4.586433,5.269412,1.517871,0.803578,0.222515,0.206243
2015-02,801140.SI,木,11.159885,8.798742,12.033278,0.760648,0.814963,0.101785,0.189829
2015-03,801140.SI,木,6.896074,12.493226,2.99841,0.086107,0.433204,0.049963,0.068683
2015-04,801140.SI,土,22.057931,1.845282,0.011207,-0.032638,-0.291081,-0.125119,-0.052519
2015-05,801140.SI,火,-0.6489,-0.788237,-0.762157,-0.32271,-0.516447,-0.347677,-0.19672
2015-06,801140.SI,火,-0.872277,-0.804241,-0.704976,-0.141938,-0.327638,-0.247231,-0.145691
2015-07,801140.SI,土,-0.699964,-0.551614,-0.074582,-0.406426,-0.166347,-0.095063,-0.065268
2015-08,801140.SI,金,-0.329914,0.625249,0.928671,-0.310521,-0.086896,0.043718,-0.007691
2015-09,801140.SI,金,2.941931,2.272064,1.495623,0.015022,0.028638,0.074392,0.020658
2015-10,801140.SI,土,1.71603,0.985702,-0.619275,-0.208758,-0.101788,-0.016919,-0.042668
2015-11,801140.SI,水,0.451756,-0.857456,-0.753519,-0.371723,-0.149466,-0.074657,-0.11187
2015-12,801140.SI,水,-0.986004,-0.898439,-0.587169,-0.339604,-0.188745,-0.143582,-0.134956
2016-01,801140.SI,土,-0.263027,1.242102,0.6444,0.37963,0.348699,0.190189,0.036584
2016-02,801140.SI,木,5.821177,1.456323,0.60147,0.579959,0.438166,0.284909,0.032006
2016-03,801140.SI,木,-0.115472,-0.224023,0.05642,0.137235,0.092254,0.087736,-0.047829
2016-04,801140.SI,土,-0.319253,0.154514,0.157491,0.221431,0.068609,0.026105,-0.07272
2016-05,801140.SI,火,0.958001,0.509328,0.558736,0.362869,0.193962,-0.010831,-0.047363
2016-06,801140.SI,火,0.163468,0.390761,0.224232,0.110624,0.09838,-0.030453,-0.13359
2016-07,801140.SI,土,0.662458,0.255795,0.288903,0.02676,-0.014289,-0.034493,-0.148438
2016-08,801140.SI,金,-0.051392,0.134893,0.191615,0.044959,-0.149966,-0.056568,-0.204153
2016-09,801140.SI,金,0.357761,0.335551,0.007559,0.040392,-0.102976,-0.030389,-0.210552
2016-10,801140.SI,土,0.313704,-0.132052,-0.182066,-0.137985,-0.123133,-0.067742,-0.269997
2016-11,801140.SI,水,-0.426557,-0.354601,-0.083647,-0.282062,-0.127225,-0.147587,-0.260442
2016-12,801140.SI,水,-0.273616,0.158374,0.074296,-0.15361,-0.042718,-0.126243,-0.25583
2017-01,801140.SI,土,0.847275,0.306479,-0.091529,-0.092092,-0.026187,-0.097196,-0.254255
2017-02,801140.SI,木,-0.075997,-0.36291,-0.437515,-0.148231,-0.167893,-0.17112,-0.206443
2017-03,801140.SI,木,-0.560733,-0.561137,-0.333166,-0.096355,-0.184395,-0.166498,-0.149827
2017-04,801140.SI,土,-0.56154,-0.178396,-0.092655,0.008226,-0.099077,-0.162028,-0.150153
2017-05,801140.SI,火,0.539553,0.305249,0.289832,0.012076,-0.056767,-0.082546,-0.153842
2017-06,801140.SI,火,0.106603,0.180598,0.224554,-0.097991,-0.102152,-0.225755,-0.17114
2017-07,801140.SI,土,0.259541,0.288164,0.120323,-0.102271,-0.183953,-0.248936,-0.185885
2017-08,801140.SI,金,0.317438,0.056595,-0.205867,-0.193393,-0.18103,-0.32865,-0.200087
2017-09,801140.SI,金,-0.152602,-0.383441,-0.335579,-0.231197,-0.335474,-0.357238,-0.208884
2017-10,801140.SI,土,-0.551397,-0.41167,-0.280638,-0.303531,-0.342663,-0.428373,-0.194031
2017-11,801140.SI,水,-0.228422,-0.089059,-0.180723,-0.168322,-0.365204,-0.358356,-0.173218
2017-12,801140.SI,水,0.075476,-0.155779,-0.110415,-0.335422,-0.3643,-0.366198,-0.130553
2018-01,801140.SI,土,-0.337309,-0.19094,-0.325696,-0.37164,-0.470539,-0.383991,-0.135016
2018-02,801140.SI,木,-0.012243,-0.319814,-0.155732,-0.441226,-0.408554,-0.24026,-0.129141
2018-03,801140.SI,木,-0.531613,-0.21946,-0.503517,-0.462616,-0.433923,-0.132823,-0.152317
2018-04,801140.SI,土,0.300726,-0.488843,-0.414454,-0.530837,-0.402281,-0.138111,-0.121993
2018-05,801140.SI,火,-0.799126,-0.60713,-0.630179,-0.504969,-0.266512,-0.219597,-0.105003
2018-06,801140.SI,火,-0.231623,-0.498205,-0.418346,-0.395549,0.04434,-0.112672,-0.02652
2018-07,801140.SI,土,-0.672298,-0.49393,-0.624088,-0.3961,-0.019574,-0.11754,0.056783
2018-08,801140.SI,金,-0.218477,-0.597385,-0.337367,0.032984,0.000986,-0.046904,0.1333
2018-09,801140.SI,金,-0.792586,-0.389847,-0.371858,0.399363,0.021466,-0.026288,0.095645
2018-10,801140.SI,土,0.794892,0.093118,-0.029839,0.583358,0.17282,0.136382,0.182375
2018-11,801140.SI,水,-0.334274,-0.286742,0.610326,0.230284,0.075865,0.065339,0.168275
2018-12,801140.SI,水,-0.235817,1.504511,2.117478,0.302588,0.126908,0.192704,0.175008
2019-01,801140.SI,土,7.208204,5.296603,1.58413,0.289511,0.197893,0.21459,0.204419
2019-02,801140.SI,木,3.830192,0.449931,-0.060067,-0.120613,-0.07172,-0.001768,0.112454
2019-03,801140.SI,木,-0.564758,-0.585368,-0.455734,-0.322467,-0.13415,-0.171373,0.051312
2019-04,801140.SI,土,-0.605001,-0.391373,-0.356519,-0.184414,-0.055646,-0.105573,0.098007
2019-05,801140.SI,火,-0.062208,-0.178694,-0.17726,-0.077492,0.018457,0.026417,0.146109
2019-06,801140.SI,火,-0.28071,-0.229379,-0.156567,0.09209,-0.046747,0.067998,0.131542
2019-07,801140.SI,土,-0.174384,-0.086678,0.033723,0.144022,-0.001807,0.265543,0.10558
2019-08,801140.SI,金,0.010345,0.156692,0.034375,0.133138,0.104954,0.347576,0.142664
2019-09,801140.SI,金,0.324236,0.046603,0.414055,0.013415,0.15543,0.232846,0.123347
2019-10,801140.SI,土,-0.172823,0.461224,0.266091,-0.019112,0.353841,0.230228,0.093612
2019-11,801140.SI,水,1.581278,0.566382,0.241331,0.14203,0.471787,0.281156,0.133362
2019-12,801140.SI,水,-0.049481,-0.139177,-0.273713,0.044436,0.177759,0.157575,0.136841
2020-01,801140.SI,土,-0.220409,-0.365134,-0.240069,0.399971,0.218501,0.194333,0.082934
2020-02,801140.SI,木,-0.482992,-0.249712,0.050672,0.602595,0.294713,0.239747,0.099029
2020-03,801140.SI,木,0.088828,0.497795,0.501951,0.49979,0.352164,0.333842,0.085701
2020-04,801140.SI,土,1.060372,0.764023,1.579072,0.542949,0.388596,0.347924,0.006931
2020-05,801140.SI,火,0.510298,1.885509,1.444446,0.437232,0.310051,0.279757,0.013216
2020-06,801140.SI,火,4.512926,2.10985,0.497632,0.282968,0.282096,0.198868,0.037158
2020-07,801140.SI,土,0.754271,-0.219421,-0.076919,0.018902,0.085758,-0.034164,-0.061649
2020-08,801140.SI,金,-0.652674,-0.330406,-0.154968,-0.040948,0.031439,-0.031089,-0.079794
2020-09,801140.SI,金,0.29088,0.318078,0.099073,0.186255,0.113167,0.023573,-0.077879
2020-10,801140.SI,土,0.34585,0.014138,0.124669,0.17755,-0.019477,-0.027833,-0.111492
2020-11,801140.SI,水,-0.235817,0.028108,0.088456,0.139537,0.014115,0.002617,-0.069773
2020-12,801140.SI,水,0.383184,0.299025,0.280353,0.120281,-0.000424,0.116478,-0.055171
2021-01,801140.SI,土,0.219986,0.231841,0.232918,-0.084466,-0.073925,-0.018074,-0.044785
2021-02,801140.SI,木,0.243812,0.239436,0.193016,-0.021129,-0.024464,-0.025716,-0.021547
2021-03,801140.SI,木,0.235075,0.168401,-0.019778,-0.1168,0.066654,-0.116276,-0.066753
2021-04,801140.SI,土,0.105327,-0.126748,-0.320147,-0.197395,-0.089821,-0.2478,-0.098062
2021-05,801140.SI,火,-0.310096,-0.466816,-0.196835,-0.117852,-0.089321,-0.197812,-0.117958
2021-06,801140.SI,火,-0.587935,-0.133411,-0.204218,0.112688,-0.146283,-0.102741,-0.090048
2021-07,801140.SI,土,0.82247,0.10588,-0.052478,0.053132,-0.222012,-0.088351,-0.029727
2021-08,801140.SI,金,-0.328949,-0.316791,-0.031101,-0.030282,-0.198137,-0.12605,-0.078724
2021-09,801140.SI,金,-0.304413,0.164233,0.555797,-0.115753,-0.066117,-0.169276,-0.067329
2021-10,801140.SI,土,0.948624,1.326772,0.170514,-0.295039,-0.100005,-0.187952,-0.064201
2021-11,801140.SI,水,1.778302,-0.092804,-0.029463,-0.270525,-0.155585,-0.136936,-0.087664
2021-12,801140.SI,水,-0.703775,-0.426374,-0.497432,-0.27646,-0.326054,-0.20043,-0.138846
2022-01,801140.SI,土,0.110798,-0.345393,-0.575426,-0.210827,-0.28113,-0.070769,-0.159793
2022-02,801140.SI,木,-0.614232,-0.73751,-0.451712,-0.21236,-0.170048,-0.01736,-0.141901
2022-03,801140.SI,木,-0.821393,-0.346342,0.041671,-0.219559,-0.06658,-0.014454,-0.08991
2022-04,801140.SI,土,1.392223,1.515626,0.466867,-0.064598,0.206462,0.081483,-0.026834
2022-05,801140.SI,火,1.645394,0.148644,0.13148,0.021116,0.193592,-0.030156,-0.072638
2022-06,801140.SI,火,-0.501253,-0.260011,-0.415277,-0.116411,-0.032482,-0.077176,-0.163841
2022-07,801140.SI,土,0.097918,-0.366882,-0.403506,0.094145,-0.022997,0.032667,-0.156364
2022-08,801140.SI,金,-0.63491,-0.560332,-0.078483,0.225916,-0.07873,-0.028835,-0.173979
2022-09,801140.SI,金,-0.470521,0.464049,0.335214,0.244554,0.074423,0.047129,-0.045025
2022-10,801140.SI,土,3.0482,1.120323,1.006984,0.250377,0.239972,0.078409,-0.010378
2022-11,801140.SI,水,0.11056,0.413139,0.630864,-0.078854,-0.011698,-0.035578,-0.037314
2022-12,801140.SI,水,0.798156,0.976312,0.160049,-0.036199,-0.034357,-0.072518,-0.066328
2023-01,801140.SI,土,1.17212,-0.068247,-0.220999,-0.025357,-0.123275,-0.240287,-0.100951
2023-02,801140.SI,木,-0.600315,-0.533486,-0.479717,-0.230647,-0.1905,-0.250658,-0.117937
2023-03,801140.SI,木,-0.455482,-0.406391,-0.199247,-0.118978,-0.139175,-0.15959,-0.091319
2023-04,801140.SI,土,-0.352874,-0.028949,0.219421,-0.069908,-0.24661,-0.124302,-0.07777
2023-05,801140.SI,火,0.457118,0.673924,0.137657,0.00973,-0.153759,-0.113259,-0.038527
2023-06,801140.SI,火,0.922989,0.005239,-0.030662,-0.107469,-0.145939,-0.242367,-0.036512
2023-07,801140.SI,土,-0.474513,-0.311784,-0.290588,-0.407821,-0.21581,-0.310793,-0.058039
2023-08,801140.SI,金,-0.098663,-0.175735,-0.103812,-0.270147,-0.183934,-0.297431,-0.001951
2023-09,801140.SI,金,-0.246217,-0.106375,-0.178191,-0.198329,-0.302111,-0.129069,-0.000337
2023-10,801140.SI,土,0.059411,-0.141909,-0.50568,-0.175514,-0.317399,-0.091856,0.017986
2023-11,801140.SI,水,-0.304972,-0.66234,-0.405611,-0.221267,-0.352183,-0.039047,0.027239
2023-12,801140.SI,水,-0.835957,-0.450326,-0.217975,-0.356877,-0.112052,-0.060097,0.062338
2024-01,801140.SI,土,0.841848,0.707469,0.375176,-0.197868,0.112254,0.063941,0.174141
2024-02,801140.SI,木,0.582894,0.188258,0.020248,-0.323694,0.127835,0.038292,0.160337
2024-03,801140.SI,木,-0.10799,-0.180907,-0.471107,-0.053826,-0.000682,-0.017502,0.087493
2024-04,801140.SI,土,-0.247864,-0.592745,-0.532121,0.000291,-0.023279,-0.028766,0.111981
2024-05,801140.SI,火,-0.779486,-0.630978,-0.551688,0.185811,0.044377,0.042503,0.133642
2024-06,801140.SI,火,-0.382455,-0.360776,0.69268,0.373636,0.207777,0.225276,
2024-07,801140.SI,土,-0.338336,1.802387,1.13855,0.411202,0.238951,0.287407,
2024-08,801140.SI,金,10.869134,2.844683,2.136536,0.594026,0.381156,0.4178,
2024-09,801140.SI,金,0.245381,0.612374,0.114727,0.020217,0.100155,0.147423,
2024-10,801140.SI,土,1.087515,0.054634,-0.068766,-0.056979,0.087046,0.141114,
2024-11,801140.SI,水,-0.467188,-0.378024,-0.189897,-0.083486,0.088103,0.098097,
2024-12,801140.SI,水,-0.273938,-0.001096,-0.066281,0.09294,0.158534,0.200723,
2025-01,801140.SI,土,0.374276,0.058858,-0.045043,0.174471,0.221103,0.295755,
2025-02,801140.SI,木,-0.184166,-0.203953,0.036901,0.261056,0.215274,0.296727,
2025-03,801140.SI,木,-0.22326,0.168975,0.279311,0.290491,0.305724,0.203707,
2025-04,801140.SI,土,0.759279,0.641823,0.444445,0.380819,0.434506,0.273125,
2025-05,801140.SI,火,0.532209,0.308832,0.533669,0.315656,0.397073,0.232748,
2025-06,801140.SI,火,0.118021,0.534399,0.301768,0.319135,0.179512,,
2025-07,801140.SI,土,1.105847,0.404673,0.319996,0.429562,0.220659,,
2025-08,801140.SI,金,-0.063034,0.04507,0.128634,0.333407,0.146187,,
2025-09,801140.SI,金,0.165648,0.238705,0.336734,0.12276,,,
2025-10,801140.SI,土,0.316341,0.431475,0.548223,0.173829,,,
2025-11,801140.SI,水,0.556678,0.679059,0.575334,0.155065,,,
2025-12,801140.SI,水,0.811062,0.584745,-0.056962,,,,
2026-01,801140.SI,土,0.38671,-0.319502,-0.110028,,,,
2026-02,801140.SI,木,-0.66606,-0.287029,-0.153084,,,,
2026-03,801140.SI,木,0.522214,0.348734,,,,,
2026-04,801140.SI,土,0.195025,,,,,,
2026-05,801140.SI,火,,,,,,,
2012-09,801150.SI,金,0.332409,-0.43874,-0.007818,0.495273,0.255125,0.400357,0.268067
2012-10,801150.SI,土,-0.763576,-0.143814,0.398197,0.331101,0.371916,0.268977,0.271168
2012-11,801150.SI,水,2.100601,2.400222,1.892642,1.143084,0.609244,0.485989,0.349556
2012-12,801150.SI,水,2.728797,1.793953,1.253458,0.411675,0.570801,0.365561,0.258709
2013-01,801150.SI,土,1.093483,0.751822,0.267225,0.358961,0.228614,0.250664,0.235427
2013-02,801150.SI,木,0.46592,-0.014071,0.587755,0.200289,0.190116,0.198915,0.232055
2013-03,801150.SI,木,-0.336897,0.652419,-0.115659,0.311466,0.155575,0.110259,0.323672
2013-04,801150.SI,土,3.117745,0.021266,0.457338,0.209751,0.245192,0.113579,0.456483
2013-05,801150.SI,火,-0.74671,-0.133016,-0.092623,0.030368,0.09175,0.007824,0.503387
2013-06,801150.SI,火,1.967584,0.717403,0.944887,0.320953,0.197731,0.161943,0.494465
2013-07,801150.SI,土,-0.006103,0.57449,0.004227,0.150997,0.018062,0.099718,0.340743
2013-08,801150.SI,金,1.49424,0.009432,0.17003,0.197542,0.04372,0.129191,0.253028
2013-09,801150.SI,金,-0.591478,-0.198643,-0.102818,-0.060078,-0.021377,0.148275,0.188261
2013-10,801150.SI,土,0.571941,0.329575,0.319217,0.025052,0.133525,0.273364,0.32093
2013-11,801150.SI,水,0.124578,0.208527,0.225701,-0.014226,0.115898,0.22565,0.313934
2013-12,801150.SI,水,0.298742,0.279624,-0.015301,0.022074,0.246717,0.160218,0.348284
2014-01,801150.SI,土,0.260787,-0.14258,-0.20352,0.050724,0.258436,0.220377,0.149362
2014-02,801150.SI,木,-0.416897,-0.366944,-0.207188,0.064742,0.225632,0.266111,0.121614
2014-03,801150.SI,木,-0.312713,-0.075552,0.060869,0.402813,0.225421,0.578107,0.218821
2014-04,801150.SI,土,0.243445,0.318024,0.386124,0.581827,0.406912,0.904977,0.227323
2014-05,801150.SI,火,0.397076,0.46349,0.429941,0.523896,0.479922,1.242625,0.213463
2014-06,801150.SI,火,0.533061,0.446663,0.854975,0.317034,0.801475,0.922145,0.221159
2014-07,801150.SI,土,0.365134,1.040457,0.805162,0.417423,1.117966,0.634593,0.227041
2014-08,801150.SI,金,2.049859,1.075805,0.624024,0.505564,1.605571,0.390445,0.232184
2014-09,801150.SI,金,0.412842,0.185083,-0.064905,0.775306,0.945072,0.22964,0.168066
2014-10,801150.SI,土,-0.00596,-0.239259,0.112968,1.294143,0.581397,0.370273,0.161654
2014-11,801150.SI,水,-0.417804,0.177665,0.395745,2.300336,0.320306,0.408578,0.17239
2014-12,801150.SI,水,1.382178,1.161098,2.370472,1.805276,0.347159,0.566833,0.164426
2015-01,801150.SI,土,0.960535,3.00912,3.72888,0.885038,0.46864,0.082479,0.112321
2015-02,801150.SI,木,7.198292,6.344295,6.803873,0.284129,0.412881,-0.006391,0.094805
2015-03,801150.SI,木,5.579258,6.613838,1.334858,-0.148307,0.213762,-0.058667,0.003891
2015-04,801150.SI,土,7.811105,0.39092,-0.248581,-0.181547,-0.337825,-0.20927,-0.0816
2015-05,801150.SI,火,-0.78043,-0.780564,-0.788696,-0.398821,-0.500138,-0.343407,-0.172712
2015-06,801150.SI,火,-0.780698,-0.792712,-0.689326,-0.124875,-0.304595,-0.224185,-0.099825
2015-07,801150.SI,土,-0.804068,-0.630225,-0.108532,-0.378389,-0.195715,-0.078897,-0.064138
2015-08,801150.SI,金,-0.302138,0.901543,0.710409,-0.231184,-0.041866,0.091936,0.014792
2015-09,801150.SI,金,4.18135,1.677721,1.4651,0.040409,0.052549,0.109575,0.041374
2015-10,801150.SI,土,0.383846,0.700318,-0.566558,-0.236055,-0.068801,-0.015204,-0.002628
2015-11,801150.SI,水,1.089165,-0.757421,-0.654423,-0.282885,-0.05978,-0.024195,-0.037013
2015-12,801150.SI,水,-0.971833,-0.85945,-0.56089,-0.312225,-0.14965,-0.134631,-0.053314
2016-01,801150.SI,土,-0.298662,0.733778,0.346459,0.364892,0.294647,0.142985,0.091301
2016-02,801150.SI,木,3.286073,0.865632,0.488105,0.550858,0.379228,0.206308,0.089046
2016-03,801150.SI,木,-0.187932,-0.123159,0.077256,0.18334,0.084952,0.070607,0.080073
2016-04,801150.SI,土,-0.05322,0.240745,0.383577,0.269493,0.082239,0.066683,0.090083
2016-05,801150.SI,火,0.625982,0.672556,0.616258,0.327814,0.124776,0.042358,0.128076
2016-06,801150.SI,火,0.720464,0.611417,0.29987,0.088821,0.068399,0.044469,0.055588
2016-07,801150.SI,土,0.509283,0.129867,0.164816,-0.042844,-0.021909,-0.049144,1e-06
2016-08,801150.SI,金,-0.154168,0.023295,0.090848,-0.061695,-0.099426,-0.056902,-0.057509
2016-09,801150.SI,金,0.237991,0.238808,-0.087963,-0.031387,-0.028981,-0.022636,-0.055245
2016-10,801150.SI,土,0.239626,-0.217183,-0.213482,-0.103727,-0.111343,0.010108,-0.124498
2016-11,801150.SI,水,-0.505655,-0.373505,-0.192906,-0.18173,-0.101563,-0.049662,-0.109589
2016-12,801150.SI,水,-0.206028,0.031267,0.028698,0.001925,0.000163,0.035644,-0.134518
2017-01,801150.SI,土,0.339483,0.170925,0.021343,-0.055402,0.097963,0.041955,-0.137321
2017-02,801150.SI,木,0.023579,-0.108156,-0.170398,-0.052084,0.003528,-0.016817,-0.060613
2017-03,801150.SI,木,-0.222936,-0.253132,-0.024151,-0.013806,0.037969,0.089624,-0.011137
2017-04,801150.SI,土,-0.282155,0.093567,-0.126381,0.138402,0.048917,0.113997,-0.010265
2017-05,801150.SI,火,0.665941,-0.036242,0.083103,0.103721,0.040453,0.220843,-0.03533
2017-06,801150.SI,火,-0.44246,-0.126677,-0.00335,0.070497,0.130424,0.066826,-0.046953
2017-07,801150.SI,土,0.367962,0.332527,0.483438,0.149346,0.208012,0.051685,-0.02416
2017-08,801150.SI,金,0.29801,0.544782,0.124732,0.019762,0.270544,-0.058116,-0.005327
2017-09,801150.SI,金,0.838469,0.04697,0.149816,0.203901,0.091299,-0.086766,-0.016699
2017-10,801150.SI,土,-0.403772,-0.090686,-0.109504,0.090115,-0.062242,-0.241166,-0.019222
2017-11,801150.SI,水,0.386807,0.088283,-0.07541,0.350393,-0.112204,-0.165737,-0.011209
2017-12,801150.SI,水,-0.14598,-0.245055,0.26053,0.063167,-0.154267,-0.27672,-0.005118
2018-01,801150.SI,土,-0.332635,0.531425,0.334481,-0.037678,-0.280576,-0.285751,0.024576
2018-02,801150.SI,木,2.514217,0.887065,0.972293,-0.130048,-0.19384,-0.102457,0.054111
2018-03,801150.SI,木,0.013317,0.477552,-0.103295,-0.307255,-0.398978,-0.102579,0.006236
2018-04,801150.SI,土,1.154471,-0.156467,-0.306049,-0.471772,-0.420088,-0.120667,0.032639
2018-05,801150.SI,火,-0.669734,-0.606157,-0.616275,-0.484598,-0.309628,-0.23775,0.024954
2018-06,801150.SI,火,-0.530342,-0.586384,-0.464824,-0.507948,-0.102341,-0.148596,0.160434
2018-07,801150.SI,土,-0.635738,-0.428713,-0.597918,-0.469874,-0.048457,-0.094535,0.287695
2018-08,801150.SI,金,-0.104027,-0.57756,-0.307735,-0.073992,-0.041799,0.05042,0.324317
2018-09,801150.SI,金,-0.800825,-0.391499,-0.547597,0.162569,-0.006086,0.058744,0.272989
2018-10,801150.SI,土,0.859041,-0.318178,-0.301053,0.463813,0.186837,0.267636,0.377339
2018-11,801150.SI,水,-0.749935,-0.571429,0.238673,0.127324,0.207054,0.171941,0.296948
2018-12,801150.SI,水,-0.2655,1.756821,1.98753,0.473195,0.405658,0.368475,0.43796
2019-01,801150.SI,土,9.347258,5.025215,2.065679,0.546551,0.545888,0.469733,0.460448
2019-02,801150.SI,木,2.508486,0.668697,0.025984,0.191548,0.150506,0.237993,0.31427
2019-03,801150.SI,木,-0.206339,-0.445181,-0.273546,-0.035809,0.054901,0.128246,0.22837
2019-04,801150.SI,土,-0.612147,-0.304984,-0.219808,0.097751,0.150294,0.212674,0.306541
2019-05,801150.SI,火,0.245439,0.106545,0.38383,0.218325,0.317985,0.378198,0.379075
2019-06,801150.SI,火,-0.01686,0.458689,0.27973,0.271198,0.306578,0.581632,0.364723
2019-07,801150.SI,土,1.164265,0.460057,0.544563,0.396731,0.404725,0.831278,0.295683
2019-08,801150.SI,金,-0.015016,0.304828,0.072615,0.286247,0.376325,0.669631,0.199332
2019-09,801150.SI,金,0.728532,0.119311,0.262724,0.320213,0.697337,0.530588,0.229472
2019-10,801150.SI,土,-0.27519,0.079254,0.263047,0.339628,0.938223,0.496535,0.176892
2019-11,801150.SI,水,0.607028,0.667313,0.542428,0.559049,0.934993,0.43529,0.21444
2019-12,801150.SI,水,0.72986,0.511109,0.38032,0.967876,0.631955,0.510973,0.193483
2020-01,801150.SI,土,0.32002,0.233002,0.420852,1.401021,0.58359,0.451222,0.07588
2020-02,801150.SI,木,0.151721,0.474121,0.575849,1.167288,0.401257,0.395248,0.084439
2020-03,801150.SI,木,0.886769,0.843309,1.805536,0.774485,0.557217,0.33738,0.082757
2020-04,801150.SI,土,0.80085,2.421089,3.057354,0.671821,0.461489,0.407675,-0.021952
2020-05,801150.SI,火,5.49907,5.090117,1.980704,0.321354,0.33977,0.379953,-0.040168
2020-06,801150.SI,火,4.706898,1.018611,0.122352,0.160155,0.044723,0.177562,-0.066853
2020-07,801150.SI,土,-0.285988,-0.50227,-0.311131,-0.122854,-0.010865,-0.083267,-0.165368
2020-08,801150.SI,金,-0.653038,-0.323369,-0.41424,-0.101773,0.067528,-0.138494,-0.164264
2020-09,801150.SI,金,0.319541,-0.238905,0.199231,0.007946,0.196562,-0.012404,-0.156909
2020-10,801150.SI,土,-0.56101,0.143254,0.116881,0.185263,0.008351,-0.074479,-0.143182
2020-11,801150.SI,水,1.977356,0.781488,0.377376,0.441149,-0.020274,0.027573,-0.081204
2020-12,801150.SI,水,0.065945,-0.063165,-0.152827,0.19523,-0.074298,-0.057296,-0.133408
2021-01,801150.SI,土,-0.176636,-0.244751,0.257833,-0.041892,-0.130681,-0.202383,-0.112381
2021-02,801150.SI,木,-0.30723,0.554671,0.507876,-0.173713,-0.068036,-0.157133,-0.104641
2021-03,801150.SI,木,2.488894,1.22461,0.686286,-0.032344,-0.023115,-0.123388,-0.107052
2021-04,801150.SI,土,0.418469,0.172338,-0.270196,-0.277301,-0.314746,-0.320455,-0.154223
2021-05,801150.SI,火,-0.031084,-0.476521,-0.547211,-0.267317,-0.305685,-0.332384,-0.176929
2021-06,801150.SI,火,-0.717179,-0.690472,-0.444721,-0.256468,-0.295146,-0.260537,-0.194585
2021-07,801150.SI,土,-0.661243,-0.221945,-0.284337,-0.335991,-0.336427,-0.240117,-0.154937
2021-08,801150.SI,金,0.78703,0.040205,0.185595,-0.14022,-0.240134,-0.189262,-0.137231
2021-09,801150.SI,金,-0.394512,-0.034309,-0.004393,-0.205867,-0.186449,-0.280271,-0.139948
2021-10,801150.SI,土,0.540177,0.276671,-0.383917,-0.361033,-0.224779,-0.206785,-0.113587
2021-11,801150.SI,水,0.058248,-0.610351,-0.376498,-0.391672,-0.285731,-0.178465,-0.116889
2021-12,801150.SI,水,-0.85653,-0.52141,-0.366569,-0.264584,-0.354054,-0.203375,-0.13949
2022-01,801150.SI,土,0.596494,0.330971,-0.337298,-0.130401,-0.137071,-0.012222,-0.158174
2022-02,801150.SI,木,0.109609,-0.573034,-0.406478,-0.235507,-0.099352,-0.048879,-0.132157
2022-03,801150.SI,木,-0.835708,-0.565919,-0.146178,-0.347704,-0.140118,-0.090411,-0.145754
2022-04,801150.SI,土,0.146895,0.946445,0.14109,-0.015302,0.128339,0.052672,-0.067011
2022-05,801150.SI,火,2.303395,0.138198,-0.015286,0.109467,0.113017,0.014724,-0.092166
2022-06,801150.SI,火,-0.607829,-0.462368,-0.501664,-0.137072,-0.071024,-0.122752,-0.174549
2022-07,801150.SI,土,-0.262955,-0.438246,-0.150259,0.122017,0.024749,-0.060207,-0.140763
2022-08,801150.SI,金,-0.571848,-0.087606,0.250026,0.183308,0.024929,-0.081861,-0.144163
2022-09,801150.SI,金,0.944315,1.135891,0.49426,0.268369,0.059228,0.027733,-0.023329
2022-10,801150.SI,土,1.346343,0.309953,0.481537,0.125339,-0.028117,-0.00944,-0.070767
2022-11,801150.SI,水,-0.268659,0.177262,0.120151,-0.071929,-0.171604,-0.050698,-0.093629
2022-12,801150.SI,水,0.895075,0.386293,0.076627,-0.108193,-0.09281,-0.070481,-0.107649
2023-01,801150.SI,土,0.014106,-0.188507,-0.145221,-0.212837,-0.133829,-0.28256,-0.147646
2023-02,801150.SI,木,-0.35064,-0.215236,-0.231072,-0.287608,-0.101648,-0.208143,-0.126803
2023-03,801150.SI,木,-0.051598,-0.16327,-0.261286,-0.16725,-0.114907,-0.19773,-0.105758
2023-04,801150.SI,土,-0.261793,-0.348044,-0.275104,-0.128076,-0.323248,-0.173088,-0.113103
2023-05,801150.SI,火,-0.424217,-0.28167,-0.339988,-0.028982,-0.200349,-0.187795,-0.073428
2023-06,801150.SI,火,-0.103832,-0.293359,-0.061243,-0.031175,-0.175353,-0.223289,-0.048534
2023-07,801150.SI,土,-0.442804,-0.039196,0.048774,-0.346108,-0.135986,-0.214413,0.020214
2023-08,801150.SI,金,0.656768,0.438861,0.428574,-0.119814,-0.129631,-0.202238,0.058916
2023-09,801150.SI,金,0.249613,0.326548,-0.000143,-0.227096,-0.27083,-0.071854,0.027966
2023-10,801150.SI,土,0.40822,-0.105626,-0.59231,-0.215776,-0.286548,-0.128297,0.009124
2023-11,801150.SI,水,-0.431975,-0.780638,-0.457691,-0.320634,-0.343053,-0.134618,-0.023328
2023-12,801150.SI,水,-0.915286,-0.47011,-0.402533,-0.377307,-0.094596,-0.143331,-0.020739
2024-01,801150.SI,土,2.3145,0.586696,0.508516,-0.056195,0.123004,0.012638,0.10224
2024-02,801150.SI,木,-0.240427,0.017691,-0.148939,-0.276943,0.011257,-0.037107,0.047638
2024-03,801150.SI,木,0.363522,-0.099142,-0.351016,0.114569,-0.033994,-0.003242,0.03968
2024-04,801150.SI,土,-0.404817,-0.552266,-0.409507,-0.031059,-0.113343,-0.048768,0.031617
2024-05,801150.SI,火,-0.663186,-0.411838,-0.385695,0.102331,0.003345,0.057044,0.045203
2024-06,801150.SI,火,0.027078,-0.170377,0.914165,0.178562,0.150027,0.165539,
2024-07,801150.SI,土,-0.329872,1.613167,0.589937,0.086491,0.115092,0.324917,
2024-08,801150.SI,金,9.19006,1.449012,0.978062,0.282282,0.266668,0.40556,
2024-09,801150.SI,金,-0.411421,-0.128492,-0.274352,-0.108601,-0.012108,0.138521,
2024-10,801150.SI,土,0.290441,-0.194276,-0.257541,-0.066153,0.246785,0.168207,
2024-11,801150.SI,水,-0.496923,-0.43683,-0.168758,0.013618,0.254255,0.102274,
2024-12,801150.SI,水,-0.369559,0.068499,0.095012,0.15266,0.322958,0.119395,
2025-01,801150.SI,土,0.810938,0.443132,0.174572,0.615664,0.358738,0.199769,
2025-02,801150.SI,木,0.150028,-0.054052,0.236007,0.54069,0.210998,0.139842,
2025-03,801150.SI,木,-0.221916,0.281378,0.213343,0.454151,0.127642,0.084451,
2025-04,801150.SI,土,1.110221,0.515174,1.222402,0.461383,0.208288,0.118795,
2025-05,801150.SI,火,0.08792,1.280709,0.920478,0.198684,0.109479,0.033495,
2025-06,801150.SI,火,3.781265,1.551617,0.742751,0.087089,0.044604,,
2025-07,801150.SI,土,0.361722,0.05216,-0.03904,-0.109068,-0.109994,,
2025-08,801150.SI,金,-0.187029,-0.192739,-0.25183,-0.156715,-0.159364,,
2025-09,801150.SI,金,-0.19841,-0.282267,-0.321898,-0.191258,,,
2025-10,801150.SI,土,-0.357352,-0.376314,-0.173993,-0.143481,,,
2025-11,801150.SI,水,-0.394716,-0.06354,-0.049508,-0.10893,,,
2025-12,801150.SI,水,0.448837,0.191086,-0.035448,,,,
2026-01,801150.SI,土,-0.020811,-0.212993,-0.111843,,,,
2026-02,801150.SI,木,-0.367456,-0.154134,-0.164636,,,,
2026-03,801150.SI,木,0.13113,-0.040007,,,,,
2026-04,801150.SI,土,-0.185251,,,,,,
2026-05,801150.SI,火,,,,,,,
2012-09,801160.SI,金,0.22544,-0.206156,0.385764,0.47358,0.153317,0.173088,0.203824
2012-10,801160.SI,土,-0.485745,0.473628,0.614198,0.305182,0.169684,0.219021,0.210985
2012-11,801160.SI,水,3.222769,1.859869,1.345677,0.799988,0.271789,0.305402,0.290085
2012-12,801160.SI,水,0.936845,0.748251,0.566961,0.052152,0.109713,0.107843,0.313258
2013-01,801160.SI,土,0.57802,0.409417,0.055322,-0.00431,0.110101,0.007498,0.271722
2013-02,801160.SI,木,0.258829,-0.136979,0.381246,-0.063541,0.07375,-0.011443,0.265649
2013-03,801160.SI,木,-0.408335,0.446849,-0.293522,-0.066128,-0.013073,-0.061228,0.344475
2013-04,801160.SI,土,2.538102,-0.228013,-0.060572,0.138548,-0.007957,-0.029136,0.508979
2013-05,801160.SI,火,-0.831558,-0.515928,-0.365099,-0.053285,-0.115742,-0.121437,0.510999
2013-06,801160.SI,火,0.391137,0.232635,0.234456,0.166483,0.032081,0.040881,0.619708
2013-07,801160.SI,土,0.092193,0.162864,0.379874,0.019446,-0.018426,0.068088,0.462016
2013-08,801160.SI,金,0.238107,0.550992,0.411666,0.043554,-0.020972,0.124964,0.384418
2013-09,801160.SI,金,0.942947,0.507367,0.102251,-0.056302,-0.016647,0.235367,0.312373
2013-10,801160.SI,土,0.169437,-0.169785,-0.246838,-0.172124,-0.019315,0.203001,0.355921
2013-11,801160.SI,水,-0.410608,-0.395572,-0.228567,-0.184683,0.042976,0.274946,0.359312
2013-12,801160.SI,水,-0.380153,-0.117439,-0.192049,-0.071197,0.283219,0.556761,0.38319
2014-01,801160.SI,土,0.256623,-0.077566,-0.09,0.119052,0.406237,0.605242,0.20907
2014-02,801160.SI,木,-0.32288,-0.22561,-0.138303,0.212725,0.507382,0.620409,0.185107
2014-03,801160.SI,木,-0.114367,-0.027927,0.067731,0.617181,0.93717,0.925508,0.277017
2014-04,801160.SI,土,0.066951,0.172374,0.376128,0.748103,0.939576,1.345353,0.26506
2014-05,801160.SI,火,0.288214,0.562845,0.70675,0.99369,1.000082,1.598698,0.24706
2014-06,801160.SI,火,0.896024,0.96454,1.449375,1.609279,1.343724,1.520419,0.236947
2014-07,801160.SI,土,1.035532,1.783948,1.220625,1.302665,1.801505,1.001231,0.220043
2014-08,801160.SI,金,2.807539,1.319391,1.32887,1.165144,1.989633,0.703711,0.213106
2014-09,801160.SI,金,0.412875,0.821359,1.779621,1.29262,1.544555,0.394179,0.14044
2014-10,801160.SI,土,1.347944,2.898761,1.387735,2.146657,0.933026,0.528278,0.136864
2014-11,801160.SI,水,5.473893,1.407884,1.012929,2.387304,0.535134,0.44926,0.111298
2014-12,801160.SI,水,-0.104418,0.122432,0.890943,1.434585,0.107718,0.228971,0.005774
2015-01,801160.SI,土,0.406743,1.747672,3.146797,0.739256,0.317067,-0.089327,0.006459
2015-02,801160.SI,木,4.366799,6.119702,4.700065,0.340618,0.298929,-0.133256,0.010176
2015-03,801160.SI,木,8.445137,4.87438,2.134524,-0.152178,0.064542,-0.153069,-0.058572
2015-04,801160.SI,土,2.653557,0.805731,-0.270518,-0.257741,-0.45057,-0.317639,-0.133689
2015-05,801160.SI,火,-0.107536,-0.67404,-0.684696,-0.379934,-0.537376,-0.401563,-0.19811
2015-06,801160.SI,火,-0.880948,-0.812587,-0.770682,-0.379619,-0.452472,-0.392943,-0.190392
2015-07,801160.SI,土,-0.704972,-0.681735,-0.24474,-0.523172,-0.332659,-0.256205,-0.134332
2015-08,801160.SI,金,-0.656668,0.208407,0.2194,-0.439628,-0.259063,-0.136223,-0.076981
2015-09,801160.SI,金,3.25316,1.298064,0.678334,-0.15396,-0.160231,-0.067118,-0.042156
2015-10,801160.SI,土,0.241688,0.054294,-0.698958,-0.372703,-0.259988,-0.154303,-0.09634
2015-11,801160.SI,水,-0.104819,-0.851771,-0.742482,-0.422437,-0.230007,-0.147853,-0.12606
2015-12,801160.SI,水,-0.975455,-0.861881,-0.573515,-0.40598,-0.232975,-0.176887,-0.1253
2016-01,801160.SI,土,-0.222764,0.777774,0.307133,0.160231,0.193285,0.112319,0.001509
2016-02,801160.SI,木,3.066309,0.695131,0.295362,0.331455,0.269845,0.177344,-0.009405
2016-03,801160.SI,木,-0.293347,-0.268884,-0.172633,0.028637,0.024814,0.046469,-0.061908
2016-04,801160.SI,土,-0.243573,-0.10475,0.029838,0.140135,0.054062,0.099851,-0.070493
2016-05,801160.SI,火,0.05955,0.201628,0.368554,0.257276,0.140445,0.07451,-0.061862
2016-06,801160.SI,火,0.362757,0.555365,0.27887,0.14056,0.131712,0.079742,-0.111763
2016-07,801160.SI,土,0.775196,0.238883,0.262246,0.066386,0.12423,0.00751,-0.111642
2016-08,801160.SI,金,-0.135402,0.064371,0.155045,0.041071,-0.008727,-0.013675,-0.169859
2016-09,801160.SI,金,0.310302,0.33503,0.017209,0.064611,0.020511,-0.016525,-0.15687
2016-10,801160.SI,土,0.360225,-0.103749,-0.099083,0.060989,-0.065417,-0.034404,-0.205502
2016-11,801160.SI,水,-0.409462,-0.266801,-0.061657,-0.081687,-0.064248,-0.103709,-0.207664
2016-12,801160.SI,水,-0.089676,0.182819,0.114221,0.022166,-0.027519,-0.07048,-0.19174
2017-01,801160.SI,土,0.536882,0.232705,0.249502,-0.048115,-0.011828,-0.098263,-0.202401
2017-02,801160.SI,木,-0.011269,0.12664,-0.101289,-0.065541,-0.117304,-0.166533,-0.159121
2017-03,801160.SI,木,0.283786,-0.143177,-0.062284,-0.091477,-0.124974,-0.159062,-0.134536
2017-04,801160.SI,土,-0.42814,-0.198579,-0.274844,-0.12122,-0.191163,-0.214453,-0.157742
2017-05,801160.SI,火,0.123135,-0.183413,-0.028372,-0.125204,-0.187211,-0.180926,-0.158005
2017-06,801160.SI,火,-0.406292,-0.09628,-0.119762,-0.154729,-0.189049,-0.269302,-0.153157
2017-07,801160.SI,土,0.37561,0.0718,0.064949,-0.145768,-0.193225,-0.216702,-0.145159
2017-08,801160.SI,金,-0.164912,-0.062987,-0.212385,-0.256609,-0.226256,-0.301312,-0.166641
2017-09,801160.SI,金,0.05138,-0.2351,-0.188307,-0.221619,-0.313273,-0.277186,-0.165021
2017-10,801160.SI,土,-0.44352,-0.286806,-0.314792,-0.297795,-0.292935,-0.346282,-0.167145
2017-11,801160.SI,水,-0.085959,-0.239658,-0.29835,-0.233099,-0.328664,-0.299561,-0.155181
2017-12,801160.SI,水,-0.367512,-0.385251,-0.253564,-0.368344,-0.304595,-0.297182,-0.140465
2018-01,801160.SI,土,-0.402494,-0.189108,-0.280377,-0.281747,-0.356454,-0.294512,-0.139912
2018-02,801160.SI,木,0.100483,-0.210256,-0.161779,-0.343326,-0.299964,-0.151643,-0.133251
2018-03,801160.SI,木,-0.433253,-0.268447,-0.465475,-0.328787,-0.311147,-0.109295,-0.143636
2018-04,801160.SI,土,-0.055716,-0.480892,-0.283114,-0.391422,-0.299162,-0.096937,-0.11478
2018-05,801160.SI,火,-0.714627,-0.375368,-0.485553,-0.360264,-0.148237,-0.134442,-0.122188
2018-06,801160.SI,火,0.36721,-0.309276,-0.157146,-0.218002,0.055981,-0.018552,-0.063134
2018-07,801160.SI,土,-0.651041,-0.338224,-0.483366,-0.307051,-0.024694,-0.06708,-0.033671
2018-08,801160.SI,金,0.255011,-0.371382,-0.204461,0.095993,0.029472,-0.006013,0.025134
2018-09,801160.SI,金,-0.685134,-0.366615,-0.274464,0.181974,0.032536,-0.035449,-0.015404
2018-10,801160.SI,土,0.274118,0.10135,-0.070563,0.340046,0.136052,0.061081,0.02616
2018-11,801160.SI,水,-0.047991,-0.206174,0.509921,0.171093,0.070583,0.01896,0.034378
2018-12,801160.SI,水,-0.338073,0.901563,0.925558,0.231767,0.060589,0.051197,0.03031
2019-01,801160.SI,土,4.462754,2.284203,0.932055,0.255993,0.108983,0.048568,0.022335
2019-02,801160.SI,木,0.97446,0.149009,-0.091701,-0.098525,-0.106232,-0.114461,-0.038905
2019-03,801160.SI,木,-0.33135,-0.383946,-0.212047,-0.212877,-0.140868,-0.176653,0.002384
2019-04,801160.SI,土,-0.432404,-0.144635,-0.183503,-0.15981,-0.144693,-0.132271,-0.02748
2019-05,801160.SI,火,0.289031,-0.020708,-0.105298,-0.11341,-0.12192,-0.109761,0.018396
2019-06,801160.SI,火,-0.256021,-0.254606,-0.213707,-0.102902,-0.164506,-0.10569,0.003326
2019-07,801160.SI,土,-0.253189,-0.191656,-0.13543,-0.124601,-0.114489,0.000936,-0.000608
2019-08,801160.SI,金,-0.125054,-0.06976,-0.121448,-0.130114,-0.111244,0.057257,0.068701
2019-09,801160.SI,金,-0.010972,-0.11964,0.023518,-0.138762,-0.066482,0.005057,0.156914
2019-10,801160.SI,土,-0.216368,0.041212,-0.113637,-0.103829,0.051013,-0.007612,0.111274
2019-11,801160.SI,水,0.383458,-0.057327,-0.138695,-0.106097,0.124566,0.050029,0.118578
2019-12,801160.SI,水,-0.357672,-0.320401,-0.275313,-0.108469,-0.001022,0.009837,0.151843
2020-01,801160.SI,土,-0.280967,-0.230254,-0.093912,0.144475,0.030476,-0.003242,0.095841
2020-02,801160.SI,木,-0.175963,0.017142,-0.072266,0.284987,0.121715,0.043098,0.154017
2020-03,801160.SI,木,0.255499,-0.015622,0.096787,0.172893,0.127937,0.220354,0.106065
2020-04,801160.SI,土,-0.228195,0.025121,0.44558,0.098934,0.028954,0.089967,0.063442
2020-05,801160.SI,火,0.361578,0.978379,0.77981,0.233423,0.084656,0.165002,0.122814
2020-06,801160.SI,火,1.874592,1.034882,0.25428,0.143843,0.264563,0.125632,0.111836
2020-07,801160.SI,土,0.440464,-0.171478,-0.164587,-0.131894,-0.007942,-0.002149,0.085293
2020-08,801160.SI,金,-0.523454,-0.36379,-0.145228,-0.153258,0.011528,0.080269,0.066471
2020-09,801160.SI,金,-0.150631,0.144783,0.04313,0.269736,0.085751,0.331716,0.055977
2020-10,801160.SI,土,0.542943,0.156004,-0.097921,0.081073,0.058734,0.244402,0.044786
2020-11,801160.SI,水,-0.133899,-0.31025,-0.161212,0.100377,0.167954,0.191603,0.067061
2020-12,801160.SI,水,-0.450693,-0.174544,0.545569,0.10771,0.444672,0.313819,0.048284
2021-01,801160.SI,土,0.24043,1.592536,0.295582,0.146986,0.385264,0.204774,0.086252
2021-02,801160.SI,木,4.418478,0.324071,0.443547,0.378202,0.339547,0.276731,0.082627
2021-03,801160.SI,木,-0.676447,-0.254912,-0.206103,0.396722,0.244565,0.00248,0.000371
2021-04,801160.SI,土,0.715813,0.243579,0.015432,0.432407,0.175942,0.037563,0.060091
2021-05,801160.SI,火,-0.098685,-0.218837,0.315815,0.290391,0.225525,0.082154,0.058453
2021-06,801160.SI,火,-0.322972,0.589842,1.457286,0.558277,0.083543,0.098209,0.055763
2021-07,801160.SI,土,2.73337,3.681449,1.020608,0.265475,0.045046,0.180397,0.061598
2021-08,801160.SI,金,4.870289,0.486526,0.265459,0.18273,0.013882,0.05285,-0.017957
2021-09,801160.SI,金,-0.623569,-0.412453,-0.011826,-0.280482,-0.160357,-0.162669,-0.0915
2021-10,801160.SI,土,-0.082937,0.601059,-0.207454,-0.248443,-0.013243,-0.122809,-0.057729
2021-11,801160.SI,水,1.795219,-0.26322,0.10541,-0.092479,-0.009763,-0.044464,-0.052562
2021-12,801160.SI,水,-0.805795,-0.304852,-0.476098,-0.226028,-0.207647,-0.163584,-0.090782
2022-01,801160.SI,土,1.488256,-0.139512,-0.287312,0.101039,-0.092631,-0.02061,-0.031206
2022-02,801160.SI,木,-0.702426,-0.618582,-0.254942,-0.062768,-0.089762,-0.081966,-0.050977
2022-03,801160.SI,木,-0.511113,0.17893,0.143407,-0.025565,-0.022432,-0.001734,0.015811
2022-04,801160.SI,土,1.842942,0.748627,0.701008,0.023826,0.088866,0.083108,0.05333
2022-05,801160.SI,火,0.07554,0.315757,0.178973,0.006091,-0.015805,0.035272,0.024194
2022-06,801160.SI,火,0.609625,0.234362,-0.169566,-0.096101,-0.045899,0.014958,0.024795
2022-07,801160.SI,土,-0.053414,-0.403521,-0.383766,-0.128819,-0.068191,-0.045245,0.000435
2022-08,801160.SI,金,-0.624137,-0.502791,-0.141439,-0.100771,-0.008625,-0.084003,-0.020996
2022-09,801160.SI,金,-0.34227,0.297603,-0.016137,0.022679,0.085165,-0.014283,0.064241
2022-10,801160.SI,土,1.559979,0.203313,0.231604,0.145824,0.104775,0.012179,0.06021
2022-11,801160.SI,水,-0.434385,-0.145743,-0.058178,0.065298,-0.064016,-0.060591,0.008055
2022-12,801160.SI,水,0.290198,0.215327,0.063026,0.139663,-0.013664,-0.011643,0.04379
2023-01,801160.SI,土,0.144801,-0.035089,0.066018,0.046346,-0.051904,-0.041688,0.005681
2023-02,801160.SI,木,-0.186712,0.028683,0.204962,-0.066921,-0.061394,-0.018942,-0.004665
2023-03,801160.SI,木,0.301123,0.466688,0.221825,-0.049909,-0.035349,0.033664,0.013301
2023-04,801160.SI,土,0.653321,0.184007,0.027038,-0.105878,-0.075115,0.024371,0.00953
2023-05,801160.SI,火,-0.152087,-0.190529,-0.277458,-0.171603,-0.083916,0.013235,-2.3e-05
2023-06,801160.SI,火,-0.227229,-0.33301,-0.261209,-0.142862,-0.022381,0.034727,0.004131
2023-07,801160.SI,土,-0.424311,-0.277635,-0.221593,-0.122316,0.023484,0.0483,0.011048
2023-08,801160.SI,金,-0.093588,-0.094859,-0.050241,0.031505,0.134121,0.046344,0.04758
2023-09,801160.SI,金,-0.096129,-0.027796,-0.005556,0.124589,0.157694,0.149021,0.05401
2023-10,801160.SI,土,0.045702,0.04308,-0.010377,0.173594,0.157653,0.11052,0.081872
2023-11,801160.SI,水,0.040464,-0.037278,0.120287,0.239316,0.080674,0.081718,0.070333
2023-12,801160.SI,水,-0.109211,0.162466,0.271766,0.249109,0.205712,0.102332,0.055331
2024-01,801160.SI,土,0.517001,0.519579,0.391765,0.252082,0.154017,0.055392,0.077188
2024-02,801160.SI,木,0.522161,0.33308,0.370993,0.061396,0.069159,0.009819,0.082387
2024-03,801160.SI,木,0.167486,0.301135,0.226855,0.173983,0.051028,-0.006662,0.070233
2024-04,801160.SI,土,0.450085,0.257663,0.126418,0.050837,-0.037583,-0.005096,0.064178
2024-05,801160.SI,火,0.090775,-0.007221,-0.178288,-0.05584,-0.088032,-0.013107,0.072467
2024-06,801160.SI,火,-0.096413,-0.286799,0.12339,-0.027198,-0.074169,-0.02556,
2024-07,801160.SI,土,-0.43707,0.252595,-0.019673,-0.1104,-0.045428,-0.024879,
2024-08,801160.SI,金,1.787194,0.293687,0.084855,-0.039252,0.049027,0.048817,
2024-09,801160.SI,金,-0.39953,-0.323179,-0.1576,-0.15951,-0.070685,-0.033145,
2024-10,801160.SI,土,-0.237119,-0.002225,-0.19273,-0.058051,-0.026608,0.053962,
2024-11,801160.SI,水,0.304993,-0.169576,-0.149161,0.031559,0.037072,0.059068,
2024-12,801160.SI,水,-0.471565,-0.312983,-0.161417,-0.02392,0.012299,0.010333,
2025-01,801160.SI,土,-0.106812,0.056388,0.099097,0.068863,0.151932,0.099434,
2025-02,801160.SI,木,0.249407,0.219222,0.250664,0.144959,0.139242,0.160169,
2025-03,801160.SI,木,0.189765,0.251292,0.136121,0.112219,0.075072,0.15308,
2025-04,801160.SI,土,0.316002,0.110213,0.03946,0.179294,0.099546,0.138276,
2025-05,801160.SI,火,-0.063396,-0.076188,0.048188,0.087311,0.131484,0.165462,
2025-06,801160.SI,火,-0.088806,0.10887,0.088819,0.045789,0.158789,,
2025-07,801160.SI,土,0.34943,0.190222,0.33794,0.130879,0.17326,,
2025-08,801160.SI,金,0.049798,0.332231,0.127894,0.175582,0.207399,,
2025-09,801160.SI,金,0.69065,0.169095,0.004459,0.195443,,,
2025-10,801160.SI,土,-0.191563,-0.225768,-0.044137,0.098684,,,
2025-11,801160.SI,水,-0.258524,0.039371,0.225285,0.249229,,,
2025-12,801160.SI,水,0.456949,0.575097,0.422739,,,,
2026-01,801160.SI,土,0.702827,0.405937,0.262845,,,,
2026-02,801160.SI,木,0.16081,0.087526,0.273641,,,,
2026-03,801160.SI,木,0.018869,0.334105,,,,,
2026-04,801160.SI,土,0.746873,,,,,,
2026-05,801160.SI,火,,,,,,,
2012-09,801170.SI,金,0.214411,-0.206121,0.450473,0.22909,-0.084106,0.160006,0.187856
2012-10,801170.SI,土,-0.481029,0.585191,0.669221,0.086261,-0.100374,0.130531,0.21968
2012-11,801170.SI,水,3.841948,1.993637,1.03294,0.373702,0.265592,0.259869,0.326998
2012-12,801170.SI,水,0.85088,0.317276,0.041497,-0.272199,0.076739,0.052743,0.317009
2013-01,801170.SI,土,-0.062491,-0.218736,-0.293105,-0.339556,-0.007176,-0.040757,0.286342
2013-02,801170.SI,木,-0.348941,-0.386175,-0.071759,-0.001431,0.074135,-0.024675,0.324265
2013-03,801170.SI,木,-0.42128,0.10836,-0.49141,0.094805,0.056519,0.011701,0.48006
2013-04,801170.SI,土,1.122724,-0.523221,-0.382955,0.176606,0.061989,0.049389,0.706648
2013-05,801170.SI,火,-0.892912,-0.667318,0.074225,0.155469,-0.008456,-0.025133,0.69071
2013-06,801170.SI,火,0.033516,2.402301,1.356711,0.522762,0.272371,0.166899,0.878226
2013-07,801170.SI,土,10.200264,2.558777,1.243597,0.393226,0.252593,0.251102,0.694856
2013-08,801170.SI,金,0.130767,0.00416,0.242856,-0.047378,-0.056166,0.063297,0.467937
2013-09,801170.SI,金,-0.108271,0.303001,-0.016085,-0.065095,-0.076843,0.216375,0.433615
2013-10,801170.SI,土,0.903956,0.033523,-0.134836,-0.064072,0.029774,0.315858,0.497159
2013-11,801170.SI,水,-0.438973,-0.416798,-0.269837,-0.177506,0.009405,0.397704,0.437977
2013-12,801170.SI,水,-0.393746,-0.167013,-0.111665,-0.1058,0.305482,0.647614,0.477846
2014-01,801170.SI,土,0.144516,0.075321,0.01248,0.123476,0.513257,0.724979,0.295416
2014-02,801170.SI,木,0.010308,-0.047711,-0.0735,0.186829,0.735457,0.798046,0.266613
2014-03,801170.SI,木,-0.102398,-0.11276,-0.099896,0.582588,1.024331,1.165243,0.349597
2014-04,801170.SI,土,-0.123003,-0.098642,0.246641,0.850016,1.060233,1.775565,0.323994
2014-05,801170.SI,火,-0.073605,0.486322,0.520307,1.375188,1.242776,1.932195,0.325854
2014-06,801170.SI,火,1.384679,0.947597,1.78255,2.035821,1.901202,2.02317,0.317827
2014-07,801170.SI,土,0.590626,2.005726,1.745426,1.648523,2.624277,1.296004,0.287858
2014-08,801170.SI,金,4.67977,2.606871,2.710776,1.724038,2.649892,1.026565,0.266333
2014-09,801170.SI,金,1.290501,1.999381,2.312145,1.962413,2.107914,0.689652,0.160461
2014-10,801170.SI,土,2.927651,2.982894,1.55504,3.164158,1.163184,0.703439,0.140259
2014-11,801170.SI,水,3.038914,1.060773,0.999685,2.619827,0.656504,0.47941,0.10073
2014-12,801170.SI,水,0.051468,0.407051,1.649609,2.010571,0.350081,0.325571,0.012888
2015-01,801170.SI,土,0.882886,3.206054,5.786668,0.990405,0.488114,-0.027175,0.014553
2015-02,801170.SI,木,8.395625,11.884659,5.552606,0.507676,0.338025,-0.107749,0.010258
2015-03,801170.SI,木,16.669334,4.472153,2.420708,-0.036284,0.05231,-0.158796,-0.078417
2015-04,801170.SI,土,0.694713,0.505095,-0.416251,-0.303171,-0.490871,-0.368431,-0.188008
2015-05,801170.SI,火,0.336693,-0.657397,-0.653102,-0.395371,-0.540966,-0.400487,-0.214277
2015-06,801170.SI,火,-0.912189,-0.82328,-0.728492,-0.416343,-0.472977,-0.425547,-0.216138
2015-07,801170.SI,土,-0.64435,-0.522583,-0.168187,-0.524524,-0.351637,-0.277624,-0.121921
2015-08,801170.SI,金,-0.359127,0.272117,0.053845,-0.471961,-0.280555,-0.20871,-0.069498
2015-09,801170.SI,金,1.525118,0.351385,0.254679,-0.265734,-0.262528,-0.202991,-0.066661
2015-10,801170.SI,土,-0.27677,-0.115581,-0.728212,-0.42758,-0.310804,-0.236726,-0.083097
2015-11,801170.SI,水,0.081533,-0.833387,-0.735421,-0.40556,-0.280791,-0.181021,-0.092215
2015-12,801170.SI,水,-0.974333,-0.869138,-0.570291,-0.434605,-0.314869,-0.226039,-0.09197
2016-01,801170.SI,土,-0.332809,0.758222,0.205588,0.097485,0.076871,0.058071,0.068221
2016-02,801170.SI,木,3.633378,0.620592,0.335553,0.185783,0.193563,0.143873,0.066797
2016-03,801170.SI,木,-0.433174,-0.282961,-0.256076,-0.134886,-0.058325,0.009642,-0.017453
2016-04,801170.SI,土,-0.092941,-0.147747,-0.000925,0.017762,0.013024,0.043959,-0.003907
2016-05,801170.SI,火,-0.199242,0.048527,0.052808,0.128333,0.0863,0.029769,0.005403
2016-06,801170.SI,火,0.37296,0.207184,0.006046,0.059466,0.117841,0.069608,-0.039009
2016-07,801170.SI,土,0.061424,-0.138813,0.036798,0.020071,0.059364,0.067342,-0.060229
2016-08,801170.SI,金,-0.301275,0.0247,0.209275,0.103444,0.022202,0.094205,-0.097784
2016-09,801170.SI,金,0.50275,0.59087,0.115722,0.178315,0.091675,0.092987,-0.074377
2016-10,801170.SI,土,0.684156,-0.03863,0.003615,0.07083,0.077722,0.101454,-0.133607
2016-11,801170.SI,水,-0.451219,-0.225254,0.006875,-0.060184,0.058335,0.006221,-0.141765
2016-12,801170.SI,水,0.093755,0.363841,0.244418,0.079847,0.085512,0.065322,-0.137501
2017-01,801170.SI,土,0.70062,0.327363,0.142547,0.116803,0.136142,0.078468,-0.136157
2017-02,801170.SI,木,0.03603,-0.0635,-0.122777,0.085043,0.006003,-0.005086,-0.092575
2017-03,801170.SI,木,-0.153468,-0.192804,-0.06296,0.013838,0.011546,-0.04382,-0.059916
2017-04,801170.SI,土,-0.230312,-0.01414,0.091639,0.132953,0.057918,-0.049578,-0.048773
2017-05,801170.SI,火,0.262747,0.300054,0.342096,0.077317,0.037554,-0.018387,-0.072522
2017-06,801170.SI,火,0.338463,0.383621,0.096931,0.050992,-0.037353,-0.136597,-0.070152
2017-07,801170.SI,土,0.430302,-0.006962,0.175831,0.041449,-0.092467,-0.172552,-0.086918
2017-08,801170.SI,金,-0.310548,0.066113,-0.135224,-0.087728,-0.115578,-0.256087,-0.115255
2017-09,801170.SI,金,0.648552,-0.031491,0.006977,-0.098199,-0.202816,-0.216114,-0.104644
2017-10,801170.SI,土,-0.43101,-0.212995,-0.077574,-0.202701,-0.264009,-0.318504,-0.127573
2017-11,801170.SI,水,0.088555,0.174478,-0.037623,-0.105589,-0.292497,-0.267987,-0.118884
2017-12,801170.SI,水,0.267183,-0.095117,-0.192389,-0.290703,-0.278897,-0.301709,-0.09502
2018-01,801170.SI,土,-0.353831,-0.355261,-0.310855,-0.34258,-0.383915,-0.30807,-0.134117
2018-02,801170.SI,木,-0.356688,-0.288306,-0.168755,-0.393376,-0.331795,-0.17237,-0.145074
2018-03,801170.SI,木,-0.212656,-0.055107,-0.377049,-0.318611,-0.334755,-0.075741,-0.142697
2018-04,801170.SI,土,0.133968,-0.445886,-0.372844,-0.417487,-0.307139,-0.047967,-0.117293
2018-05,801170.SI,火,-0.729232,-0.533595,-0.557299,-0.400898,-0.173571,-0.123671,-0.120942
2018-06,801170.SI,火,-0.196605,-0.433933,-0.254691,-0.312544,0.054161,0.001406,-0.065206
2018-07,801170.SI,土,-0.601153,-0.28214,-0.458953,-0.271748,0.094151,0.007578,-0.018276
2018-08,801170.SI,金,0.292033,-0.369841,-0.189244,0.129152,0.10032,0.052237,0.046783
2018-09,801170.SI,金,-0.692655,-0.357758,-0.365906,0.253696,0.105014,0.022678,0.005002
2018-10,801170.SI,土,0.342057,-0.089211,-0.019771,0.55596,0.239633,0.116849,0.044793
2018-11,801170.SI,水,-0.381892,-0.162266,0.572588,0.281839,0.147769,0.06059,0.069914
2018-12,801170.SI,水,0.135396,1.508362,1.478739,0.45873,0.199317,0.172847,0.084303
2019-01,801170.SI,土,4.54157,2.662455,1.469843,0.394042,0.166497,0.083567,0.073457
2019-02,801170.SI,木,1.420538,0.648874,0.044846,-0.019439,-0.06991,-0.116879,0.007962
2019-03,801170.SI,木,0.123216,-0.313529,-0.141541,-0.165771,-0.086073,-0.204802,-0.029192
2019-04,801170.SI,土,-0.580452,-0.249505,-0.213168,-0.198339,-0.176649,-0.18157,-0.04692
2019-05,801170.SI,火,0.342498,0.077538,-0.079769,-0.122472,-0.165019,-0.118204,0.003067
2019-06,801170.SI,火,-0.135129,-0.238116,-0.189316,-0.057008,-0.224836,-0.127387,-0.004047
2019-07,801170.SI,土,-0.32884,-0.215123,-0.183231,-0.157759,-0.170758,-0.043467,-0.05862
2019-08,801170.SI,金,-0.082139,-0.098976,-0.163193,-0.204635,-0.130655,0.041356,-0.008609
2019-09,801170.SI,金,-0.115504,-0.200994,0.096893,-0.242007,-0.10571,-0.012367,0.006203
2019-10,801170.SI,土,-0.278222,0.221514,-0.131494,-0.16445,0.008246,-0.022615,0.002619
2019-11,801170.SI,水,1.06725,-0.047297,-0.244026,-0.113915,0.120101,0.07932,0.014716
2019-12,801170.SI,水,-0.560942,-0.542844,-0.4762,-0.192513,-0.046313,0.002443,0.013984
2020-01,801170.SI,土,-0.524001,-0.427879,-0.196156,0.086334,0.016631,0.063441,0.034118
2020-02,801170.SI,木,-0.312347,0.044612,0.038589,0.363429,0.215341,0.150451,0.081431
2020-03,801170.SI,木,0.586865,0.276383,0.244817,0.286844,0.244585,0.1852,0.058104
2020-04,801170.SI,土,0.026648,0.102524,0.468098,0.143297,0.16742,0.109883,0.028885
2020-05,801170.SI,火,0.184008,0.755584,0.789869,0.314696,0.190354,0.141016,0.062884
2020-06,801170.SI,火,1.603086,1.200668,0.33029,0.244468,0.165969,0.136727,0.065843
2020-07,801170.SI,土,0.860461,-0.049012,-0.109644,0.04103,0.011078,-0.073532,-0.001217
2020-08,801170.SI,金,-0.513896,-0.384065,-0.034329,-0.029259,-0.017992,-0.056176,-0.021305
2020-09,801170.SI,金,-0.219558,0.361066,0.164184,0.091585,0.07868,0.025123,-0.005003
2020-10,801170.SI,土,1.373657,0.421877,0.217202,0.077445,-0.061172,0.028504,-0.011973
2020-11,801170.SI,水,-0.148262,-0.128364,-0.024163,-0.00972,-0.063348,-0.046022,-0.008871
2020-12,801170.SI,水,-0.108001,0.044511,0.023513,0.038313,-0.017436,0.025658,-0.004689
2021-01,801170.SI,土,0.2231,0.096371,-0.046266,-0.175487,-0.027654,0.005605,0.009871
2021-02,801170.SI,木,-0.017226,-0.15781,0.004935,-0.082347,-0.053199,0.016552,-0.000962
2021-03,801170.SI,木,-0.278284,0.016203,0.053327,-0.037292,0.026374,-0.055362,-0.00426
2021-04,801170.SI,土,0.430852,0.272512,-0.287199,-0.018213,0.023514,-0.046202,0.014815
2021-05,801170.SI,火,0.131694,-0.496899,-0.162049,-0.080992,0.020454,-0.009897,-0.034466
2021-06,801170.SI,火,-0.776344,-0.278953,-0.120115,0.013156,-0.08904,-0.000621,-0.053576
2021-07,801170.SI,土,1.324591,0.745215,0.35228,0.22647,0.05104,0.076742,0.034983
2021-08,801170.SI,金,0.310241,0.031399,0.007905,0.126111,0.046729,0.014856,-0.041178
2021-09,801170.SI,金,-0.188101,-0.115996,0.166613,-0.073093,0.042714,-0.034243,-0.055919
2021-10,801170.SI,土,-0.037488,0.398425,0.112364,-0.073393,-0.002009,-0.050857,-0.058909
2021-11,801170.SI,水,1.03176,0.195825,0.258179,0.066698,0.017183,0.029727,-0.052767
2021-12,801170.SI,水,-0.296178,-0.009904,-0.263546,-0.014211,-0.093193,-0.034138,-0.097288
2022-01,801170.SI,土,0.39281,-0.246667,-0.22813,-0.054707,-0.099757,0.014156,-0.097014
2022-02,801170.SI,木,-0.592543,-0.425394,-0.095641,-0.085408,-0.036803,-0.018175,-0.087442
2022-03,801170.SI,木,-0.189675,0.347319,0.319541,0.006235,0.057236,0.049606,-0.047902
2022-04,801170.SI,土,1.240173,0.683856,0.15768,-0.027774,0.110771,0.079734,-0.027873
2022-05,801170.SI,火,0.265693,-0.167773,-0.075059,-0.005963,0.009094,-0.058426,-0.048942
2022-06,801170.SI,火,-0.452788,-0.209308,-0.232682,-0.053662,-0.02749,-0.103725,-0.079048
2022-07,801170.SI,土,0.142508,-0.091373,-0.183519,0.088035,0.054937,-0.005156,-0.05327
2022-08,801170.SI,金,-0.277376,-0.309776,0.068293,0.054,-0.052816,-0.094118,-0.081501
2022-09,801170.SI,金,-0.340724,0.298911,0.167123,0.094846,-0.056092,-0.077108,0.004254
2022-10,801170.SI,土,1.559127,0.552893,0.449905,0.199131,0.062571,-0.066892,0.00155
2022-11,801170.SI,水,-0.057696,0.091348,0.039897,-0.10812,-0.142571,-0.128652,-0.026753
2022-12,801170.SI,水,0.263966,0.092421,0.027045,-0.15114,-0.146581,-0.156309,-0.023546
2023-01,801170.SI,土,-0.055842,-0.074202,-0.00827,-0.090365,-0.194382,-0.195997,-0.053574
2023-02,801170.SI,木,-0.092205,0.016407,-0.235069,-0.221422,-0.178529,-0.151823,-0.055141
2023-03,801170.SI,木,0.138014,-0.297835,-0.298411,-0.222056,-0.20984,-0.136352,-0.050245
2023-04,801170.SI,土,-0.566758,-0.449129,-0.165664,-0.273898,-0.250315,-0.124756,-0.061223
2023-05,801170.SI,火,-0.299563,0.157834,-0.20753,-0.14871,-0.122107,-0.039362,-0.00129
2023-06,801170.SI,火,0.913919,-0.157074,-0.13739,-0.161446,-0.074403,-0.05369,0.00797
2023-07,801170.SI,土,-0.628759,-0.420891,-0.368092,-0.289363,-0.110679,-0.099057,-0.020001
2023-08,801170.SI,金,-0.096632,-0.175572,-0.085524,-0.076002,0.024281,-0.068709,0.032185
2023-09,801170.SI,金,-0.247614,-0.079919,-0.184831,-0.041206,-0.024023,0.09279,0.029891
2023-10,801170.SI,土,0.125153,-0.151501,-0.200826,0.055021,0.014017,0.075013,0.056686
2023-11,801170.SI,水,-0.360131,-0.326471,-0.066382,0.084033,-0.063035,0.087061,0.037253
2023-12,801170.SI,水,-0.291039,0.127739,0.127725,0.067912,0.204942,0.130109,0.069035
2024-01,801170.SI,土,0.793887,0.422307,0.392774,0.142214,0.186692,0.114078,0.082409
2024-02,801170.SI,木,0.127696,0.227223,0.25868,-0.061357,0.143621,0.052561,0.077897
2024-03,801170.SI,木,0.335535,0.329772,0.011271,0.245512,0.130905,0.044447,0.042356
2024-04,801170.SI,土,0.324035,-0.120018,-0.063271,0.095384,0.034174,0.006922,0.026094
2024-05,801170.SI,火,-0.415145,-0.2121,-0.300021,0.090098,-0.008351,0.03829,0.017054
2024-06,801170.SI,火,0.061437,-0.234221,0.53401,0.195929,0.055745,0.073649,
2024-07,801170.SI,土,-0.447525,0.844145,0.280911,0.086635,0.03147,0.065992,
2024-08,801170.SI,金,5.155698,0.950392,0.697641,0.180305,0.184122,0.144008,
2024-09,801170.SI,金,-0.382031,-0.108482,-0.067642,-0.12416,-0.04675,-0.029388,
2024-10,801170.SI,土,0.286157,0.145225,-0.078175,-0.074395,0.002687,0.038672,
2024-11,801170.SI,水,0.019736,-0.219585,-0.179379,-0.011056,0.002975,-0.010273,
2024-12,801170.SI,水,-0.402741,-0.263843,-0.177253,-0.036129,-0.016291,0.011261,
2025-01,801170.SI,土,-0.092644,-0.034354,-0.070599,0.045741,0.080824,0.051641,
2025-02,801170.SI,木,0.027681,-0.059377,0.191792,0.108827,0.053512,0.103842,
2025-03,801170.SI,木,-0.13906,0.283429,0.129201,0.07564,0.08325,0.040269,
2025-04,801170.SI,土,0.913244,0.293214,0.176645,0.16555,0.095862,0.04563,
2025-05,801170.SI,火,-0.125882,-0.077253,0.031638,-0.00949,0.075992,-0.003747,
2025-06,801170.SI,火,-0.025919,0.120743,0.02462,0.060981,0.012209,,
2025-07,801170.SI,土,0.289486,0.050865,0.15456,0.057575,0.005285,,
2025-08,801170.SI,金,-0.143599,0.092487,-0.048978,0.098879,-0.01527,,
2025-09,801170.SI,金,0.393656,0.002184,0.098633,0.006061,,,
2025-10,801170.SI,土,-0.279325,-0.024559,-0.031263,-0.061951,,,
2025-11,801170.SI,水,0.320268,0.123153,0.269724,0.002029,,,
2025-12,801170.SI,水,-0.044532,0.245182,-0.078711,,,,
2026-01,801170.SI,土,0.622743,-0.09534,-0.091667,,,,
2026-02,801170.SI,木,-0.495662,-0.320417,-0.209228,,,,
2026-03,801170.SI,木,-0.084278,-0.009816,,,,,
2026-04,801170.SI,土,0.070701,,,,,,
2026-05,801170.SI,火,,,,,,,
2012-09,801180.SI,金,0.326567,0.046343,1.234701,0.27395,0.090407,0.160481,0.144994
2012-10,801180.SI,土,-0.174686,1.900444,1.206469,0.229789,0.089458,0.108809,0.146919
2012-11,801180.SI,水,9.193184,2.607757,1.305673,0.583725,0.216549,0.125353,0.236021
2012-12,801180.SI,水,0.276923,0.096584,-0.273751,-0.238318,-0.067223,-0.119404,0.206419
2013-01,801180.SI,土,-0.058286,-0.452296,-0.31457,-0.234462,-0.118457,-0.175164,0.195924
2013-02,801180.SI,木,-0.681453,-0.415229,0.087832,-0.116319,-0.113962,-0.197841,0.215735
2013-03,801180.SI,木,0.073489,1.010277,-0.201157,0.057118,-0.060983,-0.031836,0.393309
2013-04,801180.SI,土,2.76456,-0.310882,-0.144993,-0.000269,-0.122657,-0.054482,0.499498
2013-05,801180.SI,火,-0.873854,-0.592528,-0.282157,-0.200355,-0.275297,-0.147043,0.478864
2013-06,801180.SI,火,0.316202,0.712411,0.398897,0.018074,0.032234,0.00691,0.579415
2013-07,801180.SI,土,1.227888,0.442173,0.168952,-0.111271,-0.02223,0.112028,0.434632
2013-08,801180.SI,金,-0.066442,-0.153263,-0.10923,-0.271843,-0.096573,0.042943,0.300898
2013-09,801180.SI,金,-0.23201,-0.129883,-0.259076,-0.113305,-0.097614,0.129713,0.260621
2013-10,801180.SI,土,-0.014175,-0.27225,-0.324319,-0.105755,0.093676,0.186339,0.374461
2013-11,801180.SI,水,-0.462765,-0.440613,-0.40477,-0.090177,0.099239,0.357572,0.413123
2013-12,801180.SI,水,-0.417548,-0.373465,0.061146,-0.004131,0.300268,0.652799,0.547295
2014-01,801180.SI,土,-0.326046,0.432295,0.183509,0.391433,0.431192,0.733961,0.368394
2014-02,801180.SI,木,2.043928,0.568346,0.390684,0.493811,0.786989,0.842542,0.390934
2014-03,801180.SI,木,-0.191929,-0.060005,-0.065393,0.439335,0.91588,1.005147,0.389605
2014-04,801180.SI,土,0.093455,0.005122,0.635886,0.573843,0.969375,1.378055,0.390885
2014-05,801180.SI,火,-0.076075,1.000917,0.604586,1.02567,1.023705,1.564065,0.366589
2014-06,801180.SI,火,3.333326,1.114591,1.216638,1.743076,1.586139,1.477433,0.375985
2014-07,801180.SI,土,0.031885,0.585373,0.514153,1.160808,1.69388,0.850825,0.270305
2014-08,801180.SI,金,1.435746,0.834167,1.557257,1.272685,1.997674,0.622654,0.343187
2014-09,801180.SI,金,0.381165,1.620267,2.39454,1.793382,1.571013,0.406698,0.2921
2014-10,801180.SI,土,3.971018,4.321678,2.083635,2.593209,0.978931,0.592413,0.272438
2014-11,801180.SI,水,4.697073,1.428688,1.019781,2.245559,0.394364,0.470947,0.21657
2014-12,801180.SI,水,0.03536,0.202626,1.298687,1.237515,0.048755,0.448526,0.091918
2015-01,801180.SI,土,0.396913,2.425106,3.186992,0.585312,0.277576,0.079899,0.084029
2015-02,801180.SI,木,7.398051,6.248839,4.215244,0.158543,0.32341,0.050015,0.081793
2015-03,801180.SI,木,5.256889,3.109819,1.177971,-0.291612,0.241867,-0.036977,-0.019636
2015-04,801180.SI,土,1.699523,0.284988,-0.399757,-0.294286,-0.312599,-0.186494,-0.093271
2015-05,801180.SI,火,-0.388339,-0.71696,-0.742635,-0.33334,-0.384584,-0.271639,-0.142702
2015-06,801180.SI,火,-0.869026,-0.833056,-0.769596,-0.062252,-0.266334,-0.235768,-0.11059
2015-07,801180.SI,土,-0.787208,-0.694407,-0.170282,-0.264383,-0.099732,-0.128133,-0.033398
2015-08,801180.SI,金,-0.561134,0.638393,0.726867,-0.048348,0.030258,0.111852,0.032122
2015-09,801180.SI,金,5.116514,2.425486,2.81665,0.309188,0.139734,0.186839,0.074597
2015-10,801180.SI,土,0.918405,2.014891,-0.347812,-0.062238,-0.113613,0.016758,-0.00022
2015-11,801180.SI,水,3.738084,-0.619733,-0.475557,-0.204227,-0.039915,0.006183,-0.026916
2015-12,801180.SI,水,-0.969481,-0.82552,-0.550922,-0.377178,-0.195928,-0.176898,-0.089107
2016-01,801180.SI,土,-0.002493,0.722641,0.348381,0.033354,0.17896,0.088175,0.122886
2016-02,801180.SI,木,1.97491,0.567693,0.207482,0.299018,0.250268,0.114534,0.05689
2016-03,801180.SI,木,-0.173871,-0.230721,-0.136213,0.075923,0.007313,-0.001982,0.000792
2016-04,801180.SI,土,-0.283659,-0.116745,-0.208073,0.102408,0.01312,0.010635,-0.020711
2016-05,801180.SI,火,0.089061,-0.16734,0.397494,0.272227,0.085169,0.009059,-0.032755
2016-06,801180.SI,火,-0.363375,0.583065,0.340158,0.087785,0.047246,0.035091,-0.076332
2016-07,801180.SI,土,2.936533,0.944429,0.534616,0.145904,0.096219,0.07163,-0.0694
2016-08,801180.SI,金,-0.03956,-0.04183,0.158189,-0.043751,-0.094743,-0.041891,-0.143112
2016-09,801180.SI,金,-0.044095,0.271844,-0.117061,-0.074247,-0.050301,-0.027029,-0.142399
2016-10,801180.SI,土,0.692204,-0.151428,-0.144348,-0.073498,-0.049264,-0.016914,-0.161802
2016-11,801180.SI,水,-0.574476,-0.391558,-0.21048,-0.199671,-0.100585,-0.058926,-0.159846
2016-12,801180.SI,水,-0.13001,0.075431,-0.029357,-0.015052,0.004977,0.008048,-0.152745
2017-01,801180.SI,土,0.329384,0.025256,0.003219,0.00217,0.02965,0.158705,-0.13139
2017-02,801180.SI,木,-0.209295,-0.128498,-0.188714,-0.040027,-0.002199,0.002229,-0.084761
2017-03,801180.SI,木,-0.039444,-0.178223,-0.000536,0.022597,0.020834,0.003574,-0.022501
2017-04,801180.SI,土,-0.296952,0.019505,0.001122,0.043125,0.215716,-0.051085,-0.040469
2017-05,801180.SI,火,0.478407,0.194642,0.135911,0.106569,0.075386,-0.072837,-0.063273
2017-06,801180.SI,火,-0.034657,-0.004321,0.046265,0.031689,0.004947,-0.17576,-0.074256
2017-07,801180.SI,土,0.026968,0.089235,0.08689,0.339691,-0.067876,-0.19187,-0.079878
2017-08,801180.SI,金,0.155277,0.11815,0.077986,0.046344,-0.133517,-0.23364,-0.112304
2017-09,801180.SI,金,0.082217,0.041302,0.017317,-0.015096,-0.238755,-0.244089,-0.111966
2017-10,801180.SI,土,0.001934,-0.013658,0.651291,-0.136787,-0.267884,-0.285337,-0.106026
2017-11,801180.SI,水,-0.029007,1.119904,0.015631,-0.223156,-0.316026,-0.249943,-0.111427
2017-12,801180.SI,水,3.628243,0.038713,-0.046476,-0.341496,-0.31534,-0.28789,-0.065051
2018-01,801180.SI,土,-0.766882,-0.567198,-0.548755,-0.512519,-0.459419,-0.348857,-0.152267
2018-02,801180.SI,木,-0.196467,-0.372187,-0.405801,-0.438705,-0.322025,-0.1642,-0.107985
2018-03,801180.SI,木,-0.509479,-0.489029,-0.545237,-0.419841,-0.353921,-0.047898,-0.128334
2018-04,801180.SI,土,-0.467727,-0.562126,-0.473373,-0.408323,-0.264192,-0.029734,-0.083284
2018-05,801180.SI,火,-0.639783,-0.476173,-0.469787,-0.275806,-0.063532,-0.053611,-0.073559
2018-06,801180.SI,火,-0.238251,-0.356729,-0.259869,-0.22992,0.218007,0.039748,-0.011114
2018-07,801180.SI,土,-0.45678,-0.270447,-0.335237,-0.130249,0.189469,0.047634,0.037172
2018-08,801180.SI,金,-0.020199,-0.26462,-0.010858,0.244554,0.148002,0.028243,0.072542
2018-09,801180.SI,金,-0.448068,-0.006154,-0.198759,0.562501,0.164486,0.043251,0.048284
2018-10,801180.SI,土,0.789586,-0.034612,0.137949,0.591097,0.219151,0.118275,0.050664
2018-11,801180.SI,水,-0.479224,-0.092581,0.565917,0.236757,0.041617,0.05267,0.056459
2018-12,801180.SI,水,0.581121,1.715362,2.047034,0.403848,0.139193,0.227521,0.046079
2019-01,801180.SI,土,3.663265,3.229932,1.224693,0.261899,0.111793,0.103678,-0.009359
2019-02,801180.SI,木,2.836866,0.536598,-0.023212,-0.150472,-0.077854,-0.04799,-0.02413
2019-03,801180.SI,木,-0.38462,-0.507153,-0.353211,-0.303442,-0.093406,-0.201974,-0.095518
2019-04,801180.SI,土,-0.605288,-0.33691,-0.284221,-0.214039,-0.126292,-0.133879,-0.084184
2019-05,801180.SI,火,0.113947,-0.036108,-0.261152,-0.104017,-0.056109,-0.093086,-0.039621
2019-06,801180.SI,火,-0.165949,-0.398272,-0.249844,0.073341,-0.144076,-0.059488,-0.08327
2019-07,801180.SI,土,-0.565882,-0.288572,-0.136977,-0.034705,-0.077049,0.026815,-0.132632
2019-08,801180.SI,金,0.165883,0.21683,0.086537,0.066855,-0.028962,0.118749,-0.079646
2019-09,801180.SI,金,0.270004,0.048913,0.535763,-0.085725,0.01415,0.053341,-0.06174
2019-10,801180.SI,土,-0.133688,0.688821,0.079687,-0.045542,0.08805,-0.012859,-0.11328
2019-11,801180.SI,水,2.292253,0.20534,0.04753,-0.082022,0.129697,0.060261,-0.098309
2019-12,801180.SI,水,-0.558708,-0.409115,-0.455711,-0.175879,-0.071068,-0.108543,-0.113718
2020-01,801180.SI,土,-0.208811,-0.39552,-0.156247,0.092255,-0.04191,-0.110819,-0.088916
2020-02,801180.SI,木,-0.538169,-0.128669,-0.195552,0.173167,0.064539,0.000327,-0.083573
2020-03,801180.SI,木,0.643928,0.061708,0.247822,0.213559,0.050809,0.025138,-0.009554
2020-04,801180.SI,土,-0.314311,0.087145,0.413946,0.020943,-0.095139,-0.031639,-0.071282
2020-05,801180.SI,火,0.723644,1.03042,0.710889,0.224598,0.075698,0.016997,-0.084882
2020-06,801180.SI,火,1.391796,0.704547,0.180237,-0.035707,-0.03988,-0.10645,-0.08065
2020-07,801180.SI,土,0.214769,-0.170929,-0.262825,-0.276137,-0.146431,-0.26732,-0.141619
2020-08,801180.SI,金,-0.434165,-0.42574,-0.123474,-0.147048,-0.144896,-0.242858,-0.153225
2020-09,801180.SI,金,-0.417189,0.090944,-0.21214,-0.134028,-0.185605,-0.164247,-0.137361
2020-10,801180.SI,土,1.042103,-0.08397,-0.289208,-0.081513,-0.268812,-0.203484,-0.185271
2020-11,801180.SI,水,-0.589094,-0.580651,-0.169989,-0.15541,-0.278923,-0.233164,-0.105966
2020-12,801180.SI,水,-0.572035,0.179654,-0.048172,-0.172004,-0.147644,-0.118862,-0.115269
2021-01,801180.SI,土,2.251632,0.419494,0.186871,-0.258396,-0.172671,-0.066474,-0.066564
2021-02,801180.SI,木,-0.380323,-0.282942,-0.140576,-0.327906,-0.253135,-0.160437,-0.120317
2021-03,801180.SI,木,-0.170258,0.012112,-0.279725,-0.193411,-0.141239,-0.043072,-0.13743
2021-04,801180.SI,土,0.234565,-0.328918,-0.536617,-0.309259,-0.138277,-0.109303,-0.141886
2021-05,801180.SI,火,-0.635215,-0.716108,-0.474403,-0.30376,-0.166955,-0.176554,-0.179082
2021-06,801180.SI,火,-0.779062,-0.3691,-0.096754,-0.06231,0.051977,-0.054105,-0.141357
2021-07,801180.SI,土,0.80157,0.826308,0.029653,0.175117,0.107456,0.005647,-0.023027
2021-08,801180.SI,金,0.851386,-0.221586,-0.077713,0.048761,-0.043623,-0.05298,-0.080326
2021-09,801180.SI,金,-0.672716,-0.349046,-0.026553,0.13529,-0.039445,-0.10961,-0.128567
2021-10,801180.SI,土,0.294722,0.678829,0.341133,0.148536,-0.00223,-0.166641,-0.120883
2021-11,801180.SI,水,1.176889,0.364958,0.192578,-0.026109,-0.044589,0.042331,-0.136756
2021-12,801180.SI,水,-0.144141,-0.117302,0.32404,-0.045828,-0.13569,-0.111661,-0.191363
2022-01,801180.SI,土,-0.089621,0.646835,-0.016403,-0.139383,-0.288864,-0.066654,-0.219578
2022-02,801180.SI,木,1.979053,0.022386,-0.204694,-0.144851,-0.003421,-0.07828,-0.207654
2022-03,801180.SI,木,-0.649126,-0.589076,-0.312373,-0.30168,-0.222313,-0.222485,-0.257333
2022-04,801180.SI,土,-0.518749,-0.037384,-0.246988,-0.395328,-0.082827,-0.173278,-0.240927
2022-05,801180.SI,火,0.92546,-0.058073,-0.080505,0.11558,-0.031825,-0.181601,-0.193776
2022-06,801180.SI,火,-0.539214,-0.364586,-0.290821,-0.172952,-0.189982,-0.220562,-0.270231
2022-07,801180.SI,土,-0.123779,-0.120201,-0.514446,0.012221,-0.147138,-0.050883,-0.23779
2022-08,801180.SI,金,-0.116608,-0.638549,0.35348,-0.006526,-0.212767,-0.106881,-0.25099
2022-09,801180.SI,金,-0.852107,0.675333,-0.035492,-0.134307,-0.195628,-0.147121,-0.121286
2022-10,801180.SI,土,17.978246,1.463121,1.11015,0.130315,0.186716,-0.072612,-0.034013
2022-11,801180.SI,水,-0.68032,-0.296374,-0.270776,-0.399616,-0.22245,-0.285073,-0.147819
2022-12,801180.SI,水,0.548703,0.101371,-0.222999,-0.265431,-0.181382,-0.263914,-0.151314
2023-01,801180.SI,土,-0.216752,-0.449638,-0.39454,-0.110054,-0.294911,-0.347445,-0.192556
2023-02,801180.SI,木,-0.613279,-0.467673,-0.505692,-0.197099,-0.289776,-0.318868,-0.162683
2023-03,801180.SI,木,-0.267244,-0.441147,-0.305546,-0.159745,-0.277067,-0.29062,-0.150035
2023-04,801180.SI,土,-0.573779,-0.323939,0.308101,-0.239107,-0.330947,-0.303041,-0.14596
2023-05,801180.SI,火,0.07235,1.291631,0.304145,-0.148677,-0.242047,-0.20577,-0.117002
2023-06,801180.SI,火,3.897258,0.438205,0.016666,-0.262393,-0.285574,-0.316736,-0.115488
2023-07,801180.SI,土,-0.577634,-0.536776,-0.557406,-0.521513,-0.434982,-0.38789,-0.154718
2023-08,801180.SI,金,-0.491966,-0.546931,-0.444271,-0.42217,-0.326786,-0.371847,-0.095891
2023-09,801180.SI,金,-0.59595,-0.41877,-0.464855,-0.40111,-0.401508,-0.094668,-0.032851
2023-10,801180.SI,土,-0.163894,-0.384129,-0.482709,-0.361603,-0.318021,0.006192,-0.007613
2023-11,801180.SI,水,-0.546352,-0.593115,-0.39919,-0.259034,-0.345666,0.015784,-0.014332
2023-12,801180.SI,水,-0.635058,-0.308572,-0.329772,-0.367075,0.078749,-0.021491,-0.001721
2024-01,801180.SI,土,0.309995,-0.091716,-0.212144,-0.216951,0.25602,-0.000903,0.063268
2024-02,801180.SI,木,-0.370242,-0.389008,-0.086184,-0.317141,0.210105,0.029317,0.050955
2024-03,801180.SI,木,-0.407214,0.100782,-0.402302,0.368577,0.110058,0.018412,0.009313
2024-04,801180.SI,土,1.044113,-0.399831,-0.221728,0.585883,0.08142,0.046524,0.066919
2024-05,801180.SI,火,-0.823785,-0.519775,-0.489726,0.392532,0.070975,-0.018313,0.045171
2024-06,801180.SI,火,0.30872,-0.131672,2.133694,0.512786,0.216384,0.145037,
2024-07,801180.SI,土,-0.42387,3.849105,2.231551,0.274753,0.155107,0.167276,
2024-08,801180.SI,金,39.813376,6.65343,2.800203,0.551556,0.220945,0.301294,
2024-09,801180.SI,金,0.435191,0.159602,-0.269705,-0.242159,-0.181396,0.033187,
2024-10,801180.SI,土,-0.063068,-0.479054,-0.497147,-0.309398,-0.168693,-0.021228,
2024-11,801180.SI,水,-0.710347,-0.63161,-0.366527,-0.307945,-0.089601,-0.043555,
2024-12,801180.SI,水,-0.531469,-0.063185,-0.213575,-0.133315,0.159861,0.018448,
2025-01,801180.SI,土,0.873135,0.018866,-0.051551,0.068861,0.222067,0.131561,
2025-02,801180.SI,木,-0.445802,-0.325105,-0.243946,0.091399,0.097245,0.073047,
2025-03,801180.SI,木,-0.178121,-0.116926,-0.044864,0.408575,0.11011,0.000296,
2025-04,801180.SI,土,-0.051175,0.029661,0.204561,0.387188,0.200142,0.087711,
2025-05,801180.SI,火,0.117383,0.357219,0.575484,0.321841,0.205889,0.112761,
2025-06,801180.SI,火,0.648533,0.870769,1.077278,0.196785,0.015818,,
2025-07,801180.SI,土,1.122963,1.331809,0.597505,0.197938,0.051337,,
2025-08,801180.SI,金,1.5612,0.385773,0.109032,0.055004,-0.009021,,
2025-09,801180.SI,金,-0.250208,-0.270216,-0.310494,-0.289643,,,
2025-10,801180.SI,土,-0.289689,-0.338794,-0.101689,-0.147112,,,
2025-11,801180.SI,水,-0.384504,0.01022,0.003608,-0.063248,,,
2025-12,801180.SI,水,0.658084,0.281544,-0.268161,,,,
2026-01,801180.SI,土,-0.009487,-0.513794,-0.190239,,,,
2026-02,801180.SI,木,-0.76134,-0.267841,-0.12565,,,,
2026-03,801180.SI,木,1.246112,0.673547,,,,,
2026-04,801180.SI,土,0.246937,,,,,,
2026-05,801180.SI,火,,,,,,,
2012-09,801200.SI,金,-0.281729,-0.611217,-0.066281,-0.045127,-0.190218,0.213946,0.13865
2012-10,801200.SI,土,-0.789561,0.064584,0.204591,-0.068094,-0.10925,0.175565,0.164014
2012-11,801200.SI,水,4.385585,1.882013,1.087494,0.441892,0.305383,0.385208,0.284099
2012-12,801200.SI,水,0.542265,0.299635,-0.023494,-0.245874,0.324933,0.132249,0.226324
2013-01,801200.SI,土,0.095176,-0.222979,-0.279051,-0.234027,0.166046,0.097469,0.23673
2013-02,801200.SI,木,-0.448708,-0.415055,-0.004044,0.032273,0.208217,0.078439,0.274001
2013-03,801200.SI,木,-0.379347,0.338657,-0.417611,0.543311,0.189499,0.073794,0.454133
2013-04,801200.SI,土,1.887285,-0.435849,-0.186191,0.482931,0.262471,0.118489,0.587512
2013-05,801200.SI,火,-0.88977,-0.567945,0.069914,0.330753,0.107424,0.022118,0.65599
2013-06,801200.SI,火,0.693468,2.333292,3.089725,0.699965,0.316711,0.208413,0.712613
2013-07,801200.SI,土,5.560994,5.355542,1.702214,0.572428,0.243564,0.242534,0.524056
2013-08,801200.SI,金,5.156523,0.734183,0.655182,0.126669,0.006666,0.10241,0.338237
2013-09,801200.SI,金,-0.511512,-0.141776,-0.29338,-0.252883,-0.195136,0.068023,0.198065
2013-10,801200.SI,土,0.507813,-0.150132,-0.084999,-0.156389,-0.040958,0.152576,0.334559
2013-11,801200.SI,水,-0.520978,-0.287214,-0.233086,-0.214936,-0.03726,0.190371,0.315451
2013-12,801200.SI,水,0.060626,-0.029619,-0.210065,-0.141004,0.225686,0.328215,0.390211
2014-01,801200.SI,土,-0.112185,-0.31828,-0.222209,-0.018149,0.24476,0.393662,0.182999
2014-02,801200.SI,木,-0.476532,-0.271998,-0.196357,0.078674,0.378248,0.505026,0.168185
2014-03,801200.SI,木,0.012455,-0.004251,-0.065907,0.526768,0.579407,0.969189,0.290176
2014-04,801200.SI,土,-0.020681,-0.102783,0.239448,0.574696,0.692735,1.253213,0.274443
2014-05,801200.SI,火,-0.178001,0.394378,0.447827,0.804926,0.855115,1.682961,0.256758
2014-06,801200.SI,火,1.365321,0.921497,1.495488,1.053743,1.524951,1.427185,0.262807
2014-07,801200.SI,土,0.56095,1.563234,1.000623,0.978195,1.749963,0.869362,0.233064
2014-08,801200.SI,金,3.209083,1.264922,1.2501,1.099896,2.295441,0.624512,0.241499
2014-09,801200.SI,金,0.218763,0.645163,0.690195,1.539813,1.404835,0.34394,0.159596
2014-10,801200.SI,土,1.220746,0.990423,0.956018,2.224094,0.827551,0.545276,0.163644
2014-11,801200.SI,水,0.783988,0.835735,0.959718,2.988132,0.457349,0.453674,0.153355
2014-12,801200.SI,水,0.888982,1.053971,2.816514,1.868531,0.245072,0.4551,0.122123
2015-01,801200.SI,土,1.233371,4.424833,4.314255,0.766517,0.428511,0.00418,0.077796
2015-02,801200.SI,木,12.176857,7.197532,7.116062,0.256748,0.315906,-0.093267,0.060783
2015-03,801200.SI,木,4.099815,5.3696,1.156018,-0.288855,0.05512,-0.154701,-0.066422
2015-04,801200.SI,土,6.955544,0.401849,-0.41279,-0.259365,-0.423763,-0.279161,-0.154321
2015-05,801200.SI,火,-0.75298,-0.840465,-0.805396,-0.470136,-0.563292,-0.411306,-0.241457
2015-06,801200.SI,火,-0.896967,-0.827273,-0.765434,-0.261881,-0.381324,-0.342992,-0.185652
2015-07,801200.SI,土,-0.710436,-0.646078,-0.065852,-0.429172,-0.228172,-0.186649,-0.099244
2015-08,801200.SI,金,-0.567415,0.677842,0.442705,-0.3458,-0.148597,-0.051211,-0.048793
2015-09,801200.SI,金,5.50775,1.634696,1.322676,0.004761,-0.073867,0.000538,-0.006007
2015-10,801200.SI,土,0.066671,0.38761,-0.651185,-0.298427,-0.223338,-0.123737,-0.070932
2015-11,801200.SI,水,0.805114,-0.80053,-0.70335,-0.345945,-0.174912,-0.08492,-0.116498
2015-12,801200.SI,水,-0.977958,-0.879742,-0.565353,-0.415189,-0.244359,-0.134658,-0.135318
2016-01,801200.SI,土,-0.343887,0.930102,0.411077,0.158913,0.19119,0.156809,0.021495
2016-02,801200.SI,木,4.677824,1.069364,0.442062,0.37603,0.332081,0.241005,0.008716
2016-03,801200.SI,木,-0.245791,-0.27325,-0.213146,-0.003667,0.088607,0.031076,-0.050579
2016-04,801200.SI,土,-0.29971,-0.196297,-0.048189,0.09445,0.082676,-0.007862,-0.061191
2016-05,801200.SI,火,-0.077614,0.109653,0.313022,0.280277,0.18042,-0.022603,-0.019047
2016-06,801200.SI,火,0.33494,0.566577,0.261581,0.280441,0.128295,0.009366,-0.096191
2016-07,801200.SI,土,0.838406,0.226427,0.258465,0.154709,0.005956,-0.002446,-0.113059
2016-08,801200.SI,金,-0.181833,0.041217,0.248348,0.119229,-0.114196,-0.046369,-0.165341
2016-09,801200.SI,金,0.325075,0.541993,0.299584,0.06703,-0.062956,-0.01251,-0.156943
2016-10,801200.SI,土,0.79442,0.287023,0.059506,-0.10061,-0.076788,-0.014945,-0.215904
2016-11,801200.SI,水,-0.0769,-0.185871,0.003465,-0.253829,-0.128243,-0.146986,-0.222717
2016-12,801200.SI,水,-0.281977,0.046234,-0.123909,-0.204321,-0.098895,-0.135977,-0.237421
2017-01,801200.SI,土,0.524473,-0.032269,-0.236529,-0.138212,-0.03858,-0.097991,-0.225601
2017-02,801200.SI,木,-0.385688,-0.459707,-0.445151,-0.187465,-0.191945,-0.180093,-0.174612
2017-03,801200.SI,木,-0.524808,-0.472688,-0.277352,-0.086121,-0.139962,-0.125768,-0.123979
2017-04,801200.SI,土,-0.414851,-0.10884,-0.027235,0.07888,-0.046435,-0.111653,-0.103254
2017-05,801200.SI,火,0.357206,0.254235,0.189898,-0.024844,-0.066112,-0.015478,-0.124144
2017-06,801200.SI,火,0.159077,0.114146,0.155714,-0.061762,-0.068477,-0.190709,-0.126079
2017-07,801200.SI,土,0.070956,0.154037,0.19657,-0.055892,-0.138132,-0.211406,-0.150353
2017-08,801200.SI,金,0.243562,0.264799,-0.200831,-0.172654,-0.075733,-0.269471,-0.158902
2017-09,801200.SI,金,0.286399,-0.359345,-0.238315,-0.163694,-0.281341,-0.280251,-0.171519
2017-10,801200.SI,土,-0.68094,-0.413896,-0.255088,-0.268538,-0.313735,-0.375866,-0.183638
2017-11,801200.SI,水,0.076656,0.138206,-0.143483,-0.006023,-0.291015,-0.291726,-0.161456
2017-12,801200.SI,水,0.203274,-0.236049,-0.081763,-0.301934,-0.29371,-0.326954,-0.144277
2018-01,801200.SI,土,-0.514972,-0.19786,-0.281745,-0.341303,-0.411605,-0.335157,-0.16469
2018-02,801200.SI,木,0.326582,-0.125953,0.153499,-0.354959,-0.335202,-0.169095,-0.15513
2018-03,801200.SI,木,-0.424116,0.075619,-0.469313,-0.380563,-0.393159,-0.122186,-0.142857
2018-04,801200.SI,土,1.00901,-0.490564,-0.395923,-0.467445,-0.352064,-0.094774,-0.120541
2018-05,801200.SI,火,-0.870819,-0.668757,-0.63929,-0.495308,-0.25516,-0.220816,-0.115331
2018-06,801200.SI,火,-0.150631,-0.397249,-0.276972,-0.351077,0.038143,-0.056288,0.006167
2018-07,801200.SI,土,-0.572261,-0.33291,-0.530499,-0.328954,0.035886,-0.084574,0.066758
2018-08,801200.SI,金,0.040376,-0.508113,-0.293854,0.070325,0.007242,-0.031597,0.076329
2018-09,801200.SI,金,-0.767438,-0.418236,-0.417588,0.243965,0.031338,-0.046361,0.029721
2018-10,801200.SI,土,0.455306,-0.078329,-0.04089,0.538685,0.143631,0.067795,0.083935
2018-11,801200.SI,水,-0.416289,-0.22138,0.62232,0.202967,0.075912,-0.007226,0.060955
2018-12,801200.SI,水,0.038611,1.704617,1.656963,0.372418,0.124006,0.087983,0.041921
2019-01,801200.SI,土,6.043017,3.249636,1.468487,0.248805,0.106695,0.049487,-0.002052
2019-02,801200.SI,木,1.564157,0.461393,-0.107988,-0.123813,-0.157141,-0.14093,-0.065674
2019-03,801200.SI,木,-0.167107,-0.473882,-0.291096,-0.268928,-0.192081,-0.163041,-0.097476
2019-04,801200.SI,土,-0.667664,-0.345987,-0.368231,-0.258986,-0.210851,-0.145574,-0.095957
2019-05,801200.SI,火,0.287049,-0.128939,-0.139357,-0.180693,-0.151639,0.004434,-0.022515
2019-06,801200.SI,火,-0.410475,-0.29622,-0.246067,-0.137503,-0.115408,0.072754,-0.057339
2019-07,801200.SI,土,-0.159822,-0.147394,-0.130851,-0.118019,-0.055113,0.243106,-0.065575
2019-08,801200.SI,金,-0.134782,-0.115993,-0.220043,-0.157713,0.057518,0.196283,-0.036491
2019-09,801200.SI,金,-0.096796,-0.259468,-0.013306,-0.041818,0.20658,0.111874,-0.039624
2019-10,801200.SI,土,-0.392843,0.03129,-0.104998,-0.014804,0.400596,0.100319,-0.029885
2019-11,801200.SI,水,0.751701,0.08664,-0.090403,0.231392,0.379606,0.133818,-0.006977
2019-12,801200.SI,水,-0.32592,-0.344544,-0.069506,0.334268,0.157035,-0.00219,-0.024345
2020-01,801200.SI,土,-0.362653,0.093238,0.084478,0.752093,0.178737,-0.051059,-0.040968
2020-02,801200.SI,木,0.875227,0.414631,0.66703,0.699058,0.22023,0.016175,-0.022777
2020-03,801200.SI,木,0.067167,0.571767,0.913252,0.290217,0.021314,-0.026774,-0.089388
2020-04,801200.SI,土,1.314963,1.561782,1.830697,0.228895,-0.092364,-0.043459,-0.098339
2020-05,801200.SI,火,1.834916,2.130171,0.731702,0.043977,-0.138391,-0.048742,-0.116573
2020-06,801200.SI,火,2.456176,0.353442,-0.129932,-0.253805,-0.223108,-0.171656,-0.109578
2020-07,801200.SI,土,-0.469991,-0.563452,-0.466497,-0.48605,-0.333745,-0.297606,-0.184775
2020-08,801200.SI,金,-0.640432,-0.464742,-0.370627,-0.392245,-0.220935,-0.223972,-0.170069
2020-09,801200.SI,金,-0.203207,-0.167332,-0.360041,-0.265884,-0.185115,-0.170479,-0.151059
2020-10,801200.SI,土,-0.129841,-0.426471,-0.504886,-0.255453,-0.230169,-0.144682,-0.173847
2020-11,801200.SI,水,-0.621983,-0.626527,-0.41312,-0.133225,-0.167852,-0.130289,-0.111671
2020-12,801200.SI,水,-0.631017,-0.268746,-0.157874,-0.080464,-0.095547,-0.046008,-0.058467
2021-01,801200.SI,土,0.449208,0.272222,0.119642,-0.040068,0.026286,-0.030769,-0.024362
2021-02,801200.SI,木,0.116851,-0.015867,0.280156,-0.009109,-0.008445,-0.060235,-0.051452
2021-03,801200.SI,木,-0.132815,0.370556,0.004061,-0.062674,-0.005509,-0.147973,-0.062907
2021-04,801200.SI,土,1.166116,0.0804,-0.176996,-0.017432,-0.076274,-0.15007,-0.086397
2021-05,801200.SI,火,-0.461126,-0.492704,-0.233011,-0.127342,-0.152243,-0.179567,-0.168543
2021-06,801200.SI,火,-0.522431,-0.084961,-0.124974,-0.01026,-0.193351,-0.042847,-0.158686
2021-07,801200.SI,土,0.753247,0.18444,0.17307,-0.02138,-0.140901,-0.053818,-0.089137
2021-08,801200.SI,金,-0.199829,-0.040458,-0.007115,-0.108723,-0.160937,-0.112422,-0.156279
2021-09,801200.SI,金,0.150656,0.106005,0.119492,-0.225509,-0.013793,-0.131184,-0.149072
2021-10,801200.SI,土,0.063086,0.104228,-0.183598,-0.264804,-0.119238,-0.202017,-0.175922
2021-11,801200.SI,水,0.146963,-0.284562,-0.199933,-0.228667,-0.144981,-0.092655,-0.169716
2021-12,801200.SI,水,-0.553733,-0.331788,-0.464189,-0.074362,-0.201583,-0.070763,-0.201035
2022-01,801200.SI,土,0.00054,-0.412888,-0.337933,-0.08518,-0.208064,-0.017913,-0.219389
2022-02,801200.SI,木,-0.655486,-0.461438,-0.256368,-0.116105,-0.053789,-0.042588,-0.202974
2022-03,801200.SI,木,-0.158092,0.09253,0.599082,-0.025372,0.11643,0.030652,-0.165239
2022-04,801200.SI,土,0.417759,1.203808,0.264063,-0.133868,0.120038,-0.017954,-0.173715
2022-05,801200.SI,火,2.425668,0.193582,0.050615,0.067341,0.041548,-0.15737,-0.204725
2022-06,801200.SI,火,-0.584129,-0.418175,-0.405972,-0.06715,-0.109722,-0.260506,-0.292655
2022-07,801200.SI,土,-0.185996,-0.290046,-0.406529,0.054301,-0.097212,-0.123139,-0.248208
2022-08,801200.SI,金,-0.380795,-0.493259,0.084333,0.037044,-0.217109,-0.19797,-0.255658
2022-09,801200.SI,金,-0.585298,0.434916,0.464931,0.089896,-0.204492,-0.166591,-0.147576
2022-10,801200.SI,土,3.964967,1.753326,0.872966,0.113472,-0.001285,-0.148974,-0.098138
2022-11,801200.SI,水,0.526859,0.150368,-0.008182,-0.334772,-0.274674,-0.240232,-0.10087
2022-12,801200.SI,水,-0.133289,-0.200629,-0.189127,-0.413784,-0.309434,-0.313045,-0.116266
2023-01,801200.SI,土,-0.262737,-0.215682,-0.338045,-0.270715,-0.345745,-0.379532,-0.1455
2023-02,801200.SI,木,-0.165624,-0.372763,-0.553821,-0.379725,-0.30482,-0.336493,-0.121805
2023-03,801200.SI,木,-0.528478,-0.673725,-0.576198,-0.362718,-0.34999,-0.323898,-0.1309
2023-04,801200.SI,土,-0.774231,-0.598216,-0.196537,-0.349561,-0.392776,-0.304771,-0.095495
2023-05,801200.SI,火,-0.284974,0.515713,-0.137699,-0.132256,-0.242659,-0.249418,-0.029699
2023-06,801200.SI,火,2.21301,-0.05305,-0.041701,-0.194994,-0.209996,-0.323407,-0.00279
2023-07,801200.SI,土,-0.720911,-0.476646,-0.473441,-0.472113,-0.337506,-0.355438,-0.04109
2023-08,801200.SI,金,-0.018596,-0.276733,-0.126779,-0.290246,-0.283344,-0.309196,0.048389
2023-09,801200.SI,金,-0.466972,-0.176312,-0.323766,-0.282713,-0.397529,-0.128128,0.028509
2023-10,801200.SI,土,0.272845,-0.238323,-0.470781,-0.256896,-0.310495,-0.044266,0.062349
2023-11,801200.SI,水,-0.544208,-0.658756,-0.423113,-0.350761,-0.361102,0.064055,0.052575
2023-12,801200.SI,水,-0.744516,-0.350988,-0.239168,-0.431336,-0.051062,0.13688,0.109128
2024-01,801200.SI,土,0.648704,0.312962,0.043433,-0.212974,0.163869,0.176806,0.177104
2024-02,801200.SI,木,0.04559,-0.16991,-0.269336,-0.32764,0.304934,0.162348,0.132244
2024-03,801200.SI,木,-0.340994,-0.389204,-0.574967,0.059771,0.29974,0.117189,0.061634
2024-04,801200.SI,土,-0.433887,-0.658659,-0.406373,0.229205,0.22495,0.176777,0.091126
2024-05,801200.SI,火,-0.794186,-0.392119,-0.381291,0.743909,0.356883,0.254338,0.112587
2024-06,801200.SI,火,0.795405,0.072733,1.642419,1.272864,0.541801,0.469758,
2024-07,801200.SI,土,-0.359055,2.205688,1.545276,0.759627,0.478272,0.426562,
2024-08,801200.SI,金,15.033245,4.072146,3.915432,1.009419,0.587538,0.591072,
2024-09,801200.SI,金,0.604583,1.721647,0.954993,0.177719,0.208724,0.213287,
2024-10,801200.SI,土,3.616379,1.157926,0.216484,0.126585,0.176185,0.180857,
2024-11,801200.SI,水,0.008723,-0.375534,-0.178553,-0.097795,0.092444,0.04122,
2024-12,801200.SI,水,-0.613414,-0.258718,-0.290523,-0.049574,0.034911,0.082054,
2025-01,801200.SI,土,0.421415,-0.038865,0.04333,0.156539,0.169215,0.177402,
2025-02,801200.SI,木,-0.350098,-0.106135,-0.009097,0.259821,0.126843,0.102919,
2025-03,801200.SI,木,0.229408,0.223554,0.273205,0.249929,0.245525,0.008842,
2025-04,801200.SI,土,0.217727,0.295686,0.282033,0.237744,0.225818,0.011709,
2025-05,801200.SI,火,0.378635,0.315449,0.60172,0.201654,0.143003,-0.013144,
2025-06,801200.SI,火,0.255159,0.726455,0.227079,0.231911,-0.066463,,
2025-07,801200.SI,土,1.374717,0.213275,0.194985,0.198641,-0.06508,,
2025-08,801200.SI,金,-0.380122,-0.152309,-0.098487,-0.034443,-0.160264,,
2025-09,801200.SI,金,0.159228,0.087189,0.236763,-0.185744,,,
2025-10,801200.SI,土,0.019626,0.277454,0.202308,-0.173048,,,
2025-11,801200.SI,水,0.600478,0.305579,0.034151,-0.189547,,,
2025-12,801200.SI,水,0.065017,-0.168713,-0.463913,,,,
2026-01,801200.SI,土,-0.351148,-0.619657,-0.431219,,,,
2026-02,801200.SI,木,-0.777052,-0.46747,-0.364856,,,,
2026-03,801200.SI,木,0.271992,0.072028,,,,,
2026-04,801200.SI,土,-0.096501,,,,,,
2026-05,801200.SI,火,,,,,,,
2012-09,801210.SI,金,-0.191771,-0.606007,-0.13263,0.062636,-0.133583,0.214743,0.269314
2012-10,801210.SI,土,-0.807938,-0.101456,0.076965,-0.044199,-0.001448,0.158082,0.26581
2012-11,801210.SI,水,3.203754,1.550243,0.8876,0.521511,0.416624,0.393133,0.393252
2012-12,801210.SI,水,0.547127,0.264871,0.301861,-0.13406,0.359078,0.194678,0.280459
2013-01,801210.SI,土,0.03411,0.194219,-0.151732,-0.038486,0.186456,0.20103,0.30323
2013-02,801210.SI,木,0.379118,-0.231726,0.226422,0.227233,0.258984,0.283101,0.336433
2013-03,801210.SI,木,-0.572013,0.156536,-0.424015,0.388622,0.160948,0.187861,0.476466
2013-04,801210.SI,土,2.125272,-0.331808,0.089878,0.403173,0.348635,0.278407,0.631946
2013-05,801210.SI,火,-0.857139,-0.35639,0.228044,0.275588,0.30257,0.180384,0.709154
2013-06,801210.SI,火,1.899552,2.600503,2.347779,0.648215,0.511995,0.417847,0.76087
2013-07,801210.SI,土,3.470906,2.597242,0.806527,0.500211,0.348237,0.334436,0.602085
2013-08,801210.SI,金,1.894302,0.148336,0.324973,0.341513,0.164912,0.280981,0.372803
2013-09,801210.SI,金,-0.544389,-0.103524,-0.188533,0.016125,0.064765,0.326337,0.323495
2013-10,801210.SI,土,0.763938,0.082952,0.245834,0.164735,0.206282,0.383559,0.435883
2013-11,801210.SI,水,-0.335133,0.047005,0.358259,0.092286,0.266645,0.393371,0.446319
2013-12,801210.SI,水,0.64878,0.941361,0.272398,0.219677,0.562362,0.372399,0.564923
2014-01,801210.SI,土,1.285862,0.117772,0.088915,0.186979,0.432771,0.414127,0.322515
2014-02,801210.SI,木,-0.453416,-0.248436,-0.121605,0.223181,0.405275,0.391982,0.261536
2014-03,801210.SI,木,0.033417,0.113542,0.169141,0.731255,0.407449,0.835192,0.380738
2014-04,801210.SI,土,0.19988,0.243547,0.293873,0.643495,0.542836,1.083255,0.352321
2014-05,801210.SI,火,0.288804,0.343596,0.703302,0.777449,0.622861,1.474795,0.323361
2014-06,801210.SI,火,0.400716,0.958142,1.563631,0.544243,1.132814,1.186882,0.306594
2014-07,801210.SI,土,1.737399,2.468232,1.087589,0.684744,1.441702,0.923418,0.287493
2014-08,801210.SI,金,3.394183,0.82305,0.854823,0.584076,1.802991,0.471207,0.263509
2014-09,801210.SI,金,-0.243657,0.205077,-0.069801,0.945368,1.074031,0.320658,0.192906
2014-10,801210.SI,土,0.920041,0.031583,0.359636,1.640685,0.871615,0.490185,0.22043
2014-11,801210.SI,水,-0.44576,0.144139,0.35285,2.44573,0.361855,0.50128,0.183858
2014-12,801210.SI,水,1.361889,1.113613,3.068437,2.096956,0.484323,0.784454,0.185874
2015-01,801210.SI,土,0.891434,4.339636,4.128736,1.195904,0.53643,0.236838,0.135544
2015-02,801210.SI,木,14.074123,7.445392,7.77633,0.36638,0.554291,0.143314,0.127233
2015-03,801210.SI,木,3.731595,5.696585,1.35745,-0.103441,0.355807,0.038822,0.013921
2015-04,801210.SI,土,8.477618,0.664025,-0.059808,-0.159062,-0.230136,-0.122156,-0.085366
2015-05,801210.SI,火,-0.70784,-0.703875,-0.787269,-0.345903,-0.420416,-0.292352,-0.195743
2015-06,801210.SI,火,-0.699856,-0.818476,-0.65903,0.028196,-0.20949,-0.21935,-0.131771
2015-07,801210.SI,土,-0.890216,-0.63658,-0.247837,-0.303353,-0.142006,-0.138181,-0.100149
2015-08,801210.SI,金,0.203032,0.968781,1.011194,-0.043335,0.056363,0.085132,-0.008574
2015-09,801210.SI,金,2.221942,1.600413,2.10053,0.203658,0.028892,0.077512,0.009659
2015-10,801210.SI,土,1.098781,2.041551,-0.354771,-0.083631,-0.098184,-0.000494,-0.025741
2015-11,801210.SI,水,3.407813,-0.642244,-0.544943,-0.234416,-0.116597,-0.06645,-0.081453
2015-12,801210.SI,水,-0.970963,-0.853787,-0.532727,-0.407298,-0.242439,-0.211917,-0.130962
2016-01,801210.SI,土,-0.263753,0.874479,0.30145,0.066154,0.156492,0.042546,0.038044
2016-02,801210.SI,木,3.772409,0.730332,0.288013,0.230851,0.186209,0.111378,0.046864
2016-03,801210.SI,木,-0.372634,-0.330869,-0.248199,-0.035414,-0.061922,-0.010384,-0.01427
2016-04,801210.SI,土,-0.286323,-0.177012,-0.126602,0.090185,-0.031757,-0.047034,-0.015806
2016-05,801210.SI,火,-0.050958,-0.033798,0.176225,0.138366,0.058057,-0.085946,0.06972
2016-06,801210.SI,火,-0.016329,0.309462,0.237598,0.04787,0.084563,-0.034367,0.033981
2016-07,801210.SI,土,0.743155,0.388175,0.360779,0.019461,-0.018933,-0.06044,0.040546
2016-08,801210.SI,金,0.105485,0.202302,0.101725,0.003503,-0.159639,-0.094189,-0.037913
2016-09,801210.SI,金,0.307599,0.099851,-0.112773,0.015296,-0.111025,-0.053922,-0.029312
2016-10,801210.SI,土,-0.074891,-0.269172,-0.236247,-0.166982,-0.169569,-0.05035,-0.117529
2016-11,801210.SI,水,-0.422652,-0.306042,-0.085963,-0.266057,-0.15142,-0.096214,-0.09565
2016-12,801210.SI,水,-0.165878,0.150077,0.16185,-0.11015,-0.03345,-0.041691,-0.074443
2017-01,801210.SI,土,0.585711,0.371231,-0.091436,-0.134079,0.021176,0.033562,-0.098891
2017-02,801210.SI,木,0.185761,-0.312265,-0.410667,-0.18237,-0.099606,-0.013905,-0.041417
2017-03,801210.SI,木,-0.601117,-0.584528,-0.318472,-0.11842,-0.101281,-0.018141,0.009166
2017-04,801210.SI,土,-0.567248,-0.109154,-0.17472,0.082612,0.078938,0.016445,0.041672
2017-05,801210.SI,火,0.833861,0.139679,0.134367,0.112933,0.17068,0.251896,0.046853
2017-06,801210.SI,火,-0.29173,-0.107831,0.140353,0.032034,0.108931,0.107167,0.061874
2017-07,801210.SI,土,0.123816,0.446971,0.420184,0.233657,0.089545,0.152386,0.082914
2017-08,801210.SI,金,0.863049,0.596502,0.091903,0.189271,0.293719,0.021859,0.088137
2017-09,801210.SI,金,0.36809,-0.164081,-0.065997,0.093546,0.096321,-0.004062,0.052877
2017-10,801210.SI,土,-0.489243,-0.22827,0.071628,-0.045677,0.074854,-0.179956,0.029223
2017-11,801210.SI,水,0.166048,0.552241,0.29532,0.408211,-0.000476,-0.095086,0.034492
2017-12,801210.SI,水,1.066339,0.365235,0.280341,0.187771,0.017482,-0.106075,0.069362
2018-01,801210.SI,土,-0.097987,0.007831,-0.150142,0.07647,-0.249931,-0.214371,-0.008634
2018-02,801210.SI,木,0.126062,-0.175078,0.53094,-0.121986,-0.197058,-0.068162,-0.019967
2018-03,801210.SI,木,-0.395685,0.785073,0.101893,-0.092958,-0.206964,0.037232,-0.073082
2018-04,801210.SI,土,4.272887,0.487913,0.363508,-0.295341,-0.234683,0.067524,0.044284
2018-05,801210.SI,火,-0.580138,-0.306635,-0.496447,-0.418503,-0.21029,-0.124607,0.006334
2018-06,801210.SI,火,0.145032,-0.44854,-0.253353,-0.327226,0.016533,0.018433,0.168215
2018-07,801210.SI,土,-0.734411,-0.397074,-0.635833,-0.426632,-0.0161,0.01763,0.381263
2018-08,801210.SI,金,0.368729,-0.573573,-0.328494,-0.011039,0.052582,0.158712,0.393889
2018-09,801210.SI,金,-0.867147,-0.529656,-0.39379,0.186108,0.129462,0.113072,0.397199
2018-10,801210.SI,土,0.665175,0.294937,-0.097251,0.617246,0.433353,0.291761,0.448231
2018-11,801210.SI,水,0.007018,-0.335308,0.456493,0.317829,0.389796,0.182625,0.428947
2018-12,801210.SI,水,-0.561264,0.751636,1.320734,0.541686,0.362981,0.279229,0.597027
2019-01,801210.SI,土,5.99333,4.33748,1.897245,0.806118,0.455639,0.250981,0.662582
2019-02,801210.SI,木,3.073695,0.864815,0.192367,0.357601,0.103299,0.030721,0.584881
2019-03,801210.SI,木,-0.146344,-0.35491,0.024157,0.044533,0.048872,-0.171664,0.507835
2019-04,801210.SI,土,-0.512519,0.121782,0.125918,0.031782,-0.054476,0.021551,0.527811
2019-05,801210.SI,火,1.581421,0.711124,0.545734,0.061291,-0.018136,0.15686,0.600379
2019-06,801210.SI,火,0.134237,0.196114,0.065314,0.061452,-0.228233,0.340024,0.470175
2019-07,801210.SI,土,0.261366,0.032439,-0.054483,-0.133527,-0.011043,0.874836,0.310224
2019-08,801210.SI,金,-0.15494,-0.181378,-0.271324,-0.217454,0.050339,0.676798,0.303503
2019-09,801210.SI,金,-0.206989,-0.323359,0.057605,-0.343113,0.44652,0.753854,0.359924
2019-10,801210.SI,土,-0.422652,0.221365,-0.205963,0.01142,1.355381,0.623653,0.395452
2019-11,801210.SI,水,1.583769,-0.0688,-0.159602,0.261035,1.213755,0.726576,0.303732
2019-12,801210.SI,水,-0.664392,-0.520708,-0.592002,0.691706,1.07595,0.993775,0.337559
2020-01,801210.SI,土,-0.315507,-0.550146,0.288316,3.056685,1.060839,1.209611,0.349047
2020-02,801210.SI,木,-0.704352,0.767458,0.89221,2.592956,1.194922,1.436981,0.381085
2020-03,801210.SI,木,9.566319,3.787035,6.014416,3.682697,2.383364,1.744739,0.398377
2020-04,801210.SI,土,1.16875,4.715121,11.773805,1.606483,1.644926,1.284963,0.226423
2020-05,801210.SI,火,14.060566,30.000998,5.822358,1.363982,1.651428,1.213934,0.211261
2020-06,801210.SI,火,62.813133,3.591781,2.126084,1.349781,1.007571,0.612967,0.140416
2020-07,801210.SI,土,-0.669591,-0.308096,-0.468149,0.203539,0.287455,-0.084353,-0.086119
2020-08,801210.SI,金,0.448904,-0.325226,-0.180868,0.652923,0.521393,0.013312,-0.047612
2020-09,801210.SI,金,-0.685749,-0.384099,0.766258,0.608815,0.293701,0.054473,-0.088931
2020-10,801210.SI,土,0.207104,3.187382,1.723521,1.003104,0.097423,0.199323,-0.040198
2020-11,801210.SI,水,13.525813,3.090946,2.335426,1.07341,0.087777,-0.015555,0.014855
2020-12,801210.SI,水,0.152144,0.598294,0.465407,0.107194,-0.112102,-0.102675,-0.063367
2021-01,801210.SI,土,1.217208,0.652662,0.473249,-0.30338,-0.087559,-0.176359,-0.07027
2021-02,801210.SI,木,0.231861,0.200912,0.288899,-0.378796,-0.344553,-0.217312,-0.08854
2021-03,801210.SI,木,0.17074,0.318402,-0.163455,-0.308861,-0.238014,-0.287561,-0.097964
2021-04,801210.SI,土,0.484687,-0.292862,-0.670606,-0.281926,-0.321486,-0.341734,-0.128378
2021-05,801210.SI,火,-0.663199,-0.844848,-0.700602,-0.532591,-0.337206,-0.337309,-0.16029
2021-06,801210.SI,火,-0.928527,-0.717715,-0.428994,-0.272763,-0.324695,-0.193692,-0.123137
2021-07,801210.SI,土,0.114901,0.613955,0.565389,-0.026176,-0.170856,-0.087882,-0.007032
2021-08,801210.SI,金,1.336397,0.854877,-0.270299,-0.01385,-0.136363,-0.104874,-0.048249
2021-09,801210.SI,金,0.472596,-0.592203,-0.073786,-0.265605,-0.095405,-0.212833,-0.098507
2021-10,801210.SI,土,-0.887071,-0.265443,-0.394187,-0.396561,-0.238165,-0.231883,-0.149725
2021-11,801210.SI,水,3.777992,0.403154,0.332725,-0.06044,-0.041783,0.046204,-0.043007
2021-12,801210.SI,水,-0.587935,-0.296137,-0.417698,-0.106025,-0.254378,-0.022339,-0.126819
2022-01,801210.SI,土,0.202293,-0.307787,-0.398925,-0.145678,-0.168638,0.049482,-0.1631
2022-02,801210.SI,木,-0.601463,-0.575001,-0.337618,-0.187496,-0.034894,0.061418,-0.143319
2022-03,801210.SI,木,-0.546782,-0.146059,0.37247,-0.156268,0.161989,0.14209,-0.100616
2022-04,801210.SI,土,0.608975,1.388365,0.214269,-0.022266,0.263739,0.15413,-0.081212
2022-05,801210.SI,火,2.545293,0.054867,-0.00335,0.164953,0.242069,0.064016,-0.117529
2022-06,801210.SI,火,-0.686135,-0.471569,-0.481312,0.069182,0.074235,-0.046408,-0.217407
2022-07,801210.SI,土,-0.110322,-0.333213,-0.212725,0.289224,0.134752,0.080985,-0.172437
2022-08,801210.SI,金,-0.500263,-0.259418,0.361677,0.386588,0.087468,0.011958,-0.180337
2022-09,801210.SI,金,0.0975,1.24771,1.203926,0.545953,0.168193,0.032423,-0.048577
2022-10,801210.SI,土,3.603375,2.123153,1.111205,0.362349,0.201483,-0.058778,-0.035352
2022-11,801210.SI,水,1.118899,0.429741,0.411954,-0.028176,-0.083375,-0.124611,-0.088578
2022-12,801210.SI,水,-0.035273,0.152592,0.084415,-0.149501,-0.198178,-0.220135,-0.139748
2023-01,801210.SI,土,0.377041,0.149717,-0.120883,-0.093618,-0.280972,-0.332622,-0.150108
2023-02,801210.SI,木,-0.04008,-0.297581,-0.33111,-0.261454,-0.25356,-0.308565,-0.145738
2023-03,801210.SI,木,-0.486006,-0.441639,-0.33296,-0.310525,-0.301294,-0.291744,-0.130212
2023-04,801210.SI,土,-0.393442,-0.240114,-0.065507,-0.349727,-0.391192,-0.268564,-0.123997
2023-05,801210.SI,火,-0.048025,0.159919,-0.184545,-0.211476,-0.300882,-0.268099,-0.10939
2023-06,801210.SI,火,0.413287,-0.245277,-0.287334,-0.284902,-0.277447,-0.357743,-0.089309
2023-07,801210.SI,土,-0.596963,-0.493926,-0.547503,-0.508602,-0.325922,-0.366448,-0.079593
2023-08,801210.SI,金,-0.364548,-0.520542,-0.237519,-0.35267,-0.294002,-0.336091,-0.020231
2023-09,801210.SI,金,-0.638241,-0.164777,-0.282461,-0.272452,-0.379631,-0.123222,-0.025619
2023-10,801210.SI,土,0.92835,0.010552,-0.466357,-0.17727,-0.291232,-0.011343,0.017914
2023-11,801210.SI,水,-0.47042,-0.719274,-0.450431,-0.320655,-0.36603,-0.051062,-0.003467
2023-12,801210.SI,水,-0.851189,-0.440155,-0.262304,-0.423164,-0.062644,-0.051075,0.020342
2024-01,801210.SI,土,1.106204,0.642475,0.268422,-0.183172,0.214256,0.082319,0.136899
2024-02,801210.SI,木,0.280847,-0.01566,-0.160233,-0.319087,0.138439,0.055434,0.107147
2024-03,801210.SI,木,-0.243527,-0.320031,-0.548948,0.056618,0.032009,0.06816,0.036522
2024-04,801210.SI,土,-0.388797,-0.651708,-0.473985,0.188047,0.026563,0.049144,0.056386
2024-05,801210.SI,火,-0.801527,-0.512017,-0.447891,0.325517,0.138995,0.083734,0.066763
2024-06,801210.SI,火,0.199795,-0.079156,1.475196,0.561031,0.423769,0.291317,
2024-07,801210.SI,土,-0.293251,2.555174,1.683302,0.4341,0.320629,0.337144,
2024-08,801210.SI,金,16.883653,4.228433,2.182334,0.635951,0.356923,0.445901,
2024-09,801210.SI,金,0.528575,0.342427,-0.015504,0.079827,0.039539,0.082849,
2024-10,801210.SI,土,0.178947,-0.209909,-0.23354,-0.073519,0.060102,0.048038,
2024-11,801210.SI,水,-0.470507,-0.382002,-0.159002,-0.113946,0.111569,0.046516,
2024-12,801210.SI,水,-0.278702,0.059893,0.184391,0.068204,0.117771,0.097134,
2025-01,801210.SI,土,0.557434,0.517697,0.119911,0.246742,0.163249,0.194231,
2025-02,801210.SI,木,0.478974,-0.050335,-0.066477,0.27793,0.125632,0.161394,
2025-03,801210.SI,木,-0.39021,-0.258336,-0.036585,0.085879,0.069501,0.005821,
2025-04,801210.SI,土,-0.097943,0.21096,0.387936,0.185543,0.220084,0.063677,
2025-05,801210.SI,火,0.625644,0.72162,0.749399,0.236038,0.249102,0.050057,
2025-06,801210.SI,火,0.823261,0.814766,0.223911,0.126848,0.020368,,
2025-07,801210.SI,土,0.80631,0.002768,0.012664,0.143931,-0.026603,,
2025-08,801210.SI,金,-0.443317,-0.241769,-0.126677,0.055486,-0.11423,,
2025-09,801210.SI,金,0.03275,0.093852,0.037483,-0.068334,,,
2025-10,801210.SI,土,0.158569,0.039858,0.292214,-0.045662,,,
2025-11,801210.SI,水,-0.06669,0.364711,0.275644,-0.10794,,,
2025-12,801210.SI,水,0.995517,0.491356,-0.163359,,,,
2026-01,801210.SI,土,0.11457,-0.458272,-0.295193,,,,
2026-02,801210.SI,木,-0.736697,-0.439531,-0.376181,,,,
2026-03,801210.SI,木,0.19302,-0.039804,,,,,
2026-04,801210.SI,土,-0.227191,,,,,,
2026-05,801210.SI,火,,,,,,,
2012-09,801230.SI,金,-0.137992,-0.480068,0.161136,0.309337,0.023288,0.227289,0.288228
2012-10,801230.SI,土,-0.686396,0.347625,0.682194,0.261463,0.119738,0.189068,0.305031
2012-11,801230.SI,水,4.791036,2.89604,2.007587,0.926846,0.434146,0.368913,0.412103
2012-12,801230.SI,水,1.621142,1.16745,0.476454,-0.039372,0.250167,0.123594,0.279044
2013-01,801230.SI,土,0.792288,0.108115,-0.054039,-0.086441,0.059213,0.053184,0.259531
2013-02,801230.SI,木,-0.314888,-0.312764,0.234457,-0.009667,0.053,0.092358,0.279186
2013-03,801230.SI,木,-0.310634,0.657041,-0.374985,0.150382,0.025824,0.091387,0.409016
2013-04,801230.SI,土,2.983054,-0.404872,-0.117733,0.120827,0.091561,0.102645,0.543146
2013-05,801230.SI,火,-0.911079,-0.584767,-0.205514,-0.027467,0.048724,-0.004434,0.627709
2013-06,801230.SI,火,0.939002,1.374799,1.117356,0.314207,0.314241,0.260261,0.727574
2013-07,801230.SI,土,1.908544,1.212594,0.423892,0.214149,0.18772,0.267922,0.502139
2013-08,801230.SI,金,0.68317,-0.003729,0.190482,0.204893,0.073324,0.253905,0.381104
2013-09,801230.SI,金,-0.410305,0.001198,-0.184294,0.035417,0.060106,0.352194,0.314359
2013-10,801230.SI,土,0.699858,-0.040628,0.035301,0.084758,0.219826,0.432303,0.433763
2013-11,801230.SI,水,-0.458547,-0.192033,0.21948,0.019143,0.275788,0.456655,0.520091
2013-12,801230.SI,水,0.205665,0.830128,0.314308,0.208529,0.600322,0.456001,0.57873
2014-01,801230.SI,土,1.778026,0.372248,0.136576,0.324078,0.595968,0.506306,0.304224
2014-02,801230.SI,木,-0.322158,-0.273008,-0.148282,0.30491,0.545554,0.497967,0.238737
2014-03,801230.SI,木,-0.220294,-0.045273,0.111264,0.765884,0.506548,0.819085,0.36175
2014-04,801230.SI,土,0.169036,0.326662,0.542511,0.891198,0.654568,1.159627,0.377334
2014-05,801230.SI,火,0.505542,0.771856,0.999242,1.081989,0.808164,1.661237,0.325791
2014-06,801230.SI,火,1.085278,1.303837,1.806127,0.754147,1.143869,1.36817,0.332887
2014-07,801230.SI,土,1.545304,2.255211,1.318707,0.713614,1.415992,0.779622,0.301979
2014-08,801230.SI,金,3.163118,1.213089,1.168161,0.719586,1.927451,0.521207,0.31514
2014-09,801230.SI,金,0.176465,0.564689,0.096541,0.873888,1.237938,0.277583,0.226882
2014-10,801230.SI,土,1.081022,0.058638,0.266427,1.466155,0.629378,0.435226,0.242268
2014-11,801230.SI,水,-0.46146,-0.012057,0.363818,2.401643,0.351721,0.58629,0.202608
2014-12,801230.SI,水,0.812365,1.170328,2.202304,2.197125,0.344344,0.711804,0.221148
2015-01,801230.SI,土,1.598993,3.256679,3.802423,0.848173,0.496351,0.129252,0.162145
2015-02,801230.SI,木,5.971666,5.528119,7.484397,0.345713,0.668237,0.024368,0.143788
2015-03,801230.SI,木,5.112791,8.359728,2.191956,-0.128967,0.389263,0.019393,0.038069
2015-04,801230.SI,土,13.331342,1.306564,-0.288746,-0.164743,-0.302998,-0.121584,-0.069437
2015-05,801230.SI,火,-0.628769,-0.841549,-0.786556,-0.260265,-0.493708,-0.339509,-0.205021
2015-06,801230.SI,火,-0.932369,-0.838153,-0.762309,-0.083467,-0.303207,-0.249806,-0.154795
2015-07,801230.SI,土,-0.612686,-0.554399,-0.019122,-0.310016,-0.05755,-0.047467,-0.049392
2015-08,801230.SI,金,-0.487341,0.560957,1.563709,-0.220243,-0.037514,0.136988,0.007759
2015-09,801230.SI,金,3.752838,4.73309,2.534147,0.193024,0.100427,0.178194,0.042443
2015-10,801230.SI,土,5.915515,2.047547,-0.514641,-0.076196,-0.056732,0.075253,-0.039422
2015-11,801230.SI,水,0.343001,-0.871417,-0.762835,-0.410264,-0.132936,-0.088271,-0.150768
2015-12,801230.SI,水,-0.987689,-0.900336,-0.59727,-0.385956,-0.183052,-0.128871,-0.172897
2016-01,801230.SI,土,-0.193162,1.303441,0.758317,0.314986,0.401716,0.195996,-0.027631
2016-02,801230.SI,木,5.576087,1.595688,0.466441,0.657876,0.42825,0.277129,-0.050789
2016-03,801230.SI,木,0.02456,-0.307511,-0.063765,0.163548,0.126605,0.057087,-0.126221
2016-04,801230.SI,土,-0.531954,-0.10503,-0.016566,0.25153,0.051818,-0.014194,-0.159507
2016-05,801230.SI,火,0.711311,0.425522,0.874301,0.40953,0.219621,-0.043148,-0.153646
2016-06,801230.SI,火,0.187459,0.961529,0.446051,0.235848,0.100744,-0.047752,-0.224835
2016-07,801230.SI,土,2.240191,0.595755,0.592713,0.087772,-0.013402,-0.051313,-0.223082
2016-08,801230.SI,金,-0.21411,0.11666,0.060007,-0.016175,-0.235262,-0.106781,-0.29069
2016-09,801230.SI,金,0.586646,0.231069,0.056201,-0.039633,-0.171538,-0.077666,-0.29166
2016-10,801230.SI,土,-0.04482,-0.138252,-0.257086,-0.223499,-0.201788,-0.141867,-0.338894
2016-11,801230.SI,水,-0.222545,-0.344813,-0.086883,-0.350446,-0.156327,-0.208981,-0.301473
2016-12,801230.SI,水,-0.447852,-0.010417,-0.126771,-0.266272,-0.118406,-0.214698,-0.309601
2017-01,801230.SI,土,0.773572,0.098157,-0.188395,-0.172615,-0.099619,-0.209444,-0.307581
2017-02,801230.SI,木,-0.320046,-0.450974,-0.537935,-0.189042,-0.245937,-0.29451,-0.250306
2017-03,801230.SI,木,-0.556691,-0.619096,-0.383487,-0.114194,-0.241994,-0.277743,-0.186708
2017-04,801230.SI,土,-0.672716,-0.272956,-0.156528,-0.051654,-0.216339,-0.2834,-0.180796
2017-05,801230.SI,火,0.615091,0.354079,0.42329,-0.036705,-0.187631,-0.251384,-0.169342
2017-06,801230.SI,火,0.135248,0.336107,0.272725,-0.159499,-0.238608,-0.368987,-0.185349
2017-07,801230.SI,土,0.572505,0.347587,0.06626,-0.244635,-0.321298,-0.363751,-0.202793
2017-08,801230.SI,金,0.154839,-0.121991,-0.348033,-0.386261,-0.395706,-0.436733,-0.222214
2017-09,801230.SI,金,-0.332462,-0.510134,-0.444938,-0.411095,-0.500572,-0.456004,-0.225885
2017-10,801230.SI,土,-0.640517,-0.493856,-0.46488,-0.458514,-0.464349,-0.490683,-0.209271
2017-11,801230.SI,水,-0.287362,-0.347115,-0.422248,-0.418219,-0.463532,-0.38315,-0.17809
2017-12,801230.SI,水,-0.401857,-0.479792,-0.375189,-0.526261,-0.459644,-0.393034,-0.125044
2018-01,801230.SI,土,-0.547572,-0.361412,-0.452073,-0.464083,-0.499005,-0.393536,-0.097319
2018-02,801230.SI,木,-0.098652,-0.397011,-0.414162,-0.483054,-0.369537,-0.203332,-0.052258
2018-03,801230.SI,木,-0.596608,-0.527698,-0.640806,-0.497489,-0.398869,-0.084199,-0.083748
2018-04,801230.SI,土,-0.447016,-0.661055,-0.475831,-0.520941,-0.372666,-0.063502,-0.03619
2018-05,801230.SI,火,-0.792248,-0.48967,-0.543845,-0.345966,-0.117373,-0.07831,-0.009094
2018-06,801230.SI,火,0.253593,-0.32408,-0.296988,-0.22234,0.251101,0.05173,0.094021
2018-07,801230.SI,土,-0.635553,-0.473539,-0.562169,-0.313702,0.136367,-0.001117,0.146977
2018-08,801230.SI,金,-0.239503,-0.520109,-0.062248,0.22775,0.165223,0.074003,0.209329
2018-09,801230.SI,金,-0.697178,0.041318,-0.139766,0.669003,0.202869,0.101578,0.155642
2018-10,801230.SI,土,2.580792,0.449876,0.075769,0.830732,0.314975,0.22763,0.226085
2018-11,801230.SI,水,-0.41294,-0.410357,0.607428,0.298881,0.123685,0.095137,0.158284
2018-12,801230.SI,水,-0.407764,1.659843,2.238154,0.422391,0.196231,0.261269,0.194107
2019-01,801230.SI,土,10.945852,6.571792,2.115521,0.45384,0.282872,0.34358,0.195967
2019-02,801230.SI,木,3.799325,0.591063,0.049559,-0.06049,-0.036362,0.127464,0.079598
2019-03,801230.SI,木,-0.472534,-0.509182,-0.375201,-0.272934,-0.078891,-0.083297,0.031954
2019-04,801230.SI,土,-0.543284,-0.319993,-0.321574,-0.176792,0.015098,-0.008082,0.082064
2019-05,801230.SI,火,0.012467,-0.173142,-0.159001,-0.076648,0.154697,0.06532,0.132618
2019-06,801230.SI,火,-0.324724,-0.233516,-0.153928,0.118398,0.041657,0.138012,0.186554
2019-07,801230.SI,土,-0.129988,-0.052956,-0.001112,0.241683,0.125814,0.317027,0.182381
2019-08,801230.SI,金,0.030897,0.070318,0.013769,0.35302,0.152679,0.361707,0.250424
2019-09,801230.SI,金,0.111247,0.005312,0.478379,0.155802,0.256203,0.212359,0.170522
2019-10,801230.SI,土,-0.090524,0.705193,0.543491,0.195203,0.444178,0.224542,0.173593
2019-11,801230.SI,水,2.197094,1.010761,0.8058,0.229116,0.502444,0.225072,0.162046
2019-12,801230.SI,水,0.264636,0.357146,-0.096389,0.157969,0.134784,0.130521,0.134284
2020-01,801230.SI,土,0.456424,-0.236183,-0.074494,0.396944,0.133609,0.064572,0.085335
2020-02,801230.SI,木,-0.599419,-0.262224,-0.163403,0.370449,0.076447,0.033764,0.11317
2020-03,801230.SI,木,0.35881,0.209007,0.483927,0.271684,0.21818,0.161696,0.168406
2020-04,801230.SI,土,0.075719,0.550742,1.108527,0.254601,0.115425,0.180403,0.077974
2020-05,801230.SI,火,1.235527,1.952019,1.244965,0.221042,0.10932,0.204167,0.09851
2020-06,801230.SI,火,2.898147,1.249698,0.089798,0.103724,0.070662,0.237168,0.085411
2020-07,801230.SI,土,0.298346,-0.423778,-0.253496,-0.18872,-0.027147,0.061499,0.035064
2020-08,801230.SI,金,-0.744266,-0.433953,-0.335872,-0.220205,-0.021609,0.148235,0.036095
2020-09,801230.SI,金,0.2529,0.070245,0.117829,0.06122,0.290594,0.130129,0.067779
2020-10,801230.SI,土,-0.085782,0.055857,-0.118322,0.110593,0.193665,0.124764,0.063238
2020-11,801230.SI,水,0.219439,-0.134155,-0.084393,0.187525,0.378131,0.102262,0.118408
2020-12,801230.SI,水,-0.385219,-0.206616,0.007478,0.386745,0.134259,0.138059,0.121747
2021-01,801230.SI,土,0.023873,0.289713,0.398942,0.388892,0.219865,0.106502,0.145209
2021-02,801230.SI,木,0.624577,0.635221,0.540198,0.690758,0.172583,0.198675,0.1443
2021-03,801230.SI,木,0.645936,0.499666,0.908788,0.203512,0.185244,0.175155,0.114463
2021-04,801230.SI,土,0.366395,1.05556,0.378914,0.139116,0.0233,-0.015566,0.067658
2021-05,801230.SI,火,2.092316,0.385216,0.856035,0.023121,0.102579,0.002123,0.036309
2021-06,801230.SI,火,-0.379487,0.437929,-0.241172,-0.06603,-0.000289,-0.04773,-0.01729
2021-07,801230.SI,土,2.332144,-0.160851,-0.05898,-0.118472,-0.120162,0.009287,0.021577
2021-08,801230.SI,金,-0.788673,-0.499923,-0.436014,-0.150191,-0.183982,-0.065094,-0.066659
2021-09,801230.SI,金,0.183364,-0.07865,0.149536,0.147467,0.027147,0.008869,-0.001574
2021-10,801230.SI,土,-0.28265,0.132986,-0.174204,-0.149244,0.033125,0.005078,-0.015165
2021-11,801230.SI,水,0.789443,-0.113979,0.280486,-0.018444,0.106458,0.134791,0.007849
2021-12,801230.SI,水,-0.561297,0.083186,0.145401,-0.029071,-0.034085,0.105669,-0.014908
2022-01,801230.SI,土,1.674461,0.850766,-0.12353,0.155562,0.073104,0.18527,-0.060472
2022-02,801230.SI,木,0.280757,-0.49825,-0.247588,0.028525,0.090008,0.092391,-0.097841
2022-03,801230.SI,木,-0.803434,-0.423299,-0.176967,-0.112988,0.092733,0.056906,-0.082877
2022-04,801230.SI,土,0.691971,0.684116,0.523524,0.187393,0.310722,0.157918,-0.061461
2022-05,801230.SI,火,0.676297,0.445697,0.405963,0.311947,0.236951,0.071662,-0.103447
2022-06,801230.SI,火,0.24682,0.287613,-0.044035,0.259107,0.148795,0.014124,-0.189763
2022-07,801230.SI,土,0.329742,-0.162931,-0.074578,0.215742,0.056706,0.034018,-0.167726
2022-08,801230.SI,金,-0.473067,-0.227984,0.224218,0.160223,-0.021069,-0.068222,-0.187727
2022-09,801230.SI,金,0.13109,0.865996,0.658378,0.25934,0.034286,-0.011908,-0.066683
2022-10,801230.SI,土,2.078395,1.008059,0.597139,0.129175,0.072978,-0.035001,-0.022956
2022-11,801230.SI,水,0.309872,0.150408,0.099574,-0.124616,-0.14926,-0.104892,-0.028528
2022-12,801230.SI,水,0.010357,0.007447,-0.043681,-0.183193,-0.168552,-0.122336,-0.048193
2023-01,801230.SI,土,0.004545,-0.069607,-0.201675,-0.120543,-0.184191,-0.255264,-0.061858
2023-02,801230.SI,木,-0.138285,-0.28832,-0.303095,-0.251688,-0.16422,-0.254946,-0.048819
2023-03,801230.SI,木,-0.412232,-0.373273,-0.302353,-0.224733,-0.147089,-0.204173,-0.063814
2023-04,801230.SI,土,-0.331732,-0.239935,-0.031164,-0.175306,-0.272316,-0.239276,-0.058934
2023-05,801230.SI,火,-0.135528,0.16654,-0.196488,-0.084725,-0.238169,-0.249942,-0.020458
2023-06,801230.SI,火,0.574159,-0.225336,-0.138477,-0.056944,-0.168467,-0.352659,0.018618
2023-07,801230.SI,土,-0.618778,-0.362653,-0.298003,-0.369348,-0.29819,-0.330109,0.046042
2023-08,801230.SI,金,0.065551,-0.047393,0.042583,-0.258191,-0.266958,-0.291905,0.202246
2023-09,801230.SI,金,-0.148366,0.031285,0.032304,-0.183068,-0.411488,-0.118421,0.195763
2023-10,801230.SI,土,0.248833,0.136541,-0.433443,-0.298284,-0.340481,-0.01076,0.204795
2023-11,801230.SI,水,0.034345,-0.618395,-0.472195,-0.385336,-0.377578,0.054352,0.21772
2023-12,801230.SI,水,-0.859213,-0.622969,-0.353507,-0.555646,-0.163602,0.032214,0.217268
2024-01,801230.SI,土,0.009703,0.385366,-0.130882,-0.288428,0.191208,0.181776,0.38517
2024-02,801230.SI,木,0.900797,-0.193654,-0.284183,-0.324087,0.327872,0.214335,0.506651
2024-03,801230.SI,木,-0.657936,-0.560727,-0.694582,-0.048657,0.206438,0.101301,0.370529
2024-04,801230.SI,土,-0.435892,-0.711406,-0.417416,0.394576,0.309244,0.164161,0.511588
2024-05,801230.SI,火,-0.852357,-0.407952,-0.361767,0.808562,0.448274,0.279237,0.559593
2024-06,801230.SI,火,1.374107,0.326975,1.963333,1.397786,0.688793,0.602838,
2024-07,801230.SI,土,-0.258305,2.310705,2.338303,0.96269,0.466328,0.633405,
2024-08,801230.SI,金,13.778005,6.08233,4.124924,1.181657,0.612904,1.041246,
2024-09,801230.SI,金,2.394192,2.018028,0.940173,0.274896,0.305949,0.621917,
2024-10,801230.SI,土,1.683552,0.466872,0.153925,-0.028184,0.287112,0.46732,
2024-11,801230.SI,水,-0.198184,-0.243322,-0.071279,-0.095166,0.501866,0.406402,
2024-12,801230.SI,水,-0.285918,-0.000482,-0.162261,0.071443,0.527888,0.4355,
2025-01,801230.SI,土,0.39905,-0.09262,-0.181553,0.359364,0.589671,0.62357,
2025-02,801230.SI,木,-0.411502,-0.374008,-0.118439,0.909872,0.615044,0.869335,
2025-03,801230.SI,木,-0.334125,0.078962,0.370342,1.063396,0.717781,0.705575,
2025-04,801230.SI,土,0.748314,0.965835,1.257779,1.215469,1.040004,0.962699,
2025-05,801230.SI,火,1.21042,1.565738,3.137672,1.186,1.401589,0.90139,
2025-06,801230.SI,火,1.978172,4.661046,2.106964,0.923257,0.834642,,
2025-07,801230.SI,土,9.760774,2.173434,1.173952,0.939126,0.873173,,
2025-08,801230.SI,金,-0.06413,-0.022868,0.1549,0.829658,0.467268,,
2025-09,801230.SI,金,0.020213,0.282947,0.190524,0.409805,,,
2025-10,801230.SI,土,0.613342,0.286062,0.729665,0.738769,,,
2025-11,801230.SI,水,0.025174,0.790934,1.898648,0.653835,,,
2025-12,801230.SI,水,2.128685,3.874101,0.669474,,,,
2026-01,801230.SI,土,6.593243,0.219519,0.747921,,,,
2026-02,801230.SI,木,-0.804138,-0.161373,-0.056398,,,,
2026-03,801230.SI,木,2.590773,1.071133,,,,,
2026-04,801230.SI,土,0.194615,,,,,,
2026-05,801230.SI,火,,,,,,,
2014-03,801710.SI,木,-0.091238,-0.087566,-0.021896,0.510974,0.640377,0.788409,0.249958
2014-04,801710.SI,土,-0.083879,0.014735,0.432352,0.604902,0.635978,1.048124,0.250027
2014-05,801710.SI,火,0.123963,0.791011,0.628618,0.834949,0.731487,1.357884,0.225993
2014-06,801710.SI,火,1.853938,0.960436,1.334152,1.124335,1.186892,1.079245,0.233799
2014-07,801710.SI,土,0.346669,1.110919,0.798237,0.748402,1.307411,0.572854,0.193932
2014-08,801710.SI,金,2.30889,1.077974,1.067419,0.785333,1.667413,0.411993,0.222138
2014-09,801710.SI,金,0.304962,0.634187,0.933379,1.116784,1.000619,0.196466,0.178274
2014-10,801710.SI,土,1.046471,1.353295,0.699948,1.613749,0.504188,0.291237,0.196363
2014-11,801710.SI,水,1.706121,0.549354,0.541735,2.029849,0.243465,0.269016,0.186337
2014-12,801710.SI,水,-0.112938,0.1637,1.317587,1.035111,0.019596,0.268453,0.126408
2015-01,801710.SI,土,0.526611,2.746081,3.018762,0.414932,0.178138,-0.067535,0.132649
2015-02,801710.SI,木,8.192334,5.520399,4.954321,0.116723,0.189286,-0.094325,0.149579
2015-03,801710.SI,木,3.625115,3.792206,0.787064,-0.323724,0.037578,-0.126377,0.043047
2015-04,801710.SI,土,3.965332,0.110833,-0.501829,-0.362107,-0.427011,-0.237074,-0.014801
2015-05,801710.SI,火,-0.751487,-0.842205,-0.79056,-0.468488,-0.516549,-0.362539,-0.115594
2015-06,801710.SI,火,-0.899807,-0.807729,-0.744078,-0.209393,-0.311794,-0.267878,-0.04348
2015-07,801710.SI,土,-0.631032,-0.590982,-0.183197,-0.385489,-0.120606,-0.093703,0.067891
2015-08,801710.SI,金,-0.546585,0.215294,0.348863,-0.265488,-0.076185,0.057811,0.122587
2015-09,801710.SI,金,2.257366,1.326504,1.442385,0.128558,0.039303,0.160358,0.165372
2015-10,801710.SI,土,0.661655,1.11489,-0.53768,-0.087534,-0.061743,0.10846,0.110273
2015-11,801710.SI,水,1.69175,-0.756138,-0.600028,-0.235471,-0.024513,0.109044,0.089496
2015-12,801710.SI,水,-0.977907,-0.84582,-0.478524,-0.322037,-0.094577,0.00027,0.029941
2016-01,801710.SI,土,0.075976,1.533524,0.800905,0.336631,0.483586,0.375809,0.22991
2016-02,801710.SI,木,4.965508,1.329888,0.461363,0.523412,0.558075,0.459168,0.189222
2016-03,801710.SI,木,-0.090039,-0.276709,-0.11859,0.193054,0.24283,0.245328,0.109933
2016-04,801710.SI,土,-0.425085,-0.132527,-0.007954,0.346553,0.25771,0.272229,0.082586
2016-05,801710.SI,火,0.308904,0.303155,0.588096,0.608805,0.458437,0.227015,0.084368
2016-06,801710.SI,火,0.297431,0.749288,0.614887,0.475803,0.397395,0.249697,0.023806
2016-07,801710.SI,土,1.358514,0.801652,0.827743,0.416136,0.382218,0.258298,0.056554
2016-08,801710.SI,金,0.376269,0.608991,0.629783,0.397633,0.12592,0.19133,-0.015758
2016-09,801710.SI,金,0.881065,0.773549,0.348699,0.299893,0.147341,0.170408,-0.044059
2016-10,801710.SI,土,0.672179,0.142012,0.097222,0.202007,0.111065,0.112089,-0.115817
2016-11,801710.SI,水,-0.220065,-0.111208,0.198551,-0.064171,0.073164,0.070293,-0.126206
2016-12,801710.SI,水,0.012843,0.485783,0.252854,0.058233,0.116379,0.060492,-0.140249
2017-01,801710.SI,土,1.179559,0.393412,0.316799,0.118052,0.117089,0.099483,-0.122979
2017-02,801710.SI,木,-0.109178,0.023517,-0.269304,0.015478,0.030666,-0.030784,-0.086089
2017-03,801710.SI,木,0.175978,-0.338227,-0.106156,0.053821,0.003175,-0.010741,-0.031014
2017-04,801710.SI,土,-0.627592,-0.220721,-0.050698,0.028898,0.035329,-0.078788,-0.051296
2017-05,801710.SI,火,0.630672,0.515643,0.411253,0.224077,0.064916,-0.041696,-0.031631
2017-06,801710.SI,火,0.408729,0.312877,0.242431,0.062757,0.023276,-0.161254,-0.035504
2017-07,801710.SI,土,0.223547,0.166795,0.115167,0.081223,-0.087965,-0.112844,-0.066901
2017-08,801710.SI,金,0.112676,0.064631,0.061725,-0.074938,-0.157694,-0.186848,-0.091081
2017-09,801710.SI,金,0.018662,0.037132,-0.090934,-0.071348,-0.264217,-0.219227,-0.082319
2017-10,801710.SI,土,0.055937,-0.141228,0.048312,-0.175203,-0.177972,-0.297017,-0.076724
2017-11,801710.SI,水,-0.301577,0.04452,-0.194011,-0.249763,-0.256026,-0.286629,-0.054897
2017-12,801710.SI,水,0.562124,-0.134166,-0.05134,-0.338047,-0.257834,-0.302992,0.025991
2018-01,801710.SI,土,-0.520097,-0.260722,-0.351061,-0.272078,-0.384687,-0.300429,-0.023011
2018-02,801710.SI,木,0.138839,-0.245379,-0.301659,-0.28522,-0.315073,-0.138239,0.042771
2018-03,801710.SI,木,-0.49997,-0.453147,-0.538104,-0.343558,-0.371054,-0.050872,0.040399
2018-04,801710.SI,土,-0.401939,-0.556066,-0.183481,-0.40084,-0.282689,-0.022985,0.115941
2018-05,801710.SI,火,-0.670472,-0.045938,-0.268394,-0.321683,-0.075671,-0.02146,0.130857
2018-06,801710.SI,火,1.762239,0.090109,-0.067071,-0.266081,0.20666,0.1091,0.177745
2018-07,801710.SI,土,-0.569792,-0.457822,-0.560338,-0.327677,0.037241,-0.018579,0.256707
2018-08,801710.SI,金,-0.31671,-0.555533,-0.371091,0.038966,0.078149,0.015966,0.314166
2018-09,801710.SI,金,-0.710883,-0.396636,-0.422639,0.372313,0.174928,0.078596,0.271767
2018-10,801710.SI,土,0.25917,-0.184105,0.028103,0.593162,0.282627,0.212602,0.32531
2018-11,801710.SI,水,-0.471331,-0.071006,0.716386,0.411641,0.192092,0.25211,0.343783
2018-12,801710.SI,水,0.632458,2.092646,2.261812,0.676073,0.328401,0.510252,0.367014
2019-01,801710.SI,土,4.858933,3.610706,1.468784,0.432625,0.281185,0.364419,0.347512
2019-02,801710.SI,木,2.62841,0.602564,0.161005,-0.006525,0.127158,0.261801,0.274514
2019-03,801710.SI,木,-0.292194,-0.343261,-0.138754,-0.152257,0.168368,0.140446,0.213995
2019-04,801710.SI,土,-0.390644,-0.049978,-0.168654,-0.077054,0.119703,0.274622,0.238511
2019-05,801710.SI,火,0.48114,-0.02896,-0.14988,0.110607,0.297308,0.306884,0.278736
2019-06,801710.SI,火,-0.363383,-0.355946,-0.165548,0.360836,0.252345,0.250639,0.214939
2019-07,801710.SI,土,-0.348423,-0.044649,0.024639,0.299462,0.469765,0.609211,0.20144
2019-08,801710.SI,金,0.400749,0.284912,0.450911,0.602599,0.508305,0.699892,0.276789
2019-09,801710.SI,金,0.178654,0.476661,1.21927,0.534212,0.431228,0.499534,0.208773
2019-10,801710.SI,土,0.850015,2.045244,0.647995,0.7603,0.870512,0.448495,0.17659
2019-11,801710.SI,水,4.012668,0.555415,0.770145,0.537848,0.792043,0.442168,0.144711
2019-12,801710.SI,水,-0.51736,0.051911,0.060622,0.149366,0.315846,0.237362,0.1369
2020-01,801710.SI,土,1.292631,0.572278,0.880257,0.992796,0.387514,0.330813,0.126233
2020-02,801710.SI,木,0.078262,0.702781,0.336035,0.803092,0.34695,0.287355,0.084536
2020-03,801710.SI,木,1.689015,0.487184,0.245535,0.46564,0.302593,0.292287,0.060839
2020-04,801710.SI,土,-0.1775,-0.15231,1.11207,0.191922,0.185997,0.203422,-0.017672
2020-05,801710.SI,火,-0.126348,2.3845,1.433426,0.352441,0.271526,0.251195,0.000842
2020-06,801710.SI,火,12.111446,3.061233,0.724642,0.332095,0.308257,0.180257,0.055867
2020-07,801710.SI,土,0.257955,-0.374506,-0.327353,-0.111267,-0.002328,-0.103002,-0.100479
2020-08,801710.SI,金,-0.688985,-0.508133,-0.248345,-0.080866,0.002368,-0.041003,-0.139888
2020-09,801710.SI,金,-0.222117,0.168523,0.028896,0.139437,0.040086,-0.02561,-0.140049
2020-10,801710.SI,土,0.755336,0.183313,0.174237,0.215034,-0.012676,-0.044275,-0.174386
2020-11,801710.SI,水,-0.2023,-0.039597,0.123928,0.157528,0.04012,-0.091394,-0.114671
2020-12,801710.SI,水,0.156291,0.3341,0.261854,0.045727,-0.043129,0.044595,-0.12158
2021-01,801710.SI,土,0.539251,0.318197,0.257248,-0.09466,-0.10767,-0.046898,-0.088614
2021-02,801710.SI,木,0.128889,0.136257,0.192131,0.000589,-0.153576,-0.08633,-0.104594
2021-03,801710.SI,木,0.143674,0.225069,-0.133383,-0.166749,-0.019169,-0.129157,-0.138604
2021-04,801710.SI,土,0.312256,-0.245621,-0.348068,-0.248243,-0.130948,-0.198147,-0.165138
2021-05,801710.SI,火,-0.566329,-0.540491,-0.160177,-0.286786,-0.163862,-0.199417,-0.210382
2021-06,801710.SI,火,-0.513115,0.168694,-0.198831,0.043464,-0.127744,-0.055413,-0.17831
2021-07,801710.SI,土,1.805273,0.027715,-0.133131,0.003385,-0.140869,-0.097949,-0.111312
2021-08,801710.SI,金,-0.623495,-0.518116,-0.394308,-0.165698,-0.212085,-0.228576,-0.176609
2021-09,801710.SI,金,-0.383242,-0.231768,0.359035,-0.089869,-0.002114,-0.241047,-0.15069
2021-10,801710.SI,土,-0.043093,1.017383,0.161399,-0.144713,-0.085908,-0.286784,-0.163328
2021-11,801710.SI,水,3.253114,0.27949,0.149198,-0.101344,-0.163806,-0.137352,-0.180634
2021-12,801710.SI,水,-0.615083,-0.402636,-0.390495,-0.144921,-0.375006,-0.26132,-0.244081
2022-01,801710.SI,土,-0.072934,-0.233022,-0.370142,-0.189049,-0.393774,-0.128505,-0.248163
2022-02,801710.SI,木,-0.365466,-0.480831,-0.297264,-0.286715,-0.216005,-0.122494,-0.229522
2022-03,801710.SI,木,-0.575221,-0.260462,0.199597,-0.367114,-0.212442,-0.147948,-0.221345
2022-04,801710.SI,土,0.287533,1.015912,0.04411,-0.405256,-0.028881,-0.13077,-0.188996
2022-05,801710.SI,火,2.156347,-0.059757,-0.276007,-0.171917,-0.055063,-0.221197,-0.196274
2022-06,801710.SI,火,-0.719911,-0.653256,-0.666101,-0.361874,-0.239773,-0.285216,-0.269684
2022-07,801710.SI,土,-0.570738,-0.635435,-0.661223,-0.06344,-0.182293,-0.124476,-0.236585
2022-08,801710.SI,金,-0.690381,-0.699039,-0.052861,0.079536,-0.202019,-0.121141,-0.237931
2022-09,801710.SI,金,-0.707455,0.656558,0.219543,0.147116,-0.078785,-0.049575,-0.112871
2022-10,801710.SI,土,8.380388,1.490002,1.589148,0.270397,0.201487,-0.018502,-0.044511
2022-11,801710.SI,水,-0.339035,0.360269,0.230442,-0.267544,-0.142789,-0.221744,-0.140386
2022-12,801710.SI,水,1.79944,0.678813,0.07899,-0.19935,-0.12537,-0.22644,-0.146853
2023-01,801710.SI,土,0.006777,-0.33013,-0.376665,-0.181535,-0.289659,-0.351391,-0.187885
2023-02,801710.SI,木,-0.554294,-0.509526,-0.563984,-0.284515,-0.331949,-0.323496,-0.18582
2023-03,801710.SI,木,-0.460261,-0.568749,-0.405888,-0.212541,-0.307659,-0.28842,-0.146996
2023-04,801710.SI,土,-0.655432,-0.376681,0.074678,-0.241703,-0.342741,-0.243322,-0.140746
2023-05,801710.SI,火,0.127575,0.89793,0.174083,-0.17308,-0.216823,-0.170553,-0.095676
2023-06,801710.SI,火,2.194588,0.198052,0.043729,-0.252613,-0.244313,-0.253813,-0.103683
2023-07,801710.SI,土,-0.5507,-0.403413,-0.464943,-0.485997,-0.326834,-0.334338,-0.090752
2023-08,801710.SI,金,-0.207843,-0.416109,-0.417592,-0.360353,-0.261271,-0.339201,-0.028726
2023-09,801710.SI,金,-0.56962,-0.500615,-0.464816,-0.356987,-0.332783,-0.171951,-0.022748
2023-10,801710.SI,土,-0.420546,-0.4032,-0.506222,-0.244937,-0.284068,-0.069831,0.018783
2023-11,801710.SI,水,-0.385334,-0.544186,-0.297489,-0.168018,-0.310792,-0.050523,0.03166
2023-12,801710.SI,水,-0.661985,-0.248965,-0.227434,-0.255012,-0.042276,-0.059079,0.072001
2024-01,801710.SI,土,0.668722,0.16798,0.154609,-0.137932,0.148786,0.016838,0.193874
2024-02,801710.SI,木,-0.182502,-0.039581,-0.014685,-0.317349,0.049771,-0.020126,0.21535
2024-03,801710.SI,木,0.128325,0.08173,-0.281605,0.066333,0.004829,0.022535,0.151554
2024-04,801710.SI,土,0.037059,-0.426772,-0.356352,0.145885,-0.02533,-0.024264,0.203715
2024-05,801710.SI,火,-0.683152,-0.492927,-0.527042,0.083564,-0.021933,-0.014039,0.232646
2024-06,801710.SI,火,-0.188497,-0.42216,0.582788,0.188384,0.150225,0.076653,
2024-07,801710.SI,土,-0.588542,1.210492,1.040016,0.199394,0.120883,0.241969,
2024-08,801710.SI,金,10.87551,3.542422,1.482487,0.406506,0.259521,0.427623,
2024-09,801710.SI,金,0.737491,0.135022,-0.107741,-0.019465,-0.053124,0.153338,
2024-10,801710.SI,土,-0.258543,-0.360596,-0.294835,-0.169148,0.052616,0.115838,
2024-11,801710.SI,水,-0.448603,-0.31231,-0.203114,-0.102851,0.187196,0.120957,
2024-12,801710.SI,水,-0.142328,-0.042007,0.077545,-0.024574,0.256353,0.221342,
2025-01,801710.SI,土,0.070049,0.207793,-0.021058,0.286055,0.300283,0.401732,
2025-02,801710.SI,木,0.363267,-0.06366,0.010027,0.449058,0.255991,0.507415,
2025-03,801710.SI,木,-0.356888,-0.130621,-0.117014,0.356594,0.273418,0.296852,
2025-04,801710.SI,土,0.175254,0.034635,0.689514,0.498575,0.579917,0.48496,
2025-05,801710.SI,火,-0.089159,1.025709,1.078922,0.400598,0.722659,0.54105,
2025-06,801710.SI,火,3.505169,2.140769,1.084232,0.529255,0.47413,,
2025-07,801710.SI,土,1.18958,0.417632,0.329215,0.527814,0.422435,,
2025-08,801710.SI,金,-0.082161,0.035648,-0.056398,0.568122,0.394686,,
2025-09,801710.SI,金,0.168579,-0.043247,0.122053,0.239741,,,
2025-10,801710.SI,土,-0.216675,0.099489,0.756087,0.471469,,,
2025-11,801710.SI,水,0.543265,1.629348,1.60598,0.695587,,,
2025-12,801710.SI,水,3.47977,2.386385,0.369772,,,,
2026-01,801710.SI,土,1.559865,-0.242567,0.23298,,,,
2026-02,801710.SI,木,-0.775885,-0.144292,0.103238,,,,
2026-03,801710.SI,木,2.267228,1.447755,,,,,
2026-04,801710.SI,土,0.833819,,,,,,
2026-05,801710.SI,火,,,,,,,
2014-03,801720.SI,木,0.002896,0.047496,0.025996,0.550683,1.538838,1.589687,0.38849
2014-04,801720.SI,土,0.094081,0.037745,0.399399,0.699206,1.333075,2.422332,0.365144
2014-05,801720.SI,火,-0.01569,0.58266,0.46579,1.140255,1.635902,2.357015,0.336125
2014-06,801720.SI,火,1.544739,0.788717,1.343691,2.99374,2.52599,1.853501,0.348195
2014-07,801720.SI,土,0.257304,1.249204,1.063244,2.012468,3.610864,1.297251,0.307455
2014-08,801720.SI,金,3.023624,1.643052,2.125068,2.534744,3.425005,0.968951,0.356763
2014-09,801720.SI,金,0.736177,1.754105,5.805488,3.324854,2.046988,0.640575,0.266206
2014-10,801720.SI,土,3.368848,12.473854,3.398396,5.892841,1.38101,0.765292,0.287478
2014-11,801720.SI,水,40.554376,3.413244,2.998127,4.265517,0.687952,0.550165,0.297677
2014-12,801720.SI,水,-0.531295,0.240156,1.748424,1.038808,0.021038,0.140834,0.065761
2015-01,801720.SI,土,2.281359,5.655428,9.801951,0.751841,0.302139,-0.086831,0.097022
2015-02,801720.SI,木,12.498897,18.598662,5.934664,0.096761,0.130364,-0.195693,0.072884
2015-03,801720.SI,木,27.454736,3.970373,0.512408,-0.37767,-0.148988,-0.255545,-0.030249
2015-04,801720.SI,土,-0.131793,-0.651321,-0.71589,-0.547899,-0.599225,-0.455453,-0.161427
2015-05,801720.SI,火,-0.859967,-0.837475,-0.82654,-0.543632,-0.607758,-0.468209,-0.186699
2015-06,801720.SI,火,-0.811371,-0.806944,-0.743922,-0.361635,-0.412202,-0.363017,-0.102202
2015-07,801720.SI,土,-0.802413,-0.701631,-0.280579,-0.523999,-0.323578,-0.255876,-0.032047
2015-08,801720.SI,金,-0.549442,0.372763,0.200691,-0.410163,-0.227459,-0.065084,0.04183
2015-09,801720.SI,金,3.182544,0.960069,0.591348,-0.109454,-0.13693,-0.022734,0.06643
2015-10,801720.SI,土,-0.081451,-0.018416,-0.685057,-0.344104,-0.247455,-0.061006,0.009855
2015-11,801720.SI,水,0.048945,-0.815584,-0.710244,-0.380322,-0.139892,0.086313,-0.016328
2015-12,801720.SI,水,-0.967578,-0.847709,-0.501635,-0.364396,-0.16933,-0.004372,-0.0339
2016-01,801720.SI,土,-0.284674,0.953888,0.365959,0.163276,0.351469,0.31789,0.122213
2016-02,801720.SI,木,4.336978,0.887577,0.325255,0.481881,0.687573,0.431144,0.098436
2016-03,801720.SI,木,-0.332404,-0.339608,-0.189365,0.072431,0.25395,0.263229,0.016587
2016-04,801720.SI,土,-0.346735,-0.106734,-0.009333,0.344282,0.302246,0.291359,0.010443
2016-05,801720.SI,火,0.221441,0.219964,0.657017,0.904338,0.468288,0.243832,0.004315
2016-06,801720.SI,火,0.218489,0.929986,0.418774,0.559581,0.464539,0.265405,-0.048616
2016-07,801720.SI,土,2.056937,0.530942,0.824117,0.493054,0.410652,0.259109,-0.034052
2016-08,801720.SI,金,-0.23329,0.409081,1.188573,0.382145,0.13042,0.160971,-0.106861
2016-09,801720.SI,金,1.589648,2.697651,0.714363,0.487972,0.218059,0.163728,-0.094377
2016-10,801720.SI,土,4.279722,0.39487,0.222076,0.240519,0.112757,0.086063,-0.161882
2016-11,801720.SI,水,-0.631484,-0.412048,-0.127137,-0.187583,-0.060187,-0.109271,-0.207882
2016-12,801720.SI,水,-0.061948,0.343355,0.291477,0.026718,0.022746,-0.062553,-0.185745
2017-01,801720.SI,土,0.923776,0.515363,0.259241,0.061821,0.044176,-0.044411,-0.189827
2017-02,801720.SI,木,0.193655,0.018793,-0.243842,-0.02481,-0.103235,-0.156925,-0.156765
2017-03,801720.SI,木,-0.130453,-0.398162,-0.183764,-0.089859,-0.157506,-0.181898,-0.142303
2017-04,801720.SI,土,-0.583452,-0.209181,-0.104648,-0.049162,-0.128383,-0.209363,-0.159123
2017-05,801720.SI,火,0.501374,0.312678,0.257669,-0.023411,-0.125787,-0.189079,-0.166173
2017-06,801720.SI,火,0.147698,0.151079,0.014849,-0.144062,-0.181275,-0.28471,-0.174449
2017-07,801720.SI,土,0.154469,-0.045693,0.009762,-0.140014,-0.241472,-0.258956,-0.189843
2017-08,801720.SI,金,-0.211151,-0.055641,-0.241672,-0.271142,-0.299433,-0.312905,-0.217929
2017-09,801720.SI,金,0.130526,-0.256487,-0.27809,-0.264629,-0.363435,-0.295237,-0.208235
2017-10,801720.SI,土,-0.511014,-0.423121,-0.267574,-0.342573,-0.331576,-0.353222,-0.219676
2017-11,801720.SI,水,-0.31943,-0.10361,-0.299468,-0.326643,-0.33513,-0.295576,-0.201822
2017-12,801720.SI,水,0.180651,-0.289268,-0.250918,-0.402246,-0.300862,-0.292748,-0.167958
2018-01,801720.SI,土,-0.572151,-0.403331,-0.409892,-0.361448,-0.379485,-0.313116,-0.184908
2018-02,801720.SI,木,-0.167898,-0.30697,-0.352763,-0.352275,-0.294274,-0.156604,-0.16277
2018-03,801720.SI,木,-0.422798,-0.429171,-0.523004,-0.324571,-0.306165,-0.100792,-0.153936
2018-04,801720.SI,土,-0.435473,-0.566381,-0.309027,-0.363699,-0.27745,-0.105691,-0.132221
2018-05,801720.SI,火,-0.666933,-0.23555,-0.351787,-0.263075,-0.078799,-0.142621,-0.128
2018-06,801720.SI,火,0.754552,-0.095703,-0.04359,-0.16319,0.110815,-0.047192,-0.090904
2018-07,801720.SI,土,-0.533925,-0.293872,-0.414044,-0.261125,-0.025392,-0.114283,-0.065347
2018-08,801720.SI,金,0.069819,-0.342994,-0.162224,0.098178,-0.058852,-0.109825,-0.017874
2018-09,801720.SI,金,-0.596514,-0.258627,-0.267835,0.197128,-0.04839,-0.110492,-0.057332
2018-10,801720.SI,土,0.362215,-0.013721,-0.068298,0.256934,0.016494,-0.058556,-0.024202
2018-11,801720.SI,水,-0.285909,-0.229464,0.43952,-0.002477,-0.091641,-0.095591,-0.025461
2018-12,801720.SI,水,-0.168557,1.043853,0.957367,0.084886,-0.05086,-0.021151,-0.050632
2019-01,801720.SI,土,4.024198,2.003255,0.695695,0.061741,-0.055286,-0.03277,-0.062737
2019-02,801720.SI,木,0.79522,-0.014882,-0.308761,-0.278431,-0.225394,-0.16889,-0.098284
2019-03,801720.SI,木,-0.459421,-0.571073,-0.398693,-0.339064,-0.223043,-0.20394,-0.094513
2019-04,801720.SI,土,-0.659664,-0.365817,-0.335203,-0.294858,-0.197848,-0.157963,-0.095436
2019-05,801720.SI,火,0.181741,-0.070862,-0.246771,-0.180013,-0.116239,-0.11313,-0.052896
2019-06,801720.SI,火,-0.269469,-0.398647,-0.273523,-0.116825,-0.125897,-0.13261,-0.056915
2019-07,801720.SI,土,-0.504982,-0.275541,-0.252065,-0.118869,-0.088945,-0.013706,-0.047526
2019-08,801720.SI,金,0.060246,-0.080641,-0.107339,-0.04272,-0.063508,0.083576,0.024949
2019-09,801720.SI,金,-0.202808,-0.180919,0.073673,-0.04119,-0.079809,-0.000995,0.013428
2019-10,801720.SI,土,-0.15843,0.246024,0.038049,0.005508,0.081569,0.011405,0.009948
2019-11,801720.SI,水,0.844854,0.152872,0.026576,-0.040792,0.155891,0.050107,0.022744
2019-12,801720.SI,水,-0.279556,-0.234218,-0.143764,-0.148114,-0.024711,-0.079225,0.035209
2020-01,801720.SI,土,-0.186026,-0.066552,-0.026013,0.104008,0.002677,-0.091775,0.0342
2020-02,801720.SI,木,0.070458,0.065429,-0.103739,0.226534,0.05807,-0.021679,0.063925
2020-03,801720.SI,木,0.060423,-0.1799,-0.152442,0.040885,-0.056649,0.029956,0.050347
2020-04,801720.SI,土,-0.365759,-0.242271,0.251386,0.017337,-0.112693,-0.028265,0.032086
2020-05,801720.SI,火,-0.094739,0.757761,0.678514,0.14962,0.007311,0.011428,0.060529
2020-06,801720.SI,火,2.413075,1.285602,0.278311,-0.004765,0.099095,0.025386,0.064081
2020-07,801720.SI,土,0.530577,-0.217684,-0.172937,-0.252837,-0.106832,-0.080186,-0.003311
2020-08,801720.SI,金,-0.600139,-0.392033,-0.212622,-0.219662,-0.14571,-0.030506,-0.03198
2020-09,801720.SI,金,-0.075617,0.104894,-0.225155,0.019142,-0.047267,0.028059,-0.032835
2020-10,801720.SI,土,0.320655,-0.290592,-0.325019,-0.071823,-0.047013,0.008493,-0.038237
2020-11,801720.SI,水,-0.618932,-0.51745,-0.226639,-0.110152,0.03912,-0.003905,0.014168
2020-12,801720.SI,水,-0.388943,0.101723,0.340463,0.05645,0.129673,0.163864,0.018015
2021-01,801720.SI,土,0.986381,0.985368,0.27635,0.132361,0.152922,0.177647,0.067514
2021-02,801720.SI,木,0.984356,0.023113,0.023881,0.204501,0.083777,0.157019,0.050069
2021-03,801720.SI,木,-0.472494,-0.264531,-0.167386,0.037055,0.110329,0.071142,0.034864
2021-04,801720.SI,土,0.025419,0.046048,0.004615,0.095759,0.146472,0.096185,0.116337
2021-05,801720.SI,火,0.067091,-0.005629,0.416982,0.115027,0.20514,0.112012,0.064587
2021-06,801720.SI,火,-0.073393,0.632849,0.291694,0.282199,0.16497,0.104236,0.051308
2021-07,801720.SI,土,1.877373,0.525077,0.195173,0.224745,0.128527,0.079989,0.086144
2021-08,801720.SI,金,-0.191672,-0.229721,-0.122582,0.11141,0.02571,-0.033451,-0.014935
2021-09,801720.SI,金,-0.265979,-0.085854,0.272774,0.10635,0.048003,-0.090122,-0.010708
2021-10,801720.SI,土,0.138474,0.675996,0.255049,0.096611,0.044117,-0.082802,-0.02653
2021-11,801720.SI,水,1.467305,0.317739,0.407804,0.109006,-0.001772,0.032569,-0.040274
2021-12,801720.SI,水,-0.296222,0.063413,-0.038313,-0.049027,-0.186433,-0.109558,-0.082055
2022-01,801720.SI,土,0.606824,0.124171,-0.041826,-0.047657,-0.17384,-0.03232,-0.085196
2022-02,801720.SI,木,-0.213504,-0.260084,-0.126374,-0.159431,-0.068796,-0.046996,-0.096808
2022-03,801720.SI,木,-0.303905,-0.079254,-0.059621,-0.251704,-0.132113,-0.000185,-0.082732
2022-04,801720.SI,土,0.2179,0.093,-0.053454,-0.232861,-0.02913,0.136859,-0.07886
2022-05,801720.SI,火,-0.019091,-0.165537,-0.191237,-0.038599,-0.018965,0.019184,-0.087028
2022-06,801720.SI,火,-0.290119,-0.265626,-0.404551,-0.166236,0.02045,0.000916,-0.109195
2022-07,801720.SI,土,-0.240287,-0.454652,-0.378264,-0.016735,0.208448,0.092333,-0.102608
2022-08,801720.SI,金,-0.608531,-0.437549,0.142846,0.080478,0.100854,0.003935,-0.121072
2022-09,801720.SI,金,-0.191889,0.952686,0.16746,0.335875,0.190097,0.075637,-0.004797
2022-10,801720.SI,土,3.718393,0.403227,0.555018,0.684764,0.318069,0.033194,0.03631
2022-11,801720.SI,水,-0.582687,-0.107299,0.021515,0.08044,-0.03851,-0.107978,-0.02346
2022-12,801720.SI,水,0.909637,0.598219,0.528583,0.201579,0.046663,-0.053703,-0.000506
2023-01,801720.SI,土,0.337586,0.367598,0.825335,0.213499,-0.098434,-0.135183,-0.05634
2023-02,801720.SI,木,0.398283,1.132323,0.142765,-0.067186,-0.147386,-0.144016,-0.051507
2023-03,801720.SI,木,2.251703,0.03309,-0.05547,-0.133904,-0.193495,-0.158464,-0.080424
2023-04,801720.SI,土,-0.67178,-0.490941,-0.193254,-0.366386,-0.325806,-0.253646,-0.130474
2023-05,801720.SI,火,-0.210465,0.264801,-0.238565,-0.263538,-0.222617,-0.182172,-0.076003
2023-06,801720.SI,火,1.026159,-0.252238,-0.205825,-0.254749,-0.190236,-0.207193,-0.060078
2023-07,801720.SI,土,-0.724035,-0.502793,-0.502362,-0.383676,-0.272754,-0.26276,-0.06298
2023-08,801720.SI,金,-0.104179,-0.331744,-0.287692,-0.214519,-0.16246,-0.230513,-0.002222
2023-09,801720.SI,金,-0.5015,-0.364828,-0.30066,-0.182327,-0.207648,-0.079216,0.009057
2023-10,801720.SI,土,-0.190684,-0.171676,-0.236683,-0.120846,-0.159558,0.039435,0.051756
2023-11,801720.SI,水,-0.152221,-0.258693,-0.133829,-0.091816,-0.210451,0.069065,0.05394
2023-12,801720.SI,水,-0.351794,-0.124484,-0.043971,-0.156601,0.009208,0.055683,0.061336
2024-01,801720.SI,土,0.182538,0.161048,0.01257,-0.118121,0.152113,0.029691,0.114941
2024-02,801720.SI,木,0.139948,-0.06302,-0.047765,-0.246181,0.146756,0.051,0.126091
2024-03,801720.SI,木,-0.22985,-0.129691,-0.255963,0.036897,0.091158,0.004853,0.092965
2024-04,801720.SI,土,-0.016506,-0.268686,-0.231944,0.228937,0.035462,0.013024,0.107173
2024-05,801720.SI,火,-0.456203,-0.32126,-0.403254,0.258446,0.086148,0.043947,0.123418
2024-06,801720.SI,火,-0.152829,-0.374876,0.445029,0.321399,0.110721,0.114335,
2024-07,801720.SI,土,-0.538724,0.88725,0.966375,0.202278,0.110953,0.190937,
2024-08,801720.SI,金,6.721432,3.059935,1.65387,0.465342,0.257887,0.293798,
2024-09,801720.SI,金,1.134717,0.55586,0.208346,-0.026201,0.021869,0.105793,
2024-10,801720.SI,土,0.133968,-0.090889,-0.264906,-0.164954,0.007619,0.064224,
2024-11,801720.SI,水,-0.271159,-0.408146,-0.190907,-0.133991,0.018267,0.039028,
2024-12,801720.SI,水,-0.519386,-0.147526,-0.215221,-0.060282,0.07358,0.06702,
2025-01,801720.SI,土,0.51205,0.002821,-0.051413,0.179704,0.203916,0.207248,
2025-02,801720.SI,木,-0.33491,-0.248667,-0.07307,0.142336,0.129371,0.206546,
2025-03,801720.SI,木,-0.15124,0.094284,0.125246,0.255677,0.182082,0.188803,
2025-04,801720.SI,土,0.410833,0.295623,0.46713,0.3563,0.308287,0.210071,
2025-05,801720.SI,火,0.189821,0.496115,0.407798,0.246613,0.317375,0.208939,
2025-06,801720.SI,火,0.881258,0.531333,0.401227,0.211568,0.210777,,
2025-07,801720.SI,土,0.246496,0.209313,0.253843,0.235435,0.134814,,
2025-08,801720.SI,金,0.173238,0.257533,0.103883,0.274365,0.149104,,
2025-09,801720.SI,金,0.347883,0.070758,0.047579,0.125491,,,
2025-10,801720.SI,土,-0.14939,-0.076464,0.217298,0.079606,,,
2025-11,801720.SI,水,0.002715,0.456231,0.471177,0.172404,,,
2025-12,801720.SI,水,1.114866,0.782003,0.209197,,,,
2026-01,801720.SI,土,0.501531,-0.085668,-0.042511,,,,
2026-02,801720.SI,木,-0.443232,-0.235401,-0.065692,,,,
2026-03,801720.SI,木,0.050011,0.210313,,,,,
2026-04,801720.SI,土,0.395088,,,,,,
2026-05,801720.SI,火,,,,,,,
2014-03,801730.SI,木,-0.331185,-0.169273,0.066981,0.643364,0.37087,0.806146,0.281175
2014-04,801730.SI,土,0.031835,0.347665,0.676219,0.722285,0.599924,1.202512,0.29606
2014-05,801730.SI,火,0.760166,1.136441,0.972439,0.828759,0.718672,1.712778,0.281124
2014-06,801730.SI,火,1.593153,1.08799,1.531109,0.553876,1.152541,1.218885,0.295576
2014-07,801730.SI,土,0.681237,1.500647,0.769616,0.563089,1.41239,0.738047,0.228277
2014-08,801730.SI,金,2.719425,0.815534,0.695546,0.604309,2.016832,0.43771,0.221251
2014-09,801730.SI,金,-0.113798,0.144792,-0.046059,0.985052,1.123617,0.218491,0.142004
2014-10,801730.SI,土,0.478837,-0.010272,0.380665,1.816643,0.727649,0.467683,0.162835
2014-11,801730.SI,水,-0.337613,0.334051,0.517981,3.024128,0.360792,0.504288,0.155666
2014-12,801730.SI,水,1.686787,1.297965,3.130684,2.168498,0.322075,0.604662,0.152794
2015-01,801730.SI,土,0.965412,4.121725,4.746125,0.932587,0.497892,0.047936,0.093273
2015-02,801730.SI,木,12.346856,8.825074,9.667861,0.288411,0.499751,-0.050807,0.080881
2015-03,801730.SI,木,6.232571,8.537324,1.43044,-0.252049,0.170858,-0.091209,-0.031106
2015-04,801730.SI,土,11.576517,0.408903,-0.350015,-0.235226,-0.405725,-0.237339,-0.13176
2015-05,801730.SI,火,-0.842166,-0.852234,-0.844392,-0.437671,-0.576246,-0.394982,-0.249567
2015-06,801730.SI,火,-0.86166,-0.845494,-0.769823,-0.187331,-0.345277,-0.243531,-0.175296
2015-07,801730.SI,土,-0.827438,-0.703094,-0.100165,-0.431762,-0.195596,-0.131977,-0.104803
2015-08,801730.SI,金,-0.489153,1.054808,1.032117,-0.300715,-0.048634,0.037382,-0.025152
2015-09,801730.SI,金,7.265165,3.053009,1.869237,0.104219,0.124694,0.070318,0.026328
2015-10,801730.SI,土,0.987484,0.690534,-0.641163,-0.239446,-0.142329,-0.078694,-0.063547
2015-11,801730.SI,水,0.437951,-0.847527,-0.759364,-0.349051,-0.17091,-0.112163,-0.114825
2015-12,801730.SI,水,-0.983832,-0.901561,-0.575044,-0.295845,-0.22952,-0.17183,-0.129301
2016-01,801730.SI,土,-0.400635,1.178683,0.611992,0.325967,0.261556,0.140571,0.007293
2016-02,801730.SI,木,6.919477,1.643617,0.760895,0.538944,0.371906,0.23084,0.009408
2016-03,801730.SI,木,-0.117529,-0.169668,0.16679,0.037458,0.034455,0.032972,-0.054378
2016-04,801730.SI,土,-0.218726,0.341648,0.090693,0.116036,0.016347,-0.011564,-0.071934
2016-05,801730.SI,火,1.303953,0.288701,0.344969,0.210933,0.09234,-0.069201,-0.090336
2016-06,801730.SI,火,-0.279173,0.027618,-0.077538,-0.025973,-0.008132,-0.100905,-0.17619
2016-07,801730.SI,土,0.464983,0.043535,0.141967,-0.018903,-0.043473,-0.076779,-0.170598
2016-08,801730.SI,金,-0.25667,0.008241,0.090254,-0.01558,-0.176677,-0.083916,-0.219829
2016-09,801730.SI,金,0.367562,0.320386,0.028475,0.028506,-0.108562,-0.015854,-0.200219
2016-10,801730.SI,土,0.274837,-0.108097,-0.157112,-0.124575,-0.139951,-0.048152,-0.25008
2016-11,801730.SI,水,-0.376006,-0.314626,-0.11114,-0.284529,-0.135554,-0.117479,-0.23281
2016-12,801730.SI,水,-0.247207,0.060865,0.028537,-0.170074,-0.030202,-0.084588,-0.228303
2017-01,801730.SI,土,0.495012,0.202243,-0.090783,-0.131241,-0.008787,-0.110411,-0.202645
2017-02,801730.SI,木,-0.033192,-0.290946,-0.424096,-0.147508,-0.119582,-0.172187,-0.151579
2017-03,801730.SI,木,-0.479982,-0.555517,-0.330333,-0.058302,-0.11946,-0.134342,-0.119155
2017-04,801730.SI,土,-0.62008,-0.240059,-0.169899,0.034944,-0.11686,-0.128616,-0.118126
2017-05,801730.SI,火,0.520081,0.227017,0.261916,0.088575,-0.065758,-0.110992,-0.109011
2017-06,801730.SI,火,-0.009546,0.149774,0.324233,0.009703,-0.057006,-0.245171,-0.130427
2017-07,801730.SI,土,0.334721,0.531192,0.290334,-0.089082,-0.114404,-0.254883,-0.1273
2017-08,801730.SI,金,0.756583,0.268697,-0.060955,-0.196153,-0.208962,-0.335577,-0.143799
2017-09,801730.SI,金,-0.08368,-0.313413,-0.23012,-0.204242,-0.374141,-0.350045,-0.157744
2017-10,801730.SI,土,-0.485549,-0.294315,-0.356933,-0.266327,-0.379515,-0.40917,-0.16596
2017-11,801730.SI,水,-0.031993,-0.281028,-0.311885,-0.273973,-0.407942,-0.33307,-0.135654
2017-12,801730.SI,水,-0.465994,-0.419834,-0.177495,-0.435708,-0.385715,-0.349456,-0.100498
2018-01,801730.SI,土,-0.369685,0.020787,-0.162954,-0.390506,-0.425622,-0.285315,-0.052263
2018-02,801730.SI,木,0.65315,-0.035405,-0.233971,-0.450819,-0.339985,-0.130457,-0.025809
2018-03,801730.SI,木,-0.437169,-0.478552,-0.61286,-0.469133,-0.39838,-0.103701,-0.085233
2018-04,801730.SI,土,-0.516892,-0.67892,-0.556198,-0.524203,-0.32199,-0.10751,-0.017326
2018-05,801730.SI,火,-0.786606,-0.574635,-0.606281,-0.387356,-0.092932,-0.107026,0.009188
2018-06,801730.SI,火,-0.152107,-0.465204,-0.272048,-0.250021,0.185716,0.001759,0.132628
2018-07,801730.SI,土,-0.662686,-0.325498,-0.489901,-0.16197,0.126527,0.022129,0.255306
2018-08,801730.SI,金,0.348751,-0.372716,-0.046698,0.376787,0.173248,0.103334,0.325256
2018-09,801730.SI,金,-0.708259,-0.198544,-0.227326,0.513282,0.114253,0.091454,0.322922
2018-10,801730.SI,土,1.201721,0.257465,0.37678,0.674115,0.288614,0.177366,0.437139
2018-11,801730.SI,水,-0.281827,0.088719,0.988396,0.301576,0.158419,0.120197,0.401505
2018-12,801730.SI,水,0.650451,2.308565,1.963765,0.338066,0.22464,0.243735,0.556187
2019-01,801730.SI,土,5.632493,2.97159,1.035662,0.24667,0.117533,0.256785,0.567211
2019-02,801730.SI,木,1.378219,0.127769,-0.148007,-0.115807,-0.074823,0.091433,0.404037
2019-03,801730.SI,木,-0.465204,-0.490049,-0.395897,-0.21279,-0.068844,-0.066384,0.322374
2019-04,801730.SI,土,-0.513741,-0.357944,-0.23652,-0.171986,0.070154,0.08197,0.403164
2019-05,801730.SI,火,-0.152231,-0.043329,-0.08239,-0.035907,0.185361,0.140526,0.500627
2019-06,801730.SI,火,0.079562,-0.045341,0.025818,0.156054,0.079413,0.280594,0.610078
2019-07,801730.SI,土,-0.155793,-4.2e-05,-0.101997,0.266982,0.215312,0.541676,0.688788
2019-08,801730.SI,金,0.184443,-0.073826,0.012932,0.347246,0.226275,0.591816,0.745818
2019-09,801730.SI,金,-0.275779,-0.063273,0.302825,0.107251,0.378876,0.603479,0.707223
2019-10,801730.SI,土,0.211589,0.747406,0.787569,0.413815,0.846,0.754227,0.828761
2019-11,801730.SI,水,1.520185,1.171283,0.7919,0.349247,0.850676,0.753456,0.844306
2019-12,801730.SI,水,0.870684,0.510965,-0.058964,0.41855,0.718392,0.947133,0.696794
2020-01,801730.SI,土,0.220418,-0.332565,0.118208,0.875928,0.743252,0.954311,0.561108
2020-02,801730.SI,木,-0.634986,0.070359,0.015943,0.880783,0.740825,0.806176,0.567769
2020-03,801730.SI,木,2.138702,0.69492,1.138371,1.322098,1.481183,0.873009,0.550281
2020-04,801730.SI,土,-0.084732,0.76502,2.147093,1.176602,1.354059,0.819709,0.358484
2020-05,801730.SI,火,2.403696,4.835661,2.481836,1.278757,1.188048,0.974422,0.445776
2020-06,801730.SI,火,9.005285,2.521576,1.521609,1.672678,0.792086,1.024334,0.512441
2020-07,801730.SI,土,0.239495,0.265908,0.505388,1.035969,0.516,0.849938,0.371437
2020-08,801730.SI,金,0.292883,0.659015,0.491378,0.734528,0.634245,0.91472,0.304544
2020-09,801730.SI,金,1.128832,0.601776,1.832797,0.510773,0.881411,0.817679,0.219942
2020-10,801730.SI,土,0.205209,2.267777,1.753557,0.521335,0.981496,0.906462,0.174974
2020-11,801730.SI,水,7.86018,3.162075,1.01732,0.710732,1.081028,0.939863,0.173682
2020-12,801730.SI,水,0.955137,-0.037411,-0.194282,0.533267,0.567778,0.478641,0.050031
2021-01,801730.SI,土,-0.526081,-0.482767,-0.159466,0.680904,0.686577,0.247016,0.079771
2021-02,801730.SI,木,-0.435495,0.119389,0.450739,1.113632,0.914711,0.360831,0.079846
2021-03,801730.SI,木,1.219699,1.325681,1.91778,1.186932,0.810322,0.28316,0.076827
2021-04,801730.SI,土,1.436723,2.345275,2.361478,1.389084,0.422256,0.014161,0.020019
2021-05,801730.SI,火,3.592588,2.948137,2.079423,1.199684,0.332117,0.058673,-0.031788
2021-06,801730.SI,火,2.394119,1.521595,0.639147,0.42596,-0.024209,0.12999,-0.073021
2021-07,801730.SI,土,0.87337,0.139104,0.69798,-0.074873,-0.319806,0.016705,-0.129899
2021-08,801730.SI,金,-0.307367,0.616542,0.571271,-0.123849,-0.258361,-0.111183,-0.188425
2021-09,801730.SI,金,2.77286,1.366601,0.2405,-0.247119,-0.001778,-0.181232,-0.199773
2021-10,801730.SI,土,0.484498,-0.288688,-0.495954,-0.569491,-0.143063,-0.27585,-0.263566
2021-11,801730.SI,水,-0.659168,-0.706292,-0.511453,-0.490477,-0.264923,-0.289883,-0.291518
2021-12,801730.SI,水,-0.7469,-0.415089,-0.543063,-0.104548,-0.287122,-0.254339,-0.258115
2022-01,801730.SI,土,0.351722,-0.386043,-0.632299,0.117348,-0.182889,-0.065043,-0.281367
2022-02,801730.SI,木,-0.721138,-0.808222,-0.468601,-0.098334,-0.195602,-0.143122,-0.254959
2022-03,801730.SI,木,-0.868111,-0.266438,0.754803,-0.109579,-0.122116,-0.096327,-0.199749
2022-04,801730.SI,土,3.080049,5.400866,2.395331,0.218076,0.276117,0.025911,-0.132647
2022-05,801730.SI,火,9.041813,2.097352,0.529928,-0.010316,0.004813,-0.11452,-0.184353
2022-06,801730.SI,火,-0.044636,-0.402826,-0.548183,-0.379072,-0.275666,-0.239561,-0.299177
2022-07,801730.SI,土,-0.626722,-0.689287,-0.563015,-0.217662,-0.311582,-0.255364,-0.296078
2022-08,801730.SI,金,-0.741366,-0.527193,-0.359791,-0.185685,-0.262071,-0.258955,-0.280462
2022-09,801730.SI,金,-0.135664,0.007256,-0.146664,-0.082878,-0.095451,-0.217893,-0.141734
2022-10,801730.SI,土,0.173808,-0.152111,0.400627,-0.135939,-0.110588,-0.251073,-0.117953
2022-11,801730.SI,水,-0.387535,0.529979,0.03577,-0.207752,-0.221929,-0.293149,-0.118522
2022-12,801730.SI,水,2.821992,0.34696,-0.014325,-0.068704,-0.24029,-0.261872,-0.127726
2023-01,801730.SI,土,-0.525299,-0.499441,-0.466952,-0.29125,-0.392128,-0.447639,-0.190391
2023-02,801730.SI,木,-0.472173,-0.435141,-0.39402,-0.325632,-0.377676,-0.3522,-0.138519
2023-03,801730.SI,木,-0.395511,-0.350705,-0.120082,-0.333032,-0.329708,-0.291334,-0.129198
2023-04,801730.SI,土,-0.302578,0.06162,-0.057633,-0.350866,-0.441048,-0.2667,-0.148127
2023-05,801730.SI,火,0.616004,0.095424,-0.249527,-0.36934,-0.337628,-0.248679,-0.125899
2023-06,801730.SI,火,-0.257456,-0.488576,-0.494445,-0.414974,-0.340662,-0.354119,-0.115032
2023-07,801730.SI,土,-0.647759,-0.582851,-0.552854,-0.569521,-0.32552,-0.334566,-0.0885
2023-08,801730.SI,金,-0.505982,-0.496205,-0.470025,-0.377721,-0.248396,-0.301344,0.022552
2023-09,801730.SI,金,-0.486234,-0.451077,-0.323011,-0.247029,-0.299167,-0.05816,0.159159
2023-10,801730.SI,土,-0.413514,-0.222877,-0.585566,-0.171621,-0.240274,0.038829,0.197629
2023-11,801730.SI,水,0.029725,-0.65162,-0.26934,-0.104932,-0.233935,0.099245,0.203028
2023-12,801730.SI,水,-0.882135,-0.384522,-0.162518,-0.286933,0.051419,0.030801,0.20914
2024-01,801730.SI,土,2.213955,1.232391,0.655782,0.028627,0.411151,0.186664,0.348286
2024-02,801730.SI,木,0.550604,0.188461,0.09647,-0.215594,0.259566,0.145647,0.317869
2024-03,801730.SI,木,-0.089103,-0.077971,-0.392864,0.178084,0.104692,0.070033,0.277473
2024-04,801730.SI,土,-0.066701,-0.504328,-0.360983,0.302743,0.061946,-0.010381,0.338767
2024-05,801730.SI,火,-0.73675,-0.47124,-0.438842,0.349998,0.162524,0.016946,0.349235
2024-06,801730.SI,火,0.062058,-0.180699,1.285948,0.490113,0.292511,0.212558,
2024-07,801730.SI,土,-0.367969,2.35371,1.65586,0.368982,0.14495,0.248557,
2024-08,801730.SI,金,16.795591,4.444257,2.24774,0.673249,0.239849,0.496606,
2024-09,801730.SI,金,0.665577,0.387445,-0.028659,-0.028107,-0.018445,0.426622,
2024-10,801730.SI,土,0.155757,-0.25822,-0.294349,-0.248244,-0.029171,0.380703,
2024-11,801730.SI,水,-0.523916,-0.448619,-0.137935,-0.233941,0.155978,0.316609,
2024-12,801730.SI,水,-0.361413,0.160026,-0.027555,-0.013298,0.621641,0.418333,
2025-01,801730.SI,土,1.107249,0.200017,-0.199126,0.138726,0.726913,0.531921,
2025-02,801730.SI,木,-0.316625,-0.506271,-0.319254,0.338612,0.516221,0.515981,
2025-03,801730.SI,木,-0.643288,-0.320565,0.001168,1.09411,0.608482,0.525127,
2025-04,801730.SI,土,0.294129,0.677265,0.619102,1.53585,0.901634,0.811099,
2025-05,801730.SI,火,1.173831,0.811017,1.632234,1.262826,0.979687,0.790101,
2025-06,801730.SI,火,0.508758,1.896502,3.380181,1.038782,0.754846,,
2025-07,801730.SI,土,4.560685,6.463256,2.971667,1.060883,0.88003,,
2025-08,801730.SI,金,9.016786,2.356565,0.945261,0.716851,0.574207,,
2025-09,801730.SI,金,0.124765,-0.14276,-0.051037,0.11074,,,
2025-10,801730.SI,土,-0.346654,-0.128348,0.069384,0.293483,,,
2025-11,801730.SI,水,0.162902,0.368135,0.515261,0.416132,,,
2025-12,801730.SI,水,0.609588,0.729656,0.300097,,,,
2026-01,801730.SI,土,0.858681,0.16844,0.564545,,,,
2026-02,801730.SI,木,-0.265473,0.435422,0.323488,,,,
2026-03,801730.SI,木,1.805119,0.776545,,,,,
2026-04,801730.SI,土,0.125126,,,,,,
2026-05,801730.SI,火,,,,,,,
2014-03,801740.SI,木,-0.015879,0.231567,0.746618,1.475061,1.039528,1.137496,0.33996
2014-04,801740.SI,土,0.54123,1.326874,1.418211,1.581411,1.188204,1.675124,0.293279
2014-05,801740.SI,火,2.513002,2.029058,1.540702,1.256654,1.243659,2.371955,0.257752
2014-06,801740.SI,火,1.611781,1.160685,2.507307,1.203919,1.286341,1.596482,0.240043
2014-07,801740.SI,土,0.7875,3.064362,1.755625,1.081539,1.766689,1.213192,0.203519
2014-08,801740.SI,金,8.241416,2.421426,1.004363,1.108426,2.705593,0.815262,0.200599
2014-09,801740.SI,金,0.266706,-0.066541,0.384896,0.84597,1.348853,0.260115,0.053673
2014-10,801740.SI,土,-0.312117,0.448065,0.57235,1.772238,1.057243,0.488975,0.057864
2014-11,801740.SI,水,2.048325,1.377203,1.217893,4.038467,0.756279,0.463394,0.086467
2014-12,801740.SI,水,0.853836,0.891822,1.460549,2.058969,0.221071,0.28499,0.022848
2015-01,801740.SI,土,0.930586,1.834734,3.887784,1.353172,0.462177,-0.120651,0.026356
2015-02,801740.SI,木,3.162319,6.777202,10.446067,0.56286,0.273996,-0.202345,0.005395
2015-03,801740.SI,木,13.531532,17.980897,2.80293,-0.139808,0.034798,-0.160002,-0.052591
2015-04,801740.SI,土,23.7926,0.945457,0.13291,-0.200269,-0.503586,-0.374769,-0.176999
2015-05,801740.SI,火,-0.847341,-0.757823,-0.786605,-0.574966,-0.671753,-0.530854,-0.341612
2015-06,801740.SI,火,-0.615813,-0.747701,-0.805431,-0.460211,-0.492232,-0.407773,-0.268915
2015-07,801740.SI,土,-0.834313,-0.861536,-0.435463,-0.671399,-0.487152,-0.345535,-0.246045
2015-08,801740.SI,金,-0.884285,0.042067,-0.153428,-0.592892,-0.389972,-0.205934,-0.173163
2015-09,801740.SI,金,8.384312,1.289821,0.49753,-0.179722,-0.141724,-0.118948,-0.085077
2015-10,801740.SI,土,-0.441272,-0.401779,-0.808731,-0.511194,-0.312481,-0.248425,-0.187919
2015-11,801740.SI,水,-0.359494,-0.888091,-0.804226,-0.482164,-0.222702,-0.193374,-0.184024
2015-12,801740.SI,水,-0.980447,-0.891764,-0.550689,-0.35024,-0.261739,-0.185817,-0.176192
2016-01,801740.SI,土,-0.400852,1.153851,0.24919,0.303481,0.185991,0.19794,-0.051658
2016-02,801740.SI,木,6.742793,0.803747,0.369712,0.548829,0.293136,0.267239,-0.051106
2016-03,801740.SI,木,-0.579802,-0.423904,-0.060367,-0.053673,-0.007385,0.068555,-0.099671
2016-04,801740.SI,土,-0.210166,0.40511,0.360132,0.155602,0.181328,0.083328,-0.078682
2016-05,801740.SI,火,1.499682,0.784857,0.751369,0.256469,0.234814,-0.076034,-0.120286
2016-06,801740.SI,火,0.274448,0.465967,-0.04693,0.020215,0.115346,-0.097501,-0.188831
2016-07,801740.SI,土,0.686267,-0.175813,-0.018172,0.100945,0.004199,-0.131432,-0.178427
2016-08,801740.SI,金,-0.597167,-0.250814,-0.098583,0.036845,-0.25341,-0.139039,-0.220758
2016-09,801740.SI,金,0.393331,0.348423,0.092092,0.206569,-0.113754,-0.049904,-0.176549
2016-10,801740.SI,土,0.304962,-0.033144,0.234513,0.015575,-0.166204,-0.122542,-0.234941
2016-11,801740.SI,水,-0.28365,0.200728,0.192618,-0.320545,-0.152116,-0.174566,-0.229215
2016-12,801740.SI,水,1.012629,0.538826,0.333046,-0.201635,-0.093007,-0.166455,-0.241827
2017-01,801740.SI,土,0.176563,0.08489,-0.164535,-0.314762,-0.216925,-0.249251,-0.256372
2017-02,801740.SI,木,0.00036,-0.29598,-0.612903,-0.285086,-0.269855,-0.28948,-0.183383
2017-03,801740.SI,木,-0.504534,-0.759203,-0.521856,-0.25186,-0.287217,-0.241412,-0.140455
2017-04,801740.SI,土,-0.882972,-0.530289,-0.437976,-0.241875,-0.275536,-0.216464,-0.147926
2017-05,801740.SI,火,0.885266,0.231652,0.320345,0.002776,-0.130048,-0.162419,-0.07558
2017-06,801740.SI,火,-0.195357,0.104956,0.170598,-0.129724,-0.115248,-0.27092,-0.099961
2017-07,801740.SI,土,0.517353,0.411919,0.02265,-0.177477,-0.124694,-0.222879,-0.069351
2017-08,801740.SI,金,0.313812,-0.160449,-0.238412,-0.293846,-0.280319,-0.294721,-0.064764
2017-09,801740.SI,金,-0.463511,-0.420153,-0.352997,-0.230819,-0.377368,-0.286313,-0.107973
2017-10,801740.SI,土,-0.373291,-0.289476,-0.33844,-0.190202,-0.290843,-0.332942,-0.106709
2017-11,801740.SI,水,-0.194452,-0.320294,-0.345245,-0.3004,-0.31255,-0.280246,-0.097091
2017-12,801740.SI,水,-0.426478,-0.4097,-0.085569,-0.389207,-0.262591,-0.310384,-0.063463
2018-01,801740.SI,土,-0.392432,0.154652,-0.008748,-0.265775,-0.3311,-0.263425,-0.026466
2018-02,801740.SI,木,1.19436,0.266131,-0.252484,-0.295595,-0.257176,-0.061443,-0.001808
2018-03,801740.SI,木,-0.269451,-0.563708,-0.592022,-0.337803,-0.372289,-0.026062,-0.075633
2018-04,801740.SI,土,-0.739442,-0.695118,-0.456156,-0.450522,-0.332843,-0.073393,-0.029497
2018-05,801740.SI,火,-0.643255,-0.214296,-0.33622,-0.259512,0.012529,0.020263,0.028666
2018-06,801740.SI,火,0.730456,-0.094564,0.074823,-0.221388,0.301656,0.111085,0.089553
2018-07,801740.SI,土,-0.526244,-0.152918,-0.44483,-0.261067,0.106715,0.114508,0.20388
2018-08,801740.SI,金,0.514594,-0.399018,-0.173938,0.250544,0.177447,0.24017,0.28443
2018-09,801740.SI,金,-0.761534,-0.389943,-0.435966,0.432438,0.123442,0.114931,0.231631
2018-10,801740.SI,土,0.56068,-0.13255,-0.016478,0.562575,0.405947,0.196251,0.279673
2018-11,801740.SI,水,-0.517858,-0.219237,0.893151,0.405743,0.420052,0.132672,0.305758
2018-12,801740.SI,水,0.264338,2.751374,2.63786,0.585525,0.399251,0.271867,0.417479
2019-01,801740.SI,土,10.130571,5.170742,1.482547,0.680975,0.276933,0.286725,0.330148
2019-02,801740.SI,木,2.421033,0.172432,0.043822,0.229883,-0.045571,0.061617,0.193599
2019-03,801740.SI,木,-0.598193,-0.423418,-0.308965,-0.132198,-0.104002,-0.122681,0.083826
2019-04,801740.SI,土,-0.172621,-0.093764,0.138217,-0.084194,0.03359,0.016478,0.102576
2019-05,801740.SI,火,-0.007391,0.335012,0.449108,-0.087354,0.067615,0.037137,0.181686
2019-06,801740.SI,火,0.795528,0.750903,0.089785,0.020259,-0.05003,0.068438,0.188323
2019-07,801740.SI,土,0.707387,-0.150985,-0.263145,-0.01506,-0.021136,0.30042,0.178925
2019-08,801740.SI,金,-0.577819,-0.515931,-0.425217,-0.083628,-0.072285,0.330269,0.243877
2019-09,801740.SI,金,-0.44497,-0.329334,-0.044831,-0.11306,0.061415,0.360545,0.221379
2019-10,801740.SI,土,-0.189606,0.253032,0.316551,0.128216,0.57151,0.368913,0.276882
2019-11,801740.SI,水,0.937439,0.678063,0.460964,0.178611,0.759616,0.505294,0.369192
2019-12,801740.SI,水,0.453411,0.26866,-0.176415,0.118891,0.530818,0.579762,0.325224
2020-01,801740.SI,土,0.107394,-0.380033,-0.033177,0.716948,0.386825,0.375037,0.182053
2020-02,801740.SI,木,-0.652915,-0.096622,-0.049174,0.931111,0.520367,0.341989,0.208551
2020-03,801740.SI,木,1.351278,0.573744,0.520083,1.087041,0.962845,0.338942,0.189133
2020-04,801740.SI,土,0.053329,0.222219,2.049067,0.660959,0.546334,0.195966,0.067647
2020-05,801740.SI,火,0.418188,4.187624,2.922052,0.922525,0.50533,0.34638,0.123777
2020-06,801740.SI,火,17.975929,5.522335,1.865463,1.230464,0.283492,0.321661,0.152115
2020-07,801740.SI,土,1.241832,0.113501,-0.095203,0.101213,-0.12454,0.068781,0.029059
2020-08,801740.SI,金,-0.446932,-0.425189,-0.05761,-0.06741,-0.057274,0.163096,-0.026528
2020-09,801740.SI,金,-0.402591,0.230147,0.736184,-0.141001,0.021163,0.096448,-0.027733
2020-10,801740.SI,土,1.533039,1.959767,0.340269,-0.13885,0.129799,0.191039,0.04954
2020-11,801740.SI,水,2.458383,-0.025085,-0.077108,-0.057105,0.247605,0.245397,-0.01735
2020-12,801740.SI,水,-0.725172,-0.523251,-0.575,-0.21685,-0.059298,0.111699,-0.088742
2021-01,801740.SI,土,-0.172974,-0.471489,-0.446693,0.037304,0.145084,0.016154,-0.007828
2021-02,801740.SI,木,-0.662256,-0.547426,-0.036669,0.450575,0.376237,0.08838,0.006547
2021-03,801740.SI,木,-0.393556,0.62693,0.443113,0.399533,0.531746,0.056086,0.033526
2021-04,801740.SI,土,3.36463,1.226154,0.944671,0.647302,0.244393,-0.046905,0.050652
2021-05,801740.SI,火,0.135437,0.298062,1.184263,0.644949,0.133572,-0.062023,-0.013537
2021-06,801740.SI,火,0.483981,2.029535,0.35727,0.578083,-0.048303,0.004318,0.000883
2021-07,801740.SI,土,5.184774,0.298031,0.395405,-0.004565,-0.248551,-0.009187,-0.037041
2021-08,801740.SI,金,-0.727575,-0.337191,0.238796,-0.183378,-0.292345,-0.185236,-0.125026
2021-09,801740.SI,金,0.612616,1.641657,0.83482,-0.203079,-0.091609,-0.137849,-0.083015
2021-10,801740.SI,土,3.327348,0.957152,-0.28989,-0.448559,-0.116062,-0.075149,-0.111926
2021-11,801740.SI,水,-0.114828,-0.712341,-0.461677,-0.465149,-0.291442,-0.224664,-0.162096
2021-12,801740.SI,水,-0.906518,-0.580193,-0.653872,-0.360835,-0.329735,-0.253044,-0.165579
2022-01,801740.SI,土,0.885266,-0.333974,-0.571774,-0.013788,0.009998,-0.031244,-0.178715
2022-02,801740.SI,木,-0.764707,-0.795909,-0.468599,-0.187091,-0.1244,-0.069133,-0.150221
2022-03,801740.SI,木,-0.822975,-0.201401,0.180291,-0.067279,-0.034732,0.011448,-0.07772
2022-04,801740.SI,土,2.602644,2.047654,1.271264,0.551115,0.271729,0.158194,-0.01867
2022-05,801740.SI,火,1.57816,0.803395,0.243546,0.12395,0.122128,0.037455,-0.061208
2022-06,801740.SI,火,0.261455,-0.13635,-0.26292,-0.127074,-0.039284,-0.002541,-0.114811
2022-07,801740.SI,土,-0.408706,-0.436575,0.059304,-0.048392,-0.074693,-0.064112,-0.104007
2022-08,801740.SI,金,-0.463131,0.417846,0.015857,0.065941,-0.023351,-0.060367,-0.125901
2022-09,801740.SI,金,2.744465,0.397381,0.033808,0.096821,0.103288,-0.024695,-0.01876
2022-10,801740.SI,土,-0.478517,-0.456794,-0.145138,-0.135194,-0.101969,-0.14724,-0.025018
2022-11,801740.SI,水,-0.434165,0.09452,0.118493,-0.042383,-0.084482,-0.094479,-0.011208
2022-12,801740.SI,水,1.11718,0.572552,0.163674,0.139759,-0.04345,-0.067871,-0.00096
2023-01,801740.SI,土,0.168025,-0.137284,-0.125134,-0.079573,-0.147939,-0.303737,-0.067598
2023-02,801740.SI,木,-0.362788,-0.242843,-0.180121,-0.171707,-0.156043,-0.224246,-0.056795
2023-03,801740.SI,木,-0.10032,-0.07,0.116336,-0.132747,-0.13432,-0.159027,-0.028381
2023-04,801740.SI,土,-0.038658,0.243508,-0.03164,-0.159117,-0.354766,-0.168526,-0.036187
2023-05,801740.SI,火,0.608493,-0.028112,-0.163207,-0.14374,-0.23842,-0.150489,-0.00448
2023-06,801740.SI,火,-0.412763,-0.396444,-0.326254,-0.237678,-0.234795,-0.214445,0.027768
2023-07,801740.SI,土,-0.379673,-0.278332,-0.269813,-0.473308,-0.209711,-0.1422,0.066871
2023-08,801740.SI,金,-0.160436,-0.207789,-0.12382,-0.273452,-0.146206,-0.186865,0.140858
2023-09,801740.SI,金,-0.252472,-0.104918,-0.137456,-0.18451,-0.173195,-0.012789,0.106974
2023-10,801740.SI,土,0.071761,-0.073473,-0.620091,-0.177829,-0.094886,0.114721,0.10927
2023-11,801740.SI,水,-0.199027,-0.773811,-0.397531,-0.157184,-0.206856,0.079721,0.097399
2023-12,801740.SI,水,-0.936126,-0.477491,-0.228998,-0.190505,0.032649,0.070754,0.19919
2024-01,801740.SI,土,3.274288,1.678687,0.779279,0.397059,0.595861,0.248629,0.372033
2024-02,801740.SI,木,0.678727,0.14798,0.179046,-0.089959,0.311506,0.146801,0.337546
2024-03,801740.SI,木,-0.214966,-0.011888,-0.15009,0.195092,0.194632,0.122561,0.200169
2024-04,801740.SI,土,0.243724,-0.115668,0.096947,0.511369,0.109592,0.117215,0.267357
2024-05,801740.SI,火,-0.371208,0.030188,-0.29759,0.383216,0.13625,0.166622,0.266694
2024-06,801740.SI,火,0.687817,-0.257609,0.680464,0.416331,0.231654,0.344663,
2024-07,801740.SI,土,-0.673457,0.6768,1.082358,0.115969,0.124054,0.3269,
2024-08,801740.SI,金,7.610376,4.258515,1.723888,0.445158,0.381582,0.600665,
2024-09,801740.SI,金,2.211471,0.53205,0.193714,0.054432,0.248365,0.241267,
2024-10,801740.SI,土,-0.269127,-0.272223,-0.401935,-0.174147,0.141824,0.103845,
2024-11,801740.SI,水,-0.275306,-0.458994,-0.233272,-0.016056,0.340718,0.115367,
2024-12,801740.SI,水,-0.596122,-0.211349,-0.068599,0.276621,0.257536,0.343033,
2025-01,801740.SI,土,0.539999,0.414426,0.1404,0.577699,0.354029,0.507634,
2025-02,801740.SI,木,0.299093,-0.018646,0.262698,0.772905,0.263795,0.560018,
2025-03,801740.SI,木,-0.25867,0.244885,0.749796,0.461209,0.517295,0.283142,
2025-04,801740.SI,土,1.090485,1.688286,1.182685,0.475412,0.65466,0.437676,
2025-05,801740.SI,火,2.457036,1.230299,1.489267,0.264344,0.673939,0.375349,
2025-06,801740.SI,火,0.438872,1.112299,0.220217,0.4129,0.157099,,
2025-07,801740.SI,土,2.100906,0.123685,-0.002677,0.44068,0.250886,,
2025-08,801740.SI,金,-0.592807,-0.4344,-0.357817,0.372694,0.128565,,
2025-09,801740.SI,金,-0.21437,-0.19353,0.636009,0.126775,,,
2025-10,801740.SI,土,-0.172137,1.360857,1.081129,0.400904,,,
2025-11,801740.SI,水,5.732567,2.299661,1.934189,0.4961,,,
2025-12,801740.SI,水,0.617178,0.937054,-0.223952,,,,
2026-01,801740.SI,土,1.320201,-0.462406,-0.056986,,,,
2026-02,801740.SI,木,-0.875439,-0.398807,-0.237161,,,,
2026-03,801740.SI,木,1.901654,0.887809,,,,,
2026-04,801740.SI,土,0.228205,,,,,,
2026-05,801740.SI,火,,,,,,,
2014-03,801750.SI,木,-0.314379,0.367244,0.494612,0.807933,0.493981,1.414173,0.450257
2014-04,801750.SI,土,1.726515,1.206738,0.708059,0.946393,0.94442,1.86101,0.425677
2014-05,801750.SI,火,0.78605,0.351918,0.588503,0.907765,1.170465,2.540974,0.378973
2014-06,801750.SI,火,0.023309,0.498081,1.186937,0.493665,1.832577,1.644274,0.389807
2014-07,801750.SI,土,1.193127,2.197061,1.217982,1.074597,2.397751,1.181281,0.353613
2014-08,801750.SI,金,3.660559,1.230515,1.291193,1.537085,3.625595,0.623192,0.327718
2014-09,801750.SI,金,0.067511,0.606473,0.020165,2.223698,1.817062,0.44483,0.222834
2014-10,801750.SI,土,1.417544,-0.002715,0.940481,3.205409,1.169183,0.779329,0.238412
2014-11,801750.SI,水,-0.5886,0.738509,1.809367,5.572349,0.447014,0.781813,0.203296
2014-12,801750.SI,水,6.346655,6.34143,9.186817,3.681225,0.622553,1.002911,0.181325
2015-01,801750.SI,土,6.336209,10.995351,8.11396,1.293452,0.728642,0.176156,0.062024
2015-02,801750.SI,木,18.613459,9.158389,14.375623,0.038496,0.5309,-0.058141,-0.003604
2015-03,801750.SI,木,4.26133,12.613568,1.151198,-0.352441,0.164669,-0.128793,-0.125945
2015-04,801750.SI,土,34.224792,0.375539,-0.422872,-0.247158,-0.405638,-0.289567,-0.200377
2015-05,801750.SI,火,-0.946285,-0.926127,-0.929858,-0.516937,-0.628718,-0.462982,-0.328071
2015-06,801750.SI,火,-0.898406,-0.919848,-0.80507,-0.143034,-0.355433,-0.269529,-0.219055
2015-07,801750.SI,土,-0.936764,-0.729989,-0.017944,-0.396829,-0.238611,-0.160003,-0.16164
2015-08,801750.SI,金,0.152924,2.870106,2.326832,-0.145785,0.058422,0.08603,-0.018217
2015-09,801750.SI,金,11.991082,4.65127,2.767469,0.172096,0.134604,0.034947,-0.018223
2015-10,801750.SI,土,1.458367,1.028859,-0.629537,-0.329588,-0.202633,-0.138065,-0.139381
2015-11,801750.SI,水,0.674391,-0.856188,-0.780667,-0.403002,-0.252211,-0.187388,-0.185383
2015-12,801750.SI,水,-0.987648,-0.920617,-0.635349,-0.377353,-0.327218,-0.303249,-0.213702
2016-01,801750.SI,土,-0.48982,0.9813,0.213217,0.169809,0.142135,-0.041033,-0.073123
2016-02,801750.SI,木,6.694437,0.870881,0.62496,0.380755,0.257408,0.05409,-0.041362
2016-03,801750.SI,木,-0.545101,-0.25325,0.063179,-0.086155,-0.135408,-0.123088,-0.058861
2016-04,801750.SI,土,0.225845,0.625368,0.127954,0.108172,-0.113337,-0.099989,-0.032369
2016-05,801750.SI,火,1.155102,0.08198,0.17325,0.106096,-0.087521,-0.159268,-0.072058
2016-06,801750.SI,火,-0.456787,-0.134331,-0.214513,-0.220325,-0.17762,-0.165093,-0.139331
2016-07,801750.SI,土,0.379537,-0.055453,0.088737,-0.213874,-0.16523,-0.163274,-0.123634
2016-08,801750.SI,金,-0.353284,-0.032797,0.042786,-0.19529,-0.247661,-0.112458,-0.148901
2016-09,801750.SI,金,0.446512,0.324147,-0.226095,-0.158529,-0.147939,-0.068662,-0.145378
2016-10,801750.SI,土,0.212133,-0.433929,-0.432375,-0.269048,-0.233574,-0.140695,-0.212986
2016-11,801750.SI,水,-0.735643,-0.611566,-0.379012,-0.360968,-0.158889,-0.183372,-0.202009
2016-12,801750.SI,水,-0.429254,-0.048236,-0.085063,-0.105949,-0.009364,-0.112647,-0.18165
2017-01,801750.SI,土,0.58714,0.158418,-0.058726,-0.109417,-0.01332,-0.104138,-0.158518
2017-02,801750.SI,木,-0.154497,-0.275119,-0.3424,-0.0211,-0.105313,-0.128172,-0.066187
2017-03,801750.SI,木,-0.378533,-0.420057,-0.126357,0.030803,-0.121655,0.010069,0.008256
2017-04,801750.SI,土,-0.458807,0.035837,-0.157379,0.010197,-0.118783,0.040331,-0.009921
2017-05,801750.SI,火,0.98258,0.051411,0.457185,0.04358,-0.042246,0.024198,-0.013331
2017-06,801750.SI,火,-0.442411,0.249271,0.216235,-0.119295,0.060125,-0.112774,-0.030272
2017-07,801750.SI,土,1.798978,0.79626,0.2111,-0.098828,0.116053,-0.082115,-0.013112
2017-08,801750.SI,金,0.152759,-0.203345,-0.252629,-0.223532,-0.089373,-0.183847,-0.03983
2017-09,801750.SI,金,-0.449444,-0.398224,-0.36226,-0.010247,-0.201319,-0.215775,-0.028503
2017-10,801750.SI,土,-0.342238,-0.313619,-0.329443,0.071364,-0.16313,-0.279195,0.00163
2017-11,801750.SI,水,-0.283756,-0.322952,-0.193302,0.005177,-0.159541,-0.220221,0.004565
2017-12,801750.SI,水,-0.360004,-0.143877,0.536064,-0.106205,-0.159818,-0.245287,0.057032
2018-01,801750.SI,土,0.145236,1.379718,0.711743,-0.065092,-0.261622,-0.209597,0.117737
2018-02,801750.SI,木,3.944882,1.092715,0.252489,-0.142134,-0.228993,0.000205,0.168942
2018-03,801750.SI,木,-0.114345,-0.369648,-0.479924,-0.378623,-0.404466,0.006446,0.021175
2018-04,801750.SI,土,-0.551356,-0.601464,-0.489379,-0.515048,-0.389079,-0.057746,0.064435
2018-05,801750.SI,火,-0.645975,-0.455249,-0.412423,-0.395076,-0.072044,-0.049486,0.088096
2018-06,801750.SI,火,-0.161774,-0.243028,-0.257591,-0.362726,0.254195,0.059901,0.199531
2018-07,801750.SI,土,-0.316405,-0.301311,-0.539427,-0.331767,0.155733,0.061079,0.246714
2018-08,801750.SI,金,-0.285883,-0.621951,-0.377217,0.166161,0.115809,0.129601,0.264939
2018-09,801750.SI,金,-0.799863,-0.418406,-0.452973,0.630145,0.193455,0.203489,0.224776
2018-10,801750.SI,土,0.690107,-0.095621,-0.030478,0.830785,0.401406,0.391864,0.289712
2018-11,801750.SI,水,-0.516066,-0.26569,1.183638,0.493539,0.377594,0.294149,0.244941
2018-12,801750.SI,水,0.114225,3.638502,3.857842,0.762805,0.56526,0.480452,0.274682
2019-01,801750.SI,土,18.310016,9.143286,2.457138,0.684873,0.570158,0.580633,0.238219
2019-02,801750.SI,木,4.328128,0.462796,0.021532,0.094187,0.087057,0.366144,0.085047
2019-03,801750.SI,木,-0.598401,-0.552708,-0.360316,-0.111499,-0.003728,0.036119,-0.002189
2019-04,801750.SI,土,-0.501817,-0.192669,-0.17886,0.058173,0.217688,0.20246,0.025727
2019-05,801750.SI,火,0.30832,0.054221,0.172008,0.121378,0.505144,0.245592,0.099104
2019-06,801750.SI,火,-0.150528,0.109274,0.234102,0.243324,0.216814,0.357557,0.10498
2019-07,801750.SI,土,0.448533,0.487482,0.363627,0.482843,0.365489,0.464825,0.088138
2019-08,801750.SI,金,0.527478,0.323059,0.072936,0.705697,0.271132,0.416493,0.062859
2019-09,801750.SI,金,0.145997,-0.100765,0.252616,0.208261,0.401394,0.246439,0.03784
2019-10,801750.SI,土,-0.294393,0.309589,0.612482,0.366422,0.5002,0.195056,0.031561
2019-11,801750.SI,水,1.430567,1.437591,1.711627,0.383564,0.553918,0.197603,0.085722
2019-12,801750.SI,水,1.444635,1.86412,0.165477,0.482285,0.244386,0.097511,0.054765
2020-01,801750.SI,土,2.355585,-0.195273,0.157909,0.447027,0.081483,-0.030018,-0.027963
2020-02,801750.SI,木,-0.807013,-0.319814,-0.294059,0.176324,-0.087974,-0.138212,-0.063652
2020-03,801750.SI,木,1.397326,0.350169,0.885209,0.285822,0.075749,-0.03908,-0.057112
2020-04,801750.SI,土,-0.239587,0.671767,0.808333,0.045182,-0.08562,-0.125031,-0.171875
2020-05,801750.SI,火,2.67538,1.788643,0.960135,0.036637,-0.078961,-0.030156,-0.153266
2020-06,801750.SI,火,1.115844,0.431455,-0.122994,-0.187382,-0.23241,-0.100605,-0.164657
2020-07,801750.SI,土,-0.031562,-0.435373,-0.395904,-0.349794,-0.313094,-0.191682,-0.194442
2020-08,801750.SI,金,-0.670806,-0.522885,-0.451764,-0.368644,-0.23292,-0.202489,-0.217094
2020-09,801750.SI,金,-0.308497,-0.292502,-0.247043,-0.281886,-0.093015,-0.135849,-0.214926
2020-10,801750.SI,土,-0.276136,-0.214297,-0.300165,-0.267525,-0.10928,-0.109567,-0.141214
2020-11,801750.SI,水,-0.147174,-0.311878,-0.272922,-0.092645,-0.096365,-0.015707,-0.12948
2020-12,801750.SI,水,-0.444774,-0.328662,-0.315118,-0.004561,-0.095249,0.013684,-0.130802
2021-01,801750.SI,土,-0.188269,-0.239343,-0.233362,0.004879,-0.035128,-0.025904,-0.053945
2021-02,801750.SI,木,-0.287204,-0.25496,0.132332,0.007394,0.088861,0.017357,-0.018929
2021-03,801750.SI,木,-0.221258,0.427177,0.446817,0.039887,0.15522,-0.074805,0.065829
2021-04,801750.SI,土,1.615545,0.972077,0.317156,0.082454,0.055047,-0.216211,0.038655
2021-05,801750.SI,火,0.486913,-0.065294,-0.103759,0.067755,-0.018312,-0.260749,-0.001995
2021-06,801750.SI,火,-0.412424,-0.304184,-0.252591,0.032262,-0.202912,-0.224148,-0.017137
2021-07,801750.SI,土,-0.176004,-0.157043,-0.110428,-0.055745,-0.340746,-0.197193,-0.016505
2021-08,801750.SI,金,-0.137647,-0.075708,0.272091,0.027419,-0.306711,-0.231431,-0.027169
2021-09,801750.SI,金,-0.00932,0.545022,0.42568,-0.176847,-0.214428,-0.286766,-0.042234
2021-10,801750.SI,土,1.409551,0.710276,0.002299,-0.43247,-0.224192,-0.171735,-0.060237
2021-11,801750.SI,水,0.213938,-0.35356,-0.170193,-0.488186,-0.350263,-0.230103,-0.082383
2021-12,801750.SI,水,-0.655761,-0.313931,-0.524732,-0.416867,-0.433801,-0.254693,-0.098813
2022-01,801750.SI,土,0.367338,-0.441557,-0.678648,-0.317453,-0.222752,-0.081178,-0.17678
2022-02,801750.SI,木,-0.771923,-0.844212,-0.68432,-0.425066,-0.249096,-0.05392,-0.11817
2022-03,801750.SI,木,-0.89359,-0.62861,-0.284522,-0.382007,-0.1341,0.22784,-0.064401
2022-04,801750.SI,土,0.296213,0.855251,0.449722,0.208785,0.304113,0.376398,0.009689
2022-05,801750.SI,火,1.655393,0.533164,0.047101,0.158119,0.364021,0.347328,-0.036672
2022-06,801750.SI,火,-0.114786,-0.342466,-0.466209,-0.047416,0.470021,0.245108,-0.106172
2022-07,801750.SI,土,-0.511586,-0.585492,0.007892,0.236888,0.35279,0.20485,-0.102971
2022-08,801750.SI,金,-0.648215,0.447861,0.280907,0.556817,0.46544,0.23138,-0.108501
2022-09,801750.SI,金,4.959034,1.444205,0.699946,1.439493,0.651273,0.286134,0.081641
2022-10,801750.SI,土,0.002535,-0.092044,0.517914,0.567251,0.278712,0.066271,0.074276
2022-11,801750.SI,水,-0.1777,0.86776,0.892157,0.567449,0.2153,0.09368,0.097506
2022-12,801750.SI,水,3.242405,1.870257,2.500774,0.627462,0.171934,0.089669,0.066686
2023-01,801750.SI,土,0.941911,2.180095,0.618192,0.173642,-0.052147,-0.262435,-0.006569
2023-02,801750.SI,木,4.207758,0.47717,0.298463,-0.026027,-0.088966,-0.178056,0.042144
2023-03,801750.SI,木,-0.581004,-0.351636,-0.243415,-0.321933,-0.261521,-0.287085,-0.053862
2023-04,801750.SI,土,0.003293,0.016673,-0.148782,-0.274569,-0.432381,-0.259319,-0.043252
2023-05,801750.SI,火,0.030231,-0.215943,-0.269426,-0.23689,-0.294257,-0.311228,-0.046636
2023-06,801750.SI,火,-0.403294,-0.384782,-0.392301,-0.270411,-0.301075,-0.358346,-0.014556
2023-07,801750.SI,土,-0.365696,-0.386729,-0.381768,-0.536484,-0.292878,-0.332148,0.026117
2023-08,801750.SI,金,-0.407065,-0.389651,-0.202906,-0.306354,-0.324624,-0.354569,0.123802
2023-09,801750.SI,金,-0.371725,-0.075811,-0.124073,-0.250447,-0.346611,-0.090339,0.137265
2023-10,801750.SI,土,0.359478,0.034254,-0.652481,-0.243749,-0.314738,0.082342,0.14623
2023-11,801750.SI,水,-0.213167,-0.824296,-0.396376,-0.378324,-0.398415,0.101347,0.101482
2023-12,801750.SI,水,-0.960764,-0.471302,-0.358589,-0.435682,-0.078808,0.044187,0.111156
2024-01,801750.SI,土,6.124177,1.593365,0.64571,-0.037733,0.580616,0.338058,0.315058
2024-02,801750.SI,木,-0.055955,-0.209025,-0.359732,-0.399432,0.345788,0.321335,0.221158
2024-03,801750.SI,木,-0.337276,-0.472714,-0.503508,0.10397,0.228361,0.255657,0.128993
2024-04,801750.SI,土,-0.580474,-0.570264,-0.437351,0.549042,0.248864,0.235846,0.185822
2024-05,801750.SI,火,-0.559807,-0.348406,-0.436671,0.951121,0.682275,0.319599,0.245347
2024-06,801750.SI,火,-0.035482,-0.362732,1.454724,0.932114,0.710767,0.513433,
2024-07,801750.SI,土,-0.57895,2.916054,3.264699,0.860604,0.606472,0.576569,
2024-08,801750.SI,金,35.422021,12.57269,5.757812,1.907128,0.752543,0.956726,
2024-09,801750.SI,金,4.057872,1.910899,0.520768,0.428186,0.288101,0.421818,
2024-10,801750.SI,土,0.675276,-0.166106,-0.188255,-0.014026,0.1315,0.213889,
2024-11,801750.SI,水,-0.584917,-0.434951,0.250611,-0.107517,0.294508,0.101617,
2024-12,801750.SI,水,-0.230803,1.17078,0.341241,0.185478,0.390286,0.18242,
2025-01,801750.SI,土,5.126241,0.771093,0.197599,0.335895,0.388136,0.292454,
2025-02,801750.SI,木,-0.487978,-0.470495,-0.363091,0.31703,0.056007,0.128575,
2025-03,801750.SI,木,-0.452415,-0.28965,0.047805,0.415478,0.133775,0.015106,
2025-04,801750.SI,土,-0.078505,0.449422,0.490161,0.494488,0.325713,0.137824,
2025-05,801750.SI,火,1.279801,0.894974,1.723416,0.359758,0.365677,0.175273,
2025-06,801750.SI,火,0.575105,1.976614,0.912166,0.17937,0.004435,,
2025-07,801750.SI,土,4.625167,1.106851,0.498828,0.250425,0.039973,,
2025-08,801750.SI,金,-0.2109,-0.226322,-0.321095,-0.032914,-0.111862,,
2025-09,801750.SI,金,-0.241443,-0.37028,-0.272598,-0.27202,,,
2025-10,801750.SI,土,-0.477234,-0.287692,0.04319,-0.133722,,,
2025-11,801750.SI,水,-0.029427,0.473641,0.377593,0.015819,,,
2025-12,801750.SI,水,1.23746,0.641223,-0.27144,,,,
2026-01,801750.SI,土,0.203871,-0.584262,-0.280632,,,,
2026-02,801750.SI,木,-0.856431,-0.443921,-0.250949,,,,
2026-03,801750.SI,木,1.153841,0.710949,,,,,
2026-04,801750.SI,土,0.359128,,,,,,
2026-05,801750.SI,火,,,,,,,
2014-03,801760.SI,木,-0.106769,0.062201,0.267567,0.354237,0.238941,0.848412,0.282918
2014-04,801760.SI,土,0.263134,0.509991,0.12613,0.340378,0.5235,1.330085,0.257366
2014-05,801760.SI,火,0.805093,0.063306,0.390518,0.462201,0.815805,1.774463,0.245109
2014-06,801760.SI,火,-0.37365,0.220436,0.446834,0.224872,1.096081,1.116409,0.207791
2014-07,801760.SI,土,1.378007,1.198971,0.595388,0.772024,1.969155,0.945351,0.214128
2014-08,801760.SI,金,1.033415,0.306751,0.537579,1.074988,2.492848,0.48693,0.199168
2014-09,801760.SI,金,-0.160231,0.337037,0.036961,1.522916,1.402481,0.414618,0.137037
2014-10,801760.SI,土,1.12876,0.152296,0.968216,3.050569,1.078302,0.673854,0.152983
2014-11,801760.SI,水,-0.376263,0.892543,1.80023,4.264423,0.47042,0.659294,0.132213
2014-12,801760.SI,水,4.742359,4.933215,5.138227,2.656862,0.568909,0.767409,0.093174
2015-01,801760.SI,土,5.130414,5.346281,7.336032,1.135633,0.585864,0.095887,0.002538
2015-02,801760.SI,木,5.569749,8.720625,8.897097,0.065529,0.393691,-0.112674,-0.06208
2015-03,801760.SI,木,13.382672,11.147511,1.178584,-0.206814,0.167083,-0.109572,-0.152062
2015-04,801760.SI,土,9.25971,-0.152106,-0.452866,-0.308298,-0.44277,-0.321497,-0.262816
2015-05,801760.SI,火,-0.929927,-0.873651,-0.885284,-0.477007,-0.602862,-0.441227,-0.3449
2015-06,801760.SI,火,-0.772177,-0.853222,-0.711214,-0.145789,-0.339194,-0.310738,-0.259722
2015-07,801760.SI,土,-0.905437,-0.674864,-0.125531,-0.437652,-0.271039,-0.242242,-0.231397
2015-08,801760.SI,金,0.117914,1.659227,1.384342,-0.261074,-0.052804,-0.032904,-0.13793
2015-09,801760.SI,金,5.325606,2.482158,1.526704,-0.000408,-0.078872,-0.086076,-0.148832
2015-10,801760.SI,土,0.91688,0.59691,-0.638369,-0.334444,-0.277575,-0.205803,-0.221353
2015-11,801760.SI,水,0.33035,-0.842927,-0.771001,-0.402998,-0.284126,-0.227439,-0.265654
2015-12,801760.SI,水,-0.981455,-0.90499,-0.604551,-0.443836,-0.348829,-0.323852,-0.278921
2016-01,801760.SI,土,-0.513257,0.826074,0.224907,0.021073,0.032324,-0.08286,-0.153622
2016-02,801760.SI,木,5.85074,0.943144,0.556388,0.265722,0.158686,-0.008602,-0.13702
2016-03,801760.SI,木,-0.448847,-0.258164,-0.217805,-0.164402,-0.191478,-0.192525,-0.197642
2016-04,801760.SI,土,-0.001511,-0.06817,-0.148842,-0.052296,-0.167189,-0.19906,-0.208056
2016-05,801760.SI,火,-0.130379,-0.214143,0.029341,-0.000254,-0.146982,-0.231969,-0.221203
2016-06,801760.SI,火,-0.289839,0.119886,-0.107354,-0.177984,-0.183919,-0.20493,-0.258778
2016-07,801760.SI,土,0.765998,0.000783,0.0552,-0.176214,-0.215132,-0.220398,-0.258288
2016-08,801760.SI,金,-0.43286,-0.184344,-0.028997,-0.223471,-0.303396,-0.23155,-0.315395
2016-09,801760.SI,金,0.173072,0.270533,-0.243025,-0.219702,-0.235025,-0.207279,-0.304072
2016-10,801760.SI,土,0.376092,-0.391921,-0.356877,-0.323096,-0.295222,-0.236599,-0.345676
2016-11,801760.SI,水,-0.731297,-0.560339,-0.378995,-0.409978,-0.2892,-0.301979,-0.340355
2016-12,801760.SI,水,-0.280612,-0.055925,-0.195659,-0.230993,-0.194992,-0.231005,-0.318376
2017-01,801760.SI,土,0.23894,-0.149492,-0.28754,-0.262212,-0.191701,-0.218925,-0.322532
2017-02,801760.SI,木,-0.416142,-0.459724,-0.439415,-0.239545,-0.27424,-0.248804,-0.247319
2017-03,801760.SI,木,-0.500053,-0.450701,-0.264775,-0.194658,-0.242438,-0.202725,-0.207549
2017-04,801760.SI,土,-0.396478,-0.108404,-0.235983,-0.13905,-0.194614,-0.21695,-0.216102
2017-05,801760.SI,火,0.317175,-0.140377,0.031588,-0.174212,-0.171822,-0.210287,-0.236903
2017-06,801760.SI,火,-0.438987,-0.08707,-0.117855,-0.231016,-0.1809,-0.308978,-0.244306
2017-07,801760.SI,土,0.485601,0.106175,-0.029818,-0.173097,-0.210501,-0.294336,-0.236263
2017-08,801760.SI,金,-0.176345,-0.215977,-0.338954,-0.257951,-0.277578,-0.390092,-0.247494
2017-09,801760.SI,金,-0.253703,-0.407792,-0.329662,-0.210712,-0.362996,-0.389046,-0.23365
2017-10,801760.SI,土,-0.530066,-0.364691,-0.295217,-0.287802,-0.365381,-0.439168,-0.216184
2017-11,801760.SI,水,-0.141118,-0.136893,-0.167023,-0.244786,-0.406243,-0.376621,-0.195822
2017-12,801760.SI,水,-0.132646,-0.17968,-0.070654,-0.379036,-0.407648,-0.395821,-0.144275
2018-01,801760.SI,土,-0.224163,-0.038016,-0.280309,-0.397799,-0.480293,-0.412396,-0.128188
2018-02,801760.SI,木,0.192794,-0.306839,-0.315289,-0.498702,-0.434033,-0.24583,-0.111042
2018-03,801760.SI,木,-0.597187,-0.481226,-0.585089,-0.527087,-0.476606,-0.212343,-0.166694
2018-04,801760.SI,土,-0.331881,-0.578904,-0.496109,-0.558364,-0.4508,-0.215254,-0.110789
2018-05,801760.SI,火,-0.734596,-0.562399,-0.632984,-0.485443,-0.221145,-0.262623,-0.085009
2018-06,801760.SI,火,-0.27848,-0.568408,-0.460976,-0.412152,-0.024715,-0.173581,0.044003
2018-07,801760.SI,土,-0.741835,-0.534105,-0.612928,-0.426639,-0.09038,-0.173411,0.097004
2018-08,801760.SI,金,-0.159228,-0.526043,-0.27859,0.134599,-0.069554,-0.071555,0.177938
2018-09,801760.SI,金,-0.732822,-0.331757,-0.358905,0.311877,-0.047063,-0.03873,0.137604
2018-10,801760.SI,土,0.671352,-0.006921,-0.150695,0.394422,0.064442,0.095457,0.18463
2018-11,801760.SI,水,-0.409935,-0.394574,0.784443,0.056685,0.009905,0.037415,0.147356
2018-12,801760.SI,水,-0.378812,2.10316,1.6845,0.16181,0.100237,0.212001,0.143366
2019-01,801760.SI,土,14.501917,4.580636,1.289417,0.191656,0.192447,0.293484,0.165734
2019-02,801760.SI,木,1.00901,-0.120179,-0.374268,-0.240252,-0.134163,0.047836,0.019328
2019-03,801760.SI,木,-0.614693,-0.650786,-0.497187,-0.295635,-0.070215,-0.1184,-0.033404
2019-04,801760.SI,土,-0.683499,-0.425611,-0.379735,-0.13941,0.069317,0.007583,0.016313
2019-05,801760.SI,火,0.042407,-0.131683,-0.077532,0.018497,0.244309,0.135388,0.08075
2019-06,801760.SI,火,-0.276698,-0.132223,-0.013291,0.26436,0.063065,0.318874,0.059749
2019-07,801760.SI,土,0.041111,0.152455,0.194031,0.404012,0.184446,0.455884,0.008103
2019-08,801760.SI,金,0.275707,0.278718,0.124524,0.445164,0.216771,0.494475,0.004122
2019-09,801760.SI,金,0.281736,0.05579,0.620139,0.10343,0.452808,0.346285,0.002088
2019-10,801760.SI,土,-0.130326,0.8215,0.650921,0.179682,0.555359,0.281061,-0.004469
2019-11,801760.SI,水,2.815066,1.274633,0.857229,0.265694,0.643092,0.268948,0.024072
2019-12,801760.SI,水,0.35619,0.295827,-0.248485,0.375739,0.265704,0.078618,0.036098
2020-01,801760.SI,土,0.238151,-0.440569,-0.157046,0.509672,0.177202,0.050602,-0.053499
2020-02,801760.SI,木,-0.747234,-0.304466,-0.137434,0.545469,0.117644,-0.008404,-0.068431
2020-03,801760.SI,木,0.913897,0.593415,1.518458,0.64259,0.216683,0.059787,-0.031819
2020-04,801760.SI,土,0.326598,1.888969,1.70372,0.391153,0.130619,0.025119,-0.125861
2020-05,801760.SI,火,5.291388,2.859872,1.769035,0.272211,0.03876,0.028741,-0.109928
2020-06,801760.SI,火,1.368097,0.837043,0.071331,-0.154334,-0.20583,-0.148465,-0.156463
2020-07,801760.SI,土,0.42508,-0.279414,-0.284206,-0.268872,-0.258044,-0.301955,-0.204156
2020-08,801760.SI,金,-0.635639,-0.492703,-0.415493,-0.363778,-0.260454,-0.325341,-0.211336
2020-09,801760.SI,金,-0.293696,-0.259682,-0.332465,-0.316233,-0.211209,-0.25411,-0.236435
2020-10,801760.SI,土,-0.22403,-0.351043,-0.253209,-0.244606,-0.307773,-0.226359,-0.235526
2020-11,801760.SI,水,-0.457267,-0.267384,-0.307487,-0.168134,-0.2923,-0.173549,-0.173336
2020-12,801760.SI,水,-0.011067,-0.217744,-0.299607,-0.142556,-0.225999,-0.004745,-0.142194
2021-01,801760.SI,土,-0.381228,-0.410574,-0.235904,-0.333542,-0.217197,-0.147284,-0.120348
2021-02,801760.SI,木,-0.438528,-0.150905,-0.00074,-0.284582,-0.123375,-0.124823,-0.084096
2021-03,801760.SI,木,0.284058,0.333073,0.049711,-0.186343,0.118918,-0.115507,0.03913
2021-04,801760.SI,土,0.383959,-0.050899,-0.418703,-0.207672,-0.115517,-0.254604,0.09347
2021-05,801760.SI,火,-0.349119,-0.623266,-0.487798,-0.178928,-0.162661,-0.229906,0.054018
2021-06,801760.SI,火,-0.781943,-0.545628,-0.369314,0.155215,-0.164584,-0.164385,0.065082
2021-07,801760.SI,土,-0.053208,0.072595,0.079971,0.091027,-0.19019,-0.092654,0.091043
2021-08,801760.SI,金,0.215114,0.153429,0.316198,0.07061,-0.117778,-0.078068,0.087403
2021-09,801760.SI,金,0.094876,0.369851,1.115982,-0.038505,-0.082223,-0.218341,0.036644
2021-10,801760.SI,土,0.713885,1.941612,0.102196,-0.298756,-0.14383,-0.244585,0.001352
2021-11,801760.SI,水,4.048812,-0.116111,-0.129153,-0.277719,-0.181237,-0.173123,0.008072
2021-12,801760.SI,水,-0.845259,-0.638325,-0.5631,-0.395564,-0.439142,-0.260661,-0.070742
2022-01,801760.SI,土,-0.154662,-0.265874,-0.553852,-0.245411,-0.333969,-0.092561,-0.076547
2022-02,801760.SI,木,-0.362455,-0.675882,-0.400939,-0.206098,-0.187281,-0.041473,-0.003511
2022-03,801760.SI,木,-0.835223,-0.419302,-0.163786,-0.364541,-0.118957,0.220801,0.022959
2022-04,801760.SI,土,1.046471,0.883773,0.276267,-0.186228,0.149733,0.604083,0.073558
2022-05,801760.SI,火,0.73401,0.007882,0.052114,-0.053381,0.121111,0.442622,0.000663
2022-06,801760.SI,火,-0.414176,-0.180464,-0.5171,-0.095649,0.384908,0.357562,-0.065249
2022-07,801760.SI,土,0.146487,-0.561567,-0.481124,0.091251,0.731099,0.31193,-0.050705
2022-08,801760.SI,金,-0.832337,-0.650931,-0.148297,0.157289,0.602689,0.282573,-0.063904
2022-09,801760.SI,金,-0.273249,0.919614,0.693621,1.345321,0.915991,0.374808,0.135736
2022-10,801760.SI,土,4.0704,1.585421,1.295014,2.161922,0.787281,0.327357,0.180238
2022-11,801760.SI,水,0.318319,0.544034,0.572516,1.198516,0.4701,0.228972,0.139136
2022-12,801760.SI,水,0.808395,0.717444,2.247795,1.037897,0.28248,0.167963,0.092723
2023-01,801760.SI,土,0.631067,3.352474,3.356291,0.577236,0.105915,-0.060249,0.062916
2023-02,801760.SI,木,10.614502,6.119335,2.073719,0.421421,0.132029,0.035956,0.072758
2023-03,801760.SI,木,3.363936,0.581234,0.278721,-0.194099,-0.169431,-0.142821,-0.037743
2023-04,801760.SI,土,-0.427054,-0.307811,-0.428947,-0.442783,-0.436391,-0.281504,-0.105164
2023-05,801760.SI,火,-0.163752,-0.429891,-0.342673,-0.313004,-0.279058,-0.305898,-0.074117
2023-06,801760.SI,火,-0.61133,-0.41722,-0.492089,-0.330615,-0.249812,-0.356376,-0.028801
2023-07,801760.SI,土,-0.126168,-0.419381,-0.456285,-0.440077,-0.224336,-0.313102,0.026123
2023-08,801760.SI,金,-0.614207,-0.571112,-0.281995,-0.244978,-0.293188,-0.316783,0.085726
2023-09,801760.SI,金,-0.523204,-0.020479,-0.117806,-0.088281,-0.303511,-0.061762,0.15948
2023-10,801760.SI,土,1.01231,0.199996,-0.423386,-0.073544,-0.257439,0.049426,0.159171
2023-11,801760.SI,水,-0.284409,-0.69134,-0.206052,-0.298719,-0.328,0.055867,0.135344
2023-12,801760.SI,水,-0.866864,-0.163712,-0.057768,-0.381145,-0.042301,0.022331,0.140212
2024-01,801760.SI,土,4.253089,1.506619,0.488553,-0.157334,0.28127,0.202224,0.346807
2024-02,801760.SI,木,0.196085,-0.20761,-0.38057,-0.381759,0.161132,0.110868,0.225337
2024-03,801760.SI,木,-0.475052,-0.554233,-0.593538,-0.034472,0.050516,0.080217,0.121193
2024-04,801760.SI,土,-0.621471,-0.642339,-0.522969,0.188717,0.11959,0.114455,0.16449
2024-05,801760.SI,火,-0.662056,-0.464487,-0.382946,0.58974,0.349644,0.235062,0.207448
2024-06,801760.SI,火,-0.151416,-0.166199,1.293557,0.688861,0.496263,0.465493,
2024-07,801760.SI,土,-0.180724,2.770655,1.962176,0.715203,0.478772,0.532876,
2024-08,801760.SI,金,16.354156,4.632499,3.095706,0.996031,0.556482,0.725367,
2024-09,801760.SI,金,0.828095,0.989718,0.243594,0.20853,0.26224,0.432893,
2024-10,801760.SI,土,1.165629,0.025695,-0.006837,0.044832,0.230663,0.280392,
2024-11,801760.SI,水,-0.514205,-0.327428,-0.02724,-0.040485,0.293398,0.220804,
2024-12,801760.SI,水,-0.068839,0.37652,0.174454,0.271668,0.502192,0.271685,
2025-01,801760.SI,土,1.034887,0.318991,0.099189,0.369931,0.393533,0.508777,
2025-02,801760.SI,木,-0.145045,-0.192136,-0.053551,0.491405,0.316819,0.351601,
2025-03,801760.SI,木,-0.236632,-0.004195,0.376928,0.69891,0.305852,0.163723,
2025-04,801760.SI,土,0.299017,0.849268,0.707359,0.56906,0.67678,0.216771,
2025-05,801760.SI,火,1.632601,0.957401,1.350141,0.553247,0.522062,0.180451,
2025-06,801760.SI,火,0.455374,1.220487,1.096184,0.271701,0.100261,,
2025-07,801760.SI,土,2.387834,1.515689,0.441964,0.661696,0.086852,,
2025-08,801760.SI,金,0.868064,-0.059258,0.026567,0.224903,-0.061648,,
2025-09,801760.SI,金,-0.52625,-0.238999,-0.228491,-0.202871,,,
2025-10,801760.SI,土,0.222422,-0.015452,0.914912,-0.056421,,,
2025-11,801760.SI,水,-0.207038,1.396695,0.461558,-0.102871,,,
2025-12,801760.SI,水,6.243913,0.984257,-0.176399,,,,
2026-01,801760.SI,土,-0.456471,-0.722292,-0.535048,,,,
2026-02,801760.SI,木,-0.858109,-0.569968,-0.449327,,,,
2026-03,801760.SI,木,0.303309,0.084836,,,,,
2026-04,801760.SI,土,-0.097014,,,,,,
2026-05,801760.SI,火,,,,,,,
2014-03,801770.SI,木,0.117024,0.437389,0.540904,0.806485,0.529009,0.9549,0.366817
2014-04,801770.SI,土,0.849635,0.809806,0.635913,0.74275,0.661391,1.342074,0.348748
2014-05,801770.SI,火,0.770835,0.538499,0.497895,0.698385,0.843946,1.839672,0.312284
2014-06,801770.SI,火,0.336646,0.377632,1.11784,0.523096,1.116285,1.207231,0.313418
2014-07,801770.SI,土,0.419875,1.665824,0.856564,0.674279,1.639656,0.880973,0.306233
2014-08,801770.SI,金,4.0051,1.12295,0.92571,1.045887,2.514502,0.576137,0.310072
2014-09,801770.SI,金,-0.099536,0.194483,0.095372,1.115508,1.237858,0.28586,0.219022
2014-10,801770.SI,土,0.584503,0.208117,0.509892,2.147503,0.88918,0.56338,0.238224
2014-11,801770.SI,水,-0.078861,0.473914,1.173563,3.747886,0.474331,0.627943,0.236548
2014-12,801770.SI,水,1.358409,2.338842,3.085712,2.19866,0.356451,0.726899,0.204735
2015-01,801770.SI,土,3.726859,4.377644,5.561247,1.113183,0.581627,0.172739,0.136935
2015-02,801770.SI,木,5.118029,6.730246,9.371184,0.214246,0.47841,-0.027198,0.090122
2015-03,801770.SI,木,8.767313,12.503201,1.504196,-0.218422,0.295985,-0.044356,0.006629
2015-04,801770.SI,土,17.668026,0.267988,-0.319406,-0.223462,-0.339399,-0.223286,-0.108761
2015-05,801770.SI,火,-0.913875,-0.870048,-0.857838,-0.441815,-0.557999,-0.39356,-0.229088
2015-06,801770.SI,火,-0.80392,-0.817354,-0.756064,-0.067679,-0.306832,-0.218447,-0.1242
2015-07,801770.SI,土,-0.829867,-0.727919,-0.113992,-0.349173,-0.188319,-0.092893,-0.079993
2015-08,801770.SI,金,-0.564881,1.021912,1.191651,-0.220632,-0.016468,0.088921,0.016021
2015-09,801770.SI,金,8.395438,3.918735,2.563318,0.168475,0.152176,0.155658,0.098368
2015-10,801770.SI,土,1.575074,1.194438,-0.521928,-0.223111,-0.085749,-0.019305,-0.014043
2015-11,801770.SI,水,0.870066,-0.794011,-0.722851,-0.341134,-0.137542,-0.060746,-0.065772
2015-12,801770.SI,水,-0.97731,-0.893305,-0.616836,-0.344835,-0.206,-0.159541,-0.097335
2016-01,801770.SI,土,-0.498289,0.574566,0.262482,0.264304,0.246086,0.102225,0.017938
2016-02,801770.SI,木,3.941611,1.002678,0.56632,0.521423,0.410823,0.221591,0.043087
2016-03,801770.SI,木,-0.188378,-0.118167,0.120256,0.14298,0.092011,0.060335,-0.005653
2016-04,801770.SI,土,-0.041882,0.316131,0.266129,0.237967,0.053462,0.022651,-0.020898
2016-05,801770.SI,火,0.80792,0.455485,0.477813,0.338963,0.124452,-0.020009,-0.041717
2016-06,801770.SI,火,0.171753,0.336101,0.166165,0.078157,0.041082,-0.018588,-0.143577
2016-07,801770.SI,土,0.523502,0.163382,0.210432,-0.039076,-0.04762,-0.06691,-0.145349
2016-08,801770.SI,金,-0.111615,0.078919,0.213159,-0.019152,-0.145413,-0.051999,-0.159022
2016-09,801770.SI,金,0.310317,0.417673,-0.00321,-0.016335,-0.073423,0.043919,-0.167445
2016-10,801770.SI,土,0.533825,-0.130605,-0.237152,-0.155217,-0.144439,-0.008753,-0.226811
2016-11,801770.SI,水,-0.507213,-0.462016,-0.206978,-0.282741,-0.126816,-0.07077,-0.214141
2016-12,801770.SI,水,-0.412674,0.006001,-0.029287,-0.106652,0.060118,-0.030526,-0.183992
2017-01,801770.SI,土,0.72313,0.247948,-0.064481,-0.093938,0.081674,-0.059904,-0.171343
2017-02,801770.SI,木,-0.096194,-0.310681,-0.351267,-0.083746,-0.020354,-0.109333,-0.083979
2017-03,801770.SI,木,-0.474267,-0.450381,-0.17785,0.107863,-0.030938,-0.067534,-0.054508
2017-04,801770.SI,土,-0.42541,0.028119,-0.122468,0.163104,-0.058374,-0.062593,-0.040064
2017-05,801770.SI,火,0.839623,0.084464,0.294094,0.203846,-0.010084,-0.062943,-0.062057
2017-06,801770.SI,火,-0.360705,0.085386,0.492868,0.052088,-0.027565,-0.252648,-0.069571
2017-07,801770.SI,土,0.842752,1.281296,0.541609,-0.024592,-0.04174,-0.217194,-0.070311
2017-08,801770.SI,金,1.824205,0.410028,0.119891,-0.134206,-0.158542,-0.253962,-0.118102
2017-09,801770.SI,金,-0.296022,-0.294794,-0.258549,-0.215162,-0.406584,-0.336013,-0.13263
2017-10,801770.SI,土,-0.293565,-0.239071,-0.382838,-0.244494,-0.375478,-0.3969,-0.128379
2017-11,801770.SI,水,-0.180374,-0.423151,-0.330651,-0.270608,-0.348438,-0.335391,-0.134656
2017-12,801770.SI,水,-0.594016,-0.395117,-0.169235,-0.469118,-0.359992,-0.313166,-0.092282
2018-01,801770.SI,土,-0.098772,0.188401,-0.075138,-0.371765,-0.401516,-0.269572,-0.050661
2018-02,801770.SI,木,0.56708,-0.063089,-0.20518,-0.357153,-0.336964,-0.057903,0.004884
2018-03,801770.SI,木,-0.439849,-0.433947,-0.660751,-0.438256,-0.355371,-0.041301,-0.05369
2018-04,801770.SI,土,-0.427982,-0.735988,-0.573257,-0.518562,-0.324834,-0.016993,-0.021612
2018-05,801770.SI,火,-0.878146,-0.631408,-0.480068,-0.39442,-0.002978,-0.061169,-0.028326
2018-06,801770.SI,火,0.114941,0.07399,-0.069836,-0.111401,0.355409,0.158355,0.101361
2018-07,801770.SI,土,0.034543,-0.150402,-0.456858,-0.150755,0.298234,0.104133,0.114215
2018-08,801770.SI,金,-0.302285,-0.606453,-0.294664,0.38065,0.143232,0.0425,0.107905
2018-09,801770.SI,金,-0.77802,-0.290822,-0.151108,0.636161,0.246243,0.13305,0.065416
2018-10,801770.SI,土,1.265666,0.660052,0.327859,1.007116,0.398698,0.259697,0.11946
2018-11,801770.SI,水,0.216319,0.016553,1.702533,0.455472,0.187506,0.126708,0.09432
2018-12,801770.SI,水,-0.150404,3.028401,2.153548,0.510002,0.247521,0.199637,0.048665
2019-01,801770.SI,土,18.100855,5.075653,2.033843,0.435523,0.237763,0.233859,0.016542
2019-02,801770.SI,木,0.932561,0.209103,-0.216143,-0.212831,-0.158298,0.071856,-0.094935
2019-03,801770.SI,木,-0.243527,-0.500784,-0.276971,-0.215358,-0.130773,-0.065919,-0.145033
2019-04,801770.SI,土,-0.670555,-0.293135,-0.320754,-0.209395,-0.085839,-0.026209,-0.150772
2019-05,801770.SI,火,0.516667,-0.024676,-0.209504,-0.127794,0.189697,0.005666,-0.080334
2019-06,801770.SI,火,-0.372798,-0.429304,-0.148493,-0.046936,0.017328,0.04717,-0.082093
2019-07,801770.SI,土,-0.48072,-0.007848,-0.079779,0.060525,0.098024,0.124388,-0.042962
2019-08,801770.SI,金,0.895636,0.225003,-0.037638,0.459501,0.089695,0.177413,-0.045803
2019-09,801770.SI,金,-0.208376,-0.314306,0.066733,0.111981,0.121916,0.001819,-0.077229
2019-10,801770.SI,土,-0.406061,0.238296,0.222221,0.199422,0.202055,-0.005166,-0.070383
2019-11,801770.SI,水,1.581708,0.75329,1.213453,0.159547,0.25929,0.062864,0.002189
2019-12,801770.SI,水,0.190694,1.049519,0.159147,0.150569,-0.01893,-0.083308,-0.02808
2020-01,801770.SI,土,2.527799,0.143689,0.177049,0.192097,-0.071138,-0.162499,-0.075722
2020-02,801770.SI,木,-0.629224,-0.320108,-0.392556,-0.050153,-0.1677,-0.235772,-0.098907
2020-03,801770.SI,木,0.246717,-0.222495,0.142053,-0.09743,-0.152281,-0.217447,-0.100198
2020-04,801770.SI,土,-0.515115,0.093064,0.207338,-0.174856,-0.252321,-0.259401,-0.165004
2020-05,801770.SI,火,1.464066,0.905125,0.485254,-0.025758,-0.174985,-0.158979,-0.113644
2020-06,801770.SI,火,0.472973,0.153121,-0.286695,-0.269644,-0.310094,-0.195399,-0.119229
2020-07,801770.SI,土,-0.097277,-0.503618,-0.436063,-0.411619,-0.370733,-0.185404,-0.120093
2020-08,801770.SI,金,-0.727054,-0.554274,-0.360953,-0.385117,-0.304214,-0.226702,-0.120876
2020-09,801770.SI,金,-0.27212,-0.022176,-0.252186,-0.321505,-0.162441,-0.150039,-0.111155
2020-10,801770.SI,土,0.313596,-0.242016,-0.386116,-0.335283,-0.07917,-0.131325,-0.074687
2020-11,801770.SI,水,-0.562621,-0.580339,-0.408367,-0.273983,-0.175954,-0.055021,-0.079791
2020-12,801770.SI,水,-0.597339,-0.311904,-0.384397,-0.113607,-0.112978,0.030475,-0.067402
2021-01,801770.SI,土,0.175867,-0.238831,-0.280241,0.127783,-0.024754,0.020048,0.012377
2021-02,801770.SI,木,-0.507276,-0.436879,-0.109073,-0.027474,0.104618,0.062469,0.047859
2021-03,801770.SI,木,-0.356424,0.198012,0.276298,0.064759,0.223535,0.034617,0.127675
2021-04,801770.SI,土,1.23009,0.79733,0.767112,0.135214,0.145772,-0.058576,0.168355
2021-05,801770.SI,火,0.44855,0.573023,0.061598,0.229977,0.126699,-0.065865,0.137624
2021-06,801770.SI,火,0.708191,-0.09119,-0.111718,0.197977,-0.035308,-0.035847,0.179743
2021-07,801770.SI,土,-0.516485,-0.359443,-0.270725,-0.077396,-0.236823,-0.049546,0.108666
2021-08,801770.SI,金,-0.151395,-0.104364,0.425064,0.160731,-0.104857,-0.000567,0.120123
2021-09,801770.SI,金,-0.054725,0.84671,0.615646,0.005328,-0.009143,-0.070492,0.131779
2021-10,801770.SI,土,2.607776,1.112226,0.167184,-0.219285,0.038192,-0.014355,0.081652
2021-11,801770.SI,水,0.236634,-0.33612,-0.054571,-0.29055,-0.11204,-0.103912,0.038465
2021-12,801770.SI,水,-0.6436,-0.173348,-0.374439,-0.224032,-0.226925,-0.155982,0.030232
2022-01,801770.SI,土,0.917381,-0.171227,-0.477789,-0.020856,-0.068361,0.004763,-0.009549
2022-02,801770.SI,木,-0.641769,-0.72747,-0.467629,-0.139452,-0.11978,0.03345,0.053852
2022-03,801770.SI,木,-0.792668,-0.351007,-0.037463,-0.140595,-0.067364,0.229102,0.123024
2022-04,801770.SI,土,1.031484,1.073924,0.835893,0.244366,0.249692,0.449987,0.208103
2022-05,801770.SI,火,1.117252,0.745277,0.391029,0.131826,0.289183,0.38544,0.136404
2022-06,801770.SI,火,0.438654,0.127504,-0.232677,-0.081964,0.333454,0.44354,0.117408
2022-07,801770.SI,土,-0.116351,-0.439611,-0.15657,0.031053,0.340303,0.293215,0.088043
2022-08,801770.SI,金,-0.644615,-0.175988,-0.079078,0.241091,0.383582,0.255387,0.059211
2022-09,801770.SI,金,0.910592,0.482466,0.09835,0.757835,0.782018,0.378066,0.234412
2022-10,801770.SI,土,0.150274,-0.167226,0.260413,0.689585,0.49123,0.18701,0.238716
2022-11,801770.SI,水,-0.39709,0.319376,0.67257,0.695883,0.391968,0.203464,0.219703
2022-12,801770.SI,水,1.887253,1.785802,1.813296,1.269854,0.486322,0.25753,0.272749
2023-01,801770.SI,土,1.687915,1.777031,1.26489,0.622035,0.163504,-0.023658,0.212564
2023-02,801770.SI,木,1.8691,1.07904,0.719521,0.269848,0.078407,0.074656,0.184747
2023-03,801770.SI,木,0.506537,0.331185,0.831388,0.080343,-0.038493,0.026102,0.111837
2023-04,801770.SI,土,0.176243,1.019207,0.161645,-0.166072,-0.262458,0.006569,0.055796
2023-05,801770.SI,火,2.466288,0.154415,-0.062231,-0.145975,-0.081195,-0.067867,0.06932
2023-06,801770.SI,火,-0.615533,-0.512234,-0.362701,-0.303311,-0.154084,-0.135042,0.084537
2023-07,801770.SI,土,-0.381181,-0.179487,-0.401335,-0.412317,-0.040378,-0.084577,0.187742
2023-08,801770.SI,金,0.087946,-0.411165,-0.22224,-0.090532,-0.069738,-0.106309,0.40482
2023-09,801770.SI,金,-0.681301,-0.342396,-0.238387,-0.025416,-0.042338,0.105734,0.398871
2023-10,801770.SI,土,0.356904,0.177365,-0.423096,0.214951,0.054632,0.292675,0.46384
2023-11,801770.SI,水,0.021583,-0.623833,0.06348,0.017384,-0.063945,0.236161,0.458616
2023-12,801770.SI,水,-0.861488,0.085068,0.247108,0.073869,0.252053,0.288153,0.542682
2024-01,801770.SI,土,7.500149,2.742072,1.55867,0.425935,0.69155,0.50594,0.731203
2024-02,801770.SI,木,0.647395,0.403809,-0.026714,-0.121813,0.299742,0.306116,0.585317
2024-03,801770.SI,木,0.19624,-0.251896,-0.075304,0.254532,0.302133,0.204737,0.544717
2024-04,801770.SI,土,-0.532151,-0.187002,-0.205333,0.375372,0.262037,0.10743,0.695101
2024-05,801770.SI,火,0.412776,0.035679,-0.207619,0.501984,0.440662,0.226697,0.89949
2024-06,801770.SI,火,-0.240763,-0.406577,0.702021,0.545196,0.3158,0.359858,
2024-07,801770.SI,土,-0.536179,1.548347,1.380428,0.590434,0.236973,0.54107,
2024-08,801770.SI,金,13.001234,4.392711,1.847062,0.942569,0.419075,1.208281,
2024-09,801770.SI,金,1.077055,0.283844,0.40282,0.156917,0.261837,0.769722,
2024-10,801770.SI,土,-0.206446,0.152867,0.062616,-0.108313,0.333148,0.657668,
2024-11,801770.SI,水,0.674872,0.229635,0.325427,0.001865,1.028959,0.721102,
2024-12,801770.SI,水,-0.097244,0.179079,-0.045881,0.196751,0.912226,0.847503,
2025-01,801770.SI,土,0.539981,-0.019113,-0.251746,0.493239,0.922522,0.990161,
2025-02,801770.SI,木,-0.375227,-0.478426,-0.242709,1.510337,0.877689,0.924201,
2025-03,801770.SI,木,-0.564579,-0.166255,0.501085,1.707121,1.302746,0.980641,
2025-04,801770.SI,土,0.596457,1.787104,1.979954,2.081643,1.757409,1.594626,
2025-05,801770.SI,火,3.865742,3.071325,7.321495,1.956678,1.625708,1.941281,
2025-06,801770.SI,火,2.40661,9.882469,3.882138,1.852111,1.172397,,
2025-07,801770.SI,土,33.764216,4.844587,2.186803,1.652449,1.477593,,
2025-08,801770.SI,金,-0.017404,-0.035135,0.050526,0.474922,1.079609,,
2025-09,801770.SI,金,-0.052546,0.086231,0.666183,0.449119,,,
2025-10,801770.SI,土,0.245337,1.209557,1.207694,1.184576,,,
2025-11,801770.SI,水,2.92034,1.939443,1.070767,1.925965,,,
2025-12,801770.SI,水,1.203973,0.504995,0.260332,,,,
2026-01,801770.SI,土,0.027693,-0.046931,1.161701,,,,
2026-02,801770.SI,木,-0.116137,2.135173,3.134348,,,,
2026-03,801770.SI,木,10.120851,7.941656,,,,,
2026-04,801770.SI,土,6.189487,,,,,,
2026-05,801770.SI,火,,,,,,,
2014-03,801780.SI,木,0.219022,0.060522,0.043567,0.10711,1.010223,0.64756,0.232661
2014-04,801780.SI,土,-0.077369,-0.03445,0.321061,0.174925,0.701115,0.830039,0.231124
2014-05,801780.SI,火,0.010466,0.580775,0.118318,0.580043,0.694654,0.742904,0.243258
2014-06,801780.SI,火,1.472967,0.176486,0.174521,1.790013,0.91844,0.803694,0.227573
2014-07,801780.SI,土,-0.4403,-0.190565,0.044955,0.930364,1.040043,0.473006,0.187975
2014-08,801780.SI,金,0.170601,0.427804,1.232405,1.086119,1.020736,0.448807,0.244397
2014-09,801780.SI,金,0.741518,2.082868,5.627529,1.451838,1.08096,0.421281,0.221508
2014-10,801780.SI,土,4.457351,11.928959,2.565998,1.85043,0.651608,0.406569,0.199172
2014-11,801780.SI,水,29.629876,1.882576,0.949419,0.922551,0.254362,0.25707,0.140953
2014-12,801780.SI,水,-0.728721,-0.508204,-0.092949,0.166057,-0.149275,-0.013644,-0.031659
2015-01,801780.SI,土,-0.108433,0.658592,1.278451,0.124009,0.031543,-0.056231,0.044379
2015-02,801780.SI,木,2.0855,2.642358,0.896055,0.006194,0.086036,-0.057044,0.056385
2015-03,801780.SI,木,3.299715,0.486324,0.49902,-0.176112,0.014302,-0.077756,-0.001682
2015-04,801780.SI,土,-0.486208,-0.114902,-0.445502,-0.305917,-0.296483,-0.171784,-0.078877
2015-05,801780.SI,火,0.524738,-0.423955,-0.466035,-0.178058,-0.252912,-0.113152,-0.027144
2015-06,801780.SI,火,-0.782371,-0.684011,-0.547177,-0.165652,-0.215622,-0.164529,-0.036553
2015-07,801780.SI,土,-0.541197,-0.346818,-0.131193,-0.207569,-0.053273,-0.041901,0.053803
2015-08,801780.SI,金,-0.070086,0.195561,0.265229,-0.116307,0.050254,0.068827,0.095033
2015-09,801780.SI,金,0.537096,0.475817,0.537328,0.032343,0.024706,0.049814,0.084754
2015-10,801780.SI,土,0.416982,0.537444,-0.27723,-0.01173,-0.010142,0.022355,0.070249
2015-11,801780.SI,水,0.668146,-0.4838,-0.382789,-0.043121,0.010385,0.035562,0.068216
2015-12,801780.SI,水,-0.840264,-0.624567,-0.306763,-0.163404,-0.075526,-0.049344,0.037738
2016-01,801780.SI,土,-0.117604,0.444181,0.351298,0.158402,0.147631,0.155715,0.18937
2016-02,801780.SI,木,1.363631,0.672226,0.483476,0.292747,0.230525,0.183457,0.149421
2016-03,801780.SI,木,0.18307,0.175252,0.0096,0.067581,0.056178,0.080668,0.074974
2016-04,801780.SI,土,0.167486,-0.06735,-0.006959,0.057616,0.097027,0.024452,0.05983
2016-05,801780.SI,火,-0.25495,-0.084149,0.126539,0.120716,0.097598,0.067206,0.036932
2016-06,801780.SI,火,0.125808,0.385246,0.128892,0.080266,0.105452,0.111026,0.009791
2016-07,801780.SI,土,0.70447,0.130437,0.12639,0.153035,0.035142,0.159066,0.025575
2016-08,801780.SI,金,-0.250273,-0.084331,0.114923,0.083407,0.048131,0.121882,-0.001889
2016-09,801780.SI,金,0.11834,0.359614,0.033735,0.093915,0.105134,0.120857,0.038182
2016-10,801780.SI,土,0.652941,-0.006136,0.180311,-0.007671,0.170167,0.120385,0.029223
2016-11,801780.SI,水,-0.402419,-0.002608,0.052782,0.01625,0.124212,0.1019,-0.009785
2016-12,801780.SI,水,0.664697,0.397363,0.157598,0.142662,0.1515,0.132797,-0.016806
2017-01,801780.SI,土,0.17296,-0.034685,-0.165715,0.165127,0.101094,0.224005,0.001428
2017-02,801780.SI,木,-0.205572,-0.296393,-0.019014,0.161724,0.118776,0.116364,0.032228
2017-03,801780.SI,木,-0.376832,0.090102,0.127918,0.148464,0.124648,0.06931,0.043518
2017-04,801780.SI,土,0.906903,0.517447,0.627167,0.264968,0.390825,0.096429,0.083731
2017-05,801780.SI,火,0.207532,0.503087,0.375762,0.194768,0.165522,0.007517,0.024854
2017-06,801780.SI,火,0.870982,0.468471,0.169383,0.123017,0.050459,-0.08222,0.034396
2017-07,801780.SI,土,0.152554,-0.075514,-0.016608,0.285857,-0.038764,-0.092542,0.006381
2017-08,801780.SI,金,-0.258451,-0.091637,0.037586,0.072776,-0.091855,-0.112006,-0.0283
2017-09,801780.SI,金,0.112702,0.227343,0.078489,-0.004388,-0.153424,-0.038395,-0.000891
2017-10,801780.SI,土,0.353796,0.061779,0.681353,-0.049654,-0.116527,-0.054521,0.016056
2017-11,801780.SI,水,-0.167249,0.873751,0.109159,-0.150387,-0.156913,-0.110149,-0.00338
2017-12,801780.SI,水,3.216078,0.280069,-0.080896,-0.249949,-0.074471,-0.146652,0.024227
2018-01,801780.SI,土,-0.611351,-0.570867,-0.46284,-0.359586,-0.219602,-0.180674,-0.057078
2018-02,801780.SI,木,-0.526165,-0.368495,-0.349199,-0.264959,-0.173154,-0.045567,-0.048863
2018-03,801780.SI,木,-0.158358,-0.237292,-0.387907,-0.071241,-0.167508,0.018348,-0.04455
2018-04,801780.SI,土,-0.308822,-0.47801,-0.236486,-0.059363,-0.056864,0.071181,-0.017767
2018-05,801780.SI,火,-0.605784,-0.197527,-0.169814,-0.068006,0.084372,0.04249,-0.013601
2018-06,801780.SI,火,0.63353,0.204747,0.409254,-0.029129,0.206672,0.16583,0.020818
2018-07,801780.SI,土,-0.111485,0.308942,0.158849,0.048221,0.199163,0.116087,0.005268
2018-08,801780.SI,金,0.928306,0.323451,0.046288,0.239309,0.124701,0.063296,0.034045
2018-09,801780.SI,金,-0.091678,-0.229294,-0.331142,0.116579,0.09442,0.038075,-0.013828
2018-10,801780.SI,土,-0.346061,-0.426041,-0.051846,0.219843,0.102187,0.091901,0.011538
2018-11,801780.SI,水,-0.496239,0.141694,0.46794,0.166085,0.069027,0.1162,0.075591
2018-12,801780.SI,水,1.587467,1.505821,0.863994,0.399939,0.201878,0.229324,0.090585
2019-01,801780.SI,土,1.426751,0.582084,0.569382,0.188347,0.144506,0.085163,0.081797
2019-02,801780.SI,木,0.031415,0.262061,-0.073699,-0.087718,0.018795,-0.052149,0.055454
2019-03,801780.SI,木,0.544283,-0.122168,0.051414,-0.034909,0.070058,-0.103564,0.060621
2019-04,801780.SI,土,-0.501005,-0.132445,-0.100176,-0.022621,-0.040414,-0.099328,0.028718
2019-05,801780.SI,火,0.508338,0.208338,-0.101525,0.06845,-0.044854,-0.066674,0.084677
2019-06,801780.SI,火,-0.031993,-0.306559,-0.114145,0.079503,-0.149969,-0.106157,0.033819
2019-07,801780.SI,土,-0.503247,-0.152568,0.061618,-0.009061,-0.099046,-0.094548,-0.033623
2019-08,801780.SI,金,0.445671,0.551965,0.270581,-0.015192,-0.054759,0.005598,0.008681
2019-09,801780.SI,金,0.666076,0.191156,0.315482,-0.167335,-0.103478,-0.063136,-0.001997
2019-10,801780.SI,土,-0.148386,0.168907,-0.075034,-0.170016,-0.14132,-0.06291,-0.006759
2019-11,801780.SI,水,0.604416,-0.036022,-0.236691,-0.184709,-0.069824,0.036459,-0.021453
2019-12,801780.SI,水,-0.420815,-0.473507,-0.472945,-0.259885,-0.163356,-0.032496,-0.039195
2020-01,801780.SI,土,-0.521406,-0.497223,-0.255244,-0.17266,-0.058834,0.078442,-0.005713
2020-02,801780.SI,木,-0.471819,-0.070953,-0.129188,0.026827,0.147721,0.175273,0.03044
2020-03,801780.SI,木,0.634151,0.118138,0.039303,0.054103,0.184637,0.254876,0.049506
2020-04,801780.SI,土,-0.234935,-0.171166,-0.08092,0.058016,0.220087,0.174968,0.009367
2020-05,801780.SI,火,-0.102083,0.007351,0.210793,0.317626,0.298803,0.260573,0.002984
2020-06,801780.SI,火,0.130123,0.406005,0.069113,0.264755,0.336247,0.195715,0.023284
2020-07,801780.SI,土,0.749236,0.039855,0.217955,0.405754,0.275215,0.031401,-0.030454
2020-08,801780.SI,金,-0.381846,0.016301,0.433884,0.345178,0.277616,0.011773,-0.057808
2020-09,801780.SI,金,0.670891,1.183849,0.4962,0.49389,0.241164,0.063131,-0.047204
2020-10,801780.SI,土,1.854283,0.415827,0.622511,0.304848,-0.024202,0.052756,-0.114099
2020-11,801780.SI,水,-0.297699,0.2233,0.26196,0.20599,-0.099247,-0.076129,-0.094068
2020-12,801780.SI,水,1.1308,0.691636,0.491583,0.130444,-0.051322,-0.045847,-0.075718
2021-01,801780.SI,土,0.342985,0.247958,0.049378,-0.243261,-0.088603,-0.0833,-0.089616
2021-02,801780.SI,木,0.159654,-0.072397,0.152502,-0.238998,-0.167342,-0.096545,-0.117968
2021-03,801780.SI,木,-0.258013,0.148942,-0.143257,-0.24342,-0.177868,-0.122253,-0.132748
2021-04,801780.SI,土,0.779099,-0.079385,-0.454292,-0.150632,-0.123688,-0.132893,-0.103715
2021-05,801780.SI,火,-0.523618,-0.697768,-0.497507,-0.292251,-0.166968,-0.201969,-0.134357
2021-06,801780.SI,火,-0.808255,-0.483919,-0.331873,-0.194646,-0.115138,-0.124282,-0.116425
2021-07,801780.SI,土,0.389027,0.247171,0.322,0.110474,0.011836,-0.0886,-0.027561
2021-08,801780.SI,金,0.119803,0.289709,-0.003154,0.072574,-0.068929,-0.122604,-0.072219
2021-09,801780.SI,金,0.485394,-0.059473,-0.029233,0.018318,-0.041631,-0.146088,-0.06378
2021-10,801780.SI,土,-0.404474,-0.215213,-0.067207,-0.114784,-0.194865,-0.254509,-0.097223
2021-11,801780.SI,水,0.034197,0.167422,0.154054,-0.10017,-0.159151,-0.111659,-0.088643
2021-12,801780.SI,水,0.317809,0.219095,0.068198,-0.04777,-0.181826,-0.104654,-0.09189
2022-01,801780.SI,土,0.127776,-0.038273,-0.159934,-0.251985,-0.308177,-0.095889,-0.074975
2022-02,801780.SI,木,-0.179874,-0.274965,-0.298391,-0.282265,-0.185863,-0.138882,-0.059628
2022-03,801780.SI,木,-0.359031,-0.351064,-0.151149,-0.283951,-0.155815,-0.143118,-0.052834
2022-04,801780.SI,土,-0.342997,-0.023148,-0.33395,-0.372179,-0.073474,-0.073555,-0.011934
2022-05,801780.SI,火,0.452414,-0.32938,-0.265768,-0.123002,-0.078027,-0.061016,0.020278
2022-06,801780.SI,火,-0.690356,-0.477959,-0.395977,-0.158139,-0.140424,-0.108498,-0.005545
2022-07,801780.SI,土,-0.119869,-0.156375,-0.408214,0.092782,0.034166,0.037565,0.036642
2022-08,801780.SI,金,-0.191366,-0.514742,0.047525,0.033144,0.019216,-0.018941,0.033028
2022-09,801780.SI,金,-0.708798,0.192258,0.173348,0.025415,0.015029,0.026462,0.107326
2022-10,801780.SI,土,3.881425,1.355283,1.017913,0.36711,0.251121,0.093248,0.15102
2022-11,801780.SI,水,0.136421,0.297419,0.018961,0.00535,-0.040145,-0.065031,0.082925
2022-12,801780.SI,水,0.481226,-0.035135,-0.103867,-0.05593,-0.018294,-0.078944,0.112579
2023-01,801780.SI,土,-0.37149,-0.302976,-0.073801,-0.014861,-0.108768,-0.053577,0.09644
2023-02,801780.SI,木,-0.226992,0.124347,-0.008079,-0.0684,-0.09146,0.026921,0.112343
2023-03,801780.SI,木,0.635375,0.123631,-0.005429,0.02751,-0.070483,0.046963,0.139353
2023-04,801780.SI,土,-0.227977,-0.224388,0.04783,-0.125753,-0.046738,0.053786,0.113605
2023-05,801780.SI,火,-0.220781,0.220734,-0.125052,-0.130484,0.038861,0.108611,0.159237
2023-06,801780.SI,火,0.912418,-0.072864,0.06154,-0.101396,0.065034,0.109299,0.200368
2023-07,801780.SI,土,-0.550527,-0.209116,-0.27058,-0.090772,0.055778,0.035719,0.156903
2023-08,801780.SI,金,0.391624,-0.070788,-0.135883,0.131996,0.199623,0.087749,0.186352
2023-09,801780.SI,金,-0.379549,-0.319077,-0.239322,0.066785,0.125691,0.194561,0.129078
2023-10,801780.SI,土,-0.252711,-0.157738,0.133359,0.270194,0.164118,0.211844,0.176583
2023-11,801780.SI,水,-0.050694,0.395748,0.482918,0.413451,0.174485,0.254294,0.208614
2023-12,801780.SI,水,1.052146,0.853415,0.496074,0.369395,0.388495,0.343926,0.199166
2024-01,801780.SI,土,0.673929,0.277395,0.42355,0.179809,0.239196,0.270238,0.124431
2024-02,801780.SI,木,-0.025204,0.312776,0.347238,0.045232,0.186206,0.20487,0.097525
2024-03,801780.SI,木,0.767939,0.583833,0.253442,0.337642,0.29673,0.239897,0.120074
2024-04,801780.SI,土,0.418899,0.055413,-0.022199,0.156175,0.222895,0.176821,0.090765
2024-05,801780.SI,火,-0.214957,-0.188292,-0.189074,0.113059,0.16084,0.212176,0.065727
2024-06,801780.SI,火,-0.160722,-0.175814,0.427498,0.318931,0.235414,0.298913,
2024-07,801780.SI,土,-0.190635,0.861703,0.367088,0.367598,0.251787,0.292266,
2024-08,801780.SI,金,3.282293,0.776735,0.527759,0.38889,0.385991,0.293892,
2024-09,801780.SI,金,-0.262828,-0.087476,0.218621,0.149294,0.258679,0.067185,
2024-10,801780.SI,土,0.129586,0.566819,0.368107,0.197835,0.268247,0.142348,
2024-11,801780.SI,水,1.173293,0.505638,0.262644,0.32012,0.224181,0.164597,
2024-12,801780.SI,水,0.043092,-0.037586,0.083911,0.279198,0.02101,0.069999,
2025-01,801780.SI,土,-0.112024,0.104915,0.048755,0.221084,0.0757,-0.004639,
2025-02,801780.SI,木,0.374854,0.139752,0.380212,0.205391,0.133636,-0.000257,
2025-03,801780.SI,木,-0.055147,0.382899,0.50967,-0.009058,0.065401,0.011831,
2025-04,801780.SI,土,1.024028,0.908276,0.42173,0.089431,-0.021826,0.011003,
2025-05,801780.SI,火,0.799143,0.191564,0.052714,0.027396,-0.102153,-0.063028,
2025-06,801780.SI,火,-0.210832,-0.194746,-0.34955,-0.104988,-0.114511,,
2025-07,801780.SI,土,-0.178332,-0.409477,-0.1652,-0.188637,-0.097603,,
2025-08,801780.SI,金,-0.575599,-0.158556,0.002686,-0.170821,-0.098709,,
2025-09,801780.SI,金,0.668299,0.541201,0.231525,0.03316,,,
2025-10,801780.SI,土,0.423785,0.058103,-0.211415,-0.061779,,,
2025-11,801780.SI,水,-0.213658,-0.413119,-0.314304,-0.145494,,,
2025-12,801780.SI,水,-0.561985,-0.359688,-0.133255,,,,
2026-01,801780.SI,土,-0.063961,0.21925,0.116251,,,,
2026-02,801780.SI,木,0.588149,0.218977,0.064876,,,,
2026-03,801780.SI,木,-0.064378,-0.128028,,,,,
2026-04,801780.SI,土,-0.187347,,,,,,
2026-05,801780.SI,火,,,,,,,
2014-03,801790.SI,木,0.507673,0.266019,0.161179,0.458954,2.453288,1.688278,0.340526
2014-04,801790.SI,土,0.063098,0.01905,0.699344,0.506306,1.883512,1.875651,0.2926
2014-05,801790.SI,火,-0.023174,1.1485,0.52149,1.575825,2.098072,1.762677,0.300816
2014-06,801790.SI,火,3.725563,0.898869,0.83309,4.955244,2.556306,1.461715,0.298557
2014-07,801790.SI,土,-0.236979,0.141692,0.335197,2.756142,2.426792,0.728017,0.210877
2014-08,801790.SI,金,0.708289,0.76624,3.360775,3.420819,2.370419,0.4271,0.258271
2014-09,801790.SI,金,0.826156,5.967305,18.347073,3.953437,1.715954,0.31336,0.21388
2014-10,801790.SI,土,25.582256,61.97294,9.566683,4.48983,0.883139,0.448771,0.20295
2014-11,801790.SI,水,148.181891,5.662114,3.481689,1.963084,-0.016552,0.187275,0.080236
2014-12,801790.SI,水,-0.702486,-0.223208,0.26823,0.017597,-0.464236,-0.168964,-0.158006
2015-01,801790.SI,土,1.028154,1.618443,1.852195,-0.205024,-0.252943,-0.306589,-0.108445
2015-02,801790.SI,木,2.380533,2.382348,0.959053,-0.539313,-0.237474,-0.377685,-0.131778
2015-03,801790.SI,木,2.384163,0.49134,-0.183504,-0.651774,-0.278183,-0.331539,-0.186152
2015-04,801790.SI,土,-0.342793,-0.598944,-0.778421,-0.617668,-0.567226,-0.418978,-0.227933
2015-05,801790.SI,火,-0.755258,-0.87134,-0.891666,-0.524272,-0.575382,-0.387506,-0.197813
2015-06,801790.SI,火,-0.932364,-0.927923,-0.851486,-0.321322,-0.374659,-0.31501,-0.130059
2015-07,801790.SI,土,-0.923191,-0.779928,-0.34029,-0.395179,-0.198789,-0.1515,-0.006808
2015-08,801790.SI,金,-0.369457,0.933403,1.08906,-0.15935,0.09114,0.109415,0.140207
2015-09,801790.SI,金,4.928294,2.802496,2.101408,0.283192,0.140222,0.121934,0.146718
2015-10,801790.SI,土,1.438977,1.243229,-0.445501,-0.117034,-0.077248,-0.001162,0.080539
2015-11,801790.SI,水,1.063191,-0.735608,-0.661718,-0.211421,-0.101589,-0.017152,0.052469
2015-12,801790.SI,水,-0.966119,-0.863023,-0.469086,-0.308639,-0.200589,-0.146904,0.000325
2016-01,801790.SI,土,-0.446214,1.101641,0.406004,0.190357,0.215327,0.146319,0.183706
2016-02,801790.SI,木,6.975806,1.240314,0.838277,0.464108,0.402455,0.211299,0.151809
2016-03,801790.SI,木,-0.370721,-0.117471,-0.099704,-0.019058,-0.000793,-0.009145,0.036878
2016-04,801790.SI,土,0.237699,0.076853,0.007784,0.129916,0.07089,0.02593,0.036506
2016-05,801790.SI,火,-0.063091,-0.090623,0.166099,0.224977,0.054059,0.050629,0.016424
2016-06,801790.SI,火,-0.117347,0.300931,0.068811,0.052666,0.023022,0.104831,-0.02136
2016-07,801790.SI,土,0.917424,0.176133,0.266849,0.10391,0.03205,0.162556,-0.004197
2016-08,801790.SI,金,-0.278569,0.029741,0.286828,0.002143,0.014739,0.171854,-0.044903
2016-09,801790.SI,金,0.46981,0.718633,0.036765,0.000869,0.117105,0.172049,-0.007512
2016-10,801790.SI,土,1.009578,-0.129257,-0.038071,-0.068487,0.129736,0.168923,-0.035566
2016-11,801790.SI,水,-0.62271,-0.334479,-0.219561,-0.098904,0.135859,0.127021,-0.060133
2016-12,801790.SI,水,0.173947,0.122461,-0.033785,0.15958,0.220958,0.172965,-0.064393
2017-01,801790.SI,土,0.073233,-0.12343,-0.097941,0.224318,0.247384,0.222312,-0.030563
2017-02,801790.SI,木,-0.284056,-0.173,0.040406,0.370304,0.273884,0.09524,0.068282
2017-03,801790.SI,木,-0.044716,0.254195,0.391642,0.372506,0.251282,0.085038,0.122295
2017-04,801790.SI,土,0.646637,0.679674,0.661703,0.46684,0.352585,0.047191,0.128866
2017-05,801790.SI,火,0.713374,0.669288,0.804808,0.409591,0.114152,-0.016667,0.053438
2017-06,801790.SI,火,0.626338,0.852339,0.353633,0.186504,-0.001341,-0.133137,0.081297
2017-07,801790.SI,土,1.109746,0.234941,0.294828,0.22031,-0.102192,-0.147031,0.05271
2017-08,801790.SI,金,-0.277126,0.014385,0.100919,-0.12461,-0.196861,-0.221567,0.003467
2017-09,801790.SI,金,0.423454,0.358631,0.04001,-0.142221,-0.252806,-0.159563,0.019339
2017-10,801790.SI,土,0.296761,-0.111035,0.150081,-0.252401,-0.257824,-0.204282,0.00238
2017-11,801790.SI,水,-0.390591,0.083085,-0.303939,-0.314025,-0.306505,-0.216208,-0.026548
2017-12,801790.SI,水,0.924935,-0.256096,-0.292521,-0.366668,-0.217181,-0.25372,0.042062
2018-01,801790.SI,土,-0.712513,-0.571094,-0.51403,-0.403794,-0.296221,-0.231123,-0.007009
2018-02,801790.SI,木,-0.360107,-0.368162,-0.323966,-0.307785,-0.184573,0.041988,0.022393
2018-03,801790.SI,木,-0.376116,-0.305136,-0.433043,-0.176554,-0.24032,0.160832,-0.001528
2018-04,801790.SI,土,-0.226082,-0.459529,-0.268553,-0.153066,-0.104073,0.216912,0.039301
2018-05,801790.SI,火,-0.622558,-0.288907,-0.291216,-0.104442,0.203634,0.128541,0.02621
2018-06,801790.SI,火,0.339686,-0.028717,0.195969,-0.12063,0.47404,0.348774,0.09767
2018-07,801790.SI,土,-0.295813,0.13,-0.019345,-0.008444,0.441954,0.299226,0.167086
2018-08,801790.SI,金,0.813297,0.157259,0.131549,0.5685,0.317806,0.293554,0.194587
2018-09,801790.SI,金,-0.261429,-0.106128,-0.353419,0.636454,0.40393,0.236322,0.148664
2018-10,801790.SI,土,0.08183,-0.395023,0.002578,0.748513,0.426945,0.262715,0.150113
2018-11,801790.SI,水,-0.661687,-0.034843,1.174182,0.422135,0.352555,0.209005,0.197591
2018-12,801790.SI,水,1.75345,4.511687,3.141754,1.068744,0.534504,0.455076,0.242552
2019-01,801790.SI,土,10.032954,4.079696,2.049437,0.702362,0.363644,0.282431,0.148726
2019-02,801790.SI,木,1.33875,0.603185,-0.06978,0.066803,-0.005804,0.003167,0.042541
2019-03,801790.SI,木,0.098964,-0.413339,0.033307,-0.065972,0.026722,-0.141179,-0.026853
2019-04,801790.SI,土,-0.686823,0.001964,-0.049648,-0.088112,-0.039187,-0.112387,-0.047791
2019-05,801790.SI,火,2.205637,0.655508,0.223441,0.027816,0.028732,-0.066842,0.033275
2019-06,801790.SI,火,-0.145035,-0.244182,-0.155713,0.023446,-0.192529,-0.106685,-0.043193
2019-07,801790.SI,土,-0.331832,-0.161001,-0.125019,-0.033914,-0.132366,0.048386,-0.08929
2019-08,801790.SI,金,0.053505,0.001279,-0.13653,-0.056674,-0.147398,0.103192,-0.05425
2019-09,801790.SI,金,-0.048358,-0.218277,0.240621,-0.21033,-0.089718,0.067221,-0.051549
2019-10,801790.SI,土,-0.357856,0.416518,0.066677,-0.136017,0.113513,0.047553,-0.060222
2019-11,801790.SI,水,2.124727,0.374781,0.030568,-0.152781,0.197068,0.186285,-0.044828
2019-12,801790.SI,水,-0.39514,-0.408154,-0.497366,-0.220269,0.014984,0.061068,-0.06464
2020-01,801790.SI,土,-0.420888,-0.541805,-0.300194,0.137696,0.041255,0.028962,-0.077313
2020-02,801790.SI,木,-0.637475,-0.230719,-0.30351,0.290149,0.243254,0.08346,-0.070253
2020-03,801790.SI,木,0.63242,-0.03461,0.209587,0.442324,0.361153,0.102692,-0.059473
2020-04,801790.SI,土,-0.429082,0.041214,0.849588,0.270126,0.170055,0.021507,-0.115937
2020-05,801790.SI,火,0.898916,2.32909,1.389818,0.661049,0.255392,0.144132,-0.094227
2020-06,801790.SI,火,4.836401,1.680985,0.719842,0.443915,0.069202,0.024812,-0.0793
2020-07,801790.SI,土,0.231526,-0.066401,-0.127795,-0.069381,-0.161898,-0.208886,-0.180075
2020-08,801790.SI,金,-0.292255,-0.265984,0.154516,-0.090115,-0.104951,-0.189223,-0.178177
2020-09,801790.SI,金,-0.238737,0.474556,0.212258,-0.156965,-0.137625,-0.157101,-0.208731
2020-10,801790.SI,土,1.856198,0.529766,-0.007054,-0.178446,-0.234205,-0.156909,-0.219241
2020-11,801790.SI,水,-0.180664,-0.414544,-0.282911,-0.21192,-0.279332,-0.230915,-0.198604
2020-12,801790.SI,水,-0.581663,-0.329146,-0.413732,-0.272645,-0.253261,-0.175454,-0.194657
2021-01,801790.SI,土,0.075796,-0.305965,-0.320253,-0.327478,-0.201655,-0.172611,-0.128494
2021-02,801790.SI,木,-0.552253,-0.459674,-0.133901,-0.277535,-0.212758,-0.202159,-0.142449
2021-03,801790.SI,木,-0.347953,0.204579,-0.097605,-0.157238,-0.07618,-0.197789,-0.128935
2021-04,801790.SI,土,1.225313,0.061587,-0.334626,-0.134808,-0.116587,-0.234888,-0.08784
2021-05,801790.SI,火,-0.493569,-0.636166,-0.397349,-0.249452,-0.223694,-0.282929,-0.141193
2021-06,801790.SI,火,-0.738612,-0.342586,-0.21293,-0.065277,-0.228648,-0.172835,-0.125774
2021-07,801790.SI,土,0.653455,0.365769,0.125017,0.017919,-0.198424,-0.150215,-0.011125
2021-08,801790.SI,金,0.128138,-0.072011,-0.06526,-0.118918,-0.24015,-0.166981,-0.061026
2021-09,801790.SI,金,-0.236651,-0.149146,0.110075,-0.236389,-0.159022,-0.257198,-0.07423
2021-10,801790.SI,土,-0.051609,0.338649,-0.078984,-0.323391,-0.226087,-0.276965,-0.073096
2021-11,801790.SI,水,0.889498,-0.092374,-0.169495,-0.314912,-0.198366,-0.164935,-0.086951
2021-12,801790.SI,水,-0.564019,-0.449396,-0.474719,-0.268017,-0.350299,-0.213412,-0.125033
2022-01,801790.SI,土,-0.304637,-0.423427,-0.502941,-0.290578,-0.333004,-0.082025,-0.109668
2022-02,801790.SI,木,-0.521924,-0.579752,-0.434867,-0.212422,-0.16341,-0.078271,-0.06738
2022-03,801790.SI,木,-0.630584,-0.385562,0.020023,-0.27744,-0.10009,-0.054171,-0.068362
2022-04,801790.SI,土,0.021974,0.694951,0.012516,-0.227353,0.12626,0.087468,-0.017735
2022-05,801790.SI,火,1.811086,0.00782,0.09758,0.017874,0.084978,0.028557,-0.02571
2022-06,801790.SI,火,-0.63868,-0.314169,-0.488156,-0.154734,-0.077683,-0.076035,-0.095526
2022-07,801790.SI,土,0.301795,-0.390798,-0.410396,0.187838,0.113666,0.150731,-0.03003
2022-08,801790.SI,金,-0.714912,-0.603202,-0.056044,0.078731,0.006528,0.058405,-0.049595
2022-09,801790.SI,金,-0.44772,0.717664,0.395884,0.238088,0.125023,0.153808,0.170565
2022-10,801790.SI,土,4.342161,1.219188,1.393062,0.530566,0.438063,0.188256,0.214034
2022-11,801790.SI,水,-0.078126,0.601668,0.232748,0.039353,0.099559,-0.001684,0.140654
2022-12,801790.SI,水,1.782745,0.425528,0.098129,0.009991,0.082833,-0.026724,0.125568
2023-01,801790.SI,土,-0.269739,-0.310168,-0.021073,0.114782,-0.059059,-0.136479,0.04431
2023-02,801790.SI,木,-0.348358,0.133409,-0.123703,0.038462,-0.069465,-0.05636,0.06472
2023-03,801790.SI,木,0.97135,0.016185,-0.071073,0.075266,-0.065104,-0.08234,0.080602
2023-04,801790.SI,土,-0.476181,-0.362338,0.269492,-0.077496,-0.171841,-0.112762,0.028246
2023-05,801790.SI,火,-0.223754,0.976306,0.230637,-0.0411,-0.032781,-0.077114,0.070265
2023-06,801790.SI,火,4.031634,0.549514,0.244658,-0.062105,-0.086065,-0.114606,0.124076
2023-07,801790.SI,土,-0.522821,-0.380957,-0.329642,-0.331108,-0.212633,-0.182396,0.074766
2023-08,801790.SI,金,-0.196919,-0.205454,-0.252835,-0.142524,-0.161531,-0.146575,0.15331
2023-09,801790.SI,金,-0.213898,-0.279316,-0.293262,-0.216845,-0.209627,0.187565,0.129473
2023-10,801790.SI,土,-0.339289,-0.329886,-0.332571,-0.146679,-0.126449,0.24037,0.144775
2023-11,801790.SI,水,-0.320349,-0.329186,-0.015926,-0.111776,-0.107898,0.303287,0.14234
2023-12,801790.SI,水,-0.337909,0.184129,-0.132166,-0.164169,0.411856,0.30169,0.196956
2024-01,801790.SI,土,1.117777,-0.006436,0.090988,-0.000621,0.524989,0.26295,0.214461
2024-02,801790.SI,木,-0.533865,-0.216949,-0.19829,-0.150608,0.431234,0.201335,0.157302
2024-03,801790.SI,木,0.315431,0.051405,-0.194991,0.800808,0.490041,0.272476,0.123422
2024-04,801790.SI,土,-0.159628,-0.370251,-0.084538,0.802977,0.326096,0.191664,0.135836
2024-05,801790.SI,火,-0.528086,-0.044513,-0.10009,0.912306,0.374716,0.241179,0.134634
2024-06,801790.SI,火,0.934581,0.242702,3.028412,1.027201,0.482288,0.427103,
2024-07,801790.SI,土,-0.201735,4.813093,2.550911,0.596035,0.301143,0.412813,
2024-08,801790.SI,金,41.33185,6.48921,3.063644,0.699105,0.381591,0.558572,
2024-09,801790.SI,金,0.324966,0.259041,0.02014,-0.100851,0.009785,0.074222,
2024-10,801790.SI,土,0.196396,-0.104868,-0.282627,-0.212378,0.039122,0.056548,
2024-11,801790.SI,水,-0.330271,-0.444505,-0.289565,-0.194415,0.132393,0.00127,
2024-12,801790.SI,水,-0.539255,-0.268293,-0.207491,0.004647,0.092879,0.100649,
2025-01,801790.SI,土,0.162021,0.039384,-0.13525,0.250625,0.202091,0.167834,
2025-02,801790.SI,木,-0.070311,-0.254017,-0.086521,0.429662,0.122604,0.114883,
2025-03,801790.SI,木,-0.401422,-0.09452,0.273571,0.283382,0.227996,-0.008172,
2025-04,801790.SI,土,0.369738,0.857696,0.808687,0.417296,0.290856,0.082624,
2025-05,801790.SI,火,1.519485,1.078387,1.237527,0.244488,0.191442,0.037236,
2025-06,801790.SI,火,0.714514,1.108612,0.293268,0.205824,-0.087483,,
2025-07,801790.SI,土,1.593296,0.123214,0.1106,0.090524,-0.087606,,
2025-08,801790.SI,金,-0.513511,-0.273208,-0.307829,-0.130589,-0.19725,,
2025-09,801790.SI,金,0.085796,-0.174373,0.124293,-0.233491,,,
2025-10,801790.SI,土,-0.372203,0.14405,0.07081,-0.173021,,,
2025-11,801790.SI,水,1.084831,0.39849,0.092036,-0.135502,,,
2025-12,801790.SI,水,-0.061903,-0.209648,-0.477417,,,,
2026-01,801790.SI,土,-0.334125,-0.609961,-0.36133,,,,
2026-02,801790.SI,木,-0.771533,-0.374513,-0.31563,,,,
2026-03,801790.SI,木,0.71243,0.18447,,,,,
2026-04,801790.SI,土,-0.180714,,,,,,
2026-05,801790.SI,火,,,,,,,
2014-03,801880.SI,木,0.231773,0.140294,0.35553,0.778829,0.54289,0.854491,0.315029
2014-04,801880.SI,土,0.055609,0.421996,0.925297,0.783286,0.679795,1.064382,0.303521
2014-05,801880.SI,火,0.915551,1.600129,1.12482,0.876302,0.852662,1.369054,0.293956
2014-06,801880.SI,火,2.529361,1.237878,1.334313,0.646069,1.058717,1.03342,0.288455
2014-07,801880.SI,土,0.418982,0.898412,0.65175,0.569046,1.112942,0.519731,0.226727
2014-08,801880.SI,金,1.539827,0.782083,0.656851,0.729948,1.456551,0.29801,0.215199
2014-09,801880.SI,金,0.250408,0.338206,0.160745,0.933372,0.942002,0.180706,0.16922
2014-10,801880.SI,土,0.432169,0.118354,0.490483,1.389787,0.478113,0.325062,0.174802
2014-11,801880.SI,水,-0.126698,0.520524,0.80627,1.99121,0.196584,0.368786,0.172201
2014-12,801880.SI,水,1.647415,1.597716,2.220281,1.511921,0.187435,0.468997,0.152809
2015-01,801880.SI,土,1.548951,2.551647,2.831698,0.471967,0.274108,-0.007427,0.11369
2015-02,801880.SI,木,3.948778,3.697926,3.953488,-0.02608,0.247919,-0.086039,0.087352
2015-03,801880.SI,木,3.45979,3.955845,0.959378,-0.278945,0.130828,-0.067506,0.017717
2015-04,801880.SI,土,4.507076,0.298734,-0.434536,-0.265294,-0.367268,-0.176913,-0.060487
2015-05,801880.SI,火,-0.69372,-0.818805,-0.808515,-0.37364,-0.479685,-0.293253,-0.146826
2015-06,801880.SI,火,-0.892805,-0.848594,-0.734651,-0.140915,-0.27196,-0.183584,-0.076717
2015-07,801880.SI,土,-0.786148,-0.582516,-0.045398,-0.330691,-0.06719,-0.009786,-2.5e-05
2015-08,801880.SI,金,-0.184982,1.016865,1.048863,-0.142307,0.092212,0.137671,0.069908
2015-09,801880.SI,金,3.990991,2.248523,1.781339,0.205934,0.187435,0.157846,0.115884
2015-10,801880.SI,土,1.114389,1.076288,-0.530721,-0.077899,0.002377,0.041581,0.039757
2015-11,801880.SI,水,1.038873,-0.778917,-0.640953,-0.202549,-0.064915,0.00385,-0.026454
2015-12,801880.SI,水,-0.976027,-0.849329,-0.477131,-0.224133,-0.135464,-0.095323,-0.051338
2016-01,801880.SI,土,-0.053014,1.441915,0.811864,0.464978,0.358669,0.249586,0.088854
2016-02,801880.SI,木,5.296766,1.506206,0.771157,0.509042,0.414192,0.293639,0.07303
2016-03,801880.SI,木,-0.002493,-0.060651,0.151282,0.111675,0.086077,0.11073,-0.011336
2016-04,801880.SI,土,-0.115418,0.236843,0.184505,0.176543,0.104027,0.072407,-0.043781
2016-05,801880.SI,火,0.729385,0.370681,0.285718,0.263671,0.165016,0.029938,-0.02624
2016-06,801880.SI,火,0.086378,0.108594,0.073431,0.054872,0.097532,0.044138,-0.08366
2016-07,801880.SI,土,0.131264,0.067015,0.168634,0.065863,0.037451,0.009832,-0.105517
2016-08,801880.SI,金,0.006415,0.18778,0.242002,0.108983,-0.043468,0.006181,-0.148186
2016-09,801880.SI,金,0.401828,0.379732,0.036635,0.109785,0.034553,0.075442,-0.135712
2016-10,801880.SI,土,0.357984,-0.108562,-0.02787,-0.022511,-0.038152,0.037936,-0.205751
2016-11,801880.SI,水,-0.414822,-0.177494,-0.009789,-0.160562,-0.062018,-0.055844,-0.20418
2016-12,801880.SI,水,0.156086,0.288093,0.188098,0.033513,0.088698,-0.005215,-0.19183
2017-01,801880.SI,土,0.435174,0.204435,-0.017122,-0.043253,0.060846,-0.051203,-0.198916
2017-02,801880.SI,木,0.010793,-0.186614,-0.288378,-0.087091,-0.070715,-0.109958,-0.151187
2017-03,801880.SI,木,-0.345467,-0.402906,-0.100959,0.042162,-0.062392,-0.119987,-0.135202
2017-04,801880.SI,土,-0.455303,0.053668,-0.068688,0.10212,-0.062298,-0.14738,-0.111325
2017-05,801880.SI,火,1.038227,0.21777,0.171132,0.061937,-0.041047,-0.079354,-0.137632
2017-06,801880.SI,火,-0.272425,-0.112267,0.208066,-0.042492,-0.12624,-0.195816,-0.159232
2017-07,801880.SI,土,0.083146,0.556671,0.304256,-0.059087,-0.172105,-0.20769,-0.152427
2017-08,801880.SI,金,1.237209,0.431202,-0.037077,-0.132253,-0.15032,-0.278871,-0.161902
2017-09,801880.SI,金,-0.084422,-0.368266,-0.241083,-0.256907,-0.297828,-0.305408,-0.196129
2017-10,801880.SI,土,-0.564114,-0.309054,-0.321209,-0.340399,-0.328975,-0.392225,-0.199061
2017-11,801880.SI,水,0.095254,-0.152934,-0.218022,-0.201845,-0.345132,-0.329211,-0.163257
2017-12,801880.SI,水,-0.344881,-0.339254,-0.272402,-0.324589,-0.325615,-0.343437,-0.132568
2018-01,801880.SI,土,-0.333579,-0.233209,-0.359046,-0.332824,-0.414206,-0.323632,-0.108461
2018-02,801880.SI,木,-0.117721,-0.371412,-0.185334,-0.400715,-0.362642,-0.190505,-0.085361
2018-03,801880.SI,木,-0.552156,-0.217172,-0.373033,-0.350743,-0.365539,-0.150153,-0.128358
2018-04,801880.SI,土,0.368377,-0.258172,-0.30553,-0.43998,-0.311397,-0.073745,-0.093418
2018-05,801880.SI,火,-0.597839,-0.505259,-0.559154,-0.436252,-0.192222,-0.192222,-0.106081
2018-06,801880.SI,火,-0.391368,-0.538438,-0.327661,-0.361758,-0.05947,-0.120984,-0.04198
2018-07,801880.SI,土,-0.64997,-0.293349,-0.548401,-0.314313,0.019584,-0.093309,0.045275
2018-08,801880.SI,金,0.426608,-0.487047,-0.279086,0.09344,-0.011537,-0.025961,0.118767
2018-09,801880.SI,金,-0.815562,-0.487525,-0.394126,0.11241,-0.038832,-0.069657,0.108509
2018-10,801880.SI,土,0.423951,0.098117,0.041116,0.531998,0.143829,0.055496,0.256429
2018-11,801880.SI,水,-0.153159,-0.109773,0.658465,0.157442,0.076814,0.043754,0.286682
2018-12,801880.SI,水,-0.064164,1.320912,1.042432,0.21062,0.073323,0.146025,0.292854
2019-01,801880.SI,土,4.755955,2.017321,1.254328,0.198926,0.060333,0.17516,0.312821
2019-02,801880.SI,木,0.581706,0.410805,-0.192222,-0.132324,-0.105537,0.033441,0.18859
2019-03,801880.SI,木,0.25837,-0.422735,-0.282423,-0.221925,-0.054758,-0.106004,0.131098
2019-04,801880.SI,土,-0.735185,-0.458126,-0.362372,-0.272798,-0.05422,-0.112673,0.138197
2019-05,801880.SI,火,0.108804,-0.010581,-0.067984,-0.058767,0.12189,-0.010754,0.236795
2019-06,801880.SI,火,-0.117111,-0.145509,-0.156326,0.084877,-0.038038,0.044126,0.286107
2019-07,801880.SI,土,-0.172994,-0.175275,-0.170641,0.151865,-0.009345,0.20504,0.289925
2019-08,801880.SI,金,-0.17755,-0.169462,-0.049458,0.230875,0.009093,0.285001,0.349858
2019-09,801880.SI,金,-0.161294,0.021886,0.395039,0.027187,0.121017,0.320793,0.298994
2019-10,801880.SI,土,0.245073,0.79918,0.59978,0.08271,0.364859,0.495613,0.371793
2019-11,801880.SI,水,1.599886,0.813398,0.593882,0.039707,0.420847,0.586151,0.394362
2019-12,801880.SI,水,0.264829,0.247978,-0.243667,0.004905,0.296934,0.458494,0.307405
2020-01,801880.SI,土,0.231352,-0.415138,-0.267236,0.260671,0.462421,0.466608,0.217169
2020-02,801880.SI,木,-0.722205,-0.434731,-0.321787,0.341507,0.583582,0.367031,0.209998
2020-03,801880.SI,木,0.150233,0.059709,0.335171,0.698322,0.815385,0.431082,0.200312
2020-04,801880.SI,土,-0.023691,0.438509,1.168898,1.065981,0.848264,0.459995,0.13751
2020-05,801880.SI,火,1.11952,2.232696,1.653506,1.41979,0.726828,0.546292,0.238245
2020-06,801880.SI,火,3.930514,1.969008,1.160246,1.116823,0.46456,0.584169,0.284447
2020-07,801880.SI,土,0.787848,0.42991,0.967949,0.706186,0.279544,0.38079,0.232054
2020-08,801880.SI,金,0.143634,1.064693,1.20666,0.39304,0.291562,0.417989,0.129087
2020-09,801880.SI,金,2.727554,2.065205,1.074272,0.205894,0.428568,0.277554,0.062149
2020-10,801880.SI,土,1.520549,0.547343,0.479241,0.031754,0.226965,0.258224,-0.002115
2020-11,801880.SI,水,-0.050099,0.133211,-0.120589,-0.01189,0.223635,0.225764,-0.001982
2020-12,801880.SI,水,0.351896,-0.153848,-0.298944,0.185547,0.086969,0.171967,-0.032526
2021-01,801880.SI,土,-0.470393,-0.495156,-0.280364,0.117452,0.19215,0.010154,0.006093
2021-02,801880.SI,木,-0.518761,-0.161133,0.110245,0.443385,0.369237,0.071003,0.029612
2021-03,801880.SI,木,0.462261,0.686349,1.004863,0.353472,0.390923,0.006754,0.031084
2021-04,801880.SI,土,0.944779,1.347548,0.735179,0.534404,0.131042,-0.113743,-0.015216
2021-05,801880.SI,火,1.833731,0.639009,0.876487,0.520578,0.058233,-0.008433,-0.045172
2021-06,801880.SI,火,-0.052009,0.527,-0.086278,0.158543,-0.199791,0.041432,-0.045929
2021-07,801880.SI,土,1.459654,-0.102945,0.35686,-0.086842,-0.291568,0.099339,-0.016757
2021-08,801880.SI,金,-0.672837,0.00778,0.232173,-0.205307,-0.198358,-0.100955,-0.087841
2021-09,801880.SI,金,2.104328,1.391253,0.468962,-0.251145,0.087853,-0.116936,-0.04214
2021-10,801880.SI,土,0.841974,0.01049,-0.38545,-0.488107,0.024858,-0.208587,-0.075341
2021-11,801880.SI,水,-0.445655,-0.645028,-0.487461,-0.353401,-0.190622,-0.187413,-0.086302
2021-12,801880.SI,水,-0.772696,-0.507167,-0.618245,-0.06384,-0.25472,-0.201337,-0.091758
2022-01,801880.SI,土,0.068544,-0.505263,-0.573615,0.323479,-0.13897,0.002049,-0.11139
2022-02,801880.SI,木,-0.770937,-0.730657,-0.184275,0.017101,-0.052489,-0.010179,-0.055344
2022-03,801880.SI,木,-0.683294,0.539351,1.295698,0.041325,0.021463,0.056001,0.027391
2022-04,801880.SI,土,6.482026,5.180788,3.108024,0.223565,0.332247,0.094265,0.091492
2022-05,801880.SI,火,4.105855,2.043966,0.26819,0.021185,0.055749,-0.080549,-0.014236
2022-06,801880.SI,火,0.814726,-0.367963,-0.527657,-0.31864,-0.184831,-0.125962,-0.091933
2022-07,801880.SI,土,-0.779873,-0.75902,-0.635564,-0.241316,-0.295925,-0.120593,-0.113119
2022-08,801880.SI,金,-0.736192,-0.531084,-0.17771,-0.036728,-0.174007,-0.074536,-0.082648
2022-09,801880.SI,金,-0.166508,0.451754,-0.017131,0.070884,0.073053,0.038992,0.073133
2022-10,801880.SI,土,1.528626,0.067315,0.57943,-0.021371,0.17954,0.080339,0.089136
2022-11,801880.SI,水,-0.549494,0.248269,0.128426,-0.172149,-0.037344,0.027391,0.051469
2022-12,801880.SI,水,2.45872,0.785908,0.166782,0.121202,0.058403,0.032857,0.09619
2023-01,801880.SI,土,-0.077848,-0.322317,-0.393633,0.019339,-0.048124,-0.211986,0.045292
2023-02,801880.SI,木,-0.501975,-0.508298,-0.39266,-0.11086,-0.004235,-0.098448,0.095904
2023-03,801880.SI,木,-0.51454,-0.32931,0.077403,0.00805,-0.008277,-0.000445,0.134916
2023-04,801880.SI,土,-0.073404,0.605057,0.713569,0.192621,-0.140064,0.088726,0.146424
2023-05,801880.SI,火,1.780292,1.330275,0.301692,0.275027,0.028436,0.056859,0.158313
2023-06,801880.SI,火,0.953097,-0.109329,-0.056839,-0.048527,-0.025123,-0.05658,0.111711
2023-07,801880.SI,土,-0.593827,-0.344584,-0.169952,-0.390816,-0.064039,-0.105582,0.083406
2023-08,801880.SI,金,0.057603,0.186587,0.248907,-0.085862,-0.014054,-0.090689,0.188557
2023-09,801880.SI,金,0.331301,0.357169,-0.040142,-0.008868,-0.056493,0.108395,0.216064
2023-10,801880.SI,土,0.383539,-0.184973,-0.552911,-0.006117,-0.083035,0.098004,0.179918
2023-11,801880.SI,水,-0.519877,-0.745847,-0.330897,-0.123978,-0.181962,0.076111,0.134138
2023-12,801880.SI,水,-0.865464,-0.210116,0.023426,-0.064564,0.16285,0.163407,0.202288
2024-01,801880.SI,土,3.637539,1.822703,1.209408,0.313204,0.481405,0.386568,0.30878
2024-02,801880.SI,木,0.718078,0.525001,0.146929,-0.095489,0.260796,0.332154,0.24411
2024-03,801880.SI,木,0.353622,-0.062905,-0.144988,0.239531,0.2142,0.288608,0.160035
2024-04,801880.SI,土,-0.351261,-0.320469,-0.219471,0.213033,0.187125,0.207178,0.17037
2024-05,801880.SI,火,-0.288215,-0.143853,-0.28667,0.321901,0.400319,0.269506,0.201297
2024-06,801880.SI,火,0.029787,-0.285896,0.796979,0.446937,0.47742,0.310021,
2024-07,801880.SI,土,-0.504805,1.373781,0.885197,0.46403,0.396044,0.312327,
2024-08,801880.SI,金,10.379038,2.678301,1.449669,0.961982,0.538447,0.553557,
2024-09,801880.SI,金,0.18902,0.136602,0.165081,0.339629,0.179026,0.334191,
2024-10,801880.SI,土,0.086495,0.153293,0.136955,0.201351,0.163064,0.267944,
2024-11,801880.SI,水,0.224197,0.163058,0.571385,0.219187,0.334751,0.195294,
2024-12,801880.SI,水,0.104972,0.780321,0.540326,0.186062,0.39585,0.242467,
2025-01,801880.SI,土,1.868438,0.818627,0.269395,0.176342,0.314878,0.235356,
2025-02,801880.SI,木,0.153033,-0.155553,-0.054073,0.230153,0.091119,0.161885,
2025-03,801880.SI,木,-0.381552,-0.143227,-0.086725,0.328775,0.15658,0.04429,
2025-04,801880.SI,土,0.18694,0.109816,0.090111,0.338227,0.224214,0.134684,
2025-05,801880.SI,火,0.037704,0.044701,0.59978,0.171869,0.244318,0.136752,
2025-06,801880.SI,火,0.051744,0.986341,0.933309,0.301555,0.092013,,
2025-07,801880.SI,土,2.751435,1.621181,0.642816,0.297331,0.149943,,
2025-08,801880.SI,金,0.831457,0.087138,-0.141584,0.097405,0.014381,,
2025-09,801880.SI,金,-0.354683,-0.41231,-0.123758,-0.179288,,,
2025-10,801880.SI,土,-0.464791,0.021055,0.024501,-0.037901,,,
2025-11,801880.SI,水,0.947939,0.417448,0.40293,0.102688,,,
2025-12,801880.SI,水,0.031428,0.190602,-0.231298,,,,
2026-01,801880.SI,土,0.37434,-0.336383,-0.096502,,,,
2026-02,801880.SI,木,-0.679564,-0.267439,-0.133299,,,,
2026-03,801880.SI,木,0.674737,0.425388,,,,,
2026-04,801880.SI,土,0.213164,,,,,,
2026-05,801880.SI,火,,,,,,,
2014-03,801890.SI,木,-0.336089,-0.166647,0.082765,0.711318,0.642514,0.990722,0.296795
2014-04,801890.SI,土,0.04604,0.382758,0.595337,0.959466,0.876427,1.547305,0.303363
2014-05,801890.SI,火,0.827866,0.970174,0.93106,1.196497,0.982906,2.110126,0.294892
2014-06,801890.SI,火,1.123561,0.984822,1.704752,1.023004,1.438762,1.405988,0.297829
2014-07,801890.SI,土,0.855147,2.052521,1.406707,1.035033,1.977308,0.898628,0.236489
2014-08,801890.SI,金,4.022722,1.741231,1.498419,1.009349,2.645625,0.533248,0.225871
2014-09,801890.SI,金,0.49607,0.762091,0.513094,1.315744,1.313923,0.273035,0.143828
2014-10,801890.SI,土,1.075414,0.521678,0.720758,2.311494,0.754333,0.434452,0.147842
2014-11,801890.SI,水,0.115683,0.566849,0.616015,3.403777,0.302951,0.43069,0.146122
2014-12,801890.SI,水,1.20046,0.944902,2.544174,1.861477,0.201799,0.467701,0.104807
2015-01,801890.SI,土,0.719024,3.497962,5.37277,0.771366,0.350024,-0.034884,0.059339
2015-02,801890.SI,木,10.769272,11.270193,11.000663,0.169956,0.373765,-0.12173,0.05914
2015-03,801890.SI,木,11.792434,11.118058,1.310285,-0.300174,0.093986,-0.155243,-0.043929
2015-04,801890.SI,土,10.479233,-0.018203,-0.507634,-0.378633,-0.485565,-0.333116,-0.163656
2015-05,801890.SI,火,-0.916029,-0.898029,-0.88594,-0.5352,-0.632631,-0.460875,-0.27102
2015-06,801890.SI,火,-0.876171,-0.867066,-0.78801,-0.247191,-0.39593,-0.29993,-0.180157
2015-07,801890.SI,土,-0.857292,-0.722629,-0.215834,-0.474163,-0.262146,-0.194732,-0.111901
2015-08,801890.SI,金,-0.460894,0.838177,0.894079,-0.340695,-0.095224,-0.019886,-0.02463
2015-09,801890.SI,金,5.267595,2.550261,1.673343,0.019703,0.042518,0.027734,0.007406
2015-10,801890.SI,土,1.011035,0.745949,-0.64739,-0.284266,-0.187572,-0.081502,-0.06627
2015-11,801890.SI,水,0.515806,-0.852351,-0.770504,-0.374665,-0.21313,-0.081845,-0.116814
2015-12,801890.SI,水,-0.985618,-0.910702,-0.611051,-0.348974,-0.252709,-0.16836,-0.135776
2016-01,801890.SI,土,-0.44555,1.022689,0.452812,0.23319,0.263785,0.162761,0.011497
2016-02,801890.SI,木,6.378974,1.351706,0.703924,0.457025,0.457571,0.277259,0.012769
2016-03,801890.SI,木,-0.250503,-0.181201,0.089691,0.035829,0.071395,0.082052,-0.062507
2016-04,801890.SI,土,-0.105491,0.313924,0.046769,0.178705,0.07957,0.048866,-0.069499
2016-05,801890.SI,火,0.929994,0.132358,0.245901,0.348092,0.16026,-0.014308,-0.085584
2016-06,801890.SI,火,-0.335628,0.001031,-0.01537,0.062362,0.079518,-0.039893,-0.155656
2016-07,801890.SI,土,0.508285,0.198681,0.32727,0.096355,0.049567,-0.020549,-0.142303
2016-08,801890.SI,金,-0.047371,0.24508,0.458665,0.119673,-0.088352,-0.029352,-0.190775
2016-09,801890.SI,金,0.627312,0.804977,0.14623,0.130338,-0.047931,-0.012521,-0.187516
2016-10,801890.SI,土,1.002038,-0.038006,-0.094387,-0.06667,-0.114904,-0.050785,-0.243101
2016-11,801890.SI,水,-0.537755,-0.390915,-0.140538,-0.279286,-0.152583,-0.150451,-0.247858
2016-12,801890.SI,水,-0.197429,0.171935,0.114665,-0.132306,-0.060393,-0.101915,-0.236617
2017-01,801890.SI,土,0.711291,0.313636,-0.038104,-0.124988,-0.03579,-0.120089,-0.226838
2017-02,801890.SI,木,0.008384,-0.278843,-0.395635,-0.158543,-0.15373,-0.196952,-0.174542
2017-03,801890.SI,木,-0.484256,-0.532118,-0.324557,-0.137325,-0.164317,-0.187753,-0.137001
2017-04,801890.SI,土,-0.575538,-0.227024,-0.204023,-0.034631,-0.145835,-0.174507,-0.133986
2017-05,801890.SI,火,0.407645,0.090012,0.17156,0.001414,-0.117146,-0.151706,-0.128274
2017-06,801890.SI,火,-0.155947,0.06881,0.101808,-0.07046,-0.13625,-0.257461,-0.132158
2017-07,801890.SI,土,0.353416,0.25885,0.17081,-0.115164,-0.164427,-0.248921,-0.127752
2017-08,801890.SI,金,0.170893,0.088965,-0.144022,-0.233608,-0.238259,-0.325352,-0.158837
2017-09,801890.SI,金,0.01277,-0.268127,-0.215794,-0.235233,-0.348986,-0.331499,-0.15201
2017-10,801890.SI,土,-0.471117,-0.309936,-0.331288,-0.294116,-0.352233,-0.396453,-0.161339
2017-11,801890.SI,水,-0.099634,-0.248068,-0.313817,-0.281413,-0.376818,-0.334096,-0.144361
2017-12,801890.SI,水,-0.372031,-0.400968,-0.25419,-0.406842,-0.366141,-0.351115,-0.1033
2018-01,801890.SI,土,-0.428572,-0.187219,-0.254878,-0.362459,-0.416732,-0.320637,-0.091269
2018-02,801890.SI,木,0.156072,-0.149136,-0.247478,-0.406114,-0.340722,-0.151506,-0.064434
2018-03,801890.SI,木,-0.373768,-0.392863,-0.52825,-0.415647,-0.380539,-0.083078,-0.102001
2018-04,801890.SI,土,-0.411376,-0.590551,-0.454507,-0.483954,-0.341241,-0.091476,-0.062012
2018-05,801890.SI,火,-0.715185,-0.474872,-0.53131,-0.382917,-0.116869,-0.104195,-0.035624
2018-06,801890.SI,火,-0.031795,-0.39876,-0.276167,-0.290152,0.144299,0.014291,0.047206
2018-07,801890.SI,土,-0.62664,-0.374144,-0.511811,-0.276072,0.076925,0.012964,0.112515
2018-08,801890.SI,金,0.049108,-0.441764,-0.187543,0.212256,0.111704,0.048778,0.18716
2018-09,801890.SI,金,-0.702959,-0.285025,-0.303868,0.438765,0.135022,0.075669,0.159971
2018-10,801890.SI,土,0.720938,0.065686,0.073503,0.599499,0.292001,0.165364,0.230027
2018-11,801890.SI,水,-0.340077,-0.152144,0.80879,0.300419,0.141944,0.099436,0.231165
2018-12,801890.SI,水,0.089308,1.994578,1.973638,0.449307,0.243582,0.239158,0.274371
2019-01,801890.SI,土,7.232288,3.913114,1.383224,0.4174,0.1977,0.21554,0.278557
2019-02,801890.SI,木,1.932197,0.282293,-0.065071,-0.092654,-0.068683,0.031573,0.179508
2019-03,801890.SI,木,-0.439235,-0.472076,-0.293629,-0.195793,-0.074437,-0.120534,0.113458
2019-04,801890.SI,土,-0.502994,-0.20721,-0.157015,-0.150938,-0.028811,-0.031593,0.132716
2019-05,801890.SI,火,0.264606,0.097866,-0.119423,-0.070484,0.065959,0.038196,0.180192
2019-06,801890.SI,火,-0.046889,-0.265193,-0.084406,0.05948,-0.053877,0.081189,0.182206
2019-07,801890.SI,土,-0.433495,-0.102607,-0.144817,0.042427,0.014232,0.221849,0.196916
2019-08,801890.SI,金,0.421547,0.050719,-0.018826,0.172808,0.096773,0.343801,0.280065
2019-09,801890.SI,金,-0.223374,-0.184848,0.225978,-0.038233,0.142794,0.25088,0.219281
2019-10,801890.SI,土,-0.144411,0.540344,0.270669,0.104527,0.376165,0.298278,0.223814
2019-11,801890.SI,水,1.773132,0.548518,0.40187,0.159584,0.492329,0.378676,0.277195
2019-12,801890.SI,水,-0.135307,-0.003272,-0.245503,0.103343,0.259292,0.310585,0.22676
2020-01,801890.SI,土,0.148924,-0.295217,-0.039891,0.432153,0.307613,0.344842,0.159159
2020-02,801890.SI,木,-0.567666,-0.122322,-0.040828,0.539724,0.37103,0.348658,0.169069
2020-03,801890.SI,木,0.781766,0.428679,0.613479,0.626901,0.575437,0.409708,0.142798
2020-04,801890.SI,土,0.145562,0.535393,1.13628,0.526015,0.504717,0.324903,0.034323
2020-05,801890.SI,火,1.057883,1.917278,1.471664,0.639163,0.510904,0.341609,0.080714
2020-06,801890.SI,火,3.135566,1.708781,0.640434,0.556754,0.347672,0.292661,0.102044
2020-07,801890.SI,土,0.774241,0.033167,0.090083,0.262855,0.129864,0.172491,0.065166
2020-08,801890.SI,金,-0.398372,-0.145557,0.087064,0.181301,0.094389,0.219352,0.001112
2020-09,801890.SI,金,0.213494,0.46123,0.477343,0.22151,0.19397,0.18848,-0.026063
2020-10,801890.SI,土,0.759541,0.630059,0.46301,0.150295,0.201323,0.153621,-0.006566
2020-11,801890.SI,水,0.510105,0.334047,0.283707,0.098069,0.266934,0.183185,-0.00176
2020-12,801890.SI,水,0.178514,0.183573,0.00998,0.07337,0.105338,0.148297,-0.04597
2021-01,801890.SI,土,0.188654,-0.065021,-0.095577,0.088594,0.065783,-0.000886,-0.007517
2021-02,801890.SI,木,-0.264559,-0.211086,-0.060723,0.258629,0.151458,0.013394,0.001627
2021-03,801890.SI,木,-0.153725,0.061492,0.140739,0.156343,0.19849,-0.073575,-0.000235
2021-04,801890.SI,土,0.331442,0.324413,0.310268,0.156957,0.032831,-0.192527,-0.008173
2021-05,801890.SI,火,0.317422,0.299808,0.68656,0.274897,0.039377,-0.129447,-0.025381
2021-06,801890.SI,火,0.282429,0.908272,0.17216,0.228453,-0.13566,-0.060465,-0.001701
2021-07,801890.SI,土,1.839536,0.120634,0.021585,-0.083011,-0.312851,-0.032334,-0.020622
2021-08,801890.SI,金,-0.557738,-0.387244,-0.036285,-0.184059,-0.301672,-0.178067,-0.0889
2021-09,801890.SI,金,-0.151024,0.4226,0.28745,-0.257778,-0.127253,-0.201877,-0.052169
2021-10,801890.SI,土,1.383801,0.585433,-0.176897,-0.436442,-0.049667,-0.144511,-0.074294
2021-11,801890.SI,水,0.054449,-0.516334,-0.309174,-0.40555,-0.220531,-0.157796,-0.087786
2021-12,801890.SI,水,-0.778147,-0.440834,-0.572105,-0.281433,-0.319466,-0.20737,-0.095072
2022-01,801890.SI,土,0.409337,-0.405745,-0.614145,0.021143,-0.133435,-0.014103,-0.126977
2022-02,801890.SI,木,-0.749429,-0.798104,-0.488481,-0.172032,-0.100295,-0.010003,-0.085325
2022-03,801890.SI,木,-0.837323,-0.269152,0.206696,-0.141766,-0.026548,0.078912,-0.013702
2022-04,801890.SI,土,2.283428,2.286498,1.702397,0.298643,0.347827,0.218272,0.060589
2022-05,801890.SI,火,2.289571,1.451659,0.340189,0.193216,0.233743,0.091126,-0.001812
2022-06,801890.SI,火,0.827177,-0.14458,-0.389601,-0.125674,0.039399,0.060739,-0.083376
2022-07,801890.SI,土,-0.599522,-0.647199,-0.375934,-0.048132,-0.065866,-0.008768,-0.116598
2022-08,801890.SI,金,-0.689199,-0.220966,0.062362,0.183733,0.018852,0.009942,-0.103202
2022-09,801890.SI,金,0.952676,0.964117,0.25237,0.356333,0.275283,0.125622,0.040438
2022-10,801890.SI,土,0.975625,0.002961,0.451855,0.142875,0.156531,0.001687,0.034562
2022-11,801890.SI,水,-0.490829,0.244608,0.318972,-0.002229,-0.006951,-0.011956,0.022713
2022-12,801890.SI,水,2.042297,1.122861,0.468926,0.286896,0.08629,0.033137,0.041722
2023-01,801890.SI,土,0.481295,0.020702,-0.100349,0.032224,-0.114881,-0.226928,-0.000678
2023-02,801890.SI,木,-0.296674,-0.298883,-0.24521,-0.138335,-0.102661,-0.154915,0.034393
2023-03,801890.SI,木,-0.301085,-0.218083,0.127424,-0.065846,-0.081222,-0.098366,0.044155
2023-04,801890.SI,土,-0.125224,0.431919,0.184333,-0.122059,-0.265032,-0.076685,0.03496
2023-05,801890.SI,火,1.343906,0.378042,-0.016326,-0.021588,-0.122478,-0.086834,0.04484
2023-06,801890.SI,火,-0.189814,-0.362755,-0.225984,-0.170585,-0.163091,-0.207911,0.022528
2023-07,801890.SI,土,-0.49878,-0.243458,-0.349186,-0.421017,-0.150216,-0.212699,0.060356
2023-08,801890.SI,金,0.141925,-0.258398,-0.026821,-0.171177,-0.109195,-0.20367,0.159647
2023-09,801890.SI,金,-0.51838,-0.101599,-0.111221,-0.129754,-0.201793,-0.038299,0.183362
2023-10,801890.SI,土,0.675854,0.207365,-0.48492,-0.028966,-0.161115,0.068515,0.20995
2023-11,801890.SI,水,-0.130157,-0.714442,-0.29412,-0.147729,-0.255165,0.058599,0.163921
2023-12,801890.SI,水,-0.906255,-0.364119,-0.1479,-0.243556,-0.012686,0.050378,0.21996
2024-01,801890.SI,土,3.313259,1.568991,0.830605,0.070573,0.36275,0.291787,0.388285
2024-02,801890.SI,木,0.530099,0.192585,0.029022,-0.234888,0.211708,0.266108,0.352889
2024-03,801890.SI,木,-0.070479,-0.156127,-0.328474,0.062766,0.126239,0.209205,0.240484
2024-04,801890.SI,土,-0.233882,-0.429226,-0.373909,0.175782,0.150067,0.160105,0.310178
2024-05,801890.SI,火,-0.574761,-0.43401,-0.431115,0.314876,0.356707,0.1955,0.369146
2024-06,801890.SI,火,-0.246671,-0.342008,0.68195,0.458527,0.471111,0.320008,
2024-07,801890.SI,土,-0.42528,1.5132,1.208087,0.558711,0.424899,0.428113,
2024-08,801890.SI,金,9.99,3.328087,2.039099,1.095157,0.531291,0.688722,
2024-09,801890.SI,金,0.70449,0.598153,0.264783,0.37582,0.217581,0.456113,
2024-10,801890.SI,土,0.498451,0.089499,0.10031,0.144637,0.235032,0.370106,
2024-11,801890.SI,水,-0.207843,-0.057131,0.444403,0.086962,0.38834,0.279722,
2024-12,801890.SI,水,0.122255,0.950414,0.496606,0.194644,0.526117,0.416921,
2025-01,801890.SI,土,2.389707,0.728285,0.19075,0.308458,0.47401,0.491992,
2025-02,801890.SI,木,-0.118812,-0.294252,-0.182024,0.36113,0.229111,0.445618,
2025-03,801890.SI,木,-0.434763,-0.211909,-0.046393,0.541091,0.391314,0.272572,
2025-04,801890.SI,土,0.098807,0.238623,0.437801,0.639987,0.608477,0.479663,
2025-05,801890.SI,火,0.396229,0.644703,1.26495,0.506665,0.747798,0.568013,
2025-06,801890.SI,火,0.937395,1.88476,1.490501,0.680556,0.401048,,
2025-07,801890.SI,土,3.295376,1.823715,0.870605,0.701269,0.493887,,
2025-08,801890.SI,金,0.856267,0.234447,0.002247,0.535351,0.387118,,
2025-09,801890.SI,金,-0.179073,-0.263553,0.134016,0.050839,,,
2025-10,801890.SI,土,-0.339338,0.332835,0.547263,0.335013,,,
2025-11,801890.SI,水,1.688896,1.367864,1.352017,0.631859,,,
2025-12,801890.SI,水,1.08516,1.199752,-0.026237,,,,
2026-01,801890.SI,土,1.320642,-0.334558,0.151878,,,,
2026-02,801890.SI,木,-0.809185,-0.188468,0.132204,,,,
2026-03,801890.SI,木,2.451429,1.757914,,,,,
2026-04,801890.SI,土,1.203751,,,,,,
2026-05,801890.SI,火,,,,,,,
2010-02,801950.SI,木,0.490213,-0.00038,-0.40568,-0.184071,0.030142,0.071177,-0.036769
2010-03,801950.SI,木,-0.329465,-0.624676,-0.728502,-0.238702,0.06787,0.074796,-0.100521
2010-04,801950.SI,土,-0.789917,-0.827242,-0.396484,0.390267,-0.000901,0.108413,-0.040255
2010-05,801950.SI,火,-0.857935,0.022911,0.120172,0.356237,0.303592,0.188523,0.021671
2010-06,801950.SI,火,6.365267,2.145453,1.13473,1.117844,0.700249,0.461847,0.007411
2010-07,801950.SI,土,0.343315,0.149265,2.202634,0.285489,0.357394,0.23569,-0.089891
2010-08,801950.SI,金,-0.016754,3.945065,0.642051,0.406274,0.212221,0.150708,-0.137967
2010-09,801950.SI,金,23.870347,1.122017,1.101092,0.517391,0.288511,0.096001,-0.102521
2010-10,801950.SI,土,-0.818943,-0.389302,-0.484024,-0.116299,-0.100412,-0.188189,-0.232269
2010-11,801950.SI,水,1.05986,-0.128963,0.204352,0.041548,0.022095,-0.131709,-0.215339
2010-12,801950.SI,水,-0.631671,-0.079103,0.095847,0.009043,-0.117734,-0.273182,-0.168093
2011-01,801950.SI,土,1.302431,0.890197,0.513495,0.187819,-0.055801,-0.136565,-0.115422
2011-02,801950.SI,木,0.55177,0.227095,-0.099248,-0.058413,-0.221421,-0.133837,-0.16453
2011-03,801950.SI,木,-0.029649,-0.313731,-0.070885,-0.208366,-0.366153,-0.247241,-0.222404
2011-04,801950.SI,土,-0.514645,-0.09084,-0.067777,-0.25423,-0.283891,-0.168983,-0.252636
2011-05,801950.SI,火,0.703023,0.291962,-0.015727,-0.276145,-0.145068,-0.121758,-0.230445
2011-06,801950.SI,火,-0.019881,-0.251722,-0.325504,-0.47647,-0.298246,-0.305757,-0.340067
2011-07,801950.SI,土,-0.428723,-0.440462,-0.403391,-0.372363,-0.200215,-0.329688,-0.355261
2011-08,801950.SI,金,-0.451959,-0.390308,-0.467662,-0.203218,-0.154499,-0.354224,-0.31201
2011-09,801950.SI,金,-0.321721,-0.475344,-0.593647,-0.284207,-0.299047,-0.265084,-0.293651
2011-10,801950.SI,土,-0.594174,-0.685478,-0.339721,-0.073991,-0.303149,-0.273955,-0.302059
2011-11,801950.SI,水,-0.75624,-0.157788,0.192591,0.065559,-0.311273,-0.290915,-0.261252
2011-12,801950.SI,水,1.909917,1.637888,0.260874,-0.079377,-0.104602,-0.04781,-0.261102
2012-01,801950.SI,土,1.391289,-0.170021,0.298683,-0.284111,-0.250608,-0.093762,-0.341062
2012-02,801950.SI,木,-0.711927,-0.042941,-0.047942,-0.476611,-0.403742,-0.194135,-0.378205
2012-03,801950.SI,木,2.179622,0.730789,-0.32781,-0.245449,-0.13289,-0.196748,-0.348347
2012-04,801950.SI,土,-0.057866,-0.690935,-0.605372,-0.430739,-0.196186,-0.327868,-0.382686
2012-05,801950.SI,火,-0.898612,-0.744597,-0.712269,-0.528133,-0.237696,-0.325681,-0.372726
2012-06,801950.SI,火,-0.356624,-0.515285,-0.152997,-0.015161,-0.14761,-0.372682,-0.311741
2012-07,801950.SI,土,-0.63482,-0.02816,-0.178826,0.1472,-0.197318,-0.379859,-0.250732
2012-08,801950.SI,金,1.58632,0.2314,-0.226158,0.240793,-0.104309,-0.267036,-0.216608
2012-09,801950.SI,金,-0.413705,-0.576711,0.145106,-0.144904,-0.432426,-0.321107,-0.20986
2012-10,801950.SI,土,-0.694396,0.600333,0.602666,-0.206408,-0.435268,-0.329076,-0.191964
2012-11,801950.SI,水,7.380344,2.670162,0.98951,-0.036369,-0.280177,-0.230349,-0.121847
2012-12,801950.SI,水,0.607343,-0.030633,-0.361465,-0.600413,-0.429678,-0.426616,-0.151148
2013-01,801950.SI,土,-0.415387,-0.59754,-0.607037,-0.664771,-0.4981,-0.520878,-0.187156
2013-02,801950.SI,木,-0.722938,-0.677824,-0.53326,-0.567022,-0.439198,-0.520231,-0.164688
2013-03,801950.SI,木,-0.625363,-0.394206,-0.749944,-0.461001,-0.446821,-0.471334,-0.06681
2013-04,801950.SI,土,-0.020422,-0.795708,-0.714022,-0.432783,-0.488148,-0.433033,0.067705
2013-05,801950.SI,火,-0.957395,-0.845482,-0.598343,-0.385281,-0.515808,-0.416488,0.075637
2013-06,801950.SI,火,-0.439602,0.233254,0.161818,-0.177227,-0.321479,-0.244881,0.239715
2013-07,801950.SI,土,1.713992,0.672857,0.125036,-0.315221,-0.287749,-0.094719,0.109465
2013-08,801950.SI,金,0.031119,-0.275655,-0.0592,-0.468383,-0.339132,-0.16271,-0.006058
2013-09,801950.SI,金,-0.491159,-0.101349,-0.417331,-0.481468,-0.345905,-0.080383,-0.061771
2013-10,801950.SI,土,0.587085,-0.376492,-0.583193,-0.433283,-0.157981,-0.026831,0.013663
2013-11,801950.SI,水,-0.755047,-0.7864,-0.699599,-0.44611,-0.194618,0.001951,0.00041
2013-12,801950.SI,水,-0.81374,-0.667333,-0.538545,-0.306973,0.070701,0.256662,0.066464
2014-01,801950.SI,土,-0.405845,-0.273669,-0.229456,0.196784,0.291039,0.379012,0.059884
2014-02,801950.SI,木,-0.112088,-0.122502,0.021283,0.318719,0.497023,0.454336,0.098708
2014-03,801950.SI,木,-0.132794,0.095302,0.040808,0.630939,0.754883,0.647246,0.123129
2014-04,801950.SI,土,0.383394,0.140236,0.858808,0.67113,0.674268,1.01069,0.160712
2014-05,801950.SI,火,-0.060181,1.15466,0.702781,0.812466,0.636205,0.982812,0.085071
2014-06,801950.SI,火,3.939846,1.292008,1.55567,1.278699,0.919646,1.0353,0.100927
2014-07,801950.SI,土,0.063454,0.838232,0.502402,0.588986,1.064027,0.359702,0.062681
2014-08,801950.SI,金,2.177474,0.785747,0.929217,0.6039,1.086039,0.179904,0.091892
2014-09,801950.SI,金,0.003594,0.503248,1.031744,0.663716,0.886556,-0.042783,0.044619
2014-10,801950.SI,土,1.251661,1.890844,0.68056,1.419245,0.315213,0.055843,0.081953
2014-11,801950.SI,水,2.711471,0.451876,0.33344,1.169168,0.001541,-0.00113,0.043003
2014-12,801950.SI,水,-0.432046,-0.200741,0.362352,0.8179,-0.255169,-0.094947,-0.048267
2015-01,801950.SI,土,0.124765,1.109977,2.482617,0.163502,-0.095696,-0.185392,-0.010279
2015-02,801950.SI,木,2.958164,5.128125,2.528683,-0.132007,-0.092832,-0.169958,-0.004586
2015-03,801950.SI,木,8.487712,2.331748,1.425775,-0.449266,-0.210288,-0.234225,-0.057681
2015-04,801950.SI,土,0.169992,0.226577,-0.611287,-0.539194,-0.498085,-0.329956,-0.165165
2015-05,801950.SI,火,0.2859,-0.775946,-0.786489,-0.540035,-0.487616,-0.406208,-0.185106
2015-06,801950.SI,火,-0.960961,-0.912999,-0.874964,-0.549414,-0.478584,-0.404491,-0.164669
2015-07,801950.SI,土,-0.80611,-0.77623,-0.453729,-0.429664,-0.196606,-0.169457,0.018395
2015-08,801950.SI,金,-0.741744,-0.083072,-0.009097,-0.20625,-0.164962,0.010444,0.107147
2015-09,801950.SI,金,2.255525,0.940983,0.623762,0.06478,0.001937,0.14,0.166279
2015-10,801950.SI,土,0.157238,0.146762,-0.40454,-0.02571,-0.044979,0.10871,0.069441
2015-11,801950.SI,水,0.136381,-0.572862,-0.364177,-0.233444,0.017043,0.089085,0.076763
2015-12,801950.SI,水,-0.839449,-0.524399,-0.301772,-0.212955,0.013209,0.000821,0.062785
2016-01,801950.SI,土,0.408877,0.456095,0.594131,0.209465,0.363975,0.202478,0.189435
2016-02,801950.SI,木,0.504896,0.695702,-0.075831,0.286297,0.303078,0.193734,0.13279
2016-03,801950.SI,木,0.910701,-0.275774,-0.112841,0.220535,0.128433,0.159566,0.053523
2016-04,801950.SI,土,-0.725492,-0.395487,-0.082381,0.261675,0.094615,0.040155,0.0016
2016-05,801950.SI,火,0.331239,0.677705,0.79032,0.547319,0.300049,0.118324,0.038303
2016-06,801950.SI,火,1.114342,1.076194,0.679187,0.272662,0.267827,0.171733,0.010464
2016-07,801950.SI,土,1.038734,0.496445,0.734732,0.195531,0.084534,0.248737,-0.039432
2016-08,801950.SI,金,0.098402,0.600178,0.337301,0.107833,-0.044025,0.213103,-0.081638
2016-09,801950.SI,金,1.331178,0.475581,-0.035445,0.101642,0.039295,0.193164,-0.067336
2016-10,801950.SI,土,-0.065992,-0.379555,-0.176072,-0.142472,0.119139,0.031562,-0.110248
2016-11,801950.SI,水,-0.58785,-0.226146,-0.082261,-0.191733,0.174322,0.06458,-0.132533
2016-12,801950.SI,水,0.452989,0.369466,0.258212,0.078809,0.280828,0.128587,-0.128658
2017-01,801950.SI,土,0.290744,0.170845,-0.107501,0.304311,0.111811,0.176533,-0.119553
2017-02,801950.SI,木,0.062084,-0.257851,-0.288146,0.328377,0.118574,0.074958,-0.074061
2017-03,801950.SI,木,-0.48141,-0.417217,-0.075014,0.292289,0.088417,-0.042823,-0.063688
2017-04,801950.SI,土,-0.345076,0.235352,0.906139,0.240916,0.29004,-0.035525,-0.017902
2017-05,801950.SI,火,1.330188,2.251895,1.478859,0.402173,0.233271,-0.035992,-0.041742
2017-06,801950.SI,火,3.538185,1.556714,0.805444,0.180662,-0.031845,-0.128608,-0.070179
2017-07,801950.SI,土,0.440397,0.138767,-0.192151,0.061273,-0.231454,-0.261101,-0.135201
2017-08,801950.SI,金,-0.099699,-0.395001,-0.206857,-0.130115,-0.296349,-0.304768,-0.17043
2017-09,801950.SI,金,-0.593443,-0.255554,-0.227911,-0.291034,-0.316472,-0.270962,-0.169951
2017-10,801950.SI,土,0.363156,0.063997,0.394197,-0.250383,-0.282751,-0.232563,-0.150404
2017-11,801950.SI,水,-0.169509,0.409982,-0.045948,-0.337234,-0.334641,-0.29315,-0.166826
2017-12,801950.SI,水,1.393825,0.022564,-0.348996,-0.356866,-0.284772,-0.327268,-0.136277
2018-01,801950.SI,土,-0.563194,-0.660508,-0.596954,-0.48555,-0.371051,-0.341127,-0.191643
2018-02,801950.SI,木,-0.736142,-0.612842,-0.539586,-0.444354,-0.360394,-0.202423,-0.185775
2018-03,801950.SI,木,-0.431925,-0.391813,-0.364642,-0.250321,-0.319865,-0.084098,-0.160459
2018-04,801950.SI,土,-0.348868,-0.328068,-0.343355,-0.21432,-0.223841,4.2e-05,-0.14043
2018-05,801950.SI,火,-0.306604,-0.34058,-0.329425,-0.246133,-0.042113,-0.047457,-0.124427
2018-06,801950.SI,火,-0.372892,-0.340552,-0.115431,-0.296306,0.034648,-0.007832,-0.112939
2018-07,801950.SI,土,-0.306544,0.050573,-0.05993,-0.156159,0.150573,0.012151,-0.039625
2018-08,801950.SI,金,0.591599,0.094537,-0.152496,0.144848,0.070772,-0.010134,-0.024493
2018-09,801950.SI,金,-0.247291,-0.381562,-0.440197,0.118981,0.030868,-0.054944,-0.057761
2018-10,801950.SI,土,-0.491882,-0.517231,-0.242537,0.272891,0.037386,-0.059448,-0.045578
2018-11,801950.SI,水,-0.541315,-0.075174,0.546513,0.203578,0.042449,-0.017926,0.054728
2018-12,801950.SI,水,0.864684,1.839702,1.236712,0.3989,0.12529,0.108937,0.089536
2019-01,801950.SI,土,3.324545,1.449698,1.139048,0.214032,0.010935,-0.008245,0.02695
2019-02,801950.SI,木,0.387665,0.504391,-0.063312,-0.144135,-0.155873,-0.168779,-0.012654
2019-03,801950.SI,木,0.630935,-0.230426,-0.12509,-0.201837,-0.122314,-0.230454,0.005161
2019-04,801950.SI,土,-0.636868,-0.359194,-0.310968,-0.305017,-0.232404,-0.26117,0.013676
2019-05,801950.SI,火,0.130808,-0.050867,-0.217984,-0.198665,-0.201227,-0.195177,0.077709
2019-06,801950.SI,火,-0.203353,-0.349677,-0.271851,-0.120923,-0.262675,-0.206911,0.085684
2019-07,801950.SI,土,-0.469125,-0.303858,-0.299014,-0.189824,-0.243784,-0.088752,0.105084
2019-08,801950.SI,金,-0.087141,-0.194495,-0.178867,-0.192714,-0.187427,-0.038644,0.281509
2019-09,801950.SI,金,-0.289224,-0.221214,0.061289,-0.258045,-0.184002,-0.06057,0.317395
2019-10,801950.SI,土,-0.146697,0.296834,-0.063627,-0.214558,-0.005482,-0.031503,0.229884
2019-11,801950.SI,水,0.970903,-0.019107,-0.206327,-0.191674,0.01323,0.132757,0.211861
2019-12,801950.SI,水,-0.511823,-0.496349,-0.481293,-0.284488,-0.097997,0.070474,0.222449
2020-01,801950.SI,土,-0.480384,-0.46532,-0.34116,0.02493,-0.020552,0.063393,0.232729
2020-02,801950.SI,木,-0.449819,-0.258129,-0.17675,0.144831,0.275367,0.172796,0.361653
2020-03,801950.SI,木,0.000348,0.007035,-0.013013,0.189463,0.36289,0.312916,0.469474
2020-04,801950.SI,土,0.013766,-0.019626,0.594442,0.194214,0.24738,0.390767,0.440668
2020-05,801950.SI,火,-0.051918,0.999605,0.592029,0.587402,0.319631,0.443119,0.508251
2020-06,801950.SI,火,3.21738,1.063021,0.433477,0.601532,0.443927,0.486227,0.523521
2020-07,801950.SI,土,0.00917,-0.164273,-0.105551,0.1033,0.32883,0.340151,0.37676
2020-08,801950.SI,金,-0.307907,-0.157924,0.582789,0.201444,0.396645,0.708279,0.429246
2020-09,801950.SI,金,0.02456,1.393604,0.78929,0.449181,0.504239,0.847429,0.463546
2020-10,801950.SI,土,4.591998,1.36457,0.360917,0.619669,0.533509,0.561817,0.366996
2020-11,801950.SI,水,-0.000144,-0.328627,-0.088023,0.311951,0.752283,0.296488,0.318273
2020-12,801950.SI,水,-0.549193,-0.129023,0.17372,0.379224,0.867226,0.395999,0.244512
2021-01,801950.SI,土,0.682764,0.893875,0.927619,0.627847,0.63517,0.429029,0.319243
2021-02,801950.SI,木,1.131472,1.063099,0.887345,1.428926,0.457796,0.580922,0.30974
2021-03,801950.SI,木,0.996919,0.775976,0.62071,1.355121,0.479081,0.644702,0.240551
2021-04,801950.SI,土,0.579479,0.460084,0.374694,0.50603,0.293345,0.49236,0.194447
2021-05,801950.SI,火,0.349715,0.282485,2.125917,0.281208,0.490265,0.576321,0.123784
2021-06,801950.SI,火,0.218605,3.757131,2.422322,0.412977,0.652778,0.561751,0.118985
2021-07,801950.SI,土,17.570664,4.735218,0.649914,0.254494,0.533779,0.41437,0.099109
2021-08,801950.SI,金,0.77122,-0.508212,-0.474876,0.028979,0.254683,0.195791,-0.037089
2021-09,801950.SI,金,-0.863452,-0.714072,-0.416623,0.14858,0.202381,0.159431,-0.015615
2021-10,801950.SI,土,-0.401272,0.205819,-0.046159,0.478814,0.34358,0.196477,0.053306
2021-11,801950.SI,水,1.428483,0.203925,1.016281,0.939411,0.573209,0.340425,0.113393
2021-12,801950.SI,水,-0.403152,0.837212,1.261379,0.72619,0.457729,0.109464,0.074781
2022-01,801950.SI,土,4.655286,3.401778,1.292721,0.594621,0.290369,0.217892,0.134149
2022-02,801950.SI,木,2.426113,0.459821,0.865472,0.389645,0.169875,0.085075,0.094358
2022-03,801950.SI,木,-0.37799,0.376519,0.317662,0.170384,-0.124963,-0.064289,0.020081
2022-04,801950.SI,土,2.046259,0.917816,0.109081,-0.031956,-0.013657,-0.043995,0.045209
2022-05,801950.SI,火,0.207389,-0.330791,0.035188,-0.073565,-0.094233,-0.198837,0.028892
2022-06,801950.SI,火,-0.629083,-0.041472,0.039568,-0.286921,-0.16519,-0.198254,-0.007844
2022-07,801950.SI,土,1.477043,0.740369,-0.155058,-0.069835,-0.090172,-0.145881,-0.023745
2022-08,801950.SI,金,0.222783,-0.506515,-0.170893,-0.152742,-0.264434,-0.224615,-0.064382
2022-09,801950.SI,金,-0.800842,-0.317282,-0.510872,-0.251908,-0.264756,-0.164233,-0.006532
2022-10,801950.SI,土,1.340371,-0.233461,0.023984,-0.055885,-0.142799,-0.072734,0.018963
2022-11,801950.SI,水,-0.748936,-0.322675,-0.134195,-0.307169,-0.241737,-0.075186,-0.022084
2022-12,801950.SI,水,0.827303,0.607822,0.144162,-0.098561,-0.000829,0.041182,0.042634
2023-01,801950.SI,土,0.414704,-0.09463,-0.129523,-0.215709,-0.102899,0.056165,-0.017539
2023-02,801950.SI,木,-0.420589,-0.317185,-0.445585,-0.290391,-0.054635,0.10372,-0.06908
2023-03,801950.SI,木,-0.195328,-0.457676,-0.289793,-0.066282,0.008958,0.112059,-0.030555
2023-04,801950.SI,土,-0.634491,-0.332782,-0.293362,-0.089283,0.126479,0.142736,-0.04313
2023-05,801950.SI,火,0.217972,-0.017468,-0.091753,0.234474,0.388461,0.321351,0.016493
2023-06,801950.SI,火,-0.207397,-0.21569,0.22757,0.202589,0.291345,0.227787,0.002151
2023-07,801950.SI,土,-0.223897,0.527713,0.173735,0.422283,0.341308,0.115855,0.025021
2023-08,801950.SI,金,2.007212,0.443429,0.677875,0.716715,0.497233,0.128963,0.038188
2023-09,801950.SI,金,-0.30717,0.253307,0.178117,0.324464,0.22786,0.180926,0.000931
2023-10,801950.SI,土,1.26719,0.536275,0.723464,0.433864,0.097203,0.119728,0.066057
2023-11,801950.SI,水,0.040999,0.502655,0.756454,0.414342,-0.010719,0.034067,0.014385
2023-12,801950.SI,水,1.169043,1.281551,0.488992,0.253514,0.181863,0.044089,-0.005485
2024-01,801950.SI,土,1.399895,0.233685,0.192927,-0.124553,-0.030199,-0.086099,5.4e-05
2024-02,801950.SI,木,-0.365814,-0.158945,0.138864,-0.257561,-0.133332,-0.214827,-0.001985
2024-03,801950.SI,木,0.115405,0.526159,0.055275,0.052943,-0.072418,-0.154879,0.022766
2024-04,801950.SI,土,1.088175,0.026437,-0.357541,-0.125586,-0.163767,-0.198764,0.045593
2024-05,801950.SI,火,-0.495457,-0.643643,-0.515995,-0.243963,-0.306367,-0.218029,-0.022058
2024-06,801950.SI,火,-0.748307,-0.525948,0.050615,-0.130348,-0.215181,-0.18202,
2024-07,801950.SI,土,-0.107147,1.146494,0.190114,-0.045956,-0.137554,-0.058419,
2024-08,801950.SI,金,4.160355,0.37402,0.180962,-0.169633,-0.082433,-0.045289,
2024-09,801950.SI,金,-0.634147,-0.435045,-0.280141,-0.321683,-0.247496,-0.15163,
2024-10,801950.SI,土,-0.127588,0.00976,-0.235199,-0.265818,-0.129142,0.014959,
2024-11,801950.SI,水,0.168731,-0.283919,-0.416146,-0.191205,-0.110627,-0.004922,
2024-12,801950.SI,水,-0.561258,-0.587334,-0.360828,-0.230622,-0.103883,-0.052705,
2025-01,801950.SI,土,-0.61186,-0.228525,-0.295212,-0.07072,0.115361,0.094329,
2025-02,801950.SI,木,0.533398,-0.050284,0.1204,0.097676,0.188616,0.268554,
2025-03,801950.SI,木,-0.41179,-0.042294,-0.073891,0.061056,0.080044,0.237753,
2025-04,801950.SI,土,0.559309,0.162055,0.225278,0.403117,0.267198,0.364473,
2025-05,801950.SI,火,-0.133994,0.08614,0.075412,0.224265,0.32217,0.223026,
2025-06,801950.SI,火,0.362231,0.1984,0.215668,0.166356,0.363404,,
2025-07,801950.SI,土,0.054273,0.14841,0.606767,0.288692,0.414301,,
2025-08,801950.SI,金,0.250953,0.983594,0.393721,0.466032,0.276603,,
2025-09,801950.SI,金,2.145317,0.471104,0.119043,0.443874,,,
2025-10,801950.SI,土,-0.311946,-0.33252,0.033584,0.326895,,,
2025-11,801950.SI,水,-0.352479,0.266798,0.542095,0.221788,,,
2025-12,801950.SI,水,1.478339,1.379796,0.862994,,,,
2026-01,801950.SI,土,1.285171,0.615239,0.703441,,,,
2026-02,801950.SI,木,0.141708,0.470725,-0.031988,,,,
2026-03,801950.SI,木,0.894558,-0.108659,,,,,
2026-04,801950.SI,土,-0.580647,,,,,,
2026-05,801950.SI,火,,,,,,,
2010-02,801960.SI,木,0.472973,-0.456576,-0.622735,-0.39843,-0.235366,-0.142307,-0.167999
2010-03,801960.SI,木,-0.799514,-0.809071,-0.768994,-0.429248,-0.256298,-0.187945,-0.211208
2010-04,801960.SI,土,-0.818172,-0.752034,-0.337879,-0.109511,-0.112451,-0.068226,-0.14278
2010-05,801960.SI,火,-0.661838,0.263502,-0.040763,0.088573,0.127787,-0.010197,-0.081591
2010-06,801960.SI,火,3.720932,0.615572,0.410174,0.334404,0.234732,0.104491,-0.077103
2010-07,801960.SI,土,-0.447127,-0.229282,0.19762,0.027589,0.044164,-0.042628,-0.168145
2010-08,801960.SI,金,0.074399,0.762651,0.235348,0.222863,0.000206,-0.039588,-0.143338
2010-09,801960.SI,金,1.891792,0.32465,0.262705,0.155374,0.018104,-0.119997,-0.132867
2010-10,801960.SI,土,-0.393215,-0.165609,-0.118302,-0.025026,-0.111478,-0.173953,-0.160275
2010-11,801960.SI,水,0.147371,0.062826,0.210505,-0.100005,-0.116893,-0.16954,-0.179928
2010-12,801960.SI,水,-0.015489,0.243362,0.057166,-0.085808,-0.21979,-0.258718,-0.131961
2011-01,801960.SI,土,0.570271,0.095481,0.078119,-0.108047,-0.191712,-0.219292,-0.106768
2011-02,801960.SI,木,-0.235751,-0.106669,-0.330865,-0.245712,-0.267564,-0.192921,-0.115356
2011-03,801960.SI,木,0.044216,-0.373887,-0.209447,-0.329736,-0.341438,-0.233803,-0.1042
2011-04,801960.SI,土,-0.624582,-0.312137,-0.262066,-0.300132,-0.298928,-0.21137,-0.134215
2011-05,801960.SI,火,0.260342,0.034591,-0.149722,-0.233702,-0.140887,-0.147834,-0.055584
2011-06,801960.SI,火,-0.150724,-0.301611,-0.431722,-0.398924,-0.241755,-0.22884,-0.126747
2011-07,801960.SI,土,-0.425691,-0.535146,-0.336234,-0.316662,-0.193709,-0.277206,-0.136839
2011-08,801960.SI,金,-0.62374,-0.286409,-0.309387,-0.136434,-0.147204,-0.23588,-0.103874
2011-09,801960.SI,金,0.353352,-0.064361,-0.364234,-0.124141,-0.146233,-0.145549,-0.05207
2011-10,801960.SI,土,-0.353147,-0.564247,-0.296513,-0.11135,-0.256385,-0.146369,-0.024757
2011-11,801960.SI,水,-0.706454,-0.266363,0.079832,-0.052345,-0.209678,-0.190186,0.007808
2011-12,801960.SI,水,0.833526,1.071077,0.206622,-0.010627,-0.057061,0.016472,0.025793
2012-01,801960.SI,土,1.339403,-0.021156,0.122549,-0.235471,-0.089511,0.021974,-0.009196
2012-02,801960.SI,木,-0.590436,-0.222402,-0.168343,-0.323873,-0.264253,-0.030337,-0.013198
2012-03,801960.SI,木,0.476348,0.185101,-0.188761,-0.166435,-0.040003,0.047326,-0.006165
2012-04,801960.SI,土,-0.04869,-0.398648,-0.479305,-0.180009,-0.009508,-0.049512,-0.04004
2012-05,801960.SI,火,-0.619867,-0.614776,-0.450317,-0.307977,0.020578,0.046652,-0.026769
2012-06,801960.SI,火,-0.609616,-0.339001,-0.143494,0.044313,0.140406,-0.011138,0.022758
2012-07,801960.SI,土,0.119204,0.268672,0.291325,0.366109,0.16163,0.030787,0.093852
2012-08,801960.SI,金,0.438102,0.387071,-0.128779,0.390635,0.297276,0.050935,0.115673
2012-09,801960.SI,金,0.337852,-0.321894,0.273302,0.315903,0.037379,0.051636,0.121078
2012-10,801960.SI,土,-0.656294,0.242204,0.445223,0.101752,-0.043805,0.114182,0.091235
2012-11,801960.SI,水,3.489505,1.963525,1.219719,0.583014,0.11873,0.254211,0.145605
2012-12,801960.SI,水,0.956225,0.560801,0.35993,-0.063646,-0.013319,0.0352,0.124076
2013-01,801960.SI,土,0.245307,0.133876,-0.16009,-0.222228,0.021636,-0.039415,0.097781
2013-02,801960.SI,木,0.032416,-0.31022,0.128941,-0.205784,0.036879,0.004244,0.10837
2013-03,801960.SI,木,-0.539143,0.180537,-0.355291,-0.15956,-0.054793,-0.056924,0.168102
2013-04,801960.SI,土,2.024079,-0.23746,-0.279768,0.126752,0.004546,-0.030474,0.338276
2013-05,801960.SI,火,-0.807721,-0.648511,-0.441265,-0.006298,-0.034183,-0.095039,0.283028
2013-06,801960.SI,火,-0.357472,-0.047548,0.095594,0.144481,0.070552,0.057816,0.363877
2013-07,801960.SI,土,0.41187,0.430633,0.762723,0.186366,0.070505,0.160776,0.246705
2013-08,801960.SI,金,0.449646,0.969603,0.767283,0.269811,0.062766,0.184398,0.130321
2013-09,801960.SI,金,1.676058,0.951319,0.19555,0.058247,0.045515,0.195105,0.085938
2013-10,801960.SI,土,0.422857,-0.200895,-0.20154,-0.165761,0.00988,0.068762,0.090173
2013-11,801960.SI,水,-0.551207,-0.401865,-0.087627,-0.175856,0.036482,0.046404,0.077862
2013-12,801960.SI,水,-0.202827,0.300874,-0.063288,-0.022286,0.194957,0.220581,0.133678
2014-01,801960.SI,土,1.122843,0.01539,-0.128378,0.135738,0.17785,0.254572,0.007078
2014-02,801960.SI,木,-0.514323,-0.441487,-0.255552,0.104731,0.095322,0.223293,-0.014707
2014-03,801960.SI,木,-0.357728,-0.078326,0.02051,0.349663,0.333174,0.44682,0.063299
2014-04,801960.SI,土,0.322623,0.286372,0.479886,0.369213,0.416504,0.847277,0.090641
2014-05,801960.SI,火,0.251116,0.565396,0.639376,0.328605,0.443541,0.819042,0.052362
2014-06,801960.SI,火,0.958623,0.87659,0.784981,0.523777,0.62535,0.758492,0.043673
2014-07,801960.SI,土,0.797992,0.704021,0.266817,0.385839,0.988993,0.338995,0.016819
2014-08,801960.SI,金,0.614961,0.063352,0.076745,0.354579,0.883203,0.078713,0.008694
2014-09,801960.SI,金,-0.299848,-0.120799,0.300796,0.55097,0.749749,-0.013257,-0.015118
2014-10,801960.SI,土,0.104038,0.773036,0.516044,1.492257,0.363957,0.112013,0.015604
2014-11,801960.SI,水,1.847417,0.776542,0.704104,1.490517,0.079369,0.110265,0.034875
2014-12,801960.SI,水,0.108409,0.318313,0.84926,1.029361,-0.100083,0.052962,0.006882
2015-01,801960.SI,土,0.567968,1.388619,3.097074,0.293734,0.002865,-0.191592,0.013975
2015-02,801960.SI,木,2.638787,5.622807,2.639845,-0.140972,-0.037494,-0.206403,-0.006223
2015-03,801960.SI,木,11.053902,2.640374,1.227002,-0.372224,-0.127261,-0.218559,-0.076296
2015-04,801960.SI,土,0.099422,-0.042768,-0.591477,-0.503834,-0.529366,-0.35608,-0.185545
2015-05,801960.SI,火,-0.166569,-0.750975,-0.797264,-0.505047,-0.522354,-0.391181,-0.193202
2015-06,801960.SI,火,-0.925593,-0.900009,-0.823034,-0.453656,-0.448827,-0.380575,-0.193121
2015-07,801960.SI,土,-0.865628,-0.727086,-0.397389,-0.494855,-0.250617,-0.227838,-0.087362
2015-08,801960.SI,金,-0.445704,0.276148,0.208358,-0.266849,-0.121638,-0.056779,-0.004905
2015-09,801960.SI,金,1.938057,0.784115,0.686725,-0.027281,-0.059507,-0.016976,0.014695
2015-10,801960.SI,土,0.083391,0.278016,-0.576556,-0.164326,-0.161315,-0.072446,-0.038412
2015-11,801960.SI,水,0.507603,-0.735271,-0.555174,-0.251119,-0.131535,-0.035396,-0.037533
2015-12,801960.SI,水,-0.953515,-0.758375,-0.439041,-0.297718,-0.178885,-0.037182,-0.042012
2016-01,801960.SI,土,0.255943,0.948672,0.649219,0.180322,0.204629,0.271814,0.129801
2016-02,801960.SI,木,2.023484,0.889873,0.260766,0.213482,0.248539,0.24445,0.073411
2016-03,801960.SI,木,0.181293,-0.185862,-0.120791,-0.006562,0.152786,0.091866,0.019082
2016-04,801960.SI,土,-0.438903,-0.241493,-0.155261,0.029535,0.166287,0.030155,-0.000376
2016-05,801960.SI,火,0.02537,0.03649,0.167971,0.24247,0.239059,0.069157,0.043633
2016-06,801960.SI,火,0.047729,0.246544,0.122509,0.32001,0.173623,0.051062,-0.001782
2016-07,801960.SI,土,0.483085,0.161876,0.254756,0.370398,0.1006,0.078671,0.016589
2016-08,801960.SI,金,-0.089764,0.154133,0.321721,0.276209,0.038113,0.049823,-0.004994
2016-09,801960.SI,金,0.463383,0.592695,0.552261,0.200046,0.028271,0.047386,0.028932
2016-10,801960.SI,土,0.733434,0.598704,0.496697,0.030776,0.025649,-0.00313,-0.054898
2016-11,801960.SI,水,0.474445,0.390744,0.232264,-0.079981,-0.027757,-0.039665,-0.106208
2016-12,801960.SI,水,0.311794,0.126527,-0.07225,-0.163089,-0.081341,-0.046818,-0.155933
2017-01,801960.SI,土,-0.032575,-0.219786,-0.290104,-0.150954,-0.129423,0.003646,-0.151691
2017-02,801960.SI,木,-0.370768,-0.391888,-0.313105,-0.136405,-0.11625,-0.074121,-0.097543
2017-03,801960.SI,木,-0.412299,-0.282321,-0.245034,-0.085854,-0.038187,-0.04885,-0.056755
2017-04,801960.SI,土,-0.123598,-0.144317,0.015471,-0.03592,0.126443,-0.030002,-0.036892
2017-05,801960.SI,火,-0.164546,0.093075,0.085751,0.002418,0.022764,0.018719,-0.066551
2017-06,801960.SI,火,0.430136,0.237753,0.106888,0.085606,0.027281,-0.051968,-0.060885
2017-07,801960.SI,土,0.07125,-0.026206,-0.08471,0.186397,-0.044703,-0.04192,-0.096982
2017-08,801960.SI,金,-0.114796,-0.153957,-0.074519,-0.007345,-0.002692,-0.056949,-0.121516
2017-09,801960.SI,金,-0.191386,-0.053699,0.064732,-0.010349,-0.099682,0.010804,-0.105621
2017-10,801960.SI,土,0.107433,0.221772,0.537805,-0.024048,-0.027216,-0.103978,-0.093482
2017-11,801960.SI,水,0.347915,0.812146,0.064705,0.035286,-0.051019,-0.16814,-0.099614
2017-12,801960.SI,水,1.436262,-0.053736,-0.080136,-0.172108,-0.006559,-0.252556,-0.088607
2018-01,801960.SI,土,-0.632463,-0.434773,-0.380622,-0.226298,-0.251616,-0.282986,-0.133205
2018-02,801960.SI,木,-0.130749,-0.195949,0.00668,-0.104074,-0.233832,-0.120372,-0.127193
2018-03,801960.SI,木,-0.256259,0.083339,-0.254884,0.032409,-0.302523,-0.064595,-0.15799
2018-04,801960.SI,土,0.578001,-0.254196,-0.033523,-0.177361,-0.247133,-0.043733,-0.143815
2018-05,801960.SI,火,-0.647514,-0.243632,-0.202644,-0.331593,-0.159054,-0.144684,-0.175304
2018-06,801960.SI,火,0.623024,0.199245,0.430474,-0.325187,0.009079,-0.069718,-0.134122
2018-07,801960.SI,土,-0.113884,0.342942,-0.299793,-0.33552,-0.047112,-0.14888,-0.098591
2018-08,801960.SI,金,1.035279,-0.377564,-0.439689,-0.136373,-0.124442,-0.181662,-0.061208
2018-09,801960.SI,金,-0.809644,-0.706011,-0.681663,-0.152484,-0.194017,-0.208635,-0.126807
2018-10,801960.SI,土,-0.545957,-0.588331,-0.369424,0.111602,-0.091667,-0.082864,-0.057337
2018-11,801960.SI,水,-0.626751,-0.256882,0.331138,0.094492,-0.071531,-0.025444,0.051436
2018-12,801960.SI,水,0.479507,1.513829,1.256362,0.282465,0.072029,0.111304,0.089029
2019-01,801960.SI,土,3.271245,1.786472,0.959573,0.090183,0.039121,0.047864,0.124737
2019-02,801960.SI,木,0.817837,0.327287,-0.100084,-0.224576,-0.121649,-0.13396,0.100288
2019-03,801960.SI,木,-0.030886,-0.366822,-0.271076,-0.261067,-0.122377,-0.242059,0.023055
2019-04,801960.SI,土,-0.586308,-0.367827,-0.393491,-0.243309,-0.149477,-0.233423,0.023993
2019-05,801960.SI,火,-0.03396,-0.265626,-0.331846,-0.132237,-0.144967,-0.204827,0.069507
2019-06,801960.SI,火,-0.441736,-0.44433,-0.25092,-0.037013,-0.232133,-0.194068,0.091839
2019-07,801960.SI,土,-0.446911,-0.132293,-0.055939,0.007187,-0.171177,-0.045331,0.127337
2019-08,801960.SI,金,0.361292,0.233396,0.127005,-0.032756,-0.157332,0.076975,0.203624
2019-09,801960.SI,金,0.117516,0.025447,0.237977,-0.222564,-0.174174,-0.036517,0.219554
2019-10,801960.SI,土,-0.059036,0.302993,0.074535,-0.223408,-0.041768,-0.0311,0.157067
2019-11,801960.SI,水,0.80431,0.148271,-0.169869,-0.271345,0.060797,0.134381,0.134302
2019-12,801960.SI,水,-0.269235,-0.436928,-0.511778,-0.325508,-0.113753,0.067201,0.132851
2020-01,801960.SI,土,-0.566139,-0.600941,-0.438738,-0.09511,-0.063952,0.207249,0.119628
2020-02,801960.SI,木,-0.632952,-0.361629,-0.360416,0.199155,0.258818,0.397896,0.210053
2020-03,801960.SI,木,0.110256,-0.155724,-0.068171,0.194052,0.385019,0.380903,0.185257
2020-04,801960.SI,土,-0.357984,-0.146325,0.458901,0.208828,0.558383,0.367848,0.150842
2020-05,801960.SI,火,0.135113,1.199205,1.248293,0.766021,0.814126,0.438485,0.24853
2020-06,801960.SI,火,3.260811,2.16417,0.530068,0.688557,0.574366,0.479171,0.220976
2020-07,801960.SI,土,1.349781,-0.083104,0.00162,0.610639,0.338778,0.331234,0.128265
2020-08,801960.SI,金,-0.642223,-0.346055,0.387199,0.629576,0.239528,0.345167,0.111117
2020-09,801960.SI,金,0.195279,1.731503,0.863463,0.596993,0.462584,0.543682,0.128983
2020-10,801960.SI,土,5.242147,1.326734,1.589963,0.547787,0.463653,0.381777,0.06991
2020-11,801960.SI,水,-0.13272,0.668297,0.914303,0.171696,0.331442,0.134223,0.041851
2020-12,801960.SI,水,2.209129,1.844045,0.368628,0.295749,0.449785,0.202539,0.01739
2021-01,801960.SI,土,1.520493,-0.106212,-0.075027,0.100298,0.120692,0.038366,0.006694
2021-02,801960.SI,木,-0.683055,-0.439661,-0.282835,0.110396,-0.047362,0.047451,-0.021689
2021-03,801960.SI,木,-0.009356,0.078791,0.226751,0.49215,0.151782,0.01733,0.028925
2021-04,801960.SI,土,0.174781,0.365136,0.308855,0.233573,0.079173,-0.031737,0.05849
2021-05,801960.SI,火,0.586334,0.381526,0.71924,0.097948,0.188425,0.083658,0.008043
2021-06,801960.SI,火,0.20316,0.789812,0.814966,0.116034,-0.044208,0.00785,-0.01239
2021-07,801960.SI,土,1.662511,1.22916,0.16262,-0.02008,-0.124289,-0.043758,0.001077
2021-08,801960.SI,金,0.866342,-0.231735,-0.298824,-0.011926,-0.070867,-0.08221,-0.055148
2021-09,801960.SI,金,-0.68375,-0.570221,-0.313744,-0.306397,-0.171603,-0.17431,-0.06349
2021-10,801960.SI,土,-0.415937,0.010913,-0.174069,-0.239985,-0.104063,-0.171568,-0.044286
2021-11,801960.SI,水,0.749716,-0.017832,0.392362,0.069554,0.003958,-0.042998,-0.026212
2021-12,801960.SI,水,-0.44868,0.242065,-0.298971,-0.089846,-0.121799,-0.139252,-0.052419
2022-01,801960.SI,土,1.798238,-0.2095,-0.30064,-0.066865,-0.170733,-0.024012,-0.034553
2022-02,801960.SI,木,-0.776684,-0.65037,-0.178413,-0.147494,-0.155435,-0.086266,-0.049511
2022-03,801960.SI,木,-0.452609,0.575872,0.181663,-0.017069,-0.0783,0.040653,0.041698
2022-04,801960.SI,土,3.536745,0.736167,0.245055,-0.096992,0.090667,0.157125,0.073087
2022-05,801960.SI,火,-0.335586,-0.347755,-0.115413,-0.143706,-0.053308,-0.062297,0.000864
2022-06,801960.SI,火,-0.359701,0.020685,-0.182378,-0.185975,-0.002507,-0.032223,0.007732
2022-07,801960.SI,土,0.62705,-0.076073,-0.34507,0.020808,0.129218,0.048014,-0.002403
2022-08,801960.SI,金,-0.475344,-0.58448,-0.171094,-0.020639,-0.043892,-0.027288,-0.022908
2022-09,801960.SI,金,-0.670914,0.041888,-0.189558,0.101764,0.023723,0.062202,0.043713
2022-10,801960.SI,土,2.298626,0.271829,0.591086,0.482754,0.225813,0.102552,0.053747
2022-11,801960.SI,水,-0.509629,0.10503,0.157124,0.026852,0.025992,-0.009132,0.013563
2022-12,801960.SI,水,1.490139,0.777491,0.497803,0.150569,0.162436,0.043173,0.052417
2023-01,801960.SI,土,0.268794,0.161637,0.381797,0.075944,-0.024335,-0.04498,-0.008456
2023-02,801960.SI,木,0.06353,0.442019,-0.088754,-0.033891,-0.059061,-0.011277,-0.023471
2023-03,801960.SI,木,0.955204,-0.156512,-0.116166,0.024062,-0.075323,0.042744,-0.029367
2023-04,801960.SI,土,-0.636114,-0.405762,-0.16221,-0.180161,-0.155626,-0.004848,-0.066142
2023-05,801960.SI,火,-0.029591,0.271218,0.024275,-0.043854,0.015986,0.068278,-0.016844
2023-06,801960.SI,火,0.665271,0.05232,0.186538,-0.054199,0.101827,0.049337,-0.008504
2023-07,801960.SI,土,-0.335017,0.001566,-0.197726,-0.152314,0.053919,-0.050394,-0.007711
2023-08,801960.SI,金,0.508513,-0.118792,-0.107452,0.011866,0.083362,-0.018508,0.016206
2023-09,801960.SI,金,-0.485236,-0.313449,-0.246093,0.061767,0.007225,0.025546,-0.020995
2023-10,801960.SI,土,-0.084333,-0.087627,-0.104331,0.207952,0.0045,0.007103,0.029984
2023-11,801960.SI,水,-0.090908,-0.114166,0.147136,0.193561,0.013068,0.036778,0.04863
2023-12,801960.SI,水,-0.136829,0.288601,0.495342,0.164208,0.13632,0.061744,0.089067
2024-01,801960.SI,土,0.923711,0.968169,0.629117,0.063779,0.047248,0.029466,0.181728
2024-02,801960.SI,木,1.013655,0.499196,0.241866,-0.047971,0.002404,-0.035515,0.163885
2024-03,801960.SI,木,0.116174,-0.024742,-0.093598,-0.00944,-0.05279,-0.096491,0.112365
2024-04,801960.SI,土,-0.147868,-0.183201,-0.305374,-0.16035,-0.116585,-0.123661,0.132287
2024-05,801960.SI,火,-0.217069,-0.372848,-0.270163,-0.099411,-0.113452,-0.095183,0.099187
2024-06,801960.SI,火,-0.497632,-0.295344,0.082532,-0.031702,-0.097453,-0.063156,
2024-07,801960.SI,土,-0.011602,0.589097,0.014952,-0.003741,-0.053081,0.03689,
2024-08,801960.SI,金,1.554871,0.028495,0.111291,-0.022897,-0.027987,0.052148,
2024-09,801960.SI,金,-0.585966,-0.267079,-0.133882,-0.175892,-0.107224,-0.065425,
2024-10,801960.SI,土,0.297416,0.252703,-0.02209,-0.085367,0.044308,0.053384,
2024-11,801960.SI,水,0.20953,-0.150999,-0.140882,-0.090937,0.033141,0.060618,
2024-12,801960.SI,水,-0.404063,-0.275946,-0.215864,-0.093589,-0.041423,0.117093,
2025-01,801960.SI,土,-0.120286,-0.100529,-0.14455,0.079179,0.079815,0.35651,
2025-02,801960.SI,木,-0.080329,-0.15643,-0.038088,0.132956,0.137787,0.404511,
2025-03,801960.SI,木,-0.226234,-0.016245,0.047754,0.05985,0.256961,0.3695,
2025-04,801960.SI,土,0.250732,0.219226,0.361422,0.213184,0.581851,0.462989,
2025-05,801960.SI,火,0.188513,0.420387,0.334413,0.237439,0.593389,0.335311,
2025-06,801960.SI,火,0.697499,0.413948,0.072086,0.376744,0.497372,,
2025-07,801960.SI,土,0.177761,-0.148,0.081088,0.705109,0.498501,,
2025-08,801960.SI,金,-0.383658,0.035769,0.147513,0.741155,0.335611,,
2025-09,801960.SI,金,0.74062,0.56576,0.767978,0.769619,,,
2025-10,801960.SI,土,0.408466,0.781818,1.689325,0.764229,,,
2025-11,801960.SI,水,1.254137,2.716137,1.641906,0.440924,,,
2025-12,801960.SI,水,5.126367,1.860131,0.771261,,,,
2026-01,801960.SI,土,0.335269,-0.047593,0.157356,,,,
2026-02,801960.SI,木,-0.320677,0.077497,-0.214104,,,,
2026-03,801960.SI,木,0.709054,-0.154703,,,,,
2026-04,801960.SI,土,-0.581917,,,,,,
2026-05,801960.SI,火,,,,,,,
2010-02,801970.SI,木,0.3392,-0.319008,-0.483324,-0.226279,0.006287,0.03443,-0.123394
2010-03,801970.SI,木,-0.653711,-0.679074,-0.705383,-0.208945,-0.027539,-0.044599,-0.172207
2010-04,801970.SI,土,-0.70258,-0.728252,-0.35792,0.059933,0.059348,-0.022399,-0.111118
2010-05,801970.SI,火,-0.751708,-0.056594,0.158646,0.404344,0.303753,0.011077,-0.032217
2010-06,801970.SI,火,2.584542,1.502906,1.124007,0.766768,0.414149,0.172512,0.002026
2010-07,801970.SI,土,0.747653,0.634997,0.749719,0.360703,0.124655,0.070722,-0.087608
2010-08,801970.SI,金,0.529603,0.750752,0.702144,0.382986,-0.033811,0.001237,-0.103503
2010-09,801970.SI,金,1.003875,0.795581,0.469614,0.153891,-0.038157,-0.144459,-0.122409
2010-10,801970.SI,土,0.608938,0.258547,0.058178,-0.098336,-0.090967,-0.097422,-0.144684
2010-11,801970.SI,水,-0.015536,-0.14184,0.123671,-0.272061,-0.161086,-0.159704,-0.203453
2010-12,801970.SI,水,-0.251939,0.200492,-0.094004,-0.221865,-0.285635,-0.261555,-0.130593
2011-01,801970.SI,土,0.926554,-0.002942,-0.2317,-0.157461,-0.144026,-0.29329,-0.085107
2011-02,801970.SI,木,-0.483988,-0.514817,-0.528425,-0.275137,-0.237284,-0.257139,-0.042127
2011-03,801970.SI,木,-0.543805,-0.549187,-0.331681,-0.365667,-0.310212,-0.28277,-0.006828
2011-04,801970.SI,土,-0.554506,-0.19109,-0.076047,-0.096506,-0.312702,-0.191785,0.008156
2011-05,801970.SI,火,0.468785,0.33062,0.114196,-0.030006,-0.135642,-0.073657,0.15458
2011-06,801970.SI,火,0.205451,-0.029572,-0.397924,-0.29922,-0.265684,-0.143671,0.054124
2011-07,801970.SI,土,-0.218774,-0.574498,-0.116512,-0.407221,-0.227048,-0.222525,0.10449
2011-08,801970.SI,金,-0.768246,-0.060466,-0.155544,-0.238694,-0.128953,-0.197286,0.090108
2011-09,801970.SI,金,2.808888,0.611951,-0.184334,-0.18904,-0.036975,-0.099791,0.192674
2011-10,801970.SI,土,-0.317809,-0.622542,-0.602273,-0.277016,-0.254956,-0.189472,0.167002
2011-11,801970.SI,水,-0.791151,-0.696314,-0.313656,-0.115345,-0.210736,-0.244923,0.218261
2011-12,801970.SI,水,-0.558413,0.244218,-0.193719,0.046405,-0.069706,0.023595,0.261338
2012-01,801970.SI,土,2.505719,0.089486,0.314232,0.019718,0.027612,0.184402,0.284953
2012-02,801970.SI,木,-0.661416,-0.195327,0.140266,-0.153625,-0.220516,0.235117,0.227395
2012-03,801970.SI,木,0.912374,1.092552,0.358043,-0.00072,0.108346,0.375278,0.233839
2012-04,801970.SI,土,1.289706,0.144415,-0.208796,-0.091327,0.144041,0.25756,0.186485
2012-05,801970.SI,火,-0.428011,-0.534904,-0.37177,-0.355522,0.268456,0.439051,0.134985
2012-06,801970.SI,火,-0.621821,-0.341608,-0.264706,0.001281,0.381071,0.297606,0.193442
2012-07,801970.SI,土,0.146228,0.025281,0.043583,0.375682,0.467605,0.569051,0.256706
2012-08,801970.SI,金,-0.082904,-0.00424,-0.338855,0.802409,0.896977,0.480396,0.302407
2012-09,801970.SI,金,0.081172,-0.438645,0.363487,0.892751,0.568086,0.580155,0.362117
2012-10,801970.SI,土,-0.708539,0.53119,0.813466,0.740404,0.797521,0.680255,0.363223
2012-11,801970.SI,水,7.044097,3.523488,3.913715,2.213252,0.936741,0.965576,0.47174
2012-12,801970.SI,水,1.543722,2.840398,1.627458,0.681626,0.659776,0.5543,0.406081
2013-01,801970.SI,土,4.798063,1.670354,0.670286,0.789601,0.638062,0.39404,0.36377
2013-02,801970.SI,木,0.229857,-0.103511,1.101259,0.215912,0.448271,0.219721,0.316038
2013-03,801970.SI,木,-0.346516,1.746578,0.076275,0.319187,0.304772,0.106946,0.414025
2013-04,801970.SI,土,10.543805,0.381234,0.917439,0.622184,0.312512,0.119426,0.556832
2013-05,801970.SI,火,-0.834733,-0.218538,-0.296402,0.202361,0.017468,-0.104833,0.53301
2013-06,801970.SI,火,2.695135,0.451759,0.616923,0.436615,0.117362,0.09764,0.529163
2013-07,801970.SI,土,-0.429627,0.069594,0.372394,0.085911,-0.064407,0.006537,0.354228
2013-08,801970.SI,金,1.005759,1.128818,1.054684,0.223542,-0.030017,0.145818,0.296361
2013-09,801970.SI,金,1.259426,1.079592,0.276413,-0.071148,-0.03532,0.174166,0.235001
2013-10,801970.SI,土,0.914071,-0.040626,-0.14077,-0.227514,-0.09229,0.10601,0.306994
2013-11,801970.SI,水,-0.519141,-0.424314,-0.271394,-0.333541,-0.056867,0.101977,0.306754
2013-12,801970.SI,水,-0.310787,-0.103128,-0.32407,-0.161353,0.141937,0.271996,0.348086
2014-01,801970.SI,土,0.167099,-0.330615,-0.3055,-0.067034,0.203119,0.334158,0.160632
2014-02,801970.SI,木,-0.616077,-0.46426,-0.390387,0.073032,0.264928,0.419961,0.141939
2014-03,801970.SI,木,-0.252408,-0.231826,0.040536,0.484268,0.570412,0.806292,0.261384
2014-04,801970.SI,土,-0.210678,0.227589,0.253313,0.583533,0.658513,1.16515,0.273537
2014-05,801970.SI,火,0.909203,0.57929,0.888735,0.822097,0.882277,1.625342,0.268731
2014-06,801970.SI,火,0.306387,0.878584,1.117227,0.929265,1.170858,1.130333,0.245086
2014-07,801970.SI,土,1.701402,1.69535,1.000758,0.907869,1.59795,0.822022,0.244012
2014-08,801970.SI,金,1.689312,0.721858,0.757809,0.879057,1.929932,0.466683,0.249273
2014-09,801970.SI,金,0.102436,0.421141,0.757991,1.198181,1.13472,0.298989,0.202869
2014-10,801970.SI,土,0.831979,1.219975,0.819292,1.960389,0.766065,0.544501,0.204977
2014-11,801970.SI,水,1.690144,0.812981,1.008667,2.782687,0.38078,0.549584,0.182556
2014-12,801970.SI,水,0.221831,0.735698,1.748593,1.352356,0.174361,0.428728,0.105941
2015-01,801970.SI,土,1.465685,3.122495,3.817206,0.740038,0.462458,0.009676,0.089305
2015-02,801970.SI,木,5.892594,5.73324,6.123488,0.144808,0.421185,-0.081647,0.07308
2015-03,801970.SI,木,5.577571,6.24182,1.013241,-0.232378,0.148759,-0.11914,-0.002601
2015-04,801970.SI,土,6.97315,0.11381,-0.371476,-0.194199,-0.40024,-0.250908,-0.040323
2015-05,801970.SI,火,-0.844406,-0.823531,-0.816019,-0.365211,-0.536074,-0.386869,-0.153145
2015-06,801970.SI,火,-0.799855,-0.799939,-0.707316,-0.132248,-0.331281,-0.272303,-0.07857
2015-07,801970.SI,土,-0.800023,-0.646063,0.033078,-0.414124,-0.205783,-0.150632,-0.057204
2015-08,801970.SI,金,-0.373572,1.348061,1.190216,-0.263306,-0.084173,0.06409,0.03559
2015-09,801970.SI,金,7.80132,3.095387,1.572721,0.010802,-0.014171,0.113862,0.057139
2015-10,801970.SI,土,0.905645,0.390962,-0.66774,-0.303627,-0.204299,-0.059911,-0.028656
2015-11,801970.SI,水,0.015286,-0.861262,-0.752208,-0.407789,-0.163482,-0.097538,-0.087899
2015-12,801970.SI,水,-0.981042,-0.877584,-0.602864,-0.389753,-0.157356,-0.143919,-0.086841
2016-01,801970.SI,土,-0.209557,0.817639,0.459508,0.231363,0.329636,0.175215,0.036153
2016-02,801970.SI,木,3.179694,0.983237,0.415355,0.536985,0.388489,0.253876,0.021371
2016-03,801970.SI,木,-0.058968,-0.176382,-0.062282,0.227429,0.105876,0.129358,-0.03015
2016-04,801970.SI,土,-0.279147,-0.063935,0.03888,0.2691,0.093337,0.229462,-0.05064
2016-05,801970.SI,火,0.21553,0.247167,0.669067,0.375249,0.204253,0.169676,-0.061618
2016-06,801970.SI,火,0.279628,0.955816,0.606648,0.200946,0.201576,0.166739,-0.11541
2016-07,801970.SI,土,1.989318,0.800276,0.550338,0.121627,0.300464,0.0465,-0.130627
2016-08,801970.SI,金,0.084192,0.116486,0.133153,0.022916,0.038954,0.007853,-0.225706
2016-09,801970.SI,金,0.149742,0.158456,-0.102311,0.039122,0.048717,0.003306,-0.234159
2016-10,801970.SI,土,0.167237,-0.206789,-0.188534,0.191061,-0.081998,0.003639,-0.290983
2016-11,801970.SI,水,-0.460963,-0.323409,-0.076598,-0.005167,-0.030755,-0.078156,-0.276537
2016-12,801970.SI,水,-0.150755,0.208585,0.202838,0.133507,0.041203,-0.025957,-0.272236
2017-01,801970.SI,土,0.719971,0.431509,0.748228,-0.023594,0.077324,-0.086454,-0.290284
2017-02,801970.SI,木,0.191427,0.76253,0.071788,-0.006987,-0.078675,-0.16802,-0.230993
2017-03,801970.SI,木,1.607387,0.016553,0.068172,-0.031277,-0.092106,-0.16713,-0.213192
2017-04,801970.SI,土,-0.603673,-0.31631,-0.454666,-0.154291,-0.264175,-0.266928,-0.262289
2017-05,801970.SI,火,0.179408,-0.360314,-0.079972,-0.145789,-0.235377,-0.247175,-0.267818
2017-06,801970.SI,火,-0.653047,-0.187413,-0.121466,-0.162987,-0.233423,-0.329328,-0.243519
2017-07,801970.SI,土,0.903133,0.397985,0.311531,-0.145267,-0.190951,-0.277774,-0.238565
2017-08,801970.SI,金,0.026919,0.088763,-0.206898,-0.30294,-0.295861,-0.405141,-0.274682
2017-09,801970.SI,金,0.154333,-0.303011,-0.202546,-0.283931,-0.387046,-0.415421,-0.279835
2017-10,801970.SI,土,-0.579157,-0.337184,-0.442965,-0.364562,-0.408024,-0.499118,-0.284654
2017-11,801970.SI,水,0.043916,-0.35914,-0.387351,-0.336528,-0.459525,-0.432227,-0.270882
2017-12,801970.SI,水,-0.606576,-0.530663,-0.35701,-0.462611,-0.472904,-0.456246,-0.260766
2018-01,801970.SI,土,-0.440103,-0.177993,-0.275125,-0.38974,-0.516548,-0.448635,-0.228078
2018-02,801970.SI,木,0.206819,-0.175215,-0.281488,-0.492358,-0.446443,-0.2892,-0.204278
2018-03,801970.SI,木,-0.436311,-0.445591,-0.550869,-0.522765,-0.485796,-0.256707,-0.226785
2018-04,801970.SI,土,-0.454719,-0.599097,-0.486232,-0.605181,-0.496695,-0.257622,-0.192315
2018-05,801970.SI,火,-0.705246,-0.501299,-0.641341,-0.514122,-0.291752,-0.287896,-0.181918
2018-06,801970.SI,火,-0.156235,-0.604367,-0.492902,-0.449805,-0.120798,-0.146731,-0.132561
2018-07,801970.SI,土,-0.814492,-0.606879,-0.69659,-0.501847,-0.160711,-0.197228,-0.079081
2018-08,801970.SI,金,-0.166914,-0.611973,-0.341777,-0.004739,-0.104984,-0.115613,0.018487
2018-09,801970.SI,金,-0.819268,-0.414921,-0.403045,0.157677,0.014886,-0.112802,-0.023567
2018-10,801970.SI,土,0.894062,0.084914,-0.182106,0.395894,0.110316,0.021638,0.037714
2018-11,801970.SI,水,-0.378564,-0.462537,0.504877,0.043663,-0.024115,-0.063687,0.008927
2018-12,801970.SI,水,-0.535163,1.34182,1.245088,0.323289,0.012465,0.004989,-0.004933
2019-01,801970.SI,土,10.797939,3.934007,1.382361,0.293664,0.100264,0.080706,-0.011247
2019-02,801970.SI,木,1.063447,0.070553,-0.276199,-0.214135,-0.200668,-0.109211,-0.070204
2019-03,801970.SI,木,-0.444578,-0.571321,-0.220033,-0.320087,-0.231217,-0.195659,-0.052818
2019-04,801970.SI,土,-0.669143,-0.075721,-0.297517,-0.252275,-0.169625,-0.121264,-0.069522
2019-05,801970.SI,火,1.582051,0.023606,-0.14675,-0.159996,-0.045388,-0.060169,-0.010784
2019-06,801970.SI,火,-0.594211,-0.509508,-0.407307,-0.236748,-0.187366,-0.118156,-0.060768
2019-07,801970.SI,土,-0.407125,-0.283701,-0.20412,-0.097195,-0.053182,0.056454,-0.023467
2019-08,801970.SI,金,-0.134582,-0.077875,-0.173035,0.009722,-0.029398,0.172921,0.05493
2019-09,801970.SI,金,-0.017451,-0.191616,-0.017108,-0.048459,0.006728,0.074644,0.074742
2019-10,801970.SI,土,-0.33491,-0.016937,0.024095,0.032703,0.161052,0.054043,0.025281
2019-11,801970.SI,水,0.453057,0.270778,0.23287,0.051522,0.31784,0.087172,0.092584
2019-12,801970.SI,水,0.111366,0.135624,-0.07881,0.018863,0.107094,-0.014756,0.090248
2020-01,801970.SI,土,0.160411,-0.161322,0.041384,0.236253,0.064219,-0.095376,0.028603
2020-02,801970.SI,木,-0.393852,-0.013469,-0.103151,0.362497,0.042538,-0.029488,0.060897
2020-03,801970.SI,木,0.60562,0.090912,0.126891,0.213674,0.00757,0.115389,0.030292
2020-04,801970.SI,土,-0.258798,-0.055936,0.467586,0.075824,-0.136848,-0.014734,-0.070075
2020-05,801970.SI,火,0.202449,1.06508,1.069913,0.124031,-0.003613,0.041196,-0.011027
2020-06,801970.SI,火,2.546557,1.715781,0.307139,-0.047266,0.111581,0.000355,-0.007939
2020-07,801970.SI,土,1.079613,-0.206441,-0.211359,-0.338044,-0.13728,-0.097342,-0.034181
2020-08,801970.SI,金,-0.697186,-0.514345,-0.389614,-0.308701,-0.171944,-0.051191,-0.091915
2020-09,801970.SI,金,-0.221106,-0.1334,-0.305581,0.025063,-0.084978,0.074839,-0.090503
2020-10,801970.SI,土,-0.035818,-0.344319,-0.444378,-0.09767,-0.055784,-0.002696,-0.077772
2020-11,801970.SI,水,-0.554111,-0.578217,-0.217062,-0.035534,0.099099,0.098023,-0.042496
2020-12,801970.SI,水,-0.601019,0.037476,0.513142,0.050356,0.243323,0.206443,-0.035164
2021-01,801970.SI,土,1.697764,1.946751,0.465384,0.230885,0.212021,0.169573,0.031909
2021-02,801970.SI,木,2.218717,0.080004,0.188082,0.302241,0.229059,0.159701,-0.00108
2021-03,801970.SI,木,-0.637617,-0.278181,-0.27089,0.127032,0.118706,-0.048312,-0.06656
2021-04,801970.SI,土,0.437767,0.034203,0.033912,0.102274,0.084891,-0.122308,-0.038706
2021-05,801970.SI,火,-0.256085,-0.123239,0.427369,0.250074,0.150392,-0.060631,-0.050879
2021-06,801970.SI,火,0.033331,0.977165,0.742124,0.385725,0.040068,-0.016164,-0.041212
2021-07,801970.SI,土,2.783087,1.262034,0.175155,0.111315,-0.168948,0.0334,-0.028645
2021-08,801970.SI,金,0.352545,-0.345033,0.094801,0.032763,-0.18291,-0.13089,-0.098943
2021-09,801970.SI,金,-0.682834,-0.015021,0.102237,-0.196376,-0.186788,-0.23041,-0.12045
2021-10,801970.SI,土,2.058909,1.054798,0.050944,-0.301132,-0.009945,-0.147196,-0.088795
2021-11,801970.SI,水,0.380294,-0.383993,-0.02576,-0.29411,-0.195262,-0.165032,-0.124475
2021-12,801970.SI,水,-0.725084,-0.181511,-0.41409,-0.301497,-0.317262,-0.228386,-0.153059
2022-01,801970.SI,土,1.436832,-0.144645,-0.53526,-0.039053,-0.204563,-0.089552,-0.161479
2022-02,801970.SI,木,-0.699761,-0.797044,-0.488544,-0.26861,-0.206882,-0.13957,-0.187385
2022-03,801970.SI,木,-0.862805,-0.332458,-0.167267,-0.263003,-0.154222,-0.084459,-0.124785
2022-04,801970.SI,土,2.248026,1.051584,0.986958,0.040647,0.139208,0.052859,-0.044379
2022-05,801970.SI,火,0.295863,0.55408,0.045898,-0.012352,0.023336,-0.041026,-0.094918
2022-06,801970.SI,火,0.863749,-0.060375,-0.347732,-0.147622,-0.055065,-0.065622,-0.147664
2022-07,801970.SI,土,-0.52628,-0.614126,-0.454973,-0.137398,-0.148018,-0.086965,-0.161633
2022-08,801970.SI,金,-0.685682,-0.41539,-0.067357,0.012238,-0.068364,-0.065822,-0.160821
2022-09,801970.SI,金,0.087337,0.606529,0.113879,0.137339,0.053306,0.00522,-0.033697
2022-10,801970.SI,土,1.37363,0.127393,0.36522,0.065214,0.084369,-0.026394,0.004318
2022-11,801970.SI,水,-0.464527,0.035375,0.098625,-0.068867,-0.06531,-0.081947,-0.027365
2022-12,801970.SI,水,1.00197,0.573641,0.161293,0.024266,-0.028591,-0.070377,-0.026922
2023-01,801970.SI,土,0.236955,-0.115528,-0.168866,-0.033584,-0.130152,-0.227724,-0.074863
2023-02,801970.SI,木,-0.367567,-0.318714,-0.210824,-0.137862,-0.135283,-0.232543,-0.061513
2023-03,801970.SI,木,-0.266088,-0.118437,-0.096593,-0.111552,-0.136833,-0.163335,-0.030038
2023-04,801970.SI,土,0.058918,0.002313,0.123719,-0.110123,-0.246402,-0.132636,-0.032725
2023-05,801970.SI,火,-0.051266,0.157592,-0.058155,-0.094843,-0.23965,-0.145782,-0.002623
2023-06,801970.SI,火,0.41243,-0.06158,-0.126263,-0.156276,-0.184468,-0.222501,0.004929
2023-07,801970.SI,土,-0.376513,-0.312792,-0.295304,-0.382864,-0.204361,-0.230194,-0.001529
2023-08,801970.SI,金,-0.24256,-0.250815,-0.130102,-0.316827,-0.173141,-0.246159,0.044851
2023-09,801970.SI,金,-0.25898,-0.067759,-0.185258,-0.2121,-0.252165,-0.071107,0.06109
2023-10,801970.SI,土,0.172808,-0.14569,-0.459545,-0.154579,-0.20718,0.035998,0.088214
2023-11,801970.SI,水,-0.377694,-0.633119,-0.46347,-0.193855,-0.281295,0.030462,0.070019
2023-12,801970.SI,水,-0.783705,-0.501817,-0.238057,-0.283529,-0.029607,0.018565,0.091165
2024-01,801970.SI,土,0.147439,0.430078,0.322472,-0.039755,0.286941,0.108254,0.197068
2024-02,801970.SI,木,0.782337,0.41976,0.211248,-0.168181,0.280889,0.147633,0.235358
2024-03,801970.SI,木,0.130942,-0.001485,-0.326286,0.095117,0.122046,0.124496,0.156062
2024-04,801970.SI,土,-0.118406,-0.480012,-0.302768,0.269535,0.044857,0.078696,0.18906
2024-05,801970.SI,火,-0.693297,-0.379943,-0.428751,0.317196,0.12718,0.164529,0.211918
2024-06,801970.SI,火,0.253564,-0.220387,0.780104,0.448033,0.333885,0.298887,
2024-07,801970.SI,土,-0.515146,1.121265,1.311595,0.279077,0.247593,0.295059,
2024-08,801970.SI,金,8.280651,4.047333,2.037218,0.583351,0.476586,0.448201,
2024-09,801970.SI,金,1.74502,0.7375,0.177908,0.154662,0.169356,0.2121,
2024-10,801970.SI,土,0.099776,-0.228397,-0.292247,-0.083456,0.067618,0.143063,
2024-11,801970.SI,水,-0.458643,-0.432232,-0.174573,0.029556,0.131392,0.111094,
2024-12,801970.SI,水,-0.404534,0.019238,0.131876,0.165104,0.223717,0.16894,
2025-01,801970.SI,土,0.744593,0.560521,0.186929,0.311241,0.341116,0.292999,
2025-02,801970.SI,木,0.39587,-0.020983,0.284167,0.324587,0.226804,0.329788,
2025-03,801970.SI,木,-0.313351,0.231714,0.199307,0.272395,0.181562,0.188514,
2025-04,801970.SI,土,1.209452,0.584995,0.448573,0.425565,0.330422,0.310715,
2025-05,801970.SI,火,0.137029,0.17292,0.366279,0.19909,0.345353,0.261236,
2025-06,801970.SI,火,0.209945,0.497695,0.349937,0.172788,0.184939,,
2025-07,801970.SI,土,0.853878,0.425895,0.402922,0.275011,0.267742,,
2025-08,801970.SI,金,0.096716,0.220421,0.05236,0.33501,0.228048,,
2025-09,801970.SI,金,0.358079,0.030859,0.018886,0.110164,,,
2025-10,801970.SI,土,-0.217519,-0.117478,0.158763,0.205118,,,
2025-11,801970.SI,水,-0.004646,0.410117,0.693577,0.326602,,,
2025-12,801970.SI,水,0.997711,1.209116,0.209619,,,,
2026-01,801970.SI,土,1.442893,-0.058747,0.253328,,,,
2026-02,801970.SI,木,-0.637333,-0.102272,0.039146,,,,
2026-03,801970.SI,木,1.222193,0.75898,,,,,
2026-04,801970.SI,土,0.392323,,,,,,
2026-05,801970.SI,火,,,,,,,
2010-02,801980.SI,木,1.583569,0.674852,0.358238,0.411559,0.325665,0.247474,-0.019794
2010-03,801980.SI,木,0.085757,-0.015187,-0.381012,0.300271,0.169318,0.141351,-0.089587
2010-04,801980.SI,土,-0.106747,-0.532634,-0.022484,0.225313,0.128653,0.08624,-0.070743
2010-05,801980.SI,火,-0.755466,0.022583,0.466975,0.309673,0.212597,0.075533,-0.036752
2010-06,801980.SI,火,3.276197,2.593058,1.731401,0.607156,0.399582,0.223008,0.016211
2010-07,801980.SI,土,2.019053,1.182977,0.535926,0.212771,0.125105,0.107234,-0.039678
2010-08,801980.SI,金,0.578439,0.095519,0.169239,0.102462,-0.030181,0.005165,-0.042745
2010-09,801980.SI,金,-0.239653,0.006331,-0.054349,0.001855,-0.064356,-0.187158,-0.055826
2010-10,801980.SI,土,0.331894,0.054606,-0.042393,-0.037048,-0.007198,-0.106031,-0.021024
2010-11,801980.SI,水,-0.164953,-0.188018,0.039499,-0.116748,-0.04424,-0.104703,-0.073746
2010-12,801980.SI,水,-0.210446,0.159794,0.0614,-0.069319,-0.227145,-0.238579,-0.02348
2011-01,801980.SI,土,0.703648,0.23063,-0.031673,0.010881,-0.12629,-0.264826,0.048456
2011-02,801980.SI,木,-0.111055,-0.269966,-0.24951,-0.083545,-0.14818,-0.2298,0.057147
2011-03,801980.SI,木,-0.40047,-0.310428,-0.183939,-0.340512,-0.318384,-0.273798,0.100403
2011-04,801980.SI,土,-0.206863,-0.047909,0.055306,-0.170072,-0.329323,-0.20504,0.120439
2011-05,801980.SI,火,0.142901,0.217289,0.119123,-0.092494,-0.223116,-0.137315,0.106555
2011-06,801980.SI,火,0.296518,0.10742,-0.467044,-0.377057,-0.301496,-0.155619,0.083838
2011-07,801980.SI,土,-0.054098,-0.658297,-0.347317,-0.465336,-0.276673,-0.167097,0.120995
2011-08,801980.SI,金,-0.876561,-0.457837,-0.264096,-0.352715,-0.208999,-0.088372,0.188472
2011-09,801980.SI,金,1.381274,0.796828,-0.271876,-0.200337,-0.01564,0.096726,0.191391
2011-10,801980.SI,土,0.355825,-0.597372,-0.562015,-0.238533,-0.096576,0.072065,0.118473
2011-11,801980.SI,水,-0.880435,-0.751064,-0.430662,-0.179922,-0.020924,-0.041717,0.126751
2011-12,801980.SI,水,-0.481713,0.242376,-0.121769,0.144533,0.257175,0.252385,0.232727
2012-01,801980.SI,土,1.978074,0.143216,0.323861,0.297502,0.444803,0.495236,0.191255
2012-02,801980.SI,木,-0.561145,-0.117335,0.181247,0.283926,0.139904,0.451001,0.130427
2012-03,801980.SI,木,0.775297,0.937985,0.491585,0.504144,0.40966,0.667425,0.179268
2012-04,801980.SI,土,1.115581,0.367214,0.271668,0.509356,0.557157,0.579178,0.16203
2012-05,801980.SI,火,-0.116426,-0.01407,0.39553,0.119778,0.553972,0.419364,0.093536
2012-06,801980.SI,火,0.100142,0.753829,0.516808,0.370401,0.73053,0.391201,0.14969
2012-07,801980.SI,土,1.795928,0.781032,0.79147,0.723104,0.697398,0.508736,0.147593
2012-08,801980.SI,金,0.134534,0.434008,-0.101486,0.639816,0.427398,0.549388,0.106981
2012-09,801980.SI,金,0.812531,-0.20039,0.238125,0.848432,0.351688,0.294226,0.141323
2012-10,801980.SI,土,-0.647246,0.023302,0.657347,0.65223,0.42478,0.166889,0.11049
2012-11,801980.SI,水,1.968495,2.592398,1.992718,0.7991,0.85797,0.324836,0.154556
2012-12,801980.SI,水,3.347429,2.004903,1.759576,0.412317,0.313486,0.213377,0.079112
2013-01,801980.SI,土,1.076961,1.198606,0.64713,0.321037,0.038089,-0.050928,0.056043
2013-02,801980.SI,木,1.327375,0.466822,0.081546,0.463947,0.009704,-0.119322,0.03955
2013-03,801980.SI,木,-0.075539,-0.262717,-0.277193,-0.093815,-0.077329,-0.165975,0.08855
2013-04,801980.SI,土,-0.411996,-0.36087,0.059503,-0.175884,-0.21025,-0.144926,0.148081
2013-05,801980.SI,火,-0.305299,0.422209,0.981552,-0.024407,-0.177616,-0.157495,0.235003
2013-06,801980.SI,火,1.911579,2.346642,0.136088,0.04246,-0.125222,-0.049895,0.203219
2013-07,801980.SI,土,2.846715,-0.290335,-0.358976,-0.318158,-0.203895,-0.127103,0.024718
2013-08,801980.SI,金,-0.869077,-0.738322,-0.519678,-0.470203,-0.366479,-0.209102,-0.073255
2013-09,801980.SI,金,-0.476983,-0.079996,-0.043452,-0.23239,-0.104859,0.006485,-0.000408
2013-10,801980.SI,土,0.618316,0.293606,-0.274741,-0.112806,-0.032482,0.056817,0.093164
2013-11,801980.SI,水,0.034048,-0.514479,-0.415632,-0.272428,-0.066066,0.006162,0.099228
2013-12,801980.SI,水,-0.772031,-0.560702,-0.384008,-0.134068,0.023703,-0.040296,0.168465
2014-01,801980.SI,土,-0.153468,0.01257,0.085286,0.117486,0.198125,0.175071,0.082823
2014-02,801980.SI,木,0.211174,0.228839,-0.094132,0.180678,0.205947,0.227083,0.083637
2014-03,801980.SI,木,0.246761,-0.21658,0.217286,0.319695,0.112564,0.420749,0.122183
2014-04,801980.SI,土,-0.507727,0.202811,0.15064,0.258871,0.206621,0.541492,0.108634
2014-05,801980.SI,火,1.938927,0.759164,0.538855,0.391426,0.357719,0.810355,0.137865
2014-06,801980.SI,火,0.052989,0.11353,0.43072,0.063632,0.495865,0.523763,0.105548
2014-07,801980.SI,土,0.177552,0.667707,0.377282,0.235624,0.699321,0.202945,0.110824
2014-08,801980.SI,金,1.361889,0.489513,0.258121,0.275311,0.91111,0.085925,0.10647
2014-09,801980.SI,金,-0.060646,-0.081765,-0.20927,0.529542,0.556103,-0.007254,0.084967
2014-10,801980.SI,土,-0.102409,-0.274517,0.108536,0.887564,0.149883,0.130761,0.088429
2014-11,801980.SI,水,-0.413624,0.231929,0.292736,1.355414,0.033933,0.200902,0.115612
2014-12,801980.SI,水,1.588185,0.91945,1.958658,1.18295,0.070964,0.422637,0.129132
2015-01,801980.SI,土,0.423503,2.16333,2.214055,0.171131,0.138267,-0.002184,0.073825
2015-02,801980.SI,木,6.029597,3.829483,3.291654,-0.075337,0.171764,-0.04304,0.08029
2015-03,801980.SI,木,2.317958,2.353295,0.610619,-0.35566,0.114535,-0.11364,0.020508
2015-04,801980.SI,土,2.389009,0.122157,-0.573266,-0.322608,-0.324359,-0.202675,-0.036291
2015-05,801980.SI,火,-0.628435,-0.848574,-0.800776,-0.387723,-0.419703,-0.284817,-0.128726
2015-06,801980.SI,火,-0.938289,-0.85412,-0.742227,-0.072862,-0.273644,-0.197883,-0.073827
2015-07,801980.SI,土,-0.655151,-0.473166,0.075282,-0.14985,-0.017963,0.025757,0.008466
2015-08,801980.SI,金,-0.195141,0.898757,0.881711,-0.009614,0.095071,0.127404,0.089707
2015-09,801980.SI,金,3.47939,1.877195,2.334655,0.219285,0.171038,0.185754,0.094291
2015-10,801980.SI,土,0.848076,1.87718,-0.327845,-0.061508,0.00976,0.047682,0.05506
2015-11,801980.SI,水,3.479343,-0.594637,-0.478738,-0.164614,-0.049566,0.036379,-0.014091
2015-12,801980.SI,水,-0.963316,-0.822182,-0.55418,-0.306045,-0.159943,-0.10382,-0.074247
2016-01,801980.SI,土,-0.138055,0.554184,0.310365,0.237636,0.214738,0.155623,0.034738
2016-02,801980.SI,木,1.802371,0.615654,0.338809,0.283379,0.303185,0.219513,0.0281
2016-03,801980.SI,木,-0.068525,-0.07463,0.080196,0.153145,0.131029,0.174958,0.04238
2016-04,801980.SI,土,-0.080696,0.163237,0.168943,0.169575,0.108215,0.164815,0.038068
2016-05,801980.SI,火,0.471895,0.318137,0.230243,0.28573,0.182158,0.061431,0.082933
2016-06,801980.SI,火,0.180441,0.124729,0.23102,0.157336,0.208358,0.069415,-0.002873
2016-07,801980.SI,土,0.071646,0.257116,0.170206,0.079045,0.163442,-0.008534,-0.006277
2016-08,801980.SI,金,0.474685,0.222835,0.343719,0.158825,0.010475,0.053271,-0.070106
2016-09,801980.SI,金,0.013997,0.282665,0.088062,0.197184,0.020407,0.009883,-0.101535
2016-10,801980.SI,土,0.622519,0.127099,-0.005015,0.160074,-0.061827,0.062491,-0.153826
2016-11,801980.SI,水,-0.217049,-0.220834,-0.000627,-0.123738,-0.028855,-0.062103,-0.151837
2016-12,801980.SI,水,-0.224601,0.129078,0.31725,-0.011826,-0.014908,-0.043697,-0.140741
2017-01,801980.SI,土,0.64408,0.71688,0.352555,-0.089004,0.085996,-0.073501,-0.14623
2017-02,801980.SI,木,0.792903,0.226792,-0.231682,-0.042669,-0.081742,-0.13327,-0.089979
2017-03,801980.SI,木,-0.160568,-0.497041,-0.258692,-0.148115,-0.140516,-0.075239,-0.061525
2017-04,801980.SI,土,-0.698644,-0.303365,-0.386411,-0.026883,-0.183277,-0.074887,-0.084215
2017-05,801980.SI,火,0.610386,-0.124459,0.192843,0.003867,-0.09774,0.10487,-0.060434
2017-06,801980.SI,火,-0.523982,0.02662,-0.021044,-0.074541,-0.004503,-0.070275,-0.061937
2017-07,801980.SI,土,1.214098,0.403891,0.543306,-0.057735,0.060801,-0.004016,-0.029389
2017-08,801980.SI,金,-0.109837,0.288485,-0.15517,-0.215296,0.077012,-0.179032,-0.047098
2017-09,801980.SI,金,0.865045,-0.176963,-0.125114,0.003872,-0.086129,-0.200659,-0.039702
2017-10,801980.SI,土,-0.636797,-0.400786,-0.4247,-0.120522,-0.139298,-0.326103,-0.052969
2017-11,801980.SI,水,-0.011412,-0.275952,-0.271143,0.216035,-0.186835,-0.232986,-0.04193
2017-12,801980.SI,水,-0.469703,-0.374171,0.151875,-0.06599,-0.224363,-0.227936,-0.012473
2018-01,801980.SI,土,-0.261429,0.697651,0.344482,0.052766,-0.289615,-0.21325,0.019165
2018-02,801980.SI,木,2.902158,0.813996,1.028849,-0.141091,-0.219828,-0.044527,0.042238
2018-03,801980.SI,木,-0.156727,0.462925,-0.242648,-0.363519,-0.324328,-0.047609,-0.004603
2018-04,801980.SI,土,1.53791,-0.282268,-0.175656,-0.483628,-0.341942,-0.09345,0.048862
2018-05,801980.SI,火,-0.797022,-0.530188,-0.636383,-0.516206,-0.256625,-0.201006,0.090506
2018-06,801980.SI,火,0.087427,-0.513322,-0.465099,-0.361803,0.027988,-0.053523,0.234194
2018-07,801980.SI,土,-0.782187,-0.624846,-0.676543,-0.412048,-0.064265,-0.054116,0.275835
2018-08,801980.SI,金,-0.353847,-0.60583,-0.356309,0.062894,0.038748,0.106038,0.344516
2018-09,801980.SI,金,-0.759546,-0.357537,-0.238559,0.425101,0.14478,0.153665,0.30814
2018-10,801980.SI,土,0.716581,0.354996,0.068727,0.591552,0.352627,0.330866,0.427006
2018-11,801980.SI,水,0.069577,-0.156727,0.755105,0.319552,0.324751,0.196716,0.379768
2018-12,801980.SI,水,-0.335149,1.248271,1.667197,0.403671,0.325036,0.26312,0.412417
2019-01,801980.SI,土,6.602791,4.342205,1.370145,0.521715,0.431825,0.320239,0.4756
2019-02,801980.SI,木,2.753774,0.323354,-0.007913,0.150933,0.053305,0.136881,0.367609
2019-03,801980.SI,木,-0.533466,-0.489976,-0.261288,-0.066071,-0.015442,0.040345,0.291305
2019-04,801980.SI,土,-0.442432,-0.070453,-0.023006,0.112878,0.086288,0.213514,0.477268
2019-05,801980.SI,火,0.549689,0.29327,0.335212,0.085316,0.189698,0.488376,0.556513
2019-06,801980.SI,火,0.079279,0.239376,0.180735,0.136643,0.166123,0.609373,0.523502
2019-07,801980.SI,土,0.423222,0.234986,0.267661,0.145438,0.304455,0.720884,0.359231
2019-08,801980.SI,金,0.071646,0.196379,-0.117811,0.123001,0.54324,0.634412,0.301528
2019-09,801980.SI,金,0.335629,-0.199582,0.094197,0.158886,0.784397,0.483299,0.293211
2019-10,801980.SI,土,-0.520324,-0.009624,0.034998,0.32325,0.905465,0.530092,0.305319
2019-11,801980.SI,水,1.044806,0.520321,0.429548,1.041124,1.007373,0.590818,0.308951
2019-12,801980.SI,水,0.130365,0.195286,0.227399,1.278713,0.641622,0.57936,0.257561
2020-01,801980.SI,土,0.263936,0.278996,0.691781,1.585422,0.743052,0.649244,0.15965
2020-02,801980.SI,木,0.294236,0.957283,1.91434,1.378718,0.648521,0.645161,0.172741
2020-03,801980.SI,木,1.960015,3.373244,3.230516,0.898527,0.717828,0.602804,0.134985
2020-04,801980.SI,土,5.461205,4.057584,2.951108,0.769267,0.635303,0.798347,0.075278
2020-05,801980.SI,火,2.958884,2.089737,0.941537,0.239857,0.359663,0.62777,0.021472
2020-06,801980.SI,火,1.411406,0.359665,-0.147999,0.094644,0.159781,0.442212,0.014226
2020-07,801980.SI,土,-0.233356,-0.493564,-0.20774,0.052054,0.383328,0.073582,-0.033044
2020-08,801980.SI,金,-0.665454,-0.194612,-0.208232,0.137821,0.534883,0.036444,-0.043846
2020-09,801980.SI,金,0.938892,0.21806,0.40639,0.353144,0.7188,0.127484,-0.039854
2020-10,801980.SI,土,-0.234784,0.197793,0.397038,0.827906,0.188021,0.113566,-0.098449
2020-11,801980.SI,水,0.874907,0.887646,0.635122,1.137047,0.133779,0.077025,-0.055575
2020-12,801980.SI,水,0.900472,0.526988,0.301915,0.900139,0.047399,0.001329,-0.033659
2021-01,801980.SI,土,0.226901,0.077564,1.39166,0.095549,0.032488,-0.184603,-0.055366
2021-02,801980.SI,木,-0.053596,2.339214,1.793046,-0.055902,-0.062903,-0.164021,-0.052443
2021-03,801980.SI,木,10.781813,3.798206,1.773244,-0.060543,-0.082565,-0.196289,-0.07268
2021-04,801980.SI,土,0.954095,0.345476,-0.498161,-0.321613,-0.430371,-0.357063,-0.183889
2021-05,801980.SI,火,-0.073583,-0.745684,-0.680878,-0.457203,-0.440799,-0.358997,-0.232636
2021-06,801980.SI,火,-0.930186,-0.812703,-0.681752,-0.472322,-0.468132,-0.286752,-0.235008
2021-07,801980.SI,土,-0.497517,-0.320519,-0.082954,-0.393115,-0.30171,-0.12908,-0.129745
2021-08,801980.SI,金,-0.081173,0.238871,-0.07675,-0.259758,-0.191225,-0.117915,-0.126855
2021-09,801980.SI,金,0.670392,-0.074531,-0.125073,-0.312421,-0.066605,-0.182356,-0.152996
2021-10,801980.SI,土,-0.48725,-0.366789,-0.598374,-0.390662,-0.143934,-0.270098,-0.205455
2021-11,801980.SI,水,-0.218027,-0.644549,-0.406489,-0.243025,-0.131225,-0.17185,-0.195179
2021-12,801980.SI,水,-0.838428,-0.482933,-0.459652,-0.035922,-0.200604,-0.067424,-0.203829
2022-01,801980.SI,土,0.65473,-0.011841,-0.075524,0.249828,-0.109271,0.094356,-0.200413
2022-02,801980.SI,木,-0.409898,-0.308997,-0.034539,0.051107,-0.074586,0.074026,-0.16244
2022-03,801980.SI,木,-0.190842,0.23492,0.720088,-0.027687,0.118633,0.069941,-0.149155
2022-04,801980.SI,土,0.884709,1.507895,0.689682,-0.12568,0.157656,0.035931,-0.142434
2022-05,801980.SI,火,2.337139,0.599872,0.14435,-0.093982,0.112863,-0.081365,-0.180333
2022-06,801980.SI,火,-0.232998,-0.329882,-0.450381,-0.097897,-0.086666,-0.179509,-0.256073
2022-07,801980.SI,土,-0.414528,-0.534741,-0.547586,-0.041777,-0.119953,-0.130409,-0.257432
2022-08,801980.SI,金,-0.630271,-0.602304,-0.282678,0.097445,-0.146236,-0.135704,-0.27219
2022-09,801980.SI,金,-0.572222,-0.000852,0.480644,0.177371,-0.062271,-0.122582,-0.128345
2022-10,801980.SI,土,1.333682,1.754653,1.02954,0.227414,0.081204,-0.135087,-0.11715
2022-11,801980.SI,水,2.251561,0.892672,0.679003,-0.068571,-0.080302,-0.217852,-0.151349
2022-12,801980.SI,水,0.101689,0.20651,-0.063784,-0.253739,-0.263016,-0.320282,-0.219329
2023-01,801980.SI,土,0.321306,-0.136952,-0.257691,-0.210844,-0.349125,-0.415784,-0.23701
2023-02,801980.SI,木,-0.436276,-0.443615,-0.483289,-0.319321,-0.393681,-0.346844,-0.237132
2023-03,801980.SI,木,-0.450859,-0.505304,-0.405153,-0.346118,-0.389086,-0.323386,-0.205476
2023-04,801980.SI,土,-0.554352,-0.380892,-0.16104,-0.390528,-0.46061,-0.290088,-0.160713
2023-05,801980.SI,火,-0.139917,0.151107,-0.103322,-0.343207,-0.29378,-0.268638,-0.120977
2023-06,801980.SI,火,0.540605,-0.084445,-0.281225,-0.380891,-0.293706,-0.325492,-0.131556
2023-07,801980.SI,土,-0.455901,-0.509042,-0.557242,-0.567503,-0.328532,-0.365901,-0.140712
2023-08,801980.SI,金,-0.556993,-0.600597,-0.518917,-0.373254,-0.31667,-0.387122,-0.088995
2023-09,801980.SI,金,-0.63991,-0.498669,-0.466737,-0.299865,-0.339633,-0.13407,-0.081434
2023-10,801980.SI,土,-0.302026,-0.351058,-0.577526,-0.173097,-0.28525,-0.09884,-0.060105
2023-11,801980.SI,水,-0.396645,-0.671314,-0.183487,-0.185603,-0.335607,-0.079192,-0.06299
2023-12,801980.SI,水,-0.820944,-0.050143,-0.080773,-0.265135,0.017801,-0.103383,-0.051246
2024-01,801980.SI,土,4.038816,1.082765,0.618486,-0.070326,0.160029,-0.003528,0.021476
2024-02,801980.SI,木,-0.139102,-0.082725,-0.187715,-0.400684,-0.041546,-0.108991,-0.032048
2024-03,801980.SI,木,-0.022657,-0.210982,-0.412522,0.070984,-0.110795,-0.067017,-0.085022
2024-04,801980.SI,土,-0.363018,-0.544525,-0.465986,-0.017916,-0.152284,-0.007759,-0.076666
2024-05,801980.SI,火,-0.674312,-0.511049,-0.557816,0.041124,-0.081089,0.056497,-0.071578
2024-06,801980.SI,火,-0.265943,-0.484767,0.952425,0.093974,0.088515,0.11814,
2024-07,801980.SI,土,-0.638359,2.184174,0.806113,0.068069,0.219846,0.164448,
2024-08,801980.SI,金,27.036011,3.036254,1.45133,0.324672,0.412397,0.354153,
2024-09,801980.SI,金,-0.418914,-0.275156,-0.387029,-0.187236,-0.071455,-0.025599,
2024-10,801980.SI,土,-0.095833,-0.370437,-0.368383,0.002502,0.005955,-0.019704,
2024-11,801980.SI,水,-0.561641,-0.472095,-0.284161,0.072097,0.111108,-0.046504,
2024-12,801980.SI,水,-0.364255,-0.085239,0.077678,0.142839,0.137201,0.003921,
2025-01,801980.SI,土,0.316233,0.403111,0.591171,0.269524,0.134989,0.047107,
2025-02,801980.SI,木,0.495723,0.749479,0.605658,0.38429,0.049108,0.051539,
2025-03,801980.SI,木,1.046286,0.663619,0.21194,0.168184,-0.019525,-0.10268,
2025-04,801980.SI,土,0.352513,-0.067308,0.012896,-0.041418,-0.089215,-0.140788,
2025-05,801980.SI,火,-0.356816,-0.123451,0.193441,-0.151985,-0.086835,-0.184127,
2025-06,801980.SI,火,0.194587,0.625676,0.126009,-0.11811,-0.188224,,
2025-07,801980.SI,土,1.212333,0.09321,-0.09282,-0.136342,-0.186647,,
2025-08,801980.SI,金,-0.459797,-0.419082,-0.397431,-0.201227,-0.281275,,
2025-09,801980.SI,金,-0.375297,-0.363599,-0.309304,-0.310739,,,
2025-10,801980.SI,土,-0.351681,-0.273738,-0.177777,-0.229857,,,
2025-11,801980.SI,水,-0.186424,-0.074045,0.058865,-0.215052,,,
2025-12,801980.SI,水,0.053857,0.207985,-0.312172,,,,
2026-01,801980.SI,土,0.384654,-0.444315,-0.278638,,,,
2026-02,801980.SI,木,-0.776994,-0.479334,-0.418109,,,,
2026-03,801980.SI,木,0.21563,-0.060051,,,,,
2026-04,801980.SI,土,-0.273213,,,,,,
2026-05,801980.SI,火,,,,,,,
