交易日期,收盘价,年干支,月干支,日干支,收益率,天干,地支,五行_干,五行_支,月,周,年月
2010-01-05,13517.375,己丑,丁丑,乙卯,-0.001194218481096243,乙,卯,木,木,1,1,2010-01
2010-01-06,13505.184,己丑,丁丑,丙辰,-0.0009018762888505227,丙,辰,火,土,1,1,2010-01
2010-01-07,13235.48,己丑,丁丑,丁巳,-0.019970405438385685,丁,巳,火,火,1,1,2010-01
2010-01-08,13267.436,己丑,丁丑,戊午,0.0024144194241537686,戊,午,土,火,1,1,2010-01
2010-01-11,13161.09,己丑,丁丑,辛酉,-0.0080155653285231,辛,酉,金,金,1,2,2010-01
2010-01-12,13381.25,己丑,丁丑,壬戌,0.016728097748742732,壬,戌,水,土,1,2,2010-01
2010-01-13,13016.557,己丑,丁丑,癸亥,-0.027254030826716402,癸,亥,水,水,1,2,2010-01
2010-01-14,13204.189,己丑,丁丑,甲子,0.014414871766781356,甲,子,木,水,1,2,2010-01
2010-01-15,13264.372,己丑,丁丑,乙丑,0.00455787174812472,乙,丑,木,土,1,2,2010-01
2010-01-18,13361.518,己丑,丁丑,戊辰,0.007323829578965491,戊,辰,土,土,1,3,2010-01
2010-01-19,13350.671,己丑,丁丑,己巳,-0.0008118089576348853,己,巳,土,火,1,3,2010-01
2010-01-20,12916.154,己丑,丁丑,庚午,-0.03254645403216061,庚,午,金,火,1,3,2010-01
2010-01-21,12917.154,己丑,丁丑,辛未,7.742242775976571e-05,辛,未,金,土,1,3,2010-01
2010-01-22,12595.935,己丑,丁丑,壬申,-0.024867629510339606,壬,申,水,金,1,3,2010-01
2010-01-25,12470.188,己丑,丁丑,乙亥,-0.009983141386486927,乙,亥,木,水,1,4,2010-01
2010-01-26,12162.556,己丑,丁丑,丙子,-0.024669395521543014,丙,子,火,水,1,4,2010-01
2010-01-27,12046.779,己丑,丁丑,丁丑,-0.009519133971510607,丁,丑,火,土,1,4,2010-01
2010-01-28,12120.476,己丑,丁丑,戊寅,0.006117568853881927,戊,寅,土,木,1,4,2010-01
2010-01-29,12137.204,己丑,丁丑,己卯,0.0013801438161338275,己,卯,土,木,1,4,2010-01
2010-02-01,11989.107,己丑,丁丑,壬午,-0.01220190416178224,壬,午,水,火,2,5,2010-02
2010-02-02,11912.927,己丑,丁丑,癸未,-0.006354101268760126,癸,未,水,土,2,5,2010-02
2010-02-03,12262.567,己丑,丁丑,甲申,0.02934963002795188,甲,申,木,金,2,5,2010-02
2010-02-04,12169.479,庚寅,戊寅,乙酉,-0.007591232732917952,乙,酉,木,金,2,5,2010-02
2010-02-05,11917.136,庚寅,戊寅,丙戌,-0.020735727470337806,丙,戌,火,土,2,5,2010-02
2010-02-08,11947.336,庚寅,戊寅,己丑,0.002534165927115195,己,丑,土,土,2,6,2010-02
2010-02-09,11970.438,庚寅,戊寅,庚寅,0.0019336528243618645,庚,寅,金,木,2,6,2010-02
2010-02-10,12185.378,庚寅,戊寅,辛卯,0.01795590102885125,辛,卯,金,木,2,6,2010-02
2010-02-11,12224.6,庚寅,戊寅,壬辰,0.0032187758147510515,壬,辰,水,土,2,6,2010-02
2010-02-12,12304.784,庚寅,戊寅,癸巳,0.006559233021939281,癸,巳,水,火,2,6,2010-02
2010-02-22,12213.544,庚寅,戊寅,癸卯,-0.007415002165011564,癸,卯,水,木,2,8,2010-02
2010-02-23,12069.209,庚寅,戊寅,甲辰,-0.011817618211388825,甲,辰,木,土,2,8,2010-02
2010-02-24,12282.093,庚寅,戊寅,乙巳,0.017638604153760173,乙,巳,木,火,2,8,2010-02
2010-02-25,12494.269,庚寅,戊寅,丙午,0.017275231509808586,丙,午,火,火,2,8,2010-02
2010-02-26,12436.655,庚寅,戊寅,丁未,-0.0046112341586370675,丁,未,火,土,2,8,2010-02
2010-03-01,12588.26,庚寅,戊寅,庚戌,0.012190174930477582,庚,戌,金,土,3,9,2010-03
2010-03-02,12548.91,庚寅,戊寅,辛亥,-0.0031259284444394853,辛,亥,金,水,3,9,2010-03
2010-03-03,12612.693,庚寅,戊寅,壬子,0.005082752207163699,壬,子,水,水,3,9,2010-03
2010-03-04,12312.889,庚寅,戊寅,癸丑,-0.023770022785776224,癸,丑,水,土,3,9,2010-03
2010-03-05,12341.739,庚寅,戊寅,甲寅,0.0023430731812819072,甲,寅,木,木,3,9,2010-03
2010-03-08,12437.567,庚寅,己卯,丁巳,0.007764545984970228,丁,巳,火,火,3,10,2010-03
2010-03-09,12507.657,庚寅,己卯,戊午,0.005635346527178564,戊,午,土,火,3,10,2010-03
2010-03-10,12391.645,庚寅,己卯,己未,-0.009275278335502679,己,未,土,土,3,10,2010-03
2010-03-11,12367.687,庚寅,己卯,庚申,-0.0019333994800528886,庚,申,金,金,3,10,2010-03
2010-03-12,12169.11,庚寅,己卯,辛酉,-0.01605611461544909,辛,酉,金,金,3,10,2010-03
2010-03-15,11903.333,庚寅,己卯,甲子,-0.02184029892079209,甲,子,木,水,3,11,2010-03
2010-03-16,11948.76,庚寅,己卯,乙丑,0.0038163260659849207,乙,丑,木,土,3,11,2010-03
2010-03-17,12233.774,庚寅,己卯,丙寅,0.023853019058044378,丙,寅,火,木,3,11,2010-03
2010-03-18,12236.725,庚寅,己卯,丁卯,0.00024121746895122698,丁,卯,火,木,3,11,2010-03
2010-03-19,12352.919,庚寅,己卯,戊辰,0.009495514526966842,戊,辰,土,土,3,11,2010-03
2010-03-22,12352.446,庚寅,己卯,辛未,-3.8290544931096626e-05,辛,未,金,土,3,12,2010-03
2010-03-23,12304.981,庚寅,己卯,壬申,-0.003842558793618722,壬,申,水,金,3,12,2010-03
2010-03-24,12290.043,庚寅,己卯,癸酉,-0.0012139799321917444,癸,酉,水,金,3,12,2010-03
2010-03-25,12086.899,庚寅,己卯,甲戌,-0.01652915290857815,甲,戌,木,土,3,12,2010-03
2010-03-26,12240.356,庚寅,己卯,乙亥,0.012696143154666828,乙,亥,木,水,3,12,2010-03
2010-03-29,12552.449,庚寅,己卯,戊寅,0.02549705253670731,戊,寅,土,木,3,13,2010-03
2010-03-30,12593.035,庚寅,己卯,己卯,0.0032333132761581673,己,卯,土,木,3,13,2010-03
2010-03-31,12494.35,庚寅,己卯,庚辰,-0.007836474686205519,庚,辰,金,土,3,13,2010-03
2010-04-01,12686.063,庚寅,己卯,辛巳,0.015343975476915572,辛,巳,金,火,4,13,2010-04
2010-04-02,12767.856,庚寅,己卯,壬午,0.00644746916360095,壬,午,水,火,4,13,2010-04
2010-04-06,12702.835,庚寅,庚辰,丙戌,-0.005092554301990959,丙,戌,火,土,4,14,2010-04
2010-04-07,12631.971,庚寅,庚辰,丁亥,-0.0055785972186523924,丁,亥,火,水,4,14,2010-04
2010-04-08,12427.002,庚寅,庚辰,戊子,-0.016226208879041804,戊,子,土,水,4,14,2010-04
2010-04-09,12555.123,庚寅,庚辰,己丑,0.010309888096903697,己,丑,土,土,4,14,2010-04
2010-04-12,12399.2,庚寅,庚辰,壬辰,-0.012419073871279385,壬,辰,水,土,4,15,2010-04
2010-04-13,12511.891,庚寅,庚辰,癸巳,0.009088570230337378,癸,巳,水,火,4,15,2010-04
2010-04-14,12557.695,庚寅,庚辰,甲午,0.003660837518485449,甲,午,木,火,4,15,2010-04
2010-04-15,12513.291,庚寅,庚辰,乙未,-0.0035359992418991792,乙,未,木,土,4,15,2010-04
2010-04-16,12416.86,庚寅,庚辰,丙申,-0.007706286060157885,丙,申,火,金,4,15,2010-04
2010-04-19,11644.577,庚寅,庚辰,己亥,-0.062196320164679464,己,亥,土,水,4,16,2010-04
2010-04-20,11538.976,庚寅,庚辰,庚子,-0.009068684933767779,庚,子,金,水,4,16,2010-04
2010-04-21,11766.815,庚寅,庚辰,辛丑,0.019745166295518812,辛,丑,金,土,4,16,2010-04
2010-04-22,11703.962,庚寅,庚辰,壬寅,-0.005341547394090984,壬,寅,水,木,4,16,2010-04
2010-04-23,11702.87,庚寅,庚辰,癸卯,-9.33017383343282e-05,癸,卯,水,木,4,16,2010-04
2010-04-26,11602.634,庚寅,庚辰,丙午,-0.008565078480748833,丙,午,火,火,4,17,2010-04
2010-04-27,11355.367,庚寅,庚辰,丁未,-0.021311281558997752,丁,未,火,土,4,17,2010-04
2010-04-28,11333.847,庚寅,庚辰,戊申,-0.001895139100303922,戊,申,土,金,4,17,2010-04
2010-04-29,11196.349,庚寅,庚辰,己酉,-0.012131626622452152,己,酉,土,金,4,17,2010-04
2010-04-30,11162.537,庚寅,庚辰,庚戌,-0.0030199130091425053,庚,戌,金,土,4,17,2010-04
2010-05-04,10960.771,庚寅,庚辰,甲寅,-0.018075281631765194,甲,寅,木,木,5,18,2010-05
2010-05-05,11003.731,庚寅,辛巳,乙卯,0.00391943231000802,乙,卯,木,木,5,18,2010-05
2010-05-06,10422.564,庚寅,辛巳,丙辰,-0.052815449596141484,丙,辰,火,土,5,18,2010-05
2010-05-07,10146.425,庚寅,辛巳,丁巳,-0.026494344385892044,丁,巳,火,火,5,18,2010-05
2010-05-10,10264.045,庚寅,辛巳,庚申,0.01159226032814531,庚,申,金,金,5,19,2010-05
2010-05-11,10091.204,庚寅,辛巳,辛酉,-0.016839462414671824,辛,酉,金,金,5,19,2010-05
2010-05-12,10146.632,庚寅,辛巳,壬戌,0.005492704339343346,壬,戌,水,土,5,19,2010-05
2010-05-13,10417.805,庚寅,辛巳,癸亥,0.02672541982403631,癸,亥,水,水,5,19,2010-05
2010-05-14,10330.141,庚寅,辛巳,甲子,-0.008414824427986578,甲,子,木,水,5,19,2010-05
2010-05-17,9731.718,庚寅,辛巳,丁卯,-0.05792979979653701,丁,卯,火,木,5,20,2010-05
2010-05-18,10003.807,庚寅,辛巳,戊辰,0.027958989358302322,戊,辰,土,土,5,20,2010-05
2010-05-19,9991.401,庚寅,辛巳,己巳,-0.0012401278833149565,己,巳,土,火,5,20,2010-05
2010-05-20,9945.551,庚寅,辛巳,庚午,-0.004588946034695285,庚,午,金,火,5,20,2010-05
2010-05-21,10209.069,庚寅,辛巳,辛未,0.026496068443065734,辛,未,金,土,5,20,2010-05
2010-05-24,10620.125,庚寅,辛巳,甲戌,0.04026380858039058,甲,戌,木,土,5,21,2010-05
2010-05-25,10365.225,庚寅,辛巳,乙亥,-0.024001600734454565,乙,亥,木,水,5,21,2010-05
2010-05-26,10361.697,庚寅,辛巳,丙子,-0.00034036887766553114,丙,子,火,水,5,21,2010-05
2010-05-27,10543.333,庚寅,辛巳,丁丑,0.01752956103618941,丁,丑,火,土,5,21,2010-05
2010-05-28,10495.652,庚寅,辛巳,戊寅,-0.004522383955813614,戊,寅,土,木,5,21,2010-05
2010-05-31,10204.174,庚寅,辛巳,辛巳,-0.02777130949082529,辛,巳,金,火,5,22,2010-05
2010-06-01,10098.454,庚寅,辛巳,壬午,-0.010360466217059883,壬,午,水,火,6,22,2010-06
2010-06-02,10188.141,庚寅,辛巳,癸未,0.008881260438478922,癸,未,水,土,6,22,2010-06
2010-06-03,10118.039,庚寅,辛巳,甲申,-0.006880744975947928,甲,申,木,金,6,22,2010-06
2010-06-04,10187.203,庚寅,辛巳,乙酉,0.006835711939833233,乙,酉,木,金,6,22,2010-06
2010-06-07,9992.674,庚寅,壬午,戊子,-0.01909542786179863,戊,子,土,水,6,23,2010-06
2010-06-08,10038.784,庚寅,壬午,己丑,0.004614380495150616,己,丑,土,土,6,23,2010-06
2010-06-09,10346.27,庚寅,壬午,庚寅,0.030629805362880624,庚,寅,金,木,6,23,2010-06
2010-06-10,10222.218,庚寅,壬午,辛卯,-0.011990021524665329,辛,卯,金,木,6,23,2010-06
2010-06-11,10239.333,庚寅,壬午,壬辰,0.0016742941698171254,壬,辰,水,土,6,23,2010-06
2010-06-17,10162.365,庚寅,壬午,戊戌,-0.007516895875932628,戊,戌,土,土,6,24,2010-06
2010-06-18,9966.538,庚寅,壬午,己亥,-0.01926982547861633,己,亥,土,水,6,24,2010-06
2010-06-21,10309.605,庚寅,壬午,壬寅,0.034421882503232304,壬,寅,水,木,6,25,2010-06
2010-06-22,10345.547,庚寅,壬午,癸卯,0.003486263537739953,癸,卯,水,木,6,25,2010-06
2010-06-23,10256.266,庚寅,壬午,甲辰,-0.008629896514896762,甲,辰,木,土,6,25,2010-06
2010-06-24,10250.901,庚寅,壬午,乙巳,-0.0005230948573291538,乙,巳,木,火,6,25,2010-06
2010-06-25,10104.831,庚寅,壬午,丙午,-0.014249479143345511,丙,午,火,火,6,25,2010-06
2010-06-28,10012.055,庚寅,壬午,己酉,-0.00918135097954631,己,酉,土,金,6,26,2010-06
2010-06-29,9508.905,庚寅,壬午,庚戌,-0.05025441829874078,庚,戌,金,土,6,26,2010-06
2010-06-30,9386.937,庚寅,壬午,辛亥,-0.01282671348593778,辛,亥,金,水,6,26,2010-06
2010-07-01,9203.909,庚寅,壬午,壬子,-0.01949816004943894,壬,子,水,水,7,26,2010-07
2010-07-02,9227.888,庚寅,壬午,癸丑,0.00260530607158338,癸,丑,水,土,7,26,2010-07
2010-07-05,9171.029,庚寅,壬午,丙辰,-0.006161648255809005,丙,辰,火,土,7,27,2010-07
2010-07-06,9363.016,庚寅,壬午,丁巳,0.02093407402811609,丁,巳,火,火,7,27,2010-07
2010-07-07,9485.43,庚寅,癸未,戊午,0.013074206003706568,戊,午,土,火,7,27,2010-07
2010-07-08,9465.799,庚寅,癸未,己未,-0.00206959515804761,己,未,土,土,7,27,2010-07
2010-07-09,9816.855,庚寅,癸未,庚申,0.03708677946785044,庚,申,金,金,7,27,2010-07
2010-07-12,9959.218,庚寅,癸未,癸亥,0.014501894955156303,癸,亥,水,水,7,28,2010-07
2010-07-13,9801.76,庚寅,癸未,甲子,-0.01581027747359287,甲,子,木,水,7,28,2010-07
2010-07-14,9803.72,庚寅,癸未,乙丑,0.0001999640880820941,乙,丑,木,土,7,28,2010-07
2010-07-15,9718.725,庚寅,癸未,丙寅,-0.008669668248379114,丙,寅,火,木,7,28,2010-07
2010-07-16,9806.639,庚寅,癸未,丁卯,0.00904583677385662,丁,卯,火,木,7,28,2010-07
2010-07-19,10097.104,庚寅,癸未,庚午,0.02961922020378238,庚,午,金,火,7,29,2010-07
2010-07-20,10339.429,庚寅,癸未,辛未,0.02399945568551143,辛,未,金,土,7,29,2010-07
2010-07-21,10324.126,庚寅,癸未,壬申,-0.0014800623902925247,壬,申,水,金,7,29,2010-07
2010-07-22,10471.774,庚寅,癸未,癸酉,0.014301259012142964,癸,酉,水,金,7,29,2010-07
2010-07-23,10527.945,庚寅,癸未,甲戌,0.005364038605111254,甲,戌,木,土,7,29,2010-07
2010-07-26,10591.125,庚寅,癸未,丁丑,0.006001171168732444,丁,丑,火,土,7,30,2010-07
2010-07-27,10566.207,庚寅,癸未,戊寅,-0.002352724568919662,戊,寅,土,木,7,30,2010-07
2010-07-28,10825.167,庚寅,癸未,己卯,0.02450832167115391,己,卯,土,木,7,30,2010-07
2010-07-29,10838.91,庚寅,癸未,庚辰,0.0012695416153858385,庚,辰,金,土,7,30,2010-07
2010-07-30,10785.346,庚寅,癸未,辛巳,-0.004941825331144956,辛,巳,金,火,7,30,2010-07
2010-08-02,11004.744,庚寅,癸未,甲申,0.020342231023464663,甲,申,木,金,8,31,2010-08
2010-08-03,10830.699,庚寅,癸未,乙酉,-0.01581545195417544,乙,酉,木,金,8,31,2010-08
2010-08-04,10870.382,庚寅,癸未,丙戌,0.0036639371106148566,丙,戌,火,土,8,31,2010-08
2010-08-05,10768.078,庚寅,癸未,丁亥,-0.00941126080021848,丁,亥,火,水,8,31,2010-08
2010-08-06,10942.933,庚寅,癸未,戊子,0.016238273905519796,戊,子,土,水,8,31,2010-08
2010-08-09,11017.413,庚寅,甲申,辛卯,0.006806219137044822,辛,卯,金,木,8,32,2010-08
2010-08-10,10715.394,庚寅,甲申,壬辰,-0.027412878141175212,壬,辰,水,土,8,32,2010-08
2010-08-11,10806.625,庚寅,甲申,癸巳,0.00851401264386542,癸,巳,水,火,8,32,2010-08
2010-08-12,10680.018,庚寅,甲申,甲午,-0.011715683666269516,甲,午,木,火,8,32,2010-08
2010-08-13,10886.568,庚寅,甲申,乙未,0.01933985504518798,乙,未,木,土,8,32,2010-08
2010-08-16,11164.789,庚寅,甲申,戊戌,0.02555635531785594,戊,戌,土,土,8,33,2010-08
2010-08-17,11281.966,庚寅,甲申,己亥,0.010495227451230882,己,亥,土,水,8,33,2010-08
2010-08-18,11282.333,庚寅,甲申,庚子,3.2529791350155435e-05,庚,子,金,水,8,33,2010-08
2010-08-19,11321.167,庚寅,甲申,辛丑,0.00344201859668547,辛,丑,金,土,8,33,2010-08
2010-08-20,11090.459,庚寅,甲申,壬寅,-0.02037846451695291,壬,寅,水,木,8,33,2010-08
2010-08-23,11078.855,庚寅,甲申,乙巳,-0.0010463047561873884,乙,巳,木,火,8,34,2010-08
2010-08-24,11214.237,庚寅,甲申,丙午,0.01221985484962107,丙,午,火,火,8,34,2010-08
2010-08-25,10963.985,庚寅,甲申,丁未,-0.022315561905816517,丁,未,火,土,8,34,2010-08
2010-08-26,11009.49,庚寅,甲申,戊申,0.004150406991618505,戊,申,土,金,8,34,2010-08
2010-08-27,11034.734,庚寅,甲申,己酉,0.0022929309168726597,己,酉,土,金,8,34,2010-08
2010-08-30,11303.328,庚寅,甲申,壬子,0.024340777040932737,壬,子,水,水,8,35,2010-08
2010-08-31,11338.714,庚寅,甲申,癸丑,0.0031305824266978366,癸,丑,水,土,8,35,2010-08
2010-09-01,11318.739,庚寅,甲申,甲寅,-0.001761663624287535,甲,寅,木,木,9,35,2010-09
2010-09-02,11465.153,庚寅,甲申,乙卯,0.012935539904224358,乙,卯,木,木,9,35,2010-09
2010-09-03,11467.09,庚寅,甲申,丙辰,0.00016894672055389748,丙,辰,火,土,9,35,2010-09
2010-09-06,11656.081,庚寅,甲申,己未,0.016481164794206693,己,未,土,土,9,36,2010-09
2010-09-07,11682.698,庚寅,甲申,庚申,0.002283529086662961,庚,申,金,金,9,36,2010-09
2010-09-08,11722.782,庚寅,乙酉,辛酉,0.0034310567644562084,辛,酉,金,金,9,36,2010-09
2010-09-09,11465.346,庚寅,乙酉,壬戌,-0.021960316245751232,壬,戌,水,土,9,36,2010-09
2010-09-10,11530.987,庚寅,乙酉,癸亥,0.005725165206527549,癸,亥,水,水,9,36,2010-09
2010-09-13,11690.349,庚寅,乙酉,丙寅,0.01382032604841199,丙,寅,火,木,9,37,2010-09
2010-09-14,11665.41,庚寅,乙酉,丁卯,-0.0021332981590199696,丁,卯,火,木,9,37,2010-09
2010-09-15,11412.101,庚寅,乙酉,戊辰,-0.021714538966054242,戊,辰,土,土,9,37,2010-09
2010-09-16,11164.021,庚寅,乙酉,己巳,-0.021738328463794643,己,巳,土,火,9,37,2010-09
2010-09-17,11208.252,庚寅,乙酉,庚午,0.003961923754890906,庚,午,金,火,9,37,2010-09
2010-09-20,11150.329,庚寅,乙酉,癸酉,-0.005167888801929199,癸,酉,水,金,9,38,2010-09
2010-09-21,11210.741,庚寅,乙酉,甲戌,0.005417956725761286,甲,戌,木,土,9,38,2010-09
2010-09-27,11409.813,庚寅,乙酉,庚辰,0.017757256188507098,庚,辰,金,土,9,39,2010-09
2010-09-28,11274.485,庚寅,乙酉,辛巳,-0.011860667655114066,辛,巳,金,火,9,39,2010-09
2010-09-29,11223.862,庚寅,乙酉,壬午,-0.0044900498781098586,壬,午,水,火,9,39,2010-09
2010-09-30,11468.543,庚寅,乙酉,癸未,0.021800072025119466,癸,未,水,土,9,39,2010-09
2010-10-08,11911.369,庚寅,丙戌,辛卯,0.0386122282490462,辛,卯,金,木,10,40,2010-10
2010-10-11,12237.648,庚寅,丙戌,甲午,0.02739223342002073,甲,午,木,火,10,41,2010-10
2010-10-12,12373.279,庚寅,丙戌,乙未,0.011083093744811201,乙,未,木,土,10,41,2010-10
2010-10-13,12602.995,庚寅,丙戌,丙申,0.01856549100687066,丙,申,火,金,10,41,2010-10
2010-10-14,12507.71,庚寅,丙戌,丁酉,-0.00756050446739065,丁,酉,火,金,10,41,2010-10
2010-10-15,12765.501,庚寅,丙戌,戊戌,0.02061056740202649,戊,戌,土,土,10,41,2010-10
2010-10-18,12649.27,庚寅,丙戌,辛丑,-0.009105087219060115,辛,丑,金,土,10,42,2010-10
2010-10-19,12970.198,庚寅,丙戌,壬寅,0.025371266484152777,壬,寅,水,木,10,42,2010-10
2010-10-20,13130.012,庚寅,丙戌,癸卯,0.012321631481647444,癸,卯,水,木,10,42,2010-10
2010-10-21,13111.52,庚寅,丙戌,甲辰,-0.001408376473684858,甲,辰,木,土,10,42,2010-10
2010-10-22,13224.978,庚寅,丙戌,乙巳,0.008653306405359551,乙,巳,木,火,10,42,2010-10
2010-10-25,13734.197,庚寅,丙戌,戊申,0.038504336264302275,戊,申,土,金,10,43,2010-10
2010-10-26,13729.963,庚寅,丙戌,己酉,-0.00030828158355389323,己,酉,土,金,10,43,2010-10
2010-10-27,13452.171,庚寅,丙戌,庚戌,-0.02023253813575454,庚,戌,金,土,10,43,2010-10
2010-10-28,13445.025,庚寅,丙戌,辛亥,-0.0005312153703667111,辛,亥,金,水,10,43,2010-10
2010-10-29,13367.236,庚寅,丙戌,壬子,-0.005785708840258641,壬,子,水,水,10,43,2010-10
2010-11-01,13743.771,庚寅,丙戌,乙卯,0.028168500952627795,乙,卯,木,木,11,44,2010-11
2010-11-02,13646.458,庚寅,丙戌,丙辰,-0.007080516693708017,丙,辰,火,土,11,44,2010-11
2010-11-03,13392.7,庚寅,丙戌,丁巳,-0.018595154874620157,丁,巳,火,火,11,44,2010-11
2010-11-04,13595.732,庚寅,丙戌,戊午,0.015159900542832894,戊,午,土,火,11,44,2010-11
2010-11-05,13733.357,庚寅,丙戌,己未,0.010122662023640983,己,未,土,土,11,44,2010-11
2010-11-08,13807.297,庚寅,丁亥,壬戌,0.005383971304321333,壬,戌,水,土,11,45,2010-11
2010-11-09,13714.288,庚寅,丁亥,癸亥,-0.006736220709962271,癸,亥,水,水,11,45,2010-11
2010-11-10,13705.681,庚寅,丁亥,甲子,-0.0006275936454011033,甲,子,木,水,11,45,2010-11
2010-11-11,13684.939,庚寅,丁亥,乙丑,-0.0015133870400164673,乙,丑,木,土,11,45,2010-11
2010-11-12,12726.54,庚寅,丁亥,丙寅,-0.07003312181369603,丙,寅,火,木,11,45,2010-11
2010-11-15,12808.094,庚寅,丁亥,己巳,0.006408183213976404,己,巳,土,火,11,46,2010-11
2010-11-16,12217.272,庚寅,丁亥,庚午,-0.04612879949194615,庚,午,金,火,11,46,2010-11
2010-11-17,11917.494,庚寅,丁亥,辛未,-0.02453722893294019,辛,未,金,土,11,46,2010-11
2010-11-18,12146.145,庚寅,丁亥,壬申,0.019186164473839806,壬,申,水,金,11,46,2010-11
2010-11-19,12295.849,庚寅,丁亥,癸酉,0.012325227469291766,癸,酉,水,金,11,46,2010-11
2010-11-22,12303.545,庚寅,丁亥,丙子,0.0006259022862105112,丙,子,火,水,11,47,2010-11
2010-11-23,12062.409,庚寅,丁亥,丁丑,-0.01959890421825583,丁,丑,火,土,11,47,2010-11
2010-11-24,12407.655,庚寅,丁亥,戊寅,0.028621645974697074,戊,寅,土,木,11,47,2010-11
2010-11-25,12604.084,庚寅,丁亥,己卯,0.015831275128136646,己,卯,土,木,11,47,2010-11
2010-11-26,12539.014,庚寅,丁亥,庚辰,-0.005162612372307418,庚,辰,金,土,11,47,2010-11
2010-11-29,12536.551,庚寅,丁亥,癸未,-0.00019642692798649275,癸,未,水,土,11,48,2010-11
2010-11-30,12336.288,庚寅,丁亥,甲申,-0.0159743297817716,甲,申,木,金,11,48,2010-11
2010-12-01,12310.384,庚寅,丁亥,乙酉,-0.002099821275249103,乙,酉,木,金,12,48,2010-12
2010-12-02,12409.019,庚寅,丁亥,丙戌,0.008012341450924776,丙,戌,火,土,12,48,2010-12
2010-12-03,12443.0,庚寅,丁亥,丁亥,0.002738411473139024,丁,亥,火,水,12,48,2010-12
2010-12-06,12422.785,庚寅,丁亥,庚寅,-0.001624608213453338,庚,寅,金,木,12,49,2010-12
2010-12-07,12656.997,庚寅,戊子,辛卯,0.018853421354390276,辛,卯,金,木,12,49,2010-12
2010-12-08,12615.412,庚寅,戊子,壬辰,-0.0032855344755157168,壬,辰,水,土,12,49,2010-12
2010-12-09,12353.266,庚寅,戊子,癸巳,-0.02077982074624285,癸,巳,水,火,12,49,2010-12
2010-12-10,12460.464,庚寅,戊子,甲午,0.008677705151010295,甲,午,木,火,12,49,2010-12
2010-12-13,12905.024,庚寅,戊子,丁酉,0.035677644106993034,丁,酉,火,金,12,50,2010-12
2010-12-14,12926.615,庚寅,戊子,戊戌,0.00167306934105671,戊,戌,土,土,12,50,2010-12
2010-12-15,12829.364,庚寅,戊子,己亥,-0.007523315268537112,己,亥,土,水,12,50,2010-12
2010-12-16,12795.678,庚寅,戊子,庚子,-0.0026256952410111944,庚,子,金,水,12,50,2010-12
2010-12-17,12759.6,庚寅,戊子,辛丑,-0.0028195457872571827,辛,丑,金,土,12,50,2010-12
2010-12-20,12557.547,庚寅,戊子,甲辰,-0.015835371014765398,甲,辰,木,土,12,51,2010-12
2010-12-21,12872.446,庚寅,戊子,乙巳,0.025076473932369003,乙,巳,木,火,12,51,2010-12
2010-12-22,12766.952,庚寅,戊子,丙午,-0.00819533443760423,丙,午,火,火,12,51,2010-12
2010-12-23,12644.575,庚寅,戊子,丁未,-0.009585451562753478,丁,未,火,土,12,51,2010-12
2010-12-24,12556.845,庚寅,戊子,戊申,-0.006938153318715834,戊,申,土,金,12,51,2010-12
2010-12-27,12303.188,庚寅,戊子,辛亥,-0.020200695317971973,辛,亥,金,水,12,52,2010-12
2010-12-28,12063.802,庚寅,戊子,壬子,-0.019457233360979265,壬,子,水,水,12,52,2010-12
2010-12-29,12114.564,庚寅,戊子,癸丑,0.004207794524479169,癸,丑,水,土,12,52,2010-12
2010-12-30,12138.895,庚寅,戊子,甲寅,0.0020084090521128584,甲,寅,木,木,12,52,2010-12
2010-12-31,12458.552,庚寅,戊子,乙卯,0.0263332865141348,乙,卯,木,木,12,52,2010-12
2011-01-04,12714.514,庚寅,戊子,己未,0.020545084212033604,己,未,土,土,1,1,2011-01
2011-01-05,12647.629,庚寅,戊子,庚申,-0.0052605235245325455,庚,申,金,金,1,1,2011-01
2011-01-06,12599.656,庚寅,己丑,辛酉,-0.003793042948998626,辛,酉,金,金,1,1,2011-01
2011-01-07,12573.937,庚寅,己丑,壬戌,-0.0020412462054519853,壬,戌,水,土,1,1,2011-01
2011-01-10,12331.158,庚寅,己丑,乙丑,-0.01930811328226001,乙,丑,木,土,1,2,2011-01
2011-01-11,12385.172,庚寅,己丑,丙寅,0.0043802861012729455,丙,寅,火,木,1,2,2011-01
2011-01-12,12409.978,庚寅,己丑,丁卯,0.0020028789265098546,丁,卯,火,木,1,2,2011-01
2011-01-13,12423.343,庚寅,己丑,戊辰,0.0010769559784877814,戊,辰,土,土,1,2,2011-01
2011-01-14,12294.165,庚寅,己丑,己巳,-0.010398006398116832,己,巳,土,火,1,2,2011-01
2011-01-17,11734.624,庚寅,己丑,壬申,-0.04551272900599601,壬,申,水,金,1,3,2011-01
2011-01-18,11771.588,庚寅,己丑,癸酉,0.0031499944097057586,癸,酉,水,金,1,3,2011-01
2011-01-19,12066.547,庚寅,己丑,甲戌,0.02505685723965212,甲,戌,木,土,1,3,2011-01
2011-01-20,11566.74,庚寅,己丑,乙亥,-0.041420880389393955,乙,亥,木,水,1,3,2011-01
2011-01-21,11639.959,庚寅,己丑,丙子,0.006330132777256248,丙,子,火,水,1,3,2011-01
2011-01-24,11488.917,庚寅,己丑,己卯,-0.012976162544902525,己,卯,土,木,1,4,2011-01
2011-01-25,11446.372,庚寅,己丑,庚辰,-0.0037031340726023654,庚,辰,金,土,1,4,2011-01
2011-01-26,11599.671,庚寅,己丑,辛巳,0.013392802540403315,辛,巳,金,火,1,4,2011-01
2011-01-27,11795.33,庚寅,己丑,壬午,0.016867633573400376,壬,午,水,火,1,4,2011-01
2011-01-28,11894.227,庚寅,己丑,癸未,0.008384419935686394,癸,未,水,土,1,4,2011-01
2011-01-31,11994.684,庚寅,己丑,丙戌,0.008445862013563232,丙,戌,火,土,1,5,2011-01
2011-02-01,11991.512,庚寅,己丑,丁亥,-0.0002644504848979823,丁,亥,火,水,2,5,2011-02
2011-02-09,11807.927,辛卯,庚寅,乙未,-0.01530957897552876,乙,未,木,土,2,6,2011-02
2011-02-10,12170.512,辛卯,庚寅,丙申,0.03070691409254156,丙,申,火,金,2,6,2011-02
2011-02-11,12292.491,辛卯,庚寅,丁酉,0.010022503572569397,丁,酉,火,金,2,6,2011-02
2011-02-14,12737.804,辛卯,庚寅,庚子,0.03622642473360371,庚,子,金,水,2,7,2011-02
2011-02-15,12711.575,辛卯,庚寅,辛丑,-0.0020591461448142834,辛,丑,金,土,2,7,2011-02
2011-02-16,12884.87,辛卯,庚寅,壬寅,0.01363285037456019,壬,寅,水,木,2,7,2011-02
2011-02-17,12788.335,辛卯,庚寅,癸卯,-0.0074921206034676,癸,卯,水,木,2,7,2011-02
2011-02-18,12613.112,辛卯,庚寅,甲辰,-0.013701783695844738,甲,辰,木,土,2,7,2011-02
2011-02-21,12872.466,辛卯,庚寅,丁未,0.020562252995137253,丁,未,火,土,2,8,2011-02
2011-02-22,12473.331,辛卯,庚寅,戊申,-0.031006879334542492,戊,申,土,金,2,8,2011-02
2011-02-23,12492.705,辛卯,庚寅,己酉,0.0015532338554953284,己,酉,土,金,2,8,2011-02
2011-02-24,12578.426,辛卯,庚寅,庚戌,0.00686168447906188,庚,戌,金,土,2,8,2011-02
2011-02-25,12633.879,辛卯,庚寅,辛亥,0.004408580215044422,辛,亥,金,水,2,8,2011-02
2011-02-28,12902.435,辛卯,庚寅,甲寅,0.021256812733444708,甲,寅,木,木,2,9,2011-02
2011-03-01,12948.718,辛卯,庚寅,乙卯,0.0035871523475996536,乙,卯,木,木,3,9,2011-03
2011-03-02,12880.266,辛卯,庚寅,丙辰,-0.005286392058271749,丙,辰,火,土,3,9,2011-03
2011-03-03,12698.16,辛卯,庚寅,丁巳,-0.014138372608143324,丁,巳,火,火,3,9,2011-03
2011-03-04,12893.842,辛卯,庚寅,戊午,0.015410264164256837,戊,午,土,火,3,9,2011-03
2011-03-07,13140.882,辛卯,辛卯,辛酉,0.019159533675067397,辛,酉,金,金,3,10,2011-03
2011-03-08,13144.182,辛卯,辛卯,壬戌,0.00025112469619625877,壬,戌,水,土,3,10,2011-03
2011-03-09,13158.215,辛卯,辛卯,癸亥,0.0010676206400672683,癸,亥,水,水,3,10,2011-03
2011-03-10,13004.855,辛卯,辛卯,甲子,-0.011655076315442492,甲,子,木,水,3,10,2011-03
2011-03-11,12848.019,辛卯,辛卯,乙丑,-0.012059803819419734,乙,丑,木,土,3,10,2011-03
2011-03-14,12958.292,辛卯,辛卯,戊辰,0.008582879586339187,戊,辰,土,土,3,11,2011-03
2011-03-15,12705.322,辛卯,辛卯,己巳,-0.019521862912180055,己,巳,土,火,3,11,2011-03
2011-03-16,12865.754,辛卯,辛卯,庚午,0.012627149473267929,庚,午,金,火,3,11,2011-03
2011-03-17,12650.673,辛卯,辛卯,辛未,-0.01671732570046036,辛,未,金,土,3,11,2011-03
2011-03-18,12721.991,辛卯,辛卯,壬申,0.005637486638062628,壬,申,水,金,3,11,2011-03
2011-03-21,12643.731,辛卯,辛卯,乙亥,-0.0061515528504932915,乙,亥,木,水,3,12,2011-03
2011-03-22,12667.263,辛卯,辛卯,丙子,0.0018611594947726129,丙,子,火,水,3,12,2011-03
2011-03-23,12845.529,辛卯,辛卯,丁丑,0.014072969038378735,丁,丑,火,土,3,12,2011-03
2011-03-24,12771.455,辛卯,辛卯,戊寅,-0.005766520008634979,戊,寅,土,木,3,12,2011-03
2011-03-25,12942.071,辛卯,辛卯,己卯,0.013359166986063764,己,卯,土,木,3,12,2011-03
2011-03-28,12875.517,辛卯,辛卯,壬午,-0.005142453630489263,壬,午,水,火,3,13,2011-03
2011-03-29,12677.608,辛卯,辛卯,癸未,-0.01537095558958912,癸,未,水,土,3,13,2011-03
2011-03-30,12661.216,辛卯,辛卯,甲申,-0.00129298839339409,甲,申,木,金,3,13,2011-03
2011-03-31,12562.901,辛卯,辛卯,乙酉,-0.007765051950776369,乙,酉,木,金,3,13,2011-03
2011-04-01,12699.417,辛卯,辛卯,丙戌,0.010866598407485606,丙,戌,火,土,4,13,2011-04
2011-04-06,12740.87,辛卯,壬辰,辛卯,0.0032641655912237777,辛,卯,金,木,4,14,2011-04
2011-04-07,12890.655,辛卯,壬辰,壬辰,0.011756261542579027,壬,辰,水,土,4,14,2011-04
2011-04-08,13036.232,辛卯,壬辰,癸巳,0.011293219778203634,癸,巳,水,火,4,14,2011-04
2011-04-11,12925.046,辛卯,壬辰,丙申,-0.008528998256551401,丙,申,火,金,4,15,2011-04
2011-04-12,12902.223,辛卯,壬辰,丁酉,-0.0017657964234711887,丁,酉,火,金,4,15,2011-04
2011-04-13,13102.083,辛卯,壬辰,戊戌,0.015490353871577156,戊,戌,土,土,4,15,2011-04
2011-04-14,12991.925,辛卯,壬辰,己亥,-0.008407670749758012,己,亥,土,水,4,15,2011-04
2011-04-15,12965.746,辛卯,壬辰,庚子,-0.0020150208687319537,庚,子,金,水,4,15,2011-04
2011-04-18,13001.331,辛卯,壬辰,癸卯,0.0027445393423564113,癸,卯,水,木,4,16,2011-04
2011-04-19,12799.241,辛卯,壬辰,甲辰,-0.01554379317009924,甲,辰,木,土,4,16,2011-04
2011-04-20,12753.846,辛卯,壬辰,乙巳,-0.0035466946829113555,乙,巳,木,火,4,16,2011-04
2011-04-21,12798.751,辛卯,壬辰,丙午,0.0035208987155717075,丙,午,火,火,4,16,2011-04
2011-04-22,12708.42,辛卯,壬辰,丁未,-0.007057798061701481,丁,未,火,土,4,16,2011-04
2011-04-25,12508.009,辛卯,壬辰,庚戌,-0.015769938355830182,庚,戌,金,土,4,17,2011-04
2011-04-26,12448.484,辛卯,壬辰,辛亥,-0.004758950845014542,辛,亥,金,水,4,17,2011-04
2011-04-27,12358.882,辛卯,壬辰,壬子,-0.0071978242491215205,壬,子,水,水,4,17,2011-04
2011-04-28,12149.247,辛卯,壬辰,癸丑,-0.01696229480951439,癸,丑,水,土,4,17,2011-04
2011-04-29,12312.991,辛卯,壬辰,甲寅,0.01347770771307899,甲,寅,木,木,4,17,2011-04
2011-05-03,12423.462,辛卯,壬辰,戊午,0.008971906176167943,戊,午,土,火,5,18,2011-05
2011-05-04,12070.405,辛卯,壬辰,己未,-0.028418568028782842,己,未,土,土,5,18,2011-05
2011-05-05,12085.993,辛卯,壬辰,庚申,0.0012914231129774745,庚,申,金,金,5,18,2011-05
2011-05-06,12067.609,辛卯,癸巳,辛酉,-0.0015210996729850823,辛,酉,金,金,5,18,2011-05
2011-05-09,12125.013,辛卯,癸巳,甲子,0.0047568660867285395,甲,子,木,水,5,19,2011-05
2011-05-10,12216.94,辛卯,癸巳,乙丑,0.007581600118696796,乙,丑,木,土,5,19,2011-05
2011-05-11,12202.62,辛卯,癸巳,丙寅,-0.0011721429425044505,丙,寅,火,木,5,19,2011-05
2011-05-12,12072.208,辛卯,癸巳,丁卯,-0.010687213073913626,丁,卯,火,木,5,19,2011-05
2011-05-13,12156.605,辛卯,癸巳,戊辰,0.0069910160593653625,戊,辰,土,土,5,19,2011-05
2011-05-16,12051.241,辛卯,癸巳,辛未,-0.008667222468773161,辛,未,金,土,5,20,2011-05
2011-05-17,12128.495,辛卯,癸巳,壬申,0.006410460134354645,壬,申,水,金,5,20,2011-05
2011-05-18,12230.689,辛卯,癸巳,癸酉,0.008425942377846551,癸,酉,水,金,5,20,2011-05
2011-05-19,12158.112,辛卯,癸巳,甲戌,-0.005934007479055481,甲,戌,木,土,5,20,2011-05
2011-05-20,12161.026,辛卯,癸巳,乙亥,0.00023967537064972788,乙,亥,木,水,5,20,2011-05
2011-05-23,11742.186,辛卯,癸巳,戊寅,-0.03444117297339877,戊,寅,土,木,5,21,2011-05
2011-05-24,11749.924,辛卯,癸巳,己卯,0.0006589914348147374,己,卯,土,木,5,21,2011-05
2011-05-25,11615.416,辛卯,癸巳,庚辰,-0.01144756340551667,庚,辰,金,土,5,21,2011-05
2011-05-26,11530.7,辛卯,癸巳,辛巳,-0.007293410756876728,辛,巳,金,火,5,21,2011-05
2011-05-27,11492.712,辛卯,癸巳,壬午,-0.0032945094400167463,壬,午,水,火,5,21,2011-05
2011-05-30,11478.206,辛卯,癸巳,乙酉,-0.0012621912043040417,乙,酉,木,金,5,22,2011-05
2011-05-31,11665.141,辛卯,癸巳,丙戌,0.01628608164028411,丙,戌,火,土,5,22,2011-05
2011-06-01,11699.827,辛卯,癸巳,丁亥,0.002973474559801792,丁,亥,火,水,6,22,2011-06
2011-06-02,11506.521,辛卯,癸巳,戊子,-0.01652212464338132,戊,子,土,水,6,22,2011-06
2011-06-03,11642.401,辛卯,癸巳,己丑,0.01180895598243814,己,丑,土,土,6,22,2011-06
2011-06-07,11741.259,辛卯,甲午,癸巳,0.00849120383329871,癸,巳,水,火,6,23,2011-06
2011-06-08,11761.103,辛卯,甲午,甲午,0.001690108360610898,甲,午,木,火,6,23,2011-06
2011-06-09,11513.203,辛卯,甲午,乙未,-0.021077955018334538,乙,未,木,土,6,23,2011-06
2011-06-10,11593.379,辛卯,甲午,丙申,0.006963831003414134,丙,申,火,金,6,23,2011-06
2011-06-13,11521.984,辛卯,甲午,己亥,-0.006158256363395065,己,亥,土,水,6,24,2011-06
2011-06-14,11732.036,辛卯,甲午,庚子,0.018230540851297716,庚,子,金,水,6,24,2011-06
2011-06-15,11615.969,辛卯,甲午,辛丑,-0.009893167733205144,辛,丑,金,土,6,24,2011-06
2011-06-16,11435.987,辛卯,甲午,壬寅,-0.015494359532123414,壬,寅,水,木,6,24,2011-06
2011-06-17,11409.157,辛卯,甲午,癸卯,-0.002346102701935582,癸,卯,水,木,6,24,2011-06
2011-06-20,11328.67,辛卯,甲午,丙午,-0.007054596584129658,丙,午,火,火,6,25,2011-06
2011-06-21,11509.982,辛卯,甲午,丁未,0.0160047031116628,丁,未,火,土,6,25,2011-06
2011-06-22,11543.654,辛卯,甲午,戊申,0.002925460700112348,戊,申,土,金,6,25,2011-06
2011-06-23,11775.317,辛卯,甲午,己酉,0.020068428939398197,己,酉,土,金,6,25,2011-06
2011-06-24,11996.08,辛卯,甲午,庚戌,0.01874794538440039,庚,戌,金,土,6,25,2011-06
2011-06-27,12026.293,辛卯,甲午,癸丑,0.002518572733759772,癸,丑,水,土,6,26,2011-06
2011-06-28,12047.09,辛卯,甲午,甲寅,0.0017292943054023624,甲,寅,木,木,6,26,2011-06
2011-06-29,11913.201,辛卯,甲午,乙卯,-0.011113804246502768,乙,卯,木,木,6,26,2011-06
2011-06-30,12110.931,辛卯,甲午,丙辰,0.016597554259346614,丙,辰,火,土,6,26,2011-06
2011-07-01,12178.083,辛卯,甲午,丁巳,0.0055447430094350825,丁,巳,火,火,7,26,2011-07
2011-07-04,12441.168,辛卯,甲午,庚申,0.021603153796865948,庚,申,金,金,7,27,2011-07
2011-07-05,12440.37,辛卯,甲午,辛酉,-6.41418876425881e-05,辛,酉,金,金,7,27,2011-07
2011-07-06,12425.68,辛卯,甲午,壬戌,-0.0011808330459625038,壬,戌,水,土,7,27,2011-07
2011-07-07,12392.927,辛卯,乙未,癸亥,-0.002635912078856051,癸,亥,水,水,7,27,2011-07
2011-07-08,12404.341,辛卯,乙未,甲子,0.0009210092175964135,甲,子,木,水,7,27,2011-07
2011-07-11,12438.564,辛卯,乙未,丁卯,0.0027589534986178776,丁,卯,火,木,7,28,2011-07
2011-07-12,12268.188,辛卯,乙未,戊辰,-0.013697401082633065,戊,辰,土,土,7,28,2011-07
2011-07-13,12479.154,辛卯,乙未,己巳,0.017196182516929115,己,巳,土,火,7,28,2011-07
2011-07-14,12440.829,辛卯,乙未,庚午,-0.0030711216481502657,庚,午,金,火,7,28,2011-07
2011-07-15,12506.936,辛卯,乙未,辛未,0.005313713418936938,辛,未,金,土,7,28,2011-07
2011-07-18,12490.55,辛卯,乙未,甲戌,-0.001310153022290983,甲,戌,木,土,7,29,2011-07
2011-07-19,12381.463,辛卯,乙未,乙亥,-0.008733562573305376,乙,亥,木,水,7,29,2011-07
2011-07-20,12393.988,辛卯,乙未,丙子,0.0010115928949592234,丙,子,火,水,7,29,2011-07
2011-07-21,12301.405,辛卯,乙未,丁丑,-0.007469992709368323,丁,丑,火,土,7,29,2011-07
2011-07-22,12352.502,辛卯,乙未,戊寅,0.004153753168845364,戊,寅,土,木,7,29,2011-07
2011-07-25,11966.244,辛卯,乙未,辛巳,-0.03126961647122173,辛,巳,金,火,7,30,2011-07
2011-07-26,12008.533,辛卯,乙未,壬午,0.0035340245443766793,壬,午,水,火,7,30,2011-07
2011-07-27,12116.861,辛卯,乙未,癸未,0.009020918708388503,癸,未,水,土,7,30,2011-07
2011-07-28,12085.922,辛卯,乙未,甲申,-0.0025533840819004228,甲,申,木,金,7,30,2011-07
2011-07-29,11990.428,辛卯,乙未,乙酉,-0.007901259002002559,乙,酉,木,金,7,30,2011-07
2011-08-01,12002.416,辛卯,乙未,戊子,0.0009997975051432295,戊,子,土,水,8,31,2011-08
2011-08-02,11932.042,辛卯,乙未,己丑,-0.005863319518336962,己,丑,土,土,8,31,2011-08
2011-08-03,11922.369,辛卯,乙未,庚寅,-0.0008106743171033548,庚,寅,金,木,8,31,2011-08
2011-08-04,11934.414,辛卯,乙未,辛卯,0.0010102857913556473,辛,卯,金,木,8,31,2011-08
2011-08-05,11701.763,辛卯,乙未,壬辰,-0.019494128492609675,壬,辰,水,土,8,31,2011-08
2011-08-08,11312.626,辛卯,丙申,乙未,-0.0332545617271518,乙,未,木,土,8,32,2011-08
2011-08-09,11315.081,辛卯,丙申,丙申,0.00021701415745556396,丙,申,火,金,8,32,2011-08
2011-08-10,11449.582,辛卯,丙申,丁酉,0.01188687911292896,丁,酉,火,金,8,32,2011-08
2011-08-11,11627.494,辛卯,丙申,戊戌,0.015538733204408794,戊,戌,土,土,8,32,2011-08
2011-08-12,11651.29,辛卯,丙申,己亥,0.002046528684512827,己,亥,土,水,8,32,2011-08
2011-08-15,11767.742,辛卯,丙申,壬寅,0.009994773110960198,壬,寅,水,木,8,33,2011-08
2011-08-16,11665.412,辛卯,丙申,癸卯,-0.00869580587337826,癸,卯,水,木,8,33,2011-08
2011-08-17,11598.283,辛卯,丙申,甲辰,-0.005754533144650242,甲,辰,木,土,8,33,2011-08
2011-08-18,11414.159,辛卯,丙申,乙巳,-0.01587510841044315,乙,巳,木,火,8,33,2011-08
2011-08-19,11301.532,辛卯,丙申,丙午,-0.009867306036301038,丙,午,火,火,8,33,2011-08
2011-08-22,11112.638,辛卯,丙申,己酉,-0.016714017179263685,己,酉,土,金,8,34,2011-08
2011-08-23,11243.419,辛卯,丙申,庚戌,0.011768672748990738,庚,戌,金,土,8,34,2011-08
2011-08-24,11238.952,辛卯,丙申,辛亥,-0.00039729907779839646,辛,亥,金,水,8,34,2011-08
2011-08-25,11598.929,辛卯,丙申,壬子,0.03202940985956704,壬,子,水,水,8,34,2011-08
2011-08-26,11568.169,辛卯,丙申,癸丑,-0.002651968987826381,癸,丑,水,土,8,34,2011-08
2011-08-29,11372.381,辛卯,丙申,丙辰,-0.016924718164127883,丙,辰,火,土,8,35,2011-08
2011-08-30,11344.452,辛卯,丙申,丁巳,-0.002455862145315013,丁,巳,火,火,8,35,2011-08
2011-08-31,11397.481,辛卯,丙申,戊午,0.004674443507716397,戊,午,土,火,8,35,2011-08
2011-09-01,11352.864,辛卯,丙申,己未,-0.00391463692722982,己,未,土,土,9,35,2011-09
2011-09-02,11228.295,辛卯,丙申,庚申,-0.010972473553809814,庚,申,金,金,9,35,2011-09
2011-09-05,10954.899,辛卯,丙申,癸亥,-0.02434884370244994,癸,亥,水,水,9,36,2011-09
2011-09-06,10778.434,辛卯,丙申,甲子,-0.01610831829668169,甲,子,木,水,9,36,2011-09
2011-09-07,11011.18,辛卯,丙申,乙丑,0.021593674925318496,乙,丑,木,土,9,36,2011-09
2011-09-08,10933.314,辛卯,丁酉,丙寅,-0.007071540016601263,丙,寅,火,木,9,36,2011-09
2011-09-09,10892.393,辛卯,丁酉,丁卯,-0.003742781008576168,丁,卯,火,木,9,36,2011-09
2011-09-13,10775.299,辛卯,丁酉,辛未,-0.010750071173524445,辛,未,金,土,9,37,2011-09
2011-09-14,10822.403,辛卯,丁酉,壬申,0.004371479622050423,壬,申,水,金,9,37,2011-09
2011-09-15,10848.02,辛卯,丁酉,癸酉,0.002367034382290134,癸,酉,水,金,9,37,2011-09
2011-09-16,10878.228,辛卯,丁酉,甲戌,0.0027846556330093364,甲,戌,木,土,9,37,2011-09
2011-09-19,10657.625,辛卯,丁酉,丁丑,-0.0202793138735462,丁,丑,火,土,9,38,2011-09
2011-09-20,10679.299,辛卯,丁酉,戊寅,0.002033661345750115,戊,寅,土,木,9,38,2011-09
2011-09-21,10991.849,辛卯,丁酉,己卯,0.029266902256412042,己,卯,土,木,9,38,2011-09
2011-09-22,10660.465,辛卯,丁酉,庚辰,-0.030148157966871647,庚,辰,金,土,9,38,2011-09
2011-09-23,10538.397,辛卯,丁酉,辛巳,-0.011450532411109604,辛,巳,金,火,9,38,2011-09
2011-09-26,10328.473,辛卯,丁酉,甲申,-0.019919917611758264,甲,申,木,金,9,39,2011-09
2011-09-27,10448.661,辛卯,丁酉,乙酉,0.011636570091241971,乙,酉,木,金,9,39,2011-09
2011-09-28,10369.932,辛卯,丁酉,丙戌,-0.007534841067195042,丙,戌,火,土,9,39,2011-09
2011-09-29,10287.902,辛卯,丁酉,丁亥,-0.007910370096930297,丁,亥,火,水,9,39,2011-09
2011-09-30,10292.334,辛卯,丁酉,戊子,0.0004307972607049404,戊,子,土,水,9,39,2011-09
2011-10-10,10170.746,辛卯,戊戌,戊戌,-0.011813452614343967,戊,戌,土,土,10,41,2011-10
2011-10-11,10065.472,辛卯,戊戌,己亥,-0.010350666509614914,己,亥,土,水,10,41,2011-10
2011-10-12,10425.931,辛卯,戊戌,庚子,0.03581143537034337,庚,子,金,水,10,41,2011-10
2011-10-13,10481.84,辛卯,戊戌,辛丑,0.005362494725890565,辛,丑,金,土,10,41,2011-10
2011-10-14,10438.261,辛卯,戊戌,壬寅,-0.004157571571403507,壬,寅,水,木,10,41,2011-10
2011-10-17,10513.489,辛卯,戊戌,乙巳,0.007206947594048385,乙,巳,木,火,10,42,2011-10
2011-10-18,10226.927,辛卯,戊戌,丙午,-0.02725660339778735,丙,午,火,火,10,42,2011-10
2011-10-19,10105.74,辛卯,戊戌,丁未,-0.011849796131330526,丁,未,火,土,10,42,2011-10
2011-10-20,9796.234,辛卯,戊戌,戊申,-0.03062675271677273,戊,申,土,金,10,42,2011-10
2011-10-21,9697.212,辛卯,戊戌,己酉,-0.010108170139668027,己,酉,土,金,10,42,2011-10
2011-10-24,9957.622,辛卯,戊戌,壬子,0.026854110232920503,壬,子,水,水,10,43,2011-10
2011-10-25,10203.4,辛卯,戊戌,癸丑,0.02468239907078229,癸,丑,水,土,10,43,2011-10
2011-10-26,10315.748,辛卯,戊戌,甲寅,0.011010839524080218,甲,寅,木,木,10,43,2011-10
2011-10-27,10323.288,辛卯,戊戌,乙卯,0.0007309213059489839,乙,卯,木,木,10,43,2011-10
2011-10-28,10561.993,辛卯,戊戌,丙辰,0.023122962374003242,丙,辰,火,土,10,43,2011-10
2011-10-31,10480.912,辛卯,戊戌,己未,-0.007676676172764019,己,未,土,土,10,44,2011-10
2011-11-01,10441.702,辛卯,戊戌,庚申,-0.003741086653527903,庚,申,金,金,11,44,2011-11
2011-11-02,10581.751,辛卯,戊戌,辛酉,0.013412468580313863,辛,酉,金,金,11,44,2011-11
2011-11-03,10624.117,辛卯,戊戌,壬戌,0.004003685212400132,壬,戌,水,土,11,44,2011-11
2011-11-04,10699.488,辛卯,戊戌,癸亥,0.007094330757087874,癸,亥,水,水,11,44,2011-11
2011-11-07,10591.66,辛卯,戊戌,丙寅,-0.010077865408139153,丙,寅,火,木,11,45,2011-11
2011-11-08,10541.102,辛卯,己亥,丁卯,-0.004773378299529951,丁,卯,火,木,11,45,2011-11
2011-11-09,10625.881,辛卯,己亥,戊辰,0.008042707489216872,戊,辰,土,土,11,45,2011-11
2011-11-10,10477.553,辛卯,己亥,己巳,-0.013959124895149833,己,巳,土,火,11,45,2011-11
2011-11-11,10418.934,辛卯,己亥,庚午,-0.0055947223554966286,庚,午,金,火,11,45,2011-11
2011-11-14,10645.684,辛卯,己亥,癸酉,0.021763262921139503,癸,酉,水,金,11,46,2011-11
2011-11-15,10582.998,辛卯,己亥,甲戌,-0.005888395710411776,甲,戌,木,土,11,46,2011-11
2011-11-16,10313.332,辛卯,己亥,乙亥,-0.02548105933687217,乙,亥,木,水,11,46,2011-11
2011-11-17,10303.16,辛卯,己亥,丙子,-0.0009862961843951634,丙,子,火,水,11,46,2011-11
2011-11-18,10025.168,辛卯,己亥,丁丑,-0.026981236824430543,丁,丑,火,土,11,46,2011-11
2011-11-21,10033.793,辛卯,己亥,庚辰,0.0008603347096027836,庚,辰,金,土,11,47,2011-11
2011-11-22,10028.204,辛卯,己亥,辛巳,-0.000557017670187121,辛,巳,金,火,11,47,2011-11
2011-11-23,9957.318,辛卯,己亥,壬午,-0.0070686635413480525,壬,午,水,火,11,47,2011-11
2011-11-24,9966.743,辛卯,己亥,癸未,0.0009465400221224662,癸,未,水,土,11,47,2011-11
2011-11-25,9886.245,辛卯,己亥,甲申,-0.00807666054999101,甲,申,木,金,11,47,2011-11
2011-11-28,9884.696,辛卯,己亥,丁亥,-0.00015668233995824732,丁,亥,火,水,11,48,2011-11
2011-11-29,10012.937,辛卯,己亥,戊子,0.012973691856583036,戊,子,土,水,11,48,2011-11
2011-11-30,9693.385,辛卯,己亥,己丑,-0.031913912970789604,己,丑,土,土,11,48,2011-11
2011-12-01,9917.863,辛卯,己亥,庚寅,0.023157854557515067,庚,寅,金,木,12,48,2011-12
2011-12-02,9808.231,辛卯,己亥,辛卯,-0.011053994192095629,辛,卯,金,木,12,48,2011-12
2011-12-05,9586.084,辛卯,己亥,甲午,-0.02264903834340759,甲,午,木,火,12,49,2011-12
2011-12-06,9586.944,辛卯,己亥,乙未,8.971338035412835e-05,乙,未,木,土,12,49,2011-12
2011-12-07,9606.247,辛卯,庚子,丙申,0.002013467482442799,丙,申,火,金,12,49,2011-12
2011-12-08,9580.517,辛卯,庚子,丁酉,-0.0026784653777900402,丁,酉,火,金,12,49,2011-12
2011-12-09,9480.266,辛卯,庚子,戊戌,-0.010464049069585757,戊,戌,土,土,12,49,2011-12
2011-12-12,9376.279,辛卯,庚子,辛丑,-0.010968785053077523,辛,丑,金,土,12,50,2011-12
2011-12-13,9190.875,辛卯,庚子,壬寅,-0.019773729002731333,壬,寅,水,木,12,50,2011-12
2011-12-14,9093.025,辛卯,庚子,癸卯,-0.01064642920287795,癸,卯,水,木,12,50,2011-12
2011-12-15,8871.088,辛卯,庚子,甲辰,-0.02440738918016827,甲,辰,木,土,12,50,2011-12
2011-12-16,9081.94,辛卯,庚子,乙巳,0.023768448695357325,乙,巳,木,火,12,50,2011-12
2011-12-19,9054.08,辛卯,庚子,戊申,-0.0030676265203249953,戊,申,土,金,12,51,2011-12
2011-12-20,9031.669,辛卯,庚子,己酉,-0.0024752376829009215,己,酉,土,金,12,51,2011-12
2011-12-21,8884.253,辛卯,庚子,庚戌,-0.016322121636654252,庚,戌,金,土,12,51,2011-12
2011-12-22,8909.348,辛卯,庚子,辛亥,0.002824660666462364,辛,亥,金,水,12,51,2011-12
2011-12-23,8976.521,辛卯,庚子,壬子,0.007539608959039601,壬,子,水,水,12,51,2011-12
2011-12-26,8876.194,辛卯,庚子,乙卯,-0.011176601714628753,乙,卯,木,木,12,52,2011-12
2011-12-27,8711.552,辛卯,庚子,丙辰,-0.018548715812205074,丙,辰,火,土,12,52,2011-12
2011-12-28,8739.728,辛卯,庚子,丁巳,0.0032343260994136536,丁,巳,火,火,12,52,2011-12
2011-12-29,8781.319,辛卯,庚子,戊午,0.004758843753489783,戊,午,土,火,12,52,2011-12
2011-12-30,8918.816,辛卯,庚子,己未,0.015657898318009122,己,未,土,土,12,52,2011-12
2012-01-04,8695.987,辛卯,庚子,甲子,-0.02498414587765929,甲,子,木,水,1,1,2012-01
2012-01-05,8600.259,辛卯,庚子,乙丑,-0.011008296125557537,乙,丑,木,土,1,1,2012-01
2012-01-06,8634.418,辛卯,辛丑,丙寅,0.0039718571266282865,丙,寅,火,木,1,1,2012-01
2012-01-09,8946.085,辛卯,辛丑,己巳,0.036095889728757546,己,巳,土,火,1,2,2012-01
2012-01-10,9281.245,辛卯,辛丑,庚午,0.03746443276584133,庚,午,金,火,1,2,2012-01
2012-01-11,9239.213,辛卯,辛丑,辛未,-0.004528702776405602,辛,未,金,土,1,2,2012-01
2012-01-12,9200.926,辛卯,辛丑,壬申,-0.0041439676734371655,壬,申,水,金,1,2,2012-01
2012-01-13,9030.588,辛卯,辛丑,癸酉,-0.018513136612553938,癸,酉,水,金,1,2,2012-01
2012-01-16,8827.474,辛卯,辛丑,丙子,-0.022491780158722774,丙,子,火,水,1,3,2012-01
2012-01-17,9264.09,辛卯,辛丑,丁丑,0.04946103494612397,丁,丑,火,土,1,3,2012-01
2012-01-18,9115.269,辛卯,辛丑,戊寅,-0.016064286940217554,戊,寅,土,木,1,3,2012-01
2012-01-19,9300.217,辛卯,辛丑,己卯,0.020289911356428547,己,卯,土,木,1,3,2012-01
2012-01-20,9466.144,辛卯,辛丑,庚辰,0.017841196608638255,庚,辰,金,土,1,3,2012-01
2012-01-30,9274.852,辛卯,辛丑,庚寅,-0.02020801711869158,庚,寅,金,木,1,5,2012-01
2012-01-31,9303.649,辛卯,辛丑,辛卯,0.003104847387322085,辛,卯,金,木,1,5,2012-01
2012-02-01,9193.388,辛卯,辛丑,壬辰,-0.011851371435014246,壬,辰,水,土,2,5,2012-02
2012-02-02,9382.127,辛卯,辛丑,癸巳,0.020529863419231242,癸,巳,水,火,2,5,2012-02
2012-02-03,9436.992,辛卯,辛丑,甲午,0.005847821075114501,甲,午,木,火,2,5,2012-02
2012-02-06,9448.642,壬辰,壬寅,丁酉,0.0012345035367200552,丁,酉,火,金,2,6,2012-02
2012-02-07,9266.714,壬辰,壬寅,戊戌,-0.019254407141259033,戊,戌,土,土,2,6,2012-02
2012-02-08,9557.575,壬辰,壬寅,己亥,0.03138771737209112,己,亥,土,水,2,6,2012-02
2012-02-09,9560.727,壬辰,壬寅,庚子,0.0003297907680557266,庚,子,金,水,2,6,2012-02
2012-02-10,9590.954,壬辰,壬寅,辛丑,0.0031615796581159206,辛,丑,金,土,2,6,2012-02
2012-02-13,9585.076,壬辰,壬寅,甲辰,-0.0006128691681767107,甲,辰,木,土,2,7,2012-02
2012-02-14,9543.775,壬辰,壬寅,乙巳,-0.004308886022395542,乙,巳,木,火,2,7,2012-02
2012-02-15,9673.439,壬辰,壬寅,丙午,0.013586238149998264,丙,午,火,火,2,7,2012-02
2012-02-16,9622.83,壬辰,壬寅,丁未,-0.005231748502264821,丁,未,火,土,2,7,2012-02
2012-02-17,9615.339,壬辰,壬寅,戊申,-0.0007784612219066123,戊,申,土,金,2,7,2012-02
2012-02-20,9616.649,壬辰,壬寅,辛亥,0.00013624064632566935,辛,亥,金,水,2,8,2012-02
2012-02-21,9695.87,壬辰,壬寅,壬子,0.008237900749003213,壬,子,水,水,2,8,2012-02
2012-02-22,9862.535,壬辰,壬寅,癸丑,0.01718927749650101,癸,丑,水,土,2,8,2012-02
2012-02-23,9918.942,壬辰,壬寅,甲寅,0.00571932064119407,甲,寅,木,木,2,8,2012-02
2012-02-24,10124.154,壬辰,壬寅,乙卯,0.02068890008631974,乙,卯,木,木,2,8,2012-02
2012-02-27,10177.332,壬辰,壬寅,戊午,0.005252587030975642,戊,午,土,火,2,9,2012-02
2012-02-28,10161.86,壬辰,壬寅,己未,-0.0015202412577284274,己,未,土,土,2,9,2012-02
2012-02-29,10054.845,壬辰,壬寅,庚申,-0.010531044513504506,庚,申,金,金,2,9,2012-02
2012-03-01,10060.957,壬辰,壬寅,辛酉,0.0006078661580561917,辛,酉,金,金,3,9,2012-03
2012-03-02,10299.935,壬辰,壬寅,壬戌,0.023753008784353158,壬,戌,水,土,3,9,2012-03
2012-03-05,10226.438,壬辰,癸卯,乙丑,-0.007135676098926735,乙,丑,木,土,3,10,2012-03
2012-03-06,10093.814,壬辰,癸卯,丙寅,-0.012968738479615216,丙,寅,火,木,3,10,2012-03
2012-03-07,10054.865,壬辰,癸卯,丁卯,-0.0038586999918960307,丁,卯,火,木,3,10,2012-03
2012-03-08,10171.128,壬辰,癸卯,戊辰,0.011562860366598704,戊,辰,土,土,3,10,2012-03
2012-03-09,10334.384,壬辰,癸卯,己巳,0.016050923752016333,己,巳,土,火,3,10,2012-03
2012-03-12,10300.503,壬辰,癸卯,壬申,-0.0032784731049281257,壬,申,水,金,3,11,2012-03
2012-03-13,10427.243,壬辰,癸卯,癸酉,0.012304253491310035,癸,酉,水,金,3,11,2012-03
2012-03-14,10094.891,壬辰,癸卯,甲戌,-0.03187343001405074,甲,戌,木,土,3,11,2012-03
2012-03-15,10086.556,壬辰,癸卯,乙亥,-0.0008256651805352844,乙,亥,木,水,3,11,2012-03
2012-03-16,10279.302,壬辰,癸卯,丙子,0.019109198422137208,丙,子,火,水,3,11,2012-03
2012-03-19,10296.165,壬辰,癸卯,己卯,0.0016404810365528988,己,卯,土,木,3,12,2012-03
2012-03-20,10116.391,壬辰,癸卯,庚辰,-0.017460287398269325,庚,辰,金,土,3,12,2012-03
2012-03-21,10090.436,壬辰,癸卯,辛巳,-0.00256563827950107,辛,巳,金,火,3,12,2012-03
2012-03-22,10038.954,壬辰,癸卯,壬午,-0.0051020590190552495,壬,午,水,火,3,12,2012-03
2012-03-23,9885.25,壬辰,癸卯,癸未,-0.015310758471450248,癸,未,水,土,3,12,2012-03
2012-03-26,9946.136,壬辰,癸卯,丙戌,0.006159277711742295,丙,戌,火,土,3,13,2012-03
2012-03-27,9841.383,壬辰,癸卯,丁亥,-0.010532029724910297,丁,亥,火,水,3,13,2012-03
2012-03-28,9531.149,壬辰,癸卯,戊子,-0.03152341495092714,戊,子,土,水,3,13,2012-03
2012-03-29,9418.225,壬辰,癸卯,己丑,-0.01184788948320914,己,丑,土,土,3,13,2012-03
2012-03-30,9410.262,壬辰,癸卯,庚寅,-0.0008454884014769126,庚,寅,金,木,3,13,2012-03
2012-04-05,9709.026,壬辰,甲辰,丙申,0.0317487440838522,丙,申,火,金,4,14,2012-04
2012-04-06,9786.186,壬辰,甲辰,丁酉,0.007947244141688348,丁,酉,火,金,4,14,2012-04
2012-04-09,9710.909,壬辰,甲辰,庚子,-0.007692169349734379,庚,子,金,水,4,15,2012-04
2012-04-10,9795.968,壬辰,甲辰,辛丑,0.008759118224668905,辛,丑,金,土,4,15,2012-04
2012-04-11,9802.321,壬辰,甲辰,壬寅,0.0006485321307705405,壬,寅,水,木,4,15,2012-04
2012-04-12,10007.652,壬辰,甲辰,癸卯,0.020947181795005543,癸,卯,水,木,4,15,2012-04
2012-04-13,10043.715,壬辰,甲辰,甲辰,0.003603542569226015,甲,辰,木,土,4,15,2012-04
2012-04-16,10000.309,壬辰,甲辰,丁未,-0.004321707654986295,丁,未,火,土,4,16,2012-04
2012-04-17,9839.915,壬辰,甲辰,戊申,-0.016038904397853937,戊,申,土,金,4,16,2012-04
2012-04-18,10069.533,壬辰,甲辰,己酉,0.023335364177434315,己,酉,土,金,4,16,2012-04
2012-04-19,10015.406,壬辰,甲辰,庚戌,-0.0053753237612904625,庚,戌,金,土,4,16,2012-04
2012-04-20,10131.035,壬辰,甲辰,辛亥,0.01154511359799093,辛,亥,金,水,4,16,2012-04
2012-04-23,10076.051,壬辰,甲辰,甲寅,-0.005427283589485188,甲,寅,木,木,4,17,2012-04
2012-04-24,10041.887,壬辰,甲辰,乙卯,-0.003390614041155482,乙,卯,木,木,4,17,2012-04
2012-04-25,10162.006,壬辰,甲辰,丙辰,0.011961795626658445,丙,辰,火,土,4,17,2012-04
2012-04-26,10201.654,壬辰,甲辰,丁巳,0.0039015918707390185,丁,巳,火,火,4,17,2012-04
2012-04-27,10180.393,壬辰,甲辰,戊午,-0.0020840738178339313,戊,午,土,火,4,17,2012-04
2012-05-02,10424.942,壬辰,甲辰,癸亥,0.02402156773319053,癸,亥,水,水,5,18,2012-05
2012-05-03,10468.375,壬辰,甲辰,甲子,0.004166258191172778,甲,子,木,水,5,18,2012-05
2012-05-04,10573.597,壬辰,甲辰,乙丑,0.010051416767167698,乙,丑,木,土,5,18,2012-05
2012-05-07,10612.893,壬辰,乙巳,戊辰,0.003716426869682987,戊,辰,土,土,5,19,2012-05
2012-05-08,10524.68,壬辰,乙巳,己巳,-0.008311871230587187,己,巳,土,火,5,19,2012-05
2012-05-09,10294.577,壬辰,乙巳,庚午,-0.02186318253856656,庚,午,金,火,5,19,2012-05
2012-05-10,10277.617,壬辰,乙巳,辛未,-0.0016474693423537135,辛,未,金,土,5,19,2012-05
2012-05-11,10211.406,壬辰,乙巳,壬申,-0.006442252129068349,壬,申,水,金,5,19,2012-05
2012-05-14,10093.377,壬辰,乙巳,乙亥,-0.011558545414803834,乙,亥,木,水,5,20,2012-05
2012-05-15,10131.81,壬辰,乙巳,丙子,0.00380774442488363,丙,子,火,水,5,20,2012-05
2012-05-16,9916.466,壬辰,乙巳,丁丑,-0.02125424776027174,丁,丑,火,土,5,20,2012-05
2012-05-17,10079.478,壬辰,乙巳,戊寅,0.016438517512186168,戊,寅,土,木,5,20,2012-05
2012-05-18,9903.094,壬辰,乙巳,己卯,-0.01749931891314216,己,卯,土,木,5,20,2012-05
2012-05-21,9977.563,壬辰,乙巳,壬午,0.0075197710937613405,壬,午,水,火,5,21,2012-05
2012-05-22,10180.268,壬辰,乙巳,癸未,0.02031608319586664,癸,未,水,土,5,21,2012-05
2012-05-23,10143.201,壬辰,乙巳,甲申,-0.0036410632804559917,甲,申,木,金,5,21,2012-05
2012-05-24,9984.58,壬辰,乙巳,乙酉,-0.01563815998519591,乙,酉,木,金,5,21,2012-05
2012-05-25,9884.959,壬辰,乙巳,丙戌,-0.009977485282305243,丙,戌,火,土,5,21,2012-05
2012-05-28,10104.101,壬辰,乙巳,己丑,0.02216923712076091,己,丑,土,土,5,22,2012-05
2012-05-29,10214.736,壬辰,乙巳,庚寅,0.010949514459524856,庚,寅,金,木,5,22,2012-05
2012-05-30,10162.34,壬辰,乙巳,辛卯,-0.005129452195338224,辛,卯,金,木,5,22,2012-05
2012-05-31,10141.41,壬辰,乙巳,壬辰,-0.0020595650214418892,壬,辰,水,土,5,22,2012-05
2012-06-01,10145.804,壬辰,乙巳,癸巳,0.0004332730853007227,癸,巳,水,火,6,22,2012-06
2012-06-04,9874.518,壬辰,乙巳,丙申,-0.026738738497215198,丙,申,火,金,6,23,2012-06
2012-06-05,9847.119,壬辰,丙午,丁酉,-0.002774717712803798,丁,酉,火,金,6,23,2012-06
2012-06-06,9812.976,壬辰,丙午,戊戌,-0.0034673085599961073,戊,戌,土,土,6,23,2012-06
2012-06-07,9755.641,壬辰,丙午,己亥,-0.005842773894484288,己,亥,土,水,6,23,2012-06
2012-06-08,9707.183,壬辰,丙午,庚子,-0.004967177451486671,庚,子,金,水,6,23,2012-06
2012-06-11,9849.77,壬辰,丙午,癸卯,0.014688813428159309,癸,卯,水,木,6,24,2012-06
2012-06-12,9790.197,壬辰,丙午,甲辰,-0.006048161530675333,甲,辰,木,土,6,24,2012-06
2012-06-13,9950.046,壬辰,丙午,乙巳,0.016327454902082206,乙,巳,木,火,6,24,2012-06
2012-06-14,9885.293,壬辰,丙午,丙午,-0.006507809109626339,丙,午,火,火,6,24,2012-06
2012-06-15,9885.645,壬辰,丙午,丁未,3.560845389216638e-05,丁,未,火,土,6,24,2012-06
2012-06-18,9979.057,壬辰,丙午,庚戌,0.009449256978173892,庚,戌,金,土,6,25,2012-06
2012-06-19,9848.159,壬辰,丙午,辛亥,-0.013117271501706163,辛,亥,金,水,6,25,2012-06
2012-06-20,9821.788,壬辰,丙午,壬子,-0.0026777593659890186,壬,子,水,水,6,25,2012-06
2012-06-21,9682.686,壬辰,丙午,癸丑,-0.014162594427817088,癸,丑,水,土,6,25,2012-06
2012-06-25,9414.214,壬辰,丙午,丁巳,-0.027727017069437143,丁,巳,火,火,6,26,2012-06
2012-06-26,9446.59,壬辰,丙午,戊午,0.0034390550289169486,戊,午,土,火,6,26,2012-06
2012-06-27,9416.499,壬辰,丙午,己未,-0.003185382238458545,己,未,土,土,6,26,2012-06
2012-06-28,9383.267,壬辰,丙午,庚申,-0.0035291247840625317,庚,申,金,金,6,26,2012-06
2012-06-29,9500.317,壬辰,丙午,辛酉,0.012474333299904883,辛,酉,金,金,6,26,2012-06
2012-07-02,9566.45,壬辰,丙午,甲子,0.006961136138931012,甲,子,木,水,7,27,2012-07
2012-07-03,9607.326,壬辰,丙午,乙丑,0.004272849385090538,乙,丑,木,土,7,27,2012-07
2012-07-04,9569.159,壬辰,丙午,丙寅,-0.003972697501885447,丙,寅,火,木,7,27,2012-07
2012-07-05,9412.644,壬辰,丙午,丁卯,-0.016356191803271303,丁,卯,火,木,7,27,2012-07
2012-07-06,9690.16,壬辰,丙午,戊辰,0.029483320520780287,戊,辰,土,土,7,27,2012-07
2012-07-09,9496.678,壬辰,丁未,辛未,-0.019966852972499893,辛,未,金,土,7,28,2012-07
2012-07-10,9476.722,壬辰,丁未,壬申,-0.002101366393595705,壬,申,水,金,7,28,2012-07
2012-07-11,9588.293,壬辰,丁未,癸酉,0.01177316375852322,癸,酉,水,金,7,28,2012-07
2012-07-12,9753.487,壬辰,丁未,甲戌,0.017228718396486098,甲,戌,木,土,7,28,2012-07
2012-07-13,9792.488,壬辰,丁未,乙亥,0.003998672474777587,乙,亥,木,水,7,28,2012-07
2012-07-16,9540.886,壬辰,丁未,戊寅,-0.025693368222661994,戊,寅,土,木,7,29,2012-07
2012-07-17,9560.029,壬辰,丁未,己卯,0.0020064174333493945,己,卯,土,木,7,29,2012-07
2012-07-18,9514.165,壬辰,丁未,庚辰,-0.004797474986738992,庚,辰,金,土,7,29,2012-07
2012-07-19,9509.488,壬辰,丁未,辛巳,-0.0004915828136259348,辛,巳,金,火,7,29,2012-07
2012-07-20,9333.213,壬辰,丁未,壬午,-0.018536749822913645,壬,午,水,火,7,29,2012-07
2012-07-23,9186.024,壬辰,丁未,乙酉,-0.01577045332620186,乙,酉,木,金,7,30,2012-07
2012-07-24,9262.773,壬辰,丁未,丙戌,0.008354974905356194,丙,戌,火,土,7,30,2012-07
2012-07-25,9155.343,壬辰,丁未,丁亥,-0.011598038729870419,丁,亥,火,水,7,30,2012-07
2012-07-26,9081.898,壬辰,丁未,戊子,-0.008022091580839885,戊,子,土,水,7,30,2012-07
2012-07-27,9087.13,壬辰,丁未,己丑,0.0005760910329537516,己,丑,土,土,7,30,2012-07
2012-07-30,9071.06,壬辰,丁未,壬辰,-0.0017684351384870123,壬,辰,水,土,7,31,2012-07
2012-07-31,9059.224,壬辰,丁未,癸巳,-0.0013048089197954527,癸,巳,水,火,7,31,2012-07
2012-08-01,9165.974,壬辰,丁未,甲午,0.011783569983477626,甲,午,木,火,8,31,2012-08
2012-08-02,8995.623,壬辰,丁未,乙未,-0.018585149816047974,乙,未,木,土,8,31,2012-08
2012-08-03,9076.622,壬辰,丁未,丙申,0.009004267964542345,丙,申,火,金,8,31,2012-08
2012-08-06,9212.205,壬辰,丁未,己亥,0.01493760564227542,己,亥,土,水,8,32,2012-08
2012-08-07,9229.266,壬辰,戊申,庚子,0.0018519996027008823,庚,子,金,水,8,32,2012-08
2012-08-08,9210.669,壬辰,戊申,辛丑,-0.002015003143261862,辛,丑,金,土,8,32,2012-08
2012-08-09,9337.543,壬辰,戊申,壬寅,0.013774678039130572,壬,寅,水,木,8,32,2012-08
2012-08-10,9238.203,壬辰,戊申,癸卯,-0.010638772962009435,癸,卯,水,木,8,32,2012-08
2012-08-13,9039.22,壬辰,戊申,丙午,-0.021539145654192682,丙,午,火,火,8,33,2012-08
2012-08-14,9089.615,壬辰,戊申,丁未,0.005575149183226102,丁,未,火,土,8,33,2012-08
2012-08-15,9048.607,壬辰,戊申,戊申,-0.004511522215187358,戊,申,土,金,8,33,2012-08
2012-08-16,8973.384,壬辰,戊申,己酉,-0.00831321329349366,己,酉,土,金,8,33,2012-08
2012-08-17,8883.605,壬辰,戊申,庚戌,-0.01000503266103403,庚,戌,金,土,8,33,2012-08
2012-08-20,8838.629,壬辰,戊申,癸丑,-0.005062809523836198,癸,丑,水,土,8,34,2012-08
2012-08-21,8849.491,壬辰,戊申,甲寅,0.0012289236260509817,甲,寅,木,木,8,34,2012-08
2012-08-22,8726.024,壬辰,戊申,乙卯,-0.013951875876251019,乙,卯,木,木,8,34,2012-08
2012-08-23,8730.551,壬辰,戊申,丙辰,0.0005187929806289571,丙,辰,火,土,8,34,2012-08
2012-08-24,8579.279,壬辰,戊申,丁巳,-0.017326741462251216,丁,巳,火,火,8,34,2012-08
2012-08-27,8402.146,壬辰,戊申,庚申,-0.020646606783623622,庚,申,金,金,8,35,2012-08
2012-08-28,8400.357,壬辰,戊申,辛酉,-0.00021292179402743194,辛,酉,金,金,8,35,2012-08
2012-08-29,8270.907,壬辰,戊申,壬戌,-0.015410059358191619,壬,戌,水,土,8,35,2012-08
2012-08-30,8220.077,壬辰,戊申,癸亥,-0.006145637957239769,癸,亥,水,水,8,35,2012-08
2012-08-31,8210.994,壬辰,戊申,甲子,-0.0011049774837873505,甲,子,木,水,8,35,2012-08
2012-09-03,8361.671,壬辰,戊申,丁卯,0.018350640616714653,丁,卯,火,木,9,36,2012-09
2012-09-04,8243.832,壬辰,戊申,戊辰,-0.014092757296956582,戊,辰,土,土,9,36,2012-09
2012-09-05,8242.588,壬辰,戊申,己巳,-0.00015090069763679104,己,巳,土,火,9,36,2012-09
2012-09-06,8288.265,壬辰,戊申,庚午,0.005541584754691131,庚,午,金,火,9,36,2012-09
2012-09-07,8709.066,壬辰,己酉,辛未,0.05077069808940737,辛,未,金,土,9,36,2012-09
2012-09-10,8769.537,壬辰,己酉,甲戌,0.006943454097144253,甲,戌,木,土,9,37,2012-09
2012-09-11,8739.47,壬辰,己酉,乙亥,-0.0034285732530692226,乙,亥,木,水,9,37,2012-09
2012-09-12,8786.728,壬辰,己酉,丙子,0.005407421731523643,丙,子,火,水,9,37,2012-09
2012-09-13,8691.002,壬辰,己酉,丁丑,-0.010894385259222594,丁,丑,火,土,9,37,2012-09
2012-09-14,8740.051,壬辰,己酉,戊寅,0.005643653056344844,戊,寅,土,木,9,37,2012-09
2012-09-17,8483.692,壬辰,己酉,辛巳,-0.02933152220736479,辛,巳,金,火,9,38,2012-09
2012-09-18,8390.15,壬辰,己酉,壬午,-0.011026095713988604,壬,午,水,火,9,38,2012-09
2012-09-19,8431.743,壬辰,己酉,癸未,0.004957360714647585,癸,未,水,土,9,38,2012-09
2012-09-20,8202.204,壬辰,己酉,甲申,-0.027223196911955294,甲,申,木,金,9,38,2012-09
2012-09-21,8201.528,壬辰,己酉,乙酉,-8.241687234300521e-05,乙,酉,木,金,9,38,2012-09
2012-09-24,8310.937,壬辰,己酉,戊子,0.013340075166481169,戊,子,土,水,9,39,2012-09
2012-09-25,8284.247,壬辰,己酉,己丑,-0.0032114309132653673,己,丑,土,土,9,39,2012-09
2012-09-26,8193.373,壬辰,己酉,庚寅,-0.01096949427026983,庚,寅,金,木,9,39,2012-09
2012-09-27,8486.274,壬辰,己酉,辛卯,0.03574852505799497,辛,卯,金,木,9,39,2012-09
2012-09-28,8679.219,壬辰,己酉,壬辰,0.022736126596902162,壬,辰,水,土,9,39,2012-09
2012-10-08,8540.075,壬辰,庚戌,壬寅,-0.016031857244297898,壬,寅,水,木,10,41,2012-10
2012-10-09,8743.864,壬辰,庚戌,癸卯,0.023862670995278057,癸,卯,水,木,10,41,2012-10
2012-10-10,8773.68,壬辰,庚戌,甲辰,0.003409934097785783,甲,辰,木,土,10,41,2012-10
2012-10-11,8665.089,壬辰,庚戌,乙巳,-0.012376904560002178,乙,巳,木,火,10,41,2012-10
2012-10-12,8650.191,壬辰,庚戌,丙午,-0.0017193129810898489,丙,午,火,火,10,41,2012-10
2012-10-15,8621.965,壬辰,庚戌,己酉,-0.0032630493361360813,己,酉,土,金,10,42,2012-10
2012-10-16,8645.54,壬辰,庚戌,庚戌,0.0027342954883256,庚,戌,金,土,10,42,2012-10
2012-10-17,8641.181,壬辰,庚戌,辛亥,-0.0005041906000088359,辛,亥,金,水,10,42,2012-10
2012-10-18,8798.198,壬辰,庚戌,壬子,0.018170780128318187,壬,子,水,水,10,42,2012-10
2012-10-19,8796.418,壬辰,庚戌,癸丑,-0.00020231415569427202,癸,丑,水,土,10,42,2012-10
2012-10-22,8829.443,壬辰,庚戌,丙辰,0.0037543691079708896,丙,辰,火,土,10,43,2012-10
2012-10-23,8686.475,壬辰,庚戌,丁巳,-0.01619218788772958,丁,巳,火,火,10,43,2012-10
2012-10-24,8653.907,壬辰,庚戌,戊午,-0.0037492768931012277,戊,午,土,火,10,43,2012-10
2012-10-25,8602.805,壬辰,庚戌,己未,-0.005905078480736958,己,未,土,土,10,43,2012-10
2012-10-26,8414.85,壬辰,庚戌,庚申,-0.021848106518745913,庚,申,金,金,10,43,2012-10
2012-10-29,8376.555,壬辰,庚戌,癸亥,-0.004550883259951122,癸,亥,水,水,10,44,2012-10
2012-10-30,8394.236,壬辰,庚戌,甲子,0.0021107722685520525,甲,子,木,水,10,44,2012-10
2012-10-31,8469.796,壬辰,庚戌,乙丑,0.009001414780332562,乙,丑,木,土,10,44,2012-10
2012-11-01,8663.147,壬辰,庚戌,丙寅,0.022828294801905624,丙,寅,火,木,11,44,2012-11
2012-11-02,8679.685,壬辰,庚戌,丁卯,0.0019090060459552305,丁,卯,火,木,11,44,2012-11
2012-11-05,8654.74,壬辰,庚戌,庚午,-0.0028739522229205283,庚,午,金,火,11,45,2012-11
2012-11-06,8589.865,壬辰,庚戌,辛未,-0.007495892424266959,辛,未,金,土,11,45,2012-11
2012-11-07,8561.198,壬辰,辛亥,壬申,-0.0033373050682402594,壬,申,水,金,11,45,2012-11
2012-11-08,8399.38,壬辰,辛亥,癸酉,-0.018901326660124118,癸,酉,水,金,11,45,2012-11
2012-11-09,8356.671,壬辰,辛亥,甲戌,-0.005084780067100114,甲,戌,木,土,11,45,2012-11
2012-11-12,8391.903,壬辰,辛亥,丁丑,0.004216032915499435,丁,丑,火,土,11,46,2012-11
2012-11-13,8234.6,壬辰,辛亥,戊寅,-0.018744616090057287,戊,寅,土,木,11,46,2012-11
2012-11-14,8283.564,壬辰,辛亥,己卯,0.005946129745221462,己,卯,土,木,11,46,2012-11
2012-11-15,8186.064,壬辰,辛亥,庚辰,-0.01177029597405177,庚,辰,金,土,11,46,2012-11
2012-11-16,8118.147,壬辰,辛亥,辛巳,-0.008296661252587323,辛,巳,金,火,11,46,2012-11
2012-11-19,8060.544,壬辰,辛亥,甲申,-0.007095584743661343,甲,申,木,金,11,47,2012-11
2012-11-20,8052.788,壬辰,辛亥,乙酉,-0.0009622179346704396,乙,酉,木,金,11,47,2012-11
2012-11-21,8150.84,壬辰,辛亥,丙戌,0.012176155637029229,丙,戌,火,土,11,47,2012-11
2012-11-22,8047.519,壬辰,辛亥,丁亥,-0.012676116817407768,丁,亥,火,水,11,47,2012-11
2012-11-23,8114.742,壬辰,辛亥,戊子,0.00835325769345796,戊,子,土,水,11,47,2012-11
2012-11-26,8016.072,壬辰,辛亥,辛卯,-0.01215935146182101,辛,卯,金,木,11,48,2012-11
2012-11-27,7936.741,壬辰,辛亥,壬辰,-0.009896492945672186,壬,辰,水,土,11,48,2012-11
2012-11-28,7854.063,壬辰,辛亥,癸巳,-0.010417122090792708,癸,巳,水,火,11,48,2012-11
2012-11-29,7808.961,壬辰,辛亥,甲午,-0.005742505503202544,甲,午,木,火,11,48,2012-11
2012-11-30,7903.251,壬辰,辛亥,乙未,0.012074589692534055,乙,未,木,土,11,48,2012-11
2012-12-03,7710.875,壬辰,辛亥,戊戌,-0.024341375466880644,戊,戌,土,土,12,49,2012-12
2012-12-04,7801.746,壬辰,辛亥,己亥,0.011784784476470023,己,亥,土,水,12,49,2012-12
2012-12-05,8091.678,壬辰,辛亥,庚子,0.03716245055914413,庚,子,金,水,12,49,2012-12
2012-12-06,8071.491,壬辰,辛亥,辛丑,-0.0024947853832048006,辛,丑,金,土,12,49,2012-12
2012-12-07,8189.68,壬辰,壬子,壬寅,0.014642771701040225,壬,寅,水,木,12,49,2012-12
2012-12-10,8265.793,壬辰,壬子,乙巳,0.009293769719940226,乙,巳,木,火,12,50,2012-12
2012-12-11,8220.543,壬辰,壬子,丙午,-0.0054743688839050675,丙,午,火,火,12,50,2012-12
2012-12-12,8246.064,壬辰,壬子,丁未,0.0031045394446571617,丁,未,火,土,12,50,2012-12
2012-12-13,8171.349,壬辰,壬子,戊申,-0.009060686407478813,戊,申,土,金,12,50,2012-12
2012-12-14,8530.898,壬辰,壬子,己酉,0.04400118022128274,己,酉,土,金,12,50,2012-12
2012-12-17,8600.334,壬辰,壬子,壬子,0.008139354145366928,壬,子,水,水,12,51,2012-12
2012-12-18,8592.634,壬辰,壬子,癸丑,-0.0008953140657096403,癸,丑,水,土,12,51,2012-12
2012-12-19,8639.564,壬辰,壬子,甲寅,0.005461654714957076,甲,寅,木,木,12,51,2012-12
2012-12-20,8693.226,壬辰,壬子,乙卯,0.0062111930648351965,乙,卯,木,木,12,51,2012-12
2012-12-21,8658.348,壬辰,壬子,丙辰,-0.004012089413067188,丙,辰,火,土,12,51,2012-12
2012-12-24,8631.371,壬辰,壬子,己未,-0.0031157213824162255,己,未,土,土,12,52,2012-12
2012-12-25,8891.571,壬辰,壬子,庚申,0.030145848208818826,庚,申,金,金,12,52,2012-12
2012-12-26,8940.68,壬辰,壬子,辛酉,0.0055230959748282515,辛,酉,金,金,12,52,2012-12
2012-12-27,8939.85,壬辰,壬子,壬戌,-9.283410210403353e-05,壬,戌,水,土,12,52,2012-12
2012-12-28,9026.99,壬辰,壬子,癸亥,0.009747367125846562,癸,亥,水,水,12,52,2012-12
2012-12-31,9116.484,壬辰,壬子,丙寅,0.00991404665342488,丙,寅,火,木,12,1,2012-12
2013-01-04,9096.065,壬辰,壬子,庚午,-0.0022397889361731593,庚,午,金,火,1,1,2013-01
2013-01-07,9108.465,壬辰,癸丑,癸酉,0.0013632268458942942,癸,酉,水,金,1,2,2013-01
2013-01-08,9110.451,壬辰,癸丑,甲戌,0.00021803893411220798,甲,戌,木,土,1,2,2013-01
2013-01-09,9154.874,壬辰,癸丑,乙亥,0.004876048397604027,乙,亥,木,水,1,2,2013-01
2013-01-10,9170.055,壬辰,癸丑,丙子,0.0016582423744990749,丙,子,火,水,1,2,2013-01
2013-01-11,9017.733,壬辰,癸丑,丁丑,-0.016610805496804604,丁,丑,火,土,1,2,2013-01
2013-01-14,9316.273,壬辰,癸丑,庚辰,0.033105881489283284,庚,辰,金,土,1,3,2013-01
2013-01-15,9381.693,壬辰,癸丑,辛巳,0.007022121399834491,辛,巳,金,火,1,3,2013-01
2013-01-16,9355.477,壬辰,癸丑,壬午,-0.0027943783707267134,壬,午,水,火,1,3,2013-01
2013-01-17,9309.23,壬辰,癸丑,癸未,-0.004943307540599129,癸,未,水,土,1,3,2013-01
2013-01-18,9432.295,壬辰,癸丑,甲申,0.01321967552633252,甲,申,木,金,1,3,2013-01
2013-01-21,9562.846,壬辰,癸丑,丁亥,0.01384085209379049,丁,亥,火,水,1,4,2013-01
2013-01-22,9536.356,壬辰,癸丑,戊子,-0.0027700958480352256,戊,子,土,水,1,4,2013-01
2013-01-23,9548.311,壬辰,癸丑,己丑,0.0012536235014717345,己,丑,土,土,1,4,2013-01
2013-01-24,9444.082,壬辰,癸丑,庚寅,-0.010915961995791701,庚,寅,金,木,1,4,2013-01
2013-01-25,9357.13,壬辰,癸丑,辛卯,-0.009207035686475518,辛,卯,金,木,1,4,2013-01
2013-01-28,9618.919,壬辰,癸丑,甲午,0.027977488824030505,甲,午,木,火,1,5,2013-01
2013-01-29,9704.656,壬辰,癸丑,乙未,0.008913371658499258,乙,未,木,土,1,5,2013-01
2013-01-30,9783.841,壬辰,癸丑,丙申,0.008159485508811404,丙,申,火,金,1,5,2013-01
2013-01-31,9667.672,壬辰,癸丑,丁酉,-0.011873557634470955,丁,酉,火,金,1,5,2013-01
2013-02-01,9820.294,壬辰,癸丑,戊戌,0.015786840927164203,戊,戌,土,土,2,5,2013-02
2013-02-04,9760.831,癸巳,甲寅,辛丑,-0.006055114032227471,辛,丑,金,土,2,6,2013-02
2013-02-05,9945.976,癸巳,甲寅,壬寅,0.01896815957575737,壬,寅,水,木,2,6,2013-02
2013-02-06,9922.718,癸巳,甲寅,癸卯,-0.0023384331512563694,癸,卯,水,木,2,6,2013-02
2013-02-07,9904.775,癸巳,甲寅,甲辰,-0.0018082747086031192,甲,辰,木,土,2,6,2013-02
2013-02-08,9989.093,癸巳,甲寅,乙巳,0.008512863745012034,乙,巳,木,火,2,6,2013-02
2013-02-18,9795.908,癸巳,甲寅,乙卯,-0.01933959369484306,乙,卯,木,木,2,8,2013-02
2013-02-19,9550.931,癸巳,甲寅,丙辰,-0.025008095216900617,丙,辰,火,土,2,8,2013-02
2013-02-20,9645.871,癸巳,甲寅,丁巳,0.009940392198414916,丁,巳,火,火,2,8,2013-02
2013-02-21,9396.108,癸巳,甲寅,戊午,-0.025893255259167303,戊,午,土,火,2,8,2013-02
2013-02-22,9364.54,癸巳,甲寅,己未,-0.003359688926521387,己,未,土,土,2,8,2013-02
2013-02-25,9342.37,癸巳,甲寅,壬戌,-0.002367441433321904,壬,戌,水,土,2,9,2013-02
2013-02-26,9208.032,癸巳,甲寅,癸亥,-0.014379434768693744,癸,亥,水,水,2,9,2013-02
2013-02-27,9333.237,癸巳,甲寅,甲子,0.013597368036948554,甲,子,木,水,2,9,2013-02
2013-02-28,9641.436,癸巳,甲寅,乙丑,0.03302166225929981,乙,丑,木,土,2,9,2013-02
2013-03-01,9650.144,癸巳,甲寅,丙寅,0.0009031849612444187,丙,寅,火,木,3,9,2013-03
2013-03-04,9139.751,癸巳,甲寅,己巳,-0.052889677086683906,己,巳,土,火,3,10,2013-03
2013-03-05,9341.353,癸巳,乙卯,庚午,0.022057712513174454,庚,午,金,火,3,10,2013-03
2013-03-06,9431.165,癸巳,乙卯,辛未,0.009614453066916662,辛,未,金,土,3,10,2013-03
2013-03-07,9393.692,癸巳,乙卯,壬申,-0.003973316127965254,壬,申,水,金,3,10,2013-03
2013-03-08,9285.833,癸巳,乙卯,癸酉,-0.011482066901916554,癸,酉,水,金,3,10,2013-03
2013-03-11,9277.158,癸巳,乙卯,丙子,-0.0009342188256025175,丙,子,火,水,3,11,2013-03
2013-03-12,9163.643,癸巳,乙卯,丁丑,-0.012235967092508182,丁,丑,火,土,3,11,2013-03
2013-03-13,9073.221,癸巳,乙卯,戊寅,-0.009867473012643568,戊,寅,土,木,3,11,2013-03
2013-03-14,9087.253,癸巳,乙卯,己卯,0.0015465290661387243,己,卯,土,木,3,11,2013-03
2013-03-15,9099.287,癸巳,乙卯,庚辰,0.001324272582704511,庚,辰,金,土,3,11,2013-03
2013-03-18,8999.018,癸巳,乙卯,癸未,-0.011019434819453444,癸,未,水,土,3,12,2013-03
2013-03-19,9034.038,癸巳,乙卯,甲申,0.00389153572089751,甲,申,木,金,3,12,2013-03
2013-03-20,9317.97,癸巳,乙卯,乙酉,0.03142913501138689,乙,酉,木,金,3,12,2013-03
2013-03-21,9326.294,癸巳,乙卯,丙戌,0.0008933276239353471,丙,戌,火,土,3,12,2013-03
2013-03-22,9343.412,癸巳,乙卯,丁亥,0.00183545575552313,丁,亥,火,水,3,12,2013-03
2013-03-25,9313.128,癸巳,乙卯,庚寅,-0.0032412142373684505,庚,寅,金,木,3,13,2013-03
2013-03-26,9226.636,癸巳,乙卯,辛卯,-0.009287105256150285,辛,卯,金,木,3,13,2013-03
2013-03-27,9225.126,癸巳,乙卯,壬辰,-0.0001636566133095263,壬,辰,水,土,3,13,2013-03
2013-03-28,8959.262,癸巳,乙卯,癸巳,-0.0288195521665503,癸,巳,水,火,3,13,2013-03
2013-03-29,8889.769,癸巳,乙卯,甲午,-0.007756554055456832,甲,午,木,火,3,13,2013-03
2013-04-01,8937.755,癸巳,乙卯,丁酉,0.005397890541362749,丁,酉,火,金,4,14,2013-04
2013-04-02,8960.457,癸巳,乙卯,戊戌,0.0025400114458273837,戊,戌,土,土,4,14,2013-04
2013-04-03,8964.467,癸巳,乙卯,己亥,0.00044752181724661,己,亥,土,水,4,14,2013-04
2013-04-08,8953.836,癸巳,丙辰,甲辰,-0.0011859043041824169,甲,辰,木,土,4,15,2013-04
2013-04-09,8993.114,癸巳,丙辰,乙巳,0.004386723187693065,乙,巳,木,火,4,15,2013-04
2013-04-10,8962.299,癸巳,丙辰,丙午,-0.0034265105501830595,丙,午,火,火,4,15,2013-04
2013-04-11,8920.713,癸巳,丙辰,丁未,-0.004640104062584971,丁,未,火,土,4,15,2013-04
2013-04-12,8835.147,癸巳,丙辰,戊申,-0.00959183419531584,戊,申,土,金,4,15,2013-04
2013-04-15,8733.441,癸巳,丙辰,辛亥,-0.011511523237813681,辛,亥,金,水,4,16,2013-04
2013-04-16,8852.421,癸巳,丙辰,壬子,0.013623496168348792,壬,子,水,水,4,16,2013-04
2013-04-17,8894.368,癸巳,丙辰,癸丑,0.004738477756536907,癸,丑,水,土,4,16,2013-04
2013-04-18,8888.016,癸巳,丙辰,甲寅,-0.0007141597919043674,甲,寅,木,木,4,16,2013-04
2013-04-19,9111.186,癸巳,丙辰,乙卯,0.02510909071270806,乙,卯,木,木,4,16,2013-04
2013-04-22,9057.617,癸巳,丙辰,戊午,-0.005879476063818667,戊,午,土,火,4,17,2013-04
2013-04-23,8793.134,癸巳,丙辰,己未,-0.029200064431958217,己,未,土,土,4,17,2013-04
2013-04-24,8911.65,癸巳,丙辰,庚申,0.013478243365789622,庚,申,金,金,4,17,2013-04
2013-04-25,8772.576,癸巳,丙辰,辛酉,-0.015605864233896094,辛,酉,金,金,4,17,2013-04
2013-04-26,8691.386,癸巳,丙辰,壬戌,-0.00925497824128274,壬,戌,水,土,4,17,2013-04
2013-05-02,8718.197,癸巳,丙辰,戊辰,0.0030847784231420317,戊,辰,土,土,5,18,2013-05
2013-05-03,8847.675,癸巳,丙辰,己巳,0.014851465274299258,己,巳,土,火,5,18,2013-05
2013-05-06,8997.076,癸巳,丁巳,壬申,0.01688590505415255,壬,申,水,金,5,19,2013-05
2013-05-07,9022.902,癸巳,丁巳,癸酉,0.0028704881452596975,癸,酉,水,金,5,19,2013-05
2013-05-08,9074.838,癸巳,丁巳,甲戌,0.005756019515672506,甲,戌,木,土,5,19,2013-05
2013-05-09,9050.08,癸巳,丁巳,乙亥,-0.00272820297177756,乙,亥,木,水,5,19,2013-05
2013-05-10,9071.161,癸巳,丁巳,丙子,0.0023293716740626635,丙,子,火,水,5,19,2013-05
2013-05-13,9014.282,癸巳,丁巳,己卯,-0.00627031093373831,己,卯,土,木,5,20,2013-05
2013-05-14,8809.085,癸巳,丁巳,庚辰,-0.02276354345249021,庚,辰,金,土,5,20,2013-05
2013-05-15,8869.854,癸巳,丁巳,辛巳,0.006898446319907325,辛,巳,金,火,5,20,2013-05
2013-05-16,9061.328,癸巳,丁巳,壬午,0.021587052052942424,壬,午,水,火,5,20,2013-05
2013-05-17,9246.276,癸巳,丁巳,癸未,0.020410694767919235,癸,未,水,土,5,20,2013-05
2013-05-20,9307.151,癸巳,丁巳,丙戌,0.006583731655857905,丙,戌,火,土,5,21,2013-05
2013-05-21,9403.535,癸巳,丁巳,丁亥,0.0103559080539255,丁,亥,火,水,5,21,2013-05
2013-05-22,9405.061,癸巳,丁巳,戊子,0.00016227939811996883,戊,子,土,水,5,21,2013-05
2013-05-23,9265.676,癸巳,丁巳,己丑,-0.014820212224035623,己,丑,土,土,5,21,2013-05
2013-05-24,9304.86,癸巳,丁巳,庚寅,0.004228941309840861,庚,寅,金,木,5,21,2013-05
2013-05-27,9260.632,癸巳,丁巳,癸巳,-0.004753214986576992,癸,巳,水,火,5,22,2013-05
2013-05-28,9441.688,癸巳,丁巳,甲午,0.01955114942479086,甲,午,木,火,5,22,2013-05
2013-05-29,9404.401,癸巳,丁巳,乙未,-0.003949187899451867,乙,未,木,土,5,22,2013-05
2013-05-30,9379.193,癸巳,丁巳,丙申,-0.00268044716510929,丙,申,火,金,5,22,2013-05
2013-05-31,9257.949,癸巳,丁巳,丁酉,-0.012926911728972756,丁,酉,火,金,5,22,2013-05
2013-06-03,9251.242,癸巳,丁巳,庚子,-0.0007244585166757966,庚,子,金,水,6,23,2013-06
2013-06-04,9124.269,癸巳,丁巳,辛丑,-0.013724967955653922,辛,丑,金,土,6,23,2013-06
2013-06-05,9143.442,癸巳,戊午,壬寅,0.0021013190207346266,壬,寅,水,木,6,23,2013-06
2013-06-06,9001.089,癸巳,戊午,癸卯,-0.01556886345426578,癸,卯,水,木,6,23,2013-06
2013-06-07,8763.607,癸巳,戊午,甲辰,-0.02638369646161698,甲,辰,木,土,6,23,2013-06
2013-06-13,8432.425,癸巳,戊午,庚戌,-0.03779060380046717,庚,戌,金,土,6,24,2013-06
2013-06-14,8479.458,癸巳,戊午,辛亥,0.00557763632644237,辛,亥,金,水,6,24,2013-06
2013-06-17,8404.5,癸巳,戊午,甲寅,-0.008839951798806034,甲,寅,木,木,6,25,2013-06
2013-06-18,8470.865,癸巳,戊午,乙卯,0.007896365042536768,乙,卯,木,木,6,25,2013-06
2013-06-19,8421.242,癸巳,戊午,丙辰,-0.005858079428724183,丙,辰,火,土,6,25,2013-06
2013-06-20,8147.483,癸巳,戊午,丁巳,-0.03250815022297182,丁,巳,火,火,6,25,2013-06
2013-06-21,8136.046,癸巳,戊午,戊午,-0.0014037464085534523,戊,午,土,火,6,25,2013-06
2013-06-24,7588.522,癸巳,戊午,辛酉,-0.06729607969276485,辛,酉,金,金,6,26,2013-06
2013-06-25,7495.096,癸巳,戊午,壬戌,-0.012311488324076914,壬,戌,水,土,6,26,2013-06
2013-06-26,7566.396,癸巳,戊午,癸亥,0.009512886826266165,癸,亥,水,水,6,26,2013-06
2013-06-27,7544.329,癸巳,戊午,甲子,-0.002916447936375577,甲,子,木,水,6,26,2013-06
2013-06-28,7694.466,癸巳,戊午,乙丑,0.01990064325137464,乙,丑,木,土,6,26,2013-06
2013-07-01,7718.477,癸巳,戊午,戊辰,0.00312055443483672,戊,辰,土,土,7,27,2013-07
2013-07-02,7768.836,癸巳,戊午,己巳,0.006524473675311837,己,巳,土,火,7,27,2013-07
2013-07-03,7703.736,癸巳,戊午,庚午,-0.00837963370574435,庚,午,金,火,7,27,2013-07
2013-07-04,7804.114,癸巳,戊午,辛未,0.013029781913606486,辛,未,金,土,7,27,2013-07
2013-07-05,7856.591,癸巳,戊午,壬申,0.006724273889387122,壬,申,水,金,7,27,2013-07
2013-07-08,7637.627,癸巳,己未,乙亥,-0.027870102949230757,乙,亥,木,水,7,28,2013-07
2013-07-09,7600.472,癸巳,己未,丙子,-0.004864730890890678,丙,子,火,水,7,28,2013-07
2013-07-10,7851.249,癸巳,己未,丁丑,0.03299492452573993,丁,丑,火,土,7,28,2013-07
2013-07-11,8184.767,癸巳,己未,戊寅,0.042479610568967985,戊,寅,土,木,7,28,2013-07
2013-07-12,8012.841,癸巳,己未,己卯,-0.021005607123574688,己,卯,土,木,7,28,2013-07
2013-07-15,8137.77,癸巳,己未,壬午,0.015591099336677239,壬,午,水,火,7,29,2013-07
2013-07-16,8186.684,癸巳,己未,癸未,0.006010737585358195,癸,未,水,土,7,29,2013-07
2013-07-17,8063.802,癸巳,己未,甲申,-0.015009984506547558,甲,申,木,金,7,29,2013-07
2013-07-18,7904.268,癸巳,己未,乙酉,-0.019783967909926314,乙,酉,木,金,7,29,2013-07
2013-07-19,7663.986,癸巳,己未,丙戌,-0.03039901987128979,丙,戌,火,土,7,29,2013-07
2013-07-22,7684.226,癸巳,己未,己丑,0.002640923404609641,己,丑,土,土,7,30,2013-07
2013-07-23,7963.703,癸巳,己未,庚寅,0.036370221281883275,庚,寅,金,木,7,30,2013-07
2013-07-24,7935.848,癸巳,己未,辛卯,-0.003497744704944461,辛,卯,金,木,7,30,2013-07
2013-07-25,7894.603,癸巳,己未,壬辰,-0.005197302166069728,壬,辰,水,土,7,30,2013-07
2013-07-26,7843.362,癸巳,己未,癸巳,-0.006490636704594266,癸,巳,水,火,7,30,2013-07
2013-07-29,7668.535,癸巳,己未,丙申,-0.02228980378567258,丙,申,火,金,7,31,2013-07
2013-07-30,7730.171,癸巳,己未,丁酉,0.008037519552300365,丁,酉,火,金,7,31,2013-07
2013-07-31,7765.396,癸巳,己未,戊戌,0.0045568202825008175,戊,戌,土,土,7,31,2013-07
2013-08-01,7931.786,癸巳,己未,己亥,0.021427110735885213,己,亥,土,水,8,31,2013-08
2013-08-02,7961.469,癸巳,己未,庚子,0.0037422845245698166,庚,子,金,水,8,31,2013-08
2013-08-05,8060.387,癸巳,己未,癸卯,0.012424591491846604,癸,卯,水,木,8,32,2013-08
2013-08-06,8143.131,癸巳,己未,甲辰,0.010265512065363636,甲,辰,木,土,8,32,2013-08
2013-08-07,8096.091,癸巳,庚申,乙巳,-0.005776647827475667,乙,巳,木,火,8,32,2013-08
2013-08-08,8114.866,癸巳,庚申,丙午,0.0023190203766236817,丙,午,火,火,8,32,2013-08
2013-08-09,8145.967,癸巳,庚申,丁未,0.00383259563374172,丁,未,火,土,8,32,2013-08
2013-08-12,8356.733,癸巳,庚申,庚戌,0.025873662390235586,庚,戌,金,土,8,33,2013-08
2013-08-13,8362.652,癸巳,庚申,辛亥,0.0007082911467914954,辛,亥,金,水,8,33,2013-08
2013-08-14,8336.807,癸巳,庚申,壬子,-0.0030905267850437346,壬,子,水,水,8,33,2013-08
2013-08-15,8228.872,癸巳,庚申,癸丑,-0.01294680325453157,癸,丑,水,土,8,33,2013-08
2013-08-16,8168.088,癸巳,庚申,甲寅,-0.007386674625635137,甲,寅,木,木,8,33,2013-08
2013-08-19,8285.723,癸巳,庚申,丁巳,0.014401779216874244,丁,巳,火,火,8,34,2013-08
2013-08-20,8234.562,癸巳,庚申,戊午,-0.006174596954303224,戊,午,土,火,8,34,2013-08
2013-08-21,8236.09,癸巳,庚申,己未,0.00018555935336950213,己,未,土,土,8,34,2013-08
2013-08-22,8245.04,癸巳,庚申,庚申,0.0010866806943587992,庚,申,金,金,8,34,2013-08
2013-08-23,8166.277,癸巳,庚申,辛酉,-0.009552773546277593,辛,酉,金,金,8,34,2013-08
2013-08-26,8334.571,癸巳,庚申,甲子,0.020608411887081513,甲,子,木,水,8,35,2013-08
2013-08-27,8341.772,癸巳,庚申,乙丑,0.0008639916799557668,乙,丑,木,土,8,35,2013-08
2013-08-28,8259.381,癸巳,庚申,丙寅,-0.00987691823751613,丙,寅,火,木,8,35,2013-08
2013-08-29,8214.491,癸巳,庚申,丁卯,-0.005435031995739026,丁,卯,火,木,8,35,2013-08
2013-08-30,8202.481,癸巳,庚申,戊辰,-0.0014620504179747584,戊,辰,土,土,8,35,2013-08
2013-09-02,8243.577,癸巳,庚申,辛未,0.005010191428666433,辛,未,金,土,9,36,2013-09
2013-09-03,8368.038,癸巳,庚申,壬申,0.015097936247820742,壬,申,水,金,9,36,2013-09
2013-09-04,8344.958,癸巳,庚申,癸酉,-0.0027581136701338993,癸,酉,水,金,9,36,2013-09
2013-09-05,8286.064,癸巳,庚申,甲戌,-0.007057435160248926,甲,戌,木,土,9,36,2013-09
2013-09-06,8280.333,癸巳,庚申,乙亥,-0.000691643221679139,乙,亥,木,水,9,36,2013-09
2013-09-09,8504.735,癸巳,辛酉,戊寅,0.02710060090578481,戊,寅,土,木,9,37,2013-09
2013-09-10,8636.626,癸巳,辛酉,己卯,0.015507949395248577,己,卯,土,木,9,37,2013-09
2013-09-11,8675.625,癸巳,辛酉,庚辰,0.004515536506964679,庚,辰,金,土,9,37,2013-09
2013-09-12,8714.883,癸巳,辛酉,辛巳,0.004525091852171981,辛,巳,金,火,9,37,2013-09
2013-09-13,8687.538,癸巳,辛酉,壬午,-0.0031377357561770403,壬,午,水,火,9,37,2013-09
2013-09-16,8658.999,癸巳,辛酉,乙酉,-0.0032850503790602392,乙,酉,木,金,9,38,2013-09
2013-09-17,8493.779,癸巳,辛酉,丙戌,-0.01908072746052969,丙,戌,火,土,9,38,2013-09
2013-09-18,8480.744,癸巳,辛酉,丁亥,-0.0015346525969183178,丁,亥,火,水,9,38,2013-09
2013-09-23,8719.288,癸巳,辛酉,壬辰,0.028127720869772777,壬,辰,水,土,9,39,2013-09
2013-09-24,8664.801,癸巳,辛酉,癸巳,-0.006249019415346835,癸,巳,水,火,9,39,2013-09
2013-09-25,8613.71,癸巳,辛酉,甲午,-0.005896384694813017,甲,午,木,火,9,39,2013-09
2013-09-26,8439.467,癸巳,辛酉,乙未,-0.020228565856059588,乙,未,木,土,9,39,2013-09
2013-09-27,8472.293,癸巳,辛酉,丙申,0.003889582126454183,丙,申,火,金,9,39,2013-09
2013-09-30,8514.569,癸巳,辛酉,己亥,0.004989912412141528,己,亥,土,水,9,40,2013-09
2013-10-08,8681.533,癸巳,壬戌,丁未,0.019609213337750786,丁,未,火,土,10,41,2013-10
2013-10-09,8667.773,癸巳,壬戌,戊申,-0.0015849735294446443,戊,申,土,金,10,41,2013-10
2013-10-10,8685.793,癸巳,壬戌,己酉,0.00207896538130381,己,酉,土,金,10,41,2013-10
2013-10-11,8737.972,癸巳,壬戌,庚戌,0.006007396215866434,庚,戌,金,土,10,41,2013-10
2013-10-14,8760.1,癸巳,壬戌,癸丑,0.0025323953887699258,癸,丑,水,土,10,42,2013-10
2013-10-15,8700.345,癸巳,壬戌,甲寅,-0.006821269163594157,甲,寅,木,木,10,42,2013-10
2013-10-16,8542.866,癸巳,壬戌,乙卯,-0.018100316711578635,乙,卯,木,木,10,42,2013-10
2013-10-17,8521.199,癸巳,壬戌,丙辰,-0.002536268273434117,丙,辰,火,土,10,42,2013-10
2013-10-18,8584.866,癸巳,壬戌,丁巳,0.0074716011209219335,丁,巳,火,火,10,42,2013-10
2013-10-21,8739.52,癸巳,壬戌,庚申,0.018014724982311936,庚,申,金,金,10,43,2013-10
2013-10-22,8619.636,癸巳,壬戌,辛酉,-0.013717458167038954,辛,酉,金,金,10,43,2013-10
2013-10-23,8512.958,癸巳,壬戌,壬戌,-0.012376160663860936,壬,戌,水,土,10,43,2013-10
2013-10-24,8486.524,癸巳,壬戌,癸亥,-0.00310514864515965,癸,亥,水,水,10,43,2013-10
2013-10-25,8379.613,癸巳,壬戌,甲子,-0.012597737306817236,甲,子,木,水,10,43,2013-10
2013-10-28,8336.682,癸巳,壬戌,丁卯,-0.005123267625843697,丁,卯,火,木,10,44,2013-10
2013-10-29,8398.922,癸巳,壬戌,戊辰,0.007465799942950824,戊,辰,土,土,10,44,2013-10
2013-10-30,8553.366,癸巳,壬戌,己巳,0.018388550340150633,己,巳,土,火,10,44,2013-10
2013-10-31,8444.405,癸巳,壬戌,庚午,-0.012738961480193822,庚,午,金,火,10,44,2013-10
2013-11-01,8451.72,癸巳,壬戌,辛未,0.0008662540463180157,辛,未,金,土,11,44,2013-11
2013-11-04,8416.932,癸巳,壬戌,甲戌,-0.004116085246553158,甲,戌,木,土,11,45,2013-11
2013-11-05,8451.728,癸巳,壬戌,乙亥,0.004134047892984993,乙,亥,木,水,11,45,2013-11
2013-11-06,8287.86,癸巳,壬戌,丙子,-0.019388697790558185,丙,子,火,水,11,45,2013-11
2013-11-07,8240.252,癸巳,癸亥,丁丑,-0.005744305526396487,丁,丑,火,土,11,45,2013-11
2013-11-08,8155.397,癸巳,癸亥,戊寅,-0.010297621965930204,戊,寅,土,木,11,45,2013-11
2013-11-11,8168.674,癸巳,癸亥,辛巳,0.0016280016779073314,辛,巳,金,火,11,46,2013-11
2013-11-12,8279.308,癸巳,癸亥,壬午,0.01354369142409162,壬,午,水,火,11,46,2013-11
2013-11-13,8110.995,癸巳,癸亥,癸未,-0.02032935602830588,癸,未,水,土,11,46,2013-11
2013-11-14,8156.535,癸巳,癸亥,甲申,0.005614600921342028,甲,申,木,金,11,46,2013-11
2013-11-15,8305.906,癸巳,癸亥,乙酉,0.018313045919621684,乙,酉,木,金,11,46,2013-11
2013-11-18,8523.754,癸巳,癸亥,戊子,0.026228083968202753,戊,子,土,水,11,47,2013-11
2013-11-19,8461.21,癸巳,癸亥,己丑,-0.0073376120427691705,己,丑,土,土,11,47,2013-11
2013-11-20,8510.682,癸巳,癸亥,庚寅,0.005846917875812263,庚,寅,金,木,11,47,2013-11
2013-11-21,8472.023,癸巳,癸亥,辛卯,-0.004542409174729034,辛,卯,金,木,11,47,2013-11
2013-11-22,8413.344,癸巳,癸亥,壬辰,-0.006926208769735376,壬,辰,水,土,11,47,2013-11
2013-11-25,8379.55,癸巳,癸亥,乙未,-0.004016714400362109,乙,未,木,土,11,48,2013-11
2013-11-26,8365.349,癸巳,癸亥,丙申,-0.0016947210769073795,丙,申,火,金,11,48,2013-11
2013-11-27,8447.457,癸巳,癸亥,丁酉,0.009815250983551405,丁,酉,火,金,11,48,2013-11
2013-11-28,8548.367,癸巳,癸亥,戊戌,0.011945606825817467,戊,戌,土,土,11,48,2013-11
2013-11-29,8542.608,癸巳,癸亥,己亥,-0.0006736959234435735,己,亥,土,水,11,48,2013-11
2013-12-02,8376.644,癸巳,癸亥,壬寅,-0.019427790670015543,壬,寅,水,木,12,49,2013-12
2013-12-03,8492.523,癸巳,癸亥,癸卯,0.013833582995767646,癸,卯,水,木,12,49,2013-12
2013-12-04,8600.818,癸巳,癸亥,甲辰,0.012751805323341525,甲,辰,木,土,12,49,2013-12
2013-12-05,8560.79,癸巳,癸亥,乙巳,-0.004653975935777099,乙,巳,木,火,12,49,2013-12
2013-12-06,8526.681,癸巳,癸亥,丙午,-0.003984328549117566,丙,午,火,火,12,49,2013-12
2013-12-09,8519.675,癸巳,甲子,己酉,-0.0008216561637525155,己,酉,土,金,12,50,2013-12
2013-12-10,8554.172,癸巳,甲子,庚戌,0.004049098117005823,庚,戌,金,土,12,50,2013-12
2013-12-11,8409.798,癸巳,甲子,辛亥,-0.01687761246792796,辛,亥,金,水,12,50,2013-12
2013-12-12,8400.646,癸巳,甲子,壬子,-0.0010882544384538395,壬,子,水,水,12,50,2013-12
2013-12-13,8429.817,癸巳,甲子,癸丑,0.0034724710456788266,癸,丑,水,土,12,50,2013-12
2013-12-16,8272.668,癸巳,甲子,丙辰,-0.018642041695567046,丙,辰,火,土,12,51,2013-12
2013-12-17,8213.432,癸巳,甲子,丁巳,-0.007160446907817253,丁,巳,火,火,12,51,2013-12
2013-12-18,8236.948,癸巳,甲子,戊午,0.0028631149560864877,戊,午,土,火,12,51,2013-12
2013-12-19,8147.705,癸巳,甲子,己未,-0.010834474128038729,己,未,土,土,12,51,2013-12
2013-12-20,7966.718,癸巳,甲子,庚申,-0.022213249006929003,庚,申,金,金,12,51,2013-12
2013-12-23,7989.512,癸巳,甲子,癸亥,0.0028611531122351153,癸,亥,水,水,12,52,2013-12
2013-12-24,8027.43,癸巳,甲子,甲子,0.00474597196925175,甲,子,木,水,12,52,2013-12
2013-12-25,8096.37,癸巳,甲子,乙丑,0.008588053710838928,乙,丑,木,土,12,52,2013-12
2013-12-26,7897.325,癸巳,甲子,丙寅,-0.024584474276743817,丙,寅,火,木,12,52,2013-12
2013-12-27,8048.854,癸巳,甲子,丁卯,0.019187383069583674,丁,卯,火,木,12,52,2013-12
2013-12-30,7999.301,癸巳,甲子,庚午,-0.006156528618856738,庚,午,金,火,12,1,2013-12
2013-12-31,8121.788,癸巳,甲子,辛未,0.015312212904602385,辛,未,金,土,12,1,2013-12
2014-01-02,8114.388,癸巳,甲子,癸酉,-0.0009111294212554855,癸,酉,水,金,1,1,2014-01
2014-01-03,8028.33,癸巳,甲子,甲戌,-0.010605605746237479,甲,戌,木,土,1,1,2014-01
2014-01-06,7818.458,癸巳,乙丑,丁丑,-0.026141426672794954,丁,丑,火,土,1,2,2014-01
2014-01-07,7806.312,癸巳,乙丑,戊寅,-0.001553503261128908,戊,寅,土,木,1,2,2014-01
2014-01-08,7802.143,癸巳,乙丑,己卯,-0.0005340550057441051,己,卯,土,木,1,2,2014-01
2014-01-09,7746.737,癸巳,乙丑,庚辰,-0.007101382274075196,庚,辰,金,土,1,2,2014-01
2014-01-10,7648.043,癸巳,乙丑,辛巳,-0.012740073659400108,辛,巳,金,火,1,2,2014-01
2014-01-13,7572.56,癸巳,乙丑,甲申,-0.00986958363074042,甲,申,木,金,1,3,2014-01
2014-01-14,7665.771,癸巳,乙丑,乙酉,0.012309047402727646,乙,酉,木,金,1,3,2014-01
2014-01-15,7668.802,癸巳,乙丑,丙戌,0.0003953940184229232,丙,戌,火,土,1,3,2014-01
2014-01-16,7667.219,癸巳,乙丑,丁亥,-0.0002064207681982122,丁,亥,火,水,1,3,2014-01
2014-01-17,7544.565,癸巳,乙丑,戊子,-0.015997195332492886,戊,子,土,水,1,3,2014-01
2014-01-20,7524.328,癸巳,乙丑,辛卯,-0.0026823282720739305,辛,卯,金,木,1,4,2014-01
2014-01-21,7593.425,癸巳,乙丑,壬辰,0.009183145657658764,壬,辰,水,土,1,4,2014-01
2014-01-22,7820.453,癸巳,乙丑,癸巳,0.029897970941966223,癸,巳,水,火,1,4,2014-01
2014-01-23,7788.471,癸巳,乙丑,甲午,-0.004089532920919181,甲,午,木,火,1,4,2014-01
2014-01-24,7855.143,癸巳,乙丑,乙未,0.008560345156321425,乙,未,木,土,1,4,2014-01
2014-01-27,7752.538,癸巳,乙丑,戊戌,-0.013062142853414671,戊,戌,土,土,1,5,2014-01
2014-01-28,7740.75,癸巳,乙丑,己亥,-0.0015205343076034605,己,亥,土,水,1,5,2014-01
2014-01-29,7707.593,癸巳,乙丑,庚子,-0.004283435067661379,庚,子,金,水,1,5,2014-01
2014-02-07,7616.569,甲午,丙寅,己酉,-0.011809653156309552,己,酉,土,金,2,6,2014-02
2014-02-10,7812.163,甲午,丙寅,壬子,0.02568006670720102,壬,子,水,水,2,7,2014-02
2014-02-11,7838.123,甲午,丙寅,癸丑,0.0033230233419347943,癸,丑,水,土,2,7,2014-02
2014-02-12,7902.081,甲午,丙寅,甲寅,0.00815986174240968,甲,寅,木,木,2,7,2014-02
2014-02-13,7857.111,甲午,丙寅,乙卯,-0.005690905977805083,乙,卯,木,木,2,7,2014-02
2014-02-14,7883.753,甲午,丙寅,丙辰,0.0033908137482083767,丙,辰,火,土,2,7,2014-02
2014-02-17,7943.962,甲午,丙寅,己未,0.007637098726964275,己,未,土,土,2,8,2014-02
2014-02-18,7832.472,甲午,丙寅,庚申,-0.014034558574172573,庚,申,金,金,2,8,2014-02
2014-02-19,7953.943,甲午,丙寅,辛酉,0.015508641460831418,辛,酉,金,金,2,8,2014-02
2014-02-20,7842.12,甲午,丙寅,壬戌,-0.014058813345783405,壬,戌,水,土,2,8,2014-02
2014-02-21,7750.556,甲午,丙寅,癸亥,-0.011675924367390511,癸,亥,水,水,2,8,2014-02
2014-02-24,7542.533,甲午,丙寅,丙寅,-0.026839751883606655,丙,寅,火,木,2,9,2014-02
2014-02-25,7303.945,甲午,丙寅,丁卯,-0.03163234420054917,丁,卯,火,木,2,9,2014-02
2014-02-26,7319.614,甲午,丙寅,戊辰,0.0021452790238698505,戊,辰,土,土,2,9,2014-02
2014-02-27,7188.744,甲午,丙寅,己巳,-0.01787935811915764,己,巳,土,火,2,9,2014-02
2014-02-28,7365.925,甲午,丙寅,庚午,0.024647003704680648,庚,午,金,火,2,9,2014-02
2014-03-03,7391.908,甲午,丙寅,癸酉,0.00352745921252251,癸,酉,水,金,3,10,2014-03
2014-03-04,7347.109,甲午,丙寅,甲戌,-0.0060605462080967065,甲,戌,木,土,3,10,2014-03
2014-03-05,7298.13,甲午,丙寅,乙亥,-0.006666431653593263,乙,亥,木,水,3,10,2014-03
2014-03-06,7352.029,甲午,丁卯,丙子,0.007385316512586115,丙,子,火,水,3,10,2014-03
2014-03-07,7328.483,甲午,丁卯,丁丑,-0.0032026533083588937,丁,丑,火,土,3,10,2014-03
2014-03-10,7118.444,甲午,丁卯,庚辰,-0.028660638224854984,庚,辰,金,土,3,11,2014-03
2014-03-11,7212.574,甲午,丁卯,辛巳,0.013223395449904363,辛,巳,金,火,3,11,2014-03
2014-03-12,7217.02,甲午,丁卯,壬午,0.0006164234848753392,壬,午,水,火,3,11,2014-03
2014-03-13,7319.287,甲午,丁卯,癸未,0.014170253096153163,癸,未,水,土,3,11,2014-03
2014-03-14,7239.062,甲午,丁卯,甲申,-0.010960767080181455,甲,申,木,金,3,11,2014-03
2014-03-17,7340.623,甲午,丁卯,丁亥,0.014029580075429537,丁,亥,火,水,3,12,2014-03
2014-03-18,7273.95,甲午,丁卯,戊子,-0.009082744066818305,戊,子,土,水,3,12,2014-03
2014-03-19,7150.116,甲午,丁卯,己丑,-0.017024312787412565,己,丑,土,土,3,12,2014-03
2014-03-20,6998.194,甲午,丁卯,庚寅,-0.021247487453350367,庚,寅,金,木,3,12,2014-03
2014-03-21,7241.568,甲午,丁卯,辛卯,0.03477668667087541,辛,卯,金,木,3,12,2014-03
2014-03-24,7273.757,甲午,丁卯,甲午,0.004445031794219068,甲,午,木,火,3,13,2014-03
2014-03-25,7252.349,甲午,丁卯,乙未,-0.0029431832820370207,乙,未,木,土,3,13,2014-03
2014-03-26,7244.194,甲午,丁卯,丙申,-0.0011244632601106197,丙,申,火,金,3,13,2014-03
2014-03-27,7173.024,甲午,丁卯,丁酉,-0.009824419390204064,丁,酉,火,金,3,13,2014-03
2014-03-28,7165.57,甲午,丁卯,戊戌,-0.0010391712058959168,戊,戌,土,土,3,13,2014-03
2014-03-31,7189.578,甲午,丁卯,辛丑,0.0033504661876166963,辛,丑,金,土,3,14,2014-03
2014-04-01,7281.109,甲午,丁卯,壬寅,0.01273106710852856,壬,寅,水,木,4,14,2014-04
2014-04-02,7333.587,甲午,丁卯,癸卯,0.007207418540225108,癸,卯,水,木,4,14,2014-04
2014-04-03,7298.002,甲午,丁卯,甲辰,-0.004852332153419625,甲,辰,木,土,4,14,2014-04
2014-04-04,7367.801,甲午,丁卯,乙巳,0.009564124537099428,乙,巳,木,火,4,14,2014-04
2014-04-08,7508.657,甲午,戊辰,己酉,0.01911778018977439,己,酉,土,金,4,15,2014-04
2014-04-09,7511.253,甲午,戊辰,庚戌,0.00034573426379713723,庚,戌,金,土,4,15,2014-04
2014-04-10,7563.202,甲午,戊辰,辛亥,0.006916156332372303,辛,亥,金,水,4,15,2014-04
2014-04-11,7586.825,甲午,戊辰,壬子,0.0031234125440520177,壬,子,水,水,4,15,2014-04
2014-04-14,7583.282,甲午,戊辰,乙卯,-0.0004669937688031034,乙,卯,木,木,4,16,2014-04
2014-04-15,7449.705,甲午,戊辰,丙辰,-0.017614668688306745,丙,辰,火,土,4,16,2014-04
2014-04-16,7468.464,甲午,戊辰,丁巳,0.002518086286638299,丁,巳,火,火,4,16,2014-04
2014-04-17,7451.038,甲午,戊辰,戊午,-0.0023332776324557214,戊,午,土,火,4,16,2014-04
2014-04-18,7455.738,甲午,戊辰,己未,0.0006307845967234993,己,未,土,土,4,16,2014-04
2014-04-21,7353.602,甲午,戊辰,壬戌,-0.013698979229152197,壬,戌,水,土,4,17,2014-04
2014-04-22,7391.217,甲午,戊辰,癸亥,0.005115180288516985,癸,亥,水,水,4,17,2014-04
2014-04-23,7434.725,甲午,戊辰,甲子,0.005886446034530035,甲,子,木,水,4,17,2014-04
2014-04-24,7419.444,甲午,戊辰,乙丑,-0.0020553551072837184,乙,丑,木,土,4,17,2014-04
2014-04-25,7323.654,甲午,戊辰,丙寅,-0.012910670934371926,丙,寅,火,木,4,17,2014-04
2014-04-28,7240.462,甲午,戊辰,己巳,-0.011359356954875222,己,巳,土,火,4,18,2014-04
2014-04-29,7339.864,甲午,戊辰,庚午,0.013728681954273014,庚,午,金,火,4,18,2014-04
2014-04-30,7312.862,甲午,戊辰,辛未,-0.003678814757330562,辛,未,金,土,4,18,2014-04
2014-05-05,7309.555,甲午,己巳,丙子,-0.0004522169295687606,丙,子,火,水,5,19,2014-05
2014-05-06,7311.886,甲午,己巳,丁丑,0.0003188976620327466,丁,丑,火,土,5,19,2014-05
2014-05-07,7234.694,甲午,己巳,戊寅,-0.010557057372065137,戊,寅,土,木,5,19,2014-05
2014-05-08,7169.976,甲午,己巳,己卯,-0.00894550619556278,己,卯,土,木,5,19,2014-05
2014-05-09,7162.437,甲午,己巳,庚辰,-0.0010514679547044548,庚,辰,金,土,5,19,2014-05
2014-05-12,7318.139,甲午,己巳,癸未,0.02173869033682263,癸,未,水,土,5,20,2014-05
2014-05-13,7310.314,甲午,己巳,甲申,-0.0010692609145576126,甲,申,木,金,5,20,2014-05
2014-05-14,7325.522,甲午,己巳,乙酉,0.002080348395431475,乙,酉,木,金,5,20,2014-05
2014-05-15,7213.77,甲午,己巳,丙戌,-0.015255158608492247,丙,戌,火,土,5,20,2014-05
2014-05-16,7242.167,甲午,己巳,丁亥,0.003936499223013756,丁,亥,火,水,5,20,2014-05
2014-05-19,7151.487,甲午,己巳,庚寅,-0.012521114191374028,庚,寅,金,木,5,21,2014-05
2014-05-20,7151.18,甲午,己巳,辛卯,-4.292813508577353e-05,辛,卯,金,木,5,21,2014-05
2014-05-21,7204.646,甲午,己巳,壬辰,0.007476528349167566,壬,辰,水,土,5,21,2014-05
2014-05-22,7183.675,甲午,己巳,癸巳,-0.0029107606397316133,癸,巳,水,火,5,21,2014-05
2014-05-23,7240.921,甲午,己巳,甲午,0.007968901711171483,甲,午,木,火,5,21,2014-05
2014-05-26,7275.106,甲午,己巳,丁酉,0.004721084513972684,丁,酉,火,金,5,22,2014-05
2014-05-27,7260.123,甲午,己巳,戊戌,-0.0020594888926704913,戊,戌,土,土,5,22,2014-05
2014-05-28,7380.694,甲午,己巳,己亥,0.016607294394323846,己,亥,土,水,5,22,2014-05
2014-05-29,7341.564,甲午,己巳,庚子,-0.005301669463603331,庚,子,金,水,5,22,2014-05
2014-05-30,7364.829,甲午,己巳,辛丑,0.0031689432932817674,辛,丑,金,土,5,22,2014-05
2014-06-03,7321.52,甲午,己巳,乙巳,-0.005880516709892314,乙,巳,木,火,6,23,2014-06
2014-06-04,7223.128,甲午,己巳,丙午,-0.01343873949671659,丙,午,火,火,6,23,2014-06
2014-06-05,7303.635,甲午,己巳,丁未,0.011145725231506365,丁,未,火,土,6,23,2014-06
2014-06-06,7235.39,甲午,庚午,戊申,-0.009343977348265642,戊,申,土,金,6,23,2014-06
2014-06-09,7227.242,甲午,庚午,辛亥,-0.0011261314179332738,辛,亥,金,水,6,24,2014-06
2014-06-10,7341.663,甲午,庚午,壬子,0.015831903788471324,壬,子,水,水,6,24,2014-06
2014-06-11,7340.686,甲午,庚午,癸丑,-0.00013307611640578365,癸,丑,水,土,6,24,2014-06
2014-06-12,7299.812,甲午,庚午,甲寅,-0.005568144448625079,甲,寅,木,木,6,24,2014-06
2014-06-13,7401.353,甲午,庚午,乙卯,0.013910084259704192,乙,卯,木,木,6,24,2014-06
2014-06-16,7416.989,甲午,庚午,戊午,0.002112586712186282,戊,午,土,火,6,25,2014-06
2014-06-17,7331.374,甲午,庚午,己未,-0.01154309383497798,己,未,土,土,6,25,2014-06
2014-06-18,7297.397,甲午,庚午,庚申,-0.004634465517650566,庚,申,金,金,6,25,2014-06
2014-06-19,7180.321,甲午,庚午,辛酉,-0.016043528946006358,辛,酉,金,金,6,25,2014-06
2014-06-20,7195.688,甲午,庚午,壬戌,0.0021401550153536952,壬,戌,水,土,6,25,2014-06
2014-06-23,7192.873,甲午,庚午,乙丑,-0.00039120651145529983,乙,丑,木,土,6,26,2014-06
2014-06-24,7240.845,甲午,庚午,丙寅,0.006669379537217024,丙,寅,火,木,6,26,2014-06
2014-06-25,7217.653,甲午,庚午,丁卯,-0.0032029410932011837,丁,卯,火,木,6,26,2014-06
2014-06-26,7291.882,甲午,庚午,戊辰,0.010284368062581928,戊,辰,土,土,6,26,2014-06
2014-06-27,7312.624,甲午,庚午,己巳,0.0028445331397299878,己,巳,土,火,6,26,2014-06
2014-06-30,7343.275,甲午,庚午,壬申,0.004191518666897043,壬,申,水,金,6,27,2014-06
2014-07-01,7297.495,甲午,庚午,癸酉,-0.00623427557867573,癸,酉,水,金,7,27,2014-07
2014-07-02,7310.377,甲午,庚午,甲戌,0.0017652632855522654,甲,戌,木,土,7,27,2014-07
2014-07-03,7335.536,甲午,庚午,乙亥,0.0034415461747048237,乙,亥,木,水,7,27,2014-07
2014-07-04,7333.91,甲午,庚午,丙子,-0.000221660693915271,丙,子,火,水,7,27,2014-07
2014-07-07,7321.515,甲午,辛未,己卯,-0.0016900943698517912,己,卯,土,木,7,28,2014-07
2014-07-08,7358.33,甲午,辛未,庚辰,0.0050283308850695985,庚,辰,金,土,7,28,2014-07
2014-07-09,7192.706,甲午,辛未,辛巳,-0.022508368067210904,辛,巳,金,火,7,28,2014-07
2014-07-10,7159.628,甲午,辛未,壬午,-0.004598825532421413,壬,午,水,火,7,28,2014-07
2014-07-11,7206.973,甲午,辛未,癸未,0.0066127737362891015,癸,未,水,土,7,28,2014-07
2014-07-14,7278.858,甲午,辛未,丙戌,0.009974367879552304,丙,戌,火,土,7,29,2014-07
2014-07-15,7304.409,甲午,辛未,丁亥,0.003510303401989656,丁,亥,火,水,7,29,2014-07
2014-07-16,7261.913,甲午,辛未,戊子,-0.005817856037360514,戊,子,土,水,7,29,2014-07
2014-07-17,7194.744,甲午,辛未,己丑,-0.009249491146478883,己,丑,土,土,7,29,2014-07
2014-07-18,7259.448,甲午,辛未,庚寅,0.008993231725826556,庚,寅,金,木,7,29,2014-07
2014-07-21,7274.505,甲午,辛未,癸巳,0.002074124644187769,癸,巳,水,火,7,30,2014-07
2014-07-22,7372.654,甲午,辛未,甲午,0.01349218950292852,甲,午,木,火,7,30,2014-07
2014-07-23,7375.306,甲午,辛未,乙未,0.00035970764395010235,乙,未,木,土,7,30,2014-07
2014-07-24,7503.401,甲午,辛未,丙申,0.01736809293065278,丙,申,火,金,7,30,2014-07
2014-07-25,7578.118,甲午,辛未,丁酉,0.009957751158441441,丁,酉,火,金,7,30,2014-07
2014-07-28,7808.66,甲午,辛未,庚子,0.03042206521460855,庚,子,金,水,7,31,2014-07
2014-07-29,7867.042,甲午,辛未,辛丑,0.007476570884121125,辛,丑,金,土,7,31,2014-07
2014-07-30,7853.226,甲午,辛未,壬寅,-0.0017561873954659024,壬,寅,水,木,7,31,2014-07
2014-07-31,7956.907,甲午,辛未,癸卯,0.013202345125429948,癸,卯,水,木,7,31,2014-07
2014-08-01,7880.975,甲午,辛未,甲辰,-0.009542904045504064,甲,辰,木,土,8,31,2014-08
2014-08-04,8006.909,甲午,辛未,丁未,0.01597949492289974,丁,未,火,土,8,32,2014-08
2014-08-05,8007.762,甲午,辛未,戊申,0.00010653299544172157,戊,申,土,金,8,32,2014-08
2014-08-06,7995.499,甲午,辛未,己酉,-0.001531389169658115,己,酉,土,金,8,32,2014-08
2014-08-07,7872.953,甲午,壬申,庚戌,-0.015326873282080267,庚,戌,金,土,8,32,2014-08
2014-08-08,7885.327,甲午,壬申,辛亥,0.0015717101321448546,辛,亥,金,水,8,32,2014-08
2014-08-11,8009.735,甲午,壬申,甲寅,0.01577715166409699,甲,寅,木,木,8,33,2014-08
2014-08-12,7966.887,甲午,壬申,乙卯,-0.00534949033894383,乙,卯,木,木,8,33,2014-08
2014-08-13,7980.49,甲午,壬申,丙辰,0.0017074423171810071,丙,辰,火,土,8,33,2014-08
2014-08-14,7893.898,甲午,壬申,丁巳,-0.01085046156313707,丁,巳,火,火,8,33,2014-08
2014-08-15,7982.074,甲午,壬申,戊午,0.011170146865338237,戊,午,土,火,8,33,2014-08
2014-08-18,8045.861,甲午,壬申,辛酉,0.007991281463940458,辛,酉,金,金,8,34,2014-08
2014-08-19,8043.254,甲午,壬申,壬戌,-0.0003240175290127878,壬,戌,水,土,8,34,2014-08
2014-08-20,8023.072,甲午,壬申,癸亥,-0.002509183472261367,癸,亥,水,水,8,34,2014-08
2014-08-21,8010.71,甲午,壬申,甲子,-0.0015408063145887496,甲,子,木,水,8,34,2014-08
2014-08-22,8059.4,甲午,壬申,乙丑,0.0060781129263198785,乙,丑,木,土,8,34,2014-08
2014-08-25,7934.806,甲午,壬申,戊辰,-0.015459463483634028,戊,辰,土,土,8,35,2014-08
2014-08-26,7813.977,甲午,壬申,己巳,-0.015227719493078995,己,巳,土,火,8,35,2014-08
2014-08-27,7841.074,甲午,壬申,庚午,0.003467760399090025,庚,午,金,火,8,35,2014-08
2014-08-28,7743.537,甲午,壬申,辛未,-0.012439239828625381,辛,未,金,土,8,35,2014-08
2014-08-29,7841.701,甲午,壬申,壬申,0.012676894292620977,壬,申,水,金,8,35,2014-08
2014-09-01,7941.163,甲午,壬申,乙亥,0.012683727675921297,乙,亥,木,水,9,36,2014-09
2014-09-02,8043.312,甲午,壬申,丙子,0.012863229227255468,丙,子,火,水,9,36,2014-09
2014-09-03,8115.867,甲午,壬申,丁丑,0.009020537808305917,丁,丑,火,土,9,36,2014-09
2014-09-04,8176.566,甲午,壬申,戊寅,0.0074790530697459445,戊,寅,土,木,9,36,2014-09
2014-09-05,8214.526,甲午,壬申,己卯,0.004642535754007193,己,卯,土,木,9,36,2014-09
2014-09-09,8201.508,甲午,癸酉,癸未,-0.0015847536425108721,癸,未,水,土,9,37,2014-09
2014-09-10,8158.595,甲午,癸酉,甲申,-0.005232330444596256,甲,申,木,金,9,37,2014-09
2014-09-11,8117.922,甲午,癸酉,乙酉,-0.00498529464938513,乙,酉,木,金,9,37,2014-09
2014-09-12,8146.994,甲午,癸酉,丙戌,0.003581212039238668,丙,戌,火,土,9,37,2014-09
2014-09-15,8112.648,甲午,癸酉,己丑,-0.004215788056306402,己,丑,土,土,9,38,2014-09
2014-09-16,7921.073,甲午,癸酉,庚寅,-0.02361436118022131,庚,寅,金,木,9,38,2014-09
2014-09-17,7981.822,甲午,癸酉,辛卯,0.007669289249070177,辛,卯,金,木,9,38,2014-09
2014-09-18,8004.571,甲午,癸酉,壬辰,0.002850101142320538,壬,辰,水,土,9,38,2014-09
2014-09-19,8047.253,甲午,癸酉,癸巳,0.0053322033123324175,癸,巳,水,火,9,38,2014-09
2014-09-22,7895.869,甲午,癸酉,丙申,-0.018811885248295246,丙,申,火,金,9,39,2014-09
2014-09-23,7965.885,甲午,癸酉,丁酉,0.008867421685947452,丁,酉,火,金,9,39,2014-09
2014-09-24,8100.224,甲午,癸酉,戊戌,0.01686429065948092,戊,戌,土,土,9,39,2014-09
2014-09-25,8076.512,甲午,癸酉,己亥,-0.002927326454182033,己,亥,土,水,9,39,2014-09
2014-09-26,8072.883,甲午,癸酉,庚子,-0.00044932763054150726,庚,子,金,水,9,39,2014-09
2014-09-29,8082.845,甲午,癸酉,癸卯,0.0012340077268555572,癸,卯,水,木,9,40,2014-09
2014-09-30,8080.346,甲午,癸酉,甲辰,-0.0003091733170684785,甲,辰,木,土,9,40,2014-09
2014-10-08,8183.652,甲午,甲戌,壬子,0.01278484856960338,壬,子,水,水,10,41,2014-10
2014-10-09,8204.009,甲午,甲戌,癸丑,0.0024875202415743924,癸,丑,水,土,10,41,2014-10
2014-10-10,8211.542,甲午,甲戌,甲寅,0.0009182096216617808,甲,寅,木,木,10,41,2014-10
2014-10-13,8164.067,甲午,甲戌,丁巳,-0.005781496337715852,丁,巳,火,火,10,42,2014-10
2014-10-14,8139.961,甲午,甲戌,戊午,-0.0029526950232035,戊,午,土,火,10,42,2014-10
2014-10-15,8198.124,甲午,甲戌,己未,0.007145365929885905,己,未,土,土,10,42,2014-10
2014-10-16,8110.687,甲午,甲戌,庚申,-0.010665488836226422,庚,申,金,金,10,42,2014-10
2014-10-17,8151.523,甲午,甲戌,辛酉,0.0050348386024512415,辛,酉,金,金,10,42,2014-10
2014-10-20,8204.202,甲午,甲戌,甲子,0.006462473331670493,甲,子,木,水,10,43,2014-10
2014-10-21,8106.92,甲午,甲戌,乙丑,-0.011857582248706144,乙,丑,木,土,10,43,2014-10
2014-10-22,8063.202,甲午,甲戌,丙寅,-0.005392676873584579,丙,寅,火,木,10,43,2014-10
2014-10-23,7969.164,甲午,甲戌,丁卯,-0.011662612446023402,丁,卯,火,木,10,43,2014-10
2014-10-24,7921.131,甲午,甲戌,戊辰,-0.006027357449288173,戊,辰,土,土,10,43,2014-10
2014-10-27,7829.332,甲午,甲戌,辛未,-0.011589127865704985,辛,未,金,土,10,44,2014-10
2014-10-28,7988.341,甲午,甲戌,壬申,0.02030939548865729,壬,申,水,金,10,44,2014-10
2014-10-29,8090.681,甲午,甲戌,癸酉,0.012811170679869477,癸,酉,水,金,10,44,2014-10
2014-10-30,8090.553,甲午,甲戌,甲戌,-1.5820670719812746e-05,甲,戌,木,土,10,44,2014-10
2014-10-31,8225.612,甲午,甲戌,乙亥,0.01669342009130892,乙,亥,木,水,10,44,2014-10
2014-11-03,8240.149,甲午,甲戌,戊寅,0.0017672849144843017,戊,寅,土,木,11,45,2014-11
2014-11-04,8206.791,甲午,甲戌,己卯,-0.004048227768696955,己,卯,土,木,11,45,2014-11
2014-11-05,8198.571,甲午,甲戌,庚辰,-0.0010016095207004971,庚,辰,金,土,11,45,2014-11
2014-11-06,8211.959,甲午,甲戌,辛巳,0.0016329675012878297,辛,巳,金,火,11,45,2014-11
2014-11-07,8234.866,甲午,乙亥,壬午,0.0027894683838531886,壬,午,水,火,11,45,2014-11
2014-11-10,8410.216,甲午,乙亥,乙酉,0.021293606963367795,乙,酉,木,金,11,46,2014-11
2014-11-11,8312.885,甲午,乙亥,丙戌,-0.011572948899291058,丙,戌,火,土,11,46,2014-11
2014-11-12,8410.29,甲午,乙亥,丁亥,0.011717352038431939,丁,亥,火,水,11,46,2014-11
2014-11-13,8305.084,甲午,乙亥,戊子,-0.012509200039475421,戊,子,土,水,11,46,2014-11
2014-11-14,8326.897,甲午,乙亥,己丑,0.002626463501151921,己,丑,土,土,11,46,2014-11
2014-11-17,8283.804,甲午,乙亥,壬辰,-0.005175157084325699,壬,辰,水,土,11,47,2014-11
2014-11-18,8196.594,甲午,乙亥,癸巳,-0.010527772023577686,癸,巳,水,火,11,47,2014-11
2014-11-19,8225.073,甲午,乙亥,甲午,0.003474491965809401,甲,午,木,火,11,47,2014-11
2014-11-20,8205.377,甲午,乙亥,乙未,-0.002394629202683074,乙,未,木,土,11,47,2014-11
2014-11-21,8332.298,甲午,乙亥,丙申,0.015468027855392918,丙,申,火,金,11,47,2014-11
2014-11-24,8577.906,甲午,乙亥,己亥,0.029476622175539147,己,亥,土,水,11,48,2014-11
2014-11-25,8693.432,甲午,乙亥,庚子,0.0134678556747998,庚,子,金,水,11,48,2014-11
2014-11-26,8763.784,甲午,乙亥,辛丑,0.008092546188892769,辛,丑,金,土,11,48,2014-11
2014-11-27,8860.433,甲午,乙亥,壬寅,0.011028227076340658,壬,寅,水,木,11,48,2014-11
2014-11-28,9002.227,甲午,乙亥,癸卯,0.01600305538115343,癸,卯,水,木,11,48,2014-11
2014-12-01,9095.757,甲午,乙亥,丙午,0.010389651360713126,丙,午,火,火,12,49,2014-12
2014-12-02,9366.949,甲午,乙亥,丁未,0.02981522043739737,丁,未,火,土,12,49,2014-12
2014-12-03,9643.924,甲午,乙亥,戊申,0.029569393406540412,戊,申,土,金,12,49,2014-12
2014-12-04,10029.831,甲午,乙亥,己酉,0.04001555798241463,己,酉,土,金,12,49,2014-12
2014-12-05,10067.279,甲午,乙亥,庚戌,0.0037336621125521052,庚,戌,金,土,12,49,2014-12
2014-12-08,10554.566,甲午,丙子,癸丑,0.048403049125786746,癸,丑,水,土,12,50,2014-12
2014-12-09,10116.49,甲午,丙子,甲寅,-0.04150582790424551,甲,寅,木,木,12,50,2014-12
2014-12-10,10545.515,甲午,丙子,乙卯,0.04240848357483662,乙,卯,木,木,12,50,2014-12
2014-12-11,10478.881,甲午,丙子,丙辰,-0.006318705155698878,丙,辰,火,土,12,50,2014-12
2014-12-12,10462.312,甲午,丙子,丁巳,-0.0015811802806043884,丁,巳,火,火,12,50,2014-12
2014-12-15,10504.229,甲午,丙子,庚申,0.004006475815288235,庚,申,金,金,12,51,2014-12
2014-12-16,10668.617,甲午,丙子,辛酉,0.01564969689826845,辛,酉,金,金,12,51,2014-12
2014-12-17,10786.722,甲午,丙子,壬戌,0.011070319611248491,壬,戌,水,土,12,51,2014-12
2014-12-18,10665.179,甲午,丙子,癸亥,-0.011267834658202913,癸,亥,水,水,12,51,2014-12
2014-12-19,10627.109,甲午,丙子,甲子,-0.0035695603421189714,甲,子,木,水,12,51,2014-12
2014-12-22,10608.515,甲午,丙子,丁卯,-0.0017496762289725964,丁,卯,火,木,12,52,2014-12
2014-12-23,10570.786,甲午,丙子,戊辰,-0.003556482693383489,戊,辰,土,土,12,52,2014-12
2014-12-24,10292.522,甲午,丙子,己巳,-0.02632387033471295,己,巳,土,火,12,52,2014-12
2014-12-25,10493.779,甲午,丙子,庚午,0.01955371093693059,庚,午,金,火,12,52,2014-12
2014-12-26,10802.636,甲午,丙子,辛未,0.02943239037147638,辛,未,金,土,12,52,2014-12
2014-12-29,10780.396,甲午,丙子,甲戌,-0.0020587567701068066,甲,戌,木,土,12,1,2014-12
2014-12-30,10722.262,甲午,丙子,乙亥,-0.005392566284207034,乙,亥,木,水,12,1,2014-12
2014-12-31,11014.624,甲午,丙子,丙子,0.027266821124124707,丙,子,火,水,12,1,2014-12
2015-01-05,11520.59,甲午,丙子,辛巳,0.04593583948031266,辛,巳,金,火,1,2,2015-01
2015-01-06,11667.967,甲午,丁丑,壬午,0.012792487190326218,壬,午,水,火,1,2,2015-01
2015-01-07,11613.356,甲午,丁丑,癸未,-0.0046804211907696125,癸,未,水,土,1,2,2015-01
2015-01-08,11465.138,甲午,丁丑,甲申,-0.012762719062431094,甲,申,木,金,1,2,2015-01
2015-01-09,11324.762,甲午,丁丑,乙酉,-0.012243725282678697,乙,酉,木,金,1,2,2015-01
2015-01-12,11285.18,甲午,丁丑,戊子,-0.0034951727903862473,戊,子,土,水,1,3,2015-01
2015-01-13,11355.809,甲午,丁丑,己丑,0.00625856211420639,己,丑,土,土,1,3,2015-01
2015-01-14,11237.782,甲午,丁丑,庚寅,-0.010393535150159727,庚,寅,金,木,1,3,2015-01
2015-01-15,11483.684,甲午,丁丑,辛卯,0.021881720076079025,辛,卯,金,木,1,3,2015-01
2015-01-16,11532.802,甲午,丁丑,壬辰,0.004277198850125119,壬,辰,水,土,1,3,2015-01
2015-01-19,10770.929,甲午,丁丑,乙未,-0.0660613960076658,乙,未,木,土,1,4,2015-01
2015-01-20,10996.482,甲午,丁丑,丙申,0.020940904911730396,丙,申,火,金,1,4,2015-01
2015-01-21,11372.18,甲午,丁丑,丁酉,0.03416529031739435,丁,酉,火,金,1,4,2015-01
2015-01-22,11471.209,甲午,丁丑,戊戌,0.008708004973540628,戊,戌,土,土,1,4,2015-01
2015-01-23,11436.287,甲午,丁丑,己亥,-0.003044317299074617,己,亥,土,水,1,4,2015-01
2015-01-26,11686.967,甲午,丁丑,壬寅,0.021919701735362285,壬,寅,水,木,1,5,2015-01
2015-01-27,11551.873,甲午,丁丑,癸卯,-0.011559372076604735,癸,卯,水,木,1,5,2015-01
2015-01-28,11354.201,甲午,丁丑,甲辰,-0.017111683966747226,甲,辰,木,土,1,5,2015-01
2015-01-29,11249.037,甲午,丁丑,乙巳,-0.009262122451416777,乙,巳,木,火,1,5,2015-01
2015-01-30,11150.694,甲午,丁丑,丙午,-0.008742348345018414,丙,午,火,火,1,5,2015-01
2015-02-02,10963.136,甲午,丁丑,己酉,-0.01682029835990473,己,酉,土,金,2,6,2015-02
2015-02-03,11209.19,甲午,丁丑,庚戌,0.022443760617399944,庚,戌,金,土,2,6,2015-02
2015-02-04,11116.55,乙未,戊寅,辛亥,-0.008264647133289893,辛,亥,金,水,2,6,2015-02
2015-02-05,11065.578,乙未,戊寅,壬子,-0.004585235527209464,壬,子,水,水,2,6,2015-02
2015-02-06,10791.103,乙未,戊寅,癸丑,-0.024804397926615374,癸,丑,水,土,2,6,2015-02
2015-02-09,10868.141,乙未,戊寅,丙辰,0.007139029254006779,丙,辰,火,土,2,7,2015-02
2015-02-10,11136.62,乙未,戊寅,丁巳,0.024703304824624572,丁,巳,火,火,2,7,2015-02
2015-02-11,11265.626,乙未,戊寅,戊午,0.011583945577742671,戊,午,土,火,2,7,2015-02
2015-02-12,11302.731,乙未,戊寅,己未,0.0032936474191491705,己,未,土,土,2,7,2015-02
2015-02-13,11443.052,乙未,戊寅,庚申,0.012414787187273513,庚,申,金,金,2,7,2015-02
2015-02-16,11595.253,乙未,戊寅,癸亥,0.013300734803966652,癸,亥,水,水,2,8,2015-02
2015-02-17,11718.562,乙未,戊寅,甲子,0.010634438075650454,甲,子,木,水,2,8,2015-02
2015-02-25,11539.7,乙未,戊寅,壬申,-0.015263135528062133,壬,申,水,金,2,9,2015-02
2015-02-26,11750.78,乙未,戊寅,癸酉,0.018291636697661096,癸,酉,水,金,2,9,2015-02
2015-02-27,11757.684,乙未,戊寅,甲戌,0.0005875354657307597,甲,戌,木,土,2,9,2015-02
2015-03-02,11884.017,乙未,戊寅,丁丑,0.010744718092440708,丁,丑,火,土,3,10,2015-03
2015-03-03,11526.223,乙未,戊寅,戊寅,-0.030107159893830504,戊,寅,土,木,3,10,2015-03
2015-03-04,11655.075,乙未,戊寅,己卯,0.011179030633018394,己,卯,土,木,3,10,2015-03
2015-03-05,11566.388,乙未,戊寅,庚辰,-0.0076093032434368935,庚,辰,金,土,3,10,2015-03
2015-03-06,11392.397,乙未,己卯,辛巳,-0.015042811982444282,辛,巳,金,火,3,10,2015-03
2015-03-09,11533.231,乙未,己卯,甲申,0.012362104305178256,甲,申,木,金,3,11,2015-03
2015-03-10,11556.653,乙未,己卯,乙酉,0.00203082726774495,乙,酉,木,金,3,11,2015-03
2015-03-11,11525.088,乙未,己卯,丙戌,-0.0027313271411714135,丙,戌,火,土,3,11,2015-03
2015-03-12,11635.589,乙未,己卯,丁亥,0.009587866053604177,丁,亥,火,水,3,11,2015-03
2015-03-13,11713.611,乙未,己卯,戊子,0.006705462009701568,戊,子,土,水,3,11,2015-03
2015-03-16,12017.773,乙未,己卯,辛卯,0.02596654439011159,辛,卯,金,木,3,12,2015-03
2015-03-17,12169.516,乙未,己卯,壬辰,0.012626549028676104,壬,辰,水,土,3,12,2015-03
2015-03-18,12496.239,乙未,己卯,癸巳,0.02684765770471076,癸,巳,水,火,3,12,2015-03
2015-03-19,12429.111,乙未,己卯,甲午,-0.005371856284118626,甲,午,木,火,3,12,2015-03
2015-03-20,12544.454,乙未,己卯,乙未,0.009280068381398943,乙,未,木,土,3,12,2015-03
2015-03-23,12780.317,乙未,己卯,戊戌,0.018802173454500304,戊,戌,土,土,3,13,2015-03
2015-03-24,12801.202,乙未,己卯,己亥,0.0016341535190402823,己,亥,土,水,3,13,2015-03
2015-03-25,12757.095,乙未,己卯,庚子,-0.0034455358176521678,庚,子,金,水,3,13,2015-03
2015-03-26,12712.979,乙未,己卯,辛丑,-0.0034581540703427782,辛,丑,金,土,3,13,2015-03
2015-03-27,12874.424,乙未,己卯,壬寅,0.012699226514887085,壬,寅,水,木,3,13,2015-03
2015-03-30,13193.316,乙未,己卯,乙巳,0.02476941881050365,乙,巳,木,火,3,14,2015-03
2015-03-31,13160.664,乙未,己卯,丙午,-0.0024748895577123564,丙,午,火,火,3,14,2015-03
2015-04-01,13394.725,乙未,己卯,丁未,0.01778489292029639,丁,未,火,土,4,14,2015-04
2015-04-02,13426.1,乙未,己卯,戊申,0.0023423399883162332,戊,申,土,金,4,14,2015-04
2015-04-03,13494.641,乙未,己卯,己酉,0.005105056568921684,己,酉,土,金,4,14,2015-04
2015-04-07,13768.728,乙未,庚辰,癸丑,0.02031080337742952,癸,丑,水,土,4,15,2015-04
2015-04-08,13841.717,乙未,庚辰,甲寅,0.005301070658088491,甲,寅,木,木,4,15,2015-04
2015-04-09,13796.733,乙未,庚辰,乙卯,-0.0032498858342502324,乙,卯,木,木,4,15,2015-04
2015-04-10,14013.335,乙未,庚辰,丙辰,0.015699513790692343,丙,辰,火,土,4,15,2015-04
2015-04-13,14149.505,乙未,庚辰,己未,0.009717172964180287,己,未,土,土,4,16,2015-04
2015-04-14,14042.464,乙未,庚辰,庚申,-0.007564999623661639,庚,申,金,金,4,16,2015-04
2015-04-15,13646.607,乙未,庚辰,辛酉,-0.028189995715851568,辛,酉,金,金,4,16,2015-04
2015-04-16,13967.802,乙未,庚辰,壬戌,0.02353661976196708,壬,戌,水,土,4,16,2015-04
2015-04-17,14149.342,乙未,庚辰,癸亥,0.012997034179035527,癸,亥,水,水,4,16,2015-04
2015-04-20,13871.599,乙未,庚辰,丙寅,-0.01962939336684355,丙,寅,火,木,4,17,2015-04
2015-04-21,14438.995,乙未,庚辰,丁卯,0.0409034315366239,丁,卯,火,木,4,17,2015-04
2015-04-22,14749.133,乙未,庚辰,戊辰,0.021479195747349467,戊,辰,土,土,4,17,2015-04
2015-04-23,14743.217,乙未,庚辰,己巳,-0.0004011083227739576,己,巳,土,火,4,17,2015-04
2015-04-24,14598.695,乙未,庚辰,庚午,-0.009802609566148313,庚,午,金,火,4,17,2015-04
2015-04-27,14809.424,乙未,庚辰,癸酉,0.014434783383035388,癸,酉,水,金,4,18,2015-04
2015-04-28,14707.245,乙未,庚辰,甲戌,-0.006899593123945946,甲,戌,木,土,4,18,2015-04
2015-04-29,14871.952,乙未,庚辰,乙亥,0.011199038297111219,乙,亥,木,水,4,18,2015-04
2015-04-30,14818.64,乙未,庚辰,丙子,-0.0035847345392184815,丙,子,火,水,4,18,2015-04
2015-05-04,14860.53,乙未,庚辰,庚辰,0.0028268451085931012,庚,辰,金,土,5,19,2015-05
2015-05-05,14233.098,乙未,庚辰,辛巳,-0.042221374338600404,辛,巳,金,火,5,19,2015-05
2015-05-06,14136.166,乙未,辛巳,壬午,-0.006810323374433325,壬,午,水,火,5,19,2015-05
2015-05-07,14114.728,乙未,辛巳,癸未,-0.001516535671694852,癸,未,水,土,5,19,2015-05
2015-05-08,14481.249,乙未,辛巳,甲申,0.025967273333216134,甲,申,木,金,5,19,2015-05
2015-05-11,14944.883,乙未,辛巳,丁亥,0.03201616103693827,丁,亥,火,水,5,20,2015-05
2015-05-12,15066.289,乙未,辛巳,戊子,0.008123583168901494,戊,子,土,水,5,20,2015-05
2015-05-13,15173.092,乙未,辛巳,己丑,0.007088872382575495,己,丑,土,土,5,20,2015-05
2015-05-14,15024.468,乙未,辛巳,庚寅,-0.009795234880273562,庚,寅,金,木,5,20,2015-05
2015-05-15,14694.947,乙未,辛巳,辛卯,-0.021932290714053893,辛,卯,金,木,5,20,2015-05
2015-05-18,14672.632,乙未,辛巳,甲午,-0.0015185491992587563,甲,午,木,火,5,21,2015-05
2015-05-19,15127.376,乙未,辛巳,乙未,0.030992667164282395,乙,未,木,土,5,21,2015-05
2015-05-20,15337.083,乙未,辛巳,丙申,0.013862747908163442,丙,申,火,金,5,21,2015-05
2015-05-21,15872.534,乙未,辛巳,丁酉,0.034912179845411284,丁,酉,火,金,5,21,2015-05
2015-05-22,16045.797,乙未,辛巳,戊戌,0.010915900384903976,戊,戌,土,土,5,21,2015-05
2015-05-25,16351.056,乙未,辛巳,辛丑,0.019024234196655998,辛,丑,金,土,5,22,2015-05
2015-05-26,16903.471,乙未,辛巳,壬寅,0.03378466809727776,壬,寅,水,木,5,22,2015-05
2015-05-27,16963.521,乙未,辛巳,癸卯,0.0035525248039292023,癸,卯,水,木,5,22,2015-05
2015-05-28,15912.947,乙未,辛巳,甲辰,-0.06193136436710278,甲,辰,木,土,5,22,2015-05
2015-05-29,16100.448,乙未,辛巳,乙巳,0.011782921164759763,乙,巳,木,火,5,22,2015-05
2015-06-01,16917.525,乙未,辛巳,戊申,0.050748712085527226,戊,申,土,金,6,23,2015-06
2015-06-02,17485.578,乙未,辛巳,己酉,0.0335777839843594,己,酉,土,金,6,23,2015-06
2015-06-03,17538.504,乙未,辛巳,庚戌,0.003026837317016362,庚,戌,金,土,6,23,2015-06
2015-06-04,17501.053,乙未,辛巳,辛亥,-0.0021353588652716082,辛,亥,金,水,6,23,2015-06
2015-06-05,17649.086,乙未,辛巳,壬子,0.008458519610220039,壬,子,水,水,6,23,2015-06
2015-06-08,17452.309,乙未,壬午,乙卯,-0.011149415896097858,乙,卯,木,木,6,24,2015-06
2015-06-09,17398.996,乙未,壬午,丙辰,-0.0030547820348586496,丙,辰,火,土,6,24,2015-06
2015-06-10,17677.572,乙未,壬午,丁巳,0.016011038797870913,丁,巳,火,火,6,24,2015-06
2015-06-11,17889.689,乙未,壬午,戊午,0.01199921572939977,戊,午,土,火,6,24,2015-06
2015-06-12,18098.273,乙未,壬午,己未,0.01165945366629928,己,未,土,土,6,24,2015-06
2015-06-15,17702.551,乙未,壬午,壬戌,-0.021865180174926113,壬,戌,水,土,6,25,2015-06
2015-06-16,17075.932,乙未,壬午,癸亥,-0.03539710180753042,癸,亥,水,水,6,25,2015-06
2015-06-17,17405.57,乙未,壬午,甲子,0.01930424646806972,甲,子,木,水,6,25,2015-06
2015-06-18,16734.84,乙未,壬午,乙丑,-0.03853536540314395,乙,丑,木,土,6,25,2015-06
2015-06-19,15725.47,乙未,壬午,丙寅,-0.060315485537955627,丙,寅,火,木,6,25,2015-06
2015-06-23,16045.989,乙未,壬午,庚午,0.02038215709927904,庚,午,金,火,6,26,2015-06
2015-06-24,16312.311,乙未,壬午,辛未,0.01659741883158472,辛,未,金,土,6,26,2015-06
2015-06-25,15692.444,乙未,壬午,壬申,-0.037999949853825155,壬,申,水,金,6,26,2015-06
2015-06-26,14398.785,乙未,壬午,癸酉,-0.08243833783953602,癸,酉,水,金,6,26,2015-06
2015-06-29,13566.271,乙未,壬午,丙子,-0.05781835064555785,丙,子,火,水,6,27,2015-06
2015-06-30,14337.965,乙未,壬午,丁丑,0.05688328060083725,丁,丑,火,土,6,27,2015-06
2015-07-01,13650.816,乙未,壬午,戊寅,-0.04792514139907578,戊,寅,土,木,7,27,2015-07
2015-07-02,12924.19,乙未,壬午,己卯,-0.05322949192194815,己,卯,土,木,7,27,2015-07
2015-07-03,12246.062,乙未,壬午,庚辰,-0.05246967121343782,庚,辰,金,土,7,27,2015-07
2015-07-06,12075.769,乙未,壬午,癸未,-0.013905939721683525,癸,未,水,土,7,28,2015-07
2015-07-07,11375.604,乙未,癸未,甲申,-0.057980986552492064,甲,申,木,金,7,28,2015-07
2015-07-08,11040.889,乙未,癸未,乙酉,-0.029423932127032537,乙,酉,木,金,7,28,2015-07
2015-07-09,11510.34,乙未,癸未,丙戌,0.04251931162427236,丙,戌,火,土,7,28,2015-07
2015-07-10,12038.145,乙未,癸未,丁亥,0.045854857458598186,丁,亥,火,水,7,28,2015-07
2015-07-13,12614.155,乙未,癸未,庚寅,0.04784873416959168,庚,寅,金,木,7,29,2015-07
2015-07-14,12728.513,乙未,癸未,辛卯,0.009065847058324472,辛,卯,金,木,7,29,2015-07
2015-07-15,12132.419,乙未,癸未,壬辰,-0.046831393423568124,壬,辰,水,土,7,29,2015-07
2015-07-16,12357.606,乙未,癸未,癸巳,0.018560766818224828,癸,巳,水,火,7,29,2015-07
2015-07-17,13004.957,乙未,癸未,甲午,0.05238482275612277,甲,午,木,火,7,29,2015-07
2015-07-20,13202.395,乙未,癸未,丁酉,0.01518174954365481,丁,酉,火,金,7,30,2015-07
2015-07-21,13315.556,乙未,癸未,戊戌,0.008571247868284448,戊,戌,土,土,7,30,2015-07
2015-07-22,13416.536,乙未,癸未,己亥,0.007583611228851428,己,亥,土,水,7,30,2015-07
2015-07-23,13754.528,乙未,癸未,庚子,0.02519219566063846,庚,子,金,水,7,30,2015-07
2015-07-24,13518.515,乙未,癸未,辛丑,-0.017158931226138874,辛,丑,金,土,7,30,2015-07
2015-07-27,12493.046,乙未,癸未,甲辰,-0.07585663070241067,甲,辰,木,土,7,31,2015-07
2015-07-28,12316.776,乙未,癸未,乙巳,-0.014109449368872928,乙,巳,木,火,7,31,2015-07
2015-07-29,12823.073,乙未,癸未,丙午,0.041106292750635376,丙,午,火,火,7,31,2015-07
2015-07-30,12395.922,乙未,癸未,丁未,-0.03331112596801089,丁,未,火,土,7,31,2015-07
2015-07-31,12374.254,乙未,癸未,戊申,-0.001747994219389204,戊,申,土,金,7,31,2015-07
2015-08-03,12161.576,乙未,癸未,辛亥,-0.017187137099335614,辛,亥,金,水,8,32,2015-08
2015-08-04,12711.562,乙未,癸未,壬子,0.04522325067080124,壬,子,水,水,8,32,2015-08
2015-08-05,12524.686,乙未,癸未,癸丑,-0.014701261733215842,癸,丑,水,土,8,32,2015-08
2015-08-06,12421.849,乙未,癸未,甲寅,-0.008210744764379663,甲,寅,木,木,8,32,2015-08
2015-08-07,12753.049,乙未,癸未,乙卯,0.026662697316639505,乙,卯,木,木,8,32,2015-08
2015-08-10,13302.962,乙未,甲申,戊午,0.04312011974548202,戊,午,土,火,8,33,2015-08
2015-08-11,13323.085,乙未,甲申,己未,0.0015126706368100429,己,未,土,土,8,33,2015-08
2015-08-12,13117.101,乙未,甲申,庚申,-0.01546068346783036,庚,申,金,金,8,33,2015-08
2015-08-13,13395.176,乙未,甲申,辛酉,0.021199425086381396,辛,酉,金,金,8,33,2015-08
2015-08-14,13445.874,乙未,甲申,壬戌,0.003784795362151261,壬,戌,水,土,8,33,2015-08
2015-08-17,13573.902,乙未,甲申,乙丑,0.009521731350449869,乙,丑,木,土,8,34,2015-08
2015-08-18,12683.855,乙未,甲申,丙寅,-0.06557046013740198,丙,寅,火,木,8,34,2015-08
2015-08-19,12960.659,乙未,甲申,丁卯,0.02182333367891709,丁,卯,火,木,8,34,2015-08
2015-08-20,12584.577,乙未,甲申,戊辰,-0.029017197350844626,戊,辰,土,土,8,34,2015-08
2015-08-21,11902.046,乙未,甲申,己巳,-0.05423551383570535,己,巳,土,火,8,34,2015-08
2015-08-24,10970.29,乙未,甲申,壬申,-0.07828536370973527,壬,申,水,金,8,35,2015-08
2015-08-25,10197.937,乙未,甲申,癸酉,-0.07040406406758626,癸,酉,水,金,8,35,2015-08
2015-08-26,9899.719,乙未,甲申,甲戌,-0.02924297335823911,甲,戌,木,土,8,35,2015-08
2015-08-27,10254.349,乙未,甲申,乙亥,0.035822228893567676,乙,亥,木,水,8,35,2015-08
2015-08-28,10799.996,乙未,甲申,丙子,0.05321127650326685,丙,子,火,水,8,35,2015-08
2015-08-31,10549.163,乙未,甲申,己卯,-0.023225286379735532,己,卯,土,木,8,36,2015-08
2015-09-01,10162.516,乙未,甲申,庚辰,-0.03665191257353795,庚,辰,金,土,9,36,2015-09
2015-09-02,10054.801,乙未,甲申,辛巳,-0.010599245305001226,辛,巳,金,火,9,36,2015-09
2015-09-07,9991.764,乙未,甲申,丙戌,-0.006269343371390512,丙,戌,火,土,9,37,2015-09
2015-09-08,10320.226,乙未,乙酉,丁亥,0.03287327442881982,丁,亥,火,水,9,37,2015-09
2015-09-09,10620.133,乙未,乙酉,戊子,0.029060119419865416,戊,子,土,水,9,37,2015-09
2015-09-10,10424.654,乙未,乙酉,己丑,-0.018406454985074094,己,丑,土,土,9,37,2015-09
2015-09-11,10463.692,乙未,乙酉,庚寅,0.0037447765652460774,庚,寅,金,木,9,37,2015-09
2015-09-14,9778.234,乙未,乙酉,癸巳,-0.06550823552528107,癸,巳,水,火,9,38,2015-09
2015-09-15,9290.807,乙未,乙酉,甲午,-0.04984816276640547,甲,午,木,火,9,38,2015-09
2015-09-16,9890.429,乙未,乙酉,乙未,0.06453928060285818,乙,未,木,土,9,38,2015-09
2015-09-17,9739.89,乙未,乙酉,丙申,-0.015220674452038452,丙,申,火,金,9,38,2015-09
2015-09-18,9850.772,乙未,乙酉,丁酉,0.011384317482025175,丁,酉,火,金,9,38,2015-09
2015-09-21,10176.727,乙未,乙酉,庚子,0.03308928477889861,庚,子,金,水,9,39,2015-09
2015-09-22,10238.686,乙未,乙酉,辛丑,0.006088303243272586,辛,丑,金,土,9,39,2015-09
2015-09-23,10132.295,乙未,乙酉,壬寅,-0.010391079480316034,壬,寅,水,木,9,39,2015-09
2015-09-24,10238.038,乙未,乙酉,癸卯,0.010436233844356213,癸,卯,水,木,9,39,2015-09
2015-09-25,9904.764,乙未,乙酉,甲辰,-0.032552526177379026,甲,辰,木,土,9,39,2015-09
2015-09-29,9949.918,乙未,乙酉,戊申,0.004558816343327443,戊,申,土,金,9,40,2015-09
2015-09-30,9988.25,乙未,乙酉,己酉,0.0038524940607551628,己,酉,土,金,9,40,2015-09
2015-10-08,10394.734,乙未,丙戌,丁巳,0.04069621805621604,丁,巳,火,火,10,41,2015-10
2015-10-09,10540.194,乙未,丙戌,戊午,0.013993624079269296,戊,午,土,火,10,41,2015-10
2015-10-12,10961.363,乙未,丙戌,辛酉,0.03995837268270397,辛,酉,金,金,10,42,2015-10
2015-10-13,11042.13,乙未,丙戌,壬戌,0.007368335488935118,壬,戌,水,土,10,42,2015-10
2015-10-14,10901.479,乙未,丙戌,癸亥,-0.01273766927214226,癸,亥,水,水,10,42,2015-10
2015-10-15,11229.38,乙未,丙戌,甲子,0.030078579245990333,甲,子,木,水,10,42,2015-10
2015-10-16,11374.834,乙未,丙戌,乙丑,0.01295298582824711,乙,丑,木,土,10,42,2015-10
2015-10-19,11391.013,乙未,丙戌,戊辰,0.0014223504272676823,戊,辰,土,土,10,43,2015-10
2015-10-20,11597.08,乙未,丙戌,己巳,0.018090313828980742,己,巳,土,火,10,43,2015-10
2015-10-21,10915.986,乙未,丙戌,庚午,-0.0587297837041737,庚,午,金,火,10,43,2015-10
2015-10-22,11305.103,乙未,丙戌,辛未,0.035646527945345285,辛,未,金,土,10,43,2015-10
2015-10-23,11603.456,乙未,丙戌,壬申,0.026391002364153593,壬,申,水,金,10,43,2015-10
2015-10-26,11687.772,乙未,丙戌,乙亥,0.007266455786965498,乙,亥,木,水,10,44,2015-10
2015-10-27,11758.413,乙未,丙戌,丙子,0.0060440090720454975,丙,子,火,水,10,44,2015-10
2015-10-28,11494.347,乙未,丙戌,丁丑,-0.022457622469971183,丁,丑,火,土,10,44,2015-10
2015-10-29,11566.662,乙未,丙戌,戊寅,0.006291353480106343,戊,寅,土,木,10,44,2015-10
2015-10-30,11546.051,乙未,丙戌,己卯,-0.00178193155466988,己,卯,土,木,10,44,2015-10
2015-11-02,11304.882,乙未,丙戌,壬午,-0.02088757446160594,壬,午,水,火,11,45,2015-11
2015-11-03,11288.144,乙未,丙戌,癸未,-0.0014805992667592527,癸,未,水,土,11,45,2015-11
2015-11-04,11884.9,乙未,丙戌,甲申,0.05286573240029524,甲,申,木,金,11,45,2015-11
2015-11-05,11939.81,乙未,丙戌,乙酉,0.004620148255349177,乙,酉,木,金,11,45,2015-11
2015-11-06,12273.351,乙未,丙戌,丙戌,0.02793520164893759,丙,戌,火,土,11,45,2015-11
2015-11-09,12453.241,乙未,丁亥,己丑,0.014656958804486253,己,丑,土,土,11,46,2015-11
2015-11-10,12500.528,乙未,丁亥,庚寅,0.003797164127796071,庚,寅,金,木,11,46,2015-11
2015-11-11,12677.537,乙未,丁亥,辛卯,0.014160121876451992,辛,卯,金,木,11,46,2015-11
2015-11-12,12635.393,乙未,丁亥,壬辰,-0.0033243050286503317,壬,辰,水,土,11,46,2015-11
2015-11-13,12402.036,乙未,丁亥,癸巳,-0.01846851934087057,癸,巳,水,火,11,46,2015-11
2015-11-16,12620.38,乙未,丁亥,丙申,0.01760549638785114,丙,申,火,金,11,47,2015-11
2015-11-17,12511.545,乙未,丁亥,丁酉,-0.00862374983954517,丁,酉,火,金,11,47,2015-11
2015-11-18,12283.758,乙未,丁亥,戊戌,-0.01820614480465843,戊,戌,土,土,11,47,2015-11
2015-11-19,12609.844,乙未,丁亥,己亥,0.026546110726049843,己,亥,土,水,11,47,2015-11
2015-11-20,12702.034,乙未,丁亥,庚子,0.007310954838140704,庚,子,金,水,11,47,2015-11
2015-11-23,12586.691,乙未,丁亥,癸卯,-0.009080671646761407,癸,卯,水,木,11,48,2015-11
2015-11-24,12694.856,乙未,丁亥,甲辰,0.008593600971057436,甲,辰,木,土,11,48,2015-11
2015-11-25,12893.228,乙未,丁亥,乙巳,0.01562617173444103,乙,巳,木,火,11,48,2015-11
2015-11-26,12767.502,乙未,丁亥,丙午,-0.009751320615752568,丙,午,火,火,11,48,2015-11
2015-11-27,11961.703,乙未,丁亥,丁未,-0.0631132855902432,丁,未,火,土,11,48,2015-11
2015-11-30,12037.857,乙未,丁亥,庚戌,0.006366484772277081,庚,戌,金,土,11,49,2015-11
2015-12-01,12081.17,乙未,丁亥,辛亥,0.003598065668997341,辛,亥,金,水,12,49,2015-12
2015-12-02,12186.271,乙未,丁亥,壬子,0.008699571316354238,壬,子,水,水,12,49,2015-12
2015-12-03,12447.381,乙未,丁亥,癸丑,0.021426570933799072,癸,丑,水,土,12,49,2015-12
2015-12-04,12329.176,乙未,丁亥,甲寅,-0.009496375181253014,甲,寅,木,木,12,49,2015-12
2015-12-07,12443.047,乙未,戊子,丁巳,0.009235897029939544,丁,巳,火,火,12,50,2015-12
2015-12-08,12164.966,乙未,戊子,戊午,-0.022348304237699956,戊,午,土,火,12,50,2015-12
2015-12-09,12179.831,乙未,戊子,己未,0.0012219516273206388,己,未,土,土,12,50,2015-12
2015-12-10,12181.03,乙未,戊子,庚申,9.844143157655694e-05,庚,申,金,金,12,50,2015-12
2015-12-11,12134.02,乙未,戊子,辛酉,-0.0038592795518933576,辛,酉,金,金,12,50,2015-12
2015-12-14,12400.594,乙未,戊子,甲子,0.021969141306837914,甲,子,木,水,12,51,2015-12
2015-12-15,12495.249,乙未,戊子,乙丑,0.00763310209172241,乙,丑,木,土,12,51,2015-12
2015-12-16,12511.028,乙未,戊子,丙寅,0.0012627999650107746,丙,寅,火,木,12,51,2015-12
2015-12-17,12825.48,乙未,戊子,丁卯,0.02513398579237447,丁,卯,火,木,12,51,2015-12
2015-12-18,12830.247,乙未,戊子,戊辰,0.0003716819955277284,戊,辰,土,土,12,51,2015-12
2015-12-21,13028.31,乙未,戊子,辛未,0.015437193064171018,辛,未,金,土,12,52,2015-12
2015-12-22,13139.125,乙未,戊子,壬申,0.008505707954446828,壬,申,水,金,12,52,2015-12
2015-12-23,13007.868,乙未,戊子,癸酉,-0.009989782424628668,癸,酉,水,金,12,52,2015-12
2015-12-24,12932.372,乙未,戊子,甲戌,-0.005803871933509841,甲,戌,木,土,12,52,2015-12
2015-12-25,12980.566,乙未,戊子,乙亥,0.0037266172052583535,乙,亥,木,水,12,52,2015-12
2015-12-28,12686.34,乙未,戊子,戊寅,-0.022666654135112485,戊,寅,土,木,12,53,2015-12
2015-12-29,12806.156,乙未,戊子,己卯,0.00944448911191098,己,卯,土,木,12,53,2015-12
2015-12-30,12889.834,乙未,戊子,庚辰,0.006534201207606616,庚,辰,金,土,12,53,2015-12
2015-12-31,12664.89,乙未,戊子,辛巳,-0.01745127206448127,辛,巳,金,火,12,53,2015-12
2016-01-04,11626.038,乙未,戊子,乙酉,-0.08202613682392812,乙,酉,木,金,1,1,2016-01
2016-01-05,11468.06,乙未,戊子,丙戌,-0.013588292073361652,丙,戌,火,土,1,1,2016-01
2016-01-06,11724.88,乙未,己丑,丁亥,0.022394371846676808,丁,亥,火,水,1,1,2016-01
2016-01-07,10760.273,乙未,己丑,戊子,-0.08227009572805866,戊,子,土,水,1,1,2016-01
2016-01-08,10888.908,乙未,己丑,己丑,0.0119546223409015,己,丑,土,土,1,1,2016-01
2016-01-11,10212.459,乙未,己丑,壬辰,-0.06212275831515879,壬,辰,水,土,1,2,2016-01
2016-01-12,10293.704,乙未,己丑,癸巳,0.007955478695189866,癸,巳,水,火,1,2,2016-01
2016-01-13,9978.821,乙未,己丑,甲午,-0.030589863473828305,甲,午,木,火,1,2,2016-01
2016-01-14,10344.942,乙未,己丑,乙未,0.03668980533872679,乙,未,木,土,1,2,2016-01
2016-01-15,9997.925,乙未,己丑,丙申,-0.033544605663328064,丙,申,火,金,1,2,2016-01
2016-01-18,10155.962,乙未,己丑,己亥,0.01580697994833935,己,亥,土,水,1,3,2016-01
2016-01-19,10501.786,乙未,己丑,庚子,0.03405132866783078,庚,子,金,水,1,3,2016-01
2016-01-20,10366.849,乙未,己丑,辛丑,-0.012848957310689801,辛,丑,金,土,1,3,2016-01
2016-01-21,9975.974,乙未,己丑,壬寅,-0.037704320763232824,壬,寅,水,木,1,3,2016-01
2016-01-22,10111.567,乙未,己丑,癸卯,0.013591956033566222,癸,卯,水,木,1,3,2016-01
2016-01-25,10192.531,乙未,己丑,丙午,0.008007067549471003,丙,午,火,火,1,4,2016-01
2016-01-26,9483.547,乙未,己丑,丁未,-0.06955917033757364,丁,未,火,土,1,4,2016-01
2016-01-27,9422.43,乙未,己丑,戊申,-0.00644452966806619,戊,申,土,金,1,4,2016-01
2016-01-28,9082.588,乙未,己丑,己酉,-0.036067341439522504,己,酉,土,金,1,4,2016-01
2016-01-29,9418.204,乙未,己丑,庚戌,0.0369515825225144,庚,戌,金,土,1,4,2016-01
2016-02-01,9322.006,乙未,己丑,癸丑,-0.010214049302818329,癸,丑,水,土,2,5,2016-02
2016-02-02,9610.93,乙未,己丑,甲寅,0.03099375821041095,甲,寅,木,木,2,5,2016-02
2016-02-03,9638.874,乙未,己丑,乙卯,0.002907522997254164,乙,卯,木,木,2,5,2016-02
2016-02-04,9793.142,丙申,庚寅,丙辰,0.01600477400161049,丙,辰,火,土,2,5,2016-02
2016-02-05,9673.478,丙申,庚寅,丁巳,-0.012219163165407054,丁,巳,火,火,2,5,2016-02
2016-02-15,9668.845,丙申,庚寅,丁卯,-0.00047893839216872625,丁,卯,火,木,2,7,2016-02
2016-02-16,10045.367,丙申,庚寅,戊辰,0.03894177639625007,戊,辰,土,土,2,7,2016-02
2016-02-17,10161.769,丙申,庚寅,己巳,0.01158763039717714,己,巳,土,火,2,7,2016-02
2016-02-18,10116.396,丙申,庚寅,庚午,-0.004465069024891188,庚,午,金,火,2,7,2016-02
2016-02-19,10162.315,丙申,庚寅,辛未,0.00453906707487528,辛,未,金,土,2,7,2016-02
2016-02-22,10370.985,丙申,庚寅,甲戌,0.020533707132675882,甲,戌,木,土,2,8,2016-02
2016-02-23,10299.674,丙申,庚寅,乙亥,-0.006876010330744808,乙,亥,木,水,2,8,2016-02
2016-02-24,10307.626,丙申,庚寅,丙子,0.0007720632711287756,丙,子,火,水,2,8,2016-02
2016-02-25,9551.076,丙申,庚寅,丁丑,-0.0733971139426286,丁,丑,火,土,2,8,2016-02
2016-02-26,9573.704,丙申,庚寅,戊寅,0.002369157150461376,戊,寅,土,木,2,8,2016-02
2016-02-29,9097.795,丙申,庚寅,辛巳,-0.04971001819149612,辛,巳,金,火,2,9,2016-02
2016-03-01,9322.0,丙申,庚寅,壬午,0.024643883490450103,壬,午,水,火,3,9,2016-03
2016-03-02,9766.366,丙申,庚寅,癸未,0.04766852606736749,癸,未,水,土,3,9,2016-03
2016-03-03,9762.014,丙申,庚寅,甲申,-0.00044561098775131036,甲,申,木,金,3,9,2016-03
2016-03-04,9536.707,丙申,庚寅,乙酉,-0.023079970997787802,乙,酉,木,金,3,9,2016-03
2016-03-07,9703.83,丙申,辛卯,戊子,0.017524183137848315,戊,子,土,水,3,10,2016-03
2016-03-08,9732.727,丙申,辛卯,己丑,0.002977896356387122,己,丑,土,土,3,10,2016-03
2016-03-09,9523.144,丙申,辛卯,庚寅,-0.021533841440328105,庚,寅,金,木,3,10,2016-03
2016-03-10,9390.347,丙申,辛卯,辛卯,-0.013944659452802655,辛,卯,金,木,3,10,2016-03
2016-03-11,9363.405,丙申,辛卯,壬辰,-0.002869116551283857,壬,辰,水,土,3,10,2016-03
2016-03-14,9665.13,丙申,辛卯,乙未,0.032223854463199864,乙,未,木,土,3,11,2016-03
2016-03-15,9574.187,丙申,辛卯,丙申,-0.009409392320641197,丙,申,火,金,3,11,2016-03
2016-03-16,9469.028,丙申,辛卯,丁酉,-0.010983595787297573,丁,酉,火,金,3,11,2016-03
2016-03-17,9791.85,丙申,辛卯,戊戌,0.0340924115970509,戊,戌,土,土,3,11,2016-03
2016-03-18,10126.589,丙申,辛卯,己亥,0.034185470569912724,己,亥,土,水,3,11,2016-03
2016-03-21,10394.142,丙申,辛卯,壬寅,0.026420841213166568,壬,寅,水,木,3,12,2016-03
2016-03-22,10344.082,丙申,辛卯,癸卯,-0.004816174341277901,癸,卯,水,木,3,12,2016-03
2016-03-23,10442.382,丙申,辛卯,甲辰,0.009503018247535078,甲,辰,木,土,3,12,2016-03
2016-03-24,10283.679,丙申,辛卯,乙巳,-0.015197969198981531,乙,巳,木,火,3,12,2016-03
2016-03-25,10339.684,丙申,辛卯,丙午,0.0054460081844249775,丙,午,火,火,3,12,2016-03
2016-03-28,10276.84,丙申,辛卯,己酉,-0.006077942033818395,己,酉,土,金,3,13,2016-03
2016-03-29,10094.712,丙申,辛卯,庚戌,-0.01772217919126895,庚,戌,金,土,3,13,2016-03
2016-03-30,10445.691,丙申,辛卯,辛亥,0.034768599639098285,辛,亥,金,水,3,13,2016-03
2016-03-31,10455.369,丙申,辛卯,壬子,0.000926506441747188,壬,子,水,水,3,13,2016-03
2016-04-01,10379.647,丙申,辛卯,癸丑,-0.0072424034005877935,癸,丑,水,土,4,13,2016-04
2016-04-05,10640.268,丙申,壬辰,丁巳,0.025108850040853836,丁,巳,火,火,4,14,2016-04
2016-04-06,10683.857,丙申,壬辰,戊午,0.004096607341093295,戊,午,土,火,4,14,2016-04
2016-04-07,10504.882,丙申,壬辰,己未,-0.016751908978190233,己,未,土,土,4,14,2016-04
2016-04-08,10413.54,丙申,壬辰,庚申,-0.008695195243506704,庚,申,金,金,4,14,2016-04
2016-04-11,10609.595,丙申,壬辰,癸亥,0.018826931091636245,癸,亥,水,水,4,15,2016-04
2016-04-12,10533.405,丙申,壬辰,甲子,-0.00718123547600058,甲,子,木,水,4,15,2016-04
2016-04-13,10684.921,丙申,壬辰,乙丑,0.014384332511661713,乙,丑,木,土,4,15,2016-04
2016-04-14,10771.614,丙申,壬辰,丙寅,0.008113583619382858,丙,寅,火,木,4,15,2016-04
2016-04-15,10733.635,丙申,壬辰,丁卯,-0.0035258411599227157,丁,卯,火,木,4,15,2016-04
2016-04-18,10568.93,丙申,壬辰,庚午,-0.015344755062008386,庚,午,金,火,4,16,2016-04
2016-04-19,10602.464,丙申,壬辰,辛未,0.003172885050804597,辛,未,金,土,4,16,2016-04
2016-04-20,10164.744,丙申,壬辰,壬申,-0.041284742867318314,壬,申,水,金,4,16,2016-04
2016-04-21,10058.801,丙申,壬辰,癸酉,-0.01042259401712442,癸,酉,水,金,4,16,2016-04
2016-04-22,10151.764,丙申,壬辰,甲戌,0.009241956372334936,甲,戌,木,土,4,16,2016-04
2016-04-25,10106.787,丙申,壬辰,丁丑,-0.004430461543432185,丁,丑,火,土,4,17,2016-04
2016-04-26,10209.901,丙申,壬辰,戊寅,0.010202451085592257,戊,寅,土,木,4,17,2016-04
2016-04-27,10174.159,丙申,壬辰,己卯,-0.0035007195466439933,己,卯,土,木,4,17,2016-04
2016-04-28,10149.909,丙申,壬辰,庚辰,-0.002383489387181803,庚,辰,金,土,4,17,2016-04
2016-04-29,10141.541,丙申,壬辰,辛巳,-0.0008244408890759614,辛,巳,金,火,4,17,2016-04
2016-05-03,10441.92,丙申,壬辰,乙酉,0.029618674321782112,乙,酉,木,金,5,18,2016-05
2016-05-04,10422.802,丙申,壬辰,丙戌,-0.0018308893383592872,丙,戌,火,土,5,18,2016-05
2016-05-05,10474.013,丙申,癸巳,丁亥,0.004913362069048244,丁,亥,火,水,5,18,2016-05
2016-05-06,10100.535,丙申,癸巳,戊子,-0.03565758415613962,戊,子,土,水,5,18,2016-05
2016-05-09,9790.478,丙申,癸巳,辛卯,-0.030697086837479515,辛,卯,金,木,5,19,2016-05
2016-05-10,9793.214,丙申,癸巳,壬辰,0.0002794552012681528,壬,辰,水,土,5,19,2016-05
2016-05-11,9781.15,丙申,癸巳,癸巳,-0.0012318734176542945,癸,巳,水,火,5,19,2016-05
2016-05-12,9796.582,丙申,癸巳,甲午,0.0015777285901965588,甲,午,木,火,5,19,2016-05
2016-05-13,9759.268,丙申,癸巳,乙未,-0.003808879464286652,乙,未,木,土,5,19,2016-05
2016-05-16,9910.082,丙申,癸巳,戊戌,0.01545341310434356,戊,戌,土,土,5,20,2016-05
2016-05-17,9908.791,丙申,癸巳,己亥,-0.0001302713741421213,己,亥,土,水,5,20,2016-05
2016-05-18,9694.776,丙申,癸巳,庚子,-0.021598497738018585,庚,子,金,水,5,20,2016-05
2016-05-19,9733.736,丙申,癸巳,辛丑,0.004018659121159729,辛,丑,金,土,5,20,2016-05
2016-05-20,9816.752,丙申,癸巳,壬寅,0.008528688265225126,壬,寅,水,木,5,20,2016-05
2016-05-23,9918.164,丙申,癸巳,乙巳,0.010330504427533693,乙,巳,木,火,5,21,2016-05
2016-05-24,9821.698,丙申,癸巳,丙午,-0.009726195291789974,丙,午,火,火,5,21,2016-05
2016-05-25,9784.598,丙申,癸巳,丁未,-0.0037773509224169333,丁,未,火,土,5,21,2016-05
2016-05-26,9826.145,丙申,癸巳,戊申,0.004246163204661091,戊,申,土,金,5,21,2016-05
2016-05-27,9813.631,丙申,癸巳,己酉,-0.0012735411496574978,己,酉,土,金,5,21,2016-05
2016-05-30,9768.841,丙申,癸巳,壬子,-0.004564059928480968,壬,子,水,水,5,22,2016-05
2016-05-31,10159.934,丙申,癸巳,癸丑,0.04003473902380006,癸,丑,水,土,5,22,2016-05
2016-06-01,10209.143,丙申,癸巳,甲寅,0.0048434369750827155,甲,寅,木,木,6,22,2016-06
2016-06-02,10274.025,丙申,癸巳,乙卯,0.006355283690315572,乙,卯,木,木,6,22,2016-06
2016-06-03,10344.908,丙申,癸巳,丙辰,0.0068992434805248415,丙,辰,火,土,6,22,2016-06
2016-06-06,10363.086,丙申,甲午,己未,0.0017571930074196107,己,未,土,土,6,23,2016-06
2016-06-07,10347.842,丙申,甲午,庚申,-0.001470990398033778,庚,申,金,金,6,23,2016-06
2016-06-08,10316.823,丙申,甲午,辛酉,-0.002997629843980998,辛,酉,金,金,6,23,2016-06
2016-06-13,9862.585,丙申,甲午,丙寅,-0.044028864312201654,丙,寅,火,木,6,24,2016-06
2016-06-14,9895.15,丙申,甲午,丁卯,0.003301872683480145,丁,卯,火,木,6,24,2016-06
2016-06-15,10173.847,丙申,甲午,戊辰,0.028165010131225854,戊,辰,土,土,6,24,2016-06
2016-06-16,10115.122,丙申,甲午,己巳,-0.005772152854274348,己,巳,土,火,6,24,2016-06
2016-06-17,10182.526,丙申,甲午,庚午,0.006663686310456773,庚,午,金,火,6,24,2016-06
2016-06-20,10221.853,丙申,甲午,癸酉,0.003862204722089535,癸,酉,水,金,6,25,2016-06
2016-06-21,10131.856,丙申,甲午,甲戌,-0.008804372357927637,甲,戌,木,土,6,25,2016-06
2016-06-22,10297.978,丙申,甲午,乙亥,0.016396008786544014,乙,亥,木,水,6,25,2016-06
2016-06-23,10255.269,丙申,甲午,丙子,-0.004147319017383744,丙,子,火,水,6,25,2016-06
2016-06-24,10147.705,丙申,甲午,丁丑,-0.010488657099097076,丁,丑,火,土,6,25,2016-06
2016-06-27,10377.573,丙申,甲午,庚辰,0.022652215451671065,庚,辰,金,土,6,26,2016-06
2016-06-28,10463.449,丙申,甲午,辛巳,0.008275152581436851,辛,巳,金,火,6,26,2016-06
2016-06-29,10460.968,丙申,甲午,壬午,-0.00023711110934832025,壬,午,水,火,6,26,2016-06
2016-06-30,10489.993,丙申,甲午,癸未,0.002774599826708135,癸,未,水,土,6,26,2016-06
2016-07-01,10458.433,丙申,甲午,甲申,-0.0030085816072517035,甲,申,木,金,7,26,2016-07
2016-07-04,10609.859,丙申,甲午,丁亥,0.014478842098046618,丁,亥,火,水,7,27,2016-07
2016-07-05,10602.772,丙申,甲午,戊子,-0.0006679636364629316,戊,子,土,水,7,27,2016-07
2016-07-06,10641.647,丙申,甲午,己丑,0.0036664940074162544,己,丑,土,土,7,27,2016-07
2016-07-07,10620.582,丙申,乙未,庚寅,-0.001979486821917731,庚,寅,金,木,7,27,2016-07
2016-07-08,10611.803,丙申,乙未,辛卯,-0.0008266025345881056,辛,卯,金,木,7,27,2016-07
2016-07-11,10594.819,丙申,乙未,甲午,-0.001600482029302741,甲,午,木,火,7,28,2016-07
2016-07-12,10757.846,丙申,乙未,乙未,0.015387426628052925,乙,未,木,土,7,28,2016-07
2016-07-13,10853.556,丙申,乙未,丙申,0.008896762418796555,丙,申,火,金,7,28,2016-07
2016-07-14,10854.136,丙申,乙未,丁酉,5.3438707092956506e-05,丁,酉,火,金,7,28,2016-07
2016-07-15,10823.215,丙申,乙未,戊戌,-0.002848775803067194,戊,戌,土,土,7,28,2016-07
2016-07-18,10761.999,丙申,乙未,辛丑,-0.005655990387329446,辛,丑,金,土,7,29,2016-07
2016-07-19,10778.249,丙申,乙未,壬寅,0.001509942530193431,壬,寅,水,木,7,29,2016-07
2016-07-20,10759.86,丙申,乙未,癸卯,-0.00170612128185188,癸,卯,水,木,7,29,2016-07
2016-07-21,10787.213,丙申,乙未,甲辰,0.0025421334478328284,甲,辰,木,土,7,29,2016-07
2016-07-22,10709.068,丙申,乙未,乙巳,-0.007244225176604946,乙,巳,木,火,7,29,2016-07
2016-07-25,10718.355,丙申,乙未,戊申,0.000867208985880108,戊,申,土,金,7,30,2016-07
2016-07-26,10852.206,丙申,乙未,己酉,0.012488017051124123,己,酉,土,金,7,30,2016-07
2016-07-27,10405.85,丙申,乙未,庚戌,-0.04113043928580051,庚,戌,金,土,7,30,2016-07
2016-07-28,10396.305,丙申,乙未,辛亥,-0.000917272495759569,辛,亥,金,水,7,30,2016-07
2016-07-29,10329.436,丙申,乙未,壬子,-0.006431996752692459,壬,子,水,水,7,30,2016-07
2016-08-01,10185.478,丙申,乙未,乙卯,-0.013936675729439685,乙,卯,木,木,8,31,2016-08
2016-08-02,10250.546,丙申,乙未,丙辰,0.006388310887324167,丙,辰,火,土,8,31,2016-08
2016-08-03,10281.248,丙申,乙未,丁巳,0.0029951575262430197,丁,巳,火,火,8,31,2016-08
2016-08-04,10366.499,丙申,乙未,戊午,0.008291892190520178,戊,午,土,火,8,31,2016-08
2016-08-05,10342.279,丙申,乙未,己未,-0.0023363721927720515,己,未,土,土,8,31,2016-08
2016-08-08,10468.885,丙申,丙申,壬戌,0.01224159588036633,壬,戌,水,土,8,32,2016-08
2016-08-09,10564.775,丙申,丙申,癸亥,0.009159523674202141,癸,亥,水,水,8,32,2016-08
2016-08-10,10511.159,丙申,丙申,甲子,-0.005074977933746783,甲,子,木,水,8,32,2016-08
2016-08-11,10390.956,丙申,丙申,乙丑,-0.011435751281090867,乙,丑,木,土,8,32,2016-08
2016-08-12,10528.104,丙申,丙申,丙寅,0.013198785559288106,丙,寅,火,木,8,32,2016-08
2016-08-15,10822.105,丙申,丙申,己巳,0.027925351041365065,己,巳,土,火,8,33,2016-08
2016-08-16,10882.951,丙申,丙申,庚午,0.005622381228051143,庚,午,金,火,8,33,2016-08
2016-08-17,10890.688,丙申,丙申,辛未,0.0007109284972430796,辛,未,金,土,8,33,2016-08
2016-08-18,10879.196,丙申,丙申,壬申,-0.0010552134080050735,壬,申,水,金,8,33,2016-08
2016-08-19,10872.707,丙申,丙申,癸酉,-0.0005964595177805343,癸,酉,水,金,8,33,2016-08
2016-08-22,10731.4,丙申,丙申,丙子,-0.012996487443283522,丙,子,火,水,8,34,2016-08
2016-08-23,10750.294,丙申,丙申,丁丑,0.0017606276907020657,丁,丑,火,土,8,34,2016-08
2016-08-24,10760.439,丙申,丙申,戊寅,0.0009436951212684619,戊,寅,土,木,8,34,2016-08
2016-08-25,10679.147,丙申,丙申,己卯,-0.007554710360794692,己,卯,土,木,8,34,2016-08
2016-08-26,10693.751,丙申,丙申,庚辰,0.0013675249530697986,庚,辰,金,土,8,34,2016-08
2016-08-29,10724.399,丙申,丙申,癸未,0.0028659728471327472,癸,未,水,土,8,35,2016-08
2016-08-30,10729.115,丙申,丙申,甲申,0.00043974492183673775,甲,申,木,金,8,35,2016-08
2016-08-31,10757.876,丙申,丙申,乙酉,0.00268064980196403,乙,酉,木,金,8,35,2016-08
2016-09-01,10669.509,丙申,丙申,丙戌,-0.00821416792682872,丙,戌,火,土,9,35,2016-09
2016-09-02,10640.423,丙申,丙申,丁亥,-0.0027260860832489797,丁,亥,火,水,9,35,2016-09
2016-09-05,10695.453,丙申,丙申,庚寅,0.005171786873510387,庚,寅,金,木,9,36,2016-09
2016-09-06,10861.499,丙申,丙申,辛卯,0.01552491512047216,辛,卯,金,木,9,36,2016-09
2016-09-07,10838.715,丙申,丁酉,壬辰,-0.0020976846750158096,壬,辰,水,土,9,36,2016-09
2016-09-08,10851.194,丙申,丁酉,癸巳,0.0011513357441357286,癸,巳,水,火,9,36,2016-09
2016-09-09,10762.793,丙申,丁酉,甲午,-0.008146661095543961,甲,午,木,火,9,36,2016-09
2016-09-12,10461.576,丙申,丁酉,丁酉,-0.02798688035717123,丁,酉,火,金,9,37,2016-09
2016-09-13,10514.584,丙申,丁酉,戊戌,0.005066922995158762,戊,戌,土,土,9,37,2016-09
2016-09-14,10454.244,丙申,丁酉,己亥,-0.005738695891344792,己,亥,土,水,9,37,2016-09
2016-09-19,10557.249,丙申,丁酉,甲辰,0.009852936281188773,甲,辰,木,土,9,38,2016-09
2016-09-20,10544.525,丙申,丁酉,乙巳,-0.001205238220676641,乙,巳,木,火,9,38,2016-09
2016-09-21,10583.402,丙申,丁酉,丙午,0.0036869370597538698,丙,午,火,火,9,38,2016-09
2016-09-22,10662.214,丙申,丁酉,丁未,0.007446754833653646,丁,未,火,土,9,38,2016-09
2016-09-23,10609.695,丙申,丁酉,戊申,-0.004925712427081286,戊,申,土,金,9,38,2016-09
2016-09-26,10392.695,丙申,丁酉,辛亥,-0.020452991344237503,辛,亥,金,水,9,39,2016-09
2016-09-27,10476.969,丙申,丁酉,壬子,0.008108964998972734,壬,子,水,水,9,39,2016-09
2016-09-28,10467.16,丙申,丁酉,癸丑,-0.0009362440606629496,癸,丑,水,土,9,39,2016-09
2016-09-29,10512.249,丙申,丁酉,甲寅,0.004307663205683321,甲,寅,木,木,9,39,2016-09
2016-09-30,10567.577,丙申,丁酉,乙卯,0.005263193442240466,乙,卯,木,木,9,39,2016-09
2016-10-10,10741.689,丙申,戊戌,乙丑,0.01647605690500309,乙,丑,木,土,10,41,2016-10
2016-10-11,10782.309,丙申,戊戌,丙寅,0.0037815282121833604,丙,寅,火,木,10,41,2016-10
2016-10-12,10788.592,丙申,戊戌,丁卯,0.0005827137767988599,丁,卯,火,木,10,41,2016-10
2016-10-13,10787.489,丙申,戊戌,戊辰,-0.00010223762285210825,戊,辰,土,土,10,41,2016-10
2016-10-14,10759.682,丙申,戊戌,己巳,-0.002577708306353621,己,巳,土,火,10,41,2016-10
2016-10-17,10651.498,丙申,戊戌,壬申,-0.010054572244793225,壬,申,水,金,10,42,2016-10
2016-10-18,10797.022,丙申,戊戌,癸酉,0.013662303649683905,癸,酉,水,金,10,42,2016-10
2016-10-19,10757.919,丙申,戊戌,甲戌,-0.0036216467837151267,甲,戌,木,土,10,42,2016-10
2016-10-20,10784.328,丙申,戊戌,乙亥,0.0024548427999875333,乙,亥,木,水,10,42,2016-10
2016-10-21,10748.897,丙申,戊戌,丙子,-0.0032854156513042465,丙,子,火,水,10,42,2016-10
2016-10-24,10842.643,丙申,戊戌,己卯,0.00872145300117766,己,卯,土,木,10,43,2016-10
2016-10-25,10871.505,丙申,戊戌,庚辰,0.0026618971038703254,庚,辰,金,土,10,43,2016-10
2016-10-26,10817.511,丙申,戊戌,辛巳,-0.004966561667404723,辛,巳,金,火,10,43,2016-10
2016-10-27,10788.97,丙申,戊戌,壬午,-0.002638407300903256,壬,午,水,火,10,43,2016-10
2016-10-28,10711.037,丙申,戊戌,癸未,-0.0072233957458403,癸,未,水,土,10,43,2016-10
2016-10-31,10704.304,丙申,戊戌,丙戌,-0.0006286039344276517,丙,戌,火,土,10,44,2016-10
2016-11-01,10796.137,丙申,戊戌,丁亥,0.008579072492709505,丁,亥,火,水,11,44,2016-11
2016-11-02,10692.653,丙申,戊戌,戊子,-0.00958528036463413,戊,子,土,水,11,44,2016-11
2016-11-03,10743.963,丙申,戊戌,己丑,0.004798622007092135,己,丑,土,土,11,44,2016-11
2016-11-04,10702.57,丙申,戊戌,庚寅,-0.0038526752186320845,庚,寅,金,木,11,44,2016-11
2016-11-07,10695.178,丙申,己亥,癸巳,-0.0006906752303418306,癸,巳,水,火,11,45,2016-11
2016-11-08,10763.126,丙申,己亥,甲午,0.006353143444643994,甲,午,木,火,11,45,2016-11
2016-11-09,10697.114,丙申,己亥,乙未,-0.0061331624288334385,乙,未,木,土,11,45,2016-11
2016-11-10,10821.663,丙申,己亥,丙申,0.01164323386662991,丙,申,火,金,11,45,2016-11
2016-11-11,10878.139,丙申,己亥,丁酉,0.005218791233842612,丁,酉,火,金,11,45,2016-11
2016-11-14,10907.525,丙申,己亥,庚子,0.0027013811829394996,庚,子,金,水,11,46,2016-11
2016-11-15,10958.104,丙申,己亥,辛丑,0.004637073946656134,辛,丑,金,土,11,46,2016-11
2016-11-16,10968.084,丙申,己亥,壬寅,0.0009107414932365554,壬,寅,水,木,11,46,2016-11
2016-11-17,10945.416,丙申,己亥,癸卯,-0.0020667237778267955,癸,卯,水,木,11,46,2016-11
2016-11-18,10889.106,丙申,己亥,甲辰,-0.005144619446168064,甲,辰,木,土,11,46,2016-11
2016-11-21,10899.917,丙申,己亥,丁未,0.0009928271430179603,丁,未,火,土,11,47,2016-11
2016-11-22,10985.603,丙申,己亥,戊申,0.007861160777646203,戊,申,土,金,11,47,2016-11
2016-11-23,10973.8,丙申,己亥,己酉,-0.0010744062023723133,己,酉,土,金,11,47,2016-11
2016-11-24,10967.466,丙申,己亥,庚戌,-0.000577192950481975,庚,戌,金,土,11,47,2016-11
2016-11-25,11036.529,丙申,己亥,辛亥,0.006297079015334939,辛,亥,金,水,11,47,2016-11
2016-11-28,11068.867,丙申,己亥,甲寅,0.002930087892669908,甲,寅,木,木,11,48,2016-11
2016-11-29,11034.701,丙申,己亥,乙卯,-0.003086675447451004,乙,卯,木,木,11,48,2016-11
2016-11-30,11012.192,丙申,己亥,丙辰,-0.0020398377808333867,丙,辰,火,土,11,48,2016-11
2016-12-01,11088.156,丙申,己亥,丁巳,0.006898172498263966,丁,巳,火,火,12,48,2016-12
2016-12-02,10912.627,丙申,己亥,戊午,-0.01583031479715835,戊,午,土,火,12,48,2016-12
2016-12-05,10784.332,丙申,己亥,辛酉,-0.011756564207683451,辛,酉,金,金,12,49,2016-12
2016-12-06,10779.766,丙申,己亥,壬戌,-0.00042339200981578173,壬,戌,水,土,12,49,2016-12
2016-12-07,10855.718,丙申,庚子,癸亥,0.0070457930162863835,癸,亥,水,水,12,49,2016-12
2016-12-08,10812.297,丙申,庚子,甲子,-0.003999827556316449,甲,子,木,水,12,49,2016-12
2016-12-09,10789.624,丙申,庚子,乙丑,-0.0020969642250856513,乙,丑,木,土,12,49,2016-12
2016-12-12,10302.853,丙申,庚子,戊辰,-0.04511473245036168,戊,辰,土,土,12,50,2016-12
2016-12-13,10332.275,丙申,庚子,己巳,0.0028557138493581213,己,巳,土,火,12,50,2016-12
2016-12-14,10232.819,丙申,庚子,庚午,-0.009625760057683341,庚,午,金,火,12,50,2016-12
2016-12-15,10256.108,丙申,庚子,辛未,0.0022759124342959236,辛,未,金,土,12,50,2016-12
2016-12-16,10334.757,丙申,庚子,壬申,0.007668503490797729,壬,申,水,金,12,50,2016-12
2016-12-19,10283.164,丙申,庚子,乙亥,-0.0049921831737310685,乙,亥,木,水,12,51,2016-12
2016-12-20,10245.332,丙申,庚子,丙子,-0.0036790233045004284,丙,子,火,水,12,51,2016-12
2016-12-21,10313.569,丙申,庚子,丁丑,0.006660301491449916,丁,丑,火,土,12,51,2016-12
2016-12-22,10306.924,丙申,庚子,戊寅,-0.0006442968481616962,戊,寅,土,木,12,51,2016-12
2016-12-23,10199.86,丙申,庚子,己卯,-0.010387580232472882,己,卯,土,木,12,51,2016-12
2016-12-26,10233.419,丙申,庚子,壬午,0.0032901431980438822,壬,午,水,火,12,52,2016-12
2016-12-27,10230.57,丙申,庚子,癸未,-0.00027840157820180345,癸,未,水,土,12,52,2016-12
2016-12-28,10187.159,丙申,庚子,甲申,-0.004243263083093085,甲,申,木,金,12,52,2016-12
2016-12-29,10159.447,丙申,庚子,乙酉,-0.0027202873735454602,乙,酉,木,金,12,52,2016-12
2016-12-30,10177.138,丙申,庚子,丙戌,0.0017413349368327058,丙,戌,火,土,12,52,2016-12
2017-01-03,10262.847,丙申,庚子,庚寅,0.008421719347816436,庚,寅,金,木,1,1,2017-01
2017-01-04,10384.867,丙申,庚子,辛卯,0.011889488365168122,辛,卯,金,木,1,1,2017-01
2017-01-05,10371.471,丙申,辛丑,壬辰,-0.0012899539300792462,壬,辰,水,土,1,1,2017-01
2017-01-06,10289.361,丙申,辛丑,癸巳,-0.007916909761402136,癸,巳,水,火,1,1,2017-01
2017-01-09,10331.792,丙申,辛丑,丙申,0.004123774061382202,丙,申,火,金,1,2,2017-01
2017-01-10,10306.337,丙申,辛丑,丁酉,-0.0024637545935883853,丁,酉,火,金,1,2,2017-01
2017-01-11,10215.477,丙申,辛丑,戊戌,-0.008815935283311482,戊,戌,土,土,1,2,2017-01
2017-01-12,10131.23,丙申,辛丑,己亥,-0.008246996199981815,己,亥,土,水,1,2,2017-01
2017-01-13,10008.301,丙申,辛丑,庚子,-0.012133669850551199,庚,子,金,水,1,2,2017-01
2017-01-16,9712.796,丙申,辛丑,癸卯,-0.029525990475306352,癸,卯,水,木,1,3,2017-01
2017-01-17,9826.788,丙申,辛丑,甲辰,0.011736270379816505,甲,辰,木,土,1,3,2017-01
2017-01-18,9804.758,丙申,辛丑,乙巳,-0.00224183120669752,乙,巳,木,火,1,3,2017-01
2017-01-19,9768.574,丙申,辛丑,丙午,-0.003690453145299366,丙,午,火,火,1,3,2017-01
2017-01-20,9906.14,丙申,辛丑,丁未,0.014082505798696854,丁,未,火,土,1,3,2017-01
2017-01-23,9976.191,丙申,辛丑,庚戌,0.007071472844115023,庚,戌,金,土,1,4,2017-01
2017-01-24,9941.548,丙申,辛丑,辛亥,-0.00347256783676253,辛,亥,金,水,1,4,2017-01
2017-01-25,9977.963,丙申,辛丑,壬子,0.0036629104441279203,壬,子,水,水,1,4,2017-01
2017-01-26,10052.05,丙申,辛丑,癸丑,0.007425062610474598,癸,丑,水,土,1,4,2017-01
2017-02-03,10004.845,丁酉,壬寅,辛酉,-0.004696057023194311,辛,酉,金,金,2,5,2017-02
2017-02-06,10078.733,丁酉,壬寅,甲子,0.007385221860009006,甲,子,木,水,2,6,2017-02
2017-02-07,10055.565,丁酉,壬寅,乙丑,-0.0022987016324372833,乙,丑,木,土,2,6,2017-02
2017-02-08,10130.121,丁酉,壬寅,丙寅,0.007414401875976084,丙,寅,火,木,2,6,2017-02
2017-02-09,10182.729,丁酉,壬寅,丁卯,0.005193225233933507,丁,卯,火,木,2,6,2017-02
2017-02-10,10186.376,丁酉,壬寅,戊辰,0.00035815546107542673,戊,辰,土,土,2,6,2017-02
2017-02-13,10270.825,丁酉,壬寅,辛未,0.008290387081725692,辛,未,金,土,2,7,2017-02
2017-02-14,10264.918,丁酉,壬寅,壬申,-0.0005751241988838363,壬,申,水,金,2,7,2017-02
2017-02-15,10177.252,丁酉,壬寅,癸酉,-0.00854035073636239,癸,酉,水,金,2,7,2017-02
2017-02-16,10253.957,丁酉,壬寅,甲戌,0.0075369068192474575,甲,戌,木,土,2,7,2017-02
2017-02-17,10197.918,丁酉,壬寅,乙亥,-0.005465109713255201,乙,亥,木,水,2,7,2017-02
2017-02-20,10328.997,丁酉,壬寅,戊寅,0.012853505980338298,戊,寅,土,木,2,8,2017-02
2017-02-21,10405.746,丁酉,壬寅,己卯,0.0074304407291434504,己,卯,土,木,2,8,2017-02
2017-02-22,10444.377,丁酉,壬寅,庚辰,0.0037124680921485353,庚,辰,金,土,2,8,2017-02
2017-02-23,10432.64,丁酉,壬寅,辛巳,-0.001123762575786058,辛,巳,金,火,2,8,2017-02
2017-02-24,10443.729,丁酉,壬寅,壬午,0.001062914085025346,壬,午,水,火,2,8,2017-02
2017-02-27,10353.555,丁酉,壬寅,乙酉,-0.008634272298716161,乙,酉,木,金,2,9,2017-02
2017-02-28,10391.344,丁酉,壬寅,丙戌,0.003649857464416595,丙,戌,火,土,2,9,2017-02
2017-03-01,10418.622,丁酉,壬寅,丁亥,0.002625069480906461,丁,亥,火,水,3,9,2017-03
2017-03-02,10367.307,丁酉,壬寅,戊子,-0.004925315459184398,戊,子,土,水,3,9,2017-03
2017-03-03,10397.048,丁酉,壬寅,己丑,0.002868729555322247,己,丑,土,土,3,9,2017-03
2017-03-06,10522.276,丁酉,癸卯,壬辰,0.01204457265177572,壬,辰,水,土,3,10,2017-03
2017-03-07,10552.145,丁酉,癸卯,癸巳,0.0028386444149535173,癸,巳,水,火,3,10,2017-03
2017-03-08,10498.313,丁酉,癸卯,甲午,-0.00510152201282299,甲,午,木,火,3,10,2017-03
2017-03-09,10421.058,丁酉,癸卯,乙未,-0.007358801361704415,乙,未,木,土,3,10,2017-03
2017-03-10,10451.008,丁酉,癸卯,丙申,0.002873988418450324,丙,申,火,金,3,10,2017-03
2017-03-13,10559.884,丁酉,癸卯,己亥,0.010417751091569283,己,亥,土,水,3,11,2017-03
2017-03-14,10531.729,丁酉,癸卯,庚子,-0.0026662224698681403,庚,子,金,水,3,11,2017-03
2017-03-15,10543.01,丁酉,癸卯,辛丑,0.0010711441587607506,辛,丑,金,土,3,11,2017-03
2017-03-16,10624.421,丁酉,癸卯,壬寅,0.007721798613488984,壬,寅,水,木,3,11,2017-03
2017-03-17,10515.414,丁酉,癸卯,癸卯,-0.010260041464847824,癸,卯,水,木,3,11,2017-03
2017-03-20,10532.331,丁酉,癸卯,丙午,0.001608781166390516,丙,午,火,火,3,12,2017-03
2017-03-21,10586.621,丁酉,癸卯,丁未,0.005154604427073162,丁,未,火,土,3,12,2017-03
2017-03-22,10553.526,丁酉,癸卯,戊申,-0.003126115499931359,戊,申,土,金,3,12,2017-03
2017-03-23,10583.043,丁酉,癸卯,己酉,0.002796885135830429,己,酉,土,金,3,12,2017-03
2017-03-24,10646.724,丁酉,癸卯,庚戌,0.0060172674343286214,庚,戌,金,土,3,12,2017-03
2017-03-27,10581.919,丁酉,癸卯,癸丑,-0.006086848874827577,癸,丑,水,土,3,13,2017-03
2017-03-28,10563.285,丁酉,癸卯,甲寅,-0.001760928239953441,甲,寅,木,木,3,13,2017-03
2017-03-29,10520.816,丁酉,癸卯,乙卯,-0.004020434930989691,乙,卯,木,木,3,13,2017-03
2017-03-30,10348.271,丁酉,癸卯,丙辰,-0.016400343851655674,丙,辰,火,土,3,13,2017-03
2017-03-31,10428.723,丁酉,癸卯,丁巳,0.007774438841039233,丁,巳,火,火,3,13,2017-03
2017-04-05,10627.134,丁酉,甲辰,壬戌,0.01902543580839189,壬,戌,水,土,4,14,2017-04
2017-04-06,10656.175,丁酉,甲辰,癸亥,0.002732721729113319,癸,亥,水,水,4,14,2017-04
2017-04-07,10669.48,丁酉,甲辰,甲子,0.0012485718374557475,甲,子,木,水,4,14,2017-04
2017-04-10,10603.275,丁酉,甲辰,丁卯,-0.006205082159580377,丁,卯,火,木,4,15,2017-04
2017-04-11,10655.791,丁酉,甲辰,戊辰,0.00495280939143794,戊,辰,土,土,4,15,2017-04
2017-04-12,10587.313,丁酉,甲辰,己巳,-0.006426364781366267,己,巳,土,火,4,15,2017-04
2017-04-13,10654.085,丁酉,甲辰,庚午,0.006306793801222232,庚,午,金,火,4,15,2017-04
2017-04-14,10519.856,丁酉,甲辰,辛未,-0.012598829463065009,辛,未,金,土,4,15,2017-04
2017-04-17,10450.862,丁酉,甲辰,甲戌,-0.006558454792537138,甲,戌,木,土,4,16,2017-04
2017-04-18,10411.438,丁酉,甲辰,乙亥,-0.0037723204076370864,乙,亥,木,水,4,16,2017-04
2017-04-19,10348.407,丁酉,甲辰,丙子,-0.006054014824849463,丙,子,火,水,4,16,2017-04
2017-04-20,10359.09,丁酉,甲辰,丁丑,0.001032332802527014,丁,丑,火,土,4,16,2017-04
2017-04-21,10314.354,丁酉,甲辰,戊寅,-0.004318526048137539,戊,寅,土,木,4,16,2017-04
2017-04-24,10091.888,丁酉,甲辰,辛巳,-0.02156858296699904,辛,巳,金,火,4,17,2017-04
2017-04-25,10165.215,丁酉,甲辰,壬午,0.0072659347785071215,壬,午,水,火,4,17,2017-04
2017-04-26,10204.843,丁酉,甲辰,癸未,0.003898392704925646,癸,未,水,土,4,17,2017-04
2017-04-27,10229.194,丁酉,甲辰,甲申,0.002386219954584101,甲,申,木,金,4,17,2017-04
2017-04-28,10234.652,丁酉,甲辰,乙酉,0.0005335708756721846,乙,酉,木,金,4,17,2017-04
2017-05-02,10223.97,丁酉,甲辰,己丑,-0.0010437091559146738,己,丑,土,土,5,18,2017-05
2017-05-03,10184.136,丁酉,甲辰,庚寅,-0.0038961381928936945,庚,寅,金,木,5,18,2017-05
2017-05-04,10147.44,丁酉,甲辰,辛卯,-0.003603251174179145,辛,卯,金,木,5,18,2017-05
2017-05-05,10024.436,丁酉,乙巳,壬辰,-0.012121677979864964,壬,辰,水,土,5,18,2017-05
2017-05-08,9833.167,丁酉,乙巳,乙未,-0.019080275438937422,乙,未,木,土,5,19,2017-05
2017-05-09,9885.345,丁酉,乙巳,丙申,0.0053063270460065315,丙,申,火,金,5,19,2017-05
2017-05-10,9756.809,丁酉,乙巳,丁酉,-0.013002682253376086,丁,酉,火,金,5,19,2017-05
2017-05-11,9776.45,丁酉,乙巳,戊戌,0.002013055702945632,戊,戌,土,土,5,19,2017-05
2017-05-12,9787.986,丁酉,乙巳,己亥,0.0011799784175237082,己,亥,土,水,5,19,2017-05
2017-05-15,9845.604,丁酉,乙巳,壬寅,0.005886604251374994,壬,寅,水,木,5,20,2017-05
2017-05-16,10046.662,丁酉,乙巳,癸卯,0.02042109351544119,癸,卯,水,木,5,20,2017-05
2017-05-17,10030.111,丁酉,乙巳,甲辰,-0.0016474128421957168,甲,辰,木,土,5,20,2017-05
2017-05-18,9974.348,丁酉,乙巳,乙巳,-0.005559559610058273,乙,巳,木,火,5,20,2017-05
2017-05-19,9970.962,丁酉,乙巳,丙午,-0.0003394708105232125,丙,午,火,火,5,20,2017-05
2017-05-22,9899.646,丁酉,乙巳,己酉,-0.0071523690492451,己,酉,土,金,5,21,2017-05
2017-05-23,9763.783,丁酉,乙巳,庚戌,-0.01372402609143819,庚,戌,金,土,5,21,2017-05
2017-05-24,9812.458,丁酉,乙巳,辛亥,0.004985260323790541,辛,亥,金,水,5,21,2017-05
2017-05-25,9893.778,丁酉,乙巳,壬子,0.008287424007318078,壬,子,水,水,5,21,2017-05
2017-05-26,9859.234,丁酉,乙巳,癸丑,-0.003491487276144678,癸,丑,水,土,5,21,2017-05
2017-05-31,9864.845,丁酉,乙巳,戊午,0.0005691111500141233,戊,午,土,火,5,22,2017-05
2017-06-01,9730.326,丁酉,乙巳,己未,-0.01363620006193711,己,未,土,土,6,22,2017-06
2017-06-02,9794.889,丁酉,乙巳,庚申,0.006635235037346199,庚,申,金,金,6,22,2017-06
2017-06-05,9842.603,丁酉,丙午,癸亥,0.00487131605064639,癸,亥,水,水,6,23,2017-06
2017-06-06,9915.923,丁酉,丙午,甲子,0.007449248943597775,甲,子,木,水,6,23,2017-06
2017-06-07,10109.876,丁酉,丙午,乙丑,0.019559752531357777,乙,丑,木,土,6,23,2017-06
2017-06-08,10148.722,丁酉,丙午,丙寅,0.0038423814495844866,丙,寅,火,木,6,23,2017-06
2017-06-09,10177.447,丁酉,丙午,丁卯,0.002830405641222722,丁,卯,火,木,6,23,2017-06
2017-06-12,10119.986,丁酉,丙午,庚午,-0.005645914933283258,庚,午,金,火,6,24,2017-06
2017-06-13,10224.817,丁酉,丙午,辛未,0.01035880879677098,辛,未,金,土,6,24,2017-06
2017-06-14,10151.534,丁酉,丙午,壬申,-0.007167169837856258,壬,申,水,金,6,24,2017-06
2017-06-15,10221.691,丁酉,丙午,癸酉,0.006910975227980343,癸,酉,水,金,6,24,2017-06
2017-06-16,10191.24,丁酉,丙午,甲戌,-0.002979056987733375,甲,戌,木,土,6,24,2017-06
2017-06-19,10262.8,丁酉,丙午,丁丑,0.007021716690019941,丁,丑,火,土,6,25,2017-06
2017-06-20,10288.526,丁酉,丙午,戊寅,0.0025067233113771348,戊,寅,土,木,6,25,2017-06
2017-06-21,10367.173,丁酉,丙午,己卯,0.007644146498730908,己,卯,土,木,6,25,2017-06
2017-06-22,10265.199,丁酉,丙午,庚辰,-0.009836239831244264,庚,辰,金,土,6,25,2017-06
2017-06-23,10366.776,丁酉,丙午,辛巳,0.00989527821136238,辛,巳,金,火,6,25,2017-06
2017-06-26,10537.591,丁酉,丙午,甲申,0.016477157411330268,甲,申,木,金,6,26,2017-06
2017-06-27,10535.364,丁酉,丙午,乙酉,-0.00021133862568789574,乙,酉,木,金,6,26,2017-06
2017-06-28,10451.565,丁酉,丙午,丙戌,-0.007954067842363965,丙,戌,火,土,6,26,2017-06
2017-06-29,10511.86,丁酉,丙午,丁亥,0.005768992490598368,丁,亥,火,水,6,26,2017-06
2017-06-30,10529.609,丁酉,丙午,戊子,0.0016884737810434203,戊,子,土,水,6,26,2017-06
2017-07-03,10535.046,丁酉,丙午,辛卯,0.000516353456239349,辛,卯,金,木,7,27,2017-07
2017-07-04,10474.828,丁酉,丙午,壬辰,-0.005715969346503202,壬,辰,水,土,7,27,2017-07
2017-07-05,10561.089,丁酉,丙午,癸巳,0.008235075554462679,癸,巳,水,火,7,27,2017-07
2017-07-06,10562.056,丁酉,丙午,甲午,9.156252731146175e-05,甲,午,木,火,7,27,2017-07
2017-07-07,10563.717,丁酉,丁未,乙未,0.00015726104841706778,乙,未,木,土,7,27,2017-07
2017-07-10,10505.602,丁酉,丁未,戊戌,-0.005501377971409149,戊,戌,土,土,7,28,2017-07
2017-07-11,10467.711,丁酉,丁未,己亥,-0.003606742383730266,己,亥,土,水,7,28,2017-07
2017-07-12,10453.193,丁酉,丁未,庚子,-0.0013869316797149311,庚,子,金,水,7,28,2017-07
2017-07-13,10466.103,丁酉,丁未,辛丑,0.001235029335055815,辛,丑,金,土,7,28,2017-07
2017-07-14,10427.787,丁酉,丁未,壬寅,-0.003660961486811165,壬,寅,水,木,7,28,2017-07
2017-07-17,10055.796,丁酉,丁未,乙巳,-0.03567305316075209,乙,巳,木,火,7,29,2017-07
2017-07-18,10103.763,丁酉,丁未,丙午,0.004770084834656574,丙,午,火,火,7,29,2017-07
2017-07-19,10295.575,丁酉,丁未,丁未,0.018984214099242003,丁,未,火,土,7,29,2017-07
2017-07-20,10366.982,丁酉,丁未,戊申,0.006935698103311294,戊,申,土,金,7,29,2017-07
2017-07-21,10364.82,丁酉,丁未,己酉,-0.00020854671108716527,己,酉,土,金,7,29,2017-07
2017-07-24,10404.223,丁酉,丁未,壬子,0.003801609675807116,壬,子,水,水,7,30,2017-07
2017-07-25,10353.212,丁酉,丁未,癸丑,-0.004902912980623397,癸,丑,水,土,7,30,2017-07
2017-07-26,10297.343,丁酉,丁未,甲寅,-0.0053962963377933715,甲,寅,木,木,7,30,2017-07
2017-07-27,10395.193,丁酉,丁未,乙卯,0.009502451263398548,乙,卯,木,木,7,30,2017-07
2017-07-28,10437.938,丁酉,丁未,丙辰,0.0041119967661977785,丙,辰,火,土,7,30,2017-07
2017-07-31,10505.044,丁酉,丁未,己未,0.006429047576254954,己,未,土,土,7,31,2017-07
2017-08-01,10525.347,丁酉,丁未,庚申,0.001932690619858457,庚,申,金,金,8,31,2017-08
2017-08-02,10469.338,丁酉,丁未,辛酉,-0.005321344749964041,辛,酉,金,金,8,31,2017-08
2017-08-03,10436.172,丁酉,丁未,壬戌,-0.003167917589440683,壬,戌,水,土,8,31,2017-08
2017-08-04,10361.231,丁酉,丁未,癸亥,-0.007180889697870119,癸,亥,水,水,8,31,2017-08
2017-08-07,10451.083,丁酉,戊申,丙寅,0.008671942551999878,丙,寅,火,木,8,32,2017-08
2017-08-08,10496.245,丁酉,戊申,丁卯,0.004321274646847728,丁,卯,火,木,8,32,2017-08
2017-08-09,10544.59,丁酉,戊申,戊辰,0.004605932883616992,戊,辰,土,土,8,32,2017-08
2017-08-10,10480.642,丁酉,戊申,己巳,-0.006064531669794704,己,巳,土,火,8,32,2017-08
2017-08-11,10291.347,丁酉,戊申,庚午,-0.01806139356730252,庚,午,金,火,8,32,2017-08
2017-08-14,10519.804,丁酉,戊申,癸酉,0.02219894052741589,癸,酉,水,金,8,33,2017-08
2017-08-15,10559.778,丁酉,戊申,甲戌,0.0037998806821877285,甲,戌,木,土,8,33,2017-08
2017-08-16,10600.779,丁酉,戊申,乙亥,0.003882752080583529,乙,亥,木,水,8,33,2017-08
2017-08-17,10653.73,丁酉,戊申,丙子,0.004995010272358158,丙,子,火,水,8,33,2017-08
2017-08-18,10614.082,丁酉,戊申,丁丑,-0.003721513498089357,丁,丑,火,土,8,33,2017-08
2017-08-21,10689.772,丁酉,戊申,庚辰,0.0071310924486922556,庚,辰,金,土,8,34,2017-08
2017-08-22,10653.982,丁酉,戊申,辛巳,-0.003348060183135937,辛,巳,金,火,8,34,2017-08
2017-08-23,10619.337,丁酉,戊申,壬午,-0.003251835792476454,壬,午,水,火,8,34,2017-08
2017-08-24,10552.962,丁酉,戊申,癸未,-0.006250390207976242,癸,未,水,土,8,34,2017-08
2017-08-25,10659.009,丁酉,戊申,甲申,0.010049026993558918,甲,申,木,金,8,34,2017-08
2017-08-28,10809.736,丁酉,戊申,丁亥,0.014140808024460938,丁,亥,火,水,8,35,2017-08
2017-08-29,10762.366,丁酉,戊申,戊子,-0.004382160674414326,戊,子,土,水,8,35,2017-08
2017-08-30,10813.927,丁酉,戊申,己丑,0.004790861043008521,己,丑,土,土,8,35,2017-08
2017-08-31,10816.645,丁酉,戊申,庚寅,0.00025134255113812287,庚,寅,金,木,8,35,2017-08
2017-09-01,10880.557,丁酉,戊申,辛卯,0.005908671311668279,辛,卯,金,木,9,35,2017-09
2017-09-04,10962.854,丁酉,戊申,甲午,0.007563675278756232,甲,午,木,火,9,36,2017-09
2017-09-05,10986.947,丁酉,戊申,乙未,0.00219769414059523,乙,未,木,土,9,36,2017-09
2017-09-06,11024.586,丁酉,戊申,丙申,0.003425792442613984,丙,申,火,金,9,36,2017-09
2017-09-07,10969.127,丁酉,己酉,丁酉,-0.005030483684375864,丁,酉,火,金,9,36,2017-09
2017-09-08,10970.772,丁酉,己酉,戊戌,0.00014996635557240623,戊,戌,土,土,9,36,2017-09
2017-09-11,11053.729,丁酉,己酉,辛丑,0.0075616374125722086,辛,丑,金,土,9,37,2017-09
2017-09-12,11043.605,丁酉,己酉,壬寅,-0.00091589001322534,壬,寅,水,木,9,37,2017-09
2017-09-13,11091.492,丁酉,己酉,癸卯,0.0043361746458696615,癸,卯,水,木,9,37,2017-09
2017-09-14,11070.492,丁酉,己酉,甲辰,-0.0018933431138029588,甲,辰,木,土,9,37,2017-09
2017-09-15,11063.104,丁酉,己酉,乙巳,-0.0006673596801298753,乙,巳,木,火,9,37,2017-09
2017-09-18,11153.532,丁酉,己酉,戊申,0.008173836203654972,戊,申,土,金,9,38,2017-09
2017-09-19,11083.899,丁酉,己酉,己酉,-0.006243134461800914,己,酉,土,金,9,38,2017-09
2017-09-20,11191.13,丁酉,己酉,庚戌,0.009674483681238799,庚,戌,金,土,9,38,2017-09
2017-09-21,11098.339,丁酉,己酉,辛亥,-0.00829147726815782,辛,亥,金,水,9,38,2017-09
2017-09-22,11069.822,丁酉,己酉,壬子,-0.0025694835956984186,壬,子,水,水,9,38,2017-09
2017-09-25,10930.67,丁酉,己酉,乙卯,-0.012570391827438576,乙,卯,木,木,9,39,2017-09
2017-09-26,10950.769,丁酉,己酉,丙辰,0.0018387710908847055,丙,辰,火,土,9,39,2017-09
2017-09-27,11036.78,丁酉,己酉,丁巳,0.00785433424812454,丁,巳,火,火,9,39,2017-09
2017-09-28,11031.422,丁酉,己酉,戊午,-0.00048546768169699384,戊,午,土,火,9,39,2017-09
2017-09-29,11087.187,丁酉,己酉,己未,0.005055105316431607,己,未,土,土,9,39,2017-09
2017-10-09,11264.273,丁酉,庚戌,己巳,0.01597213071268655,己,巳,土,火,10,41,2017-10
2017-10-10,11329.514,丁酉,庚戌,庚午,0.0057918518132507035,庚,午,金,火,10,41,2017-10
2017-10-11,11312.496,丁酉,庚戌,辛未,-0.001502094441120816,辛,未,金,土,10,41,2017-10
2017-10-12,11307.325,丁酉,庚戌,壬申,-0.00045710513400387676,壬,申,水,金,10,41,2017-10
2017-10-13,11399.094,丁酉,庚戌,癸酉,0.008115889478722771,癸,酉,水,金,10,41,2017-10
2017-10-16,11271.199,丁酉,庚戌,丙子,-0.011219751324096361,丙,子,火,水,10,42,2017-10
2017-10-17,11275.341,丁酉,庚戌,丁丑,0.0003674853048021287,丁,丑,火,土,10,42,2017-10
2017-10-18,11282.747,丁酉,庚戌,戊寅,0.0006568315760915322,戊,寅,土,木,10,42,2017-10
2017-10-19,11189.553,丁酉,庚戌,己卯,-0.00825986792046296,己,卯,土,木,10,42,2017-10
2017-10-20,11238.877,丁酉,庚戌,庚辰,0.00440804024968644,庚,辰,金,土,10,42,2017-10
2017-10-23,11306.308,丁酉,庚戌,癸未,0.005999798734339867,癸,未,水,土,10,43,2017-10
2017-10-24,11339.127,丁酉,庚戌,甲申,0.0029027158998322644,甲,申,木,金,10,43,2017-10
2017-10-25,11437.209,丁酉,庚戌,乙酉,0.008649872252070256,乙,酉,木,金,10,43,2017-10
2017-10-26,11461.285,丁酉,庚戌,丙戌,0.002105059022703859,丙,戌,火,土,10,43,2017-10
2017-10-27,11444.524,丁酉,庚戌,丁亥,-0.001462401467200225,丁,亥,火,水,10,43,2017-10
2017-10-30,11312.607,丁酉,庚戌,庚寅,-0.011526648028349573,庚,寅,金,木,10,44,2017-10
2017-10-31,11367.619,丁酉,庚戌,辛卯,0.004862893230534793,辛,卯,金,木,10,44,2017-10
2017-11-01,11350.32,丁酉,庚戌,壬辰,-0.0015217786591897875,壬,辰,水,土,11,44,2017-11
2017-11-02,11292.422,丁酉,庚戌,癸巳,-0.005101001557665241,癸,巳,水,火,11,44,2017-11
2017-11-03,11215.194,丁酉,庚戌,甲午,-0.006838922597827146,甲,午,木,火,11,44,2017-11
2017-11-06,11373.736,丁酉,庚戌,丁酉,0.014136358229737356,丁,酉,火,金,11,45,2017-11
2017-11-07,11467.969,丁酉,辛亥,戊戌,0.008285140432308102,戊,戌,土,土,11,45,2017-11
2017-11-08,11447.4,丁酉,辛亥,己亥,-0.001793604429868978,己,亥,土,水,11,45,2017-11
2017-11-09,11553.239,丁酉,辛亥,庚子,0.009245680241801724,庚,子,金,水,11,45,2017-11
2017-11-10,11645.047,丁酉,辛亥,辛丑,0.007946516124179626,辛,丑,金,土,11,45,2017-11
2017-11-13,11694.996,丁酉,辛亥,甲辰,0.004289291404319773,甲,辰,木,土,11,46,2017-11
2017-11-14,11582.925,丁酉,辛亥,乙巳,-0.009582816445597775,乙,巳,木,火,11,46,2017-11
2017-11-15,11462.11,丁酉,辛亥,丙午,-0.01043043963420287,丙,午,火,火,11,46,2017-11
2017-11-16,11537.956,丁酉,辛亥,丁未,0.006617106274499074,丁,未,火,土,11,46,2017-11
2017-11-17,11292.934,丁酉,辛亥,戊申,-0.02123617042741377,戊,申,土,金,11,46,2017-11
2017-11-20,11437.546,丁酉,辛亥,辛亥,0.012805529546174643,辛,亥,金,水,11,47,2017-11
2017-11-21,11602.1,丁酉,辛亥,壬子,0.014387177109495441,壬,子,水,水,11,47,2017-11
2017-11-22,11560.797,丁酉,辛亥,癸丑,-0.003559958972944588,癸,丑,水,土,11,47,2017-11
2017-11-23,11175.47,丁酉,辛亥,甲寅,-0.03333048750877654,甲,寅,木,木,11,47,2017-11
2017-11-24,11168.393,丁酉,辛亥,乙卯,-0.0006332619567677167,乙,卯,木,木,11,47,2017-11
2017-11-27,10954.181,丁酉,辛亥,戊午,-0.01918019897759682,戊,午,土,火,11,48,2017-11
2017-11-28,11091.137,丁酉,辛亥,己未,0.012502623427529613,己,未,土,土,11,48,2017-11
2017-11-29,11082.132,丁酉,辛亥,庚申,-0.000811909545432643,庚,申,金,金,11,48,2017-11
2017-11-30,10944.099,丁酉,辛亥,辛酉,-0.012455455322134767,辛,酉,金,金,11,48,2017-11
2017-12-01,11013.153,丁酉,辛亥,壬戌,0.006309701694036329,壬,戌,水,土,12,48,2017-12
2017-12-04,11014.549,丁酉,辛亥,乙丑,0.00012675752348134672,乙,丑,木,土,12,49,2017-12
2017-12-05,10854.755,丁酉,辛亥,丙寅,-0.014507539074001263,丙,寅,火,木,12,49,2017-12
2017-12-06,10911.329,丁酉,辛亥,丁卯,0.005211909435081763,丁,卯,火,木,12,49,2017-12
2017-12-07,10801.253,丁酉,壬子,戊辰,-0.010088230315482116,戊,辰,土,土,12,49,2017-12
2017-12-08,10935.058,丁酉,壬子,己巳,0.012387914624349516,己,巳,土,火,12,49,2017-12
2017-12-11,11143.261,丁酉,壬子,壬申,0.01903995388044577,壬,申,水,金,12,50,2017-12
2017-12-12,11043.212,丁酉,壬子,癸酉,-0.00897843099968676,癸,酉,水,金,12,50,2017-12
2017-12-13,11143.889,丁酉,壬子,甲戌,0.009116641064212061,甲,戌,木,土,12,50,2017-12
2017-12-14,11110.178,丁酉,壬子,乙亥,-0.0030250660249756534,乙,亥,木,水,12,50,2017-12
2017-12-15,10998.117,丁酉,壬子,丙子,-0.010086337050585481,丙,子,火,水,12,50,2017-12
2017-12-18,10960.115,丁酉,壬子,己卯,-0.0034553187604751123,己,卯,土,木,12,51,2017-12
2017-12-19,11074.994,丁酉,壬子,庚辰,0.010481550604168,庚,辰,金,土,12,51,2017-12
2017-12-20,11003.333,丁酉,壬子,辛巳,-0.006470522692833991,辛,巳,金,火,12,51,2017-12
2017-12-21,11118.247,丁酉,壬子,壬午,0.010443562873176493,壬,午,水,火,12,51,2017-12
2017-12-22,11094.155,丁酉,壬子,癸未,-0.00216688835928891,癸,未,水,土,12,51,2017-12
2017-12-25,11005.503,丁酉,壬子,丙戌,-0.00799087447399105,丙,戌,火,土,12,52,2017-12
2017-12-26,11021.831,丁酉,壬子,丁亥,0.00148362142102898,丁,亥,火,水,12,52,2017-12
2017-12-27,10911.212,丁酉,壬子,戊子,-0.010036354213741827,戊,子,土,水,12,52,2017-12
2017-12-28,10974.007,丁酉,壬子,己丑,0.005755089352126985,己,丑,土,土,12,52,2017-12
2017-12-29,11040.45,丁酉,壬子,庚寅,0.006054579699101836,庚,寅,金,木,12,52,2017-12
2018-01-02,11178.052,丁酉,壬子,甲午,0.012463441254658925,甲,午,木,火,1,1,2018-01
2018-01-03,11280.296,丁酉,壬子,乙未,0.009146853136843491,乙,未,木,土,1,1,2018-01
2018-01-04,11341.346,丁酉,壬子,丙申,0.005412092023117099,丙,申,火,金,1,1,2018-01
2018-01-05,11342.848,丁酉,癸丑,丁酉,0.00013243577966859377,丁,酉,火,金,1,1,2018-01
2018-01-08,11382.717,丁酉,癸丑,庚子,0.003514902077502935,庚,子,金,水,1,2,2018-01
2018-01-09,11447.091,丁酉,癸丑,辛丑,0.005655416013593317,辛,丑,金,土,1,2,2018-01
2018-01-10,11437.084,丁酉,癸丑,壬寅,-0.0008741958983290443,壬,寅,水,木,1,2,2018-01
2018-01-11,11464.196,丁酉,癸丑,癸卯,0.0023705343075208773,癸,卯,水,木,1,2,2018-01
2018-01-12,11461.991,丁酉,癸丑,甲辰,-0.00019233795374751228,甲,辰,木,土,1,2,2018-01
2018-01-15,11307.46,丁酉,癸丑,丁未,-0.013482038155500309,丁,未,火,土,1,3,2018-01
2018-01-16,11386.91,丁酉,癸丑,戊申,0.007026334826742753,戊,申,土,金,1,3,2018-01
2018-01-17,11303.967,丁酉,癸丑,己酉,-0.007284065650821847,己,酉,土,金,1,3,2018-01
2018-01-18,11319.905,丁酉,癸丑,庚戌,0.0014099474989621719,庚,戌,金,土,1,3,2018-01
2018-01-19,11296.273,丁酉,癸丑,辛亥,-0.00208765002886524,辛,亥,金,水,1,3,2018-01
2018-01-22,11513.081,丁酉,癸丑,甲寅,0.019192878925642143,甲,寅,木,木,1,4,2018-01
2018-01-23,11555.255,丁酉,癸丑,乙卯,0.003663137608429734,乙,卯,木,木,1,4,2018-01
2018-01-24,11607.569,丁酉,癸丑,丙辰,0.0045272908300162396,丙,辰,火,土,1,4,2018-01
2018-01-25,11552.562,丁酉,癸丑,丁巳,-0.004738890632483006,丁,巳,火,火,1,4,2018-01
2018-01-26,11557.815,丁酉,癸丑,戊午,0.0004547043331168954,戊,午,土,火,1,4,2018-01
2018-01-29,11352.716,丁酉,癸丑,辛酉,-0.017745482169423954,辛,酉,金,金,1,5,2018-01
2018-01-30,11278.781,丁酉,癸丑,壬戌,-0.006512538497395637,壬,戌,水,土,1,5,2018-01
2018-01-31,11159.676,丁酉,癸丑,癸亥,-0.01056009510247613,癸,亥,水,水,1,5,2018-01
2018-02-01,10864.342,丁酉,癸丑,甲子,-0.026464388392637872,甲,子,木,水,2,5,2018-02
2018-02-02,10925.161,丁酉,癸丑,乙丑,0.005598038058816535,乙,丑,木,土,2,5,2018-02
2018-02-05,10836.252,戊戌,甲寅,戊辰,-0.008138003641319336,戊,辰,土,土,2,6,2018-02
2018-02-06,10377.609,戊戌,甲寅,己巳,-0.04232487395088269,己,巳,土,火,2,6,2018-02
2018-02-07,10246.974,戊戌,甲寅,庚午,-0.012588159758187056,庚,午,金,火,2,6,2018-02
2018-02-08,10372.588,戊戌,甲寅,辛未,0.012258643380963052,辛,未,金,土,2,6,2018-02
2018-02-09,10001.228,戊戌,甲寅,壬申,-0.03580205827128202,壬,申,水,金,2,6,2018-02
2018-02-12,10291.882,戊戌,甲寅,乙亥,0.029061831207127797,乙,亥,木,水,2,7,2018-02
2018-02-13,10362.432,戊戌,甲寅,丙子,0.006854917302782981,丙,子,火,水,2,7,2018-02
2018-02-14,10431.914,戊戌,甲寅,丁丑,0.006705182721584935,丁,丑,火,土,2,7,2018-02
2018-02-22,10658.937,戊戌,甲寅,乙酉,0.02176235348565947,乙,酉,木,金,2,8,2018-02
2018-02-23,10662.791,戊戌,甲寅,丙戌,0.00036157451723362044,丙,戌,火,土,2,8,2018-02
2018-02-26,10895.562,戊戌,甲寅,己丑,0.02183021312149891,己,丑,土,土,2,9,2018-02
2018-02-27,10807.534,戊戌,甲寅,庚寅,-0.008079252818716465,庚,寅,金,木,2,9,2018-02
2018-02-28,10828.73,戊戌,甲寅,辛卯,0.001961224456938915,辛,卯,金,木,2,9,2018-02
2018-03-01,10943.131,戊戌,甲寅,壬辰,0.010564581442145116,壬,辰,水,土,3,9,2018-03
2018-03-02,10856.246,戊戌,甲寅,癸巳,-0.007939683807129838,癸,巳,水,火,3,9,2018-03
2018-03-05,10875.68,戊戌,乙卯,丙申,0.0017901215576729967,丙,申,火,金,3,10,2018-03
2018-03-06,11007.952,戊戌,乙卯,丁酉,0.012162182042869896,丁,酉,火,金,3,10,2018-03
2018-03-07,10904.988,戊戌,乙卯,戊戌,-0.009353601832566172,戊,戌,土,土,3,10,2018-03
2018-03-08,11019.078,戊戌,乙卯,己亥,0.010462184827713772,己,亥,土,水,3,10,2018-03
2018-03-09,11194.914,戊戌,乙卯,庚子,0.01595741494887326,庚,子,金,水,3,10,2018-03
2018-03-12,11326.271,戊戌,乙卯,癸卯,0.011733631897484775,癸,卯,水,木,3,11,2018-03
2018-03-13,11241.405,戊戌,乙卯,甲辰,-0.007492845615295618,甲,辰,木,土,3,11,2018-03
2018-03-14,11139.627,戊戌,乙卯,乙巳,-0.009053850475096326,乙,巳,木,火,3,11,2018-03
2018-03-15,11163.654,戊戌,乙卯,丙午,0.002156894481296412,丙,午,火,火,3,11,2018-03
2018-03-16,11051.122,戊戌,乙卯,丁未,-0.010080212088264373,丁,未,火,土,3,11,2018-03
2018-03-19,11068.493,戊戌,乙卯,庚戌,0.0015718765931640455,庚,戌,金,土,3,12,2018-03
2018-03-20,11077.802,戊戌,乙卯,辛亥,0.0008410359025388114,辛,亥,金,水,3,12,2018-03
2018-03-21,10980.55,戊戌,乙卯,壬子,-0.008778997855350745,壬,子,水,水,3,12,2018-03
2018-03-22,10877.252,戊戌,乙卯,癸丑,-0.009407361197754094,癸,丑,水,土,3,12,2018-03
2018-03-23,10439.986,戊戌,乙卯,甲寅,-0.0402000431726689,甲,寅,木,木,3,12,2018-03
2018-03-26,10564.375,戊戌,乙卯,丁巳,0.011914671149942047,丁,巳,火,火,3,13,2018-03
2018-03-27,10775.711,戊戌,乙卯,戊午,0.020004590901023356,戊,午,土,火,3,13,2018-03
2018-03-28,10630.688,戊戌,乙卯,己未,-0.013458323074922784,己,未,土,土,3,13,2018-03
2018-03-29,10755.92,戊戌,乙卯,庚申,0.011780234731750161,庚,申,金,金,3,13,2018-03
2018-03-30,10868.655,戊戌,乙卯,辛酉,0.010481204769094754,辛,酉,金,金,3,13,2018-03
2018-04-02,10852.947,戊戌,乙卯,甲子,-0.001445257025823432,甲,子,木,水,4,14,2018-04
2018-04-03,10754.285,戊戌,乙卯,乙丑,-0.009090802710084223,乙,丑,木,土,4,14,2018-04
2018-04-04,10684.562,戊戌,乙卯,丙寅,-0.006483276201067811,丙,寅,火,木,4,14,2018-04
2018-04-09,10653.376,戊戌,丙辰,辛未,-0.002918790681358696,辛,未,金,土,4,15,2018-04
2018-04-10,10765.615,戊戌,丙辰,壬申,0.010535533524771878,壬,申,水,金,4,15,2018-04
2018-04-11,10808.37,戊戌,丙辰,癸酉,0.003971440554023209,癸,酉,水,金,4,15,2018-04
2018-04-12,10726.955,戊戌,丙辰,甲戌,-0.007532588170094168,甲,戌,木,土,4,15,2018-04
2018-04-13,10687.019,戊戌,丙辰,乙亥,-0.0037229577265869285,乙,亥,木,水,4,15,2018-04
2018-04-16,10621.788,戊戌,丙辰,戊寅,-0.006103760085015231,戊,寅,土,木,4,16,2018-04
2018-04-17,10395.156,戊戌,丙辰,己卯,-0.02133652074396508,己,卯,土,木,4,16,2018-04
2018-04-18,10491.149,戊戌,丙辰,庚辰,0.009234397251950632,庚,辰,金,土,4,16,2018-04
2018-04-19,10598.353,戊戌,丙辰,辛巳,0.010218518486392547,辛,巳,金,火,4,16,2018-04
2018-04-20,10408.91,戊戌,丙辰,壬午,-0.017874758464829332,壬,午,水,火,4,16,2018-04
2018-04-23,10330.629,戊戌,丙辰,乙酉,-0.007520576121803235,乙,酉,木,金,4,17,2018-04
2018-04-24,10556.822,戊戌,丙辰,丙戌,0.021895375392921412,丙,戌,火,土,4,17,2018-04
2018-04-25,10547.099,戊戌,丙辰,丁亥,-0.0009210158132816337,丁,亥,火,水,4,17,2018-04
2018-04-26,10292.119,戊戌,丙辰,戊子,-0.02417536803247977,戊,子,土,水,4,17,2018-04
2018-04-27,10324.468,戊戌,丙辰,己丑,0.003143084529045881,己,丑,土,土,4,17,2018-04
2018-05-02,10342.846,戊戌,丙辰,甲午,0.001780043291334632,甲,午,木,火,5,18,2018-05
2018-05-03,10458.622,戊戌,丙辰,乙未,0.011193824214341008,乙,未,木,土,5,18,2018-05
2018-05-04,10426.188,戊戌,丙辰,丙申,-0.0031011733668163677,丙,申,火,金,5,18,2018-05
2018-05-07,10626.509,戊戌,丁巳,己亥,0.019213254163458426,己,亥,土,水,5,19,2018-05
2018-05-08,10707.804,戊戌,丁巳,庚子,0.00765020760816193,庚,子,金,水,5,19,2018-05
2018-05-09,10689.071,戊戌,丁巳,辛丑,-0.0017494716937291876,辛,丑,金,土,5,19,2018-05
2018-05-10,10729.766,戊戌,丁巳,壬寅,0.0038071596680384623,壬,寅,水,木,5,19,2018-05
2018-05-11,10634.301,戊戌,丁巳,癸卯,-0.008897211737888822,癸,卯,水,木,5,19,2018-05
2018-05-14,10671.457,戊戌,丁巳,丙午,0.0034939767080131023,丙,午,火,火,5,20,2018-05
2018-05-15,10747.993,戊戌,丁巳,丁未,0.007172029086562448,丁,未,火,土,5,20,2018-05
2018-05-16,10701.323,戊戌,丁巳,戊申,-0.004342206028604578,戊,申,土,金,5,20,2018-05
2018-05-17,10635.498,戊戌,丁巳,己酉,-0.006151108605917277,己,酉,土,金,5,20,2018-05
2018-05-18,10672.522,戊戌,丁巳,庚戌,0.003481172202749905,庚,戌,金,土,5,20,2018-05
2018-05-21,10765.348,戊戌,丁巳,癸丑,0.008697663026602243,癸,丑,水,土,5,21,2018-05
2018-05-22,10765.805,戊戌,丁巳,甲寅,4.245101969768683e-05,甲,寅,木,木,5,21,2018-05
2018-05-23,10631.123,戊戌,丁巳,乙卯,-0.01251016528722193,乙,卯,木,木,5,21,2018-05
2018-05-24,10564.127,戊戌,丁巳,丙辰,-0.006301874223447412,丙,辰,火,土,5,21,2018-05
2018-05-25,10448.225,戊戌,丁巳,丁巳,-0.010971280447499399,丁,巳,火,火,5,21,2018-05
2018-05-28,10465.537,戊戌,丁巳,庚申,0.0016569321583330687,庚,申,金,金,5,22,2018-05
2018-05-29,10349.065,戊戌,丁巳,辛酉,-0.011129099252145336,辛,酉,金,金,5,22,2018-05
2018-05-30,10105.795,戊戌,丁巳,壬戌,-0.023506471357557457,壬,戌,水,土,5,22,2018-05
2018-05-31,10295.729,戊戌,丁巳,癸亥,0.018794562921571112,癸,亥,水,水,5,22,2018-05
2018-06-01,10169.354,戊戌,丁巳,甲子,-0.012274507225277564,甲,子,木,水,6,22,2018-06
2018-06-04,10204.316,戊戌,丁巳,丁卯,0.0034379764929022283,丁,卯,火,木,6,23,2018-06
2018-06-05,10385.605,戊戌,丁巳,戊辰,0.017765913952488166,戊,辰,土,土,6,23,2018-06
2018-06-06,10365.126,戊戌,戊午,己巳,-0.001971863940521512,己,巳,土,火,6,23,2018-06
2018-06-07,10313.846,戊戌,戊午,庚午,-0.004947359057670964,庚,午,金,火,6,23,2018-06
2018-06-08,10205.518,戊戌,戊午,辛未,-0.010503162447839443,辛,未,金,土,6,23,2018-06
2018-06-11,10175.347,戊戌,戊午,甲戌,-0.002956341853495359,甲,戌,木,土,6,24,2018-06
2018-06-12,10315.284,戊戌,戊午,乙亥,0.01375255310703416,乙,亥,木,水,6,24,2018-06
2018-06-13,10161.648,戊戌,戊午,丙子,-0.0148940155210463,丙,子,火,水,6,24,2018-06
2018-06-14,10084.183,戊戌,戊午,丁丑,-0.007623271343388249,丁,丑,火,土,6,24,2018-06
2018-06-15,9943.127,戊戌,戊午,戊寅,-0.013987846115049773,戊,寅,土,木,6,24,2018-06
2018-06-19,9414.758,戊戌,戊午,壬午,-0.05313911810640659,壬,午,水,火,6,25,2018-06
2018-06-20,9501.337,戊戌,戊午,癸未,0.009196094047239312,癸,未,水,土,6,25,2018-06
2018-06-21,9316.676,戊戌,戊午,甲申,-0.019435264742214686,甲,申,木,金,6,25,2018-06
2018-06-22,9409.953,戊戌,戊午,乙酉,0.010011832546285904,乙,酉,木,金,6,25,2018-06
2018-06-25,9324.831,戊戌,戊午,戊子,-0.009045953789567185,戊,子,土,水,6,26,2018-06
2018-06-26,9339.37,戊戌,戊午,己丑,0.0015591703485029473,己,丑,土,土,6,26,2018-06
2018-06-27,9168.661,戊戌,戊午,庚寅,-0.01827842777403621,庚,寅,金,木,6,26,2018-06
2018-06-28,9071.729,戊戌,戊午,辛卯,-0.010572099895502785,辛,卯,金,木,6,26,2018-06
2018-06-29,9379.475,戊戌,戊午,壬辰,0.03392363241891383,壬,辰,水,土,6,26,2018-06
2018-07-02,9179.796,戊戌,戊午,乙未,-0.021288931416737045,乙,未,木,土,7,27,2018-07
2018-07-03,9221.536,戊戌,戊午,丙申,0.0045469420017612006,丙,申,火,金,7,27,2018-07
2018-07-04,9035.486,戊戌,戊午,丁酉,-0.02017559764447041,丁,酉,火,金,7,27,2018-07
2018-07-05,8862.178,戊戌,戊午,戊戌,-0.019180816615730567,戊,戌,土,土,7,27,2018-07
2018-07-06,8911.342,戊戌,戊午,己亥,0.005547620460794267,己,亥,土,水,7,27,2018-07
2018-07-09,9160.621,戊戌,己未,壬寅,0.02797322782584244,壬,寅,水,木,7,28,2018-07
2018-07-10,9205.426,戊戌,己未,癸卯,0.004891043958701102,癸,卯,水,木,7,28,2018-07
2018-07-11,9023.819,戊戌,己未,甲辰,-0.01972825592210503,甲,辰,木,土,7,28,2018-07
2018-07-12,9273.613,戊戌,己未,乙巳,0.027681627922723218,乙,巳,木,火,7,28,2018-07
2018-07-13,9326.967,戊戌,己未,丙午,0.005753313190878462,丙,午,火,火,7,28,2018-07
2018-07-16,9317.355,戊戌,己未,己酉,-0.0010305600952593696,己,酉,土,金,7,29,2018-07
2018-07-17,9285.163,戊戌,己未,庚戌,-0.0034550577926889536,庚,戌,金,土,7,29,2018-07
2018-07-18,9195.239,戊戌,己未,辛亥,-0.00968469804999661,辛,亥,金,水,7,29,2018-07
2018-07-19,9148.782,戊戌,己未,壬子,-0.00505228847232797,壬,子,水,水,7,29,2018-07
2018-07-20,9251.48,戊戌,己未,癸丑,0.011225319392242694,癸,丑,水,土,7,29,2018-07
2018-07-23,9314.304,戊戌,己未,丙辰,0.0067906972722202585,丙,辰,火,土,7,30,2018-07
2018-07-24,9465.802,戊戌,己未,丁巳,0.01626509076791982,丁,巳,火,火,7,30,2018-07
2018-07-25,9463.76,戊戌,己未,戊午,-0.00021572392915036875,戊,午,土,火,7,30,2018-07
2018-07-26,9352.251,戊戌,己未,己未,-0.011782737516589648,己,未,土,土,7,30,2018-07
2018-07-27,9295.93,戊戌,己未,庚申,-0.006022186530280194,庚,申,金,金,7,30,2018-07
2018-07-30,9181.94,戊戌,己未,癸亥,-0.012262355676086134,癸,亥,水,水,7,31,2018-07
2018-07-31,9178.78,戊戌,己未,甲子,-0.00034415384983998987,甲,子,木,水,7,31,2018-07
2018-08-01,9005.373,戊戌,己未,乙丑,-0.01889216213919509,乙,丑,木,土,8,31,2018-08
2018-08-02,8780.557,戊戌,己未,丙寅,-0.024964651658515247,丙,寅,火,木,8,31,2018-08
2018-08-03,8602.118,戊戌,己未,丁卯,-0.020322059295327155,丁,卯,火,木,8,31,2018-08
2018-08-06,8422.839,戊戌,己未,庚午,-0.020841262582075748,庚,午,金,火,8,32,2018-08
2018-08-07,8674.025,戊戌,庚申,辛未,0.02982201131946116,辛,未,金,土,8,32,2018-08
2018-08-08,8499.22,戊戌,庚申,壬申,-0.02015269727721558,壬,申,水,金,8,32,2018-08
2018-08-09,8752.201,戊戌,庚申,癸酉,0.02976520198324084,癸,酉,水,金,8,32,2018-08
2018-08-10,8813.486,戊戌,庚申,甲戌,0.007002238636887093,甲,戌,木,土,8,32,2018-08
2018-08-13,8844.857,戊戌,庚申,丁丑,0.0035594315348090877,丁,丑,火,土,8,33,2018-08
2018-08-14,8784.899,戊戌,庚申,戊寅,-0.006778854649656885,戊,寅,土,木,8,33,2018-08
2018-08-15,8581.178,戊戌,庚申,己卯,-0.023189908045613272,己,卯,土,木,8,33,2018-08
2018-08-16,8500.422,戊戌,庚申,庚辰,-0.009410829142572186,庚,辰,金,土,8,33,2018-08
2018-08-17,8357.041,戊戌,庚申,辛巳,-0.016867515518641407,辛,巳,金,火,8,33,2018-08
2018-08-20,8414.154,戊戌,庚申,甲申,0.006834117482491964,甲,申,木,金,8,34,2018-08
2018-08-21,8549.063,戊戌,庚申,乙酉,0.016033578658056324,乙,酉,木,金,8,34,2018-08
2018-08-22,8454.749,戊戌,庚申,丙戌,-0.0110320862064065,丙,戌,火,土,8,34,2018-08
2018-08-23,8501.393,戊戌,庚申,丁亥,0.0055168994372276625,丁,亥,火,水,8,34,2018-08
2018-08-24,8484.744,戊戌,庚申,戊子,-0.001958384937621349,戊,子,土,水,8,34,2018-08
2018-08-27,8728.562,戊戌,庚申,辛卯,0.02873604672103247,辛,卯,金,木,8,35,2018-08
2018-08-28,8733.747,戊戌,庚申,壬辰,0.0005940268282449424,壬,辰,水,土,8,35,2018-08
2018-08-29,8678.262,戊戌,庚申,癸巳,-0.006352943358675089,癸,巳,水,火,8,35,2018-08
2018-08-30,8552.798,戊戌,庚申,甲午,-0.014457272665886367,甲,午,木,火,8,35,2018-08
2018-08-31,8465.47,戊戌,庚申,乙未,-0.010210459781699655,乙,未,木,土,8,35,2018-08
2018-09-03,8455.546,戊戌,庚申,戊戌,-0.0011722916742955558,戊,戌,土,土,9,36,2018-09
2018-09-04,8554.437,戊戌,庚申,己亥,0.011695400864710548,己,亥,土,水,9,36,2018-09
2018-09-05,8402.508,戊戌,庚申,庚子,-0.017760257045554284,庚,子,金,水,9,36,2018-09
2018-09-06,8324.163,戊戌,庚申,辛丑,-0.00932400183373816,辛,丑,金,土,9,36,2018-09
2018-09-07,8322.364,戊戌,庚申,壬寅,-0.00021611782469910246,壬,寅,水,木,9,36,2018-09
2018-09-10,8158.487,戊戌,辛酉,乙巳,-0.019691159867556762,乙,巳,木,火,9,37,2018-09
2018-09-11,8168.101,戊戌,辛酉,丙午,0.0011784047703942147,丙,午,火,火,9,37,2018-09
2018-09-12,8111.157,戊戌,辛酉,丁未,-0.006971510269033088,丁,未,火,土,9,37,2018-09
2018-09-13,8163.76,戊戌,辛酉,戊申,0.00648526467925592,戊,申,土,金,9,37,2018-09
2018-09-14,8113.884,戊戌,辛酉,己酉,-0.006109439767950087,己,酉,土,金,9,37,2018-09
2018-09-17,7999.347,戊戌,辛酉,壬子,-0.014116174202145393,壬,子,水,水,9,38,2018-09
2018-09-18,8133.217,戊戌,辛酉,癸丑,0.01673511600384381,癸,丑,水,土,9,38,2018-09
2018-09-19,8248.117,戊戌,辛酉,甲寅,0.014127251246339512,甲,寅,木,木,9,38,2018-09
2018-09-20,8233.889,戊戌,辛酉,乙卯,-0.0017249997787375237,乙,卯,木,木,9,38,2018-09
2018-09-21,8409.179,戊戌,辛酉,丙辰,0.021288846619137214,丙,辰,火,土,9,38,2018-09
2018-09-25,8353.376,戊戌,辛酉,庚申,-0.006635962916237137,庚,申,金,金,9,39,2018-09
2018-09-26,8420.541,戊戌,辛酉,辛酉,0.008040461724696524,辛,酉,金,金,9,39,2018-09
2018-09-27,8334.751,戊戌,辛酉,壬戌,-0.010188181495701887,壬,戌,水,土,9,39,2018-09
2018-09-28,8401.089,戊戌,辛酉,癸亥,0.007959205979878758,癸,亥,水,水,9,39,2018-09
2018-10-08,8060.83,戊戌,壬戌,癸酉,-0.04050177304394709,癸,酉,水,金,10,41,2018-10
2018-10-09,8046.387,戊戌,壬戌,甲戌,-0.0017917509735350112,甲,戌,木,土,10,41,2018-10
2018-10-10,8010.687,戊戌,壬戌,乙亥,-0.004436773921015713,乙,亥,木,水,10,41,2018-10
2018-10-11,7524.092,戊戌,壬戌,丙子,-0.06074322963810719,丙,子,火,水,10,41,2018-10
2018-10-12,7558.277,戊戌,壬戌,丁丑,0.004543405370375675,丁,丑,火,土,10,41,2018-10
2018-10-15,7444.48,戊戌,壬戌,庚辰,-0.01505594462865023,庚,辰,金,土,10,42,2018-10
2018-10-16,7298.979,戊戌,壬戌,辛巳,-0.01954481709938094,辛,巳,金,火,10,42,2018-10
2018-10-17,7365.208,戊戌,壬戌,壬午,0.009073734833323854,壬,午,水,火,10,42,2018-10
2018-10-18,7187.486,戊戌,壬戌,癸未,-0.024129936316801937,癸,未,水,土,10,42,2018-10
2018-10-19,7387.742,戊戌,壬戌,甲申,0.02786175861768636,甲,申,木,金,10,42,2018-10
2018-10-22,7748.824,戊戌,壬戌,丁亥,0.04887582701182569,丁,亥,火,水,10,43,2018-10
2018-10-23,7574.985,戊戌,壬戌,戊子,-0.022434242925119974,戊,子,土,水,10,43,2018-10
2018-10-24,7545.113,戊戌,壬戌,己丑,-0.003943506158757937,己,丑,土,土,10,43,2018-10
2018-10-25,7529.408,戊戌,壬戌,庚寅,-0.0020814797604754576,庚,寅,金,木,10,43,2018-10
2018-10-26,7504.716,戊戌,壬戌,辛卯,-0.0032794078897039336,辛,卯,金,木,10,43,2018-10
2018-10-29,7322.236,戊戌,壬戌,甲午,-0.024315377157510087,甲,午,木,火,10,44,2018-10
2018-10-30,7375.229,戊戌,壬戌,乙未,0.0072372701453491395,乙,未,木,土,10,44,2018-10
2018-10-31,7482.83,戊戌,壬戌,丙申,0.014589513084949601,丙,申,火,金,10,44,2018-10
2018-11-01,7567.795,戊戌,壬戌,丁酉,0.011354661271203659,丁,酉,火,金,11,44,2018-11
2018-11-02,7867.543,戊戌,壬戌,戊戌,0.039608366769977144,戊,戌,土,土,11,44,2018-11
2018-11-05,7839.081,戊戌,壬戌,辛丑,-0.0036176478476189766,辛,丑,金,土,11,45,2018-11
2018-11-06,7791.245,戊戌,壬戌,壬寅,-0.00610224591377484,壬,寅,水,木,11,45,2018-11
2018-11-07,7752.044,戊戌,癸亥,癸卯,-0.005031416673458522,癸,卯,水,木,11,45,2018-11
2018-11-08,7698.018,戊戌,癸亥,甲辰,-0.006969258688418134,甲,辰,木,土,11,45,2018-11
2018-11-09,7648.546,戊戌,癸亥,乙巳,-0.006426589285709605,乙,巳,木,火,11,45,2018-11
2018-11-12,7832.286,戊戌,癸亥,戊申,0.02402286656836483,戊,申,土,金,11,46,2018-11
2018-11-13,7963.66,戊戌,癸亥,己酉,0.01677339157431179,己,酉,土,金,11,46,2018-11
2018-11-14,7908.546,戊戌,癸亥,庚戌,-0.00692068722170458,庚,戌,金,土,11,46,2018-11
2018-11-15,8002.095,戊戌,癸亥,辛亥,0.011828849449696532,辛,亥,金,水,11,46,2018-11
2018-11-16,8062.29,戊戌,癸亥,壬子,0.007522405070172322,壬,子,水,水,11,46,2018-11
2018-11-19,8108.845,戊戌,癸亥,乙卯,0.005774413969232173,乙,卯,木,木,11,47,2018-11
2018-11-20,7879.524,戊戌,癸亥,丙辰,-0.028280353120573865,丙,辰,火,土,11,47,2018-11
2018-11-21,7908.469,戊戌,癸亥,丁巳,0.0036734452487230396,丁,巳,火,火,11,47,2018-11
2018-11-22,7893.986,戊戌,癸亥,戊午,-0.0018313279093589152,戊,午,土,火,11,47,2018-11
2018-11-23,7636.705,戊戌,癸亥,己未,-0.03259202638565606,己,未,土,土,11,47,2018-11
2018-11-26,7615.912,戊戌,癸亥,壬戌,-0.0027227711427899592,壬,戌,水,土,11,48,2018-11
2018-11-27,7635.158,戊戌,癸亥,癸亥,0.002527077518752918,癸,亥,水,水,11,48,2018-11
2018-11-28,7757.074,戊戌,癸亥,甲子,0.015967711473685142,甲,子,木,水,11,48,2018-11
2018-11-29,7597.008,戊戌,癸亥,乙丑,-0.02063484246766245,乙,丑,木,土,11,48,2018-11
2018-11-30,7681.75,戊戌,癸亥,丙寅,0.01115465456927267,丙,寅,火,木,11,48,2018-11
2018-12-03,7938.468,戊戌,癸亥,己巳,0.03341920786279173,己,巳,土,火,12,49,2018-12
2018-12-04,7953.721,戊戌,癸亥,庚午,0.0019214034748264996,庚,午,金,火,12,49,2018-12
2018-12-05,7928.514,戊戌,癸亥,辛未,-0.0031692084748760063,辛,未,金,土,12,49,2018-12
2018-12-06,7735.048,戊戌,癸亥,壬申,-0.02440129386162404,壬,申,水,金,12,49,2018-12
2018-12-07,7733.893,戊戌,甲子,癸酉,-0.0001493203403520882,癸,酉,水,金,12,49,2018-12
2018-12-10,7624.862,戊戌,甲子,丙子,-0.014097815938234448,丙,子,火,水,12,50,2018-12
2018-12-11,7685.402,戊戌,甲子,丁丑,0.007939815828797991,丁,丑,火,土,12,50,2018-12
2018-12-12,7698.017,戊戌,甲子,戊寅,0.0016414235715971337,戊,寅,土,木,12,50,2018-12
2018-12-13,7808.041,戊戌,甲子,己卯,0.014292511954702158,己,卯,土,木,12,50,2018-12
2018-12-14,7629.649,戊戌,甲子,庚辰,-0.0228472160942802,庚,辰,金,土,12,50,2018-12
2018-12-17,7592.646,戊戌,甲子,癸未,-0.004849895453906239,癸,未,水,土,12,51,2018-12
2018-12-18,7530.325,戊戌,甲子,甲申,-0.008208073970523588,甲,申,木,金,12,51,2018-12
2018-12-19,7418.692,戊戌,甲子,乙酉,-0.01482445976767266,乙,酉,木,金,12,51,2018-12
2018-12-20,7426.441,戊戌,甲子,丙戌,0.0010445237516263361,丙,戌,火,土,12,51,2018-12
2018-12-21,7337.598,戊戌,甲子,丁亥,-0.011963065484530189,丁,亥,火,水,12,51,2018-12
2018-12-24,7392.561,戊戌,甲子,庚寅,0.007490598421990402,庚,寅,金,木,12,52,2018-12
2018-12-25,7332.347,戊戌,甲子,辛卯,-0.00814521516968203,辛,卯,金,木,12,52,2018-12
2018-12-26,7289.546,戊戌,甲子,壬辰,-0.005837285114847823,壬,辰,水,土,12,52,2018-12
2018-12-27,7215.338,戊戌,甲子,癸巳,-0.010180057852711366,癸,巳,水,火,12,52,2018-12
2018-12-28,7239.789,戊戌,甲子,甲午,0.003388753236508224,甲,午,木,火,12,52,2018-12
2019-01-02,7149.267,戊戌,甲子,己亥,-0.012503403068791052,己,亥,土,水,1,1,2019-01
2019-01-03,7089.44,戊戌,甲子,庚子,-0.008368270481435403,庚,子,金,水,1,1,2019-01
2019-01-04,7284.84,戊戌,甲子,辛丑,0.02756212056241414,辛,丑,金,土,1,1,2019-01
2019-01-07,7400.205,戊戌,乙丑,甲辰,0.015836312122160523,甲,辰,木,土,1,2,2019-01
2019-01-08,7391.648,戊戌,乙丑,乙巳,-0.0011563193181810538,乙,巳,木,火,1,2,2019-01
2019-01-09,7447.935,戊戌,乙丑,丙午,0.0076149459498071614,丙,午,火,火,1,2,2019-01
2019-01-10,7428.614,戊戌,乙丑,丁未,-0.0025941418661683535,丁,未,火,土,1,2,2019-01
2019-01-11,7474.009,戊戌,乙丑,戊申,0.006110830364856712,戊,申,土,金,1,2,2019-01
2019-01-14,7409.199,戊戌,乙丑,辛亥,-0.008671383724584758,辛,亥,金,水,1,3,2019-01
2019-01-15,7547.349,戊戌,乙丑,壬子,0.018645740248034892,壬,子,水,水,1,3,2019-01
2019-01-16,7540.45,戊戌,乙丑,癸丑,-0.0009140957970805719,癸,丑,水,土,1,3,2019-01
2019-01-17,7470.355,戊戌,乙丑,甲寅,-0.009295864305180812,甲,寅,木,木,1,3,2019-01
2019-01-18,7581.389,戊戌,乙丑,乙卯,0.014863282936353084,乙,卯,木,木,1,3,2019-01
2019-01-21,7626.235,戊戌,乙丑,戊午,0.005915274892239308,戊,午,土,火,1,4,2019-01
2019-01-22,7516.786,戊戌,乙丑,己未,-0.01435164271754008,己,未,土,土,1,4,2019-01
2019-01-23,7523.774,戊戌,乙丑,庚申,0.0009296526467561517,庚,申,金,金,1,4,2019-01
2019-01-24,7573.524,戊戌,乙丑,辛酉,0.006612372992596427,辛,酉,金,金,1,4,2019-01
2019-01-25,7595.453,戊戌,乙丑,壬戌,0.002895481680654788,壬,戌,水,土,1,4,2019-01
2019-01-28,7589.581,戊戌,乙丑,乙丑,-0.0007730941130174029,乙,丑,木,土,1,5,2019-01
2019-01-29,7551.3,戊戌,乙丑,丙寅,-0.0050438884570834785,丙,寅,火,木,1,5,2019-01
2019-01-30,7470.472,戊戌,乙丑,丁卯,-0.010703852316819695,丁,卯,火,木,1,5,2019-01
2019-01-31,7479.215,戊戌,乙丑,戊辰,0.0011703410440464523,戊,辰,土,土,1,5,2019-01
2019-02-01,7683.997,戊戌,乙丑,己巳,0.027380146178442644,己,巳,土,火,2,5,2019-02
2019-02-11,7919.046,己亥,丙寅,己卯,0.030589418501855148,己,卯,土,木,2,7,2019-02
2019-02-12,8010.075,己亥,丙寅,庚辰,0.011494945224462594,庚,辰,金,土,2,7,2019-02
2019-02-13,8171.207,己亥,丙寅,辛巳,0.020116166203187902,辛,巳,金,火,2,7,2019-02
2019-02-14,8219.961,己亥,丙寅,壬午,0.005966560386978292,壬,午,水,火,2,7,2019-02
2019-02-15,8125.635,己亥,丙寅,癸未,-0.011475236926306476,癸,未,水,土,2,7,2019-02
2019-02-18,8446.918,己亥,丙寅,丙戌,0.03953943291816575,丙,戌,火,土,2,8,2019-02
2019-02-19,8440.87,己亥,丙寅,丁亥,-0.0007160007946092062,丁,亥,火,水,2,8,2019-02
2019-02-20,8473.427,己亥,丙寅,戊子,0.003857066866330028,戊,子,土,水,2,8,2019-02
2019-02-21,8451.71,己亥,丙寅,己丑,-0.0025629535723857844,己,丑,土,土,2,8,2019-02
2019-02-22,8651.196,己亥,丙寅,庚寅,0.02360303417888221,庚,寅,金,木,2,8,2019-02
2019-02-25,9134.581,己亥,丙寅,癸巳,0.05587493336181493,癸,巳,水,火,2,9,2019-02
2019-02-26,9089.04,己亥,丙寅,甲午,-0.004985559819328245,甲,午,木,火,2,9,2019-02
2019-02-27,9005.766,己亥,丙寅,乙未,-0.009162023712075307,乙,未,木,土,2,9,2019-02
2019-02-28,9031.927,己亥,丙寅,丙申,0.002904916694482118,丙,申,火,金,2,9,2019-02
2019-03-01,9167.65,己亥,丙寅,丁酉,0.015027025794163373,丁,酉,火,金,3,9,2019-03
2019-03-04,9384.415,己亥,丙寅,庚子,0.023644554493245318,庚,子,金,水,3,10,2019-03
2019-03-05,9595.743,己亥,丙寅,辛丑,0.022519038213889786,辛,丑,金,土,3,10,2019-03
2019-03-06,9700.493,己亥,丁卯,壬寅,0.010916299029684273,壬,寅,水,木,3,10,2019-03
2019-03-07,9678.114,己亥,丁卯,癸卯,-0.0023069961495771896,癸,卯,水,木,3,10,2019-03
2019-03-08,9363.724,己亥,丁卯,甲辰,-0.0324846349195721,甲,辰,木,土,3,10,2019-03
2019-03-11,9704.327,己亥,丁卯,丁未,0.03637473723061446,丁,未,火,土,3,11,2019-03
2019-03-12,9841.238,己亥,丁卯,戊申,0.014108242642689284,戊,申,土,金,3,11,2019-03
2019-03-13,9592.055,己亥,丁卯,己酉,-0.02532028998790592,己,酉,土,金,3,11,2019-03
2019-03-14,9417.927,己亥,丁卯,庚戌,-0.018153357127331016,庚,戌,金,土,3,11,2019-03
2019-03-15,9550.538,己亥,丁卯,辛亥,0.014080699500006899,辛,亥,金,水,3,11,2019-03
2019-03-18,9843.43,己亥,丁卯,甲寅,0.030667591710540343,甲,寅,木,木,3,12,2019-03
2019-03-19,9839.744,己亥,丁卯,乙卯,-0.00037446296666909795,乙,卯,木,木,3,12,2019-03
2019-03-20,9800.604,己亥,丁卯,丙辰,-0.003977745762491547,丙,辰,火,土,3,12,2019-03
2019-03-21,9869.797,己亥,丁卯,丁巳,0.007060075072924166,丁,巳,火,火,3,12,2019-03
2019-03-22,9879.221,己亥,丁卯,戊午,0.0009548322017158828,戊,午,土,火,3,12,2019-03
2019-03-25,9701.695,己亥,丁卯,辛酉,-0.017969635460123867,辛,酉,金,金,3,13,2019-03
2019-03-26,9513.002,己亥,丁卯,壬戌,-0.019449487950301436,壬,戌,水,土,3,13,2019-03
2019-03-27,9609.436,己亥,丁卯,癸亥,0.010137073449579814,癸,亥,水,水,3,13,2019-03
2019-03-28,9546.507,己亥,丁卯,甲子,-0.006548667372361927,甲,子,木,水,3,13,2019-03
2019-03-29,9906.864,己亥,丁卯,乙丑,0.03774752378016388,乙,丑,木,土,3,13,2019-03
2019-04-01,10267.702,己亥,丁卯,戊辰,0.03642302952781029,戊,辰,土,土,4,14,2019-04
2019-04-02,10260.359,己亥,丁卯,己巳,-0.0007151551535093947,己,巳,土,火,4,14,2019-04
2019-04-03,10340.513,己亥,丁卯,庚午,0.007812007357637318,庚,午,金,火,4,14,2019-04
2019-04-04,10415.799,己亥,丁卯,辛未,0.007280683269775823,辛,未,金,土,4,14,2019-04
2019-04-08,10351.865,己亥,戊辰,乙亥,-0.006138175285448688,乙,亥,木,水,4,15,2019-04
2019-04-09,10436.616,己亥,戊辰,丙子,0.008187027168534478,丙,子,火,水,4,15,2019-04
2019-04-10,10435.08,己亥,戊辰,丁丑,-0.00014717414150333674,丁,丑,火,土,4,15,2019-04
2019-04-11,10158.4,己亥,戊辰,戊寅,-0.026514411005952976,戊,寅,土,木,4,15,2019-04
2019-04-12,10132.337,己亥,戊辰,己卯,-0.0025656599464483065,己,卯,土,木,4,15,2019-04
2019-04-15,10053.76,己亥,戊辰,壬午,-0.007755071707543859,壬,午,水,火,4,16,2019-04
2019-04-16,10287.641,己亥,戊辰,癸未,0.023263037908205497,癸,未,水,土,4,16,2019-04
2019-04-17,10344.429,己亥,戊辰,甲申,0.005520021548185872,甲,申,木,金,4,16,2019-04
2019-04-18,10287.665,己亥,戊辰,乙酉,-0.005487398096115204,乙,酉,木,金,4,16,2019-04
2019-04-19,10418.241,己亥,戊辰,丙戌,0.012692481724472904,丙,戌,火,土,4,16,2019-04
2019-04-22,10224.307,己亥,戊辰,己丑,-0.01861485062593571,己,丑,土,土,4,17,2019-04
2019-04-23,10124.66,己亥,戊辰,庚寅,-0.009746088414598786,庚,寅,金,木,4,17,2019-04
2019-04-24,10236.271,己亥,戊辰,辛卯,0.011023678819832128,辛,卯,金,木,4,17,2019-04
2019-04-25,9907.625,己亥,戊辰,壬辰,-0.032106027673554194,壬,辰,水,土,4,17,2019-04
2019-04-26,9780.822,己亥,戊辰,癸巳,-0.01279852638750456,癸,巳,水,火,4,17,2019-04
2019-04-29,9622.493,己亥,戊辰,丙申,-0.016187698743520662,丙,申,火,金,4,18,2019-04
2019-04-30,9674.534,己亥,戊辰,丁酉,0.0054082658205103495,丁,酉,火,金,4,18,2019-04
2019-05-06,8943.521,己亥,己巳,癸卯,-0.07556053862645984,癸,卯,水,木,5,19,2019-05
2019-05-07,9089.458,己亥,己巳,甲辰,0.01631762255603797,甲,辰,木,土,5,19,2019-05
2019-05-08,9002.532,己亥,己巳,乙巳,-0.009563386507754457,乙,巳,木,火,5,19,2019-05
2019-05-09,8877.308,己亥,己巳,丙午,-0.013909864469240252,丙,午,火,火,5,19,2019-05
2019-05-10,9235.389,己亥,己巳,丁未,0.04033666512415679,丁,未,火,土,5,19,2019-05
2019-05-13,9103.362,己亥,己巳,庚戌,-0.014295770324346924,庚,戌,金,土,5,20,2019-05
2019-05-14,9038.364,己亥,己巳,辛亥,-0.007139999485904158,辛,亥,金,水,5,20,2019-05
2019-05-15,9259.029,己亥,己巳,壬子,0.02441426346626452,壬,子,水,水,5,20,2019-05
2019-05-16,9293.324,己亥,己巳,癸丑,0.00370395210988117,癸,丑,水,土,5,20,2019-05
2019-05-17,9000.188,己亥,己巳,甲寅,-0.03154264286922526,甲,寅,木,木,5,20,2019-05
2019-05-20,8916.106,己亥,己巳,丁巳,-0.00934224929523697,丁,巳,火,火,5,21,2019-05
2019-05-21,9087.521,己亥,己巳,戊午,0.019225321008969676,戊,午,土,火,5,21,2019-05
2019-05-22,9041.224,己亥,己巳,己未,-0.005094568694806956,己,未,土,土,5,21,2019-05
2019-05-23,8809.535,己亥,己巳,庚申,-0.025625844465306913,庚,申,金,金,5,21,2019-05
2019-05-24,8776.766,己亥,己巳,辛酉,-0.0037197195992750842,辛,酉,金,金,5,21,2019-05
2019-05-27,8979.826,己亥,己巳,甲子,0.023136084521337308,甲,子,木,水,5,22,2019-05
2019-05-28,9035.693,己亥,己巳,乙丑,0.0062213900358425445,乙,丑,木,土,5,22,2019-05
2019-05-29,9010.358,己亥,己巳,丙寅,-0.0028038801229743893,丙,寅,火,木,5,22,2019-05
2019-05-30,8943.349,己亥,己巳,丁卯,-0.007436885415651684,丁,卯,火,木,5,22,2019-05
2019-05-31,8922.694,己亥,己巳,戊辰,-0.002309537512178106,戊,辰,土,土,5,22,2019-05
2019-06-03,8856.986,己亥,己巳,辛未,-0.007364143609541962,辛,未,金,土,6,23,2019-06
2019-06-04,8748.271,己亥,己巳,壬申,-0.0122744915708346,壬,申,水,金,6,23,2019-06
2019-06-05,8746.046,己亥,己巳,癸酉,-0.00025433597107360484,癸,酉,水,金,6,23,2019-06
2019-06-06,8584.939,己亥,庚午,甲戌,-0.018420552555977854,甲,戌,木,土,6,23,2019-06
2019-06-10,8711.786,己亥,庚午,戊寅,0.014775527234381025,戊,寅,土,木,6,24,2019-06
2019-06-11,9037.673,己亥,庚午,己卯,0.03740759931430837,己,卯,土,木,6,24,2019-06
2019-06-12,8954.716,己亥,庚午,庚辰,-0.009179022077917653,庚,辰,金,土,6,24,2019-06
2019-06-13,8951.606,己亥,庚午,辛巳,-0.0003473030300459312,辛,巳,金,火,6,24,2019-06
2019-06-14,8810.127,己亥,庚午,壬午,-0.01580487344952397,壬,午,水,火,6,24,2019-06
2019-06-17,8780.873,己亥,庚午,乙酉,-0.003320496968999498,乙,酉,木,金,6,25,2019-06
2019-06-18,8804.315,己亥,庚午,丙戌,0.0026696662165597296,丙,戌,火,土,6,25,2019-06
2019-06-19,8925.729,己亥,庚午,丁亥,0.013790283514390156,丁,亥,火,水,6,25,2019-06
2019-06-20,9134.959,己亥,庚午,戊子,0.02344122256008463,戊,子,土,水,6,25,2019-06
2019-06-21,9214.268,己亥,庚午,己丑,0.008681921834569728,己,丑,土,土,6,25,2019-06
2019-06-24,9212.117,己亥,庚午,壬辰,-0.00023344230925337328,壬,辰,水,土,6,26,2019-06
2019-06-25,9118.102,己亥,庚午,癸巳,-0.010205580324261998,癸,巳,水,火,6,26,2019-06
2019-06-26,9122.426,己亥,庚午,甲午,0.00047422149916709344,甲,午,木,火,6,26,2019-06
2019-06-27,9239.484,己亥,庚午,乙未,0.012831893621280122,乙,未,木,土,6,26,2019-06
2019-06-28,9178.313,己亥,庚午,丙申,-0.006620607817492852,丙,申,火,金,6,26,2019-06
2019-07-01,9530.464,己亥,庚午,己亥,0.038367726182360506,己,亥,土,水,7,27,2019-07
2019-07-02,9545.522,己亥,庚午,庚子,0.001579986032159697,庚,子,金,水,7,27,2019-07
2019-07-03,9419.839,己亥,庚午,辛丑,-0.013166697431528762,辛,丑,金,土,7,27,2019-07
2019-07-04,9368.305,己亥,庚午,壬寅,-0.005470794139899815,壬,寅,水,木,7,27,2019-07
2019-07-05,9443.215,己亥,庚午,癸卯,0.007996110288894354,癸,卯,水,木,7,27,2019-07
2019-07-08,9186.287,己亥,辛未,丙午,-0.027207682976613357,丙,午,火,火,7,28,2019-07
2019-07-09,9198.785,己亥,辛未,丁未,0.0013605061544452735,丁,未,火,土,7,28,2019-07
2019-07-10,9166.146,己亥,辛未,戊申,-0.003548185983257457,戊,申,土,金,7,28,2019-07
2019-07-11,9152.771,己亥,辛未,己酉,-0.0014591737901621382,己,酉,土,金,7,28,2019-07
2019-07-12,9213.383,己亥,辛未,庚戌,0.006622256800699944,庚,戌,金,土,7,28,2019-07
2019-07-15,9309.415,己亥,辛未,癸丑,0.010423098659851693,癸,丑,水,土,7,29,2019-07
2019-07-16,9283.408,己亥,辛未,甲寅,-0.0027936234446527264,甲,寅,木,木,7,29,2019-07
2019-07-17,9301.998,己亥,辛未,乙卯,0.0020024973587287054,乙,卯,木,木,7,29,2019-07
2019-07-18,9154.65,己亥,辛未,丙辰,-0.015840467822074378,丙,辰,火,土,7,29,2019-07
2019-07-19,9228.554,己亥,辛未,丁巳,0.008072837301262181,丁,巳,火,火,7,29,2019-07
2019-07-22,9122.637,己亥,辛未,庚申,-0.011477095978416507,庚,申,金,金,7,30,2019-07
2019-07-23,9175.832,己亥,辛未,辛酉,0.005831099056117228,辛,酉,金,金,7,30,2019-07
2019-07-24,9266.298,己亥,辛未,壬戌,0.009859160455422566,壬,戌,水,土,7,30,2019-07
2019-07-25,9344.817,己亥,辛未,癸亥,0.008473610496877892,癸,亥,水,水,7,30,2019-07
2019-07-26,9349.002,己亥,辛未,甲子,0.00044784183574719805,甲,子,木,水,7,30,2019-07
2019-07-29,9354.276,己亥,辛未,丁卯,0.0005641243846135069,丁,卯,火,木,7,31,2019-07
2019-07-30,9399.102,己亥,辛未,戊辰,0.004792033076638003,戊,辰,土,土,7,31,2019-07
2019-07-31,9326.614,己亥,辛未,己巳,-0.007712226125432098,己,巳,土,火,7,31,2019-07
2019-08-01,9268.054,己亥,辛未,庚午,-0.00627880600612396,庚,午,金,火,8,31,2019-08
2019-08-02,9136.46,己亥,辛未,辛未,-0.014198665653005538,辛,未,金,土,8,31,2019-08
2019-08-05,8984.729,己亥,辛未,甲戌,-0.016607197973832255,甲,戌,木,土,8,32,2019-08
2019-08-06,8859.471,己亥,辛未,乙亥,-0.013941210692053119,乙,亥,木,水,8,32,2019-08
2019-08-07,8814.744,己亥,辛未,丙子,-0.005048495559159094,丙,子,火,水,8,32,2019-08
2019-08-08,8919.276,己亥,壬申,丁丑,0.011858767537661796,丁,丑,火,土,8,32,2019-08
2019-08-09,8795.181,己亥,壬申,戊寅,-0.01391312478725848,戊,寅,土,木,8,32,2019-08
2019-08-12,8978.521,己亥,壬申,辛巳,0.020845506192538776,辛,巳,金,火,8,33,2019-08
2019-08-13,8902.632,己亥,壬申,壬午,-0.008452282953952062,壬,午,水,火,8,33,2019-08
2019-08-14,8966.469,己亥,壬申,癸未,0.007170576072334622,癸,未,水,土,8,33,2019-08
2019-08-15,9009.679,己亥,壬申,甲申,0.004819065342221318,甲,申,木,金,8,33,2019-08
2019-08-16,9060.917,己亥,壬申,乙酉,0.005686995063864053,乙,酉,木,金,8,33,2019-08
2019-08-19,9328.972,己亥,壬申,戊子,0.029583650308241394,戊,子,土,水,8,34,2019-08
2019-08-20,9328.729,己亥,壬申,己丑,-2.6047886090840855e-05,己,丑,土,土,8,34,2019-08
2019-08-21,9322.754,己亥,壬申,庚寅,-0.0006404945411104812,庚,寅,金,木,8,34,2019-08
2019-08-22,9350.557,己亥,壬申,辛卯,0.002982273263887558,辛,卯,金,木,8,34,2019-08
2019-08-23,9362.549,己亥,壬申,壬辰,0.0012824904441521845,壬,辰,水,土,8,34,2019-08
2019-08-26,9270.389,己亥,壬申,乙未,-0.009843473182356788,乙,未,木,土,8,35,2019-08
2019-08-27,9443.176,己亥,壬申,丙申,0.01863859218852637,丙,申,火,金,8,35,2019-08
2019-08-28,9414.002,己亥,壬申,丁酉,-0.003089426692883701,丁,酉,火,金,8,35,2019-08
2019-08-29,9398.47,己亥,壬申,戊戌,-0.001649882802234437,戊,戌,土,土,8,35,2019-08
2019-08-30,9365.677,己亥,壬申,己亥,-0.0034891849418042797,己,亥,土,水,8,35,2019-08
2019-09-02,9569.47,己亥,壬申,壬寅,0.021759558865845907,壬,寅,水,木,9,36,2019-09
2019-09-03,9633.686,己亥,壬申,癸卯,0.006710507478470573,癸,卯,水,木,9,36,2019-09
2019-09-04,9700.319,己亥,壬申,甲辰,0.006916667202979232,甲,辰,木,土,9,36,2019-09
2019-09-05,9783.504,己亥,壬申,乙巳,0.008575491177146066,乙,巳,木,火,9,36,2019-09
2019-09-06,9823.419,己亥,壬申,丙午,0.0040798266142680895,丙,午,火,火,9,36,2019-09
2019-09-09,10001.931,己亥,癸酉,己酉,0.01817208448504548,己,酉,土,金,9,37,2019-09
2019-09-10,9964.927,己亥,癸酉,庚戌,-0.0036996855907125425,庚,戌,金,土,9,37,2019-09
2019-09-11,9853.724,己亥,癸酉,辛亥,-0.011159439502165913,辛,亥,金,水,9,37,2019-09
2019-09-12,9919.804,己亥,癸酉,壬子,0.006706094061493806,壬,子,水,水,9,37,2019-09
2019-09-16,9918.092,己亥,癸酉,丙辰,-0.0001725840550881319,丙,辰,火,土,9,38,2019-09
2019-09-17,9722.798,己亥,癸酉,丁巳,-0.019690682441743768,丁,巳,火,火,9,38,2019-09
2019-09-18,9753.312,己亥,癸酉,戊午,0.003138396992306003,戊,午,土,火,9,38,2019-09
2019-09-19,9852.196,己亥,癸酉,己未,0.010138504745875077,己,未,土,土,9,38,2019-09
2019-09-20,9881.249,己亥,癸酉,庚申,0.002948885710353233,庚,申,金,金,9,38,2019-09
2019-09-23,9781.14,己亥,癸酉,癸亥,-0.010131209121438056,癸,亥,水,水,9,39,2019-09
2019-09-24,9811.377,己亥,癸酉,甲子,0.003091357449131804,甲,子,木,水,9,39,2019-09
2019-09-25,9671.058,己亥,癸酉,乙丑,-0.014301662243740076,乙,丑,木,土,9,39,2019-09
2019-09-26,9464.836,己亥,癸酉,丙寅,-0.021323623537362835,丙,寅,火,木,9,39,2019-09
2019-09-27,9548.96,己亥,癸酉,丁卯,0.008888056803097344,丁,卯,火,木,9,39,2019-09
2019-09-30,9446.238,己亥,癸酉,庚午,-0.010757401853186077,庚,午,金,火,9,40,2019-09
2019-10-08,9474.754,己亥,甲戌,戊寅,0.003018767894690022,戊,寅,土,木,10,41,2019-10
2019-10-09,9506.562,己亥,甲戌,己卯,0.003357132016303499,己,卯,土,木,10,41,2019-10
2019-10-10,9638.102,己亥,甲戌,庚辰,0.01383675823078856,庚,辰,金,土,10,41,2019-10
2019-10-11,9666.583,己亥,甲戌,辛巳,0.0029550423932014347,辛,巳,金,火,10,41,2019-10
2019-10-14,9786.638,己亥,甲戌,甲申,0.012419590252315649,甲,申,木,金,10,42,2019-10
2019-10-15,9671.729,己亥,甲戌,乙酉,-0.01174141722622224,乙,酉,木,金,10,42,2019-10
2019-10-16,9642.06,己亥,甲戌,丙戌,-0.0030676004259424516,丙,戌,火,土,10,42,2019-10
2019-10-17,9645.389,己亥,甲戌,丁亥,0.0003452581709717517,丁,亥,火,水,10,42,2019-10
2019-10-18,9533.505,己亥,甲戌,戊子,-0.011599739523206365,戊,子,土,水,10,42,2019-10
2019-10-21,9553.573,己亥,甲戌,辛卯,0.002104997060367708,辛,卯,金,木,10,43,2019-10
2019-10-22,9642.089,己亥,甲戌,壬辰,0.009265224644224634,壬,辰,水,土,10,43,2019-10
2019-10-23,9567.749,己亥,甲戌,癸巳,-0.0077099475020402375,癸,巳,水,火,10,43,2019-10
2019-10-24,9555.762,己亥,甲戌,甲午,-0.0012528547728414274,甲,午,木,火,10,43,2019-10
2019-10-25,9660.44,己亥,甲戌,乙未,0.010954437751798274,乙,未,木,土,10,43,2019-10
2019-10-28,9801.874,己亥,甲戌,戊戌,0.014640533971537417,戊,戌,土,土,10,44,2019-10
2019-10-29,9746.031,己亥,甲戌,己亥,-0.0056971758665739225,己,亥,土,水,10,44,2019-10
2019-10-30,9681.538,己亥,甲戌,庚子,-0.006617360441394049,庚,子,金,水,10,44,2019-10
2019-10-31,9635.329,己亥,甲戌,辛丑,-0.004772898686138616,辛,丑,金,土,10,44,2019-10
2019-11-01,9802.334,己亥,甲戌,壬寅,0.017332568509077495,壬,寅,水,木,11,44,2019-11
2019-11-04,9868.133,己亥,甲戌,乙巳,0.006712584982311309,乙,巳,木,火,11,45,2019-11
2019-11-05,9938.606,己亥,甲戌,丙午,0.007141472454819997,丙,午,火,火,11,45,2019-11
2019-11-06,9860.975,己亥,甲戌,丁未,-0.007811055192247229,丁,未,火,土,11,45,2019-11
2019-11-07,9917.487,己亥,甲戌,戊申,0.005730873468394293,戊,申,土,金,11,45,2019-11
2019-11-08,9895.337,己亥,乙亥,己酉,-0.0022334286901509737,己,酉,土,金,11,45,2019-11
2019-11-11,9680.574,己亥,乙亥,壬子,-0.02170345486970271,壬,子,水,水,11,46,2019-11
2019-11-12,9670.145,己亥,乙亥,癸丑,-0.0010773121511182815,癸,丑,水,土,11,46,2019-11
2019-11-13,9687.854,己亥,乙亥,甲寅,0.0018313065626212044,甲,寅,木,木,11,46,2019-11
2019-11-14,9746.561,己亥,乙亥,乙卯,0.006059855980488527,乙,卯,木,木,11,46,2019-11
2019-11-15,9647.991,己亥,乙亥,丙辰,-0.010113310735961112,丙,辰,火,土,11,46,2019-11
2019-11-18,9715.274,己亥,乙亥,己未,0.0069737834539853605,己,未,土,土,11,47,2019-11
2019-11-19,9889.754,己亥,乙亥,庚申,0.017959349370898048,庚,申,金,金,11,47,2019-11
2019-11-20,9809.048,己亥,乙亥,辛酉,-0.008160566986802675,辛,酉,金,金,11,47,2019-11
2019-11-21,9774.442,己亥,乙亥,壬戌,-0.003527967240042229,壬,戌,水,土,11,47,2019-11
2019-11-22,9626.902,己亥,乙亥,癸亥,-0.015094467796729405,癸,亥,水,水,11,47,2019-11
2019-11-25,9626.355,己亥,乙亥,丙寅,-5.6819940620567166e-05,丙,寅,火,木,11,48,2019-11
2019-11-26,9677.234,己亥,乙亥,丁卯,0.005285385797635822,丁,卯,火,木,11,48,2019-11
2019-11-27,9648.393,己亥,乙亥,戊辰,-0.0029802937492262593,戊,辰,土,土,11,48,2019-11
2019-11-28,9622.144,己亥,乙亥,己巳,-0.0027205566771585366,己,巳,土,火,11,48,2019-11
2019-11-29,9582.156,己亥,乙亥,庚午,-0.00415583055086266,庚,午,金,火,11,48,2019-11
2019-12-02,9605.188,己亥,乙亥,癸酉,0.0024036344221487482,癸,酉,水,金,12,49,2019-12
2019-12-03,9657.653,己亥,乙亥,甲戌,0.005462152328512548,甲,戌,木,土,12,49,2019-12
2019-12-04,9687.951,己亥,乙亥,乙亥,0.003137201139862711,乙,亥,木,水,12,49,2019-12
2019-12-05,9799.069,己亥,乙亥,丙子,0.01146971119073581,丙,子,火,水,12,49,2019-12
2019-12-06,9878.623,己亥,乙亥,丁丑,0.008118526362045131,丁,丑,火,土,12,49,2019-12
2019-12-09,9876.269,己亥,丙子,庚辰,-0.0002382923207009391,庚,辰,金,土,12,50,2019-12
2019-12-10,9915.866,己亥,丙子,辛巳,0.004009307563412889,辛,巳,金,火,12,50,2019-12
2019-12-11,9852.714,己亥,丙子,壬午,-0.006368783119900967,壬,午,水,火,12,50,2019-12
2019-12-12,9836.234,己亥,丙子,癸未,-0.0016726355804095316,癸,未,水,土,12,50,2019-12
2019-12-13,10004.624,己亥,丙子,甲申,0.01711935685954602,甲,申,木,金,12,50,2019-12
2019-12-16,10158.241,己亥,丙子,丁亥,0.015354600032944754,丁,亥,火,水,12,51,2019-12
2019-12-17,10306.031,己亥,丙子,戊子,0.014548778671425566,戊,子,土,水,12,51,2019-12
2019-12-18,10294.66,己亥,丙子,己丑,-0.0011033345426576524,己,丑,土,土,12,51,2019-12
2019-12-19,10296.291,己亥,丙子,庚寅,0.00015843165291506978,庚,寅,金,木,12,51,2019-12
2019-12-20,10229.486,己亥,丙子,辛卯,-0.006488258733168939,辛,卯,金,木,12,51,2019-12
2019-12-23,10056.208,己亥,丙子,甲午,-0.016939072012024825,甲,午,木,火,12,52,2019-12
2019-12-24,10189.286,己亥,丙子,乙未,0.013233417606318465,乙,未,木,土,12,52,2019-12
2019-12-25,10229.578,己亥,丙子,丙申,0.0039543496963379,丙,申,火,金,12,52,2019-12
2019-12-26,10303.715,己亥,丙子,丁酉,0.007247317533528808,丁,酉,火,金,12,52,2019-12
2019-12-27,10233.772,己亥,丙子,戊戌,-0.006788134182670991,戊,戌,土,土,12,52,2019-12
2019-12-30,10365.957,己亥,丙子,辛丑,0.012916547290676261,辛,丑,金,土,12,1,2019-12
2019-12-31,10430.767,己亥,丙子,壬寅,0.006252196492808171,壬,寅,水,木,12,1,2019-12
2020-01-02,10638.824,己亥,丙子,甲辰,0.019946471817460898,甲,辰,木,土,1,1,2020-01
2020-01-03,10656.406,己亥,丙子,乙巳,0.0016526262677152292,乙,巳,木,火,1,1,2020-01
2020-01-06,10698.273,己亥,丁丑,戊申,0.003928810520169579,戊,申,土,金,1,2,2020-01
2020-01-07,10829.045,己亥,丁丑,己酉,0.01222365516378221,己,酉,土,金,1,2,2020-01
2020-01-08,10706.868,己亥,丁丑,庚戌,-0.011282342995157846,庚,戌,金,土,1,2,2020-01
2020-01-09,10898.166,己亥,丁丑,辛亥,0.017866849577299337,辛,亥,金,水,1,2,2020-01
2020-01-10,10879.843,己亥,丁丑,壬子,-0.0016812920632699457,壬,子,水,水,1,2,2020-01
2020-01-13,11040.201,己亥,丁丑,乙卯,0.014738999450635282,乙,卯,木,木,1,3,2020-01
2020-01-14,10988.768,己亥,丁丑,丙辰,-0.004658701413135402,丙,辰,火,土,1,3,2020-01
2020-01-15,10972.316,己亥,丁丑,丁巳,-0.001497165105314724,丁,巳,火,火,1,3,2020-01
2020-01-16,10967.436,己亥,丁丑,戊午,-0.00044475569241730906,戊,午,土,火,1,3,2020-01
2020-01-17,10954.388,己亥,丁丑,己未,-0.001189703773972206,己,未,土,土,1,3,2020-01
2020-01-20,11115.884,己亥,丁丑,壬戌,0.014742585345707937,壬,戌,水,土,1,4,2020-01
2020-01-21,10953.413,己亥,丁丑,癸亥,-0.014616111503142681,癸,亥,水,水,1,4,2020-01
2020-01-22,11072.058,己亥,丁丑,甲子,0.010831783664142058,甲,子,木,水,1,4,2020-01
2020-01-23,10681.904,己亥,丁丑,乙丑,-0.035237712808224075,乙,丑,木,土,1,4,2020-01
2020-02-03,9779.668,己亥,丁丑,丙子,-0.08446396822139579,丙,子,火,水,2,6,2020-02
2020-02-04,10089.666,庚子,戊寅,丁丑,0.03169821306817355,丁,丑,火,土,2,6,2020-02
2020-02-05,10305.498,庚子,戊寅,戊寅,0.021391391944986182,戊,寅,土,木,2,6,2020-02
2020-02-06,10601.342,庚子,戊寅,己卯,0.028707394829439625,己,卯,土,木,2,6,2020-02
2020-02-07,10611.551,庚子,戊寅,庚辰,0.0009629912892159531,庚,辰,金,土,2,6,2020-02
2020-02-10,10728.46,庚子,戊寅,癸未,0.011017145372999693,癸,未,水,土,2,7,2020-02
2020-02-11,10768.628,庚子,戊寅,甲申,0.0037440601913043547,甲,申,木,金,2,7,2020-02
2020-02-12,10940.795,庚子,戊寅,乙酉,0.015987830576002837,乙,酉,木,金,2,7,2020-02
2020-02-13,10864.322,庚子,戊寅,丙戌,-0.006989711442358604,丙,戌,火,土,2,7,2020-02
2020-02-14,10916.312,庚子,戊寅,丁亥,0.0047853883564938915,丁,亥,火,水,2,7,2020-02
2020-02-17,11241.499,庚子,戊寅,庚寅,0.02978908994173124,庚,寅,金,木,2,8,2020-02
2020-02-18,11306.486,庚子,戊寅,辛卯,0.0057809905956494045,辛,卯,金,木,2,8,2020-02
2020-02-19,11235.596,庚子,戊寅,壬辰,-0.006269852543044907,壬,辰,水,土,2,8,2020-02
2020-02-20,11509.088,庚子,戊寅,癸巳,0.02434156585907865,癸,巳,水,火,2,8,2020-02
2020-02-21,11629.698,庚子,戊寅,甲午,0.010479544512997041,甲,午,木,火,2,8,2020-02
2020-02-24,11772.376,庚子,戊寅,丁酉,0.01226841832006298,丁,酉,火,金,2,9,2020-02
2020-02-25,11856.081,庚子,戊寅,戊戌,0.007110289375738654,戊,戌,土,土,2,9,2020-02
2020-02-26,11497.553,庚子,戊寅,己亥,-0.030240009325172457,己,亥,土,水,2,9,2020-02
2020-02-27,11534.019,庚子,戊寅,庚子,0.0031716313897400816,庚,子,金,水,2,9,2020-02
2020-02-28,10980.774,庚子,戊寅,辛丑,-0.04796636801101162,辛,丑,金,土,2,9,2020-02
2020-03-02,11381.762,庚子,戊寅,甲辰,0.03651728011158428,甲,辰,木,土,3,10,2020-03
2020-03-03,11484.212,庚子,戊寅,乙巳,0.009001242514120378,乙,巳,木,火,3,10,2020-03
2020-03-04,11493.021,庚子,戊寅,丙午,0.0007670530638062001,丙,午,火,火,3,10,2020-03
2020-03-05,11711.373,庚子,己卯,丁未,0.018998660143403567,丁,未,火,土,3,10,2020-03
2020-03-06,11582.815,庚子,己卯,戊申,-0.010977192853476647,戊,申,土,金,3,10,2020-03
2020-03-09,11108.548,庚子,己卯,辛亥,-0.04094574591755107,辛,亥,金,水,3,11,2020-03
2020-03-10,11403.467,庚子,己卯,壬子,0.026548834285092804,壬,子,水,水,3,11,2020-03
2020-03-11,11200.05,庚子,己卯,癸丑,-0.017838171496440625,癸,丑,水,土,3,11,2020-03
2020-03-12,10941.014,庚子,己卯,甲寅,-0.023128111035218613,甲,寅,木,木,3,11,2020-03
2020-03-13,10831.125,庚子,己卯,乙卯,-0.010043767424116168,乙,卯,木,木,3,11,2020-03
2020-03-16,10253.284,庚子,己卯,戊午,-0.053350044432134314,戊,午,土,火,3,12,2020-03
2020-03-17,10202.753,庚子,己卯,己未,-0.004928274687407419,己,未,土,土,3,12,2020-03
2020-03-18,10029.568,庚子,己卯,庚申,-0.01697434016093513,庚,申,金,金,3,12,2020-03
2020-03-19,10019.858,庚子,己卯,辛酉,-0.0009681374113021946,辛,酉,金,金,3,12,2020-03
2020-03-20,10150.125,庚子,己卯,壬戌,0.013000882846842643,壬,戌,水,土,3,12,2020-03
2020-03-23,9691.534,庚子,己卯,乙丑,-0.04518082289626979,乙,丑,木,土,3,13,2020-03
2020-03-24,9921.683,庚子,己卯,丙寅,0.023747427393847165,丙,寅,火,木,3,13,2020-03
2020-03-25,10241.076,庚子,己卯,丁卯,0.032191413493053433,丁,卯,火,木,3,13,2020-03
2020-03-26,10155.359,庚子,己卯,戊辰,-0.008369921285614756,戊,辰,土,土,3,13,2020-03
2020-03-27,10109.906,庚子,己卯,己巳,-0.00447576496310953,己,巳,土,火,3,13,2020-03
2020-03-30,9904.951,庚子,己卯,壬申,-0.020272690962705453,壬,申,水,金,3,14,2020-03
2020-03-31,9962.305,庚子,己卯,癸酉,0.005790437529676007,癸,酉,水,金,3,14,2020-03
2020-04-01,9951.837,庚子,己卯,甲戌,-0.0010507608429977111,甲,戌,木,土,4,14,2020-04
2020-04-02,10179.204,庚子,己卯,乙亥,0.022846736738151963,乙,亥,木,水,4,14,2020-04
2020-04-03,10110.113,庚子,己卯,丙子,-0.006787465896154532,丙,子,火,水,4,14,2020-04
2020-04-07,10428.913,庚子,庚辰,庚辰,0.03153278306582741,庚,辰,金,土,4,15,2020-04
2020-04-08,10386.545,庚子,庚辰,辛巳,-0.004062551869020381,辛,巳,金,火,4,15,2020-04
2020-04-09,10463.046,庚子,庚辰,壬午,0.007365394363573197,壬,午,水,火,4,15,2020-04
2020-04-10,10298.413,庚子,庚辰,癸未,-0.015734710523111484,癸,未,水,土,4,15,2020-04
2020-04-13,10223.163,庚子,庚辰,丙戌,-0.007306951080715107,丙,戌,火,土,4,16,2020-04
2020-04-14,10475.705,庚子,庚辰,丁亥,0.024702922177803455,丁,亥,火,水,4,16,2020-04
2020-04-15,10417.374,庚子,庚辰,戊子,-0.00556821712715283,戊,子,土,水,4,16,2020-04
2020-04-16,10470.794,庚子,庚辰,己丑,0.005127971790203523,己,丑,土,土,4,16,2020-04
2020-04-17,10527.99,庚子,庚辰,庚寅,0.00546243197984797,庚,寅,金,木,4,16,2020-04
2020-04-20,10621.497,庚子,庚辰,癸巳,0.008881752357287498,癸,巳,水,火,4,17,2020-04
2020-04-21,10506.856,庚子,庚辰,甲午,-0.010793299663879763,甲,午,木,火,4,17,2020-04
2020-04-22,10617.192,庚子,庚辰,乙未,0.010501333605409613,乙,未,木,土,4,17,2020-04
2020-04-23,10564.046,庚子,庚辰,丙申,-0.005005654979207241,丙,申,火,金,4,17,2020-04
2020-04-24,10423.462,庚子,庚辰,丁酉,-0.013307779992627888,丁,酉,火,金,4,17,2020-04
2020-04-27,10452.171,庚子,庚辰,庚子,0.002754267248252118,庚,子,金,水,4,18,2020-04
2020-04-28,10501.147,庚子,庚辰,辛丑,0.004685725099599081,辛,丑,金,土,4,18,2020-04
2020-04-29,10514.173,庚子,庚辰,壬寅,0.0012404359257136566,壬,寅,水,木,4,18,2020-04
2020-04-30,10721.779,庚子,庚辰,癸卯,0.01974534754183699,癸,卯,水,木,4,18,2020-04
2020-05-06,10883.219,庚子,辛巳,己酉,0.015057202727271068,己,酉,土,金,5,19,2020-05
2020-05-07,10863.285,庚子,辛巳,庚戌,-0.0018316272051493998,庚,戌,金,土,5,19,2020-05
2020-05-08,11001.579,庚子,辛巳,辛亥,0.012730403372460453,辛,亥,金,水,5,19,2020-05
2020-05-11,10969.282,庚子,辛巳,甲寅,-0.002935669507077132,甲,寅,木,木,5,20,2020-05
2020-05-12,11015.559,庚子,辛巳,乙卯,0.004218781138090932,乙,卯,木,木,5,20,2020-05
2020-05-13,11074.593,庚子,辛巳,丙辰,0.0053591470028893085,丙,辰,火,土,5,20,2020-05
2020-05-14,10962.147,庚子,辛巳,丁巳,-0.010153510833310064,丁,巳,火,火,5,20,2020-05
2020-05-15,10964.892,庚子,辛巳,戊午,0.00025040715108071154,戊,午,土,火,5,20,2020-05
2020-05-18,10921.146,庚子,辛巳,辛酉,-0.003989642579242836,辛,酉,金,金,5,21,2020-05
2020-05-19,11052.848,庚子,辛巳,壬戌,0.012059357140724813,壬,戌,水,土,5,21,2020-05
2020-05-20,10948.478,庚子,辛巳,癸亥,-0.00944281510068723,癸,亥,水,水,5,21,2020-05
2020-05-21,10845.396,庚子,辛巳,甲子,-0.009415189946949565,甲,子,木,水,5,21,2020-05
2020-05-22,10604.966,庚子,辛巳,乙丑,-0.02216885395424939,乙,丑,木,土,5,21,2020-05
2020-05-25,10592.845,庚子,辛巳,戊辰,-0.001142955102354959,戊,辰,土,土,5,22,2020-05
2020-05-26,10815.431,庚子,辛巳,己巳,0.02101286292775928,己,巳,土,火,5,22,2020-05
2020-05-27,10682.697,庚子,辛巳,庚午,-0.01227265006822198,庚,午,金,火,5,22,2020-05
2020-05-28,10653.492,庚子,辛巳,辛未,-0.00273386018530708,辛,未,金,土,5,22,2020-05
2020-05-29,10746.076,庚子,辛巳,壬申,0.008690483833845075,壬,申,水,金,5,22,2020-05
2020-06-01,11102.15,庚子,辛巳,乙亥,0.03313525793042982,乙,亥,木,水,6,23,2020-06
2020-06-02,11112.496,庚子,辛巳,丙子,0.000931891570551624,丙,子,火,水,6,23,2020-06
2020-06-03,11108.359,庚子,辛巳,丁丑,-0.0003722835985722206,丁,丑,火,土,6,23,2020-06
2020-06-04,11139.257,庚子,辛巳,戊寅,0.002781508951952283,戊,寅,土,木,6,23,2020-06
2020-06-05,11180.598,庚子,壬午,己卯,0.0037112888229440255,己,卯,土,木,6,23,2020-06
2020-06-08,11215.76,庚子,壬午,壬午,0.003144912284656076,壬,午,水,火,6,24,2020-06
2020-06-09,11284.242,庚子,壬午,癸未,0.006105872450908434,癸,未,水,土,6,24,2020-06
2020-06-10,11335.862,庚子,壬午,甲申,0.004574520822931527,甲,申,木,金,6,24,2020-06
2020-06-11,11243.617,庚子,壬午,乙酉,-0.008137449097386562,乙,酉,木,金,6,24,2020-06
2020-06-12,11251.708,庚子,壬午,丙戌,0.0007196082897522604,丙,戌,火,土,6,24,2020-06
2020-06-15,11192.273,庚子,壬午,己丑,-0.005282309139199248,己,丑,土,土,6,25,2020-06
2020-06-16,11398.966,庚子,壬午,庚寅,0.018467473050380434,庚,寅,金,木,6,25,2020-06
2020-06-17,11420.837,庚子,壬午,辛卯,0.001918682799825877,辛,卯,金,木,6,25,2020-06
2020-06-18,11494.555,庚子,壬午,壬辰,0.006454693294370761,壬,辰,水,土,6,25,2020-06
2020-06-19,11668.133,庚子,壬午,癸巳,0.015100889073130563,癸,巳,水,火,6,25,2020-06
2020-06-22,11702.441,庚子,壬午,丙申,0.002940316158549283,丙,申,火,金,6,26,2020-06
2020-06-23,11794.01,庚子,壬午,丁酉,0.007824777753632661,丁,酉,火,金,6,26,2020-06
2020-06-24,11813.528,庚子,壬午,戊戌,0.0016549078727252642,戊,戌,土,土,6,26,2020-06
2020-06-29,11752.359,庚子,壬午,癸卯,-0.005177877430010747,癸,卯,水,木,6,27,2020-06
2020-06-30,11992.347,庚子,壬午,甲辰,0.02042041091494906,甲,辰,木,土,6,27,2020-06
2020-07-01,12112.965,庚子,壬午,乙巳,0.01005791443493087,乙,巳,木,火,7,27,2020-07
2020-07-02,12269.488,庚子,壬午,丙午,0.012921939426061124,丙,午,火,火,7,27,2020-07
2020-07-03,12433.265,庚子,壬午,丁未,0.013348315756941176,丁,未,火,土,7,27,2020-07
2020-07-06,12941.721,庚子,癸未,庚戌,0.04089480920739641,庚,戌,金,土,7,28,2020-07
2020-07-07,13163.979,庚子,癸未,辛亥,0.017173759193232385,辛,亥,金,水,7,28,2020-07
2020-07-08,13406.372,庚子,癸未,壬子,0.018413353591645754,壬,子,水,水,7,28,2020-07
2020-07-09,13754.744,庚子,癸未,癸丑,0.025985553735194067,癸,丑,水,土,7,28,2020-07
2020-07-10,13671.244,庚子,癸未,甲寅,-0.006070632794038189,甲,寅,木,木,7,28,2020-07
2020-07-13,14149.144,庚子,癸未,丁巳,0.034956584784822775,丁,巳,火,火,7,29,2020-07
2020-07-14,13996.464,庚子,癸未,戊午,-0.010790758790779176,戊,午,土,火,7,29,2020-07
2020-07-15,13734.129,庚子,癸未,己未,-0.01874294821892153,己,未,土,土,7,29,2020-07
2020-07-16,12996.34,庚子,癸未,庚申,-0.05371938766557394,庚,申,金,金,7,29,2020-07
2020-07-17,13114.938,庚子,癸未,辛酉,0.009125492253972967,辛,酉,金,金,7,29,2020-07
2020-07-20,13448.85,庚子,癸未,甲子,0.025460432981078585,甲,子,木,水,7,30,2020-07
2020-07-21,13536.174,庚子,癸未,乙丑,0.006493045873810832,乙,丑,木,土,7,30,2020-07
2020-07-22,13657.029,庚子,癸未,丙寅,0.0089282983507748,丙,寅,火,木,7,30,2020-07
2020-07-23,13661.5,庚子,癸未,丁卯,0.0003273772062721836,丁,卯,火,木,7,30,2020-07
2020-07-24,12935.697,庚子,癸未,戊辰,-0.0531276214178531,戊,辰,土,土,7,30,2020-07
2020-07-27,12976.867,庚子,癸未,辛未,0.0031826657659035362,辛,未,金,土,7,31,2020-07
2020-07-28,13147.354,庚子,癸未,壬申,0.013137762758915539,壬,申,水,金,7,31,2020-07
2020-07-29,13557.441,庚子,癸未,癸酉,0.0311915994655656,癸,酉,水,金,7,31,2020-07
2020-07-30,13466.854,庚子,癸未,甲戌,-0.006681718179706753,甲,戌,木,土,7,31,2020-07
2020-07-31,13637.883,庚子,癸未,乙亥,0.012699996599057295,乙,亥,木,水,7,31,2020-07
2020-08-03,13964.562,庚子,癸未,戊寅,0.023953791068599184,戊,寅,土,木,8,32,2020-08
2020-08-04,13860.459,庚子,癸未,己卯,-0.007454798797126516,己,卯,土,木,8,32,2020-08
2020-08-05,13960.925,庚子,癸未,庚辰,0.00724838910457426,庚,辰,金,土,8,32,2020-08
2020-08-06,13863.13,庚子,癸未,辛巳,-0.007004908342391314,辛,巳,金,火,8,32,2020-08
2020-08-07,13648.5,庚子,甲申,壬午,-0.015482073673117047,壬,午,水,火,8,32,2020-08
2020-08-10,13657.313,庚子,甲申,乙酉,0.0006457119830018954,乙,酉,木,金,8,33,2020-08
2020-08-11,13466.268,庚子,甲申,丙戌,-0.01398847635695255,丙,戌,火,土,8,33,2020-08
2020-08-12,13308.521,庚子,甲申,丁亥,-0.011714232926301471,丁,亥,火,水,8,33,2020-08
2020-08-13,13291.32,庚子,甲申,戊子,-0.001292480208732516,戊,子,土,水,8,33,2020-08
2020-08-14,13489.01,庚子,甲申,己丑,0.014873616766430953,己,丑,土,土,8,33,2020-08
2020-08-17,13742.226,庚子,甲申,壬辰,0.01877202255762289,壬,辰,水,土,8,34,2020-08
2020-08-18,13768.167,庚子,甲申,癸巳,0.001887685444847076,癸,巳,水,火,8,34,2020-08
2020-08-19,13480.853,庚子,甲申,甲午,-0.020867992086383014,甲,午,木,火,8,34,2020-08
2020-08-20,13320.923,庚子,甲申,乙未,-0.011863492614302529,乙,未,木,土,8,34,2020-08
2020-08-21,13478.0,庚子,甲申,丙申,0.011791750466540352,丙,申,火,金,8,34,2020-08
2020-08-24,13666.692,庚子,甲申,己亥,0.014000000000000012,己,亥,土,水,8,35,2020-08
2020-08-25,13669.406,庚子,甲申,庚子,0.0001985849977450549,庚,子,金,水,8,35,2020-08
2020-08-26,13428.399,庚子,甲申,辛丑,-0.017631124571177548,辛,丑,金,土,8,35,2020-08
2020-08-27,13535.091,庚子,甲申,壬寅,0.007945250956573613,壬,寅,水,木,8,35,2020-08
2020-08-28,13851.324,庚子,甲申,癸卯,0.023363936009000552,癸,卯,水,木,8,35,2020-08
2020-08-31,13758.228,庚子,甲申,丙午,-0.006721090344865344,丙,午,火,火,8,36,2020-08
2020-09-01,13849.658,庚子,甲申,丁未,0.006645477891484397,丁,未,火,土,9,36,2020-09
2020-09-02,13887.425,庚子,甲申,戊申,0.0027269265421572264,戊,申,土,金,9,36,2020-09
2020-09-03,13772.374,庚子,甲申,己酉,-0.008284545191063142,己,酉,土,金,9,36,2020-09
2020-09-04,13656.657,庚子,甲申,庚戌,-0.0084021099049445,庚,戌,金,土,9,36,2020-09
2020-09-07,13284.033,庚子,乙酉,癸丑,-0.02728515477836191,癸,丑,水,土,9,37,2020-09
2020-09-08,13293.33,庚子,乙酉,甲寅,0.0006998627600518503,甲,寅,木,木,9,37,2020-09
2020-09-09,12861.75,庚子,乙酉,乙卯,-0.03246590583397835,乙,卯,木,木,9,37,2020-09
2020-09-10,12742.846,庚子,乙酉,丙辰,-0.009244776177425362,丙,辰,火,土,9,37,2020-09
2020-09-11,12942.949,庚子,乙酉,丁巳,0.0157031639556815,丁,巳,火,火,9,37,2020-09
2020-09-14,13021.99,庚子,乙酉,庚申,0.00610687718849845,庚,申,金,金,9,38,2020-09
2020-09-15,13143.457,庚子,乙酉,辛酉,0.009327836989584615,辛,酉,金,金,9,38,2020-09
2020-09-16,13011.281,庚子,乙酉,壬戌,-0.01005641057752149,壬,戌,水,土,9,38,2020-09
2020-09-17,13015.189,庚子,乙酉,癸亥,0.0003003547460085354,癸,亥,水,水,9,38,2020-09
2020-09-18,13245.09,庚子,乙酉,甲子,0.01766405389887149,甲,子,木,水,9,38,2020-09
2020-09-21,13149.501,庚子,乙酉,丁卯,-0.007216938503249115,丁,卯,火,木,9,39,2020-09
2020-09-22,13023.431,庚子,乙酉,戊辰,-0.00958743605555823,戊,辰,土,土,9,39,2020-09
2020-09-23,13110.072,庚子,乙酉,己巳,0.006652701580712517,己,巳,土,火,9,39,2020-09
2020-09-24,12816.606,庚子,乙酉,庚午,-0.02238477408819728,庚,午,金,火,9,39,2020-09
2020-09-25,12814.174,庚子,乙酉,辛未,-0.0001897538240622776,辛,未,金,土,9,39,2020-09
2020-09-28,12760.933,庚子,乙酉,甲戌,-0.004154852275300769,甲,戌,木,土,9,40,2020-09
2020-09-29,12900.695,庚子,乙酉,乙亥,0.010952333971191441,乙,亥,木,水,9,40,2020-09
2020-09-30,12907.448,庚子,乙酉,丙子,0.0005234601701691322,丙,子,火,水,9,40,2020-09
2020-10-09,13289.262,庚子,丙戌,乙酉,0.029580905536090496,乙,酉,木,金,10,41,2020-10
2020-10-12,13708.066,庚子,丙戌,戊子,0.03151446634132138,戊,子,土,水,10,42,2020-10
2020-10-13,13798.579,庚子,丙戌,己丑,0.006602900803074574,己,丑,土,土,10,42,2020-10
2020-10-14,13691.043,庚子,丙戌,庚寅,-0.007793266248647734,庚,寅,金,木,10,42,2020-10
2020-10-15,13624.891,庚子,丙戌,辛卯,-0.004831772130143741,辛,卯,金,木,10,42,2020-10
2020-10-16,13532.729,庚子,丙戌,壬辰,-0.006764237600139333,壬,辰,水,土,10,42,2020-10
2020-10-19,13421.194,庚子,丙戌,乙未,-0.008241870505202642,乙,未,木,土,10,43,2020-10
2020-10-20,13603.881,庚子,丙戌,丙申,0.01361182917108561,丙,申,火,金,10,43,2020-10
2020-10-21,13467.913,庚子,丙戌,丁酉,-0.00999479486772925,丁,酉,火,金,10,43,2020-10
2020-10-22,13396.182,庚子,丙戌,戊戌,-0.005326066481124436,戊,戌,土,土,10,43,2020-10
2020-10-23,13128.455,庚子,丙戌,己亥,-0.019985321190769234,己,亥,土,水,10,43,2020-10
2020-10-26,13191.247,庚子,丙戌,壬寅,0.004782893341219507,壬,寅,水,木,10,44,2020-10
2020-10-27,13269.654,庚子,丙戌,癸卯,0.005943865655763991,癸,卯,水,木,10,44,2020-10
2020-10-28,13388.104,庚子,丙戌,甲辰,0.008926381953892504,甲,辰,木,土,10,44,2020-10
2020-10-29,13519.661,庚子,丙戌,乙巳,0.009826410072703462,乙,巳,木,火,10,44,2020-10
2020-10-30,13236.601,庚子,丙戌,丙午,-0.020936915504020326,丙,午,火,火,10,44,2020-10
2020-11-02,13420.961,庚子,丙戌,己酉,0.013928046935916427,己,酉,土,金,11,45,2020-11
2020-11-03,13580.035,庚子,丙戌,庚戌,0.011852653472430141,庚,戌,金,土,11,45,2020-11
2020-11-04,13659.499,庚子,丙戌,辛亥,0.005851531310486324,辛,亥,金,水,11,45,2020-11
2020-11-05,13894.257,庚子,丙戌,壬子,0.017186428287011113,壬,子,水,水,11,45,2020-11
2020-11-06,13838.422,庚子,丙戌,癸丑,-0.004018566807854396,癸,丑,水,土,11,45,2020-11
2020-11-09,14141.153,庚子,丁亥,丙辰,0.02187612142482709,丙,辰,火,土,11,46,2020-11
2020-11-10,13993.335,庚子,丁亥,丁巳,-0.01045303731598135,丁,巳,火,火,11,46,2020-11
2020-11-11,13720.174,庚子,丁亥,戊午,-0.019520793291949223,戊,午,土,火,11,46,2020-11
2020-11-12,13792.074,庚子,丁亥,己未,0.005240458320717956,己,未,土,土,11,46,2020-11
2020-11-13,13754.554,庚子,丁亥,庚申,-0.0027204030372807164,庚,申,金,金,11,46,2020-11
2020-11-16,13850.829,庚子,丁亥,癸亥,0.00699949994743565,癸,亥,水,水,11,47,2020-11
2020-11-17,13732.52,庚子,丁亥,甲子,-0.008541654799145926,甲,子,木,水,11,47,2020-11
2020-11-18,13658.203,庚子,丁亥,乙丑,-0.005411752540684489,乙,丑,木,土,11,47,2020-11
2020-11-19,13777.445,庚子,丁亥,丙寅,0.008730431082331958,丙,寅,火,木,11,47,2020-11
2020-11-20,13852.418,庚子,丁亥,丁卯,0.005441720144772955,丁,卯,火,木,11,47,2020-11
2020-11-23,13955.285,庚子,丁亥,庚午,0.007425923762912845,庚,午,金,火,11,48,2020-11
2020-11-24,13902.537,庚子,丁亥,辛未,-0.003779786654303341,辛,未,金,土,11,48,2020-11
2020-11-25,13656.095,庚子,丁亥,壬申,-0.017726404900055392,壬,申,水,金,11,48,2020-11
2020-11-26,13599.994,庚子,丁亥,癸酉,-0.004108129007596828,癸,酉,水,金,11,48,2020-11
2020-11-27,13690.884,庚子,丁亥,甲戌,0.006683091183716572,甲,戌,木,土,11,48,2020-11
2020-11-30,13670.11,庚子,丁亥,丁丑,-0.0015173600185349745,丁,丑,火,土,11,49,2020-11
2020-12-01,13930.375,庚子,丁亥,戊寅,0.01903898359267031,戊,寅,土,木,12,49,2020-12
2020-12-02,13961.575,庚子,丁亥,己卯,0.002239709986270988,己,卯,土,木,12,49,2020-12
2020-12-03,13970.684,庚子,丁亥,庚辰,0.000652433554237053,庚,辰,金,土,12,49,2020-12
2020-12-04,14026.656,庚子,丁亥,辛巳,0.0040063893793604866,辛,巳,金,火,12,49,2020-12
2020-12-07,13973.481,庚子,戊子,甲申,-0.003790996228894561,甲,申,木,金,12,50,2020-12
2020-12-08,13973.892,庚子,戊子,乙酉,2.941285711122177e-05,乙,酉,木,金,12,50,2020-12
2020-12-09,13716.53,庚子,戊子,丙戌,-0.018417345718716005,丙,戌,火,土,12,50,2020-12
2020-12-10,13731.342,庚子,戊子,丁亥,0.0010798649512668845,丁,亥,火,水,12,50,2020-12
2020-12-11,13555.145,庚子,戊子,戊子,-0.012831739242966989,戊,子,土,水,12,50,2020-12
2020-12-14,13692.133,庚子,戊子,辛卯,0.0101059782097499,辛,卯,金,木,12,51,2020-12
2020-12-15,13763.313,庚子,戊子,壬辰,0.005198605651873356,壬,辰,水,土,12,51,2020-12
2020-12-16,13751.091,庚子,戊子,癸巳,-0.00088801293700147,癸,巳,水,火,12,51,2020-12
2020-12-17,13889.866,庚子,戊子,甲午,0.010091926524229855,甲,午,木,火,12,51,2020-12
2020-12-18,13854.12,庚子,戊子,乙未,-0.002573530946950786,乙,未,木,土,12,51,2020-12
2020-12-21,14134.85,庚子,戊子,戊戌,0.02026328630039287,戊,戌,土,土,12,52,2020-12
2020-12-22,13882.303,庚子,戊子,己亥,-0.017866974180836714,己,亥,土,水,12,52,2020-12
2020-12-23,14015.022,庚子,戊子,庚子,0.009560301341931643,庚,子,金,水,12,52,2020-12
2020-12-24,13915.574,庚子,戊子,辛丑,-0.00709581476218879,辛,丑,金,土,12,52,2020-12
2020-12-25,14017.057,庚子,戊子,壬寅,0.007292764207929903,壬,寅,水,木,12,52,2020-12
2020-12-28,14044.101,庚子,戊子,乙巳,0.0019293636317523344,乙,巳,木,火,12,53,2020-12
2020-12-29,13970.211,庚子,戊子,丙午,-0.005261283723322796,丙,午,火,火,12,53,2020-12
2020-12-30,14201.565,庚子,戊子,丁未,0.016560522958458,丁,未,火,土,12,53,2020-12
2020-12-31,14470.684,庚子,戊子,戊申,0.01894995375509656,戊,申,土,金,12,53,2020-12
2021-01-04,14827.469,庚子,戊子,壬子,0.024655710815052023,壬,子,水,水,1,1,2021-01
2021-01-05,15147.569,庚子,己丑,癸丑,0.021588310182945047,癸,丑,水,土,1,1,2021-01
2021-01-06,15187.614,庚子,己丑,甲寅,0.002643658530289583,甲,寅,木,木,1,1,2021-01
2021-01-07,15356.403,庚子,己丑,乙卯,0.01111359559177627,乙,卯,木,木,1,1,2021-01
2021-01-08,15319.291,庚子,己丑,丙辰,-0.0024167117781423997,丙,辰,火,土,1,1,2021-01
2021-01-11,15115.38,庚子,己丑,己未,-0.013310733505878303,己,未,土,土,1,2,2021-01
2021-01-12,15460.032,庚子,己丑,庚申,0.022801411542415773,庚,申,金,金,1,2,2021-01
2021-01-13,15365.428,庚子,己丑,辛酉,-0.00611926288380249,辛,酉,金,金,1,2,2021-01
2021-01-14,15070.129,庚子,己丑,壬戌,-0.019218403808862305,壬,戌,水,土,1,2,2021-01
2021-01-15,15031.703,庚子,己丑,癸亥,-0.002549812280969954,癸,亥,水,水,1,2,2021-01
2021-01-18,15269.272,庚子,己丑,丙寅,0.015804529932503364,丙,寅,火,木,1,3,2021-01
2021-01-19,15003.985,庚子,己丑,丁卯,-0.01737391278379219,丁,卯,火,木,1,3,2021-01
2021-01-20,15223.357,庚子,己丑,戊辰,0.014620915710059634,戊,辰,土,土,1,3,2021-01
2021-01-21,15520.598,庚子,己丑,己巳,0.019525325458767062,己,巳,土,火,1,3,2021-01
2021-01-22,15628.73,庚子,己丑,庚午,0.006966999596278445,庚,午,金,火,1,3,2021-01
2021-01-25,15710.193,庚子,己丑,癸酉,0.005212387698808607,癸,酉,水,金,1,4,2021-01
2021-01-26,15352.42,庚子,己丑,甲戌,-0.022773303930766375,甲,戌,木,土,1,4,2021-01
2021-01-27,15413.843,庚子,己丑,乙亥,0.00400086761565932,乙,亥,木,水,1,4,2021-01
2021-01-28,14913.205,庚子,己丑,丙子,-0.03247976510465311,丙,子,火,水,1,4,2021-01
2021-01-29,14821.994,庚子,己丑,丁丑,-0.006116123261230566,丁,丑,火,土,1,4,2021-01
2021-02-01,15024.244,庚子,己丑,庚辰,0.013645262573982908,庚,辰,金,土,2,5,2021-02
2021-02-02,15335.662,庚子,己丑,辛巳,0.02072769851181855,辛,巳,金,火,2,5,2021-02
2021-02-03,15233.149,辛丑,庚寅,壬午,-0.006684615245171721,壬,午,水,火,2,5,2021-02
2021-02-04,15105.939,辛丑,庚寅,癸未,-0.008350866915304178,癸,未,水,土,2,5,2021-02
2021-02-05,15007.295,辛丑,庚寅,甲申,-0.006530146851513208,甲,申,木,金,2,5,2021-02
2021-02-08,15269.627,辛丑,庚寅,丁亥,0.017480298748042244,丁,亥,火,水,2,6,2021-02
2021-02-09,15630.565,辛丑,庚寅,戊子,0.023637643539033304,戊,子,土,水,2,6,2021-02
2021-02-10,15962.25,辛丑,庚寅,己丑,0.02122028218429728,己,丑,土,土,2,6,2021-02
2021-02-18,15767.436,辛丑,庚寅,丁酉,-0.012204670394211359,丁,酉,火,金,2,7,2021-02
2021-02-19,15823.105,辛丑,庚寅,戊戌,0.0035306311057803352,戊,戌,土,土,2,7,2021-02
2021-02-22,15336.951,辛丑,庚寅,辛丑,-0.030724311062841347,辛,丑,金,土,2,8,2021-02
2021-02-23,15243.252,辛丑,庚寅,壬寅,-0.006109362936609686,壬,寅,水,木,2,8,2021-02
2021-02-24,14870.665,辛丑,庚寅,癸卯,-0.02444275014281727,癸,卯,水,木,2,8,2021-02
2021-02-25,14828.801,辛丑,庚寅,甲辰,-0.002815206986372276,甲,辰,木,土,2,8,2021-02
2021-02-26,14507.445,辛丑,庚寅,乙巳,-0.021671071046135193,乙,巳,木,火,2,8,2021-02
2021-03-01,14857.344,辛丑,庚寅,戊申,0.02411858187296234,戊,申,土,金,3,9,2021-03
2021-03-02,14751.117,辛丑,庚寅,己酉,-0.007149797433511629,己,酉,土,金,3,9,2021-03
2021-03-03,14932.385,辛丑,庚寅,庚戌,0.01228842534433161,庚,戌,金,土,3,9,2021-03
2021-03-04,14416.06,辛丑,庚寅,辛亥,-0.03457753064898883,辛,亥,金,水,3,9,2021-03
2021-03-05,14412.312,辛丑,辛卯,壬子,-0.00025998781914060576,壬,子,水,水,3,9,2021-03
2021-03-08,13863.813,辛丑,辛卯,乙卯,-0.0380576690263158,乙,卯,木,木,3,10,2021-03
2021-03-09,13475.718,辛丑,辛卯,丙辰,-0.02799338104170901,丙,辰,火,土,3,10,2021-03
2021-03-10,13563.339,辛丑,辛卯,丁巳,0.006502139626252124,丁,巳,火,火,3,10,2021-03
2021-03-11,13866.366,辛丑,辛卯,戊午,0.022341622516402593,戊,午,土,火,3,10,2021-03
2021-03-12,13897.025,辛丑,辛卯,己未,0.0022110335180824947,己,未,土,土,3,10,2021-03
2021-03-15,13520.066,辛丑,辛卯,壬戌,-0.02712515808239524,壬,戌,水,土,3,11,2021-03
2021-03-16,13642.955,辛丑,辛卯,癸亥,0.009089378705695594,癸,亥,水,水,3,11,2021-03
2021-03-17,13809.768,辛丑,辛卯,甲子,0.012227043188224318,甲,子,木,水,3,11,2021-03
2021-03-18,13963.924,辛丑,辛卯,乙丑,0.011162823300145286,乙,丑,木,土,3,11,2021-03
2021-03-19,13606.002,辛丑,辛卯,丙寅,-0.025631906905250967,丙,寅,火,木,3,11,2021-03
2021-03-22,13760.966,辛丑,辛卯,己巳,0.011389385360960569,己,巳,土,火,3,12,2021-03
2021-03-23,13607.268,辛丑,辛卯,庚午,-0.011169128678902407,庚,午,金,火,3,12,2021-03
2021-03-24,13407.347,辛丑,辛卯,辛未,-0.014692221833214392,辛,未,金,土,3,12,2021-03
2021-03-25,13421.162,辛丑,辛卯,壬申,0.0010304051950025261,壬,申,水,金,3,12,2021-03
2021-03-26,13769.683,辛丑,辛卯,癸酉,0.025968019758646932,癸,酉,水,金,3,12,2021-03
2021-03-29,13771.259,辛丑,辛卯,丙子,0.00011445434146883926,丙,子,火,水,3,13,2021-03
2021-03-30,13888.438,辛丑,辛卯,丁丑,0.008508953320825574,丁,丑,火,土,3,13,2021-03
2021-03-31,13778.67,辛丑,辛卯,戊寅,-0.007903552580931006,戊,寅,土,木,3,13,2021-03
2021-04-01,13979.694,辛丑,辛卯,己卯,0.014589506824679077,己,卯,土,木,4,13,2021-04
2021-04-02,14122.613,辛丑,辛卯,庚辰,0.010223328207326965,庚,辰,金,土,4,13,2021-04
2021-04-06,14083.34,辛丑,壬辰,甲申,-0.0027808593211468002,甲,申,木,金,4,14,2021-04
2021-04-07,13979.31,辛丑,壬辰,乙酉,-0.007386742065447538,乙,酉,木,金,4,14,2021-04
2021-04-08,13989.939,辛丑,壬辰,丙戌,0.0007603379565945811,丙,戌,火,土,4,14,2021-04
2021-04-09,13813.31,辛丑,壬辰,丁亥,-0.012625430318173758,丁,亥,火,水,4,14,2021-04
2021-04-12,13495.718,辛丑,壬辰,庚寅,-0.02299173767909346,庚,寅,金,木,4,15,2021-04
2021-04-13,13528.313,辛丑,壬辰,辛卯,0.002415210513438293,辛,卯,金,木,4,15,2021-04
2021-04-14,13738.001,辛丑,壬辰,壬辰,0.015499937057931845,壬,辰,水,土,4,15,2021-04
2021-04-15,13680.269,辛丑,壬辰,癸巳,-0.004202358116002447,癸,巳,水,火,4,15,2021-04
2021-04-16,13720.743,辛丑,壬辰,甲午,0.0029585675544829826,甲,午,木,火,4,15,2021-04
2021-04-19,14117.798,辛丑,壬辰,丁酉,0.02893830166485878,丁,酉,火,金,4,16,2021-04
2021-04-20,14101.902,辛丑,壬辰,戊戌,-0.0011259546283350907,戊,戌,土,土,4,16,2021-04
2021-04-21,14151.146,辛丑,壬辰,己亥,0.0034920112194796182,己,亥,土,水,4,16,2021-04
2021-04-22,14209.441,辛丑,壬辰,庚子,0.004119454353732177,庚,子,金,水,4,16,2021-04
2021-04-23,14351.855,辛丑,壬辰,辛丑,0.010022491384425347,辛,丑,金,土,4,16,2021-04
2021-04-26,14224.448,辛丑,壬辰,甲辰,-0.00887738902044366,甲,辰,木,土,4,17,2021-04
2021-04-27,14264.084,辛丑,壬辰,乙巳,0.002786470167418731,乙,巳,木,火,4,17,2021-04
2021-04-28,14398.381,辛丑,壬辰,丙午,0.009415045508705644,丙,午,火,火,4,17,2021-04
2021-04-29,14464.082,辛丑,壬辰,丁未,0.004563082474342117,丁,未,火,土,4,17,2021-04
2021-04-30,14438.567,辛丑,壬辰,戊申,-0.0017640248444388273,戊,申,土,金,4,17,2021-04
2021-05-06,14210.596,辛丑,癸巳,甲寅,-0.01578903224952999,甲,寅,木,木,5,18,2021-05
2021-05-07,13933.809,辛丑,癸巳,乙卯,-0.01947750819177463,乙,卯,木,木,5,18,2021-05
2021-05-10,13917.967,辛丑,癸巳,戊午,-0.0011369468319825105,戊,午,土,火,5,19,2021-05
2021-05-11,13966.785,辛丑,癸巳,己未,0.0035075525038965605,己,未,土,土,5,19,2021-05
2021-05-12,14064.865,辛丑,癸巳,庚申,0.007022374870093495,庚,申,金,金,5,19,2021-05
2021-05-13,13917.65,辛丑,癸巳,辛酉,-0.010466861928642768,辛,酉,金,金,5,19,2021-05
2021-05-14,14208.783,辛丑,癸巳,壬戌,0.020918258470359552,壬,戌,水,土,5,19,2021-05
2021-05-17,14456.542,辛丑,癸巳,乙丑,0.017437031728896102,乙,丑,木,土,5,20,2021-05
2021-05-18,14450.604,辛丑,癸巳,丙寅,-0.0004107482965152176,丙,寅,火,木,5,20,2021-05
2021-05-19,14484.455,辛丑,癸巳,丁卯,0.0023425318415757346,丁,卯,火,木,5,20,2021-05
2021-05-20,14535.098,辛丑,癸巳,戊辰,0.003496369038393121,戊,辰,土,土,5,20,2021-05
2021-05-21,14417.457,辛丑,癸巳,己巳,-0.008093581481184331,己,巳,土,火,5,20,2021-05
2021-05-24,14506.607,辛丑,癸巳,壬申,0.006183476045740877,壬,申,水,金,5,21,2021-05
2021-05-25,14846.453,辛丑,癸巳,癸酉,0.023426980547553322,癸,酉,水,金,5,21,2021-05
2021-05-26,14793.681,辛丑,癸巳,甲戌,-0.003554519049095317,甲,戌,木,土,5,21,2021-05
2021-05-27,14897.188,辛丑,癸巳,乙亥,0.006996703524971171,乙,亥,木,水,5,21,2021-05
2021-05-28,14852.878,辛丑,癸巳,丙子,-0.0029743868440137433,丙,子,火,水,5,21,2021-05
2021-05-31,14996.377,辛丑,癸巳,己卯,0.00966135990614081,己,卯,土,木,5,22,2021-05
2021-06-01,15034.779,辛丑,癸巳,庚辰,0.002560751840261055,庚,辰,金,土,6,22,2021-06
2021-06-02,14857.908,辛丑,癸巳,辛巳,-0.011764123702782792,辛,巳,金,火,6,22,2021-06
2021-06-03,14761.132,辛丑,癸巳,壬午,-0.006513433788929102,壬,午,水,火,6,22,2021-06
2021-06-04,14870.914,辛丑,癸巳,癸未,0.0074372344885202946,癸,未,水,土,6,22,2021-06
2021-06-07,14862.6,辛丑,甲午,丙戌,-0.000559077942351105,丙,戌,火,土,6,23,2021-06
2021-06-08,14716.982,辛丑,甲午,丁亥,-0.009797612799913868,丁,亥,火,水,6,23,2021-06
2021-06-09,14718.402,辛丑,甲午,戊子,9.648717379695526e-05,戊,子,土,水,6,23,2021-06
2021-06-10,14893.593,辛丑,甲午,己丑,0.011902854671315577,己,丑,土,土,6,23,2021-06
2021-06-11,14801.24,辛丑,甲午,庚寅,-0.006200854286806501,庚,寅,金,木,6,23,2021-06
2021-06-15,14673.339,辛丑,甲午,甲午,-0.008641235464055708,甲,午,木,火,6,24,2021-06
2021-06-16,14295.928,辛丑,甲午,乙未,-0.025720866941055465,乙,未,木,土,6,24,2021-06
2021-06-17,14472.37,辛丑,甲午,丙申,0.012342115880829896,丙,申,火,金,6,24,2021-06
2021-06-18,14583.668,辛丑,甲午,丁酉,0.007690378286348221,丁,酉,火,金,6,24,2021-06
2021-06-21,14641.293,辛丑,甲午,庚子,0.0039513378938687005,庚,子,金,水,6,25,2021-06
2021-06-22,14696.286,辛丑,甲午,辛丑,0.0037560207284972336,辛,丑,金,土,6,25,2021-06
2021-06-23,14843.831,辛丑,甲午,壬寅,0.010039611368477752,壬,寅,水,木,6,25,2021-06
2021-06-24,14784.8,辛丑,甲午,癸卯,-0.003976803562368847,癸,卯,水,木,6,25,2021-06
2021-06-25,15003.85,辛丑,甲午,甲辰,0.014815891997186359,甲,辰,木,土,6,25,2021-06
2021-06-28,15150.168,辛丑,甲午,丁未,0.009752030312219828,丁,未,火,土,6,26,2021-06
2021-06-29,14999.798,辛丑,甲午,戊申,-0.00992530247849388,戊,申,土,金,6,26,2021-06
2021-06-30,15161.702,辛丑,甲午,己酉,0.010793745355770712,己,酉,土,金,6,26,2021-06
2021-07-01,15038.876,辛丑,甲午,庚戌,-0.008101069391813653,庚,戌,金,土,7,26,2021-07
2021-07-02,14670.711,辛丑,甲午,辛亥,-0.024480885406595654,辛,亥,金,水,7,26,2021-07
2021-07-05,14718.663,辛丑,甲午,甲寅,0.00326855324189812,甲,寅,木,木,7,27,2021-07
2021-07-06,14667.646,辛丑,甲午,乙卯,-0.0034661436300293946,乙,卯,木,木,7,27,2021-07
2021-07-07,14940.047,辛丑,乙未,丙辰,0.018571555381142968,丙,辰,火,土,7,27,2021-07
2021-07-08,14882.904,辛丑,乙未,丁巳,-0.0038248206314210886,丁,巳,火,火,7,27,2021-07
2021-07-09,14844.356,辛丑,乙未,戊午,-0.002590085913340645,戊,午,土,火,7,27,2021-07
2021-07-12,15161.522,辛丑,乙未,辛酉,0.021366100354909268,辛,酉,金,金,7,28,2021-07
2021-07-13,15189.295,辛丑,乙未,壬戌,0.0018318081786248275,壬,戌,水,土,7,28,2021-07
2021-07-14,15056.318,辛丑,乙未,癸亥,-0.008754652536539731,癸,亥,水,水,7,28,2021-07
2021-07-15,15169.334,辛丑,乙未,甲子,0.007506217655604885,甲,子,木,水,7,28,2021-07
2021-07-16,14972.214,辛丑,乙未,乙丑,-0.012994637734260461,乙,丑,木,土,7,28,2021-07
2021-07-19,14992.904,辛丑,乙未,戊辰,0.001381893152208491,戊,辰,土,土,7,29,2021-07
2021-07-20,15011.354,辛丑,乙未,己巳,0.0012305821473943546,己,巳,土,火,7,29,2021-07
2021-07-21,15212.599,辛丑,乙未,庚午,0.0134061857444705,庚,午,金,火,7,29,2021-07
2021-07-22,15262.188,辛丑,乙未,辛未,0.003259732278488414,辛,未,金,土,7,29,2021-07
2021-07-23,15028.567,辛丑,乙未,壬申,-0.01530717614014454,壬,申,水,金,7,29,2021-07
2021-07-26,14630.85,辛丑,乙未,乙亥,-0.026464066733707825,乙,亥,木,水,7,30,2021-07
2021-07-27,14093.635,辛丑,乙未,丙子,-0.036717962387694536,丙,子,火,水,7,30,2021-07
2021-07-28,14086.424,辛丑,乙未,丁丑,-0.0005116494076935485,丁,丑,火,土,7,30,2021-07
2021-07-29,14515.323,辛丑,乙未,戊寅,0.030447684948287757,戊,寅,土,木,7,30,2021-07
2021-07-30,14473.21,辛丑,乙未,己卯,-0.0029012788761229036,己,卯,土,木,7,30,2021-07
2021-08-02,14798.158,辛丑,乙未,壬午,0.022451688326224906,壬,午,水,火,8,31,2021-08
2021-08-03,14736.918,辛丑,乙未,癸未,-0.004138352895002195,癸,未,水,土,8,31,2021-08
2021-08-04,14990.109,辛丑,乙未,甲申,0.017180729376386594,甲,申,木,金,8,31,2021-08
2021-08-05,14872.226,辛丑,乙未,乙酉,-0.007864052222702256,乙,酉,木,金,8,31,2021-08
2021-08-06,14827.41,辛丑,乙未,丙戌,-0.003013402297678991,丙,戌,火,土,8,31,2021-08
2021-08-09,14941.442,辛丑,丙申,己丑,0.007690621625759286,己,丑,土,土,8,32,2021-08
2021-08-10,15057.591,辛丑,丙申,庚寅,0.007773613818532477,庚,寅,金,木,8,32,2021-08
2021-08-11,15021.17,辛丑,丙申,辛卯,-0.002418780002724219,辛,卯,金,木,8,32,2021-08
2021-08-12,14901.971,辛丑,丙申,壬辰,-0.007935400504754275,壬,辰,水,土,8,32,2021-08
2021-08-13,14799.032,辛丑,丙申,癸巳,-0.006907743948770251,癸,巳,水,火,8,32,2021-08
2021-08-16,14693.736,辛丑,丙申,丙申,-0.007115059957975567,丙,申,火,金,8,33,2021-08
2021-08-17,14350.647,辛丑,丙申,丁酉,-0.023349337431950556,丁,酉,火,金,8,33,2021-08
2021-08-18,14454.114,辛丑,丙申,戊戌,0.007209918828049888,戊,戌,土,土,8,33,2021-08
2021-08-19,14487.361,辛丑,丙申,己亥,0.002300175576310126,己,亥,土,水,8,33,2021-08
2021-08-20,14253.535,辛丑,丙申,庚子,-0.016139999548572037,庚,子,金,水,8,33,2021-08
2021-08-23,14535.877,辛丑,丙申,癸卯,0.019808559771312906,癸,卯,水,木,8,34,2021-08
2021-08-24,14663.549,辛丑,丙申,甲辰,0.008783233374910937,甲,辰,木,土,8,34,2021-08
2021-08-25,14697.497,辛丑,丙申,乙巳,0.0023151284862892307,乙,巳,木,火,8,34,2021-08
2021-08-26,14415.459,辛丑,丙申,丙午,-0.019189525944451558,丙,午,火,火,8,34,2021-08
2021-08-27,14436.896,辛丑,丙申,丁未,0.0014870841088028275,丁,未,火,土,8,34,2021-08
2021-08-30,14423.366,辛丑,丙申,庚戌,-0.0009371820646211226,庚,戌,金,土,8,35,2021-08
2021-08-31,14328.382,辛丑,丙申,辛亥,-0.006585425343848317,辛,亥,金,水,8,35,2021-08
2021-09-01,14314.086,辛丑,丙申,壬子,-0.0009977400100025235,壬,子,水,水,9,35,2021-09
2021-09-02,14277.339,辛丑,丙申,癸丑,-0.002567191506324562,癸,丑,水,土,9,35,2021-09
2021-09-03,14179.864,辛丑,丙申,甲寅,-0.006827252613389678,甲,寅,木,木,9,35,2021-09
2021-09-06,14546.604,辛丑,丙申,丁巳,0.02586343564367044,丁,巳,火,火,9,36,2021-09
2021-09-07,14702.898,辛丑,丁酉,戊午,0.01074436342668017,戊,午,土,火,9,36,2021-09
2021-09-08,14688.08,辛丑,丁酉,己未,-0.0010078285246893914,己,未,土,土,9,36,2021-09
2021-09-09,14698.528,辛丑,丁酉,庚申,0.0007113251017152322,庚,申,金,金,9,36,2021-09
2021-09-10,14771.871,辛丑,丁酉,辛酉,0.0049898193887170095,辛,酉,金,金,9,36,2021-09
2021-09-13,14705.827,辛丑,丁酉,甲子,-0.004470929918085509,甲,子,木,水,9,37,2021-09
2021-09-14,14626.085,辛丑,丁酉,乙丑,-0.005422476410201216,乙,丑,木,土,9,37,2021-09
2021-09-15,14536.313,辛丑,丁酉,丙寅,-0.006137801058861525,丙,寅,火,木,9,37,2021-09
2021-09-16,14258.13,辛丑,丁酉,丁卯,-0.01913710856391171,丁,卯,火,木,9,37,2021-09
2021-09-17,14359.358,辛丑,丁酉,戊辰,0.007099668750390142,戊,辰,土,土,9,37,2021-09
2021-09-22,14277.075,辛丑,丁酉,癸酉,-0.005730270113747382,癸,酉,水,金,9,38,2021-09
2021-09-23,14387.359,辛丑,丁酉,甲戌,0.007724551422472636,甲,戌,木,土,9,38,2021-09
2021-09-24,14357.846,辛丑,丁酉,乙亥,-0.002051314629738621,乙,亥,木,水,9,38,2021-09
2021-09-27,14344.287,辛丑,丁酉,戊寅,-0.0009443617099667012,戊,寅,土,木,9,39,2021-09
2021-09-28,14313.822,辛丑,丁酉,己卯,-0.002123842056422909,己,卯,土,木,9,39,2021-09
2021-09-29,14079.023,辛丑,丁酉,庚辰,-0.016403655152341656,庚,辰,金,土,9,39,2021-09
2021-09-30,14309.013,辛丑,丁酉,辛巳,0.016335650563253035,辛,巳,金,火,9,39,2021-09
2021-10-08,14414.159,辛丑,戊戌,己丑,0.007348235688932503,己,丑,土,土,10,40,2021-10
2021-10-11,14367.604,辛丑,戊戌,壬辰,-0.0032298103552208524,壬,辰,水,土,10,41,2021-10
2021-10-12,14135.376,辛丑,戊戌,癸巳,-0.01616330739627836,癸,巳,水,火,10,41,2021-10
2021-10-13,14353.078,辛丑,戊戌,甲午,0.015401217484416252,甲,午,木,火,10,41,2021-10
2021-10-14,14341.376,辛丑,戊戌,乙未,-0.0008152955066501599,乙,未,木,土,10,41,2021-10
2021-10-15,14415.992,辛丑,戊戌,丙申,0.005202848039128183,丙,申,火,金,10,41,2021-10
2021-10-18,14350.02,辛丑,戊戌,己亥,-0.004576306646119077,己,亥,土,水,10,42,2021-10
2021-10-19,14499.767,辛丑,戊戌,庚子,0.0104353164664579,庚,子,金,水,10,42,2021-10
2021-10-20,14452.246,辛丑,戊戌,辛丑,-0.003277363008660772,辛,丑,金,土,10,42,2021-10
2021-10-21,14444.856,辛丑,戊戌,壬寅,-0.000511339206376582,壬,寅,水,木,10,42,2021-10
2021-10-22,14492.821,辛丑,戊戌,癸卯,0.003320559235758358,癸,卯,水,木,10,42,2021-10
2021-10-25,14596.725,辛丑,戊戌,丙午,0.007169342669725909,丙,午,火,火,10,43,2021-10
2021-10-26,14552.819,辛丑,戊戌,丁未,-0.0030079349991180004,丁,未,火,土,10,43,2021-10
2021-10-27,14393.508,辛丑,戊戌,戊申,-0.010947088670586802,戊,申,土,金,10,43,2021-10
2021-10-28,14244.819,辛丑,戊戌,己酉,-0.010330282235574528,己,酉,土,金,10,43,2021-10
2021-10-29,14451.382,辛丑,戊戌,庚戌,0.014500921352528229,庚,戌,金,土,10,43,2021-10
2021-11-01,14476.526,辛丑,戊戌,癸丑,0.0017399027996076732,癸,丑,水,土,11,44,2021-11
2021-11-02,14377.266,辛丑,戊戌,甲寅,-0.0068566173956375875,甲,寅,木,木,11,44,2021-11
2021-11-03,14367.78,辛丑,戊戌,乙卯,-0.0006597916460611142,乙,卯,木,木,11,44,2021-11
2021-11-04,14555.274,辛丑,戊戌,丙辰,0.01304961518063319,丙,辰,火,土,11,44,2021-11
2021-11-05,14462.622,辛丑,戊戌,丁巳,-0.00636552771181087,丁,巳,火,火,11,44,2021-11
2021-11-08,14508.861,辛丑,己亥,庚申,0.0031971381123008236,庚,申,金,金,11,45,2021-11
2021-11-09,14571.933,辛丑,己亥,辛酉,0.004347136553310538,辛,酉,金,金,11,45,2021-11
2021-11-10,14515.881,辛丑,己亥,壬戌,-0.0038465727230561075,壬,戌,水,土,11,45,2021-11
2021-11-11,14699.744,辛丑,己亥,癸亥,0.012666334203208285,癸,亥,水,水,11,45,2021-11
2021-11-12,14705.368,辛丑,己亥,甲子,0.0003825916968349663,甲,子,木,水,11,45,2021-11
2021-11-15,14636.391,辛丑,己亥,丁卯,-0.004690600058427696,丁,卯,火,木,11,46,2021-11
2021-11-16,14613.973,辛丑,己亥,戊辰,-0.0015316617327317816,戊,辰,土,土,11,46,2021-11
2021-11-17,14711.184,辛丑,己亥,己巳,0.006651921417947015,己,巳,土,火,11,46,2021-11
2021-11-18,14579.167,辛丑,己亥,庚午,-0.008973920793866719,庚,午,金,火,11,46,2021-11
2021-11-19,14752.486,辛丑,己亥,辛未,0.011888127764775769,辛,未,金,土,11,46,2021-11
2021-11-22,14960.656,辛丑,己亥,甲戌,0.01411084206417823,甲,戌,木,土,11,47,2021-11
2021-11-23,14905.133,辛丑,己亥,乙亥,-0.0037112677412006745,乙,亥,木,水,11,47,2021-11
2021-11-24,14887.595,辛丑,己亥,丙子,-0.001176641630772468,丙,子,火,水,11,47,2021-11
2021-11-25,14827.951,辛丑,己亥,丁丑,-0.0040062884569334045,丁,丑,火,土,11,47,2021-11
2021-11-26,14777.171,辛丑,己亥,戊寅,-0.0034246134209641177,戊,寅,土,木,11,47,2021-11
2021-11-29,14810.197,辛丑,己亥,辛巳,0.002234933871984035,辛,巳,金,火,11,48,2021-11
2021-11-30,14795.734,辛丑,己亥,壬午,-0.0009765568952255776,壬,午,水,火,11,48,2021-11
2021-12-01,14794.247,辛丑,己亥,癸未,-0.00010050194197874784,癸,未,水,土,12,48,2021-12
2021-12-02,14765.561,辛丑,己亥,甲申,-0.0019389969628058612,甲,申,木,金,12,48,2021-12
2021-12-03,14892.053,辛丑,己亥,乙酉,0.008566691099647361,乙,酉,木,金,12,48,2021-12
2021-12-06,14752.957,辛丑,己亥,戊子,-0.009340283707021446,戊,子,土,水,12,49,2021-12
2021-12-07,14697.167,辛丑,庚子,己丑,-0.0037816147637386166,己,丑,土,土,12,49,2021-12
2021-12-08,14964.464,辛丑,庚子,庚寅,0.01818697440125705,庚,寅,金,木,12,49,2021-12
2021-12-09,15147.875,辛丑,庚子,辛卯,0.012256436314725283,辛,卯,金,木,12,49,2021-12
2021-12-10,15111.562,辛丑,庚子,壬辰,-0.0023972339354529915,壬,辰,水,土,12,49,2021-12
2021-12-13,15212.485,辛丑,庚子,乙未,0.006678528665666761,乙,未,木,土,12,50,2021-12
2021-12-14,15136.775,辛丑,庚子,丙申,-0.004976833173541362,丙,申,火,金,12,50,2021-12
2021-12-15,15026.207,辛丑,庚子,丁酉,-0.007304594274539888,丁,酉,火,金,12,50,2021-12
2021-12-16,15112.807,辛丑,庚子,戊戌,0.005763264142441216,戊,戌,土,土,12,50,2021-12
2021-12-17,14867.554,辛丑,庚子,己亥,-0.016228156688562256,己,亥,土,水,12,50,2021-12
2021-12-20,14569.184,辛丑,庚子,壬寅,-0.020068533129255828,壬,寅,水,木,12,51,2021-12
2021-12-21,14688.983,辛丑,庚子,癸卯,0.008222766628522393,癸,卯,水,木,12,51,2021-12
2021-12-22,14791.332,辛丑,庚子,甲辰,0.006967739019100305,甲,辰,木,土,12,51,2021-12
2021-12-23,14863.928,辛丑,庚子,乙巳,0.004908009636995558,乙,巳,木,火,12,51,2021-12
2021-12-24,14710.328,辛丑,庚子,丙午,-0.010333742197890072,丙,午,火,火,12,51,2021-12
2021-12-27,14715.646,辛丑,庚子,己酉,0.00036151471265633006,己,酉,土,金,12,52,2021-12
2021-12-28,14837.869,辛丑,庚子,庚戌,0.008305649646641378,庚,戌,金,土,12,52,2021-12
2021-12-29,14653.823,辛丑,庚子,辛亥,-0.012403802729354263,辛,亥,金,水,12,52,2021-12
2021-12-30,14796.231,辛丑,庚子,壬子,0.009718146588777454,壬,子,水,水,12,52,2021-12
2021-12-31,14857.346,辛丑,庚子,癸丑,0.004130443759630342,癸,丑,水,土,12,52,2021-12
2022-01-04,14791.313,辛丑,庚子,丁巳,-0.004444468076599928,丁,巳,火,火,1,1,2022-01
2022-01-05,14525.759,辛丑,辛丑,戊午,-0.01795337574155853,戊,午,土,火,1,1,2022-01
2022-01-06,14429.508,辛丑,辛丑,己未,-0.006626228619103447,己,未,土,土,1,1,2022-01
2022-01-07,14343.654,辛丑,辛丑,庚申,-0.005949891014995101,庚,申,金,金,1,1,2022-01
2022-01-10,14406.973,辛丑,辛丑,癸亥,0.004414426059078158,癸,亥,水,水,1,2,2022-01
2022-01-11,14223.351,辛丑,辛丑,甲子,-0.012745356016145792,甲,子,木,水,1,2,2022-01
2022-01-12,14421.198,辛丑,辛丑,乙丑,0.013910013188875192,乙,丑,木,土,1,2,2022-01
2022-01-13,14138.336,辛丑,辛丑,丙寅,-0.019614320530097484,丙,寅,火,木,1,2,2022-01
2022-01-14,14150.569,辛丑,辛丑,丁卯,0.0008652361918686235,丁,卯,火,木,1,2,2022-01
2022-01-17,14363.567,辛丑,辛丑,庚午,0.015052256909245054,庚,午,金,火,1,3,2022-01
2022-01-18,14391.389,辛丑,辛丑,辛未,0.0019369840374607872,辛,未,金,土,1,3,2022-01
2022-01-19,14207.193,辛丑,辛丑,壬申,-0.012799042538562455,壬,申,水,金,1,3,2022-01
2022-01-20,14198.303,辛丑,辛丑,癸酉,-0.0006257393701908365,癸,酉,水,金,1,3,2022-01
2022-01-21,14029.546,辛丑,辛丑,甲戌,-0.011885716201436192,甲,戌,木,土,1,3,2022-01
2022-01-24,14081.795,辛丑,辛丑,丁丑,0.003724211745697259,丁,丑,火,土,1,4,2022-01
2022-01-25,13683.895,辛丑,辛丑,戊寅,-0.028256340899721955,戊,寅,土,木,1,4,2022-01
2022-01-26,13780.301,辛丑,辛丑,己卯,0.007045216292583367,己,卯,土,木,1,4,2022-01
2022-01-27,13398.845,辛丑,辛丑,庚辰,-0.02768125311631442,庚,辰,金,土,1,4,2022-01
2022-01-28,13328.056,辛丑,辛丑,辛巳,-0.005283216575757033,辛,巳,金,火,1,4,2022-01
2022-02-07,13456.647,壬寅,壬寅,辛卯,0.009648143735290438,辛,卯,金,木,2,6,2022-02
2022-02-08,13325.412,壬寅,壬寅,壬辰,-0.009752429412765329,壬,辰,水,土,2,6,2022-02
2022-02-09,13531.311,壬寅,壬寅,癸巳,0.01545160479841079,癸,巳,水,火,2,6,2022-02
2022-02-10,13432.067,壬寅,壬寅,甲午,-0.0073343964971317455,甲,午,木,火,2,6,2022-02
2022-02-11,13224.378,壬寅,壬寅,乙未,-0.015462177191343573,乙,未,木,土,2,6,2022-02
2022-02-14,13123.212,壬寅,壬寅,戊戌,-0.007649962818667255,戊,戌,土,土,2,7,2022-02
2022-02-15,13345.626,壬寅,壬寅,己亥,0.016948137391973983,己,亥,土,水,2,7,2022-02
2022-02-16,13376.356,壬寅,壬寅,庚子,0.0023026270929515924,庚,子,金,水,2,7,2022-02
2022-02-17,13422.899,壬寅,壬寅,辛丑,0.003479497704756085,辛,丑,金,土,2,7,2022-02
2022-02-18,13459.681,壬寅,壬寅,壬寅,0.002740242625680178,壬,寅,水,木,2,7,2022-02
2022-02-21,13471.157,壬寅,壬寅,乙巳,0.0008526205041559098,乙,巳,木,火,2,8,2022-02
2022-02-22,13297.107,壬寅,壬寅,丙午,-0.012920196832387876,丙,午,火,火,2,8,2022-02
2022-02-23,13549.985,壬寅,壬寅,丁未,0.0190175201267464,丁,未,火,土,2,8,2022-02
2022-02-24,13252.241,壬寅,壬寅,戊申,-0.021973751262455266,戊,申,土,金,2,8,2022-02
2022-02-25,13412.918,壬寅,壬寅,己酉,0.012124515393283186,己,酉,土,金,2,8,2022-02
2022-02-28,13455.733,壬寅,壬寅,壬子,0.00319207200103655,壬,子,水,水,2,9,2022-02
2022-03-01,13488.637,壬寅,壬寅,癸丑,0.0024453517322320373,癸,丑,水,土,3,9,2022-03
2022-03-02,13346.956,壬寅,壬寅,甲寅,-0.010503729917263005,甲,寅,木,木,3,9,2022-03
2022-03-03,13201.82,壬寅,壬寅,乙卯,-0.010874089942305987,乙,卯,木,木,3,9,2022-03
2022-03-04,13020.464,壬寅,壬寅,丙辰,-0.013737196841041577,丙,辰,火,土,3,9,2022-03
2022-03-07,12573.435,壬寅,癸卯,己未,-0.034332801043035044,己,未,土,土,3,10,2022-03
2022-03-08,12244.497,壬寅,癸卯,庚申,-0.026161347316783323,庚,申,金,金,3,10,2022-03
2022-03-09,12107.171,壬寅,癸卯,辛酉,-0.01121532391244806,辛,酉,金,金,3,10,2022-03
2022-03-10,12370.954,壬寅,癸卯,壬戌,0.02178733578636982,壬,戌,水,土,3,10,2022-03
2022-03-11,12447.373,壬寅,癸卯,癸亥,0.0061772923898997245,癸,亥,水,水,3,10,2022-03
2022-03-14,12063.632,壬寅,癸卯,丙寅,-0.0308290753398327,丙,寅,火,木,3,11,2022-03
2022-03-15,11537.235,壬寅,癸卯,丁卯,-0.043635034623071944,丁,卯,火,木,3,11,2022-03
2022-03-16,12000.959,壬寅,癸卯,戊辰,0.04019368592214678,戊,辰,土,土,3,11,2022-03
2022-03-17,12289.974,壬寅,癸卯,己巳,0.024082658727523354,己,巳,土,火,3,11,2022-03
2022-03-18,12328.647,壬寅,癸卯,庚午,0.003146711294914173,庚,午,金,火,3,11,2022-03
2022-03-21,12379.636,壬寅,癸卯,癸酉,0.004135814741065946,癸,酉,水,金,3,12,2022-03
2022-03-22,12318.783,壬寅,癸卯,甲戌,-0.00491557263880793,甲,戌,木,土,3,12,2022-03
2022-03-23,12408.65,壬寅,癸卯,乙亥,0.0072951199806019495,乙,亥,木,水,3,12,2022-03
2022-03-24,12305.504,壬寅,癸卯,丙子,-0.008312427218109875,丙,子,火,水,3,12,2022-03
2022-03-25,12072.728,壬寅,癸卯,丁丑,-0.018916413338291638,丁,丑,火,土,3,12,2022-03
2022-03-28,11949.939,壬寅,癸卯,庚辰,-0.010170774989712306,庚,辰,金,土,3,13,2022-03
2022-03-29,11895.077,壬寅,癸卯,辛巳,-0.004590985778253898,辛,巳,金,火,3,13,2022-03
2022-03-30,12263.802,壬寅,癸卯,壬午,0.030998117960900906,壬,午,水,火,3,13,2022-03
2022-03-31,12118.254,壬寅,癸卯,癸未,-0.011868097674766709,癸,未,水,土,3,13,2022-03
2022-04-01,12227.931,壬寅,癸卯,甲申,0.00905056124421888,甲,申,木,金,4,13,2022-04
2022-04-06,12172.911,壬寅,甲辰,己丑,-0.00449953471278175,己,丑,土,土,4,14,2022-04
2022-04-07,11972.023,壬寅,甲辰,庚寅,-0.016502872648949896,庚,寅,金,木,4,14,2022-04
2022-04-08,11959.271,壬寅,甲辰,辛卯,-0.0010651499750709004,辛,卯,金,木,4,14,2022-04
2022-04-11,11520.214,壬寅,甲辰,甲午,-0.03671268926007287,甲,午,木,火,4,15,2022-04
2022-04-12,11756.377,壬寅,甲辰,乙未,0.02049987960293098,乙,未,木,土,4,15,2022-04
2022-04-13,11568.17,壬寅,甲辰,丙申,-0.016008928601047745,丙,申,火,金,4,15,2022-04
2022-04-14,11714.615,壬寅,甲辰,丁酉,0.012659305663730747,丁,酉,火,金,4,15,2022-04
2022-04-15,11648.567,壬寅,甲辰,戊戌,-0.005638085417233096,戊,戌,土,土,4,15,2022-04
2022-04-18,11691.473,壬寅,甲辰,辛丑,0.0036833715254418475,辛,丑,金,土,4,16,2022-04
2022-04-19,11633.323,壬寅,甲辰,壬寅,-0.004973710327175973,壬,寅,水,木,4,16,2022-04
2022-04-20,11392.228,壬寅,甲辰,癸卯,-0.02072451697593214,癸,卯,水,木,4,16,2022-04
2022-04-21,11084.284,壬寅,甲辰,甲辰,-0.027031060122743256,甲,辰,木,土,4,16,2022-04
2022-04-22,11051.697,壬寅,甲辰,乙巳,-0.0029399282804374316,乙,巳,木,火,4,16,2022-04
2022-04-25,10379.283,壬寅,甲辰,戊申,-0.06084260181943102,戊,申,土,金,4,17,2022-04
2022-04-26,10206.639,壬寅,甲辰,己酉,-0.0166335189049186,己,酉,土,金,4,17,2022-04
2022-04-27,10652.904,壬寅,甲辰,庚戌,0.04372301205127371,庚,戌,金,土,4,17,2022-04
2022-04-28,10628.92,壬寅,甲辰,辛亥,-0.002251404875140195,辛,亥,金,水,4,17,2022-04
2022-04-29,11021.436,壬寅,甲辰,壬子,0.03692905770294619,壬,子,水,水,4,17,2022-04
2022-05-05,11046.383,壬寅,乙巳,戊午,0.0022634981503317775,戊,午,土,火,5,18,2022-05
2022-05-06,10809.88,壬寅,乙巳,己未,-0.021409994565642076,己,未,土,土,5,18,2022-05
2022-05-09,10765.625,壬寅,乙巳,壬戌,-0.004093939988232931,壬,戌,水,土,5,19,2022-05
2022-05-10,10912.742,壬寅,乙巳,癸亥,0.013665439767779342,癸,亥,水,水,5,19,2022-05
2022-05-11,11109.479,壬寅,乙巳,甲子,0.018028191264853444,甲,子,木,水,5,19,2022-05
2022-05-12,11094.869,壬寅,乙巳,乙丑,-0.0013150931740362193,乙,丑,木,土,5,19,2022-05
2022-05-13,11159.791,壬寅,乙巳,丙寅,0.0058515337134668055,丙,寅,火,木,5,19,2022-05
2022-05-16,11093.374,壬寅,乙巳,己巳,-0.005951455542491768,己,巳,土,火,5,20,2022-05
2022-05-17,11230.159,壬寅,乙巳,庚午,0.012330333404426908,庚,午,金,火,5,20,2022-05
2022-05-18,11208.075,壬寅,乙巳,辛未,-0.001966490412112498,辛,未,金,土,5,20,2022-05
2022-05-19,11250.061,壬寅,乙巳,壬申,0.0037460491654452976,壬,申,水,金,5,20,2022-05
2022-05-20,11454.527,壬寅,乙巳,癸酉,0.018174657008526385,癸,酉,水,金,5,20,2022-05
2022-05-23,11447.952,壬寅,乙巳,丙子,-0.0005740088613001015,丙,子,火,水,5,21,2022-05
2022-05-24,11065.917,壬寅,乙巳,丁丑,-0.033371471159208244,丁,丑,火,土,5,21,2022-05
2022-05-25,11143.182,壬寅,乙巳,戊寅,0.0069822500927849696,戊,寅,土,木,5,21,2022-05
2022-05-26,11206.82,壬寅,乙巳,己卯,0.005710936068350936,己,卯,土,木,5,21,2022-05
2022-05-27,11193.587,壬寅,乙巳,庚辰,-0.0011807988349951115,庚,辰,金,土,5,21,2022-05
2022-05-30,11310.282,壬寅,乙巳,癸未,0.010425165766791311,癸,未,水,土,5,22,2022-05
2022-05-31,11527.621,壬寅,乙巳,甲申,0.019216054913573366,甲,申,木,金,5,22,2022-05
2022-06-01,11551.272,壬寅,乙巳,乙酉,0.0020516809149087045,乙,酉,木,金,6,22,2022-06
2022-06-02,11628.309,壬寅,乙巳,丙戌,0.0066691356588259865,丙,戌,火,土,6,22,2022-06
2022-06-06,11938.119,壬寅,丙午,庚寅,0.026642738853946968,庚,寅,金,木,6,23,2022-06
2022-06-07,11935.569,壬寅,丙午,辛卯,-0.00021360148948101898,辛,卯,金,木,6,23,2022-06
2022-06-08,12033.261,壬寅,丙午,壬辰,0.008184947026823819,壬,辰,水,土,6,23,2022-06
2022-06-09,11810.584,壬寅,丙午,癸巳,-0.01850512508620894,癸,巳,水,火,6,23,2022-06
2022-06-10,12035.149,壬寅,丙午,甲午,0.019013877721880457,甲,午,木,火,6,23,2022-06
2022-06-13,11999.312,壬寅,丙午,丁酉,-0.0029776947506008344,丁,酉,火,金,6,24,2022-06
2022-06-14,12023.785,壬寅,丙午,戊戌,0.0020395335999263686,戊,戌,土,土,6,24,2022-06
2022-06-15,12137.758,壬寅,丙午,己亥,0.009478961907585681,己,亥,土,水,6,24,2022-06
2022-06-16,12150.958,壬寅,丙午,庚子,0.0010875155032750161,庚,子,金,水,6,24,2022-06
2022-06-17,12331.141,壬寅,丙午,辛丑,0.014828707333199409,辛,丑,金,土,6,24,2022-06
2022-06-20,12487.134,壬寅,丙午,甲辰,0.012650329762671664,甲,辰,木,土,6,25,2022-06
2022-06-21,12423.864,壬寅,丙午,乙巳,-0.005066815171519745,乙,巳,木,火,6,25,2022-06
2022-06-22,12246.553,壬寅,丙午,丙午,-0.01427180786911375,丙,午,火,火,6,25,2022-06
2022-06-23,12514.726,壬寅,丙午,丁未,0.021897835252091102,丁,未,火,土,6,25,2022-06
2022-06-24,12686.032,壬寅,丙午,戊申,0.013688354023891458,戊,申,土,金,6,25,2022-06
2022-06-27,12825.565,壬寅,丙午,辛亥,0.010998947503837453,辛,亥,金,水,6,26,2022-06
2022-06-28,12982.686,壬寅,丙午,壬子,0.01225061040195885,壬,子,水,水,6,26,2022-06
2022-06-29,12696.505,壬寅,丙午,癸丑,-0.02204328133638911,癸,丑,水,土,6,26,2022-06
2022-06-30,12896.204,壬寅,丙午,甲寅,0.01572865918613031,甲,寅,木,木,6,26,2022-06
2022-07-01,12860.355,壬寅,丙午,乙卯,-0.002779810244937231,乙,卯,木,木,7,26,2022-07
2022-07-04,13026.246,壬寅,丙午,戊午,0.012899410630577535,戊,午,土,火,7,27,2022-07
2022-07-05,12973.108,壬寅,丙午,己未,-0.004079302663253737,己,未,土,土,7,27,2022-07
2022-07-06,12811.33,壬寅,丙午,庚申,-0.012470257705401111,庚,申,金,金,7,27,2022-07
2022-07-07,12935.85,壬寅,丁未,辛酉,0.009719521704616207,辛,酉,金,金,7,27,2022-07
2022-07-08,12857.13,壬寅,丁未,壬戌,-0.006085413791903971,壬,戌,水,土,7,27,2022-07
2022-07-11,12617.231,壬寅,丁未,乙丑,-0.01865882976994082,乙,丑,木,土,7,28,2022-07
2022-07-12,12439.268,壬寅,丁未,丙寅,-0.014104758801673611,丙,寅,火,木,7,28,2022-07
2022-07-13,12508.886,壬寅,丁未,丁卯,0.005596631570282229,丁,卯,火,木,7,28,2022-07
2022-07-14,12602.775,壬寅,丁未,戊辰,0.007505784288065254,戊,辰,土,土,7,28,2022-07
2022-07-15,12411.008,壬寅,丁未,己巳,-0.015216251976251205,己,巳,土,火,7,28,2022-07
2022-07-18,12532.651,壬寅,丁未,壬申,0.009801218402244238,壬,申,水,金,7,29,2022-07
2022-07-19,12494.766,壬寅,丁未,癸酉,-0.0030229039330944563,癸,酉,水,金,7,29,2022-07
2022-07-20,12573.115,壬寅,丁未,甲戌,0.006270545602854893,甲,戌,木,土,7,29,2022-07
2022-07-21,12455.193,壬寅,丁未,乙亥,-0.009378900932664691,乙,亥,木,水,7,29,2022-07
2022-07-22,12394.022,壬寅,丁未,丙子,-0.004911284795024784,丙,子,火,水,7,29,2022-07
2022-07-25,12291.593,壬寅,丁未,己卯,-0.008264387460341749,己,卯,土,木,7,30,2022-07
2022-07-26,12408.56,壬寅,丁未,庚辰,0.009516016353616541,庚,辰,金,土,7,30,2022-07
2022-07-27,12399.694,壬寅,丁未,辛巳,-0.0007145067598496313,辛,巳,金,火,7,30,2022-07
2022-07-28,12428.723,壬寅,丁未,壬午,0.002341106159555295,壬,午,水,火,7,30,2022-07
2022-07-29,12266.92,壬寅,丁未,癸未,-0.013018473418387355,癸,未,水,土,7,30,2022-07
2022-08-01,12413.871,壬寅,丁未,丙戌,0.011979453685195596,丙,戌,火,土,8,31,2022-08
2022-08-02,12120.021,壬寅,丁未,丁亥,-0.023671101463838218,丁,亥,火,水,8,31,2022-08
2022-08-03,11982.257,壬寅,丁未,戊子,-0.01136664697198142,戊,子,土,水,8,31,2022-08
2022-08-04,12065.223,壬寅,丁未,己丑,0.006924071149533972,己,丑,土,土,8,31,2022-08
2022-08-05,12269.213,壬寅,丁未,庚寅,0.016907271419682735,庚,寅,金,木,8,31,2022-08
2022-08-08,12302.151,壬寅,戊申,癸巳,0.002684605768927595,癸,巳,水,火,8,32,2022-08
2022-08-09,12331.095,壬寅,戊申,甲午,0.00235275928575418,甲,午,木,火,8,32,2022-08
2022-08-10,12223.514,壬寅,戊申,乙未,-0.008724367138522537,乙,未,木,土,8,32,2022-08
2022-08-11,12474.032,壬寅,戊申,丙申,0.020494761162788366,丙,申,火,金,8,32,2022-08
2022-08-12,12419.391,壬寅,戊申,丁酉,-0.0043803799765784746,丁,酉,火,金,8,32,2022-08
2022-08-15,12460.222,壬寅,戊申,庚子,0.003287681336387571,庚,子,金,水,8,33,2022-08
2022-08-16,12470.114,壬寅,戊申,辛丑,0.0007938863368566196,辛,丑,金,土,8,33,2022-08
2022-08-17,12595.463,壬寅,戊申,壬寅,0.010051953013420656,壬,寅,水,木,8,33,2022-08
2022-08-18,12517.32,壬寅,戊申,癸卯,-0.006204059350577218,癸,卯,水,木,8,33,2022-08
2022-08-19,12358.545,壬寅,戊申,甲辰,-0.012684424461466115,甲,辰,木,土,8,33,2022-08
2022-08-22,12505.678,壬寅,戊申,丁未,0.011905365882472374,丁,未,火,土,8,34,2022-08
2022-08-23,12455.152,壬寅,戊申,戊申,-0.0040402447592206014,戊,申,土,金,8,34,2022-08
2022-08-24,12096.393,壬寅,戊申,己酉,-0.02880406437432481,己,酉,土,金,8,34,2022-08
2022-08-25,12104.033,壬寅,戊申,庚戌,0.0006315932360994037,庚,戌,金,土,8,34,2022-08
2022-08-26,12059.707,壬寅,戊申,辛亥,-0.003662085190944131,辛,亥,金,水,8,34,2022-08
2022-08-29,12018.163,壬寅,戊申,甲寅,-0.0034448598129290797,甲,寅,木,木,8,35,2022-08
2022-08-30,11970.792,壬寅,戊申,乙卯,-0.003941617366980399,乙,卯,木,木,8,35,2022-08
2022-08-31,11815.793,壬寅,戊申,丙辰,-0.012948099006314662,丙,辰,火,土,8,35,2022-08
2022-09-01,11712.393,壬寅,戊申,丁巳,-0.00875099961551451,丁,巳,火,火,9,35,2022-09
2022-09-02,11702.391,壬寅,戊申,戊午,-0.0008539672464884518,戊,午,土,火,9,35,2022-09
2022-09-05,11678.694,壬寅,戊申,辛酉,-0.002024970794429981,辛,酉,金,金,9,36,2022-09
2022-09-06,11799.808,壬寅,戊申,壬戌,0.010370508894230968,壬,戌,水,土,9,36,2022-09
2022-09-07,11849.078,壬寅,己酉,癸亥,0.004175491669016873,癸,亥,水,水,9,36,2022-09
2022-09-08,11746.922,壬寅,己酉,甲子,-0.008621430291875787,甲,子,木,水,9,36,2022-09
2022-09-09,11877.787,壬寅,己酉,乙丑,0.011140365110111405,乙,丑,木,土,9,36,2022-09
2022-09-13,11923.47,壬寅,己酉,己巳,0.003846086817350658,己,巳,土,火,9,37,2022-09
2022-09-14,11774.783,壬寅,己酉,庚午,-0.012470111469228384,庚,午,金,火,9,37,2022-09
2022-09-15,11526.96,壬寅,己酉,辛未,-0.021046927149315664,辛,未,金,土,9,37,2022-09
2022-09-16,11261.498,壬寅,己酉,壬申,-0.023029662634380554,壬,申,水,金,9,37,2022-09
2022-09-19,11207.044,壬寅,己酉,乙亥,-0.00483541354800221,乙,亥,木,水,9,38,2022-09
2022-09-20,11283.925,壬寅,己酉,丙子,0.006860060511942212,丙,子,火,水,9,38,2022-09
2022-09-21,11208.51,壬寅,己酉,丁丑,-0.006683401387371779,丁,丑,火,土,9,38,2022-09
2022-09-22,11114.428,壬寅,己酉,戊寅,-0.008393800781727467,戊,寅,土,木,9,38,2022-09
2022-09-23,11006.413,壬寅,己酉,己卯,-0.009718448848649697,己,卯,土,木,9,38,2022-09
2022-09-26,10962.561,壬寅,己酉,壬午,-0.003984222652739011,壬,午,水,火,9,39,2022-09
2022-09-27,11175.118,壬寅,己酉,癸未,0.019389356191495732,癸,未,水,土,9,39,2022-09
2022-09-28,10899.695,壬寅,己酉,甲申,-0.02464609322246092,甲,申,木,金,9,39,2022-09
2022-09-29,10919.436,壬寅,己酉,乙酉,0.0018111515964438496,乙,酉,木,金,9,39,2022-09
2022-09-30,10778.614,壬寅,己酉,丙戌,-0.012896453626359494,丙,戌,火,土,9,39,2022-09
2022-10-10,10522.115,壬寅,庚戌,丙申,-0.023797029933533165,丙,申,火,金,10,41,2022-10
2022-10-11,10577.811,壬寅,庚戌,丁酉,0.00529323239671875,丁,酉,火,金,10,41,2022-10
2022-10-12,10838.477,壬寅,庚戌,戊戌,0.024642716720879365,戊,戌,土,土,10,41,2022-10
2022-10-13,10817.668,壬寅,庚戌,己亥,-0.001919919191598729,己,亥,土,水,10,41,2022-10
2022-10-14,11121.715,壬寅,庚戌,庚子,0.02810651981554635,庚,子,金,水,10,41,2022-10
2022-10-17,11162.26,壬寅,庚戌,癸卯,0.0036455708494598227,癸,卯,水,木,10,42,2022-10
2022-10-18,11187.697,壬寅,庚戌,甲辰,0.0022788395898321046,甲,辰,木,土,10,42,2022-10
2022-10-19,11027.241,壬寅,庚戌,乙巳,-0.014342183203567282,乙,巳,木,火,10,42,2022-10
2022-10-20,10965.332,壬寅,庚戌,丙午,-0.005614187628618983,丙,午,火,火,10,42,2022-10
2022-10-21,10918.966,壬寅,庚戌,丁未,-0.004228417342949542,丁,未,火,土,10,42,2022-10
2022-10-24,10694.613,壬寅,庚戌,庚戌,-0.02054709209644956,庚,戌,金,土,10,43,2022-10
2022-10-25,10639.817,壬寅,庚戌,辛亥,-0.005123701063329711,辛,亥,金,水,10,43,2022-10
2022-10-26,10818.326,壬寅,庚戌,壬子,0.01677745021366439,壬,子,水,水,10,43,2022-10
2022-10-27,10750.142,壬寅,庚戌,癸丑,-0.006302638689201889,癸,丑,水,土,10,43,2022-10
2022-10-28,10401.837,壬寅,庚戌,甲寅,-0.03240003713439321,甲,寅,木,木,10,43,2022-10
2022-10-31,10397.041,壬寅,庚戌,丁巳,-0.00046107240480697254,丁,巳,火,火,10,44,2022-10
2022-11-01,10734.248,壬寅,庚戌,戊午,0.032432977805896934,戊,午,土,火,11,44,2022-11
2022-11-02,10877.506,壬寅,庚戌,己未,0.013345881332348597,己,未,土,土,11,44,2022-11
2022-11-03,10840.061,壬寅,庚戌,庚申,-0.0034424251294368213,庚,申,金,金,11,44,2022-11
2022-11-04,11187.43,壬寅,庚戌,辛酉,0.03204493037446943,辛,酉,金,金,11,44,2022-11
2022-11-07,11207.73,壬寅,辛亥,甲子,0.0018145364931891894,甲,子,木,水,11,45,2022-11
2022-11-08,11142.927,壬寅,辛亥,乙丑,-0.005781991536198627,乙,丑,木,土,11,45,2022-11
2022-11-09,11055.291,壬寅,辛亥,丙寅,-0.007864719925025132,丙,寅,火,木,11,45,2022-11
2022-11-10,10908.549,壬寅,辛亥,丁卯,-0.013273463357952209,丁,卯,火,木,11,45,2022-11
2022-11-11,11139.773,壬寅,辛亥,戊辰,0.021196586273756424,戊,辰,土,土,11,45,2022-11
2022-11-14,11113.465,壬寅,辛亥,辛未,-0.0023616280152206626,辛,未,金,土,11,46,2022-11
2022-11-15,11351.332,壬寅,辛亥,壬申,0.02140349566944244,壬,申,水,金,11,46,2022-11
2022-11-16,11235.558,壬寅,辛亥,癸酉,-0.010199155482369826,癸,酉,水,金,11,46,2022-11
2022-11-17,11221.454,壬寅,辛亥,甲戌,-0.0012553003598042567,甲,戌,木,土,11,46,2022-11
2022-11-18,11180.429,壬寅,辛亥,乙亥,-0.0036559433385370266,乙,亥,木,水,11,46,2022-11
2022-11-21,11134.466,壬寅,辛亥,戊寅,-0.004111022931231001,戊,寅,土,木,11,47,2022-11
2022-11-22,11002.935,壬寅,辛亥,己卯,-0.01181295986713693,己,卯,土,木,11,47,2022-11
2022-11-23,10972.809,壬寅,辛亥,庚辰,-0.0027379967254191895,庚,辰,金,土,11,47,2022-11
2022-11-24,10956.685,壬寅,辛亥,辛巳,-0.0014694505299417404,辛,巳,金,火,11,47,2022-11
2022-11-25,10904.266,壬寅,辛亥,壬午,-0.0047842025211092265,壬,午,水,火,11,47,2022-11
2022-11-28,10829.08,壬寅,辛亥,乙酉,-0.006895099587629239,乙,酉,木,金,11,48,2022-11
2022-11-29,11089.012,壬寅,辛亥,丙戌,0.024003147081746556,丙,戌,火,土,11,48,2022-11
2022-11-30,11108.497,壬寅,辛亥,丁亥,0.0017571448204762863,丁,亥,火,水,11,48,2022-11
2022-12-01,11264.157,壬寅,辛亥,戊子,0.01401269676716832,戊,子,土,水,12,48,2022-12
2022-12-02,11219.793,壬寅,辛亥,己丑,-0.003938510445122501,己,丑,土,土,12,48,2022-12
2022-12-05,11323.345,壬寅,辛亥,壬辰,0.009229403786683132,壬,辰,水,土,12,49,2022-12
2022-12-06,11398.82,壬寅,辛亥,癸巳,0.006665433226665796,癸,巳,水,火,12,49,2022-12
2022-12-07,11418.764,壬寅,壬子,甲午,0.001749654788828936,甲,午,木,火,12,49,2022-12
2022-12-08,11389.793,壬寅,壬子,乙未,-0.0025371397464734047,乙,未,木,土,12,49,2022-12
2022-12-09,11501.578,壬寅,壬子,丙申,0.0098144891658698,丙,申,火,金,12,49,2022-12
2022-12-12,11399.135,壬寅,壬子,己亥,-0.008906864779771873,己,亥,土,水,12,50,2022-12
2022-12-13,11323.704,壬寅,壬子,庚子,-0.006617256484812262,庚,子,金,水,12,50,2022-12
2022-12-14,11321.812,壬寅,壬子,辛丑,-0.00016708313816748976,辛,丑,金,土,12,50,2022-12
2022-12-15,11358.106,壬寅,壬子,壬寅,0.0032056706117360445,壬,寅,水,木,12,50,2022-12
2022-12-16,11295.027,壬寅,壬子,癸卯,-0.0055536548082928405,癸,卯,水,木,12,50,2022-12
2022-12-19,11124.701,壬寅,壬子,丙午,-0.015079733762478065,丙,午,火,火,12,51,2022-12
2022-12-20,10949.12,壬寅,壬子,丁未,-0.01578298598766814,丁,未,火,土,12,51,2022-12
2022-12-21,10912.09,壬寅,壬子,戊申,-0.0033820069558102572,戊,申,土,金,12,51,2022-12
2022-12-22,10876.31,壬寅,壬子,己酉,-0.0032789319003051487,己,酉,土,金,12,51,2022-12
2022-12-23,10849.637,壬寅,壬子,庚戌,-0.002452394240325839,庚,戌,金,土,12,51,2022-12
2022-12-26,10978.985,壬寅,壬子,癸丑,0.011921873515215342,癸,丑,水,土,12,52,2022-12
2022-12-27,11106.503,壬寅,壬子,甲寅,0.011614734877586574,甲,寅,木,木,12,52,2022-12
2022-12-28,11010.529,壬寅,壬子,乙卯,-0.008641243783034103,乙,卯,木,木,12,52,2022-12
2022-12-29,10996.41,壬寅,壬子,丙辰,-0.0012823180430295844,丙,辰,火,土,12,52,2022-12
2022-12-30,11015.986,壬寅,壬子,丁巳,0.001780217361848191,丁,巳,火,火,12,52,2022-12
2023-01-03,11117.13,壬寅,壬子,辛酉,0.009181565771779088,辛,酉,金,金,1,1,2023-01
2023-01-04,11095.373,壬寅,壬子,壬戌,-0.0019570698552593413,壬,戌,水,土,1,1,2023-01
2023-01-05,11332.011,壬寅,癸丑,癸亥,0.021327629093677247,癸,亥,水,水,1,1,2023-01
2023-01-06,11367.732,壬寅,癸丑,甲子,0.0031522207311658335,甲,子,木,水,1,1,2023-01
2023-01-09,11450.147,壬寅,癸丑,丁卯,0.007249907017512491,丁,卯,火,木,1,2,2023-01
2023-01-10,11506.794,壬寅,癸丑,戊辰,0.004947272729336927,戊,辰,土,土,1,2,2023-01
2023-01-11,11439.439,壬寅,癸丑,己巳,-0.00585349837669813,己,巳,土,火,1,2,2023-01
2023-01-12,11465.728,壬寅,癸丑,庚午,0.00229810220588611,庚,午,金,火,1,2,2023-01
2023-01-13,11602.305,壬寅,癸丑,辛未,0.011911759985933745,辛,未,金,土,1,2,2023-01
2023-01-16,11785.768,壬寅,癸丑,甲戌,0.015812633782683605,甲,戌,木,土,1,3,2023-01
2023-01-17,11800.553,壬寅,癸丑,乙亥,0.001254479131101105,乙,亥,木,水,1,3,2023-01
2023-01-18,11810.66,壬寅,癸丑,丙子,0.0008564852850541094,丙,子,火,水,1,3,2023-01
2023-01-19,11913.264,壬寅,癸丑,丁丑,0.008687406122943164,丁,丑,火,土,1,3,2023-01
2023-01-20,11980.62,壬寅,癸丑,戊寅,0.005653866144492481,戊,寅,土,木,1,3,2023-01
2023-01-30,12097.763,壬寅,癸丑,戊子,0.009777707664544888,戊,子,土,水,1,5,2023-01
2023-01-31,12001.265,壬寅,癸丑,己丑,-0.007976515988947774,己,丑,土,土,1,5,2023-01
2023-02-01,12158.19,壬寅,癸丑,庚寅,0.01307570493610477,庚,寅,金,木,2,5,2023-02
2023-02-02,12131.201,壬寅,癸丑,辛卯,-0.0022198205489469824,辛,卯,金,木,2,5,2023-02
2023-02-03,12054.295,壬寅,癸丑,壬辰,-0.006339520711922786,壬,辰,水,土,2,5,2023-02
2023-02-06,11912.562,癸卯,甲寅,乙未,-0.011757883808219405,乙,未,木,土,2,6,2023-02
2023-02-07,11926.88,癸卯,甲寅,丙申,0.0012019244894589942,丙,申,火,金,2,6,2023-02
2023-02-08,11853.463,癸卯,甲寅,丁酉,-0.0061555914036193204,丁,酉,火,金,2,6,2023-02
2023-02-09,12048.271,癸卯,甲寅,戊戌,0.016434690857853207,戊,戌,土,土,2,6,2023-02
2023-02-10,11976.853,癸卯,甲寅,己亥,-0.00592765551173291,己,亥,土,水,2,6,2023-02
2023-02-13,12113.607,癸卯,甲寅,壬寅,0.01141819140637379,壬,寅,水,木,2,7,2023-02
2023-02-14,12094.94,癸卯,甲寅,癸卯,-0.0015409943545303673,癸,卯,水,木,2,7,2023-02
2023-02-15,12064.378,癸卯,甲寅,甲辰,-0.0025268418032664552,甲,辰,木,土,2,7,2023-02
2023-02-16,11907.399,癸卯,甲寅,乙巳,-0.013011777316659145,乙,巳,木,火,2,7,2023-02
2023-02-17,11715.769,癸卯,甲寅,丙午,-0.016093355064359494,丙,午,火,火,2,7,2023-02
2023-02-20,11954.128,癸卯,甲寅,己酉,0.020345143370443797,己,酉,土,金,2,8,2023-02
2023-02-21,11968.604,癸卯,甲寅,庚戌,0.001210962439083696,庚,戌,金,土,2,8,2023-02
2023-02-22,11900.122,癸卯,甲寅,辛亥,-0.005721803478500931,辛,亥,金,水,2,8,2023-02
2023-02-23,11884.305,癸卯,甲寅,壬子,-0.0013291460373262565,壬,子,水,水,2,8,2023-02
2023-02-24,11787.453,癸卯,甲寅,癸丑,-0.008149572061639354,癸,丑,水,土,2,8,2023-02
2023-02-27,11701.946,癸卯,甲寅,丙辰,-0.007254069220891002,丙,辰,火,土,2,9,2023-02
2023-02-28,11783.798,癸卯,甲寅,丁巳,0.006994734038253236,丁,巳,火,火,2,9,2023-02
2023-03-01,11914.318,癸卯,甲寅,戊午,0.011076225169508014,戊,午,土,火,3,9,2023-03
2023-03-02,11849.508,癸卯,甲寅,己未,-0.0054396735087983705,己,未,土,土,3,9,2023-03
2023-03-03,11851.918,癸卯,甲寅,庚申,0.0002033839717225927,庚,申,金,金,3,9,2023-03
2023-03-06,11842.885,癸卯,乙卯,癸亥,-0.0007621551212216859,癸,亥,水,水,3,10,2023-03
2023-03-07,11608.583,癸卯,乙卯,甲子,-0.019784199542594583,甲,子,木,水,3,10,2023-03
2023-03-08,11598.288,癸卯,乙卯,乙丑,-0.0008868438120311906,乙,丑,木,土,3,10,2023-03
2023-03-09,11579.993,癸卯,乙卯,丙寅,-0.001577387973121569,丙,寅,火,木,3,10,2023-03
2023-03-10,11442.537,癸卯,乙卯,丁卯,-0.011870128073479869,丁,卯,火,木,3,10,2023-03
2023-03-13,11505.023,癸卯,乙卯,庚午,0.005460851907229891,庚,午,金,火,3,11,2023-03
2023-03-14,11416.569,癸卯,乙卯,辛未,-0.007688294060776757,辛,未,金,土,3,11,2023-03
2023-03-15,11413.433,癸卯,乙卯,壬申,-0.00027468848127654155,壬,申,水,金,3,11,2023-03
2023-03-16,11237.704,癸卯,乙卯,癸酉,-0.015396682137618134,癸,酉,水,金,3,11,2023-03
2023-03-17,11278.046,癸卯,乙卯,甲戌,0.0035898792137611935,甲,戌,木,土,3,11,2023-03
2023-03-20,11247.135,癸卯,乙卯,丁丑,-0.0027408116618783396,丁,丑,火,土,3,12,2023-03
2023-03-21,11427.247,癸卯,乙卯,戊寅,0.016014033796162286,戊,寅,土,木,3,12,2023-03
2023-03-22,11496.931,癸卯,乙卯,己卯,0.006098056688544684,己,卯,土,木,3,12,2023-03
2023-03-23,11605.289,癸卯,乙卯,庚辰,0.009424950014921496,庚,辰,金,土,3,12,2023-03
2023-03-24,11634.22,癸卯,乙卯,辛巳,0.0024929150838035596,辛,巳,金,火,3,12,2023-03
2023-03-27,11647.938,癸卯,乙卯,甲申,0.0011791078387721754,甲,申,木,金,3,13,2023-03
2023-03-28,11564.45,癸卯,乙卯,乙酉,-0.007167620569408895,乙,酉,木,金,3,13,2023-03
2023-03-29,11579.915,癸卯,乙卯,丙戌,0.0013372879817026284,丙,戌,火,土,3,13,2023-03
2023-03-30,11651.831,癸卯,乙卯,丁亥,0.006210408280198809,丁,亥,火,水,3,13,2023-03
2023-03-31,11726.397,癸卯,乙卯,戊子,0.00639950922734811,戊,子,土,水,3,13,2023-03
2023-04-03,11889.42,癸卯,乙卯,辛卯,0.01390222418702014,辛,卯,金,木,4,14,2023-04
2023-04-04,11859.477,癸卯,乙卯,壬辰,-0.002518457586661027,壬,辰,水,土,4,14,2023-04
2023-04-10,11871.928,癸卯,丙辰,戊戌,0.0010498776632392737,戊,戌,土,土,4,15,2023-04
2023-04-11,11877.147,癸卯,丙辰,己亥,0.0004396084612374729,己,亥,土,水,4,15,2023-04
2023-04-12,11883.514,癸卯,丙辰,庚子,0.0005360714993254412,庚,子,金,水,4,15,2023-04
2023-04-13,11739.842,癸卯,丙辰,辛丑,-0.012090026569581913,辛,丑,金,土,4,15,2023-04
2023-04-14,11800.094,癸卯,丙辰,壬寅,0.005132266686382891,壬,寅,水,木,4,15,2023-04
2023-04-17,11855.484,癸卯,丙辰,乙巳,0.004694030403486815,乙,巳,木,火,4,16,2023-04
2023-04-18,11860.399,癸卯,丙辰,丙午,0.0004145760729801218,丙,午,火,火,4,16,2023-04
2023-04-19,11760.271,癸卯,丙辰,丁未,-0.008442211767074492,丁,未,火,土,4,16,2023-04
2023-04-20,11717.264,癸卯,丙辰,戊申,-0.003656973551034781,戊,申,土,金,4,16,2023-04
2023-04-21,11450.435,癸卯,丙辰,己酉,-0.02277229564854044,己,酉,土,金,4,16,2023-04
2023-04-24,11317.012,癸卯,丙辰,壬子,-0.01165222107282382,壬,子,水,水,4,17,2023-04
2023-04-25,11149.011,癸卯,丙辰,癸丑,-0.014844996188039805,癸,丑,水,土,4,17,2023-04
2023-04-26,11185.683,癸卯,丙辰,甲寅,0.0032892603657850294,甲,寅,木,木,4,17,2023-04
2023-04-27,11216.997,癸卯,丙辰,乙卯,0.002799471431471634,乙,卯,木,木,4,17,2023-04
2023-04-28,11338.666,癸卯,丙辰,丙辰,0.010846842519437239,丙,辰,火,土,4,17,2023-04
2023-05-04,11273.866,癸卯,丙辰,壬戌,-0.00571495800299604,壬,戌,水,土,5,18,2023-05
2023-05-05,11180.872,癸卯,丙辰,癸亥,-0.008248634496808904,癸,亥,水,水,5,18,2023-05
2023-05-08,11225.774,癸卯,丁巳,丙寅,0.004015965838800373,丙,寅,火,木,5,19,2023-05
2023-05-09,11125.021,癸卯,丁巳,丁卯,-0.008975149508621771,丁,卯,火,木,5,19,2023-05
2023-05-10,11140.188,癸卯,丁巳,戊辰,0.001363323269232497,戊,辰,土,土,5,19,2023-05
2023-05-11,11142.525,癸卯,丁巳,己巳,0.00020978101985358322,己,巳,土,火,5,19,2023-05
2023-05-12,11005.644,癸卯,丁巳,庚午,-0.012284558482031582,庚,午,金,火,5,19,2023-05
2023-05-15,11178.623,癸卯,丁巳,癸酉,0.015717299233011683,癸,酉,水,金,5,20,2023-05
2023-05-16,11099.258,癸卯,丁巳,甲戌,-0.007099711655004337,甲,戌,木,土,5,20,2023-05
2023-05-17,11091.084,癸卯,丁巳,乙亥,-0.000736445625464266,乙,亥,木,水,5,20,2023-05
2023-05-18,11078.282,癸卯,丁巳,丙子,-0.0011542604852692318,丙,子,火,水,5,20,2023-05
2023-05-19,11091.359,癸卯,丁巳,丁丑,0.0011804176857026505,丁,丑,火,土,5,20,2023-05
2023-05-22,11127.037,癸卯,丁巳,庚辰,0.003216738363621685,庚,辰,金,土,5,21,2023-05
2023-05-23,11012.576,癸卯,丁巳,辛巳,-0.010286745698787625,辛,巳,金,火,5,21,2023-05
2023-05-24,10920.327,癸卯,丁巳,壬午,-0.00837669587932921,壬,午,水,火,5,21,2023-05
2023-05-25,10896.582,癸卯,丁巳,癸未,-0.0021743854373590388,癸,未,水,土,5,21,2023-05
2023-05-26,10909.65,癸卯,丁巳,甲申,0.0011992751488494324,甲,申,木,金,5,21,2023-05
2023-05-29,10822.093,癸卯,丁巳,丁亥,-0.008025647018923499,丁,亥,火,水,5,22,2023-05
2023-05-30,10869.552,癸卯,丁巳,戊子,0.004385380905523428,戊,子,土,水,5,22,2023-05
2023-05-31,10793.85,癸卯,丁巳,己丑,-0.0069645924689444305,己,丑,土,土,5,22,2023-05
2023-06-01,10835.896,癸卯,丁巳,庚寅,0.0038953663428711316,庚,寅,金,木,6,22,2023-06
2023-06-02,10998.075,癸卯,丁巳,辛卯,0.014966828769858997,辛,卯,金,木,6,22,2023-06
2023-06-05,10946.084,癸卯,丁巳,甲午,-0.004727281819772999,甲,午,木,火,6,23,2023-06
2023-06-06,10773.45,癸卯,戊午,乙未,-0.015771302321451186,乙,未,木,土,6,23,2023-06
2023-06-07,10708.822,癸卯,戊午,丙申,-0.005998821176132152,丙,申,火,金,6,23,2023-06
2023-06-08,10722.873,癸卯,戊午,丁酉,0.001312095765528598,丁,酉,火,金,6,23,2023-06
2023-06-09,10793.926,癸卯,戊午,戊戌,0.006626302484418201,戊,戌,土,土,6,23,2023-06
2023-06-12,10873.74,癸卯,戊午,辛丑,0.0073943438189219,辛,丑,金,土,6,24,2023-06
2023-06-13,10955.96,癸卯,戊午,壬寅,0.007561335842129591,壬,寅,水,木,6,24,2023-06
2023-06-14,10984.556,癸卯,戊午,癸卯,0.0026100861996576352,癸,卯,水,木,6,24,2023-06
2023-06-15,11182.943,癸卯,戊午,甲辰,0.018060538814677507,甲,辰,木,土,6,24,2023-06
2023-06-16,11306.531,癸卯,戊午,乙巳,0.011051473659483113,乙,巳,木,火,6,24,2023-06
2023-06-19,11274.049,癸卯,戊午,戊申,-0.0028728528670730613,戊,申,土,金,6,25,2023-06
2023-06-20,11305.354,癸卯,戊午,己酉,0.002776730879917144,己,酉,土,金,6,25,2023-06
2023-06-21,11058.634,癸卯,戊午,庚戌,-0.021823288328698065,庚,戌,金,土,6,25,2023-06
2023-06-26,10872.3,癸卯,戊午,乙卯,-0.016849639837976493,乙,卯,木,木,6,26,2023-06
2023-06-27,10978.081,癸卯,戊午,丙辰,0.009729404081933124,丙,辰,火,土,6,26,2023-06
2023-06-28,10926.323,癸卯,戊午,丁巳,-0.0047146673448665855,丁,巳,火,火,6,26,2023-06
2023-06-29,10915.499,癸卯,戊午,戊午,-0.0009906351844074512,戊,午,土,火,6,26,2023-06
2023-06-30,11026.586,癸卯,戊午,己未,0.010176996947184769,己,未,土,土,6,26,2023-06
2023-07-03,11091.563,癸卯,戊午,壬戌,0.005892757740247223,壬,戌,水,土,7,27,2023-07
2023-07-04,11130.304,癸卯,戊午,癸亥,0.003492835049487608,癸,亥,水,水,7,27,2023-07
2023-07-05,11029.296,癸卯,戊午,甲子,-0.009075044131768517,甲,子,木,水,7,27,2023-07
2023-07-06,10968.37,癸卯,戊午,乙丑,-0.0055240153133979675,乙,丑,木,土,7,27,2023-07
2023-07-07,10888.555,癸卯,己未,丙寅,-0.007276833294281748,丙,寅,火,木,7,27,2023-07
2023-07-10,10942.832,癸卯,己未,己巳,0.004984775298467081,己,巳,土,火,7,28,2023-07
2023-07-11,11028.683,癸卯,己未,庚午,0.007845409670915293,庚,午,金,火,7,28,2023-07
2023-07-12,10919.259,癸卯,己未,辛未,-0.009921764910642672,辛,未,金,土,7,28,2023-07
2023-07-13,11095.437,癸卯,己未,壬申,0.016134611332142557,壬,申,水,金,7,28,2023-07
2023-07-14,11080.323,癸卯,己未,癸酉,-0.0013621815887017164,癸,酉,水,金,7,28,2023-07
2023-07-17,11010.357,癸卯,己未,丙子,-0.006314436862535522,丙,子,火,水,7,29,2023-07
2023-07-18,10972.962,癸卯,己未,丁丑,-0.0033963476388640945,丁,丑,火,土,7,29,2023-07
2023-07-19,10932.649,癸卯,己未,戊寅,-0.0036738485014347066,戊,寅,土,木,7,29,2023-07
2023-07-20,10816.271,癸卯,己未,己卯,-0.010644995554142334,己,卯,土,木,7,29,2023-07
2023-07-21,10810.182,癸卯,己未,庚辰,-0.0005629481731735941,庚,辰,金,土,7,29,2023-07
2023-07-24,10747.793,癸卯,己未,癸未,-0.005771318188722563,癸,未,水,土,7,30,2023-07
2023-07-25,11021.291,癸卯,己未,甲申,0.02544689872609185,甲,申,木,金,7,30,2023-07
2023-07-26,10968.98,癸卯,己未,乙酉,-0.0047463586616123266,乙,酉,木,金,7,30,2023-07
2023-07-27,10923.774,癸卯,己未,丙戌,-0.004121258312076437,丙,戌,火,土,7,30,2023-07
2023-07-28,11100.396,癸卯,己未,丁亥,0.01616858788913067,丁,亥,火,水,7,30,2023-07
2023-07-31,11183.911,癸卯,己未,庚寅,0.007523605464165417,庚,寅,金,木,7,31,2023-07
2023-08-01,11143.234,癸卯,己未,辛卯,-0.003637099758751594,辛,卯,金,木,8,31,2023-08
2023-08-02,11104.158,癸卯,己未,壬辰,-0.0035067019143635303,壬,辰,水,土,8,31,2023-08
2023-08-03,11163.42,癸卯,己未,癸巳,0.005336919737633394,癸,巳,水,火,8,31,2023-08
2023-08-04,11238.062,癸卯,己未,甲午,0.00668630222637856,甲,午,木,火,8,31,2023-08
2023-08-07,11145.03,癸卯,己未,丁酉,-0.008278295670552382,丁,酉,火,金,8,32,2023-08
2023-08-08,11098.445,癸卯,庚申,戊戌,-0.004179890049645585,戊,戌,土,土,8,32,2023-08
2023-08-09,11039.451,癸卯,庚申,己亥,-0.005315519426370097,己,亥,土,水,8,32,2023-08
2023-08-10,11050.222,癸卯,庚申,庚子,0.0009756825769688948,庚,子,金,水,8,32,2023-08
2023-08-11,10808.865,癸卯,庚申,辛丑,-0.021841823630330715,辛,丑,金,土,8,32,2023-08
2023-08-14,10755.143,癸卯,庚申,甲辰,-0.00497017957019541,甲,辰,木,土,8,33,2023-08
2023-08-15,10679.728,癸卯,庚申,乙巳,-0.0070119941687433185,乙,巳,木,火,8,33,2023-08
2023-08-16,10579.558,癸卯,庚申,丙午,-0.00937945236058435,丙,午,火,火,8,33,2023-08
2023-08-17,10644.523,癸卯,庚申,丁未,0.006140615704361085,丁,未,火,土,8,33,2023-08
2023-08-18,10458.511,癸卯,庚申,戊申,-0.017474902351190313,戊,申,土,金,8,33,2023-08
2023-08-21,10320.393,癸卯,庚申,辛亥,-0.013206277643155961,辛,亥,金,水,8,34,2023-08
2023-08-22,10374.727,癸卯,庚申,壬子,0.005264721992660704,壬,子,水,水,8,34,2023-08
2023-08-23,10152.604,癸卯,庚申,癸丑,-0.021410009150120368,癸,丑,水,土,8,34,2023-08
2023-08-24,10256.189,癸卯,庚申,甲寅,0.010202801172980003,甲,寅,木,木,8,34,2023-08
2023-08-25,10130.471,癸卯,庚申,乙卯,-0.012257769430731091,乙,卯,木,木,8,34,2023-08
2023-08-28,10233.153,癸卯,庚申,戊午,0.010135955179181755,戊,午,土,火,8,35,2023-08
2023-08-29,10454.98,癸卯,庚申,己未,0.02167728753786835,己,未,土,土,8,35,2023-08
2023-08-30,10482.497,癸卯,庚申,庚申,0.002631951471930183,庚,申,金,金,8,35,2023-08
2023-08-31,10418.21,癸卯,庚申,辛酉,-0.006132794504973393,辛,酉,金,金,8,35,2023-08
2023-09-01,10463.743,癸卯,庚申,壬戌,0.004370520463688132,壬,戌,水,土,9,35,2023-09
2023-09-04,10611.739,癸卯,庚申,乙丑,0.014143695998649841,乙,丑,木,土,9,36,2023-09
2023-09-05,10540.709,癸卯,庚申,丙寅,-0.006693530626789679,丙,寅,火,木,9,36,2023-09
2023-09-06,10515.213,癸卯,庚申,丁卯,-0.002418812624463973,丁,卯,火,木,9,36,2023-09
2023-09-07,10321.438,癸卯,庚申,戊辰,-0.018428062275105517,戊,辰,土,土,9,36,2023-09
2023-09-08,10281.878,癸卯,辛酉,己巳,-0.0038327992669238142,己,巳,土,火,9,36,2023-09
2023-09-11,10382.377,癸卯,辛酉,壬申,0.009774381683968603,壬,申,水,金,9,37,2023-09
2023-09-12,10373.993,癸卯,辛酉,癸酉,-0.0008075222080646816,癸,酉,水,金,9,37,2023-09
2023-09-13,10255.868,癸卯,辛酉,甲戌,-0.011386647359411195,甲,戌,木,土,9,37,2023-09
2023-09-14,10197.592,癸卯,辛酉,乙亥,-0.005682210418464839,乙,亥,木,水,9,37,2023-09
2023-09-15,10144.595,癸卯,辛酉,丙子,-0.005197011215981262,丙,子,火,水,9,37,2023-09
2023-09-18,10200.036,癸卯,辛酉,己卯,0.005465077708868726,己,卯,土,木,9,38,2023-09
2023-09-19,10125.729,癸卯,辛酉,庚辰,-0.007284974288326085,庚,辰,金,土,9,38,2023-09
2023-09-20,10072.459,癸卯,辛酉,辛巳,-0.005260855786284435,辛,巳,金,火,9,38,2023-09
2023-09-21,9981.67,癸卯,辛酉,壬午,-0.009013588439526155,壬,午,水,火,9,38,2023-09
2023-09-22,10178.736,癸卯,辛酉,癸未,0.01974278853137812,癸,未,水,土,9,38,2023-09
2023-09-25,10120.624,癸卯,辛酉,丙戌,-0.005709156814755922,丙,戌,火,土,9,39,2023-09
2023-09-26,10060.151,癸卯,辛酉,丁亥,-0.005975224452563377,丁,亥,火,水,9,39,2023-09
2023-09-27,10104.324,癸卯,辛酉,戊子,0.004390888367381329,戊,子,土,水,9,39,2023-09
2023-09-28,10109.527,癸卯,辛酉,己丑,0.000514928064460296,己,丑,土,土,9,39,2023-09
2023-10-09,10106.96,癸卯,壬戌,庚子,-0.0002539189024373112,庚,子,金,水,10,41,2023-10
2023-10-10,10050.035,癸卯,壬戌,辛丑,-0.005632257375115746,辛,丑,金,土,10,41,2023-10
2023-10-11,10084.895,癸卯,壬戌,壬寅,0.003468644636561047,壬,寅,水,木,10,41,2023-10
2023-10-12,10168.494,癸卯,壬戌,癸卯,0.00828952606844191,癸,卯,水,木,10,41,2023-10
2023-10-13,10068.282,癸卯,壬戌,甲辰,-0.009855146691339134,甲,辰,木,土,10,41,2023-10
2023-10-16,9924.92,癸卯,壬戌,丁未,-0.014238973441546343,丁,未,火,土,10,42,2023-10
2023-10-17,9940.218,癸卯,壬戌,戊申,0.0015413726256736648,戊,申,土,金,10,42,2023-10
2023-10-18,9816.676,癸卯,壬戌,己酉,-0.01242850005905316,己,酉,土,金,10,42,2023-10
2023-10-19,9655.086,癸卯,壬戌,庚戌,-0.01646076533441665,庚,戌,金,土,10,42,2023-10
2023-10-20,9570.357,癸卯,壬戌,辛亥,-0.008775582112888425,辛,亥,金,水,10,42,2023-10
2023-10-23,9425.976,癸卯,壬戌,甲寅,-0.015086271076408031,甲,寅,木,木,10,43,2023-10
2023-10-24,9483.903,癸卯,壬戌,乙卯,0.006145464406020151,乙,卯,木,木,10,43,2023-10
2023-10-25,9528.307,癸卯,壬戌,丙辰,0.004682038607944472,丙,辰,火,土,10,43,2023-10
2023-10-26,9566.103,癸卯,壬戌,丁巳,0.00396670678222244,丁,巳,火,火,10,43,2023-10
2023-10-27,9770.844,癸卯,壬戌,戊午,0.021402759305435115,戊,午,土,火,10,43,2023-10
2023-10-30,9927.994,癸卯,壬戌,辛酉,0.016083564531375272,辛,酉,金,金,10,44,2023-10
2023-10-31,9863.804,癸卯,壬戌,壬戌,-0.006465555881681739,壬,戌,水,土,10,44,2023-10
2023-11-01,9826.731,癸卯,壬戌,癸亥,-0.003758489118396935,癸,亥,水,水,11,44,2023-11
2023-11-02,9734.767,癸卯,壬戌,甲子,-0.009358554742161962,甲,子,木,水,11,44,2023-11
2023-11-03,9853.89,癸卯,壬戌,乙丑,0.012236861960846168,乙,丑,木,土,11,44,2023-11
2023-11-06,10071.556,癸卯,壬戌,戊辰,0.022089347455674924,戊,辰,土,土,11,45,2023-11
2023-11-07,10056.493,癸卯,壬戌,己巳,-0.0014955980982481742,己,巳,土,火,11,45,2023-11
2023-11-08,10052.086,癸卯,癸亥,庚午,-0.0004382243392404561,庚,午,金,火,11,45,2023-11
2023-11-09,10032.086,癸卯,癸亥,辛未,-0.0019896367778787782,辛,未,金,土,11,45,2023-11
2023-11-10,9978.542,癸卯,癸亥,壬申,-0.00533727482001245,壬,申,水,金,11,45,2023-11
2023-11-13,9988.828,癸卯,癸亥,乙亥,0.001030811916209906,乙,亥,木,水,11,46,2023-11
2023-11-14,10005.558,癸卯,癸亥,丙子,0.0016748711660667936,丙,子,火,水,11,46,2023-11
2023-11-15,10077.963,癸卯,癸亥,丁丑,0.007236477965546717,丁,丑,火,土,11,46,2023-11
2023-11-16,9954.4,癸卯,癸亥,戊寅,-0.012260711812496217,戊,寅,土,木,11,46,2023-11
2023-11-17,9979.687,癸卯,癸亥,己卯,0.0025402836936430084,己,卯,土,木,11,46,2023-11
2023-11-20,10022.697,癸卯,癸亥,壬午,0.004309754404121069,壬,午,水,火,11,47,2023-11
2023-11-21,9997.088,癸卯,癸亥,癸未,-0.0025551006879686033,癸,未,水,土,11,47,2023-11
2023-11-22,9855.66,癸卯,癸亥,甲申,-0.014146919582982531,甲,申,木,金,11,47,2023-11
2023-11-23,9933.02,癸卯,癸亥,乙酉,0.007849296749279144,乙,酉,木,金,11,47,2023-11
2023-11-24,9839.521,癸卯,癸亥,丙戌,-0.009412947925202975,丙,戌,火,土,11,47,2023-11
2023-11-27,9785.566,癸卯,癸亥,己丑,-0.005483498637789408,己,丑,土,土,11,48,2023-11
2023-11-28,9833.456,癸卯,癸亥,庚寅,0.004893942772446591,庚,寅,金,木,11,48,2023-11
2023-11-29,9744.393,癸卯,癸亥,辛卯,-0.009057141253288825,辛,卯,金,木,11,48,2023-11
2023-11-30,9726.915,癸卯,癸亥,壬辰,-0.0017936468695380903,壬,辰,水,土,11,48,2023-11
2023-12-01,9720.571,癸卯,癸亥,癸巳,-0.0006522109014009958,癸,巳,水,火,12,48,2023-12
2023-12-04,9660.444,癸卯,癸亥,丙申,-0.006185541981021503,丙,申,火,金,12,49,2023-12
2023-12-05,9470.36,癸卯,癸亥,丁酉,-0.01967652832519906,丁,酉,火,金,12,49,2023-12
2023-12-06,9533.246,癸卯,癸亥,戊戌,0.006640296672987933,戊,戌,土,土,12,49,2023-12
2023-12-07,9519.907,癸卯,甲子,己亥,-0.001399208622120951,己,亥,土,水,12,49,2023-12
2023-12-08,9553.923,癸卯,甲子,庚子,0.003573144149412455,庚,子,金,水,12,49,2023-12
2023-12-11,9632.611,癸卯,甲子,癸卯,0.008236197842498738,癸,卯,水,木,12,50,2023-12
2023-12-12,9625.265,癸卯,甲子,甲辰,-0.0007626177367695552,甲,辰,木,土,12,50,2023-12
2023-12-13,9476.623,癸卯,甲子,乙巳,-0.01544289949419575,乙,巳,木,火,12,50,2023-12
2023-12-14,9417.972,癸卯,甲子,丙午,-0.006189019020805153,丙,午,火,火,12,50,2023-12
2023-12-15,9385.333,癸卯,甲子,丁未,-0.0034656080948212153,丁,未,火,土,12,50,2023-12
2023-12-18,9279.389,癸卯,甲子,庚戌,-0.011288251572959762,庚,戌,金,土,12,51,2023-12
2023-12-19,9289.336,癸卯,甲子,辛亥,0.001071945577451272,辛,亥,金,水,12,51,2023-12
2023-12-20,9158.438,癸卯,甲子,壬子,-0.014091211686174221,壬,子,水,水,12,51,2023-12
2023-12-21,9257.091,癸卯,甲子,癸丑,0.010771815019111397,癸,丑,水,土,12,51,2023-12
2023-12-22,9221.313,癸卯,甲子,甲寅,-0.0038649290581674878,甲,寅,木,木,12,51,2023-12
2023-12-25,9256.283,癸卯,甲子,丁巳,0.0037923015952283645,丁,巳,火,火,12,52,2023-12
2023-12-26,9157.25,癸卯,甲子,戊午,-0.010699003044742583,戊,午,土,火,12,52,2023-12
2023-12-27,9191.741,癸卯,甲子,己未,0.003766523792623433,己,未,土,土,12,52,2023-12
2023-12-28,9441.055,癸卯,甲子,庚申,0.027123697240816647,庚,申,金,金,12,52,2023-12
2023-12-29,9524.689,癸卯,甲子,辛酉,0.008858543880954084,辛,酉,金,金,12,52,2023-12
2024-01-02,9401.348,癸卯,甲子,乙丑,-0.012949609168341425,乙,丑,木,土,1,1,2024-01
2024-01-03,9330.864,癸卯,甲子,丙寅,-0.007497222738696685,丙,寅,火,木,1,1,2024-01
2024-01-04,9215.245,癸卯,甲子,丁卯,-0.012391028312061847,丁,卯,火,木,1,1,2024-01
2024-01-05,9116.442,癸卯,甲子,戊辰,-0.010721689982198135,戊,辰,土,土,1,1,2024-01
2024-01-08,8947.724,癸卯,乙丑,辛未,-0.018507000867224233,辛,未,金,土,1,2,2024-01
2024-01-09,8971.719,癸卯,乙丑,壬申,0.002681687544229039,壬,申,水,金,1,2,2024-01
2024-01-10,8922.794,癸卯,乙丑,癸酉,-0.005453247031031561,癸,酉,水,金,1,2,2024-01
2024-01-11,9053.883,癸卯,乙丑,甲戌,0.014691474441749897,甲,戌,木,土,1,2,2024-01
2024-01-12,8996.256,癸卯,乙丑,乙亥,-0.006364893383314141,乙,亥,木,水,1,2,2024-01
2024-01-15,8963.926,癸卯,乙丑,戊寅,-0.0035937172085810376,戊,寅,土,木,1,3,2024-01
2024-01-16,8992.072,癸卯,乙丑,己卯,0.0031399188257468236,己,卯,土,木,1,3,2024-01
2024-01-17,8759.758,癸卯,乙丑,庚辰,-0.02583542480531742,庚,辰,金,土,1,3,2024-01
2024-01-18,8847.003,癸卯,乙丑,辛巳,0.009959750029624237,辛,巳,金,火,1,3,2024-01
2024-01-19,8787.024,癸卯,乙丑,壬午,-0.006779584001497585,壬,午,水,火,1,3,2024-01
2024-01-22,8479.55,癸卯,乙丑,乙酉,-0.03499182430820724,乙,酉,木,金,1,4,2024-01
2024-01-23,8596.281,癸卯,乙丑,丙戌,0.013766178629762482,丙,戌,火,土,1,4,2024-01
2024-01-24,8682.187,癸卯,乙丑,丁亥,0.009993391328180001,丁,亥,火,水,1,4,2024-01
2024-01-25,8856.224,癸卯,乙丑,戊子,0.020045295039141653,戊,子,土,水,1,4,2024-01
2024-01-26,8762.329,癸卯,乙丑,己丑,-0.01060214827447914,己,丑,土,土,1,4,2024-01
2024-01-29,8581.759,癸卯,乙丑,壬辰,-0.020607534823218754,壬,辰,水,土,1,5,2024-01
2024-01-30,8375.981,癸卯,乙丑,癸巳,-0.02397853400450889,癸,巳,水,火,1,5,2024-01
2024-01-31,8212.845,癸卯,乙丑,甲午,-0.01947664398952198,甲,午,木,火,1,5,2024-01
2024-02-01,8240.482,癸卯,乙丑,乙未,0.0033650945561496393,乙,未,木,土,2,5,2024-02
2024-02-02,8055.775,癸卯,乙丑,丙申,-0.022414586913726664,丙,申,火,金,2,5,2024-02
2024-02-05,7964.712,甲辰,丙寅,己亥,-0.011304064475484932,己,亥,土,水,2,6,2024-02
2024-02-06,8460.379,甲辰,丙寅,庚子,0.06223288425243756,庚,子,金,水,2,6,2024-02
2024-02-07,8708.24,甲辰,丙寅,辛丑,0.02929667808026082,辛,丑,金,土,2,6,2024-02
2024-02-08,8820.603,甲辰,丙寅,壬寅,0.012903066520904227,壬,寅,水,木,2,6,2024-02
2024-02-19,8902.334,甲辰,丙寅,癸丑,0.009265919801628275,癸,丑,水,土,2,8,2024-02
2024-02-20,8905.962,甲辰,丙寅,甲寅,0.000407533574902752,甲,寅,木,木,2,8,2024-02
2024-02-21,8975.974,甲辰,丙寅,乙卯,0.00786125069925081,乙,卯,木,木,2,8,2024-02
2024-02-22,9043.748,甲辰,丙寅,丙辰,0.0075506011938091255,丙,辰,火,土,2,8,2024-02
2024-02-23,9069.415,甲辰,丙寅,丁巳,0.0028380932330269726,丁,巳,火,火,2,8,2024-02
2024-02-26,9066.087,甲辰,丙寅,庚申,-0.000366947592540523,庚,申,金,金,2,9,2024-02
2024-02-27,9269.568,甲辰,丙寅,辛酉,0.02244419229597061,辛,酉,金,金,2,9,2024-02
2024-02-28,9047.095,甲辰,丙寅,壬戌,-0.024000363339478192,壬,戌,水,土,2,9,2024-02
2024-02-29,9330.443,甲辰,丙寅,癸亥,0.03131922456877034,癸,亥,水,水,2,9,2024-02
2024-03-01,9434.747,甲辰,丙寅,甲子,0.011178890434248467,甲,子,木,水,3,9,2024-03
2024-03-04,9438.244,甲辰,丙寅,丁卯,0.0003706511684946623,丁,卯,火,木,3,10,2024-03
2024-03-05,9416.805,甲辰,丁卯,戊辰,-0.0022715030465413344,戊,辰,土,土,3,10,2024-03
2024-03-06,9395.654,甲辰,丁卯,己巳,-0.002246090898133657,己,巳,土,火,3,10,2024-03
2024-03-07,9267.117,甲辰,丁卯,庚午,-0.013680473972328078,庚,午,金,火,3,10,2024-03
2024-03-08,9369.046,甲辰,丁卯,辛未,0.010998997854456904,辛,未,金,土,3,10,2024-03
2024-03-11,9581.534,甲辰,丁卯,甲戌,0.02267979045038304,甲,戌,木,土,3,11,2024-03
2024-03-12,9630.545,甲辰,丁卯,乙亥,0.0051151517074405906,乙,亥,木,水,3,11,2024-03
2024-03-13,9604.993,甲辰,丁卯,丙子,-0.0026532247136584752,丙,子,火,水,3,11,2024-03
2024-03-14,9555.416,甲辰,丁卯,丁丑,-0.005161586270807428,丁,丑,火,土,3,11,2024-03
2024-03-15,9612.75,甲辰,丁卯,戊寅,0.0060001573976475875,戊,寅,土,木,3,11,2024-03
2024-03-18,9752.834,甲辰,丁卯,辛巳,0.014572728927726208,辛,巳,金,火,3,12,2024-03
2024-03-19,9696.688,甲辰,丁卯,壬午,-0.005756890766314804,壬,午,水,火,3,12,2024-03
2024-03-20,9717.373,甲辰,丁卯,癸未,0.0021332025945353106,癸,未,水,土,3,12,2024-03
2024-03-21,9682.51,甲辰,丁卯,甲申,-0.003587698033202913,甲,申,木,金,3,12,2024-03
2024-03-22,9565.563,甲辰,丁卯,乙酉,-0.012078169813405815,乙,酉,木,金,3,12,2024-03
2024-03-25,9422.612,甲辰,丁卯,戊子,-0.014944337306649014,戊,子,土,水,3,13,2024-03
2024-03-26,9449.43,甲辰,丁卯,己丑,0.0028461322614155016,己,丑,土,土,3,13,2024-03
2024-03-27,9222.466,甲辰,丁卯,庚寅,-0.02401880325056638,庚,寅,金,木,3,13,2024-03
2024-03-28,9342.919,甲辰,丁卯,辛卯,0.01306082342835424,辛,卯,金,木,3,13,2024-03
2024-03-29,9400.853,甲辰,丁卯,壬辰,0.0062008457956233,壬,辰,水,土,3,13,2024-03
2024-04-01,9647.072,甲辰,丁卯,乙未,0.026191133932208066,乙,未,木,土,4,14,2024-04
2024-04-02,9586.952,甲辰,丁卯,丙申,-0.006231942707590532,丙,申,火,金,4,14,2024-04
2024-04-03,9544.766,甲辰,丁卯,丁酉,-0.004400355816947865,丁,酉,火,金,4,14,2024-04
2024-04-08,9394.606,甲辰,戊辰,壬寅,-0.01573218243380714,壬,寅,水,木,4,15,2024-04
2024-04-09,9448.98,甲辰,戊辰,癸卯,0.005787789291003875,癸,卯,水,木,4,15,2024-04
2024-04-10,9297.96,甲辰,戊辰,甲辰,-0.015982677495348763,甲,辰,木,土,4,15,2024-04
2024-04-11,9300.771,甲辰,戊辰,乙巳,0.00030232438083199753,乙,巳,木,火,4,15,2024-04
2024-04-12,9228.234,甲辰,戊辰,丙午,-0.007799030854538813,丙,午,火,火,4,15,2024-04
2024-04-15,9369.701,甲辰,戊辰,己酉,0.015329801996784909,己,酉,土,金,4,16,2024-04
2024-04-16,9155.069,甲辰,戊辰,庚戌,-0.0229070276628891,庚,戌,金,土,4,16,2024-04
2024-04-17,9381.772,甲辰,戊辰,辛亥,0.02476256596209181,辛,亥,金,水,4,16,2024-04
2024-04-18,9376.806,甲辰,戊辰,壬子,-0.0005293243110150447,壬,子,水,水,4,16,2024-04
2024-04-19,9279.46,甲辰,戊辰,癸丑,-0.010381573427028501,癸,丑,水,土,4,16,2024-04
2024-04-22,9239.14,甲辰,戊辰,丙辰,-0.00434508042493853,丙,辰,火,土,4,17,2024-04
2024-04-23,9183.141,甲辰,戊辰,丁巳,-0.006061061960312308,丁,巳,火,火,4,17,2024-04
2024-04-24,9251.134,甲辰,戊辰,戊午,0.0074041115126077806,戊,午,土,火,4,17,2024-04
2024-04-25,9264.48,甲辰,戊辰,己未,0.0014426339516862008,己,未,土,土,4,17,2024-04
2024-04-26,9463.907,甲辰,戊辰,庚申,0.021525978792117817,庚,申,金,金,4,17,2024-04
2024-04-29,9673.758,甲辰,戊辰,癸亥,0.02217382313668126,癸,亥,水,水,4,18,2024-04
2024-04-30,9587.124,甲辰,戊辰,甲子,-0.00895556824969157,甲,子,木,水,4,18,2024-04
2024-05-06,9779.211,甲辰,己巳,庚午,0.020035935698755836,庚,午,金,火,5,19,2024-05
2024-05-07,9770.938,甲辰,己巳,辛未,-0.0008459782696169649,辛,未,金,土,5,19,2024-05
2024-05-08,9638.817,甲辰,己巳,壬申,-0.013521833830078656,壬,申,水,金,5,19,2024-05
2024-05-09,9788.068,甲辰,己巳,癸酉,0.01548436908803219,癸,酉,水,金,5,19,2024-05
2024-05-10,9731.237,甲辰,己巳,甲戌,-0.005806150917627484,甲,戌,木,土,5,19,2024-05
2024-05-13,9673.319,甲辰,己巳,丁丑,-0.0059517613228410315,丁,丑,火,土,5,20,2024-05
2024-05-14,9668.727,甲辰,己巳,戊寅,-0.00047470780194458495,戊,寅,土,木,5,20,2024-05
2024-05-15,9583.541,甲辰,己巳,己卯,-0.008810466982882237,己,卯,土,木,5,20,2024-05
2024-05-16,9604.131,甲辰,己巳,庚辰,0.002148475182607301,庚,辰,金,土,5,20,2024-05
2024-05-17,9709.422,甲辰,己巳,辛巳,0.010963094943207352,辛,巳,金,火,5,20,2024-05
2024-05-20,9750.822,甲辰,己巳,甲申,0.004263899540055016,甲,申,木,金,5,21,2024-05
2024-05-21,9681.66,甲辰,己巳,乙酉,-0.007092940472095632,乙,酉,木,金,5,21,2024-05
2024-05-22,9693.055,甲辰,己巳,丙戌,0.0011769675861370565,丙,戌,火,土,5,21,2024-05
2024-05-23,9541.643,甲辰,己巳,丁亥,-0.01562066861273359,丁,亥,火,水,5,21,2024-05
2024-05-24,9424.577,甲辰,己巳,戊子,-0.012268956195489622,戊,子,土,水,5,21,2024-05
2024-05-27,9507.745,甲辰,己巳,辛卯,0.008824587034516496,辛,卯,金,木,5,22,2024-05
2024-05-28,9391.052,甲辰,己巳,壬辰,-0.01227346757827441,壬,辰,水,土,5,22,2024-05
2024-05-29,9414.979,甲辰,己巳,癸巳,0.002547850869103918,癸,巳,水,火,5,22,2024-05
2024-05-30,9384.724,甲辰,己巳,甲午,-0.0032134962807669476,甲,午,木,火,5,22,2024-05
2024-05-31,9364.375,甲辰,己巳,乙未,-0.0021683109700402214,乙,未,木,土,5,22,2024-05
2024-06-03,9370.497,甲辰,己巳,戊戌,0.0006537542548221698,戊,戌,土,土,6,23,2024-06
2024-06-04,9469.315,甲辰,己巳,己亥,0.01054565195421353,己,亥,土,水,6,23,2024-06
2024-06-05,9393.611,甲辰,庚午,庚子,-0.007994664872802315,庚,子,金,水,6,23,2024-06
2024-06-06,9340.01,甲辰,庚午,辛丑,-0.005706112377870554,辛,丑,金,土,6,23,2024-06
2024-06-07,9255.684,甲辰,庚午,壬寅,-0.009028469990931542,壬,寅,水,木,6,23,2024-06
2024-06-11,9262.347,甲辰,庚午,丙午,0.0007198819665841238,丙,午,火,火,6,24,2024-06
2024-06-12,9269.936,甲辰,庚午,丁未,0.0008193387701842525,丁,未,火,土,6,24,2024-06
2024-06-13,9206.236,甲辰,庚午,戊申,-0.0068716763524580005,戊,申,土,金,6,24,2024-06
2024-06-14,9252.251,甲辰,庚午,己酉,0.004998242495630079,己,酉,土,金,6,24,2024-06
2024-06-17,9281.254,甲辰,庚午,壬子,0.003134696626799327,壬,子,水,水,6,25,2024-06
2024-06-18,9318.469,甲辰,庚午,癸丑,0.004009695241612654,癸,丑,水,土,6,25,2024-06
2024-06-19,9219.069,甲辰,庚午,甲寅,-0.010666988321794024,甲,寅,木,木,6,25,2024-06
2024-06-20,9068.851,甲辰,庚午,乙卯,-0.016294270061326,乙,卯,木,木,6,25,2024-06
2024-06-21,9064.845,甲辰,庚午,丙辰,-0.0004417318136554771,丙,辰,火,土,6,25,2024-06
2024-06-24,8924.172,甲辰,庚午,己未,-0.015518522379588284,己,未,土,土,6,26,2024-06
2024-06-25,8850.289,甲辰,庚午,庚申,-0.008278975349197637,庚,申,金,金,6,26,2024-06
2024-06-26,8987.302,甲辰,庚午,辛酉,0.015481189371330029,辛,酉,金,金,6,26,2024-06
2024-06-27,8849.697,甲辰,庚午,壬戌,-0.015311046630011926,壬,戌,水,土,6,26,2024-06
2024-06-28,8848.699,甲辰,庚午,癸亥,-0.00011277222259697961,癸,亥,水,水,6,26,2024-06
2024-07-01,8899.166,甲辰,庚午,丙寅,0.00570332429659981,丙,寅,火,木,7,27,2024-07
2024-07-02,8812.673,甲辰,庚午,丁卯,-0.009719225374602347,丁,卯,火,木,7,27,2024-07
2024-07-03,8760.434,甲辰,庚午,戊辰,-0.005927713419072944,戊,辰,土,土,7,27,2024-07
2024-07-04,8673.826,甲辰,庚午,己巳,-0.00988626819173577,己,巳,土,火,7,27,2024-07
2024-07-05,8695.548,甲辰,庚午,庚午,0.0025043158578466063,庚,午,金,火,7,27,2024-07
2024-07-08,8561.95,甲辰,辛未,癸酉,-0.01536395406016966,癸,酉,水,金,7,28,2024-07
2024-07-09,8705.943,甲辰,辛未,甲戌,0.016817780996151388,甲,戌,木,土,7,28,2024-07
2024-07-10,8697.216,甲辰,辛未,乙亥,-0.0010024186926101963,乙,亥,木,水,7,28,2024-07
2024-07-11,8870.356,甲辰,辛未,丙子,0.019907519831633413,丙,子,火,水,7,28,2024-07
2024-07-12,8854.083,甲辰,辛未,丁丑,-0.0018345374187912489,丁,丑,火,土,7,28,2024-07
2024-07-15,8801.624,甲辰,辛未,庚辰,-0.00592483716269665,庚,辰,金,土,7,29,2024-07
2024-07-16,8877.018,甲辰,辛未,辛巳,0.008565919198547878,辛,巳,金,火,7,29,2024-07
2024-07-17,8835.144,甲辰,辛未,壬午,-0.004717124601977818,壬,午,水,火,7,29,2024-07
2024-07-18,8879.326,甲辰,辛未,癸未,0.005000710797695929,癸,未,水,土,7,29,2024-07
2024-07-19,8903.232,甲辰,辛未,甲申,0.0026923214667420314,甲,申,木,金,7,29,2024-07
2024-07-22,8869.817,甲辰,辛未,丁亥,-0.0037531314470971022,丁,亥,火,水,7,30,2024-07
2024-07-23,8606.583,甲辰,辛未,戊子,-0.029677500674478274,戊,子,土,水,7,30,2024-07
2024-07-24,8493.096,甲辰,辛未,己丑,-0.013186069314616633,己,丑,土,土,7,30,2024-07
2024-07-25,8474.704,甲辰,辛未,庚寅,-0.0021655236205971873,庚,寅,金,木,7,30,2024-07
2024-07-26,8597.174,甲辰,辛未,辛卯,0.014451242190877789,辛,卯,金,木,7,30,2024-07
2024-07-29,8514.647,甲辰,辛未,甲午,-0.00959931717096807,甲,午,木,火,7,31,2024-07
2024-07-30,8468.582,甲辰,辛未,乙未,-0.0054100892262475275,乙,未,木,土,7,31,2024-07
2024-07-31,8754.087,甲辰,辛未,丙申,0.03371343632263346,丙,申,火,金,7,31,2024-07
2024-08-01,8673.577,甲辰,辛未,丁酉,-0.009196847141226705,丁,酉,火,金,8,31,2024-08
2024-08-02,8553.551,甲辰,辛未,戊戌,-0.013838120074336047,戊,戌,土,土,8,31,2024-08
2024-08-05,8395.054,甲辰,辛未,辛丑,-0.018529964923339914,辛,丑,金,土,8,32,2024-08
2024-08-06,8463.863,甲辰,辛未,壬寅,0.008196373721955696,壬,寅,水,木,8,32,2024-08
2024-08-07,8449.582,甲辰,壬申,癸卯,-0.0016872910159343446,癸,卯,水,木,8,32,2024-08
2024-08-08,8446.208,甲辰,壬申,甲辰,-0.00039930969366297475,甲,辰,木,土,8,32,2024-08
2024-08-09,8393.699,甲辰,壬申,乙巳,-0.006216872707847099,乙,巳,木,火,8,32,2024-08
2024-08-12,8373.471,甲辰,壬申,戊申,-0.0024099029522026694,戊,申,土,金,8,33,2024-08
2024-08-13,8409.224,甲辰,壬申,己酉,0.004269794449637487,己,酉,土,金,8,33,2024-08
2024-08-14,8310.998,甲辰,壬申,庚戌,-0.011680744858265202,庚,戌,金,土,8,33,2024-08
2024-08-15,8370.123,甲辰,壬申,辛亥,0.007114067408029667,辛,亥,金,水,8,33,2024-08
2024-08-16,8349.87,甲辰,壬申,壬子,-0.0024196777036608053,壬,子,水,水,8,33,2024-08
2024-08-19,8356.897,甲辰,壬申,乙卯,0.000841569988514701,乙,卯,木,木,8,34,2024-08
2024-08-20,8252.868,甲辰,壬申,丙辰,-0.012448280743438622,丙,辰,火,土,8,34,2024-08
2024-08-21,8229.75,甲辰,壬申,丁巳,-0.002801208016413259,丁,巳,火,火,8,34,2024-08
2024-08-22,8162.175,甲辰,壬申,戊午,-0.008211063519547923,戊,午,土,火,8,34,2024-08
2024-08-23,8181.917,甲辰,壬申,己未,0.002418718050029689,己,未,土,土,8,34,2024-08
2024-08-26,8194.646,甲辰,壬申,壬戌,0.0015557478766896615,壬,戌,水,土,8,35,2024-08
2024-08-27,8103.759,甲辰,壬申,癸亥,-0.01109102211370705,癸,亥,水,水,8,35,2024-08
2024-08-28,8078.819,甲辰,壬申,甲子,-0.0030775841186787556,甲,子,木,水,8,35,2024-08
2024-08-29,8154.439,甲辰,壬申,乙丑,0.009360279020980578,乙,丑,木,土,8,35,2024-08
2024-08-30,8348.478,甲辰,壬申,丙寅,0.023795505736200706,丙,寅,火,木,8,35,2024-08
2024-09-02,8172.208,甲辰,壬申,己巳,-0.02111402820969277,己,巳,土,火,9,36,2024-09
2024-09-03,8268.05,甲辰,壬申,庚午,0.011727797432468545,庚,午,金,火,9,36,2024-09
2024-09-04,8226.241,甲辰,壬申,辛未,-0.0050566941419075695,辛,未,金,土,9,36,2024-09
2024-09-05,8249.659,甲辰,壬申,壬申,0.002846743731432122,壬,申,水,金,9,36,2024-09
2024-09-06,8130.77,甲辰,壬申,癸酉,-0.014411383549307821,癸,酉,水,金,9,36,2024-09
2024-09-09,8063.27,甲辰,癸酉,丙子,-0.00830179675479692,丙,子,火,水,9,37,2024-09
2024-09-10,8073.833,甲辰,癸酉,丁丑,0.001310014423428596,丁,丑,火,土,9,37,2024-09
2024-09-11,8105.385,甲辰,癸酉,戊寅,0.0039079331960421015,戊,寅,土,木,9,37,2024-09
2024-09-12,8054.243,甲辰,癸酉,己卯,-0.006309632423382672,己,卯,土,木,9,37,2024-09
2024-09-13,7983.548,甲辰,癸酉,庚辰,-0.008777361199556633,庚,辰,金,土,9,37,2024-09
2024-09-18,7992.253,甲辰,癸酉,乙酉,0.0010903673404356606,乙,酉,木,金,9,38,2024-09
2024-09-19,8087.604,甲辰,癸酉,丙戌,0.011930428128338777,丙,戌,火,土,9,38,2024-09
2024-09-20,8075.142,甲辰,癸酉,丁亥,-0.00154087663045821,丁,亥,火,水,9,38,2024-09
2024-09-23,8083.382,甲辰,癸酉,庚寅,0.0010204154923838527,庚,寅,金,木,9,39,2024-09
2024-09-24,8435.704,甲辰,癸酉,辛卯,0.04358596438965767,辛,卯,金,木,9,39,2024-09
2024-09-25,8537.731,甲辰,癸酉,壬辰,0.012094663349970558,壬,辰,水,土,9,39,2024-09
2024-09-26,8916.646,甲辰,癸酉,癸巳,0.04438122962646651,癸,巳,水,火,9,39,2024-09
2024-09-27,9514.864,甲辰,癸酉,甲午,0.06709002465725322,甲,午,木,火,9,39,2024-09
2024-09-30,10529.757,甲辰,癸酉,丁酉,0.10666395231713244,丁,酉,火,金,9,40,2024-09
2024-10-08,11495.101,甲辰,甲戌,乙巳,0.09167770918170293,乙,巳,木,火,10,41,2024-10
2024-10-09,10557.812,甲辰,甲戌,丙午,-0.08153812654625658,丙,午,火,火,10,41,2024-10
2024-10-10,10471.081,甲辰,甲戌,丁未,-0.00821486497391688,丁,未,火,土,10,41,2024-10
2024-10-11,10060.739,甲辰,甲戌,戊申,-0.03918812202866162,戊,申,土,金,10,41,2024-10
2024-10-14,10327.4,甲辰,甲戌,辛亥,0.026505110608674,辛,亥,金,水,10,42,2024-10
2024-10-15,10066.517,甲辰,甲戌,壬子,-0.02526124678040942,壬,子,水,水,10,42,2024-10
2024-10-16,9965.024,甲辰,甲戌,癸丑,-0.010082235990859667,癸,丑,水,土,10,42,2024-10
2024-10-17,9891.763,甲辰,甲戌,甲寅,-0.0073518137036096,甲,寅,木,木,10,42,2024-10
2024-10-18,10357.677,甲辰,甲戌,乙卯,0.04710120935974693,乙,卯,木,木,10,42,2024-10
2024-10-21,10470.914,甲辰,甲戌,戊午,0.010932663762347472,戊,午,土,火,10,43,2024-10
2024-10-22,10559.51,甲辰,甲戌,己未,0.008461152483918655,己,未,土,土,10,43,2024-10
2024-10-23,10576.413,甲辰,甲戌,庚申,0.0016007371554171979,庚,申,金,金,10,43,2024-10
2024-10-24,10441.746,甲辰,甲戌,辛酉,-0.01273276677073798,辛,酉,金,金,10,43,2024-10
2024-10-25,10619.849,甲辰,甲戌,壬戌,0.017056821723110405,壬,戌,水,土,10,43,2024-10
2024-10-28,10685.891,甲辰,甲戌,乙丑,0.00621873248856919,乙,丑,木,土,10,44,2024-10
2024-10-29,10543.328,甲辰,甲戌,丙寅,-0.013341236589443084,丙,寅,火,木,10,44,2024-10
2024-10-30,10530.849,甲辰,甲戌,丁卯,-0.0011835921257500326,丁,卯,火,木,10,44,2024-10
2024-10-31,10591.218,甲辰,甲戌,戊辰,0.005732586233075931,戊,辰,土,土,10,44,2024-10
2024-11-01,10455.502,甲辰,甲戌,己巳,-0.012814012514896778,己,巳,土,火,11,44,2024-11
2024-11-04,10663.097,甲辰,甲戌,壬申,0.01985509638848515,壬,申,水,金,11,45,2024-11
2024-11-05,11006.938,甲辰,甲戌,癸酉,0.03224588503696446,癸,酉,水,金,11,45,2024-11
2024-11-06,10968.142,甲辰,甲戌,甲戌,-0.0035246859753366167,甲,戌,木,土,11,45,2024-11
2024-11-07,11235.921,甲辰,乙亥,乙亥,0.02441425357184479,乙,亥,木,水,11,45,2024-11
2024-11-08,11161.702,甲辰,乙亥,丙子,-0.0066055110213040225,丙,子,火,水,11,45,2024-11
2024-11-11,11388.566,甲辰,乙亥,己卯,0.020325215634676708,己,卯,土,木,11,46,2024-11
2024-11-12,11314.459,甲辰,乙亥,庚辰,-0.006507140582932003,庚,辰,金,土,11,46,2024-11
2024-11-13,11359.289,甲辰,乙亥,辛巳,0.003962186791255373,辛,巳,金,火,11,46,2024-11
2024-11-14,11037.782,甲辰,乙亥,壬午,-0.028303443991961275,壬,午,水,火,11,46,2024-11
2024-11-15,10748.97,甲辰,乙亥,癸未,-0.0261657641000701,癸,未,水,土,11,46,2024-11
2024-11-18,10544.022,甲辰,乙亥,丙戌,-0.01906675709393535,丙,戌,火,土,11,47,2024-11
2024-11-19,10743.844,甲辰,乙亥,丁亥,0.018951212355209357,丁,亥,火,水,11,47,2024-11
2024-11-20,10827.188,甲辰,乙亥,戊子,0.0077573725009409955,戊,子,土,水,11,47,2024-11
2024-11-21,10819.877,甲辰,乙亥,己丑,-0.0006752445787401307,己,丑,土,土,11,47,2024-11
2024-11-22,10438.722,甲辰,乙亥,庚寅,-0.03522729509771694,庚,寅,金,木,11,47,2024-11
2024-11-25,10420.521,甲辰,乙亥,癸巳,-0.0017436042458069956,癸,巳,水,火,11,48,2024-11
2024-11-26,10333.226,甲辰,乙亥,甲午,-0.008377220294455534,甲,午,木,火,11,48,2024-11
2024-11-27,10566.101,甲辰,乙亥,乙未,0.022536524411640668,乙,未,木,土,11,48,2024-11
2024-11-28,10432.54,甲辰,乙亥,丙申,-0.012640518957749869,丙,申,火,金,11,48,2024-11
2024-11-29,10611.719,甲辰,乙亥,丁酉,0.017175012029668535,丁,酉,火,金,11,48,2024-11
2024-12-02,10756.548,甲辰,乙亥,庚子,0.013648024415271687,庚,子,金,水,12,49,2024-12
2024-12-03,10713.578,甲辰,乙亥,辛丑,-0.003994776019221158,辛,丑,金,土,12,49,2024-12
2024-12-04,10604.012,甲辰,乙亥,壬寅,-0.010226835516575217,壬,寅,水,木,12,49,2024-12
2024-12-05,10634.489,甲辰,乙亥,癸卯,0.002874100859184159,癸,卯,水,木,12,49,2024-12
2024-12-06,10791.339,甲辰,丙子,甲辰,0.014749180708165666,甲,辰,木,土,12,49,2024-12
2024-12-09,10731.659,甲辰,丙子,丁未,-0.005530360968180159,丁,未,火,土,12,50,2024-12
2024-12-10,10812.584,甲辰,丙子,戊申,0.007540772586978495,戊,申,土,金,12,50,2024-12
2024-12-11,10848.423,甲辰,丙子,己酉,0.0033145638452380943,己,酉,土,金,12,50,2024-12
2024-12-12,10957.129,甲辰,丙子,庚戌,0.010020442602579172,庚,戌,金,土,12,50,2024-12
2024-12-13,10713.072,甲辰,丙子,辛亥,-0.022273809133761313,辛,亥,金,水,12,50,2024-12
2024-12-16,10573.919,甲辰,丙子,甲寅,-0.012989084736852341,甲,寅,木,木,12,51,2024-12
2024-12-17,10537.429,甲辰,丙子,乙卯,-0.003450943779690352,乙,卯,木,木,12,51,2024-12
2024-12-18,10584.27,甲辰,丙子,丙辰,0.004445201955809219,丙,辰,火,土,12,51,2024-12
2024-12-19,10649.034,甲辰,丙子,丁巳,0.006118891524875991,丁,巳,火,火,12,51,2024-12
2024-12-20,10646.617,甲辰,丙子,戊午,-0.00022696894384965915,戊,午,土,火,12,51,2024-12
2024-12-23,10537.402,甲辰,丙子,辛酉,-0.010258188117408529,辛,酉,金,金,12,52,2024-12
2024-12-24,10671.428,甲辰,丙子,壬戌,0.012719074398034769,壬,戌,水,土,12,52,2024-12
2024-12-25,10603.1,甲辰,丙子,癸亥,-0.00640289190912402,癸,亥,水,水,12,52,2024-12
2024-12-26,10673.969,甲辰,丙子,甲子,0.0066838000207485315,甲,子,木,水,12,52,2024-12
2024-12-27,10659.976,甲辰,丙子,乙丑,-0.0013109462843670094,乙,丑,木,土,12,52,2024-12
2024-12-30,10671.155,甲辰,丙子,戊辰,0.0010486890402003901,戊,辰,土,土,12,1,2024-12
2024-12-31,10414.611,甲辰,丙子,己巳,-0.024040884046759636,己,巳,土,火,12,1,2024-12
2025-01-02,10088.059,甲辰,丙子,辛未,-0.031355179756594076,辛,未,金,土,1,1,2025-01
2025-01-03,9897.12,甲辰,丙子,壬申,-0.018927228716643985,壬,申,水,金,1,1,2025-01
2025-01-06,9885.654,甲辰,丁丑,乙亥,-0.0011585188418449244,乙,亥,木,水,1,2,2025-01
2025-01-07,9998.757,甲辰,丁丑,丙子,0.01144112468431513,丙,子,火,水,1,2,2025-01
2025-01-08,9944.641,甲辰,丁丑,丁丑,-0.005412272745502267,丁,丑,火,土,1,2,2025-01
2025-01-09,9976.004,甲辰,丁丑,戊寅,0.003153758893860603,戊,寅,土,木,1,2,2025-01
2025-01-10,9795.943,甲辰,丁丑,己卯,-0.018049411367517698,己,卯,土,木,1,2,2025-01
2025-01-13,9796.177,甲辰,丁丑,壬午,2.388743993297915e-05,壬,午,水,火,1,3,2025-01
2025-01-14,10165.169,甲辰,丁丑,癸未,0.03766693884767491,癸,未,水,土,1,3,2025-01
2025-01-15,10060.13,甲辰,丁丑,甲申,-0.010333227120965738,甲,申,木,金,1,3,2025-01
2025-01-16,10101.095,甲辰,丁丑,乙酉,0.00407201497396148,乙,酉,木,金,1,3,2025-01
2025-01-17,10161.321,甲辰,丁丑,丙戌,0.005962323886667731,丙,戌,火,土,1,3,2025-01
2025-01-20,10256.396,甲辰,丁丑,己丑,0.00935655905369015,己,丑,土,土,1,4,2025-01
2025-01-21,10305.693,甲辰,丁丑,庚寅,0.0048064641809850706,庚,寅,金,木,1,4,2025-01
2025-01-22,10225.871,甲辰,丁丑,辛卯,-0.007745427697099072,辛,卯,金,木,1,4,2025-01
2025-01-23,10176.174,甲辰,丁丑,壬辰,-0.004859928313196815,壬,辰,水,土,1,4,2025-01
2025-01-24,10292.729,甲辰,丁丑,癸巳,0.01145371531579542,癸,巳,水,火,1,4,2025-01
2025-01-27,10156.066,甲辰,丁丑,丙申,-0.013277625399444437,丙,申,火,金,1,5,2025-01
2025-02-05,10164.224,乙巳,戊寅,乙巳,0.0008032637834374246,乙,巳,木,火,2,6,2025-02
2025-02-06,10393.634,乙巳,戊寅,丙午,0.022570340834676683,丙,午,火,火,2,6,2025-02
2025-02-07,10576.003,乙巳,戊寅,丁未,0.01754622108109638,丁,未,火,土,2,6,2025-02
2025-02-10,10631.246,乙巳,戊寅,庚戌,0.005223428926788287,庚,戌,金,土,2,7,2025-02
2025-02-11,10557.622,乙巳,戊寅,辛亥,-0.006925246579751798,辛,亥,金,水,2,7,2025-02
2025-02-12,10708.884,乙巳,戊寅,壬子,0.014327279381663782,壬,子,水,水,2,7,2025-02
2025-02-13,10626.624,乙巳,戊寅,癸丑,-0.007681472691272062,癸,丑,水,土,2,7,2025-02
2025-02-14,10749.456,乙巳,戊寅,甲寅,0.011558892080871574,甲,寅,木,木,2,7,2025-02
2025-02-17,10791.06,乙巳,戊寅,丁巳,0.0038703353918561056,丁,巳,火,火,2,8,2025-02
2025-02-18,10617.261,乙巳,戊寅,戊午,-0.016105832049863378,戊,午,土,火,2,8,2025-02
2025-02-19,10772.654,乙巳,戊寅,己未,0.014635883962916596,己,未,土,土,2,8,2025-02
2025-02-20,10794.545,乙巳,戊寅,庚申,0.002032089771007106,庚,申,金,金,2,8,2025-02
2025-02-21,10991.369,乙巳,戊寅,辛酉,0.018233654128080534,辛,酉,金,金,2,8,2025-02
2025-02-24,10983.043,乙巳,戊寅,甲子,-0.0007575034556660531,甲,子,木,水,2,9,2025-02
2025-02-25,10854.495,乙巳,戊寅,乙丑,-0.011704224412123154,乙,丑,木,土,2,9,2025-02
2025-02-26,10955.648,乙巳,戊寅,丙寅,0.009318996415770497,丙,寅,火,木,2,9,2025-02
2025-02-27,10927.508,乙巳,戊寅,丁卯,-0.0025685381640592198,丁,卯,火,木,2,9,2025-02
2025-02-28,10611.24,乙巳,戊寅,戊辰,-0.02894237185641957,戊,辰,土,土,2,9,2025-02
2025-03-03,10649.592,乙巳,戊寅,辛未,0.003614280706119244,辛,未,金,土,3,10,2025-03
2025-03-04,10679.436,乙巳,戊寅,壬申,0.0028023608791771792,壬,申,水,金,3,10,2025-03
2025-03-05,10709.46,乙巳,己卯,癸酉,0.0028113844214243677,癸,酉,水,金,3,10,2025-03
2025-03-06,10898.751,乙巳,己卯,甲戌,0.017675120874441896,甲,戌,木,土,3,10,2025-03
2025-03-07,10843.732,乙巳,己卯,乙亥,-0.005048193136993451,乙,亥,木,水,3,10,2025-03
2025-03-10,10825.704,乙巳,己卯,戊寅,-0.0016625272553766335,戊,寅,土,木,3,11,2025-03
2025-03-11,10861.164,乙巳,己卯,己卯,0.0032755375539550435,己,卯,土,木,3,11,2025-03
2025-03-12,10843.227,乙巳,己卯,庚辰,-0.0016514804490568302,庚,辰,金,土,3,11,2025-03
2025-03-13,10736.194,乙巳,己卯,辛巳,-0.009870954467706139,辛,巳,金,火,3,11,2025-03
2025-03-14,10978.299,乙巳,己卯,壬午,0.02255035629944846,壬,午,水,火,3,11,2025-03
2025-03-17,10957.818,乙巳,己卯,乙酉,-0.0018655895599128947,乙,酉,木,金,3,12,2025-03
2025-03-18,11014.747,乙巳,己卯,丙戌,0.005195286141821409,丙,戌,火,土,3,12,2025-03
2025-03-19,10979.052,乙巳,己卯,丁亥,-0.003240655459449071,丁,亥,火,水,3,12,2025-03
2025-03-20,10879.489,乙巳,己卯,戊子,-0.009068451447356352,戊,子,土,水,3,12,2025-03
2025-03-21,10687.554,乙巳,己卯,己丑,-0.01764191314500152,己,丑,土,土,3,12,2025-03
2025-03-24,10695.488,乙巳,己卯,壬辰,0.0007423588222337241,壬,辰,水,土,3,13,2025-03
2025-03-25,10649.076,乙巳,己卯,癸巳,-0.004339399941358457,癸,巳,水,火,3,13,2025-03
2025-03-26,10643.819,乙巳,己卯,甲午,-0.0004936578535076341,甲,午,木,火,3,13,2025-03
2025-03-27,10668.101,乙巳,己卯,乙未,0.002281324024769882,乙,未,木,土,3,13,2025-03
2025-03-28,10607.331,乙巳,己卯,丙申,-0.00569642150932026,丙,申,火,金,3,13,2025-03
2025-03-31,10504.332,乙巳,己卯,己亥,-0.009710171201407714,己,亥,土,水,3,14,2025-03
2025-04-01,10503.655,乙巳,己卯,庚子,-6.444960041240844e-05,庚,子,金,水,4,14,2025-04
2025-04-02,10513.117,乙巳,己卯,辛丑,0.0009008292827592523,辛,丑,金,土,4,14,2025-04
2025-04-03,10365.731,乙巳,己卯,壬寅,-0.014019248525437344,壬,寅,水,木,4,14,2025-04
2025-04-07,9364.498,乙巳,庚辰,丙午,-0.09659067942241606,丙,午,火,火,4,15,2025-04
2025-04-08,9424.68,乙巳,庚辰,丁未,0.006426612510355589,丁,未,火,土,4,15,2025-04
2025-04-09,9539.892,乙巳,庚辰,戊申,0.012224499929970989,戊,申,土,金,4,15,2025-04
2025-04-10,9754.644,乙巳,庚辰,己酉,0.02251094666480502,己,酉,土,金,4,15,2025-04
2025-04-11,9834.444,乙巳,庚辰,庚戌,0.008180718845300694,庚,戌,金,土,4,15,2025-04
2025-04-14,9884.302,乙巳,庚辰,癸丑,0.0050697324627604345,癸,丑,水,土,4,16,2025-04
2025-04-15,9858.097,乙巳,庚辰,甲寅,-0.002651173547712271,甲,寅,木,木,4,16,2025-04
2025-04-16,9774.728,乙巳,庚辰,乙卯,-0.008456906033689982,乙,卯,木,木,4,16,2025-04
2025-04-17,9759.047,乙巳,庚辰,丙辰,-0.0016042390130956985,丙,辰,火,土,4,16,2025-04
2025-04-18,9781.647,乙巳,庚辰,丁巳,0.002315799893165771,丁,巳,火,火,4,16,2025-04
2025-04-21,9905.528,乙巳,庚辰,庚申,0.012664636129273488,庚,申,金,金,4,17,2025-04
2025-04-22,9870.054,乙巳,庚辰,辛酉,-0.0035812326208153333,辛,酉,金,金,4,17,2025-04
2025-04-23,9935.797,乙巳,庚辰,壬戌,0.006660855148310274,壬,戌,水,土,4,17,2025-04
2025-04-24,9878.315,乙巳,庚辰,癸亥,-0.0057853436417832915,癸,亥,水,水,4,17,2025-04
2025-04-25,9917.055,乙巳,庚辰,甲子,0.00392172146767944,甲,子,木,水,4,17,2025-04
2025-04-28,9855.196,乙巳,庚辰,丁卯,-0.0062376380891303596,丁,卯,火,木,4,18,2025-04
2025-04-29,9849.802,乙巳,庚辰,戊辰,-0.0005473254920551618,戊,辰,土,土,4,18,2025-04
2025-04-30,9899.821,乙巳,庚辰,己巳,0.005078173145003362,己,巳,土,火,4,18,2025-04
2025-05-06,10082.335,乙巳,辛巳,乙亥,0.01843609091517906,乙,亥,木,水,5,19,2025-05
2025-05-07,10104.129,乙巳,辛巳,丙子,0.002161602446258959,丙,子,火,水,5,19,2025-05
2025-05-08,10197.659,乙巳,辛巳,丁丑,0.009256611826709449,丁,丑,火,土,5,19,2025-05
2025-05-09,10126.825,乙巳,辛巳,戊寅,-0.006946104002889197,戊,寅,土,木,5,19,2025-05
2025-05-12,10301.158,乙巳,辛巳,辛巳,0.01721497112866066,辛,巳,金,火,5,20,2025-05
2025-05-13,10288.083,乙巳,辛巳,壬午,-0.0012692747747388156,壬,午,水,火,5,20,2025-05
2025-05-14,10354.223,乙巳,辛巳,癸未,0.006428797279337539,癸,未,水,土,5,20,2025-05
2025-05-15,10186.448,乙巳,辛巳,甲申,-0.016203533572726747,甲,申,木,金,5,20,2025-05
2025-05-16,10179.596,乙巳,辛巳,乙酉,-0.0006726584183220918,乙,酉,木,金,5,20,2025-05
2025-05-19,10171.09,乙巳,辛巳,戊子,-0.0008355930824759383,戊,子,土,水,5,21,2025-05
2025-05-20,10249.173,乙巳,辛巳,己丑,0.007676954977293482,己,丑,土,土,5,21,2025-05
2025-05-21,10294.221,乙巳,辛巳,庚寅,0.004395281453440036,庚,寅,金,木,5,21,2025-05
2025-05-22,10219.621,乙巳,辛巳,辛卯,-0.0072467843851419245,辛,卯,金,木,5,21,2025-05
2025-05-23,10132.412,乙巳,辛巳,壬辰,-0.008533486711493454,壬,辰,水,土,5,21,2025-05
2025-05-26,10091.158,乙巳,辛巳,乙未,-0.004071488605082441,乙,未,木,土,5,22,2025-05
2025-05-27,10029.111,乙巳,辛巳,丙申,-0.006148650135098355,丙,申,火,金,5,22,2025-05
2025-05-28,10003.265,乙巳,辛巳,丁酉,-0.002577097810563811,丁,酉,火,金,5,22,2025-05
2025-05-29,10127.204,乙巳,辛巳,戊戌,0.012389854712436366,戊,戌,土,土,5,22,2025-05
2025-05-30,10040.627,乙巳,辛巳,己亥,-0.008548953886976074,己,亥,土,水,5,22,2025-05
2025-06-03,10057.17,乙巳,辛巳,癸卯,0.0016476062700068184,癸,卯,水,木,6,23,2025-06
2025-06-04,10144.581,乙巳,辛巳,甲辰,0.008691411202157218,甲,辰,木,土,6,23,2025-06
2025-06-05,10203.501,乙巳,壬午,乙巳,0.005808026965332447,乙,巳,木,火,6,23,2025-06
2025-06-06,10183.699,乙巳,壬午,丙午,-0.0019407064300772658,丙,午,火,火,6,23,2025-06
2025-06-09,10250.138,乙巳,壬午,己酉,0.006524053784386252,己,酉,土,金,6,24,2025-06
2025-06-10,10162.181,乙巳,壬午,庚戌,-0.008581055201403176,庚,戌,金,土,6,24,2025-06
2025-06-11,10246.021,乙巳,壬午,辛亥,0.00825019747237321,辛,亥,金,水,6,24,2025-06
2025-06-12,10234.335,乙巳,壬午,壬子,-0.0011405403131616865,壬,子,水,水,6,24,2025-06
2025-06-13,10122.114,乙巳,壬午,癸丑,-0.0109651481996631,癸,丑,水,土,6,24,2025-06
2025-06-16,10163.547,乙巳,壬午,丙辰,0.004093314894497491,丙,辰,火,土,6,25,2025-06
2025-06-17,10151.427,乙巳,壬午,丁巳,-0.0011924970681987945,丁,巳,火,火,6,25,2025-06
2025-06-18,10175.588,乙巳,壬午,戊午,0.0023800594734120217,戊,午,土,火,6,25,2025-06
2025-06-19,10051.966,乙巳,壬午,己未,-0.012148880241613536,己,未,土,土,6,25,2025-06
2025-06-20,10005.032,乙巳,壬午,庚申,-0.00466913636596078,庚,申,金,金,6,25,2025-06
2025-06-23,10048.394,乙巳,壬午,癸亥,0.004334019121578159,癸,亥,水,水,6,26,2025-06
2025-06-24,10217.629,乙巳,壬午,甲子,0.016841994850122388,甲,子,木,水,6,26,2025-06
2025-06-25,10393.724,乙巳,壬午,乙丑,0.01723442884841475,乙,丑,木,土,6,26,2025-06
2025-06-26,10343.479,乙巳,壬午,丙寅,-0.004834167233996323,丙,寅,火,木,6,26,2025-06
2025-06-27,10378.55,乙巳,壬午,丁卯,0.003390638681627367,丁,卯,火,木,6,26,2025-06
2025-06-30,10465.12,乙巳,壬午,庚午,0.008341242273728122,庚,午,金,火,6,27,2025-06
2025-07-01,10476.294,乙巳,壬午,辛未,0.0010677373981378135,辛,未,金,土,7,27,2025-07
2025-07-02,10412.628,乙巳,壬午,壬申,-0.0060771490376271275,壬,申,水,金,7,27,2025-07
2025-07-03,10534.584,乙巳,壬午,癸酉,0.01171231700585107,癸,酉,水,金,7,27,2025-07
2025-07-04,10508.761,乙巳,壬午,甲戌,-0.002451259584621557,甲,戌,木,土,7,27,2025-07
2025-07-07,10435.507,乙巳,癸未,丁丑,-0.006970755163239639,丁,丑,火,土,7,28,2025-07
2025-07-08,10588.395,乙巳,癸未,戊寅,0.014650749599420587,戊,寅,土,木,7,28,2025-07
2025-07-09,10581.798,乙巳,癸未,己卯,-0.0006230406024708701,己,卯,土,木,7,28,2025-07
2025-07-10,10631.126,乙巳,癸未,庚辰,0.004661589646674402,庚,辰,金,土,7,28,2025-07
2025-07-11,10696.098,乙巳,癸未,辛巳,0.006111488096369078,辛,巳,金,火,7,28,2025-07
2025-07-14,10684.517,乙巳,癸未,甲申,-0.0010827312913550546,甲,申,木,金,7,29,2025-07
2025-07-15,10744.562,乙巳,癸未,乙酉,0.005619814166611281,乙,酉,木,金,7,29,2025-07
2025-07-16,10720.807,乙巳,癸未,丙戌,-0.002210885841600563,丙,戌,火,土,7,29,2025-07
2025-07-17,10873.619,乙巳,癸未,丁亥,0.014253777724009042,丁,亥,火,水,7,29,2025-07
2025-07-18,10913.839,乙巳,癸未,戊子,0.0036988605173677858,戊,子,土,水,7,29,2025-07
2025-07-21,11007.487,乙巳,癸未,辛卯,0.008580665336917592,辛,卯,金,木,7,30,2025-07
2025-07-22,11099.831,乙巳,癸未,壬辰,0.008389199096942024,壬,辰,水,土,7,30,2025-07
2025-07-23,11059.037,乙巳,癸未,癸巳,-0.0036751910907472096,癸,巳,水,火,7,30,2025-07
2025-07-24,11193.06,乙巳,癸未,甲午,0.012118867131016842,甲,午,木,火,7,30,2025-07
2025-07-25,11168.142,乙巳,癸未,乙未,-0.002226200878044038,乙,未,木,土,7,30,2025-07
2025-07-28,11217.581,乙巳,癸未,戊戌,0.004426788269705106,戊,戌,土,土,7,31,2025-07
2025-07-29,11289.406,乙巳,癸未,己亥,0.006402895597544589,己,亥,土,水,7,31,2025-07
2025-07-30,11203.029,乙巳,癸未,庚子,-0.007651155428372469,庚,子,金,水,7,31,2025-07
2025-07-31,11009.769,乙巳,癸未,辛丑,-0.017250691754881697,辛,丑,金,土,7,31,2025-07
2025-08-01,10991.321,乙巳,癸未,壬寅,-0.0016756028214579555,壬,寅,水,木,8,31,2025-08
2025-08-04,11041.56,乙巳,癸未,乙巳,0.004570788170047857,乙,巳,木,火,8,32,2025-08
2025-08-05,11106.957,乙巳,癸未,丙午,0.005922804386336855,丙,午,火,火,8,32,2025-08
2025-08-06,11177.782,乙巳,癸未,丁未,0.006376634032165596,丁,未,火,土,8,32,2025-08
2025-08-07,11157.94,乙巳,甲申,戊申,-0.001775128554126315,戊,申,土,金,8,32,2025-08
2025-08-08,11128.673,乙巳,甲申,己酉,-0.002622975208685485,己,酉,土,金,8,32,2025-08
2025-08-11,11291.426,乙巳,甲申,壬子,0.014624654709505691,壬,子,水,水,8,33,2025-08
2025-08-12,11351.633,乙巳,甲申,癸丑,0.0053320988863585494,癸,丑,水,土,8,33,2025-08
2025-08-13,11551.365,乙巳,甲申,甲寅,0.01759500152973592,甲,寅,木,木,8,33,2025-08
2025-08-14,11451.435,乙巳,甲申,乙卯,-0.008650925669823506,乙,卯,木,木,8,33,2025-08
2025-08-15,11634.668,乙巳,甲申,丙辰,0.016000876746014914,丙,辰,火,土,8,33,2025-08
2025-08-18,11835.572,乙巳,甲申,己未,0.017267703728202743,己,未,土,土,8,34,2025-08
2025-08-19,11821.626,乙巳,甲申,庚申,-0.0011783122944966085,庚,申,金,金,8,34,2025-08
2025-08-20,11926.741,乙巳,甲申,辛酉,0.00889175482289839,辛,酉,金,金,8,34,2025-08
2025-08-21,11919.763,乙巳,甲申,壬戌,-0.0005850718146724887,壬,戌,水,土,8,34,2025-08
2025-08-22,12166.061,乙巳,甲申,癸亥,0.02066299472565003,癸,亥,水,水,8,34,2025-08
2025-08-25,12441.067,乙巳,甲申,丙寅,0.022604358140239533,丙,寅,火,木,8,35,2025-08
2025-08-26,12473.174,乙巳,甲申,丁卯,0.00258072719968494,丁,卯,火,木,8,35,2025-08
2025-08-27,12295.069,乙巳,甲申,戊辰,-0.01427904397068469,戊,辰,土,土,8,35,2025-08
2025-08-28,12571.371,乙巳,甲申,己巳,0.0224725863677544,己,巳,土,火,8,35,2025-08
2025-08-29,12696.15,乙巳,甲申,庚午,0.00992564772768234,庚,午,金,火,8,35,2025-08
2025-09-01,12828.952,乙巳,甲申,癸酉,0.010460021345053416,癸,酉,水,金,9,36,2025-09
2025-09-02,12553.838,乙巳,甲申,甲戌,-0.021444775847629605,甲,戌,木,土,9,36,2025-09
2025-09-03,12471.995,乙巳,甲申,乙亥,-0.006519360852035749,乙,亥,木,水,9,36,2025-09
2025-09-04,12118.702,乙巳,甲申,丙子,-0.028326903594813935,丙,子,火,水,9,36,2025-09
2025-09-05,12590.562,乙巳,甲申,丁丑,0.03893651316782942,丁,丑,火,土,9,36,2025-09
2025-09-08,12666.842,乙巳,乙酉,庚辰,0.006058506363735061,庚,辰,金,土,9,37,2025-09
2025-09-09,12510.597,乙巳,乙酉,辛巳,-0.012334960837121156,辛,巳,金,火,9,37,2025-09
2025-09-10,12557.68,乙巳,乙酉,壬午,0.003763449498053628,壬,午,水,火,9,37,2025-09
2025-09-11,12979.892,乙巳,乙酉,癸未,0.033621815494581764,癸,未,水,土,9,37,2025-09
2025-09-12,12924.135,乙巳,乙酉,甲申,-0.004295644370538643,甲,申,木,金,9,37,2025-09
2025-09-15,13005.774,乙巳,乙酉,丁亥,0.006316786384543249,丁,亥,火,水,9,38,2025-09
2025-09-16,13063.974,乙巳,乙酉,戊子,0.0044749355171018745,戊,子,土,水,9,38,2025-09
2025-09-17,13215.457,乙巳,乙酉,己丑,0.011595476231045732,己,丑,土,土,9,38,2025-09
2025-09-18,13075.658,乙巳,乙酉,庚寅,-0.010578446133190922,庚,寅,金,木,9,38,2025-09
2025-09-19,13070.863,乙巳,乙酉,辛卯,-0.00036671194673343344,辛,卯,金,木,9,38,2025-09
2025-09-22,13157.974,乙巳,乙酉,甲午,0.006664517866953545,甲,午,木,火,9,39,2025-09
2025-09-23,13119.817,乙巳,乙酉,乙未,-0.002899914530914982,乙,未,木,土,9,39,2025-09
2025-09-24,13356.143,乙巳,乙酉,丙申,0.01801290368608055,丙,申,火,金,9,39,2025-09
2025-09-25,13445.896,乙巳,乙酉,丁酉,0.006719978963986906,丁,酉,火,金,9,39,2025-09
2025-09-26,13208.996,乙巳,乙酉,戊戌,-0.01761875891350051,戊,戌,土,土,9,39,2025-09
2025-09-29,13479.428,乙巳,乙酉,辛丑,0.02047331984959344,辛,丑,金,土,9,40,2025-09
2025-09-30,13526.509,乙巳,乙酉,壬寅,0.0034928039973209923,壬,寅,水,木,9,40,2025-09
2025-10-09,13725.557,乙巳,丙戌,辛亥,0.01471540069947097,辛,亥,金,水,10,41,2025-10
2025-10-10,13355.419,乙巳,丙戌,壬子,-0.026967065890295072,壬,子,水,水,10,41,2025-10
2025-10-13,13231.466,乙巳,丙戌,乙卯,-0.009281101551362747,乙,卯,木,木,10,42,2025-10
2025-10-14,12895.107,乙巳,丙戌,丙辰,-0.02542114380976379,丙,辰,火,土,10,42,2025-10
2025-10-15,13118.754,乙巳,丙戌,丁巳,0.01734355519500541,丁,巳,火,火,10,42,2025-10
2025-10-16,13086.409,乙巳,丙戌,戊午,-0.0024655542744380643,戊,午,土,火,10,42,2025-10
2025-10-17,12688.936,乙巳,丙戌,己未,-0.03037296174985815,己,未,土,土,10,42,2025-10
2025-10-20,12813.208,乙巳,丙戌,壬戌,0.009793728961987158,壬,戌,水,土,10,43,2025-10
2025-10-21,13077.316,乙巳,丙戌,癸亥,0.02061216831881607,癸,亥,水,水,10,43,2025-10
2025-10-22,12996.608,乙巳,丙戌,甲子,-0.006171602796781861,甲,子,木,水,10,43,2025-10
2025-10-23,13025.446,乙巳,丙戌,乙丑,0.002218886651039975,乙,丑,木,土,10,43,2025-10
2025-10-24,13289.185,乙巳,丙戌,丙寅,0.02024798229557745,丙,寅,火,木,10,43,2025-10
2025-10-27,13489.403,乙巳,丙戌,己巳,0.01506623619130898,己,巳,土,火,10,44,2025-10
2025-10-28,13430.104,乙巳,丙戌,庚午,-0.004395969191520299,庚,午,金,火,10,44,2025-10
2025-10-29,13691.383,乙巳,丙戌,辛未,0.01945472648610913,辛,未,金,土,10,44,2025-10
2025-10-30,13532.126,乙巳,丙戌,壬申,-0.011631914759816397,壬,申,水,金,10,44,2025-10
2025-10-31,13378.212,乙巳,丙戌,癸酉,-0.011373970357651197,癸,酉,水,金,10,44,2025-10
2025-11-03,13404.063,乙巳,丙戌,丙子,0.0019323210007435865,丙,子,火,水,11,45,2025-11
2025-11-04,13175.221,乙巳,丙戌,丁丑,-0.01707258463348016,丁,丑,火,土,11,45,2025-11
2025-11-05,13223.56,乙巳,丙戌,戊寅,0.003668932764012034,戊,寅,土,木,11,45,2025-11
2025-11-06,13452.417,乙巳,丙戌,己卯,0.01730676156798916,己,卯,土,木,11,45,2025-11
2025-11-07,13404.056,乙巳,丁亥,庚辰,-0.003594967357910428,庚,辰,金,土,11,45,2025-11
2025-11-10,13427.612,乙巳,丁亥,癸未,0.0017573785128919273,癸,未,水,土,11,46,2025-11
2025-11-11,13289.005,乙巳,丁亥,甲申,-0.010322535384549414,甲,申,木,金,11,46,2025-11
2025-11-12,13240.616,乙巳,丁亥,乙酉,-0.003641280893490473,乙,酉,木,金,11,46,2025-11
2025-11-13,13476.521,乙巳,丁亥,丙戌,0.017816769250010855,丙,戌,火,土,11,46,2025-11
2025-11-14,13216.031,乙巳,丁亥,丁亥,-0.01932917256612443,丁,亥,火,水,11,46,2025-11
2025-11-17,13202.005,乙巳,丁亥,庚寅,-0.0010612868568484757,庚,寅,金,木,11,47,2025-11
2025-11-18,13080.488,乙巳,丁亥,辛卯,-0.009204435235405484,辛,卯,金,木,11,47,2025-11
2025-11-19,13080.086,乙巳,丁亥,壬辰,-3.073279834819864e-05,壬,辰,水,土,11,47,2025-11
2025-11-20,12980.818,乙巳,丁亥,癸巳,-0.0075892467373684935,癸,巳,水,火,11,47,2025-11
2025-11-21,12538.071,乙巳,丁亥,甲午,-0.03410778889281085,甲,午,木,火,11,47,2025-11
2025-11-24,12585.084,乙巳,丁亥,丁酉,0.003749619857791542,丁,酉,火,金,11,48,2025-11
2025-11-25,12777.313,乙巳,丁亥,戊戌,0.01527435176435854,戊,戌,土,土,11,48,2025-11
2025-11-26,12907.834,乙巳,丁亥,己亥,0.010215058518172171,己,亥,土,水,11,48,2025-11
2025-11-27,12875.195,乙巳,丁亥,庚子,-0.0025286194414958496,庚,子,金,水,11,48,2025-11
2025-11-28,12984.081,乙巳,丁亥,辛丑,0.008457036961381892,辛,丑,金,土,11,48,2025-11
2025-12-01,13146.716,乙巳,丁亥,甲辰,0.012525722844766607,甲,辰,木,土,12,49,2025-12
2025-12-02,13056.701,乙巳,丁亥,乙巳,-0.006846957065171355,乙,巳,木,火,12,49,2025-12
2025-12-03,12955.253,乙巳,丁亥,丙午,-0.007769803413588017,丙,午,火,火,12,49,2025-12
2025-12-04,13006.717,乙巳,丁亥,丁未,0.003972442684060384,丁,未,火,土,12,49,2025-12
2025-12-05,13147.677,乙巳,丁亥,戊申,0.010837477281930408,戊,申,土,金,12,49,2025-12
2025-12-08,13329.99,乙巳,戊子,辛亥,0.013866556046364664,辛,亥,金,水,12,50,2025-12
2025-12-09,13277.362,乙巳,戊子,壬子,-0.003948089983563441,壬,子,水,水,12,50,2025-12
2025-12-10,13316.424,乙巳,戊子,癸丑,0.0029420000750151054,癸,丑,水,土,12,50,2025-12
2025-12-11,13147.387,乙巳,戊子,甲寅,-0.012693873370208109,甲,寅,木,木,12,50,2025-12
2025-12-12,13258.328,乙巳,戊子,乙卯,0.008438254688935443,乙,卯,木,木,12,50,2025-12
2025-12-15,13112.089,乙巳,戊子,戊午,-0.01102997301017139,戊,午,土,火,12,51,2025-12
2025-12-16,12914.668,乙巳,戊子,己未,-0.015056410919724539,己,未,土,土,12,51,2025-12
2025-12-17,13224.514,乙巳,戊子,庚申,0.023991789800558605,庚,申,金,金,12,51,2025-12
2025-12-18,13053.975,乙巳,戊子,辛酉,-0.01289567238538969,辛,酉,金,金,12,51,2025-12
2025-12-19,13140.215,乙巳,戊子,壬戌,0.006606416819397998,壬,戌,水,土,12,51,2025-12
2025-12-22,13332.731,乙巳,戊子,乙丑,0.014650901830753904,乙,丑,木,土,12,52,2025-12
2025-12-23,13368.989,乙巳,戊子,丙寅,0.002719472852185989,丙,寅,火,木,12,52,2025-12
2025-12-24,13486.419,乙巳,戊子,丁卯,0.008783760686765563,丁,卯,火,木,12,52,2025-12
2025-12-25,13531.411,乙巳,戊子,戊辰,0.0033360968541760183,戊,辰,土,土,12,52,2025-12
2025-12-26,13603.894,乙巳,戊子,己巳,0.00535664758095078,己,巳,土,火,12,52,2025-12
2025-12-29,13537.097,乙巳,戊子,壬申,-0.00491013822953934,壬,申,水,金,12,1,2025-12
2025-12-30,13604.067,乙巳,戊子,癸酉,0.00494714634902893,癸,酉,水,金,12,1,2025-12
2025-12-31,13525.022,乙巳,戊子,甲戌,-0.005810394788558271,甲,戌,木,土,12,1,2025-12
2026-01-05,13828.63,乙巳,己丑,己卯,0.022447874761312603,己,卯,土,木,1,2,2026-01
2026-01-06,14022.552,乙巳,己丑,庚辰,0.014023225728072797,庚,辰,金,土,1,2,2026-01
2026-01-07,14030.559,乙巳,己丑,辛巳,0.0005710087578922884,辛,巳,金,火,1,2,2026-01
2026-01-08,13959.482,乙巳,己丑,壬午,-0.005065870860882948,壬,午,水,火,1,2,2026-01
2026-01-09,14120.151,乙巳,己丑,癸未,0.011509667765609022,癸,未,水,土,1,2,2026-01
2026-01-12,14366.908,乙巳,己丑,丙戌,0.017475521331181243,丙,戌,火,土,1,3,2026-01
2026-01-13,14169.397,乙巳,己丑,丁亥,-0.013747634494492345,丁,亥,火,水,1,3,2026-01
2026-01-14,14248.599,乙巳,己丑,戊子,0.005589652121399391,戊,子,土,水,1,3,2026-01
2026-01-15,14306.726,乙巳,己丑,己丑,0.004079488797460007,己,丑,土,土,1,3,2026-01
2026-01-16,14281.08,乙巳,己丑,庚寅,-0.0017925834324359347,庚,寅,金,木,1,3,2026-01
2026-01-19,14294.053,乙巳,己丑,癸巳,0.0009084046864802353,癸,巳,水,火,1,4,2026-01
2026-01-20,14155.628,乙巳,己丑,甲午,-0.009684097295567518,甲,午,木,火,1,4,2026-01
2026-01-21,14255.125,乙巳,己丑,乙未,0.007028794483720402,乙,未,木,土,1,4,2026-01
2026-01-22,14327.045,乙巳,己丑,丙申,0.005045203041011526,丙,申,火,金,1,4,2026-01
2026-01-23,14439.658,乙巳,己丑,丁酉,0.007860169351042057,丁,酉,火,金,1,4,2026-01
2026-01-26,14316.637,乙巳,己丑,庚子,-0.008519661615254193,庚,子,金,水,1,5,2026-01
2026-01-27,14329.906,乙巳,己丑,辛丑,0.0009268238064568113,辛,丑,金,土,1,5,2026-01
2026-01-28,14342.895,乙巳,己丑,壬寅,0.0009064260435482918,壬,寅,水,木,1,5,2026-01
2026-01-29,14300.076,乙巳,己丑,癸卯,-0.0029853805664756816,癸,卯,水,木,1,5,2026-01
2026-01-30,14205.893,乙巳,己丑,甲辰,-0.0065861887727030055,甲,辰,木,土,1,5,2026-01
2026-02-02,13824.352,乙巳,己丑,丁未,-0.026857938462580222,丁,未,火,土,2,6,2026-02
2026-02-03,14127.105,乙巳,己丑,戊申,0.021899977662605652,戊,申,土,金,2,6,2026-02
2026-02-04,14156.273,丙午,庚寅,己酉,0.0020646834577926487,己,酉,土,金,2,6,2026-02
2026-02-05,13952.712,丙午,庚寅,庚戌,-0.014379561626142734,庚,戌,金,土,2,6,2026-02
2026-02-06,13906.734,丙午,庚寅,辛亥,-0.0032952733490090313,辛,亥,金,水,2,6,2026-02
2026-02-09,14208.436,丙午,庚寅,甲寅,0.021694669647093212,甲,寅,木,木,2,7,2026-02
2026-02-10,14210.626,丙午,庚寅,乙卯,0.00015413378361994745,乙,卯,木,木,2,7,2026-02
2026-02-11,14160.934,丙午,庚寅,丙辰,-0.003496819914900362,丙,辰,火,土,2,7,2026-02
2026-02-12,14282.998,丙午,庚寅,丁巳,0.008619770419098005,丁,巳,火,火,2,7,2026-02
2026-02-13,14100.189,丙午,庚寅,戊午,-0.012799063613955552,戊,午,土,火,2,7,2026-02
2026-02-24,14291.565,丙午,庚寅,己巳,0.013572584027065293,己,巳,土,火,2,9,2026-02
2026-02-25,14475.865,丙午,庚寅,庚午,0.012895718558464386,庚,午,金,火,2,9,2026-02
2026-02-26,14503.786,丙午,庚寅,辛未,0.0019287966556749137,辛,未,金,土,2,9,2026-02
2026-02-27,14495.093,丙午,庚寅,壬申,-0.0005993607462216888,壬,申,水,金,2,9,2026-02
2026-03-02,14465.788,丙午,庚寅,乙亥,-0.002021718660239036,乙,亥,木,水,3,10,2026-03
2026-03-03,14022.392,丙午,庚寅,丙子,-0.030651354768921002,丙,子,火,水,3,10,2026-03
2026-03-04,13917.752,丙午,庚寅,丁丑,-0.007462350218136793,丁,丑,火,土,3,10,2026-03
2026-03-05,14088.839,丙午,辛卯,戊寅,0.01229271796192366,戊,寅,土,木,3,10,2026-03
2026-03-06,14172.627,丙午,辛卯,己卯,0.005947118850602173,己,卯,土,木,3,10,2026-03
2026-03-09,14067.503,丙午,辛卯,壬午,-0.007417396930011644,壬,午,水,火,3,11,2026-03
2026-03-10,14354.073,丙午,辛卯,癸未,0.020371063720405758,癸,未,水,土,3,11,2026-03
2026-03-11,14465.41,丙午,辛卯,甲申,0.007756474416703796,甲,申,木,金,3,11,2026-03
2026-03-12,14374.871,丙午,辛卯,乙酉,-0.00625899991773482,乙,酉,木,金,3,11,2026-03
2026-03-13,14280.78,丙午,辛卯,丙戌,-0.0065455196084889256,丙,戌,火,土,3,11,2026-03
2026-03-16,14307.577,丙午,辛卯,己丑,0.0018764381217271087,己,丑,土,土,3,12,2026-03
2026-03-17,14039.73,丙午,辛卯,庚寅,-0.018720640119567422,庚,寅,金,木,3,12,2026-03
2026-03-18,14187.796,丙午,辛卯,辛卯,0.010546214207823201,辛,卯,金,木,3,12,2026-03
2026-03-19,13901.567,丙午,辛卯,壬辰,-0.02017431037209738,壬,辰,水,土,3,12,2026-03
2026-03-20,13866.202,丙午,辛卯,癸巳,-0.0025439578142520958,癸,巳,水,火,3,12,2026-03
2026-03-23,13345.514,丙午,辛卯,丙申,-0.03755087369995047,丙,申,火,金,3,13,2026-03
2026-03-24,13536.556,丙午,辛卯,丁酉,0.014315072465549195,丁,酉,火,金,3,13,2026-03
2026-03-25,13801.001,丙午,辛卯,戊戌,0.01953561895654987,戊,戌,土,土,3,13,2026-03
2026-03-26,13606.443,丙午,辛卯,己亥,-0.014097383226042925,己,亥,土,水,3,13,2026-03
2026-03-27,13760.369,丙午,辛卯,庚子,0.011312728830010998,庚,子,金,水,3,13,2026-03
2026-03-30,13726.19,丙午,辛卯,癸卯,-0.0024838723438302956,癸,卯,水,木,3,14,2026-03
2026-03-31,13478.056,丙午,辛卯,甲辰,-0.01807741259592066,甲,辰,木,土,3,14,2026-03
2026-04-01,13706.52,丙午,辛卯,乙巳,0.016950812491059564,乙,巳,木,火,4,14,2026-04
2026-04-02,13486.937,丙午,辛卯,丙午,-0.016020331929621823,丙,午,火,火,4,14,2026-04
2026-04-03,13352.904,丙午,辛卯,丁未,-0.009937986660722098,丁,未,火,土,4,14,2026-04
2026-04-07,13400.412,丙午,壬辰,辛亥,0.003557877747042859,辛,亥,金,水,4,15,2026-04
2026-04-08,14042.496,丙午,壬辰,壬子,0.04791524320297014,壬,子,水,水,4,15,2026-04
2026-04-09,13996.266,丙午,壬辰,癸丑,-0.0032921497716644765,癸,丑,水,土,4,15,2026-04
2026-04-10,14309.472,丙午,壬辰,甲寅,0.02237782562863555,甲,寅,木,木,4,15,2026-04
2026-04-13,14407.864,丙午,壬辰,丁巳,0.00687600492876328,丁,巳,火,火,4,16,2026-04
2026-04-14,14639.952,丙午,壬辰,戊午,0.016108425232220336,戊,午,土,火,4,16,2026-04
2026-04-15,14498.455,丙午,壬辰,己未,-0.009665127317357247,己,未,土,土,4,16,2026-04
2026-04-16,14796.335,丙午,壬辰,庚申,0.020545637448955656,庚,申,金,金,4,16,2026-04
2026-04-17,14885.416,丙午,壬辰,辛酉,0.006020477368213095,辛,酉,金,金,4,16,2026-04
2026-04-20,14966.747,丙午,壬辰,甲子,0.005463804303487363,甲,子,木,水,4,17,2026-04
2026-04-21,14982.14,丙午,壬辰,乙丑,0.0010284800030360142,乙,丑,木,土,4,17,2026-04
2026-04-22,15177.286,丙午,壬辰,丙寅,0.01302524205487332,丙,寅,火,木,4,17,2026-04
2026-04-23,15043.449,丙午,壬辰,丁卯,-0.00881824326167402,丁,卯,火,木,4,17,2026-04
2026-04-24,14940.301,丙午,壬辰,戊辰,-0.006856672296359778,戊,辰,土,土,4,17,2026-04
2026-04-27,14995.748,丙午,壬辰,辛未,0.0037112371430803037,辛,未,金,土,4,18,2026-04
2026-04-28,14830.455,丙午,壬辰,壬申,-0.011022657889423026,壬,申,水,金,4,18,2026-04
2026-04-29,15120.923,丙午,壬辰,癸酉,0.019585912906920244,癸,酉,水,金,4,18,2026-04
2026-04-30,15107.553,丙午,壬辰,甲戌,-0.0008842052829711733,甲,戌,木,土,4,18,2026-04
2026-05-06,15459.616,丙午,癸巳,庚辰,0.0233037739467139,庚,辰,金,土,5,19,2026-05
2026-05-07,15641.886,丙午,癸巳,辛巳,0.01179007292289791,辛,巳,金,火,5,19,2026-05
2026-05-08,15563.797,丙午,癸巳,壬午,-0.004992300800555682,壬,午,水,火,5,19,2026-05
2026-05-11,15899.302,丙午,癸巳,乙酉,0.02155675764725018,乙,酉,木,金,5,20,2026-05
2026-05-12,15824.921,丙午,癸巳,丙戌,-0.0046782556869476855,丙,戌,火,土,5,20,2026-05
2026-05-13,16089.749,丙午,癸巳,丁亥,0.01673487027202225,丁,亥,火,水,5,20,2026-05
