交易日期,收盘价,年干支,月干支,日干支,收益率,天干,地支,五行_干,五行_支,月,周,年月
2020-01-03,1024.482,己亥,丙子,乙巳,0.004666953672713081,乙,巳,木,火,1,1,2020-01
2020-01-06,1027.277,己亥,丁丑,戊申,0.002728208011463451,戊,申,土,金,1,2,2020-01
2020-01-07,1043.083,己亥,丁丑,己酉,0.01538630768526894,己,酉,土,金,1,2,2020-01
2020-01-08,1051.16,己亥,丁丑,庚戌,0.0077433914654923,庚,戌,金,土,1,2,2020-01
2020-01-09,1078.312,己亥,丁丑,辛亥,0.025830511054453886,辛,亥,金,水,1,2,2020-01
2020-01-10,1076.438,己亥,丁丑,壬子,-0.0017379014608015497,壬,子,水,水,1,2,2020-01
2020-01-13,1105.848,己亥,丁丑,乙卯,0.027321592140002293,乙,卯,木,木,1,3,2020-01
2020-01-14,1118.306,己亥,丁丑,丙辰,0.011265562717480249,丙,辰,火,土,1,3,2020-01
2020-01-15,1114.766,己亥,丁丑,丁巳,-0.003165502107652096,丁,巳,火,火,1,3,2020-01
2020-01-16,1154.303,己亥,丁丑,戊午,0.03546663604738587,戊,午,土,火,1,3,2020-01
2020-01-17,1238.664,己亥,丁丑,己未,0.0730839303025288,己,未,土,土,1,3,2020-01
2020-01-20,1240.509,己亥,丁丑,壬戌,0.0014895080506094338,壬,戌,水,土,1,4,2020-01
2020-01-21,1195.014,己亥,丁丑,癸亥,-0.036674461853964835,癸,亥,水,水,1,4,2020-01
2020-01-22,1244.525,己亥,丁丑,甲子,0.041431313775403655,甲,子,木,水,1,4,2020-01
2020-01-23,1202.102,己亥,丁丑,乙丑,-0.03408770414415141,乙,丑,木,土,1,4,2020-01
2020-02-03,1030.55,己亥,丁丑,丙子,-0.14271001961564,丙,子,火,水,2,6,2020-02
2020-02-04,1153.232,庚子,戊寅,丁丑,0.11904517005482518,丁,丑,火,土,2,6,2020-02
2020-02-05,1203.613,庚子,戊寅,戊寅,0.04368678635348311,戊,寅,土,木,2,6,2020-02
2020-02-06,1238.757,庚子,戊寅,己卯,0.02919875408457706,己,卯,土,木,2,6,2020-02
2020-02-07,1307.757,庚子,戊寅,庚辰,0.055700997047847256,庚,辰,金,土,2,6,2020-02
2020-02-10,1322.25,庚子,戊寅,癸未,0.011082334103353908,癸,未,水,土,2,7,2020-02
2020-02-11,1283.572,庚子,戊寅,甲申,-0.02925165437700894,甲,申,木,金,2,7,2020-02
2020-02-12,1348.702,庚子,戊寅,乙酉,0.050741212803021574,乙,酉,木,金,2,7,2020-02
2020-02-13,1360.709,庚子,戊寅,丙戌,0.008902633791601167,丙,戌,火,土,2,7,2020-02
2020-02-14,1327.224,庚子,戊寅,丁亥,-0.024608494542183612,丁,亥,火,水,2,7,2020-02
2020-02-17,1381.553,庚子,戊寅,庚寅,0.040934311013062,庚,寅,金,木,2,8,2020-02
2020-02-18,1399.384,庚子,戊寅,辛卯,0.012906490015222039,辛,卯,金,木,2,8,2020-02
2020-02-19,1373.444,庚子,戊寅,壬辰,-0.0185367275887105,壬,辰,水,土,2,8,2020-02
2020-02-20,1348.338,庚子,戊寅,癸巳,-0.018279594945261657,癸,巳,水,火,2,8,2020-02
2020-02-21,1346.863,庚子,戊寅,甲午,-0.0010939393534854513,甲,午,木,火,2,8,2020-02
2020-02-24,1351.71,庚子,戊寅,丁酉,0.003598732759011014,丁,酉,火,金,2,9,2020-02
2020-02-25,1367.368,庚子,戊寅,戊戌,0.011583845647365143,戊,戌,土,土,2,9,2020-02
2020-02-26,1288.242,庚子,戊寅,己亥,-0.05786737732636715,己,亥,土,水,2,9,2020-02
2020-02-27,1264.941,庚子,戊寅,庚子,-0.018087440092777518,庚,子,金,水,2,9,2020-02
2020-02-28,1191.055,庚子,戊寅,辛丑,-0.05841062942856623,辛,丑,金,土,2,9,2020-02
2020-03-02,1252.624,庚子,戊寅,甲辰,0.05169282694753807,甲,辰,木,土,3,10,2020-03
2020-03-03,1285.034,庚子,戊寅,乙巳,0.025873685958436088,乙,巳,木,火,3,10,2020-03
2020-03-04,1255.723,庚子,戊寅,丙午,-0.02280951321132374,丙,午,火,火,3,10,2020-03
2020-03-05,1264.788,庚子,己卯,丁未,0.007218948764974531,丁,未,火,土,3,10,2020-03
2020-03-06,1243.373,庚子,己卯,戊申,-0.016931691319019393,戊,申,土,金,3,10,2020-03
2020-03-09,1171.859,庚子,己卯,辛亥,-0.05751612750156243,辛,亥,金,水,3,11,2020-03
2020-03-10,1216.328,庚子,己卯,壬子,0.03794739810847547,壬,子,水,水,3,11,2020-03
2020-03-11,1184.71,庚子,己卯,癸丑,-0.025994633026617753,癸,丑,水,土,3,11,2020-03
2020-03-12,1167.065,庚子,己卯,甲寅,-0.01489394028918467,甲,寅,木,木,3,11,2020-03
2020-03-13,1175.282,庚子,己卯,乙卯,0.007040738947702074,乙,卯,木,木,3,11,2020-03
2020-03-16,1115.084,庚子,己卯,戊午,-0.05122004761410437,戊,午,土,火,3,12,2020-03
2020-03-17,1131.547,庚子,己卯,己未,0.014763910162821858,己,未,土,土,3,12,2020-03
2020-03-18,1115.019,庚子,己卯,庚申,-0.014606551915209876,庚,申,金,金,3,12,2020-03
2020-03-19,1128.973,庚子,己卯,辛酉,0.012514584953260854,辛,酉,金,金,3,12,2020-03
2020-03-20,1127.369,庚子,己卯,壬戌,-0.0014207602839040323,壬,戌,水,土,3,12,2020-03
2020-03-23,1039.884,庚子,己卯,乙丑,-0.07760103391170048,乙,丑,木,土,3,13,2020-03
2020-03-24,1060.843,庚子,己卯,丙寅,0.02015513268787683,丙,寅,火,木,3,13,2020-03
2020-03-25,1101.319,庚子,己卯,丁卯,0.038154561985138225,丁,卯,火,木,3,13,2020-03
2020-03-26,1095.338,庚子,己卯,戊辰,-0.0054307607514262335,戊,辰,土,土,3,13,2020-03
2020-03-27,1084.505,庚子,己卯,己巳,-0.009890097851074198,己,巳,土,火,3,13,2020-03
2020-03-30,1035.827,庚子,己卯,壬申,-0.04488499361459841,壬,申,水,金,3,14,2020-03
2020-03-31,1029.749,庚子,己卯,癸酉,-0.005867775217290094,癸,酉,水,金,3,14,2020-03
2020-04-01,1037.927,庚子,己卯,甲戌,0.007941741142744485,甲,戌,木,土,4,14,2020-04
2020-04-02,1094.826,庚子,己卯,乙亥,0.054819847638610586,乙,亥,木,水,4,14,2020-04
2020-04-03,1080.53,庚子,己卯,丙子,-0.01305778269788993,丙,子,火,水,4,14,2020-04
2020-04-07,1111.654,庚子,庚辰,庚辰,0.0288043830342517,庚,辰,金,土,4,15,2020-04
2020-04-08,1104.145,庚子,庚辰,辛巳,-0.006754799604913098,辛,巳,金,火,4,15,2020-04
2020-04-09,1101.281,庚子,庚辰,壬午,-0.0025938622191832295,壬,午,水,火,4,15,2020-04
2020-04-10,1058.44,庚子,庚辰,癸未,-0.038901061581921303,癸,未,水,土,4,15,2020-04
2020-04-13,1042.145,庚子,庚辰,丙戌,-0.015395298741544217,丙,戌,火,土,4,16,2020-04
2020-04-14,1073.217,庚子,庚辰,丁亥,0.02981542875511578,丁,亥,火,水,4,16,2020-04
2020-04-15,1088.203,庚子,庚辰,戊子,0.013963625250065892,戊,子,土,水,4,16,2020-04
2020-04-16,1091.933,庚子,庚辰,己丑,0.0034276692859696034,己,丑,土,土,4,16,2020-04
2020-04-17,1117.07,庚子,庚辰,庚寅,0.023020643207962266,庚,寅,金,木,4,16,2020-04
2020-04-20,1133.361,庚子,庚辰,癸巳,0.01458368768295637,癸,巳,水,火,4,17,2020-04
2020-04-21,1119.229,庚子,庚辰,甲午,-0.012469107371790633,甲,午,木,火,4,17,2020-04
2020-04-22,1135.849,庚子,庚辰,乙未,0.014849508009531442,乙,未,木,土,4,17,2020-04
2020-04-23,1149.716,庚子,庚辰,丙申,0.01220848898048943,丙,申,火,金,4,17,2020-04
2020-04-24,1144.153,庚子,庚辰,丁酉,-0.004838586224771957,丁,酉,火,金,4,17,2020-04
2020-04-27,1138.1,庚子,庚辰,庚子,-0.005290376374488481,庚,子,金,水,4,18,2020-04
2020-04-28,1113.513,庚子,庚辰,辛丑,-0.021603549775942366,辛,丑,金,土,4,18,2020-04
2020-04-29,1102.698,庚子,庚辰,壬寅,-0.009712504479067463,壬,寅,水,木,4,18,2020-04
2020-04-30,1166.348,庚子,庚辰,癸卯,0.05772205989309853,癸,卯,水,木,4,18,2020-04
2020-05-06,1247.513,庚子,辛巳,己酉,0.0695890077404,己,酉,土,金,5,19,2020-05
2020-05-07,1224.105,庚子,辛巳,庚戌,-0.018763732321827375,庚,戌,金,土,5,19,2020-05
2020-05-08,1240.246,庚子,辛巳,辛亥,0.013185960354708204,辛,亥,金,水,5,19,2020-05
2020-05-11,1226.061,庚子,辛巳,甲寅,-0.011437247126779848,甲,寅,木,木,5,20,2020-05
2020-05-12,1233.592,庚子,辛巳,乙卯,0.006142435001194935,乙,卯,木,木,5,20,2020-05
2020-05-13,1247.034,庚子,辛巳,丙辰,0.01089663357090509,丙,辰,火,土,5,20,2020-05
2020-05-14,1242.169,庚子,辛巳,丁巳,-0.0039012569023779697,丁,巳,火,火,5,20,2020-05
2020-05-15,1270.481,庚子,辛巳,戊午,0.02279238976338971,戊,午,土,火,5,20,2020-05
2020-05-18,1254.299,庚子,辛巳,辛酉,-0.012736908304807448,辛,酉,金,金,5,21,2020-05
2020-05-19,1324.418,庚子,辛巳,壬戌,0.05590293861352036,壬,戌,水,土,5,21,2020-05
2020-05-20,1306.998,庚子,辛巳,癸亥,-0.013152947181327868,癸,亥,水,水,5,21,2020-05
2020-05-21,1251.931,庚子,辛巳,甲子,-0.04213242866477229,甲,子,木,水,5,21,2020-05
2020-05-22,1230.659,庚子,辛巳,乙丑,-0.016991351759801376,乙,丑,木,土,5,21,2020-05
2020-05-25,1212.087,庚子,辛巳,戊辰,-0.015091101596786838,戊,辰,土,土,5,22,2020-05
2020-05-26,1272.661,庚子,辛巳,己巳,0.04997496054326134,己,巳,土,火,5,22,2020-05
2020-05-27,1253.272,庚子,辛巳,庚午,-0.015235007594324168,庚,午,金,火,5,22,2020-05
2020-05-28,1232.22,庚子,辛巳,辛未,-0.01679763052234462,辛,未,金,土,5,22,2020-05
2020-05-29,1246.111,庚子,辛巳,壬申,0.011273149275291772,壬,申,水,金,5,22,2020-05
2020-06-01,1300.741,庚子,辛巳,乙亥,0.043840396240784285,乙,亥,木,水,6,23,2020-06
2020-06-02,1305.637,庚子,辛巳,丙子,0.003764008361387905,丙,子,火,水,6,23,2020-06
2020-06-03,1294.28,庚子,辛巳,丁丑,-0.008698436089050743,丁,丑,火,土,6,23,2020-06
2020-06-04,1299.803,庚子,辛巳,戊寅,0.004267237382946654,戊,寅,土,木,6,23,2020-06
2020-06-05,1297.306,庚子,壬午,己卯,-0.0019210603452984865,己,卯,土,木,6,23,2020-06
2020-06-08,1280.053,庚子,壬午,壬午,-0.013299098285215583,壬,午,水,火,6,24,2020-06
2020-06-09,1278.507,庚子,壬午,癸未,-0.001207762491084341,癸,未,水,土,6,24,2020-06
2020-06-10,1269.978,庚子,壬午,甲申,-0.006671062418899587,甲,申,木,金,6,24,2020-06
2020-06-11,1273.59,庚子,壬午,乙酉,0.0028441437568209604,乙,酉,木,金,6,24,2020-06
2020-06-12,1262.29,庚子,壬午,丙戌,-0.00887255710236412,丙,戌,火,土,6,24,2020-06
2020-06-15,1249.909,庚子,壬午,己丑,-0.009808364163543914,己,丑,土,土,6,25,2020-06
2020-06-16,1289.135,庚子,壬午,庚寅,0.03138308468856521,庚,寅,金,木,6,25,2020-06
2020-06-17,1291.117,庚子,壬午,辛卯,0.0015374650443902294,辛,卯,金,木,6,25,2020-06
2020-06-18,1302.371,庚子,壬午,壬辰,0.008716483479034087,壬,辰,水,土,6,25,2020-06
2020-06-19,1325.147,庚子,壬午,癸巳,0.01748810438807369,癸,巳,水,火,6,25,2020-06
2020-06-22,1371.207,庚子,壬午,丙申,0.03475840793511975,丙,申,火,金,6,26,2020-06
2020-06-23,1407.193,庚子,壬午,丁酉,0.026244031718041017,丁,酉,火,金,6,26,2020-06
2020-06-24,1424.277,庚子,壬午,戊戌,0.012140481085394894,戊,戌,土,土,6,26,2020-06
2020-06-29,1401.644,庚子,壬午,癸卯,-0.01589086954293306,癸,卯,水,木,6,27,2020-06
2020-06-30,1447.886,庚子,壬午,甲辰,0.032991258836052584,甲,辰,木,土,6,27,2020-06
2020-07-01,1439.878,庚子,壬午,乙巳,-0.00553082217798917,乙,巳,木,火,7,27,2020-07
2020-07-02,1437.052,庚子,壬午,丙午,-0.0019626662814488105,丙,午,火,火,7,27,2020-07
2020-07-03,1438.585,庚子,壬午,丁未,0.0010667672429391928,丁,未,火,土,7,27,2020-07
2020-07-06,1538.402,庚子,癸未,庚戌,0.06938554204304914,庚,戌,金,土,7,28,2020-07
2020-07-07,1572.189,庚子,癸未,辛亥,0.02196239994487792,辛,亥,金,水,7,28,2020-07
2020-07-08,1599.905,庚子,癸未,壬子,0.0176289237489895,壬,子,水,水,7,28,2020-07
2020-07-09,1666.85,庚子,癸未,癸丑,0.04184310943462255,癸,丑,水,土,7,28,2020-07
2020-07-10,1654.827,庚子,癸未,甲寅,-0.007213006569277369,甲,寅,木,木,7,28,2020-07
2020-07-13,1721.976,庚子,癸未,丁巳,0.04057765554949255,丁,巳,火,火,7,29,2020-07
2020-07-14,1701.583,庚子,癸未,戊午,-0.011842789911125418,戊,午,土,火,7,29,2020-07
2020-07-15,1612.035,庚子,癸未,己未,-0.05262628975489292,己,未,土,土,7,29,2020-07
2020-07-16,1469.798,庚子,癸未,庚申,-0.0882344365972203,庚,申,金,金,7,29,2020-07
2020-07-17,1443.397,庚子,癸未,辛酉,-0.017962332238851908,辛,酉,金,金,7,29,2020-07
2020-07-20,1459.034,庚子,癸未,甲子,0.010833471318008936,甲,子,木,水,7,30,2020-07
2020-07-21,1490.171,庚子,癸未,乙丑,0.02134083235894435,乙,丑,木,土,7,30,2020-07
2020-07-22,1497.231,庚子,癸未,丙寅,0.0047377113096416235,丙,寅,火,木,7,30,2020-07
2020-07-23,1494.139,庚子,癸未,丁卯,-0.0020651455920963624,丁,卯,火,木,7,30,2020-07
2020-07-24,1389.305,庚子,癸未,戊辰,-0.07016348545884943,戊,辰,土,土,7,30,2020-07
2020-07-27,1374.519,庚子,癸未,辛未,-0.010642731437661368,辛,未,金,土,7,31,2020-07
2020-07-28,1400.535,庚子,癸未,壬申,0.018927348403332322,壬,申,水,金,7,31,2020-07
2020-07-29,1476.925,庚子,癸未,癸酉,0.054543442327396274,癸,酉,水,金,7,31,2020-07
2020-07-30,1472.792,庚子,癸未,甲戌,-0.0027983817729404503,甲,戌,木,土,7,31,2020-07
2020-07-31,1512.977,庚子,癸未,乙亥,0.027284911922389687,乙,亥,木,水,7,31,2020-07
2020-08-03,1622.813,庚子,癸未,戊寅,0.07259594825301385,戊,寅,土,木,8,32,2020-08
2020-08-04,1566.055,庚子,癸未,己卯,-0.03497507106487319,己,卯,土,木,8,32,2020-08
2020-08-05,1588.622,庚子,癸未,庚辰,0.01441009415378125,庚,辰,金,土,8,32,2020-08
2020-08-06,1573.869,庚子,癸未,辛巳,-0.009286664795023714,辛,巳,金,火,8,32,2020-08
2020-08-07,1526.804,庚子,甲申,壬午,-0.02990401361231454,壬,午,水,火,8,32,2020-08
2020-08-10,1535.597,庚子,甲申,乙酉,0.005759088920385347,乙,酉,木,金,8,33,2020-08
2020-08-11,1491.841,庚子,甲申,丙戌,-0.02849445525095462,丙,戌,火,土,8,33,2020-08
2020-08-12,1458.643,庚子,甲申,丁亥,-0.022253041711549626,丁,亥,火,水,8,33,2020-08
2020-08-13,1468.229,庚子,甲申,戊子,0.006571861654976585,戊,子,土,水,8,33,2020-08
2020-08-14,1484.041,庚子,甲申,己丑,0.010769437192699405,己,丑,土,土,8,33,2020-08
2020-08-17,1496.4,庚子,甲申,壬辰,0.008327937031389343,壬,辰,水,土,8,34,2020-08
2020-08-18,1512.509,庚子,甲申,癸巳,0.010765169740710956,癸,巳,水,火,8,34,2020-08
2020-08-19,1472.021,庚子,甲申,甲午,-0.02676876633461356,甲,午,木,火,8,34,2020-08
2020-08-20,1442.579,庚子,甲申,乙未,-0.020001073354252386,乙,未,木,土,8,34,2020-08
2020-08-21,1447.714,庚子,甲申,丙申,0.003559597082724686,丙,申,火,金,8,34,2020-08
2020-08-24,1450.667,庚子,甲申,己亥,0.0020397675231433876,己,亥,土,水,8,35,2020-08
2020-08-25,1427.705,庚子,甲申,庚子,-0.015828580921741553,庚,子,金,水,8,35,2020-08
2020-08-26,1383.305,庚子,甲申,辛丑,-0.031098861459475047,辛,丑,金,土,8,35,2020-08
2020-08-27,1417.559,庚子,甲申,壬寅,0.0247624348932447,壬,寅,水,木,8,35,2020-08
2020-08-28,1413.637,庚子,甲申,癸卯,-0.002766727875171404,癸,卯,水,木,8,35,2020-08
2020-08-31,1423.236,庚子,甲申,丙午,0.0067902863323470175,丙,午,火,火,8,36,2020-08
2020-09-01,1426.651,庚子,甲申,丁未,0.0023994615088431814,丁,未,火,土,9,36,2020-09
2020-09-02,1422.953,庚子,甲申,戊申,-0.0025920845392461977,戊,申,土,金,9,36,2020-09
2020-09-03,1402.144,庚子,甲申,己酉,-0.014623813998072999,己,酉,土,金,9,36,2020-09
2020-09-04,1390.284,庚子,甲申,庚戌,-0.008458475021110412,庚,戌,金,土,9,36,2020-09
2020-09-07,1356.699,庚子,乙酉,癸丑,-0.024156934842089806,癸,丑,水,土,9,37,2020-09
2020-09-08,1344.613,庚子,乙酉,甲寅,-0.008908387195685985,甲,寅,木,木,9,37,2020-09
2020-09-09,1298.079,庚子,乙酉,乙卯,-0.03460772727915029,乙,卯,木,木,9,37,2020-09
2020-09-10,1280.189,庚子,乙酉,丙辰,-0.013781903874879653,丙,辰,火,土,9,37,2020-09
2020-09-11,1312.512,庚子,乙酉,丁巳,0.025248615634097638,丁,巳,火,火,9,37,2020-09
2020-09-14,1348.07,庚子,乙酉,庚申,0.027091561829529986,庚,申,金,金,9,38,2020-09
2020-09-15,1364.603,庚子,乙酉,辛酉,0.012264199930270836,辛,酉,金,金,9,38,2020-09
2020-09-16,1349.672,庚子,乙酉,壬戌,-0.01094164383340801,壬,戌,水,土,9,38,2020-09
2020-09-17,1383.59,庚子,乙酉,癸亥,0.02513055023739086,癸,亥,水,水,9,38,2020-09
2020-09-18,1403.899,庚子,乙酉,甲子,0.014678481342015992,甲,子,木,水,9,38,2020-09
2020-09-21,1397.746,庚子,乙酉,丁卯,-0.00438279391893559,丁,卯,火,木,9,39,2020-09
2020-09-22,1390.086,庚子,乙酉,戊辰,-0.005480251776789236,戊,辰,土,土,9,39,2020-09
2020-09-23,1423.904,庚子,乙酉,己巳,0.024327991217809597,己,巳,土,火,9,39,2020-09
2020-09-24,1394.926,庚子,乙酉,庚午,-0.020351091084792272,庚,午,金,火,9,39,2020-09
2020-09-25,1364.025,庚子,乙酉,辛未,-0.02215242959124697,辛,未,金,土,9,39,2020-09
2020-09-28,1338.952,庚子,乙酉,甲戌,-0.01838162790271447,甲,戌,木,土,9,40,2020-09
2020-09-29,1389.963,庚子,乙酉,乙亥,0.038097706265795894,乙,亥,木,水,9,40,2020-09
2020-09-30,1418.796,庚子,乙酉,丙子,0.020743717638527226,丙,子,火,水,9,40,2020-09
2020-10-09,1465.959,庚子,丙戌,乙酉,0.0332415653836069,乙,酉,木,金,10,41,2020-10
2020-10-12,1490.575,庚子,丙戌,戊子,0.016791738377403442,戊,子,土,水,10,42,2020-10
2020-10-13,1497.596,庚子,丙戌,己丑,0.00471026281803999,己,丑,土,土,10,42,2020-10
2020-10-14,1488.67,庚子,丙戌,庚寅,-0.005960218910841086,庚,寅,金,木,10,42,2020-10
2020-10-15,1453.789,庚子,丙戌,辛卯,-0.023430982017505597,辛,卯,金,木,10,42,2020-10
2020-10-16,1438.528,庚子,丙戌,壬辰,-0.010497396802424563,壬,辰,水,土,10,42,2020-10
2020-10-19,1412.148,庚子,丙戌,乙未,-0.0183381901499311,乙,未,木,土,10,43,2020-10
2020-10-20,1426.181,庚子,丙戌,丙申,0.009937343677858257,丙,申,火,金,10,43,2020-10
2020-10-21,1396.977,庚子,丙戌,丁酉,-0.02047706427164575,丁,酉,火,金,10,43,2020-10
2020-10-22,1376.581,庚子,丙戌,戊戌,-0.014600097209904073,戊,戌,土,土,10,43,2020-10
2020-10-23,1336.527,庚子,丙戌,己亥,-0.02909672587374068,己,亥,土,水,10,43,2020-10
2020-10-26,1356.107,庚子,丙戌,壬寅,0.014649909803543082,壬,寅,水,木,10,44,2020-10
2020-10-27,1385.745,庚子,丙戌,癸卯,0.021855207590551373,癸,卯,水,木,10,44,2020-10
2020-10-28,1406.075,庚子,丙戌,甲辰,0.014670808842896843,甲,辰,木,土,10,44,2020-10
2020-10-29,1412.055,庚子,丙戌,乙巳,0.0042529737033942805,乙,巳,木,火,10,44,2020-10
2020-10-30,1393.91,庚子,丙戌,丙午,-0.012850066038504138,丙,午,火,火,10,44,2020-10
2020-11-02,1400.912,庚子,丙戌,己酉,0.005023279838727079,己,酉,土,金,11,45,2020-11
2020-11-03,1449.007,庚子,丙戌,庚戌,0.034331207099375316,庚,戌,金,土,11,45,2020-11
2020-11-04,1458.896,庚子,丙戌,辛亥,0.006824673724833641,辛,亥,金,水,11,45,2020-11
2020-11-05,1475.375,庚子,丙戌,壬子,0.01129552757701724,壬,子,水,水,11,45,2020-11
2020-11-06,1441.474,庚子,丙戌,癸丑,-0.022977886977887052,癸,丑,水,土,11,45,2020-11
2020-11-09,1485.148,庚子,丁亥,丙辰,0.030298153140466022,丙,辰,火,土,11,46,2020-11
2020-11-10,1441.965,庚子,丁亥,丁巳,-0.029076563413208634,丁,巳,火,火,11,46,2020-11
2020-11-11,1395.51,庚子,丁亥,戊午,-0.03221645462961997,戊,午,土,火,11,46,2020-11
2020-11-12,1413.294,庚子,丁亥,己未,0.012743728099404494,己,未,土,土,11,46,2020-11
2020-11-13,1436.887,庚子,丁亥,庚申,0.01669362496409077,庚,申,金,金,11,46,2020-11
2020-11-16,1446.951,庚子,丁亥,癸亥,0.007004030240373771,癸,亥,水,水,11,47,2020-11
2020-11-17,1430.809,庚子,丁亥,甲子,-0.011155871898910208,甲,子,木,水,11,47,2020-11
2020-11-18,1419.226,庚子,丁亥,乙丑,-0.008095420143429233,乙,丑,木,土,11,47,2020-11
2020-11-19,1435.925,庚子,丁亥,丙寅,0.011766272602108385,丙,寅,火,木,11,47,2020-11
2020-11-20,1430.72,庚子,丁亥,丁卯,-0.0036248411302818306,丁,卯,火,木,11,47,2020-11
2020-11-23,1418.102,庚子,丁亥,庚午,-0.008819335719078447,庚,午,金,火,11,48,2020-11
2020-11-24,1412.747,庚子,丁亥,辛未,-0.0037761740692842105,辛,未,金,土,11,48,2020-11
2020-11-25,1388.364,庚子,丁亥,壬申,-0.01725928280152078,壬,申,水,金,11,48,2020-11
2020-11-26,1385.31,庚子,丁亥,癸酉,-0.0021997113149001546,癸,酉,水,金,11,48,2020-11
2020-11-27,1387.769,庚子,丁亥,甲戌,0.0017750539590417613,甲,戌,木,土,11,48,2020-11
2020-11-30,1385.483,庚子,丁亥,丁丑,-0.0016472482091760554,丁,丑,火,土,11,49,2020-11
2020-12-01,1404.238,庚子,丁亥,戊寅,0.01353679547132658,戊,寅,土,木,12,49,2020-12
2020-12-02,1408.488,庚子,丁亥,己卯,0.0030265524789956366,己,卯,土,木,12,49,2020-12
2020-12-03,1410.829,庚子,丁亥,庚辰,0.0016620659884925004,庚,辰,金,土,12,49,2020-12
2020-12-04,1404.866,庚子,丁亥,辛巳,-0.004226593017296887,辛,巳,金,火,12,49,2020-12
2020-12-07,1406.194,庚子,戊子,甲申,0.0009452858849170465,甲,申,木,金,12,50,2020-12
2020-12-08,1398.73,庚子,戊子,乙酉,-0.005307944707486967,乙,酉,木,金,12,50,2020-12
2020-12-09,1365.038,庚子,戊子,丙戌,-0.024087565148384615,丙,戌,火,土,12,50,2020-12
2020-12-10,1360.184,庚子,戊子,丁亥,-0.0035559449627043938,丁,亥,火,水,12,50,2020-12
2020-12-11,1362.961,庚子,戊子,戊子,0.002041635543426512,戊,子,土,水,12,50,2020-12
2020-12-14,1375.064,庚子,戊子,辛卯,0.008879931267292251,辛,卯,金,木,12,51,2020-12
2020-12-15,1363.183,庚子,戊子,壬辰,-0.008640325104867896,壬,辰,水,土,12,51,2020-12
2020-12-16,1345.133,庚子,戊子,癸巳,-0.013241068880700535,癸,巳,水,火,12,51,2020-12
2020-12-17,1363.36,庚子,戊子,甲午,0.013550332941054899,甲,午,木,火,12,51,2020-12
2020-12-18,1361.108,庚子,戊子,乙未,-0.0016518014317568053,乙,未,木,土,12,51,2020-12
2020-12-21,1388.669,庚子,戊子,戊戌,0.020248944242484912,戊,戌,土,土,12,52,2020-12
2020-12-22,1358.619,庚子,戊子,己亥,-0.021639425953917102,己,亥,土,水,12,52,2020-12
2020-12-23,1376.595,庚子,戊子,庚子,0.013231082444747244,庚,子,金,水,12,52,2020-12
2020-12-24,1348.013,庚子,戊子,辛丑,-0.020762824214820008,辛,丑,金,土,12,52,2020-12
2020-12-25,1349.793,庚子,戊子,壬寅,0.0013204620430218306,壬,寅,水,木,12,52,2020-12
2020-12-28,1339.007,庚子,戊子,乙巳,-0.007990854894046606,乙,巳,木,火,12,53,2020-12
2020-12-29,1337.47,庚子,戊子,丙午,-0.0011478655451391262,丙,午,火,火,12,53,2020-12
2020-12-30,1362.911,庚子,戊子,丁未,0.019021735066954815,丁,未,火,土,12,53,2020-12
2020-12-31,1393.027,庚子,戊子,戊申,0.022096820702158793,戊,申,土,金,12,53,2020-12
2021-01-04,1422.125,庚子,戊子,壬子,0.02088832449048006,壬,子,水,水,1,1,2021-01
2021-01-05,1425.16,庚子,己丑,癸丑,0.0021341302628110626,癸,丑,水,土,1,1,2021-01
2021-01-06,1415.022,庚子,己丑,甲寅,-0.007113587246344366,甲,寅,木,木,1,1,2021-01
2021-01-07,1381.942,庚子,己丑,乙卯,-0.023377728402809272,乙,卯,木,木,1,1,2021-01
2021-01-08,1378.74,庚子,己丑,丙辰,-0.0023170292240919377,丙,辰,火,土,1,1,2021-01
2021-01-11,1390.655,庚子,己丑,己未,0.008641948445682335,己,未,土,土,1,2,2021-01
2021-01-12,1405.223,庚子,己丑,庚申,0.010475639177222273,庚,申,金,金,1,2,2021-01
2021-01-13,1407.415,庚子,己丑,辛酉,0.0015598947640338423,辛,酉,金,金,1,2,2021-01
2021-01-14,1447.267,庚子,己丑,壬戌,0.028315741980865727,壬,戌,水,土,1,2,2021-01
2021-01-15,1447.583,庚子,己丑,癸亥,0.0002183425725867938,癸,亥,水,水,1,2,2021-01
2021-01-18,1481.249,庚子,己丑,丙寅,0.0232566975434223,丙,寅,火,木,1,3,2021-01
2021-01-19,1443.921,庚子,己丑,丁卯,-0.02520035456564018,丁,卯,火,木,1,3,2021-01
2021-01-20,1481.453,庚子,己丑,戊辰,0.025993111811518643,戊,辰,土,土,1,3,2021-01
2021-01-21,1482.285,庚子,己丑,己巳,0.0005616107969677042,己,巳,土,火,1,3,2021-01
2021-01-22,1486.308,庚子,己丑,庚午,0.0027140529655227397,庚,午,金,火,1,3,2021-01
2021-01-25,1498.595,庚子,己丑,癸酉,0.008266792616335339,癸,酉,水,金,1,4,2021-01
2021-01-26,1478.451,庚子,己丑,甲戌,-0.013441923935419542,甲,戌,木,土,1,4,2021-01
2021-01-27,1458.372,庚子,己丑,乙亥,-0.013581106171256185,乙,亥,木,水,1,4,2021-01
2021-01-28,1421.587,庚子,己丑,丙子,-0.025223331221389422,丙,子,火,水,1,4,2021-01
2021-01-29,1421.962,庚子,己丑,丁丑,0.00026378969419393883,丁,丑,火,土,1,4,2021-01
2021-02-01,1421.481,庚子,己丑,庚辰,-0.00033826501692735267,庚,辰,金,土,2,5,2021-02
2021-02-02,1438.059,庚子,己丑,辛巳,0.011662484408866414,辛,巳,金,火,2,5,2021-02
2021-02-03,1410.147,辛丑,庚寅,壬午,-0.019409495716100733,壬,午,水,火,2,5,2021-02
2021-02-04,1394.097,辛丑,庚寅,癸未,-0.011381792111035183,癸,未,水,土,2,5,2021-02
2021-02-05,1368.8,辛丑,庚寅,甲申,-0.018145796167698514,甲,申,木,金,2,5,2021-02
2021-02-08,1382.482,辛丑,庚寅,丁亥,0.009995616598480472,丁,亥,火,水,2,6,2021-02
2021-02-09,1427.682,辛丑,庚寅,戊子,0.03269481989638923,戊,子,土,水,2,6,2021-02
2021-02-10,1437.025,辛丑,庚寅,己丑,0.006544174402983272,己,丑,土,土,2,6,2021-02
2021-02-18,1429.74,辛丑,庚寅,丁酉,-0.005069501226492301,丁,酉,火,金,2,7,2021-02
2021-02-19,1427.907,辛丑,庚寅,戊戌,-0.0012820512820513885,戊,戌,土,土,2,7,2021-02
2021-02-22,1389.916,辛丑,庚寅,辛丑,-0.026606074485243103,辛,丑,金,土,2,8,2021-02
2021-02-23,1390.527,辛丑,庚寅,壬寅,0.0004395949107716124,壬,寅,水,木,2,8,2021-02
2021-02-24,1365.637,辛丑,庚寅,癸卯,-0.01789968839152356,癸,卯,水,木,2,8,2021-02
2021-02-25,1349.711,辛丑,庚寅,甲辰,-0.011661957020789537,甲,辰,木,土,2,8,2021-02
2021-02-26,1325.587,辛丑,庚寅,乙巳,-0.01787345587314615,乙,巳,木,火,2,8,2021-02
2021-03-01,1358.141,辛丑,庚寅,戊申,0.024558176868059167,戊,申,土,金,3,9,2021-03
2021-03-02,1352.044,辛丑,庚寅,己酉,-0.0044892246092268495,己,酉,土,金,3,9,2021-03
2021-03-03,1359.398,辛丑,庚寅,庚戌,0.0054391720979494185,庚,戌,金,土,3,9,2021-03
2021-03-04,1324.158,辛丑,庚寅,辛亥,-0.02592323955162512,辛,亥,金,水,3,9,2021-03
2021-03-05,1329.839,辛丑,辛卯,壬子,0.004290273517208787,壬,子,水,水,3,9,2021-03
2021-03-08,1275.456,辛丑,辛卯,乙卯,-0.04089442406186017,乙,卯,木,木,3,10,2021-03
2021-03-09,1230.137,辛丑,辛卯,丙辰,-0.03553160595112648,丙,辰,火,土,3,10,2021-03
2021-03-10,1232.735,辛丑,辛卯,丁巳,0.0021119598873946543,丁,巳,火,火,3,10,2021-03
2021-03-11,1267.301,辛丑,辛卯,戊午,0.02804008971920169,戊,午,土,火,3,10,2021-03
2021-03-12,1261.325,辛丑,辛卯,己未,-0.004715533247428905,己,未,土,土,3,10,2021-03
2021-03-15,1223.39,辛丑,辛卯,壬戌,-0.030075515826610832,壬,戌,水,土,3,11,2021-03
2021-03-16,1220.367,辛丑,辛卯,癸亥,-0.0024710027055968586,癸,亥,水,水,3,11,2021-03
2021-03-17,1236.541,辛丑,辛卯,甲子,0.01325339016869509,甲,子,木,水,3,11,2021-03
2021-03-18,1241.31,辛丑,辛卯,乙丑,0.0038567261417130627,乙,丑,木,土,3,11,2021-03
2021-03-19,1231.292,辛丑,辛卯,丙寅,-0.008070506158816104,丙,寅,火,木,3,11,2021-03
2021-03-22,1242.756,辛丑,辛卯,己巳,0.009310545345864396,己,巳,土,火,3,12,2021-03
2021-03-23,1236.474,辛丑,辛卯,庚午,-0.00505489412241833,庚,午,金,火,3,12,2021-03
2021-03-24,1221.447,辛丑,辛卯,辛未,-0.012153106333008257,辛,未,金,土,3,12,2021-03
2021-03-25,1219.71,辛丑,辛卯,壬申,-0.0014220838071564712,壬,申,水,金,3,12,2021-03
2021-03-26,1256.664,辛丑,辛卯,癸酉,0.03029736576727249,癸,酉,水,金,3,12,2021-03
2021-03-29,1250.77,辛丑,辛卯,丙子,-0.004690195629062366,丙,子,火,水,3,13,2021-03
2021-03-30,1248.342,辛丑,辛卯,丁丑,-0.001941204218201542,丁,丑,火,土,3,13,2021-03
2021-03-31,1248.332,辛丑,辛卯,戊寅,-8.010625293430884e-06,戊,寅,土,木,3,13,2021-03
2021-04-01,1266.745,辛丑,辛卯,己卯,0.014750082510101237,己,卯,土,木,4,13,2021-04
2021-04-02,1299.92,辛丑,辛卯,庚辰,0.026189169880283858,庚,辰,金,土,4,13,2021-04
2021-04-06,1296.62,辛丑,壬辰,甲申,-0.0025386177610930982,甲,申,木,金,4,14,2021-04
2021-04-07,1298.785,辛丑,壬辰,乙酉,0.0016697259027318445,乙,酉,木,金,4,14,2021-04
2021-04-08,1291.857,辛丑,壬辰,丙戌,-0.0053342162097653745,丙,戌,火,土,4,14,2021-04
2021-04-09,1271.443,辛丑,壬辰,丁亥,-0.015802058586979806,丁,亥,火,水,4,14,2021-04
2021-04-12,1243.496,辛丑,壬辰,庚寅,-0.021980537074803852,庚,寅,金,木,4,15,2021-04
2021-04-13,1241.398,辛丑,壬辰,辛卯,-0.0016871787283595507,辛,卯,金,木,4,15,2021-04
2021-04-14,1254.71,辛丑,壬辰,壬辰,0.010723394108899997,壬,辰,水,土,4,15,2021-04
2021-04-15,1264.158,辛丑,壬辰,癸巳,0.007530026858795891,癸,巳,水,火,4,15,2021-04
2021-04-16,1274.702,辛丑,壬辰,甲午,0.008340729560703641,甲,午,木,火,4,15,2021-04
2021-04-19,1299.007,辛丑,壬辰,丁酉,0.019067201589077376,丁,酉,火,金,4,16,2021-04
2021-04-20,1290.503,辛丑,壬辰,戊戌,-0.006546539010182539,戊,戌,土,土,4,16,2021-04
2021-04-21,1286.855,辛丑,壬辰,己亥,-0.0028268047420269005,己,亥,土,水,4,16,2021-04
2021-04-22,1305.181,辛丑,壬辰,庚子,0.014240920694250647,庚,子,金,水,4,16,2021-04
2021-04-23,1311.827,辛丑,壬辰,辛丑,0.005092014057820338,辛,丑,金,土,4,16,2021-04
2021-04-26,1314.907,辛丑,壬辰,甲辰,0.0023478705652497656,甲,辰,木,土,4,17,2021-04
2021-04-27,1311.913,辛丑,壬辰,乙巳,-0.0022769671163055394,乙,巳,木,火,4,17,2021-04
2021-04-28,1324.236,辛丑,壬辰,丙午,0.009393153356967998,丙,午,火,火,4,17,2021-04
2021-04-29,1324.055,辛丑,壬辰,丁未,-0.0001366825852794351,丁,未,火,土,4,17,2021-04
2021-04-30,1322.24,辛丑,壬辰,戊申,-0.0013707889777992976,戊,申,土,金,4,17,2021-04
2021-05-06,1310.125,辛丑,癸巳,甲寅,-0.009162481848983495,甲,寅,木,木,5,18,2021-05
2021-05-07,1263.897,辛丑,癸巳,乙卯,-0.035285182711573326,乙,卯,木,木,5,18,2021-05
2021-05-10,1254.486,辛丑,癸巳,戊午,-0.007446018148630662,戊,午,土,火,5,19,2021-05
2021-05-11,1258.107,辛丑,癸巳,己未,0.0028864411400364443,己,未,土,土,5,19,2021-05
2021-05-12,1270.908,辛丑,癸巳,庚申,0.010174810250638489,庚,申,金,金,5,19,2021-05
2021-05-13,1275.477,辛丑,癸巳,辛酉,0.003595067463577406,辛,酉,金,金,5,19,2021-05
2021-05-14,1300.535,辛丑,癸巳,壬戌,0.0196459834242404,壬,戌,水,土,5,19,2021-05
2021-05-17,1328.917,辛丑,癸巳,乙丑,0.02182332655407193,乙,丑,木,土,5,20,2021-05
2021-05-18,1321.641,辛丑,癸巳,丙寅,-0.005475135015956534,丙,寅,火,木,5,20,2021-05
2021-05-19,1326.143,辛丑,癸巳,丁卯,0.003406371321712953,丁,卯,火,木,5,20,2021-05
2021-05-20,1329.791,辛丑,癸巳,戊辰,0.002750834563089999,戊,辰,土,土,5,20,2021-05
2021-05-21,1315.207,辛丑,癸巳,己巳,-0.0109671369410681,己,巳,土,火,5,20,2021-05
2021-05-24,1330.872,辛丑,癸巳,壬申,0.011910672616553875,壬,申,水,金,5,21,2021-05
2021-05-25,1370.121,辛丑,癸巳,癸酉,0.02949119073810258,癸,酉,水,金,5,21,2021-05
2021-05-26,1364.037,辛丑,癸巳,甲戌,-0.004440483723700317,甲,戌,木,土,5,21,2021-05
2021-05-27,1397.769,辛丑,癸巳,乙亥,0.024729534462774705,乙,亥,木,水,5,21,2021-05
2021-05-28,1386.039,辛丑,癸巳,丙子,-0.008391944591702893,丙,子,火,水,5,21,2021-05
2021-05-31,1442.668,辛丑,癸巳,己卯,0.040856714710047815,己,卯,土,木,5,22,2021-05
2021-06-01,1460.543,辛丑,癸巳,庚辰,0.012390238086656069,庚,辰,金,土,6,22,2021-06
2021-06-02,1426.847,辛丑,癸巳,辛巳,-0.023070871586800212,辛,巳,金,火,6,22,2021-06
2021-06-03,1414.534,辛丑,癸巳,壬午,-0.008629516689595884,壬,午,水,火,6,22,2021-06
2021-06-04,1431.522,辛丑,癸巳,癸未,0.012009608818168926,癸,未,水,土,6,22,2021-06
2021-06-07,1433.565,辛丑,甲午,丙戌,0.0014271523595168478,丙,戌,火,土,6,23,2021-06
2021-06-08,1419.075,辛丑,甲午,丁亥,-0.010107668644254053,丁,亥,火,水,6,23,2021-06
2021-06-09,1427.321,辛丑,甲午,戊子,0.00581082747564432,戊,子,土,水,6,23,2021-06
2021-06-10,1450.404,辛丑,甲午,己丑,0.016172255575305217,己,丑,土,土,6,23,2021-06
2021-06-11,1436.276,辛丑,甲午,庚寅,-0.009740734305751952,庚,寅,金,木,6,23,2021-06
2021-06-15,1448.2,辛丑,甲午,甲午,0.008302025515987133,甲,午,木,火,6,24,2021-06
2021-06-16,1406.47,辛丑,甲午,乙未,-0.0288150807899461,乙,未,木,土,6,24,2021-06
2021-06-17,1473.512,辛丑,甲午,丙申,0.04766685389663472,丙,申,火,金,6,24,2021-06
2021-06-18,1494.701,辛丑,甲午,丁酉,0.014379930397580898,丁,酉,火,金,6,24,2021-06
2021-06-21,1528.127,辛丑,甲午,庚子,0.022363001028299356,庚,子,金,水,6,25,2021-06
2021-06-22,1523.363,辛丑,甲午,辛丑,-0.003117541932051382,辛,丑,金,土,6,25,2021-06
2021-06-23,1534.301,辛丑,甲午,壬寅,0.007180166513168551,壬,寅,水,木,6,25,2021-06
2021-06-24,1504.808,辛丑,甲午,癸卯,-0.01922243418990144,癸,卯,水,木,6,25,2021-06
2021-06-25,1534.85,辛丑,甲午,甲辰,0.01996400869745507,甲,辰,木,土,6,25,2021-06
2021-06-28,1562.98,辛丑,甲午,丁未,0.01832752386226666,丁,未,火,土,6,26,2021-06
2021-06-29,1562.078,辛丑,甲午,戊申,-0.0005771027140463181,戊,申,土,金,6,26,2021-06
2021-06-30,1588.217,辛丑,甲午,己酉,0.016733479378110427,己,酉,土,金,6,26,2021-06
2021-07-01,1579.804,辛丑,甲午,庚戌,-0.005297135089222693,庚,戌,金,土,7,26,2021-07
2021-07-02,1538.158,辛丑,甲午,辛亥,-0.02636149800861387,辛,亥,金,水,7,26,2021-07
2021-07-05,1575.894,辛丑,甲午,甲寅,0.024533240408332713,甲,寅,木,木,7,27,2021-07
2021-07-06,1532.792,辛丑,甲午,乙卯,-0.027350824357475823,乙,卯,木,木,7,27,2021-07
2021-07-07,1570.028,辛丑,乙未,丙辰,0.024292924284573525,丙,辰,火,土,7,27,2021-07
2021-07-08,1610.775,辛丑,乙未,丁巳,0.025953040327943322,丁,巳,火,火,7,27,2021-07
2021-07-09,1583.714,辛丑,乙未,戊午,-0.01679998758361667,戊,午,土,火,7,27,2021-07
2021-07-12,1601.606,辛丑,乙未,辛酉,0.011297494370827055,辛,酉,金,金,7,28,2021-07
2021-07-13,1590.977,辛丑,乙未,壬戌,-0.006636463649611679,壬,戌,水,土,7,28,2021-07
2021-07-14,1556.72,辛丑,乙未,癸亥,-0.021532052317538297,癸,亥,水,水,7,28,2021-07
2021-07-15,1560.704,辛丑,乙未,甲子,0.0025592270928618266,甲,子,木,水,7,28,2021-07
2021-07-16,1525.234,辛丑,乙未,乙丑,-0.02272692323464287,乙,丑,木,土,7,28,2021-07
2021-07-19,1514.181,辛丑,乙未,戊辰,-0.00724675689107368,戊,辰,土,土,7,29,2021-07
2021-07-20,1522.627,辛丑,乙未,己巳,0.005577932889132775,己,巳,土,火,7,29,2021-07
2021-07-21,1565.638,辛丑,乙未,庚午,0.028247889995382858,庚,午,金,火,7,29,2021-07
2021-07-22,1582.132,辛丑,乙未,辛未,0.010535002344092437,辛,未,金,土,7,29,2021-07
2021-07-23,1563.49,辛丑,乙未,壬申,-0.011782834807715137,壬,申,水,金,7,29,2021-07
2021-07-26,1556.979,辛丑,乙未,乙亥,-0.004164401435250653,乙,亥,木,水,7,30,2021-07
2021-07-27,1545.289,辛丑,乙未,丙子,-0.007508129525189533,丙,子,火,水,7,30,2021-07
2021-07-28,1518.703,辛丑,乙未,丁丑,-0.017204548793138374,丁,丑,火,土,7,30,2021-07
2021-07-29,1588.465,辛丑,乙未,戊寅,0.04593524869576204,戊,寅,土,木,7,30,2021-07
2021-07-30,1591.219,辛丑,乙未,己卯,0.0017337492484883477,己,卯,土,木,7,30,2021-07
2021-08-02,1599.474,辛丑,乙未,壬午,0.0051878465503489846,壬,午,水,火,8,31,2021-08
2021-08-03,1564.193,辛丑,乙未,癸未,-0.02205787652690816,癸,未,水,土,8,31,2021-08
2021-08-04,1605.894,辛丑,乙未,甲申,0.026659753623753613,甲,申,木,金,8,31,2021-08
2021-08-05,1604.807,辛丑,乙未,乙酉,-0.0006768815376356763,乙,酉,木,金,8,31,2021-08
2021-08-06,1586.673,辛丑,乙未,丙戌,-0.011299801159890266,丙,戌,火,土,8,31,2021-08
2021-08-09,1574.438,辛丑,丙申,己丑,-0.007711103674165942,己,丑,土,土,8,32,2021-08
2021-08-10,1588.195,辛丑,丙申,庚寅,0.008737721015371624,庚,寅,金,木,8,32,2021-08
2021-08-11,1578.789,辛丑,丙申,辛卯,-0.005922446550958749,辛,卯,金,木,8,32,2021-08
2021-08-12,1586.501,辛丑,丙申,壬辰,0.004884756607754337,壬,辰,水,土,8,32,2021-08
2021-08-13,1552.781,辛丑,丙申,癸巳,-0.021254320041399266,癸,巳,水,火,8,32,2021-08
2021-08-16,1547.931,辛丑,丙申,丙申,-0.0031234282232973642,丙,申,火,金,8,33,2021-08
2021-08-17,1509.247,辛丑,丙申,丁酉,-0.024990778012714987,丁,酉,火,金,8,33,2021-08
2021-08-18,1507.989,辛丑,丙申,戊戌,-0.0008335282428919566,戊,戌,土,土,8,33,2021-08
2021-08-19,1546.11,辛丑,丙申,己亥,0.025279362117362814,己,亥,土,水,8,33,2021-08
2021-08-20,1529.086,辛丑,丙申,庚子,-0.011010859511936366,庚,子,金,水,8,33,2021-08
2021-08-23,1564.111,辛丑,丙申,癸卯,0.022905840482484452,癸,卯,水,木,8,34,2021-08
2021-08-24,1578.031,辛丑,丙申,甲辰,0.008899624131535333,甲,辰,木,土,8,34,2021-08
2021-08-25,1542.776,辛丑,丙申,乙巳,-0.022341132715390177,乙,巳,木,火,8,34,2021-08
2021-08-26,1497.338,辛丑,丙申,丙午,-0.02945210451808955,丙,午,火,火,8,34,2021-08
2021-08-27,1480.314,辛丑,丙申,丁未,-0.011369510424499962,丁,未,火,土,8,34,2021-08
2021-08-30,1471.455,辛丑,丙申,庚戌,-0.005984541117627806,庚,戌,金,土,8,35,2021-08
2021-08-31,1441.174,辛丑,丙申,辛亥,-0.020578950766418247,辛,亥,金,水,8,35,2021-08
2021-09-01,1424.664,辛丑,丙申,壬子,-0.011455938006097788,壬,子,水,水,9,35,2021-09
2021-09-02,1399.482,辛丑,丙申,癸丑,-0.01767574670238037,癸,丑,水,土,9,35,2021-09
2021-09-03,1400.89,辛丑,丙申,甲寅,0.001006086537733264,甲,寅,木,木,9,35,2021-09
2021-09-06,1438.995,辛丑,丙申,丁巳,0.027200565354881467,丁,巳,火,火,9,36,2021-09
2021-09-07,1438.569,辛丑,丁酉,戊午,-0.0002960399445446349,戊,午,土,火,9,36,2021-09
2021-09-08,1412.723,辛丑,丁酉,己未,-0.01796646528598911,己,未,土,土,9,36,2021-09
2021-09-09,1402.191,辛丑,丁酉,庚申,-0.0074551062027020665,庚,申,金,金,9,36,2021-09
2021-09-10,1426.814,辛丑,丁酉,辛酉,0.017560375155738495,辛,酉,金,金,9,36,2021-09
2021-09-13,1384.434,辛丑,丁酉,甲子,-0.029702540064787786,甲,子,木,水,9,37,2021-09
2021-09-14,1396.669,辛丑,丁酉,乙丑,0.008837546607494584,乙,丑,木,土,9,37,2021-09
2021-09-15,1384.521,辛丑,丁酉,丙寅,-0.008697837497646299,丙,寅,火,木,9,37,2021-09
2021-09-16,1351.425,辛丑,丁酉,丁卯,-0.02390429614285372,丁,卯,火,木,9,37,2021-09
2021-09-17,1349.685,辛丑,丁酉,戊辰,-0.0012875298296243232,戊,辰,土,土,9,37,2021-09
2021-09-22,1355.281,辛丑,丁酉,癸酉,0.00414615262079665,癸,酉,水,金,9,38,2021-09
2021-09-23,1363.787,辛丑,丁酉,甲戌,0.006276189218324513,甲,戌,木,土,9,38,2021-09
2021-09-24,1375.0,辛丑,丁酉,乙亥,0.008221958414327046,乙,亥,木,水,9,38,2021-09
2021-09-27,1368.691,辛丑,丁酉,戊寅,-0.004588363636363613,戊,寅,土,木,9,39,2021-09
2021-09-28,1354.096,辛丑,丁酉,己卯,-0.010663473347892305,己,卯,土,木,9,39,2021-09
2021-09-29,1345.77,辛丑,丁酉,庚辰,-0.006148751639470151,庚,辰,金,土,9,39,2021-09
2021-09-30,1368.716,辛丑,丁酉,辛巳,0.01705046181739811,辛,巳,金,火,9,39,2021-09
2021-10-08,1364.458,辛丑,戊戌,己丑,-0.0031109448563469977,己,丑,土,土,10,40,2021-10
2021-10-11,1349.771,辛丑,戊戌,壬辰,-0.010763981009309309,壬,辰,水,土,10,41,2021-10
2021-10-12,1319.39,辛丑,戊戌,癸巳,-0.022508262512678012,癸,巳,水,火,10,41,2021-10
2021-10-13,1344.763,辛丑,戊戌,甲午,0.019230856683770448,甲,午,木,火,10,41,2021-10
2021-10-14,1347.268,辛丑,戊戌,乙未,0.0018627817689809145,乙,未,木,土,10,41,2021-10
2021-10-15,1363.164,辛丑,戊戌,丙申,0.011798691871253597,丙,申,火,金,10,41,2021-10
2021-10-18,1352.575,辛丑,戊戌,己亥,-0.007767957487140209,己,亥,土,水,10,42,2021-10
2021-10-19,1366.791,辛丑,戊戌,庚子,0.010510322902611557,庚,子,金,水,10,42,2021-10
2021-10-20,1373.593,辛丑,戊戌,辛丑,0.0049766204196546315,辛,丑,金,土,10,42,2021-10
2021-10-21,1362.405,辛丑,戊戌,壬寅,-0.00814506189242381,壬,寅,水,木,10,42,2021-10
2021-10-22,1368.136,辛丑,戊戌,癸卯,0.004206531831577154,癸,卯,水,木,10,42,2021-10
2021-10-25,1380.309,辛丑,戊戌,丙午,0.00889750726535965,丙,午,火,火,10,43,2021-10
2021-10-26,1376.126,辛丑,戊戌,丁未,-0.003030480856098139,丁,未,火,土,10,43,2021-10
2021-10-27,1361.817,辛丑,戊戌,戊申,-0.010398030412912762,戊,申,土,金,10,43,2021-10
2021-10-28,1356.375,辛丑,戊戌,己酉,-0.003996131638832501,己,酉,土,金,10,43,2021-10
2021-10-29,1396.195,辛丑,戊戌,庚戌,0.029357662888213065,庚,戌,金,土,10,43,2021-10
2021-11-01,1404.208,辛丑,戊戌,癸丑,0.00573916967185828,癸,丑,水,土,11,44,2021-11
2021-11-02,1405.641,辛丑,戊戌,甲寅,0.0010205040848649816,甲,寅,木,木,11,44,2021-11
2021-11-03,1399.55,辛丑,戊戌,乙卯,-0.004333254365801897,乙,卯,木,木,11,44,2021-11
2021-11-04,1410.742,辛丑,戊戌,丙辰,0.007996856132328256,丙,辰,火,土,11,44,2021-11
2021-11-05,1396.738,辛丑,戊戌,丁巳,-0.009926691060448967,丁,巳,火,火,11,44,2021-11
2021-11-08,1400.795,辛丑,己亥,庚申,0.002904624918918186,庚,申,金,金,11,45,2021-11
2021-11-09,1420.509,辛丑,己亥,辛酉,0.014073436869777467,辛,酉,金,金,11,45,2021-11
2021-11-10,1420.452,辛丑,己亥,壬戌,-4.0126461711920136e-05,壬,戌,水,土,11,45,2021-11
2021-11-11,1437.15,辛丑,己亥,癸亥,0.011755413065700271,癸,亥,水,水,11,45,2021-11
2021-11-12,1440.157,辛丑,己亥,甲子,0.002092335525171185,甲,子,木,水,11,45,2021-11
2021-11-15,1432.599,辛丑,己亥,丁卯,-0.005248038929088983,丁,卯,火,木,11,46,2021-11
2021-11-16,1421.275,辛丑,己亥,戊辰,-0.007904514801420293,戊,辰,土,土,11,46,2021-11
2021-11-17,1436.158,辛丑,己亥,己巳,0.010471583613304913,己,巳,土,火,11,46,2021-11
2021-11-18,1423.97,辛丑,己亥,庚午,-0.008486531426207922,庚,午,金,火,11,46,2021-11
2021-11-19,1444.784,辛丑,己亥,辛未,0.01461688097361602,辛,未,金,土,11,46,2021-11
2021-11-22,1479.988,辛丑,己亥,甲戌,0.024366272051739246,甲,戌,木,土,11,47,2021-11
2021-11-23,1476.253,辛丑,己亥,乙亥,-0.002523669110830684,乙,亥,木,水,11,47,2021-11
2021-11-24,1472.225,辛丑,己亥,丙子,-0.0027285295948594745,丙,子,火,水,11,47,2021-11
2021-11-25,1468.072,辛丑,己亥,丁丑,-0.002820900337923926,丁,丑,火,土,11,47,2021-11
2021-11-26,1459.932,辛丑,己亥,戊寅,-0.005544687181555097,戊,寅,土,木,11,47,2021-11
2021-11-29,1471.229,辛丑,己亥,辛巳,0.007738031634350051,辛,巳,金,火,11,48,2021-11
2021-11-30,1475.713,辛丑,己亥,壬午,0.003047792016062756,壬,午,水,火,11,48,2021-11
2021-12-01,1456.483,辛丑,己亥,癸未,-0.01303098908798661,癸,未,水,土,12,48,2021-12
2021-12-02,1429.5,辛丑,己亥,甲申,-0.018526134530921334,甲,申,木,金,12,48,2021-12
2021-12-03,1444.834,辛丑,己亥,乙酉,0.010726827562084651,乙,酉,木,金,12,48,2021-12
2021-12-06,1405.771,辛丑,己亥,戊子,-0.027036323896032388,戊,子,土,水,12,49,2021-12
2021-12-07,1389.437,辛丑,庚子,己丑,-0.011619246662507687,己,丑,土,土,12,49,2021-12
2021-12-08,1415.374,辛丑,庚子,庚寅,0.018667273147325192,庚,寅,金,木,12,49,2021-12
2021-12-09,1434.522,辛丑,庚子,辛卯,0.013528579725217371,辛,卯,金,木,12,49,2021-12
2021-12-10,1435.703,辛丑,庚子,壬辰,0.0008232707480262391,壬,辰,水,土,12,49,2021-12
2021-12-13,1445.707,辛丑,庚子,乙未,0.006968014972456027,乙,未,木,土,12,50,2021-12
2021-12-14,1439.469,辛丑,庚子,丙申,-0.004314843879153929,丙,申,火,金,12,50,2021-12
2021-12-15,1424.9,辛丑,庚子,丁酉,-0.010121093264252257,丁,酉,火,金,12,50,2021-12
2021-12-16,1425.929,辛丑,庚子,戊戌,0.0007221559407677436,戊,戌,土,土,12,50,2021-12
2021-12-17,1399.06,辛丑,庚子,己亥,-0.0188431541822911,己,亥,土,水,12,50,2021-12
2021-12-20,1363.956,辛丑,庚子,壬寅,-0.025091132617614753,壬,寅,水,木,12,51,2021-12
2021-12-21,1374.65,辛丑,庚子,癸卯,0.007840428870139693,癸,卯,水,木,12,51,2021-12
2021-12-22,1375.03,辛丑,庚子,甲辰,0.0002764340013821087,甲,辰,木,土,12,51,2021-12
2021-12-23,1375.968,辛丑,庚子,乙巳,0.0006821669345395964,乙,巳,木,火,12,51,2021-12
2021-12-24,1358.73,辛丑,庚子,丙午,-0.012527907625758727,丙,午,火,火,12,51,2021-12
2021-12-27,1355.636,辛丑,庚子,己酉,-0.0022771264342438258,己,酉,土,金,12,52,2021-12
2021-12-28,1369.619,辛丑,庚子,庚戌,0.010314715749655479,庚,戌,金,土,12,52,2021-12
2021-12-29,1356.214,辛丑,庚子,辛亥,-0.009787393428391411,辛,亥,金,水,12,52,2021-12
2021-12-30,1375.56,辛丑,庚子,壬子,0.014264710436553418,壬,子,水,水,12,52,2021-12
2021-12-31,1398.194,辛丑,庚子,癸丑,0.01645438948500977,癸,丑,水,土,12,52,2021-12
2022-01-04,1364.99,辛丑,庚子,丁巳,-0.023747777490105038,丁,巳,火,火,1,1,2022-01
2022-01-05,1333.335,辛丑,辛丑,戊午,-0.02319064608531929,戊,午,土,火,1,1,2022-01
2022-01-06,1320.935,辛丑,辛丑,己未,-0.009299988375014556,己,未,土,土,1,1,2022-01
2022-01-07,1305.492,辛丑,辛丑,庚申,-0.011690961326636051,庚,申,金,金,1,1,2022-01
2022-01-10,1318.267,辛丑,辛丑,癸亥,0.009785582753475408,癸,亥,水,水,1,2,2022-01
2022-01-11,1294.404,辛丑,辛丑,甲子,-0.018101795766715,甲,子,木,水,1,2,2022-01
2022-01-12,1316.353,辛丑,辛丑,乙丑,0.016956838823118714,乙,丑,木,土,1,2,2022-01
2022-01-13,1294.653,辛丑,辛丑,丙寅,-0.01648493982996968,丙,寅,火,木,1,2,2022-01
2022-01-14,1312.292,辛丑,辛丑,丁卯,0.013624500155640096,丁,卯,火,木,1,2,2022-01
2022-01-17,1338.317,辛丑,辛丑,庚午,0.01983171428310171,庚,午,金,火,1,3,2022-01
2022-01-18,1342.356,辛丑,辛丑,辛未,0.0030179695841867638,辛,未,金,土,1,3,2022-01
2022-01-19,1324.089,辛丑,辛丑,壬申,-0.013608163557208397,壬,申,水,金,1,3,2022-01
2022-01-20,1306.023,辛丑,辛丑,癸酉,-0.013644097942056788,癸,酉,水,金,1,3,2022-01
2022-01-21,1290.406,辛丑,辛丑,甲戌,-0.011957676089931035,甲,戌,木,土,1,3,2022-01
2022-01-24,1307.742,辛丑,辛丑,丁丑,0.013434531457541254,丁,丑,火,土,1,4,2022-01
2022-01-25,1277.004,辛丑,辛丑,戊寅,-0.02350463623558785,戊,寅,土,木,1,4,2022-01
2022-01-26,1276.362,辛丑,辛丑,己卯,-0.0005027392239960182,己,卯,土,木,1,4,2022-01
2022-01-27,1240.554,辛丑,辛丑,庚辰,-0.028054736822312187,庚,辰,金,土,1,4,2022-01
2022-01-28,1229.224,辛丑,辛丑,辛巳,-0.009133016378166658,辛,巳,金,火,1,4,2022-01
2022-02-07,1233.618,壬寅,壬寅,辛卯,0.0035746129265292748,辛,卯,金,木,2,6,2022-02
2022-02-08,1204.054,壬寅,壬寅,壬辰,-0.02396527936524906,壬,辰,水,土,2,6,2022-02
2022-02-09,1210.286,壬寅,壬寅,癸巳,0.005175847594875327,癸,巳,水,火,2,6,2022-02
2022-02-10,1188.197,壬寅,壬寅,甲午,-0.018251058014386867,甲,午,木,火,2,6,2022-02
2022-02-11,1169.59,壬寅,壬寅,乙未,-0.01565986111730633,乙,未,木,土,2,6,2022-02
2022-02-14,1169.442,壬寅,壬寅,戊戌,-0.00012654006959700315,戊,戌,土,土,2,7,2022-02
2022-02-15,1203.124,壬寅,壬寅,己亥,0.02880177041700227,己,亥,土,水,2,7,2022-02
2022-02-16,1197.562,壬寅,壬寅,庚子,-0.00462296488142544,庚,子,金,水,2,7,2022-02
2022-02-17,1207.821,壬寅,壬寅,辛丑,0.00856657108358494,辛,丑,金,土,2,7,2022-02
2022-02-18,1204.371,壬寅,壬寅,壬寅,-0.0028563835204056254,壬,寅,水,木,2,7,2022-02
2022-02-21,1193.601,壬寅,壬寅,乙巳,-0.008942427208891601,乙,巳,木,火,2,8,2022-02
2022-02-22,1183.982,壬寅,壬寅,丙午,-0.008058806921240946,丙,午,火,火,2,8,2022-02
2022-02-23,1231.077,壬寅,壬寅,丁未,0.03977678714710198,丁,未,火,土,2,8,2022-02
2022-02-24,1214.989,壬寅,壬寅,戊申,-0.013068232125204138,戊,申,土,金,2,8,2022-02
2022-02-25,1240.878,壬寅,壬寅,己酉,0.02130801184208253,己,酉,土,金,2,8,2022-02
2022-02-28,1249.585,壬寅,壬寅,壬子,0.00701680584231501,壬,子,水,水,2,9,2022-02
2022-03-01,1239.019,壬寅,壬寅,癸丑,-0.008455607261610876,癸,丑,水,土,3,9,2022-03
2022-03-02,1230.278,壬寅,壬寅,甲寅,-0.0070547747855359555,甲,寅,木,木,3,9,2022-03
2022-03-03,1209.819,壬寅,壬寅,乙卯,-0.016629574779033707,乙,卯,木,木,3,9,2022-03
2022-03-04,1203.089,壬寅,壬寅,丙辰,-0.005562815594729487,丙,辰,火,土,3,9,2022-03
2022-03-07,1169.983,壬寅,癸卯,己未,-0.027517498705415755,己,未,土,土,3,10,2022-03
2022-03-08,1137.075,壬寅,癸卯,庚申,-0.028126904408012687,庚,申,金,金,3,10,2022-03
2022-03-09,1129.647,壬寅,癸卯,辛酉,-0.0065325506233099295,辛,酉,金,金,3,10,2022-03
2022-03-10,1153.358,壬寅,癸卯,壬戌,0.020989742813462886,壬,戌,水,土,3,10,2022-03
2022-03-11,1161.21,壬寅,癸卯,癸亥,0.006807946882060989,癸,亥,水,水,3,10,2022-03
2022-03-14,1126.282,壬寅,癸卯,丙寅,-0.03007896935093579,丙,寅,火,木,3,11,2022-03
2022-03-15,1093.433,壬寅,癸卯,丁卯,-0.02916587497624923,丁,卯,火,木,3,11,2022-03
2022-03-16,1125.485,壬寅,癸卯,戊辰,0.029313181511807285,戊,辰,土,土,3,11,2022-03
2022-03-17,1142.713,壬寅,癸卯,己巳,0.015307178682967937,己,巳,土,火,3,11,2022-03
2022-03-18,1144.321,壬寅,癸卯,庚午,0.001407177480259758,庚,午,金,火,3,11,2022-03
2022-03-21,1152.326,壬寅,癸卯,癸酉,0.006995414748134587,癸,酉,水,金,3,12,2022-03
2022-03-22,1134.318,壬寅,癸卯,甲戌,-0.015627522072746758,甲,戌,木,土,3,12,2022-03
2022-03-23,1144.089,壬寅,癸卯,乙亥,0.008613986554035113,乙,亥,木,水,3,12,2022-03
2022-03-24,1134.57,壬寅,癸卯,丙子,-0.008320156910869736,丙,子,火,水,3,12,2022-03
2022-03-25,1106.863,壬寅,癸卯,丁丑,-0.02442070564178489,丁,丑,火,土,3,12,2022-03
2022-03-28,1090.734,壬寅,癸卯,庚辰,-0.01457181241038874,庚,辰,金,土,3,13,2022-03
2022-03-29,1079.933,壬寅,癸卯,辛巳,-0.00990250601888265,辛,巳,金,火,3,13,2022-03
2022-03-30,1112.519,壬寅,癸卯,壬午,0.03017409413361749,壬,午,水,火,3,13,2022-03
2022-03-31,1091.059,壬寅,癸卯,癸未,-0.019289558200803802,癸,未,水,土,3,13,2022-03
2022-04-01,1089.195,壬寅,癸卯,甲申,-0.0017084318996498649,甲,申,木,金,4,13,2022-04
2022-04-06,1058.493,壬寅,甲辰,己丑,-0.02818779006513983,己,丑,土,土,4,14,2022-04
2022-04-07,1036.074,壬寅,甲辰,庚寅,-0.02118011172487666,庚,寅,金,木,4,14,2022-04
2022-04-08,1027.244,壬寅,甲辰,辛卯,-0.00852255726907547,辛,卯,金,木,4,14,2022-04
2022-04-11,988.761,壬寅,甲辰,甲午,-0.03746237505402805,甲,午,木,火,4,15,2022-04
2022-04-12,994.438,壬寅,甲辰,乙未,0.005741529044936078,乙,未,木,土,4,15,2022-04
2022-04-13,964.832,壬寅,甲辰,丙申,-0.029771589581250923,丙,申,火,金,4,15,2022-04
2022-04-14,975.574,壬寅,甲辰,丁酉,0.01113354449271986,丁,酉,火,金,4,15,2022-04
2022-04-15,973.363,壬寅,甲辰,戊戌,-0.0022663580620229107,戊,戌,土,土,4,15,2022-04
2022-04-18,1004.608,壬寅,甲辰,辛丑,0.03210004900535557,辛,丑,金,土,4,16,2022-04
2022-04-19,989.933,壬寅,甲辰,壬寅,-0.01460768777473398,壬,寅,水,木,4,16,2022-04
2022-04-20,973.51,壬寅,甲辰,癸卯,-0.016590011647252934,癸,卯,水,木,4,16,2022-04
2022-04-21,957.717,壬寅,甲辰,甲辰,-0.01622274039301086,甲,辰,木,土,4,16,2022-04
2022-04-22,942.069,壬寅,甲辰,乙巳,-0.01633885584154826,乙,巳,木,火,4,16,2022-04
2022-04-25,884.305,壬寅,甲辰,戊申,-0.06131610317290981,戊,申,土,金,4,17,2022-04
2022-04-26,868.067,壬寅,甲辰,己酉,-0.01836244282232935,己,酉,土,金,4,17,2022-04
2022-04-27,906.433,壬寅,甲辰,庚戌,0.04419704930610191,庚,戌,金,土,4,17,2022-04
2022-04-28,903.064,壬寅,甲辰,辛亥,-0.003716766710832542,辛,亥,金,水,4,17,2022-04
2022-04-29,947.151,壬寅,甲辰,壬子,0.0488193527811982,壬,子,水,水,4,17,2022-04
2022-05-05,956.127,壬寅,乙巳,戊午,0.009476841601814279,戊,午,土,火,5,18,2022-05
2022-05-06,942.227,壬寅,乙巳,己未,-0.01453781767484863,己,未,土,土,5,18,2022-05
2022-05-09,946.725,壬寅,乙巳,壬戌,0.004773796547965725,壬,戌,水,土,5,19,2022-05
2022-05-10,972.141,壬寅,乙巳,癸亥,0.02684623306662437,癸,亥,水,水,5,19,2022-05
2022-05-11,1002.456,壬寅,乙巳,甲子,0.03118374803655022,甲,子,木,水,5,19,2022-05
2022-05-12,1013.063,壬寅,乙巳,乙丑,0.010581013031993436,乙,丑,木,土,5,19,2022-05
2022-05-13,1010.804,壬寅,乙巳,丙寅,-0.002229871192610977,丙,寅,火,木,5,19,2022-05
2022-05-16,996.506,壬寅,乙巳,己巳,-0.014145175523642584,己,巳,土,火,5,20,2022-05
2022-05-17,1010.37,壬寅,乙巳,庚午,0.013912610661651836,庚,午,金,火,5,20,2022-05
2022-05-18,1013.997,壬寅,乙巳,辛未,0.003589774043172289,辛,未,金,土,5,20,2022-05
2022-05-19,1036.341,壬寅,乙巳,壬申,0.022035568152568352,壬,申,水,金,5,20,2022-05
2022-05-20,1045.377,壬寅,乙巳,癸酉,0.008719137812746913,癸,酉,水,金,5,20,2022-05
2022-05-23,1046.146,壬寅,乙巳,丙子,0.0007356197811889675,丙,子,火,水,5,21,2022-05
2022-05-24,996.648,壬寅,乙巳,丁丑,-0.04731461956552907,丁,丑,火,土,5,21,2022-05
2022-05-25,1006.523,壬寅,乙巳,戊寅,0.009908212327722543,戊,寅,土,木,5,21,2022-05
2022-05-26,1004.256,壬寅,乙巳,己卯,-0.002252308193652852,己,卯,土,木,5,21,2022-05
2022-05-27,993.699,壬寅,乙巳,庚辰,-0.010512259822196723,庚,辰,金,土,5,21,2022-05
2022-05-30,1001.54,壬寅,乙巳,癸未,0.007890719423084835,癸,未,水,土,5,22,2022-05
2022-05-31,1035.316,壬寅,乙巳,甲申,0.03372406493999258,甲,申,木,金,5,22,2022-05
2022-06-01,1031.583,壬寅,乙巳,乙酉,-0.0036056624257714276,乙,酉,木,金,6,22,2022-06
2022-06-02,1079.854,壬寅,乙巳,丙戌,0.046793132496367296,丙,戌,火,土,6,22,2022-06
2022-06-06,1121.537,壬寅,丙午,庚寅,0.03860058859808824,庚,寅,金,木,6,23,2022-06
2022-06-07,1111.395,壬寅,丙午,辛卯,-0.009042947312482785,辛,卯,金,木,6,23,2022-06
2022-06-08,1111.674,壬寅,丙午,壬辰,0.0002510358603375895,壬,辰,水,土,6,23,2022-06
2022-06-09,1081.173,壬寅,丙午,癸巳,-0.027437000415589496,癸,巳,水,火,6,23,2022-06
2022-06-10,1102.849,壬寅,丙午,甲午,0.020048595368178823,甲,午,木,火,6,23,2022-06
2022-06-13,1088.377,壬寅,丙午,丁酉,-0.01312237668076044,丁,酉,火,金,6,24,2022-06
2022-06-14,1070.537,壬寅,丙午,戊戌,-0.01639137909014976,戊,戌,土,土,6,24,2022-06
2022-06-15,1062.713,壬寅,丙午,己亥,-0.007308481631181474,己,亥,土,水,6,24,2022-06
2022-06-16,1078.947,壬寅,丙午,庚子,0.015275996435538008,庚,子,金,水,6,24,2022-06
2022-06-17,1092.087,壬寅,丙午,辛丑,0.01217854074389213,辛,丑,金,土,6,24,2022-06
2022-06-20,1095.328,壬寅,丙午,甲辰,0.0029677122793330124,甲,辰,木,土,6,25,2022-06
2022-06-21,1083.021,壬寅,丙午,乙巳,-0.011235903765812627,乙,巳,木,火,6,25,2022-06
2022-06-22,1063.69,壬寅,丙午,丙午,-0.0178491460461061,丙,午,火,火,6,25,2022-06
2022-06-23,1081.844,壬寅,丙午,丁未,0.01706700260414218,丁,未,火,土,6,25,2022-06
2022-06-24,1101.477,壬寅,丙午,戊申,0.01814771815529781,戊,申,土,金,6,25,2022-06
2022-06-27,1103.399,壬寅,丙午,辛亥,0.0017449297624914095,辛,亥,金,水,6,26,2022-06
2022-06-28,1117.284,壬寅,丙午,壬子,0.012583843197248035,壬,子,水,水,6,26,2022-06
2022-06-29,1090.683,壬寅,丙午,癸丑,-0.023808628781939123,癸,丑,水,土,6,26,2022-06
2022-06-30,1105.667,壬寅,丙午,甲寅,0.013738180571256642,甲,寅,木,木,6,26,2022-06
2022-07-01,1089.029,壬寅,丙午,乙卯,-0.015047930344307958,乙,卯,木,木,7,26,2022-07
2022-07-04,1095.09,壬寅,丙午,戊午,0.005565508356526694,戊,午,土,火,7,27,2022-07
2022-07-05,1090.93,壬寅,丙午,己未,-0.0037987745299471465,己,未,土,土,7,27,2022-07
2022-07-06,1101.749,壬寅,丙午,庚申,0.009917226586490413,庚,申,金,金,7,27,2022-07
2022-07-07,1111.673,壬寅,丁未,辛酉,0.009007496262760428,辛,酉,金,金,7,27,2022-07
2022-07-08,1104.022,壬寅,丁未,壬戌,-0.006882419560428343,壬,戌,水,土,7,27,2022-07
2022-07-11,1081.163,壬寅,丁未,乙丑,-0.02070520333833925,乙,丑,木,土,7,28,2022-07
2022-07-12,1049.241,壬寅,丁未,丙寅,-0.029525612696697956,丙,寅,火,木,7,28,2022-07
2022-07-13,1052.792,壬寅,丁未,丁卯,0.0033843511643176782,丁,卯,火,木,7,28,2022-07
2022-07-14,1076.807,壬寅,丁未,戊辰,0.02281077363809758,戊,辰,土,土,7,28,2022-07
2022-07-15,1072.262,壬寅,丁未,己巳,-0.00422081208610281,己,巳,土,火,7,28,2022-07
2022-07-18,1069.332,壬寅,丁未,壬申,-0.0027325411140186606,壬,申,水,金,7,29,2022-07
2022-07-19,1061.853,壬寅,丁未,癸酉,-0.006994086027538704,癸,酉,水,金,7,29,2022-07
2022-07-20,1079.527,壬寅,丁未,甲戌,0.016644488455558326,甲,戌,木,土,7,29,2022-07
2022-07-21,1091.407,壬寅,丁未,乙亥,0.011004819703444024,乙,亥,木,水,7,29,2022-07
2022-07-22,1084.974,壬寅,丁未,丙子,-0.005894226443480699,丙,子,火,水,7,29,2022-07
2022-07-25,1073.761,壬寅,丁未,己卯,-0.010334809866411554,己,卯,土,木,7,30,2022-07
2022-07-26,1084.657,壬寅,丁未,庚辰,0.010147509548214195,庚,辰,金,土,7,30,2022-07
2022-07-27,1095.699,壬寅,丁未,辛巳,0.010180176774777783,辛,巳,金,火,7,30,2022-07
2022-07-28,1108.791,壬寅,丁未,壬午,0.011948536961336798,壬,午,水,火,7,30,2022-07
2022-07-29,1088.913,壬寅,丁未,癸未,-0.01792763469400449,癸,未,水,土,7,30,2022-07
2022-08-01,1100.182,壬寅,丁未,丙戌,0.010348852479491022,丙,戌,火,土,8,31,2022-08
2022-08-02,1094.915,壬寅,丁未,丁亥,-0.0047873897227913575,丁,亥,火,水,8,31,2022-08
2022-08-03,1100.348,壬寅,丁未,戊子,0.004962029015951108,戊,子,土,水,8,31,2022-08
2022-08-04,1110.917,壬寅,丁未,己丑,0.0096051431001829,己,丑,土,土,8,31,2022-08
2022-08-05,1157.333,壬寅,丁未,庚寅,0.04178169926286146,庚,寅,金,木,8,31,2022-08
2022-08-08,1152.577,壬寅,戊申,癸巳,-0.004109448188205245,癸,巳,水,火,8,32,2022-08
2022-08-09,1162.32,壬寅,戊申,甲午,0.00845323132424114,甲,午,木,火,8,32,2022-08
2022-08-10,1156.156,壬寅,戊申,乙未,-0.005303186729988307,乙,未,木,土,8,32,2022-08
2022-08-11,1173.144,壬寅,戊申,丙申,0.01469351886769621,丙,申,火,金,8,32,2022-08
2022-08-12,1146.191,壬寅,戊申,丁酉,-0.022975014150010575,丁,酉,火,金,8,32,2022-08
2022-08-15,1143.747,壬寅,戊申,庚子,-0.0021322798730751824,庚,子,金,水,8,33,2022-08
2022-08-16,1137.302,壬寅,戊申,辛丑,-0.0056349874578907055,辛,丑,金,土,8,33,2022-08
2022-08-17,1132.312,壬寅,戊申,壬寅,-0.004387576914487101,壬,寅,水,木,8,33,2022-08
2022-08-18,1146.634,壬寅,戊申,癸卯,0.012648457315651562,癸,卯,水,木,8,33,2022-08
2022-08-19,1108.452,壬寅,戊申,甲辰,-0.03329920445408041,甲,辰,木,土,8,33,2022-08
2022-08-22,1107.281,壬寅,戊申,丁未,-0.0010564282440738149,丁,未,火,土,8,34,2022-08
2022-08-23,1107.3,壬寅,戊申,戊申,1.7159149303669352e-05,戊,申,土,金,8,34,2022-08
2022-08-24,1068.983,壬寅,戊申,己酉,-0.034603991691501856,己,酉,土,金,8,34,2022-08
2022-08-25,1055.889,壬寅,戊申,庚戌,-0.012249025475615682,庚,戌,金,土,8,34,2022-08
2022-08-26,1045.994,壬寅,戊申,辛亥,-0.009371250197700687,辛,亥,金,水,8,34,2022-08
2022-08-29,1054.285,壬寅,戊申,甲寅,0.007926431700373104,甲,寅,木,木,8,35,2022-08
2022-08-30,1050.282,壬寅,戊申,乙卯,-0.0037968860412508354,乙,卯,木,木,8,35,2022-08
2022-08-31,1029.656,壬寅,戊申,丙辰,-0.019638535174362648,丙,辰,火,土,8,35,2022-08
2022-09-01,1025.66,壬寅,戊申,丁巳,-0.0038809077983325,丁,巳,火,火,9,35,2022-09
2022-09-02,1030.12,壬寅,戊申,戊午,0.004348419554238037,戊,午,土,火,9,35,2022-09
2022-09-05,1024.393,壬寅,戊申,辛酉,-0.005559546460606413,辛,酉,金,金,9,36,2022-09
2022-09-06,1035.784,壬寅,戊申,壬戌,0.011119755796847652,壬,戌,水,土,9,36,2022-09
2022-09-07,1049.579,壬寅,己酉,癸亥,0.013318413877796864,癸,亥,水,水,9,36,2022-09
2022-09-08,1040.773,壬寅,己酉,甲子,-0.008390030669439885,甲,子,木,水,9,36,2022-09
2022-09-09,1033.784,壬寅,己酉,乙丑,-0.00671520110533208,乙,丑,木,土,9,36,2022-09
2022-09-13,1031.17,壬寅,己酉,己巳,-0.0025285746345464766,己,巳,土,火,9,37,2022-09
2022-09-14,1031.304,壬寅,己酉,庚午,0.00012994947486832942,庚,午,金,火,9,37,2022-09
2022-09-15,1000.081,壬寅,己酉,辛未,-0.030275263161977484,辛,未,金,土,9,37,2022-09
2022-09-16,998.518,壬寅,己酉,壬申,-0.0015628734072540285,壬,申,水,金,9,37,2022-09
2022-09-19,975.548,壬寅,己酉,乙亥,-0.02300409206443954,乙,亥,木,水,9,38,2022-09
2022-09-20,985.151,壬寅,己酉,丙子,0.009843698106090093,丙,子,火,水,9,38,2022-09
2022-09-21,970.393,壬寅,己酉,丁丑,-0.014980444622194944,丁,丑,火,土,9,38,2022-09
2022-09-22,975.869,壬寅,己酉,戊寅,0.005643074506926471,戊,寅,土,木,9,38,2022-09
2022-09-23,960.94,壬寅,己酉,己卯,-0.015298159896461438,己,卯,土,木,9,38,2022-09
2022-09-26,961.829,壬寅,己酉,壬午,0.0009251358045245794,壬,午,水,火,9,39,2022-09
2022-09-27,976.445,壬寅,己酉,癸未,0.015196048362027037,癸,未,水,土,9,39,2022-09
2022-09-28,956.188,壬寅,己酉,甲申,-0.020745664118306806,甲,申,木,金,9,39,2022-09
2022-09-29,961.475,壬寅,己酉,乙酉,0.0055292473864971825,乙,酉,木,金,9,39,2022-09
2022-09-30,939.376,壬寅,己酉,丙戌,-0.02298447697548045,丙,戌,火,土,9,39,2022-09
2022-10-10,897.335,壬寅,庚戌,丙申,-0.04475417724106212,丙,申,火,金,10,41,2022-10
2022-10-11,892.739,壬寅,庚戌,丁酉,-0.005121832983222552,丁,酉,火,金,10,41,2022-10
2022-10-12,924.914,壬寅,庚戌,戊戌,0.036040768914542776,戊,戌,土,土,10,41,2022-10
2022-10-13,926.52,壬寅,庚戌,己亥,0.0017363776524088603,己,亥,土,水,10,41,2022-10
2022-10-14,954.924,壬寅,庚戌,庚子,0.030656650692915344,庚,子,金,水,10,41,2022-10
2022-10-17,963.224,壬寅,庚戌,癸卯,0.008691791179193498,癸,卯,水,木,10,42,2022-10
2022-10-18,960.0,壬寅,庚戌,甲辰,-0.003347092680414998,甲,辰,木,土,10,42,2022-10
2022-10-19,949.498,壬寅,庚戌,乙巳,-0.010939583333333336,乙,巳,木,火,10,42,2022-10
2022-10-20,963.952,壬寅,庚戌,丙午,0.01522278088000184,丙,午,火,火,10,42,2022-10
2022-10-21,967.98,壬寅,庚戌,丁未,0.004178631301143598,丁,未,火,土,10,42,2022-10
2022-10-24,969.493,壬寅,庚戌,庚戌,0.0015630488233229212,庚,戌,金,土,10,43,2022-10
2022-10-25,971.334,壬寅,庚戌,辛亥,0.001898930678199795,辛,亥,金,水,10,43,2022-10
2022-10-26,1003.255,壬寅,庚戌,壬子,0.03286305225596964,壬,子,水,水,10,43,2022-10
2022-10-27,1004.909,壬寅,庚戌,癸丑,0.0016486336973151605,癸,丑,水,土,10,43,2022-10
2022-10-28,993.721,壬寅,庚戌,甲寅,-0.01113334640251007,甲,寅,木,木,10,43,2022-10
2022-10-31,1010.327,壬寅,庚戌,丁巳,0.016710927916387064,丁,巳,火,火,10,44,2022-10
2022-11-01,1024.522,壬寅,庚戌,戊午,0.014049906614393093,戊,午,土,火,11,44,2022-11
2022-11-02,1037.179,壬寅,庚戌,己未,0.012354053890497374,己,未,土,土,11,44,2022-11
2022-11-03,1048.07,壬寅,庚戌,庚申,0.010500598257388472,庚,申,金,金,11,44,2022-11
2022-11-04,1072.87,壬寅,庚戌,辛酉,0.023662541624128064,辛,酉,金,金,11,44,2022-11
2022-11-07,1061.351,壬寅,辛亥,甲子,-0.01073662233075745,甲,子,木,水,11,45,2022-11
2022-11-08,1051.709,壬寅,辛亥,乙丑,-0.009084647774393217,乙,丑,木,土,11,45,2022-11
2022-11-09,1037.527,壬寅,辛亥,丙寅,-0.013484718681688546,丙,寅,火,木,11,45,2022-11
2022-11-10,1023.064,壬寅,辛亥,丁卯,-0.013939878191121857,丁,卯,火,木,11,45,2022-11
2022-11-11,1023.265,壬寅,辛亥,戊辰,0.00019646864712274947,戊,辰,土,土,11,45,2022-11
2022-11-14,1022.913,壬寅,辛亥,辛未,-0.00034399691184583414,辛,未,金,土,11,46,2022-11
2022-11-15,1052.045,壬寅,辛亥,壬申,0.028479450354037983,壬,申,水,金,11,46,2022-11
2022-11-16,1036.492,壬寅,辛亥,癸酉,-0.014783588154499205,癸,酉,水,金,11,46,2022-11
2022-11-17,1041.673,壬寅,辛亥,甲戌,0.004998591402538555,甲,戌,木,土,11,46,2022-11
2022-11-18,1031.992,壬寅,辛亥,乙亥,-0.009293703494282823,乙,亥,木,水,11,46,2022-11
2022-11-21,1032.472,壬寅,辛亥,戊寅,0.0004651198846503668,戊,寅,土,木,11,47,2022-11
2022-11-22,1017.822,壬寅,辛亥,己卯,-0.014189246778605114,己,卯,土,木,11,47,2022-11
2022-11-23,1017.016,壬寅,辛亥,庚辰,-0.000791886990063162,庚,辰,金,土,11,47,2022-11
2022-11-24,1015.355,壬寅,辛亥,辛巳,-0.0016332093103745837,辛,巳,金,火,11,47,2022-11
2022-11-25,999.988,壬寅,辛亥,壬午,-0.015134608092736035,壬,午,水,火,11,47,2022-11
2022-11-28,992.812,壬寅,辛亥,乙酉,-0.007176086113033442,乙,酉,木,金,11,48,2022-11
2022-11-29,1002.447,壬寅,辛亥,丙戌,0.00970475779905966,丙,戌,火,土,11,48,2022-11
2022-11-30,1000.263,壬寅,辛亥,丁亥,-0.002178668797452654,丁,亥,火,水,11,48,2022-11
2022-12-01,1009.332,壬寅,辛亥,戊子,0.00906661548012866,戊,子,土,水,12,48,2022-12
2022-12-02,1008.145,壬寅,辛亥,己丑,-0.0011760253316054348,己,丑,土,土,12,48,2022-12
2022-12-05,1003.6,壬寅,辛亥,壬辰,-0.004508280058920011,壬,辰,水,土,12,49,2022-12
2022-12-06,1003.136,壬寅,辛亥,癸巳,-0.00046233559186936724,癸,巳,水,火,12,49,2022-12
2022-12-07,1000.475,壬寅,壬子,甲午,-0.0026526811917825244,甲,午,木,火,12,49,2022-12
2022-12-08,997.315,壬寅,壬子,乙未,-0.0031584997126364867,乙,未,木,土,12,49,2022-12
2022-12-09,1001.686,壬寅,壬子,丙申,0.004382767731358594,丙,申,火,金,12,49,2022-12
2022-12-12,1004.622,壬寅,壬子,己亥,0.00293105823581441,己,亥,土,水,12,50,2022-12
2022-12-13,989.307,壬寅,壬子,庚子,-0.015244539737333973,庚,子,金,水,12,50,2022-12
2022-12-14,984.219,壬寅,壬子,辛丑,-0.005142994035218562,辛,丑,金,土,12,50,2022-12
2022-12-15,989.198,壬寅,壬子,壬寅,0.005058833450685141,壬,寅,水,木,12,50,2022-12
2022-12-16,978.361,壬寅,壬子,癸卯,-0.010955339578122891,癸,卯,水,木,12,50,2022-12
2022-12-19,956.186,壬寅,壬子,丙午,-0.022665457842248382,丙,午,火,火,12,51,2022-12
2022-12-20,952.767,壬寅,壬子,丁未,-0.003575664149025326,丁,未,火,土,12,51,2022-12
2022-12-21,940.835,壬寅,壬子,戊申,-0.012523523589712982,戊,申,土,金,12,51,2022-12
2022-12-22,930.805,壬寅,壬子,己酉,-0.010660742850765681,己,酉,土,金,12,51,2022-12
2022-12-23,920.351,壬寅,壬子,庚戌,-0.011231138638060578,庚,戌,金,土,12,51,2022-12
2022-12-26,951.11,壬寅,壬子,癸丑,0.03342094483517699,癸,丑,水,土,12,52,2022-12
2022-12-27,963.136,壬寅,壬子,甲寅,0.01264417364973558,甲,寅,木,木,12,52,2022-12
2022-12-28,957.274,壬寅,壬子,乙卯,-0.006086367864974407,乙,卯,木,木,12,52,2022-12
2022-12-29,962.253,壬寅,壬子,丙辰,0.005201227652688933,丙,辰,火,土,12,52,2022-12
2022-12-30,959.905,壬寅,壬子,丁巳,-0.002440106707903289,丁,巳,火,火,12,52,2022-12
2023-01-03,979.913,壬寅,壬子,辛酉,0.020843729327381322,辛,酉,金,金,1,1,2023-01
2023-01-04,972.378,壬寅,壬子,壬戌,-0.007689458145774153,壬,戌,水,土,1,1,2023-01
2023-01-05,983.52,壬寅,癸丑,癸亥,0.011458506876955266,癸,亥,水,水,1,1,2023-01
2023-01-06,991.095,壬寅,癸丑,甲子,0.007701927769643735,甲,子,木,水,1,1,2023-01
2023-01-09,988.669,壬寅,癸丑,丁卯,-0.002447797637966098,丁,卯,火,木,1,2,2023-01
2023-01-10,990.315,壬寅,癸丑,戊辰,0.001664864580562364,戊,辰,土,土,1,2,2023-01
2023-01-11,973.962,壬寅,癸丑,己巳,-0.016512927704821267,己,巳,土,火,1,2,2023-01
2023-01-12,974.194,壬寅,癸丑,庚午,0.00023820231179438878,庚,午,金,火,1,2,2023-01
2023-01-13,974.312,壬寅,癸丑,辛未,0.00012112577166356608,辛,未,金,土,1,2,2023-01
2023-01-16,992.613,壬寅,癸丑,甲戌,0.01878351082610097,甲,戌,木,土,1,3,2023-01
2023-01-17,1003.677,壬寅,癸丑,乙亥,0.011146337998797051,乙,亥,木,水,1,3,2023-01
2023-01-18,1006.746,壬寅,癸丑,丙子,0.003057756628875641,丙,子,火,水,1,3,2023-01
2023-01-19,1023.651,壬寅,癸丑,丁丑,0.016791723036396533,丁,丑,火,土,1,3,2023-01
2023-01-20,1029.135,壬寅,癸丑,戊寅,0.005357294624828146,戊,寅,土,木,1,3,2023-01
2023-01-30,1031.61,壬寅,癸丑,戊子,0.0024049322975119303,戊,子,土,水,1,5,2023-01
2023-01-31,1014.358,壬寅,癸丑,己丑,-0.01672337414332936,己,丑,土,土,1,5,2023-01
2023-02-01,1026.398,壬寅,癸丑,庚寅,0.011869576618905642,庚,寅,金,木,2,5,2023-02
2023-02-02,1031.68,壬寅,癸丑,辛卯,0.005146151882603256,辛,卯,金,木,2,5,2023-02
2023-02-03,1033.87,壬寅,癸丑,壬辰,0.00212275124069472,壬,辰,水,土,2,5,2023-02
2023-02-06,1024.426,癸卯,甲寅,乙未,-0.009134610734425008,乙,未,木,土,2,6,2023-02
2023-02-07,1020.166,癸卯,甲寅,丙申,-0.004158426279692096,丙,申,火,金,2,6,2023-02
2023-02-08,1010.694,癸卯,甲寅,丁酉,-0.00928476346006446,丁,酉,火,金,2,6,2023-02
2023-02-09,1036.861,癸卯,甲寅,戊戌,0.025890130939730582,戊,戌,土,土,2,6,2023-02
2023-02-10,1024.538,癸卯,甲寅,己亥,-0.01188491032066985,己,亥,土,水,2,6,2023-02
2023-02-13,1024.036,癸卯,甲寅,壬寅,-0.0004899769457061831,壬,寅,水,木,2,7,2023-02
2023-02-14,1022.669,癸卯,甲寅,癸卯,-0.0013349140069295329,癸,卯,水,木,2,7,2023-02
2023-02-15,1024.217,癸卯,甲寅,甲辰,0.0015136862464786294,甲,辰,木,土,2,7,2023-02
2023-02-16,1005.18,癸卯,甲寅,乙巳,-0.018586881490934237,乙,巳,木,火,2,7,2023-02
2023-02-17,986.335,癸卯,甲寅,丙午,-0.018747885950774923,丙,午,火,火,2,7,2023-02
2023-02-20,998.832,癸卯,甲寅,己酉,0.012670137427952977,己,酉,土,金,2,8,2023-02
2023-02-21,995.725,癸卯,甲寅,庚戌,-0.0031106332196004782,庚,戌,金,土,2,8,2023-02
2023-02-22,989.653,癸卯,甲寅,辛亥,-0.006098069246026738,辛,亥,金,水,2,8,2023-02
2023-02-23,992.462,癸卯,甲寅,壬子,0.0028383685999031627,壬,子,水,水,2,8,2023-02
2023-02-24,990.632,癸卯,甲寅,癸丑,-0.0018438993130216463,癸,丑,水,土,2,8,2023-02
2023-02-27,986.282,癸卯,甲寅,丙辰,-0.004391136163580334,丙,辰,火,土,2,9,2023-02
2023-02-28,990.467,癸卯,甲寅,丁巳,0.004243208331896842,丁,巳,火,火,2,9,2023-02
2023-03-01,994.634,癸卯,甲寅,戊午,0.004207106344784828,戊,午,土,火,3,9,2023-03
2023-03-02,988.894,癸卯,甲寅,己未,-0.005770967008970174,己,未,土,土,3,9,2023-03
2023-03-03,998.901,癸卯,甲寅,庚申,0.010119385899803213,庚,申,金,金,3,9,2023-03
2023-03-06,1007.635,癸卯,乙卯,癸亥,0.00874360922654005,癸,亥,水,水,3,10,2023-03
2023-03-07,990.575,癸卯,乙卯,甲子,-0.01693073384707755,甲,子,木,水,3,10,2023-03
2023-03-08,994.886,癸卯,乙卯,乙丑,0.004352017767458305,乙,丑,木,土,3,10,2023-03
2023-03-09,998.303,癸卯,乙卯,丙寅,0.0034345643621480626,丙,寅,火,木,3,10,2023-03
2023-03-10,993.552,癸卯,乙卯,丁卯,-0.004759076152230257,丁,卯,火,木,3,10,2023-03
2023-03-13,998.907,癸卯,乙卯,庚午,0.00538975312817036,庚,午,金,火,3,11,2023-03
2023-03-14,1013.391,癸卯,乙卯,辛未,0.014499848334229126,辛,未,金,土,3,11,2023-03
2023-03-15,1007.304,癸卯,乙卯,壬申,-0.006006566073706976,壬,申,水,金,3,11,2023-03
2023-03-16,992.435,癸卯,乙卯,癸酉,-0.014761184309801223,癸,酉,水,金,3,11,2023-03
2023-03-17,1015.758,癸卯,乙卯,甲戌,0.02350078342662254,甲,戌,木,土,3,11,2023-03
2023-03-20,1025.321,癸卯,乙卯,丁丑,0.009414644039229758,丁,丑,火,土,3,12,2023-03
2023-03-21,1030.186,癸卯,乙卯,戊寅,0.004744855513541646,戊,寅,土,木,3,12,2023-03
2023-03-22,1034.049,癸卯,乙卯,己卯,0.003749808287047296,己,卯,土,木,3,12,2023-03
2023-03-23,1058.988,癸卯,乙卯,庚辰,0.02411781259882284,庚,辰,金,土,3,12,2023-03
2023-03-24,1060.987,癸卯,乙卯,辛巳,0.001887651229286913,辛,巳,金,火,3,12,2023-03
2023-03-27,1057.487,癸卯,乙卯,甲申,-0.0032988151598464244,甲,申,木,金,3,13,2023-03
2023-03-28,1038.625,癸卯,乙卯,乙酉,-0.0178366258875996,乙,酉,木,金,3,13,2023-03
2023-03-29,1062.136,癸卯,乙卯,丙戌,0.02263665904440959,丙,戌,火,土,3,13,2023-03
2023-03-30,1065.69,癸卯,乙卯,丁亥,0.0033460875066846363,丁,亥,火,水,3,13,2023-03
2023-03-31,1081.541,癸卯,乙卯,戊子,0.014873931443477817,戊,子,土,水,3,13,2023-03
2023-04-03,1126.489,癸卯,乙卯,辛卯,0.04155921966897247,辛,卯,金,木,4,14,2023-04
2023-04-04,1129.084,癸卯,乙卯,壬辰,0.0023036177006610092,壬,辰,水,土,4,14,2023-04
2023-04-10,1129.172,癸卯,丙辰,戊戌,7.793928529675753e-05,戊,戌,土,土,4,15,2023-04
2023-04-11,1121.74,癸卯,丙辰,己亥,-0.006581813930915725,己,亥,土,水,4,15,2023-04
2023-04-12,1129.406,癸卯,丙辰,庚子,0.006834025710057645,庚,子,金,水,4,15,2023-04
2023-04-13,1100.126,癸卯,丙辰,辛丑,-0.0259251323261962,辛,丑,金,土,4,15,2023-04
2023-04-14,1136.213,癸卯,丙辰,壬寅,0.032802606246920885,壬,寅,水,木,4,15,2023-04
2023-04-17,1140.13,癸卯,丙辰,乙巳,0.0034474169895961637,乙,巳,木,火,4,16,2023-04
2023-04-18,1129.817,癸卯,丙辰,丙午,-0.00904545972827664,丙,午,火,火,4,16,2023-04
2023-04-19,1134.404,癸卯,丙辰,丁未,0.004059949531649787,丁,未,火,土,4,16,2023-04
2023-04-20,1164.948,癸卯,丙辰,戊申,0.02692515188592437,戊,申,土,金,4,16,2023-04
2023-04-21,1116.825,癸卯,丙辰,己酉,-0.04130913997878016,己,酉,土,金,4,16,2023-04
2023-04-24,1096.378,癸卯,丙辰,壬子,-0.018308150336892592,壬,子,水,水,4,17,2023-04
2023-04-25,1076.865,癸卯,丙辰,癸丑,-0.017797693861058783,癸,丑,水,土,4,17,2023-04
2023-04-26,1069.005,癸卯,丙辰,甲寅,-0.007298965051329431,甲,寅,木,木,4,17,2023-04
2023-04-27,1068.012,癸卯,丙辰,乙卯,-0.0009289011744567643,乙,卯,木,木,4,17,2023-04
2023-04-28,1087.869,癸卯,丙辰,丙辰,0.018592487724856888,丙,辰,火,土,4,17,2023-04
2023-05-04,1064.205,癸卯,丙辰,壬戌,-0.021752619111308436,壬,戌,水,土,5,18,2023-05
2023-05-05,1049.089,癸卯,丙辰,癸亥,-0.014204030238534893,癸,亥,水,水,5,18,2023-05
2023-05-08,1057.214,癸卯,丁巳,丙寅,0.00774481478692457,丙,寅,火,木,5,19,2023-05
2023-05-09,1034.213,癸卯,丁巳,丁卯,-0.021756238566647768,丁,卯,火,木,5,19,2023-05
2023-05-10,1025.706,癸卯,丁巳,戊辰,-0.008225578289965507,戊,辰,土,土,5,19,2023-05
2023-05-11,1025.971,癸卯,丁巳,己巳,0.00025835863298073747,己,巳,土,火,5,19,2023-05
2023-05-12,1014.105,癸卯,丁巳,庚午,-0.011565629047994519,庚,午,金,火,5,19,2023-05
2023-05-15,1025.785,癸卯,丁巳,癸酉,0.011517545027388776,癸,酉,水,金,5,20,2023-05
2023-05-16,1025.866,癸卯,丁巳,甲戌,7.896391544037762e-05,甲,戌,木,土,5,20,2023-05
2023-05-17,1029.65,癸卯,丁巳,乙亥,0.0036885909075845547,乙,亥,木,水,5,20,2023-05
2023-05-18,1034.822,癸卯,丁巳,丙子,0.005023066090418915,丙,子,火,水,5,20,2023-05
2023-05-19,1040.161,癸卯,丁巳,丁丑,0.0051593414133059845,丁,丑,火,土,5,20,2023-05
2023-05-22,1032.112,癸卯,丁巳,庚辰,-0.0077382251401465485,庚,辰,金,土,5,21,2023-05
2023-05-23,1016.106,癸卯,丁巳,辛巳,-0.015508006882974046,辛,巳,金,火,5,21,2023-05
2023-05-24,1011.774,癸卯,丁巳,壬午,-0.004263334730825297,壬,午,水,火,5,21,2023-05
2023-05-25,1021.719,癸卯,丁巳,癸未,0.009829270172983406,癸,未,水,土,5,21,2023-05
2023-05-26,1038.661,癸卯,丁巳,甲申,0.016581858612788825,甲,申,木,金,5,21,2023-05
2023-05-29,1028.38,癸卯,丁巳,丁亥,-0.009898321011378997,丁,亥,火,水,5,22,2023-05
2023-05-30,1044.425,癸卯,丁巳,戊子,0.015602209300064063,戊,子,土,水,5,22,2023-05
2023-05-31,1053.91,癸卯,丁巳,己丑,0.009081552050171249,己,丑,土,土,5,22,2023-05
2023-06-01,1053.549,癸卯,丁巳,庚寅,-0.00034253399246619853,庚,寅,金,木,6,22,2023-06
2023-06-02,1053.291,癸卯,丁巳,辛卯,-0.0002448865691107027,辛,卯,金,木,6,22,2023-06
2023-06-05,1051.734,癸卯,丁巳,甲午,-0.0014782239665961372,甲,午,木,火,6,23,2023-06
2023-06-06,1022.984,癸卯,戊午,乙未,-0.027335809244542708,乙,未,木,土,6,23,2023-06
2023-06-07,1019.051,癸卯,戊午,丙申,-0.003844634911200906,丙,申,火,金,6,23,2023-06
2023-06-08,1007.12,癸卯,戊午,丁酉,-0.011707951810066453,丁,酉,火,金,6,23,2023-06
2023-06-09,1032.551,癸卯,戊午,戊戌,0.025251211375009852,戊,戌,土,土,6,23,2023-06
2023-06-12,1026.639,癸卯,戊午,辛丑,-0.005725625174930915,辛,丑,金,土,6,24,2023-06
2023-06-13,1039.463,癸卯,戊午,壬寅,0.012491245705647414,壬,寅,水,木,6,24,2023-06
2023-06-14,1035.314,癸卯,戊午,癸卯,-0.0039914840643677785,癸,卯,水,木,6,24,2023-06
2023-06-15,1033.85,癸卯,戊午,甲辰,-0.0014140637526394162,甲,辰,木,土,6,24,2023-06
2023-06-16,1052.883,癸卯,戊午,乙巳,0.01840982734439245,乙,巳,木,火,6,24,2023-06
2023-06-19,1055.454,癸卯,戊午,戊申,0.002441866760124256,戊,申,土,金,6,25,2023-06
2023-06-20,1055.412,癸卯,戊午,己酉,-3.9793302218704696e-05,己,酉,土,金,6,25,2023-06
2023-06-21,1020.222,癸卯,戊午,庚戌,-0.03334242930722797,庚,戌,金,土,6,25,2023-06
2023-06-26,1010.314,癸卯,戊午,乙卯,-0.0097116117864543,乙,卯,木,木,6,26,2023-06
2023-06-27,1011.352,癸卯,戊午,丙辰,0.0010274033617272416,丙,辰,火,土,6,26,2023-06
2023-06-28,1008.219,癸卯,戊午,丁巳,-0.0030978333952965675,丁,巳,火,火,6,26,2023-06
2023-06-29,1001.458,癸卯,戊午,戊午,-0.006705884336637213,戊,午,土,火,6,26,2023-06
2023-06-30,1005.15,癸卯,戊午,己未,0.003686624900894442,己,未,土,土,6,26,2023-06
2023-07-03,1008.399,癸卯,戊午,壬戌,0.003232353380092645,壬,戌,水,土,7,27,2023-07
2023-07-04,1015.396,癸卯,戊午,癸亥,0.006938721676637893,癸,亥,水,水,7,27,2023-07
2023-07-05,1005.732,癸卯,戊午,甲子,-0.009517469046559146,甲,子,木,水,7,27,2023-07
2023-07-06,1002.111,癸卯,戊午,乙丑,-0.0036003627208838207,乙,丑,木,土,7,27,2023-07
2023-07-07,991.849,癸卯,己未,丙寅,-0.01024038255243176,丙,寅,火,木,7,27,2023-07
2023-07-10,993.731,癸卯,己未,己巳,0.0018974662473822956,己,巳,土,火,7,28,2023-07
2023-07-11,1001.414,癸卯,己未,庚午,0.007731468576506195,庚,午,金,火,7,28,2023-07
2023-07-12,984.981,癸卯,己未,辛未,-0.0164097965476816,辛,未,金,土,7,28,2023-07
2023-07-13,995.973,癸卯,己未,壬申,0.01115960612438216,壬,申,水,金,7,28,2023-07
2023-07-14,991.559,癸卯,己未,癸酉,-0.004431847048062543,癸,酉,水,金,7,28,2023-07
2023-07-17,984.821,癸卯,己未,丙子,-0.00679535963064215,丙,子,火,水,7,29,2023-07
2023-07-18,980.019,癸卯,己未,丁丑,-0.0048760130013474345,丁,丑,火,土,7,29,2023-07
2023-07-19,975.115,癸卯,己未,戊寅,-0.005003984616624768,戊,寅,土,木,7,29,2023-07
2023-07-20,961.13,癸卯,己未,己卯,-0.01434189813509179,己,卯,土,木,7,29,2023-07
2023-07-21,955.549,癸卯,己未,庚辰,-0.005806706689001517,庚,辰,金,土,7,29,2023-07
2023-07-24,950.552,癸卯,己未,癸未,-0.005229454481141205,癸,未,水,土,7,30,2023-07
2023-07-25,964.396,癸卯,己未,甲申,0.014564169030205631,甲,申,木,金,7,30,2023-07
2023-07-26,961.597,癸卯,己未,乙酉,-0.002902334725569111,乙,酉,木,金,7,30,2023-07
2023-07-27,952.296,癸卯,己未,丙戌,-0.009672451141174432,丙,戌,火,土,7,30,2023-07
2023-07-28,962.645,癸卯,己未,丁亥,0.010867419373808085,丁,亥,火,水,7,30,2023-07
2023-07-31,968.994,癸卯,己未,庚寅,0.0065953700481486965,庚,寅,金,木,7,31,2023-07
2023-08-01,969.683,癸卯,己未,辛卯,0.0007110467144275656,辛,卯,金,木,8,31,2023-08
2023-08-02,968.439,癸卯,己未,壬辰,-0.0012828934816841997,壬,辰,水,土,8,31,2023-08
2023-08-03,970.373,癸卯,己未,癸巳,0.0019970282072490075,癸,巳,水,火,8,31,2023-08
2023-08-04,975.778,癸卯,己未,甲午,0.005570023073601549,甲,午,木,火,8,31,2023-08
2023-08-07,968.898,癸卯,己未,丁酉,-0.007050784092283324,丁,酉,火,金,8,32,2023-08
2023-08-08,965.532,癸卯,庚申,戊戌,-0.003474049899989451,戊,戌,土,土,8,32,2023-08
2023-08-09,957.369,癸卯,庚申,己亥,-0.008454406482643728,己,亥,土,水,8,32,2023-08
2023-08-10,959.17,癸卯,庚申,庚子,0.0018811973230801193,庚,子,金,水,8,32,2023-08
2023-08-11,938.765,癸卯,庚申,辛丑,-0.02127360113431398,辛,丑,金,土,8,32,2023-08
2023-08-14,930.495,癸卯,庚申,甲辰,-0.008809446453585279,甲,辰,木,土,8,33,2023-08
2023-08-15,917.45,癸卯,庚申,乙巳,-0.014019419771197028,乙,巳,木,火,8,33,2023-08
2023-08-16,901.787,癸卯,庚申,丙午,-0.017072320017439635,丙,午,火,火,8,33,2023-08
2023-08-17,910.378,癸卯,庚申,丁未,0.00952663988281044,丁,未,火,土,8,33,2023-08
2023-08-18,904.249,癸卯,庚申,戊申,-0.006732368312942549,戊,申,土,金,8,33,2023-08
2023-08-21,892.093,癸卯,庚申,辛亥,-0.013443199826596475,辛,亥,金,水,8,34,2023-08
2023-08-22,901.128,癸卯,庚申,壬子,0.010127867834407445,壬,子,水,水,8,34,2023-08
2023-08-23,879.459,癸卯,庚申,癸丑,-0.0240465283511333,癸,丑,水,土,8,34,2023-08
2023-08-24,885.476,癸卯,庚申,甲寅,0.006841706094314892,甲,寅,木,木,8,34,2023-08
2023-08-25,870.399,癸卯,庚申,乙卯,-0.01702700016714176,乙,卯,木,木,8,34,2023-08
2023-08-28,880.191,癸卯,庚申,戊午,0.011250012925106745,戊,午,土,火,8,35,2023-08
2023-08-29,916.455,癸卯,庚申,己未,0.04120014860410981,己,未,土,土,8,35,2023-08
2023-08-30,939.648,癸卯,庚申,庚申,0.02530729823068234,庚,申,金,金,8,35,2023-08
2023-08-31,942.613,癸卯,庚申,辛酉,0.0031554369295736517,辛,酉,金,金,8,35,2023-08
2023-09-01,934.787,癸卯,庚申,壬戌,-0.008302452862415488,壬,戌,水,土,9,35,2023-09
2023-09-04,942.428,癸卯,庚申,乙丑,0.008174054624208393,乙,丑,木,土,9,36,2023-09
2023-09-05,930.629,癸卯,庚申,丙寅,-0.01251978931016473,丙,寅,火,木,9,36,2023-09
2023-09-06,934.604,癸卯,庚申,丁卯,0.004271304676729315,丁,卯,火,木,9,36,2023-09
2023-09-07,899.828,癸卯,庚申,戊辰,-0.0372093421384887,戊,辰,土,土,9,36,2023-09
2023-09-08,901.506,癸卯,辛酉,己巳,0.0018648008286028528,己,巳,土,火,9,36,2023-09
2023-09-11,907.505,癸卯,辛酉,壬申,0.0066544204919323224,壬,申,水,金,9,37,2023-09
2023-09-12,901.622,癸卯,辛酉,癸酉,-0.006482608911245746,癸,酉,水,金,9,37,2023-09
2023-09-13,889.132,癸卯,辛酉,甲戌,-0.013852811932273168,甲,戌,木,土,9,37,2023-09
2023-09-14,880.802,癸卯,辛酉,乙亥,-0.009368687663923847,乙,亥,木,水,9,37,2023-09
2023-09-15,887.013,癸卯,辛酉,丙子,0.007051528039218713,丙,子,火,水,9,37,2023-09
2023-09-18,879.534,癸卯,辛酉,己卯,-0.008431668983430951,己,卯,土,木,9,38,2023-09
2023-09-19,873.618,癸卯,辛酉,庚辰,-0.006726289148571762,庚,辰,金,土,9,38,2023-09
2023-09-20,866.023,癸卯,辛酉,辛巳,-0.008693731127334847,辛,巳,金,火,9,38,2023-09
2023-09-21,860.394,癸卯,辛酉,壬午,-0.006499827371790334,壬,午,水,火,9,38,2023-09
2023-09-22,882.878,癸卯,辛酉,癸未,0.02613221384621478,癸,未,水,土,9,38,2023-09
2023-09-25,874.555,癸卯,辛酉,丙戌,-0.00942712356633657,丙,戌,火,土,9,39,2023-09
2023-09-26,876.051,癸卯,辛酉,丁亥,0.0017105842399849358,丁,亥,火,水,9,39,2023-09
2023-09-27,880.17,癸卯,辛酉,戊子,0.004701781060691523,戊,子,土,水,9,39,2023-09
2023-09-28,887.8,癸卯,辛酉,己丑,0.008668779894793088,己,丑,土,土,9,39,2023-09
2023-10-09,887.212,癸卯,壬戌,庚子,-0.0006623113313809492,庚,子,金,水,10,41,2023-10
2023-10-10,882.044,癸卯,壬戌,辛丑,-0.005824988841449441,辛,丑,金,土,10,41,2023-10
2023-10-11,893.449,癸卯,壬戌,壬寅,0.012930193958577973,壬,寅,水,木,10,41,2023-10
2023-10-12,899.984,癸卯,壬戌,癸卯,0.00731435146270254,癸,卯,水,木,10,41,2023-10
2023-10-13,891.72,癸卯,壬戌,甲辰,-0.00918238546463046,甲,辰,木,土,10,41,2023-10
2023-10-16,874.026,癸卯,壬戌,丁未,-0.019842551473556846,丁,未,火,土,10,42,2023-10
2023-10-17,882.191,癸卯,壬戌,戊申,0.009341827359826915,戊,申,土,金,10,42,2023-10
2023-10-18,869.762,癸卯,壬戌,己酉,-0.014088785761813605,己,酉,土,金,10,42,2023-10
2023-10-19,870.101,癸卯,壬戌,庚戌,0.00038976179690553003,庚,戌,金,土,10,42,2023-10
2023-10-20,861.809,癸卯,壬戌,辛亥,-0.00952992813477982,辛,亥,金,水,10,42,2023-10
2023-10-23,840.144,癸卯,壬戌,甲寅,-0.025138980911083464,甲,寅,木,木,10,43,2023-10
2023-10-24,850.614,癸卯,壬戌,乙卯,0.012462149345826568,乙,卯,木,木,10,43,2023-10
2023-10-25,848.646,癸卯,壬戌,丙辰,-0.0023136228653656277,丙,辰,火,土,10,43,2023-10
2023-10-26,849.309,癸卯,壬戌,丁巳,0.000781244476495413,丁,巳,火,火,10,43,2023-10
2023-10-27,861.852,癸卯,壬戌,戊午,0.014768476490888416,戊,午,土,火,10,43,2023-10
2023-10-30,878.129,癸卯,壬戌,辛酉,0.018886073246914936,辛,酉,金,金,10,44,2023-10
2023-10-31,874.406,癸卯,壬戌,壬戌,-0.004239695989996961,壬,戌,水,土,10,44,2023-10
2023-11-01,869.918,癸卯,壬戌,癸亥,-0.005132627177764082,癸,亥,水,水,11,44,2023-11
2023-11-02,859.932,癸卯,壬戌,甲子,-0.011479242871167195,甲,子,木,水,11,44,2023-11
2023-11-03,875.373,癸卯,壬戌,乙丑,0.01795607094514451,乙,丑,木,土,11,44,2023-11
2023-11-06,890.207,癸卯,壬戌,戊辰,0.01694591905393472,戊,辰,土,土,11,45,2023-11
2023-11-07,891.456,癸卯,壬戌,己巳,0.0014030444604458125,己,巳,土,火,11,45,2023-11
2023-11-08,899.626,癸卯,癸亥,庚午,0.00916478210926841,庚,午,金,火,11,45,2023-11
2023-11-09,893.798,癸卯,癸亥,辛未,-0.006478247627347389,辛,未,金,土,11,45,2023-11
2023-11-10,889.75,癸卯,癸亥,壬申,-0.0045289875340960295,壬,申,水,金,11,45,2023-11
2023-11-13,896.551,癸卯,癸亥,乙亥,0.00764372014610859,乙,亥,木,水,11,46,2023-11
2023-11-14,904.341,癸卯,癸亥,丙子,0.008688853171765931,丙,子,火,水,11,46,2023-11
2023-11-15,902.18,癸卯,癸亥,丁丑,-0.002389585344466316,丁,丑,火,土,11,46,2023-11
2023-11-16,887.111,癸卯,癸亥,戊寅,-0.016702875257709082,戊,寅,土,木,11,46,2023-11
2023-11-17,891.38,癸卯,癸亥,己卯,0.004812250101734694,己,卯,土,木,11,46,2023-11
2023-11-20,892.631,癸卯,癸亥,壬午,0.001403441854203491,壬,午,水,火,11,47,2023-11
2023-11-21,884.895,癸卯,癸亥,癸未,-0.0086665150549331,癸,未,水,土,11,47,2023-11
2023-11-22,870.76,癸卯,癸亥,甲申,-0.015973646590838442,甲,申,木,金,11,47,2023-11
2023-11-23,877.77,癸卯,癸亥,乙酉,0.008050438697229989,乙,酉,木,金,11,47,2023-11
2023-11-24,864.774,癸卯,癸亥,丙戌,-0.014805700810007205,丙,戌,火,土,11,47,2023-11
2023-11-27,868.03,癸卯,癸亥,己丑,0.0037651455756069208,己,丑,土,土,11,48,2023-11
2023-11-28,871.906,癸卯,癸亥,庚寅,0.004465283457945057,庚,寅,金,木,11,48,2023-11
2023-11-29,862.036,癸卯,癸亥,辛卯,-0.011320027617656048,辛,卯,金,木,11,48,2023-11
2023-11-30,865.685,癸卯,癸亥,壬辰,0.004233001869991426,壬,辰,水,土,11,48,2023-11
2023-12-01,867.537,癸卯,癸亥,癸巳,0.002139346298018374,癸,巳,水,火,12,48,2023-12
2023-12-04,861.92,癸卯,癸亥,丙申,-0.0064746518015946775,丙,申,火,金,12,49,2023-12
2023-12-05,845.8,癸卯,癸亥,丁酉,-0.01870243178021158,丁,酉,火,金,12,49,2023-12
2023-12-06,848.791,癸卯,癸亥,戊戌,0.003536296996926147,戊,戌,土,土,12,49,2023-12
2023-12-07,847.476,癸卯,甲子,己亥,-0.0015492624214913375,己,亥,土,水,12,49,2023-12
2023-12-08,868.234,癸卯,甲子,庚子,0.024493908972053502,庚,子,金,水,12,49,2023-12
2023-12-11,878.516,癸卯,甲子,癸卯,0.011842429575436908,癸,卯,水,木,12,50,2023-12
2023-12-12,869.967,癸卯,甲子,甲辰,-0.009731183040491032,甲,辰,木,土,12,50,2023-12
2023-12-13,861.251,癸卯,甲子,乙巳,-0.010018770826939472,乙,巳,木,火,12,50,2023-12
2023-12-14,855.898,癸卯,甲子,丙午,-0.0062153773986909355,丙,午,火,火,12,50,2023-12
2023-12-15,847.507,癸卯,甲子,丁未,-0.009803738295918518,丁,未,火,土,12,50,2023-12
2023-12-18,840.681,癸卯,甲子,庚戌,-0.008054210761680891,庚,戌,金,土,12,51,2023-12
2023-12-19,845.859,癸卯,甲子,辛亥,0.006159292288037799,辛,亥,金,水,12,51,2023-12
2023-12-20,835.713,癸卯,甲子,壬子,-0.011994906952577322,壬,子,水,水,12,51,2023-12
2023-12-21,847.817,癸卯,甲子,癸丑,0.014483441085635818,癸,丑,水,土,12,51,2023-12
2023-12-22,843.318,癸卯,甲子,甲寅,-0.005306569696054697,甲,寅,木,木,12,51,2023-12
2023-12-25,837.222,癸卯,甲子,丁巳,-0.007228589926931428,丁,巳,火,火,12,52,2023-12
2023-12-26,825.258,癸卯,甲子,戊午,-0.014290116599898206,戊,午,土,火,12,52,2023-12
2023-12-27,830.057,癸卯,甲子,己未,0.00581515114061304,己,未,土,土,12,52,2023-12
2023-12-28,850.385,癸卯,甲子,庚申,0.02448988442962352,庚,申,金,金,12,52,2023-12
2023-12-29,852.005,癸卯,甲子,辛酉,0.0019050194911716112,辛,酉,金,金,12,52,2023-12
2024-01-02,839.801,癸卯,甲子,乙丑,-0.014323859601762856,乙,丑,木,土,1,1,2024-01
2024-01-03,829.772,癸卯,甲子,丙寅,-0.011942114858162767,丙,寅,火,木,1,1,2024-01
2024-01-04,823.848,癸卯,甲子,丁卯,-0.007139310557599088,丁,卯,火,木,1,1,2024-01
2024-01-05,807.729,癸卯,甲子,戊辰,-0.019565502374224275,戊,辰,土,土,1,1,2024-01
2024-01-08,784.433,癸卯,乙丑,辛未,-0.028841356445045374,辛,未,金,土,1,2,2024-01
2024-01-09,782.926,癸卯,乙丑,壬申,-0.0019211328437227504,壬,申,水,金,1,2,2024-01
2024-01-10,777.153,癸卯,乙丑,癸酉,-0.007373621517231532,癸,酉,水,金,1,2,2024-01
2024-01-11,789.864,癸卯,乙丑,甲戌,0.01635585270854012,甲,戌,木,土,1,2,2024-01
2024-01-12,778.358,癸卯,乙丑,乙亥,-0.014567064709874233,乙,亥,木,水,1,2,2024-01
2024-01-15,773.405,癸卯,乙丑,戊寅,-0.00636339576390299,戊,寅,土,木,1,3,2024-01
2024-01-16,777.403,癸卯,乙丑,己卯,0.005169348530200901,己,卯,土,木,1,3,2024-01
2024-01-17,757.045,癸卯,乙丑,庚辰,-0.026187189913082443,庚,辰,金,土,1,3,2024-01
2024-01-18,768.282,癸卯,乙丑,辛巳,0.014843239173365053,辛,巳,金,火,1,3,2024-01
2024-01-19,765.47,癸卯,乙丑,壬午,-0.0036601143850826245,壬,午,水,火,1,3,2024-01
2024-01-22,742.227,癸卯,乙丑,乙酉,-0.03036435131357207,乙,酉,木,金,1,4,2024-01
2024-01-23,749.743,癸卯,乙丑,丙戌,0.010126282121238006,丙,戌,火,土,1,4,2024-01
2024-01-24,750.275,癸卯,乙丑,丁亥,0.0007095764815410188,丁,亥,火,水,1,4,2024-01
2024-01-25,765.791,癸卯,乙丑,戊子,0.020680417180367394,戊,子,土,水,1,4,2024-01
2024-01-26,746.096,癸卯,乙丑,己丑,-0.025718505440779582,己,丑,土,土,1,4,2024-01
2024-01-29,725.308,癸卯,乙丑,壬辰,-0.027862366237052627,壬,辰,水,土,1,5,2024-01
2024-01-30,697.845,癸卯,乙丑,癸巳,-0.03786391436465608,癸,巳,水,火,1,5,2024-01
2024-01-31,684.852,癸卯,乙丑,甲午,-0.018618747716183437,甲,午,木,火,1,5,2024-01
2024-02-01,690.005,癸卯,乙丑,乙未,0.007524253415336579,乙,未,木,土,2,5,2024-02
2024-02-02,673.407,癸卯,乙丑,丙申,-0.02405489815291184,丙,申,火,金,2,5,2024-02
2024-02-05,676.793,甲辰,丙寅,己亥,0.005028162760410737,己,亥,土,水,2,6,2024-02
2024-02-06,720.8,甲辰,丙寅,庚子,0.06502283563807532,庚,子,金,水,2,6,2024-02
2024-02-07,743.423,甲辰,丙寅,辛丑,0.03138596004439509,辛,丑,金,土,2,6,2024-02
2024-02-08,751.504,甲辰,丙寅,壬寅,0.010869989225515075,壬,寅,水,木,2,6,2024-02
2024-02-19,763.316,甲辰,丙寅,癸丑,0.01571781387723825,癸,丑,水,土,2,8,2024-02
2024-02-20,754.702,甲辰,丙寅,甲寅,-0.011284972409853933,甲,寅,木,木,2,8,2024-02
2024-02-21,755.155,甲辰,丙寅,乙卯,0.0006002369147026787,乙,卯,木,木,2,8,2024-02
2024-02-22,762.382,甲辰,丙寅,丙辰,0.009570220683170927,丙,辰,火,土,2,8,2024-02
2024-02-23,764.482,甲辰,丙寅,丁巳,0.002754524634632105,丁,巳,火,火,2,8,2024-02
2024-02-26,768.488,甲辰,丙寅,庚申,0.005240149539165184,庚,申,金,金,2,9,2024-02
2024-02-27,796.907,甲辰,丙寅,辛酉,0.036980408282237365,辛,酉,金,金,2,9,2024-02
2024-02-28,771.592,甲辰,丙寅,壬戌,-0.03176656749156437,壬,戌,水,土,2,9,2024-02
2024-02-29,807.707,甲辰,丙寅,癸亥,0.0468058248400709,癸,亥,水,水,2,9,2024-02
2024-03-01,815.487,甲辰,丙寅,甲子,0.009632205737971855,甲,子,木,水,3,9,2024-03
2024-03-04,818.513,甲辰,丙寅,丁卯,0.0037106661418269127,丁,卯,火,木,3,10,2024-03
2024-03-05,817.772,甲辰,丁卯,戊辰,-0.0009053002212549011,戊,辰,土,土,3,10,2024-03
2024-03-06,811.899,甲辰,丁卯,己巳,-0.007181708349026428,己,巳,土,火,3,10,2024-03
2024-03-07,794.239,甲辰,丁卯,庚午,-0.02175147401339328,庚,午,金,火,3,10,2024-03
2024-03-08,803.2,甲辰,丁卯,辛未,0.011282498089365989,辛,未,金,土,3,10,2024-03
2024-03-11,818.439,甲辰,丁卯,甲戌,0.01897285856573694,甲,戌,木,土,3,11,2024-03
2024-03-12,817.75,甲辰,丁卯,乙亥,-0.0008418464906975176,乙,亥,木,水,3,11,2024-03
2024-03-13,814.932,甲辰,丁卯,丙子,-0.003446040966065378,丙,子,火,水,3,11,2024-03
2024-03-14,804.856,甲辰,丁卯,丁丑,-0.012364221800101105,丁,丑,火,土,3,11,2024-03
2024-03-15,808.674,甲辰,丁卯,戊寅,0.0047437057063624,戊,寅,土,木,3,11,2024-03
2024-03-18,825.4,甲辰,丁卯,辛巳,0.020683241949166264,辛,巳,金,火,3,12,2024-03
2024-03-19,811.774,甲辰,丁卯,壬午,-0.01650835958323238,壬,午,水,火,3,12,2024-03
2024-03-20,814.027,甲辰,丁卯,癸未,0.0027754030062554502,癸,未,水,土,3,12,2024-03
2024-03-21,806.138,甲辰,丁卯,甲申,-0.009691324734928952,甲,申,木,金,3,12,2024-03
2024-03-22,794.201,甲辰,丁卯,乙酉,-0.014807638394418787,乙,酉,木,金,3,12,2024-03
2024-03-25,781.646,甲辰,丁卯,戊子,-0.015808340709719704,戊,子,土,水,3,13,2024-03
2024-03-26,772.089,甲辰,丁卯,己丑,-0.012226762498624533,己,丑,土,土,3,13,2024-03
2024-03-27,752.821,甲辰,丁卯,庚寅,-0.024955672208773927,庚,寅,金,木,3,13,2024-03
2024-03-28,763.275,甲辰,丁卯,辛卯,0.013886435155236132,辛,卯,金,木,3,13,2024-03
2024-03-29,762.742,甲辰,丁卯,壬辰,-0.0006983066391537118,壬,辰,水,土,3,13,2024-03
2024-04-01,775.526,甲辰,丁卯,乙未,0.016760582215218145,乙,未,木,土,4,14,2024-04
2024-04-02,768.787,甲辰,丁卯,丙申,-0.008689586164744911,丙,申,火,金,4,14,2024-04
2024-04-03,756.764,甲辰,丁卯,丁酉,-0.015638922094156182,丁,酉,火,金,4,14,2024-04
2024-04-08,740.665,甲辰,戊辰,壬寅,-0.021273474953882654,壬,寅,水,木,4,15,2024-04
2024-04-09,749.626,甲辰,戊辰,癸卯,0.012098587080529022,癸,卯,水,木,4,15,2024-04
2024-04-10,735.734,甲辰,戊辰,甲辰,-0.018531907911411793,甲,辰,木,土,4,15,2024-04
2024-04-11,738.674,甲辰,戊辰,乙巳,0.003996009427320146,乙,巳,木,火,4,15,2024-04
2024-04-12,738.43,甲辰,戊辰,丙午,-0.0003303216303809364,丙,午,火,火,4,15,2024-04
2024-04-15,750.899,甲辰,戊辰,己酉,0.016885825332123572,己,酉,土,金,4,16,2024-04
2024-04-16,733.147,甲辰,戊辰,庚戌,-0.02364099565986899,庚,戌,金,土,4,16,2024-04
2024-04-17,750.888,甲辰,戊辰,辛亥,0.024198421326146136,辛,亥,金,水,4,16,2024-04
2024-04-18,745.695,甲辰,戊辰,壬子,-0.006915811678972039,壬,子,水,水,4,16,2024-04
2024-04-19,730.562,甲辰,戊辰,癸丑,-0.02029381985932588,癸,丑,水,土,4,16,2024-04
2024-04-22,731.811,甲辰,戊辰,丙辰,0.0017096427134180026,丙,辰,火,土,4,17,2024-04
2024-04-23,727.853,甲辰,戊辰,丁巳,-0.005408500282176765,丁,巳,火,火,4,17,2024-04
2024-04-24,738.635,甲辰,戊辰,戊午,0.014813430733953137,戊,午,土,火,4,17,2024-04
2024-04-25,733.344,甲辰,戊辰,己未,-0.007163213224393616,己,未,土,土,4,17,2024-04
2024-04-26,752.25,甲辰,戊辰,庚申,0.025780534101322194,庚,申,金,金,4,17,2024-04
2024-04-29,776.154,甲辰,戊辰,癸亥,0.03177666999002993,癸,亥,水,水,4,18,2024-04
2024-04-30,767.464,甲辰,戊辰,甲子,-0.011196231675672519,甲,子,木,水,4,18,2024-04
2024-05-06,777.663,甲辰,己巳,庚午,0.013289222686666768,庚,午,金,火,5,19,2024-05
2024-05-07,769.792,甲辰,己巳,辛未,-0.010121350765048609,辛,未,金,土,5,19,2024-05
2024-05-08,761.658,甲辰,己巳,壬申,-0.01056649068839377,壬,申,水,金,5,19,2024-05
2024-05-09,778.873,甲辰,己巳,癸酉,0.022602007725252005,癸,酉,水,金,5,19,2024-05
2024-05-10,767.172,甲辰,己巳,甲戌,-0.0150229883434142,甲,戌,木,土,5,19,2024-05
2024-05-13,763.69,甲辰,己巳,丁丑,-0.004538747503819218,丁,丑,火,土,5,20,2024-05
2024-05-14,760.305,甲辰,己巳,戊寅,-0.0044324267700246445,戊,寅,土,木,5,20,2024-05
2024-05-15,749.474,甲辰,己巳,己卯,-0.014245598805742277,己,卯,土,木,5,20,2024-05
2024-05-16,746.472,甲辰,己巳,庚辰,-0.004005475840389461,庚,辰,金,土,5,20,2024-05
2024-05-17,754.418,甲辰,己巳,辛巳,0.010644739521375346,辛,巳,金,火,5,20,2024-05
2024-05-20,753.542,甲辰,己巳,甲申,-0.001161159993531391,甲,申,木,金,5,21,2024-05
2024-05-21,748.235,甲辰,己巳,乙酉,-0.007042739488973382,乙,酉,木,金,5,21,2024-05
2024-05-22,754.973,甲辰,己巳,丙戌,0.009005192219021962,丙,戌,火,土,5,21,2024-05
2024-05-23,742.396,甲辰,己巳,丁亥,-0.016658873893503512,丁,亥,火,水,5,21,2024-05
2024-05-24,727.207,甲辰,己巳,戊子,-0.020459431354694746,戊,子,土,水,5,21,2024-05
2024-05-27,738.653,甲辰,己巳,辛卯,0.015739672472899757,辛,卯,金,木,5,22,2024-05
2024-05-28,734.849,甲辰,己巳,壬辰,-0.005149914777304088,壬,辰,水,土,5,22,2024-05
2024-05-29,734.333,甲辰,己巳,癸巳,-0.0007021850747569447,癸,巳,水,火,5,22,2024-05
2024-05-30,742.704,甲辰,己巳,甲午,0.01139946046276008,甲,午,木,火,5,22,2024-05
2024-05-31,743.228,甲辰,己巳,乙未,0.0007055300631206851,乙,未,木,土,5,22,2024-05
2024-06-03,750.427,甲辰,己巳,戊戌,0.00968612592636453,戊,戌,土,土,6,23,2024-06
2024-06-04,753.638,甲辰,己巳,己亥,0.004278897214519128,己,亥,土,水,6,23,2024-06
2024-06-05,752.045,甲辰,庚午,庚子,-0.0021137469182818114,庚,子,金,水,6,23,2024-06
2024-06-06,743.229,甲辰,庚午,辛丑,-0.011722702763797277,辛,丑,金,土,6,23,2024-06
2024-06-07,737.926,甲辰,庚午,壬寅,-0.0071350821886659865,壬,寅,水,木,6,23,2024-06
2024-06-11,755.835,甲辰,庚午,丙午,0.02426937118356043,丙,午,火,火,6,24,2024-06
2024-06-12,754.933,甲辰,庚午,丁未,-0.00119338215351239,丁,未,火,土,6,24,2024-06
2024-06-13,758.982,甲辰,庚午,戊申,0.00536338986373619,戊,申,土,金,6,24,2024-06
2024-06-14,754.261,甲辰,庚午,己酉,-0.006220173864465828,己,酉,土,金,6,24,2024-06
2024-06-17,757.106,甲辰,庚午,壬子,0.0037719038900327906,壬,子,水,水,6,25,2024-06
2024-06-18,756.904,甲辰,庚午,癸丑,-0.00026680544071766565,癸,丑,水,土,6,25,2024-06
2024-06-19,751.688,甲辰,庚午,甲寅,-0.006891230591990594,甲,寅,木,木,6,25,2024-06
2024-06-20,755.151,甲辰,庚午,乙卯,0.004606964591692186,乙,卯,木,木,6,25,2024-06
2024-06-21,758.374,甲辰,庚午,丙辰,0.004268020568071851,丙,辰,火,土,6,25,2024-06
2024-06-24,739.142,甲辰,庚午,己未,-0.025359519181828438,己,未,土,土,6,26,2024-06
2024-06-25,717.749,甲辰,庚午,庚申,-0.028943017715134634,庚,申,金,金,6,26,2024-06
2024-06-26,729.644,甲辰,庚午,辛酉,0.016572645869238345,辛,酉,金,金,6,26,2024-06
2024-06-27,715.357,甲辰,庚午,壬戌,-0.01958078186074308,壬,戌,水,土,6,26,2024-06
2024-06-28,712.077,甲辰,庚午,癸亥,-0.0045851232321763025,癸,亥,水,水,6,26,2024-06
2024-07-01,709.603,甲辰,庚午,丙寅,-0.0034743433645518795,丙,寅,火,木,7,27,2024-07
2024-07-02,699.123,甲辰,庚午,丁卯,-0.014768821439593571,丁,卯,火,木,7,27,2024-07
2024-07-03,701.785,甲辰,庚午,戊辰,0.0038076275562382023,戊,辰,土,土,7,27,2024-07
2024-07-04,690.376,甲辰,庚午,己巳,-0.016257115783323894,己,巳,土,火,7,27,2024-07
2024-07-05,698.849,甲辰,庚午,庚午,0.012273022237157871,庚,午,金,火,7,27,2024-07
2024-07-08,692.488,甲辰,辛未,癸酉,-0.009102109325476615,癸,酉,水,金,7,28,2024-07
2024-07-09,709.888,甲辰,辛未,甲戌,0.025126789200679234,甲,戌,木,土,7,28,2024-07
2024-07-10,710.369,甲辰,辛未,乙亥,0.0006775716732780879,乙,亥,木,水,7,28,2024-07
2024-07-11,718.04,甲辰,辛未,丙子,0.01079861311515562,丙,子,火,水,7,28,2024-07
2024-07-12,718.37,甲辰,辛未,丁丑,0.0004595844242660796,丁,丑,火,土,7,28,2024-07
2024-07-15,715.864,甲辰,辛未,庚辰,-0.003488453025599636,庚,辰,金,土,7,29,2024-07
2024-07-16,732.064,甲辰,辛未,辛巳,0.022629996759160775,辛,巳,金,火,7,29,2024-07
2024-07-17,729.002,甲辰,辛未,壬午,-0.004182694409232024,壬,午,水,火,7,29,2024-07
2024-07-18,735.41,甲辰,辛未,癸未,0.008790099341291269,癸,未,水,土,7,29,2024-07
2024-07-19,749.471,甲辰,辛未,甲申,0.019119946696400714,甲,申,木,金,7,29,2024-07
2024-07-22,752.001,甲辰,辛未,丁亥,0.003375714337179092,丁,亥,火,水,7,30,2024-07
2024-07-23,721.108,甲辰,辛未,戊子,-0.041081062392204326,戊,子,土,水,7,30,2024-07
2024-07-24,713.321,甲辰,辛未,己丑,-0.010798659840134839,己,丑,土,土,7,30,2024-07
2024-07-25,713.883,甲辰,辛未,庚寅,0.000787864089238921,庚,寅,金,木,7,30,2024-07
2024-07-26,719.87,甲辰,辛未,辛卯,0.008386528324669351,辛,卯,金,木,7,30,2024-07
2024-07-29,707.597,甲辰,辛未,甲午,-0.01704891160904054,甲,午,木,火,7,31,2024-07
2024-07-30,710.015,甲辰,辛未,乙未,0.003417199338041188,乙,未,木,土,7,31,2024-07
2024-07-31,743.374,甲辰,辛未,丙申,0.046983514432793694,丙,申,火,金,7,31,2024-07
2024-08-01,738.871,甲辰,辛未,丁酉,-0.006057516135888563,丁,酉,火,金,8,31,2024-08
2024-08-02,725.66,甲辰,辛未,戊戌,-0.017879981755949292,戊,戌,土,土,8,31,2024-08
2024-08-05,704.296,甲辰,辛未,辛丑,-0.029440784940605647,辛,丑,金,土,8,32,2024-08
2024-08-06,713.864,甲辰,辛未,壬寅,0.013585197133023641,壬,寅,水,木,8,32,2024-08
2024-08-07,707.588,甲辰,壬申,癸卯,-0.008791590555063844,癸,卯,水,木,8,32,2024-08
2024-08-08,708.923,甲辰,壬申,甲辰,0.0018866911253441199,甲,辰,木,土,8,32,2024-08
2024-08-09,705.546,甲辰,壬申,乙巳,-0.004763563884935262,乙,巳,木,火,8,32,2024-08
2024-08-12,707.331,甲辰,壬申,戊申,0.0025299555238069704,戊,申,土,金,8,33,2024-08
2024-08-13,710.747,甲辰,壬申,己酉,0.00482942215172244,己,酉,土,金,8,33,2024-08
2024-08-14,700.93,甲辰,壬申,庚戌,-0.013812228542645966,庚,戌,金,土,8,33,2024-08
2024-08-15,707.551,甲辰,壬申,辛亥,0.009446021714008657,辛,亥,金,水,8,33,2024-08
2024-08-16,705.224,甲辰,壬申,壬子,-0.003288808863248005,壬,子,水,水,8,33,2024-08
2024-08-19,703.322,甲辰,壬申,乙卯,-0.0026970154163784565,乙,卯,木,木,8,34,2024-08
2024-08-20,693.523,甲辰,壬申,丙辰,-0.013932451992117345,丙,辰,火,土,8,34,2024-08
2024-08-21,691.636,甲辰,壬申,丁巳,-0.002720890294914624,丁,巳,火,火,8,34,2024-08
2024-08-22,685.531,甲辰,壬申,戊午,-0.008826897385329935,戊,午,土,火,8,34,2024-08
2024-08-23,685.759,甲辰,壬申,己未,0.00033258889824105964,己,未,土,土,8,34,2024-08
2024-08-26,682.499,甲辰,壬申,壬戌,-0.004753856675595913,壬,戌,水,土,8,35,2024-08
2024-08-27,674.347,甲辰,壬申,癸亥,-0.011944339845186613,癸,亥,水,水,8,35,2024-08
2024-08-28,671.22,甲辰,壬申,甲子,-0.004637078536717687,甲,子,木,水,8,35,2024-08
2024-08-29,679.595,甲辰,壬申,乙丑,0.012477280176395267,乙,丑,木,土,8,35,2024-08
2024-08-30,694.164,甲辰,壬申,丙寅,0.021437768082460895,丙,寅,火,木,8,35,2024-08
2024-09-02,670.011,甲辰,壬申,己巳,-0.0347943713589296,己,巳,土,火,9,36,2024-09
2024-09-03,674.955,甲辰,壬申,庚午,0.0073789833301245444,庚,午,金,火,9,36,2024-09
2024-09-04,672.284,甲辰,壬申,辛未,-0.003957300857094226,辛,未,金,土,9,36,2024-09
2024-09-05,671.265,甲辰,壬申,壬申,-0.0015157284718958497,壬,申,水,金,9,36,2024-09
2024-09-06,662.337,甲辰,壬申,癸酉,-0.013300261446671624,癸,酉,水,金,9,36,2024-09
2024-09-09,654.939,甲辰,癸酉,丙子,-0.01116954058130537,丙,子,火,水,9,37,2024-09
2024-09-10,660.014,甲辰,癸酉,丁丑,0.007748813248256825,丁,丑,火,土,9,37,2024-09
2024-09-11,664.332,甲辰,癸酉,戊寅,0.006542285466671904,戊,寅,土,木,9,37,2024-09
2024-09-12,658.854,甲辰,癸酉,己卯,-0.008245877061469176,己,卯,土,木,9,37,2024-09
2024-09-13,655.046,甲辰,癸酉,庚辰,-0.005779732687363204,庚,辰,金,土,9,37,2024-09
2024-09-18,647.409,甲辰,癸酉,乙酉,-0.01165872320417205,乙,酉,木,金,9,38,2024-09
2024-09-19,651.466,甲辰,癸酉,丙戌,0.006266517765431079,丙,戌,火,土,9,38,2024-09
2024-09-20,648.36,甲辰,癸酉,丁亥,-0.004767708522010361,丁,亥,火,水,9,38,2024-09
2024-09-23,643.042,甲辰,癸酉,庚寅,-0.008202233327163855,庚,寅,金,木,9,39,2024-09
2024-09-24,667.049,甲辰,癸酉,辛卯,0.037333486770692925,辛,卯,金,木,9,39,2024-09
2024-09-25,667.338,甲辰,癸酉,壬辰,0.0004332515302474249,壬,辰,水,土,9,39,2024-09
2024-09-26,693.149,甲辰,癸酉,癸巳,0.038677551705432744,癸,巳,水,火,9,39,2024-09
2024-09-27,740.016,甲辰,癸酉,甲午,0.06761461099994359,甲,午,木,火,9,39,2024-09
2024-09-30,872.365,甲辰,癸酉,丁酉,0.1788461330565827,丁,酉,火,金,9,40,2024-09
2024-10-08,1023.967,甲辰,甲戌,乙巳,0.17378276294899497,乙,巳,木,火,10,41,2024-10
2024-10-09,997.852,甲辰,甲戌,丙午,-0.025503751585744472,丙,午,火,火,10,41,2024-10
2024-10-10,954.172,甲辰,甲戌,丁未,-0.04377402660915641,丁,未,火,土,10,41,2024-10
2024-10-11,898.899,甲辰,甲戌,戊申,-0.05792771114641804,戊,申,土,金,10,41,2024-10
2024-10-14,925.955,甲辰,甲戌,辛亥,0.03009904338529701,辛,亥,金,水,10,42,2024-10
2024-10-15,898.827,甲辰,甲戌,壬子,-0.02929732006414998,壬,子,水,水,10,42,2024-10
2024-10-16,875.689,甲辰,甲戌,癸丑,-0.025742439868851275,癸,丑,水,土,10,42,2024-10
2024-10-17,879.096,甲辰,甲戌,甲寅,0.0038906506762104165,甲,寅,木,木,10,42,2024-10
2024-10-18,978.661,甲辰,甲戌,乙卯,0.1132583927125137,乙,卯,木,木,10,42,2024-10
2024-10-21,1000.375,甲辰,甲戌,戊午,0.02218745816988732,戊,午,土,火,10,43,2024-10
2024-10-22,985.834,甲辰,甲戌,己未,-0.014535549169061635,己,未,土,土,10,43,2024-10
2024-10-23,979.151,甲辰,甲戌,庚申,-0.006779031763968324,庚,申,金,金,10,43,2024-10
2024-10-24,977.601,甲辰,甲戌,辛酉,-0.0015830040514690502,辛,酉,金,金,10,43,2024-10
2024-10-25,991.216,甲辰,甲戌,壬戌,0.013926949747391948,壬,戌,水,土,10,43,2024-10
2024-10-28,986.56,甲辰,甲戌,乙丑,-0.004697260738325548,乙,丑,木,土,10,44,2024-10
2024-10-29,975.372,甲辰,甲戌,丙寅,-0.011340415180019492,丙,寅,火,木,10,44,2024-10
2024-10-30,958.822,甲辰,甲戌,丁卯,-0.01696788507359237,丁,卯,火,木,10,44,2024-10
2024-10-31,969.448,甲辰,甲戌,戊辰,0.01108234896570992,戊,辰,土,土,10,44,2024-10
2024-11-01,939.765,甲辰,甲戌,己巳,-0.03061845503833105,己,巳,土,火,11,44,2024-11
2024-11-04,954.667,甲辰,甲戌,壬申,0.015857155778306264,壬,申,水,金,11,45,2024-11
2024-11-05,996.169,甲辰,甲戌,癸酉,0.043472750184095466,癸,酉,水,金,11,45,2024-11
2024-11-06,998.095,甲辰,甲戌,甲戌,0.0019334068817640215,甲,戌,木,土,11,45,2024-11
2024-11-07,1028.439,甲辰,乙亥,乙亥,0.03040191564931205,乙,亥,木,水,11,45,2024-11
2024-11-08,1025.637,甲辰,乙亥,丙子,-0.0027245174482882772,丙,子,火,水,11,45,2024-11
2024-11-11,1073.835,甲辰,乙亥,己卯,0.04699323444844539,己,卯,土,木,11,46,2024-11
2024-11-12,1050.537,甲辰,乙亥,庚辰,-0.021696070625375374,庚,辰,金,土,11,46,2024-11
2024-11-13,1061.366,甲辰,乙亥,辛巳,0.010308061496168142,辛,巳,金,火,11,46,2024-11
2024-11-14,1027.316,甲辰,乙亥,壬午,-0.032081299005244146,壬,午,水,火,11,46,2024-11
2024-11-15,986.876,甲辰,乙亥,癸未,-0.039364713486405356,癸,未,水,土,11,46,2024-11
2024-11-18,968.713,甲辰,乙亥,丙戌,-0.018404541198691615,丙,戌,火,土,11,47,2024-11
2024-11-19,998.015,甲辰,乙亥,丁亥,0.03024838109945871,丁,亥,火,水,11,47,2024-11
2024-11-20,1002.539,甲辰,乙亥,戊子,0.004532998001032018,戊,子,土,水,11,47,2024-11
2024-11-21,1011.463,甲辰,乙亥,己丑,0.008901399347057692,己,丑,土,土,11,47,2024-11
2024-11-22,969.353,甲辰,乙亥,庚寅,-0.0416327636305035,庚,寅,金,木,11,47,2024-11
2024-11-25,957.921,甲辰,乙亥,癸巳,-0.011793433351936722,癸,巳,水,火,11,48,2024-11
2024-11-26,951.593,甲辰,乙亥,甲午,-0.006605972726352216,甲,午,木,火,11,48,2024-11
2024-11-27,985.975,甲辰,乙亥,乙未,0.0361309929770397,乙,未,木,土,11,48,2024-11
2024-11-28,983.684,甲辰,乙亥,丙申,-0.002323588326276105,丙,申,火,金,11,48,2024-11
2024-11-29,1007.391,甲辰,乙亥,丁酉,0.024100219176076854,丁,酉,火,金,11,48,2024-11
2024-12-02,1015.787,甲辰,乙亥,庚子,0.008334400446301515,庚,子,金,水,12,49,2024-12
2024-12-03,1005.265,甲辰,乙亥,辛丑,-0.010358470821146604,辛,丑,金,土,12,49,2024-12
2024-12-04,999.358,甲辰,乙亥,壬寅,-0.00587606253077555,壬,寅,水,木,12,49,2024-12
2024-12-05,1001.844,甲辰,乙亥,癸卯,0.0024875970372979506,癸,卯,水,木,12,49,2024-12
2024-12-06,1014.446,甲辰,丙子,甲辰,0.012578804684162392,甲,辰,木,土,12,49,2024-12
2024-12-09,1003.382,甲辰,丙子,丁未,-0.010906445488473637,丁,未,火,土,12,50,2024-12
2024-12-10,1010.911,甲辰,丙子,戊申,0.007503622747866645,戊,申,土,金,12,50,2024-12
2024-12-11,1007.188,甲辰,丙子,己酉,-0.003682816786047427,己,酉,土,金,12,50,2024-12
2024-12-12,1010.895,甲辰,丙子,庚戌,0.0036805442479457273,庚,戌,金,土,12,50,2024-12
2024-12-13,989.776,甲辰,丙子,辛亥,-0.020891388324207782,辛,亥,金,水,12,50,2024-12
2024-12-16,975.268,甲辰,丙子,甲寅,-0.014657861980892584,甲,寅,木,木,12,51,2024-12
2024-12-17,967.276,甲辰,丙子,乙卯,-0.008194670593108855,乙,卯,木,木,12,51,2024-12
2024-12-18,981.513,甲辰,丙子,丙辰,0.014718653207564492,丙,辰,火,土,12,51,2024-12
2024-12-19,993.002,甲辰,丙子,丁巳,0.011705397687040264,丁,巳,火,火,12,51,2024-12
2024-12-20,1011.209,甲辰,丙子,戊午,0.018335310502899382,戊,午,土,火,12,51,2024-12
2024-12-23,998.607,甲辰,丙子,辛酉,-0.01246230996757347,辛,酉,金,金,12,52,2024-12
2024-12-24,1014.017,甲辰,丙子,壬戌,0.015431496074031159,壬,戌,水,土,12,52,2024-12
2024-12-25,1017.357,甲辰,丙子,癸亥,0.00329383037956954,癸,亥,水,水,12,52,2024-12
2024-12-26,1027.023,甲辰,丙子,甲子,0.009501089588020761,甲,子,木,水,12,52,2024-12
2024-12-27,1018.579,甲辰,丙子,乙丑,-0.008221821711879795,乙,丑,木,土,12,52,2024-12
2024-12-30,1020.633,甲辰,丙子,戊辰,0.0020165347999516747,戊,辰,土,土,12,1,2024-12
2024-12-31,988.935,甲辰,丙子,己巳,-0.031057196857244618,己,巳,土,火,12,1,2024-12
2025-01-02,955.333,甲辰,丙子,辛未,-0.033977966195958276,辛,未,金,土,1,1,2025-01
2025-01-03,941.819,甲辰,丙子,壬申,-0.014145852807345705,壬,申,水,金,1,1,2025-01
2025-01-06,938.707,甲辰,丁丑,乙亥,-0.0033042442337646305,乙,亥,木,水,1,2,2025-01
2025-01-07,965.53,甲辰,丁丑,丙子,0.0285744113978057,丙,子,火,水,1,2,2025-01
2025-01-08,965.119,甲辰,丁丑,丁丑,-0.00042567294646456144,丁,丑,火,土,1,2,2025-01
2025-01-09,961.439,甲辰,丁丑,戊寅,-0.0038130012982855455,戊,寅,土,木,1,2,2025-01
2025-01-10,950.592,甲辰,丁丑,己卯,-0.011282047014943175,己,卯,土,木,1,2,2025-01
2025-01-13,952.186,甲辰,丁丑,壬午,0.0016768497946544336,壬,午,水,火,1,3,2025-01
2025-01-14,981.779,甲辰,丁丑,癸未,0.031079011873730522,癸,未,水,土,1,3,2025-01
2025-01-15,977.661,甲辰,丁丑,甲申,-0.004194426647952443,甲,申,木,金,1,3,2025-01
2025-01-16,956.397,甲辰,丁丑,乙酉,-0.021749870353834244,乙,酉,木,金,1,3,2025-01
2025-01-17,965.903,甲辰,丁丑,丙戌,0.00993938709552622,丙,戌,火,土,1,3,2025-01
2025-01-20,968.271,甲辰,丁丑,己丑,0.0024515919300385214,己,丑,土,土,1,4,2025-01
2025-01-21,976.296,甲辰,丁丑,庚寅,0.008287968967365611,庚,寅,金,木,1,4,2025-01
2025-01-22,975.34,甲辰,丁丑,辛卯,-0.0009792112228258487,辛,卯,金,木,1,4,2025-01
2025-01-23,966.106,甲辰,丁丑,壬辰,-0.009467467754834202,壬,辰,水,土,1,4,2025-01
2025-01-24,974.834,甲辰,丁丑,癸巳,0.009034205356347913,癸,巳,水,火,1,4,2025-01
2025-01-27,955.09,甲辰,丁丑,丙申,-0.020253704733318667,丙,申,火,金,1,5,2025-01
2025-02-05,982.829,乙巳,戊寅,乙巳,0.029043336230093475,乙,巳,木,火,2,6,2025-02
2025-02-06,1011.22,乙巳,戊寅,丙午,0.028887019003305925,丙,午,火,火,2,6,2025-02
2025-02-07,1018.799,乙巳,戊寅,丁未,0.007494907141868179,丁,未,火,土,2,6,2025-02
2025-02-10,1036.765,乙巳,戊寅,庚戌,0.017634489236836748,庚,戌,金,土,2,7,2025-02
2025-02-11,1024.412,乙巳,戊寅,辛亥,-0.011914946974483143,辛,亥,金,水,2,7,2025-02
2025-02-12,1041.137,乙巳,戊寅,壬子,0.016326438971819845,壬,子,水,水,2,7,2025-02
2025-02-13,1017.088,乙巳,戊寅,癸丑,-0.023098785270334266,癸,丑,水,土,2,7,2025-02
2025-02-14,1022.464,乙巳,戊寅,甲寅,0.005285678328718957,甲,寅,木,木,2,7,2025-02
2025-02-17,1037.307,乙巳,戊寅,丁巳,0.014516892526289293,丁,巳,火,火,2,8,2025-02
2025-02-18,1011.168,乙巳,戊寅,戊午,-0.025198904470904004,戊,午,土,火,2,8,2025-02
2025-02-19,1034.571,乙巳,戊寅,己未,0.023144521978543553,己,未,土,土,2,8,2025-02
2025-02-20,1033.085,乙巳,戊寅,庚申,-0.0014363441465108373,庚,申,金,金,2,8,2025-02
2025-02-21,1094.774,乙巳,戊寅,辛酉,0.059713382732301756,辛,酉,金,金,2,8,2025-02
2025-02-24,1100.054,乙巳,戊寅,甲子,0.0048229132222725735,甲,子,木,水,2,9,2025-02
2025-02-25,1102.901,乙巳,戊寅,乙丑,0.002588054768220438,乙,丑,木,土,2,9,2025-02
2025-02-26,1126.82,乙巳,戊寅,丙寅,0.021687349997869143,丙,寅,火,木,2,9,2025-02
2025-02-27,1126.287,乙巳,戊寅,丁卯,-0.00047301254858800323,丁,卯,火,木,2,9,2025-02
2025-02-28,1078.798,乙巳,戊寅,戊辰,-0.04216420858981773,戊,辰,土,土,2,9,2025-02
2025-03-03,1062.351,乙巳,戊寅,辛未,-0.015245671571508135,辛,未,金,土,3,10,2025-03
2025-03-04,1080.665,乙巳,戊寅,壬申,0.017239123415895286,壬,申,水,金,3,10,2025-03
2025-03-05,1083.817,乙巳,己卯,癸酉,0.0029167225736006497,癸,酉,水,金,3,10,2025-03
2025-03-06,1121.585,乙巳,己卯,甲戌,0.03484721129120505,甲,戌,木,土,3,10,2025-03
2025-03-07,1107.623,乙巳,己卯,乙亥,-0.012448454642314255,乙,亥,木,水,3,10,2025-03
2025-03-10,1105.164,乙巳,己卯,戊寅,-0.002220069464068608,戊,寅,土,木,3,11,2025-03
2025-03-11,1100.742,乙巳,己卯,己卯,-0.004001216109102423,己,卯,土,木,3,11,2025-03
2025-03-12,1092.708,乙巳,己卯,庚辰,-0.007298713049924355,庚,辰,金,土,3,11,2025-03
2025-03-13,1069.703,乙巳,己卯,辛巳,-0.021053199939965794,辛,巳,金,火,3,11,2025-03
2025-03-14,1088.113,乙巳,己卯,壬午,0.017210384564687597,壬,午,水,火,3,11,2025-03
2025-03-17,1083.213,乙巳,己卯,乙酉,-0.00450320876600141,乙,酉,木,金,3,12,2025-03
2025-03-18,1089.825,乙巳,己卯,丙戌,0.006104062635880592,丙,戌,火,土,3,12,2025-03
2025-03-19,1076.937,乙巳,己卯,丁亥,-0.011825751840892074,丁,亥,火,水,3,12,2025-03
2025-03-20,1064.793,乙巳,己卯,戊子,-0.011276425640497134,戊,子,土,水,3,12,2025-03
2025-03-21,1042.893,乙巳,己卯,己丑,-0.02056737788471552,己,丑,土,土,3,12,2025-03
2025-03-24,1045.942,乙巳,己卯,壬辰,0.002923598106421288,壬,辰,水,土,3,13,2025-03
2025-03-25,1031.697,乙巳,己卯,癸巳,-0.013619302026307456,癸,巳,水,火,3,13,2025-03
2025-03-26,1029.055,乙巳,己卯,甲午,-0.0025608293907996016,甲,午,木,火,3,13,2025-03
2025-03-27,1040.57,乙巳,己卯,乙未,0.011189878092035865,乙,未,木,土,3,13,2025-03
2025-03-28,1029.476,乙巳,己卯,丙申,-0.010661464389709274,丙,申,火,金,3,13,2025-03
2025-03-31,1022.714,乙巳,己卯,己亥,-0.006568390132455804,己,亥,土,水,3,14,2025-03
2025-04-01,1024.376,乙巳,己卯,庚子,0.0016250877566943434,庚,子,金,水,4,14,2025-04
2025-04-02,1022.748,乙巳,己卯,辛丑,-0.001589260193522568,辛,丑,金,土,4,14,2025-04
2025-04-03,1018.072,乙巳,己卯,壬寅,-0.0045719962297653405,壬,寅,水,木,4,14,2025-04
2025-04-07,924.173,乙巳,庚辰,丙午,-0.09223218004227596,丙,午,火,火,4,15,2025-04
2025-04-08,940.091,乙巳,庚辰,丁未,0.01722404787848153,丁,未,火,土,4,15,2025-04
2025-04-09,980.569,乙巳,庚辰,戊申,0.04305753379194144,戊,申,土,金,4,15,2025-04
2025-04-10,991.224,乙巳,庚辰,己酉,0.010866139965673094,己,酉,土,金,4,15,2025-04
2025-04-11,1011.709,乙巳,庚辰,庚戌,0.02066636804597133,庚,戌,金,土,4,15,2025-04
2025-04-14,1014.283,乙巳,庚辰,癸丑,0.002544209846902623,癸,丑,水,土,4,16,2025-04
2025-04-15,1006.34,乙巳,庚辰,甲寅,-0.007831147717155873,甲,寅,木,木,4,16,2025-04
2025-04-16,1014.509,乙巳,庚辰,乙卯,0.00811753482918287,乙,卯,木,木,4,16,2025-04
2025-04-17,1016.812,乙巳,庚辰,丙辰,0.002270063646552245,丙,辰,火,土,4,16,2025-04
2025-04-18,1008.597,乙巳,庚辰,丁巳,-0.008079172944457813,丁,巳,火,火,4,16,2025-04
2025-04-21,1019.411,乙巳,庚辰,庚申,0.010721824474988484,庚,申,金,金,4,17,2025-04
2025-04-22,1016.218,乙巳,庚辰,辛酉,-0.003132200849313982,辛,酉,金,金,4,17,2025-04
2025-04-23,1012.648,乙巳,庚辰,壬戌,-0.0035130257484121685,壬,戌,水,土,4,17,2025-04
2025-04-24,1003.316,乙巳,庚辰,癸亥,-0.009215443075975105,癸,亥,水,水,4,17,2025-04
2025-04-25,1004.572,乙巳,庚辰,甲子,0.001251848869149974,甲,子,木,水,4,17,2025-04
2025-04-28,1002.832,乙巳,庚辰,丁卯,-0.0017320809260062964,丁,卯,火,木,4,18,2025-04
2025-04-29,1003.867,乙巳,庚辰,戊辰,0.0010320771574898746,戊,辰,土,土,4,18,2025-04
2025-04-30,1012.417,乙巳,庚辰,己巳,0.008517064511534,己,巳,土,火,4,18,2025-04
2025-05-06,1026.521,乙巳,辛巳,乙亥,0.01393101854275458,乙,亥,木,水,5,19,2025-05
2025-05-07,1030.186,乙巳,辛巳,丙子,0.003570311761766254,丙,子,火,水,5,19,2025-05
2025-05-08,1026.439,乙巳,辛巳,丁丑,-0.0036372072616011053,丁,丑,火,土,5,19,2025-05
2025-05-09,1006.319,乙巳,辛巳,戊寅,-0.01960174934896286,戊,寅,土,木,5,19,2025-05
2025-05-12,1011.231,乙巳,辛巳,辛巳,0.004881155975391627,辛,巳,金,火,5,20,2025-05
2025-05-13,1009.682,乙巳,辛巳,壬午,-0.0015317963946912538,壬,午,水,火,5,20,2025-05
2025-05-14,1013.772,乙巳,辛巳,癸未,0.00405078034470252,癸,未,水,土,5,20,2025-05
2025-05-15,1000.969,乙巳,辛巳,甲申,-0.012629072414704678,甲,申,木,金,5,20,2025-05
2025-05-16,995.237,乙巳,辛巳,乙酉,-0.00572645106891434,乙,酉,木,金,5,20,2025-05
2025-05-19,995.255,乙巳,辛巳,戊子,1.8086144305318186e-05,戊,子,土,水,5,21,2025-05
2025-05-20,997.677,乙巳,辛巳,己丑,0.0024335471813756726,己,丑,土,土,5,21,2025-05
2025-05-21,995.487,乙巳,辛巳,庚寅,-0.0021950992154775584,庚,寅,金,木,5,21,2025-05
2025-05-22,990.711,乙巳,辛巳,辛卯,-0.004797651802585068,辛,卯,金,木,5,21,2025-05
2025-05-23,980.578,乙巳,辛巳,壬辰,-0.010228007965996211,壬,辰,水,土,5,21,2025-05
2025-05-26,982.261,乙巳,辛巳,乙未,0.0017163346516033684,乙,未,木,土,5,22,2025-05
2025-05-27,972.92,乙巳,辛巳,丙申,-0.00950969243408828,丙,申,火,金,5,22,2025-05
2025-05-28,970.64,乙巳,辛巳,丁酉,-0.002343460921761298,丁,酉,火,金,5,22,2025-05
2025-05-29,986.302,乙巳,辛巳,戊戌,0.01613574548751351,戊,戌,土,土,5,22,2025-05
2025-05-30,977.027,乙巳,辛巳,己亥,-0.009403813436452468,己,亥,土,水,5,22,2025-05
2025-06-03,981.71,乙巳,辛巳,癸卯,0.0047931121657844855,癸,卯,水,木,6,23,2025-06
2025-06-04,986.111,乙巳,辛巳,甲辰,0.004482993959519677,甲,辰,木,土,6,23,2025-06
2025-06-05,996.407,乙巳,壬午,乙巳,0.01044101526095953,乙,巳,木,火,6,23,2025-06
2025-06-06,991.642,乙巳,壬午,丙午,-0.0047821823812960185,丙,午,火,火,6,23,2025-06
2025-06-09,997.612,乙巳,壬午,己酉,0.006020317816308518,己,酉,土,金,6,24,2025-06
2025-06-10,982.904,乙巳,壬午,庚戌,-0.01474320677778529,庚,戌,金,土,6,24,2025-06
2025-06-11,980.933,乙巳,壬午,辛亥,-0.0020052823063086977,辛,亥,金,水,6,24,2025-06
2025-06-12,977.973,乙巳,壬午,壬子,-0.0030175353464507726,壬,子,水,水,6,24,2025-06
2025-06-13,972.941,乙巳,壬午,癸丑,-0.005145336323190808,癸,丑,水,土,6,24,2025-06
2025-06-16,970.891,乙巳,壬午,丙辰,-0.0021070136832552766,丙,辰,火,土,6,25,2025-06
2025-06-17,963.083,乙巳,壬午,丁巳,-0.008042097413612836,丁,巳,火,火,6,25,2025-06
2025-06-18,968.179,乙巳,壬午,戊午,0.0052913404140659814,戊,午,土,火,6,25,2025-06
2025-06-19,962.943,乙巳,壬午,己未,-0.005408090859231551,己,未,土,土,6,25,2025-06
2025-06-20,957.872,乙巳,壬午,庚申,-0.005266147632829843,庚,申,金,金,6,25,2025-06
2025-06-23,961.489,乙巳,壬午,癸亥,0.0037760786409875013,癸,亥,水,水,6,26,2025-06
2025-06-24,978.714,乙巳,壬午,甲子,0.017914921543564333,甲,子,木,水,6,26,2025-06
2025-06-25,995.61,乙巳,壬午,乙丑,0.017263470227257383,乙,丑,木,土,6,26,2025-06
2025-06-26,989.972,乙巳,壬午,丙寅,-0.005662859955203325,丙,寅,火,木,6,26,2025-06
2025-06-27,988.211,乙巳,壬午,丁卯,-0.0017788381893628635,丁,卯,火,木,6,26,2025-06
2025-06-30,1003.414,乙巳,壬午,庚午,0.01538436629424278,庚,午,金,火,6,27,2025-06
2025-07-01,994.795,乙巳,壬午,辛未,-0.008589674850061901,辛,未,金,土,7,27,2025-07
2025-07-02,982.636,乙巳,壬午,壬申,-0.01222261873049224,壬,申,水,金,7,27,2025-07
2025-07-03,984.949,乙巳,壬午,癸酉,0.0023538726446008518,癸,酉,水,金,7,27,2025-07
2025-07-04,984.802,乙巳,壬午,甲戌,-0.0001492463061538718,甲,戌,木,土,7,27,2025-07
2025-07-07,978.293,乙巳,癸未,丁丑,-0.00660945042759864,丁,丑,火,土,7,28,2025-07
2025-07-08,991.948,乙巳,癸未,戊寅,0.013957986002148592,戊,寅,土,木,7,28,2025-07
2025-07-09,983.111,乙巳,癸未,己卯,-0.008908733119074808,己,卯,土,木,7,28,2025-07
2025-07-10,979.989,乙巳,癸未,庚辰,-0.003175633270302125,庚,辰,金,土,7,28,2025-07
2025-07-11,994.448,乙巳,癸未,辛巳,0.014754247241550722,辛,巳,金,火,7,28,2025-07
2025-07-14,992.389,乙巳,癸未,甲申,-0.0020704953904074896,甲,申,木,金,7,29,2025-07
2025-07-15,996.246,乙巳,癸未,乙酉,0.0038865807662116225,乙,酉,木,金,7,29,2025-07
2025-07-16,997.63,乙巳,癸未,丙戌,0.0013892151135361797,丙,戌,火,土,7,29,2025-07
2025-07-17,1005.648,乙巳,癸未,丁亥,0.00803704780329384,丁,亥,火,水,7,29,2025-07
2025-07-18,1007.525,乙巳,癸未,戊子,0.0018664582438387978,戊,子,土,水,7,29,2025-07
2025-07-21,1007.894,乙巳,癸未,辛卯,0.00036624401379614646,辛,卯,金,木,7,30,2025-07
2025-07-22,1016.265,乙巳,癸未,壬辰,0.008305436881259398,壬,辰,水,土,7,30,2025-07
2025-07-23,1020.855,乙巳,癸未,癸巳,0.004516538501276868,癸,巳,水,火,7,30,2025-07
2025-07-24,1032.838,乙巳,癸未,甲午,0.011738199842288966,甲,午,木,火,7,30,2025-07
2025-07-25,1054.196,乙巳,癸未,乙未,0.020678944810318622,乙,未,木,土,7,30,2025-07
2025-07-28,1055.109,乙巳,癸未,戊戌,0.0008660628573813334,戊,戌,土,土,7,31,2025-07
2025-07-29,1070.448,乙巳,癸未,己亥,0.014537834479660505,己,亥,土,水,7,31,2025-07
2025-07-30,1058.572,乙巳,癸未,庚子,-0.011094420280107209,庚,子,金,水,7,31,2025-07
2025-07-31,1047.87,乙巳,癸未,辛丑,-0.010109846094550012,辛,丑,金,土,7,31,2025-07
2025-08-01,1036.775,乙巳,癸未,壬寅,-0.010588145476060795,壬,寅,水,木,8,31,2025-08
2025-08-04,1049.406,乙巳,癸未,乙巳,0.012182971232909567,乙,巳,木,火,8,32,2025-08
2025-08-05,1053.646,乙巳,癸未,丙午,0.00404038093931236,丙,午,火,火,8,32,2025-08
2025-08-06,1059.761,乙巳,癸未,丁未,0.005803657015734043,丁,未,火,土,8,32,2025-08
2025-08-07,1058.205,乙巳,甲申,戊申,-0.001468255578380484,戊,申,土,金,8,32,2025-08
2025-08-08,1043.537,乙巳,甲申,己酉,-0.013861208366998778,己,酉,土,金,8,32,2025-08
2025-08-11,1049.73,乙巳,甲申,壬子,0.0059346242634423785,壬,子,水,水,8,33,2025-08
2025-08-12,1069.809,乙巳,甲申,癸丑,0.019127775713754902,癸,丑,水,土,8,33,2025-08
2025-08-13,1077.698,乙巳,甲申,甲寅,0.007374213527835405,甲,寅,木,木,8,33,2025-08
2025-08-14,1085.736,乙巳,甲申,乙卯,0.007458490226389891,乙,卯,木,木,8,33,2025-08
2025-08-15,1101.293,乙巳,甲申,丙辰,0.014328529218889052,丙,辰,火,土,8,33,2025-08
2025-08-18,1124.822,乙巳,甲申,己未,0.02136488654699531,己,未,土,土,8,34,2025-08
2025-08-19,1112.266,乙巳,甲申,庚申,-0.011162655068979621,庚,申,金,金,8,34,2025-08
2025-08-20,1148.147,乙巳,甲申,辛酉,0.032259369611225885,辛,酉,金,金,8,34,2025-08
2025-08-21,1149.151,乙巳,甲申,壬戌,0.0008744524873558479,壬,戌,水,土,8,34,2025-08
2025-08-22,1247.862,乙巳,甲申,癸亥,0.08589906809461945,癸,亥,水,水,8,34,2025-08
2025-08-25,1287.734,乙巳,甲申,丙寅,0.031952251130333176,丙,寅,火,木,8,35,2025-08
2025-08-26,1270.871,乙巳,甲申,丁卯,-0.013095095726291195,丁,卯,火,木,8,35,2025-08
2025-08-27,1272.556,乙巳,甲申,戊辰,0.0013258623416538828,戊,辰,土,土,8,35,2025-08
2025-08-28,1364.605,乙巳,甲申,己巳,0.0723339483684804,己,巳,土,火,8,35,2025-08
2025-08-29,1341.311,乙巳,甲申,庚午,-0.01707014117638439,庚,午,金,火,8,35,2025-08
2025-09-01,1357.148,乙巳,甲申,癸酉,0.011807105138182061,癸,酉,水,金,9,36,2025-09
2025-09-02,1328.279,乙巳,甲申,甲戌,-0.021271814127862165,甲,戌,木,土,9,36,2025-09
2025-09-03,1306.479,乙巳,甲申,乙亥,-0.016412214602504416,乙,亥,木,水,9,36,2025-09
2025-09-04,1226.985,乙巳,甲申,丙子,-0.06084598374715566,丙,子,火,水,9,36,2025-09
2025-09-05,1268.552,乙巳,甲申,丁丑,0.03387734976385204,丁,丑,火,土,9,36,2025-09
2025-09-08,1275.868,乙巳,乙酉,庚辰,0.005767205443687029,庚,辰,金,土,9,37,2025-09
2025-09-09,1245.528,乙巳,乙酉,辛巳,-0.023779889455648906,辛,巳,金,火,9,37,2025-09
2025-09-10,1259.096,乙巳,乙酉,壬午,0.010893372128125467,壬,午,水,火,9,37,2025-09
2025-09-11,1326.033,乙巳,乙酉,癸未,0.053162745334748074,癸,未,水,土,9,37,2025-09
2025-09-12,1338.018,乙巳,乙酉,甲申,0.009038236604971495,甲,申,木,金,9,37,2025-09
2025-09-15,1340.397,乙巳,乙酉,丁亥,0.001778002986506877,丁,亥,火,水,9,38,2025-09
2025-09-16,1358.047,乙巳,乙酉,戊子,0.013167740602224587,戊,子,土,水,9,38,2025-09
2025-09-17,1370.43,乙巳,乙酉,己丑,0.009118241121257142,己,丑,土,土,9,38,2025-09
2025-09-18,1380.351,乙巳,乙酉,庚寅,0.0072393336398064445,庚,寅,金,木,9,38,2025-09
2025-09-19,1362.649,乙巳,乙酉,辛卯,-0.012824274405567992,辛,卯,金,木,9,38,2025-09
2025-09-22,1408.645,乙巳,乙酉,甲午,0.033754840755029436,甲,午,木,火,9,39,2025-09
2025-09-23,1407.302,乙巳,乙酉,乙未,-0.0009533984786799232,乙,未,木,土,9,39,2025-09
2025-09-24,1456.469,乙巳,乙酉,丙申,0.03493706397063323,丙,申,火,金,9,39,2025-09
2025-09-25,1474.487,乙巳,乙酉,丁酉,0.012371015105711258,丁,酉,火,金,9,39,2025-09
2025-09-26,1450.824,乙巳,乙酉,戊戌,-0.01604829340645253,戊,戌,土,土,9,39,2025-09
2025-09-29,1470.414,乙巳,乙酉,辛丑,0.01350267158525087,辛,丑,金,土,9,40,2025-09
2025-09-30,1495.288,乙巳,乙酉,壬寅,0.016916324246096792,壬,寅,水,木,9,40,2025-09
2025-10-09,1539.081,乙巳,丙戌,辛亥,0.029287334613800065,辛,亥,金,水,10,41,2025-10
2025-10-10,1452.675,乙巳,丙戌,壬子,-0.05614129470768592,壬,子,水,水,10,41,2025-10
2025-10-13,1473.017,乙巳,丙戌,乙卯,0.014003132152752729,乙,卯,木,木,10,42,2025-10
2025-10-14,1410.3,乙巳,丙戌,丙辰,-0.042577241131636745,丙,辰,火,土,10,42,2025-10
2025-10-15,1429.997,乙巳,丙戌,丁巳,0.013966531943558236,丁,巳,火,火,10,42,2025-10
2025-10-16,1416.575,乙巳,丙戌,戊午,-0.009386033676993755,戊,午,土,火,10,42,2025-10
2025-10-17,1363.168,乙巳,丙戌,己未,-0.03770149833224512,己,未,土,土,10,42,2025-10
2025-10-20,1367.899,乙巳,丙戌,壬戌,0.0034705920326767448,壬,戌,水,土,10,43,2025-10
2025-10-21,1406.318,乙巳,丙戌,癸亥,0.02808613793854664,癸,亥,水,水,10,43,2025-10
2025-10-22,1405.407,乙巳,丙戌,甲子,-0.0006477908979335423,甲,子,木,水,10,43,2025-10
2025-10-23,1401.256,乙巳,丙戌,乙丑,-0.0029535928026541702,乙,丑,木,土,10,43,2025-10
2025-10-24,1462.222,乙巳,丙戌,丙寅,0.043508109867147704,丙,寅,火,木,10,43,2025-10
2025-10-27,1484.206,乙巳,丙戌,己巳,0.015034652740828713,己,巳,土,火,10,44,2025-10
2025-10-28,1471.731,乙巳,丙戌,庚午,-0.008405167476751796,庚,午,金,火,10,44,2025-10
2025-10-29,1489.123,乙巳,丙戌,辛未,0.011817376952717673,辛,未,金,土,10,44,2025-10
2025-10-30,1461.3,乙巳,丙戌,壬申,-0.01868415167853832,壬,申,水,金,10,44,2025-10
2025-10-31,1415.525,乙巳,丙戌,癸酉,-0.03132484773831512,癸,酉,水,金,10,44,2025-10
2025-11-03,1400.859,乙巳,丙戌,丙子,-0.010360820190388864,丙,子,火,水,11,45,2025-11
2025-11-04,1387.239,乙巳,丙戌,丁丑,-0.009722605915370441,丁,丑,火,土,11,45,2025-11
2025-11-05,1390.395,乙巳,丙戌,戊寅,0.002275022544781402,戊,寅,土,木,11,45,2025-11
2025-11-06,1436.858,乙巳,丙戌,己卯,0.033417122472390925,己,卯,土,木,11,45,2025-11
2025-11-07,1415.686,乙巳,丁亥,庚辰,-0.014734928573317596,庚,辰,金,土,11,45,2025-11
2025-11-10,1407.558,乙巳,丁亥,癸未,-0.005741386154839323,癸,未,水,土,11,46,2025-11
2025-11-11,1387.534,乙巳,丁亥,甲申,-0.014226056759295114,甲,申,木,金,11,46,2025-11
2025-11-12,1379.452,乙巳,丁亥,乙酉,-0.005824722132935167,乙,酉,木,金,11,46,2025-11
2025-11-13,1399.292,乙巳,丁亥,丙戌,0.014382522914896612,丙,戌,火,土,11,46,2025-11
2025-11-14,1361.232,乙巳,丁亥,丁亥,-0.027199469445976954,丁,亥,火,水,11,46,2025-11
2025-11-17,1354.038,乙巳,丁亥,庚寅,-0.005284918368066549,庚,寅,金,木,11,47,2025-11
2025-11-18,1357.926,乙巳,丁亥,辛卯,0.0028714112897865185,辛,卯,金,木,11,47,2025-11
2025-11-19,1344.796,乙巳,丁亥,壬辰,-0.009669157229480807,壬,辰,水,土,11,47,2025-11
2025-11-20,1328.186,乙巳,丁亥,癸巳,-0.012351315738595381,癸,巳,水,火,11,47,2025-11
2025-11-21,1285.83,乙巳,丁亥,甲午,-0.03189011177651324,甲,午,木,火,11,47,2025-11
2025-11-24,1296.602,乙巳,丁亥,丁酉,0.0083774682500799,丁,酉,火,金,11,48,2025-11
2025-11-25,1302.167,乙巳,丁亥,戊戌,0.004291987826642085,戊,戌,土,土,11,48,2025-11
2025-11-26,1315.041,乙巳,丁亥,己亥,0.009886596726840668,己,亥,土,水,11,48,2025-11
2025-11-27,1310.701,乙巳,丁亥,庚子,-0.0033002773297562404,庚,子,金,水,11,48,2025-11
2025-11-28,1327.149,乙巳,丁亥,辛丑,0.012549010033562125,辛,丑,金,土,11,48,2025-11
2025-12-01,1336.756,乙巳,丁亥,甲辰,0.007238825482293487,甲,辰,木,土,12,49,2025-12
2025-12-02,1320.156,乙巳,丁亥,乙巳,-0.012418122679082932,乙,巳,木,火,12,49,2025-12
2025-12-03,1308.367,乙巳,丁亥,丙午,-0.008930005241804762,丙,午,火,火,12,49,2025-12
2025-12-04,1326.165,乙巳,丁亥,丁未,0.013603216834420229,丁,未,火,土,12,49,2025-12
2025-12-05,1326.101,乙巳,丁亥,戊申,-4.825945489428385e-05,戊,申,土,金,12,49,2025-12
2025-12-08,1350.795,乙巳,戊子,辛亥,0.01862150771321347,辛,亥,金,水,12,50,2025-12
2025-12-09,1347.105,乙巳,戊子,壬子,-0.0027317246510388804,壬,子,水,水,12,50,2025-12
2025-12-10,1346.703,乙巳,戊子,癸丑,-0.0002984177179953251,癸,丑,水,土,12,50,2025-12
2025-12-11,1325.831,乙巳,戊子,甲寅,-0.015498591745915835,甲,寅,木,木,12,50,2025-12
2025-12-12,1348.881,乙巳,戊子,乙卯,0.01738532286543326,乙,卯,木,木,12,50,2025-12
2025-12-15,1318.906,乙巳,戊子,戊午,-0.02222212337485674,戊,午,土,火,12,51,2025-12
2025-12-16,1293.382,乙巳,戊子,己未,-0.019352402673124436,己,未,土,土,12,51,2025-12
2025-12-17,1325.335,乙巳,戊子,庚申,0.02470499821398464,庚,申,金,金,12,51,2025-12
2025-12-18,1305.966,乙巳,戊子,辛酉,-0.014614418241425842,辛,酉,金,金,12,51,2025-12
2025-12-19,1308.589,乙巳,戊子,壬戌,0.00200847495264056,壬,戌,水,土,12,51,2025-12
2025-12-22,1335.245,乙巳,戊子,乙丑,0.02037003214913158,乙,丑,木,土,12,52,2025-12
2025-12-23,1340.015,乙巳,戊子,丙寅,0.003572378102895124,丙,寅,火,木,12,52,2025-12
2025-12-24,1352.126,乙巳,戊子,丁卯,0.00903795853031486,丁,卯,火,木,12,52,2025-12
2025-12-25,1349.058,乙巳,戊子,戊辰,-0.002269019307372222,戊,辰,土,土,12,52,2025-12
2025-12-26,1345.827,乙巳,戊子,己巳,-0.002395004514261112,己,巳,土,火,12,52,2025-12
2025-12-29,1346.319,乙巳,戊子,壬申,0.0003655744757684598,壬,申,水,金,12,1,2025-12
2025-12-30,1359.873,乙巳,戊子,癸酉,0.010067450581920045,癸,酉,水,金,12,1,2025-12
2025-12-31,1344.2,乙巳,戊子,甲戌,-0.011525340969340547,甲,戌,木,土,12,1,2025-12
2026-01-05,1403.414,乙巳,己丑,己卯,0.04405148043445917,己,卯,土,木,1,2,2026-01
2026-01-06,1429.302,乙巳,己丑,庚辰,0.01844644559623876,庚,辰,金,土,1,2,2026-01
2026-01-07,1443.388,乙巳,己丑,辛巳,0.009855160071139624,辛,巳,金,火,1,2,2026-01
2026-01-08,1455.173,乙巳,己丑,壬午,0.008164817775955013,壬,午,水,火,1,2,2026-01
2026-01-09,1475.968,乙巳,己丑,癸未,0.014290397086806905,癸,未,水,土,1,2,2026-01
2026-01-12,1511.836,乙巳,己丑,丙戌,0.02430133986644689,丙,戌,火,土,1,3,2026-01
2026-01-13,1469.57,乙巳,己丑,丁亥,-0.027956736048089903,丁,亥,火,水,1,3,2026-01
2026-01-14,1500.911,乙巳,己丑,戊子,0.021326646570085206,戊,子,土,水,1,3,2026-01
2026-01-15,1493.945,乙巳,己丑,己丑,-0.004641181255917282,己,丑,土,土,1,3,2026-01
2026-01-16,1514.068,乙巳,己丑,庚寅,0.013469706046742136,庚,寅,金,木,1,3,2026-01
2026-01-19,1506.857,乙巳,己丑,癸巳,-0.0047626658776224184,癸,巳,水,火,1,4,2026-01
2026-01-20,1482.994,乙巳,己丑,甲午,-0.015836273780458265,甲,午,木,火,1,4,2026-01
2026-01-21,1535.393,乙巳,己丑,乙未,0.03533325151686384,乙,未,木,土,1,4,2026-01
2026-01-22,1541.638,乙巳,己丑,丙申,0.004067362557989895,丙,申,火,金,1,4,2026-01
2026-01-23,1553.707,乙巳,己丑,丁酉,0.00782868611178511,丁,酉,火,金,1,4,2026-01
2026-01-26,1532.796,乙巳,己丑,庚子,-0.01345877955109942,庚,子,金,水,1,5,2026-01
2026-01-27,1555.978,乙巳,己丑,辛丑,0.015123995626293407,辛,丑,金,土,1,5,2026-01
2026-01-28,1554.804,乙巳,己丑,壬寅,-0.0007545093825234161,壬,寅,水,木,1,5,2026-01
2026-01-29,1507.64,乙巳,己丑,癸卯,-0.03033437011996365,癸,卯,水,木,1,5,2026-01
2026-01-30,1509.402,乙巳,己丑,甲辰,0.001168714016608785,甲,辰,木,土,1,5,2026-01
2026-02-02,1450.898,乙巳,己丑,丁未,-0.03875972073708667,丁,未,火,土,2,6,2026-02
2026-02-03,1471.069,乙巳,己丑,戊申,0.01390242456740598,戊,申,土,金,2,6,2026-02
2026-02-04,1453.476,丙午,庚寅,己酉,-0.011959330255752687,己,酉,土,金,2,6,2026-02
2026-02-05,1432.522,丙午,庚寅,庚戌,-0.014416474713032867,庚,戌,金,土,2,6,2026-02
2026-02-06,1422.406,丙午,庚寅,辛亥,-0.007061671653210255,辛,亥,金,水,2,6,2026-02
2026-02-09,1458.163,丙午,庚寅,甲寅,0.025138392273373444,甲,寅,木,木,2,7,2026-02
2026-02-10,1471.498,丙午,庚寅,乙卯,0.009145068143959323,乙,卯,木,木,2,7,2026-02
2026-02-11,1455.114,丙午,庚寅,丙辰,-0.011134231918765836,丙,辰,火,土,2,7,2026-02
2026-02-12,1480.995,丙午,庚寅,丁巳,0.0177862353052749,丁,巳,火,火,2,7,2026-02
2026-02-13,1470.333,丙午,庚寅,戊午,-0.0071992140419109285,戊,午,土,火,2,7,2026-02
2026-02-24,1465.365,丙午,庚寅,己巳,-0.0033788264291151338,己,巳,土,火,2,9,2026-02
2026-02-25,1473.285,丙午,庚寅,庚午,0.005404796757122021,庚,午,金,火,2,9,2026-02
2026-02-26,1485.865,丙午,庚寅,辛未,0.008538741655552018,辛,未,金,土,2,9,2026-02
2026-02-27,1488.023,丙午,庚寅,壬申,0.0014523526699934397,壬,申,水,金,2,9,2026-02
2026-03-02,1464.772,丙午,庚寅,乙亥,-0.015625430520899153,乙,亥,木,水,3,10,2026-03
2026-03-03,1388.41,丙午,庚寅,丙子,-0.05213234551179291,丙,子,火,水,3,10,2026-03
2026-03-04,1381.558,丙午,庚寅,丁丑,-0.004935141636836393,丁,丑,火,土,3,10,2026-03
2026-03-05,1405.353,丙午,辛卯,戊寅,0.017223308757214673,戊,寅,土,木,3,10,2026-03
2026-03-06,1414.394,丙午,辛卯,己卯,0.006433259117104351,己,卯,土,木,3,10,2026-03
2026-03-09,1390.483,丙午,辛卯,壬午,-0.0169054732981051,壬,午,水,火,3,11,2026-03
2026-03-10,1420.539,丙午,辛卯,癸未,0.02161551058157496,癸,未,水,土,3,11,2026-03
2026-03-11,1401.084,丙午,辛卯,甲申,-0.01369550572001188,甲,申,木,金,3,11,2026-03
2026-03-12,1383.652,丙午,辛卯,乙酉,-0.012441795067247963,乙,酉,木,金,3,11,2026-03
2026-03-13,1373.636,丙午,辛卯,丙戌,-0.0072388143839636765,丙,戌,火,土,3,11,2026-03
2026-03-16,1384.987,丙午,辛卯,己丑,0.008263470089601599,己,丑,土,土,3,12,2026-03
2026-03-17,1354.153,丙午,辛卯,庚寅,-0.022263024851496893,庚,寅,金,木,3,12,2026-03
2026-03-18,1372.576,丙午,辛卯,辛卯,0.013604814227048179,辛,卯,金,木,3,12,2026-03
2026-03-19,1339.034,丙午,辛卯,壬辰,-0.024437262490383027,壬,辰,水,土,3,12,2026-03
2026-03-20,1318.307,丙午,辛卯,癸巳,-0.015479069239466736,癸,巳,水,火,3,12,2026-03
2026-03-23,1261.438,丙午,辛卯,丙申,-0.0431379033866921,丙,申,火,金,3,13,2026-03
2026-03-24,1290.791,丙午,辛卯,丁酉,0.02326947499599652,丁,酉,火,金,3,13,2026-03
2026-03-25,1315.412,丙午,辛卯,戊戌,0.0190743505338975,戊,戌,土,土,3,13,2026-03
2026-03-26,1288.807,丙午,辛卯,己亥,-0.020225602320793845,己,亥,土,水,3,13,2026-03
2026-03-27,1300.756,丙午,辛卯,庚子,0.00927136491344327,庚,子,金,水,3,13,2026-03
2026-03-30,1289.78,丙午,辛卯,癸卯,-0.008438169802791662,癸,卯,水,木,3,14,2026-03
2026-03-31,1256.327,丙午,辛卯,甲辰,-0.02593698150072099,甲,辰,木,土,3,14,2026-03
2026-04-01,1298.198,丙午,辛卯,乙巳,0.03332810645636064,乙,巳,木,火,4,14,2026-04
2026-04-02,1262.182,丙午,辛卯,丙午,-0.027743071549948484,丙,午,火,火,4,14,2026-04
2026-04-03,1256.21,丙午,辛卯,丁未,-0.004731488802724115,丁,未,火,土,4,14,2026-04
2026-04-07,1274.015,丙午,壬辰,辛亥,0.014173585626606977,辛,亥,金,水,4,15,2026-04
2026-04-08,1352.689,丙午,壬辰,壬子,0.06175280510826009,壬,子,水,水,4,15,2026-04
2026-04-09,1343.946,丙午,壬辰,癸丑,-0.006463422116983364,癸,丑,水,土,4,15,2026-04
2026-04-10,1364.495,丙午,壬辰,甲寅,0.015290048856129612,甲,寅,木,木,4,15,2026-04
2026-04-13,1375.287,丙午,壬辰,丁巳,0.007909153203199848,丁,巳,火,火,4,16,2026-04
2026-04-14,1405.072,丙午,壬辰,戊午,0.02165729771313174,戊,午,土,火,4,16,2026-04
2026-04-15,1406.322,丙午,壬辰,己未,0.0008896341255109075,己,未,土,土,4,16,2026-04
2026-04-16,1422.228,丙午,壬辰,庚申,0.011310354243196263,庚,申,金,金,4,16,2026-04
2026-04-17,1423.351,丙午,壬辰,辛酉,0.0007896061672250099,辛,酉,金,金,4,16,2026-04
2026-04-20,1450.521,丙午,壬辰,甲子,0.019088756041201194,甲,子,木,水,4,17,2026-04
2026-04-21,1426.677,丙午,壬辰,乙丑,-0.016438231504404266,乙,丑,木,土,4,17,2026-04
2026-04-22,1451.139,丙午,壬辰,丙寅,0.01714613749292937,丙,寅,火,木,4,17,2026-04
2026-04-23,1432.592,丙午,壬辰,丁卯,-0.012780994790988154,丁,卯,火,木,4,17,2026-04
2026-04-24,1453.685,丙午,壬辰,戊辰,0.01472366172643702,戊,辰,土,土,4,17,2026-04
2026-04-27,1508.385,丙午,壬辰,辛未,0.03762850961521935,辛,未,金,土,4,18,2026-04
2026-04-28,1488.661,丙午,壬辰,壬申,-0.013076237167566562,壬,申,水,金,4,18,2026-04
2026-04-29,1493.505,丙午,壬辰,癸酉,0.0032539308815102697,癸,酉,水,金,4,18,2026-04
2026-04-30,1571.065,丙午,壬辰,甲戌,0.05193153019239971,甲,戌,木,土,4,18,2026-04
2026-05-06,1656.946,丙午,癸巳,庚辰,0.05466419276096146,庚,辰,金,土,5,19,2026-05
2026-05-07,1678.887,丙午,癸巳,辛巳,0.013241831658967751,辛,巳,金,火,5,19,2026-05
2026-05-08,1640.46,丙午,癸巳,壬午,-0.022888377836030593,壬,午,水,火,5,19,2026-05
2026-05-11,1716.691,丙午,癸巳,乙酉,0.04646928300598607,乙,酉,木,金,5,20,2026-05
2026-05-12,1723.784,丙午,癸巳,丙戌,0.004131786093129142,丙,戌,火,土,5,20,2026-05
2026-05-13,1770.147,丙午,癸巳,丁亥,0.026896061223447898,丁,亥,火,水,5,20,2026-05
