month,ts_code,return,heavenly_stem,earthly_branch,stem_wuxing,branch_wuxing,month_wuxing
2010-01,000001.SH,,丁,丑,火,土,土
2010-02,000001.SH,0.020958,戊,寅,土,木,木
2010-03,000001.SH,0.01873,己,卯,土,木,木
2010-04,000001.SH,-0.076708,庚,辰,金,土,土
2010-05,000001.SH,-0.097005,辛,巳,金,火,火
2010-06,000001.SH,-0.074755,壬,午,水,火,火
2010-07,000001.SH,0.099706,癸,未,水,土,土
2010-08,000001.SH,0.000491,甲,申,木,金,金
2010-09,000001.SH,0.006389,乙,酉,木,金,金
2010-10,000001.SH,0.121694,丙,戌,火,土,土
2010-11,000001.SH,-0.05326,丁,亥,火,水,水
2010-12,000001.SH,-0.004292,戊,子,土,水,水
2011-01,000001.SH,-0.00619,己,丑,土,土,土
2011-02,000001.SH,0.040979,庚,寅,金,木,木
2011-03,000001.SH,0.007937,辛,卯,金,木,木
2011-04,000001.SH,-0.005669,壬,辰,水,土,土
2011-05,000001.SH,-0.057715,癸,巳,水,火,火
2011-06,000001.SH,0.006781,甲,午,木,火,火
2011-07,000001.SH,-0.021848,乙,未,木,土,土
2011-08,000001.SH,-0.049742,丙,申,火,金,金
2011-09,000001.SH,-0.081064,丁,酉,火,金,金
2011-10,000001.SH,0.046214,戊,戌,土,土,土
2011-11,000001.SH,-0.054628,己,亥,土,水,水
2011-12,000001.SH,-0.057425,庚,子,金,水,水
2012-01,000001.SH,0.042372,辛,丑,金,土,土
2012-02,000001.SH,0.059267,壬,寅,水,木,木
2012-03,000001.SH,-0.068231,癸,卯,水,木,木
2012-04,000001.SH,0.05901,甲,辰,木,土,土
2012-05,000001.SH,-0.01005,乙,巳,木,火,火
2012-06,000001.SH,-0.061884,丙,午,火,火,火
2012-07,000001.SH,-0.05473,丁,未,火,土,土
2012-08,000001.SH,-0.026674,戊,申,土,金,金
2012-09,000001.SH,0.018875,己,酉,土,金,金
2012-10,000001.SH,-0.008287,庚,戌,金,土,土
2012-11,000001.SH,-0.042904,辛,亥,金,水,水
2012-12,000001.SH,0.145957,壬,子,水,水,水
2013-01,000001.SH,0.051251,癸,丑,水,土,土
2013-02,000001.SH,-0.008313,甲,寅,木,木,木
2013-03,000001.SH,-0.05452,乙,卯,木,木,木
2013-04,000001.SH,-0.026249,丙,辰,火,土,土
2013-05,000001.SH,0.056331,丁,巳,火,火,火
2013-06,000001.SH,-0.139698,戊,午,土,火,火
2013-07,000001.SH,0.007373,己,未,土,土,土
2013-08,000001.SH,0.052454,庚,申,金,金,金
2013-09,000001.SH,0.036353,辛,酉,金,金,金
2013-10,000001.SH,-0.015198,壬,戌,水,土,土
2013-11,000001.SH,0.036837,癸,亥,水,水,水
2013-12,000001.SH,-0.047073,甲,子,木,水,水
2014-01,000001.SH,-0.039176,乙,丑,木,土,土
2014-02,000001.SH,0.011421,丙,寅,火,木,木
2014-03,000001.SH,-0.011183,丁,卯,火,木,木
2014-04,000001.SH,-0.003417,戊,辰,土,土,土
2014-05,000001.SH,0.006343,己,巳,土,火,火
2014-06,000001.SH,0.00447,庚,午,金,火,火
2014-07,000001.SH,0.07481,辛,未,金,土,土
2014-08,000001.SH,0.007103,壬,申,水,金,金
2014-09,000001.SH,0.066151,癸,酉,水,金,金
2014-10,000001.SH,0.02382,甲,戌,木,土,土
2014-11,000001.SH,0.108528,乙,亥,木,水,水
2014-12,000001.SH,0.205694,丙,子,火,水,水
2015-01,000001.SH,-0.007517,丁,丑,火,土,土
2015-02,000001.SH,0.03113,戊,寅,土,木,木
2015-03,000001.SH,0.132192,己,卯,土,木,木
2015-04,000001.SH,0.185105,庚,辰,金,土,土
2015-05,000001.SH,0.038294,辛,巳,金,火,火
2015-06,000001.SH,-0.072537,壬,午,水,火,火
2015-07,000001.SH,-0.143433,癸,未,水,土,土
2015-08,000001.SH,-0.124938,甲,申,木,金,金
2015-09,000001.SH,-0.047787,乙,酉,木,金,金
2015-10,000001.SH,0.108026,丙,戌,火,土,土
2015-11,000001.SH,0.018579,丁,亥,火,水,水
2015-12,000001.SH,0.027218,戊,子,土,水,水
2016-01,000001.SH,-0.226488,己,丑,土,土,土
2016-02,000001.SH,-0.018126,庚,寅,金,木,木
2016-03,000001.SH,0.117537,辛,卯,金,木,木
2016-04,000001.SH,-0.021835,壬,辰,水,土,土
2016-05,000001.SH,-0.007388,癸,巳,水,火,火
2016-06,000001.SH,0.004454,甲,午,木,火,火
2016-07,000001.SH,0.016976,乙,未,木,土,土
2016-08,000001.SH,0.035629,丙,申,火,金,金
2016-09,000001.SH,-0.026183,丁,酉,火,金,金
2016-10,000001.SH,0.03188,戊,戌,土,土,土
2016-11,000001.SH,0.048232,己,亥,土,水,水
2016-12,000001.SH,-0.045045,庚,子,金,水,水
2017-01,000001.SH,0.017892,辛,丑,金,土,土
2017-02,000001.SH,0.026136,壬,寅,水,木,木
2017-03,000001.SH,-0.005929,癸,卯,水,木,木
2017-04,000001.SH,-0.021057,甲,辰,木,土,土
2017-05,000001.SH,-0.011881,乙,巳,木,火,火
2017-06,000001.SH,0.02414,丙,午,火,火,火
2017-07,000001.SH,0.025248,丁,未,火,土,土
2017-08,000001.SH,0.02682,戊,申,土,金,金
2017-09,000001.SH,-0.003531,己,酉,土,金,金
2017-10,000001.SH,0.013258,庚,戌,金,土,土
2017-11,000001.SH,-0.022442,辛,亥,金,水,水
2017-12,000001.SH,-0.003019,壬,子,水,水,水
2018-01,000001.SH,0.05251,癸,丑,水,土,土
2018-02,000001.SH,-0.063613,甲,寅,木,木,木
2018-03,000001.SH,-0.027769,乙,卯,木,木,木
2018-04,000001.SH,-0.027349,丙,辰,火,土,土
2018-05,000001.SH,0.004296,丁,巳,火,火,火
2018-06,000001.SH,-0.080135,戊,午,土,火,火
2018-07,000001.SH,0.010179,己,未,土,土,土
2018-08,000001.SH,-0.052549,庚,申,金,金,金
2018-09,000001.SH,0.035263,辛,酉,金,金,金
2018-10,000001.SH,-0.077469,壬,戌,水,土,土
2018-11,000001.SH,-0.005607,癸,亥,水,水,水
2018-12,000001.SH,-0.036432,甲,子,木,水,水
2019-01,000001.SH,0.036359,乙,丑,木,土,土
2019-02,000001.SH,0.137888,丙,寅,火,木,木
2019-03,000001.SH,0.050937,丁,卯,火,木,木
2019-04,000001.SH,-0.004018,戊,辰,土,土,土
2019-05,000001.SH,-0.058357,己,巳,土,火,火
2019-06,000001.SH,0.027661,庚,午,金,火,火
2019-07,000001.SH,-0.015567,辛,未,金,土,土
2019-08,000001.SH,-0.015778,壬,申,水,金,金
2019-09,000001.SH,0.006566,癸,酉,水,金,金
2019-10,000001.SH,0.008215,甲,戌,木,土,土
2019-11,000001.SH,-0.019486,乙,亥,木,水,水
2019-12,000001.SH,0.062028,丙,子,火,水,水
2020-01,000001.SH,-0.024129,丁,丑,火,土,土
2020-02,000001.SH,-0.032328,戊,寅,土,木,木
2020-03,000001.SH,-0.045137,己,卯,土,木,木
2020-04,000001.SH,0.039918,庚,辰,金,土,土
2020-05,000001.SH,-0.002703,辛,巳,金,火,火
2020-06,000001.SH,0.046391,壬,午,水,火,火
2020-07,000001.SH,0.109001,癸,未,水,土,土
2020-08,000001.SH,0.025882,甲,申,木,金,金
2020-09,000001.SH,-0.052309,乙,酉,木,金,金
2020-10,000001.SH,0.002014,丙,戌,火,土,土
2020-11,000001.SH,0.051859,丁,亥,火,水,水
2020-12,000001.SH,0.023974,戊,子,土,水,水
2021-01,000001.SH,0.002879,己,丑,土,土,土
2021-02,000001.SH,0.007468,庚,寅,金,木,木
2021-03,000001.SH,-0.019141,辛,卯,金,木,木
2021-04,000001.SH,0.001436,壬,辰,水,土,土
2021-05,000001.SH,0.04892,癸,巳,水,火,火
2021-06,000001.SH,-0.006716,甲,午,木,火,火
2021-07,000001.SH,-0.053976,乙,未,木,土,土
2021-08,000001.SH,0.043146,丙,申,火,金,金
2021-09,000001.SH,0.006836,丁,酉,火,金,金
2021-10,000001.SH,-0.005838,戊,戌,土,土,土
2021-11,000001.SH,0.004666,己,亥,土,水,水
2021-12,000001.SH,0.021294,庚,子,金,水,水
2022-01,000001.SH,-0.07647,辛,丑,金,土,土
2022-02,000001.SH,0.030007,壬,寅,水,木,木
2022-03,000001.SH,-0.060683,癸,卯,水,木,木
2022-04,000001.SH,-0.063078,甲,辰,木,土,土
2022-05,000001.SH,0.045738,乙,巳,木,火,火
2022-06,000001.SH,0.066592,丙,午,火,火,火
2022-07,000001.SH,-0.042776,丁,未,火,土,土
2022-08,000001.SH,-0.015707,戊,申,土,金,金
2022-09,000001.SH,-0.055509,己,酉,土,金,金
2022-10,000001.SH,-0.043284,庚,戌,金,土,土
2022-11,000001.SH,0.089115,辛,亥,金,水,水
2022-12,000001.SH,-0.019699,壬,子,水,水,水
2023-01,000001.SH,0.053868,癸,丑,水,土,土
2023-02,000001.SH,0.007352,甲,寅,木,木,木
2023-03,000001.SH,-0.002057,乙,卯,木,木,木
2023-04,000001.SH,0.015404,丙,辰,火,土,土
2023-05,000001.SH,-0.035721,丁,巳,火,火,火
2023-06,000001.SH,-0.000781,戊,午,土,火,火
2023-07,000001.SH,0.027788,己,未,土,土,土
2023-08,000001.SH,-0.052009,庚,申,金,金,金
2023-09,000001.SH,-0.003013,辛,酉,金,金,金
2023-10,000001.SH,-0.029482,壬,戌,水,土,土
2023-11,000001.SH,0.003611,癸,亥,水,水,水
2023-12,000001.SH,-0.018067,甲,子,木,水,水
2024-01,000001.SH,-0.062652,乙,丑,木,土,土
2024-02,000001.SH,0.081269,丙,寅,火,木,木
2024-03,000001.SH,0.008622,丁,卯,火,木,木
2024-04,000001.SH,0.020932,戊,辰,土,土,土
2024-05,000001.SH,-0.005801,己,巳,土,火,火
2024-06,000001.SH,-0.038684,庚,午,金,火,火
2024-07,000001.SH,-0.009656,辛,未,金,土,土
2024-08,000001.SH,-0.032849,壬,申,水,金,金
2024-09,000001.SH,0.173908,癸,酉,水,金,金
2024-10,000001.SH,-0.016986,甲,戌,木,土,土
2024-11,000001.SH,0.014218,乙,亥,木,水,水
2024-12,000001.SH,0.007608,丙,子,火,水,水
2025-01,000001.SH,-0.030182,丁,丑,火,土,土
2025-02,000001.SH,0.021626,戊,寅,土,木,木
2025-03,000001.SH,0.004471,己,卯,土,木,木
2025-04,000001.SH,-0.017002,庚,辰,金,土,土
2025-05,000001.SH,0.020877,辛,巳,金,火,火
2025-06,000001.SH,0.028959,壬,午,水,火,火
2025-07,000001.SH,0.037389,癸,未,水,土,土
2025-08,000001.SH,0.079682,甲,申,木,金,金
2025-09,000001.SH,0.006441,乙,酉,木,金,金
2025-10,000001.SH,0.018547,丙,戌,火,土,土
2025-11,000001.SH,-0.016738,丁,亥,火,水,水
2025-12,000001.SH,0.020636,戊,子,土,水,水
2026-01,000001.SH,0.03757,己,丑,土,土,土
2026-02,000001.SH,0.010912,庚,寅,金,木,木
2026-03,000001.SH,-0.065104,辛,卯,金,木,木
2026-04,000001.SH,0.056605,壬,辰,水,土,土
2026-05,000001.SH,0.031714,癸,巳,水,火,火
2020-01,000688.SH,,丁,丑,火,土,土
2020-02,000688.SH,-0.00919,戊,寅,土,木,木
2020-03,000688.SH,-0.135431,己,卯,土,木,木
2020-04,000688.SH,0.132653,庚,辰,金,土,土
2020-05,000688.SH,0.068387,辛,巳,金,火,火
2020-06,000688.SH,0.161924,壬,午,水,火,火
2020-07,000688.SH,0.044956,癸,未,水,土,土
2020-08,000688.SH,-0.059314,甲,申,木,金,金
2020-09,000688.SH,-0.00312,乙,酉,木,金,金
2020-10,000688.SH,-0.01754,丙,戌,火,土,土
2020-11,000688.SH,-0.006046,丁,亥,火,水,水
2020-12,000688.SH,0.005445,戊,子,土,水,水
2021-01,000688.SH,0.020771,己,丑,土,土,土
2021-02,000688.SH,-0.067776,庚,寅,金,木,木
2021-03,000688.SH,-0.05828,辛,卯,金,木,木
2021-04,000688.SH,0.059205,壬,辰,水,土,土
2021-05,000688.SH,0.091079,癸,巳,水,火,火
2021-06,000688.SH,0.100889,甲,午,木,火,火
2021-07,000688.SH,0.00189,乙,未,木,土,土
2021-08,000688.SH,-0.094296,丙,申,火,金,金
2021-09,000688.SH,-0.050277,丁,酉,火,金,金
2021-10,000688.SH,0.020076,戊,戌,土,土,土
2021-11,000688.SH,0.056953,己,亥,土,水,水
2021-12,000688.SH,-0.05253,庚,子,金,水,水
2022-01,000688.SH,-0.120849,辛,丑,金,土,土
2022-02,000688.SH,0.016564,壬,寅,水,木,木
2022-03,000688.SH,-0.126863,癸,卯,水,木,木
2022-04,000688.SH,-0.131898,甲,辰,木,土,土
2022-05,000688.SH,0.093084,乙,巳,木,火,火
2022-06,000688.SH,0.067951,丙,午,火,火,火
2022-07,000688.SH,-0.015153,丁,未,火,土,土
2022-08,000688.SH,-0.054418,戊,申,土,金,金
2022-09,000688.SH,-0.08768,己,酉,土,金,金
2022-10,000688.SH,0.07553,庚,戌,金,土,土
2022-11,000688.SH,-0.009961,辛,亥,金,水,水
2022-12,000688.SH,-0.040347,壬,子,水,水,水
2023-01,000688.SH,0.056727,癸,丑,水,土,土
2023-02,000688.SH,-0.023553,甲,寅,木,木,木
2023-03,000688.SH,0.091951,乙,卯,木,木,木
2023-04,000688.SH,0.005851,丙,辰,火,土,土
2023-05,000688.SH,-0.031216,丁,巳,火,火,火
2023-06,000688.SH,-0.046266,戊,午,土,火,火
2023-07,000688.SH,-0.035971,己,未,土,土,土
2023-08,000688.SH,-0.027225,庚,申,金,金,金
2023-09,000688.SH,-0.05815,辛,酉,金,金,金
2023-10,000688.SH,-0.015087,壬,戌,水,土,土
2023-11,000688.SH,-0.009974,癸,亥,水,水,水
2023-12,000688.SH,-0.015803,甲,子,木,水,水
2024-01,000688.SH,-0.196188,乙,丑,木,土,土
2024-02,000688.SH,0.179389,丙,寅,火,木,木
2024-03,000688.SH,-0.05567,丁,卯,火,木,木
2024-04,000688.SH,0.006191,戊,辰,土,土,土
2024-05,000688.SH,-0.031579,己,巳,土,火,火
2024-06,000688.SH,-0.041913,庚,午,金,火,火
2024-07,000688.SH,0.043952,辛,未,金,土,土
2024-08,000688.SH,-0.066198,壬,申,水,金,金
2024-09,000688.SH,0.256713,癸,酉,水,金,金
2024-10,000688.SH,0.111287,甲,戌,木,土,土
2024-11,000688.SH,0.039139,乙,亥,木,水,水
2024-12,000688.SH,-0.018321,丙,子,火,水,水
2025-01,000688.SH,-0.034224,丁,丑,火,土,土
2025-02,000688.SH,0.129525,戊,寅,土,木,木
2025-03,000688.SH,-0.051987,己,卯,土,木,木
2025-04,000688.SH,-0.010068,庚,辰,金,土,土
2025-05,000688.SH,-0.034956,辛,巳,金,火,火
2025-06,000688.SH,0.027007,壬,午,水,火,火
2025-07,000688.SH,0.044305,癸,未,水,土,土
2025-08,000688.SH,0.280036,甲,申,木,金,金
2025-09,000688.SH,0.114796,乙,酉,木,金,金
2025-10,000688.SH,-0.053343,丙,戌,火,土,土
2025-11,000688.SH,-0.062433,丁,亥,火,水,水
2025-12,000688.SH,0.012848,戊,子,土,水,水
2026-01,000688.SH,0.1229,己,丑,土,土,土
2026-02,000688.SH,-0.014164,庚,寅,金,木,木
2026-03,000688.SH,-0.155707,辛,卯,金,木,木
2026-04,000688.SH,0.250522,壬,辰,水,土,土
2026-05,000688.SH,0.126718,癸,巳,水,火,火
2010-01,000858.SZ,,丁,丑,火,土,土
2010-02,000858.SZ,-0.039397,戊,寅,土,木,木
2010-03,000858.SZ,0.004636,己,卯,土,木,木
2010-04,000858.SZ,-0.066738,庚,辰,金,土,土
2010-05,000858.SZ,-0.054393,辛,巳,金,火,火
2010-06,000858.SZ,-0.025342,壬,午,水,火,火
2010-07,000858.SZ,0.146513,癸,未,水,土,土
2010-08,000858.SZ,0.141829,甲,申,木,金,金
2010-09,000858.SZ,0.082282,乙,酉,木,金,金
2010-10,000858.SZ,0.06321,丙,戌,火,土,土
2010-11,000858.SZ,0.072055,丁,亥,火,水,水
2010-12,000858.SZ,-0.115001,戊,子,土,水,水
2011-01,000858.SZ,-0.051401,己,丑,土,土,土
2011-02,000858.SZ,0.003653,庚,寅,金,木,木
2011-03,000858.SZ,-0.032757,辛,卯,金,木,木
2011-04,000858.SZ,0.033866,壬,辰,水,土,土
2011-05,000858.SZ,0.001213,癸,巳,水,火,火
2011-06,000858.SZ,0.082096,甲,午,木,火,火
2011-07,000858.SZ,0.06383,乙,未,木,土,土
2011-08,000858.SZ,0.063158,丙,申,火,金,金
2011-09,000858.SZ,-0.101485,丁,酉,火,金,金
2011-10,000858.SZ,0.010744,戊,戌,土,土,土
2011-11,000858.SZ,0.022895,己,亥,土,水,水
2011-12,000858.SZ,-0.126033,庚,子,金,水,水
2012-01,000858.SZ,-0.024695,辛,丑,金,土,土
2012-02,000858.SZ,0.101594,壬,寅,水,木,木
2012-03,000858.SZ,-0.068104,癸,卯,水,木,木
2012-04,000858.SZ,0.084653,甲,辰,木,土,土
2012-05,000858.SZ,-0.09461,乙,巳,木,火,火
2012-06,000858.SZ,0.015814,丙,午,火,火,火
2012-07,000858.SZ,0.068376,丁,未,火,土,土
2012-08,000858.SZ,-0.069429,戊,申,土,金,金
2012-09,000858.SZ,0.040835,己,酉,土,金,金
2012-10,000858.SZ,-0.00885,庚,戌,金,土,土
2012-11,000858.SZ,-0.197321,辛,亥,金,水,水
2012-12,000858.SZ,0.046719,壬,子,水,水,水
2013-01,000858.SZ,-0.096706,癸,丑,水,土,土
2013-02,000858.SZ,-0.041569,甲,寅,木,木,木
2013-03,000858.SZ,-0.085925,乙,卯,木,木,木
2013-04,000858.SZ,-0.017457,丙,辰,火,土,土
2013-05,000858.SZ,0.082005,丁,巳,火,火,火
2013-06,000858.SZ,-0.156211,戊,午,土,火,火
2013-07,000858.SZ,-0.054391,己,未,土,土,土
2013-08,000858.SZ,0.022164,庚,申,金,金,金
2013-09,000858.SZ,-0.070728,辛,酉,金,金,金
2013-10,000858.SZ,-0.093889,壬,戌,水,土,土
2013-11,000858.SZ,0.026977,癸,亥,水,水,水
2013-12,000858.SZ,-0.065075,甲,子,木,水,水
2014-01,000858.SZ,-0.065134,乙,丑,木,土,土
2014-02,000858.SZ,0.043033,丙,寅,火,木,木
2014-03,000858.SZ,0.091683,丁,卯,火,木,木
2014-04,000858.SZ,0.055789,戊,辰,土,土,土
2014-05,000858.SZ,-0.046591,己,巳,土,火,火
2014-06,000858.SZ,0.068534,庚,午,金,火,火
2014-07,000858.SZ,0.081428,辛,未,金,土,土
2014-08,000858.SZ,-0.034038,壬,申,水,金,金
2014-09,000858.SZ,-0.013881,癸,酉,水,金,金
2014-10,000858.SZ,-0.042231,甲,戌,木,土,土
2014-11,000858.SZ,0.023177,乙,亥,木,水,水
2014-12,000858.SZ,0.187845,丙,子,火,水,水
2015-01,000858.SZ,0.032558,丁,丑,火,土,土
2015-02,000858.SZ,-0.036937,戊,寅,土,木,木
2015-03,000858.SZ,0.084191,己,卯,土,木,木
2015-04,000858.SZ,0.126402,庚,辰,金,土,土
2015-05,000858.SZ,0.027576,辛,巳,金,火,火
2015-06,000858.SZ,0.181513,壬,午,水,火,火
2015-07,000858.SZ,-0.188328,癸,未,水,土,土
2015-11,000858.SZ,-0.066071,丁,亥,火,水,水
2015-12,000858.SZ,0.135248,戊,子,土,水,水
2016-01,000858.SZ,-0.132698,己,丑,土,土,土
2016-02,000858.SZ,-0.050719,庚,寅,金,木,木
2016-03,000858.SZ,0.251558,辛,卯,金,木,木
2016-04,000858.SZ,0.010317,壬,辰,水,土,土
2016-05,000858.SZ,0.057394,癸,巳,水,火,火
2016-06,000858.SZ,0.08325,甲,午,木,火,火
2016-07,000858.SZ,0.111897,乙,未,木,土,土
2016-08,000858.SZ,-0.034835,丙,申,火,金,金
2016-09,000858.SZ,-0.0444,丁,酉,火,金,金
2016-10,000858.SZ,0.048561,戊,戌,土,土,土
2016-11,000858.SZ,0.027158,己,亥,土,水,水
2016-12,000858.SZ,-0.040356,庚,子,金,水,水
2017-01,000858.SZ,0.073086,辛,丑,金,土,土
2017-02,000858.SZ,0.069189,壬,寅,水,木,木
2017-03,000858.SZ,0.086957,癸,卯,水,木,木
2017-04,000858.SZ,0.05814,甲,辰,木,土,土
2017-05,000858.SZ,0.052308,乙,巳,木,火,火
2017-06,000858.SZ,0.16249,丙,午,火,火,火
2017-07,000858.SZ,0.001797,丁,未,火,土,土
2017-08,000858.SZ,-0.004842,戊,申,土,金,金
2017-09,000858.SZ,0.032258,己,酉,土,金,金
2017-10,000858.SZ,0.163059,庚,戌,金,土,土
2017-11,000858.SZ,-0.015311,辛,亥,金,水,水
2017-12,000858.SZ,0.217683,壬,子,水,水,水
2018-01,000858.SZ,0.056335,癸,丑,水,土,土
2018-02,000858.SZ,-0.119697,甲,寅,木,木,木
2018-03,000858.SZ,-0.106624,乙,卯,木,木,木
2018-04,000858.SZ,0.024412,丙,辰,火,土,土
2018-05,000858.SZ,0.161812,丁,巳,火,火,火
2018-06,000858.SZ,-0.037731,戊,午,土,火,火
2018-07,000858.SZ,-0.050658,己,未,土,土,土
2018-08,000858.SZ,-0.142065,庚,申,金,金,金
2018-09,000858.SZ,0.097738,辛,酉,金,金,金
2018-10,000858.SZ,-0.291391,壬,戌,水,土,土
2018-11,000858.SZ,0.088058,癸,亥,水,水,水
2018-12,000858.SZ,-0.028822,甲,子,木,水,水
2019-01,000858.SZ,0.185142,乙,丑,木,土,土
2019-02,000858.SZ,0.185738,丙,寅,火,木,木
2019-03,000858.SZ,0.328671,丁,卯,火,木,木
2019-04,000858.SZ,0.077474,戊,辰,土,土,土
2019-05,000858.SZ,-0.010844,己,巳,土,火,火
2019-06,000858.SZ,0.164938,庚,午,金,火,火
2019-07,000858.SZ,0.0234,辛,未,金,土,土
2019-08,000858.SZ,0.172231,壬,申,水,金,金
2019-09,000858.SZ,-0.082686,癸,酉,水,金,金
2019-10,000858.SZ,0.017565,甲,戌,木,土,土
2019-11,000858.SZ,-0.034297,乙,亥,木,水,水
2019-12,000858.SZ,0.042807,丙,子,火,水,水
2020-01,000858.SZ,-0.0515,丁,丑,火,土,土
2020-02,000858.SZ,-0.044071,戊,寅,土,木,木
2020-03,000858.SZ,-0.044776,己,卯,土,木,木
2020-04,000858.SZ,0.178559,庚,辰,金,土,土
2020-05,000858.SZ,0.091552,辛,巳,金,火,火
2020-06,000858.SZ,0.154656,壬,午,水,火,火
2020-07,000858.SZ,0.271038,癸,未,水,土,土
2020-08,000858.SZ,0.103448,甲,申,木,金,金
2020-09,000858.SZ,-0.079167,乙,酉,木,金,金
2020-10,000858.SZ,0.105656,丙,戌,火,土,土
2020-11,000858.SZ,0.039493,丁,亥,火,水,水
2020-12,000858.SZ,0.149016,戊,子,土,水,水
2021-01,000858.SZ,-0.002433,己,丑,土,土,土
2021-02,000858.SZ,-0.038263,庚,寅,金,木,木
2021-03,000858.SZ,-0.042929,辛,卯,金,木,木
2021-04,000858.SZ,0.063512,壬,辰,水,土,土
2021-05,000858.SZ,0.105684,癸,巳,水,火,火
2021-06,000858.SZ,-0.054678,甲,午,木,火,火
2021-07,000858.SZ,-0.258955,乙,未,木,土,土
2021-08,000858.SZ,-0.086342,丙,申,火,金,金
2021-09,000858.SZ,0.087758,丁,酉,火,金,金
2021-10,000858.SZ,-0.013127,戊,戌,土,土,土
2021-11,000858.SZ,0.006882,己,亥,土,水,水
2021-12,000858.SZ,0.021376,庚,子,金,水,水
2022-01,000858.SZ,-0.109045,辛,丑,金,土,土
2022-02,000858.SZ,-0.042242,壬,寅,水,木,木
2022-03,000858.SZ,-0.183895,癸,卯,水,木,木
2022-04,000858.SZ,0.045595,甲,辰,木,土,土
2022-05,000858.SZ,0.057176,乙,巳,木,火,火
2022-06,000858.SZ,0.178121,丙,午,火,火,火
2022-07,000858.SZ,-0.116526,丁,未,火,土,土
2022-08,000858.SZ,-0.062836,戊,申,土,金,金
2022-09,000858.SZ,0.012202,己,酉,土,金,金
2022-10,000858.SZ,-0.211133,庚,戌,金,土,土
2022-11,000858.SZ,0.174981,辛,亥,金,水,水
2022-12,000858.SZ,0.151919,壬,子,水,水,水
2023-01,000858.SZ,0.156677,癸,丑,水,土,土
2023-02,000858.SZ,-0.021914,甲,寅,木,木,木
2023-03,000858.SZ,-0.036298,乙,卯,木,木,木
2023-04,000858.SZ,-0.142132,丙,辰,火,土,土
2023-05,000858.SZ,-0.046272,丁,巳,火,火,火
2023-06,000858.SZ,0.014828,戊,午,土,火,火
2023-07,000858.SZ,0.10656,己,未,土,土,土
2023-08,000858.SZ,-0.138619,庚,申,金,金,金
2023-09,000858.SZ,0.001219,辛,酉,金,金,金
2023-10,000858.SZ,-0.000641,壬,戌,水,土,土
2023-11,000858.SZ,-0.04391,癸,亥,水,水,水
2023-12,000858.SZ,-0.059269,甲,子,木,水,水
2024-01,000858.SZ,-0.09985,乙,丑,木,土,土
2024-02,000858.SZ,0.126287,丙,寅,火,木,木
2024-03,000858.SZ,0.079156,丁,卯,火,木,木
2024-04,000858.SZ,-0.020064,戊,辰,土,土,土
2024-05,000858.SZ,-0.024796,己,巳,土,火,火
2024-06,000858.SZ,-0.127198,庚,午,金,火,火
2024-07,000858.SZ,-0.009216,辛,未,金,土,土
2024-08,000858.SZ,-0.030191,壬,申,水,金,金
2024-09,000858.SZ,0.320897,癸,酉,水,金,金
2024-10,000858.SZ,-0.096486,甲,戌,木,土,土
2024-11,000858.SZ,-0.000409,乙,亥,木,水,水
2024-12,000858.SZ,-0.045854,丙,子,火,水,水
2025-01,000858.SZ,-0.091688,丁,丑,火,土,土
2025-02,000858.SZ,0.034434,戊,寅,土,木,木
2025-03,000858.SZ,-0.001748,己,卯,土,木,木
2025-04,000858.SZ,-0.020175,庚,辰,金,土,土
2025-05,000858.SZ,-0.01756,辛,巳,金,火,火
2025-06,000858.SZ,-0.059633,壬,午,水,火,火
2025-07,000858.SZ,0.018923,癸,未,水,土,土
2025-08,000858.SZ,0.06917,甲,申,木,金,金
2025-09,000858.SZ,-0.062148,乙,酉,木,金,金
2025-10,000858.SZ,-0.020497,丙,戌,火,土,土
2025-11,000858.SZ,-0.009581,丁,亥,火,水,水
2025-12,000858.SZ,-0.101061,戊,子,土,水,水
2026-01,000858.SZ,-0.008873,己,丑,土,土,土
2026-02,000858.SZ,-0.009048,庚,寅,金,木,木
2026-03,000858.SZ,-0.007496,辛,卯,金,木,木
2026-04,000858.SZ,-0.05994,壬,辰,水,土,土
2026-05,000858.SZ,-0.081685,癸,巳,水,火,火
2018-06,300750.SZ,,戊,午,土,火,火
2018-07,300750.SZ,0.003613,己,未,土,土,土
2018-08,300750.SZ,-0.093049,庚,申,金,金,金
2018-09,300750.SZ,0.114504,辛,酉,金,金,金
2018-10,300750.SZ,0.020548,壬,戌,水,土,土
2018-11,300750.SZ,0.074228,癸,亥,水,水,水
2018-12,300750.SZ,-0.077846,甲,子,木,水,水
2019-01,300750.SZ,0.031436,乙,丑,木,土,土
2019-02,300750.SZ,0.152128,丙,寅,火,木,木
2019-03,300750.SZ,-0.030787,丁,卯,火,木,木
2019-04,300750.SZ,-0.061647,戊,辰,土,土,土
2019-05,300750.SZ,-0.129388,己,巳,土,火,火
2019-06,300750.SZ,-0.008065,庚,午,金,火,火
2019-07,300750.SZ,0.103368,辛,未,金,土,土
2019-08,300750.SZ,-0.049079,壬,申,水,金,金
2019-09,300750.SZ,-0.010654,癸,酉,水,金,金
2019-10,300750.SZ,-0.039021,甲,戌,木,土,土
2019-11,300750.SZ,0.272158,乙,亥,木,水,水
2019-12,300750.SZ,0.217252,丙,子,火,水,水
2020-01,300750.SZ,0.227162,丁,丑,火,土,土
2020-02,300750.SZ,0.03906,戊,寅,土,木,木
2020-03,300750.SZ,-0.112626,己,卯,土,木,木
2020-04,300750.SZ,0.199269,庚,辰,金,土,土
2020-05,300750.SZ,0.007965,辛,巳,金,火,火
2020-06,300750.SZ,0.198103,壬,午,水,火,火
2020-07,300750.SZ,0.21685,癸,未,水,土,土
2020-08,300750.SZ,-0.027431,甲,申,木,金,金
2020-09,300750.SZ,0.013811,乙,酉,木,金,金
2020-10,300750.SZ,0.181501,丙,戌,火,土,土
2020-11,300750.SZ,-0.01768,丁,亥,火,水,水
2020-12,300750.SZ,0.446087,戊,子,土,水,水
2021-01,300750.SZ,0.008544,己,丑,土,土,土
2021-02,300750.SZ,-0.090029,庚,寅,金,木,木
2021-03,300750.SZ,-0.000186,辛,卯,金,木,木
2021-04,300750.SZ,0.204861,壬,辰,水,土,土
2021-05,300750.SZ,0.118324,癸,巳,水,火,火
2021-06,300750.SZ,0.231974,甲,午,木,火,火
2021-07,300750.SZ,0.02917,乙,未,木,土,土
2021-08,300750.SZ,-0.10089,丙,申,火,金,金
2021-09,300750.SZ,0.06236,丁,酉,火,金,金
2021-10,300750.SZ,0.215871,戊,戌,土,土,土
2021-11,300750.SZ,0.063797,己,亥,土,水,水
2021-12,300750.SZ,-0.135294,庚,子,金,水,水
2022-01,300750.SZ,0.007823,辛,丑,金,土,土
2022-02,300750.SZ,-0.099966,壬,寅,水,木,木
2022-03,300750.SZ,-0.039486,癸,卯,水,木,木
2022-04,300750.SZ,-0.200956,甲,辰,木,土,土
2022-05,300750.SZ,-0.003298,乙,巳,木,火,火
2022-06,300750.SZ,0.308824,丙,午,火,火,火
2022-07,300750.SZ,-0.047566,丁,未,火,土,土
2022-08,300750.SZ,-0.050334,戊,申,土,金,金
2022-09,300750.SZ,-0.17,己,酉,土,金,金
2022-10,300750.SZ,-0.06987,庚,戌,金,土,土
2022-11,300750.SZ,0.032504,辛,亥,金,水,水
2022-12,300750.SZ,0.02187,壬,子,水,水,水
2023-01,300750.SZ,0.182451,癸,丑,水,土,土
2023-02,300750.SZ,-0.131771,甲,寅,木,木,木
2023-03,300750.SZ,0.005323,乙,卯,木,木,木
2023-04,300750.SZ,-0.431474,丙,辰,火,土,土
2023-05,300750.SZ,-0.041932,丁,巳,火,火,火
2023-06,300750.SZ,0.034453,戊,午,土,火,火
2023-07,300750.SZ,0.039163,己,未,土,土,土
2023-08,300750.SZ,-0.005047,庚,申,金,金,金
2023-09,300750.SZ,-0.141704,辛,酉,金,金,金
2023-10,300750.SZ,-0.085849,壬,戌,水,土,土
2023-11,300750.SZ,-0.100216,癸,亥,水,水,水
2023-12,300750.SZ,-0.022395,甲,子,木,水,水
2024-01,300750.SZ,-0.071481,乙,丑,木,土,土
2024-02,300750.SZ,0.078633,丙,寅,火,木,木
2024-03,300750.SZ,0.162987,丁,卯,火,木,木
2024-04,300750.SZ,0.065419,戊,辰,土,土,土
2024-05,300750.SZ,-0.023889,己,巳,土,火,火
2024-06,300750.SZ,-0.089654,庚,午,金,火,火
2024-07,300750.SZ,0.034883,辛,未,金,土,土
2024-08,300750.SZ,-0.010574,壬,申,水,金,金
2024-09,300750.SZ,0.366442,癸,酉,水,金,金
2024-10,300750.SZ,-0.023463,甲,戌,木,土,土
2024-11,300750.SZ,0.062038,乙,亥,木,水,水
2024-12,300750.SZ,0.018221,丙,子,火,水,水
2025-01,300750.SZ,-0.033835,丁,丑,火,土,土
2025-02,300750.SZ,0.028405,戊,寅,土,木,木
2025-03,300750.SZ,-0.042981,己,卯,土,木,木
2025-04,300750.SZ,-0.084763,庚,辰,金,土,土
2025-05,300750.SZ,0.079914,辛,巳,金,火,火
2025-06,300750.SZ,0.00888,壬,午,水,火,火
2025-07,300750.SZ,0.049163,癸,未,水,土,土
2025-08,300750.SZ,0.157055,甲,申,木,金,金
2025-09,300750.SZ,0.312953,乙,酉,木,金,金
2025-10,300750.SZ,-0.03291,丙,戌,火,土,土
2025-11,300750.SZ,-0.040049,丁,亥,火,水,水
2025-12,300750.SZ,-0.015916,戊,子,土,水,水
2026-01,300750.SZ,-0.046997,己,丑,土,土,土
2026-02,300750.SZ,-0.022829,庚,寅,金,木,木
2026-03,300750.SZ,0.174527,辛,卯,金,木,木
2026-04,300750.SZ,0.085387,壬,辰,水,土,土
2026-05,300750.SZ,-0.004472,癸,巳,水,火,火
2010-01,399001.SZ,,丁,丑,火,土,土
2010-02,399001.SZ,0.024672,戊,寅,土,木,木
2010-03,399001.SZ,0.004639,己,卯,土,木,木
2010-04,399001.SZ,-0.106593,庚,辰,金,土,土
2010-05,399001.SZ,-0.085855,辛,巳,金,火,火
2010-06,399001.SZ,-0.080089,壬,午,水,火,火
2010-07,399001.SZ,0.148974,癸,未,水,土,土
2010-08,399001.SZ,0.051307,甲,申,木,金,金
2010-09,399001.SZ,0.01145,乙,酉,木,金,金
2010-10,399001.SZ,0.165557,丙,戌,火,土,土
2010-11,399001.SZ,-0.077125,丁,亥,火,水,水
2010-12,399001.SZ,0.009911,戊,子,土,水,水
2011-01,399001.SZ,-0.037233,己,丑,土,土,土
2011-02,399001.SZ,0.075679,庚,寅,金,木,木
2011-03,399001.SZ,-0.026315,辛,卯,金,木,木
2011-04,399001.SZ,-0.019893,壬,辰,水,土,土
2011-05,399001.SZ,-0.052615,癸,巳,水,火,火
2011-06,399001.SZ,0.038216,甲,午,木,火,火
2011-07,399001.SZ,-0.00995,乙,未,木,土,土
2011-08,399001.SZ,-0.049452,丙,申,火,金,金
2011-09,399001.SZ,-0.096964,丁,酉,火,金,金
2011-10,399001.SZ,0.018322,戊,戌,土,土,土
2011-11,399001.SZ,-0.075139,己,亥,土,水,水
2011-12,399001.SZ,-0.079907,庚,子,金,水,水
2012-01,399001.SZ,0.043148,辛,丑,金,土,土
2012-02,399001.SZ,0.080742,壬,寅,水,木,木
2012-03,399001.SZ,-0.064107,癸,卯,水,木,木
2012-04,399001.SZ,0.081839,甲,辰,木,土,土
2012-05,399001.SZ,-0.003829,乙,巳,木,火,火
2012-06,399001.SZ,-0.063215,丙,午,火,火,火
2012-07,399001.SZ,-0.046429,丁,未,火,土,土
2012-08,399001.SZ,-0.093632,戊,申,土,金,金
2012-09,399001.SZ,0.057024,己,酉,土,金,金
2012-10,399001.SZ,-0.024129,庚,戌,金,土,土
2012-11,399001.SZ,-0.06689,辛,亥,金,水,水
2012-12,399001.SZ,0.153511,壬,子,水,水,水
2013-01,399001.SZ,0.060461,癸,丑,水,土,土
2013-02,399001.SZ,-0.002714,甲,寅,木,木,木
2013-03,399001.SZ,-0.077962,乙,卯,木,木,木
2013-04,399001.SZ,-0.022316,丙,辰,火,土,土
2013-05,399001.SZ,0.065187,丁,巳,火,火,火
2013-06,399001.SZ,-0.16888,戊,午,土,火,火
2013-07,399001.SZ,0.009218,己,未,土,土,土
2013-08,399001.SZ,0.056286,庚,申,金,金,金
2013-09,399001.SZ,0.038048,辛,酉,金,金,金
2013-10,399001.SZ,-0.00824,壬,戌,水,土,土
2013-11,399001.SZ,0.011629,癸,亥,水,水,水
2013-12,399001.SZ,-0.049261,甲,子,木,水,水
2014-01,399001.SZ,-0.067615,乙,丑,木,土,土
2014-02,399001.SZ,-0.027297,丙,寅,火,木,木
2014-03,399001.SZ,-0.023941,丁,卯,火,木,木
2014-04,399001.SZ,0.017148,戊,辰,土,土,土
2014-05,399001.SZ,0.007106,己,巳,土,火,火
2014-06,399001.SZ,-0.002927,庚,午,金,火,火
2014-07,399001.SZ,0.083564,辛,未,金,土,土
2014-08,399001.SZ,-0.014479,壬,申,水,金,金
2014-09,399001.SZ,0.030433,癸,酉,水,金,金
2014-10,399001.SZ,0.017978,甲,戌,木,土,土
2014-11,399001.SZ,0.094414,乙,亥,木,水,水
2014-12,399001.SZ,0.223544,丙,子,火,水,水
2015-01,399001.SZ,0.012354,丁,丑,火,土,土
2015-02,399001.SZ,0.054435,戊,寅,土,木,木
2015-03,399001.SZ,0.119325,己,卯,土,木,木
2015-04,399001.SZ,0.12598,庚,辰,金,土,土
2015-05,399001.SZ,0.0865,辛,巳,金,火,火
2015-06,399001.SZ,-0.109468,壬,午,水,火,火
2015-07,399001.SZ,-0.136959,癸,未,水,土,土
2015-08,399001.SZ,-0.147491,甲,申,木,金,金
2015-09,399001.SZ,-0.053171,乙,酉,木,金,金
2015-10,399001.SZ,0.155963,丙,戌,火,土,土
2015-11,399001.SZ,0.042595,丁,亥,火,水,水
2015-12,399001.SZ,0.052088,戊,子,土,水,水
2016-01,399001.SZ,-0.256353,己,丑,土,土,土
2016-02,399001.SZ,-0.03402,庚,寅,金,木,木
2016-03,399001.SZ,0.14922,辛,卯,金,木,木
2016-04,399001.SZ,-0.030016,壬,辰,水,土,土
2016-05,399001.SZ,0.001814,癸,巳,水,火,火
2016-06,399001.SZ,0.032486,甲,午,木,火,火
2016-07,399001.SZ,-0.015306,乙,未,木,土,土
2016-08,399001.SZ,0.041478,丙,申,火,金,金
2016-09,399001.SZ,-0.017689,丁,酉,火,金,金
2016-10,399001.SZ,0.012938,戊,戌,土,土,土
2016-11,399001.SZ,0.028763,己,亥,土,水,水
2016-12,399001.SZ,-0.07583,庚,子,金,水,水
2017-01,399001.SZ,-0.012291,辛,丑,金,土,土
2017-02,399001.SZ,0.033754,壬,寅,水,木,木
2017-03,399001.SZ,0.003597,癸,卯,水,木,木
2017-04,399001.SZ,-0.018609,甲,辰,木,土,土
2017-05,399001.SZ,-0.036133,乙,巳,木,火,火
2017-06,399001.SZ,0.067387,丙,午,火,火,火
2017-07,399001.SZ,-0.002333,丁,未,火,土,土
2017-08,399001.SZ,0.029662,戊,申,土,金,金
2017-09,399001.SZ,0.025012,己,酉,土,金,金
2017-10,399001.SZ,0.025293,庚,戌,金,土,土
2017-11,399001.SZ,-0.037257,辛,亥,金,水,水
2017-12,399001.SZ,0.008804,壬,子,水,水,水
2018-01,399001.SZ,0.010799,癸,丑,水,土,土
2018-02,399001.SZ,-0.029656,甲,寅,木,木,木
2018-03,399001.SZ,0.003687,乙,卯,木,木,木
2018-04,399001.SZ,-0.050069,丙,辰,火,土,土
2018-05,399001.SZ,-0.002784,丁,巳,火,火,火
2018-06,399001.SZ,-0.088994,戊,午,土,火,火
2018-07,399001.SZ,-0.021397,己,未,土,土,土
2018-08,399001.SZ,-0.077713,庚,申,金,金,金
2018-09,399001.SZ,-0.007605,辛,酉,金,金,金
2018-10,399001.SZ,-0.109302,壬,戌,水,土,土
2018-11,399001.SZ,0.026584,癸,亥,水,水,水
2018-12,399001.SZ,-0.057534,甲,子,木,水,水
2019-01,399001.SZ,0.033071,乙,丑,木,土,土
2019-02,399001.SZ,0.207604,丙,寅,火,木,木
2019-03,399001.SZ,0.096872,丁,卯,火,木,木
2019-04,399001.SZ,-0.023451,戊,辰,土,土,土
2019-05,399001.SZ,-0.077713,己,巳,土,火,火
2019-06,399001.SZ,0.028648,庚,午,金,火,火
2019-07,399001.SZ,0.016158,辛,未,金,土,土
2019-08,399001.SZ,0.004188,壬,申,水,金,金
2019-09,399001.SZ,0.008602,癸,酉,水,金,金
2019-10,399001.SZ,0.020018,甲,戌,木,土,土
2019-11,399001.SZ,-0.005519,乙,亥,木,水,水
2019-12,399001.SZ,0.088562,丙,子,火,水,水
2020-01,399001.SZ,0.024077,丁,丑,火,土,土
2020-02,399001.SZ,0.027979,戊,寅,土,木,木
2020-03,399001.SZ,-0.09275,己,卯,土,木,木
2020-04,399001.SZ,0.076235,庚,辰,金,土,土
2020-05,399001.SZ,0.002266,辛,巳,金,火,火
2020-06,399001.SZ,0.115975,壬,午,水,火,火
2020-07,399001.SZ,0.137216,癸,未,水,土,土
2020-08,399001.SZ,0.008824,甲,申,木,金,金
2020-09,399001.SZ,-0.061838,乙,酉,木,金,金
2020-10,399001.SZ,0.025501,丙,戌,火,土,土
2020-11,399001.SZ,0.032751,丁,亥,火,水,水
2020-12,399001.SZ,0.058564,戊,子,土,水,水
2021-01,399001.SZ,0.024277,己,丑,土,土,土
2021-02,399001.SZ,-0.021222,庚,寅,金,木,木
2021-03,399001.SZ,-0.050235,辛,卯,金,木,木
2021-04,399001.SZ,0.047893,壬,辰,水,土,土
2021-05,399001.SZ,0.038633,癸,巳,水,火,火
2021-06,399001.SZ,0.011024,甲,午,木,火,火
2021-07,399001.SZ,-0.04541,乙,未,木,土,土
2021-08,399001.SZ,-0.010007,丙,申,火,金,金
2021-09,399001.SZ,-0.001352,丁,酉,火,金,金
2021-10,399001.SZ,0.00995,戊,戌,土,土,土
2021-11,399001.SZ,0.023828,己,亥,土,水,水
2021-12,399001.SZ,0.004164,庚,子,金,水,水
2022-01,399001.SZ,-0.102932,辛,丑,金,土,土
2022-02,399001.SZ,0.00958,壬,寅,水,木,木
2022-03,399001.SZ,-0.099398,癸,卯,水,木,木
2022-04,399001.SZ,-0.09051,甲,辰,木,土,土
2022-05,399001.SZ,0.045927,乙,巳,木,火,火
2022-06,399001.SZ,0.118722,丙,午,火,火,火
2022-07,399001.SZ,-0.048796,丁,未,火,土,土
2022-08,399001.SZ,-0.036776,戊,申,土,金,金
2022-09,399001.SZ,-0.087779,己,酉,土,金,金
2022-10,399001.SZ,-0.035401,庚,戌,金,土,土
2022-11,399001.SZ,0.068429,辛,亥,金,水,水
2022-12,399001.SZ,-0.008328,壬,子,水,水,水
2023-01,399001.SZ,0.089441,癸,丑,水,土,土
2023-02,399001.SZ,-0.01812,甲,寅,木,木,木
2023-03,399001.SZ,-0.004871,乙,卯,木,木,木
2023-04,399001.SZ,-0.033065,丙,辰,火,土,土
2023-05,399001.SZ,-0.048049,丁,巳,火,火,火
2023-06,399001.SZ,0.021562,戊,午,土,火,火
2023-07,399001.SZ,0.014268,己,未,土,土,土
2023-08,399001.SZ,-0.068465,庚,申,金,金,金
2023-09,399001.SZ,-0.029629,辛,酉,金,金,金
2023-10,399001.SZ,-0.024306,壬,戌,水,土,土
2023-11,399001.SZ,-0.013878,癸,亥,水,水,水
2023-12,399001.SZ,-0.02079,甲,子,木,水,水
2024-01,399001.SZ,-0.137731,乙,丑,木,土,土
2024-02,399001.SZ,0.136079,丙,寅,火,木,木
2024-03,399001.SZ,0.007546,丁,卯,火,木,木
2024-04,399001.SZ,0.019814,戊,辰,土,土,土
2024-05,399001.SZ,-0.023234,己,巳,土,火,火
2024-06,399001.SZ,-0.055068,庚,午,金,火,火
2024-07,399001.SZ,-0.010692,辛,未,金,土,土
2024-08,399001.SZ,-0.046334,壬,申,水,金,金
2024-09,399001.SZ,0.261279,癸,酉,水,金,金
2024-10,399001.SZ,0.005837,甲,戌,木,土,土
2024-11,399001.SZ,0.001936,乙,亥,木,水,水
2024-12,399001.SZ,-0.018575,丙,子,火,水,水
2025-01,399001.SZ,-0.024825,丁,丑,火,土,土
2025-02,399001.SZ,0.044818,戊,寅,土,木,木
2025-03,399001.SZ,-0.010075,己,卯,土,木,木
2025-04,399001.SZ,-0.057549,庚,辰,金,土,土
2025-05,399001.SZ,0.014223,辛,巳,金,火,火
2025-06,399001.SZ,0.042278,壬,午,水,火,火
2025-07,399001.SZ,0.052044,癸,未,水,土,土
2025-08,399001.SZ,0.153171,甲,申,木,金,金
2025-09,399001.SZ,0.065402,乙,酉,木,金,金
2025-10,399001.SZ,-0.010963,丙,戌,火,土,土
2025-11,399001.SZ,-0.029461,丁,亥,火,水,水
2025-12,399001.SZ,0.041662,戊,子,土,水,水
2026-01,399001.SZ,0.050342,己,丑,土,土,土
2026-02,399001.SZ,0.020358,庚,寅,金,木,木
2026-03,399001.SZ,-0.070164,辛,卯,金,木,木
2026-04,399001.SZ,0.1209,壬,辰,水,土,土
2026-05,399001.SZ,0.065014,癸,巳,水,火,火
2010-06,399006.SZ,,壬,午,水,火,火
2010-07,399006.SZ,0.053428,癸,未,水,土,土
2010-08,399006.SZ,0.059002,甲,申,木,金,金
2010-09,399006.SZ,-0.080961,乙,酉,木,金,金
2010-10,399006.SZ,0.12942,丙,戌,火,土,土
2010-11,399006.SZ,0.109892,丁,亥,火,水,水
2010-12,399006.SZ,-0.037107,戊,子,土,水,水
2011-01,399006.SZ,-0.095408,己,丑,土,土,土
2011-02,399006.SZ,0.068657,庚,寅,金,木,木
2011-03,399006.SZ,-0.083181,辛,卯,金,木,木
2011-04,399006.SZ,-0.094795,壬,辰,水,土,土
2011-05,399006.SZ,-0.07275,癸,巳,水,火,火
2011-06,399006.SZ,-0.000468,甲,午,木,火,火
2011-07,399006.SZ,0.079628,乙,未,木,土,土
2011-08,399006.SZ,0.008997,丙,申,火,金,金
2011-09,399006.SZ,-0.141467,丁,酉,火,金,金
2011-10,399006.SZ,0.077944,戊,戌,土,土,土
2011-11,399006.SZ,-0.017226,己,亥,土,水,水
2011-12,399006.SZ,-0.129582,庚,子,金,水,水
2012-01,399006.SZ,-0.110792,辛,丑,金,土,土
2012-02,399006.SZ,0.133586,壬,寅,水,木,木
2012-03,399006.SZ,-0.077267,癸,卯,水,木,木
2012-04,399006.SZ,0.009745,甲,辰,木,土,土
2012-05,399006.SZ,0.071991,乙,巳,木,火,火
2012-06,399006.SZ,-0.010579,丙,午,火,火,火
2012-07,399006.SZ,-0.068426,丁,未,火,土,土
2012-08,399006.SZ,0.043821,戊,申,土,金,金
2012-09,399006.SZ,-0.024037,己,酉,土,金,金
2012-10,399006.SZ,0.002919,庚,戌,金,土,土
2012-11,399006.SZ,-0.122731,辛,亥,金,水,水
2012-12,399006.SZ,0.176505,壬,子,水,水,水
2013-01,399006.SZ,0.08705,癸,丑,水,土,土
2013-02,399006.SZ,0.109651,甲,寅,木,木,木
2013-03,399006.SZ,0.006225,乙,卯,木,木,木
2013-04,399006.SZ,0.02646,丙,辰,火,土,土
2013-05,399006.SZ,0.206483,丁,巳,火,火,火
2013-06,399006.SZ,-0.057189,戊,午,土,火,火
2013-07,399006.SZ,0.120947,己,未,土,土,土
2013-08,399006.SZ,0.045088,庚,申,金,金,金
2013-09,399006.SZ,0.154215,辛,酉,金,金,金
2013-10,399006.SZ,-0.096758,壬,戌,水,土,土
2013-11,399006.SZ,0.106251,癸,亥,水,水,水
2013-12,399006.SZ,-0.045646,甲,子,木,水,水
2014-01,399006.SZ,0.146832,乙,丑,木,土,土
2014-02,399006.SZ,-0.040832,丙,寅,火,木,木
2014-03,399006.SZ,-0.074635,丁,卯,火,木,木
2014-04,399006.SZ,-0.033583,戊,辰,土,土,土
2014-05,399006.SZ,0.027211,己,巳,土,火,火
2014-06,399006.SZ,0.065686,庚,午,金,火,火
2014-07,399006.SZ,-0.042832,辛,未,金,土,土
2014-08,399006.SZ,0.059444,壬,申,水,金,金
2014-09,399006.SZ,0.081718,癸,酉,水,金,金
2014-10,399006.SZ,-0.017916,甲,戌,木,土,土
2014-11,399006.SZ,0.038053,乙,亥,木,水,水
2014-12,399006.SZ,-0.063079,丙,子,火,水,水
2015-01,399006.SZ,0.141881,丁,丑,火,土,土
2015-02,399006.SZ,0.147249,戊,寅,土,木,木
2015-03,399006.SZ,0.211161,己,卯,土,木,木
2015-04,399006.SZ,0.223846,庚,辰,金,土,土
2015-05,399006.SZ,0.239671,辛,巳,金,火,火
2015-06,399006.SZ,-0.193132,壬,午,水,火,火
2015-07,399006.SZ,-0.11151,癸,未,水,土,土
2015-08,399006.SZ,-0.213784,甲,申,木,金,金
2015-09,399006.SZ,0.042971,乙,酉,木,金,金
2015-10,399006.SZ,0.18995,丙,戌,火,土,土
2015-11,399006.SZ,0.078403,丁,亥,火,水,水
2015-12,399006.SZ,0.015516,戊,子,土,水,水
2016-01,399006.SZ,-0.26528,己,丑,土,土,土
2016-02,399006.SZ,-0.056871,庚,寅,金,木,木
2016-03,399006.SZ,0.19016,辛,卯,金,木,木
2016-04,399006.SZ,-0.044475,壬,辰,水,土,土
2016-05,399006.SZ,0.009848,癸,巳,水,火,火
2016-06,399006.SZ,0.03148,甲,午,木,火,火
2016-07,399006.SZ,-0.047302,乙,未,木,土,土
2016-08,399006.SZ,0.032673,丙,申,火,金,金
2016-09,399006.SZ,-0.019097,丁,酉,火,金,金
2016-10,399006.SZ,0.004586,戊,戌,土,土,土
2016-11,399006.SZ,0.010783,己,亥,土,水,水
2016-12,399006.SZ,-0.10123,庚,子,金,水,水
2017-01,399006.SZ,-0.038647,辛,丑,金,土,土
2017-02,399006.SZ,0.021698,壬,寅,水,木,木
2017-03,399006.SZ,-0.010286,癸,卯,水,木,木
2017-04,399006.SZ,-0.029677,甲,辰,木,土,土
2017-05,399006.SZ,-0.047011,乙,巳,木,火,火
2017-06,399006.SZ,0.030809,丙,午,火,火,火
2017-07,399006.SZ,-0.044975,丁,未,火,土,土
2017-08,399006.SZ,0.065126,戊,申,土,金,金
2017-09,399006.SZ,0.009518,己,酉,土,金,金
2017-10,399006.SZ,0.001502,庚,戌,金,土,土
2017-11,399006.SZ,-0.053207,辛,亥,金,水,水
2017-12,399006.SZ,-0.00997,壬,子,水,水,水
2018-01,399006.SZ,-0.010039,癸,丑,水,土,土
2018-02,399006.SZ,0.010703,甲,寅,木,木,木
2018-03,399006.SZ,0.083744,乙,卯,木,木,木
2018-04,399006.SZ,-0.049927,丙,辰,火,土,土
2018-05,399006.SZ,-0.034256,丁,巳,火,火,火
2018-06,399006.SZ,-0.078583,戊,午,土,火,火
2018-07,399006.SZ,-0.028292,己,未,土,土,土
2018-08,399006.SZ,-0.080741,庚,申,金,金,金
2018-09,399006.SZ,-0.016625,辛,酉,金,金,金
2018-10,399006.SZ,-0.096197,壬,戌,水,土,土
2018-11,399006.SZ,0.042189,癸,亥,水,水,水
2018-12,399006.SZ,-0.059323,甲,子,木,水,水
2019-01,399006.SZ,-0.018022,乙,丑,木,土,土
2019-02,399006.SZ,0.250566,丙,寅,火,木,木
2019-03,399006.SZ,0.102799,丁,卯,火,木,木
2019-04,399006.SZ,-0.041195,戊,辰,土,土,土
2019-05,399006.SZ,-0.086295,己,巳,土,火,火
2019-06,399006.SZ,0.01877,庚,午,金,火,火
2019-07,399006.SZ,0.038958,辛,未,金,土,土
2019-08,399006.SZ,0.025793,壬,申,水,金,金
2019-09,399006.SZ,0.010334,癸,酉,水,金,金
2019-10,399006.SZ,0.026891,甲,戌,木,土,土
2019-11,399006.SZ,-0.003839,乙,亥,木,水,水
2019-12,399006.SZ,0.080018,丙,子,火,水,水
2020-01,399006.SZ,0.072089,丁,丑,火,土,土
2020-02,399006.SZ,0.074607,戊,寅,土,木,木
2020-03,399006.SZ,-0.096376,己,卯,土,木,木
2020-04,399006.SZ,0.105515,庚,辰,金,土,土
2020-05,399006.SZ,0.008328,辛,巳,金,火,火
2020-06,399006.SZ,0.168465,壬,午,水,火,火
2020-07,399006.SZ,0.146503,癸,未,水,土,土
2020-08,399006.SZ,-0.023999,甲,申,木,金,金
2020-09,399006.SZ,-0.056282,乙,酉,木,金,金
2020-10,399006.SZ,0.031501,丙,戌,火,土,土
2020-11,399006.SZ,-0.009028,丁,亥,火,水,水
2020-12,399006.SZ,0.127044,戊,子,土,水,水
2021-01,399006.SZ,0.05482,己,丑,土,土,土
2021-02,399006.SZ,-0.068636,庚,寅,金,木,木
2021-03,399006.SZ,-0.053399,辛,卯,金,木,木
2021-04,399006.SZ,0.120679,壬,辰,水,土,土
2021-05,399006.SZ,0.070413,癸,巳,水,火,火
2021-06,399006.SZ,0.050803,甲,午,木,火,火
2021-07,399006.SZ,-0.01064,乙,未,木,土,土
2021-08,399006.SZ,-0.065713,丙,申,火,金,金
2021-09,399006.SZ,0.009498,丁,酉,火,金,金
2021-10,399006.SZ,0.032675,戊,戌,土,土,土
2021-11,399006.SZ,0.043254,己,亥,土,水,水
2021-12,399006.SZ,-0.049468,庚,子,金,水,水
2022-01,399006.SZ,-0.124517,辛,丑,金,土,土
2022-02,399006.SZ,-0.009501,壬,寅,水,木,木
2022-03,399006.SZ,-0.076984,癸,卯,水,木,木
2022-04,399006.SZ,-0.127977,甲,辰,木,土,土
2022-05,399006.SZ,0.03706,乙,巳,木,火,火
2022-06,399006.SZ,0.168608,丙,午,火,火,火
2022-07,399006.SZ,-0.049865,丁,未,火,土,土
2022-08,399006.SZ,-0.03746,戊,申,土,金,金
2022-09,399006.SZ,-0.109494,己,酉,土,金,金
2022-10,399006.SZ,-0.010437,庚,戌,金,土,土
2022-11,399006.SZ,0.035423,辛,亥,金,水,水
2022-12,399006.SZ,0.00062,壬,子,水,水,水
2023-01,399006.SZ,0.099742,癸,丑,水,土,土
2023-02,399006.SZ,-0.058823,甲,寅,木,木,木
2023-03,399006.SZ,-0.012155,乙,卯,木,木,木
2023-04,399006.SZ,-0.031168,丙,辰,火,土,土
2023-05,399006.SZ,-0.056483,丁,巳,火,火,火
2023-06,399006.SZ,0.009844,戊,午,土,火,火
2023-07,399006.SZ,0.009784,己,未,土,土,土
2023-08,399006.SZ,-0.059954,庚,申,金,金,金
2023-09,399006.SZ,-0.046927,辛,酉,金,金,金
2023-10,399006.SZ,-0.017806,壬,戌,水,土,土
2023-11,399006.SZ,-0.023186,癸,亥,水,水,水
2023-12,399006.SZ,-0.016241,甲,子,木,水,水
2024-01,399006.SZ,-0.168129,乙,丑,木,土,土
2024-02,399006.SZ,0.14851,丙,寅,火,木,木
2024-03,399006.SZ,0.006181,丁,卯,火,木,木
2024-04,399006.SZ,0.022104,戊,辰,土,土,土
2024-05,399006.SZ,-0.028672,己,巳,土,火,火
2024-06,399006.SZ,-0.067408,庚,午,金,火,火
2024-07,399006.SZ,0.002799,辛,未,金,土,土
2024-08,399006.SZ,-0.063788,壬,申,水,金,金
2024-09,399006.SZ,0.376237,癸,酉,水,金,金
2024-10,399006.SZ,-0.004884,甲,戌,木,土,土
2024-11,399006.SZ,0.027508,乙,亥,木,水,水
2024-12,399006.SZ,-0.037053,丙,子,火,水,水
2025-01,399006.SZ,-0.036317,丁,丑,火,土,土
2025-02,399006.SZ,0.051638,戊,寅,土,木,木
2025-03,399006.SZ,-0.030729,己,卯,土,木,木
2025-04,399006.SZ,-0.073998,庚,辰,金,土,土
2025-05,399006.SZ,0.023181,辛,巳,金,火,火
2025-06,399006.SZ,0.080186,壬,午,水,火,火
2025-07,399006.SZ,0.08142,癸,未,水,土,土
2025-08,399006.SZ,0.241296,甲,申,木,金,金
2025-09,399006.SZ,0.120422,乙,酉,木,金,金
2025-10,399006.SZ,-0.015634,丙,戌,火,土,土
2025-11,399006.SZ,-0.042336,丁,亥,火,水,水
2025-12,399006.SZ,0.04933,戊,子,土,水,水
2026-01,399006.SZ,0.0447,己,丑,土,土,土
2026-02,399006.SZ,-0.010773,庚,寅,金,木,木
2026-03,399006.SZ,-0.037868,辛,卯,金,木,木
2026-04,399006.SZ,0.154538,壬,辰,水,土,土
2026-05,399006.SZ,0.098224,癸,巳,水,火,火
2010-07,601288.SH,,癸,未,水,土,土
2010-08,601288.SH,-0.035842,甲,申,木,金,金
2010-09,601288.SH,-0.02974,乙,酉,木,金,金
2010-10,601288.SH,0.057471,丙,戌,火,土,土
2010-11,601288.SH,-0.054348,丁,亥,火,水,水
2010-12,601288.SH,0.02682,戊,子,土,水,水
2011-01,601288.SH,-0.022388,己,丑,土,土,土
2011-02,601288.SH,-0.003817,庚,寅,金,木,木
2011-03,601288.SH,0.057471,辛,卯,金,木,木
2011-04,601288.SH,0.065217,壬,辰,水,土,土
2011-05,601288.SH,-0.034014,癸,巳,水,火,火
2011-06,601288.SH,-0.014085,甲,午,木,火,火
2011-07,601288.SH,-0.042857,乙,未,木,土,土
2011-08,601288.SH,-0.026119,丙,申,火,金,金
2011-09,601288.SH,-0.057471,丁,酉,火,金,金
2011-10,601288.SH,0.089431,戊,戌,土,土,土
2011-11,601288.SH,-0.052239,己,亥,土,水,水
2011-12,601288.SH,0.031496,庚,子,金,水,水
2012-01,601288.SH,0.030534,辛,丑,金,土,土
2012-02,601288.SH,0.018519,壬,寅,水,木,木
2012-03,601288.SH,-0.025455,癸,卯,水,木,木
2012-04,601288.SH,0.014925,甲,辰,木,土,土
2012-05,601288.SH,-0.029412,乙,巳,木,火,火
2012-06,601288.SH,-0.018939,丙,午,火,火,火
2012-07,601288.SH,-0.027027,丁,未,火,土,土
2012-08,601288.SH,-0.015873,戊,申,土,金,金
2012-09,601288.SH,-0.008065,己,酉,土,金,金
2012-10,601288.SH,0.01626,庚,戌,金,土,土
2012-11,601288.SH,0.04,辛,亥,金,水,水
2012-12,601288.SH,0.076923,壬,子,水,水,水
2013-01,601288.SH,0.1,癸,丑,水,土,土
2013-02,601288.SH,-0.025974,甲,寅,木,木,木
2013-03,601288.SH,-0.1,乙,卯,木,木,木
2013-04,601288.SH,-0.003704,丙,辰,火,土,土
2013-05,601288.SH,0.01487,丁,巳,火,火,火
2013-06,601288.SH,-0.098901,戊,午,土,火,火
2013-07,601288.SH,-0.004065,己,未,土,土,土
2013-08,601288.SH,0.008163,庚,申,金,金,金
2013-09,601288.SH,0.012146,辛,酉,金,金,金
2013-10,601288.SH,0.02,壬,戌,水,土,土
2013-11,601288.SH,0.027451,癸,亥,水,水,水
2013-12,601288.SH,-0.053435,甲,子,木,水,水
2014-01,601288.SH,-0.040323,乙,丑,木,土,土
2014-02,601288.SH,-0.021008,丙,寅,火,木,木
2014-03,601288.SH,0.038627,丁,卯,火,木,木
2014-04,601288.SH,0.0,戊,辰,土,土,土
2014-05,601288.SH,0.028926,己,巳,土,火,火
2014-06,601288.SH,0.012048,庚,午,金,火,火
2014-07,601288.SH,0.0,辛,未,金,土,土
2014-08,601288.SH,-0.035714,壬,申,水,金,金
2014-09,601288.SH,0.024691,癸,酉,水,金,金
2014-10,601288.SH,0.028112,甲,戌,木,土,土
2014-11,601288.SH,0.113281,乙,亥,木,水,水
2014-12,601288.SH,0.301754,丙,子,火,水,水
2015-01,601288.SH,-0.067385,丁,丑,火,土,土
2015-02,601288.SH,-0.034682,戊,寅,土,木,木
2015-03,601288.SH,0.098802,己,卯,土,木,木
2015-04,601288.SH,0.079019,庚,辰,金,土,土
2015-05,601288.SH,-0.080808,辛,巳,金,火,火
2015-06,601288.SH,0.019231,壬,午,水,火,火
2015-07,601288.SH,-0.072776,癸,未,水,土,土
2015-08,601288.SH,-0.130814,甲,申,木,金,金
2015-09,601288.SH,0.013378,乙,酉,木,金,金
2015-10,601288.SH,0.036304,丙,戌,火,土,土
2015-11,601288.SH,0.003185,丁,亥,火,水,水
2015-12,601288.SH,0.025397,戊,子,土,水,水
2016-01,601288.SH,-0.074303,己,丑,土,土,土
2016-02,601288.SH,0.0,庚,寅,金,木,木
2016-03,601288.SH,0.070234,辛,卯,金,木,木
2016-04,601288.SH,-0.025,壬,辰,水,土,土
2016-05,601288.SH,0.022436,癸,巳,水,火,火
2016-06,601288.SH,0.003135,甲,午,木,火,火
2016-07,601288.SH,-0.028125,乙,未,木,土,土
2016-08,601288.SH,0.032154,丙,申,火,金,金
2016-09,601288.SH,-0.024922,丁,酉,火,金,金
2016-10,601288.SH,0.009585,戊,戌,土,土,土
2016-11,601288.SH,0.015823,己,亥,土,水,水
2016-12,601288.SH,-0.034268,庚,子,金,水,水
2017-01,601288.SH,0.035484,辛,丑,金,土,土
2017-02,601288.SH,0.012461,壬,寅,水,木,木
2017-03,601288.SH,0.027692,癸,卯,水,木,木
2017-04,601288.SH,0.011976,甲,辰,木,土,土
2017-05,601288.SH,0.047337,乙,巳,木,火,火
2017-06,601288.SH,-0.00565,丙,午,火,火,火
2017-07,601288.SH,0.053977,丁,未,火,土,土
2017-08,601288.SH,0.016173,戊,申,土,金,金
2017-09,601288.SH,0.013263,己,酉,土,金,金
2017-10,601288.SH,-0.020942,庚,戌,金,土,土
2017-11,601288.SH,0.0,辛,亥,金,水,水
2017-12,601288.SH,0.024064,壬,子,水,水,水
2018-01,601288.SH,0.164491,癸,丑,水,土,土
2018-02,601288.SH,-0.073991,甲,寅,木,木,木
2018-03,601288.SH,-0.053269,乙,卯,木,木,木
2018-04,601288.SH,-0.025575,丙,辰,火,土,土
2018-05,601288.SH,-0.057743,丁,巳,火,火,火
2018-06,601288.SH,-0.041783,戊,午,土,火,火
2018-07,601288.SH,0.05814,己,未,土,土,土
2018-08,601288.SH,-0.002747,庚,申,金,金,金
2018-09,601288.SH,0.071625,辛,酉,金,金,金
2018-10,601288.SH,-0.005141,壬,戌,水,土,土
2018-11,601288.SH,-0.077519,癸,亥,水,水,水
2018-12,601288.SH,0.008403,甲,子,木,水,水
2019-01,601288.SH,0.033333,乙,丑,木,土,土
2019-02,601288.SH,0.021505,丙,寅,火,木,木
2019-03,601288.SH,-0.018421,丁,卯,火,木,木
2019-04,601288.SH,0.008043,戊,辰,土,土,土
2019-05,601288.SH,-0.021277,己,巳,土,火,火
2019-06,601288.SH,-0.021739,庚,午,金,火,火
2019-07,601288.SH,0.0,辛,未,金,土,土
2019-08,601288.SH,-0.055556,壬,申,水,金,金
2019-09,601288.SH,0.017647,癸,酉,水,金,金
2019-10,601288.SH,0.052023,甲,戌,木,土,土
2019-11,601288.SH,-0.005495,乙,亥,木,水,水
2019-12,601288.SH,0.019337,丙,子,火,水,水
2020-01,601288.SH,-0.04607,丁,丑,火,土,土
2020-02,601288.SH,-0.03125,戊,寅,土,木,木
2020-03,601288.SH,-0.01173,己,卯,土,木,木
2020-04,601288.SH,0.026706,庚,辰,金,土,土
2020-05,601288.SH,-0.017341,辛,巳,金,火,火
2020-06,601288.SH,-0.005882,壬,午,水,火,火
2020-07,601288.SH,-0.044379,癸,未,水,土,土
2020-08,601288.SH,-0.006192,甲,申,木,金,金
2020-09,601288.SH,-0.012461,乙,酉,木,金,金
2020-10,601288.SH,-0.006309,丙,戌,火,土,土
2020-11,601288.SH,0.044444,丁,亥,火,水,水
2020-12,601288.SH,-0.045593,戊,子,土,水,水
2021-01,601288.SH,0.003185,己,丑,土,土,土
2021-02,601288.SH,0.034921,庚,寅,金,木,木
2021-03,601288.SH,0.042945,辛,卯,金,木,木
2021-04,601288.SH,-0.058824,壬,辰,水,土,土
2021-05,601288.SH,0.01875,癸,巳,水,火,火
2021-06,601288.SH,-0.070552,甲,午,木,火,火
2021-07,601288.SH,-0.033003,乙,未,木,土,土
2021-08,601288.SH,0.010239,丙,申,火,金,金
2021-09,601288.SH,-0.006757,丁,酉,火,金,金
2021-10,601288.SH,0.0,戊,戌,土,土,土
2021-11,601288.SH,-0.010204,己,亥,土,水,水
2021-12,601288.SH,0.010309,庚,子,金,水,水
2022-01,601288.SH,0.006803,辛,丑,金,土,土
2022-02,601288.SH,0.006757,壬,寅,水,木,木
2022-03,601288.SH,0.033557,癸,卯,水,木,木
2022-04,601288.SH,-0.006494,甲,辰,木,土,土
2022-05,601288.SH,-0.009804,乙,巳,木,火,火
2022-06,601288.SH,-0.0033,丙,午,火,火,火
2022-07,601288.SH,-0.056291,丁,未,火,土,土
2022-08,601288.SH,0.0,戊,申,土,金,金
2022-09,601288.SH,0.003509,己,酉,土,金,金
2022-10,601288.SH,-0.034965,庚,戌,金,土,土
2022-11,601288.SH,0.043478,辛,亥,金,水,水
2022-12,601288.SH,0.010417,壬,子,水,水,水
2023-01,601288.SH,0.0,癸,丑,水,土,土
2023-02,601288.SH,0.006873,甲,寅,木,木,木
2023-03,601288.SH,0.061433,乙,卯,木,木,木
2023-04,601288.SH,0.099678,丙,辰,火,土,土
2023-05,601288.SH,0.02924,丁,巳,火,火,火
2023-06,601288.SH,0.002841,戊,午,土,火,火
2023-07,601288.SH,0.025496,己,未,土,土,土
2023-08,601288.SH,-0.044199,庚,申,金,金,金
2023-09,601288.SH,0.040462,辛,酉,金,金,金
2023-10,601288.SH,-0.002778,壬,戌,水,土,土
2023-11,601288.SH,0.019499,癸,亥,水,水,水
2023-12,601288.SH,-0.005464,甲,子,木,水,水
2024-01,601288.SH,0.068681,乙,丑,木,土,土
2024-02,601288.SH,0.077121,丙,寅,火,木,木
2024-03,601288.SH,0.009547,丁,卯,火,木,木
2024-04,601288.SH,0.040189,戊,辰,土,土,土
2024-05,601288.SH,-0.002273,己,巳,土,火,火
2024-06,601288.SH,-0.006834,庚,午,金,火,火
2024-07,601288.SH,0.052752,辛,未,金,土,土
2024-08,601288.SH,-0.015251,壬,申,水,金,金
2024-09,601288.SH,0.061947,癸,酉,水,金,金
2024-10,601288.SH,-0.014583,甲,戌,木,土,土
2024-11,601288.SH,0.016913,乙,亥,木,水,水
2024-12,601288.SH,0.110187,丙,子,火,水,水
2025-01,601288.SH,-0.033708,丁,丑,火,土,土
2025-02,601288.SH,-0.005814,戊,寅,土,木,木
2025-03,601288.SH,0.009747,己,卯,土,木,木
2025-04,601288.SH,0.046332,庚,辰,金,土,土
2025-05,601288.SH,0.020295,辛,巳,金,火,火
2025-06,601288.SH,0.063291,壬,午,水,火,火
2025-07,601288.SH,0.071429,癸,未,水,土,土
2025-08,601288.SH,0.114286,甲,申,木,金,金
2025-09,601288.SH,-0.049858,乙,酉,木,金,金
2025-10,601288.SH,0.193403,丙,戌,火,土,土
2025-11,601288.SH,0.01005,丁,亥,火,水,水
2025-12,601288.SH,-0.044776,戊,子,土,水,水
2026-01,601288.SH,-0.125,己,丑,土,土,土
2026-02,601288.SH,-0.047619,庚,寅,金,木,木
2026-03,601288.SH,0.046875,辛,卯,金,木,木
2026-04,601288.SH,0.032836,壬,辰,水,土,土
2026-05,601288.SH,-0.037572,癸,巳,水,火,火
2012-08,801010.SI,,戊,申,土,金,金
2012-09,801010.SI,0.007895,己,酉,土,金,金
2012-10,801010.SI,-0.034025,庚,戌,金,土,土
2012-11,801010.SI,-0.101221,辛,亥,金,水,水
2012-12,801010.SI,0.171744,壬,子,水,水,水
2013-01,801010.SI,0.065542,癸,丑,水,土,土
2013-02,801010.SI,0.021825,甲,寅,木,木,木
2013-03,801010.SI,-0.078074,乙,卯,木,木,木
2013-04,801010.SI,-0.037603,丙,辰,火,土,土
2013-05,801010.SI,0.128105,丁,巳,火,火,火
2013-06,801010.SI,-0.172113,戊,午,土,火,火
2013-07,801010.SI,0.018951,己,未,土,土,土
2013-08,801010.SI,0.078982,庚,申,金,金,金
2013-09,801010.SI,0.109142,辛,酉,金,金,金
2013-10,801010.SI,0.020732,壬,戌,水,土,土
2013-11,801010.SI,0.075336,癸,亥,水,水,水
2013-12,801010.SI,-0.028763,甲,子,木,水,水
2014-01,801010.SI,-0.080769,乙,丑,木,土,土
2014-02,801010.SI,0.006631,丙,寅,火,木,木
2014-03,801010.SI,-0.048507,丁,卯,火,木,木
2014-04,801010.SI,-0.019443,戊,辰,土,土,土
2014-05,801010.SI,0.026258,己,巳,土,火,火
2014-06,801010.SI,0.015076,庚,午,金,火,火
2014-07,801010.SI,0.099998,辛,未,金,土,土
2014-08,801010.SI,0.042616,壬,申,水,金,金
2014-09,801010.SI,0.132526,癸,酉,水,金,金
2014-10,801010.SI,-0.007935,甲,戌,木,土,土
2014-11,801010.SI,0.061219,乙,亥,木,水,水
2014-12,801010.SI,-0.054587,丙,子,火,水,水
2015-01,801010.SI,0.107255,丁,丑,火,土,土
2015-02,801010.SI,0.024173,戊,寅,土,木,木
2015-03,801010.SI,0.210213,己,卯,土,木,木
2015-04,801010.SI,0.122969,庚,辰,金,土,土
2015-05,801010.SI,0.245226,辛,巳,金,火,火
2015-06,801010.SI,-0.074093,壬,午,水,火,火
2015-07,801010.SI,-0.084001,癸,未,水,土,土
2015-08,801010.SI,-0.142612,甲,申,木,金,金
2015-09,801010.SI,-0.070818,乙,酉,木,金,金
2015-10,801010.SI,0.153071,丙,戌,火,土,土
2015-11,801010.SI,0.066866,丁,亥,火,水,水
2015-12,801010.SI,0.04548,戊,子,土,水,水
2016-01,801010.SI,-0.245319,己,丑,土,土,土
2016-02,801010.SI,0.022422,庚,寅,金,木,木
2016-03,801010.SI,0.145584,辛,卯,金,木,木
2016-04,801010.SI,-0.037546,壬,辰,水,土,土
2016-05,801010.SI,-3.2e-05,癸,巳,水,火,火
2016-06,801010.SI,0.016006,甲,午,木,火,火
2016-07,801010.SI,0.015518,乙,未,木,土,土
2016-08,801010.SI,0.03337,丙,申,火,金,金
2016-09,801010.SI,-0.033293,丁,酉,火,金,金
2016-10,801010.SI,0.032777,戊,戌,土,土,土
2016-11,801010.SI,0.026981,己,亥,土,水,水
2016-12,801010.SI,-0.016982,庚,子,金,水,水
2017-01,801010.SI,-0.028294,辛,丑,金,土,土
2017-02,801010.SI,0.020096,壬,寅,水,木,木
2017-03,801010.SI,-0.031417,癸,卯,水,木,木
2017-04,801010.SI,-0.056938,甲,辰,木,土,土
2017-05,801010.SI,-0.083776,乙,巳,木,火,火
2017-06,801010.SI,0.025457,丙,午,火,火,火
2017-07,801010.SI,-0.016434,丁,未,火,土,土
2017-08,801010.SI,0.04667,戊,申,土,金,金
2017-09,801010.SI,-0.008512,己,酉,土,金,金
2017-10,801010.SI,0.041647,庚,戌,金,土,土
2017-11,801010.SI,-0.041751,辛,亥,金,水,水
2017-12,801010.SI,0.008168,壬,子,水,水,水
2018-01,801010.SI,0.001146,癸,丑,水,土,土
2018-02,801010.SI,-0.072725,甲,寅,木,木,木
2018-03,801010.SI,-0.002685,乙,卯,木,木,木
2018-04,801010.SI,-0.032676,丙,辰,火,土,土
2018-05,801010.SI,0.059929,丁,巳,火,火,火
2018-06,801010.SI,-0.133427,戊,午,土,火,火
2018-07,801010.SI,0.006835,己,未,土,土,土
2018-08,801010.SI,-0.087801,庚,申,金,金,金
2018-09,801010.SI,0.027234,辛,酉,金,金,金
2018-10,801010.SI,-0.050686,壬,戌,水,土,土
2018-11,801010.SI,0.059145,癸,亥,水,水,水
2018-12,801010.SI,-0.006109,甲,子,木,水,水
2019-01,801010.SI,0.03524,乙,丑,木,土,土
2019-02,801010.SI,0.219772,丙,寅,火,木,木
2019-03,801010.SI,0.175397,丁,卯,火,木,木
2019-04,801010.SI,0.058217,戊,辰,土,土,土
2019-05,801010.SI,-0.017263,己,巳,土,火,火
2019-06,801010.SI,-0.08031,庚,午,金,火,火
2019-07,801010.SI,0.073066,辛,未,金,土,土
2019-08,801010.SI,0.008252,壬,申,水,金,金
2019-09,801010.SI,-0.085305,癸,酉,水,金,金
2019-10,801010.SI,0.125978,甲,戌,木,土,土
2019-11,801010.SI,-0.095732,乙,亥,木,水,水
2019-12,801010.SI,0.016832,丙,子,火,水,水
2020-01,801010.SI,-0.040065,丁,丑,火,土,土
2020-02,801010.SI,0.082493,戊,寅,土,木,木
2020-03,801010.SI,0.112997,己,卯,土,木,木
2020-04,801010.SI,-0.003157,庚,辰,金,土,土
2020-05,801010.SI,-0.043835,辛,巳,金,火,火
2020-06,801010.SI,0.061187,壬,午,水,火,火
2020-07,801010.SI,0.162305,癸,未,水,土,土
2020-08,801010.SI,0.050159,甲,申,木,金,金
2020-09,801010.SI,-0.172886,乙,酉,木,金,金
2020-10,801010.SI,-0.046034,丙,戌,火,土,土
2020-11,801010.SI,0.030727,丁,亥,火,水,水
2020-12,801010.SI,0.018623,戊,子,土,水,水
2021-01,801010.SI,0.003194,己,丑,土,土,土
2021-02,801010.SI,0.083078,庚,寅,金,木,木
2021-03,801010.SI,-0.075628,辛,卯,金,木,木
2021-04,801010.SI,0.001099,壬,辰,水,土,土
2021-05,801010.SI,-0.047223,癸,巳,水,火,火
2021-06,801010.SI,-0.037152,甲,午,木,火,火
2021-07,801010.SI,-0.142527,乙,未,木,土,土
2021-08,801010.SI,-0.004617,丙,申,火,金,金
2021-09,801010.SI,0.094264,丁,酉,火,金,金
2021-10,801010.SI,0.026941,戊,戌,土,土,土
2021-11,801010.SI,0.00303,己,亥,土,水,水
2021-12,801010.SI,0.071337,庚,子,金,水,水
2022-01,801010.SI,-0.04599,辛,丑,金,土,土
2022-02,801010.SI,0.007596,壬,寅,水,木,木
2022-03,801010.SI,0.029416,癸,卯,水,木,木
2022-04,801010.SI,-0.127576,甲,辰,木,土,土
2022-05,801010.SI,0.054802,乙,巳,木,火,火
2022-06,801010.SI,0.040861,丙,午,火,火,火
2022-07,801010.SI,0.035638,丁,未,火,土,土
2022-08,801010.SI,0.005203,戊,申,土,金,金
2022-09,801010.SI,-0.103783,己,酉,土,金,金
2022-10,801010.SI,-0.062556,庚,戌,金,土,土
2022-11,801010.SI,0.0533,辛,亥,金,水,水
2022-12,801010.SI,0.014318,壬,子,水,水,水
2023-01,801010.SI,0.032822,癸,丑,水,土,土
2023-02,801010.SI,0.00581,甲,寅,木,木,木
2023-03,801010.SI,-0.019502,乙,卯,木,木,木
2023-04,801010.SI,-0.042105,丙,辰,火,土,土
2023-05,801010.SI,-0.100528,丁,巳,火,火,火
2023-06,801010.SI,0.029839,戊,午,土,火,火
2023-07,801010.SI,0.056012,己,未,土,土,土
2023-08,801010.SI,-0.081777,庚,申,金,金,金
2023-09,801010.SI,-0.025525,辛,酉,金,金,金
2023-10,801010.SI,0.004069,壬,戌,水,土,土
2023-11,801010.SI,0.027131,癸,亥,水,水,水
2023-12,801010.SI,-0.013633,甲,子,木,水,水
2024-01,801010.SI,-0.132243,乙,丑,木,土,土
2024-02,801010.SI,0.055739,丙,寅,火,木,木
2024-03,801010.SI,0.026432,丁,卯,火,木,木
2024-04,801010.SI,-0.00755,戊,辰,土,土,土
2024-05,801010.SI,0.043285,己,巳,土,火,火
2024-06,801010.SI,-0.110135,庚,午,金,火,火
2024-07,801010.SI,-0.002718,辛,未,金,土,土
2024-08,801010.SI,-0.083591,壬,申,水,金,金
2024-09,801010.SI,0.194839,癸,酉,水,金,金
2024-10,801010.SI,-0.022932,甲,戌,木,土,土
2024-11,801010.SI,-0.002634,乙,亥,木,水,水
2024-12,801010.SI,-0.040945,丙,子,火,水,水
2025-01,801010.SI,-0.02984,丁,丑,火,土,土
2025-02,801010.SI,0.00204,戊,寅,土,木,木
2025-03,801010.SI,0.019701,己,卯,土,木,木
2025-04,801010.SI,0.033857,庚,辰,金,土,土
2025-05,801010.SI,0.024775,辛,巳,金,火,火
2025-06,801010.SI,0.005139,壬,午,水,火,火
2025-07,801010.SI,0.038388,癸,未,水,土,土
2025-08,801010.SI,0.081619,甲,申,木,金,金
2025-09,801010.SI,-0.012134,乙,酉,木,金,金
2025-10,801010.SI,-0.005937,丙,戌,火,土,土
2025-11,801010.SI,0.015129,丁,亥,火,水,水
2025-12,801010.SI,-0.00335,戊,子,土,水,水
2026-01,801010.SI,-0.001462,己,丑,土,土,土
2026-02,801010.SI,-0.001424,庚,寅,金,木,木
2026-03,801010.SI,-0.060866,辛,卯,金,木,木
2026-04,801010.SI,0.021969,壬,辰,水,土,土
2026-05,801010.SI,-0.030382,癸,巳,水,火,火
2012-08,801030.SI,,戊,申,土,金,金
2012-09,801030.SI,0.025185,己,酉,土,金,金
2012-10,801030.SI,0.001825,庚,戌,金,土,土
2012-11,801030.SI,-0.117553,辛,亥,金,水,水
2012-12,801030.SI,0.159524,壬,子,水,水,水
2013-01,801030.SI,0.084429,癸,丑,水,土,土
2013-02,801030.SI,0.038034,甲,寅,木,木,木
2013-03,801030.SI,-0.00629,乙,卯,木,木,木
2013-04,801030.SI,-0.050986,丙,辰,火,土,土
2013-05,801030.SI,0.089658,丁,巳,火,火,火
2013-06,801030.SI,-0.155438,戊,午,土,火,火
2013-07,801030.SI,0.016571,己,未,土,土,土
2013-08,801030.SI,0.057956,庚,申,金,金,金
2013-09,801030.SI,0.017136,辛,酉,金,金,金
2013-10,801030.SI,-0.019082,壬,戌,水,土,土
2013-11,801030.SI,0.061435,癸,亥,水,水,水
2013-12,801030.SI,-0.042546,甲,子,木,水,水
2014-01,801030.SI,-0.040668,乙,丑,木,土,土
2014-02,801030.SI,0.040338,丙,寅,火,木,木
2014-03,801030.SI,-0.008256,丁,卯,火,木,木
2014-04,801030.SI,-0.037537,戊,辰,土,土,土
2014-05,801030.SI,0.005379,己,巳,土,火,火
2014-06,801030.SI,0.032177,庚,午,金,火,火
2014-07,801030.SI,0.077467,辛,未,金,土,土
2014-08,801030.SI,0.044139,壬,申,水,金,金
2014-09,801030.SI,0.103484,癸,酉,水,金,金
2014-10,801030.SI,0.009036,甲,戌,木,土,土
2014-11,801030.SI,0.040683,乙,亥,木,水,水
2014-12,801030.SI,-0.011547,丙,子,火,水,水
2015-01,801030.SI,0.075319,丁,丑,火,土,土
2015-02,801030.SI,0.059705,戊,寅,土,木,木
2015-03,801030.SI,0.1743,己,卯,土,木,木
2015-04,801030.SI,0.166187,庚,辰,金,土,土
2015-05,801030.SI,0.199149,辛,巳,金,火,火
2015-06,801030.SI,-0.090193,壬,午,水,火,火
2015-07,801030.SI,-0.165423,癸,未,水,土,土
2015-08,801030.SI,-0.136398,甲,申,木,金,金
2015-09,801030.SI,-0.064241,乙,酉,木,金,金
2015-10,801030.SI,0.173233,丙,戌,火,土,土
2015-11,801030.SI,0.093776,丁,亥,火,水,水
2015-12,801030.SI,0.051965,戊,子,土,水,水
2016-01,801030.SI,-0.277195,己,丑,土,土,土
2016-02,801030.SI,-0.010884,庚,寅,金,木,木
2016-03,801030.SI,0.162202,辛,卯,金,木,木
2016-04,801030.SI,-0.003626,壬,辰,水,土,土
2016-05,801030.SI,-0.027427,癸,巳,水,火,火
2016-06,801030.SI,0.05237,甲,午,木,火,火
2016-07,801030.SI,0.010108,乙,未,木,土,土
2016-08,801030.SI,0.04036,丙,申,火,金,金
2016-09,801030.SI,-0.002958,丁,酉,火,金,金
2016-10,801030.SI,0.029395,戊,戌,土,土,土
2016-11,801030.SI,0.029497,己,亥,土,水,水
2016-12,801030.SI,-0.012939,庚,子,金,水,水
2017-01,801030.SI,-0.016513,辛,丑,金,土,土
2017-02,801030.SI,0.032921,壬,寅,水,木,木
2017-03,801030.SI,-0.011027,癸,卯,水,木,木
2017-04,801030.SI,-0.049852,甲,辰,木,土,土
2017-05,801030.SI,-0.065249,乙,巳,木,火,火
2017-06,801030.SI,0.049231,丙,午,火,火,火
2017-07,801030.SI,0.055576,丁,未,火,土,土
2017-08,801030.SI,0.002284,戊,申,土,金,金
2017-09,801030.SI,0.023825,己,酉,土,金,金
2017-10,801030.SI,-0.020268,庚,戌,金,土,土
2017-11,801030.SI,-0.032848,辛,亥,金,水,水
2017-12,801030.SI,0.001046,壬,子,水,水,水
2018-01,801030.SI,0.005575,癸,丑,水,土,土
2018-02,801030.SI,-0.031662,甲,寅,木,木,木
2018-03,801030.SI,-0.008924,乙,卯,木,木,木
2018-04,801030.SI,-0.034832,丙,辰,火,土,土
2018-05,801030.SI,0.013937,丁,巳,火,火,火
2018-06,801030.SI,-0.079982,戊,午,土,火,火
2018-07,801030.SI,0.021411,己,未,土,土,土
2018-08,801030.SI,-0.067283,庚,申,金,金,金
2018-09,801030.SI,-0.008459,辛,酉,金,金,金
2018-10,801030.SI,-0.121895,壬,戌,水,土,土
2018-11,801030.SI,-0.003134,癸,亥,水,水,水
2018-12,801030.SI,-0.049686,甲,子,木,水,水
2019-01,801030.SI,0.004204,乙,丑,木,土,土
2019-02,801030.SI,0.179312,丙,寅,火,木,木
2019-03,801030.SI,0.096104,丁,卯,火,木,木
2019-04,801030.SI,-0.013961,戊,辰,土,土,土
2019-05,801030.SI,-0.091748,己,巳,土,火,火
2019-06,801030.SI,-0.005304,庚,午,金,火,火
2019-07,801030.SI,-0.001367,辛,未,金,土,土
2019-08,801030.SI,-0.029639,壬,申,水,金,金
2019-09,801030.SI,0.018272,癸,酉,水,金,金
2019-10,801030.SI,-0.00933,甲,戌,木,土,土
2019-11,801030.SI,-0.002337,乙,亥,木,水,水
2019-12,801030.SI,0.101504,丙,子,火,水,水
2020-01,801030.SI,-0.001468,丁,丑,火,土,土
2020-02,801030.SI,-0.0016,戊,寅,土,木,木
2020-03,801030.SI,-0.084698,己,卯,土,木,木
2020-04,801030.SI,0.047293,庚,辰,金,土,土
2020-05,801030.SI,0.010807,辛,巳,金,火,火
2020-06,801030.SI,0.064648,壬,午,水,火,火
2020-07,801030.SI,0.182279,癸,未,水,土,土
2020-08,801030.SI,0.040956,甲,申,木,金,金
2020-09,801030.SI,-0.060199,乙,酉,木,金,金
2020-10,801030.SI,0.027523,丙,戌,火,土,土
2020-11,801030.SI,0.076421,丁,亥,火,水,水
2020-12,801030.SI,0.025959,戊,子,土,水,水
2021-01,801030.SI,0.0665,己,丑,土,土,土
2021-02,801030.SI,0.042898,庚,寅,金,木,木
2021-03,801030.SI,-0.064901,辛,卯,金,木,木
2021-04,801030.SI,0.036481,壬,辰,水,土,土
2021-05,801030.SI,0.069297,癸,巳,水,火,火
2021-06,801030.SI,0.053711,甲,午,木,火,火
2021-07,801030.SI,0.05128,乙,未,木,土,土
2021-08,801030.SI,0.124621,丙,申,火,金,金
2021-09,801030.SI,-0.038309,丁,酉,火,金,金
2021-10,801030.SI,-0.003651,戊,戌,土,土,土
2021-11,801030.SI,-0.003489,己,亥,土,水,水
2021-12,801030.SI,0.000556,庚,子,金,水,水
2022-01,801030.SI,-0.105898,辛,丑,金,土,土
2022-02,801030.SI,0.097085,壬,寅,水,木,木
2022-03,801030.SI,-0.093263,癸,卯,水,木,木
2022-04,801030.SI,-0.119245,甲,辰,木,土,土
2022-05,801030.SI,0.109624,乙,巳,木,火,火
2022-06,801030.SI,0.081263,丙,午,火,火,火
2022-07,801030.SI,-0.021507,丁,未,火,土,土
2022-08,801030.SI,-0.027486,戊,申,土,金,金
2022-09,801030.SI,-0.090348,己,酉,土,金,金
2022-10,801030.SI,-0.047737,庚,戌,金,土,土
2022-11,801030.SI,0.092088,辛,亥,金,水,水
2022-12,801030.SI,-0.043561,壬,子,水,水,水
2023-01,801030.SI,0.080003,癸,丑,水,土,土
2023-02,801030.SI,0.026413,甲,寅,木,木,木
2023-03,801030.SI,-0.071974,乙,卯,木,木,木
2023-04,801030.SI,-0.077422,丙,辰,火,土,土
2023-05,801030.SI,-0.055083,丁,巳,火,火,火
2023-06,801030.SI,0.025522,戊,午,土,火,火
2023-07,801030.SI,0.039135,己,未,土,土,土
2023-08,801030.SI,-0.061342,庚,申,金,金,金
2023-09,801030.SI,-0.009696,辛,酉,金,金,金
2023-10,801030.SI,-0.009772,壬,戌,水,土,土
2023-11,801030.SI,-0.01534,癸,亥,水,水,水
2023-12,801030.SI,-0.015108,甲,子,木,水,水
2024-01,801030.SI,-0.161249,乙,丑,木,土,土
2024-02,801030.SI,0.092382,丙,寅,火,木,木
2024-03,801030.SI,0.023399,丁,卯,火,木,木
2024-04,801030.SI,0.045093,戊,辰,土,土,土
2024-05,801030.SI,-0.014565,己,巳,土,火,火
2024-06,801030.SI,-0.090629,庚,午,金,火,火
2024-07,801030.SI,-0.032433,辛,未,金,土,土
2024-08,801030.SI,-0.040344,壬,申,水,金,金
2024-09,801030.SI,0.205357,癸,酉,水,金,金
2024-10,801030.SI,-0.010215,甲,戌,木,土,土
2024-11,801030.SI,0.017167,乙,亥,木,水,水
2024-12,801030.SI,-0.040804,丙,子,火,水,水
2025-01,801030.SI,-0.005652,丁,丑,火,土,土
2025-02,801030.SI,0.033192,戊,寅,土,木,木
2025-03,801030.SI,0.011691,己,卯,土,木,木
2025-04,801030.SI,-0.026716,庚,辰,金,土,土
2025-05,801030.SI,0.019705,辛,巳,金,火,火
2025-06,801030.SI,0.040997,壬,午,水,火,火
2025-07,801030.SI,0.05868,癸,未,水,土,土
2025-08,801030.SI,0.089815,甲,申,木,金,金
2025-09,801030.SI,0.012164,乙,酉,木,金,金
2025-10,801030.SI,0.005457,丙,戌,火,土,土
2025-11,801030.SI,0.012289,丁,亥,火,水,水
2025-12,801030.SI,0.044273,戊,子,土,水,水
2026-01,801030.SI,0.127212,己,丑,土,土,土
2026-02,801030.SI,0.057333,庚,寅,金,木,木
2026-03,801030.SI,-0.103009,辛,卯,金,木,木
2026-04,801030.SI,0.067378,壬,辰,水,土,土
2026-05,801030.SI,-0.016934,癸,巳,水,火,火
2012-08,801040.SI,,戊,申,土,金,金
2012-09,801040.SI,-0.000564,己,酉,土,金,金
2012-10,801040.SI,0.02438,庚,戌,金,土,土
2012-11,801040.SI,-0.043512,辛,亥,金,水,水
2012-12,801040.SI,0.10088,壬,子,水,水,水
2013-01,801040.SI,0.024604,癸,丑,水,土,土
2013-02,801040.SI,-0.018245,甲,寅,木,木,木
2013-03,801040.SI,-0.057717,乙,卯,木,木,木
2013-04,801040.SI,-0.035779,丙,辰,火,土,土
2013-05,801040.SI,0.026932,丁,巳,火,火,火
2013-06,801040.SI,-0.179737,戊,午,土,火,火
2013-07,801040.SI,-0.002392,己,未,土,土,土
2013-08,801040.SI,0.062305,庚,申,金,金,金
2013-09,801040.SI,0.012235,辛,酉,金,金,金
2013-10,801040.SI,-0.013548,壬,戌,水,土,土
2013-11,801040.SI,0.044093,癸,亥,水,水,水
2013-12,801040.SI,-0.027325,甲,子,木,水,水
2014-01,801040.SI,-0.077711,乙,丑,木,土,土
2014-02,801040.SI,0.027375,丙,寅,火,木,木
2014-03,801040.SI,-0.008246,丁,卯,火,木,木
2014-04,801040.SI,-0.032868,戊,辰,土,土,土
2014-05,801040.SI,0.018856,己,巳,土,火,火
2014-06,801040.SI,0.022479,庚,午,金,火,火
2014-07,801040.SI,0.102278,辛,未,金,土,土
2014-08,801040.SI,0.059235,壬,申,水,金,金
2014-09,801040.SI,0.112598,癸,酉,水,金,金
2014-10,801040.SI,0.061636,甲,戌,木,土,土
2014-11,801040.SI,0.105862,乙,亥,木,水,水
2014-12,801040.SI,0.235064,丙,子,火,水,水
2015-01,801040.SI,-0.003745,丁,丑,火,土,土
2015-02,801040.SI,0.058545,戊,寅,土,木,木
2015-03,801040.SI,0.181724,己,卯,土,木,木
2015-04,801040.SI,0.199382,庚,辰,金,土,土
2015-05,801040.SI,0.03565,辛,巳,金,火,火
2015-06,801040.SI,0.030896,壬,午,水,火,火
2015-07,801040.SI,-0.174549,癸,未,水,土,土
2015-08,801040.SI,-0.12101,甲,申,木,金,金
2015-09,801040.SI,-0.166392,乙,酉,木,金,金
2015-10,801040.SI,0.071348,丙,戌,火,土,土
2015-11,801040.SI,-0.033232,丁,亥,火,水,水
2015-12,801040.SI,0.018276,戊,子,土,水,水
2016-01,801040.SI,-0.223206,己,丑,土,土,土
2016-02,801040.SI,-0.00846,庚,寅,金,木,木
2016-03,801040.SI,0.069779,辛,卯,金,木,木
2016-04,801040.SI,0.013126,壬,辰,水,土,土
2016-05,801040.SI,-0.049451,癸,巳,水,火,火
2016-06,801040.SI,-0.017097,甲,午,木,火,火
2016-07,801040.SI,0.008038,乙,未,木,土,土
2016-08,801040.SI,0.07817,丙,申,火,金,金
2016-09,801040.SI,-0.016939,丁,酉,火,金,金
2016-10,801040.SI,0.044135,戊,戌,土,土,土
2016-11,801040.SI,0.073073,己,亥,土,水,水
2016-12,801040.SI,-0.016072,庚,子,金,水,水
2017-01,801040.SI,0.060756,辛,丑,金,土,土
2017-02,801040.SI,0.048144,壬,寅,水,木,木
2017-03,801040.SI,-0.045967,癸,卯,水,木,木
2017-04,801040.SI,-0.013769,甲,辰,木,土,土
2017-05,801040.SI,-0.03972,乙,巳,木,火,火
2017-06,801040.SI,0.031627,丙,午,火,火,火
2017-07,801040.SI,0.162267,丁,未,火,土,土
2017-08,801040.SI,0.07086,戊,申,土,金,金
2017-09,801040.SI,-0.044242,己,酉,土,金,金
2017-10,801040.SI,-0.040569,庚,戌,金,土,土
2017-11,801040.SI,0.096854,辛,亥,金,水,水
2017-12,801040.SI,-0.076988,壬,子,水,水,水
2018-01,801040.SI,0.066224,癸,丑,水,土,土
2018-02,801040.SI,0.016466,甲,寅,木,木,木
2018-03,801040.SI,-0.129924,乙,卯,木,木,木
2018-04,801040.SI,-0.000764,丙,辰,火,土,土
2018-05,801040.SI,-0.074078,丁,巳,火,火,火
2018-06,801040.SI,-0.02529,戊,午,土,火,火
2018-07,801040.SI,0.096541,己,未,土,土,土
2018-08,801040.SI,-0.068683,庚,申,金,金,金
2018-09,801040.SI,0.000153,辛,酉,金,金,金
2018-10,801040.SI,-0.049369,壬,戌,水,土,土
2018-11,801040.SI,-0.117867,癸,亥,水,水,水
2018-12,801040.SI,-0.033717,甲,子,木,水,水
2019-01,801040.SI,0.038038,乙,丑,木,土,土
2019-02,801040.SI,0.150193,丙,寅,火,木,木
2019-03,801040.SI,0.01313,丁,卯,火,木,木
2019-04,801040.SI,-0.053533,戊,辰,土,土,土
2019-05,801040.SI,-0.075443,己,巳,土,火,火
2019-06,801040.SI,-0.007685,庚,午,金,火,火
2019-07,801040.SI,-0.053486,辛,未,金,土,土
2019-08,801040.SI,-0.057164,壬,申,水,金,金
2019-09,801040.SI,-0.003384,癸,酉,水,金,金
2019-10,801040.SI,-0.023681,甲,戌,木,土,土
2019-11,801040.SI,0.022846,乙,亥,木,水,水
2019-12,801040.SI,0.049513,丙,子,火,水,水
2020-01,801040.SI,-0.061159,丁,丑,火,土,土
2020-02,801040.SI,-0.045122,戊,寅,土,木,木
2020-03,801040.SI,-0.018745,己,卯,土,木,木
2020-04,801040.SI,0.028052,庚,辰,金,土,土
2020-05,801040.SI,-0.016803,辛,巳,金,火,火
2020-06,801040.SI,0.011633,壬,午,水,火,火
2020-07,801040.SI,0.056947,癸,未,水,土,土
2020-08,801040.SI,0.020028,甲,申,木,金,金
2020-09,801040.SI,-0.035227,乙,酉,木,金,金
2020-10,801040.SI,0.017114,丙,戌,火,土,土
2020-11,801040.SI,0.10911,丁,亥,火,水,水
2020-12,801040.SI,-0.00609,戊,子,土,水,水
2021-01,801040.SI,0.001001,己,丑,土,土,土
2021-02,801040.SI,0.0836,庚,寅,金,木,木
2021-03,801040.SI,0.06628,辛,卯,金,木,木
2021-04,801040.SI,0.088505,壬,辰,水,土,土
2021-05,801040.SI,-0.008844,癸,巳,水,火,火
2021-06,801040.SI,-0.009317,甲,午,木,火,火
2021-07,801040.SI,0.175915,乙,未,木,土,土
2021-08,801040.SI,0.175642,丙,申,火,金,金
2021-09,801040.SI,-0.134038,丁,酉,火,金,金
2021-10,801040.SI,-0.116833,戊,戌,土,土,土
2021-11,801040.SI,0.009839,己,亥,土,水,水
2021-12,801040.SI,0.015706,庚,子,金,水,水
2022-01,801040.SI,-0.073589,辛,丑,金,土,土
2022-02,801040.SI,0.0791,壬,寅,水,木,木
2022-03,801040.SI,-0.101023,癸,卯,水,木,木
2022-04,801040.SI,-0.081517,甲,辰,木,土,土
2022-05,801040.SI,0.038715,乙,巳,木,火,火
2022-06,801040.SI,0.020917,丙,午,火,火,火
2022-07,801040.SI,-0.005751,丁,未,火,土,土
2022-08,801040.SI,-0.064931,戊,申,土,金,金
2022-09,801040.SI,-0.09026,己,酉,土,金,金
2022-10,801040.SI,-0.027381,庚,戌,金,土,土
2022-11,801040.SI,0.109505,辛,亥,金,水,水
2022-12,801040.SI,-0.046006,壬,子,水,水,水
2023-01,801040.SI,0.07277,癸,丑,水,土,土
2023-02,801040.SI,0.045471,甲,寅,木,木,木
2023-03,801040.SI,-0.074404,乙,卯,木,木,木
2023-04,801040.SI,-0.026708,丙,辰,火,土,土
2023-05,801040.SI,-0.047391,丁,巳,火,火,火
2023-06,801040.SI,-0.005499,戊,午,土,火,火
2023-07,801040.SI,0.086137,己,未,土,土,土
2023-08,801040.SI,-0.067074,庚,申,金,金,金
2023-09,801040.SI,0.007983,辛,酉,金,金,金
2023-10,801040.SI,-0.007477,壬,戌,水,土,土
2023-11,801040.SI,-0.018136,癸,亥,水,水,水
2023-12,801040.SI,-0.036259,甲,子,木,水,水
2024-01,801040.SI,-0.069209,乙,丑,木,土,土
2024-02,801040.SI,0.067241,丙,寅,火,木,木
2024-03,801040.SI,0.001367,丁,卯,火,木,木
2024-04,801040.SI,0.019191,戊,辰,土,土,土
2024-05,801040.SI,-0.022218,己,巳,土,火,火
2024-06,801040.SI,-0.09784,庚,午,金,火,火
2024-07,801040.SI,0.008193,辛,未,金,土,土
2024-08,801040.SI,-0.069568,壬,申,水,金,金
2024-09,801040.SI,0.218652,癸,酉,水,金,金
2024-10,801040.SI,-0.005271,甲,戌,木,土,土
2024-11,801040.SI,0.004179,乙,亥,木,水,水
2024-12,801040.SI,-0.019221,丙,子,火,水,水
2025-01,801040.SI,-0.011896,丁,丑,火,土,土
2025-02,801040.SI,0.070982,戊,寅,土,木,木
2025-03,801040.SI,-0.001766,己,卯,土,木,木
2025-04,801040.SI,-0.040562,庚,辰,金,土,土
2025-05,801040.SI,-0.003083,辛,巳,金,火,火
2025-06,801040.SI,-0.000508,壬,午,水,火,火
2025-07,801040.SI,0.167605,癸,未,水,土,土
2025-08,801040.SI,0.007713,甲,申,木,金,金
2025-09,801040.SI,-0.001942,乙,酉,木,金,金
2025-10,801040.SI,0.051632,丙,戌,火,土,土
2025-11,801040.SI,-0.006228,丁,亥,火,水,水
2025-12,801040.SI,0.021028,戊,子,土,水,水
2026-01,801040.SI,0.070693,己,丑,土,土,土
2026-02,801040.SI,0.100233,庚,寅,金,木,木
2026-03,801040.SI,-0.15548,辛,卯,金,木,木
2026-04,801040.SI,0.016439,壬,辰,水,土,土
2026-05,801040.SI,-0.030444,癸,巳,水,火,火
2012-08,801050.SI,,戊,申,土,金,金
2012-09,801050.SI,0.097028,己,酉,土,金,金
2012-10,801050.SI,-0.089069,庚,戌,金,土,土
2012-11,801050.SI,-0.07657,辛,亥,金,水,水
2012-12,801050.SI,0.167201,壬,子,水,水,水
2013-01,801050.SI,0.0317,癸,丑,水,土,土
2013-02,801050.SI,-0.033928,甲,寅,木,木,木
2013-03,801050.SI,-0.087329,乙,卯,木,木,木
2013-04,801050.SI,-0.059656,丙,辰,火,土,土
2013-05,801050.SI,0.054941,丁,巳,火,火,火
2013-06,801050.SI,-0.222251,戊,午,土,火,火
2013-07,801050.SI,0.031953,己,未,土,土,土
2013-08,801050.SI,0.095767,庚,申,金,金,金
2013-09,801050.SI,-0.008759,辛,酉,金,金,金
2013-10,801050.SI,-0.067294,壬,戌,水,土,土
2013-11,801050.SI,0.035215,癸,亥,水,水,水
2013-12,801050.SI,-0.073631,甲,子,木,水,水
2014-01,801050.SI,-0.036512,乙,丑,木,土,土
2014-02,801050.SI,0.045863,丙,寅,火,木,木
2014-03,801050.SI,-0.040028,丁,卯,火,木,木
2014-04,801050.SI,-0.012316,戊,辰,土,土,土
2014-05,801050.SI,0.029884,己,巳,土,火,火
2014-06,801050.SI,0.046019,庚,午,金,火,火
2014-07,801050.SI,0.160058,辛,未,金,土,土
2014-08,801050.SI,0.00468,壬,申,水,金,金
2014-09,801050.SI,0.067089,癸,酉,水,金,金
2014-10,801050.SI,-0.009861,甲,戌,木,土,土
2014-11,801050.SI,0.057536,乙,亥,木,水,水
2014-12,801050.SI,0.032504,丙,子,火,水,水
2015-01,801050.SI,0.043726,丁,丑,火,土,土
2015-02,801050.SI,0.039108,戊,寅,土,木,木
2015-03,801050.SI,0.163153,己,卯,土,木,木
2015-04,801050.SI,0.155335,庚,辰,金,土,土
2015-05,801050.SI,0.092736,辛,巳,金,火,火
2015-06,801050.SI,-0.122041,壬,午,水,火,火
2015-07,801050.SI,-0.208473,癸,未,水,土,土
2015-08,801050.SI,-0.131855,甲,申,木,金,金
2015-09,801050.SI,-0.076101,乙,酉,木,金,金
2015-10,801050.SI,0.156218,丙,戌,火,土,土
2015-11,801050.SI,0.078045,丁,亥,火,水,水
2015-12,801050.SI,0.042745,戊,子,土,水,水
2016-01,801050.SI,-0.273909,己,丑,土,土,土
2016-02,801050.SI,0.062118,庚,寅,金,木,木
2016-03,801050.SI,0.150194,辛,卯,金,木,木
2016-04,801050.SI,0.004048,壬,辰,水,土,土
2016-05,801050.SI,0.015743,癸,巳,水,火,火
2016-06,801050.SI,0.048565,甲,午,木,火,火
2016-07,801050.SI,0.01349,乙,未,木,土,土
2016-08,801050.SI,0.011952,丙,申,火,金,金
2016-09,801050.SI,-0.047516,丁,酉,火,金,金
2016-10,801050.SI,0.049642,戊,戌,土,土,土
2016-11,801050.SI,0.032993,己,亥,土,水,水
2016-12,801050.SI,-0.066128,庚,子,金,水,水
2017-01,801050.SI,0.027332,辛,丑,金,土,土
2017-02,801050.SI,0.041468,壬,寅,水,木,木
2017-03,801050.SI,-0.020252,癸,卯,水,木,木
2017-04,801050.SI,-0.048544,甲,辰,木,土,土
2017-05,801050.SI,-0.078846,乙,巳,木,火,火
2017-06,801050.SI,0.081587,丙,午,火,火,火
2017-07,801050.SI,0.205574,丁,未,火,土,土
2017-08,801050.SI,0.049253,戊,申,土,金,金
2017-09,801050.SI,0.012923,己,酉,土,金,金
2017-10,801050.SI,-0.056063,庚,戌,金,土,土
2017-11,801050.SI,-0.055451,辛,亥,金,水,水
2017-12,801050.SI,0.016516,壬,子,水,水,水
2018-01,801050.SI,-0.013034,癸,丑,水,土,土
2018-02,801050.SI,-0.028019,甲,寅,木,木,木
2018-03,801050.SI,-0.01849,乙,卯,木,木,木
2018-04,801050.SI,-0.055355,丙,辰,火,土,土
2018-05,801050.SI,-0.031793,丁,巳,火,火,火
2018-06,801050.SI,-0.10323,戊,午,土,火,火
2018-07,801050.SI,-0.008951,己,未,土,土,土
2018-08,801050.SI,-0.104851,庚,申,金,金,金
2018-09,801050.SI,0.001479,辛,酉,金,金,金
2018-10,801050.SI,-0.09939,壬,戌,水,土,土
2018-11,801050.SI,-0.000722,癸,亥,水,水,水
2018-12,801050.SI,-0.0451,甲,子,木,水,水
2019-01,801050.SI,-0.020515,乙,丑,木,土,土
2019-02,801050.SI,0.227099,丙,寅,火,木,木
2019-03,801050.SI,0.030072,丁,卯,火,木,木
2019-04,801050.SI,-0.063791,戊,辰,土,土,土
2019-05,801050.SI,0.02264,己,巳,土,火,火
2019-06,801050.SI,0.019505,庚,午,金,火,火
2019-07,801050.SI,-0.056445,辛,未,金,土,土
2019-08,801050.SI,0.021371,壬,申,水,金,金
2019-09,801050.SI,-0.035051,癸,酉,水,金,金
2019-10,801050.SI,-0.049311,甲,戌,木,土,土
2019-11,801050.SI,0.009308,乙,亥,木,水,水
2019-12,801050.SI,0.152462,丙,子,火,水,水
2020-01,801050.SI,-0.00842,丁,丑,火,土,土
2020-02,801050.SI,-0.024439,戊,寅,土,木,木
2020-03,801050.SI,-0.105537,己,卯,土,木,木
2020-04,801050.SI,0.01971,庚,辰,金,土,土
2020-05,801050.SI,0.041199,辛,巳,金,火,火
2020-06,801050.SI,0.046692,壬,午,水,火,火
2020-07,801050.SI,0.20295,癸,未,水,土,土
2020-08,801050.SI,-0.01033,甲,申,木,金,金
2020-09,801050.SI,-0.09652,乙,酉,木,金,金
2020-10,801050.SI,0.019013,丙,戌,火,土,土
2020-11,801050.SI,0.205117,丁,亥,火,水,水
2020-12,801050.SI,0.061109,戊,子,土,水,水
2021-01,801050.SI,0.039144,己,丑,土,土,土
2021-02,801050.SI,0.066796,庚,寅,金,木,木
2021-03,801050.SI,-0.1021,辛,卯,金,木,木
2021-04,801050.SI,0.090134,壬,辰,水,土,土
2021-05,801050.SI,0.084208,癸,巳,水,火,火
2021-06,801050.SI,-0.043869,甲,午,木,火,火
2021-07,801050.SI,0.274016,乙,未,木,土,土
2021-08,801050.SI,0.179999,丙,申,火,金,金
2021-09,801050.SI,-0.18111,丁,酉,火,金,金
2021-10,801050.SI,-0.006223,戊,戌,土,土,土
2021-11,801050.SI,0.088419,己,亥,土,水,水
2021-12,801050.SI,-0.062155,庚,子,金,水,水
2022-01,801050.SI,-0.107375,辛,丑,金,土,土
2022-02,801050.SI,0.171758,壬,寅,水,木,木
2022-03,801050.SI,-0.126105,癸,卯,水,木,木
2022-04,801050.SI,-0.116472,甲,辰,木,土,土
2022-05,801050.SI,0.079828,乙,巳,木,火,火
2022-06,801050.SI,0.119641,丙,午,火,火,火
2022-07,801050.SI,-0.016248,丁,未,火,土,土
2022-08,801050.SI,-0.064822,戊,申,土,金,金
2022-09,801050.SI,-0.090621,己,酉,土,金,金
2022-10,801050.SI,-0.035427,庚,戌,金,土,土
2022-11,801050.SI,0.075052,辛,亥,金,水,水
2022-12,801050.SI,-0.059221,壬,子,水,水,水
2023-01,801050.SI,0.146669,癸,丑,水,土,土
2023-02,801050.SI,-0.035799,甲,寅,木,木,木
2023-03,801050.SI,-0.039848,乙,卯,木,木,木
2023-04,801050.SI,-0.014879,丙,辰,火,土,土
2023-05,801050.SI,-0.081364,丁,巳,火,火,火
2023-06,801050.SI,0.009264,戊,午,土,火,火
2023-07,801050.SI,0.052259,己,未,土,土,土
2023-08,801050.SI,-0.078092,庚,申,金,金,金
2023-09,801050.SI,-0.009193,辛,酉,金,金,金
2023-10,801050.SI,-0.009154,壬,戌,水,土,土
2023-11,801050.SI,-0.03329,癸,亥,水,水,水
2023-12,801050.SI,0.022839,甲,子,木,水,水
2024-01,801050.SI,-0.122518,乙,丑,木,土,土
2024-02,801050.SI,0.099611,丙,寅,火,木,木
2024-03,801050.SI,0.124955,丁,卯,火,木,木
2024-04,801050.SI,0.024041,戊,辰,土,土,土
2024-05,801050.SI,-0.00281,己,巳,土,火,火
2024-06,801050.SI,-0.07329,庚,午,金,火,火
2024-07,801050.SI,-0.035764,辛,未,金,土,土
2024-08,801050.SI,-0.039636,壬,申,水,金,金
2024-09,801050.SI,0.196001,癸,酉,水,金,金
2024-10,801050.SI,-0.03573,甲,戌,木,土,土
2024-11,801050.SI,-0.003915,乙,亥,木,水,水
2024-12,801050.SI,-0.05568,丙,子,火,水,水
2025-01,801050.SI,0.044676,丁,丑,火,土,土
2025-02,801050.SI,-0.005334,戊,寅,土,木,木
2025-03,801050.SI,0.0775,己,卯,土,木,木
2025-04,801050.SI,-0.047808,庚,辰,金,土,土
2025-05,801050.SI,0.014109,辛,巳,金,火,火
2025-06,801050.SI,0.092559,壬,午,水,火,火
2025-07,801050.SI,0.057434,癸,未,水,土,土
2025-08,801050.SI,0.189087,甲,申,木,金,金
2025-09,801050.SI,0.127898,乙,酉,木,金,金
2025-10,801050.SI,0.050027,丙,戌,火,土,土
2025-11,801050.SI,-0.026165,丁,亥,火,水,水
2025-12,801050.SI,0.136812,戊,子,土,水,水
2026-01,801050.SI,0.225939,己,丑,土,土,土
2026-02,801050.SI,0.021362,庚,寅,金,木,木
2026-03,801050.SI,-0.172133,辛,卯,金,木,木
2026-04,801050.SI,0.079675,壬,辰,水,土,土
2026-05,801050.SI,0.006735,癸,巳,水,火,火
2012-08,801080.SI,,戊,申,土,金,金
2012-09,801080.SI,-0.002002,己,酉,土,金,金
2012-10,801080.SI,-0.006997,庚,戌,金,土,土
2012-11,801080.SI,-0.141045,辛,亥,金,水,水
2012-12,801080.SI,0.151986,壬,子,水,水,水
2013-01,801080.SI,0.05358,癸,丑,水,土,土
2013-02,801080.SI,0.065917,甲,寅,木,木,木
2013-03,801080.SI,0.034164,乙,卯,木,木,木
2013-04,801080.SI,-0.021567,丙,辰,火,土,土
2013-05,801080.SI,0.213649,丁,巳,火,火,火
2013-06,801080.SI,-0.110607,戊,午,土,火,火
2013-07,801080.SI,0.062208,己,未,土,土,土
2013-08,801080.SI,0.046284,庚,申,金,金,金
2013-09,801080.SI,0.037065,辛,酉,金,金,金
2013-10,801080.SI,-0.06123,壬,戌,水,土,土
2013-11,801080.SI,0.10916,癸,亥,水,水,水
2013-12,801080.SI,-0.030017,甲,子,木,水,水
2014-01,801080.SI,0.055701,乙,丑,木,土,土
2014-02,801080.SI,0.024022,丙,寅,火,木,木
2014-03,801080.SI,-0.066434,丁,卯,火,木,木
2014-04,801080.SI,0.011599,戊,辰,土,土,土
2014-05,801080.SI,0.040951,己,巳,土,火,火
2014-06,801080.SI,0.042698,庚,午,金,火,火
2014-07,801080.SI,0.015526,辛,未,金,土,土
2014-08,801080.SI,0.090694,壬,申,水,金,金
2014-09,801080.SI,0.071219,癸,酉,水,金,金
2014-10,801080.SI,-0.008567,甲,戌,木,土,土
2014-11,801080.SI,0.00919,乙,亥,木,水,水
2014-12,801080.SI,-0.098732,丙,子,火,水,水
2015-01,801080.SI,0.099891,丁,丑,火,土,土
2015-02,801080.SI,0.073636,戊,寅,土,木,木
2015-03,801080.SI,0.203865,己,卯,土,木,木
2015-04,801080.SI,0.121319,庚,辰,金,土,土
2015-05,801080.SI,0.301226,辛,巳,金,火,火
2015-06,801080.SI,-0.114091,壬,午,水,火,火
2015-07,801080.SI,-0.155438,癸,未,水,土,土
2015-08,801080.SI,-0.160886,甲,申,木,金,金
2015-09,801080.SI,-0.063555,乙,酉,木,金,金
2015-10,801080.SI,0.182198,丙,戌,火,土,土
2015-11,801080.SI,0.141414,丁,亥,火,水,水
2015-12,801080.SI,0.045044,戊,子,土,水,水
2016-01,801080.SI,-0.285994,己,丑,土,土,土
2016-02,801080.SI,-0.026866,庚,寅,金,木,木
2016-03,801080.SI,0.178465,辛,卯,金,木,木
2016-04,801080.SI,-0.021282,壬,辰,水,土,土
2016-05,801080.SI,0.044862,癸,巳,水,火,火
2016-06,801080.SI,0.089117,甲,午,木,火,火
2016-07,801080.SI,-0.052405,乙,未,木,土,土
2016-08,801080.SI,0.043421,丙,申,火,金,金
2016-09,801080.SI,-0.00712,丁,酉,火,金,金
2016-10,801080.SI,0.02823,戊,戌,土,土,土
2016-11,801080.SI,0.00876,己,亥,土,水,水
2016-12,801080.SI,-0.059928,庚,子,金,水,水
2017-01,801080.SI,-0.014953,辛,丑,金,土,土
2017-02,801080.SI,0.032826,壬,寅,水,木,木
2017-03,801080.SI,0.032286,癸,卯,水,木,木
2017-04,801080.SI,-0.022188,甲,辰,木,土,土
2017-05,801080.SI,-0.043888,乙,巳,木,火,火
2017-06,801080.SI,0.060034,丙,午,火,火,火
2017-07,801080.SI,0.001073,丁,未,火,土,土
2017-08,801080.SI,0.043279,戊,申,土,金,金
2017-09,801080.SI,0.051072,己,酉,土,金,金
2017-10,801080.SI,0.064119,庚,戌,金,土,土
2017-11,801080.SI,-0.06057,辛,亥,金,水,水
2017-12,801080.SI,-0.006499,壬,子,水,水,水
2018-01,801080.SI,-0.078382,癸,丑,水,土,土
2018-02,801080.SI,0.033189,甲,寅,木,木,木
2018-03,801080.SI,0.010115,乙,卯,木,木,木
2018-04,801080.SI,-0.07905,丙,辰,火,土,土
2018-05,801080.SI,-0.028765,丁,巳,火,火,火
2018-06,801080.SI,-0.081715,戊,午,土,火,火
2018-07,801080.SI,-0.005111,己,未,土,土,土
2018-08,801080.SI,-0.077353,庚,申,金,金,金
2018-09,801080.SI,-0.067946,辛,酉,金,金,金
2018-10,801080.SI,-0.119426,壬,戌,水,土,土
2018-11,801080.SI,0.033497,癸,亥,水,水,水
2018-12,801080.SI,-0.063087,甲,子,木,水,水
2019-01,801080.SI,0.017567,乙,丑,木,土,土
2019-02,801080.SI,0.287705,丙,寅,火,木,木
2019-03,801080.SI,0.076531,丁,卯,火,木,木
2019-04,801080.SI,-0.055473,戊,辰,土,土,土
2019-05,801080.SI,-0.083665,己,巳,土,火,火
2019-06,801080.SI,0.032155,庚,午,金,火,火
2019-07,801080.SI,0.069974,辛,未,金,土,土
2019-08,801080.SI,0.043763,壬,申,水,金,金
2019-09,801080.SI,0.076259,癸,酉,水,金,金
2019-10,801080.SI,0.001793,甲,戌,木,土,土
2019-11,801080.SI,0.035991,乙,亥,木,水,水
2019-12,801080.SI,0.105405,丙,子,火,水,水
2020-01,801080.SI,0.135412,丁,丑,火,土,土
2020-02,801080.SI,0.054113,戊,寅,土,木,木
2020-03,801080.SI,-0.204376,己,卯,土,木,木
2020-04,801080.SI,0.114241,庚,辰,金,土,土
2020-05,801080.SI,-0.015389,辛,巳,金,火,火
2020-06,801080.SI,0.191606,壬,午,水,火,火
2020-07,801080.SI,0.108127,癸,未,水,土,土
2020-08,801080.SI,-0.013417,甲,申,木,金,金
2020-09,801080.SI,-0.060944,乙,酉,木,金,金
2020-10,801080.SI,0.013922,丙,戌,火,土,土
2020-11,801080.SI,0.040165,丁,亥,火,水,水
2020-12,801080.SI,0.009391,戊,子,土,水,水
2021-01,801080.SI,0.013811,己,丑,土,土,土
2021-02,801080.SI,-0.034063,庚,寅,金,木,木
2021-03,801080.SI,-0.058016,辛,卯,金,木,木
2021-04,801080.SI,0.061827,壬,辰,水,土,土
2021-05,801080.SI,0.020975,癸,巳,水,火,火
2021-06,801080.SI,0.118168,甲,午,木,火,火
2021-07,801080.SI,0.040064,乙,未,木,土,土
2021-08,801080.SI,-0.069668,丙,申,火,金,金
2021-09,801080.SI,-0.039311,丁,酉,火,金,金
2021-10,801080.SI,0.017013,戊,戌,土,土,土
2021-11,801080.SI,0.085304,己,亥,土,水,水
2021-12,801080.SI,0.011381,庚,子,金,水,水
2022-01,801080.SI,-0.133876,辛,丑,金,土,土
2022-02,801080.SI,0.01217,壬,寅,水,木,木
2022-03,801080.SI,-0.149733,癸,卯,水,木,木
2022-04,801080.SI,-0.139067,甲,辰,木,土,土
2022-05,801080.SI,0.089558,乙,巳,木,火,火
2022-06,801080.SI,0.080345,丙,午,火,火,火
2022-07,801080.SI,-0.035918,丁,未,火,土,土
2022-08,801080.SI,-0.011535,戊,申,土,金,金
2022-09,801080.SI,-0.135131,己,酉,土,金,金
2022-10,801080.SI,0.033791,庚,戌,金,土,土
2022-11,801080.SI,0.032356,辛,亥,金,水,水
2022-12,801080.SI,-0.044847,壬,子,水,水,水
2023-01,801080.SI,0.09517,癸,丑,水,土,土
2023-02,801080.SI,-0.003656,甲,寅,木,木,木
2023-03,801080.SI,0.058519,乙,卯,木,木,木
2023-04,801080.SI,-0.075025,丙,辰,火,土,土
2023-05,801080.SI,0.022601,丁,巳,火,火,火
2023-06,801080.SI,0.015977,戊,午,土,火,火
2023-07,801080.SI,-0.008232,己,未,土,土,土
2023-08,801080.SI,-0.04976,庚,申,金,金,金
2023-09,801080.SI,-0.013358,辛,酉,金,金,金
2023-10,801080.SI,0.044265,壬,戌,水,土,土
2023-11,801080.SI,0.007478,癸,亥,水,水,水
2023-12,801080.SI,-0.012259,甲,子,木,水,水
2024-01,801080.SI,-0.239121,乙,丑,木,土,土
2024-02,801080.SI,0.164448,丙,寅,火,木,木
2024-03,801080.SI,0.010669,丁,卯,火,木,木
2024-04,801080.SI,-0.003539,戊,辰,土,土,土
2024-05,801080.SI,-0.012458,己,巳,土,火,火
2024-06,801080.SI,0.031929,庚,午,金,火,火
2024-07,801080.SI,0.011281,辛,未,金,土,土
2024-08,801080.SI,-0.052793,壬,申,水,金,金
2024-09,801080.SI,0.191164,癸,酉,水,金,金
2024-10,801080.SI,0.146495,甲,戌,木,土,土
2024-11,801080.SI,-0.00843,乙,亥,木,水,水
2024-12,801080.SI,0.004877,丙,子,火,水,水
2025-01,801080.SI,-0.00266,丁,丑,火,土,土
2025-02,801080.SI,0.083064,戊,寅,土,木,木
2025-03,801080.SI,-0.043719,己,卯,土,木,木
2025-04,801080.SI,-0.047939,庚,辰,金,土,土
2025-05,801080.SI,-0.028508,辛,巳,金,火,火
2025-06,801080.SI,0.08863,壬,午,水,火,火
2025-07,801080.SI,0.065908,癸,未,水,土,土
2025-08,801080.SI,0.247879,甲,申,木,金,金
2025-09,801080.SI,0.109633,乙,酉,木,金,金
2025-10,801080.SI,-0.035272,丙,戌,火,土,土
2025-11,801080.SI,-0.050433,丁,亥,火,水,水
2025-12,801080.SI,0.051539,戊,子,土,水,水
2026-01,801080.SI,0.105078,己,丑,土,土,土
2026-02,801080.SI,0.020928,庚,寅,金,木,木
2026-03,801080.SI,-0.135135,辛,卯,金,木,木
2026-04,801080.SI,0.26793,壬,辰,水,土,土
2026-05,801080.SI,0.122782,癸,巳,水,火,火
2012-08,801110.SI,,戊,申,土,金,金
2012-09,801110.SI,0.032504,己,酉,土,金,金
2012-10,801110.SI,0.031079,庚,戌,金,土,土
2012-11,801110.SI,-0.024884,辛,亥,金,水,水
2012-12,801110.SI,0.109574,壬,子,水,水,水
2013-01,801110.SI,0.090815,癸,丑,水,土,土
2013-02,801110.SI,0.003252,甲,寅,木,木,木
2013-03,801110.SI,-0.002642,乙,卯,木,木,木
2013-04,801110.SI,0.042233,丙,辰,火,土,土
2013-05,801110.SI,0.037222,丁,巳,火,火,火
2013-06,801110.SI,-0.12768,戊,午,土,火,火
2013-07,801110.SI,0.059842,己,未,土,土,土
2013-08,801110.SI,0.028807,庚,申,金,金,金
2013-09,801110.SI,0.048744,辛,酉,金,金,金
2013-10,801110.SI,0.104818,壬,戌,水,土,土
2013-11,801110.SI,0.047561,癸,亥,水,水,水
2013-12,801110.SI,0.022828,甲,子,木,水,水
2014-01,801110.SI,-0.02395,乙,丑,木,土,土
2014-02,801110.SI,-0.029413,丙,寅,火,木,木
2014-03,801110.SI,-0.025633,丁,卯,火,木,木
2014-04,801110.SI,-3.3e-05,戊,辰,土,土,土
2014-05,801110.SI,0.008534,己,巳,土,火,火
2014-06,801110.SI,0.008685,庚,午,金,火,火
2014-07,801110.SI,0.069322,辛,未,金,土,土
2014-08,801110.SI,0.002372,壬,申,水,金,金
2014-09,801110.SI,0.036247,癸,酉,水,金,金
2014-10,801110.SI,0.027446,甲,戌,木,土,土
2014-11,801110.SI,0.04708,乙,亥,木,水,水
2014-12,801110.SI,0.080933,丙,子,火,水,水
2015-01,801110.SI,0.103306,丁,丑,火,土,土
2015-02,801110.SI,0.064487,戊,寅,土,木,木
2015-03,801110.SI,0.141231,己,卯,土,木,木
2015-04,801110.SI,0.186263,庚,辰,金,土,土
2015-05,801110.SI,0.125356,辛,巳,金,火,火
2015-06,801110.SI,-0.043524,壬,午,水,火,火
2015-07,801110.SI,-0.185504,癸,未,水,土,土
2015-08,801110.SI,-0.140258,甲,申,木,金,金
2015-09,801110.SI,-0.106615,乙,酉,木,金,金
2015-10,801110.SI,0.138201,丙,戌,火,土,土
2015-11,801110.SI,0.055529,丁,亥,火,水,水
2015-12,801110.SI,0.109628,戊,子,土,水,水
2016-01,801110.SI,-0.216118,己,丑,土,土,土
2016-02,801110.SI,-0.037505,庚,寅,金,木,木
2016-03,801110.SI,0.125516,辛,卯,金,木,木
2016-04,801110.SI,0.005015,壬,辰,水,土,土
2016-05,801110.SI,0.005291,癸,巳,水,火,火
2016-06,801110.SI,0.040302,甲,午,木,火,火
2016-07,801110.SI,0.043484,乙,未,木,土,土
2016-08,801110.SI,-0.003834,丙,申,火,金,金
2016-09,801110.SI,0.043728,丁,酉,火,金,金
2016-10,801110.SI,0.007983,戊,戌,土,土,土
2016-11,801110.SI,0.093775,己,亥,土,水,水
2016-12,801110.SI,-0.080843,庚,子,金,水,水
2017-01,801110.SI,0.019276,辛,丑,金,土,土
2017-02,801110.SI,0.061411,壬,寅,水,木,木
2017-03,801110.SI,0.051777,癸,卯,水,木,木
2017-04,801110.SI,0.000776,甲,辰,木,土,土
2017-05,801110.SI,0.013153,乙,巳,木,火,火
2017-06,801110.SI,0.125333,丙,午,火,火,火
2017-07,801110.SI,-0.039856,丁,未,火,土,土
2017-08,801110.SI,-0.005305,戊,申,土,金,金
2017-09,801110.SI,0.029748,己,酉,土,金,金
2017-10,801110.SI,0.104378,庚,戌,金,土,土
2017-11,801110.SI,-0.024082,辛,亥,金,水,水
2017-12,801110.SI,0.039319,壬,子,水,水,水
2018-01,801110.SI,0.103438,癸,丑,水,土,土
2018-02,801110.SI,-0.067753,甲,寅,木,木,木
2018-03,801110.SI,-0.043045,乙,卯,木,木,木
2018-04,801110.SI,-0.056002,丙,辰,火,土,土
2018-05,801110.SI,0.048474,丁,巳,火,火,火
2018-06,801110.SI,-0.039711,戊,午,土,火,火
2018-07,801110.SI,-0.070007,己,未,土,土,土
2018-08,801110.SI,-0.12145,庚,申,金,金,金
2018-09,801110.SI,0.009876,辛,酉,金,金,金
2018-10,801110.SI,-0.100128,壬,戌,水,土,土
2018-11,801110.SI,0.022347,癸,亥,水,水,水
2018-12,801110.SI,-0.034147,甲,子,木,水,水
2019-01,801110.SI,0.130624,乙,丑,木,土,土
2019-02,801110.SI,0.103223,丙,寅,火,木,木
2019-03,801110.SI,0.077613,丁,卯,火,木,木
2019-04,801110.SI,0.052689,戊,辰,土,土,土
2019-05,801110.SI,-0.06314,己,巳,土,火,火
2019-06,801110.SI,0.039699,庚,午,金,火,火
2019-07,801110.SI,0.009354,辛,未,金,土,土
2019-08,801110.SI,-0.01753,壬,申,水,金,金
2019-09,801110.SI,0.002203,癸,酉,水,金,金
2019-10,801110.SI,0.048038,甲,戌,木,土,土
2019-11,801110.SI,-0.012678,乙,亥,木,水,水
2019-12,801110.SI,0.107586,丙,子,火,水,水
2020-01,801110.SI,-0.02631,丁,丑,火,土,土
2020-02,801110.SI,-0.03151,戊,寅,土,木,木
2020-03,801110.SI,-0.108517,己,卯,土,木,木
2020-04,801110.SI,0.07654,庚,辰,金,土,土
2020-05,801110.SI,0.061418,辛,巳,金,火,火
2020-06,801110.SI,0.024047,壬,午,水,火,火
2020-07,801110.SI,0.108378,癸,未,水,土,土
2020-08,801110.SI,0.006443,甲,申,木,金,金
2020-09,801110.SI,-0.018302,乙,酉,木,金,金
2020-10,801110.SI,0.072659,丙,戌,火,土,土
2020-11,801110.SI,0.087527,丁,亥,火,水,水
2020-12,801110.SI,0.043044,戊,子,土,水,水
2021-01,801110.SI,-0.030968,己,丑,土,土,土
2021-02,801110.SI,-0.015303,庚,寅,金,木,木
2021-03,801110.SI,-0.033013,辛,卯,金,木,木
2021-04,801110.SI,-0.007496,壬,辰,水,土,土
2021-05,801110.SI,-0.013866,癸,巳,水,火,火
2021-06,801110.SI,-0.065265,甲,午,木,火,火
2021-07,801110.SI,-0.091874,乙,未,木,土,土
2021-08,801110.SI,-0.000418,丙,申,火,金,金
2021-09,801110.SI,-0.010104,丁,酉,火,金,金
2021-10,801110.SI,-0.006803,戊,戌,土,土,土
2021-11,801110.SI,0.001093,己,亥,土,水,水
2021-12,801110.SI,0.066834,庚,子,金,水,水
2022-01,801110.SI,-0.045582,辛,丑,金,土,土
2022-02,801110.SI,-0.0479,壬,寅,水,木,木
2022-03,801110.SI,-0.124966,癸,卯,水,木,木
2022-04,801110.SI,-0.008308,甲,辰,木,土,土
2022-05,801110.SI,0.016083,乙,巳,木,火,火
2022-06,801110.SI,0.111575,丙,午,火,火,火
2022-07,801110.SI,-0.024523,丁,未,火,土,土
2022-08,801110.SI,-0.042586,戊,申,土,金,金
2022-09,801110.SI,-0.048727,己,酉,土,金,金
2022-10,801110.SI,-0.128744,庚,戌,金,土,土
2022-11,801110.SI,0.13488,辛,亥,金,水,水
2022-12,801110.SI,0.010421,壬,子,水,水,水
2023-01,801110.SI,0.082887,癸,丑,水,土,土
2023-02,801110.SI,0.003097,甲,寅,木,木,木
2023-03,801110.SI,-0.008153,乙,卯,木,木,木
2023-04,801110.SI,0.02041,丙,辰,火,土,土
2023-05,801110.SI,-0.073725,丁,巳,火,火,火
2023-06,801110.SI,0.112491,戊,午,土,火,火
2023-07,801110.SI,0.007122,己,未,土,土,土
2023-08,801110.SI,-0.050864,庚,申,金,金,金
2023-09,801110.SI,0.001482,辛,酉,金,金,金
2023-10,801110.SI,-0.035829,壬,戌,水,土,土
2023-11,801110.SI,-0.004904,癸,亥,水,水,水
2023-12,801110.SI,-0.002686,甲,子,木,水,水
2024-01,801110.SI,-0.019624,乙,丑,木,土,土
2024-02,801110.SI,0.098757,丙,寅,火,木,木
2024-03,801110.SI,0.023587,丁,卯,火,木,木
2024-04,801110.SI,0.085001,戊,辰,土,土,土
2024-05,801110.SI,-0.040013,己,巳,土,火,火
2024-06,801110.SI,-0.055419,庚,午,金,火,火
2024-07,801110.SI,-0.02266,辛,未,金,土,土
2024-08,801110.SI,-0.01927,壬,申,水,金,金
2024-09,801110.SI,0.219056,癸,酉,水,金,金
2024-10,801110.SI,-0.013523,甲,戌,木,土,土
2024-11,801110.SI,-0.024091,乙,亥,木,水,水
2024-12,801110.SI,0.027914,丙,子,火,水,水
2025-01,801110.SI,-0.006753,丁,丑,火,土,土
2025-02,801110.SI,0.007384,戊,寅,土,木,木
2025-03,801110.SI,0.0432,己,卯,土,木,木
2025-04,801110.SI,-0.056509,庚,辰,金,土,土
2025-05,801110.SI,0.034965,辛,巳,金,火,火
2025-06,801110.SI,-0.030377,壬,午,水,火,火
2025-07,801110.SI,0.006437,癸,未,水,土,土
2025-08,801110.SI,0.067394,甲,申,木,金,金
2025-09,801110.SI,0.007701,乙,酉,木,金,金
2025-10,801110.SI,0.007044,丙,戌,火,土,土
2025-11,801110.SI,0.000707,丁,亥,火,水,水
2025-12,801110.SI,0.012244,戊,子,土,水,水
2026-01,801110.SI,-0.009685,己,丑,土,土,土
2026-02,801110.SI,0.010163,庚,寅,金,木,木
2026-03,801110.SI,-0.071315,辛,卯,金,木,木
2026-04,801110.SI,0.062706,壬,辰,水,土,土
2026-05,801110.SI,0.015868,癸,巳,水,火,火
2012-08,801120.SI,,戊,申,土,金,金
2012-09,801120.SI,0.045107,己,酉,土,金,金
2012-10,801120.SI,0.003436,庚,戌,金,土,土
2012-11,801120.SI,-0.153324,辛,亥,金,水,水
2012-12,801120.SI,0.071199,壬,子,水,水,水
2013-01,801120.SI,-0.040408,癸,丑,水,土,土
2013-02,801120.SI,0.028864,甲,寅,木,木,木
2013-03,801120.SI,-0.030193,乙,卯,木,木,木
2013-04,801120.SI,-0.036136,丙,辰,火,土,土
2013-05,801120.SI,0.077786,丁,巳,火,火,火
2013-06,801120.SI,-0.083794,戊,午,土,火,火
2013-07,801120.SI,0.003831,己,未,土,土,土
2013-08,801120.SI,0.021561,庚,申,金,金,金
2013-09,801120.SI,0.041738,辛,酉,金,金,金
2013-10,801120.SI,-0.050699,壬,戌,水,土,土
2013-11,801120.SI,0.033833,癸,亥,水,水,水
2013-12,801120.SI,-0.03045,甲,子,木,水,水
2014-01,801120.SI,-0.068963,乙,丑,木,土,土
2014-02,801120.SI,0.021153,丙,寅,火,木,木
2014-03,801120.SI,-0.008136,丁,卯,火,木,木
2014-04,801120.SI,0.011273,戊,辰,土,土,土
2014-05,801120.SI,-0.032574,己,巳,土,火,火
2014-06,801120.SI,-0.00018,庚,午,金,火,火
2014-07,801120.SI,0.099834,辛,未,金,土,土
2014-08,801120.SI,0.009233,壬,申,水,金,金
2014-09,801120.SI,0.028701,癸,酉,水,金,金
2014-10,801120.SI,-0.034707,甲,戌,木,土,土
2014-11,801120.SI,0.030616,乙,亥,木,水,水
2014-12,801120.SI,0.10736,丙,子,火,水,水
2015-01,801120.SI,-0.006462,丁,丑,火,土,土
2015-02,801120.SI,0.032706,戊,寅,土,木,木
2015-03,801120.SI,0.115634,己,卯,土,木,木
2015-04,801120.SI,0.165617,庚,辰,金,土,土
2015-05,801120.SI,0.111391,辛,巳,金,火,火
2015-06,801120.SI,-0.030265,壬,午,水,火,火
2015-07,801120.SI,-0.136809,癸,未,水,土,土
2015-08,801120.SI,-0.100075,甲,申,木,金,金
2015-09,801120.SI,-0.047303,乙,酉,木,金,金
2015-10,801120.SI,0.09303,丙,戌,火,土,土
2015-11,801120.SI,0.009169,丁,亥,火,水,水
2015-12,801120.SI,0.078304,戊,子,土,水,水
2016-01,801120.SI,-0.20037,己,丑,土,土,土
2016-02,801120.SI,-0.011151,庚,寅,金,木,木
2016-03,801120.SI,0.163208,辛,卯,金,木,木
2016-04,801120.SI,0.010871,壬,辰,水,土,土
2016-05,801120.SI,0.013984,癸,巳,水,火,火
2016-06,801120.SI,0.068601,甲,午,木,火,火
2016-07,801120.SI,0.054651,乙,未,木,土,土
2016-08,801120.SI,-0.011893,丙,申,火,金,金
2016-09,801120.SI,-0.033418,丁,酉,火,金,金
2016-10,801120.SI,0.069239,戊,戌,土,土,土
2016-11,801120.SI,0.019795,己,亥,土,水,水
2016-12,801120.SI,-0.029117,庚,子,金,水,水
2017-01,801120.SI,0.010069,辛,丑,金,土,土
2017-02,801120.SI,0.041553,壬,寅,水,木,木
2017-03,801120.SI,0.041293,癸,卯,水,木,木
2017-04,801120.SI,-0.006911,甲,辰,木,土,土
2017-05,801120.SI,0.008489,乙,巳,木,火,火
2017-06,801120.SI,0.075592,丙,午,火,火,火
2017-07,801120.SI,0.010732,丁,未,火,土,土
2017-08,801120.SI,0.03162,戊,申,土,金,金
2017-09,801120.SI,0.069523,己,酉,土,金,金
2017-10,801120.SI,0.098361,庚,戌,金,土,土
2017-11,801120.SI,-0.033075,辛,亥,金,水,水
2017-12,801120.SI,0.100793,壬,子,水,水,水
2018-01,801120.SI,0.05523,癸,丑,水,土,土
2018-02,801120.SI,-0.06891,甲,寅,木,木,木
2018-03,801120.SI,-0.054346,乙,卯,木,木,木
2018-04,801120.SI,-0.0135,丙,辰,火,土,土
2018-05,801120.SI,0.171937,丁,巳,火,火,火
2018-06,801120.SI,-0.0677,戊,午,土,火,火
2018-07,801120.SI,-0.019986,己,未,土,土,土
2018-08,801120.SI,-0.108367,庚,申,金,金,金
2018-09,801120.SI,0.083832,辛,酉,金,金,金
2018-10,801120.SI,-0.218494,壬,戌,水,土,土
2018-11,801120.SI,0.053188,癸,亥,水,水,水
2018-12,801120.SI,-0.000219,甲,子,木,水,水
2019-01,801120.SI,0.097181,乙,丑,木,土,土
2019-02,801120.SI,0.126001,丙,寅,火,木,木
2019-03,801120.SI,0.162185,丁,卯,火,木,木
2019-04,801120.SI,0.063502,戊,辰,土,土,土
2019-05,801120.SI,-0.043435,己,巳,土,火,火
2019-06,801120.SI,0.102315,庚,午,金,火,火
2019-07,801120.SI,-0.027305,辛,未,金,土,土
2019-08,801120.SI,0.089933,壬,申,水,金,金
2019-09,801120.SI,-0.022492,癸,酉,水,金,金
2019-10,801120.SI,0.016585,甲,戌,木,土,土
2019-11,801120.SI,-0.025714,乙,亥,木,水,水
2019-12,801120.SI,0.04601,丙,子,火,水,水
2020-01,801120.SI,-0.058685,丁,丑,火,土,土
2020-02,801120.SI,-0.024019,戊,寅,土,木,木
2020-03,801120.SI,0.042612,己,卯,土,木,木
2020-04,801120.SI,0.086619,庚,辰,金,土,土
2020-05,801120.SI,0.090723,辛,巳,金,火,火
2020-06,801120.SI,0.085904,壬,午,水,火,火
2020-07,801120.SI,0.172863,癸,未,水,土,土
2020-08,801120.SI,0.120408,甲,申,木,金,金
2020-09,801120.SI,-0.091815,乙,酉,木,金,金
2020-10,801120.SI,0.04164,丙,戌,火,土,土
2020-11,801120.SI,0.022993,丁,亥,火,水,水
2020-12,801120.SI,0.179868,戊,子,土,水,水
2021-01,801120.SI,0.014308,己,丑,土,土,土
2021-02,801120.SI,-0.050461,庚,寅,金,木,木
2021-03,801120.SI,-0.043481,辛,卯,金,木,木
2021-04,801120.SI,0.059789,壬,辰,水,土,土
2021-05,801120.SI,0.092193,癸,巳,水,火,火
2021-06,801120.SI,-0.056647,甲,午,木,火,火
2021-07,801120.SI,-0.192054,乙,未,木,土,土
2021-08,801120.SI,-0.0428,丙,申,火,金,金
2021-09,801120.SI,0.124891,丁,酉,火,金,金
2021-10,801120.SI,0.017801,戊,戌,土,土,土
2021-11,801120.SI,0.014979,己,亥,土,水,水
2021-12,801120.SI,0.039682,庚,子,金,水,水
2022-01,801120.SI,-0.10589,辛,丑,金,土,土
2022-02,801120.SI,-0.007452,壬,寅,水,木,木
2022-03,801120.SI,-0.102611,癸,卯,水,木,木
2022-04,801120.SI,0.042877,甲,辰,木,土,土
2022-05,801120.SI,0.019461,乙,巳,木,火,火
2022-06,801120.SI,0.130493,丙,午,火,火,火
2022-07,801120.SI,-0.096896,丁,未,火,土,土
2022-08,801120.SI,0.007297,戊,申,土,金,金
2022-09,801120.SI,-0.030723,己,酉,土,金,金
2022-10,801120.SI,-0.221389,庚,戌,金,土,土
2022-11,801120.SI,0.166058,辛,亥,金,水,水
2022-12,801120.SI,0.107761,壬,子,水,水,水
2023-01,801120.SI,0.05159,癸,丑,水,土,土
2023-02,801120.SI,0.010498,甲,寅,木,木,木
2023-03,801120.SI,-0.017446,乙,卯,木,木,木
2023-04,801120.SI,-0.059587,丙,辰,火,土,土
2023-05,801120.SI,-0.078991,丁,巳,火,火,火
2023-06,801120.SI,0.005467,戊,午,土,火,火
2023-07,801120.SI,0.092427,己,未,土,土,土
2023-08,801120.SI,-0.058513,庚,申,金,金,金
2023-09,801120.SI,-0.022396,辛,酉,金,金,金
2023-10,801120.SI,-0.025439,壬,戌,水,土,土
2023-11,801120.SI,0.005047,癸,亥,水,水,水
2023-12,801120.SI,-0.050098,甲,子,木,水,水
2024-01,801120.SI,-0.101604,乙,丑,木,土,土
2024-02,801120.SI,0.086362,丙,寅,火,木,木
2024-03,801120.SI,0.015634,丁,卯,火,木,木
2024-04,801120.SI,0.007791,戊,辰,土,土,土
2024-05,801120.SI,-0.036738,己,巳,土,火,火
2024-06,801120.SI,-0.117831,庚,午,金,火,火
2024-07,801120.SI,-0.027414,辛,未,金,土,土
2024-08,801120.SI,-0.024474,壬,申,水,金,金
2024-09,801120.SI,0.246452,癸,酉,水,金,金
2024-10,801120.SI,-0.094423,甲,戌,木,土,土
2024-11,801120.SI,0.024121,乙,亥,木,水,水
2024-12,801120.SI,-0.012207,丙,子,火,水,水
2025-01,801120.SI,-0.068408,丁,丑,火,土,土
2025-02,801120.SI,0.041391,戊,寅,土,木,木
2025-03,801120.SI,0.018665,己,卯,土,木,木
2025-04,801120.SI,-0.002253,庚,辰,金,土,土
2025-05,801120.SI,-0.001251,辛,巳,金,火,火
2025-06,801120.SI,-0.058952,壬,午,水,火,火
2025-07,801120.SI,0.002084,癸,未,水,土,土
2025-08,801120.SI,0.066498,甲,申,木,金,金
2025-09,801120.SI,-0.041453,乙,酉,木,金,金
2025-10,801120.SI,-0.004808,丙,戌,火,土,土
2025-11,801120.SI,0.008445,丁,亥,火,水,水
2025-12,801120.SI,-0.05217,戊,子,土,水,水
2026-01,801120.SI,0.001023,己,丑,土,土,土
2026-02,801120.SI,0.001288,庚,寅,金,木,木
2026-03,801120.SI,-0.028885,辛,卯,金,木,木
2026-04,801120.SI,-0.011169,壬,辰,水,土,土
2026-05,801120.SI,-0.028319,癸,巳,水,火,火
2012-08,801130.SI,,戊,申,土,金,金
2012-09,801130.SI,-0.02055,己,酉,土,金,金
2012-10,801130.SI,-0.015722,庚,戌,金,土,土
2012-11,801130.SI,-0.123423,辛,亥,金,水,水
2012-12,801130.SI,0.170205,壬,子,水,水,水
2013-01,801130.SI,0.027093,癸,丑,水,土,土
2013-02,801130.SI,0.02182,甲,寅,木,木,木
2013-03,801130.SI,-0.02809,乙,卯,木,木,木
2013-04,801130.SI,-0.04823,丙,辰,火,土,土
2013-05,801130.SI,0.104517,丁,巳,火,火,火
2013-06,801130.SI,-0.192376,戊,午,土,火,火
2013-07,801130.SI,0.028088,己,未,土,土,土
2013-08,801130.SI,0.100339,庚,申,金,金,金
2013-09,801130.SI,0.052035,辛,酉,金,金,金
2013-10,801130.SI,-0.007803,壬,戌,水,土,土
2013-11,801130.SI,0.053953,癸,亥,水,水,水
2013-12,801130.SI,0.003514,甲,子,木,水,水
2014-01,801130.SI,-0.008135,乙,丑,木,土,土
2014-02,801130.SI,0.029246,丙,寅,火,木,木
2014-03,801130.SI,-0.011715,丁,卯,火,木,木
2014-04,801130.SI,-0.032784,戊,辰,土,土,土
2014-05,801130.SI,-0.009215,己,巳,土,火,火
2014-06,801130.SI,0.021809,庚,午,金,火,火
2014-07,801130.SI,0.076844,辛,未,金,土,土
2014-08,801130.SI,0.064085,壬,申,水,金,金
2014-09,801130.SI,0.134801,癸,酉,水,金,金
2014-10,801130.SI,0.02491,甲,戌,木,土,土
2014-11,801130.SI,0.049112,乙,亥,木,水,水
2014-12,801130.SI,-0.035192,丙,子,火,水,水
2015-01,801130.SI,0.098241,丁,丑,火,土,土
2015-02,801130.SI,0.077671,戊,寅,土,木,木
2015-03,801130.SI,0.240174,己,卯,土,木,木
2015-04,801130.SI,0.20087,庚,辰,金,土,土
2015-05,801130.SI,0.237557,辛,巳,金,火,火
2015-06,801130.SI,-0.097724,壬,午,水,火,火
2015-07,801130.SI,-0.143227,癸,未,水,土,土
2015-08,801130.SI,-0.10665,甲,申,木,金,金
2015-09,801130.SI,-0.072221,乙,酉,木,金,金
2015-10,801130.SI,0.186603,丙,戌,火,土,土
2015-11,801130.SI,0.068408,丁,亥,火,水,水
2015-12,801130.SI,0.067607,戊,子,土,水,水
2016-01,801130.SI,-0.279166,己,丑,土,土,土
2016-02,801130.SI,0.00078,庚,寅,金,木,木
2016-03,801130.SI,0.167022,辛,卯,金,木,木
2016-04,801130.SI,-0.018162,壬,辰,水,土,土
2016-05,801130.SI,-0.01966,癸,巳,水,火,火
2016-06,801130.SI,0.003104,甲,午,木,火,火
2016-07,801130.SI,-0.001756,乙,未,木,土,土
2016-08,801130.SI,0.024494,丙,申,火,金,金
2016-09,801130.SI,-0.005605,丁,酉,火,金,金
2016-10,801130.SI,0.036323,戊,戌,土,土,土
2016-11,801130.SI,0.047046,己,亥,土,水,水
2016-12,801130.SI,-0.036366,庚,子,金,水,水
2017-01,801130.SI,-0.041382,辛,丑,金,土,土
2017-02,801130.SI,0.035769,壬,寅,水,木,木
2017-03,801130.SI,-0.030946,癸,卯,水,木,木
2017-04,801130.SI,-0.063435,甲,辰,木,土,土
2017-05,801130.SI,-0.057567,乙,巳,木,火,火
2017-06,801130.SI,0.008453,丙,午,火,火,火
2017-07,801130.SI,-0.023646,丁,未,火,土,土
2017-08,801130.SI,0.012073,戊,申,土,金,金
2017-09,801130.SI,-0.007916,己,酉,土,金,金
2017-10,801130.SI,-0.007976,庚,戌,金,土,土
2017-11,801130.SI,-0.077212,辛,亥,金,水,水
2017-12,801130.SI,-0.009203,壬,子,水,水,水
2018-01,801130.SI,0.004115,癸,丑,水,土,土
2018-02,801130.SI,-0.043537,甲,寅,木,木,木
2018-03,801130.SI,-0.000992,乙,卯,木,木,木
2018-04,801130.SI,-0.039709,丙,辰,火,土,土
2018-05,801130.SI,0.042783,丁,巳,火,火,火
2018-06,801130.SI,-0.116249,戊,午,土,火,火
2018-07,801130.SI,-0.034014,己,未,土,土,土
2018-08,801130.SI,-0.10868,庚,申,金,金,金
2018-09,801130.SI,-0.014204,辛,酉,金,金,金
2018-10,801130.SI,-0.104364,壬,戌,水,土,土
2018-11,801130.SI,0.052276,癸,亥,水,水,水
2018-12,801130.SI,-0.03308,甲,子,木,水,水
2019-01,801130.SI,-0.022216,乙,丑,木,土,土
2019-02,801130.SI,0.159316,丙,寅,火,木,木
2019-03,801130.SI,0.108591,丁,卯,火,木,木
2019-04,801130.SI,-0.056642,戊,辰,土,土,土
2019-05,801130.SI,-0.068128,己,巳,土,火,火
2019-06,801130.SI,-0.010833,庚,午,金,火,火
2019-07,801130.SI,-0.036817,辛,未,金,土,土
2019-08,801130.SI,-0.012277,壬,申,水,金,金
2019-09,801130.SI,0.007272,癸,酉,水,金,金
2019-10,801130.SI,-0.017087,甲,戌,木,土,土
2019-11,801130.SI,-0.045371,乙,亥,木,水,水
2019-12,801130.SI,0.089943,丙,子,火,水,水
2020-01,801130.SI,-0.018552,丁,丑,火,土,土
2020-02,801130.SI,0.023159,戊,寅,土,木,木
2020-03,801130.SI,-0.040191,己,卯,土,木,木
2020-04,801130.SI,-0.05235,庚,辰,金,土,土
2020-05,801130.SI,-0.00458,辛,巳,金,火,火
2020-06,801130.SI,0.034564,壬,午,水,火,火
2020-07,801130.SI,0.057641,癸,未,水,土,土
2020-08,801130.SI,0.022602,甲,申,木,金,金
2020-09,801130.SI,-0.056188,乙,酉,木,金,金
2020-10,801130.SI,0.021676,丙,戌,火,土,土
2020-11,801130.SI,0.001248,丁,亥,火,水,水
2020-12,801130.SI,-0.053933,戊,子,土,水,水
2021-01,801130.SI,-0.074993,己,丑,土,土,土
2021-02,801130.SI,0.0373,庚,寅,金,木,木
2021-03,801130.SI,0.055253,辛,卯,金,木,木
2021-04,801130.SI,0.011855,壬,辰,水,土,土
2021-05,801130.SI,0.036528,癸,巳,水,火,火
2021-06,801130.SI,0.019539,甲,午,木,火,火
2021-07,801130.SI,-0.093049,乙,未,木,土,土
2021-08,801130.SI,0.028725,丙,申,火,金,金
2021-09,801130.SI,-0.036337,丁,酉,火,金,金
2021-10,801130.SI,-0.011738,戊,戌,土,土,土
2021-11,801130.SI,0.057707,己,亥,土,水,水
2021-12,801130.SI,0.016061,庚,子,金,水,水
2022-01,801130.SI,-0.06683,辛,丑,金,土,土
2022-02,801130.SI,0.032914,壬,寅,水,木,木
2022-03,801130.SI,-0.06822,癸,卯,水,木,木
2022-04,801130.SI,-0.100633,甲,辰,木,土,土
2022-05,801130.SI,0.077507,乙,巳,木,火,火
2022-06,801130.SI,0.023595,丙,午,火,火,火
2022-07,801130.SI,-0.015832,丁,未,火,土,土
2022-08,801130.SI,-0.014633,戊,申,土,金,金
2022-09,801130.SI,-0.079149,己,酉,土,金,金
2022-10,801130.SI,-0.041817,庚,戌,金,土,土
2022-11,801130.SI,0.102643,辛,亥,金,水,水
2022-12,801130.SI,0.015296,壬,子,水,水,水
2023-01,801130.SI,0.046767,癸,丑,水,土,土
2023-02,801130.SI,0.047276,甲,寅,木,木,木
2023-03,801130.SI,-0.053807,乙,卯,木,木,木
2023-04,801130.SI,-0.006016,丙,辰,火,土,土
2023-05,801130.SI,-0.027154,丁,巳,火,火,火
2023-06,801130.SI,0.029914,戊,午,土,火,火
2023-07,801130.SI,0.039071,己,未,土,土,土
2023-08,801130.SI,-0.053148,庚,申,金,金,金
2023-09,801130.SI,0.010347,辛,酉,金,金,金
2023-10,801130.SI,-0.019127,壬,戌,水,土,土
2023-11,801130.SI,0.009741,癸,亥,水,水,水
2023-12,801130.SI,-0.013433,甲,子,木,水,水
2024-01,801130.SI,-0.099699,乙,丑,木,土,土
2024-02,801130.SI,0.027138,丙,寅,火,木,木
2024-03,801130.SI,0.049938,丁,卯,火,木,木
2024-04,801130.SI,-0.014298,戊,辰,土,土,土
2024-05,801130.SI,-0.016093,己,巳,土,火,火
2024-06,801130.SI,-0.114891,庚,午,金,火,火
2024-07,801130.SI,-0.058364,辛,未,金,土,土
2024-08,801130.SI,-0.027065,壬,申,水,金,金
2024-09,801130.SI,0.197386,癸,酉,水,金,金
2024-10,801130.SI,-0.013576,甲,戌,木,土,土
2024-11,801130.SI,0.069005,乙,亥,木,水,水
2024-12,801130.SI,-0.017959,丙,子,火,水,水
2025-01,801130.SI,-0.025973,丁,丑,火,土,土
2025-02,801130.SI,0.016852,戊,寅,土,木,木
2025-03,801130.SI,0.00052,己,卯,土,木,木
2025-04,801130.SI,-0.014924,庚,辰,金,土,土
2025-05,801130.SI,0.060285,辛,巳,金,火,火
2025-06,801130.SI,0.019381,壬,午,水,火,火
2025-07,801130.SI,0.007196,癸,未,水,土,土
2025-08,801130.SI,0.027122,甲,申,木,金,金
2025-09,801130.SI,-0.00926,乙,酉,木,金,金
2025-10,801130.SI,0.027204,丙,戌,火,土,土
2025-11,801130.SI,0.029476,丁,亥,火,水,水
2025-12,801130.SI,-0.010236,戊,子,土,水,水
2026-01,801130.SI,0.059328,己,丑,土,土,土
2026-02,801130.SI,-0.00043,庚,寅,金,木,木
2026-03,801130.SI,-0.072337,辛,卯,金,木,木
2026-04,801130.SI,0.046332,壬,辰,水,土,土
2026-05,801130.SI,-0.003875,癸,巳,水,火,火
2012-08,801140.SI,,戊,申,土,金,金
2012-09,801140.SI,-0.006852,己,酉,土,金,金
2012-10,801140.SI,0.009175,庚,戌,金,土,土
2012-11,801140.SI,-0.09816,辛,亥,金,水,水
2012-12,801140.SI,0.175032,壬,子,水,水,水
2013-01,801140.SI,0.047129,癸,丑,水,土,土
2013-02,801140.SI,0.036245,甲,寅,木,木,木
2013-03,801140.SI,-0.006159,乙,卯,木,木,木
2013-04,801140.SI,-0.022883,丙,辰,火,土,土
2013-05,801140.SI,0.099714,丁,巳,火,火,火
2013-06,801140.SI,-0.159579,戊,午,土,火,火
2013-07,801140.SI,0.065138,己,未,土,土,土
2013-08,801140.SI,0.089846,庚,申,金,金,金
2013-09,801140.SI,0.053419,辛,酉,金,金,金
2013-10,801140.SI,-0.027198,壬,戌,水,土,土
2013-11,801140.SI,0.064889,癸,亥,水,水,水
2013-12,801140.SI,-0.015294,甲,子,木,水,水
2014-01,801140.SI,0.071728,乙,丑,木,土,土
2014-02,801140.SI,0.020439,丙,寅,火,木,木
2014-03,801140.SI,-0.043696,丁,卯,火,木,木
2014-04,801140.SI,-0.014275,戊,辰,土,土,土
2014-05,801140.SI,0.008693,己,巳,土,火,火
2014-06,801140.SI,0.037875,庚,午,金,火,火
2014-07,801140.SI,0.050634,辛,未,金,土,土
2014-08,801140.SI,0.041992,壬,申,水,金,金
2014-09,801140.SI,0.113872,癸,酉,水,金,金
2014-10,801140.SI,0.011031,甲,戌,木,土,土
2014-11,801140.SI,0.042867,乙,亥,木,水,水
2014-12,801140.SI,-0.071588,丙,子,火,水,水
2015-01,801140.SI,0.088105,丁,丑,火,土,土
2015-02,801140.SI,0.081712,戊,寅,土,木,木
2015-03,801140.SI,0.231433,己,卯,土,木,木
2015-04,801140.SI,0.187912,庚,辰,金,土,土
2015-05,801140.SI,0.298878,辛,巳,金,火,火
2015-06,801140.SI,-0.083528,壬,午,水,火,火
2015-07,801140.SI,-0.157592,癸,未,水,土,土
2015-08,801140.SI,-0.095453,甲,申,木,金,金
2015-09,801140.SI,-0.032812,乙,酉,木,金,金
2015-10,801140.SI,0.121095,丙,戌,火,土,土
2015-11,801140.SI,0.086829,丁,亥,火,水,水
2015-12,801140.SI,0.031552,戊,子,土,水,水
2016-01,801140.SI,-0.299351,己,丑,土,土,土
2016-02,801140.SI,-0.025113,庚,寅,金,木,木
2016-03,801140.SI,0.173514,辛,卯,金,木,木
2016-04,801140.SI,-0.010173,壬,辰,水,土,土
2016-05,801140.SI,-0.031539,癸,巳,水,火,火
2016-06,801140.SI,0.057591,甲,午,木,火,火
2016-07,801140.SI,0.012697,乙,未,木,土,土
2016-08,801140.SI,0.043268,丙,申,火,金,金
2016-09,801140.SI,-0.004387,丁,酉,火,金,金
2016-10,801140.SI,0.025814,戊,戌,土,土,土
2016-11,801140.SI,0.022998,己,亥,土,水,水
2016-12,801140.SI,-0.045284,庚,子,金,水,水
2017-01,801140.SI,-0.026288,辛,丑,金,土,土
2017-02,801140.SI,0.052473,壬,寅,水,木,木
2017-03,801140.SI,-0.006565,癸,卯,水,木,木
2017-04,801140.SI,-0.066257,甲,辰,木,土,土
2017-05,801140.SI,-0.0664,乙,巳,木,火,火
2017-06,801140.SI,0.036612,丙,午,火,火,火
2017-07,801140.SI,0.008477,丁,未,火,土,土
2017-08,801140.SI,0.019415,戊,申,土,金,金
2017-09,801140.SI,0.02324,己,酉,土,金,金
2017-10,801140.SI,-0.013704,庚,戌,金,土,土
2017-11,801140.SI,-0.064619,辛,亥,金,水,水
2017-12,801140.SI,-0.021378,壬,子,水,水,水
2018-01,801140.SI,0.006082,癸,丑,水,土,土
2018-02,801140.SI,-0.033706,甲,寅,木,木,木
2018-03,801140.SI,-0.001026,乙,卯,木,木,木
2018-04,801140.SI,-0.061249,丙,辰,火,土,土
2018-05,801140.SI,0.022152,丁,巳,火,火,火
2018-06,801140.SI,-0.125197,戊,午,土,火,火
2018-07,801140.SI,-0.021717,己,未,土,土,土
2018-08,801140.SI,-0.08878,庚,申,金,金,金
2018-09,801140.SI,-0.020333,辛,酉,金,金,金
2018-10,801140.SI,-0.122858,壬,戌,水,土,土
2018-11,801140.SI,0.049953,癸,亥,水,水,水
2018-12,801140.SI,-0.033338,甲,子,木,水,水
2019-01,801140.SI,-0.022163,乙,丑,木,土,土
2019-02,801140.SI,0.191756,丙,寅,火,木,木
2019-03,801140.SI,0.140242,丁,卯,火,木,木
2019-04,801140.SI,-0.066973,戊,辰,土,土,土
2019-05,801140.SI,-0.074486,己,巳,土,火,火
2019-06,801140.SI,-0.005338,庚,午,金,火,火
2019-07,801140.SI,-0.027084,辛,未,金,土,土
2019-08,801140.SI,-0.015842,壬,申,水,金,金
2019-09,801140.SI,0.000858,癸,酉,水,金,金
2019-10,801140.SI,0.023679,甲,戌,木,土,土
2019-11,801140.SI,-0.015687,乙,亥,木,水,水
2019-12,801140.SI,0.08223,丙,子,火,水,水
2020-01,801140.SI,-0.00422,丁,丑,火,土,土
2020-02,801140.SI,-0.020535,戊,寅,土,木,木
2020-03,801140.SI,-0.053491,己,卯,土,木,木
2020-04,801140.SI,0.007117,庚,辰,金,土,土
2020-05,801140.SI,0.062092,辛,巳,金,火,火
2020-06,801140.SI,0.034956,壬,午,水,火,火
2020-07,801140.SI,0.152874,癸,未,水,土,土
2020-08,801140.SI,0.047952,甲,申,木,金,金
2020-09,801140.SI,-0.084353,乙,酉,木,金,金
2020-10,801140.SI,0.021505,丙,戌,火,土,土
2020-11,801140.SI,0.025061,丁,亥,火,水,水
2020-12,801140.SI,-0.022163,戊,子,土,水,水
2021-01,801140.SI,0.027401,己,丑,土,土,土
2021-02,801140.SI,0.016708,庚,寅,金,木,木
2021-03,801140.SI,0.018348,辛,卯,金,木,木
2021-04,801140.SI,0.01775,壬,辰,水,土,土
2021-05,801140.SI,0.00838,癸,巳,水,火,火
2021-06,801140.SI,-0.03046,甲,午,木,火,火
2021-07,801140.SI,-0.071218,乙,未,木,土,土
2021-08,801140.SI,0.051288,丙,申,火,金,金
2021-09,801140.SI,-0.032696,丁,酉,火,金,金
2021-10,801140.SI,-0.029797,戊,戌,土,土,土
2021-11,801140.SI,0.057168,己,亥,土,水,水
2021-12,801140.SI,0.088884,庚,子,金,水,水
2022-01,801140.SI,-0.096416,辛,丑,金,土,土
2022-02,801140.SI,0.008795,壬,寅,水,木,木
2022-03,801140.SI,-0.076308,癸,卯,水,木,木
2022-04,801140.SI,-0.13372,甲,辰,木,土,土
2022-05,801140.SI,0.075392,乙,巳,木,火,火
2022-06,801140.SI,0.084445,丙,午,火,火,火
2022-07,801140.SI,-0.056323,丁,未,火,土,土
2022-08,801140.SI,0.007815,戊,申,土,金,金
2022-09,801140.SI,-0.080539,己,酉,土,金,金
2022-10,801140.SI,-0.051609,庚,戌,金,土,土
2022-11,801140.SI,0.123583,辛,亥,金,水,水
2022-12,801140.SI,0.008777,壬,子,水,水,水
2023-01,801140.SI,0.050112,癸,丑,水,土,土
2023-02,801140.SI,0.066777,甲,寅,木,木,木
2023-03,801140.SI,-0.073576,乙,卯,木,木,木
2023-04,801140.SI,-0.049393,丙,辰,火,土,土
2023-05,801140.SI,-0.035618,丁,巳,火,火,火
2023-06,801140.SI,0.031869,戊,午,土,火,火
2023-07,801140.SI,0.056002,己,未,土,土,土
2023-08,801140.SI,-0.052207,庚,申,金,金,金
2023-09,801140.SI,-0.008619,辛,酉,金,金,金
2023-10,801140.SI,-0.023279,壬,戌,水,土,土
2023-11,801140.SI,0.004821,癸,亥,水,水,水
2023-12,801140.SI,-0.029862,甲,子,木,水,水
2024-01,801140.SI,-0.139839,乙,丑,木,土,土
2024-02,801140.SI,0.052215,丙,寅,火,木,木
2024-03,801140.SI,0.039013,丁,卯,火,木,木
2024-04,801140.SI,-0.009478,戊,辰,土,土,土
2024-05,801140.SI,-0.023457,己,巳,土,火,火
2024-06,801140.SI,-0.11837,庚,午,金,火,火
2024-07,801140.SI,-0.039371,辛,未,金,土,土
2024-08,801140.SI,-0.033831,壬,申,水,金,金
2024-09,801140.SI,0.228952,癸,酉,水,金,金
2024-10,801140.SI,0.018455,甲,戌,木,土,土
2024-11,801140.SI,0.063251,乙,亥,木,水,水
2024-12,801140.SI,-0.051113,丙,子,火,水,水
2025-01,801140.SI,-0.026324,丁,丑,火,土,土
2025-02,801140.SI,0.026848,戊,寅,土,木,木
2025-03,801140.SI,-0.016819,己,卯,土,木,木
2025-04,801140.SI,-0.020834,庚,辰,金,土,土
2025-05,801140.SI,0.048201,辛,巳,金,火,火
2025-06,801140.SI,0.036199,壬,午,水,火,火
2025-07,801140.SI,0.00934,癸,未,水,土,土
2025-08,801140.SI,0.064026,甲,申,木,金,金
2025-09,801140.SI,-0.005411,乙,酉,木,金,金
2025-10,801140.SI,0.012855,丙,戌,火,土,土
2025-11,801140.SI,0.023169,丁,亥,火,水,水
2025-12,801140.SI,0.037568,戊,子,土,水,水
2026-01,801140.SI,0.050738,己,丑,土,土,土
2026-02,801140.SI,0.027619,庚,寅,金,木,木
2026-03,801140.SI,-0.087347,辛,卯,金,木,木
2026-04,801140.SI,0.035634,壬,辰,水,土,土
2026-05,801140.SI,0.014958,癸,巳,水,火,火
2012-08,801150.SI,,戊,申,土,金,金
2012-09,801150.SI,0.01666,己,酉,土,金,金
2012-10,801150.SI,0.024204,庚,戌,金,土,土
2012-11,801150.SI,-0.113237,辛,亥,金,水,水
2012-12,801150.SI,0.098889,壬,子,水,水,水
2013-01,801150.SI,0.115914,癸,丑,水,土,土
2013-02,801150.SI,0.063504,甲,寅,木,木,木
2013-03,801150.SI,0.032387,乙,卯,木,木,木
2013-04,801150.SI,-0.033656,丙,辰,火,土,土
2013-05,801150.SI,0.125179,丁,巳,火,火,火
2013-06,801150.SI,-0.10813,戊,午,土,火,火
2013-07,801150.SI,0.094881,己,未,土,土,土
2013-08,801150.SI,-0.00051,庚,申,金,金,金
2013-09,801150.SI,0.079141,辛,酉,金,金,金
2013-10,801150.SI,-0.071886,壬,戌,水,土,土
2013-11,801150.SI,0.038412,癸,亥,水,水,水
2013-12,801150.SI,0.009832,甲,子,木,水,水
2014-01,801150.SI,0.022022,乙,丑,木,土,土
2014-02,801150.SI,0.019499,丙,寅,火,木,木
2014-03,801150.SI,-0.043954,丁,卯,火,木,木
2014-04,801150.SI,-0.030767,戊,辰,土,土,土
2014-05,801150.SI,0.018323,己,巳,土,火,火
2014-06,801150.SI,0.028257,庚,午,金,火,火
2014-07,801150.SI,0.036247,辛,未,金,土,土
2014-08,801150.SI,0.026277,壬,申,水,金,金
2014-09,801150.SI,0.097379,癸,酉,水,金,金
2014-10,801150.SI,0.029219,甲,戌,木,土,土
2014-11,801150.SI,-0.000498,乙,亥,木,水,水
2014-12,801150.SI,-0.044078,丙,子,火,水,水
2015-01,801150.SI,0.075015,丁,丑,火,土,土
2015-02,801150.SI,0.057705,戊,寅,土,木,木
2015-03,801150.SI,0.191636,己,卯,土,木,木
2015-04,801150.SI,0.169988,庚,辰,金,土,土
2015-05,801150.SI,0.198816,辛,巳,金,火,火
2015-06,801150.SI,-0.118685,壬,午,水,火,火
2015-07,801150.SI,-0.118775,癸,未,水,土,土
2015-08,801150.SI,-0.127011,甲,申,木,金,金
2015-09,801150.SI,-0.029533,乙,酉,木,金,金
2015-10,801150.SI,0.14693,丙,戌,火,土,土
2015-11,801150.SI,0.027442,丁,亥,火,水,水
2015-12,801150.SI,0.063321,戊,子,土,水,水
2016-01,801150.SI,-0.257304,己,丑,土,土,土
2016-02,801150.SI,-0.029131,庚,寅,金,木,木
2016-03,801150.SI,0.128942,辛,卯,金,木,木
2016-04,801150.SI,-0.017198,壬,辰,水,土,土
2016-05,801150.SI,-0.004547,癸,巳,水,火,火
2016-06,801150.SI,0.041341,甲,午,木,火,火
2016-07,801150.SI,0.046254,乙,未,木,土,土
2016-08,801150.SI,0.034898,丙,申,火,金,金
2016-09,801150.SI,-0.013856,丁,酉,火,金,金
2016-10,801150.SI,0.01795,戊,戌,土,土,土
2016-11,801150.SI,0.018062,己,亥,土,水,水
2016-12,801150.SI,-0.05702,庚,子,金,水,水
2017-01,801150.SI,-0.019042,辛,丑,金,土,土
2017-02,801150.SI,0.024656,壬,寅,水,木,木
2017-03,801150.SI,0.001944,癸,卯,水,木,木
2017-04,801150.SI,-0.0208,甲,辰,木,土,土
2017-05,801150.SI,-0.027247,乙,巳,木,火,火
2017-06,801150.SI,0.04345,丙,午,火,火,火
2017-07,801150.SI,-0.047519,丁,未,火,土,土
2017-08,801150.SI,0.026454,戊,申,土,金,金
2017-09,801150.SI,0.021974,己,酉,土,金,金
2017-10,801150.SI,0.052054,庚,戌,金,土,土
2017-11,801150.SI,-0.042179,辛,亥,金,水,水
2017-12,801150.SI,0.027625,壬,子,水,水,水
2018-01,801150.SI,-0.013064,癸,丑,水,土,土
2018-02,801150.SI,-0.03314,甲,寅,木,木,木
2018-03,801150.SI,0.110416,乙,卯,木,木,木
2018-04,801150.SI,0.001103,丙,辰,火,土,土
2018-05,801150.SI,0.066052,丁,巳,火,火,火
2018-06,801150.SI,-0.088188,戊,午,土,火,火
2018-07,801150.SI,-0.061037,己,未,土,土,土
2018-08,801150.SI,-0.080713,庚,申,金,金,金
2018-09,801150.SI,-0.009112,辛,酉,金,金,金
2018-10,801150.SI,-0.125816,壬,戌,水,土,土
2018-11,801150.SI,0.05303,癸,亥,水,水,水
2018-12,801150.SI,-0.109082,甲,子,木,水,水
2019-01,801150.SI,-0.025386,乙,丑,木,土,土
2019-02,801150.SI,0.214979,丙,寅,火,木,木
2019-03,801150.SI,0.110265,丁,卯,火,木,木
2019-04,801150.SI,-0.019074,戊,辰,土,土,土
2019-05,801150.SI,-0.075893,己,巳,土,火,火
2019-06,801150.SI,0.018459,庚,午,金,火,火
2019-07,801150.SI,-0.001416,辛,未,金,土,土
2019-08,801150.SI,0.066455,壬,申,水,金,金
2019-09,801150.SI,-0.00126,癸,酉,水,金,金
2019-10,801150.SI,0.046662,甲,戌,木,土,土
2019-11,801150.SI,-0.026464,乙,亥,木,水,水
2019-12,801150.SI,0.040324,丙,子,火,水,水
2020-01,801150.SI,0.046729,丁,丑,火,土,土
2020-02,801150.SI,0.023407,戊,寅,土,木,木
2020-03,801150.SI,0.011841,己,卯,土,木,木
2020-04,801150.SI,0.05433,庚,辰,金,土,土
2020-05,801150.SI,0.050243,辛,巳,金,火,火
2020-06,801150.SI,0.168793,壬,午,水,火,火
2020-07,801150.SI,0.156201,癸,未,水,土,土
2020-08,801150.SI,-0.027681,甲,申,木,金,金
2020-09,801150.SI,-0.084433,乙,酉,木,金,金
2020-10,801150.SI,0.023376,丙,戌,火,土,土
2020-11,801150.SI,-0.066306,丁,亥,火,水,水
2020-12,801150.SI,0.095181,戊,子,土,水,水
2021-01,801150.SI,0.005336,己,丑,土,土,土
2021-02,801150.SI,-0.016066,庚,寅,金,木,木
2021-03,801150.SI,-0.030125,辛,卯,金,木,木
2021-04,801150.SI,0.109747,壬,辰,水,土,土
2021-05,801150.SI,0.02956,癸,巳,水,火,火
2021-06,801150.SI,-0.002628,甲,午,木,火,火
2021-07,801150.SI,-0.099896,乙,未,木,土,土
2021-08,801150.SI,-0.086257,丙,申,火,金,金
2021-09,801150.SI,0.049569,丁,酉,火,金,金
2021-10,801150.SI,-0.040948,戊,戌,土,土,土
2021-11,801150.SI,0.036647,己,亥,土,水,水
2021-12,801150.SI,0.004729,庚,子,金,水,水
2022-01,801150.SI,-0.149391,辛,丑,金,土,土
2022-02,801150.SI,0.039754,壬,寅,水,木,木
2022-03,801150.SI,0.008705,癸,卯,水,木,木
2022-04,801150.SI,-0.13973,甲,辰,木,土,土
2022-05,801150.SI,0.011487,乙,巳,木,火,火
2022-06,801150.SI,0.104706,丙,午,火,火,火
2022-07,801150.SI,-0.07504,丁,未,火,土,土
2022-08,801150.SI,-0.025105,戊,申,土,金,金
2022-09,801150.SI,-0.068249,己,酉,土,金,金
2022-10,801150.SI,0.056973,庚,戌,金,土,土
2022-11,801150.SI,0.073658,辛,亥,金,水,水
2022-12,801150.SI,-0.025736,壬,子,水,水,水
2023-01,801150.SI,0.054716,癸,丑,水,土,土
2023-02,801150.SI,0.001168,甲,寅,木,木,木
2023-03,801150.SI,-0.035341,乙,卯,木,木,木
2023-04,801150.SI,-0.004405,丙,辰,火,土,土
2023-05,801150.SI,-0.024977,丁,巳,火,火,火
2023-06,801150.SI,-0.04496,戊,午,土,火,火
2023-07,801150.SI,-0.009094,己,未,土,土,土
2023-08,801150.SI,-0.047568,庚,申,金,金,金
2023-09,801150.SI,0.04297,辛,酉,金,金,金
2023-10,801150.SI,0.018743,壬,戌,水,土,土
2023-11,801150.SI,0.028938,癸,亥,水,水,水
2023-12,801150.SI,-0.046039,甲,子,木,水,水
2024-01,801150.SI,-0.185928,乙,丑,木,土,土
2024-02,801150.SI,0.105015,丙,寅,火,木,木
2024-03,801150.SI,-0.022656,丁,卯,火,木,木
2024-04,801150.SI,0.026176,戊,辰,土,土,土
2024-05,801150.SI,-0.042319,己,巳,土,火,火
2024-06,801150.SI,-0.086695,庚,午,金,火,火
2024-07,801150.SI,0.002229,辛,未,金,土,土
2024-08,801150.SI,-0.032807,壬,申,水,金,金
2024-09,801150.SI,0.21343,癸,酉,水,金,金
2024-10,801150.SI,-0.043209,甲,戌,木,土,土
2024-11,801150.SI,0.021476,乙,亥,木,水,水
2024-12,801150.SI,-0.055643,丙,子,火,水,水
2025-01,801150.SI,-0.037715,丁,丑,火,土,土
2025-02,801150.SI,0.050732,戊,寅,土,木,木
2025-03,801150.SI,0.011717,己,卯,土,木,木
2025-04,801150.SI,-0.020693,庚,辰,金,土,土
2025-05,801150.SI,0.06421,辛,巳,金,火,火
2025-06,801150.SI,0.007047,壬,午,水,火,火
2025-07,801150.SI,0.139275,癸,未,水,土,土
2025-08,801150.SI,0.026063,甲,申,木,金,金
2025-09,801150.SI,-0.017107,乙,酉,木,金,金
2025-10,801150.SI,-0.018261,丙,戌,火,土,土
2025-11,801150.SI,-0.036176,丁,亥,火,水,水
2025-12,801150.SI,-0.040975,戊,子,土,水,水
2026-01,801150.SI,0.031379,己,丑,土,土,土
2026-02,801150.SI,-0.001751,庚,寅,金,木,木
2026-03,801150.SI,-0.037448,辛,卯,金,木,木
2026-04,801150.SI,0.010321,壬,辰,水,土,土
2026-05,801150.SI,-0.016928,癸,巳,水,火,火
2012-08,801160.SI,,戊,申,土,金,金
2012-09,801160.SI,-0.013164,己,酉,土,金,金
2012-10,801160.SI,0.017086,庚,戌,金,土,土
2012-11,801160.SI,-0.053912,辛,亥,金,水,水
2012-12,801160.SI,0.127543,壬,子,水,水,水
2013-01,801160.SI,0.056634,癸,丑,水,土,土
2013-02,801160.SI,0.038746,甲,寅,木,木,木
2013-03,801160.SI,0.019367,乙,卯,木,木,木
2013-04,801160.SI,-0.042792,丙,辰,火,土,土
2013-05,801160.SI,0.111043,丁,巳,火,火,火
2013-06,801160.SI,-0.13794,戊,午,土,火,火
2013-07,801160.SI,0.027892,己,未,土,土,土
2013-08,801160.SI,0.007376,庚,申,金,金,金
2013-09,801160.SI,0.017958,辛,酉,金,金,金
2013-10,801160.SI,0.056911,壬,戌,水,土,土
2013-11,801160.SI,0.013129,癸,亥,水,水,水
2013-12,801160.SI,-0.043099,甲,子,木,水,水
2014-01,801160.SI,-0.039073,乙,丑,木,土,土
2014-02,801160.SI,0.019218,丙,寅,火,木,木
2014-03,801160.SI,-0.03197,丁,卯,火,木,木
2014-04,801160.SI,-0.01007,戊,辰,土,土,土
2014-05,801160.SI,0.005415,己,巳,土,火,火
2014-06,801160.SI,0.021329,庚,午,金,火,火
2014-07,801160.SI,0.05476,辛,未,金,土,土
2014-08,801160.SI,0.061019,壬,申,水,金,金
2014-09,801160.SI,0.117859,癸,酉,水,金,金
2014-10,801160.SI,0.029221,甲,戌,木,土,土
2014-11,801160.SI,0.073719,乙,亥,木,水,水
2014-12,801160.SI,0.168415,丙,子,火,水,水
2015-01,801160.SI,-0.009148,丁,丑,火,土,土
2015-02,801160.SI,0.028848,戊,寅,土,木,木
2015-03,801160.SI,0.150296,己,卯,土,木,木
2015-04,801160.SI,0.205778,庚,辰,金,土,土
2015-05,801160.SI,0.11402,辛,巳,金,火,火
2015-06,801160.SI,-0.009436,壬,午,水,火,火
2015-07,801160.SI,-0.162513,癸,未,水,土,土
2015-08,801160.SI,-0.096721,甲,申,木,金,金
2015-09,801160.SI,-0.085235,乙,酉,木,金,金
2015-10,801160.SI,0.128217,丙,戌,火,土,土
2015-11,801160.SI,0.018203,丁,亥,火,水,水
2015-12,801160.SI,-0.009185,戊,子,土,水,水
2016-01,801160.SI,-0.265774,己,丑,土,土,土
2016-02,801160.SI,-0.020782,庚,寅,金,木,木
2016-03,801160.SI,0.124001,辛,卯,金,木,木
2016-04,801160.SI,-0.02852,壬,辰,水,土,土
2016-05,801160.SI,-0.022994,癸,巳,水,火,火
2016-06,801160.SI,0.004832,甲,午,木,火,火
2016-07,801160.SI,0.026128,乙,未,木,土,土
2016-08,801160.SI,0.048988,丙,申,火,金,金
2016-09,801160.SI,-0.012051,丁,酉,火,金,金
2016-10,801160.SI,0.022777,戊,戌,土,土,土
2016-11,801160.SI,0.025969,己,亥,土,水,水
2016-12,801160.SI,-0.042944,庚,子,金,水,水
2017-01,801160.SI,-0.007799,辛,丑,金,土,土
2017-02,801160.SI,0.036462,壬,寅,水,木,木
2017-03,801160.SI,-0.000944,癸,卯,水,木,木
2017-04,801160.SI,0.021036,甲,辰,木,土,土
2017-05,801160.SI,-0.045504,乙,巳,木,火,火
2017-06,801160.SI,0.009724,丙,午,火,火,火
2017-07,801160.SI,-0.042517,丁,未,火,土,土
2017-08,801160.SI,0.026931,戊,申,土,金,金
2017-09,801160.SI,-0.014906,己,酉,土,金,金
2017-10,801160.SI,0.004184,庚,戌,金,土,土
2017-11,801160.SI,-0.04767,辛,亥,金,水,水
2017-12,801160.SI,-0.007462,壬,子,水,水,水
2018-01,801160.SI,-0.037455,癸,丑,水,土,土
2018-02,801160.SI,-0.042008,甲,寅,木,木,木
2018-03,801160.SI,0.008011,乙,卯,木,木,木
2018-04,801160.SI,-0.046218,丙,辰,火,土,土
2018-05,801160.SI,-0.004766,丁,巳,火,火,火
2018-06,801160.SI,-0.099222,戊,午,土,火,火
2018-07,801160.SI,0.026407,己,未,土,土,土
2018-08,801160.SI,-0.083995,庚,申,金,金,金
2018-09,801160.SI,0.019109,辛,酉,金,金,金
2018-10,801160.SI,-0.091809,壬,戌,水,土,土
2018-11,801160.SI,0.020393,癸,亥,水,水,水
2018-12,801160.SI,-0.00409,甲,子,木,水,水
2019-01,801160.SI,-0.033799,乙,丑,木,土,土
2019-02,801160.SI,0.151996,丙,寅,火,木,木
2019-03,801160.SI,0.058329,丁,卯,火,木,木
2019-04,801160.SI,-0.032985,戊,辰,土,土,土
2019-05,801160.SI,-0.046099,己,巳,土,火,火
2019-06,801160.SI,0.021383,庚,午,金,火,火
2019-07,801160.SI,-0.024344,辛,未,金,土,土
2019-08,801160.SI,-0.024035,壬,申,水,金,金
2019-09,801160.SI,-0.011071,癸,酉,水,金,金
2019-10,801160.SI,-0.000919,甲,戌,木,土,土
2019-11,801160.SI,-0.020113,乙,亥,木,水,水
2019-12,801160.SI,0.027418,丙,子,火,水,水
2020-01,801160.SI,-0.036216,丁,丑,火,土,土
2020-02,801160.SI,-0.027113,戊,寅,土,木,木
2020-03,801160.SI,-0.015999,己,卯,土,木,木
2020-04,801160.SI,0.019142,庚,辰,金,土,土
2020-05,801160.SI,-0.021354,辛,巳,金,火,火
2020-06,801160.SI,0.026054,壬,午,水,火,火
2020-07,801160.SI,0.09198,癸,未,水,土,土
2020-08,801160.SI,0.030881,甲,申,木,金,金
2020-09,801160.SI,-0.059897,乙,酉,木,金,金
2020-10,801160.SI,-0.013513,丙,戌,火,土,土
2020-11,801160.SI,0.036802,丁,亥,火,水,水
2020-12,801160.SI,-0.011908,戊,子,土,水,水
2021-01,801160.SI,-0.048699,己,丑,土,土,土
2021-02,801160.SI,0.018117,庚,寅,金,木,木
2021-03,801160.SI,0.151215,辛,卯,金,木,木
2021-04,801160.SI,-0.089747,壬,辰,水,土,土
2021-05,801160.SI,0.046018,癸,巳,水,火,火
2021-06,801160.SI,-0.008621,甲,午,木,火,火
2021-07,801160.SI,-0.031981,乙,未,木,土,土
2021-08,801160.SI,0.116028,丙,申,火,金,金
2021-09,801160.SI,0.158924,丁,酉,火,金,金
2021-10,801160.SI,-0.078192,戊,戌,土,土,土
2021-11,801160.SI,-0.007189,己,亥,土,水,水
2021-12,801160.SI,0.089435,庚,子,金,水,水
2022-01,801160.SI,-0.127655,辛,丑,金,土,土
2022-02,801160.SI,0.078925,壬,寅,水,木,木
2022-03,801160.SI,-0.096074,癸,卯,水,木,木
2022-04,801160.SI,-0.057892,甲,辰,木,土,土
2022-05,801160.SI,0.090973,乙,巳,木,火,火
2022-06,801160.SI,0.006087,丙,午,火,火,火
2022-07,801160.SI,0.040464,丁,未,火,土,土
2022-08,801160.SI,-0.004564,戊,申,土,金,金
2022-09,801160.SI,-0.078308,己,酉,土,金,金
2022-10,801160.SI,-0.034311,庚,戌,金,土,土
2022-11,801160.SI,0.081483,辛,亥,金,水,水
2022-12,801160.SI,-0.046377,壬,子,水,水,水
2023-01,801160.SI,0.02146,癸,丑,水,土,土
2023-02,801160.SI,0.011333,甲,寅,木,木,木
2023-03,801160.SI,-0.017075,乙,卯,木,木,木
2023-04,801160.SI,0.022178,丙,辰,火,土,土
2023-05,801160.SI,0.042789,丁,巳,火,火,火
2023-06,801160.SI,-0.013654,戊,午,土,火,火
2023-07,801160.SI,-0.021252,己,未,土,土,土
2023-08,801160.SI,-0.044973,庚,申,金,金,金
2023-09,801160.SI,-0.008155,辛,酉,金,金,金
2023-10,801160.SI,-0.008387,壬,戌,水,土,土
2023-11,801160.SI,0.003731,癸,亥,水,水,水
2023-12,801160.SI,0.003311,甲,子,木,水,水
2024-01,801160.SI,-0.009591,乙,丑,木,土,土
2024-02,801160.SI,0.035338,丙,寅,火,木,木
2024-03,801160.SI,0.035631,丁,卯,火,木,木
2024-04,801160.SI,0.012988,戊,辰,土,土,土
2024-05,801160.SI,0.031453,己,巳,土,火,火
2024-06,801160.SI,0.007267,庚,午,金,火,火
2024-07,801160.SI,-0.008413,辛,未,金,土,土
2024-08,801160.SI,-0.046755,壬,申,水,金,金
2024-09,801160.SI,0.089174,癸,酉,水,金,金
2024-10,801160.SI,-0.041613,甲,戌,木,土,土
2024-11,801160.SI,-0.022302,乙,亥,木,水,水
2024-12,801160.SI,0.022431,丙,子,火,水,水
2025-01,801160.SI,-0.051765,丁,丑,火,土,土
2025-02,801160.SI,-0.009369,戊,寅,土,木,木
2025-03,801160.SI,0.018729,己,卯,土,木,木
2025-04,801160.SI,0.014585,庚,辰,金,土,土
2025-05,801160.SI,0.023147,辛,巳,金,火,火
2025-06,801160.SI,-0.005443,壬,午,水,火,火
2025-07,801160.SI,-0.00772,癸,未,水,土,土
2025-08,801160.SI,0.025288,甲,申,木,金,金
2025-09,801160.SI,0.004058,乙,酉,木,金,金
2025-10,801160.SI,0.044731,丙,戌,火,土,土
2025-11,801160.SI,-0.017565,丁,亥,火,水,水
2025-12,801160.SI,-0.024618,戊,子,土,水,水
2026-01,801160.SI,0.031859,己,丑,土,土,土
2026-02,801160.SI,0.045356,庚,寅,金,木,木
2026-03,801160.SI,0.012504,辛,卯,金,木,木
2026-04,801160.SI,0.001559,壬,辰,水,土,土
2026-05,801160.SI,0.047583,癸,巳,水,火,火
2012-08,801170.SI,,戊,申,土,金,金
2012-09,801170.SI,-0.015607,己,酉,土,金,金
2012-10,801170.SI,0.01632,庚,戌,金,土,土
2012-11,801170.SI,-0.053192,辛,亥,金,水,水
2012-12,801170.SI,0.140473,壬,子,水,水,水
2013-01,801170.SI,0.052644,癸,丑,水,土,土
2013-02,801170.SI,-0.005363,甲,寅,木,木,木
2013-03,801170.SI,-0.035131,乙,卯,木,木,木
2013-04,801170.SI,-0.044555,丙,辰,火,土,土
2013-05,801170.SI,0.064734,丁,巳,火,火,火
2013-06,801170.SI,-0.169872,戊,午,土,火,火
2013-07,801170.SI,0.002751,己,未,土,土,土
2013-08,801170.SI,0.223026,庚,申,金,金,金
2013-09,801170.SI,0.010294,辛,酉,金,金,金
2013-10,801170.SI,-0.009504,壬,戌,水,土,土
2013-11,801170.SI,0.055127,癸,亥,水,水,水
2013-12,801170.SI,-0.047024,甲,子,木,水,水
2014-01,801170.SI,-0.040847,乙,丑,木,土,土
2014-02,801170.SI,0.011312,丙,寅,火,木,木
2014-03,801170.SI,0.000855,丁,卯,火,木,木
2014-04,801170.SI,-0.008962,戊,辰,土,土,土
2014-05,801170.SI,-0.010878,己,巳,土,火,火
2014-06,801170.SI,-0.006351,庚,午,金,火,火
2014-07,801170.SI,0.075109,辛,未,金,土,土
2014-08,801170.SI,0.039435,壬,申,水,金,金
2014-09,801170.SI,0.155742,癸,酉,水,金,金
2014-10,801170.SI,0.071505,甲,戌,木,土,土
2014-11,801170.SI,0.120756,乙,亥,木,水,水
2014-12,801170.SI,0.123368,丙,子,火,水,水
2015-01,801170.SI,0.004191,丁,丑,火,土,土
2015-02,801170.SI,0.054149,戊,寅,土,木,木
2015-03,801170.SI,0.20525,己,卯,土,木,木
2015-04,801170.SI,0.270384,庚,辰,金,土,土
2015-05,801170.SI,0.04494,辛,巳,金,火,火
2015-06,801170.SI,0.024478,壬,午,水,火,火
2015-07,801170.SI,-0.183488,癸,未,水,土,土
2015-08,801170.SI,-0.082544,甲,申,木,金,金
2015-09,801170.SI,-0.036398,乙,酉,木,金,金
2015-10,801170.SI,0.080248,丙,戌,火,土,土
2015-11,801170.SI,-0.026641,丁,亥,火,水,水
2015-12,801170.SI,0.006553,戊,子,土,水,水
2016-01,801170.SI,-0.263033,己,丑,土,土,土
2016-02,801170.SI,-0.033161,庚,寅,金,木,木
2016-03,801170.SI,0.136296,辛,卯,金,木,木
2016-04,801170.SI,-0.046207,壬,辰,水,土,土
2016-05,801170.SI,-0.008096,癸,巳,水,火,火
2016-06,801170.SI,-0.018346,甲,午,木,火,火
2016-07,801170.SI,0.026766,乙,未,木,土,土
2016-08,801170.SI,0.00498,丙,申,火,金,金
2016-09,801170.SI,-0.029433,丁,酉,火,金,金
2016-10,801170.SI,0.034524,戊,戌,土,土,土
2016-11,801170.SI,0.044396,己,亥,土,水,水
2016-12,801170.SI,-0.048775,庚,子,金,水,水
2017-01,801170.SI,0.007496,辛,丑,金,土,土
2017-02,801170.SI,0.045243,壬,寅,水,木,木
2017-03,801170.SI,0.002954,癸,卯,水,木,木
2017-04,801170.SI,-0.013788,甲,辰,木,土,土
2017-05,801170.SI,-0.021578,乙,巳,木,火,火
2017-06,801170.SI,0.019631,丙,午,火,火,火
2017-07,801170.SI,0.024591,丁,未,火,土,土
2017-08,801170.SI,0.030273,戊,申,土,金,金
2017-09,801170.SI,-0.030513,己,酉,土,金,金
2017-10,801170.SI,0.042538,庚,戌,金,土,土
2017-11,801170.SI,-0.045904,辛,亥,金,水,水
2017-12,801170.SI,0.007096,壬,子,水,水,水
2018-01,801170.SI,0.019929,癸,丑,水,土,土
2018-02,801170.SI,-0.035737,甲,寅,木,木,木
2018-03,801170.SI,-0.036093,乙,卯,木,木,木
2018-04,801170.SI,-0.019727,丙,辰,火,土,土
2018-05,801170.SI,0.010532,丁,巳,火,火,火
2018-06,801170.SI,-0.103157,戊,午,土,火,火
2018-07,801170.SI,-0.018077,己,未,土,土,土
2018-08,801170.SI,-0.073738,庚,申,金,金,金
2018-09,801170.SI,0.021581,辛,酉,金,金,金
2018-10,801170.SI,-0.093637,壬,戌,水,土,土
2018-11,801170.SI,0.02482,癸,亥,水,水,水
2018-12,801170.SI,-0.039298,甲,子,木,水,水
2019-01,801170.SI,0.010638,乙,丑,木,土,土
2019-02,801170.SI,0.153372,丙,寅,火,木,木
2019-03,801170.SI,0.076447,丁,卯,火,木,木
2019-04,801170.SI,0.00973,戊,辰,土,土,土
2019-05,801170.SI,-0.069824,己,巳,土,火,火
2019-06,801170.SI,0.024848,庚,午,金,火,火
2019-07,801170.SI,-0.012025,辛,未,金,土,土
2019-08,801170.SI,-0.032683,壬,申,水,金,金
2019-09,801170.SI,-0.007117,癸,酉,水,金,金
2019-10,801170.SI,-0.010176,甲,戌,木,土,土
2019-11,801170.SI,-0.026804,乙,亥,木,水,水
2019-12,801170.SI,0.062387,丙,子,火,水,水
2020-01,801170.SI,-0.066294,丁,丑,火,土,土
2020-02,801170.SI,-0.059987,戊,寅,土,木,木
2020-03,801170.SI,-0.030724,己,卯,土,木,木
2020-04,801170.SI,0.03923,庚,辰,金,土,土
2020-05,801170.SI,0.002194,辛,巳,金,火,火
2020-06,801170.SI,0.014175,壬,午,水,火,火
2020-07,801170.SI,0.082989,癸,未,水,土,土
2020-08,801170.SI,0.053097,甲,申,木,金,金
2020-09,801170.SI,-0.05834,乙,酉,木,金,金
2020-10,801170.SI,-0.020446,丙,戌,火,土,土
2020-11,801170.SI,0.074694,丁,亥,火,水,水
2020-12,801170.SI,-0.013284,戊,子,土,水,水
2021-01,801170.SI,-0.009479,己,丑,土,土,土
2021-02,801170.SI,0.016924,庚,寅,金,木,木
2021-03,801170.SI,-0.001447,辛,卯,金,木,木
2021-04,801170.SI,-0.026811,壬,辰,水,土,土
2021-05,801170.SI,0.030306,癸,巳,水,火,火
2021-06,801170.SI,0.010363,甲,午,木,火,火
2021-07,801170.SI,-0.11733,乙,未,木,土,土
2021-08,801170.SI,0.072825,丙,申,火,金,金
2021-09,801170.SI,0.022773,丁,酉,火,金,金
2021-10,801170.SI,-0.017215,戊,戌,土,土,土
2021-11,801170.SI,-0.003179,己,亥,土,水,水
2021-12,801170.SI,0.060855,庚,子,金,水,水
2022-01,801170.SI,-0.028845,辛,丑,金,土,土
2022-02,801170.SI,0.027995,壬,寅,水,木,木
2022-03,801170.SI,-0.072088,癸,卯,水,木,木
2022-04,801170.SI,-0.017374,甲,辰,木,土,土
2022-05,801170.SI,0.069523,乙,巳,木,火,火
2022-06,801170.SI,0.019829,丙,午,火,火,火
2022-07,801170.SI,-0.049002,丁,未,火,土,土
2022-08,801170.SI,0.011164,戊,申,土,金,金
2022-09,801170.SI,-0.026709,己,酉,土,金,金
2022-10,801170.SI,-0.034122,庚,戌,金,土,土
2022-11,801170.SI,0.081453,辛,亥,金,水,水
2022-12,801170.SI,-0.00494,壬,子,水,水,水
2023-01,801170.SI,0.019713,癸,丑,水,土,土
2023-02,801170.SI,-0.004777,甲,寅,木,木,木
2023-03,801170.SI,-0.008029,乙,卯,木,木,木
2023-04,801170.SI,0.010832,丙,辰,火,土,土
2023-05,801170.SI,-0.067331,丁,巳,火,火,火
2023-06,801170.SI,-0.029235,戊,午,土,火,火
2023-07,801170.SI,0.055586,己,未,土,土,土
2023-08,801170.SI,-0.079258,庚,申,金,金,金
2023-09,801170.SI,-0.008433,辛,酉,金,金,金
2023-10,801170.SI,-0.02343,壬,戌,水,土,土
2023-11,801170.SI,0.009875,癸,亥,水,水,水
2023-12,801170.SI,-0.036524,甲,子,木,水,水
2024-01,801170.SI,-0.028256,乙,丑,木,土,土
2024-02,801170.SI,0.049904,丙,寅,火,木,木
2024-03,801170.SI,0.010065,丁,卯,火,木,木
2024-04,801170.SI,0.024404,戊,辰,土,土,土
2024-05,801170.SI,0.023666,己,巳,土,火,火
2024-06,801170.SI,-0.043715,庚,午,金,火,火
2024-07,801170.SI,0.004981,辛,未,金,土,土
2024-08,801170.SI,-0.048243,壬,申,水,金,金
2024-09,801170.SI,0.163518,癸,酉,水,金,金
2024-10,801170.SI,-0.039316,甲,戌,木,土,土
2024-11,801170.SI,0.021193,乙,亥,木,水,水
2024-12,801170.SI,0.00163,丙,子,火,水,水
2025-01,801170.SI,-0.042041,丁,丑,火,土,土
2025-02,801170.SI,-0.008069,戊,寅,土,木,木
2025-03,801170.SI,0.002278,己,卯,土,木,木
2025-04,801170.SI,-0.0124,庚,辰,金,土,土
2025-05,801170.SI,0.055555,辛,巳,金,火,火
2025-06,801170.SI,-0.011149,壬,午,水,火,火
2025-07,801170.SI,-0.002186,癸,未,水,土,土
2025-08,801170.SI,0.021413,甲,申,木,金,金
2025-09,801170.SI,-0.012835,乙,酉,木,金,金
2025-10,801170.SI,0.028047,丙,戌,火,土,土
2025-11,801170.SI,-0.026928,丁,亥,火,水,水
2025-12,801170.SI,0.023423,戊,子,土,水,水
2026-01,801170.SI,-0.003789,己,丑,土,土,土
2026-02,801170.SI,0.041168,庚,寅,金,木,木
2026-03,801170.SI,-0.055446,辛,卯,金,木,木
2026-04,801170.SI,-0.00731,壬,辰,水,土,土
2026-05,801170.SI,0.005709,癸,巳,水,火,火
2012-08,801180.SI,,戊,申,土,金,金
2012-09,801180.SI,0.032687,己,酉,土,金,金
2012-10,801180.SI,0.023829,庚,戌,金,土,土
2012-11,801180.SI,-0.015872,辛,亥,金,水,水
2012-12,801180.SI,0.213461,壬,子,水,水,水
2013-01,801180.SI,0.02058,癸,丑,水,土,土
2013-02,801180.SI,-0.004992,甲,寅,木,木,木
2013-03,801180.SI,-0.090929,乙,卯,木,木,木
2013-04,801180.SI,0.005927,丙,辰,火,土,土
2013-05,801180.SI,0.116802,丁,巳,火,火,火
2013-06,801180.SI,-0.158464,戊,午,土,火,火
2013-07,801180.SI,0.02316,己,未,土,土,土
2013-08,801180.SI,0.069033,庚,申,金,金,金
2013-09,801180.SI,-0.005713,辛,酉,金,金,金
2013-10,801180.SI,-0.021758,壬,戌,水,土,土
2013-11,801180.SI,-0.001189,癸,亥,水,水,水
2013-12,801180.SI,-0.050459,甲,子,木,水,水
2014-01,801180.SI,-0.044043,乙,丑,木,土,土
2014-02,801180.SI,-0.032348,丙,寅,火,木,木
2014-03,801180.SI,0.097201,丁,卯,火,木,木
2014-04,801180.SI,-0.017602,戊,辰,土,土,土
2014-05,801180.SI,0.007473,己,巳,土,火,火
2014-06,801180.SI,-0.006572,庚,午,金,火,火
2014-07,801180.SI,0.129974,辛,未,金,土,土
2014-08,801180.SI,0.002619,壬,申,水,金,金
2014-09,801180.SI,0.077009,癸,酉,水,金,金
2014-10,801180.SI,0.027276,甲,戌,木,土,土
2014-11,801180.SI,0.142976,乙,亥,木,水,水
2014-12,801180.SI,0.156035,丙,子,火,水,水
2015-01,801180.SI,0.0029,丁,丑,火,土,土
2015-02,801180.SI,0.028247,戊,寅,土,木,木
2015-03,801180.SI,0.194029,己,卯,土,木,木
2015-04,801180.SI,0.1651,庚,辰,金,土,土
2015-05,801180.SI,0.086277,辛,巳,金,火,火
2015-06,801180.SI,-0.040137,壬,午,水,火,火
2015-07,801180.SI,-0.155826,癸,未,水,土,土
2015-08,801180.SI,-0.120985,甲,申,木,金,金
2015-09,801180.SI,-0.066328,乙,酉,木,金,金
2015-10,801180.SI,0.162899,丙,戌,火,土,土
2015-11,801180.SI,0.055792,丁,亥,火,水,水
2015-12,801180.SI,0.138414,戊,子,土,水,水
2016-01,801180.SI,-0.252322,己,丑,土,土,土
2016-02,801180.SI,-0.000208,庚,寅,金,木,木
2016-03,801180.SI,0.095106,辛,卯,金,木,木
2016-04,801180.SI,-0.015791,壬,辰,水,土,土
2016-05,801180.SI,-0.027417,癸,巳,水,火,火
2016-06,801180.SI,0.007135,甲,午,木,火,火
2016-07,801180.SI,-0.036932,乙,未,木,土,土
2016-08,801180.SI,0.120967,丙,申,火,金,金
2016-09,801180.SI,-0.003358,丁,酉,火,金,金
2016-10,801180.SI,-0.003751,戊,戌,土,土,土
2016-11,801180.SI,0.044811,己,亥,土,水,水
2016-12,801180.SI,-0.068727,庚,子,金,水,水
2017-01,801180.SI,-0.011539,辛,丑,金,土,土
2017-02,801180.SI,0.02401,壬,寅,水,木,木
2017-03,801180.SI,-0.019379,癸,卯,水,木,木
2017-04,801180.SI,-0.003348,甲,辰,木,土,土
2017-05,801180.SI,-0.028934,乙,巳,木,火,火
2017-06,801180.SI,0.033117,丙,午,火,火,火
2017-07,801180.SI,-0.002935,丁,未,火,土,土
2017-08,801180.SI,0.00222,戊,申,土,金,金
2017-09,801180.SI,0.012101,己,酉,土,金,金
2017-10,801180.SI,0.006606,庚,戌,金,土,土
2017-11,801180.SI,0.000161,辛,亥,金,水,水
2017-12,801180.SI,-0.00245,壬,子,水,水,水
2018-01,801180.SI,0.136191,癸,丑,水,土,土
2018-02,801180.SI,-0.114277,甲,寅,木,木,木
2018-03,801180.SI,-0.018063,乙,卯,木,木,木
2018-04,801180.SI,-0.05763,丙,辰,火,土,土
2018-05,801180.SI,-0.051193,丁,巳,火,火,火
2018-06,801180.SI,-0.081568,戊,午,土,火,火
2018-07,801180.SI,-0.022423,己,未,土,土,土
2018-08,801180.SI,-0.049582,庚,申,金,金,金
2018-09,801180.SI,-0.001699,辛,酉,金,金,金
2018-10,801180.SI,-0.048321,壬,戌,水,土,土
2018-11,801180.SI,0.049694,癸,亥,水,水,水
2018-12,801180.SI,-0.052918,甲,子,木,水,水
2019-01,801180.SI,0.038916,乙,丑,木,土,土
2019-02,801180.SI,0.136905,丙,寅,火,木,木
2019-03,801180.SI,0.118574,丁,卯,火,木,木
2019-04,801180.SI,-0.039652,戊,辰,土,土,土
2019-05,801180.SI,-0.074542,己,巳,土,火,火
2019-06,801180.SI,0.009033,庚,午,金,火,火
2019-07,801180.SI,-0.015008,辛,未,金,土,土
2019-08,801180.SI,-0.067174,壬,申,水,金,金
2019-09,801180.SI,0.012872,癸,酉,水,金,金
2019-10,801180.SI,0.020118,甲,戌,木,土,土
2019-11,801180.SI,-0.011888,乙,亥,木,水,水
2019-12,801180.SI,0.104395,丙,子,火,水,水
2020-01,801180.SI,-0.065899,丁,丑,火,土,土
2020-02,801180.SI,-0.019329,戊,寅,土,木,木
2020-03,801180.SI,-0.062351,己,卯,土,木,木
2020-04,801180.SI,0.042294,庚,辰,金,土,土
2020-05,801180.SI,-0.030955,辛,巳,金,火,火
2020-06,801180.SI,0.046415,壬,午,水,火,火
2020-07,801180.SI,0.075376,癸,未,水,土,土
2020-08,801180.SI,0.016345,甲,申,木,金,金
2020-09,801180.SI,-0.046346,乙,酉,木,金,金
2020-10,801180.SI,-0.043994,丙,戌,火,土,土
2020-11,801180.SI,0.061304,丁,亥,火,水,水
2020-12,801180.SI,-0.071436,戊,子,土,水,水
2021-01,801180.SI,-0.068283,己,丑,土,土,土
2021-02,801180.SI,0.103253,庚,寅,金,木,木
2021-03,801180.SI,-0.039095,辛,卯,金,木,木
2021-04,801180.SI,-0.015433,壬,辰,水,土,土
2021-05,801180.SI,0.017715,癸,巳,水,火,火
2021-06,801180.SI,-0.080603,甲,午,木,火,火
2021-07,801180.SI,-0.118229,乙,未,木,土,土
2021-08,801180.SI,0.050278,丙,申,火,金,金
2021-09,801180.SI,0.052668,丁,酉,火,金,金
2021-10,801180.SI,-0.088877,戊,戌,土,土,土
2021-11,801180.SI,0.021758,己,亥,土,水,水
2021-12,801180.SI,0.066972,庚,子,金,水,水
2022-01,801180.SI,-0.012887,辛,丑,金,土,土
2022-02,801180.SI,-0.007794,壬,寅,水,木,木
2022-03,801180.SI,0.095233,癸,卯,水,木,木
2022-04,801180.SI,-0.083577,甲,辰,木,土,土
2022-05,801180.SI,-0.059127,乙,巳,木,火,火
2022-06,801180.SI,0.056115,丙,午,火,火,火
2022-07,801180.SI,-0.062528,丁,未,火,土,土
2022-08,801180.SI,-0.010951,戊,申,土,金,金
2022-09,801180.SI,-0.010279,己,酉,土,金,金
2022-10,801180.SI,-0.147236,庚,戌,金,土,土
2022-11,801180.SI,0.277972,辛,亥,金,水,水
2022-12,801180.SI,-0.09066,壬,子,水,水,水
2023-01,801180.SI,0.037124,癸,丑,水,土,土
2023-02,801180.SI,-0.020153,甲,寅,木,木,木
2023-03,801180.SI,-0.076118,乙,卯,木,木,木
2023-04,801180.SI,-0.025579,丙,辰,火,土,土
2023-05,801180.SI,-0.0686,丁,巳,火,火,火
2023-06,801180.SI,0.005838,戊,午,土,火,火
2023-07,801180.SI,0.141553,己,未,土,土,土
2023-08,801180.SI,-0.069305,庚,申,金,金,金
2023-09,801180.SI,-0.054871,辛,酉,金,金,金
2023-10,801180.SI,-0.072737,壬,戌,水,土,土
2023-11,801180.SI,-0.014806,癸,亥,水,水,水
2023-12,801180.SI,-0.063747,甲,子,木,水,水
2024-01,801180.SI,-0.08057,乙,丑,木,土,土
2024-02,801180.SI,0.022757,丙,寅,火,木,木
2024-03,801180.SI,-0.037802,丁,卯,火,木,木
2024-04,801180.SI,-0.042641,戊,辰,土,土,土
2024-05,801180.SI,0.061391,己,巳,土,火,火
2024-06,801180.SI,-0.134693,庚,午,金,火,火
2024-07,801180.SI,0.022674,辛,未,金,土,土
2024-08,801180.SI,-0.044912,壬,申,水,金,金
2024-09,801180.SI,0.362177,癸,酉,水,金,金
2024-10,801180.SI,0.030566,甲,戌,木,土,土
2024-11,801180.SI,-0.005414,乙,亥,木,水,水
2024-12,801180.SI,-0.098104,丙,子,火,水,水
2025-01,801180.SI,-0.061225,丁,丑,火,土,土
2025-02,801180.SI,0.053693,戊,寅,土,木,木
2025-03,801180.SI,-0.047996,己,卯,土,木,木
2025-04,801180.SI,-0.016214,庚,辰,金,土,土
2025-05,801180.SI,-0.004368,辛,巳,金,火,火
2025-06,801180.SI,0.009292,壬,午,水,火,火
2025-07,801180.SI,0.042537,癸,未,水,土,土
2025-08,801180.SI,0.064744,甲,申,木,金,金
2025-09,801180.SI,0.081526,乙,酉,木,金,金
2025-10,801180.SI,-0.023711,丙,戌,火,土,土
2025-11,801180.SI,-0.028102,丁,亥,火,水,水
2025-12,801180.SI,-0.039637,戊,子,土,水,水
2026-01,801180.SI,0.043039,己,丑,土,土,土
2026-02,801180.SI,-0.000794,庚,寅,金,木,木
2026-03,801180.SI,-0.112541,辛,卯,金,木,木
2026-04,801180.SI,0.069759,壬,辰,水,土,土
2026-05,801180.SI,0.018561,癸,巳,水,火,火
2012-08,801200.SI,,戊,申,土,金,金
2012-09,801200.SI,0.033884,己,酉,土,金,金
2012-10,801200.SI,-0.027199,庚,戌,金,土,土
2012-11,801200.SI,-0.121799,辛,亥,金,水,水
2012-12,801200.SI,0.150631,壬,子,水,水,水
2013-01,801200.SI,0.036764,癸,丑,水,土,土
2013-02,801200.SI,0.007605,甲,寅,木,木,木
2013-03,801200.SI,-0.048413,乙,卯,木,木,木
2013-04,801200.SI,-0.038969,丙,辰,火,土,土
2013-05,801200.SI,0.092381,丁,巳,火,火,火
2013-06,801200.SI,-0.167869,戊,午,土,火,火
2013-07,801200.SI,0.044876,己,未,土,土,土
2013-08,801200.SI,0.169717,庚,申,金,金,金
2013-09,801200.SI,0.163531,辛,酉,金,金,金
2013-10,801200.SI,-0.057956,壬,戌,水,土,土
2013-11,801200.SI,0.034814,癸,亥,水,水,水
2013-12,801200.SI,-0.059491,甲,子,木,水,水
2014-01,801200.SI,0.004917,乙,丑,木,土,土
2014-02,801200.SI,-0.009867,丙,寅,火,木,木
2014-03,801200.SI,-0.052511,丁,卯,火,木,木
2014-04,801200.SI,0.001032,戊,辰,土,土,土
2014-05,801200.SI,-0.00174,己,巳,土,火,火
2014-06,801200.SI,-0.016202,庚,午,金,火,火
2014-07,801200.SI,0.074379,辛,未,金,土,土
2014-08,801200.SI,0.037805,壬,申,水,金,金
2014-09,801200.SI,0.127238,癸,酉,水,金,金
2014-10,801200.SI,0.016623,甲,戌,木,土,土
2014-11,801200.SI,0.068747,乙,亥,木,水,水
2014-12,801200.SI,0.04942,丙,子,火,水,水
2015-01,801200.SI,0.054433,丁,丑,火,土,土
2015-02,801200.SI,0.069252,戊,寅,土,木,木
2015-03,801200.SI,0.239703,己,卯,土,木,木
2015-04,801200.SI,0.145415,庚,辰,金,土,土
2015-05,801200.SI,0.188655,辛,巳,金,火,火
2015-06,801200.SI,-0.109991,壬,午,水,火,火
2015-07,801200.SI,-0.172538,癸,未,水,土,土
2015-08,801200.SI,-0.098127,甲,申,木,金,金
2015-09,801200.SI,-0.067449,乙,酉,木,金,金
2015-10,801200.SI,0.168923,丙,戌,火,土,土
2015-11,801200.SI,0.005393,丁,亥,火,水,水
2015-12,801200.SI,0.05045,戊,子,土,水,水
2016-01,801200.SI,-0.272325,己,丑,土,土,土
2016-02,801200.SI,-0.034509,庚,寅,金,木,木
2016-03,801200.SI,0.155709,辛,卯,金,木,木
2016-04,801200.SI,-0.023233,壬,辰,水,土,土
2016-05,801200.SI,-0.029252,癸,巳,水,火,火
2016-06,801200.SI,-0.00671,甲,午,木,火,火
2016-07,801200.SI,0.024366,乙,未,木,土,土
2016-08,801200.SI,0.052051,丙,申,火,金,金
2016-09,801200.SI,-0.016585,丁,酉,火,金,金
2016-10,801200.SI,0.023733,戊,戌,土,土,土
2016-11,801200.SI,0.04993,己,亥,土,水,水
2016-12,801200.SI,-0.006646,庚,子,金,水,水
2017-01,801200.SI,-0.027227,辛,丑,金,土,土
2017-02,801200.SI,0.035762,壬,寅,水,木,木
2017-03,801200.SI,-0.039791,癸,卯,水,木,木
2017-04,801200.SI,-0.06012,甲,辰,木,土,土
2017-05,801200.SI,-0.043675,乙,巳,木,火,火
2017-06,801200.SI,0.025779,丙,午,火,火,火
2017-07,801200.SI,0.012378,丁,未,火,土,土
2017-08,801200.SI,0.005729,戊,申,土,金,金
2017-09,801200.SI,0.018331,己,酉,土,金,金
2017-10,801200.SI,0.021209,庚,戌,金,土,土
2017-11,801200.SI,-0.090807,辛,亥,金,水,水
2017-12,801200.SI,0.006174,壬,子,水,水,水
2018-01,801200.SI,0.01554,癸,丑,水,土,土
2018-02,801200.SI,-0.058514,甲,寅,木,木,木
2018-03,801200.SI,0.02383,乙,卯,木,木,木
2018-04,801200.SI,-0.044946,丙,辰,火,土,土
2018-05,801200.SI,0.05986,丁,巳,火,火,火
2018-06,801200.SI,-0.156795,戊,午,土,火,火
2018-07,801200.SI,-0.013513,己,未,土,土,土
2018-08,801200.SI,-0.068324,庚,申,金,金,金
2018-09,801200.SI,0.003304,辛,酉,金,金,金
2018-10,801200.SI,-0.114453,壬,戌,水,土,土
2018-11,801200.SI,0.031762,癸,亥,水,水,水
2018-12,801200.SI,-0.043871,甲,子,木,水,水
2019-01,801200.SI,0.003162,乙,丑,木,土,土
2019-02,801200.SI,0.176648,丙,寅,火,木,木
2019-03,801200.SI,0.08163,丁,卯,火,木,木
2019-04,801200.SI,-0.015122,戊,辰,土,土,土
2019-05,801200.SI,-0.087713,己,巳,土,火,火
2019-06,801200.SI,0.021252,庚,午,金,火,火
2019-07,801200.SI,-0.043081,辛,未,金,土,土
2019-08,801200.SI,-0.014407,壬,申,水,金,金
2019-09,801200.SI,-0.011992,癸,酉,水,金,金
2019-10,801200.SI,-0.008448,甲,戌,木,土,土
2019-11,801200.SI,-0.040728,乙,亥,木,水,水
2019-12,801200.SI,0.047824,丙,子,火,水,水
2020-01,801200.SI,-0.032333,丁,丑,火,土,土
2020-02,801200.SI,-0.036841,戊,寅,土,木,木
2020-03,801200.SI,0.053791,己,卯,土,木,木
2020-04,801200.SI,0.005432,庚,辰,金,土,土
2020-05,801200.SI,0.072454,辛,巳,金,火,火
2020-06,801200.SI,0.090716,壬,午,水,火,火
2020-07,801200.SI,0.108876,癸,未,水,土,土
2020-08,801200.SI,-0.05153,甲,申,木,金,金
2020-09,801200.SI,-0.081706,乙,酉,木,金,金
2020-10,801200.SI,-0.018752,丙,戌,火,土,土
2020-11,801200.SI,-0.011523,丁,亥,火,水,水
2020-12,801200.SI,-0.077869,戊,子,土,水,水
2021-01,801200.SI,-0.079726,己,丑,土,土,土
2021-02,801200.SI,0.031401,庚,寅,金,木,木
2021-03,801200.SI,0.009252,辛,卯,金,木,木
2021-04,801200.SI,-0.011805,壬,辰,水,土,土
2021-05,801200.SI,0.066531,癸,巳,水,火,火
2021-06,801200.SI,-0.050218,甲,午,木,火,火
2021-07,801200.SI,-0.059729,乙,未,木,土,土
2021-08,801200.SI,0.047901,丙,申,火,金,金
2021-09,801200.SI,-0.018406,丁,酉,火,金,金
2021-10,801200.SI,0.011763,戊,戌,土,土,土
2021-11,801200.SI,0.005111,己,亥,土,水,水
2021-12,801200.SI,0.011492,庚,子,金,水,水
2022-01,801200.SI,-0.065026,辛,丑,金,土,土
2022-02,801200.SI,4.5e-05,壬,寅,水,木,木
2022-03,801200.SI,-0.084973,癸,卯,水,木,木
2022-04,801200.SI,-0.014238,甲,辰,木,土,土
2022-05,801200.SI,0.029517,乙,巳,木,火,火
2022-06,801200.SI,0.108057,丙,午,火,火,火
2022-07,801200.SI,-0.070506,丁,未,火,土,土
2022-08,801200.SI,-0.017003,戊,申,土,金,金
2022-09,801200.SI,-0.039156,己,酉,土,金,金
2022-10,801200.SI,-0.070724,庚,戌,金,土,土
2022-11,801200.SI,0.14286,辛,亥,金,水,水
2022-12,801200.SI,0.035897,壬,子,水,水,水
2023-01,801200.SI,-0.01185,癸,丑,水,土,土
2023-02,801200.SI,-0.025081,甲,寅,木,木,木
2023-03,801200.SI,-0.014976,乙,卯,木,木,木
2023-04,801200.SI,-0.060727,丙,辰,火,土,土
2023-05,801200.SI,-0.116638,丁,巳,火,火,火
2023-06,801200.SI,-0.027566,戊,午,土,火,火
2023-07,801200.SI,0.102155,己,未,土,土,土
2023-08,801200.SI,-0.100892,庚,申,金,金,金
2023-09,801200.SI,-0.001563,辛,酉,金,金,金
2023-10,801200.SI,-0.051081,壬,戌,水,土,土
2023-11,801200.SI,0.020308,癸,亥,水,水,水
2023-12,801200.SI,-0.063379,甲,子,木,水,水
2024-01,801200.SI,-0.107489,乙,丑,木,土,土
2024-02,801200.SI,0.042546,丙,寅,火,木,木
2024-03,801200.SI,0.003722,丁,卯,火,木,木
2024-04,801200.SI,-0.034155,戊,辰,土,土,土
2024-05,801200.SI,-0.046307,己,巳,土,火,火
2024-06,801200.SI,-0.123424,庚,午,金,火,火
2024-07,801200.SI,0.049978,辛,未,金,土,土
2024-08,801200.SI,-0.036389,壬,申,水,金,金
2024-09,801200.SI,0.260139,癸,酉,水,金,金
2024-10,801200.SI,0.040192,甲,戌,木,土,土
2024-11,801200.SI,0.135948,乙,亥,木,水,水
2024-12,801200.SI,0.000724,丙,子,火,水,水
2025-01,801200.SI,-0.076145,丁,丑,火,土,土
2025-02,801200.SI,0.029738,戊,寅,土,木,木
2025-03,801200.SI,-0.035274,己,卯,土,木,木
2025-04,801200.SI,0.01736,庚,辰,金,土,土
2025-05,801200.SI,0.016551,辛,巳,金,火,火
2025-06,801200.SI,0.027119,壬,午,水,火,火
2025-07,801200.SI,0.019119,癸,未,水,土,土
2025-08,801200.SI,0.074734,甲,申,木,金,金
2025-09,801200.SI,-0.039069,乙,酉,木,金,金
2025-10,801200.SI,0.012389,丙,戌,火,土,土
2025-11,801200.SI,0.001621,丁,亥,火,水,水
2025-12,801200.SI,0.03997,戊,子,土,水,水
2026-01,801200.SI,0.005263,己,丑,土,土,土
2026-02,801200.SI,-0.035404,庚,寅,金,木,木
2026-03,801200.SI,-0.117563,辛,卯,金,木,木
2026-04,801200.SI,0.020251,壬,辰,水,土,土
2026-05,801200.SI,-0.008421,癸,巳,水,火,火
2012-08,801210.SI,,戊,申,土,金,金
2012-09,801210.SI,0.010396,己,酉,土,金,金
2012-10,801210.SI,-0.017586,庚,戌,金,土,土
2012-11,801210.SI,-0.128461,辛,亥,金,水,水
2012-12,801210.SI,0.127119,壬,子,水,水,水
2013-01,801210.SI,0.037036,癸,丑,水,土,土
2013-02,801210.SI,0.002799,甲,寅,木,木,木
2013-03,801210.SI,0.027149,乙,卯,木,木,木
2013-04,801210.SI,-0.068279,丙,辰,火,土,土
2013-05,801210.SI,0.099615,丁,巳,火,火,火
2013-06,801210.SI,-0.149692,戊,午,土,火,火
2013-07,801210.SI,0.092767,己,未,土,土,土
2013-08,801210.SI,0.132921,庚,申,金,金,金
2013-09,801210.SI,0.092602,辛,酉,金,金,金
2013-10,801210.SI,-0.06341,壬,戌,水,土,土
2013-11,801210.SI,0.048432,癸,亥,水,水,水
2013-12,801210.SI,-0.033442,甲,子,木,水,水
2014-01,801210.SI,0.04255,乙,丑,木,土,土
2014-02,801210.SI,0.071324,丙,寅,火,木,木
2014-03,801210.SI,-0.049093,丁,卯,火,木,木
2014-04,801210.SI,0.002743,戊,辰,土,土,土
2014-05,801210.SI,0.015301,己,巳,土,火,火
2014-06,801210.SI,0.021368,庚,午,金,火,火
2014-07,801210.SI,0.02848,辛,未,金,土,土
2014-08,801210.SI,0.087539,壬,申,水,金,金
2014-09,801210.SI,0.131288,癸,酉,水,金,金
2014-10,801210.SI,-0.023003,甲,戌,木,土,土
2014-11,801210.SI,0.055867,乙,亥,木,水,水
2014-12,801210.SI,-0.04799,丙,子,火,水,水
2015-01,801210.SI,0.074249,丁,丑,火,土,土
2015-02,801210.SI,0.054547,戊,寅,土,木,木
2015-03,801210.SI,0.253678,己,卯,土,木,木
2015-04,801210.SI,0.138284,庚,辰,金,土,土
2015-05,801210.SI,0.206123,辛,巳,金,火,火
2015-06,801210.SI,-0.097456,壬,午,水,火,火
2015-07,801210.SI,-0.095426,癸,未,水,土,土
2015-08,801210.SI,-0.16815,甲,申,木,金,金
2015-09,801210.SI,0.015523,乙,酉,木,金,金
2015-10,801210.SI,0.10241,丙,戌,火,土,土
2015-11,801210.SI,0.063728,丁,亥,火,水,水
2015-12,801210.SI,0.13158,戊,子,土,水,水
2016-01,801210.SI,-0.255418,己,丑,土,土,土
2016-02,801210.SI,-0.025193,庚,寅,金,木,木
2016-03,801210.SI,0.139099,辛,卯,金,木,木
2016-04,801210.SI,-0.038107,壬,辰,水,土,土
2016-05,801210.SI,-0.027719,癸,巳,水,火,火
2016-06,801210.SI,-0.004349,甲,午,木,火,火
2016-07,801210.SI,-0.001371,乙,未,木,土,土
2016-08,801210.SI,0.047397,丙,申,火,金,金
2016-09,801210.SI,0.008392,丁,酉,火,金,金
2016-10,801210.SI,0.022601,戊,戌,土,土,土
2016-11,801210.SI,-0.006466,己,亥,土,水,水
2016-12,801210.SI,-0.044744,庚,子,金,水,水
2017-01,801210.SI,-0.015001,辛,丑,金,土,土
2017-02,801210.SI,0.039167,壬,寅,水,木,木
2017-03,801210.SI,0.0143,癸,卯,水,木,木
2017-04,801210.SI,-0.073731,甲,辰,木,土,土
2017-05,801210.SI,-0.067419,乙,巳,木,火,火
2017-06,801210.SI,0.051834,丙,午,火,火,火
2017-07,801210.SI,-0.028335,丁,未,火,土,土
2017-08,801210.SI,0.009775,戊,申,土,金,金
2017-09,801210.SI,0.053219,己,酉,土,金,金
2017-10,801210.SI,0.026462,庚,戌,金,土,土
2017-11,801210.SI,-0.05445,辛,亥,金,水,水
2017-12,801210.SI,0.012884,壬,子,水,水,水
2018-01,801210.SI,0.062348,癸,丑,水,土,土
2018-02,801210.SI,-0.008557,甲,寅,木,木,木
2018-03,801210.SI,0.009943,乙,卯,木,木,木
2018-04,801210.SI,-0.041103,丙,辰,火,土,土
2018-05,801210.SI,0.148605,丁,巳,火,火,火
2018-06,801210.SI,-0.069766,戊,午,土,火,火
2018-07,801210.SI,0.01135,己,未,土,土,土
2018-08,801210.SI,-0.104599,庚,申,金,金,金
2018-09,801210.SI,0.026502,辛,酉,金,金,金
2018-10,801210.SI,-0.154823,壬,戌,水,土,土
2018-11,801210.SI,0.04341,癸,亥,水,水,水
2018-12,801210.SI,0.000583,甲,子,木,水,水
2019-01,801210.SI,-0.066351,乙,丑,木,土,土
2019-02,801210.SI,0.175954,丙,寅,火,木,木
2019-03,801210.SI,0.124171,丁,卯,火,木,木
2019-04,801210.SI,-0.013099,戊,辰,土,土,土
2019-05,801210.SI,-0.058118,己,巳,土,火,火
2019-06,801210.SI,0.082235,庚,午,金,火,火
2019-07,801210.SI,0.010552,辛,未,金,土,土
2019-08,801210.SI,0.019538,壬,申,水,金,金
2019-09,801210.SI,-0.013931,癸,酉,水,金,金
2019-10,801210.SI,-0.019141,甲,戌,木,土,土
2019-11,801210.SI,-0.044744,乙,亥,木,水,水
2019-12,801210.SI,0.082317,丙,子,火,水,水
2020-01,801210.SI,-0.086968,丁,丑,火,土,土
2020-02,801210.SI,-0.031096,戊,寅,土,木,木
2020-03,801210.SI,-0.096563,己,卯,土,木,木
2020-04,801210.SI,0.217102,庚,辰,金,土,土
2020-05,801210.SI,0.066639,辛,巳,金,火,火
2020-06,801210.SI,0.253584,壬,午,水,火,火
2020-07,801210.SI,0.413869,癸,未,水,土,土
2020-08,801210.SI,-0.088155,甲,申,木,金,金
2020-09,801210.SI,0.031383,乙,酉,木,金,金
2020-10,801210.SI,-0.091957,丙,戌,火,土,土
2020-11,801210.SI,0.015809,丁,亥,火,水,水
2020-12,801210.SI,0.249813,戊,子,土,水,水
2021-01,801210.SI,0.011872,己,丑,土,土,土
2021-02,801210.SI,0.068605,庚,寅,金,木,木
2021-03,801210.SI,0.017529,辛,卯,金,木,木
2021-04,801210.SI,0.013223,壬,辰,水,土,土
2021-05,801210.SI,0.033482,癸,巳,水,火,火
2021-06,801210.SI,-0.086698,甲,午,木,火,火
2021-07,801210.SI,-0.197377,乙,未,木,土,土
2021-08,801210.SI,0.009105,丙,申,火,金,金
2021-09,801210.SI,0.073278,丁,酉,火,金,金
2021-10,801210.SI,0.032778,戊,戌,土,土,土
2021-11,801210.SI,-0.16619,己,亥,土,水,水
2021-12,801210.SI,0.13921,庚,子,金,水,水
2022-01,801210.SI,-0.071218,辛,丑,金,土,土
2022-02,801210.SI,0.015471,壬,寅,水,木,木
2022-03,801210.SI,-0.073798,癸,卯,水,木,木
2022-04,801210.SI,-0.063821,甲,辰,木,土,土
2022-05,801210.SI,0.040429,乙,巳,木,火,火
2022-06,801210.SI,0.111231,丙,午,火,火,火
2022-07,801210.SI,-0.09205,丁,未,火,土,土
2022-08,801210.SI,-0.009694,戊,申,土,金,金
2022-09,801210.SI,-0.056167,己,酉,土,金,金
2022-10,801210.SI,0.007783,庚,戌,金,土,土
2022-11,801210.SI,0.135681,辛,亥,金,水,水
2022-12,801210.SI,0.064574,壬,子,水,水,水
2023-01,801210.SI,-0.002988,癸,丑,水,土,土
2023-02,801210.SI,0.02702,甲,寅,木,木,木
2023-03,801210.SI,-0.003403,乙,卯,木,木,木
2023-04,801210.SI,-0.053952,丙,辰,火,土,土
2023-05,801210.SI,-0.040807,丁,巳,火,火,火
2023-06,801210.SI,-0.004093,戊,午,土,火,火
2023-07,801210.SI,0.029246,己,未,土,土,土
2023-08,801210.SI,-0.072931,庚,申,金,金,金
2023-09,801210.SI,-0.03708,辛,酉,金,金,金
2023-10,801210.SI,-0.081241,壬,戌,水,土,土
2023-11,801210.SI,0.056247,癸,亥,水,水,水
2023-12,801210.SI,-0.051594,甲,子,木,水,水
2024-01,801210.SI,-0.146796,乙,丑,木,土,土
2024-02,801210.SI,0.064041,丙,寅,火,木,木
2024-03,801210.SI,0.020841,丁,卯,火,木,木
2024-04,801210.SI,-0.022989,戊,辰,土,土,土
2024-05,801210.SI,-0.040197,己,巳,土,火,火
2024-06,801210.SI,-0.126073,庚,午,金,火,火
2024-07,801210.SI,0.015295,辛,未,金,土,土
2024-08,801210.SI,-0.028509,壬,申,水,金,金
2024-09,801210.SI,0.271661,癸,酉,水,金,金
2024-10,801210.SI,0.035994,甲,戌,木,土,土
2024-11,801210.SI,0.013813,乙,亥,木,水,水
2024-12,801210.SI,-0.051607,丙,子,火,水,水
2025-01,801210.SI,-0.026858,丁,丑,火,土,土
2025-02,801210.SI,0.03761,戊,寅,土,木,木
2025-03,801210.SI,0.03315,己,卯,土,木,木
2025-04,801210.SI,-0.040382,庚,辰,金,土,土
2025-05,801210.SI,-0.008553,辛,巳,金,火,火
2025-06,801210.SI,0.041323,壬,午,水,火,火
2025-07,801210.SI,0.051326,癸,未,水,土,土
2025-08,801210.SI,0.050508,甲,申,木,金,金
2025-09,801210.SI,-0.047641,乙,酉,木,金,金
2025-10,801210.SI,0.002689,丙,戌,火,土,土
2025-11,801210.SI,0.012341,丁,亥,火,水,水
2025-12,801210.SI,-0.005735,戊,子,土,水,水
2026-01,801210.SI,0.059265,己,丑,土,土,土
2026-02,801210.SI,0.00908,庚,寅,金,木,木
2026-03,801210.SI,-0.105244,辛,卯,金,木,木
2026-04,801210.SI,0.014816,壬,辰,水,土,土
2026-05,801210.SI,-0.021248,癸,巳,水,火,火
2012-08,801230.SI,,戊,申,土,金,金
2012-09,801230.SI,-0.007312,己,酉,土,金,金
2012-10,801230.SI,-0.012298,庚,戌,金,土,土
2012-11,801230.SI,-0.092113,辛,亥,金,水,水
2012-12,801230.SI,0.157612,壬,子,水,水,水
2013-01,801230.SI,0.083613,癸,丑,水,土,土
2013-02,801230.SI,0.049826,甲,寅,木,木,木
2013-03,801230.SI,-0.031023,乙,卯,木,木,木
2013-04,801230.SI,-0.030523,丙,辰,火,土,土
2013-05,801230.SI,0.122065,丁,巳,火,火,火
2013-06,801230.SI,-0.182633,戊,午,土,火,火
2013-07,801230.SI,0.056732,己,未,土,土,土
2013-08,801230.SI,0.093049,庚,申,金,金,金
2013-09,801230.SI,0.044345,辛,酉,金,金,金
2013-10,801230.SI,-0.043058,壬,戌,水,土,土
2013-11,801230.SI,0.045204,癸,亥,水,水,水
2013-12,801230.SI,-0.04984,甲,子,木,水,水
2014-01,801230.SI,0.015708,乙,丑,木,土,土
2014-02,801230.SI,0.088875,丙,寅,火,木,木
2014-03,801230.SI,-0.031884,丁,卯,火,木,木
2014-04,801230.SI,-0.020523,戊,辰,土,土,土
2014-05,801230.SI,0.0131,己,巳,土,火,火
2014-06,801230.SI,0.034684,庚,午,金,火,火
2014-07,801230.SI,0.063156,辛,未,金,土,土
2014-08,801230.SI,0.080965,壬,申,水,金,金
2014-09,801230.SI,0.126207,癸,酉,水,金,金
2014-10,801230.SI,0.013635,甲,戌,木,土,土
2014-11,801230.SI,0.062975,乙,亥,木,水,水
2014-12,801230.SI,-0.050267,丙,子,火,水,水
2015-01,801230.SI,0.050801,丁,丑,火,土,土
2015-02,801230.SI,0.082847,戊,寅,土,木,木
2015-03,801230.SI,0.17565,己,卯,土,木,木
2015-04,801230.SI,0.16284,庚,辰,金,土,土
2015-05,801230.SI,0.24841,辛,巳,金,火,火
2015-06,801230.SI,-0.07926,壬,午,水,火,火
2015-07,801230.SI,-0.201064,癸,未,水,土,土
2015-08,801230.SI,-0.076,甲,申,木,金,金
2015-09,801230.SI,-0.054157,乙,酉,木,金,金
2015-10,801230.SI,0.138709,丙,戌,火,土,土
2015-11,801230.SI,0.174858,丁,亥,火,水,水
2015-12,801230.SI,0.02488,戊,子,土,水,水
2016-01,801230.SI,-0.306802,己,丑,土,土,土
2016-02,801230.SI,-0.017727,庚,寅,金,木,木
2016-03,801230.SI,0.169941,辛,卯,金,木,木
2016-04,801230.SI,0.002024,壬,辰,水,土,土
2016-05,801230.SI,-0.061306,癸,巳,水,火,火
2016-06,801230.SI,0.045789,甲,午,木,火,火
2016-07,801230.SI,0.014421,乙,未,木,土,土
2016-08,801230.SI,0.102929,丙,申,火,金,金
2016-09,801230.SI,-0.019878,丁,酉,火,金,金
2016-10,801230.SI,0.039218,戊,戌,土,土,土
2016-11,801230.SI,-0.003814,己,亥,土,水,水
2016-12,801230.SI,-0.020759,庚,子,金,水,水
2017-01,801230.SI,-0.04829,辛,丑,金,土,土
2017-02,801230.SI,0.048908,壬,寅,水,木,木
2017-03,801230.SI,-0.031633,癸,卯,水,木,木
2017-04,801230.SI,-0.065544,甲,辰,木,土,土
2017-05,801230.SI,-0.088877,乙,巳,木,火,火
2017-06,801230.SI,0.040758,丙,午,火,火,火
2017-07,801230.SI,0.010627,丁,未,火,土,土
2017-08,801230.SI,0.038443,戊,申,土,金,金
2017-09,801230.SI,0.012069,己,酉,土,金,金
2017-10,801230.SI,-0.033119,庚,戌,金,土,土
2017-11,801230.SI,-0.081724,辛,亥,金,水,水
2017-12,801230.SI,-0.027837,壬,子,水,水,水
2018-01,801230.SI,-0.041923,癸,丑,水,土,土
2018-02,801230.SI,-0.063957,甲,寅,木,木,木
2018-03,801230.SI,-0.008618,乙,卯,木,木,木
2018-04,801230.SI,-0.072863,丙,辰,火,土,土
2018-05,801230.SI,-0.04817,丁,巳,火,火,火
2018-06,801230.SI,-0.122739,戊,午,土,火,火
2018-07,801230.SI,0.019013,己,未,土,土,土
2018-08,801230.SI,-0.080674,庚,申,金,金,金
2018-09,801230.SI,-0.022557,辛,酉,金,金,金
2018-10,801230.SI,-0.094756,壬,戌,水,土,土
2018-11,801230.SI,0.112154,癸,亥,水,水,水
2018-12,801230.SI,-0.043415,甲,子,木,水,水
2019-01,801230.SI,-0.042715,乙,丑,木,土,土
2019-02,801230.SI,0.229612,丙,寅,火,木,木
2019-03,801230.SI,0.139633,丁,卯,火,木,木
2019-04,801230.SI,-0.05191,戊,辰,土,土,土
2019-05,801230.SI,-0.063221,己,巳,土,火,火
2019-06,801230.SI,0.001033,庚,午,金,火,火
2019-07,801230.SI,-0.03219,辛,未,金,土,土
2019-08,801230.SI,-0.011537,壬,申,水,金,金
2019-09,801230.SI,0.002539,癸,酉,水,金,金
2019-10,801230.SI,0.008829,甲,戌,木,土,土
2019-11,801230.SI,-0.007876,乙,亥,木,水,水
2019-12,801230.SI,0.101699,丙,子,火,水,水
2020-01,801230.SI,0.019758,丁,丑,火,土,土
2020-02,801230.SI,0.031828,戊,寅,土,木,木
2020-03,801230.SI,-0.073403,己,卯,土,木,木
2020-04,801230.SI,0.02588,庚,辰,金,土,土
2020-05,801230.SI,0.006101,辛,巳,金,火,火
2020-06,801230.SI,0.069338,壬,午,水,火,火
2020-07,801230.SI,0.120052,癸,未,水,土,土
2020-08,801230.SI,0.021996,甲,申,木,金,金
2020-09,801230.SI,-0.107416,乙,酉,木,金,金
2020-10,801230.SI,0.018966,丙,戌,火,土,土
2020-11,801230.SI,-0.007446,丁,亥,火,水,水
2020-12,801230.SI,0.01667,戊,子,土,水,水
2021-01,801230.SI,-0.03973,己,丑,土,土,土
2021-02,801230.SI,0.001968,庚,寅,金,木,木
2021-03,801230.SI,0.041266,辛,卯,金,木,木
2021-04,801230.SI,0.0424,壬,辰,水,土,土
2021-05,801230.SI,0.026356,癸,巳,水,火,火
2021-06,801230.SI,0.098644,甲,午,木,火,火
2021-07,801230.SI,-0.038987,乙,未,木,土,土
2021-08,801230.SI,0.105504,丙,申,火,金,金
2021-09,801230.SI,-0.121491,丁,酉,火,金,金
2021-10,801230.SI,0.014129,戊,戌,土,土,土
2021-11,801230.SI,-0.027303,己,亥,土,水,水
2021-12,801230.SI,0.049687,庚,子,金,水,水
2022-01,801230.SI,-0.066357,辛,丑,金,土,土
2022-02,801230.SI,0.085433,壬,寅,水,木,木
2022-03,801230.SI,0.020835,癸,卯,水,木,木
2022-04,801230.SI,-0.126776,甲,辰,木,土,土
2022-05,801230.SI,0.044799,乙,巳,木,火,火
2022-06,801230.SI,0.043989,丙,午,火,火,火
2022-07,801230.SI,0.018553,丁,未,火,土,土
2022-08,801230.SI,0.024033,戊,申,土,金,金
2022-09,801230.SI,-0.05199,己,酉,土,金,金
2022-10,801230.SI,0.010318,庚,戌,金,土,土
2022-11,801230.SI,0.098231,辛,亥,金,水,水
2022-12,801230.SI,0.022749,壬,子,水,水,水
2023-01,801230.SI,0.000859,癸,丑,水,土,土
2023-02,801230.SI,0.000378,甲,寅,木,木,木
2023-03,801230.SI,-0.012326,乙,卯,木,木,木
2023-04,801230.SI,-0.043319,丙,辰,火,土,土
2023-05,801230.SI,-0.033031,丁,巳,火,火,火
2023-06,801230.SI,-0.012063,戊,午,土,火,火
2023-07,801230.SI,0.038534,己,未,土,土,土
2023-08,801230.SI,-0.07722,庚,申,金,金,金
2023-09,801230.SI,0.005305,辛,酉,金,金,金
2023-10,801230.SI,-0.013294,壬,戌,水,土,土
2023-11,801230.SI,0.01869,癸,亥,水,水,水
2023-12,801230.SI,0.002818,甲,子,木,水,水
2024-01,801230.SI,-0.150728,乙,丑,木,土,土
2024-02,801230.SI,0.000805,丙,寅,火,木,木
2024-03,801230.SI,0.054981,丁,卯,火,木,木
2024-04,801230.SI,-0.085517,戊,辰,土,土,土
2024-05,801230.SI,-0.046589,己,巳,土,火,火
2024-06,801230.SI,-0.147356,庚,午,金,火,火
2024-07,801230.SI,0.074711,辛,未,金,土,土
2024-08,801230.SI,-0.024594,壬,申,水,金,金
2024-09,801230.SI,0.251607,癸,酉,水,金,金
2024-10,801230.SI,0.107205,甲,戌,木,土,土
2024-11,801230.SI,0.08574,乙,亥,木,水,水
2024-12,801230.SI,-0.018238,丙,子,火,水,水
2025-01,801230.SI,-0.027673,丁,丑,火,土,土
2025-02,801230.SI,0.028378,戊,寅,土,木,木
2025-03,801230.SI,-0.04322,己,卯,土,木,木
2025-04,801230.SI,-0.03332,庚,辰,金,土,土
2025-05,801230.SI,0.047655,辛,巳,金,火,火
2025-06,801230.SI,0.068332,壬,午,水,火,火
2025-07,801230.SI,0.095206,癸,未,水,土,土
2025-08,801230.SI,0.218953,甲,申,木,金,金
2025-09,801230.SI,-0.005508,乙,酉,木,金,金
2025-10,801230.SI,0.001669,丙,戌,火,土,土
2025-11,801230.SI,0.040664,丁,亥,火,水,水
2025-12,801230.SI,0.002074,戊,子,土,水,水
2026-01,801230.SI,0.099715,己,丑,土,土,土
2026-02,801230.SI,0.184047,庚,寅,金,木,木
2026-03,801230.SI,-0.127037,辛,卯,金,木,木
2026-04,801230.SI,0.112412,壬,辰,水,土,土
2026-05,801230.SI,0.014929,癸,巳,水,火,火
2014-02,801710.SI,,丙,寅,火,木,木
2014-03,801710.SI,0.04365,丁,卯,火,木,木
2014-04,801710.SI,-0.007941,戊,辰,土,土,土
2014-05,801710.SI,-0.007274,己,巳,土,火,火
2014-06,801710.SI,0.009786,庚,午,金,火,火
2014-07,801710.SI,0.091324,辛,未,金,土,土
2014-08,801710.SI,0.025113,壬,申,水,金,金
2014-09,801710.SI,0.104859,癸,酉,水,金,金
2014-10,801710.SI,0.022429,甲,戌,木,土,土
2014-11,801710.SI,0.061493,乙,亥,木,水,水
2014-12,801710.SI,0.086498,丙,子,火,水,水
2015-01,801710.SI,-0.009937,丁,丑,火,土,土
2015-02,801710.SI,0.035883,戊,寅,土,木,木
2015-03,801710.SI,0.203055,己,卯,土,木,木
2015-04,801710.SI,0.136127,庚,辰,金,土,土
2015-05,801710.SI,0.142867,辛,巳,金,火,火
2015-06,801710.SI,-0.109544,壬,午,水,火,火
2015-07,801710.SI,-0.174463,癸,未,水,土,土
2015-08,801710.SI,-0.079729,甲,申,木,金,金
2015-09,801710.SI,-0.063787,乙,酉,木,金,金
2015-10,801710.SI,0.103415,丙,戌,火,土,土
2015-11,801710.SI,0.043226,丁,亥,火,水,水
2015-12,801710.SI,0.086016,戊,子,土,水,水
2016-01,801710.SI,-0.272185,己,丑,土,土,土
2016-02,801710.SI,0.006121,庚,寅,金,木,木
2016-03,801710.SI,0.160479,辛,卯,金,木,木
2016-04,801710.SI,-0.007832,壬,辰,水,土,土
2016-05,801710.SI,-0.04508,癸,巳,水,火,火
2016-06,801710.SI,0.022686,甲,午,木,火,火
2016-07,801710.SI,0.021936,乙,未,木,土,土
2016-08,801710.SI,0.074121,丙,申,火,金,金
2016-09,801710.SI,0.026972,丁,酉,火,金,金
2016-10,801710.SI,0.054064,戊,戌,土,土,土
2016-11,801710.SI,0.043775,己,亥,土,水,水
2016-12,801710.SI,-0.020499,庚,子,金,水,水
2017-01,801710.SI,0.001064,辛,丑,金,土,土
2017-02,801710.SI,0.067081,壬,寅,水,木,木
2017-03,801710.SI,-0.009588,癸,卯,水,木,木
2017-04,801710.SI,0.0136,甲,辰,木,土,土
2017-05,801710.SI,-0.079017,乙,巳,木,火,火
2017-06,801710.SI,0.041591,丙,午,火,火,火
2017-07,801710.SI,0.028969,丁,未,火,土,土
2017-08,801710.SI,0.016955,戊,申,土,金,金
2017-09,801710.SI,0.008937,己,酉,土,金,金
2017-10,801710.SI,0.001542,庚,戌,金,土,土
2017-11,801710.SI,0.004546,辛,亥,金,水,水
2017-12,801710.SI,-0.029468,壬,子,水,水,水
2018-01,801710.SI,0.03787,癸,丑,水,土,土
2018-02,801710.SI,-0.059347,甲,寅,木,木,木
2018-03,801710.SI,0.010893,乙,卯,木,木,木
2018-04,801710.SI,-0.056121,丙,辰,火,土,土
2018-05,801710.SI,-0.041934,丁,巳,火,火,火
2018-06,801710.SI,-0.088358,戊,午,土,火,火
2018-07,801710.SI,0.088358,己,未,土,土,土
2018-08,801710.SI,-0.067877,庚,申,金,金,金
2018-09,801710.SI,-0.031238,辛,酉,金,金,金
2018-10,801710.SI,-0.098243,壬,戌,水,土,土
2018-11,801710.SI,0.01939,癸,亥,水,水,水
2018-12,801710.SI,-0.05173,甲,子,木,水,水
2019-01,801710.SI,0.041686,乙,丑,木,土,土
2019-02,801710.SI,0.158737,丙,寅,火,木,木
2019-03,801710.SI,0.113379,丁,卯,火,木,木
2019-04,801710.SI,-0.028388,戊,辰,土,土,土
2019-05,801710.SI,-0.040439,己,巳,土,火,火
2019-06,801710.SI,0.033276,庚,午,金,火,火
2019-07,801710.SI,-0.036933,辛,未,金,土,土
2019-08,801710.SI,-0.035067,壬,申,水,金,金
2019-09,801710.SI,0.028482,癸,酉,水,金,金
2019-10,801710.SI,0.013792,甲,戌,木,土,土
2019-11,801710.SI,0.052603,乙,亥,木,水,水
2019-12,801710.SI,0.143771,丙,子,火,水,水
2020-01,801710.SI,-0.058901,丁,丑,火,土,土
2020-02,801710.SI,0.071588,戊,寅,土,木,木
2020-03,801710.SI,0.006299,己,卯,土,木,木
2020-04,801710.SI,0.085924,庚,辰,金,土,土
2020-05,801710.SI,-0.016152,辛,巳,金,火,火
2020-06,801710.SI,-0.011193,壬,午,水,火,火
2020-07,801710.SI,0.239189,癸,未,水,土,土
2020-08,801710.SI,0.019308,甲,申,木,金,金
2020-09,801710.SI,-0.09274,乙,酉,木,金,金
2020-10,801710.SI,-0.020714,丙,戌,火,土,土
2020-11,801710.SI,0.048005,丁,亥,火,水,水
2020-12,801710.SI,-0.018659,戊,子,土,水,水
2021-01,801710.SI,0.012175,己,丑,土,土,土
2021-02,801710.SI,0.036595,庚,寅,金,木,木
2021-03,801710.SI,0.010154,辛,卯,金,木,木
2021-04,801710.SI,0.01125,壬,辰,水,土,土
2021-05,801710.SI,0.022904,癸,巳,水,火,火
2021-06,801710.SI,-0.067254,甲,午,木,火,火
2021-07,801710.SI,-0.058214,乙,未,木,土,土
2021-08,801710.SI,0.089761,丙,申,火,金,金
2021-09,801710.SI,-0.078177,丁,酉,火,金,金
2021-10,801710.SI,-0.039473,戊,戌,土,土,土
2021-11,801710.SI,-0.003664,己,亥,土,水,水
2021-12,801710.SI,0.128216,庚,子,金,水,水
2022-01,801710.SI,-0.076478,辛,丑,金,土,土
2022-02,801710.SI,-0.006291,壬,寅,水,木,木
2022-03,801710.SI,-0.037196,癸,卯,水,木,木
2022-04,801710.SI,-0.068863,甲,辰,木,土,土
2022-05,801710.SI,0.021284,乙,巳,木,火,火
2022-06,801710.SI,0.100522,丙,午,火,火,火
2022-07,801710.SI,-0.100624,丁,未,火,土,土
2022-08,801710.SI,-0.068048,戊,申,土,金,金
2022-09,801710.SI,-0.09308,己,酉,土,金,金
2022-10,801710.SI,-0.097357,庚,戌,金,土,土
2022-11,801710.SI,0.205087,辛,亥,金,水,水
2022-12,801710.SI,-0.033916,壬,子,水,水,水
2023-01,801710.SI,0.089572,癸,丑,水,土,土
2023-02,801710.SI,0.000563,甲,寅,木,木,木
2023-03,801710.SI,-0.065124,乙,卯,木,木,木
2023-04,801710.SI,-0.050091,丙,辰,火,土,土
2023-05,801710.SI,-0.084961,丁,巳,火,火,火
2023-06,801710.SI,0.010056,戊,午,土,火,火
2023-07,801710.SI,0.101627,己,未,土,土,土
2023-08,801710.SI,-0.064498,庚,申,金,金,金
2023-09,801710.SI,-0.019229,辛,酉,金,金,金
2023-10,801710.SI,-0.067846,壬,戌,水,土,土
2023-11,801710.SI,-0.044454,癸,亥,水,水,水
2023-12,801710.SI,-0.039745,甲,子,木,水,水
2024-01,801710.SI,-0.086424,乙,丑,木,土,土
2024-02,801710.SI,0.043595,丙,寅,火,木,木
2024-03,801710.SI,-0.016652,丁,卯,火,木,木
2024-04,801710.SI,0.010112,戊,辰,土,土,土
2024-05,801710.SI,0.003037,己,巳,土,火,火
2024-06,801710.SI,-0.091334,庚,午,金,火,火
2024-07,801710.SI,-0.017255,辛,未,金,土,土
2024-08,801710.SI,-0.071332,壬,申,水,金,金
2024-09,801710.SI,0.229007,癸,酉,水,金,金
2024-10,801710.SI,0.047113,甲,戌,木,土,土
2024-11,801710.SI,-0.02462,乙,亥,木,水,水
2024-12,801710.SI,-0.048398,丙,子,火,水,水
2025-01,801710.SI,-0.012713,丁,丑,火,土,土
2025-02,801710.SI,0.005658,戊,寅,土,木,木
2025-03,801710.SI,0.02616,己,卯,土,木,木
2025-04,801710.SI,-0.036118,庚,辰,金,土,土
2025-05,801710.SI,0.013548,辛,巳,金,火,火
2025-06,801710.SI,-0.007752,壬,午,水,火,火
2025-07,801710.SI,0.133642,癸,未,水,土,土
2025-08,801710.SI,0.067489,甲,申,木,金,金
2025-09,801710.SI,-0.007119,乙,酉,木,金,金
2025-10,801710.SI,0.013067,丙,戌,火,土,土
2025-11,801710.SI,-0.020145,丁,亥,火,水,水
2025-12,801710.SI,0.03682,戊,子,土,水,水
2026-01,801710.SI,0.133108,己,丑,土,土,土
2026-02,801710.SI,0.081479,庚,寅,金,木,木
2026-03,801710.SI,-0.117179,辛,卯,金,木,木
2026-04,801710.SI,0.103693,壬,辰,水,土,土
2026-05,801710.SI,0.051832,癸,巳,水,火,火
2014-02,801720.SI,,丙,寅,火,木,木
2014-03,801720.SI,-0.00175,丁,卯,火,木,木
2014-04,801720.SI,0.000241,戊,辰,土,土,土
2014-05,801720.SI,0.007521,己,巳,土,火,火
2014-06,801720.SI,-0.001317,庚,午,金,火,火
2014-07,801720.SI,0.080945,辛,未,金,土,土
2014-08,801720.SI,0.019264,壬,申,水,金,金
2014-09,801720.SI,0.123013,癸,酉,水,金,金
2014-10,801720.SI,0.047047,甲,戌,木,土,土
2014-11,801720.SI,0.130743,乙,亥,木,水,水
2014-12,801720.SI,0.364221,丙,子,火,水,水
2015-01,801720.SI,-0.061196,丁,丑,火,土,土
2015-02,801720.SI,0.10409,戊,寅,土,木,木
2015-03,801720.SI,0.2422,己,卯,土,木,木
2015-04,801720.SI,0.321842,庚,辰,金,土,土
2015-05,801720.SI,-0.011708,辛,巳,金,火,火
2015-06,801720.SI,-0.151108,壬,午,水,火,火
2015-07,801720.SI,-0.12977,癸,未,水,土,土
2015-08,801720.SI,-0.126399,甲,申,木,金,金
2015-09,801720.SI,-0.06428,乙,酉,木,金,金
2015-10,801720.SI,0.126644,丙,戌,火,土,土
2015-11,801720.SI,-0.007055,丁,亥,火,水,水
2015-12,801720.SI,0.00399,戊,子,土,水,水
2016-01,801720.SI,-0.248544,己,丑,土,土,土
2016-02,801720.SI,-0.027532,庚,寅,金,木,木
2016-03,801720.SI,0.149762,辛,卯,金,木,木
2016-04,801720.SI,-0.033112,壬,辰,水,土,土
2016-05,801720.SI,-0.034859,癸,巳,水,火,火
2016-06,801720.SI,0.016809,甲,午,木,火,火
2016-07,801720.SI,0.016604,乙,未,木,土,土
2016-08,801720.SI,0.097591,丙,申,火,金,金
2016-09,801720.SI,-0.021894,丁,酉,火,金,金
2016-10,801720.SI,0.082522,戊,戌,土,土,土
2016-11,801720.SI,0.148729,己,亥,土,水,水
2016-12,801720.SI,-0.079823,庚,子,金,水,水
2017-01,801720.SI,-0.005315,辛,丑,金,土,土
2017-02,801720.SI,0.056038,壬,寅,水,木,木
2017-03,801720.SI,0.014861,癸,卯,水,木,木
2017-04,801720.SI,-0.011581,甲,辰,木,土,土
2017-05,801720.SI,-0.07038,乙,巳,木,火,火
2017-06,801720.SI,0.034445,丙,午,火,火,火
2017-07,801720.SI,0.011546,丁,未,火,土,土
2017-08,801720.SI,0.012042,戊,申,土,金,金
2017-09,801720.SI,-0.019571,己,酉,土,金,金
2017-10,801720.SI,0.010276,庚,戌,金,土,土
2017-11,801720.SI,-0.057876,辛,亥,金,水,水
2017-12,801720.SI,-0.03156,壬,子,水,水,水
2018-01,801720.SI,0.013935,癸,丑,水,土,土
2018-02,801720.SI,-0.068304,甲,寅,木,木,木
2018-03,801720.SI,-0.0152,乙,卯,木,木,木
2018-04,801720.SI,-0.044764,丙,辰,火,土,土
2018-05,801720.SI,-0.04653,丁,巳,火,火,火
2018-06,801720.SI,-0.087546,戊,午,土,火,火
2018-07,801720.SI,0.047966,己,未,土,土,土
2018-08,801720.SI,-0.061636,庚,申,金,金,金
2018-09,801720.SI,0.00564,辛,酉,金,金,金
2018-10,801720.SI,-0.072845,壬,戌,水,土,土
2018-11,801720.SI,0.026094,癸,亥,水,水,水
2018-12,801720.SI,-0.027672,甲,子,木,水,水
2019-01,801720.SI,-0.015265,乙,丑,木,土,土
2019-02,801720.SI,0.14399,丙,寅,火,木,木
2019-03,801720.SI,0.049969,丁,卯,火,木,木
2019-04,801720.SI,-0.049968,戊,辰,土,土,土
2019-05,801720.SI,-0.085903,己,巳,土,火,火
2019-06,801720.SI,0.014013,庚,午,金,火,火
2019-07,801720.SI,-0.025826,辛,未,金,土,土
2019-08,801720.SI,-0.056913,壬,申,水,金,金
2019-09,801720.SI,0.004887,癸,酉,水,金,金
2019-10,801720.SI,-0.018711,甲,戌,木,土,土
2019-11,801720.SI,-0.014271,乙,亥,木,水,水
2019-12,801720.SI,0.052358,丙,子,火,水,水
2020-01,801720.SI,-0.026954,丁,丑,火,土,土
2020-02,801720.SI,-0.017006,戊,寅,土,木,木
2020-03,801720.SI,0.00569,己,卯,土,木,木
2020-04,801720.SI,0.004901,庚,辰,金,土,土
2020-05,801720.SI,-0.037233,辛,巳,金,火,火
2020-06,801720.SI,-0.00826,壬,午,水,火,火
2020-07,801720.SI,0.107717,癸,未,水,土,土
2020-08,801720.SI,0.036107,甲,申,木,金,金
2020-09,801720.SI,-0.073542,乙,酉,木,金,金
2020-10,801720.SI,-0.006531,丙,戌,火,土,土
2020-11,801720.SI,0.023448,丁,亥,火,水,水
2020-12,801720.SI,-0.077251,戊,子,土,水,水
2021-01,801720.SI,-0.040216,己,丑,土,土,土
2021-02,801720.SI,0.05886,庚,寅,金,木,木
2021-03,801720.SI,0.05877,辛,卯,金,木,木
2021-04,801720.SI,-0.051904,壬,辰,水,土,土
2021-05,801720.SI,0.002094,癸,巳,水,火,火
2021-06,801720.SI,0.005426,甲,午,木,火,火
2021-07,801720.SI,-0.006332,乙,未,木,土,土
2021-08,801720.SI,0.092068,丙,申,火,金,金
2021-09,801720.SI,-0.017576,丁,酉,火,金,金
2021-10,801720.SI,-0.025439,戊,戌,土,土,土
2021-11,801720.SI,0.010866,己,亥,土,水,水
2021-12,801720.SI,0.078165,庚,子,金,水,水
2022-01,801720.SI,-0.02885,辛,丑,金,土,土
2022-02,801720.SI,0.040313,壬,寅,水,木,木
2022-03,801720.SI,-0.019815,癸,卯,水,木,木
2022-04,801720.SI,-0.029738,甲,辰,木,土,土
2022-05,801720.SI,0.016563,乙,巳,木,火,火
2022-06,801720.SI,-0.001605,丙,午,火,火,火
2022-07,801720.SI,-0.028151,丁,未,火,土,土
2022-08,801720.SI,-0.022641,戊,申,土,金,金
2022-09,801720.SI,-0.075178,己,酉,土,金,金
2022-10,801720.SI,-0.017598,庚,戌,金,土,土
2022-11,801720.SI,0.138019,辛,亥,金,水,水
2022-12,801720.SI,-0.070238,壬,子,水,水,水
2023-01,801720.SI,0.055389,癸,丑,水,土,土
2023-02,801720.SI,0.024535,甲,寅,木,木,木
2023-03,801720.SI,0.028331,乙,卯,木,木,木
2023-04,801720.SI,0.103255,丙,辰,火,土,土
2023-05,801720.SI,-0.08866,丁,巳,火,火,火
2023-06,801720.SI,-0.0195,戊,午,土,火,火
2023-07,801720.SI,0.060611,己,未,土,土,土
2023-08,801720.SI,-0.101735,庚,申,金,金,金
2023-09,801720.SI,-0.009126,辛,酉,金,金,金
2023-10,801720.SI,-0.056362,壬,戌,水,土,土
2023-11,801720.SI,-0.017476,癸,亥,水,水,水
2023-12,801720.SI,-0.013667,甲,子,木,水,水
2024-01,801720.SI,-0.035484,乙,丑,木,土,土
2024-02,801720.SI,0.01407,丙,寅,火,木,木
2024-03,801720.SI,0.010975,丁,卯,火,木,木
2024-04,801720.SI,-0.021529,戊,辰,土,土,土
2024-05,801720.SI,-0.001386,己,巳,土,火,火
2024-06,801720.SI,-0.049498,庚,午,金,火,火
2024-07,801720.SI,-0.013726,辛,未,金,土,土
2024-08,801720.SI,-0.062445,壬,申,水,金,金
2024-09,801720.SI,0.1857,癸,酉,水,金,金
2024-10,801720.SI,0.065234,甲,戌,木,土,土
2024-11,801720.SI,0.010532,乙,亥,木,水,水
2024-12,801720.SI,-0.026014,丙,子,火,水,水
2025-01,801720.SI,-0.059231,丁,丑,火,土,土
2025-02,801720.SI,0.035056,戊,寅,土,木,木
2025-03,801720.SI,-0.033415,己,卯,土,木,木
2025-04,801720.SI,-0.013572,庚,辰,金,土,土
2025-05,801720.SI,0.029097,辛,巳,金,火,火
2025-06,801720.SI,0.014589,壬,午,水,火,火
2025-07,801720.SI,0.054073,癸,未,水,土,土
2025-08,801720.SI,0.018531,甲,申,木,金,金
2025-09,801720.SI,0.013403,乙,酉,木,金,金
2025-10,801720.SI,0.02519,丙,戌,火,土,土
2025-11,801720.SI,-0.013393,丁,亥,火,水,水
2025-12,801720.SI,0.000226,戊,子,土,水,水
2026-01,801720.SI,0.064405,己,丑,土,土,土
2026-02,801720.SI,0.034454,庚,寅,金,木,木
2026-03,801720.SI,-0.047629,辛,卯,金,木,木
2026-04,801720.SI,0.004075,壬,辰,水,土,土
2026-05,801720.SI,0.028135,癸,巳,水,火,火
2014-02,801730.SI,,丙,寅,火,木,木
2014-03,801730.SI,-0.083404,丁,卯,火,木,木
2014-04,801730.SI,-0.032965,戊,辰,土,土,土
2014-05,801730.SI,0.002615,己,巳,土,火,火
2014-06,801730.SI,0.048245,庚,午,金,火,火
2014-07,801730.SI,0.082644,辛,未,金,土,土
2014-08,801730.SI,0.044245,壬,申,水,金,金
2014-09,801730.SI,0.11568,癸,酉,水,金,金
2014-10,801730.SI,-0.010017,甲,戌,木,土,土
2014-11,801730.SI,0.033142,乙,亥,木,水,水
2014-12,801730.SI,-0.033743,丙,子,火,水,水
2015-01,801730.SI,0.085849,丁,丑,火,土,土
2015-02,801730.SI,0.057924,戊,寅,土,木,木
2015-03,801730.SI,0.241028,己,卯,土,木,木
2015-04,801730.SI,0.179255,庚,辰,金,土,土
2015-05,801730.SI,0.234895,辛,巳,金,火,火
2015-06,801730.SI,-0.1426,壬,午,水,火,火
2015-07,801730.SI,-0.151968,癸,未,水,土,土
2015-08,801730.SI,-0.136202,甲,申,木,金,金
2015-09,801730.SI,-0.054436,乙,酉,木,金,金
2015-10,801730.SI,0.192443,丙,戌,火,土,土
2015-11,801730.SI,0.058909,丁,亥,火,水,水
2015-12,801730.SI,0.030731,戊,子,土,水,水
2016-01,801730.SI,-0.290879,己,丑,土,土,土
2016-02,801730.SI,-0.04176,庚,寅,金,木,木
2016-03,801730.SI,0.188205,辛,卯,金,木,木
2016-04,801730.SI,-0.010365,壬,辰,水,土,土
2016-05,801730.SI,-0.020359,癸,巳,水,火,火
2016-06,801730.SI,0.072028,甲,午,木,火,火
2016-07,801730.SI,-0.026911,乙,未,木,土,土
2016-08,801730.SI,0.032332,丙,申,火,金,金
2016-09,801730.SI,-0.024415,丁,酉,火,金,金
2016-10,801730.SI,0.026429,戊,戌,土,土,土
2016-11,801730.SI,0.020441,己,亥,土,水,水
2016-12,801730.SI,-0.038539,庚,子,金,水,水
2017-01,801730.SI,-0.023386,辛,丑,金,土,土
2017-02,801730.SI,0.034079,壬,寅,水,木,木
2017-03,801730.SI,-0.002809,癸,卯,水,木,木
2017-04,801730.SI,-0.053033,甲,辰,木,土,土
2017-05,801730.SI,-0.077483,乙,巳,木,火,火
2017-06,801730.SI,0.035513,丙,午,火,火,火
2017-07,801730.SI,-0.000799,丁,未,火,土,土
2017-08,801730.SI,0.024352,戊,申,土,金,金
2017-09,801730.SI,0.048067,己,酉,土,金,金
2017-10,801730.SI,-0.007256,庚,戌,金,土,土
2017-11,801730.SI,-0.053882,辛,亥,金,水,水
2017-12,801730.SI,-0.002706,壬,子,水,水,水
2018-01,801730.SI,-0.050936,癸,丑,水,土,土
2018-02,801730.SI,-0.037731,甲,寅,木,木,木
2018-03,801730.SI,0.04278,乙,卯,木,木,木
2018-04,801730.SI,-0.046769,丙,辰,火,土,土
2018-05,801730.SI,-0.058825,丁,巳,火,火,火
2018-06,801730.SI,-0.120778,戊,午,土,火,火
2018-07,801730.SI,-0.013656,己,未,土,土,土
2018-08,801730.SI,-0.086582,庚,申,金,金,金
2018-09,801730.SI,0.025245,辛,酉,金,金,金
2018-10,801730.SI,-0.097564,壬,戌,水,土,土
2018-11,801730.SI,0.067981,癸,亥,水,水,水
2018-12,801730.SI,-0.02721,甲,子,木,水,水
2019-01,801730.SI,0.042638,乙,丑,木,土,土
2019-02,801730.SI,0.170774,丙,寅,火,木,木
2019-03,801730.SI,0.074866,丁,卯,火,木,木
2019-04,801730.SI,-0.050819,戊,辰,土,土,土
2019-05,801730.SI,-0.058315,己,巳,土,火,火
2019-06,801730.SI,-0.013668,庚,午,金,火,火
2019-07,801730.SI,0.0064,辛,未,金,土,土
2019-08,801730.SI,-0.014014,壬,申,水,金,金
2019-09,801730.SI,0.014206,癸,酉,水,金,金
2019-10,801730.SI,-0.02653,甲,戌,木,土,土
2019-11,801730.SI,0.016123,乙,亥,木,水,水
2019-12,801730.SI,0.080072,丙,子,火,水,水
2020-01,801730.SI,0.053578,丁,丑,火,土,土
2020-02,801730.SI,0.016738,戊,寅,土,木,木
2020-03,801730.SI,-0.080555,己,卯,土,木,木
2020-04,801730.SI,0.100008,庚,辰,金,土,土
2020-05,801730.SI,-0.007351,辛,巳,金,火,火
2020-06,801730.SI,0.107463,壬,午,水,火,火
2020-07,801730.SI,0.211581,癸,未,水,土,土
2020-08,801730.SI,0.018053,甲,申,木,金,金
2020-09,801730.SI,0.021637,乙,酉,木,金,金
2020-10,801730.SI,0.064989,丙,戌,火,土,土
2020-11,801730.SI,0.015676,丁,亥,火,水,水
2020-12,801730.SI,0.199371,戊,子,土,水,水
2021-01,801730.SI,0.057462,己,丑,土,土,土
2021-02,801730.SI,-0.06033,庚,寅,金,木,木
2021-03,801730.SI,-0.046533,辛,卯,金,木,木
2021-04,801730.SI,0.068705,壬,辰,水,土,土
2021-05,801730.SI,0.077045,癸,巳,水,火,火
2021-06,801730.SI,0.135459,甲,午,木,火,火
2021-07,801730.SI,0.107203,乙,未,木,土,土
2021-08,801730.SI,0.053704,丙,申,火,金,金
2021-09,801730.SI,-0.030141,丁,酉,火,金,金
2021-10,801730.SI,0.117007,戊,戌,土,土,土
2021-11,801730.SI,0.033471,己,亥,土,水,水
2021-12,801730.SI,-0.085792,庚,子,金,水,水
2022-01,801730.SI,-0.108186,辛,丑,金,土,土
2022-02,801730.SI,0.025433,壬,寅,水,木,木
2022-03,801730.SI,-0.100953,癸,卯,水,木,木
2022-04,801730.SI,-0.155336,甲,辰,木,土,土
2022-05,801730.SI,0.124317,乙,巳,木,火,火
2022-06,801730.SI,0.211949,丙,午,火,火,火
2022-07,801730.SI,-0.003798,丁,未,火,土,土
2022-08,801730.SI,-0.078838,戊,申,土,金,金
2022-09,801730.SI,-0.106577,己,酉,土,金,金
2022-10,801730.SI,-0.012076,庚,戌,金,土,土
2022-11,801730.SI,0.013444,辛,亥,金,水,水
2022-12,801730.SI,-0.040032,壬,子,水,水,水
2023-01,801730.SI,0.118212,癸,丑,水,土,土
2023-02,801730.SI,-0.060201,甲,寅,木,木,木
2023-03,801730.SI,-0.051856,乙,卯,木,木,木
2023-04,801730.SI,-0.04108,丙,辰,火,土,土
2023-05,801730.SI,-0.029584,丁,巳,火,火,火
2023-06,801730.SI,0.040807,戊,午,土,火,火
2023-07,801730.SI,-0.024501,己,未,土,土,土
2023-08,801730.SI,-0.08328,庚,申,金,金,金
2023-09,801730.SI,-0.057072,辛,酉,金,金,金
2023-10,801730.SI,-0.053987,壬,戌,水,土,土
2023-11,801730.SI,-0.043493,癸,亥,水,水,水
2023-12,801730.SI,0.002444,甲,子,木,水,水
2024-01,801730.SI,-0.163212,乙,丑,木,土,土
2024-02,801730.SI,0.102182,丙,寅,火,木,木
2024-03,801730.SI,0.03723,丁,卯,火,木,木
2024-04,801730.SI,-0.007747,戊,辰,土,土,土
2024-05,801730.SI,-0.005736,己,巳,土,火,火
2024-06,801730.SI,-0.105259,庚,午,金,火,火
2024-07,801730.SI,0.00503,辛,未,金,土,土
2024-08,801730.SI,-0.037513,壬,申,水,金,金
2024-09,801730.SI,0.271138,癸,酉,水,金,金
2024-10,801730.SI,0.043431,甲,戌,木,土,土
2024-11,801730.SI,0.012136,乙,亥,木,水,水
2024-12,801730.SI,-0.059973,丙,子,火,水,水
2025-01,801730.SI,-0.036685,丁,丑,火,土,土
2025-02,801730.SI,0.064085,戊,寅,土,木,木
2025-03,801730.SI,-0.031228,己,卯,土,木,木
2025-04,801730.SI,-0.082316,庚,辰,金,土,土
2025-05,801730.SI,0.021719,辛,巳,金,火,火
2025-06,801730.SI,0.066847,壬,午,水,火,火
2025-07,801730.SI,0.034868,癸,未,水,土,土
2025-08,801730.SI,0.153703,甲,申,木,金,金
2025-09,801730.SI,0.211697,乙,酉,木,金,金
2025-10,801730.SI,0.009846,丙,戌,火,土,土
2025-11,801730.SI,-0.034849,丁,亥,火,水,水
2025-12,801730.SI,0.012656,戊,子,土,水,水
2026-01,801730.SI,0.040462,己,丑,土,土,土
2026-02,801730.SI,0.053013,庚,寅,金,木,木
2026-03,801730.SI,-0.025383,辛,卯,金,木,木
2026-04,801730.SI,0.089756,壬,辰,水,土,土
2026-05,801730.SI,0.009873,癸,巳,水,火,火
2014-02,801740.SI,,丙,寅,火,木,木
2014-03,801740.SI,-0.090021,丁,卯,火,木,木
2014-04,801740.SI,-0.001333,戊,辰,土,土,土
2014-05,801740.SI,0.036706,己,巳,土,火,火
2014-06,801740.SI,0.110384,庚,午,金,火,火
2014-07,801740.SI,0.08329,辛,未,金,土,土
2014-08,801740.SI,0.049592,壬,申,水,金,金
2014-09,801740.SI,0.203589,癸,酉,水,金,金
2014-10,801740.SI,0.019897,甲,戌,木,土,土
2014-11,801740.SI,-0.030697,乙,亥,木,水,水
2014-12,801740.SI,0.097333,丙,子,火,水,水
2015-01,801740.SI,0.052784,丁,丑,火,土,土
2015-02,801740.SI,0.056349,戊,寅,土,木,木
2015-03,801740.SI,0.126189,己,卯,土,木,木
2015-04,801740.SI,0.249854,庚,辰,金,土,土
2015-05,801740.SI,0.306753,辛,巳,金,火,火
2015-06,801740.SI,-0.144979,壬,午,水,火,火
2015-07,801740.SI,-0.076624,癸,未,水,土,土
2015-08,801740.SI,-0.139124,甲,申,木,金,金
2015-09,801740.SI,-0.164495,乙,酉,木,金,金
2015-10,801740.SI,0.205129,丙,戌,火,土,土
2015-11,801740.SI,-0.04735,丁,亥,火,水,水
2015-12,801740.SI,-0.036444,戊,子,土,水,水
2016-01,801740.SI,-0.279555,己,丑,土,土,土
2016-02,801740.SI,-0.041789,庚,寅,金,木,木
2016-03,801740.SI,0.185973,辛,卯,金,木,木
2016-04,801740.SI,-0.069704,壬,辰,水,土,土
2016-05,801740.SI,-0.019469,癸,巳,水,火,火
2016-06,801740.SI,0.079337,甲,午,木,火,火
2016-07,801740.SI,0.020415,乙,未,木,土,土
2016-08,801740.SI,0.044505,丙,申,火,金,金
2016-09,801740.SI,-0.07297,丁,酉,火,金,金
2016-10,801740.SI,0.028027,戊,戌,土,土,土
2016-11,801740.SI,0.022429,己,亥,土,水,水
2016-12,801740.SI,-0.027416,庚,子,金,水,水
2017-01,801740.SI,0.060019,辛,丑,金,土,土
2017-02,801740.SI,0.013642,壬,寅,水,木,木
2017-03,801740.SI,3e-05,癸,卯,水,木,木
2017-04,801740.SI,-0.056842,甲,辰,木,土,土
2017-05,801740.SI,-0.163709,乙,巳,木,火,火
2017-06,801740.SI,0.05426,丙,午,火,火,火
2017-07,801740.SI,-0.01795,丁,未,火,土,土
2017-08,801740.SI,0.035358,戊,申,土,金,金
2017-09,801740.SI,0.023005,己,酉,土,金,金
2017-10,801740.SI,-0.050569,庚,戌,金,土,土
2017-11,801740.SI,-0.038191,辛,亥,金,水,水
2017-12,801740.SI,-0.017858,壬,子,水,水,水
2018-01,801740.SI,-0.045273,癸,丑,水,土,土
2018-02,801740.SI,-0.040674,甲,寅,木,木,木
2018-03,801740.SI,0.067683,乙,卯,木,木,木
2018-04,801740.SI,-0.025824,丙,辰,火,土,土
2018-05,801740.SI,-0.106025,丁,巳,火,火,火
2018-06,801740.SI,-0.082309,戊,午,土,火,火
2018-07,801740.SI,0.046759,己,未,土,土,土
2018-08,801740.SI,-0.060357,庚,申,金,金,金
2018-09,801740.SI,0.035201,辛,酉,金,金,金
2018-10,801740.SI,-0.112601,壬,戌,水,土,土
2018-11,801740.SI,0.03779,癸,亥,水,水,水
2018-12,801740.SI,-0.058982,甲,子,木,水,水
2019-01,801740.SI,0.019738,乙,丑,木,土,土
2019-02,801740.SI,0.22239,丙,寅,火,木,木
2019-03,801740.SI,0.107932,丁,卯,火,木,木
2019-04,801740.SI,-0.073167,戊,辰,土,土,土
2019-05,801740.SI,-0.015667,己,巳,土,火,火
2019-06,801740.SI,-0.000618,庚,午,金,火,火
2019-07,801740.SI,0.049984,辛,未,金,土,土
2019-08,801740.SI,0.045589,壬,申,水,金,金
2019-09,801740.SI,-0.069339,癸,酉,水,金,金
2019-10,801740.SI,-0.047877,甲,戌,木,土,土
2019-11,801740.SI,-0.017367,乙,亥,木,水,水
2019-12,801740.SI,0.056661,丙,子,火,水,水
2020-01,801740.SI,0.03165,丁,丑,火,土,土
2020-02,801740.SI,0.008537,戊,寅,土,木,木
2020-03,801740.SI,-0.084406,己,卯,土,木,木
2020-04,801740.SI,0.073846,庚,辰,金,土,土
2020-05,801740.SI,0.004339,辛,巳,金,火,火
2020-06,801740.SI,0.029543,壬,午,水,火,火
2020-07,801740.SI,0.277959,癸,未,水,土,土
2020-08,801740.SI,0.069589,甲,申,木,金,金
2020-09,801740.SI,-0.048158,乙,酉,木,金,金
2020-10,801740.SI,-0.042021,丙,戌,火,土,土
2020-11,801740.SI,0.08053,丁,亥,火,水,水
2020-12,801740.SI,0.108935,戊,子,土,水,水
2021-01,801740.SI,-0.102044,己,丑,土,土,土
2021-02,801740.SI,-0.015702,庚,寅,金,木,木
2021-03,801740.SI,-0.086485,辛,卯,金,木,木
2021-04,801740.SI,-0.040822,壬,辰,水,土,土
2021-05,801740.SI,0.130652,癸,巳,水,火,火
2021-06,801740.SI,0.010641,甲,午,木,火,火
2021-07,801740.SI,0.033441,乙,未,木,土,土
2021-08,801740.SI,0.163975,丙,申,火,金,金
2021-09,801740.SI,-0.102701,丁,酉,火,金,金
2021-10,801740.SI,0.040625,戊,戌,土,土,土
2021-11,801740.SI,0.129844,己,亥,土,水,水
2021-12,801740.SI,-0.010113,庚,子,金,水,水
2022-01,801740.SI,-0.179219,辛,丑,金,土,土
2022-02,801740.SI,0.05426,壬,寅,水,木,木
2022-03,801740.SI,-0.113591,癸,卯,水,木,木
2022-04,801740.SI,-0.134362,甲,辰,木,土,土
2022-05,801740.SI,0.112718,乙,巳,木,火,火
2022-06,801740.SI,0.082121,丙,午,火,火,火
2022-07,801740.SI,0.019544,丁,未,火,土,土
2022-08,801740.SI,-0.042842,戊,申,土,金,金
2022-09,801740.SI,-0.050513,己,酉,土,金,金
2022-10,801740.SI,0.116304,庚,戌,金,土,土
2022-11,801740.SI,-0.052811,辛,亥,金,水,水
2022-12,801740.SI,-0.046346,壬,子,水,水,水
2023-01,801740.SI,0.064502,癸,丑,水,土,土
2023-02,801740.SI,0.013027,甲,寅,木,木,木
2023-03,801740.SI,-0.036858,乙,卯,木,木,木
2023-04,801740.SI,-0.008771,丙,辰,火,土,土
2023-05,801740.SI,-0.00328,丁,巳,火,火,火
2023-06,801740.SI,0.040403,戊,午,土,火,火
2023-07,801740.SI,-0.043391,己,未,土,土,土
2023-08,801740.SI,-0.039011,庚,申,金,金,金
2023-09,801740.SI,-0.014467,辛,酉,金,金,金
2023-10,801740.SI,-0.023957,壬,戌,水,土,土
2023-11,801740.SI,0.005792,癸,亥,水,水,水
2023-12,801740.SI,-0.018324,甲,子,木,水,水
2024-01,801740.SI,-0.20486,乙,丑,木,土,土
2024-02,801740.SI,0.128683,丙,寅,火,木,木
2024-03,801740.SI,0.044115,丁,卯,火,木,木
2024-04,801740.SI,-0.019967,戊,辰,土,土,土
2024-05,801740.SI,0.018342,己,巳,土,火,火
2024-06,801740.SI,-0.037925,庚,午,金,火,火
2024-07,801740.SI,0.044585,辛,未,金,土,土
2024-08,801740.SI,-0.089049,壬,申,水,金,金
2024-09,801740.SI,0.196516,癸,酉,水,金,金
2024-10,801740.SI,0.102111,甲,戌,木,土,土
2024-11,801740.SI,-0.025788,乙,亥,木,水,水
2024-12,801740.SI,-0.026477,丙,子,火,水,水
2025-01,801740.SI,-0.07277,丁,丑,火,土,土
2025-02,801740.SI,0.036637,戊,寅,土,木,木
2025-03,801740.SI,0.022045,己,卯,土,木,木
2025-04,801740.SI,-0.024634,庚,辰,金,土,土
2025-05,801740.SI,0.063377,辛,巳,金,火,火
2025-06,801740.SI,0.108899,壬,午,水,火,火
2025-07,801740.SI,0.030786,癸,未,水,土,土
2025-08,801740.SI,0.098898,甲,申,木,金,金
2025-09,801740.SI,-0.072138,乙,酉,木,金,金
2025-10,801740.SI,-0.019905,丙,戌,火,土,土
2025-11,801740.SI,-0.015619,丁,亥,火,水,水
2025-12,801740.SI,0.172236,戊,子,土,水,水
2026-01,801740.SI,0.04087,己,丑,土,土,土
2026-02,801740.SI,0.072656,庚,寅,金,木,木
2026-03,801740.SI,-0.15935,辛,卯,金,木,木
2026-04,801740.SI,0.092833,壬,辰,水,土,土
2026-05,801740.SI,0.017277,癸,巳,水,火,火
2014-02,801750.SI,,丙,寅,火,木,木
2014-03,801750.SI,-0.102531,丁,卯,火,木,木
2014-04,801750.SI,-0.030963,戊,辰,土,土,土
2014-05,801750.SI,0.087178,己,巳,土,火,火
2014-06,801750.SI,0.049521,庚,午,金,火,火
2014-07,801750.SI,0.001922,辛,未,金,土,土
2014-08,801750.SI,0.067633,壬,申,水,金,金
2014-09,801750.SI,0.13685,癸,酉,水,金,金
2014-10,801750.SI,0.005459,甲,戌,木,土,土
2014-11,801750.SI,0.076336,乙,亥,木,水,水
2014-12,801750.SI,-0.071343,丙,子,火,水,水
2015-01,801750.SI,0.180794,丁,丑,火,土,土
2015-02,801750.SI,0.180654,戊,寅,土,木,木
2015-03,801750.SI,0.281483,己,卯,土,木,木
2015-04,801750.SI,0.148395,庚,辰,金,土,土
2015-05,801750.SI,0.345563,辛,巳,金,火,火
2015-06,801750.SI,-0.216255,壬,午,水,火,火
2015-07,801750.SI,-0.173507,癸,未,水,土,土
2015-08,801750.SI,-0.205525,甲,申,木,金,金
2015-09,801750.SI,0.011929,乙,酉,木,金,金
2015-10,801750.SI,0.238237,丙,戌,火,土,土
2015-11,801750.SI,0.077839,丁,亥,火,水,水
2015-12,801750.SI,0.04389,戊,子,土,水,水
2016-01,801750.SI,-0.30661,己,丑,土,土,土
2016-02,801750.SI,-0.054539,庚,寅,金,木,木
2016-03,801750.SI,0.185354,辛,卯,金,木,木
2016-04,801750.SI,-0.063532,壬,辰,水,土,土
2016-05,801750.SI,0.017114,癸,巳,水,火,火
2016-06,801750.SI,0.066078,甲,午,木,火,火
2016-07,801750.SI,-0.049583,乙,未,木,土,土
2016-08,801750.SI,0.027175,丙,申,火,金,金
2016-09,801750.SI,-0.035669,丁,酉,火,金,金
2016-10,801750.SI,0.031241,戊,戌,土,土,土
2016-11,801750.SI,0.016161,己,亥,土,水,水
2016-12,801750.SI,-0.104946,庚,子,金,水,水
2017-01,801750.SI,-0.045659,辛,丑,金,土,土
2017-02,801750.SI,0.039245,壬,寅,水,木,木
2017-03,801750.SI,-0.013888,癸,卯,水,木,木
2017-04,801750.SI,-0.038864,甲,辰,木,土,土
2017-05,801750.SI,-0.049878,乙,巳,木,火,火
2017-06,801750.SI,0.058691,丙,午,火,火,火
2017-07,801750.SI,-0.047512,丁,未,火,土,土
2017-08,801750.SI,0.089557,戊,申,土,金,金
2017-09,801750.SI,0.011917,己,酉,土,金,金
2017-10,801750.SI,-0.048519,庚,戌,金,土,土
2017-11,801750.SI,-0.034307,辛,亥,金,水,水
2017-12,801750.SI,-0.027428,壬,子,水,水,水
2018-01,801750.SI,-0.036508,癸,丑,水,土,土
2018-02,801750.SI,0.011365,甲,寅,木,木,木
2018-03,801750.SI,0.142474,乙,卯,木,木,木
2018-04,801750.SI,-0.010068,丙,辰,火,土,土
2018-05,801750.SI,-0.064612,丁,巳,火,火,火
2018-06,801750.SI,-0.082894,戊,午,土,火,火
2018-07,801750.SI,-0.014598,己,未,土,土,土
2018-08,801750.SI,-0.031202,庚,申,金,金,金
2018-09,801750.SI,-0.027669,辛,酉,金,金,金
2018-10,801750.SI,-0.125465,壬,戌,水,土,土
2018-11,801750.SI,0.044703,癸,亥,水,水,水
2018-12,801750.SI,-0.058691,甲,子,木,水,水
2019-01,801750.SI,0.009054,乙,丑,木,土,土
2019-02,801750.SI,0.279819,丙,寅,火,木,木
2019-03,801750.SI,0.149603,丁,卯,火,木,木
2019-04,801750.SI,-0.073207,戊,辰,土,土,土
2019-05,801750.SI,-0.056412,己,巳,土,火,火
2019-06,801750.SI,0.022648,庚,午,金,火,火
2019-07,801750.SI,-0.013503,辛,未,金,土,土
2019-08,801750.SI,0.031361,壬,申,水,金,金
2019-09,801750.SI,0.035932,癸,酉,水,金,金
2019-10,801750.SI,0.011421,甲,戌,木,土,土
2019-11,801750.SI,-0.02864,乙,亥,木,水,水
2019-12,801750.SI,0.076818,丙,子,火,水,水
2020-01,801750.SI,0.077336,丁,丑,火,土,土
2020-02,801750.SI,0.10615,戊,寅,土,木,木
2020-03,801750.SI,-0.128112,己,卯,土,木,木
2020-04,801750.SI,0.075583,庚,辰,金,土,土
2020-05,801750.SI,-0.022566,辛,巳,金,火,火
2020-06,801750.SI,0.114573,壬,午,水,火,火
2020-07,801750.SI,0.064446,癸,未,水,土,土
2020-08,801750.SI,-0.002669,甲,申,木,金,金
2020-09,801750.SI,-0.088435,乙,酉,木,金,金
2020-10,801750.SI,-0.030273,丙,戌,火,土,土
2020-11,801750.SI,-0.02657,丁,亥,火,水,水
2020-12,801750.SI,-0.013179,戊,子,土,水,水
2021-01,801750.SI,-0.047849,己,丑,土,土,土
2021-02,801750.SI,-0.017232,庚,寅,金,木,木
2021-03,801750.SI,-0.027819,辛,卯,金,木,木
2021-04,801750.SI,-0.020624,壬,辰,水,土,土
2021-05,801750.SI,0.08342,癸,巳,水,火,火
2021-06,801750.SI,0.033611,甲,午,木,火,火
2021-07,801750.SI,-0.043345,乙,未,木,土,土
2021-08,801750.SI,-0.016003,丙,申,火,金,金
2021-09,801750.SI,-0.012265,丁,酉,火,金,金
2021-10,801750.SI,-0.00078,戊,戌,土,土,土
2021-11,801750.SI,0.076039,己,亥,土,水,水
2021-12,801750.SI,0.016287,庚,子,金,水,水
2022-01,801750.SI,-0.085034,辛,丑,金,土,土
2022-02,801750.SI,0.026415,壬,寅,水,木,木
2022-03,801750.SI,-0.115889,癸,卯,水,木,木
2022-04,801750.SI,-0.170311,甲,辰,木,土,土
2022-05,801750.SI,0.021856,乙,巳,木,火,火
2022-06,801750.SI,0.084786,丙,午,火,火,火
2022-07,801750.SI,-0.010109,丁,未,火,土,土
2022-08,801750.SI,-0.057968,戊,申,土,金,金
2022-09,801750.SI,-0.083379,己,酉,土,金,金
2022-10,801750.SI,0.160374,庚,戌,金,土,土
2022-11,801750.SI,0.000211,辛,亥,金,水,水
2022-12,801750.SI,-0.016172,壬,子,水,水,水
2023-01,801750.SI,0.127979,癸,丑,水,土,土
2023-02,801750.SI,0.056864,甲,寅,木,木,木
2023-03,801750.SI,0.147416,乙,卯,木,木,木
2023-04,801750.SI,-0.069926,丙,辰,火,土,土
2023-05,801750.SI,0.000274,丁,巳,火,火,火
2023-06,801750.SI,0.002485,戊,午,土,火,火
2023-07,801750.SI,-0.042115,己,未,土,土,土
2023-08,801750.SI,-0.037225,庚,申,金,金,金
2023-09,801750.SI,-0.042621,辛,酉,金,金,金
2023-10,801750.SI,-0.037991,壬,戌,水,土,土
2023-11,801750.SI,0.025922,癸,亥,水,水,水
2023-12,801750.SI,-0.01978,甲,子,木,水,水
2024-01,801750.SI,-0.236504,乙,丑,木,土,土
2024-02,801750.SI,0.177772,丙,寅,火,木,木
2024-03,801750.SI,-0.004787,丁,卯,火,木,木
2024-04,801750.SI,-0.033702,戊,辰,土,土,土
2024-05,801750.SI,-0.069828,己,巳,土,火,火
2024-06,801750.SI,-0.066093,庚,午,金,火,火
2024-07,801750.SI,-0.003006,辛,未,金,土,土
2024-08,801750.SI,-0.069547,壬,申,水,金,金
2024-09,801750.SI,0.349316,癸,酉,水,金,金
2024-10,801750.SI,0.144627,甲,戌,木,土,土
2024-11,801750.SI,0.043936,乙,亥,木,水,水
2024-12,801750.SI,-0.070653,丙,子,火,水,水
2025-01,801750.SI,-0.02163,丁,丑,火,土,土
2025-02,801750.SI,0.163053,戊,寅,土,木,木
2025-03,801750.SI,-0.054255,己,卯,土,木,木
2025-04,801750.SI,-0.048948,庚,辰,金,土,土
2025-05,801750.SI,-0.00679,辛,巳,金,火,火
2025-06,801750.SI,0.071087,壬,午,水,火,火
2025-07,801750.SI,0.038586,癸,未,水,土,土
2025-08,801750.SI,0.154812,甲,申,木,金,金
2025-09,801750.SI,-0.019545,乙,酉,木,金,金
2025-10,801750.SI,-0.022765,丙,戌,火,土,土
2025-11,801750.SI,-0.052617,丁,亥,火,水,水
2025-12,801750.SI,-0.002486,戊,子,土,水,水
2026-01,801750.SI,0.069415,己,丑,土,土,土
2026-02,801750.SI,0.015582,庚,寅,金,木,木
2026-03,801750.SI,-0.149342,辛,卯,金,木,木
2026-04,801750.SI,0.066026,壬,辰,水,土,土
2026-05,801750.SI,0.0259,癸,巳,水,火,火
2014-02,801760.SI,,丙,寅,火,木,木
2014-03,801760.SI,-0.076146,丁,卯,火,木,木
2014-04,801760.SI,-0.009365,戊,辰,土,土,土
2014-05,801760.SI,0.019657,己,巳,土,火,火
2014-06,801760.SI,0.050449,庚,午,金,火,火
2014-07,801760.SI,-0.038237,辛,未,金,土,土
2014-08,801760.SI,0.074858,壬,申,水,金,金
2014-09,801760.SI,0.060927,癸,酉,水,金,金
2014-10,801760.SI,-0.014447,甲,戌,木,土,土
2014-11,801760.SI,0.064986,乙,亥,木,水,水
2014-12,801760.SI,-0.038572,丙,子,火,水,水
2015-01,801760.SI,0.156798,丁,丑,火,土,土
2015-02,801760.SI,0.163119,戊,寅,土,木,木
2015-03,801760.SI,0.169847,己,卯,土,木,木
2015-04,801760.SI,0.248782,庚,辰,金,土,土
2015-05,801760.SI,0.214119,辛,巳,金,火,火
2015-06,801760.SI,-0.198699,壬,午,水,火,火
2015-07,801760.SI,-0.115971,癸,未,水,土,土
2015-08,801760.SI,-0.178432,甲,申,木,金,金
2015-09,801760.SI,0.009332,乙,酉,木,金,金
2015-10,801760.SI,0.166161,丙,戌,火,土,土
2015-11,801760.SI,0.055722,丁,亥,火,水,水
2015-12,801760.SI,0.024072,戊,子,土,水,水
2016-01,801760.SI,-0.282724,己,丑,土,土,土
2016-02,801760.SI,-0.058237,庚,寅,金,木,木
2016-03,801760.SI,0.173937,辛,卯,金,木,木
2016-04,801760.SI,-0.048433,壬,辰,水,土,土
2016-05,801760.SI,-0.000126,癸,巳,水,火,火
2016-06,801760.SI,-0.011574,甲,午,木,火,火
2016-07,801760.SI,-0.028119,乙,未,木,土,土
2016-08,801760.SI,0.048534,丙,申,火,金,金
2016-09,801760.SI,-0.046163,丁,酉,火,金,金
2016-10,801760.SI,0.013391,戊,戌,土,土,土
2016-11,801760.SI,0.026961,己,亥,土,水,水
2016-12,801760.SI,-0.103729,庚,子,金,水,水
2017-01,801760.SI,-0.027073,辛,丑,金,土,土
2017-02,801760.SI,0.018015,壬,寅,水,木,木
2017-03,801760.SI,-0.043851,癸,卯,水,木,木
2017-04,801760.SI,-0.056134,甲,辰,木,土,土
2017-05,801760.SI,-0.041208,乙,巳,木,火,火
2017-06,801760.SI,0.023223,丙,午,火,火,火
2017-07,801760.SI,-0.047026,丁,未,火,土,土
2017-08,801760.SI,0.033535,戊,申,土,金,金
2017-09,801760.SI,-0.016037,己,酉,土,金,金
2017-10,801760.SI,-0.024091,庚,戌,金,土,土
2017-11,801760.SI,-0.060991,辛,亥,金,水,水
2017-12,801760.SI,-0.012597,壬,子,水,水,水
2018-01,801760.SI,-0.011789,癸,丑,水,土,土
2018-02,801760.SI,-0.020929,甲,寅,木,木,木
2018-03,801760.SI,0.0148,乙,卯,木,木,木
2018-04,801760.SI,-0.072974,丙,辰,火,土,土
2018-05,801760.SI,-0.033049,丁,巳,火,火,火
2018-06,801760.SI,-0.104651,戊,午,土,火,火
2018-07,801760.SI,-0.026833,己,未,土,土,土
2018-08,801760.SI,-0.106712,庚,申,金,金,金
2018-09,801760.SI,-0.014349,辛,酉,金,金,金
2018-10,801760.SI,-0.104154,壬,戌,水,土,土
2018-11,801760.SI,0.043732,癸,亥,水,水,水
2018-12,801760.SI,-0.043008,甲,子,木,水,水
2019-01,801760.SI,-0.0389,乙,丑,木,土,土
2019-02,801760.SI,0.256605,丙,寅,火,木,木
2019-03,801760.SI,0.05986,丁,卯,火,木,木
2019-04,801760.SI,-0.0764,戊,辰,土,土,土
2019-05,801760.SI,-0.091417,己,巳,土,火,火
2019-06,801760.SI,0.003467,庚,午,金,火,火
2019-07,801760.SI,-0.026633,辛,未,金,土,土
2019-08,801760.SI,0.003363,壬,申,水,金,金
2019-09,801760.SI,0.020499,癸,酉,水,金,金
2019-10,801760.SI,0.0209,甲,戌,木,土,土
2019-11,801760.SI,-0.011569,乙,亥,木,水,水
2019-12,801760.SI,0.118043,丙,子,火,水,水
2020-01,801760.SI,0.025715,丁,丑,火,土,土
2020-02,801760.SI,0.017961,戊,寅,土,木,木
2020-03,801760.SI,-0.108284,己,卯,土,木,木
2020-04,801760.SI,0.055585,庚,辰,金,土,土
2020-05,801760.SI,0.023831,辛,巳,金,火,火
2020-06,801760.SI,0.165634,壬,午,水,火,火
2020-07,801760.SI,0.074484,癸,未,水,土,土
2020-08,801760.SI,0.029959,甲,申,木,金,金
2020-09,801760.SI,-0.080692,乙,酉,木,金,金
2020-10,801760.SI,-0.02856,丙,戌,火,土,土
2020-11,801760.SI,-0.020915,丁,亥,火,水,水
2020-12,801760.SI,-0.049653,戊,子,土,水,水
2021-01,801760.SI,-0.000927,己,丑,土,土,土
2021-02,801760.SI,-0.039212,庚,寅,金,木,木
2021-03,801760.SI,-0.046961,辛,卯,金,木,木
2021-04,801760.SI,0.021054,壬,辰,水,土,土
2021-05,801760.SI,0.027449,癸,巳,水,火,火
2021-06,801760.SI,-0.035153,甲,午,木,火,火
2021-07,801760.SI,-0.119193,乙,未,木,土,土
2021-08,801760.SI,-0.004546,丙,申,火,金,金
2021-09,801760.SI,0.016369,丁,酉,火,金,金
2021-10,801760.SI,0.007582,戊,戌,土,土,土
2021-11,801760.SI,0.04592,己,亥,土,水,水
2021-12,801760.SI,0.144456,庚,子,金,水,水
2022-01,801760.SI,-0.144013,辛,丑,金,土,土
2022-02,801760.SI,-0.013904,壬,寅,水,木,木
2022-03,801760.SI,-0.036816,癸,卯,水,木,木
2022-04,801760.SI,-0.139519,甲,辰,木,土,土
2022-05,801760.SI,0.061493,乙,巳,木,火,火
2022-06,801760.SI,0.046938,丙,午,火,火,火
2022-07,801760.SI,-0.043583,丁,未,火,土,土
2022-08,801760.SI,0.011457,戊,申,土,金,金
2022-09,801760.SI,-0.138273,己,酉,土,金,金
2022-10,801760.SI,-0.026247,庚,戌,金,土,土
2022-11,801760.SI,0.144863,辛,亥,金,水,水
2022-12,801760.SI,0.023297,壬,子,水,水,水
2023-01,801760.SI,0.050609,癸,丑,水,土,土
2023-02,801760.SI,0.041612,甲,寅,木,木,木
2023-03,801760.SI,0.226733,乙,卯,木,木,木
2023-04,801760.SI,0.130637,丙,辰,火,土,土
2023-05,801760.SI,-0.045353,丁,巳,火,火,火
2023-06,801760.SI,-0.014792,戊,午,土,火,火
2023-07,801760.SI,-0.075731,己,未,土,土,土
2023-08,801760.SI,-0.011176,庚,申,金,金,金
2023-09,801760.SI,-0.076303,辛,酉,金,金,金
2023-10,801760.SI,-0.059856,壬,戌,水,土,土
2023-11,801760.SI,0.060005,癸,亥,水,水,水
2023-12,801760.SI,-0.027502,甲,子,木,水,水
2024-01,801760.SI,-0.154673,乙,丑,木,土,土
2024-02,801760.SI,0.148245,丙,寅,火,木,木
2024-03,801760.SI,0.015033,丁,卯,火,木,木
2024-04,801760.SI,-0.052288,戊,辰,土,土,土
2024-05,801760.SI,-0.077765,己,巳,土,火,火
2024-06,801760.SI,-0.08644,庚,午,金,火,火
2024-07,801760.SI,-0.013589,辛,未,金,土,土
2024-08,801760.SI,-0.016474,壬,申,水,金,金
2024-09,801760.SI,0.26848,癸,酉,水,金,金
2024-10,801760.SI,0.051558,甲,戌,木,土,土
2024-11,801760.SI,0.066511,乙,亥,木,水,水
2024-12,801760.SI,-0.05839,丙,子,火,水,水
2025-01,801760.SI,-0.005926,丁,丑,火,土,土
2025-02,801760.SI,0.060991,戊,寅,土,木,木
2025-03,801760.SI,-0.012974,己,卯,土,木,木
2025-04,801760.SI,-0.02225,庚,辰,金,土,土
2025-05,801760.SI,0.02204,辛,巳,金,火,火
2025-06,801760.SI,0.084007,壬,午,水,火,火
2025-07,801760.SI,0.031766,癸,未,水,土,土
2025-08,801760.SI,0.107032,甲,申,木,金,金
2025-09,801760.SI,0.053455,乙,酉,木,金,金
2025-10,801760.SI,-0.060358,丙,戌,火,土,土
2025-11,801760.SI,0.016877,丁,亥,火,水,水
2025-12,801760.SI,-0.019146,戊,子,土,水,水
2026-01,801760.SI,0.179409,己,丑,土,土,土
2026-02,801760.SI,-0.049537,庚,寅,金,木,木
2026-03,801760.SI,-0.150175,辛,卯,金,木,木
2026-04,801760.SI,0.022321,壬,辰,水,土,土
2026-05,801760.SI,-0.008468,癸,巳,水,火,火
2014-02,801770.SI,,丙,寅,火,木,木
2014-03,801770.SI,-0.063918,丁,卯,火,木,木
2014-04,801770.SI,0.009265,戊,辰,土,土,土
2014-05,801770.SI,0.052585,己,巳,土,火,火
2014-06,801770.SI,0.048773,庚,午,金,火,火
2014-07,801770.SI,0.024475,辛,未,金,土,土
2014-08,801770.SI,0.029645,壬,申,水,金,金
2014-09,801770.SI,0.143627,癸,酉,水,金,金
2014-10,801770.SI,-0.008699,甲,戌,木,土,土
2014-11,801770.SI,0.039101,乙,亥,木,水,水
2014-12,801770.SI,-0.006822,丙,子,火,水,水
2015-01,801770.SI,0.074117,丁,丑,火,土,土
2015-02,801770.SI,0.138189,戊,寅,土,木,木
2015-03,801770.SI,0.162923,己,卯,土,木,木
2015-04,801770.SI,0.209153,庚,辰,金,土,土
2015-05,801770.SI,0.276218,辛,巳,金,火,火
2015-06,801770.SI,-0.184806,壬,午,水,火,火
2015-07,801770.SI,-0.126956,癸,未,水,土,土
2015-08,801770.SI,-0.137222,甲,申,木,金,金
2015-09,801770.SI,-0.066995,乙,酉,木,金,金
2015-10,801770.SI,0.205248,丙,戌,火,土,土
2015-11,801770.SI,0.082013,丁,亥,火,水,水
2015-12,801770.SI,0.053549,戊,子,土,水,水
2016-01,801770.SI,-0.270566,己,丑,土,土,土
2016-02,801770.SI,-0.055857,庚,寅,金,木,木
2016-03,801770.SI,0.142411,辛,卯,金,木,木
2016-04,801770.SI,-0.017243,壬,辰,水,土,土
2016-05,801770.SI,-0.003559,癸,巳,水,火,火
2016-06,801770.SI,0.050586,甲,午,木,火,火
2016-07,801770.SI,0.013296,乙,未,木,土,土
2016-08,801770.SI,0.035707,丙,申,火,金,金
2016-09,801770.SI,-0.009814,丁,酉,火,金,金
2016-10,801770.SI,0.022778,戊,戌,土,土,土
2016-11,801770.SI,0.03629,己,亥,土,水,水
2016-12,801770.SI,-0.057268,庚,子,金,水,水
2017-01,801770.SI,-0.043379,辛,丑,金,土,土
2017-02,801770.SI,0.046389,壬,寅,水,木,木
2017-03,801770.SI,-0.008393,癸,卯,水,木,木
2017-04,801770.SI,-0.05217,甲,辰,木,土,土
2017-05,801770.SI,-0.045125,乙,巳,木,火,火
2017-06,801770.SI,0.052109,丙,午,火,火,火
2017-07,801770.SI,-0.036596,丁,未,火,土,土
2017-08,801770.SI,0.052258,戊,申,土,金,金
2017-09,801770.SI,0.090372,己,酉,土,金,金
2017-10,801770.SI,-0.028827,庚,戌,金,土,土
2017-11,801770.SI,-0.028545,辛,亥,金,水,水
2017-12,801770.SI,-0.016439,壬,子,水,水,水
2018-01,801770.SI,-0.072368,癸,丑,水,土,土
2018-02,801770.SI,-0.008629,甲,寅,木,木,木
2018-03,801770.SI,0.038144,乙,卯,木,木,木
2018-04,801770.SI,-0.047148,丙,辰,火,土,土
2018-05,801770.SI,-0.045482,丁,巳,火,火,火
2018-06,801770.SI,-0.160888,戊,午,土,火,火
2018-07,801770.SI,0.009108,己,未,土,土,土
2018-08,801770.SI,0.002834,庚,申,金,金,金
2018-09,801770.SI,-0.02955,辛,酉,金,金,金
2018-10,801770.SI,-0.117883,壬,戌,水,土,土
2018-11,801770.SI,0.070532,癸,亥,水,水,水
2018-12,801770.SI,0.016453,甲,子,木,水,水
2019-01,801770.SI,-0.013491,乙,丑,木,土,土
2019-02,801770.SI,0.278658,丙,寅,火,木,木
2019-03,801770.SI,0.056439,丁,卯,火,木,木
2019-04,801770.SI,-0.022989,戊,辰,土,土,土
2019-05,801770.SI,-0.088377,己,巳,土,火,火
2019-06,801770.SI,0.035319,庚,午,金,火,火
2019-07,801770.SI,-0.038128,辛,未,金,土,土
2019-08,801770.SI,-0.053145,壬,申,水,金,金
2019-09,801770.SI,0.054742,癸,酉,水,金,金
2019-10,801770.SI,-0.019284,甲,戌,木,土,土
2019-11,801770.SI,-0.042486,乙,亥,木,水,水
2019-12,801770.SI,0.082245,丙,子,火,水,水
2020-01,801770.SI,0.014651,丁,丑,火,土,土
2020-02,801770.SI,0.110773,戊,寅,土,木,木
2020-03,801770.SI,-0.079354,己,卯,土,木,木
2020-04,801770.SI,0.018546,庚,辰,金,土,土
2020-05,801770.SI,-0.058537,辛,巳,金,火,火
2020-06,801770.SI,0.078047,壬,午,水,火,火
2020-07,801770.SI,0.0328,癸,未,水,土,土
2020-08,801770.SI,-0.008492,甲,申,木,金,金
2020-09,801770.SI,-0.102558,乙,酉,木,金,金
2020-10,801770.SI,-0.026121,丙,戌,火,土,土
2020-11,801770.SI,0.022991,丁,亥,火,水,水
2020-12,801770.SI,-0.066592,戊,子,土,水,水
2021-01,801770.SI,-0.073003,己,丑,土,土,土
2021-02,801770.SI,0.013592,庚,寅,金,木,木
2021-03,801770.SI,-0.057278,辛,卯,金,木,木
2021-04,801770.SI,-0.03606,壬,辰,水,土,土
2021-05,801770.SI,0.069121,癸,巳,水,火,火
2021-06,801770.SI,0.031362,甲,午,木,火,火
2021-07,801770.SI,0.04563,乙,未,木,土,土
2021-08,801770.SI,-0.058759,丙,申,火,金,金
2021-09,801770.SI,-0.013587,丁,酉,火,金,金
2021-10,801770.SI,-0.004679,戊,戌,土,土,土
2021-11,801770.SI,0.11285,己,亥,土,水,水
2021-12,801770.SI,0.017857,庚,子,金,水,水
2022-01,801770.SI,-0.082383,辛,丑,金,土,土
2022-02,801770.SI,0.055745,壬,寅,水,木,木
2022-03,801770.SI,-0.081991,癸,卯,水,木,木
2022-04,801770.SI,-0.122887,甲,辰,木,土,土
2022-05,801770.SI,0.060843,乙,巳,木,火,火
2022-06,801770.SI,0.064505,丙,午,火,火,火
2022-07,801770.SI,0.030773,丁,未,火,土,土
2022-08,801770.SI,-0.010255,戊,申,土,金,金
2022-09,801770.SI,-0.082601,己,酉,土,金,金
2022-10,801770.SI,0.055433,庚,戌,金,土,土
2022-11,801770.SI,0.011735,辛,亥,金,水,水
2022-12,801770.SI,-0.041289,壬,子,水,水,水
2023-01,801770.SI,0.09238,癸,丑,水,土,土
2023-02,801770.SI,0.085887,甲,寅,木,木,木
2023-03,801770.SI,0.091806,乙,卯,木,木,木
2023-04,801770.SI,0.034741,丙,辰,火,土,土
2023-05,801770.SI,0.013619,丁,巳,火,火,火
2023-06,801770.SI,0.109146,戊,午,土,火,火
2023-07,801770.SI,-0.076568,己,未,土,土,土
2023-08,801770.SI,-0.039206,庚,申,金,金,金
2023-09,801770.SI,0.007049,辛,酉,金,金,金
2023-10,801770.SI,-0.090893,壬,戌,水,土,土
2023-11,801770.SI,0.02576,癸,亥,水,水,水
2023-12,801770.SI,0.001781,甲,子,木,水,水
2024-01,801770.SI,-0.15188,乙,丑,木,土,土
2024-02,801770.SI,0.195232,丙,寅,火,木,木
2024-03,801770.SI,0.042477,丁,卯,火,木,木
2024-04,801770.SI,0.015044,戊,辰,土,土,土
2024-05,801770.SI,-0.061339,己,巳,土,火,火
2024-06,801770.SI,0.029215,庚,午,金,火,火
2024-07,801770.SI,-0.022692,辛,未,金,土,土
2024-08,801770.SI,-0.062015,壬,申,水,金,金
2024-09,801770.SI,0.245988,癸,酉,水,金,金
2024-10,801770.SI,0.062806,甲,戌,木,土,土
2024-11,801770.SI,-0.019085,乙,亥,木,水,水
2024-12,801770.SI,0.043915,丙,子,火,水,水
2025-01,801770.SI,-0.008489,丁,丑,火,土,土
2025-02,801770.SI,0.036636,戊,寅,土,木,木
2025-03,801770.SI,-0.038439,己,卯,土,木,木
2025-04,801770.SI,-0.066941,庚,辰,金,土,土
2025-05,801770.SI,0.039752,辛,巳,金,火,火
2025-06,801770.SI,0.140939,壬,午,水,火,火
2025-07,801770.SI,0.107542,癸,未,水,土,土
2025-08,801770.SI,0.344088,甲,申,木,金,金
2025-09,801770.SI,-0.001462,乙,酉,木,金,金
2025-10,801770.SI,-0.004488,丙,戌,火,土,土
2025-11,801770.SI,0.018452,丁,亥,火,水,水
2025-12,801770.SI,0.120582,戊,子,土,水,水
2026-01,801770.SI,0.068072,己,丑,土,土,土
2026-02,801770.SI,0.002279,庚,寅,金,木,木
2026-03,801770.SI,-0.010235,辛,卯,金,木,木
2026-04,801770.SI,0.222301,壬,辰,水,土,土
2026-05,801770.SI,0.178668,癸,巳,水,火,火
2014-02,801780.SI,,丙,寅,火,木,木
2014-03,801780.SI,0.018896,丁,卯,火,木,木
2014-04,801780.SI,0.016641,戊,辰,土,土,土
2014-05,801780.SI,-0.006688,己,巳,土,火,火
2014-06,801780.SI,0.000868,庚,午,金,火,火
2014-07,801780.SI,0.078371,辛,未,金,土,土
2014-08,801780.SI,-0.047212,壬,申,水,金,金
2014-09,801780.SI,0.013213,癸,酉,水,金,金
2014-10,801780.SI,0.047315,甲,戌,木,土,土
2014-11,801780.SI,0.151901,乙,亥,木,水,水
2014-12,801780.SI,0.329981,丙,子,火,水,水
2015-01,801780.SI,-0.103016,丁,丑,火,土,土
2015-02,801780.SI,-0.009519,戊,寅,土,木,木
2015-03,801780.SI,0.098442,己,卯,土,木,木
2015-04,801780.SI,0.129241,庚,辰,金,土,土
2015-05,801780.SI,-0.053983,辛,巳,金,火,火
2015-06,801780.SI,0.035777,壬,午,水,火,火
2015-07,801780.SI,-0.119337,癸,未,水,土,土
2015-08,801780.SI,-0.062865,甲,申,木,金,金
2015-09,801780.SI,-0.006037,乙,酉,木,金,金
2015-10,801780.SI,0.036474,丙,戌,火,土,土
2015-11,801780.SI,0.02947,丁,亥,火,水,水
2015-12,801780.SI,0.043565,戊,子,土,水,水
2016-01,801780.SI,-0.141744,己,丑,土,土,土
2016-02,801780.SI,-0.010372,庚,寅,金,木,木
2016-03,801780.SI,0.074315,辛,卯,金,木,木
2016-04,801780.SI,0.014108,壬,辰,水,土,土
2016-05,801780.SI,0.012988,癸,巳,水,火,火
2016-06,801780.SI,-0.024227,甲,午,木,火,火
2016-07,801780.SI,0.009924,乙,未,木,土,土
2016-08,801780.SI,0.04544,丙,申,火,金,金
2016-09,801780.SI,-0.023718,丁,酉,火,金,金
2016-10,801780.SI,0.009364,戊,戌,土,土,土
2016-11,801780.SI,0.042769,己,亥,土,水,水
2016-12,801780.SI,-0.041998,庚,子,金,水,水
2017-01,801780.SI,0.043385,辛,丑,金,土,土
2017-02,801780.SI,0.013383,壬,寅,水,木,木
2017-03,801780.SI,-0.018995,癸,卯,水,木,木
2017-04,801780.SI,-0.038645,甲,辰,木,土,土
2017-05,801780.SI,0.055263,乙,巳,木,火,火
2017-06,801780.SI,0.015839,丙,午,火,火,火
2017-07,801780.SI,0.053592,丁,未,火,土,土
2017-08,801780.SI,0.011902,戊,申,土,金,金
2017-09,801780.SI,-0.02461,己,酉,土,金,金
2017-10,801780.SI,0.008939,庚,戌,金,土,土
2017-11,801780.SI,0.025564,辛,亥,金,水,水
2017-12,801780.SI,-0.015136,壬,子,水,水,水
2018-01,801780.SI,0.127394,癸,丑,水,土,土
2018-02,801780.SI,-0.075735,甲,寅,木,木,木
2018-03,801780.SI,-0.060344,乙,卯,木,木,木
2018-04,801780.SI,-0.014264,丙,辰,火,土,土
2018-05,801780.SI,-0.030311,丁,巳,火,火,火
2018-06,801780.SI,-0.074639,戊,午,土,火,火
2018-07,801780.SI,0.041743,己,未,土,土,土
2018-08,801780.SI,-0.009802,庚,申,金,金,金
2018-09,801780.SI,0.056245,辛,酉,金,金,金
2018-10,801780.SI,-0.007981,壬,戌,水,土,土
2018-11,801780.SI,-0.034776,癸,亥,水,水,水
2018-12,801780.SI,-0.055536,甲,子,木,水,水
2019-01,801780.SI,0.082446,乙,丑,木,土,土
2019-02,801780.SI,0.076677,丙,寅,火,木,木
2019-03,801780.SI,0.002581,丁,卯,火,木,木
2019-04,801780.SI,0.036877,戊,辰,土,土,土
2019-05,801780.SI,-0.056284,己,巳,土,火,火
2019-06,801780.SI,0.034844,庚,午,金,火,火
2019-07,801780.SI,-0.002706,辛,未,金,土,土
2019-08,801780.SI,-0.056638,壬,申,水,金,金
2019-09,801780.SI,0.031191,癸,酉,水,金,金
2019-10,801780.SI,0.043457,甲,戌,木,土,土
2019-11,801780.SI,-0.013296,乙,亥,木,水,水
2019-12,801780.SI,0.040183,丙,子,火,水,水
2020-01,801780.SI,-0.044491,丁,丑,火,土,土
2020-02,801780.SI,-0.059561,戊,寅,土,木,木
2020-03,801780.SI,-0.051803,己,卯,土,木,木
2020-04,801780.SI,0.041776,庚,辰,金,土,土
2020-05,801780.SI,-0.022069,辛,巳,金,火,火
2020-06,801780.SI,-0.008933,壬,午,水,火,火
2020-07,801780.SI,0.010246,癸,未,水,土,土
2020-08,801780.SI,0.047701,甲,申,木,金,金
2020-09,801780.SI,-0.039292,乙,酉,木,金,金
2020-10,801780.SI,0.043708,丙,戌,火,土,土
2020-11,801780.SI,0.091335,丁,亥,火,水,水
2020-12,801780.SI,-0.02902,戊,子,土,水,水
2021-01,801780.SI,0.065071,己,丑,土,土,土
2021-02,801780.SI,0.024879,庚,寅,金,木,木
2021-03,801780.SI,0.01242,辛,卯,金,木,木
2021-04,801780.SI,-0.024562,壬,辰,水,土,土
2021-05,801780.SI,0.04918,癸,巳,水,火,火
2021-06,801780.SI,-0.059924,甲,午,木,火,火
2021-07,801780.SI,-0.128581,乙,未,木,土,土
2021-08,801780.SI,0.027762,丙,申,火,金,金
2021-09,801780.SI,0.009474,丁,酉,火,金,金
2021-10,801780.SI,0.033523,戊,戌,土,土,土
2021-11,801780.SI,-0.042273,己,亥,土,水,水
2021-12,801780.SI,0.002806,庚,子,金,水,水
2022-01,801780.SI,0.023264,辛,丑,金,土,土
2022-02,801780.SI,0.010071,壬,寅,水,木,木
2022-03,801780.SI,-0.016389,癸,卯,水,木,木
2022-04,801780.SI,-0.036386,甲,辰,木,土,土
2022-05,801780.SI,-0.0344,乙,巳,木,火,火
2022-06,801780.SI,0.031591,丙,午,火,火,火
2022-07,801780.SI,-0.093074,丁,未,火,土,土
2022-08,801780.SI,-0.010584,戊,申,土,金,金
2022-09,801780.SI,-0.017545,己,酉,土,金,金
2022-10,801780.SI,-0.097703,庚,戌,金,土,土
2022-11,801780.SI,0.141245,辛,亥,金,水,水
2022-12,801780.SI,0.010714,壬,子,水,水,水
2023-01,801780.SI,0.033281,癸,丑,水,土,土
2023-02,801780.SI,-0.037961,甲,寅,木,木,木
2023-03,801780.SI,-0.021227,乙,卯,木,木,木
2023-04,801780.SI,0.041841,丙,辰,火,土,土
2023-05,801780.SI,-0.021331,丁,巳,火,火,火
2023-06,801780.SI,-0.020574,戊,午,土,火,火
2023-07,801780.SI,0.055517,己,未,土,土,土
2023-08,801780.SI,-0.064468,庚,申,金,金,金
2023-09,801780.SI,0.027922,辛,酉,金,金,金
2023-10,801780.SI,-0.038995,壬,戌,水,土,土
2023-11,801780.SI,-0.023983,癸,亥,水,水,水
2023-12,801780.SI,-0.004326,甲,子,木,水,水
2024-01,801780.SI,0.061738,乙,丑,木,土,土
2024-02,801780.SI,0.043866,丙,寅,火,木,木
2024-03,801780.SI,-0.002125,丁,卯,火,木,木
2024-04,801780.SI,0.04863,戊,辰,土,土,土
2024-05,801780.SI,0.029586,己,巳,土,火,火
2024-06,801780.SI,-0.019966,庚,午,金,火,火
2024-07,801780.SI,-0.014495,辛,未,金,土,土
2024-08,801780.SI,-0.017471,壬,申,水,金,金
2024-09,801780.SI,0.128859,癸,酉,水,金,金
2024-10,801780.SI,-0.025091,甲,戌,木,土,土
2024-11,801780.SI,0.010206,乙,亥,木,水,水
2024-12,801780.SI,0.066825,丙,子,火,水,水
2025-01,801780.SI,0.003522,丁,丑,火,土,土
2025-02,801780.SI,-0.009852,戊,寅,土,木,木
2025-03,801780.SI,0.026884,己,卯,土,木,木
2025-04,801780.SI,-0.004716,庚,辰,金,土,土
2025-05,801780.SI,0.060518,辛,巳,金,火,火
2025-06,801780.SI,0.05016,壬,午,水,火,火
2025-07,801780.SI,-0.019538,癸,未,水,土,土
2025-08,801780.SI,-0.016235,甲,申,木,金,金
2025-09,801780.SI,-0.068932,乙,酉,木,金,金
2025-10,801780.SI,0.043573,丙,戌,火,土,土
2025-11,801780.SI,0.029881,丁,亥,火,水,水
2025-12,801780.SI,-0.019831,戊,子,土,水,水
2026-01,801780.SI,-0.066479,己,丑,土,土,土
2026-02,801780.SI,-0.005493,庚,寅,金,木,木
2026-03,801780.SI,0.0393,辛,卯,金,木,木
2026-04,801780.SI,-0.00553,壬,辰,水,土,土
2026-05,801780.SI,-0.017139,癸,巳,水,火,火
2014-02,801790.SI,,丙,寅,火,木,木
2014-03,801790.SI,-0.036887,丁,卯,火,木,木
2014-04,801790.SI,0.034806,戊,辰,土,土,土
2014-05,801790.SI,0.005112,己,巳,土,火,火
2014-06,801790.SI,-0.001952,庚,午,金,火,火
2014-07,801790.SI,0.138163,辛,未,金,土,土
2014-08,801790.SI,-0.022287,壬,申,水,金,金
2014-09,801790.SI,0.045635,癸,酉,水,金,金
2014-10,801790.SI,0.051465,甲,戌,木,土,土
2014-11,801790.SI,0.314365,乙,亥,木,水,水
2014-12,801790.SI,0.51755,丙,子,火,水,水
2015-01,801790.SI,-0.096089,丁,丑,火,土,土
2015-02,801790.SI,0.060698,戊,寅,土,木,木
2015-03,801790.SI,0.106833,己,卯,土,木,木
2015-04,801790.SI,0.106932,庚,辰,金,土,土
2015-05,801790.SI,-0.034375,辛,巳,金,火,火
2015-06,801790.SI,-0.110678,壬,午,水,火,火
2015-07,801790.SI,-0.201059,癸,未,水,土,土
2015-08,801790.SI,-0.192546,甲,申,木,金,金
2015-09,801790.SI,-0.037702,乙,酉,木,金,金
2015-10,801790.SI,0.159874,丙,戌,火,土,土
2015-11,801790.SI,0.077128,丁,亥,火,水,水
2015-12,801790.SI,0.062213,戊,子,土,水,水
2016-01,801790.SI,-0.245783,己,丑,土,土,土
2016-02,801790.SI,-0.048055,庚,寅,金,木,木
2016-03,801790.SI,0.188907,辛,卯,金,木,木
2016-04,801790.SI,-0.037863,壬,辰,水,土,土
2016-05,801790.SI,0.01793,癸,巳,水,火,火
2016-06,801790.SI,-0.005416,甲,午,木,火,火
2016-07,801790.SI,-0.010348,乙,未,木,土,土
2016-08,801790.SI,0.055747,丙,申,火,金,金
2016-09,801790.SI,-0.026843,丁,酉,火,金,金
2016-10,801790.SI,0.032615,戊,戌,土,土,土
2016-11,801790.SI,0.059885,己,亥,土,水,水
2016-12,801790.SI,-0.078017,庚,子,金,水,水
2017-01,801790.SI,0.013454,辛,丑,金,土,土
2017-02,801790.SI,0.005907,壬,寅,水,木,木
2017-03,801790.SI,-0.027462,癸,卯,水,木,木
2017-04,801790.SI,-0.003805,甲,辰,木,土,土
2017-05,801790.SI,0.042437,乙,巳,木,火,火
2017-06,801790.SI,0.045894,丙,午,火,火,火
2017-07,801790.SI,0.04136,丁,未,火,土,土
2017-08,801790.SI,0.06419,戊,申,土,金,金
2017-09,801790.SI,-0.026681,己,酉,土,金,金
2017-10,801790.SI,0.029861,庚,戌,金,土,土
2017-11,801790.SI,0.021892,辛,亥,金,水,水
2017-12,801790.SI,-0.040432,壬,子,水,水,水
2018-01,801790.SI,0.056091,癸,丑,水,土,土
2018-02,801790.SI,-0.098668,甲,寅,木,木,木
2018-03,801790.SI,-0.036521,乙,卯,木,木,木
2018-04,801790.SI,-0.038553,丙,辰,火,土,土
2018-05,801790.SI,-0.021131,丁,巳,火,火,火
2018-06,801790.SI,-0.077986,戊,午,土,火,火
2018-07,801790.SI,0.024669,己,未,土,土,土
2018-08,801790.SI,-0.028803,庚,申,金,金,金
2018-09,801790.SI,0.050846,辛,酉,金,金,金
2018-10,801790.SI,-0.024937,壬,戌,水,土,土
2018-11,801790.SI,0.006576,癸,亥,水,水,水
2018-12,801790.SI,-0.086357,甲,子,木,水,水
2019-01,801790.SI,0.088069,乙,丑,木,土,土
2019-02,801790.SI,0.221493,丙,寅,火,木,木
2019-03,801790.SI,0.073368,丁,卯,火,木,木
2019-04,801790.SI,0.007895,戊,辰,土,土,土
2019-05,801790.SI,-0.092216,己,巳,土,火,火
2019-06,801790.SI,0.101944,庚,午,金,火,火
2019-07,801790.SI,-0.012973,辛,未,金,土,土
2019-08,801790.SI,-0.033043,壬,申,水,金,金
2019-09,801790.SI,0.004353,癸,酉,水,金,金
2019-10,801790.SI,-0.004122,甲,戌,木,土,土
2019-11,801790.SI,-0.036239,乙,亥,木,水,水
2019-12,801790.SI,0.099599,丙,子,火,水,水
2020-01,801790.SI,-0.041031,丁,丑,火,土,土
2020-02,801790.SI,-0.044501,戊,寅,土,木,木
2020-03,801790.SI,-0.081079,己,卯,土,木,木
2020-04,801790.SI,0.041684,庚,辰,金,土,土
2020-05,801790.SI,-0.045635,辛,巳,金,火,火
2020-06,801790.SI,0.054894,壬,午,水,火,火
2020-07,801790.SI,0.158365,癸,未,水,土,土
2020-08,801790.SI,0.017506,甲,申,木,金,金
2020-09,801790.SI,-0.028395,乙,酉,木,金,金
2020-10,801790.SI,-0.022475,丙,戌,火,土,土
2020-11,801790.SI,0.091396,丁,亥,火,水,水
2020-12,801790.SI,-0.016468,戊,子,土,水,水
2021-01,801790.SI,-0.070048,己,丑,土,土,土
2021-02,801790.SI,0.006107,庚,寅,金,木,木
2021-03,801790.SI,-0.064768,辛,卯,金,木,木
2021-04,801790.SI,-0.035009,壬,辰,水,土,土
2021-05,801790.SI,0.06893,癸,巳,水,火,火
2021-06,801790.SI,-0.05512,甲,午,木,火,火
2021-07,801790.SI,-0.105788,乙,未,木,土,土
2021-08,801790.SI,0.042796,丙,申,火,金,金
2021-09,801790.SI,0.010098,丁,酉,火,金,金
2021-10,801790.SI,-0.022252,戊,戌,土,土,土
2021-11,801790.SI,-0.004406,己,亥,土,水,水
2021-12,801790.SI,0.054457,庚,子,金,水,水
2022-01,801790.SI,-0.066841,辛,丑,金,土,土
2022-02,801790.SI,-0.029823,壬,寅,水,木,木
2022-03,801790.SI,-0.059646,癸,卯,水,木,木
2022-04,801790.SI,-0.079636,甲,辰,木,土,土
2022-05,801790.SI,0.001813,乙,巳,木,火,火
2022-06,801790.SI,0.089949,丙,午,火,火,火
2022-07,801790.SI,-0.081334,丁,未,火,土,土
2022-08,801790.SI,0.022222,戊,申,土,金,金
2022-09,801790.SI,-0.099297,己,酉,土,金,金
2022-10,801790.SI,-0.048271,庚,戌,金,土,土
2022-11,801790.SI,0.149855,辛,亥,金,水,水
2022-12,801790.SI,-0.006756,壬,子,水,水,水
2023-01,801790.SI,0.089029,癸,丑,水,土,土
2023-02,801790.SI,-0.025856,甲,寅,木,木,木
2023-03,801790.SI,-0.035059,乙,卯,木,木,木
2023-04,801790.SI,0.05819,丙,辰,火,土,土
2023-05,801790.SI,-0.052458,丁,巳,火,火,火
2023-06,801790.SI,-0.020886,戊,午,土,火,火
2023-07,801790.SI,0.144131,己,未,土,土,土
2023-08,801790.SI,-0.059793,庚,申,金,金,金
2023-09,801790.SI,-0.018109,辛,酉,金,金,金
2023-10,801790.SI,-0.019856,壬,戌,水,土,土
2023-11,801790.SI,-0.033947,癸,亥,水,水,水
2023-12,801790.SI,-0.031669,甲,子,木,水,水
2024-01,801790.SI,-0.033779,乙,丑,木,土,土
2024-02,801790.SI,0.064527,丙,寅,火,木,木
2024-03,801790.SI,-0.061626,丁,卯,火,木,木
2024-04,801790.SI,0.02311,戊,辰,土,土,土
2024-05,801790.SI,-0.014388,己,巳,土,火,火
2024-06,801790.SI,-0.060662,庚,午,金,火,火
2024-07,801790.SI,0.056531,辛,未,金,土,土
2024-08,801790.SI,-0.018601,壬,申,水,金,金
2024-09,801790.SI,0.36633,癸,酉,水,金,金
2024-10,801790.SI,0.023726,甲,戌,木,土,土
2024-11,801790.SI,0.015055,乙,亥,木,水,水
2024-12,801790.SI,-0.032855,丙,子,火,水,水
2025-01,801790.SI,-0.062535,丁,丑,火,土,土
2025-02,801790.SI,0.012592,戊,寅,土,木,木
2025-03,801790.SI,-0.006057,己,卯,土,木,木
2025-04,801790.SI,-0.041865,庚,辰,金,土,土
2025-05,801790.SI,0.026565,辛,巳,金,火,火
2025-06,801790.SI,0.080047,壬,午,水,火,火
2025-07,801790.SI,0.045952,癸,未,水,土,土
2025-08,801790.SI,0.082649,甲,申,木,金,金
2025-09,801790.SI,-0.058278,乙,酉,木,金,金
2025-10,801790.SI,0.006883,丙,戌,火,土,土
2025-11,801790.SI,-0.038052,丁,亥,火,水,水
2025-12,801790.SI,0.063137,戊,子,土,水,水
2026-01,801790.SI,-0.005311,己,丑,土,土,土
2026-02,801790.SI,-0.03332,庚,寅,金,木,木
2026-03,801790.SI,-0.115763,辛,卯,金,木,木
2026-04,801790.SI,0.045846,壬,辰,水,土,土
2026-05,801790.SI,-0.016473,癸,巳,水,火,火
2014-02,801880.SI,,丙,寅,火,木,木
2014-03,801880.SI,-0.029759,丁,卯,火,木,木
2014-04,801880.SI,0.017523,戊,辰,土,土,土
2014-05,801880.SI,0.00452,己,巳,土,火,火
2014-06,801880.SI,0.055661,庚,午,金,火,火
2014-07,801880.SI,0.110814,辛,未,金,土,土
2014-08,801880.SI,0.029591,壬,申,水,金,金
2014-09,801880.SI,0.080771,癸,酉,水,金,金
2014-10,801880.SI,0.018797,甲,戌,木,土,土
2014-11,801880.SI,0.030385,乙,亥,木,水,水
2014-12,801880.SI,-0.011226,丙,子,火,水,水
2015-01,801880.SI,0.084514,丁,丑,火,土,土
2015-02,801880.SI,0.081094,戊,寅,土,木,木
2015-03,801880.SI,0.142549,己,卯,土,木,木
2015-04,801880.SI,0.132686,庚,辰,金,土,土
2015-05,801880.SI,0.152772,辛,巳,金,火,火
2015-06,801880.SI,-0.093899,壬,午,水,火,火
2015-07,801880.SI,-0.169803,癸,未,水,土,土
2015-08,801880.SI,-0.120621,甲,申,木,金,金
2015-09,801880.SI,-0.016901,乙,酉,木,金,金
2015-10,801880.SI,0.143358,丙,戌,火,土,土
2015-11,801880.SI,0.064385,丁,亥,火,水,水
2015-12,801880.SI,0.061164,戊,子,土,水,水
2016-01,801880.SI,-0.267215,己,丑,土,土,土
2016-02,801880.SI,-0.004529,庚,寅,金,木,木
2016-03,801880.SI,0.165717,辛,卯,金,木,木
2016-04,801880.SI,-0.000208,壬,辰,水,土,土
2016-05,801880.SI,-0.010168,癸,巳,水,火,火
2016-06,801880.SI,0.046705,甲,午,木,火,火
2016-07,801880.SI,0.006928,乙,未,木,土,土
2016-08,801880.SI,0.010331,丙,申,火,金,金
2016-09,801880.SI,0.000533,丁,酉,火,金,金
2016-10,801880.SI,0.028548,戊,戌,土,土,土
2016-11,801880.SI,0.025828,己,亥,土,水,水
2016-12,801880.SI,-0.043671,庚,子,金,水,水
2017-01,801880.SI,0.01216,辛,丑,金,土,土
2017-02,801880.SI,0.030565,壬,寅,水,木,木
2017-03,801880.SI,0.000895,癸,卯,水,木,木
2017-04,801880.SI,-0.034703,甲,辰,木,土,土
2017-05,801880.SI,-0.049367,乙,巳,木,火,火
2017-06,801880.SI,0.061136,丙,午,火,火,火
2017-07,801880.SI,-0.026155,丁,未,火,土,土
2017-08,801880.SI,0.006678,戊,申,土,金,金
2017-09,801880.SI,0.069405,己,酉,土,金,金
2017-10,801880.SI,-0.007323,庚,戌,金,土,土
2017-11,801880.SI,-0.066858,辛,亥,金,水,水
2017-12,801880.SI,0.007611,壬,子,水,水,水
2018-01,801880.SI,-0.034631,癸,丑,水,土,土
2018-02,801880.SI,-0.033254,甲,寅,木,木,木
2018-03,801880.SI,-0.010383,乙,卯,木,木,木
2018-04,801880.SI,-0.064751,丙,辰,火,土,土
2018-05,801880.SI,0.02648,丁,巳,火,火,火
2018-06,801880.SI,-0.073099,戊,午,土,火,火
2018-07,801880.SI,-0.040534,己,未,土,土,土
2018-08,801880.SI,-0.083761,庚,申,金,金,金
2018-09,801880.SI,0.030051,辛,酉,金,金,金
2018-10,801880.SI,-0.131398,壬,戌,水,土,土
2018-11,801880.SI,0.029891,癸,亥,水,水,水
2018-12,801880.SI,-0.013758,甲,子,木,水,水
2019-01,801880.SI,-0.005511,乙,丑,木,土,土
2019-02,801880.SI,0.157026,丙,寅,火,木,木
2019-03,801880.SI,0.038948,丁,卯,火,木,木
2019-04,801880.SI,0.019336,戊,辰,土,土,土
2019-05,801880.SI,-0.104817,己,巳,土,火,火
2019-06,801880.SI,0.008644,庚,午,金,火,火
2019-07,801880.SI,-0.010326,辛,未,金,土,土
2019-08,801880.SI,-0.015704,壬,申,水,金,金
2019-09,801880.SI,-0.016157,癸,酉,水,金,金
2019-10,801880.SI,-0.014551,甲,戌,木,土,土
2019-11,801880.SI,0.018434,乙,亥,木,水,水
2019-12,801880.SI,0.082878,丙,子,火,水,水
2020-01,801880.SI,0.019771,丁,丑,火,土,土
2020-02,801880.SI,0.017494,戊,寅,土,木,木
2020-03,801880.SI,-0.10124,己,卯,土,木,木
2020-04,801880.SI,0.011732,庚,辰,金,土,土
2020-05,801880.SI,-0.001996,辛,巳,金,火,火
2020-06,801880.SI,0.0646,壬,午,水,火,火
2020-07,801880.SI,0.142197,癸,未,水,土,土
2020-08,801880.SI,0.049609,甲,申,木,金,金
2020-09,801880.SI,0.011247,乙,酉,木,金,金
2020-10,801880.SI,0.115883,丙,戌,火,土,土
2020-11,801880.SI,0.080085,丁,亥,火,水,水
2020-12,801880.SI,-0.004274,戊,子,土,水,水
2021-01,801880.SI,0.025444,己,丑,土,土,土
2021-02,801880.SI,-0.05159,庚,寅,金,木,木
2021-03,801880.SI,-0.059129,辛,卯,金,木,木
2021-04,801880.SI,0.032172,壬,辰,水,土,土
2021-05,801880.SI,0.056994,癸,巳,水,火,火
2021-06,801880.SI,0.090678,甲,午,木,火,火
2021-07,801880.SI,-0.004441,乙,未,木,土,土
2021-08,801880.SI,0.077886,丙,申,火,金,金
2021-09,801880.SI,-0.088905,丁,酉,火,金,金
2021-10,801880.SI,0.098999,戊,戌,土,土,土
2021-11,801880.SI,0.052221,己,亥,土,水,水
2021-12,801880.SI,-0.047975,庚,子,金,水,水
2022-01,801880.SI,-0.116139,辛,丑,金,土,土
2022-02,801880.SI,0.00554,壬,寅,水,木,木
2022-03,801880.SI,-0.115571,癸,卯,水,木,木
2022-04,801880.SI,-0.091368,甲,辰,木,土,土
2022-05,801880.SI,0.182592,乙,巳,木,火,火
2022-06,801880.SI,0.145528,丙,午,火,火,火
2022-07,801880.SI,0.050915,丁,未,火,土,土
2022-08,801880.SI,-0.118499,戊,申,土,金,金
2022-09,801880.SI,-0.105101,己,酉,土,金,金
2022-10,801880.SI,-0.015063,庚,戌,金,土,土
2022-11,801880.SI,0.080373,辛,亥,金,水,水
2022-12,801880.SI,-0.064289,壬,子,水,水,水
2023-01,801880.SI,0.108944,癸,丑,水,土,土
2023-02,801880.SI,-0.006731,甲,寅,木,木,木
2023-03,801880.SI,-0.056437,乙,卯,木,木,木
2023-04,801880.SI,-0.058444,丙,辰,火,土,土
2023-05,801880.SI,-0.006333,丁,巳,火,火,火
2023-06,801880.SI,0.088949,戊,午,土,火,火
2023-07,801880.SI,0.05737,己,未,土,土,土
2023-08,801880.SI,-0.072332,庚,申,金,金,金
2023-09,801880.SI,0.004678,辛,酉,金,金,金
2023-10,801880.SI,0.024133,壬,戌,水,土,土
2023-11,801880.SI,0.027423,癸,亥,水,水,水
2023-12,801880.SI,-0.059311,甲,子,木,水,水
2024-01,801880.SI,-0.153936,乙,丑,木,土,土
2024-02,801880.SI,0.136381,丙,寅,火,木,木
2024-03,801880.SI,0.046133,丁,卯,火,木,木
2024-04,801880.SI,0.025553,戊,辰,土,土,土
2024-05,801880.SI,-0.035418,己,巳,土,火,火
2024-06,801880.SI,-0.027934,庚,午,金,火,火
2024-07,801880.SI,0.002449,辛,未,金,土,土
2024-08,801880.SI,-0.056885,壬,申,水,金,金
2024-09,801880.SI,0.224641,癸,酉,水,金,金
2024-10,801880.SI,0.014532,甲,戌,木,土,土
2024-11,801880.SI,0.006937,乙,亥,木,水,水
2024-12,801880.SI,0.017,丙,子,火,水,水
2025-01,801880.SI,0.008353,丁,丑,火,土,土
2025-02,801880.SI,0.091785,戊,寅,土,木,木
2025-03,801880.SI,0.011937,己,卯,土,木,木
2025-04,801880.SI,-0.039254,庚,辰,金,土,土
2025-05,801880.SI,0.014384,辛,巳,金,火,火
2025-06,801880.SI,0.003089,壬,午,水,火,火
2025-07,801880.SI,0.004213,癸,未,水,土,土
2025-08,801880.SI,0.116477,甲,申,木,金,金
2025-09,801880.SI,0.051719,乙,酉,木,金,金
2025-10,801880.SI,-0.035843,丙,戌,火,土,土
2025-11,801880.SI,-0.050758,丁,亥,火,水,水
2025-12,801880.SI,0.057137,戊,子,土,水,水
2026-01,801880.SI,0.002582,己,丑,土,土,土
2026-02,801880.SI,0.026852,庚,寅,金,木,木
2026-03,801880.SI,-0.090481,辛,卯,金,木,木
2026-04,801880.SI,0.043908,壬,辰,水,土,土
2026-05,801880.SI,0.016233,癸,巳,水,火,火
2014-02,801890.SI,,丙,寅,火,木,木
2014-03,801890.SI,-0.034526,丁,卯,火,木,木
2014-04,801890.SI,-0.033558,戊,辰,土,土,土
2014-05,801890.SI,0.003758,己,巳,土,火,火
2014-06,801890.SI,0.051547,庚,午,金,火,火
2014-07,801890.SI,0.064769,辛,未,金,土,土
2014-08,801890.SI,0.052846,壬,申,水,金,金
2014-09,801890.SI,0.143962,癸,酉,水,金,金
2014-10,801890.SI,0.03414,甲,戌,木,土,土
2014-11,801890.SI,0.062736,乙,亥,木,水,水
2014-12,801890.SI,0.009164,丙,子,火,水,水
2015-01,801890.SI,0.06793,丁,丑,火,土,土
2015-02,801890.SI,0.046181,戊,寅,土,木,木
2015-03,801890.SI,0.228087,己,卯,土,木,木
2015-04,801890.SI,0.236648,庚,辰,金,土,土
2015-05,801890.SI,0.225536,辛,巳,金,火,火
2015-06,801890.SI,-0.186525,壬,午,水,火,火
2015-07,801890.SI,-0.159763,癸,未,水,土,土
2015-08,801890.SI,-0.149768,甲,申,木,金,金
2015-09,801890.SI,-0.050184,乙,酉,木,金,金
2015-10,801890.SI,0.165266,丙,戌,火,土,土
2015-11,801890.SI,0.059949,丁,亥,火,水,水
2015-12,801890.SI,0.03527,戊,子,土,水,水
2016-01,801890.SI,-0.297761,己,丑,土,土,土
2016-02,801890.SI,-0.04796,庚,寅,金,木,木
2016-03,801890.SI,0.181226,辛,卯,金,木,木
2016-04,801890.SI,-0.023743,壬,辰,水,土,土
2016-05,801890.SI,-0.009247,癸,巳,水,火,火
2016-06,801890.SI,0.056322,甲,午,木,火,火
2016-07,801890.SI,-0.033502,乙,未,木,土,土
2016-08,801890.SI,0.034841,丙,申,火,金,金
2016-09,801890.SI,-0.004036,丁,酉,火,金,金
2016-10,801890.SI,0.041412,戊,戌,土,土,土
2016-11,801890.SI,0.059553,己,亥,土,水,水
2016-12,801890.SI,-0.062281,庚,子,金,水,水
2017-01,801890.SI,-0.018161,辛,丑,金,土,土
2017-02,801890.SI,0.045788,壬,寅,水,木,木
2017-03,801890.SI,0.000696,癸,卯,水,木,木
2017-04,801890.SI,-0.053684,甲,辰,木,土,土
2017-05,801890.SI,-0.068921,乙,巳,木,火,火
2017-06,801890.SI,0.028903,丙,午,火,火,火
2017-07,801890.SI,-0.014029,丁,未,火,土,土
2017-08,801890.SI,0.02554,戊,申,土,金,金
2017-09,801890.SI,0.013234,己,酉,土,金,金
2017-10,801890.SI,0.001058,庚,戌,金,土,土
2017-11,801890.SI,-0.051698,辛,亥,金,水,水
2017-12,801890.SI,-0.008708,壬,子,水,水,水
2018-01,801890.SI,-0.03803,癸,丑,水,土,土
2018-02,801890.SI,-0.045564,甲,寅,木,木,木
2018-03,801890.SI,0.012159,乙,卯,木,木,木
2018-04,801890.SI,-0.038252,丙,辰,火,土,土
2018-05,801890.SI,-0.043203,丁,巳,火,火,火
2018-06,801890.SI,-0.099369,戊,午,土,火,火
2018-07,801890.SI,-0.002689,己,未,土,土,土
2018-08,801890.SI,-0.078821,庚,申,金,金,金
2018-09,801890.SI,0.004003,辛,酉,金,金,金
2018-10,801890.SI,-0.096209,壬,戌,水,土,土
2018-11,801890.SI,0.046278,癸,亥,水,水,水
2018-12,801890.SI,-0.034043,甲,子,木,水,水
2019-01,801890.SI,0.007154,乙,丑,木,土,土
2019-02,801890.SI,0.192047,丙,寅,火,木,木
2019-03,801890.SI,0.093787,丁,卯,火,木,木
2019-04,801890.SI,-0.047061,戊,辰,土,土,土
2019-05,801890.SI,-0.056598,己,巳,土,火,火
2019-06,801890.SI,0.019756,庚,午,金,火,火
2019-07,801890.SI,-0.003994,辛,未,金,土,土
2019-08,801890.SI,-0.046252,壬,申,水,金,金
2019-09,801890.SI,0.029746,癸,酉,水,金,金
2019-10,801890.SI,-0.020846,甲,戌,木,土,土
2019-11,801890.SI,-0.012913,乙,亥,木,水,水
2019-12,801890.SI,0.088715,丙,子,火,水,水
2020-01,801890.SI,-0.012042,丁,丑,火,土,土
2020-02,801890.SI,0.011636,戊,寅,土,木,木
2020-03,801890.SI,-0.067494,己,卯,土,木,木
2020-04,801890.SI,0.049311,庚,辰,金,土,土
2020-05,801890.SI,0.011389,辛,巳,金,火,火
2020-06,801890.SI,0.061985,壬,午,水,火,火
2020-07,801890.SI,0.125584,癸,未,水,土,土
2020-08,801890.SI,0.048941,甲,申,木,金,金
2020-09,801890.SI,-0.041459,乙,酉,木,金,金
2020-10,801890.SI,0.016256,丙,戌,火,土,土
2020-11,801890.SI,0.048214,丁,亥,火,水,水
2020-12,801890.SI,0.034945,戊,子,土,水,水
2021-01,801890.SI,0.013782,己,丑,土,土,土
2021-02,801890.SI,0.014506,庚,寅,金,木,木
2021-03,801890.SI,-0.025282,辛,卯,金,木,木
2021-04,801890.SI,-0.013813,壬,辰,水,土,土
2021-05,801890.SI,0.024142,癸,巳,水,火,火
2021-06,801890.SI,0.023239,甲,午,木,火,火
2021-07,801890.SI,0.020946,乙,未,木,土,土
2021-08,801890.SI,0.090864,丙,申,火,金,金
2021-09,801890.SI,-0.065728,丁,酉,火,金,金
2021-10,801890.SI,-0.013551,戊,戌,土,土,土
2021-11,801890.SI,0.075076,己,亥,土,水,水
2021-12,801890.SI,0.004428,庚,子,金,水,水
2022-01,801890.SI,-0.117925,辛,丑,金,土,土
2022-02,801890.SI,0.029006,壬,寅,水,木,木
2022-03,801890.SI,-0.108932,癸,卯,水,木,木
2022-04,801890.SI,-0.140438,甲,辰,木,土,土
2022-05,801890.SI,0.104148,乙,巳,木,火,火
2022-06,801890.SI,0.10432,丙,午,火,火,火
2022-07,801890.SI,0.051514,丁,未,火,土,土
2022-08,801890.SI,-0.073423,戊,申,土,金,金
2022-09,801890.SI,-0.092792,己,酉,土,金,金
2022-10,801890.SI,0.057351,庚,戌,金,土,土
2022-11,801890.SI,0.058381,辛,亥,金,水,水
2022-12,801890.SI,-0.054695,壬,子,水,水,水
2023-01,801890.SI,0.097152,癸,丑,水,土,土
2023-02,801890.SI,0.033285,甲,寅,木,木,木
2023-03,801890.SI,-0.028902,乙,卯,木,木,木
2023-04,801890.SI,-0.029411,丙,辰,火,土,土
2023-05,801890.SI,-0.011087,丁,巳,火,火,火
2023-06,801890.SI,0.073565,戊,午,土,火,火
2023-07,801890.SI,-0.017388,己,未,土,土,土
2023-08,801890.SI,-0.055934,庚,申,金,金,金
2023-09,801890.SI,0.011121,辛,酉,金,金,金
2023-10,801890.SI,-0.059067,壬,戌,水,土,土
2023-11,801890.SI,0.043966,癸,亥,水,水,水
2023-12,801890.SI,-0.011553,甲,子,木,水,水
2024-01,801890.SI,-0.179027,乙,丑,木,土,土
2024-02,801890.SI,0.129537,丙,寅,火,木,木
2024-03,801890.SI,0.03608,丁,卯,火,木,木
2024-04,801890.SI,-0.006072,戊,辰,土,土,土
2024-05,801890.SI,-0.021957,己,巳,土,火,火
2024-06,801890.SI,-0.068779,庚,午,金,火,火
2024-07,801890.SI,-0.023328,辛,未,金,土,土
2024-08,801890.SI,-0.045107,壬,申,水,金,金
2024-09,801890.SI,0.221096,癸,酉,水,金,金
2024-10,801890.SI,0.045441,甲,戌,木,土,土
2024-11,801890.SI,0.034277,乙,亥,木,水,水
2024-12,801890.SI,-0.019229,丙,子,火,水,水
2025-01,801890.SI,0.009658,丁,丑,火,土,土
2025-02,801890.SI,0.107083,戊,寅,土,木,木
2025-03,801890.SI,-0.010485,己,卯,土,木,木
2025-04,801890.SI,-0.04643,庚,辰,金,土,土
2025-05,801890.SI,0.007883,辛,巳,金,火,火
2025-06,801890.SI,0.028205,壬,午,水,火,火
2025-07,801890.SI,0.056659,癸,未,水,土,土
2025-08,801890.SI,0.129146,甲,申,木,金,金
2025-09,801890.SI,0.052899,乙,酉,木,金,金
2025-10,801890.SI,-0.016309,丙,戌,火,土,土
2025-11,801890.SI,-0.033953,丁,亥,火,水,水
2025-12,801890.SI,0.08592,戊,子,土,水,水
2026-01,801890.SI,0.063151,己,丑,土,土,土
2026-02,801890.SI,0.072673,庚,寅,金,木,木
2026-03,801890.SI,-0.128934,辛,卯,金,木,木
2026-04,801890.SI,0.108749,壬,辰,水,土,土
2026-05,801890.SI,0.068063,癸,巳,水,火,火
2010-01,801950.SI,,丁,丑,火,土,土
2010-02,801950.SI,0.013845,戊,寅,土,木,木
2010-03,801950.SI,0.033802,己,卯,土,木,木
2010-04,801950.SI,-0.032758,庚,辰,金,土,土
2010-05,801950.SI,-0.121923,辛,巳,金,火,火
2010-06,801950.SI,-0.150088,壬,午,水,火,火
2010-07,801950.SI,0.181043,癸,未,水,土,土
2010-08,801950.SI,0.0249,甲,申,木,金,金
2010-09,801950.SI,-0.001407,乙,酉,木,金,金
2010-10,801950.SI,0.307094,丙,戌,火,土,土
2010-11,801950.SI,-0.132736,丁,亥,火,水,水
2010-12,801950.SI,0.06207,戊,子,土,水,水
2011-01,801950.SI,-0.079862,己,丑,土,土,土
2011-02,801950.SI,0.071969,庚,寅,金,木,木
2011-03,801950.SI,0.037295,辛,卯,金,木,木
2011-04,801950.SI,-0.002505,壬,辰,水,土,土
2011-05,801950.SI,-0.058461,癸,巳,水,火,火
2011-06,801950.SI,0.045366,甲,午,木,火,火
2011-07,801950.SI,-0.001672,乙,未,木,土,土
2011-08,801950.SI,-0.045585,丙,申,火,金,金
2011-09,801950.SI,-0.048882,丁,酉,火,金,金
2011-10,801950.SI,-0.031832,戊,戌,土,土,土
2011-11,801950.SI,-0.072398,己,亥,土,水,水
2011-12,801950.SI,-0.110976,庚,子,金,水,水
2012-01,801950.SI,0.093092,辛,丑,金,土,土
2012-02,801950.SI,0.075357,壬,寅,水,木,木
2012-03,801950.SI,-0.098515,癸,卯,水,木,木
2012-04,801950.SI,0.101196,甲,辰,木,土,土
2012-05,801950.SI,-0.004955,乙,巳,木,火,火
2012-06,801950.SI,-0.173647,丙,午,火,火,火
2012-07,801950.SI,-0.036085,丁,未,火,土,土
2012-08,801950.SI,-0.08052,戊,申,土,金,金
2012-09,801950.SI,0.082406,己,酉,土,金,金
2012-10,801950.SI,-0.043519,庚,戌,金,土,土
2012-11,801950.SI,-0.094066,辛,亥,金,水,水
2012-12,801950.SI,0.193819,壬,子,水,水,水
2013-01,801950.SI,0.040341,癸,丑,水,土,土
2013-02,801950.SI,-0.043748,甲,寅,木,木,木
2013-03,801950.SI,-0.101438,乙,卯,木,木,木
2013-04,801950.SI,-0.078559,丙,辰,火,土,土
2013-05,801950.SI,-0.001718,丁,巳,火,火,火
2013-06,801950.SI,-0.231244,戊,午,土,火,火
2013-07,801950.SI,-0.047113,己,未,土,土,土
2013-08,801950.SI,0.086761,庚,申,金,金,金
2013-09,801950.SI,0.002557,辛,酉,金,金,金
2013-10,801950.SI,-0.054746,壬,戌,水,土,土
2013-11,801950.SI,0.039242,癸,亥,水,水,水
2013-12,801950.SI,-0.110614,甲,子,木,水,水
2014-01,801950.SI,-0.130686,乙,丑,木,土,土
2014-02,801950.SI,-0.042457,丙,寅,火,木,木
2014-03,801950.SI,-0.009858,丁,卯,火,木,木
2014-04,801950.SI,-0.011803,戊,辰,土,土,土
2014-05,801950.SI,0.027414,己,巳,土,火,火
2014-06,801950.SI,-0.005159,庚,午,金,火,火
2014-07,801950.SI,0.142377,辛,未,金,土,土
2014-08,801950.SI,0.00514,壬,申,水,金,金
2014-09,801950.SI,0.101134,癸,酉,水,金,金
2014-10,801950.SI,0.000299,甲,戌,木,土,土
2014-11,801950.SI,0.069979,乙,亥,木,水,水
2014-12,801950.SI,0.115481,丙,子,火,水,水
2015-01,801950.SI,-0.046049,丁,丑,火,土,土
2015-02,801950.SI,0.009846,戊,寅,土,木,木
2015-03,801950.SI,0.121479,己,卯,土,木,木
2015-04,801950.SI,0.20623,庚,辰,金,土,土
2015-05,801950.SI,0.013169,辛,巳,金,火,火
2015-06,801950.SI,0.021176,壬,午,水,火,火
2015-07,801950.SI,-0.236824,癸,未,水,土,土
2015-08,801950.SI,-0.127773,甲,申,木,金,金
2015-09,801950.SI,-0.106686,乙,酉,木,金,金
2015-10,801950.SI,0.103363,丙,戌,火,土,土
2015-11,801950.SI,0.012244,丁,亥,火,水,水
2015-12,801950.SI,0.010711,戊,子,土,水,水
2016-01,801950.SI,-0.14138,己,丑,土,土,土
2016-02,801950.SI,0.028978,庚,寅,金,木,木
2016-03,801950.SI,0.034647,辛,卯,金,木,木
2016-04,801950.SI,0.055438,壬,辰,水,土,土
2016-05,801950.SI,-0.102131,癸,巳,水,火,火
2016-06,801950.SI,0.024129,甲,午,木,火,火
2016-07,801950.SI,0.064383,乙,未,木,土,土
2016-08,801950.SI,0.061158,丙,申,火,金,金
2016-09,801950.SI,0.007852,丁,酉,火,金,金
2016-10,801950.SI,0.073078,戊,戌,土,土,土
2016-11,801950.SI,-0.005673,己,亥,土,水,水
2016-12,801950.SI,-0.071202,庚,子,金,水,水
2017-01,801950.SI,0.031625,辛,丑,金,土,土
2017-02,801950.SI,0.021496,壬,寅,水,木,木
2017-03,801950.SI,0.005032,癸,卯,水,木,木
2017-04,801950.SI,-0.05325,甲,辰,木,土,土
2017-05,801950.SI,-0.034655,乙,巳,木,火,火
2017-06,801950.SI,0.07304,丙,午,火,火,火
2017-07,801950.SI,0.134332,丁,未,火,土,土
2017-08,801950.SI,0.030877,戊,申,土,金,金
2017-09,801950.SI,-0.008714,己,酉,土,金,金
2017-10,801950.SI,-0.072259,庚,戌,金,土,土
2017-11,801950.SI,0.026153,辛,亥,金,水,水
2017-12,801950.SI,-0.015359,壬,子,水,水,水
2018-01,801950.SI,0.075452,癸,丑,水,土,土
2018-02,801950.SI,-0.066694,甲,寅,木,木,木
2018-03,801950.SI,-0.105087,乙,卯,木,木,木
2018-04,801950.SI,-0.046032,丙,辰,火,土,土
2018-05,801950.SI,-0.035122,丁,巳,火,火,火
2018-06,801950.SI,-0.030052,戊,午,土,火,火
2018-07,801950.SI,-0.03814,己,未,土,土,土
2018-08,801950.SI,-0.030045,庚,申,金,金,金
2018-09,801950.SI,0.039488,辛,酉,金,金,金
2018-10,801950.SI,-0.023395,壬,戌,水,土,土
2018-11,801950.SI,-0.054858,癸,亥,水,水,水
2018-12,801950.SI,-0.062885,甲,子,木,水,水
2019-01,801950.SI,0.053296,乙,丑,木,土,土
2019-02,801950.SI,0.129783,丙,寅,火,木,木
2019-03,801950.SI,0.027678,丁,卯,火,木,木
2019-04,801950.SI,0.041605,戊,辰,土,土,土
2019-05,801950.SI,-0.080951,己,巳,土,火,火
2019-06,801950.SI,0.010297,庚,午,金,火,火
2019-07,801950.SI,-0.018767,辛,未,金,土,土
2019-08,801950.SI,-0.051401,壬,申,水,金,金
2019-09,801950.SI,-0.007569,癸,酉,水,金,金
2019-10,801950.SI,-0.028049,甲,戌,木,土,土
2019-11,801950.SI,-0.013133,乙,亥,木,水,水
2019-12,801950.SI,0.05817,丙,子,火,水,水
2020-01,801950.SI,-0.058006,丁,丑,火,土,土
2020-02,801950.SI,-0.053094,戊,寅,土,木,木
2020-03,801950.SI,-0.048573,己,卯,土,木,木
2020-04,801950.SI,2.9e-05,庚,辰,金,土,土
2020-05,801950.SI,0.00114,辛,巳,金,火,火
2020-06,801950.SI,-0.004433,壬,午,水,火,火
2020-07,801950.SI,0.127423,癸,未,水,土,土
2020-08,801950.SI,0.000761,甲,申,木,金,金
2020-09,801950.SI,-0.030204,乙,酉,木,金,金
2020-10,801950.SI,0.002024,丙,戌,火,土,土
2020-11,801950.SI,0.154243,丁,亥,火,水,水
2020-12,801950.SI,-1.2e-05,戊,子,土,水,水
2021-01,801950.SI,-0.064237,己,丑,土,土,土
2021-02,801950.SI,0.044324,庚,寅,金,木,木
2021-03,801950.SI,0.065099,辛,卯,金,木,木
2021-04,801950.SI,0.059327,壬,辰,水,土,土
2021-05,801950.SI,0.038826,癸,巳,水,火,火
2021-06,801950.SI,0.025306,甲,午,木,火,火
2021-07,801950.SI,0.016612,乙,未,木,土,土
2021-08,801950.SI,0.275662,丙,申,火,金,金
2021-09,801950.SI,0.048792,丁,酉,火,金,金
2021-10,801950.SI,-0.152889,戊,戌,土,土,土
2021-11,801950.SI,-0.041845,己,亥,土,水,水
2021-12,801950.SI,0.076741,庚,子,金,水,水
2022-01,801950.SI,-0.042096,辛,丑,金,土,土
2022-02,801950.SI,0.155326,壬,寅,水,木,木
2022-03,801950.SI,0.108069,癸,卯,水,木,木
2022-04,801950.SI,-0.038794,甲,辰,木,土,土
2022-05,801950.SI,0.097271,乙,巳,木,火,火
2022-06,801950.SI,0.015829,丙,午,火,火,火
2022-07,801950.SI,-0.079325,丁,未,火,土,土
2022-08,801950.SI,0.078519,戊,申,土,金,金
2022-09,801950.SI,0.016902,己,酉,土,金,金
2022-10,801950.SI,-0.125822,庚,戌,金,土,土
2022-11,801950.SI,0.07343,辛,亥,金,水,水
2022-12,801950.SI,-0.108786,壬,子,水,水,水
2023-01,801950.SI,0.05152,癸,丑,水,土,土
2023-02,801950.SI,0.029332,甲,寅,木,木,木
2023-03,801950.SI,-0.04446,乙,卯,木,木,木
2023-04,801950.SI,-0.017947,丙,辰,火,土,土
2023-05,801950.SI,-0.080451,丁,巳,火,火,火
2023-06,801950.SI,0.016568,戊,午,土,火,火
2023-07,801950.SI,-0.019183,己,未,土,土,土
2023-08,801950.SI,-0.020901,庚,申,金,金,金
2023-09,801950.SI,0.096092,辛,酉,金,金,金
2023-10,801950.SI,-0.030118,壬,戌,水,土,土
2023-11,801950.SI,0.070592,癸,亥,水,水,水
2023-12,801950.SI,0.003354,甲,子,木,水,水
2024-01,801950.SI,0.066651,乙,丑,木,土,土
2024-02,801950.SI,0.075679,丙,寅,火,木,木
2024-03,801950.SI,-0.03724,丁,卯,火,木,木
2024-04,801950.SI,0.009143,戊,辰,土,土,土
2024-05,801950.SI,0.063279,己,巳,土,火,火
2024-06,801950.SI,-0.055414,庚,午,金,火,火
2024-07,801950.SI,-0.1086,辛,未,金,土,土
2024-08,801950.SI,-0.0094,壬,申,水,金,金
2024-09,801950.SI,0.146542,癸,酉,水,金,金
2024-10,801950.SI,-0.080379,甲,戌,木,土,土
2024-11,801950.SI,-0.01131,乙,亥,木,水,水
2024-12,801950.SI,0.013078,丙,子,火,水,水
2025-01,801950.SI,-0.06635,丁,丑,火,土,土
2025-02,801950.SI,-0.075836,戊,寅,土,木,木
2025-03,801950.SI,0.036266,己,卯,土,木,木
2025-04,801950.SI,-0.043259,庚,辰,金,土,土
2025-05,801950.SI,0.037714,辛,巳,金,火,火
2025-06,801950.SI,-0.011917,壬,午,水,火,火
2025-07,801950.SI,0.026095,癸,未,水,土,土
2025-08,801950.SI,0.004414,甲,申,木,金,金
2025-09,801950.SI,0.018834,乙,酉,木,金,金
2025-10,801950.SI,0.100201,丙,戌,火,土,土
2025-11,801950.SI,-0.030677,丁,亥,火,水,水
2025-12,801950.SI,-0.035569,戊,子,土,水,水
2026-01,801950.SI,0.078566,己,丑,土,土,土
2026-02,801950.SI,0.071297,庚,寅,金,木,木
2026-03,801950.SI,0.011105,辛,卯,金,木,木
2026-04,801950.SI,0.054692,壬,辰,水,土,土
2026-05,801950.SI,-0.06986,癸,巳,水,火,火
2010-01,801960.SI,,丁,丑,火,土,土
2010-02,801960.SI,0.001703,戊,寅,土,木,木
2010-03,801960.SI,0.0328,己,卯,土,木,木
2010-04,801960.SI,-0.125338,庚,辰,金,土,土
2010-05,801960.SI,-0.132429,辛,巳,金,火,火
2010-06,801960.SI,-0.086391,壬,午,水,火,火
2010-07,801960.SI,0.13807,癸,未,水,土,土
2010-08,801960.SI,-0.048186,甲,申,木,金,金
2010-09,801960.SI,0.005998,乙,酉,木,金,金
2010-10,801960.SI,0.092523,丙,戌,火,土,土
2010-11,801960.SI,-0.040777,丁,亥,火,水,水
2010-12,801960.SI,0.011522,戊,子,土,水,水
2011-01,801960.SI,-0.0013,己,丑,土,土,土
2011-02,801960.SI,0.03832,庚,寅,金,木,木
2011-03,801960.SI,-0.022156,辛,卯,金,木,木
2011-04,801960.SI,0.003612,壬,辰,水,土,土
2011-05,801960.SI,-0.078399,癸,巳,水,火,火
2011-06,801960.SI,0.019469,甲,午,木,火,火
2011-07,801960.SI,-0.013522,乙,未,木,土,土
2011-08,801960.SI,-0.045164,丙,申,火,金,金
2011-09,801960.SI,-0.078227,丁,酉,火,金,金
2011-10,801960.SI,0.025536,戊,戌,土,土,土
2011-11,801960.SI,-0.035652,己,亥,土,水,水
2011-12,801960.SI,-0.0971,庚,子,金,水,水
2012-01,801960.SI,0.051818,辛,丑,金,土,土
2012-02,801960.SI,0.073393,壬,寅,水,木,木
2012-03,801960.SI,-0.071689,癸,卯,水,木,木
2012-04,801960.SI,0.032997,甲,辰,木,土,土
2012-05,801960.SI,-0.004151,乙,巳,木,火,火
2012-06,801960.SI,-0.07744,丙,午,火,火,火
2012-07,801960.SI,-0.075392,丁,未,火,土,土
2012-08,801960.SI,0.009429,戊,申,土,金,金
2012-09,801960.SI,0.03074,己,酉,土,金,金
2012-10,801960.SI,0.024552,庚,戌,金,土,土
2012-11,801960.SI,-0.085152,辛,亥,金,水,水
2012-12,801960.SI,0.133313,壬,子,水,水,水
2013-01,801960.SI,0.057511,癸,丑,水,土,土
2013-02,801960.SI,0.01845,甲,寅,木,木,木
2013-03,801960.SI,0.002662,乙,卯,木,木,木
2013-04,801960.SI,-0.062516,丙,辰,火,土,土
2013-05,801960.SI,0.096603,丁,巳,火,火,火
2013-06,801960.SI,-0.128379,戊,午,土,火,火
2013-07,801960.SI,-0.036191,己,未,土,土,土
2013-08,801960.SI,0.02916,庚,申,金,金,金
2013-09,801960.SI,0.031427,辛,酉,金,金,金
2013-10,801960.SI,0.085487,壬,戌,水,土,土
2013-11,801960.SI,0.029825,癸,亥,水,水,水
2013-12,801960.SI,-0.064586,甲,子,木,水,水
2014-01,801960.SI,-0.018713,乙,丑,木,土,土
2014-02,801960.SI,0.064739,丙,寅,火,木,木
2014-03,801960.SI,-0.058409,丁,卯,火,木,木
2014-04,801960.SI,-0.036223,戊,辰,土,土,土
2014-05,801960.SI,0.023575,己,巳,土,火,火
2014-06,801960.SI,0.018845,庚,午,金,火,火
2014-07,801960.SI,0.057619,辛,未,金,土,土
2014-08,801960.SI,0.050104,壬,申,水,金,金
2014-09,801960.SI,0.040751,癸,酉,水,金,金
2014-10,801960.SI,-0.029268,甲,戌,木,土,土
2014-11,801960.SI,0.008282,乙,亥,木,水,水
2014-12,801960.SI,0.091116,丙,子,火,水,水
2015-01,801960.SI,0.008614,丁,丑,火,土,土
2015-02,801960.SI,0.038193,戊,寅,土,木,木
2015-03,801960.SI,0.113644,己,卯,土,木,木
2015-04,801960.SI,0.230535,庚,辰,金,土,土
2015-05,801960.SI,0.00793,辛,巳,金,火,火
2015-06,801960.SI,-0.015069,壬,午,水,火,火
2015-07,801960.SI,-0.194681,癸,未,水,土,土
2015-08,801960.SI,-0.154022,甲,申,木,金,金
2015-09,801960.SI,-0.047982,乙,酉,木,金,金
2015-10,801960.SI,0.093969,丙,戌,火,土,土
2015-11,801960.SI,0.006697,丁,亥,火,水,水
2015-12,801960.SI,0.034802,戊,子,土,水,水
2016-01,801960.SI,-0.22564,己,丑,土,土,土
2016-02,801960.SI,0.019172,庚,寅,金,木,木
2016-03,801960.SI,0.096585,辛,卯,金,木,木
2016-04,801960.SI,0.013981,壬,辰,水,土,土
2016-05,801960.SI,-0.047014,癸,巳,水,火,火
2016-06,801960.SI,0.00209,甲,午,木,火,火
2016-07,801960.SI,0.003893,乙,未,木,土,土
2016-08,801960.SI,0.033389,丙,申,火,金,金
2016-09,801960.SI,-0.007807,丁,酉,火,金,金
2016-10,801960.SI,0.032238,戊,戌,土,土,土
2016-11,801960.SI,0.046909,己,亥,土,水,水
2016-12,801960.SI,0.032886,庚,子,金,水,水
2017-01,801960.SI,0.022874,辛,丑,金,土,土
2017-02,801960.SI,-0.002756,壬,寅,水,木,木
2017-03,801960.SI,-0.037869,癸,卯,水,木,木
2017-04,801960.SI,-0.043328,甲,辰,木,土,土
2017-05,801960.SI,-0.010934,乙,巳,木,火,火
2017-06,801960.SI,-0.01487,丙,午,火,火,火
2017-07,801960.SI,0.030263,丁,未,火,土,土
2017-08,801960.SI,0.005752,戊,申,土,金,金
2017-09,801960.SI,-0.01011,己,酉,土,金,金
2017-10,801960.SI,-0.017547,庚,戌,金,土,土
2017-11,801960.SI,0.00854,辛,亥,金,水,水
2017-12,801960.SI,0.025192,壬,子,水,水,水
2018-01,801960.SI,0.077028,癸,丑,水,土,土
2018-02,801960.SI,-0.080027,甲,寅,木,木,木
2018-03,801960.SI,-0.011609,乙,卯,木,木,木
2018-04,801960.SI,-0.02437,丙,辰,火,土,土
2018-05,801960.SI,0.038745,丁,巳,火,火,火
2018-06,801960.SI,-0.083227,戊,午,土,火,火
2018-07,801960.SI,0.041183,己,未,土,土,土
2018-08,801960.SI,-0.010025,庚,申,金,金,金
2018-09,801960.SI,0.061008,辛,酉,金,金,金
2018-10,801960.SI,-0.129109,壬,戌,水,土,土
2018-11,801960.SI,-0.063679,癸,亥,水,水,水
2018-12,801960.SI,-0.078844,甲,子,木,水,水
2019-01,801960.SI,0.033181,乙,丑,木,土,土
2019-02,801960.SI,0.128616,丙,寅,火,木,木
2019-03,801960.SI,0.051065,丁,卯,火,木,木
2019-04,801960.SI,-0.002611,戊,辰,土,土,土
2019-05,801960.SI,-0.070913,己,巳,土,火,火
2019-06,801960.SI,-0.002875,庚,午,金,火,火
2019-07,801960.SI,-0.047416,辛,未,金,土,土
2019-08,801960.SI,-0.048155,壬,申,水,金,金
2019-09,801960.SI,0.026036,癸,酉,水,金,金
2019-10,801960.SI,0.009302,甲,戌,木,土,土
2019-11,801960.SI,-0.005058,乙,亥,木,水,水
2019-12,801960.SI,0.050411,丙,子,火,水,水
2020-01,801960.SI,-0.0258,丁,丑,火,土,土
2020-02,801960.SI,-0.06722,戊,寅,土,木,木
2020-03,801960.SI,-0.080129,己,卯,土,木,木
2020-04,801960.SI,0.008754,庚,辰,金,土,土
2020-05,801960.SI,-0.036255,辛,巳,金,火,火
2020-06,801960.SI,0.010617,壬,午,水,火,火
2020-07,801960.SI,0.128386,癸,未,水,土,土
2020-08,801960.SI,0.073789,甲,申,木,金,金
2020-09,801960.SI,-0.082088,乙,酉,木,金,金
2020-10,801960.SI,0.014976,丙,戌,火,土,土
2020-11,801960.SI,0.164871,丁,亥,火,水,水
2020-12,801960.SI,-0.011796,戊,子,土,水,水
2021-01,801960.SI,0.102044,己,丑,土,土,土
2021-02,801960.SI,0.080083,庚,寅,金,木,木
2021-03,801960.SI,-0.091311,辛,卯,金,木,木
2021-04,801960.SI,-0.000783,壬,辰,水,土,土
2021-05,801960.SI,0.013514,癸,巳,水,火,火
2021-06,801960.SI,0.039201,甲,午,木,火,火
2021-07,801960.SI,0.015532,乙,未,木,土,土
2021-08,801960.SI,0.085028,丙,申,火,金,金
2021-09,801960.SI,0.053374,丁,酉,火,金,金
2021-10,801960.SI,-0.091477,戊,戌,土,土,土
2021-11,801960.SI,-0.043823,己,亥,土,水,水
2021-12,801960.SI,0.047725,庚,子,金,水,水
2022-01,801960.SI,-0.048409,辛,丑,金,土,土
2022-02,801960.SI,0.089533,壬,寅,水,木,木
2022-03,801960.SI,-0.117442,癸,卯,水,木,木
2022-04,801960.SI,-0.048976,甲,辰,木,土,土
2022-05,801960.SI,0.134302,乙,巳,木,火,火
2022-06,801960.SI,-0.033497,丙,午,火,火,火
2022-07,801960.SI,-0.03647,丁,未,火,土,土
2022-08,801960.SI,0.041398,戊,申,土,金,金
2022-09,801960.SI,-0.052332,己,酉,土,金,金
2022-10,801960.SI,-0.08846,庚,戌,金,土,土
2022-11,801960.SI,0.104573,辛,亥,金,水,水
2022-12,801960.SI,-0.057654,壬,子,水,水,水
2023-01,801960.SI,0.078993,癸,丑,水,土,土
2023-02,801960.SI,0.020037,甲,寅,木,木,木
2023-03,801960.SI,0.005146,乙,卯,木,木,木
2023-04,801960.SI,0.057465,丙,辰,火,土,土
2023-05,801960.SI,-0.080792,丁,巳,火,火,火
2023-06,801960.SI,-0.0025,戊,午,土,火,火
2023-07,801960.SI,0.043415,己,未,土,土,土
2023-08,801960.SI,-0.033428,庚,申,金,金,金
2023-09,801960.SI,0.034854,辛,酉,金,金,金
2023-10,801960.SI,-0.053834,壬,戌,水,土,土
2023-11,801960.SI,-0.007315,癸,亥,水,水,水
2023-12,801960.SI,-0.007911,甲,子,木,水,水
2024-01,801960.SI,-0.012187,乙,丑,木,土,土
2024-02,801960.SI,0.056035,丙,寅,火,木,木
2024-03,801960.SI,0.060064,丁,卯,火,木,木
2024-04,801960.SI,0.009201,戊,辰,土,土,土
2024-05,801960.SI,-0.013246,己,巳,土,火,火
2024-06,801960.SI,-0.020186,庚,午,金,火,火
2024-07,801960.SI,-0.055754,辛,未,金,土,土
2024-08,801960.SI,-0.000972,壬,申,水,金,金
2024-09,801960.SI,0.081303,癸,酉,水,金,金
2024-10,801960.SI,-0.070849,甲,戌,木,土,土
2024-11,801960.SI,0.021935,乙,亥,木,水,水
2024-12,801960.SI,0.015979,丙,子,火,水,水
2025-01,801960.SI,-0.042218,丁,丑,火,土,土
2025-02,801960.SI,-0.010623,戊,寅,土,木,木
2025-03,801960.SI,-0.006954,己,卯,土,木,木
2025-04,801960.SI,-0.021147,庚,辰,金,土,土
2025-05,801960.SI,0.018819,辛,巳,金,火,火
2025-06,801960.SI,0.014496,壬,午,水,火,火
2025-07,801960.SI,0.045083,癸,未,水,土,土
2025-08,801960.SI,0.013728,甲,申,木,金,金
2025-09,801960.SI,-0.039527,乙,酉,木,金,金
2025-10,801960.SI,0.04727,丙,戌,火,土,土
2025-11,801960.SI,0.028953,丁,亥,火,水,水
2025-12,801960.SI,0.070077,戊,子,土,水,水
2026-01,801960.SI,0.163055,己,丑,土,土,土
2026-02,801960.SI,0.024387,庚,寅,金,木,木
2026-03,801960.SI,-0.031708,辛,卯,金,木,木
2026-04,801960.SI,0.045674,壬,辰,水,土,土
2026-05,801960.SI,-0.070095,癸,巳,水,火,火
2010-01,801970.SI,,丁,丑,火,土,土
2010-02,801970.SI,0.12749,戊,寅,土,木,木
2010-03,801970.SI,0.024638,己,卯,土,木,木
2010-04,801970.SI,-0.084581,庚,辰,金,土,土
2010-05,801970.SI,-0.096113,辛,巳,金,火,火
2010-06,801970.SI,-0.10961,壬,午,水,火,火
2010-07,801970.SI,0.112251,癸,未,水,土,土
2010-08,801970.SI,0.047622,甲,申,木,金,金
2010-09,801970.SI,0.036052,乙,酉,木,金,金
2010-10,801970.SI,0.059634,丙,戌,火,土,土
2010-11,801970.SI,0.040427,丁,亥,火,水,水
2010-12,801970.SI,-0.001304,戊,子,土,水,水
2011-01,801970.SI,-0.023899,己,丑,土,土,土
2011-02,801970.SI,0.056165,庚,寅,金,木,木
2011-03,801970.SI,-0.053643,辛,卯,金,木,木
2011-04,801970.SI,-0.06331,壬,辰,水,土,土
2011-05,801970.SI,-0.065161,癸,巳,水,火,火
2011-06,801970.SI,0.032555,甲,午,木,火,火
2011-07,801970.SI,0.015693,乙,未,木,土,土
2011-08,801970.SI,-0.020364,丙,申,火,金,金
2011-09,801970.SI,-0.11471,丁,酉,火,金,金
2011-10,801970.SI,0.117892,戊,戌,土,土,土
2011-11,801970.SI,-0.031368,己,亥,土,水,水
2011-12,801970.SI,-0.122354,庚,子,金,水,水
2012-01,801970.SI,-0.065847,辛,丑,金,土,土
2012-02,801970.SI,0.110192,壬,寅,水,木,木
2012-03,801970.SI,-0.086296,癸,卯,水,木,木
2012-04,801970.SI,0.055515,甲,辰,木,土,土
2012-05,801970.SI,0.071474,乙,巳,木,火,火
2012-06,801970.SI,-0.045486,丙,午,火,火,火
2012-07,801970.SI,-0.077836,丁,未,火,土,土
2012-08,801970.SI,0.011438,戊,申,土,金,金
2012-09,801970.SI,-0.007186,己,酉,土,金,金
2012-10,801970.SI,0.006525,庚,戌,金,土,土
2012-11,801970.SI,-0.097636,辛,亥,金,水,水
2012-12,801970.SI,0.189752,壬,子,水,水,水
2013-01,801970.SI,0.080909,癸,丑,水,土,土
2013-02,801970.SI,0.157729,甲,寅,木,木,木
2013-03,801970.SI,0.017391,乙,卯,木,木,木
2013-04,801970.SI,-0.034832,丙,辰,火,土,土
2013-05,801970.SI,0.226109,丁,巳,火,火,火
2013-06,801970.SI,-0.139306,戊,午,土,火,火
2013-07,801970.SI,0.115071,己,未,土,土,土
2013-08,801970.SI,-0.045711,庚,申,金,金,金
2013-09,801970.SI,0.059717,辛,酉,金,金,金
2013-10,801970.SI,0.070286,壬,戌,水,土,土
2013-11,801970.SI,0.055593,癸,亥,水,水,水
2013-12,801970.SI,-0.059191,甲,子,木,水,水
2014-01,801970.SI,-0.030541,乙,丑,木,土,土
2014-02,801970.SI,0.01296,丙,寅,火,木,木
2014-03,801970.SI,-0.076677,丁,卯,火,木,木
2014-04,801970.SI,-0.02395,戊,辰,土,土,土
2014-05,801970.SI,-0.019522,己,巳,土,火,火
2014-06,801970.SI,0.055369,庚,午,金,火,火
2014-07,801970.SI,0.022522,辛,未,金,土,土
2014-08,801970.SI,0.08634,壬,申,水,金,金
2014-09,801970.SI,0.085934,癸,酉,水,金,金
2014-10,801970.SI,0.00816,甲,戌,木,土,土
2014-11,801970.SI,0.051744,乙,亥,木,水,水
2014-12,801970.SI,0.085962,丙,子,火,水,水
2015-01,801970.SI,0.016836,丁,丑,火,土,土
2015-02,801970.SI,0.078106,戊,寅,土,木,木
2015-03,801970.SI,0.174533,己,卯,土,木,木
2015-04,801970.SI,0.169963,庚,辰,金,土,土
2015-05,801970.SI,0.188874,辛,巳,金,火,火
2015-06,801970.SI,-0.143621,壬,午,水,火,火
2015-07,801970.SI,-0.125462,癸,未,水,土,土
2015-08,801970.SI,-0.125523,甲,申,木,金,金
2015-09,801970.SI,-0.038227,乙,酉,木,金,金
2015-10,801970.SI,0.198705,丙,戌,火,土,土
2015-11,801970.SI,0.055205,丁,亥,火,水,水
2015-12,801970.SI,0.001265,戊,子,土,水,水
2016-01,801970.SI,-0.281406,己,丑,土,土,土
2016-02,801970.SI,-0.019406,庚,寅,金,木,木
2016-03,801970.SI,0.12658,辛,卯,金,木,木
2016-04,801970.SI,-0.005052,壬,辰,水,土,土
2016-05,801970.SI,-0.026908,癸,巳,水,火,火
2016-06,801970.SI,0.016398,甲,午,木,火,火
2016-07,801970.SI,0.02076,乙,未,木,土,土
2016-08,801970.SI,0.095547,丙,申,火,金,金
2016-09,801970.SI,0.006759,丁,酉,火,金,金
2016-10,801970.SI,0.011696,戊,戌,土,土,土
2016-11,801970.SI,0.01297,己,亥,土,水,水
2016-12,801970.SI,-0.050194,庚,子,金,水,水
2017-01,801970.SI,-0.013525,辛,丑,金,土,土
2017-02,801970.SI,0.046229,壬,寅,水,木,木
2017-03,801970.SI,0.014703,癸,卯,水,木,木
2017-04,801970.SI,0.083138,甲,辰,木,土,土
2017-05,801970.SI,-0.074227,乙,巳,木,火,火
2017-06,801970.SI,0.013846,丙,午,火,火,火
2017-07,801970.SI,-0.084435,丁,未,火,土,土
2017-08,801970.SI,0.055089,戊,申,土,金,金
2017-09,801970.SI,0.002216,己,酉,土,金,金
2017-10,801970.SI,0.012032,庚,戌,金,土,土
2017-11,801970.SI,-0.069585,辛,亥,金,水,水
2017-12,801970.SI,0.003588,壬,子,水,水,水
2018-01,801970.SI,-0.074794,癸,丑,水,土,土
2018-02,801970.SI,-0.047184,甲,寅,木,木,木
2018-03,801970.SI,0.015789,乙,卯,木,木,木
2018-04,801970.SI,-0.046648,丙,辰,火,土,土
2018-05,801970.SI,-0.049282,丁,巳,火,火,火
2018-06,801970.SI,-0.096791,戊,午,土,火,火
2018-07,801970.SI,-0.014057,己,未,土,土,土
2018-08,801970.SI,-0.130979,庚,申,金,金,金
2018-09,801970.SI,-0.015103,辛,酉,金,金,金
2018-10,801970.SI,-0.132866,壬,戌,水,土,土
2018-11,801970.SI,0.054669,癸,亥,水,水,水
2018-12,801970.SI,-0.038868,甲,子,木,水,水
2019-01,801970.SI,-0.061844,乙,丑,木,土,土
2019-02,801970.SI,0.228336,丙,寅,火,木,木
2019-03,801970.SI,0.062224,丁,卯,火,木,木
2019-04,801970.SI,-0.047821,戊,辰,土,土,土
2019-05,801970.SI,-0.088052,己,巳,土,火,火
2019-06,801970.SI,0.082257,庚,午,金,火,火
2019-07,801970.SI,-0.072405,辛,未,金,土,土
2019-08,801970.SI,-0.042629,壬,申,水,金,金
2019-09,801970.SI,-0.011973,癸,酉,水,金,金
2019-10,801970.SI,-0.001466,甲,戌,木,土,土
2019-11,801970.SI,-0.033415,乙,亥,木,水,水
2019-12,801970.SI,0.031629,丙,子,火,水,水
2020-01,801970.SI,0.008838,丁,丑,火,土,土
2020-02,801970.SI,0.012475,戊,寅,土,木,木
2020-03,801970.SI,-0.040861,己,卯,土,木,木
2020-04,801970.SI,0.040248,庚,辰,金,土,土
2020-05,801970.SI,-0.024648,辛,巳,金,火,火
2020-06,801970.SI,0.015482,壬,午,水,火,火
2020-07,801970.SI,0.111264,癸,未,水,土,土
2020-08,801970.SI,0.062915,甲,申,木,金,金
2020-09,801970.SI,-0.094758,乙,酉,木,金,金
2020-10,801970.SI,-0.020608,丙,戌,火,土,土
2020-11,801970.SI,-0.003035,丁,亥,火,水,水
2020-12,801970.SI,-0.065092,戊,子,土,水,水
2021-01,801970.SI,-0.073712,己,丑,土,土,土
2021-02,801970.SI,0.086218,庚,寅,金,木,木
2021-03,801970.SI,0.102318,辛,卯,金,木,木
2021-04,801970.SI,-0.081109,壬,辰,水,土,土
2021-05,801970.SI,0.03072,癸,巳,水,火,火
2021-06,801970.SI,-0.024351,甲,午,木,火,火
2021-07,801970.SI,0.002736,乙,未,木,土,土
2021-08,801970.SI,0.117259,丙,申,火,金,金
2021-09,801970.SI,0.025485,丁,酉,火,金,金
2021-10,801970.SI,-0.091258,戊,戌,土,土,土
2021-11,801970.SI,0.09765,己,亥,土,水,水
2021-12,801970.SI,0.027222,庚,子,金,水,水
2022-01,801970.SI,-0.10202,辛,丑,金,土,土
2022-02,801970.SI,0.077049,壬,寅,水,木,木
2022-03,801970.SI,-0.095402,癸,卯,水,木,木
2022-04,801970.SI,-0.152555,甲,辰,木,土,土
2022-05,801970.SI,0.103151,乙,巳,木,火,火
2022-06,801970.SI,0.021833,丙,午,火,火,火
2022-07,801970.SI,0.053252,丁,未,火,土,土
2022-08,801970.SI,-0.060363,戊,申,土,金,金
2022-09,801970.SI,-0.091941,己,酉,土,金,金
2022-10,801970.SI,0.007002,庚,戌,金,土,土
2022-11,801970.SI,0.074693,辛,亥,金,水,水
2022-12,801970.SI,-0.050719,壬,子,水,水,水
2023-01,801970.SI,0.05955,癸,丑,水,土,土
2023-02,801970.SI,0.017879,甲,寅,木,木,木
2023-03,801970.SI,-0.037462,乙,卯,木,木,木
2023-04,801970.SI,-0.025451,丙,辰,火,土,土
2023-05,801970.SI,0.004782,丁,巳,火,火,火
2023-06,801970.SI,-0.004376,戊,午,土,火,火
2023-07,801970.SI,0.029194,己,未,土,土,土
2023-08,801970.SI,-0.038604,庚,申,金,金,金
2023-09,801970.SI,-0.022885,辛,酉,金,金,金
2023-10,801970.SI,-0.024668,壬,戌,水,土,土
2023-11,801970.SI,0.013372,癸,亥,水,水,水
2023-12,801970.SI,-0.038756,甲,子,木,水,水
2024-01,801970.SI,-0.119788,乙,丑,木,土,土
2024-02,801970.SI,0.011527,丙,寅,火,木,木
2024-03,801970.SI,0.049339,丁,卯,火,木,木
2024-04,801970.SI,0.010307,戊,辰,土,土,土
2024-05,801970.SI,-0.010447,己,巳,土,火,火
2024-06,801970.SI,-0.093795,庚,午,金,火,火
2024-07,801970.SI,0.019011,辛,未,金,土,土
2024-08,801970.SI,-0.058542,壬,申,水,金,金
2024-09,801970.SI,0.204014,癸,酉,水,金,金
2024-10,801970.SI,0.087791,甲,戌,木,土,土
2024-11,801970.SI,0.007957,乙,亥,木,水,水
2024-12,801970.SI,-0.049854,丙,子,火,水,水
2025-01,801970.SI,-0.042281,丁,丑,火,土,土
2025-02,801970.SI,0.047469,戊,寅,土,木,木
2025-03,801970.SI,0.028183,己,卯,土,木,木
2025-04,801970.SI,-0.030842,庚,辰,金,土,土
2025-05,801970.SI,0.068293,辛,巳,金,火,火
2025-06,801970.SI,0.010759,壬,午,水,火,火
2025-07,801970.SI,0.016008,癸,未,水,土,土
2025-08,801970.SI,0.052786,甲,申,木,金,金
2025-09,801970.SI,0.007723,乙,酉,木,金,金
2025-10,801970.SI,0.025834,丙,戌,火,土,土
2025-11,801970.SI,-0.020233,丁,亥,火,水,水
2025-12,801970.SI,-0.000388,戊,子,土,水,水
2026-01,801970.SI,0.059362,己,丑,土,土,土
2026-02,801970.SI,0.077272,庚,寅,金,木,木
2026-03,801970.SI,-0.081049,辛,卯,金,木,木
2026-04,801970.SI,0.068805,壬,辰,水,土,土
2026-05,801970.SI,0.027965,癸,巳,水,火,火
2010-01,801980.SI,,丁,丑,火,土,土
2010-02,801980.SI,0.043533,戊,寅,土,木,木
2010-03,801980.SI,0.08231,己,卯,土,木,木
2010-04,801980.SI,0.00688,庚,辰,金,土,土
2010-05,801980.SI,-0.009363,辛,巳,金,火,火
2010-06,801980.SI,-0.110741,壬,午,水,火,火
2010-07,801980.SI,0.128725,癸,未,水,土,土
2010-08,801980.SI,0.096451,甲,申,木,金,金
2010-09,801980.SI,0.038769,乙,酉,木,金,金
2010-10,801980.SI,-0.022573,丙,戌,火,土,土
2010-11,801980.SI,0.024171,丁,亥,火,水,水
2010-12,801980.SI,-0.01491,戊,子,土,水,水
2011-01,801980.SI,-0.019498,己,丑,土,土,土
2011-02,801980.SI,0.045398,庚,寅,金,木,木
2011-03,801980.SI,-0.009762,辛,卯,金,木,木
2011-04,801980.SI,-0.041738,壬,辰,水,土,土
2011-05,801980.SI,-0.019128,癸,巳,水,火,火
2011-06,801980.SI,0.011193,甲,午,木,火,火
2011-07,801980.SI,0.021876,乙,未,木,土,土
2011-08,801980.SI,-0.004624,丙,申,火,金,金
2011-09,801980.SI,-0.159984,丁,酉,火,金,金
2011-10,801980.SI,0.074981,戊,戌,土,土,土
2011-11,801980.SI,0.025692,己,亥,土,水,水
2011-12,801980.SI,-0.162213,庚,子,金,水,水
2012-01,801980.SI,-0.053296,辛,丑,金,土,土
2012-02,801980.SI,0.095203,壬,寅,水,木,木
2012-03,801980.SI,-0.06633,癸,卯,水,木,木
2012-04,801980.SI,0.048993,甲,辰,木,土,土
2012-05,801980.SI,0.064435,乙,巳,木,火,火
2012-06,801980.SI,-0.010262,丙,午,火,火,火
2012-07,801980.SI,0.007985,丁,未,火,土,土
2012-08,801980.SI,0.089458,戊,申,土,金,金
2012-09,801980.SI,0.010574,己,酉,土,金,金
2012-10,801980.SI,0.050809,庚,戌,金,土,土
2012-11,801980.SI,-0.083169,辛,亥,金,水,水
2012-12,801980.SI,0.094909,壬,子,水,水,水
2013-01,801980.SI,0.13028,癸,丑,水,土,土
2013-02,801980.SI,0.062802,甲,寅,木,木,木
2013-03,801980.SI,0.072932,乙,卯,木,木,木
2013-04,801980.SI,-0.006524,丙,辰,火,土,土
2013-05,801980.SI,-0.043287,丁,巳,火,火,火
2013-06,801980.SI,-0.0299,戊,午,土,火,火
2013-07,801980.SI,0.093144,己,未,土,土,土
2013-08,801980.SI,0.118813,庚,申,金,金,金
2013-09,801980.SI,-0.155853,辛,酉,金,金,金
2013-10,801980.SI,-0.052579,壬,戌,水,土,土
2013-11,801980.SI,0.040931,癸,亥,水,水,水
2013-12,801980.SI,0.002794,甲,子,木,水,水
2014-01,801980.SI,-0.115924,乙,丑,木,土,土
2014-02,801980.SI,-0.013788,丙,寅,火,木,木
2014-03,801980.SI,0.016094,丁,卯,火,木,木
2014-04,801980.SI,0.018549,戊,辰,土,土,土
2014-05,801980.SI,-0.05735,己,巳,土,火,火
2014-06,801980.SI,0.093996,庚,午,金,火,火
2014-07,801980.SI,0.004312,辛,未,金,土,土
2014-08,801980.SI,0.013713,壬,申,水,金,金
2014-09,801980.SI,0.074249,癸,酉,水,金,金
2014-10,801980.SI,-0.0052,甲,戌,木,土,土
2014-11,801980.SI,-0.008963,乙,亥,木,水,水
2014-12,801980.SI,-0.043508,丙,子,火,水,水
2015-01,801980.SI,0.082471,丁,丑,火,土,土
2015-02,801980.SI,0.029864,戊,寅,土,木,木
2015-03,801980.SI,0.176461,己,卯,土,木,木
2015-04,801980.SI,0.105111,庚,辰,金,土,土
2015-05,801980.SI,0.107064,辛,巳,金,火,火
2015-06,801980.SI,-0.079191,壬,午,水,火,火
2015-07,801980.SI,-0.207139,癸,未,水,土,土
2015-08,801980.SI,-0.084899,甲,申,木,金,金
2015-09,801980.SI,-0.017928,乙,酉,木,金,金
2015-10,801980.SI,0.1331,丙,戌,火,土,土
2015-11,801980.SI,0.052511,丁,亥,火,水,水
2015-12,801980.SI,0.133099,戊,子,土,水,水
2016-01,801980.SI,-0.240771,己,丑,土,土,土
2016-02,801980.SI,-0.012304,庚,寅,金,木,木
2016-03,801980.SI,0.089667,辛,卯,金,木,木
2016-04,801980.SI,-0.005898,壬,辰,水,土,土
2016-05,801980.SI,-0.006987,癸,巳,水,火,火
2016-06,801980.SI,0.032737,甲,午,木,火,火
2016-07,801980.SI,0.01392,乙,未,木,土,土
2016-08,801980.SI,0.005783,丙,申,火,金,金
2016-09,801980.SI,0.0329,丁,酉,火,金,金
2016-10,801980.SI,0.001159,戊,戌,土,土,土
2016-11,801980.SI,0.041156,己,亥,土,水,水
2016-12,801980.SI,-0.020184,庚,子,金,水,水
2017-01,801980.SI,-0.020975,辛,丑,金,土,土
2017-02,801980.SI,0.042302,壬,寅,水,木,木
2017-03,801980.SI,0.049856,癸,卯,水,木,木
2017-04,801980.SI,-0.01448,甲,辰,木,土,土
2017-05,801980.SI,-0.095122,乙,巳,木,火,火
2017-06,801980.SI,0.040505,丙,午,火,火,火
2017-07,801980.SI,-0.059984,丁,未,火,土,土
2017-08,801980.SI,0.06848,戊,申,土,金,金
2017-09,801980.SI,-0.009649,己,酉,土,金,金
2017-10,801980.SI,0.053313,庚,戌,金,土,土
2017-11,801980.SI,-0.080936,辛,亥,金,水,水
2017-12,801980.SI,-0.000956,壬,子,水,水,水
2018-01,801980.SI,-0.051487,癸,丑,水,土,土
2018-02,801980.SI,-0.024937,甲,寅,木,木,木
2018-03,801980.SI,0.120148,乙,卯,木,木,木
2018-04,801980.SI,-0.014105,丙,辰,火,土,土
2018-05,801980.SI,0.080703,丁,巳,火,火,火
2018-06,801980.SI,-0.124437,戊,午,土,火,火
2018-07,801980.SI,0.007009,己,未,土,土,土
2018-08,801980.SI,-0.119275,庚,申,金,金,金
2018-09,801980.SI,-0.035739,辛,酉,金,金,金
2018-10,801980.SI,-0.111987,壬,戌,水,土,土
2018-11,801980.SI,0.046057,癸,亥,水,水,水
2018-12,801980.SI,0.005621,甲,子,木,水,水
2019-01,801980.SI,-0.033444,乙,丑,木,土,土
2019-02,801980.SI,0.184171,丙,寅,火,木,木
2019-03,801980.SI,0.116535,丁,卯,火,木,木
2019-04,801980.SI,-0.061559,戊,辰,土,土,土
2019-05,801980.SI,-0.047515,己,巳,土,火,火
2019-06,801980.SI,0.037179,庚,午,金,火,火
2019-07,801980.SI,0.006378,辛,未,金,土,土
2019-08,801980.SI,0.029847,壬,申,水,金,金
2019-09,801980.SI,0.005783,癸,酉,水,金,金
2019-10,801980.SI,0.02441,甲,戌,木,土,土
2019-11,801980.SI,-0.059384,乙,亥,木,水,水
2019-12,801980.SI,0.061421,丙,子,火,水,水
2020-01,801980.SI,0.010264,丁,丑,火,土,土
2020-02,801980.SI,0.019711,戊,寅,土,木,木
2020-03,801980.SI,0.021726,己,卯,土,木,木
2020-04,801980.SI,0.094648,庚,辰,金,土,土
2020-05,801980.SI,0.168224,辛,巳,金,火,火
2020-06,801980.SI,0.121496,壬,午,水,火,火
2020-07,801980.SI,0.076108,癸,未,水,土,土
2020-08,801980.SI,-0.021901,甲,申,木,金,金
2020-09,801980.SI,-0.087209,乙,酉,木,金,金
2020-10,801980.SI,0.056727,丙,戌,火,土,土
2020-11,801980.SI,-0.022053,丁,亥,火,水,水
2020-12,801980.SI,0.053776,戊,子,土,水,水
2021-01,801980.SI,0.054966,己,丑,土,土,土
2021-02,801980.SI,0.017187,庚,寅,金,木,木
2021-03,801980.SI,-0.00458,辛,卯,金,木,木
2021-04,801980.SI,0.228196,壬,辰,水,土,土
2021-05,801980.SI,0.057415,癸,巳,水,火,火
2021-06,801980.SI,-0.006349,甲,午,木,火,火
2021-07,801980.SI,-0.198946,乙,未,木,土,土
2021-08,801980.SI,-0.055736,丙,申,火,金,金
2021-09,801980.SI,-0.00703,丁,酉,火,金,金
2021-10,801980.SI,0.043682,戊,戌,土,土,土
2021-11,801980.SI,-0.054143,己,亥,土,水,水
2021-12,801980.SI,-0.020286,庚,子,金,水,水
2022-01,801980.SI,-0.140926,辛,丑,金,土,土
2022-02,801980.SI,0.042863,壬,寅,水,木,木
2022-03,801980.SI,-0.043003,癸,卯,水,木,木
2022-04,801980.SI,-0.017492,甲,辰,木,土,土
2022-05,801980.SI,0.054234,乙,巳,木,火,火
2022-06,801980.SI,0.105642,丙,午,火,火,火
2022-07,801980.SI,-0.021863,丁,未,火,土,土
2022-08,801980.SI,-0.043631,戊,申,土,金,金
2022-09,801980.SI,-0.079571,己,酉,土,金,金
2022-10,801980.SI,-0.068317,庚,戌,金,土,土
2022-11,801980.SI,0.073174,辛,亥,金,水,水
2022-12,801980.SI,0.103251,壬,子,水,水,水
2023-01,801980.SI,0.008103,癸,丑,水,土,土
2023-02,801980.SI,0.02349,甲,寅,木,木,木
2023-03,801980.SI,-0.046643,乙,卯,木,木,木
2023-04,801980.SI,-0.048723,丙,辰,火,土,土
2023-05,801980.SI,-0.065134,丁,巳,火,火,火
2023-06,801980.SI,-0.012482,戊,午,土,火,火
2023-07,801980.SI,0.036671,己,未,土,土,土
2023-08,801980.SI,-0.049454,庚,申,金,金,金
2023-09,801980.SI,-0.065597,辛,酉,金,金,金
2023-10,801980.SI,-0.081595,壬,戌,水,土,土
2023-11,801980.SI,-0.02952,癸,亥,水,水,水
2023-12,801980.SI,-0.04123,甲,子,木,水,水
2024-01,801980.SI,-0.133539,乙,丑,木,土,土
2024-02,801980.SI,0.144267,丙,寅,火,木,木
2024-03,801980.SI,-0.012404,丁,卯,火,木,木
2024-04,801980.SI,-0.001908,戊,辰,土,土,土
2024-05,801980.SI,-0.036887,己,巳,土,火,火
2024-06,801980.SI,-0.089248,庚,午,金,火,火
2024-07,801980.SI,-0.025435,辛,未,金,土,土
2024-08,801980.SI,-0.081266,壬,申,水,金,金
2024-09,801980.SI,0.32021,癸,酉,水,金,金
2024-10,801980.SI,-0.04423,甲,戌,木,土,土
2024-11,801980.SI,-0.00836,乙,亥,木,水,水
2024-12,801980.SI,-0.066418,丙,子,火,水,水
2025-01,801980.SI,-0.037043,丁,丑,火,土,土
2025-02,801980.SI,0.023162,戊,寅,土,木,木
2025-03,801980.SI,0.03412,己,卯,土,木,木
2025-04,801980.SI,0.061485,庚,辰,金,土,土
2025-05,801980.SI,0.025483,辛,巳,金,火,火
2025-06,801980.SI,-0.036109,壬,午,水,火,火
2025-07,801980.SI,0.014927,癸,未,水,土,土
2025-08,801980.SI,0.068409,甲,申,木,金,金
2025-09,801980.SI,-0.050023,乙,酉,木,金,金
2025-10,801980.SI,-0.038448,丙,戌,火,土,土
2025-11,801980.SI,-0.03547,丁,亥,火,水,水
2025-12,801980.SI,-0.017046,戊,子,土,水,水
2026-01,801980.SI,0.004381,己,丑,土,土,土
2026-02,801980.SI,0.027492,庚,寅,金,木,木
2026-03,801980.SI,-0.117544,辛,卯,金,木,木
2026-04,801980.SI,0.016405,壬,辰,水,土,土
2026-05,801980.SI,-0.026243,癸,巳,水,火,火
