交易日期,收盘价,年干支,月干支,日干支,收益率,天干,地支,五行_干,五行_支,月,周,年月
2010-06-02,997.119,庚寅,辛巳,癸未,0.02454294089904474,癸,未,水,土,6,22,2010-06
2010-06-03,998.394,庚寅,辛巳,甲申,0.0012786838882821172,甲,申,木,金,6,22,2010-06
2010-06-04,1027.681,庚寅,辛巳,乙酉,0.029334110581594075,乙,酉,木,金,6,22,2010-06
2010-06-07,1069.468,庚寅,壬午,戊子,0.0406614503917071,戊,子,土,水,6,23,2010-06
2010-06-08,1067.154,庚寅,壬午,己丑,-0.002163692602303313,己,丑,土,土,6,23,2010-06
2010-06-09,1077.823,庚寅,壬午,庚寅,0.009997619837436966,庚,寅,金,木,6,23,2010-06
2010-06-10,1117.478,庚寅,壬午,辛卯,0.03679175523253808,辛,卯,金,木,6,23,2010-06
2010-06-11,1122.199,庚寅,壬午,壬辰,0.004224691671782299,壬,辰,水,土,6,23,2010-06
2010-06-17,1064.839,庚寅,壬午,戊戌,-0.05111392899120404,戊,戌,土,土,6,24,2010-06
2010-06-18,1000.277,庚寅,壬午,己亥,-0.0606307620213008,己,亥,土,水,6,24,2010-06
2010-06-21,1040.802,庚寅,壬午,壬寅,0.04051377768358155,壬,寅,水,木,6,25,2010-06
2010-06-22,1034.995,庚寅,壬午,癸卯,-0.005579351307933744,癸,卯,水,木,6,25,2010-06
2010-06-23,1047.337,庚寅,壬午,甲辰,0.011924695288383136,甲,辰,木,土,6,25,2010-06
2010-06-24,1050.601,庚寅,壬午,乙巳,0.003116475403809993,乙,巳,木,火,6,25,2010-06
2010-06-25,1016.283,庚寅,壬午,丙午,-0.032665112635529625,丙,午,火,火,6,25,2010-06
2010-06-28,987.827,庚寅,壬午,己酉,-0.028000074782319473,己,酉,土,金,6,26,2010-06
2010-06-29,913.309,庚寅,壬午,庚戌,-0.07543628590836249,庚,戌,金,土,6,26,2010-06
2010-06-30,919.314,庚寅,壬午,辛亥,0.006574992691411152,辛,亥,金,水,6,26,2010-06
2010-07-01,882.19,庚寅,壬午,壬子,-0.040382285051679734,壬,子,水,水,7,26,2010-07
2010-07-02,873.12,庚寅,壬午,癸丑,-0.01028123193416386,癸,丑,水,土,7,26,2010-07
2010-07-05,862.268,庚寅,壬午,丙辰,-0.012428990287703834,丙,辰,火,土,7,27,2010-07
2010-07-06,893.718,庚寅,壬午,丁巳,0.036473578980084964,丁,巳,火,火,7,27,2010-07
2010-07-07,908.549,庚寅,癸未,戊午,0.01659472003473139,戊,午,土,火,7,27,2010-07
2010-07-08,905.509,庚寅,癸未,己未,-0.003345994547349629,己,未,土,土,7,27,2010-07
2010-07-09,932.147,庚寅,癸未,庚申,0.02941770871410454,庚,申,金,金,7,27,2010-07
2010-07-12,930.173,庚寅,癸未,癸亥,-0.002117691737462013,癸,亥,水,水,7,28,2010-07
2010-07-13,931.08,庚寅,癸未,甲子,0.0009750874299727652,甲,子,木,水,7,28,2010-07
2010-07-14,922.362,庚寅,癸未,乙丑,-0.009363320015466026,乙,丑,木,土,7,28,2010-07
2010-07-15,892.557,庚寅,癸未,丙寅,-0.03231377702030214,丙,寅,火,木,7,28,2010-07
2010-07-16,892.298,庚寅,癸未,丁卯,-0.0002901775460839584,丁,卯,火,木,7,28,2010-07
2010-07-19,908.049,庚寅,癸未,庚午,0.017652174497757356,庚,午,金,火,7,29,2010-07
2010-07-20,937.017,庚寅,癸未,辛未,0.03190136215116146,辛,未,金,土,7,29,2010-07
2010-07-21,941.25,庚寅,癸未,壬申,0.004517527430131896,壬,申,水,金,7,29,2010-07
2010-07-22,950.209,庚寅,癸未,癸酉,0.0095181938911022,癸,酉,水,金,7,29,2010-07
2010-07-23,960.588,庚寅,癸未,甲戌,0.01092286012866639,甲,戌,木,土,7,29,2010-07
2010-07-26,966.154,庚寅,癸未,丁丑,0.005794367616501539,丁,丑,火,土,7,30,2010-07
2010-07-27,957.967,庚寅,癸未,戊寅,-0.00847380438315215,戊,寅,土,木,7,30,2010-07
2010-07-28,972.534,庚寅,癸未,己卯,0.015206160546240133,己,卯,土,木,7,30,2010-07
2010-07-29,975.362,庚寅,癸未,庚辰,0.002907867488437299,庚,辰,金,土,7,30,2010-07
2010-07-30,968.431,庚寅,癸未,辛巳,-0.007106079588911518,辛,巳,金,火,7,30,2010-07
2010-08-02,994.228,庚寅,癸未,甲申,0.02663793290384131,甲,申,木,金,8,31,2010-08
2010-08-03,975.645,庚寅,癸未,乙酉,-0.018690883781184997,乙,酉,木,金,8,31,2010-08
2010-08-04,978.014,庚寅,癸未,丙戌,0.0024281372835406323,丙,戌,火,土,8,31,2010-08
2010-08-05,987.351,庚寅,癸未,丁亥,0.009546898101663093,丁,亥,火,水,8,31,2010-08
2010-08-06,1011.39,庚寅,癸未,戊子,0.024346964757214096,戊,子,土,水,8,31,2010-08
2010-08-09,1032.339,庚寅,甲申,辛卯,0.020713078041111777,辛,卯,金,木,8,32,2010-08
2010-08-10,993.992,庚寅,甲申,壬辰,-0.0371457437915258,壬,辰,水,土,8,32,2010-08
2010-08-11,1004.637,庚寅,甲申,癸巳,0.01070934172508431,癸,巳,水,火,8,32,2010-08
2010-08-12,991.777,庚寅,甲申,甲午,-0.012800643416477686,甲,午,木,火,8,32,2010-08
2010-08-13,1007.206,庚寅,甲申,乙未,0.01555692459091107,乙,未,木,土,8,32,2010-08
2010-08-16,1030.217,庚寅,甲申,戊戌,0.022846369064521088,戊,戌,土,土,8,33,2010-08
2010-08-17,1033.581,庚寅,甲申,己亥,0.003265331478707667,己,亥,土,水,8,33,2010-08
2010-08-18,1026.722,庚寅,甲申,庚子,-0.006636151399841861,庚,子,金,水,8,33,2010-08
2010-08-19,1025.526,庚寅,甲申,辛丑,-0.0011648722828574432,辛,丑,金,土,8,33,2010-08
2010-08-20,995.944,庚寅,甲申,壬寅,-0.028845685043577762,壬,寅,水,木,8,33,2010-08
2010-08-23,995.613,庚寅,甲申,乙巳,-0.00033234800350212534,乙,巳,木,火,8,34,2010-08
2010-08-24,1004.985,庚寅,甲申,丙午,0.009413296130122761,丙,午,火,火,8,34,2010-08
2010-08-25,976.878,庚寅,甲申,丁未,-0.02796758160569557,丁,未,火,土,8,34,2010-08
2010-08-26,980.63,庚寅,甲申,戊申,0.0038408071427546986,戊,申,土,金,8,34,2010-08
2010-08-27,999.456,庚寅,甲申,己酉,0.01919786259853362,己,酉,土,金,8,34,2010-08
2010-08-30,1024.928,庚寅,甲申,壬子,0.025485864310184736,壬,子,水,水,8,35,2010-08
2010-08-31,1025.57,庚寅,甲申,癸丑,0.0006263854631738397,癸,丑,水,土,8,35,2010-08
2010-09-01,995.586,庚寅,甲申,甲寅,-0.029236424622405055,甲,寅,木,木,9,35,2010-09
2010-09-02,1014.922,庚寅,甲申,乙卯,0.019421727505207986,乙,卯,木,木,9,35,2010-09
2010-09-03,1036.703,庚寅,甲申,丙辰,0.02146076250194584,丙,辰,火,土,9,35,2010-09
2010-09-06,1010.764,庚寅,甲申,己未,-0.025020666478248854,己,未,土,土,9,36,2010-09
2010-09-07,1022.622,庚寅,甲申,庚申,0.011731719768412807,庚,申,金,金,9,36,2010-09
2010-09-08,1026.327,庚寅,乙酉,辛酉,0.00362303959820931,辛,酉,金,金,9,36,2010-09
2010-09-09,1021.832,庚寅,乙酉,壬戌,-0.004379695749989976,壬,戌,水,土,9,36,2010-09
2010-09-10,1034.939,庚寅,乙酉,癸亥,0.012826961770623813,癸,亥,水,水,9,36,2010-09
2010-09-13,1042.482,庚寅,乙酉,丙寅,0.007288352260374609,丙,寅,火,木,9,37,2010-09
2010-09-14,1031.219,庚寅,乙酉,丁卯,-0.010804023474745739,丁,卯,火,木,9,37,2010-09
2010-09-15,990.103,庚寅,乙酉,戊辰,-0.03987125916027545,戊,辰,土,土,9,37,2010-09
2010-09-16,972.602,庚寅,乙酉,己巳,-0.017675938765966737,己,巳,土,火,9,37,2010-09
2010-09-17,972.229,庚寅,乙酉,庚午,-0.00038350733393510694,庚,午,金,火,9,37,2010-09
2010-09-20,949.195,庚寅,乙酉,癸酉,-0.023691949118983313,癸,酉,水,金,9,38,2010-09
2010-09-21,934.461,庚寅,乙酉,甲戌,-0.015522627068199957,甲,戌,木,土,9,38,2010-09
2010-09-27,950.671,庚寅,乙酉,庚辰,0.017346898372430752,庚,辰,金,土,9,39,2010-09
2010-09-28,942.049,庚寅,乙酉,辛巳,-0.00906938362482923,辛,巳,金,火,9,39,2010-09
2010-09-29,926.758,庚寅,乙酉,壬午,-0.01623163975546915,壬,午,水,火,9,39,2010-09
2010-09-30,942.539,庚寅,乙酉,癸未,0.017028177798303235,癸,未,水,土,9,39,2010-09
2010-10-08,959.863,庚寅,丙戌,辛卯,0.018380141299193076,辛,卯,金,木,10,40,2010-10
2010-10-11,947.11,庚寅,丙戌,甲午,-0.013286271061599408,甲,午,木,火,10,41,2010-10
2010-10-12,951.79,庚寅,丙戌,乙未,0.00494134788989653,乙,未,木,土,10,41,2010-10
2010-10-13,962.738,庚寅,丙戌,丙申,0.011502537324409978,丙,申,火,金,10,41,2010-10
2010-10-14,958.495,庚寅,丙戌,丁酉,-0.004407221902532177,丁,酉,火,金,10,41,2010-10
2010-10-15,944.254,庚寅,丙戌,戊戌,-0.014857667489136639,戊,戌,土,土,10,41,2010-10
2010-10-18,932.359,庚寅,丙戌,辛丑,-0.012597246079974256,辛,丑,金,土,10,42,2010-10
2010-10-19,995.922,庚寅,丙戌,壬寅,0.06817438347246063,壬,寅,水,木,10,42,2010-10
2010-10-20,1004.542,庚寅,丙戌,癸卯,0.008655296298304416,癸,卯,水,木,10,42,2010-10
2010-10-21,991.842,庚寅,丙戌,甲辰,-0.012642577413388478,甲,辰,木,土,10,42,2010-10
2010-10-22,1013.448,庚寅,丙戌,乙巳,0.021783711518568394,乙,巳,木,火,10,42,2010-10
2010-10-25,1039.054,庚寅,丙戌,戊申,0.025266219875119456,戊,申,土,金,10,43,2010-10
2010-10-26,1036.007,庚寅,丙戌,己酉,-0.0029324751167889573,己,酉,土,金,10,43,2010-10
2010-10-27,1030.593,庚寅,丙戌,庚戌,-0.005225833416183434,庚,戌,金,土,10,43,2010-10
2010-10-28,1038.622,庚寅,丙戌,辛亥,0.007790660328568011,辛,亥,金,水,10,43,2010-10
2010-10-29,1064.522,庚寅,丙戌,壬子,0.024936887529823037,壬,子,水,水,10,43,2010-10
2010-11-01,1107.523,庚寅,丙戌,乙卯,0.0403946560052304,乙,卯,木,木,11,44,2010-11
2010-11-02,1075.151,庚寅,丙戌,丙辰,-0.02922918982269429,丙,辰,火,土,11,44,2010-11
2010-11-03,1040.621,庚寅,丙戌,丁巳,-0.03211641899602935,丁,巳,火,火,11,44,2010-11
2010-11-04,1057.714,庚寅,丙戌,戊午,0.016425768843796096,戊,午,土,火,11,44,2010-11
2010-11-05,1072.219,庚寅,丙戌,己未,0.013713536929642611,己,未,土,土,11,44,2010-11
2010-11-08,1107.061,庚寅,丁亥,壬戌,0.032495227187729236,壬,戌,水,土,11,45,2010-11
2010-11-09,1115.648,庚寅,丁亥,癸亥,0.007756573486013885,癸,亥,水,水,11,45,2010-11
2010-11-10,1141.582,庚寅,丁亥,甲子,0.023245683226250646,甲,子,木,水,11,45,2010-11
2010-11-11,1132.722,庚寅,丁亥,乙丑,-0.007761159513727578,乙,丑,木,土,11,45,2010-11
2010-11-12,1082.24,庚寅,丁亥,丙寅,-0.04456698113040969,丙,寅,火,木,11,45,2010-11
2010-11-15,1148.539,庚寅,丁亥,己巳,0.061260903311649795,己,巳,土,火,11,46,2010-11
2010-11-16,1126.175,庚寅,丁亥,庚午,-0.019471694039122744,庚,午,金,火,11,46,2010-11
2010-11-17,1085.349,庚寅,丁亥,辛未,-0.03625191466690347,辛,未,金,土,11,46,2010-11
2010-11-18,1102.845,庚寅,丁亥,壬申,0.016120160427659735,壬,申,水,金,11,46,2010-11
2010-11-19,1153.171,庚寅,丁亥,癸酉,0.04563288585431313,癸,酉,水,金,11,46,2010-11
2010-11-22,1174.938,庚寅,丁亥,丙子,0.018875778180339253,丙,子,火,水,11,47,2010-11
2010-11-23,1183.502,庚寅,丁亥,丁丑,0.007288895243833915,丁,丑,火,土,11,47,2010-11
2010-11-24,1208.45,庚寅,丁亥,戊寅,0.021079812285910826,戊,寅,土,木,11,47,2010-11
2010-11-25,1186.358,庚寅,丁亥,己卯,-0.018281269394679223,己,卯,土,木,11,47,2010-11
2010-11-26,1196.019,庚寅,丁亥,庚辰,0.008143410336509005,庚,辰,金,土,11,47,2010-11
2010-11-29,1220.11,庚寅,丁亥,癸未,0.020142656596592534,癸,未,水,土,11,48,2010-11
2010-11-30,1181.504,庚寅,丁亥,甲申,-0.031641409381121366,甲,申,木,金,11,48,2010-11
2010-12-01,1177.175,庚寅,丁亥,乙酉,-0.003663974053409902,乙,酉,木,金,12,48,2010-12
2010-12-02,1177.84,庚寅,丁亥,丙戌,0.0005649117590842412,丙,戌,火,土,12,48,2010-12
2010-12-03,1157.939,庚寅,丁亥,丁亥,-0.016896182843170404,丁,亥,火,水,12,48,2010-12
2010-12-06,1134.383,庚寅,丁亥,庚寅,-0.020343040522860067,庚,寅,金,木,12,49,2010-12
2010-12-07,1161.692,庚寅,戊子,辛卯,0.02407387980955278,辛,卯,金,木,12,49,2010-12
2010-12-08,1160.239,庚寅,戊子,壬辰,-0.0012507618198283055,壬,辰,水,土,12,49,2010-12
2010-12-09,1144.531,庚寅,戊子,癸巳,-0.013538589893978825,癸,巳,水,火,12,49,2010-12
2010-12-10,1166.801,庚寅,戊子,甲午,0.019457751690430403,甲,午,木,火,12,49,2010-12
2010-12-13,1209.271,庚寅,戊子,丁酉,0.0363986660964466,丁,酉,火,金,12,50,2010-12
2010-12-14,1218.52,庚寅,戊子,戊戌,0.007648409661688671,戊,戌,土,土,12,50,2010-12
2010-12-15,1211.804,庚寅,戊子,己亥,-0.005511604241210555,己,亥,土,水,12,50,2010-12
2010-12-16,1225.03,庚寅,戊子,庚子,0.010914306273951846,庚,子,金,水,12,50,2010-12
2010-12-17,1232.982,庚寅,戊子,辛丑,0.006491269601560878,辛,丑,金,土,12,50,2010-12
2010-12-20,1212.337,庚寅,戊子,甲辰,-0.01674395895479408,甲,辰,木,土,12,51,2010-12
2010-12-21,1215.022,庚寅,戊子,乙巳,0.002214730722563063,乙,巳,木,火,12,51,2010-12
2010-12-22,1201.647,庚寅,戊子,丙午,-0.011008031130300577,丙,午,火,火,12,51,2010-12
2010-12-23,1176.364,庚寅,戊子,丁未,-0.02104028887019227,丁,未,火,土,12,51,2010-12
2010-12-24,1144.502,庚寅,戊子,戊申,-0.027085153914944815,戊,申,土,金,12,51,2010-12
2010-12-27,1105.296,庚寅,戊子,辛亥,-0.034255947128095765,辛,亥,金,水,12,52,2010-12
2010-12-28,1091.483,庚寅,戊子,壬子,-0.012497104847932206,壬,子,水,水,12,52,2010-12
2010-12-29,1113.31,庚寅,戊子,癸丑,0.019997562948758763,癸,丑,水,土,12,52,2010-12
2010-12-30,1117.214,庚寅,戊子,甲寅,0.003506660319228194,甲,寅,木,木,12,52,2010-12
2010-12-31,1137.662,庚寅,戊子,乙卯,0.018302670750635075,乙,卯,木,木,12,52,2010-12
2011-01-04,1155.106,庚寅,戊子,己未,0.015333200897982069,己,未,土,土,1,1,2011-01
2011-01-05,1155.349,庚寅,戊子,庚申,0.00021037030367776488,庚,申,金,金,1,1,2011-01
2011-01-06,1134.792,庚寅,己丑,辛酉,-0.01779289201790979,辛,酉,金,金,1,1,2011-01
2011-01-07,1126.517,庚寅,己丑,壬戌,-0.007292085245577895,壬,戌,水,土,1,1,2011-01
2011-01-10,1093.765,庚寅,己丑,乙丑,-0.02907368464035598,乙,丑,木,土,1,2,2011-01
2011-01-11,1078.365,庚寅,己丑,丙寅,-0.014079806905505365,丙,寅,火,木,1,2,2011-01
2011-01-12,1089.673,庚寅,己丑,丁卯,0.01048624538073839,丁,卯,火,木,1,2,2011-01
2011-01-13,1093.856,庚寅,己丑,戊辰,0.0038387663087917634,戊,辰,土,土,1,2,2011-01
2011-01-14,1067.418,庚寅,己丑,己巳,-0.024169543340256894,己,巳,土,火,1,2,2011-01
2011-01-17,1028.161,庚寅,己丑,壬申,-0.03677753232566794,壬,申,水,金,1,3,2011-01
2011-01-18,1025.716,庚寅,己丑,癸酉,-0.0023780322342513704,癸,酉,水,金,1,3,2011-01
2011-01-19,1048.535,庚寅,己丑,甲戌,0.022246898751701494,甲,戌,木,土,1,3,2011-01
2011-01-20,1020.389,庚寅,己丑,乙亥,-0.026843166894762738,乙,亥,木,水,1,3,2011-01
2011-01-21,1024.505,庚寅,己丑,丙子,0.004033755753933166,丙,子,火,水,1,3,2011-01
2011-01-24,994.967,庚寅,己丑,己卯,-0.028831484472989555,己,卯,土,木,1,4,2011-01
2011-01-25,978.998,庚寅,己丑,庚辰,-0.016049778535368486,庚,辰,金,土,1,4,2011-01
2011-01-26,995.744,庚寅,己丑,辛巳,0.017105244341663495,辛,巳,金,火,1,4,2011-01
2011-01-27,1013.024,庚寅,己丑,壬午,0.017353858019731883,壬,午,水,火,1,4,2011-01
2011-01-28,1020.938,庚寅,己丑,癸未,0.007812253214139142,癸,未,水,土,1,4,2011-01
2011-01-31,1029.12,庚寅,己丑,丙戌,0.008014198707463116,丙,戌,火,土,1,5,2011-01
2011-02-01,1032.604,庚寅,己丑,丁亥,0.0033854166666669183,丁,亥,火,水,2,5,2011-02
2011-02-09,1025.152,辛卯,庚寅,乙未,-0.007216706501233738,乙,未,木,土,2,6,2011-02
2011-02-10,1063.946,辛卯,庚寅,丙申,0.037842193157697546,丙,申,火,金,2,6,2011-02
2011-02-11,1071.582,辛卯,庚寅,丁酉,0.007177055978405011,丁,酉,火,金,2,6,2011-02
2011-02-14,1086.558,辛卯,庚寅,庚子,0.0139755986942669,庚,子,金,水,2,7,2011-02
2011-02-15,1087.725,辛卯,庚寅,辛丑,0.0010740337837464864,辛,丑,金,土,2,7,2011-02
2011-02-16,1107.24,辛卯,庚寅,壬寅,0.017941115631248783,壬,寅,水,木,2,7,2011-02
2011-02-17,1115.334,辛卯,庚寅,癸卯,0.007310068277880166,癸,卯,水,木,2,7,2011-02
2011-02-18,1100.461,辛卯,庚寅,甲辰,-0.01333501892706579,甲,辰,木,土,2,7,2011-02
2011-02-21,1117.672,辛卯,庚寅,丁未,0.015639809134535554,丁,未,火,土,2,8,2011-02
2011-02-22,1088.266,辛卯,庚寅,戊申,-0.02631004444953433,戊,申,土,金,2,8,2011-02
2011-02-23,1114.052,辛卯,庚寅,己酉,0.02369457467200098,己,酉,土,金,2,8,2011-02
2011-02-24,1101.953,辛卯,庚寅,庚戌,-0.010860354812881168,庚,戌,金,土,2,8,2011-02
2011-02-25,1095.098,辛卯,庚寅,辛亥,-0.0062207734812645965,辛,亥,金,水,2,8,2011-02
2011-02-28,1099.776,辛卯,庚寅,甲寅,0.004271763805613782,甲,寅,木,木,2,9,2011-02
2011-03-01,1098.003,辛卯,庚寅,乙卯,-0.0016121464734638602,乙,卯,木,木,3,9,2011-03
2011-03-02,1088.897,辛卯,庚寅,丙辰,-0.008293237814468668,丙,辰,火,土,3,9,2011-03
2011-03-03,1064.307,辛卯,庚寅,丁巳,-0.022582484844755668,丁,巳,火,火,3,9,2011-03
2011-03-04,1071.86,辛卯,庚寅,戊午,0.007096636590758099,戊,午,土,火,3,9,2011-03
2011-03-07,1078.111,辛卯,辛卯,辛酉,0.005831918347545484,辛,酉,金,金,3,10,2011-03
2011-03-08,1084.821,辛卯,辛卯,壬戌,0.006223848935777321,壬,戌,水,土,3,10,2011-03
2011-03-09,1087.299,辛卯,辛卯,癸亥,0.0022842478159992297,癸,亥,水,水,3,10,2011-03
2011-03-10,1093.904,辛卯,辛卯,甲子,0.0060746859879390325,甲,子,木,水,3,10,2011-03
2011-03-11,1101.76,辛卯,辛卯,乙丑,0.007181617399698581,乙,丑,木,土,3,10,2011-03
2011-03-14,1107.537,辛卯,辛卯,戊辰,0.005243428695904884,戊,辰,土,土,3,11,2011-03
2011-03-15,1094.954,辛卯,辛卯,己巳,-0.011361245719104685,己,巳,土,火,3,11,2011-03
2011-03-16,1102.215,辛卯,辛卯,庚午,0.006631328804680425,庚,午,金,火,3,11,2011-03
2011-03-17,1078.371,辛卯,辛卯,辛未,-0.0216328030375198,辛,未,金,土,3,11,2011-03
2011-03-18,1083.597,辛卯,辛卯,壬申,0.004846198571734517,壬,申,水,金,3,11,2011-03
2011-03-21,1070.601,辛卯,辛卯,乙亥,-0.011993388686015072,乙,亥,木,水,3,12,2011-03
2011-03-22,1067.285,辛卯,辛卯,丙子,-0.0030973257077100413,丙,子,火,水,3,12,2011-03
2011-03-23,1076.563,辛卯,辛卯,丁丑,0.008693085726867666,丁,丑,火,土,3,12,2011-03
2011-03-24,1077.988,辛卯,辛卯,戊寅,0.0013236568598400389,戊,寅,土,木,3,12,2011-03
2011-03-25,1072.343,辛卯,辛卯,己卯,-0.005236607457596909,己,卯,土,木,3,12,2011-03
2011-03-28,1052.113,辛卯,辛卯,壬午,-0.018865232486247385,壬,午,水,火,3,13,2011-03
2011-03-29,1019.04,辛卯,辛卯,癸未,-0.03143483637213884,癸,未,水,土,3,13,2011-03
2011-03-30,1006.366,辛卯,辛卯,甲申,-0.012437195792118105,甲,申,木,金,3,13,2011-03
2011-03-31,1008.296,辛卯,辛卯,乙酉,0.001917791340327435,乙,酉,木,金,3,13,2011-03
2011-04-01,1015.076,辛卯,辛卯,丙戌,0.006724215904853281,丙,戌,火,土,4,13,2011-04
2011-04-06,994.261,辛卯,壬辰,辛卯,-0.02050585374888192,辛,卯,金,木,4,14,2011-04
2011-04-07,1004.412,辛卯,壬辰,壬辰,0.01020959285338563,壬,辰,水,土,4,14,2011-04
2011-04-08,1019.142,辛卯,壬辰,癸巳,0.014665296710911546,癸,巳,水,火,4,14,2011-04
2011-04-11,1002.804,辛卯,壬辰,丙申,-0.016031132069917686,丙,申,火,金,4,15,2011-04
2011-04-12,1000.165,辛卯,壬辰,丁酉,-0.0026316209348985486,丁,酉,火,金,4,15,2011-04
2011-04-13,1020.747,辛卯,壬辰,戊戌,0.02057860453025251,戊,戌,土,土,4,15,2011-04
2011-04-14,1016.616,辛卯,壬辰,己亥,-0.004047036141178961,己,亥,土,水,4,15,2011-04
2011-04-15,1010.058,辛卯,壬辰,庚子,-0.0064508132864325995,庚,子,金,水,4,15,2011-04
2011-04-18,1003.258,辛卯,壬辰,癸卯,-0.006732286660765974,癸,卯,水,木,4,16,2011-04
2011-04-19,994.299,辛卯,壬辰,甲辰,-0.008929906365062634,甲,辰,木,土,4,16,2011-04
2011-04-20,1008.18,辛卯,壬辰,乙巳,0.01396058931971167,乙,巳,木,火,4,16,2011-04
2011-04-21,1010.56,辛卯,壬辰,丙午,0.002360689559404161,丙,午,火,火,4,16,2011-04
2011-04-22,1004.646,辛卯,壬辰,丁未,-0.005852200759974613,丁,未,火,土,4,16,2011-04
2011-04-25,975.175,辛卯,壬辰,庚戌,-0.029334710933005215,庚,戌,金,土,4,17,2011-04
2011-04-26,958.292,辛卯,壬辰,辛亥,-0.017312790012048995,辛,亥,金,水,4,17,2011-04
2011-04-27,942.543,辛卯,壬辰,壬子,-0.016434447955320564,壬,子,水,水,4,17,2011-04
2011-04-28,904.147,辛卯,壬辰,癸丑,-0.040736602998483806,癸,丑,水,土,4,17,2011-04
2011-04-29,912.715,辛卯,壬辰,甲寅,0.00947633515346502,甲,寅,木,木,4,17,2011-04
2011-05-03,922.072,辛卯,壬辰,戊午,0.010251831075417828,戊,午,土,火,5,18,2011-05
2011-05-04,903.985,辛卯,壬辰,己未,-0.019615604855152347,己,未,土,土,5,18,2011-05
2011-05-05,914.593,辛卯,壬辰,庚申,0.011734707987411275,庚,申,金,金,5,18,2011-05
2011-05-06,918.282,辛卯,癸巳,辛酉,0.004033488119852269,辛,酉,金,金,5,18,2011-05
2011-05-09,931.77,辛卯,癸巳,甲子,0.014688298365861385,甲,子,木,水,5,19,2011-05
2011-05-10,931.205,辛卯,癸巳,乙丑,-0.0006063728173261174,乙,丑,木,土,5,19,2011-05
2011-05-11,929.953,辛卯,癸巳,丙寅,-0.0013444944990631535,丙,寅,火,木,5,19,2011-05
2011-05-12,909.255,辛卯,癸巳,丁卯,-0.02225703879658436,丁,卯,火,木,5,19,2011-05
2011-05-13,909.774,辛卯,癸巳,戊辰,0.0005707969711468142,戊,辰,土,土,5,19,2011-05
2011-05-16,906.337,辛卯,癸巳,辛未,-0.003777861315007902,辛,未,金,土,5,20,2011-05
2011-05-17,895.149,辛卯,癸巳,壬申,-0.012344194267695063,壬,申,水,金,5,20,2011-05
2011-05-18,890.794,辛卯,癸巳,癸酉,-0.004865111841715786,癸,酉,水,金,5,20,2011-05
2011-05-19,884.89,辛卯,癸巳,甲戌,-0.006627794978412482,甲,戌,木,土,5,20,2011-05
2011-05-20,875.43,辛卯,癸巳,乙亥,-0.010690594311157375,乙,亥,木,水,5,20,2011-05
2011-05-23,840.898,辛卯,癸巳,戊寅,-0.03944575808459838,戊,寅,土,木,5,21,2011-05
2011-05-24,870.939,辛卯,癸巳,己卯,0.03572490361494496,己,卯,土,木,5,21,2011-05
2011-05-25,842.35,辛卯,癸巳,庚辰,-0.03282549064859874,庚,辰,金,土,5,21,2011-05
2011-05-26,830.921,辛卯,癸巳,辛巳,-0.013567994301656006,辛,巳,金,火,5,21,2011-05
2011-05-27,822.944,辛卯,癸巳,壬午,-0.009600190631841143,壬,午,水,火,5,21,2011-05
2011-05-30,834.316,辛卯,癸巳,乙酉,0.013818680250418103,乙,酉,木,金,5,22,2011-05
2011-05-31,846.315,辛卯,癸巳,丙戌,0.014381840933171741,丙,戌,火,土,5,22,2011-05
2011-06-01,851.166,辛卯,癸巳,丁亥,0.005731908332003988,丁,亥,火,水,6,22,2011-06
2011-06-02,833.737,辛卯,癸巳,戊子,-0.0204766167821554,戊,子,土,水,6,22,2011-06
2011-06-03,847.545,辛卯,癸巳,己丑,0.016561577571824193,己,丑,土,土,6,22,2011-06
2011-06-07,847.709,辛卯,甲午,癸巳,0.00019350005014473481,癸,巳,水,火,6,23,2011-06
2011-06-08,844.978,辛卯,甲午,甲午,-0.0032216244017699847,甲,午,木,火,6,23,2011-06
2011-06-09,828.016,辛卯,甲午,乙未,-0.020073895415028575,乙,未,木,土,6,23,2011-06
2011-06-10,824.03,辛卯,甲午,丙申,-0.004813916639291982,丙,申,火,金,6,23,2011-06
2011-06-13,829.359,辛卯,甲午,己亥,0.006466997560768517,己,亥,土,水,6,24,2011-06
2011-06-14,838.474,辛卯,甲午,庚子,0.010990415489552818,庚,子,金,水,6,24,2011-06
2011-06-15,827.533,辛卯,甲午,辛丑,-0.01304870514768497,辛,丑,金,土,6,24,2011-06
2011-06-16,810.709,辛卯,甲午,壬寅,-0.02033030706932537,壬,寅,水,木,6,24,2011-06
2011-06-17,802.637,辛卯,甲午,癸卯,-0.009956716898418594,癸,卯,水,木,6,24,2011-06
2011-06-20,791.758,辛卯,甲午,丙午,-0.013554072388888061,丙,午,火,火,6,25,2011-06
2011-06-21,795.608,辛卯,甲午,丁未,0.004862596904609662,丁,未,火,土,6,25,2011-06
2011-06-22,791.513,辛卯,甲午,戊申,-0.005147007068807663,戊,申,土,金,6,25,2011-06
2011-06-23,814.444,辛卯,甲午,己酉,0.028971097126642142,己,酉,土,金,6,25,2011-06
2011-06-24,832.324,辛卯,甲午,庚戌,0.02195362725982397,庚,戌,金,土,6,25,2011-06
2011-06-27,843.859,辛卯,甲午,癸丑,0.013858785761314163,癸,丑,水,土,6,26,2011-06
2011-06-28,844.177,辛卯,甲午,甲寅,0.0003768402067170218,甲,寅,木,木,6,26,2011-06
2011-06-29,836.384,辛卯,甲午,乙卯,-0.009231476337308364,乙,卯,木,木,6,26,2011-06
2011-06-30,845.919,辛卯,甲午,丙辰,0.011400265906569285,丙,辰,火,土,6,26,2011-06
2011-07-01,855.27,辛卯,甲午,丁巳,0.011054249874987931,丁,巳,火,火,7,26,2011-07
2011-07-04,876.168,辛卯,甲午,庚申,0.02443438914027163,庚,申,金,金,7,27,2011-07
2011-07-05,883.417,辛卯,甲午,辛酉,0.008273527451356344,辛,酉,金,金,7,27,2011-07
2011-07-06,894.277,辛卯,甲午,壬戌,0.012293175250193356,壬,戌,水,土,7,27,2011-07
2011-07-07,899.798,辛卯,乙未,癸亥,0.006173702331604192,癸,亥,水,水,7,27,2011-07
2011-07-08,894.909,辛卯,乙未,甲子,-0.005433441728032284,甲,子,木,水,7,27,2011-07
2011-07-11,903.31,辛卯,乙未,丁卯,0.00938754666675612,丁,卯,火,木,7,28,2011-07
2011-07-12,891.516,辛卯,乙未,戊辰,-0.013056425811736827,戊,辰,土,土,7,28,2011-07
2011-07-13,913.085,辛卯,乙未,己巳,0.024193620753862,己,巳,土,火,7,28,2011-07
2011-07-14,932.775,辛卯,乙未,庚午,0.02156425743495949,庚,午,金,火,7,28,2011-07
2011-07-15,951.138,辛卯,乙未,辛未,0.019686419554554968,辛,未,金,土,7,28,2011-07
2011-07-18,946.118,辛卯,乙未,甲戌,-0.00527788817185304,甲,戌,木,土,7,29,2011-07
2011-07-19,927.297,辛卯,乙未,乙亥,-0.019892867485873933,乙,亥,木,水,7,29,2011-07
2011-07-20,930.828,辛卯,乙未,丙子,0.0038078415006195243,丙,子,火,水,7,29,2011-07
2011-07-21,915.368,辛卯,乙未,丁丑,-0.016608868663168574,丁,丑,火,土,7,29,2011-07
2011-07-22,923.995,辛卯,乙未,戊寅,0.009424624850333352,戊,寅,土,木,7,29,2011-07
2011-07-25,887.063,辛卯,乙未,辛巳,-0.039969913257106415,辛,巳,金,火,7,30,2011-07
2011-07-26,892.54,辛卯,乙未,壬午,0.006174307800009604,壬,午,水,火,7,30,2011-07
2011-07-27,915.548,辛卯,乙未,癸未,0.025778116386940608,癸,未,水,土,7,30,2011-07
2011-07-28,919.395,辛卯,乙未,甲申,0.004201855063852511,甲,申,木,金,7,30,2011-07
2011-07-29,913.278,辛卯,乙未,乙酉,-0.006653288303721472,乙,酉,木,金,7,30,2011-07
2011-08-01,927.384,辛卯,乙未,戊子,0.01544546129437041,戊,子,土,水,8,31,2011-08
2011-08-02,932.121,辛卯,乙未,己丑,0.005107916461789319,己,丑,土,土,8,31,2011-08
2011-08-03,945.509,辛卯,乙未,庚寅,0.014362942150214497,庚,寅,金,木,8,31,2011-08
2011-08-04,937.475,辛卯,乙未,辛卯,-0.008497010604869959,辛,卯,金,木,8,31,2011-08
2011-08-05,919.185,辛卯,乙未,壬辰,-0.019509853596096027,壬,辰,水,土,8,31,2011-08
2011-08-08,877.443,辛卯,丙申,乙未,-0.04541196821096949,乙,未,木,土,8,32,2011-08
2011-08-09,878.761,辛卯,丙申,丙申,0.0015020918737740363,丙,申,火,金,8,32,2011-08
2011-08-10,891.752,辛卯,丙申,丁酉,0.014783314234473321,丁,酉,火,金,8,32,2011-08
2011-08-11,915.489,辛卯,丙申,戊戌,0.02661838717490972,戊,戌,土,土,8,32,2011-08
2011-08-12,926.297,辛卯,丙申,己亥,0.011805712575465144,己,亥,土,水,8,32,2011-08
2011-08-15,942.485,辛卯,丙申,壬寅,0.01747603630369099,壬,寅,水,木,8,33,2011-08
2011-08-16,933.139,辛卯,丙申,癸卯,-0.009916338191058749,癸,卯,水,木,8,33,2011-08
2011-08-17,936.159,辛卯,丙申,甲辰,0.003236388147960678,甲,辰,木,土,8,33,2011-08
2011-08-18,915.684,辛卯,丙申,乙巳,-0.02187128468561428,乙,巳,木,火,8,33,2011-08
2011-08-19,912.421,辛卯,丙申,丙午,-0.003563456388885111,丙,午,火,火,8,33,2011-08
2011-08-22,910.606,辛卯,丙申,己酉,-0.0019892133127142886,己,酉,土,金,8,34,2011-08
2011-08-23,936.416,辛卯,丙申,庚戌,0.02834376228577451,庚,戌,金,土,8,34,2011-08
2011-08-24,940.196,辛卯,丙申,辛亥,0.0040366674640330835,辛,亥,金,水,8,34,2011-08
2011-08-25,942.944,辛卯,丙申,壬子,0.002922794821505148,壬,子,水,水,8,34,2011-08
2011-08-26,952.806,辛卯,丙申,癸丑,0.010458733498490025,癸,丑,水,土,8,34,2011-08
2011-08-29,954.029,辛卯,丙申,丙辰,0.0012835771395225404,丙,辰,火,土,8,35,2011-08
2011-08-30,934.185,辛卯,丙申,丁巳,-0.02080020628303758,丁,巳,火,火,8,35,2011-08
2011-08-31,921.495,辛卯,丙申,戊午,-0.013584033141187168,戊,午,土,火,8,35,2011-08
2011-09-01,917.751,辛卯,丙申,己未,-0.004062962902674494,己,未,土,土,9,35,2011-09
2011-09-02,909.853,辛卯,丙申,庚申,-0.008605820097172368,庚,申,金,金,9,35,2011-09
2011-09-05,883.873,辛卯,丙申,癸亥,-0.02855406312887898,癸,亥,水,水,9,36,2011-09
2011-09-06,874.738,辛卯,丙申,甲子,-0.010335195214697168,甲,子,木,水,9,36,2011-09
2011-09-07,899.614,辛卯,丙申,乙丑,0.028438229504148538,乙,丑,木,土,9,36,2011-09
2011-09-08,891.932,辛卯,丁酉,丙寅,-0.008539217931246124,丙,寅,火,木,9,36,2011-09
2011-09-09,881.577,辛卯,丁酉,丁卯,-0.011609629433633972,丁,卯,火,木,9,36,2011-09
2011-09-13,861.916,辛卯,丁酉,辛未,-0.02230207911504034,辛,未,金,土,9,37,2011-09
2011-09-14,876.949,辛卯,丁酉,壬申,0.01744137479754393,壬,申,水,金,9,37,2011-09
2011-09-15,875.861,辛卯,丁酉,癸酉,-0.0012406650785848905,癸,酉,水,金,9,37,2011-09
2011-09-16,874.883,辛卯,丁酉,甲戌,-0.0011166155360268215,甲,戌,木,土,9,37,2011-09
2011-09-19,854.712,辛卯,丁酉,丁丑,-0.02305565429891776,丁,丑,火,土,9,38,2011-09
2011-09-20,856.812,辛卯,丁酉,戊寅,0.0024569679611379236,戊,寅,土,木,9,38,2011-09
2011-09-21,881.031,辛卯,丁酉,己卯,0.028266410834582034,己,卯,土,木,9,38,2011-09
2011-09-22,852.92,辛卯,丁酉,庚辰,-0.031906936305305944,庚,辰,金,土,9,38,2011-09
2011-09-23,843.479,辛卯,丁酉,辛巳,-0.011069033438071418,辛,巳,金,火,9,38,2011-09
2011-09-26,829.347,辛卯,丁酉,甲申,-0.016754418307984076,甲,申,木,金,9,39,2011-09
2011-09-27,830.884,辛卯,丁酉,乙酉,0.0018532652797924598,乙,酉,木,金,9,39,2011-09
2011-09-28,817.515,辛卯,丁酉,丙戌,-0.016090091998401723,丙,戌,火,土,9,39,2011-09
2011-09-29,791.894,辛卯,丁酉,丁亥,-0.03134009773520974,丁,亥,火,水,9,39,2011-09
2011-09-30,791.134,辛卯,丁酉,戊子,-0.0009597244075595368,戊,子,土,水,9,39,2011-09
2011-10-10,790.042,辛卯,戊戌,戊戌,-0.0013802971430882938,戊,戌,土,土,10,41,2011-10
2011-10-11,786.151,辛卯,戊戌,己亥,-0.0049250546173496,己,亥,土,水,10,41,2011-10
2011-10-12,816.138,辛卯,戊戌,庚子,0.038144071558771975,庚,子,金,水,10,41,2011-10
2011-10-13,833.021,辛卯,戊戌,辛丑,0.02068645253621315,辛,丑,金,土,10,41,2011-10
2011-10-14,830.197,辛卯,戊戌,壬寅,-0.003390070598460304,壬,寅,水,木,10,41,2011-10
2011-10-17,832.289,辛卯,戊戌,乙巳,0.002519883834800618,乙,巳,木,火,10,42,2011-10
2011-10-18,806.6,辛卯,戊戌,丙午,-0.030865480620313357,丙,午,火,火,10,42,2011-10
2011-10-19,804.436,辛卯,戊戌,丁未,-0.0026828663525910734,丁,未,火,土,10,42,2011-10
2011-10-20,778.954,辛卯,戊戌,戊申,-0.03167685185645608,戊,申,土,金,10,42,2011-10
2011-10-21,763.295,辛卯,戊戌,己酉,-0.020102599126520904,己,酉,土,金,10,42,2011-10
2011-10-24,772.41,辛卯,戊戌,壬子,0.011941647724667437,壬,子,水,水,10,43,2011-10
2011-10-25,797.858,辛卯,戊戌,癸丑,0.03294623321810963,癸,丑,水,土,10,43,2011-10
2011-10-26,811.134,辛卯,戊戌,甲寅,0.016639552401555235,甲,寅,木,木,10,43,2011-10
2011-10-27,810.922,辛卯,戊戌,乙卯,-0.00026136248757913094,乙,卯,木,木,10,43,2011-10
2011-10-28,833.423,辛卯,戊戌,丙辰,0.027747428236007954,丙,辰,火,土,10,43,2011-10
2011-10-31,852.798,辛卯,戊戌,己未,0.02324749856915398,己,未,土,土,10,44,2011-10
2011-11-01,853.359,辛卯,戊戌,庚申,0.000657834563401849,庚,申,金,金,11,44,2011-11
2011-11-02,881.047,辛卯,戊戌,辛酉,0.03244589908819151,辛,酉,金,金,11,44,2011-11
2011-11-03,877.658,辛卯,戊戌,壬戌,-0.0038465598316548277,壬,戌,水,土,11,44,2011-11
2011-11-04,882.253,辛卯,戊戌,癸亥,0.005235524543728998,癸,亥,水,水,11,44,2011-11
2011-11-07,878.758,辛卯,戊戌,丙寅,-0.003961448700089409,丙,寅,火,木,11,45,2011-11
2011-11-08,862.36,辛卯,己亥,丁卯,-0.01866042755798525,丁,卯,火,木,11,45,2011-11
2011-11-09,891.123,辛卯,己亥,戊辰,0.033353819750452374,戊,辰,土,土,11,45,2011-11
2011-11-10,895.272,辛卯,己亥,己巳,0.004655922919731603,己,巳,土,火,11,45,2011-11
2011-11-11,891.193,辛卯,己亥,庚午,-0.00455615723489633,庚,午,金,火,11,45,2011-11
2011-11-14,915.977,辛卯,己亥,癸酉,0.02780991322867221,癸,酉,水,金,11,46,2011-11
2011-11-15,920.974,辛卯,己亥,甲戌,0.005455377154666596,甲,戌,木,土,11,46,2011-11
2011-11-16,893.508,辛卯,己亥,乙亥,-0.029822774584298828,乙,亥,木,水,11,46,2011-11
2011-11-17,898.339,辛卯,己亥,丙子,0.005406778674617474,丙,子,火,水,11,46,2011-11
2011-11-18,869.19,辛卯,己亥,丁丑,-0.03244766174016711,丁,丑,火,土,11,46,2011-11
2011-11-21,863.134,辛卯,己亥,庚辰,-0.0069674064358771215,庚,辰,金,土,11,47,2011-11
2011-11-22,868.432,辛卯,己亥,辛巳,0.00613809674975152,辛,巳,金,火,11,47,2011-11
2011-11-23,864.811,辛卯,己亥,壬午,-0.004169583801610255,壬,午,水,火,11,47,2011-11
2011-11-24,868.142,辛卯,己亥,癸未,0.0038517086392286792,癸,未,水,土,11,47,2011-11
2011-11-25,863.495,辛卯,己亥,甲申,-0.005352810945674857,甲,申,木,金,11,47,2011-11
2011-11-28,866.837,辛卯,己亥,丁亥,0.003870317720426897,丁,亥,火,水,11,48,2011-11
2011-11-29,880.313,辛卯,己亥,戊子,0.015546175347845193,戊,子,土,水,11,48,2011-11
2011-11-30,838.108,辛卯,己亥,己丑,-0.047943174757160256,己,丑,土,土,11,48,2011-11
2011-12-01,852.872,辛卯,己亥,庚寅,0.017615868122008216,庚,寅,金,木,12,48,2011-12
2011-12-02,829.176,辛卯,己亥,辛卯,-0.027783770600981028,辛,卯,金,木,12,48,2011-12
2011-12-05,792.495,辛卯,己亥,甲午,-0.044237894005615286,甲,午,木,火,12,49,2011-12
2011-12-06,798.096,辛卯,己亥,乙未,0.007067552476671679,乙,未,木,土,12,49,2011-12
2011-12-07,802.625,辛卯,庚子,丙申,0.005674755919087504,丙,申,火,金,12,49,2011-12
2011-12-08,809.431,辛卯,庚子,丁酉,0.008479676062918662,丁,酉,火,金,12,49,2011-12
2011-12-09,798.837,辛卯,庚子,戊戌,-0.013088206406722813,戊,戌,土,土,12,49,2011-12
2011-12-12,790.792,辛卯,庚子,辛丑,-0.010070890557147383,辛,丑,金,土,12,50,2011-12
2011-12-13,768.924,辛卯,庚子,壬寅,-0.0276532893605399,壬,寅,水,木,12,50,2011-12
2011-12-14,755.762,辛卯,庚子,癸卯,-0.017117426429660187,癸,卯,水,木,12,50,2011-12
2011-12-15,746.555,辛卯,庚子,甲辰,-0.012182406630658837,甲,辰,木,土,12,50,2011-12
2011-12-16,778.775,辛卯,庚子,乙巳,0.04315824018324177,乙,巳,木,火,12,50,2011-12
2011-12-19,793.44,辛卯,庚子,戊申,0.01883085615229052,戊,申,土,金,12,51,2011-12
2011-12-20,781.418,辛卯,庚子,己酉,-0.01515174430328703,己,酉,土,金,12,51,2011-12
2011-12-21,761.337,辛卯,庚子,庚戌,-0.02569815386899199,庚,戌,金,土,12,51,2011-12
2011-12-22,757.896,辛卯,庚子,辛亥,-0.0045196805094196435,辛,亥,金,水,12,51,2011-12
2011-12-23,761.442,辛卯,庚子,壬子,0.004678742202096409,壬,子,水,水,12,51,2011-12
2011-12-26,753.049,辛卯,庚子,乙卯,-0.011022507295368578,乙,卯,木,木,12,52,2011-12
2011-12-27,727.173,辛卯,庚子,丙辰,-0.034361641805513266,丙,辰,火,土,12,52,2011-12
2011-12-28,717.554,辛卯,庚子,丁巳,-0.013227938881119061,丁,巳,火,火,12,52,2011-12
2011-12-29,716.549,辛卯,庚子,戊午,-0.001400591453744271,戊,午,土,火,12,52,2011-12
2011-12-30,729.504,辛卯,庚子,己未,0.018079712622584232,己,未,土,土,12,52,2011-12
2012-01-04,707.107,辛卯,庚子,甲子,-0.030701682238891137,甲,子,木,水,1,1,2012-01
2012-01-05,666.905,辛卯,庚子,乙丑,-0.0568541960410518,乙,丑,木,土,1,1,2012-01
2012-01-06,669.017,辛卯,辛丑,丙寅,0.0031668678447456244,丙,寅,火,木,1,1,2012-01
2012-01-09,692.418,辛卯,辛丑,己巳,0.034978184410859425,己,巳,土,火,1,2,2012-01
2012-01-10,716.453,辛卯,辛丑,庚午,0.03471169149271103,庚,午,金,火,1,2,2012-01
2012-01-11,717.936,辛卯,辛丑,辛未,0.00206991945040369,辛,未,金,土,1,2,2012-01
2012-01-12,709.89,辛卯,辛丑,壬申,-0.011207127097680125,壬,申,水,金,1,2,2012-01
2012-01-13,666.078,辛卯,辛丑,癸酉,-0.06171660398089851,癸,酉,水,金,1,2,2012-01
2012-01-16,633.908,辛卯,辛丑,丙子,-0.04829764682214388,丙,子,火,水,1,3,2012-01
2012-01-17,662.69,辛卯,辛丑,丁丑,0.045404064943177946,丁,丑,火,土,1,3,2012-01
2012-01-18,624.911,辛卯,辛丑,戊寅,-0.05700855603675947,戊,寅,土,木,1,3,2012-01
2012-01-19,632.799,辛卯,辛丑,己卯,0.012622597457877971,己,卯,土,木,1,3,2012-01
2012-01-20,646.383,辛卯,辛丑,庚辰,0.0214665320267573,庚,辰,金,土,1,3,2012-01
2012-01-30,651.246,辛卯,辛丑,庚寅,0.007523403307327037,庚,寅,金,木,1,5,2012-01
2012-01-31,648.681,辛卯,辛丑,辛卯,-0.003938603845551336,辛,卯,金,木,1,5,2012-01
2012-02-01,650.776,辛卯,辛丑,壬辰,0.0032296305888408483,壬,辰,水,土,2,5,2012-02
2012-02-02,665.402,辛卯,辛丑,癸巳,0.022474707118885995,癸,巳,水,火,2,5,2012-02
2012-02-03,680.045,辛卯,辛丑,甲午,0.022006245848374295,甲,午,木,火,2,5,2012-02
2012-02-06,686.508,壬辰,壬寅,丁酉,0.009503782837900543,丁,酉,火,金,2,6,2012-02
2012-02-07,673.679,壬辰,壬寅,戊戌,-0.01868732775146109,戊,戌,土,土,2,6,2012-02
2012-02-08,692.303,壬辰,壬寅,己亥,0.027645213818450642,己,亥,土,水,2,6,2012-02
2012-02-09,697.79,壬辰,壬寅,庚子,0.00792572038543815,庚,子,金,水,2,6,2012-02
2012-02-10,698.854,壬辰,壬寅,辛丑,0.0015248140558048462,辛,丑,金,土,2,6,2012-02
2012-02-13,714.956,壬辰,壬寅,甲辰,0.02304057786032554,甲,辰,木,土,2,7,2012-02
2012-02-14,712.296,壬辰,壬寅,乙巳,-0.0037205086746596727,乙,巳,木,火,2,7,2012-02
2012-02-15,724.751,壬辰,壬寅,丙午,0.01748570818873052,丙,午,火,火,2,7,2012-02
2012-02-16,721.832,壬辰,壬寅,丁未,-0.004027590165449957,丁,未,火,土,2,7,2012-02
2012-02-17,717.797,壬辰,壬寅,戊申,-0.005589943366323458,戊,申,土,金,2,7,2012-02
2012-02-20,721.099,壬辰,壬寅,辛亥,0.004600186403676876,辛,亥,金,水,2,8,2012-02
2012-02-21,736.882,壬辰,壬寅,壬子,0.02188742461159965,壬,子,水,水,2,8,2012-02
2012-02-22,759.562,壬辰,壬寅,癸丑,0.03077833357308224,癸,丑,水,土,2,8,2012-02
2012-02-23,756.897,壬辰,壬寅,甲寅,-0.0035086010095291,甲,寅,木,木,2,8,2012-02
2012-02-24,762.29,壬辰,壬寅,乙卯,0.00712514384387819,乙,卯,木,木,2,8,2012-02
2012-02-27,760.373,壬辰,壬寅,戊午,-0.0025147909588213446,戊,午,土,火,2,9,2012-02
2012-02-28,747.768,壬辰,壬寅,己未,-0.016577390307125572,己,未,土,土,2,9,2012-02
2012-02-29,735.336,壬辰,壬寅,庚申,-0.016625477420804335,庚,申,金,金,2,9,2012-02
2012-03-01,743.148,壬辰,壬寅,辛酉,0.010623714873200907,辛,酉,金,金,3,9,2012-03
2012-03-02,757.669,壬辰,壬寅,壬戌,0.019539849397428144,壬,戌,水,土,3,9,2012-03
2012-03-05,759.369,壬辰,癸卯,乙丑,0.002243723842469514,乙,丑,木,土,3,10,2012-03
2012-03-06,750.837,壬辰,癸卯,丙寅,-0.01123564433101698,丙,寅,火,木,3,10,2012-03
2012-03-07,749.266,壬辰,癸卯,丁卯,-0.0020923316245736734,丁,卯,火,木,3,10,2012-03
2012-03-08,761.703,壬辰,癸卯,戊辰,0.016598911468023392,戊,辰,土,土,3,10,2012-03
2012-03-09,777.694,壬辰,癸卯,己巳,0.020993746906602606,己,巳,土,火,3,10,2012-03
2012-03-12,786.049,壬辰,癸卯,壬申,0.010743300064035566,壬,申,水,金,3,11,2012-03
2012-03-13,792.378,壬辰,癸卯,癸酉,0.008051660901546853,癸,酉,水,金,3,11,2012-03
2012-03-14,756.459,壬辰,癸卯,甲戌,-0.0453306376502125,甲,戌,木,土,3,11,2012-03
2012-03-15,746.441,壬辰,癸卯,乙亥,-0.01324328218713755,乙,亥,木,水,3,11,2012-03
2012-03-16,765.562,壬辰,癸卯,丙子,0.025616224189185743,丙,子,火,水,3,11,2012-03
2012-03-19,779.557,壬辰,癸卯,己卯,0.018280687912932025,己,卯,土,木,3,12,2012-03
2012-03-20,755.583,壬辰,癸卯,庚辰,-0.030753363769422948,庚,辰,金,土,3,12,2012-03
2012-03-21,751.791,壬辰,癸卯,辛巳,-0.005018641234649124,辛,巳,金,火,3,12,2012-03
2012-03-22,750.851,壬辰,癸卯,壬午,-0.001250347503495064,壬,午,水,火,3,12,2012-03
2012-03-23,737.892,壬辰,癸卯,癸未,-0.01725908336008064,癸,未,水,土,3,12,2012-03
2012-03-26,737.213,壬辰,癸卯,丙戌,-0.0009201888623268095,丙,戌,火,土,3,13,2012-03
2012-03-27,735.734,壬辰,癸卯,丁亥,-0.0020062044483750707,丁,亥,火,水,3,13,2012-03
2012-03-28,698.486,壬辰,癸卯,戊子,-0.05062699290776296,戊,子,土,水,3,13,2012-03
2012-03-29,683.959,壬辰,癸卯,己丑,-0.02079783989943973,己,丑,土,土,3,13,2012-03
2012-03-30,678.519,壬辰,癸卯,庚寅,-0.007953693130728468,庚,寅,金,木,3,13,2012-03
2012-04-05,697.751,壬辰,甲辰,丙申,0.028344084690332894,丙,申,火,金,4,14,2012-04
2012-04-06,701.901,壬辰,甲辰,丁酉,0.005947680476273032,丁,酉,火,金,4,14,2012-04
2012-04-09,689.715,壬辰,甲辰,庚子,-0.017361422764748724,庚,子,金,水,4,15,2012-04
2012-04-10,697.165,壬辰,甲辰,辛丑,0.010801562964412703,辛,丑,金,土,4,15,2012-04
2012-04-11,698.487,壬辰,甲辰,壬寅,0.0018962512461182524,壬,寅,水,木,4,15,2012-04
2012-04-12,713.124,壬辰,甲辰,癸卯,0.020955293369812278,癸,卯,水,木,4,15,2012-04
2012-04-13,718.959,壬辰,甲辰,甲辰,0.008182307705251635,甲,辰,木,土,4,15,2012-04
2012-04-16,716.229,壬辰,甲辰,丁未,-0.0037971567224277525,丁,未,火,土,4,16,2012-04
2012-04-17,709.139,壬辰,甲辰,戊申,-0.009899068593983262,戊,申,土,金,4,16,2012-04
2012-04-18,723.462,壬辰,甲辰,己酉,0.02019773274351011,己,酉,土,金,4,16,2012-04
2012-04-19,725.12,壬辰,甲辰,庚戌,0.0022917582402393055,庚,戌,金,土,4,16,2012-04
2012-04-20,728.718,壬辰,甲辰,辛亥,0.004961937334510003,辛,亥,金,水,4,16,2012-04
2012-04-23,690.432,壬辰,甲辰,甲寅,-0.05253884218586602,甲,寅,木,木,4,17,2012-04
2012-04-24,681.534,壬辰,甲辰,乙卯,-0.012887583426028915,乙,卯,木,木,4,17,2012-04
2012-04-25,682.524,壬辰,甲辰,丙辰,0.0014526054459498283,丙,辰,火,土,4,17,2012-04
2012-04-26,678.444,壬辰,甲辰,丁巳,-0.005977811769256491,丁,巳,火,火,4,17,2012-04
2012-04-27,685.131,壬辰,甲辰,戊午,0.0098563772396838,戊,午,土,火,4,17,2012-04
2012-05-02,693.609,壬辰,甲辰,癸亥,0.012374275868410667,癸,亥,水,水,5,18,2012-05
2012-05-03,699.306,壬辰,甲辰,甲子,0.008213561242717438,甲,子,木,水,5,18,2012-05
2012-05-04,713.186,壬辰,甲辰,乙丑,0.019848249550268315,乙,丑,木,土,5,18,2012-05
2012-05-07,733.045,壬辰,乙巳,戊辰,0.02784547088697753,戊,辰,土,土,5,19,2012-05
2012-05-08,731.723,壬辰,乙巳,己巳,-0.0018034363511107987,己,巳,土,火,5,19,2012-05
2012-05-09,719.35,壬辰,乙巳,庚午,-0.01690940424176901,庚,午,金,火,5,19,2012-05
2012-05-10,727.285,壬辰,乙巳,辛未,0.011030791686939434,辛,未,金,土,5,19,2012-05
2012-05-11,721.078,壬辰,乙巳,壬申,-0.008534480980633474,壬,申,水,金,5,19,2012-05
2012-05-14,719.872,壬辰,乙巳,乙亥,-0.001672495901969051,乙,亥,木,水,5,20,2012-05
2012-05-15,720.115,壬辰,乙巳,丙子,0.00033756001066853614,丙,子,火,水,5,20,2012-05
2012-05-16,709.956,壬辰,乙巳,丁丑,-0.014107468945932289,丁,丑,火,土,5,20,2012-05
2012-05-17,716.17,壬辰,乙巳,戊寅,0.008752655094118378,戊,寅,土,木,5,20,2012-05
2012-05-18,706.216,壬辰,乙巳,己卯,-0.013898934610497404,己,卯,土,木,5,20,2012-05
2012-05-21,704.803,壬辰,乙巳,壬午,-0.002000804286507285,壬,午,水,火,5,21,2012-05
2012-05-22,714.662,壬辰,乙巳,癸未,0.013988305952159719,癸,未,水,土,5,21,2012-05
2012-05-23,713.017,壬辰,乙巳,甲申,-0.002301787418387935,甲,申,木,金,5,21,2012-05
2012-05-24,712.577,壬辰,乙巳,乙酉,-0.0006170960860681918,乙,酉,木,金,5,21,2012-05
2012-05-25,702.724,壬辰,乙巳,丙戌,-0.013827277613506994,丙,戌,火,土,5,21,2012-05
2012-05-28,706.47,壬辰,乙巳,己丑,0.005330684593097601,己,丑,土,土,5,22,2012-05
2012-05-29,720.454,壬辰,乙巳,庚寅,0.019794188005152202,庚,寅,金,木,5,22,2012-05
2012-05-30,727.188,壬辰,乙巳,辛卯,0.009346884048114124,辛,卯,金,木,5,22,2012-05
2012-05-31,734.454,壬辰,乙巳,壬辰,0.009991914057987605,壬,辰,水,土,5,22,2012-05
2012-06-01,734.257,壬辰,乙巳,癸巳,-0.0002682264648297128,癸,巳,水,火,6,22,2012-06
2012-06-04,717.101,壬辰,乙巳,丙申,-0.02336511602885627,丙,申,火,金,6,23,2012-06
2012-06-05,715.93,壬辰,丙午,丁酉,-0.0016329638363354881,丁,酉,火,金,6,23,2012-06
2012-06-06,715.24,壬辰,丙午,戊戌,-0.0009637813752740865,戊,戌,土,土,6,23,2012-06
2012-06-07,711.428,壬辰,丙午,己亥,-0.005329679548123689,己,亥,土,水,6,23,2012-06
2012-06-08,713.921,壬辰,丙午,庚子,0.003504219682104237,庚,子,金,水,6,23,2012-06
2012-06-11,734.504,壬辰,丙午,癸卯,0.02883092106829732,癸,卯,水,木,6,24,2012-06
2012-06-12,735.294,壬辰,丙午,甲辰,0.0010755557491857193,甲,辰,木,土,6,24,2012-06
2012-06-13,746.505,壬辰,丙午,乙巳,0.015246962439513956,乙,巳,木,火,6,24,2012-06
2012-06-14,740.966,壬辰,丙午,丙午,-0.007419910114466743,丙,午,火,火,6,24,2012-06
2012-06-15,742.268,壬辰,丙午,丁未,0.0017571656459272056,丁,未,火,土,6,24,2012-06
2012-06-18,752.978,壬辰,丙午,庚戌,0.014428750801597223,庚,戌,金,土,6,25,2012-06
2012-06-19,747.492,壬辰,丙午,辛亥,-0.007285737431903749,辛,亥,金,水,6,25,2012-06
2012-06-20,748.388,壬辰,丙午,壬子,0.00119867503598714,壬,子,水,水,6,25,2012-06
2012-06-21,739.047,壬辰,丙午,癸丑,-0.012481493556818157,癸,丑,水,土,6,25,2012-06
2012-06-25,720.6,壬辰,丙午,丁巳,-0.024960523484974573,丁,巳,火,火,6,26,2012-06
2012-06-26,715.924,壬辰,丙午,戊午,-0.006489036913683077,戊,午,土,火,6,26,2012-06
2012-06-27,718.928,壬辰,丙午,己未,0.004195976109195865,己,未,土,土,6,26,2012-06
2012-06-28,711.144,壬辰,丙午,庚申,-0.010827231656021175,庚,申,金,金,6,26,2012-06
2012-06-29,726.684,壬辰,丙午,辛酉,0.02185211433971168,辛,酉,金,金,6,26,2012-06
2012-07-02,741.186,壬辰,丙午,甲子,0.019956404709612574,甲,子,木,水,7,27,2012-07
2012-07-03,743.902,壬辰,丙午,乙丑,0.0036643973307644018,乙,丑,木,土,7,27,2012-07
2012-07-04,739.624,壬辰,丙午,丙寅,-0.005750757492250402,丙,寅,火,木,7,27,2012-07
2012-07-05,724.313,壬辰,丙午,丁卯,-0.020701058916422488,丁,卯,火,木,7,27,2012-07
2012-07-06,737.289,壬辰,丙午,戊辰,0.01791490695320941,戊,辰,土,土,7,27,2012-07
2012-07-09,722.281,壬辰,丁未,辛未,-0.020355654295669767,辛,未,金,土,7,28,2012-07
2012-07-10,713.526,壬辰,丁未,壬申,-0.012121321203243607,壬,申,水,金,7,28,2012-07
2012-07-11,719.299,壬辰,丁未,癸酉,0.008090805380602806,癸,酉,水,金,7,28,2012-07
2012-07-12,734.323,壬辰,丁未,甲戌,0.02088700248436326,甲,戌,木,土,7,28,2012-07
2012-07-13,725.788,壬辰,丁未,乙亥,-0.011622950663400133,乙,亥,木,水,7,28,2012-07
2012-07-16,691.385,壬辰,丁未,戊寅,-0.04740089392494784,戊,寅,土,木,7,29,2012-07
2012-07-17,697.003,壬辰,丁未,己卯,0.008125718666155635,己,卯,土,木,7,29,2012-07
2012-07-18,702.138,壬辰,丁未,庚辰,0.007367256668909583,庚,辰,金,土,7,29,2012-07
2012-07-19,709.166,壬辰,丁未,辛巳,0.010009428345994609,辛,巳,金,火,7,29,2012-07
2012-07-20,706.25,壬辰,丁未,壬午,-0.004111872255579185,壬,午,水,火,7,29,2012-07
2012-07-23,704.573,壬辰,丁未,乙酉,-0.002374513274336354,乙,酉,木,金,7,30,2012-07
2012-07-24,706.396,壬辰,丁未,丙戌,0.0025873827126501325,丙,戌,火,土,7,30,2012-07
2012-07-25,708.301,壬辰,丁未,丁亥,0.00269678763752923,丁,亥,火,水,7,30,2012-07
2012-07-26,706.725,壬辰,丁未,戊子,-0.0022250427431276254,戊,子,土,水,7,30,2012-07
2012-07-27,703.581,壬辰,丁未,己丑,-0.004448689377056114,己,丑,土,土,7,30,2012-07
2012-07-30,688.474,壬辰,丁未,壬辰,-0.021471586071823978,壬,辰,水,土,7,31,2012-07
2012-07-31,676.96,壬辰,丁未,癸巳,-0.01672394309734282,癸,巳,水,火,7,31,2012-07
2012-08-01,689.489,壬辰,丁未,甲午,0.01850774048688253,甲,午,木,火,8,31,2012-08
2012-08-02,690.982,壬辰,丁未,乙未,0.0021653717463221422,乙,未,木,土,8,31,2012-08
2012-08-03,711.925,壬辰,丁未,丙申,0.03030903844094346,丙,申,火,金,8,31,2012-08
2012-08-06,730.419,壬辰,丁未,己亥,0.025977455490395762,己,亥,土,水,8,32,2012-08
2012-08-07,736.012,壬辰,戊申,庚子,0.007657248784601611,庚,子,金,水,8,32,2012-08
2012-08-08,730.065,壬辰,戊申,辛丑,-0.008080031303837276,辛,丑,金,土,8,32,2012-08
2012-08-09,743.199,壬辰,戊申,壬寅,0.0179901789566681,壬,寅,水,木,8,32,2012-08
2012-08-10,743.073,壬辰,戊申,癸卯,-0.00016953736482416826,癸,卯,水,木,8,32,2012-08
2012-08-13,727.637,壬辰,戊申,丙午,-0.020773194558273644,丙,午,火,火,8,33,2012-08
2012-08-14,736.347,壬辰,戊申,丁未,0.01197025439882804,丁,未,火,土,8,33,2012-08
2012-08-15,729.73,壬辰,戊申,戊申,-0.008986252405455475,戊,申,土,金,8,33,2012-08
2012-08-16,723.53,壬辰,戊申,己酉,-0.008496293149521161,己,酉,土,金,8,33,2012-08
2012-08-17,721.049,壬辰,戊申,庚戌,-0.0034290216024214226,庚,戌,金,土,8,33,2012-08
2012-08-20,730.866,壬辰,戊申,癸丑,0.013614886089572176,癸,丑,水,土,8,34,2012-08
2012-08-21,748.935,壬辰,戊申,甲寅,0.024722726190573807,甲,寅,木,木,8,34,2012-08
2012-08-22,746.853,壬辰,戊申,乙卯,-0.0027799475254861594,乙,卯,木,木,8,34,2012-08
2012-08-23,750.561,壬辰,戊申,丙辰,0.004964832436905375,丙,辰,火,土,8,34,2012-08
2012-08-24,733.309,壬辰,戊申,丁巳,-0.022985473532464495,丁,巳,火,火,8,34,2012-08
2012-08-27,722.574,壬辰,戊申,庚申,-0.014639122116324788,庚,申,金,金,8,35,2012-08
2012-08-28,727.616,壬辰,戊申,辛酉,0.0069778320282767314,辛,酉,金,金,8,35,2012-08
2012-08-29,726.941,壬辰,戊申,壬戌,-0.0009276871316737934,壬,戌,水,土,8,35,2012-08
2012-08-30,704.035,壬辰,戊申,癸亥,-0.031510122554650355,癸,亥,水,水,8,35,2012-08
2012-08-31,706.625,壬辰,戊申,甲子,0.0036787943781204646,甲,子,木,水,8,35,2012-08
2012-09-03,723.871,壬辰,戊申,丁卯,0.02440615602335039,丁,卯,火,木,9,36,2012-09
2012-09-04,722.721,壬辰,戊申,戊辰,-0.0015886808561194066,戊,辰,土,土,9,36,2012-09
2012-09-05,730.616,壬辰,戊申,己巳,0.010923994183094088,己,巳,土,火,9,36,2012-09
2012-09-06,739.741,壬辰,戊申,庚午,0.012489460948021947,庚,午,金,火,9,36,2012-09
2012-09-07,759.46,壬辰,己酉,辛未,0.02665662711678829,辛,未,金,土,9,36,2012-09
2012-09-10,762.313,壬辰,己酉,甲戌,0.0037566165433333687,甲,戌,木,土,9,37,2012-09
2012-09-11,761.731,壬辰,己酉,乙亥,-0.0007634659254138754,乙,亥,木,水,9,37,2012-09
2012-09-12,762.511,壬辰,己酉,丙子,0.0010239835322443103,丙,子,火,水,9,37,2012-09
2012-09-13,749.892,壬辰,己酉,丁丑,-0.01654926945316193,丁,丑,火,土,9,37,2012-09
2012-09-14,744.464,壬辰,己酉,戊寅,-0.007238375659428309,戊,寅,土,木,9,37,2012-09
2012-09-17,724.145,壬辰,己酉,辛巳,-0.0272934621418901,辛,巳,金,火,9,38,2012-09
2012-09-18,723.61,壬辰,己酉,壬午,-0.0007388023116916553,壬,午,水,火,9,38,2012-09
2012-09-19,728.251,壬辰,己酉,癸未,0.00641367587512609,癸,未,水,土,9,38,2012-09
2012-09-20,706.693,壬辰,己酉,甲申,-0.029602431029960852,甲,申,木,金,9,38,2012-09
2012-09-21,691.138,壬辰,己酉,乙酉,-0.02201097223263848,乙,酉,木,金,9,38,2012-09
2012-09-24,690.338,壬辰,己酉,戊子,-0.0011575112350935557,戊,子,土,水,9,39,2012-09
2012-09-25,682.335,壬辰,己酉,己丑,-0.011592871897534107,己,丑,土,土,9,39,2012-09
2012-09-26,661.49,壬辰,己酉,庚寅,-0.030549510137982128,庚,寅,金,木,9,39,2012-09
2012-09-27,676.957,壬辰,己酉,辛卯,0.023382061709171786,辛,卯,金,木,9,39,2012-09
2012-09-28,689.64,壬辰,己酉,壬辰,0.01873531110543203,壬,辰,水,土,9,39,2012-09
2012-10-08,690.767,壬辰,庚戌,壬寅,0.0016341859520909718,壬,寅,水,木,10,41,2012-10
2012-10-09,712.702,壬辰,庚戌,癸卯,0.031754556891107955,癸,卯,水,木,10,41,2012-10
2012-10-10,721.848,壬辰,庚戌,甲辰,0.012832853001675248,甲,辰,木,土,10,41,2012-10
2012-10-11,711.797,壬辰,庚戌,乙巳,-0.013923983996630751,乙,巳,木,火,10,41,2012-10
2012-10-12,708.868,壬辰,庚戌,丙午,-0.004114937264416696,丙,午,火,火,10,41,2012-10
2012-10-15,701.964,壬辰,庚戌,己酉,-0.009739471946822231,己,酉,土,金,10,42,2012-10
2012-10-16,705.388,壬辰,庚戌,庚戌,0.004877743018160352,庚,戌,金,土,10,42,2012-10
2012-10-17,709.094,壬辰,庚戌,辛亥,0.005253846110225835,辛,亥,金,水,10,42,2012-10
2012-10-18,720.524,壬辰,庚戌,壬子,0.016119160506223418,壬,子,水,水,10,42,2012-10
2012-10-19,719.448,壬辰,庚戌,癸丑,-0.0014933576119602332,癸,丑,水,土,10,42,2012-10
2012-10-22,724.278,壬辰,庚戌,丙辰,0.006713480334923583,丙,辰,火,土,10,43,2012-10
2012-10-23,711.262,壬辰,庚戌,丁巳,-0.017971000085602595,丁,巳,火,火,10,43,2012-10
2012-10-24,707.753,壬辰,庚戌,戊午,-0.004933484426273171,戊,午,土,火,10,43,2012-10
2012-10-25,697.436,壬辰,庚戌,己未,-0.01457711941878026,己,未,土,土,10,43,2012-10
2012-10-26,685.333,壬辰,庚戌,庚申,-0.017353563624476043,庚,申,金,金,10,43,2012-10
2012-10-29,688.12,壬辰,庚戌,癸亥,0.004066636219181019,癸,亥,水,水,10,44,2012-10
2012-10-30,689.61,壬辰,庚戌,甲子,0.002165320002325277,甲,子,木,水,10,44,2012-10
2012-10-31,691.653,壬辰,庚戌,乙丑,0.002962544046634985,乙,丑,木,土,10,44,2012-10
2012-11-01,701.778,壬辰,庚戌,丙寅,0.01463884346630473,丙,寅,火,木,11,44,2012-11
2012-11-02,701.38,壬辰,庚戌,丁卯,-0.0005671309160446558,丁,卯,火,木,11,44,2012-11
2012-11-05,692.868,壬辰,庚戌,庚午,-0.012136074595796797,庚,午,金,火,11,45,2012-11
2012-11-06,690.497,壬辰,庚戌,辛未,-0.0034220082324484258,辛,未,金,土,11,45,2012-11
2012-11-07,689.746,壬辰,辛亥,壬申,-0.0010876223937250629,壬,申,水,金,11,45,2012-11
2012-11-08,675.849,壬辰,辛亥,癸酉,-0.020147996508859678,癸,酉,水,金,11,45,2012-11
2012-11-09,672.67,壬辰,辛亥,甲戌,-0.0047037134034378925,甲,戌,木,土,11,45,2012-11
2012-11-12,676.597,壬辰,辛亥,丁丑,0.0058379294453447805,丁,丑,火,土,11,46,2012-11
2012-11-13,667.327,壬辰,辛亥,戊寅,-0.013700917976284255,戊,寅,土,木,11,46,2012-11
2012-11-14,665.185,壬辰,辛亥,己卯,-0.0032098206726238754,己,卯,土,木,11,46,2012-11
2012-11-15,659.211,壬辰,辛亥,庚辰,-0.008980960184008846,庚,辰,金,土,11,46,2012-11
2012-11-16,656.196,壬辰,辛亥,辛巳,-0.0045736494081560775,辛,巳,金,火,11,46,2012-11
2012-11-19,656.936,壬辰,辛亥,甲申,0.0011277118421935128,甲,申,木,金,11,47,2012-11
2012-11-20,656.606,壬辰,辛亥,乙酉,-0.0005023320384330843,乙,酉,木,金,11,47,2012-11
2012-11-21,660.032,壬辰,辛亥,丙戌,0.005217740928349812,丙,戌,火,土,11,47,2012-11
2012-11-22,651.826,壬辰,辛亥,丁亥,-0.012432730534277181,丁,亥,火,水,11,47,2012-11
2012-11-23,651.43,壬辰,辛亥,戊子,-0.0006075240938533399,戊,子,土,水,11,47,2012-11
2012-11-26,638.878,壬辰,辛亥,辛卯,-0.01926837879741483,辛,卯,金,木,11,48,2012-11
2012-11-27,616.284,壬辰,辛亥,壬辰,-0.035365124483860866,壬,辰,水,土,11,48,2012-11
2012-11-28,607.67,壬辰,辛亥,癸巳,-0.013977322143687076,癸,巳,水,火,11,48,2012-11
2012-11-29,603.17,壬辰,辛亥,甲午,-0.0074053351325554795,甲,午,木,火,11,48,2012-11
2012-11-30,606.766,壬辰,辛亥,乙未,0.005961834971898394,乙,未,木,土,11,48,2012-11
2012-12-03,593.66,壬辰,辛亥,戊戌,-0.021599760039290317,戊,戌,土,土,12,49,2012-12
2012-12-04,600.801,壬辰,辛亥,己亥,0.012028770676818512,己,亥,土,水,12,49,2012-12
2012-12-05,624.824,壬辰,辛亥,庚子,0.03998495342051678,庚,子,金,水,12,49,2012-12
2012-12-06,624.318,壬辰,辛亥,辛丑,-0.0008098280475781205,辛,丑,金,土,12,49,2012-12
2012-12-07,637.487,壬辰,壬子,壬寅,0.02109341713677959,壬,寅,水,木,12,49,2012-12
2012-12-10,646.319,壬辰,壬子,乙巳,0.013854400168160197,乙,巳,木,火,12,50,2012-12
2012-12-11,641.167,壬辰,壬子,丙午,-0.007971295908057674,丙,午,火,火,12,50,2012-12
2012-12-12,639.509,壬辰,壬子,丁未,-0.002585909755180804,丁,未,火,土,12,50,2012-12
2012-12-13,632.181,壬辰,壬子,戊申,-0.011458791041251914,戊,申,土,金,12,50,2012-12
2012-12-14,656.217,壬辰,壬子,己酉,0.03802075671366256,己,酉,土,金,12,50,2012-12
2012-12-17,649.612,壬辰,壬子,壬子,-0.010065268043955022,壬,子,水,水,12,51,2012-12
2012-12-18,646.046,壬辰,壬子,癸丑,-0.00548943061396634,癸,丑,水,土,12,51,2012-12
2012-12-19,652.101,壬辰,壬子,甲寅,0.009372397631128404,甲,寅,木,木,12,51,2012-12
2012-12-20,658.311,壬辰,壬子,乙卯,0.009523064678631066,乙,卯,木,木,12,51,2012-12
2012-12-21,668.089,壬辰,壬子,丙辰,0.014853162107271611,丙,辰,火,土,12,51,2012-12
2012-12-24,679.759,壬辰,壬子,己未,0.017467732592513885,己,未,土,土,12,52,2012-12
2012-12-25,694.116,壬辰,壬子,庚申,0.021120720726022002,庚,申,金,金,12,52,2012-12
2012-12-26,709.075,壬辰,壬子,辛酉,0.021551152833244158,辛,酉,金,金,12,52,2012-12
2012-12-27,699.569,壬辰,壬子,壬戌,-0.013406198215985765,壬,戌,水,土,12,52,2012-12
2012-12-28,707.668,壬辰,壬子,癸亥,0.011577128203222431,癸,亥,水,水,12,52,2012-12
2012-12-31,713.863,壬辰,壬子,丙寅,0.00875410503230345,丙,寅,火,木,12,1,2012-12
2013-01-04,705.342,壬辰,壬子,庚午,-0.011936463999394964,庚,午,金,火,1,1,2013-01
2013-01-07,718.114,壬辰,癸丑,癸酉,0.018107527979335014,癸,酉,水,金,1,2,2013-01
2013-01-08,733.138,壬辰,癸丑,甲戌,0.020921469293176287,甲,戌,木,土,1,2,2013-01
2013-01-09,734.506,壬辰,癸丑,乙亥,0.0018659515670991222,乙,亥,木,水,1,2,2013-01
2013-01-10,741.18,壬辰,癸丑,丙子,0.009086379144622292,丙,子,火,水,1,2,2013-01
2013-01-11,731.587,壬辰,癸丑,丁丑,-0.012942874875198962,丁,丑,火,土,1,2,2013-01
2013-01-14,760.55,壬辰,癸丑,庚辰,0.039589276463359635,庚,辰,金,土,1,3,2013-01
2013-01-15,778.603,壬辰,癸丑,辛巳,0.02373676944316605,辛,巳,金,火,1,3,2013-01
2013-01-16,774.485,壬辰,癸丑,壬午,-0.005288959842178809,壬,午,水,火,1,3,2013-01
2013-01-17,768.308,壬辰,癸丑,癸未,-0.007975622510442482,癸,未,水,土,1,3,2013-01
2013-01-18,787.386,壬辰,癸丑,甲申,0.024831187492516005,甲,申,木,金,1,3,2013-01
2013-01-21,792.6,壬辰,癸丑,丁亥,0.006621910981399193,丁,亥,火,水,1,4,2013-01
2013-01-22,775.135,壬辰,癸丑,戊子,-0.02203507443855668,戊,子,土,水,1,4,2013-01
2013-01-23,778.478,壬辰,癸丑,己丑,0.004312797125662016,己,丑,土,土,1,4,2013-01
2013-01-24,757.869,壬辰,癸丑,庚寅,-0.026473452043602963,庚,寅,金,木,1,4,2013-01
2013-01-25,762.848,壬辰,癸丑,辛卯,0.00656973698620722,辛,卯,金,木,1,4,2013-01
2013-01-28,784.76,壬辰,癸丑,甲午,0.028723939762574036,甲,午,木,火,1,5,2013-01
2013-01-29,791.671,壬辰,癸丑,乙未,0.008806514093480988,乙,未,木,土,1,5,2013-01
2013-01-30,783.682,壬辰,癸丑,丙申,-0.010091313184391049,丙,申,火,金,1,5,2013-01
2013-01-31,776.005,壬辰,癸丑,丁酉,-0.009796065240748164,丁,酉,火,金,1,5,2013-01
2013-02-01,782.363,壬辰,癸丑,戊戌,0.008193246177537583,戊,戌,土,土,2,5,2013-02
2013-02-04,771.902,癸巳,甲寅,辛丑,-0.013371031094261854,辛,丑,金,土,2,6,2013-02
2013-02-05,780.981,癸巳,甲寅,壬寅,0.011761855779619523,壬,寅,水,木,2,6,2013-02
2013-02-06,791.263,癸巳,甲寅,癸卯,0.01316549314259885,癸,卯,水,木,2,6,2013-02
2013-02-07,805.586,癸巳,甲寅,甲辰,0.018101440355482223,甲,辰,木,土,2,6,2013-02
2013-02-08,823.028,癸巳,甲寅,乙巳,0.021651319660470847,乙,巳,木,火,2,6,2013-02
2013-02-18,835.277,癸巳,甲寅,乙卯,0.014882847242135178,乙,卯,木,木,2,8,2013-02
2013-02-19,819.709,癸巳,甲寅,丙辰,-0.01863812842925172,丙,辰,火,土,2,8,2013-02
2013-02-20,850.863,癸巳,甲寅,丁巳,0.03800617048245192,丁,巳,火,火,2,8,2013-02
2013-02-21,839.298,癸巳,甲寅,戊午,-0.013592082391642446,戊,午,土,火,2,8,2013-02
2013-02-22,838.763,癸巳,甲寅,己未,-0.0006374374775108826,己,未,土,土,2,8,2013-02
2013-02-25,855.694,癸巳,甲寅,壬戌,0.02018567819515149,壬,戌,水,土,2,9,2013-02
2013-02-26,851.217,癸巳,甲寅,癸亥,-0.005232010508429363,癸,亥,水,水,2,9,2013-02
2013-02-27,846.09,癸巳,甲寅,甲子,-0.006023140985201181,甲,子,木,水,2,9,2013-02
2013-02-28,861.095,癸巳,甲寅,乙丑,0.01773451996832498,乙,丑,木,土,2,9,2013-02
2013-03-01,884.891,癸巳,甲寅,丙寅,0.02763458155023546,丙,寅,火,木,3,9,2013-03
2013-03-04,863.5,癸巳,甲寅,己巳,-0.024173598782222805,己,巳,土,火,3,10,2013-03
2013-03-05,888.099,癸巳,乙卯,庚午,0.02848755066589459,庚,午,金,火,3,10,2013-03
2013-03-06,902.903,癸巳,乙卯,辛未,0.016669312768058386,辛,未,金,土,3,10,2013-03
2013-03-07,877.337,癸巳,乙卯,壬申,-0.028315333983827795,壬,申,水,金,3,10,2013-03
2013-03-08,864.699,癸巳,乙卯,癸酉,-0.014404954994489017,癸,酉,水,金,3,10,2013-03
2013-03-11,869.15,癸巳,乙卯,丙子,0.0051474559355335625,丙,子,火,水,3,11,2013-03
2013-03-12,839.836,癸巳,乙卯,丁丑,-0.03372720474026347,丁,丑,火,土,3,11,2013-03
2013-03-13,834.049,癸巳,乙卯,戊寅,-0.006890631027962613,戊,寅,土,木,3,11,2013-03
2013-03-14,842.036,癸巳,乙卯,己卯,0.009576175980068324,己,卯,土,木,3,11,2013-03
2013-03-15,853.906,癸巳,乙卯,庚辰,0.014096784460521983,庚,辰,金,土,3,11,2013-03
2013-03-18,852.117,癸巳,乙卯,癸未,-0.0020950783809927653,癸,未,水,土,3,12,2013-03
2013-03-19,842.685,癸巳,乙卯,甲申,-0.011068902509866585,甲,申,木,金,3,12,2013-03
2013-03-20,866.267,癸巳,乙卯,乙酉,0.027984359517494894,乙,酉,木,金,3,12,2013-03
2013-03-21,882.734,癸巳,乙卯,丙戌,0.019009150758368953,丙,戌,火,土,3,12,2013-03
2013-03-22,882.001,癸巳,乙卯,丁亥,-0.0008303747221700686,丁,亥,火,水,3,12,2013-03
2013-03-25,881.756,癸巳,乙卯,庚寅,-0.0002777774628373031,庚,寅,金,木,3,13,2013-03
2013-03-26,876.361,癸巳,乙卯,辛卯,-0.006118472684053189,辛,卯,金,木,3,13,2013-03
2013-03-27,882.752,癸巳,乙卯,壬辰,0.007292656793262076,壬,辰,水,土,3,13,2013-03
2013-03-28,867.511,癸巳,乙卯,癸巳,-0.017265324802436033,癸,巳,水,火,3,13,2013-03
2013-03-29,866.455,癸巳,乙卯,甲午,-0.0012172756310869781,甲,午,木,火,3,13,2013-03
2013-04-01,877.001,癸巳,乙卯,丁酉,0.012171434177193241,丁,酉,火,金,4,14,2013-04
2013-04-02,845.163,癸巳,乙卯,戊戌,-0.036303265332650714,戊,戌,土,土,4,14,2013-04
2013-04-03,835.138,癸巳,乙卯,己亥,-0.011861617226499477,己,亥,土,水,4,14,2013-04
2013-04-08,853.484,癸巳,丙辰,甲辰,0.0219676269071698,甲,辰,木,土,4,15,2013-04
2013-04-09,861.991,癸巳,丙辰,乙巳,0.009967380759334565,乙,巳,木,火,4,15,2013-04
2013-04-10,850.533,癸巳,丙辰,丙午,-0.01329248217208756,丙,午,火,火,4,15,2013-04
2013-04-11,847.782,癸巳,丙辰,丁未,-0.003234442402587523,丁,未,火,土,4,15,2013-04
2013-04-12,846.612,癸巳,丙辰,戊申,-0.0013800717637317828,戊,申,土,金,4,15,2013-04
2013-04-15,836.342,癸巳,丙辰,辛亥,-0.012130704502180456,辛,亥,金,水,4,16,2013-04
2013-04-16,846.054,癸巳,丙辰,壬子,0.01161247432270529,壬,子,水,水,4,16,2013-04
2013-04-17,867.511,癸巳,丙辰,癸丑,0.025361265356584894,癸,丑,水,土,4,16,2013-04
2013-04-18,873.481,癸巳,丙辰,甲寅,0.00688175711892991,甲,寅,木,木,4,16,2013-04
2013-04-19,892.21,癸巳,丙辰,乙卯,0.02144179438362137,乙,卯,木,木,4,16,2013-04
2013-04-22,916.021,癸巳,丙辰,戊午,0.026687663218300628,戊,午,土,火,4,17,2013-04
2013-04-23,893.79,癸巳,丙辰,己未,-0.024269094267489466,己,未,土,土,4,17,2013-04
2013-04-24,923.406,癸巳,丙辰,庚申,0.033135300238311016,庚,申,金,金,4,17,2013-04
2013-04-25,903.634,癸巳,丙辰,辛酉,-0.02141203327680341,辛,酉,金,金,4,17,2013-04
2013-04-26,889.381,癸巳,丙辰,壬戌,-0.01577297888304341,壬,戌,水,土,4,17,2013-04
2013-05-02,913.651,癸巳,丙辰,戊辰,0.02728864232539263,戊,辰,土,土,5,18,2013-05
2013-05-03,939.21,癸巳,丙辰,己巳,0.027974576725686484,己,巳,土,火,5,18,2013-05
2013-05-06,958.022,癸巳,丁巳,壬申,0.020029599344129734,壬,申,水,金,5,19,2013-05
2013-05-07,957.44,癸巳,丁巳,癸酉,-0.0006075017066413668,癸,酉,水,金,5,19,2013-05
2013-05-08,980.083,癸巳,丁巳,甲戌,0.02364952372994633,甲,戌,木,土,5,19,2013-05
2013-05-09,992.161,癸巳,丁巳,乙亥,0.012323446075485522,乙,亥,木,水,5,19,2013-05
2013-05-10,988.3,癸巳,丁巳,丙子,-0.0038915055117062503,丙,子,火,水,5,19,2013-05
2013-05-13,995.109,癸巳,丁巳,己卯,0.006889608418496396,己,卯,土,木,5,20,2013-05
2013-05-14,976.333,癸巳,丁巳,庚辰,-0.01886828478086322,庚,辰,金,土,5,20,2013-05
2013-05-15,1012.656,癸巳,丁巳,辛巳,0.0372034951189808,辛,巳,金,火,5,20,2013-05
2013-05-16,1009.526,癸巳,丁巳,壬午,-0.003090881799939993,壬,午,水,火,5,20,2013-05
2013-05-17,1023.403,癸巳,丁巳,癸未,0.013746055079314479,癸,未,水,土,5,20,2013-05
2013-05-20,1051.653,癸巳,丁巳,丙戌,0.027603983963306655,丙,戌,火,土,5,21,2013-05
2013-05-21,1073.583,癸巳,丁巳,丁亥,0.02085288588536338,丁,亥,火,水,5,21,2013-05
2013-05-22,1039.811,癸巳,丁巳,戊子,-0.031457279036646635,戊,子,土,水,5,21,2013-05
2013-05-23,1042.897,癸巳,丁巳,己丑,0.0029678470414336022,己,丑,土,土,5,21,2013-05
2013-05-24,1073.782,癸巳,丁巳,庚寅,0.029614621578161637,庚,寅,金,木,5,21,2013-05
2013-05-27,1089.724,癸巳,丁巳,癸巳,0.014846588972435848,癸,巳,水,火,5,22,2013-05
2013-05-28,1059.002,癸巳,丁巳,甲午,-0.02819245974209983,甲,午,木,火,5,22,2013-05
2013-05-29,1065.96,癸巳,丁巳,乙未,0.006570336977645086,乙,未,木,土,5,22,2013-05
2013-05-30,1073.869,癸巳,丁巳,丙申,0.007419602986978857,丙,申,火,金,5,22,2013-05
2013-05-31,1073.023,癸巳,丁巳,丁酉,-0.0007878055889498636,丁,酉,火,金,5,22,2013-05
2013-06-03,1052.136,癸巳,丁巳,庚子,-0.019465565975752552,庚,子,金,水,6,23,2013-06
2013-06-04,1022.46,癸巳,丁巳,辛丑,-0.028205479139578826,辛,丑,金,土,6,23,2013-06
2013-06-05,1032.756,癸巳,戊午,壬寅,0.010069831582653732,壬,寅,水,木,6,23,2013-06
2013-06-06,1022.13,癸巳,戊午,癸卯,-0.010288974355995073,癸,卯,水,木,6,23,2013-06
2013-06-07,1030.139,癸巳,戊午,甲辰,0.007835598211577643,甲,辰,木,土,6,23,2013-06
2013-06-13,1029.275,癸巳,戊午,庚戌,-0.0008387217647325418,庚,戌,金,土,6,24,2013-06
2013-06-14,1068.147,癸巳,戊午,辛亥,0.037766388963105024,辛,亥,金,水,6,24,2013-06
2013-06-17,1073.691,癸巳,戊午,甲寅,0.005190296841165232,甲,寅,木,木,6,25,2013-06
2013-06-18,1072.93,癸巳,戊午,乙卯,-0.000708770027875727,乙,卯,木,木,6,25,2013-06
2013-06-19,1067.625,癸巳,戊午,丙辰,-0.004944404574389827,丙,辰,火,土,6,25,2013-06
2013-06-20,1029.528,癸巳,戊午,丁巳,-0.035683877766069516,丁,巳,火,火,6,25,2013-06
2013-06-21,1025.497,癸巳,戊午,戊午,-0.003915386468362203,戊,午,土,火,6,25,2013-06
2013-06-24,971.454,癸巳,戊午,辛酉,-0.052699325302755784,辛,酉,金,金,6,26,2013-06
2013-06-25,984.746,癸巳,戊午,壬戌,0.01368258301473868,壬,戌,水,土,6,26,2013-06
2013-06-26,1038.976,癸巳,戊午,癸亥,0.05507003836522317,癸,亥,水,水,6,26,2013-06
2013-06-27,1022.503,癸巳,戊午,甲子,-0.015855034187507777,甲,子,木,水,6,26,2013-06
2013-06-28,1011.658,癸巳,戊午,乙丑,-0.010606325849410791,乙,丑,木,土,6,26,2013-06
2013-07-01,1055.839,癸巳,戊午,戊辰,0.04367187330105615,戊,辰,土,土,7,27,2013-07
2013-07-02,1083.248,癸巳,戊午,己巳,0.02595945025709412,己,巳,土,火,7,27,2013-07
2013-07-03,1104.578,癸巳,戊午,庚午,0.01969078179696604,庚,午,金,火,7,27,2013-07
2013-07-04,1087.904,癸巳,戊午,辛未,-0.015095357684110966,辛,未,金,土,7,27,2013-07
2013-07-05,1057.273,癸巳,戊午,壬申,-0.028155976997970455,壬,申,水,金,7,27,2013-07
2013-07-08,1030.604,癸巳,己未,乙亥,-0.025224327113243072,乙,亥,木,水,7,28,2013-07
2013-07-09,1050.715,癸巳,己未,丙子,0.01951379967475364,丙,子,火,水,7,28,2013-07
2013-07-10,1068.857,癸巳,己未,丁丑,0.017266337684338717,丁,丑,火,土,7,28,2013-07
2013-07-11,1080.782,癸巳,己未,戊寅,0.011156777754180336,戊,寅,土,木,7,28,2013-07
2013-07-12,1096.296,癸巳,己未,己卯,0.014354421150611474,己,卯,土,木,7,28,2013-07
2013-07-15,1139.567,癸巳,己未,壬午,0.03947017958653509,壬,午,水,火,7,29,2013-07
2013-07-16,1143.195,癸巳,己未,癸未,0.003183665374655309,癸,未,水,土,7,29,2013-07
2013-07-17,1129.48,癸巳,己未,甲申,-0.011997078363708669,甲,申,木,金,7,29,2013-07
2013-07-18,1127.966,癸巳,己未,乙酉,-0.0013404398484259117,乙,酉,木,金,7,29,2013-07
2013-07-19,1116.005,癸巳,己未,丙戌,-0.010604043029665555,丙,戌,火,土,7,29,2013-07
2013-07-22,1153.772,癸巳,己未,己丑,0.0338412462309754,己,丑,土,土,7,30,2013-07
2013-07-23,1178.588,癸巳,己未,庚寅,0.021508582284888167,庚,寅,金,木,7,30,2013-07
2013-07-24,1203.308,癸巳,己未,辛卯,0.020974250543871253,辛,卯,金,木,7,30,2013-07
2013-07-25,1150.387,癸巳,己未,壬辰,-0.04397959624634762,壬,辰,水,土,7,30,2013-07
2013-07-26,1158.354,癸巳,己未,癸巳,0.006925495507164259,癸,巳,水,火,7,30,2013-07
2013-07-29,1136.984,癸巳,己未,丙申,-0.01844859170857971,丙,申,火,金,7,31,2013-07
2013-07-30,1124.102,癸巳,己未,丁酉,-0.011329974740189708,丁,酉,火,金,7,31,2013-07
2013-07-31,1134.015,癸巳,己未,戊戌,0.008818594753856823,戊,戌,土,土,7,31,2013-07
2013-08-01,1190.113,癸巳,己未,己亥,0.04946848145747618,己,亥,土,水,8,31,2013-08
2013-08-02,1188.851,癸巳,己未,庚子,-0.0010604035079021523,庚,子,金,水,8,31,2013-08
2013-08-05,1202.832,癸巳,己未,癸卯,0.011760094410485422,癸,卯,水,木,8,32,2013-08
2013-08-06,1211.782,癸巳,己未,甲辰,0.007440773108796428,甲,辰,木,土,8,32,2013-08
2013-08-07,1175.702,癸巳,庚申,乙巳,-0.029774332346907184,乙,巳,木,火,8,32,2013-08
2013-08-08,1185.955,癸巳,庚申,丙午,0.0087207472641877,丙,午,火,火,8,32,2013-08
2013-08-09,1172.519,癸巳,庚申,丁未,-0.011329266287506634,丁,未,火,土,8,32,2013-08
2013-08-12,1161.872,癸巳,庚申,庚戌,-0.00908044986904255,庚,戌,金,土,8,33,2013-08
2013-08-13,1172.329,癸巳,庚申,辛亥,0.009000130823360708,辛,亥,金,水,8,33,2013-08
2013-08-14,1180.656,癸巳,庚申,壬子,0.007102954887237223,壬,子,水,水,8,33,2013-08
2013-08-15,1167.094,癸巳,庚申,癸丑,-0.011486834437803961,癸,丑,水,土,8,33,2013-08
2013-08-16,1132.086,癸巳,庚申,甲寅,-0.029995870084157827,甲,寅,木,木,8,33,2013-08
2013-08-19,1171.402,癸巳,庚申,丁巳,0.0347288103553971,丁,巳,火,火,8,34,2013-08
2013-08-20,1175.783,癸巳,庚申,戊午,0.0037399628820846686,戊,午,土,火,8,34,2013-08
2013-08-21,1181.34,癸巳,庚申,己未,0.004726212234740679,己,未,土,土,8,34,2013-08
2013-08-22,1197.134,癸巳,庚申,庚申,0.013369563377181981,庚,申,金,金,8,34,2013-08
2013-08-23,1219.825,癸巳,庚申,辛酉,0.018954436178406198,辛,酉,金,金,8,34,2013-08
2013-08-26,1238.172,癸巳,庚申,甲子,0.015040682065050381,甲,子,木,水,8,35,2013-08
2013-08-27,1250.751,癸巳,庚申,乙丑,0.010159331659898685,乙,丑,木,土,8,35,2013-08
2013-08-28,1227.995,癸巳,庚申,丙寅,-0.018193869123430684,丙,寅,火,木,8,35,2013-08
2013-08-29,1226.296,癸巳,庚申,丁卯,-0.0013835561219710524,丁,卯,火,木,8,35,2013-08
2013-08-30,1185.145,癸巳,庚申,戊辰,-0.03355715096518297,戊,辰,土,土,8,35,2013-08
2013-09-02,1210.185,癸巳,庚申,辛未,0.02112821637858664,辛,未,金,土,9,36,2013-09
2013-09-03,1234.587,癸巳,庚申,壬申,0.02016385924466091,壬,申,水,金,9,36,2013-09
2013-09-04,1236.35,癸巳,庚申,癸酉,0.0014280079087176656,癸,酉,水,金,9,36,2013-09
2013-09-05,1267.26,癸巳,庚申,甲戌,0.02500101104056296,甲,戌,木,土,9,36,2013-09
2013-09-06,1282.746,癸巳,庚申,乙亥,0.0122200653378155,乙,亥,木,水,9,36,2013-09
2013-09-09,1275.912,癸巳,辛酉,戊寅,-0.005327633062196302,戊,寅,土,木,9,37,2013-09
2013-09-10,1263.589,癸巳,辛酉,己卯,-0.00965818959301279,己,卯,土,木,9,37,2013-09
2013-09-11,1220.705,癸巳,辛酉,庚辰,-0.033938250491259425,庚,辰,金,土,9,37,2013-09
2013-09-12,1220.633,癸巳,辛酉,辛巳,-5.898230940304394e-05,辛,巳,金,火,9,37,2013-09
2013-09-13,1253.448,癸巳,辛酉,壬午,0.02688359236560056,壬,午,水,火,9,37,2013-09
2013-09-16,1278.798,癸巳,辛酉,乙酉,0.020224213529400403,乙,酉,木,金,9,38,2013-09
2013-09-17,1269.36,癸巳,辛酉,丙戌,-0.007380368126944314,丙,戌,火,土,9,38,2013-09
2013-09-18,1289.642,癸巳,辛酉,丁亥,0.015978130711539862,丁,亥,火,水,9,38,2013-09
2013-09-23,1326.091,癸巳,辛酉,壬辰,0.02826288225724638,壬,辰,水,土,9,39,2013-09
2013-09-24,1328.404,癸巳,辛酉,癸巳,0.001744224189742738,癸,巳,水,火,9,39,2013-09
2013-09-25,1323.04,癸巳,辛酉,甲午,-0.004037928220631648,甲,午,木,火,9,39,2013-09
2013-09-26,1306.344,癸巳,辛酉,乙未,-0.012619421937356323,乙,未,木,土,9,39,2013-09
2013-09-27,1323.759,癸巳,辛酉,丙申,0.013331098087486781,丙,申,火,金,9,39,2013-09
2013-09-30,1367.912,癸巳,辛酉,己亥,0.03335425859238739,己,亥,土,水,9,40,2013-09
2013-10-08,1387.663,癸巳,壬戌,丁未,0.014438794308405889,丁,未,火,土,10,41,2013-10
2013-10-09,1415.833,癸巳,壬戌,戊申,0.020300317872567142,戊,申,土,金,10,41,2013-10
2013-10-10,1378.148,癸巳,壬戌,己酉,-0.026616839697902295,己,酉,土,金,10,41,2013-10
2013-10-11,1379.9,癸巳,壬戌,庚戌,0.0012712713003248943,庚,戌,金,土,10,41,2013-10
2013-10-14,1393.602,癸巳,壬戌,癸丑,0.009929705051090698,癸,丑,水,土,10,42,2013-10
2013-10-15,1389.749,癸巳,壬戌,甲寅,-0.0027647778921098265,甲,寅,木,木,10,42,2013-10
2013-10-16,1335.1,癸巳,壬戌,乙卯,-0.03932292809708815,乙,卯,木,木,10,42,2013-10
2013-10-17,1322.988,癸巳,壬戌,丙辰,-0.009071979626994131,丙,辰,火,土,10,42,2013-10
2013-10-18,1349.937,癸巳,壬戌,丁巳,0.020369799272555555,丁,巳,火,火,10,42,2013-10
2013-10-21,1400.967,癸巳,壬戌,庚申,0.03780176408232405,庚,申,金,金,10,43,2013-10
2013-10-22,1350.473,癸巳,壬戌,辛酉,-0.036042247961586615,辛,酉,金,金,10,43,2013-10
2013-10-23,1311.231,癸巳,壬戌,壬戌,-0.029057967097454007,壬,戌,水,土,10,43,2013-10
2013-10-24,1295.932,癸巳,壬戌,癸亥,-0.011667661914643523,癸,亥,水,水,10,43,2013-10
2013-10-25,1269.171,癸巳,壬戌,甲子,-0.020650003240910708,甲,子,木,水,10,43,2013-10
2013-10-28,1279.05,癸巳,壬戌,丁卯,0.0077838210926659546,丁,卯,火,木,10,44,2013-10
2013-10-29,1261.684,癸巳,壬戌,戊辰,-0.013577264375904008,戊,辰,土,土,10,44,2013-10
2013-10-30,1273.291,癸巳,壬戌,己巳,0.009199609410914356,己,巳,土,火,10,44,2013-10
2013-10-31,1235.555,癸巳,壬戌,庚午,-0.029636587394397562,庚,午,金,火,10,44,2013-10
2013-11-01,1221.962,癸巳,壬戌,辛未,-0.011001533723711265,辛,未,金,土,11,44,2013-11
2013-11-04,1222.456,癸巳,壬戌,甲戌,0.0004042678904907504,甲,戌,木,土,11,45,2013-11
2013-11-05,1260.025,癸巳,壬戌,乙亥,0.030732394458369283,乙,亥,木,水,11,45,2013-11
2013-11-06,1241.789,癸巳,壬戌,丙子,-0.014472728715700156,丙,子,火,水,11,45,2013-11
2013-11-07,1224.05,癸巳,癸亥,丁丑,-0.014285035541464763,丁,丑,火,土,11,45,2013-11
2013-11-08,1211.11,癸巳,癸亥,戊寅,-0.01057146358400396,戊,寅,土,木,11,45,2013-11
2013-11-11,1212.689,癸巳,癸亥,辛巳,0.0013037626640026723,辛,巳,金,火,11,46,2013-11
2013-11-12,1228.346,癸巳,癸亥,壬午,0.01291097717551648,壬,午,水,火,11,46,2013-11
2013-11-13,1212.08,癸巳,癸亥,癸未,-0.013242197231073338,癸,未,水,土,11,46,2013-11
2013-11-14,1249.667,癸巳,癸亥,甲申,0.03101032935119785,甲,申,木,金,11,46,2013-11
2013-11-15,1269.052,癸巳,癸亥,乙酉,0.01551213243207994,乙,酉,木,金,11,46,2013-11
2013-11-18,1291.151,癸巳,癸亥,戊子,0.017413786038712464,戊,子,土,水,11,47,2013-11
2013-11-19,1298.166,癸巳,癸亥,己丑,0.005433136790352178,己,丑,土,土,11,47,2013-11
2013-11-20,1299.264,癸巳,癸亥,庚寅,0.0008458086253992914,庚,寅,金,木,11,47,2013-11
2013-11-21,1298.953,癸巳,癸亥,辛卯,-0.00023936628737497578,辛,卯,金,木,11,47,2013-11
2013-11-22,1295.067,癸巳,癸亥,壬辰,-0.002991640190214695,壬,辰,水,土,11,47,2013-11
2013-11-25,1293.795,癸巳,癸亥,乙未,-0.0009821885663058305,乙,未,木,土,11,48,2013-11
2013-11-26,1291.854,癸巳,癸亥,丙申,-0.0015002376728925348,丙,申,火,金,11,48,2013-11
2013-11-27,1329.477,癸巳,癸亥,丁酉,0.029123260058799172,丁,酉,火,金,11,48,2013-11
2013-11-28,1336.661,癸巳,癸亥,戊戌,0.005403628644948366,戊,戌,土,土,11,48,2013-11
2013-11-29,1366.834,癸巳,癸亥,己亥,0.02257341240598776,己,亥,土,水,11,48,2013-11
2013-12-02,1253.929,癸巳,癸亥,壬寅,-0.08260330076658906,壬,寅,水,木,12,49,2013-12
2013-12-03,1255.329,癸巳,癸亥,癸卯,0.0011164906465994662,癸,卯,水,木,12,49,2013-12
2013-12-04,1240.287,癸巳,癸亥,甲辰,-0.011982516137203802,甲,辰,木,土,12,49,2013-12
2013-12-05,1202.066,癸巳,癸亥,乙巳,-0.030816254624937645,乙,巳,木,火,12,49,2013-12
2013-12-06,1206.783,癸巳,癸亥,丙午,0.003924077380110358,丙,午,火,火,12,49,2013-12
2013-12-09,1241.715,癸巳,甲子,己酉,0.02894638058375043,己,酉,土,金,12,50,2013-12
2013-12-10,1231.921,癸巳,甲子,庚戌,-0.00788747820554625,庚,戌,金,土,12,50,2013-12
2013-12-11,1244.505,癸巳,甲子,辛亥,0.010214940730777444,辛,亥,金,水,12,50,2013-12
2013-12-12,1279.318,癸巳,甲子,壬子,0.02797337093864627,壬,子,水,水,12,50,2013-12
2013-12-13,1278.143,癸巳,甲子,癸丑,-0.0009184581159649152,癸,丑,水,土,12,50,2013-12
2013-12-16,1279.958,癸巳,甲子,丙辰,0.0014200289013044376,丙,辰,火,土,12,51,2013-12
2013-12-17,1267.673,癸巳,甲子,丁巳,-0.009597971183429532,丁,巳,火,火,12,51,2013-12
2013-12-18,1256.0,癸巳,甲子,戊午,-0.009208210634761516,戊,午,土,火,12,51,2013-12
2013-12-19,1256.084,癸巳,甲子,己未,6.687898089174915e-05,己,未,土,土,12,51,2013-12
2013-12-20,1253.714,癸巳,甲子,庚申,-0.0018868164867955617,庚,申,金,金,12,51,2013-12
2013-12-23,1242.806,癸巳,甲子,癸亥,-0.008700548929022056,癸,亥,水,水,12,52,2013-12
2013-12-24,1258.823,癸巳,甲子,甲子,0.01288777170370925,甲,子,木,水,12,52,2013-12
2013-12-25,1288.341,癸巳,甲子,乙丑,0.023448888366354836,乙,丑,木,土,12,52,2013-12
2013-12-26,1269.535,癸巳,甲子,丙寅,-0.01459706708084263,丙,寅,火,木,12,52,2013-12
2013-12-27,1294.302,癸巳,甲子,丁卯,0.019508717758864424,丁,卯,火,木,12,52,2013-12
2013-12-30,1307.988,癸巳,甲子,庚午,0.010574039134606972,庚,午,金,火,12,1,2013-12
2013-12-31,1304.444,癸巳,甲子,辛未,-0.002709504980168087,辛,未,金,土,12,1,2013-12
2014-01-02,1333.003,癸巳,甲子,癸酉,0.021893619043822587,癸,酉,水,金,1,1,2014-01
2014-01-03,1352.84,癸巳,甲子,甲戌,0.014881436875985976,甲,戌,木,土,1,1,2014-01
2014-01-06,1323.328,癸巳,乙丑,丁丑,-0.02181484876260309,丁,丑,火,土,1,2,2014-01
2014-01-07,1352.276,癸巳,乙丑,戊寅,0.021875151134110427,戊,寅,土,木,1,2,2014-01
2014-01-08,1405.023,癸巳,乙丑,己卯,0.0390060904726548,己,卯,土,木,1,2,2014-01
2014-01-09,1380.244,癸巳,乙丑,庚辰,-0.017636010229014065,庚,辰,金,土,1,2,2014-01
2014-01-10,1353.302,癸巳,乙丑,辛巳,-0.019519737089963796,辛,巳,金,火,1,2,2014-01
2014-01-13,1362.788,癸巳,乙丑,甲申,0.007009521895334547,甲,申,木,金,1,3,2014-01
2014-01-14,1400.916,癸巳,乙丑,乙酉,0.027977939341995883,乙,酉,木,金,1,3,2014-01
2014-01-15,1415.323,癸巳,乙丑,丙戌,0.010283985620836766,丙,戌,火,土,1,3,2014-01
2014-01-16,1395.163,癸巳,乙丑,丁亥,-0.014244098343629052,丁,亥,火,水,1,3,2014-01
2014-01-17,1395.509,癸巳,乙丑,戊子,0.0002479996960929043,戊,子,土,水,1,3,2014-01
2014-01-20,1372.736,癸巳,乙丑,辛卯,-0.01631877687639416,辛,卯,金,木,1,4,2014-01
2014-01-21,1407.152,癸巳,乙丑,壬辰,0.025071098885728782,壬,辰,水,土,1,4,2014-01
2014-01-22,1431.741,癸巳,乙丑,癸巳,0.017474302705038136,癸,巳,水,火,1,4,2014-01
2014-01-23,1461.525,癸巳,乙丑,甲午,0.02080264517115893,甲,午,木,火,1,4,2014-01
2014-01-24,1484.432,癸巳,乙丑,乙未,0.015673354886163393,乙,未,木,土,1,4,2014-01
2014-01-27,1477.669,癸巳,乙丑,戊戌,-0.00455595136725695,戊,戌,土,土,1,5,2014-01
2014-01-28,1471.34,癸巳,乙丑,己亥,-0.004283097229487942,己,亥,土,水,1,5,2014-01
2014-01-29,1496.527,癸巳,乙丑,庚子,0.01711840906928397,庚,子,金,水,1,5,2014-01
2014-02-07,1532.687,甲午,丙寅,己酉,0.02416261116571894,己,酉,土,金,2,6,2014-02
2014-02-10,1553.415,甲午,丙寅,壬子,0.01352396151334223,壬,子,水,水,2,7,2014-02
2014-02-11,1527.151,甲午,丙寅,癸丑,-0.016907265605134447,癸,丑,水,土,2,7,2014-02
2014-02-12,1539.966,甲午,丙寅,甲寅,0.008391442627480705,甲,寅,木,木,2,7,2014-02
2014-02-13,1485.131,甲午,丙寅,乙卯,-0.03560792900622467,乙,卯,木,木,2,7,2014-02
2014-02-14,1515.784,甲午,丙寅,丙辰,0.020639930080242008,丙,辰,火,土,2,7,2014-02
2014-02-17,1558.616,甲午,丙寅,己未,0.02825732426255967,己,未,土,土,2,8,2014-02
2014-02-18,1545.341,甲午,丙寅,庚申,-0.008517171644587318,庚,申,金,金,2,8,2014-02
2014-02-19,1544.402,甲午,丙寅,辛酉,-0.0006076328784390128,辛,酉,金,金,2,8,2014-02
2014-02-20,1515.164,甲午,丙寅,壬戌,-0.01893159941517819,壬,戌,水,土,2,8,2014-02
2014-02-21,1519.665,甲午,丙寅,癸亥,0.002970635521963194,癸,亥,水,水,2,8,2014-02
2014-02-24,1540.026,甲午,丙寅,丙寅,0.013398347662149312,丙,寅,火,木,2,9,2014-02
2014-02-25,1472.691,甲午,丙寅,丁卯,-0.04372328778864776,丁,卯,火,木,2,9,2014-02
2014-02-26,1465.985,甲午,丙寅,戊辰,-0.004553568942840092,戊,辰,土,土,2,9,2014-02
2014-02-27,1414.657,甲午,丙寅,己巳,-0.03501263655494424,己,巳,土,火,2,9,2014-02
2014-02-28,1434.894,甲午,丙寅,庚午,0.01430523441371312,庚,午,金,火,2,9,2014-02
2014-03-03,1465.139,甲午,丙寅,癸酉,0.021078212049112866,癸,酉,水,金,3,10,2014-03
2014-03-04,1460.452,甲午,丙寅,甲戌,-0.0031990138819592007,甲,戌,木,土,3,10,2014-03
2014-03-05,1464.578,甲午,丙寅,乙亥,0.0028251527609259863,乙,亥,木,水,3,10,2014-03
2014-03-06,1462.528,甲午,丁卯,丙子,-0.00139972060211202,丙,子,火,水,3,10,2014-03
2014-03-07,1460.611,甲午,丁卯,丁丑,-0.0013107441361805972,丁,丑,火,土,3,10,2014-03
2014-03-10,1407.073,甲午,丁卯,庚辰,-0.036654523346736356,庚,辰,金,土,3,11,2014-03
2014-03-11,1395.813,甲午,丁卯,辛巳,-0.00800242773473725,辛,巳,金,火,3,11,2014-03
2014-03-12,1399.266,甲午,丁卯,壬午,0.002473827081421298,壬,午,水,火,3,11,2014-03
2014-03-13,1436.856,甲午,丁卯,癸未,0.026864084455707538,癸,未,水,土,3,11,2014-03
2014-03-14,1434.021,甲午,丁卯,甲申,-0.0019730578429570933,甲,申,木,金,3,11,2014-03
2014-03-17,1477.415,甲午,丁卯,丁亥,0.030260365782649012,丁,亥,火,水,3,12,2014-03
2014-03-18,1485.64,甲午,丁卯,戊子,0.005567156147731067,戊,子,土,水,3,12,2014-03
2014-03-19,1466.217,甲午,丁卯,己丑,-0.01307382676826152,己,丑,土,土,3,12,2014-03
2014-03-20,1417.658,甲午,丁卯,庚寅,-0.03311856294122917,庚,寅,金,木,3,12,2014-03
2014-03-21,1419.84,甲午,丁卯,辛卯,0.0015391582455006603,辛,卯,金,木,3,12,2014-03
2014-03-24,1397.294,甲午,丁卯,甲午,-0.01587925400045065,甲,午,木,火,3,13,2014-03
2014-03-25,1394.824,甲午,丁卯,乙未,-0.0017677024305551292,乙,未,木,土,3,13,2014-03
2014-03-26,1417.614,甲午,丁卯,丙申,0.016338978967955775,丙,申,火,金,3,13,2014-03
2014-03-27,1367.964,甲午,丁卯,丁酉,-0.03502363831056976,丁,酉,火,金,3,13,2014-03
2014-03-28,1330.5,甲午,丁卯,戊戌,-0.027386685614533723,戊,戌,土,土,3,13,2014-03
2014-03-31,1327.8,甲午,丁卯,辛丑,-0.0020293122886133608,辛,丑,金,土,3,14,2014-03
2014-04-01,1355.051,甲午,丁卯,壬寅,0.020523422202138875,壬,寅,水,木,4,14,2014-04
2014-04-02,1327.983,甲午,丁卯,癸卯,-0.01997563191348517,癸,卯,水,木,4,14,2014-04
2014-04-03,1326.176,甲午,丁卯,甲辰,-0.001360710189814207,甲,辰,木,土,4,14,2014-04
2014-04-04,1346.738,甲午,丁卯,乙巳,0.015504729387351368,乙,巳,木,火,4,14,2014-04
2014-04-08,1351.183,甲午,戊辰,己酉,0.003300567742203775,己,酉,土,金,4,15,2014-04
2014-04-09,1370.462,甲午,戊辰,庚戌,0.014268237537032435,庚,戌,金,土,4,15,2014-04
2014-04-10,1381.142,甲午,戊辰,辛亥,0.007792992436127522,辛,亥,金,水,4,15,2014-04
2014-04-11,1363.899,甲午,戊辰,壬子,-0.012484596080634791,壬,子,水,水,4,15,2014-04
2014-04-14,1372.728,甲午,戊辰,乙卯,0.006473353232167689,乙,卯,木,木,4,16,2014-04
2014-04-15,1369.889,甲午,戊辰,丙辰,-0.00206814459965865,丙,辰,火,土,4,16,2014-04
2014-04-16,1359.304,甲午,戊辰,丁巳,-0.007726903420641973,丁,巳,火,火,4,16,2014-04
2014-04-17,1367.591,甲午,戊辰,戊午,0.006096502327661568,戊,午,土,火,4,16,2014-04
2014-04-18,1377.419,甲午,戊辰,己未,0.0071863590795788745,己,未,土,土,4,16,2014-04
2014-04-21,1363.851,甲午,戊辰,壬戌,-0.009850306987198465,壬,戌,水,土,4,17,2014-04
2014-04-22,1336.187,甲午,戊辰,癸亥,-0.020283740672551676,癸,亥,水,水,4,17,2014-04
2014-04-23,1326.438,甲午,戊辰,甲子,-0.007296134448246949,甲,子,木,水,4,17,2014-04
2014-04-24,1319.505,甲午,戊辰,乙丑,-0.005226780294291911,乙,丑,木,土,4,17,2014-04
2014-04-25,1291.903,甲午,戊辰,丙寅,-0.020918450479536,丙,寅,火,木,4,17,2014-04
2014-04-28,1257.263,甲午,戊辰,己巳,-0.026813158573050888,己,巳,土,火,4,18,2014-04
2014-04-29,1266.543,甲午,戊辰,庚午,0.0073811127822898115,庚,午,金,火,4,18,2014-04
2014-04-30,1283.209,甲午,戊辰,辛未,0.013158653121133845,辛,未,金,土,4,18,2014-04
2014-05-05,1302.146,甲午,己巳,丙子,0.014757533651961419,丙,子,火,水,5,19,2014-05
2014-05-06,1316.858,甲午,己巳,丁丑,0.011298272236753837,丁,丑,火,土,5,19,2014-05
2014-05-07,1290.025,甲午,己巳,戊寅,-0.020376532625385524,戊,寅,土,木,5,19,2014-05
2014-05-08,1279.837,甲午,己巳,己卯,-0.007897521365865079,己,卯,土,木,5,19,2014-05
2014-05-09,1258.584,甲午,己巳,庚辰,-0.016606020922976805,庚,辰,金,土,5,19,2014-05
2014-05-12,1278.282,甲午,己巳,癸未,0.01565092198852036,癸,未,水,土,5,20,2014-05
2014-05-13,1276.244,甲午,己巳,甲申,-0.0015943273862888407,甲,申,木,金,5,20,2014-05
2014-05-14,1278.661,甲午,己巳,乙酉,0.001893838482296628,乙,酉,木,金,5,20,2014-05
2014-05-15,1253.879,甲午,己巳,丙戌,-0.019381212064808584,丙,戌,火,土,5,20,2014-05
2014-05-16,1226.473,甲午,己巳,丁亥,-0.02185697344002091,丁,亥,火,水,5,20,2014-05
2014-05-19,1228.371,甲午,己巳,庚寅,0.0015475269329208174,庚,寅,金,木,5,21,2014-05
2014-05-20,1244.647,甲午,己巳,辛卯,0.01325006858677047,辛,卯,金,木,5,21,2014-05
2014-05-21,1257.796,甲午,己巳,壬辰,0.010564441162835836,壬,辰,水,土,5,21,2014-05
2014-05-22,1269.513,甲午,己巳,癸巳,0.00931550108284629,癸,巳,水,火,5,21,2014-05
2014-05-23,1295.998,甲午,己巳,甲午,0.020862330673258267,甲,午,木,火,5,21,2014-05
2014-05-26,1320.759,甲午,己巳,丁酉,0.019105739360708807,丁,酉,火,金,5,22,2014-05
2014-05-27,1306.284,甲午,己巳,戊戌,-0.01095960731670187,戊,戌,土,土,5,22,2014-05
2014-05-28,1338.971,甲午,己巳,己亥,0.025022889356372646,己,亥,土,水,5,22,2014-05
2014-05-29,1314.212,甲午,己巳,庚子,-0.01849106515376364,庚,子,金,水,5,22,2014-05
2014-05-30,1318.127,甲午,己巳,辛丑,0.0029789714292671743,辛,丑,金,土,5,22,2014-05
2014-06-03,1319.625,甲午,己巳,乙巳,0.001136461054207949,乙,巳,木,火,6,23,2014-06
2014-06-04,1321.718,甲午,己巳,丙午,0.0015860566448802071,丙,午,火,火,6,23,2014-06
2014-06-05,1355.482,甲午,己巳,丁未,0.02554553997146125,丁,未,火,土,6,23,2014-06
2014-06-06,1350.447,甲午,庚午,戊申,-0.0037145458220766425,戊,申,土,金,6,23,2014-06
2014-06-09,1326.675,甲午,庚午,辛亥,-0.01760306032002734,辛,亥,金,水,6,24,2014-06
2014-06-10,1353.871,甲午,庚午,壬子,0.02049936872255831,壬,子,水,水,6,24,2014-06
2014-06-11,1367.388,甲午,庚午,癸丑,0.00998396449883332,癸,丑,水,土,6,24,2014-06
2014-06-12,1363.739,甲午,庚午,甲寅,-0.002668591504386364,甲,寅,木,木,6,24,2014-06
2014-06-13,1382.733,甲午,庚午,乙卯,0.01392788502785347,乙,卯,木,木,6,24,2014-06
2014-06-16,1395.611,甲午,庚午,戊午,0.009313439398640266,戊,午,土,火,6,25,2014-06
2014-06-17,1377.431,甲午,庚午,己未,-0.013026552527889312,己,未,土,土,6,25,2014-06
2014-06-18,1363.991,甲午,庚午,庚申,-0.009757294557767415,庚,申,金,金,6,25,2014-06
2014-06-19,1320.655,甲午,庚午,辛酉,-0.03177147063287078,辛,酉,金,金,6,25,2014-06
2014-06-20,1333.982,甲午,庚午,壬戌,0.01009120474310099,壬,戌,水,土,6,25,2014-06
2014-06-23,1361.283,甲午,庚午,乙丑,0.020465793391514886,乙,丑,木,土,6,26,2014-06
2014-06-24,1369.439,甲午,庚午,丙寅,0.005991406636239649,丙,寅,火,木,6,26,2014-06
2014-06-25,1358.708,甲午,庚午,丁卯,-0.007836055494257144,丁,卯,火,木,6,26,2014-06
2014-06-26,1386.273,甲午,庚午,戊辰,0.020287655625785606,戊,辰,土,土,6,26,2014-06
2014-06-27,1388.815,甲午,庚午,己巳,0.001833693651972057,己,巳,土,火,6,26,2014-06
2014-06-30,1404.71,甲午,庚午,壬申,0.011445008874472196,壬,申,水,金,6,27,2014-06
2014-07-01,1411.736,甲午,庚午,癸酉,0.005001744132240971,癸,酉,水,金,7,27,2014-07
2014-07-02,1419.937,甲午,庚午,甲戌,0.005809159786248852,甲,戌,木,土,7,27,2014-07
2014-07-03,1422.603,甲午,庚午,乙亥,0.0018775480884012374,乙,亥,木,水,7,27,2014-07
2014-07-04,1411.638,甲午,庚午,丙子,-0.007707702008220241,丙,子,火,水,7,27,2014-07
2014-07-07,1393.889,甲午,辛未,己卯,-0.012573336790310252,己,卯,土,木,7,28,2014-07
2014-07-08,1410.725,甲午,辛未,庚辰,0.012078436661742797,庚,辰,金,土,7,28,2014-07
2014-07-09,1384.579,甲午,辛未,辛巳,-0.01853373265519498,辛,巳,金,火,7,28,2014-07
2014-07-10,1363.882,甲午,辛未,壬午,-0.014948226139497867,壬,午,水,火,7,28,2014-07
2014-07-11,1359.342,甲午,辛未,癸未,-0.00332873371743303,癸,未,水,土,7,28,2014-07
2014-07-14,1367.07,甲午,辛未,丙戌,0.005685103528030311,丙,戌,火,土,7,29,2014-07
2014-07-15,1341.269,甲午,辛未,丁亥,-0.01887321058906999,丁,亥,火,水,7,29,2014-07
2014-07-16,1318.615,甲午,辛未,戊子,-0.01688997509075363,戊,子,土,水,7,29,2014-07
2014-07-17,1312.809,甲午,辛未,己丑,-0.004403104772810917,己,丑,土,土,7,29,2014-07
2014-07-18,1305.922,甲午,辛未,庚寅,-0.005246003036237568,庚,寅,金,木,7,29,2014-07
2014-07-21,1306.965,甲午,辛未,癸巳,0.0007986694458015364,癸,巳,水,火,7,30,2014-07
2014-07-22,1329.349,甲午,辛未,甲午,0.017126701939225608,甲,午,木,火,7,30,2014-07
2014-07-23,1293.094,甲午,辛未,乙未,-0.027272747788579133,乙,未,木,土,7,30,2014-07
2014-07-24,1271.879,甲午,辛未,丙申,-0.016406386542664464,丙,申,火,金,7,30,2014-07
2014-07-25,1285.768,甲午,辛未,丁酉,0.010920063936899815,丁,酉,火,金,7,30,2014-07
2014-07-28,1314.527,甲午,辛未,庚子,0.02236717666017518,庚,子,金,水,7,31,2014-07
2014-07-29,1331.764,甲午,辛未,辛丑,0.013112701374714986,辛,丑,金,土,7,31,2014-07
2014-07-30,1342.738,甲午,辛未,壬寅,0.00824019871388626,壬,寅,水,木,7,31,2014-07
2014-07-31,1344.544,甲午,辛未,癸卯,0.0013450129511491937,癸,卯,水,木,7,31,2014-07
2014-08-01,1325.938,甲午,辛未,甲辰,-0.013838148844515286,甲,辰,木,土,8,31,2014-08
2014-08-04,1329.821,甲午,辛未,丁未,0.00292849288579089,丁,未,火,土,8,32,2014-08
2014-08-05,1360.692,甲午,辛未,戊申,0.02321440253989082,戊,申,土,金,8,32,2014-08
2014-08-06,1365.74,甲午,辛未,己酉,0.0037098770331567277,己,酉,土,金,8,32,2014-08
2014-08-07,1362.028,甲午,壬申,庚戌,-0.002717940457187984,庚,戌,金,土,8,32,2014-08
2014-08-08,1377.445,甲午,壬申,辛亥,0.011319150560781255,辛,亥,金,水,8,32,2014-08
2014-08-11,1397.784,甲午,壬申,甲寅,0.01476574382280238,甲,寅,木,木,8,33,2014-08
2014-08-12,1396.438,甲午,壬申,乙卯,-0.0009629527881275246,乙,卯,木,木,8,33,2014-08
2014-08-13,1384.309,甲午,壬申,丙辰,-0.008685670255321187,丙,辰,火,土,8,33,2014-08
2014-08-14,1380.303,甲午,壬申,丁巳,-0.0028938625697007003,丁,巳,火,火,8,33,2014-08
2014-08-15,1392.451,甲午,壬申,戊午,0.008800966164675295,戊,午,土,火,8,33,2014-08
2014-08-18,1428.739,甲午,壬申,辛酉,0.026060522057867797,辛,酉,金,金,8,34,2014-08
2014-08-19,1436.396,甲午,壬申,壬戌,0.005359271357469719,壬,戌,水,土,8,34,2014-08
2014-08-20,1427.404,甲午,壬申,癸亥,-0.006260112113929517,癸,亥,水,水,8,34,2014-08
2014-08-21,1447.881,甲午,壬申,甲子,0.014345623243314565,甲,子,木,水,8,34,2014-08
2014-08-22,1461.722,甲午,壬申,乙丑,0.009559487278305356,乙,丑,木,土,8,34,2014-08
2014-08-25,1443.806,甲午,壬申,戊辰,-0.012256776596370589,戊,辰,土,土,8,35,2014-08
2014-08-26,1411.15,甲午,壬申,己巳,-0.02261799715474233,己,巳,土,火,8,35,2014-08
2014-08-27,1420.54,甲午,壬申,庚午,0.006654147326648374,庚,午,金,火,8,35,2014-08
2014-08-28,1403.795,甲午,壬申,辛未,-0.01178777084770577,辛,未,金,土,8,35,2014-08
2014-08-29,1424.469,甲午,壬申,壬申,0.014727221567251592,壬,申,水,金,8,35,2014-08
2014-09-01,1452.843,甲午,壬申,乙亥,0.019919001396309755,乙,亥,木,水,9,36,2014-09
2014-09-02,1465.033,甲午,壬申,丙子,0.008390445492045373,丙,子,火,水,9,36,2014-09
2014-09-03,1477.673,甲午,壬申,丁丑,0.00862779200195507,丁,丑,火,土,9,36,2014-09
2014-09-04,1495.513,甲午,壬申,戊寅,0.012073036456645037,戊,寅,土,木,9,36,2014-09
2014-09-05,1489.835,甲午,壬申,己卯,-0.003796690500182831,己,卯,土,木,9,36,2014-09
2014-09-09,1494.017,甲午,癸酉,癸未,0.0028070222541423107,癸,未,水,土,9,37,2014-09
2014-09-10,1504.914,甲午,癸酉,甲申,0.007293759040225112,甲,申,木,金,9,37,2014-09
2014-09-11,1513.014,甲午,癸酉,乙酉,0.005382367364513696,乙,酉,木,金,9,37,2014-09
2014-09-12,1524.121,甲午,癸酉,丙戌,0.007340976355803885,丙,戌,火,土,9,37,2014-09
2014-09-15,1526.135,甲午,癸酉,己丑,0.0013214173940256924,己,丑,土,土,9,38,2014-09
2014-09-16,1473.13,甲午,癸酉,庚寅,-0.0347315276826754,庚,寅,金,木,9,38,2014-09
2014-09-17,1479.118,甲午,癸酉,辛卯,0.0040648143748345245,辛,卯,金,木,9,38,2014-09
2014-09-18,1490.787,甲午,癸酉,壬辰,0.007889160972958331,壬,辰,水,土,9,38,2014-09
2014-09-19,1499.124,甲午,癸酉,癸巳,0.005592348202660746,癸,巳,水,火,9,38,2014-09
2014-09-22,1483.353,甲午,癸酉,丙申,-0.010520143763958156,丙,申,火,金,9,39,2014-09
2014-09-23,1500.99,甲午,癸酉,丁酉,0.011889954717454243,丁,酉,火,金,9,39,2014-09
2014-09-24,1517.421,甲午,癸酉,戊戌,0.010946775128415354,戊,戌,土,土,9,39,2014-09
2014-09-25,1508.416,甲午,癸酉,己亥,-0.00593441108301529,己,亥,土,水,9,39,2014-09
2014-09-26,1511.357,甲午,癸酉,庚子,0.0019497273961559536,庚,子,金,水,9,39,2014-09
2014-09-29,1526.175,甲午,癸酉,癸卯,0.009804434028492182,癸,卯,水,木,9,40,2014-09
2014-09-30,1540.874,甲午,癸酉,甲辰,0.009631267711763147,甲,辰,木,土,9,40,2014-09
2014-10-08,1557.568,甲午,甲戌,壬子,0.010834111030493032,壬,子,水,水,10,41,2014-10
2014-10-09,1561.166,甲午,甲戌,癸丑,0.002310011505115561,癸,丑,水,土,10,41,2014-10
2014-10-10,1554.217,甲午,甲戌,甲寅,-0.004451160222551542,甲,寅,木,木,10,41,2014-10
2014-10-13,1548.327,甲午,甲戌,丁巳,-0.003789689599328905,丁,巳,火,火,10,42,2014-10
2014-10-14,1539.119,甲午,甲戌,戊午,-0.005947064153760895,戊,午,土,火,10,42,2014-10
2014-10-15,1545.623,甲午,甲戌,己未,0.004225794106888614,己,未,土,土,10,42,2014-10
2014-10-16,1526.56,甲午,甲戌,庚申,-0.012333537997299526,庚,申,金,金,10,42,2014-10
2014-10-17,1511.054,甲午,甲戌,辛酉,-0.010157478251755503,辛,酉,金,金,10,42,2014-10
2014-10-20,1532.38,甲午,甲戌,甲子,0.01411332751840777,甲,子,木,水,10,43,2014-10
2014-10-21,1517.483,甲午,甲戌,乙丑,-0.009721479006512879,乙,丑,木,土,10,43,2014-10
2014-10-22,1504.552,甲午,甲戌,丙寅,-0.008521347520861866,丙,寅,火,木,10,43,2014-10
2014-10-23,1477.837,甲午,甲戌,丁卯,-0.01775611610632266,丁,卯,火,木,10,43,2014-10
2014-10-24,1477.588,甲午,甲戌,戊辰,-0.0001684894883535737,戊,辰,土,土,10,43,2014-10
2014-10-27,1492.01,甲午,甲戌,辛未,0.009760501574187064,辛,未,金,土,10,44,2014-10
2014-10-28,1522.052,甲午,甲戌,壬申,0.020135253785162233,壬,申,水,金,10,44,2014-10
2014-10-29,1530.084,甲午,甲戌,癸酉,0.005277086459595459,癸,酉,水,金,10,44,2014-10
2014-10-30,1525.767,甲午,甲戌,甲戌,-0.0028214137263051775,甲,戌,木,土,10,44,2014-10
2014-10-31,1513.267,甲午,甲戌,乙亥,-0.008192600836169572,乙,亥,木,水,10,44,2014-10
2014-11-03,1529.892,甲午,甲戌,戊寅,0.010986164371522111,戊,寅,土,木,11,45,2014-11
2014-11-04,1516.396,甲午,甲戌,己卯,-0.008821537729460704,己,卯,土,木,11,45,2014-11
2014-11-05,1512.487,甲午,甲戌,庚辰,-0.002577822679563857,庚,辰,金,土,11,45,2014-11
2014-11-06,1532.52,甲午,甲戌,辛巳,0.013245072519631584,辛,巳,金,火,11,45,2014-11
2014-11-07,1522.625,甲午,乙亥,壬午,-0.006456685720251598,壬,午,水,火,11,45,2014-11
2014-11-10,1514.818,甲午,乙亥,乙酉,-0.005127329447500162,乙,酉,木,金,11,46,2014-11
2014-11-11,1461.508,甲午,乙亥,丙戌,-0.03519234653932024,丙,戌,火,土,11,46,2014-11
2014-11-12,1475.753,甲午,乙亥,丁亥,0.009746782090826578,丁,亥,火,水,11,46,2014-11
2014-11-13,1442.859,甲午,乙亥,戊子,-0.022289637900109294,戊,子,土,水,11,46,2014-11
2014-11-14,1441.213,甲午,乙亥,己丑,-0.0011407906108635846,己,丑,土,土,11,46,2014-11
2014-11-17,1471.685,甲午,乙亥,壬辰,0.02114330081674254,壬,辰,水,土,11,47,2014-11
2014-11-18,1481.86,甲午,乙亥,癸巳,0.006913843655401708,癸,巳,水,火,11,47,2014-11
2014-11-19,1505.552,甲午,乙亥,甲午,0.01598801506215164,甲,午,木,火,11,47,2014-11
2014-11-20,1494.591,甲午,乙亥,乙未,-0.007280386197222044,乙,未,木,土,11,47,2014-11
2014-11-21,1504.833,甲午,乙亥,丙申,0.006852710875416834,丙,申,火,金,11,47,2014-11
2014-11-24,1507.811,甲午,乙亥,己亥,0.0019789571334491995,己,亥,土,水,11,48,2014-11
2014-11-25,1541.922,甲午,乙亥,庚子,0.022622861883883294,庚,子,金,水,11,48,2014-11
2014-11-26,1554.22,甲午,乙亥,辛丑,0.007975760122755915,辛,丑,金,土,11,48,2014-11
2014-11-27,1563.409,甲午,乙亥,壬寅,0.005912290409337162,壬,寅,水,木,11,48,2014-11
2014-11-28,1570.851,甲午,乙亥,癸卯,0.004760110757965341,癸,卯,水,木,11,48,2014-11
2014-12-01,1552.306,甲午,乙亥,丙午,-0.011805702768754034,丙,午,火,火,12,49,2014-12
2014-12-02,1565.417,甲午,乙亥,丁未,0.008446143994805144,丁,未,火,土,12,49,2014-12
2014-12-03,1604.447,甲午,乙亥,戊申,0.02493265372740927,戊,申,土,金,12,49,2014-12
2014-12-04,1621.845,甲午,乙亥,己酉,0.01084361153718394,己,酉,土,金,12,49,2014-12
2014-12-05,1581.907,甲午,乙亥,庚戌,-0.02462504123390341,庚,戌,金,土,12,49,2014-12
2014-12-08,1567.163,甲午,丙子,癸丑,-0.00932039620533942,癸,丑,水,土,12,50,2014-12
2014-12-09,1504.623,甲午,丙子,甲寅,-0.039906506215371285,甲,寅,木,木,12,50,2014-12
2014-12-10,1572.685,甲午,丙子,乙卯,0.04523525162117026,乙,卯,木,木,12,50,2014-12
2014-12-11,1587.665,甲午,丙子,丙辰,0.009525111513112972,丙,辰,火,土,12,50,2014-12
2014-12-12,1623.569,甲午,丙子,丁巳,0.02261434244629701,丁,巳,火,火,12,50,2014-12
2014-12-15,1657.498,甲午,丙子,庚申,0.02089778752858673,庚,申,金,金,12,51,2014-12
2014-12-16,1649.582,甲午,丙子,辛酉,-0.00477587303272764,辛,酉,金,金,12,51,2014-12
2014-12-17,1644.212,甲午,丙子,壬戌,-0.00325537014831645,壬,戌,水,土,12,51,2014-12
2014-12-18,1634.052,甲午,丙子,癸亥,-0.006179251823974052,癸,亥,水,水,12,51,2014-12
2014-12-19,1596.811,甲午,丙子,甲子,-0.022790584387767376,甲,子,木,水,12,51,2014-12
2014-12-22,1517.928,甲午,丙子,丁卯,-0.049400336044779114,丁,卯,火,木,12,52,2014-12
2014-12-23,1496.534,甲午,丙子,戊辰,-0.014094212637226544,戊,辰,土,土,12,52,2014-12
2014-12-24,1519.798,甲午,丙子,己巳,0.015545253231800782,己,巳,土,火,12,52,2014-12
2014-12-25,1529.468,甲午,丙子,庚午,0.0063626876729672155,庚,午,金,火,12,52,2014-12
2014-12-26,1536.082,甲午,丙子,辛未,0.004324379457432359,辛,未,金,土,12,52,2014-12
2014-12-29,1499.4,甲午,丙子,甲戌,-0.023880235560341134,甲,戌,木,土,12,1,2014-12
2014-12-30,1460.108,甲午,丙子,乙亥,-0.0262051487261572,乙,亥,木,水,12,1,2014-12
2014-12-31,1471.764,甲午,丙子,丙子,0.00798297112268398,丙,子,火,水,12,1,2014-12
2015-01-05,1464.774,甲午,丙子,辛巳,-0.004749402757507348,辛,巳,金,火,1,2,2015-01
2015-01-06,1539.828,甲午,丁丑,壬午,0.05123930381069042,壬,午,水,火,1,2,2015-01
2015-01-07,1523.387,甲午,丁丑,癸未,-0.010677166540678629,癸,未,水,土,1,2,2015-01
2015-01-08,1541.887,甲午,丁丑,甲申,0.012143992301365314,甲,申,木,金,1,2,2015-01
2015-01-09,1553.239,甲午,丁丑,乙酉,0.007362407232177182,乙,酉,木,金,1,2,2015-01
2015-01-12,1586.124,甲午,丁丑,戊子,0.021171886618865488,戊,子,土,水,1,3,2015-01
2015-01-13,1601.168,甲午,丁丑,己丑,0.009484756551190188,己,丑,土,土,1,3,2015-01
2015-01-14,1588.007,甲午,丁丑,庚寅,-0.008219624673987846,庚,寅,金,木,1,3,2015-01
2015-01-15,1586.335,甲午,丁丑,辛卯,-0.0010528920842288736,辛,卯,金,木,1,3,2015-01
2015-01-16,1639.555,甲午,丁丑,壬辰,0.03354902968162454,壬,辰,水,土,1,3,2015-01
2015-01-19,1630.065,甲午,丁丑,乙未,-0.005788155932554884,乙,未,木,土,1,4,2015-01
2015-01-20,1700.852,甲午,丁丑,丙申,0.043425875655265234,丙,申,火,金,1,4,2015-01
2015-01-21,1722.581,甲午,丁丑,丁酉,0.01277536199504703,丁,酉,火,金,1,4,2015-01
2015-01-22,1744.037,甲午,丁丑,戊戌,0.012455727771292002,戊,戌,土,土,1,4,2015-01
2015-01-23,1697.288,甲午,丁丑,己亥,-0.026805050580922307,己,亥,土,水,1,4,2015-01
2015-01-26,1739.79,甲午,丁丑,壬寅,0.025041124429089123,壬,寅,水,木,1,5,2015-01
2015-01-27,1743.675,甲午,丁丑,癸卯,0.00223302812408388,癸,卯,水,木,1,5,2015-01
2015-01-28,1731.413,甲午,丁丑,甲辰,-0.0070322737895536225,甲,辰,木,土,1,5,2015-01
2015-01-29,1711.372,甲午,丁丑,乙巳,-0.01157493908154783,乙,巳,木,火,1,5,2015-01
2015-01-30,1680.58,甲午,丁丑,丙午,-0.01799258139083737,丙,午,火,火,1,5,2015-01
2015-02-02,1696.829,甲午,丁丑,己酉,0.009668685810851008,己,酉,土,金,2,6,2015-02
2015-02-03,1750.906,甲午,丁丑,庚戌,0.03186944588995111,庚,戌,金,土,2,6,2015-02
2015-02-04,1757.739,乙未,戊寅,辛亥,0.0039025510221566417,辛,亥,金,水,2,6,2015-02
2015-02-05,1774.312,乙未,戊寅,壬子,0.00942858979632355,壬,子,水,水,2,6,2015-02
2015-02-06,1730.966,乙未,戊寅,癸丑,-0.02442975079918297,癸,丑,水,土,2,6,2015-02
2015-02-09,1708.845,乙未,戊寅,丙辰,-0.012779569327184825,丙,辰,火,土,2,7,2015-02
2015-02-10,1747.675,乙未,戊寅,丁巳,0.022722950296837796,丁,巳,火,火,2,7,2015-02
2015-02-11,1772.845,乙未,戊寅,戊午,0.014401991216902443,戊,午,土,火,2,7,2015-02
2015-02-12,1788.809,乙未,戊寅,己未,0.009004735326551438,己,未,土,土,2,7,2015-02
2015-02-13,1825.488,乙未,戊寅,庚申,0.0205047045268667,庚,申,金,金,2,7,2015-02
2015-02-16,1896.628,乙未,戊寅,癸亥,0.03897040133925822,癸,亥,水,水,2,8,2015-02
2015-02-17,1894.306,乙未,戊寅,甲子,-0.0012242780344906556,甲,子,木,水,2,8,2015-02
2015-02-25,1876.745,乙未,戊寅,壬申,-0.009270413544591127,壬,申,水,金,2,9,2015-02
2015-02-26,1880.388,乙未,戊寅,癸酉,0.0019411267913329588,癸,酉,水,金,2,9,2015-02
2015-02-27,1928.044,乙未,戊寅,甲戌,0.025343705660746618,甲,戌,木,土,2,9,2015-02
2015-03-02,1986.986,乙未,戊寅,丁丑,0.030570879087821634,丁,丑,火,土,3,10,2015-03
2015-03-03,1961.743,乙未,戊寅,戊寅,-0.012704166008215556,戊,寅,土,木,3,10,2015-03
2015-03-04,2009.827,乙未,戊寅,己卯,0.02451085590722135,己,卯,土,木,3,10,2015-03
2015-03-05,2014.786,乙未,戊寅,庚辰,0.0024673765453444574,庚,辰,金,土,3,10,2015-03
2015-03-06,1951.398,乙未,己卯,辛巳,-0.03146140582672308,辛,巳,金,火,3,10,2015-03
2015-03-09,1994.39,乙未,己卯,甲申,0.022031384679086496,甲,申,木,金,3,11,2015-03
2015-03-10,2045.322,乙未,己卯,乙酉,0.02553763306073531,乙,酉,木,金,3,11,2015-03
2015-03-11,2035.829,乙未,己卯,丙戌,-0.004641322979951346,丙,戌,火,土,3,11,2015-03
2015-03-12,2018.132,乙未,己卯,丁亥,-0.008692773312493296,丁,亥,火,水,3,11,2015-03
2015-03-13,2069.072,乙未,己卯,戊子,0.025241163610705275,戊,子,土,水,3,11,2015-03
2015-03-16,2142.672,乙未,己卯,辛卯,0.03557150258666675,辛,卯,金,木,3,12,2015-03
2015-03-17,2137.462,乙未,己卯,壬辰,-0.0024315434186846785,壬,辰,水,土,3,12,2015-03
2015-03-18,2182.919,乙未,己卯,癸巳,0.021266810825174787,癸,巳,水,火,3,12,2015-03
2015-03-19,2183.878,乙未,己卯,甲午,0.0004393200114161111,甲,午,木,火,3,12,2015-03
2015-03-20,2213.766,乙未,己卯,乙未,0.01368574618179208,乙,未,木,土,3,12,2015-03
2015-03-23,2293.649,乙未,己卯,戊戌,0.036084662967992065,戊,戌,土,土,3,13,2015-03
2015-03-24,2357.969,乙未,己卯,己亥,0.02804265168733333,己,亥,土,水,3,13,2015-03
2015-03-25,2385.014,乙未,己卯,庚子,0.011469616436857288,庚,子,金,水,3,13,2015-03
2015-03-26,2291.789,乙未,己卯,辛丑,-0.039087820868137446,辛,丑,金,土,3,13,2015-03
2015-03-27,2323.818,乙未,己卯,壬寅,0.01397554486909569,壬,寅,水,木,3,13,2015-03
2015-03-30,2290.476,乙未,己卯,乙巳,-0.014347939468581483,乙,巳,木,火,3,14,2015-03
2015-03-31,2335.171,乙未,己卯,丙午,0.019513411186146357,丙,午,火,火,3,14,2015-03
2015-04-01,2404.909,乙未,己卯,丁未,0.0298641940997042,丁,未,火,土,4,14,2015-04
2015-04-02,2475.325,乙未,己卯,戊申,0.029280109975055035,戊,申,土,金,4,14,2015-04
2015-04-03,2510.16,乙未,己卯,己酉,0.014072899518245086,己,酉,土,金,4,14,2015-04
2015-04-07,2556.698,乙未,庚辰,癸丑,0.018539854033209124,癸,丑,水,土,4,15,2015-04
2015-04-08,2488.158,乙未,庚辰,甲寅,-0.026808015651437866,甲,寅,木,木,4,15,2015-04
2015-04-09,2496.487,乙未,庚辰,乙卯,0.003347456230673451,乙,卯,木,木,4,15,2015-04
2015-04-10,2552.829,乙未,庚辰,丙辰,0.022568513274853874,丙,辰,火,土,4,15,2015-04
2015-04-13,2577.776,乙未,庚辰,己未,0.00977229575502303,己,未,土,土,4,16,2015-04
2015-04-14,2558.848,乙未,庚辰,庚申,-0.007342763684664577,庚,申,金,金,4,16,2015-04
2015-04-15,2441.739,乙未,庚辰,辛酉,-0.0457662979590816,辛,酉,金,金,4,16,2015-04
2015-04-16,2484.33,乙未,庚辰,壬戌,0.017442896230923877,壬,戌,水,土,4,16,2015-04
2015-04-17,2463.99,乙未,庚辰,癸亥,-0.008187318109913022,癸,亥,水,水,4,16,2015-04
2015-04-20,2424.848,乙未,庚辰,丙寅,-0.01588561641889774,丙,寅,火,木,4,17,2015-04
2015-04-21,2566.091,乙未,庚辰,丁卯,0.058248187102861726,丁,卯,火,木,4,17,2015-04
2015-04-22,2634.931,乙未,庚辰,戊辰,0.02682679608790184,戊,辰,土,土,4,17,2015-04
2015-04-23,2706.185,乙未,庚辰,己巳,0.027042074346538936,己,巳,土,火,4,17,2015-04
2015-04-24,2734.75,乙未,庚辰,庚午,0.010555449830665697,庚,午,金,火,4,17,2015-04
2015-04-27,2747.497,乙未,庚辰,癸酉,0.004661120760581339,癸,酉,水,金,4,18,2015-04
2015-04-28,2687.974,乙未,庚辰,甲戌,-0.021664445857447645,甲,戌,木,土,4,18,2015-04
2015-04-29,2797.524,乙未,庚辰,乙亥,0.04075560254675081,乙,亥,木,水,4,18,2015-04
2015-04-30,2857.89,乙未,庚辰,丙子,0.0215783671560994,丙,子,火,水,4,18,2015-04
2015-05-04,2845.252,乙未,庚辰,庚辰,-0.00442214360944615,庚,辰,金,土,5,19,2015-05
2015-05-05,2783.443,乙未,庚辰,辛巳,-0.02172355910829682,辛,巳,金,火,5,19,2015-05
2015-05-06,2846.558,乙未,辛巳,壬午,0.022675154475949366,壬,午,水,火,5,19,2015-05
2015-05-07,2806.047,乙未,辛巳,癸未,-0.014231573711127599,癸,未,水,土,5,19,2015-05
2015-05-08,2973.596,乙未,辛巳,甲申,0.05970997634750952,甲,申,木,金,5,19,2015-05
2015-05-11,3146.83,乙未,辛巳,丁亥,0.058257409547228356,丁,亥,火,水,5,20,2015-05
2015-05-12,3250.296,乙未,辛巳,戊子,0.03287943740208399,戊,子,土,水,5,20,2015-05
2015-05-13,3192.147,乙未,辛巳,己丑,-0.01789037060009302,己,丑,土,土,5,20,2015-05
2015-05-14,3141.593,乙未,辛巳,庚寅,-0.015836989963181503,庚,寅,金,木,5,20,2015-05
2015-05-15,3145.335,乙未,辛巳,辛卯,0.001191115462760406,辛,卯,金,木,5,20,2015-05
2015-05-18,3278.483,乙未,辛巳,甲午,0.04233189787415337,甲,午,木,火,5,21,2015-05
2015-05-19,3322.774,乙未,辛巳,乙未,0.013509601849391872,乙,未,木,土,5,21,2015-05
2015-05-20,3406.284,乙未,辛巳,丙申,0.025132615098107935,丙,申,火,金,5,21,2015-05
2015-05-21,3527.413,乙未,辛巳,丁酉,0.0355604523874109,丁,酉,火,金,5,21,2015-05
2015-05-22,3516.627,乙未,辛巳,戊戌,-0.003057764996613699,戊,戌,土,土,5,21,2015-05
2015-05-25,3467.916,乙未,辛巳,辛丑,-0.013851625435395865,辛,丑,金,土,5,22,2015-05
2015-05-26,3618.231,乙未,辛巳,壬寅,0.043344475471724264,壬,寅,水,木,5,22,2015-05
2015-05-27,3628.673,乙未,辛巳,癸卯,0.0028859406710073365,癸,卯,水,木,5,22,2015-05
2015-05-28,3432.982,乙未,辛巳,甲辰,-0.05392908096155258,甲,辰,木,土,5,22,2015-05
2015-05-29,3542.844,乙未,辛巳,乙巳,0.03200191553582288,乙,巳,木,火,5,22,2015-05
2015-06-01,3718.753,乙未,辛巳,戊申,0.04965191806356706,戊,申,土,金,6,23,2015-06
2015-06-02,3901.543,乙未,辛巳,己酉,0.04915357379207497,己,酉,土,金,6,23,2015-06
2015-06-03,3982.251,乙未,辛巳,庚戌,0.020686174674994007,庚,戌,金,土,6,23,2015-06
2015-06-04,3943.467,乙未,辛巳,辛亥,-0.009739215333237405,辛,亥,金,水,6,23,2015-06
2015-06-05,3885.832,乙未,辛巳,壬子,-0.014615311856293056,壬,子,水,水,6,23,2015-06
2015-06-08,3704.553,乙未,壬午,乙卯,-0.04665127056445051,乙,卯,木,木,6,24,2015-06
2015-06-09,3705.536,乙未,壬午,丙辰,0.00026534915278575433,丙,辰,火,土,6,24,2015-06
2015-06-10,3834.699,乙未,壬午,丁巳,0.03485676566089224,丁,巳,火,火,6,24,2015-06
2015-06-11,3862.138,乙未,壬午,戊午,0.007155450792878382,戊,午,土,火,6,24,2015-06
2015-06-12,3899.705,乙未,壬午,己未,0.009726995772807667,己,未,土,土,6,24,2015-06
2015-06-15,3696.027,乙未,壬午,壬戌,-0.052229078866221856,壬,戌,水,土,6,25,2015-06
2015-06-16,3590.669,乙未,壬午,癸亥,-0.028505744140938427,癸,亥,水,水,6,25,2015-06
2015-06-17,3741.357,乙未,壬午,甲子,0.04196655275103334,甲,子,木,水,6,25,2015-06
2015-06-18,3504.554,乙未,壬午,乙丑,-0.06329334516861129,乙,丑,木,土,6,25,2015-06
2015-06-19,3314.976,乙未,壬午,丙寅,-0.054094757849358244,丙,寅,火,木,6,25,2015-06
2015-06-23,3393.94,乙未,壬午,庚午,0.023820383616653507,庚,午,金,火,6,26,2015-06
2015-06-24,3383.404,乙未,壬午,辛未,-0.0031043565885077173,辛,未,金,土,6,26,2015-06
2015-06-25,3206.381,乙未,壬午,壬申,-0.05232097615301046,壬,申,水,金,6,26,2015-06
2015-06-26,2920.703,乙未,壬午,癸酉,-0.08909671059053803,癸,酉,水,金,6,26,2015-06
2015-06-29,2689.76,乙未,壬午,丙子,-0.07907103187143638,丙,子,火,水,6,27,2015-06
2015-06-30,2858.606,乙未,壬午,丁丑,0.06277363036107309,丁,丑,火,土,6,27,2015-06
2015-07-01,2759.408,乙未,壬午,戊寅,-0.03470152934682158,戊,寅,土,木,7,27,2015-07
2015-07-02,2649.316,乙未,壬午,己卯,-0.039896963406643726,己,卯,土,木,7,27,2015-07
2015-07-03,2605.276,乙未,壬午,庚辰,-0.01662315858130925,庚,辰,金,土,7,27,2015-07
2015-07-06,2493.828,乙未,壬午,癸未,-0.04277780933766706,癸,未,水,土,7,28,2015-07
2015-07-07,2352.01,乙未,癸未,甲申,-0.05686759471783931,甲,申,木,金,7,28,2015-07
2015-07-08,2364.049,乙未,癸未,乙酉,0.005118600686221386,乙,酉,木,金,7,28,2015-07
2015-07-09,2435.755,乙未,癸未,丙戌,0.030331858603607653,丙,戌,火,土,7,28,2015-07
2015-07-10,2535.889,乙未,癸未,丁亥,0.04111004596110868,丁,亥,火,水,7,28,2015-07
2015-07-13,2683.074,乙未,癸未,庚寅,0.05804078964024062,庚,寅,金,木,7,29,2015-07
2015-07-14,2726.048,乙未,癸未,辛卯,0.016016703229206453,辛,卯,金,木,7,29,2015-07
2015-07-15,2590.031,乙未,癸未,壬辰,-0.04989530631889083,壬,辰,水,土,7,29,2015-07
2015-07-16,2627.076,乙未,癸未,癸巳,0.014302917609866572,癸,巳,水,火,7,29,2015-07
2015-07-17,2783.324,乙未,癸未,甲午,0.059476010591242856,甲,午,木,火,7,29,2015-07
2015-07-20,2848.303,乙未,癸未,丁酉,0.023345826788401247,丁,酉,火,金,7,30,2015-07
2015-07-21,2882.897,乙未,癸未,戊戌,0.012145477500111523,戊,戌,土,土,7,30,2015-07
2015-07-22,2897.373,乙未,癸未,己亥,0.0050213379111359036,己,亥,土,水,7,30,2015-07
2015-07-23,2967.952,乙未,癸未,庚子,0.024359652692283795,庚,子,金,水,7,30,2015-07
2015-07-24,2897.824,乙未,癸未,辛丑,-0.02362841447570585,辛,丑,金,土,7,30,2015-07
2015-07-27,2683.446,乙未,癸未,甲辰,-0.07397895800435095,甲,辰,木,土,7,31,2015-07
2015-07-28,2581.962,乙未,癸未,乙巳,-0.03781853631487275,乙,巳,木,火,7,31,2015-07
2015-07-29,2693.865,乙未,癸未,丙午,0.04334029702993303,丙,午,火,火,7,31,2015-07
2015-07-30,2561.191,乙未,癸未,丁未,-0.04925042643191102,丁,未,火,土,7,31,2015-07
2015-07-31,2539.844,乙未,癸未,戊申,-0.008334794242209842,戊,申,土,金,7,31,2015-07
2015-08-03,2399.273,乙未,癸未,辛亥,-0.05534631260817591,辛,亥,金,水,8,32,2015-08
2015-08-04,2546.162,乙未,癸未,壬子,0.061222295253603676,壬,子,水,水,8,32,2015-08
2015-08-05,2502.041,乙未,癸未,癸丑,-0.017328433933111786,癸,丑,水,土,8,32,2015-08
2015-08-06,2480.926,乙未,癸未,甲寅,-0.008439110310342723,甲,寅,木,木,8,32,2015-08
2015-08-07,2576.993,乙未,癸未,乙卯,0.03872223516541817,乙,卯,木,木,8,32,2015-08
2015-08-10,2706.718,乙未,甲申,戊午,0.05033967884274415,戊,午,土,火,8,33,2015-08
2015-08-11,2698.912,乙未,甲申,己未,-0.002883935452455688,己,未,土,土,8,33,2015-08
2015-08-12,2622.188,乙未,甲申,庚申,-0.028427751627322362,庚,申,金,金,8,33,2015-08
2015-08-13,2684.258,乙未,甲申,辛酉,0.023671071639409513,辛,酉,金,金,8,33,2015-08
2015-08-14,2674.022,乙未,甲申,壬戌,-0.003813344320851342,壬,戌,水,土,8,33,2015-08
2015-08-17,2666.287,乙未,甲申,乙丑,-0.002892646358182538,乙,丑,木,土,8,34,2015-08
2015-08-18,2504.172,乙未,甲申,丙寅,-0.0608017816536629,丙,寅,火,木,8,34,2015-08
2015-08-19,2570.691,乙未,甲申,丁卯,0.02656327121299973,丁,卯,火,木,8,34,2015-08
2015-08-20,2508.817,乙未,甲申,戊辰,-0.024069014906886843,戊,辰,土,土,8,34,2015-08
2015-08-21,2341.954,乙未,甲申,己巳,-0.06651063030902604,己,巳,土,火,8,34,2015-08
2015-08-24,2152.614,乙未,甲申,壬申,-0.08084701919849835,壬,申,水,金,8,35,2015-08
2015-08-25,1990.706,乙未,甲申,癸酉,-0.07521459955198662,癸,酉,水,金,8,35,2015-08
2015-08-26,1890.036,乙未,甲申,甲戌,-0.050569998784350756,甲,戌,木,土,8,35,2015-08
2015-08-27,1959.494,乙未,甲申,乙亥,0.03674956455855849,乙,亥,木,水,8,35,2015-08
2015-08-28,2082.124,乙未,甲申,丙子,0.06258248302878178,丙,子,火,水,8,35,2015-08
2015-08-31,1996.865,乙未,甲申,己卯,-0.04094808954702012,己,卯,土,木,8,36,2015-08
2015-09-01,1889.491,乙未,甲申,庚辰,-0.05377128649157559,庚,辰,金,土,9,36,2015-09
2015-09-02,1855.032,乙未,甲申,辛巳,-0.018237186628568214,辛,巳,金,火,9,36,2015-09
2015-09-07,1893.521,乙未,甲申,丙戌,0.020748429137610547,丙,戌,火,土,9,37,2015-09
2015-09-08,2001.156,乙未,乙酉,丁亥,0.056843837485826665,丁,亥,火,水,9,37,2015-09
2015-09-09,2071.717,乙未,乙酉,戊子,0.03526011965084197,戊,子,土,水,9,37,2015-09
2015-09-10,2039.118,乙未,乙酉,己丑,-0.015735257276935144,己,丑,土,土,9,37,2015-09
2015-09-11,2060.505,乙未,乙酉,庚寅,0.010488358201928616,庚,寅,金,木,9,37,2015-09
2015-09-14,1906.214,乙未,乙酉,癸巳,-0.0748801871385899,癸,巳,水,火,9,38,2015-09
2015-09-15,1797.557,乙未,乙酉,甲午,-0.05700146992939925,甲,午,木,火,9,38,2015-09
2015-09-16,1926.245,乙未,乙酉,乙未,0.07159049754750457,乙,未,木,土,9,38,2015-09
2015-09-17,1933.297,乙未,乙酉,丙申,0.0036610088540138808,丙,申,火,金,9,38,2015-09
2015-09-18,1983.298,乙未,乙酉,丁酉,0.025863072254288966,丁,酉,火,金,9,38,2015-09
2015-09-21,2079.06,乙未,乙酉,庚子,0.04828422153403067,庚,子,金,水,9,39,2015-09
2015-09-22,2078.718,乙未,乙酉,辛丑,-0.00016449741710200527,辛,丑,金,土,9,39,2015-09
2015-09-23,2077.99,乙未,乙酉,壬寅,-0.00035021585419481305,壬,寅,水,木,9,39,2015-09
2015-09-24,2106.594,乙未,乙酉,癸卯,0.013765225049206409,癸,卯,水,木,9,39,2015-09
2015-09-25,2020.972,乙未,乙酉,甲辰,-0.040644756417230865,甲,辰,木,土,9,39,2015-09
2015-09-29,2098.567,乙未,乙酉,戊申,0.03839489117117911,戊,申,土,金,9,40,2015-09
2015-09-30,2082.673,乙未,乙酉,己酉,-0.007573739604215701,己,酉,土,金,9,40,2015-09
2015-10-08,2190.311,乙未,丙戌,丁巳,0.051682621323654976,丁,巳,火,火,10,41,2015-10
2015-10-09,2216.656,乙未,丙戌,戊午,0.012027972283388033,戊,午,土,火,10,41,2015-10
2015-10-12,2316.782,乙未,丙戌,辛酉,0.04516984141878577,辛,酉,金,金,10,42,2015-10
2015-10-13,2342.039,乙未,丙戌,壬戌,0.01090175942319993,壬,戌,水,土,10,42,2015-10
2015-10-14,2305.003,乙未,丙戌,癸亥,-0.01581357099518843,癸,亥,水,水,10,42,2015-10
2015-10-15,2404.533,乙未,丙戌,甲子,0.043179987184398305,甲,子,木,水,10,42,2015-10
2015-10-16,2449.03,乙未,丙戌,乙丑,0.018505464470647937,乙,丑,木,土,10,42,2015-10
2015-10-19,2433.599,乙未,丙戌,戊辰,-0.006300861973924432,戊,辰,土,土,10,43,2015-10
2015-10-20,2511.164,乙未,丙戌,己巳,0.031872547613637225,己,巳,土,火,10,43,2015-10
2015-10-21,2344.74,乙未,丙戌,庚午,-0.06627364839572425,庚,午,金,火,10,43,2015-10
2015-10-22,2458.138,乙未,丙戌,辛未,0.048362718254476134,辛,未,金,土,10,43,2015-10
2015-10-23,2538.383,乙未,丙戌,壬申,0.032644627762965284,壬,申,水,金,10,43,2015-10
2015-10-26,2527.477,乙未,丙戌,乙亥,-0.004296435959427747,乙,亥,木,水,10,44,2015-10
2015-10-27,2563.958,乙未,丙戌,丙子,0.014433761415039603,丙,子,火,水,10,44,2015-10
2015-10-28,2485.235,乙未,丙戌,丁丑,-0.03070370107466658,丁,丑,火,土,10,44,2015-10
2015-10-29,2485.276,乙未,丙戌,戊寅,1.6497433844131493e-05,戊,寅,土,木,10,44,2015-10
2015-10-30,2478.277,乙未,丙戌,己卯,-0.0028161862103041058,己,卯,土,木,10,44,2015-10
2015-11-02,2432.038,乙未,丙戌,壬午,-0.01865772066641458,壬,午,水,火,11,45,2015-11
2015-11-03,2429.27,乙未,丙戌,癸未,-0.0011381401112976475,癸,未,水,土,11,45,2015-11
2015-11-04,2584.317,乙未,丙戌,甲申,0.06382452341649958,甲,申,木,金,11,45,2015-11
2015-11-05,2564.722,乙未,丙戌,乙酉,-0.007582274155995439,乙,酉,木,金,11,45,2015-11
2015-11-06,2661.412,乙未,丙戌,丙戌,0.03769999243582722,丙,戌,火,土,11,45,2015-11
2015-11-09,2724.619,乙未,丁亥,己丑,0.023749423238491607,己,丑,土,土,11,46,2015-11
2015-11-10,2746.609,乙未,丁亥,庚寅,0.008070853209200868,庚,寅,金,木,11,46,2015-11
2015-11-11,2804.677,乙未,丁亥,辛卯,0.02114170600911902,辛,卯,金,木,11,46,2015-11
2015-11-12,2783.298,乙未,丁亥,壬辰,-0.007622624637346975,壬,辰,水,土,11,46,2015-11
2015-11-13,2710.161,乙未,丁亥,癸巳,-0.026277100044623247,癸,巳,水,火,11,46,2015-11
2015-11-16,2797.162,乙未,丁亥,丙申,0.032101782883009466,丙,申,火,金,11,47,2015-11
2015-11-17,2717.052,乙未,丁亥,丁酉,-0.028639742710647287,丁,酉,火,金,11,47,2015-11
2015-11-18,2661.165,乙未,丁亥,戊戌,-0.0205689843256589,戊,戌,土,土,11,47,2015-11
2015-11-19,2770.752,乙未,丁亥,己亥,0.0411800846621686,己,亥,土,水,11,47,2015-11
2015-11-20,2800.15,乙未,丁亥,庚子,0.010610115954080346,庚,子,金,水,11,47,2015-11
2015-11-23,2770.577,乙未,丁亥,癸卯,-0.010561219934646315,癸,卯,水,木,11,48,2015-11
2015-11-24,2816.048,乙未,丁亥,甲辰,0.01641210477095556,甲,辰,木,土,11,48,2015-11
2015-11-25,2897.569,乙未,丁亥,乙巳,0.028948725305818712,乙,巳,木,火,11,48,2015-11
2015-11-26,2833.198,乙未,丁亥,丙午,-0.022215519285304408,丙,午,火,火,11,48,2015-11
2015-11-27,2649.55,乙未,丁亥,丁未,-0.06482003728648678,丁,未,火,土,11,48,2015-11
2015-11-30,2672.581,乙未,丁亥,庚戌,0.008692419467456691,庚,戌,金,土,11,49,2015-11
2015-12-01,2655.345,乙未,丁亥,辛亥,-0.006449196488338527,辛,亥,金,水,12,49,2015-12
2015-12-02,2613.263,乙未,丁亥,壬子,-0.01584803481280206,壬,子,水,水,12,49,2015-12
2015-12-03,2708.123,乙未,丁亥,癸丑,0.03629944632438464,癸,丑,水,土,12,49,2015-12
2015-12-04,2692.161,乙未,丁亥,甲寅,-0.005894119284833077,甲,寅,木,木,12,49,2015-12
2015-12-07,2738.149,乙未,戊子,丁巳,0.017082187878065147,丁,巳,火,火,12,50,2015-12
2015-12-08,2691.658,乙未,戊子,戊午,-0.016978988360385028,戊,午,土,火,12,50,2015-12
2015-12-09,2667.912,乙未,戊子,己未,-0.008822071749085558,己,未,土,土,12,50,2015-12
2015-12-10,2695.507,乙未,戊子,庚申,0.010343294681383952,庚,申,金,金,12,50,2015-12
2015-12-11,2671.292,乙未,戊子,辛酉,-0.008983467674170464,辛,酉,金,金,12,50,2015-12
2015-12-14,2709.265,乙未,戊子,甲子,0.014215218703159449,甲,子,木,水,12,51,2015-12
2015-12-15,2745.7,乙未,戊子,乙丑,0.013448296862802245,乙,丑,木,土,12,51,2015-12
2015-12-16,2763.114,乙未,戊子,丙寅,0.006342280657027466,丙,寅,火,木,12,51,2015-12
2015-12-17,2835.701,乙未,戊子,丁卯,0.026269998270067818,丁,卯,火,木,12,51,2015-12
2015-12-18,2830.259,乙未,戊子,戊辰,-0.0019191021902520422,戊,辰,土,土,12,51,2015-12
2015-12-21,2829.921,乙未,戊子,辛未,-0.00011942369938588993,辛,未,金,土,12,52,2015-12
2015-12-22,2839.852,乙未,戊子,壬申,0.00350928524153149,壬,申,水,金,12,52,2015-12
2015-12-23,2783.942,乙未,戊子,癸酉,-0.01968764569421222,癸,酉,水,金,12,52,2015-12
2015-12-24,2795.78,乙未,戊子,甲戌,0.004252243760825447,甲,戌,木,土,12,52,2015-12
2015-12-25,2794.73,乙未,戊子,乙亥,-0.0003755660316621112,乙,亥,木,水,12,52,2015-12
2015-12-28,2735.485,乙未,戊子,戊寅,-0.02119882779374027,戊,寅,土,木,12,53,2015-12
2015-12-29,2749.822,乙未,戊子,己卯,0.005241118119821531,己,卯,土,木,12,53,2015-12
2015-12-30,2779.513,乙未,戊子,庚辰,0.010797426160675139,庚,辰,金,土,12,53,2015-12
2015-12-31,2714.048,乙未,戊子,辛巳,-0.023552687107417758,辛,巳,金,火,12,53,2015-12
2016-01-04,2491.24,乙未,戊子,乙酉,-0.08209434763128731,乙,酉,木,金,1,1,2016-01
2016-01-05,2416.725,乙未,戊子,丙戌,-0.02991080746937258,丙,戌,火,土,1,1,2016-01
2016-01-06,2468.366,乙未,己丑,丁亥,0.02136817387166512,丁,亥,火,水,1,1,2016-01
2016-01-07,2256.524,乙未,己丑,戊子,-0.08582276696405644,戊,子,土,水,1,1,2016-01
2016-01-08,2248.99,乙未,己丑,己丑,-0.003338763514148302,己,丑,土,土,1,1,2016-01
2016-01-11,2106.358,乙未,己丑,壬辰,-0.06342046874374707,壬,辰,水,土,1,2,2016-01
2016-01-12,2147.531,乙未,己丑,癸巳,0.019547009577669083,癸,巳,水,火,1,2,2016-01
2016-01-13,2059.776,乙未,己丑,甲午,-0.04086320523428999,甲,午,木,火,1,2,2016-01
2016-01-14,2175.012,乙未,己丑,乙未,0.05594588926174504,乙,未,木,土,1,2,2016-01
2016-01-15,2112.902,乙未,己丑,丙申,-0.028556164287829255,丙,申,火,金,1,2,2016-01
2016-01-18,2174.934,乙未,己丑,己亥,0.029358673521062473,己,亥,土,水,1,3,2016-01
2016-01-19,2241.696,乙未,己丑,庚子,0.030696103881772796,庚,子,金,水,1,3,2016-01
2016-01-20,2204.648,乙未,己丑,辛丑,-0.016526772586470173,辛,丑,金,土,1,3,2016-01
2016-01-21,2112.404,乙未,己丑,壬寅,-0.04184069293601522,壬,寅,水,木,1,3,2016-01
2016-01-22,2149.586,乙未,己丑,癸卯,0.017601746635586668,癸,卯,水,木,1,3,2016-01
2016-01-25,2158.824,乙未,己丑,丙午,0.004297571718461235,丙,午,火,火,1,4,2016-01
2016-01-26,1994.047,乙未,己丑,丁未,-0.07632720407036431,丁,未,火,土,1,4,2016-01
2016-01-27,1997.465,乙未,己丑,戊申,0.0017141020246764782,戊,申,土,金,1,4,2016-01
2016-01-28,1906.461,乙未,己丑,己酉,-0.04555974697929621,己,酉,土,金,1,4,2016-01
2016-01-29,1994.065,乙未,己丑,庚戌,0.045951110460691336,庚,戌,金,土,1,4,2016-01
2016-02-01,1992.695,乙未,己丑,癸丑,-0.0006870387876022344,癸,丑,水,土,2,5,2016-02
2016-02-02,2075.287,乙未,己丑,甲寅,0.04144738657948155,甲,寅,木,木,2,5,2016-02
2016-02-03,2090.513,乙未,己丑,乙卯,0.007336816546337888,乙,卯,木,木,2,5,2016-02
2016-02-04,2126.534,丙申,庚寅,丙辰,0.017230698876304684,丙,辰,火,土,2,5,2016-02
2016-02-05,2096.986,丙申,庚寅,丁巳,-0.013894910685651074,丁,巳,火,火,2,5,2016-02
2016-02-15,2116.838,丙申,庚寅,丁卯,0.00946692061844967,丁,卯,火,木,2,7,2016-02
2016-02-16,2201.925,丙申,庚寅,戊辰,0.040195329071001096,戊,辰,土,土,2,7,2016-02
2016-02-17,2215.341,丙申,庚寅,己巳,0.006092850573929498,己,巳,土,火,2,7,2016-02
2016-02-18,2190.911,丙申,庚寅,庚午,-0.011027647662368856,庚,午,金,火,2,7,2016-02
2016-02-19,2211.006,丙申,庚寅,辛未,0.009171983709059806,辛,未,金,土,2,7,2016-02
2016-02-22,2245.564,丙申,庚寅,甲戌,0.015629989244714926,甲,戌,木,土,2,8,2016-02
2016-02-23,2218.119,丙申,庚寅,乙亥,-0.012221873881127276,乙,亥,木,水,2,8,2016-02
2016-02-24,2203.741,丙申,庚寅,丙子,-0.006482068815965358,丙,子,火,水,2,8,2016-02
2016-02-25,2037.143,丙申,庚寅,丁丑,-0.0755978129916356,丁,丑,火,土,2,8,2016-02
2016-02-26,2014.92,丙申,庚寅,戊寅,-0.010908905265855195,戊,寅,土,木,2,8,2016-02
2016-02-29,1880.66,丙申,庚寅,辛巳,-0.06663291842852326,辛,巳,金,火,2,9,2016-02
2016-03-01,1934.919,丙申,庚寅,壬午,0.028851041655588938,壬,午,水,火,3,9,2016-03
2016-03-02,2017.604,丙申,庚寅,癸未,0.0427330549754279,癸,未,水,土,3,9,2016-03
2016-03-03,2007.076,丙申,庚寅,甲申,-0.005218070543079767,甲,申,木,金,3,9,2016-03
2016-03-04,1907.041,丙申,庚寅,乙酉,-0.04984116196895383,乙,酉,木,金,3,9,2016-03
2016-03-07,1953.332,丙申,辛卯,戊子,0.024273730874165844,戊,子,土,水,3,10,2016-03
2016-03-08,2002.191,丙申,辛卯,己丑,0.025013157005567832,己,丑,土,土,3,10,2016-03
2016-03-09,1970.813,丙申,辛卯,庚寅,-0.015671831508582312,庚,寅,金,木,3,10,2016-03
2016-03-10,1936.968,丙申,辛卯,辛卯,-0.01717311586639625,辛,卯,金,木,3,10,2016-03
2016-03-11,1934.87,丙申,辛卯,壬辰,-0.00108313611789157,壬,辰,水,土,3,10,2016-03
2016-03-14,2023.128,丙申,辛卯,乙未,0.045614434044664476,乙,未,木,土,3,11,2016-03
2016-03-15,1996.92,丙申,辛卯,丙申,-0.012954197658279543,丙,申,火,金,3,11,2016-03
2016-03-16,1977.538,丙申,辛卯,丁酉,-0.009705947158624273,丁,酉,火,金,3,11,2016-03
2016-03-17,2087.293,丙申,辛卯,戊戌,0.055500829819705055,戊,戌,土,土,3,11,2016-03
2016-03-18,2177.87,丙申,辛卯,己亥,0.043394482710381155,己,亥,土,水,3,11,2016-03
2016-03-21,2227.034,丙申,辛卯,壬寅,0.02257435016782461,壬,寅,水,木,3,12,2016-03
2016-03-22,2221.702,丙申,辛卯,癸卯,-0.0023942158045183737,癸,卯,水,木,3,12,2016-03
2016-03-23,2259.106,丙申,辛卯,甲辰,0.016835741247025915,甲,辰,木,土,3,12,2016-03
2016-03-24,2219.77,丙申,辛卯,乙巳,-0.01741219756841872,乙,巳,木,火,3,12,2016-03
2016-03-25,2216.086,丙申,辛卯,丙午,-0.0016596314032535364,丙,午,火,火,3,12,2016-03
2016-03-28,2199.685,丙申,辛卯,己酉,-0.0074008860666958665,己,酉,土,金,3,13,2016-03
2016-03-29,2152.548,丙申,辛卯,庚戌,-0.021428977330845145,庚,戌,金,土,3,13,2016-03
2016-03-30,2248.783,丙申,辛卯,辛亥,0.044707481552095585,辛,亥,金,水,3,13,2016-03
2016-03-31,2238.286,丙申,辛卯,壬子,-0.004667858125928515,壬,子,水,水,3,13,2016-03
2016-04-01,2205.369,丙申,辛卯,癸丑,-0.014706342263678507,癸,丑,水,土,4,13,2016-04
2016-04-05,2279.52,丙申,壬辰,丁巳,0.0336229447316978,丁,巳,火,火,4,14,2016-04
2016-04-06,2297.041,丙申,壬辰,戊午,0.007686267284340742,戊,午,土,火,4,14,2016-04
2016-04-07,2248.684,丙申,壬辰,己未,-0.021051866292330024,己,未,土,土,4,14,2016-04
2016-04-08,2229.934,丙申,壬辰,庚申,-0.008338210259867584,庚,申,金,金,4,14,2016-04
2016-04-11,2283.143,丙申,壬辰,癸亥,0.02386124432382286,癸,亥,水,水,4,15,2016-04
2016-04-12,2264.016,丙申,壬辰,甲子,-0.008377486648887045,甲,子,木,水,4,15,2016-04
2016-04-13,2294.015,丙申,壬辰,乙丑,0.013250348054077321,乙,丑,木,土,4,15,2016-04
2016-04-14,2324.394,丙申,壬辰,丙寅,0.01324272073199162,丙,寅,火,木,4,15,2016-04
2016-04-15,2309.676,丙申,壬辰,丁卯,-0.006331972978763423,丁,卯,火,木,4,15,2016-04
2016-04-18,2265.593,丙申,壬辰,庚午,-0.019086226812765172,庚,午,金,火,4,16,2016-04
2016-04-19,2272.52,丙申,壬辰,辛未,0.0030574776669949344,辛,未,金,土,4,16,2016-04
2016-04-20,2145.239,丙申,壬辰,壬申,-0.05600874799781741,壬,申,水,金,4,16,2016-04
2016-04-21,2110.162,丙申,壬辰,癸酉,-0.016351091883002433,癸,酉,水,金,4,16,2016-04
2016-04-22,2136.924,丙申,壬辰,甲戌,0.012682438599501022,甲,戌,木,土,4,16,2016-04
2016-04-25,2126.834,丙申,壬辰,丁丑,-0.004721740220990589,丁,丑,火,土,4,17,2016-04
2016-04-26,2155.697,丙申,壬辰,戊寅,0.013570875771216961,戊,寅,土,木,4,17,2016-04
2016-04-27,2146.611,丙申,壬辰,己卯,-0.004214878064960126,己,卯,土,木,4,17,2016-04
2016-04-28,2155.229,丙申,壬辰,庚辰,0.004014700381205438,庚,辰,金,土,4,17,2016-04
2016-04-29,2138.738,丙申,壬辰,辛巳,-0.0076516230989839285,辛,巳,金,火,4,17,2016-04
2016-05-03,2217.23,丙申,壬辰,乙酉,0.03670014747014361,乙,酉,木,金,5,18,2016-05
2016-05-04,2211.018,丙申,壬辰,丙戌,-0.0028016940055834993,丙,戌,火,土,5,18,2016-05
2016-05-05,2224.095,丙申,癸巳,丁亥,0.005914470167135644,丁,亥,火,水,5,18,2016-05
2016-05-06,2129.194,丙申,癸巳,戊子,-0.04266949028706046,戊,子,土,水,5,18,2016-05
2016-05-09,2053.597,丙申,癸巳,辛卯,-0.03550498451526718,辛,卯,金,木,5,19,2016-05
2016-05-10,2054.222,丙申,癸巳,壬辰,0.00030434403634216345,壬,辰,水,土,5,19,2016-05
2016-05-11,2034.925,丙申,癸巳,癸巳,-0.009393824036545317,癸,巳,水,火,5,19,2016-05
2016-05-12,2034.566,丙申,癸巳,甲午,-0.0001764192783517693,甲,午,木,火,5,19,2016-05
2016-05-13,2025.224,丙申,癸巳,乙未,-0.004591642640248583,乙,未,木,土,5,19,2016-05
2016-05-16,2057.857,丙申,癸巳,戊戌,0.0161132793212011,戊,戌,土,土,5,20,2016-05
2016-05-17,2081.441,丙申,癸巳,己亥,0.011460465911868445,己,亥,土,水,5,20,2016-05
2016-05-18,2020.476,丙申,癸巳,庚子,-0.029289804515237106,庚,子,金,水,5,20,2016-05
2016-05-19,2037.403,丙申,癸巳,辛丑,0.008377728812418495,辛,丑,金,土,5,20,2016-05
2016-05-20,2065.302,丙申,癸巳,壬寅,0.013693412643448699,壬,寅,水,木,5,20,2016-05
2016-05-23,2098.234,丙申,癸巳,乙巳,0.015945367796089682,乙,巳,木,火,5,21,2016-05
2016-05-24,2075.51,丙申,癸巳,丙午,-0.01083005994564934,丙,午,火,火,5,21,2016-05
2016-05-25,2067.254,丙申,癸巳,丁未,-0.003977817500277148,丁,未,火,土,5,21,2016-05
2016-05-26,2086.008,丙申,癸巳,戊申,0.009071937942797481,戊,申,土,金,5,21,2016-05
2016-05-27,2069.885,丙申,癸巳,己酉,-0.00772911705036583,己,酉,土,金,5,21,2016-05
2016-05-30,2058.519,丙申,癸巳,壬子,-0.0054911263186121495,壬,子,水,水,5,22,2016-05
2016-05-31,2159.801,丙申,癸巳,癸丑,0.04920139187444961,癸,丑,水,土,5,22,2016-05
2016-06-01,2168.82,丙申,癸巳,甲寅,0.004175847682263534,甲,寅,木,木,6,22,2016-06
2016-06-02,2188.558,丙申,癸巳,乙卯,0.009100801357420085,乙,卯,木,木,6,22,2016-06
2016-06-03,2204.974,丙申,癸巳,丙辰,0.007500829313182633,丙,辰,火,土,6,22,2016-06
2016-06-06,2199.302,丙申,甲午,己未,-0.002572365932659526,己,未,土,土,6,23,2016-06
2016-06-07,2196.727,丙申,甲午,庚申,-0.0011708260166181095,庚,申,金,金,6,23,2016-06
2016-06-08,2186.544,丙申,甲午,辛酉,-0.004635532772165107,辛,酉,金,金,6,23,2016-06
2016-06-13,2054.707,丙申,甲午,丙寅,-0.06029469336084703,丙,寅,火,木,6,24,2016-06
2016-06-14,2058.314,丙申,甲午,丁卯,0.0017554814384728168,丁,卯,火,木,6,24,2016-06
2016-06-15,2128.8,丙申,甲午,戊辰,0.03424453217536305,戊,辰,土,土,6,24,2016-06
2016-06-16,2101.417,丙申,甲午,己巳,-0.012863115370161715,己,巳,土,火,6,24,2016-06
2016-06-17,2122.89,丙申,甲午,庚午,0.01021834314655301,庚,午,金,火,6,24,2016-06
2016-06-20,2119.63,丙申,甲午,癸酉,-0.0015356424496792975,癸,酉,水,金,6,25,2016-06
2016-06-21,2092.001,丙申,甲午,甲戌,-0.013034822115180478,甲,戌,木,土,6,25,2016-06
2016-06-22,2144.819,丙申,甲午,乙亥,0.025247597873996996,乙,亥,木,水,6,25,2016-06
2016-06-23,2137.486,丙申,甲午,丙子,-0.0034189365163214136,丙,子,火,水,6,25,2016-06
2016-06-24,2127.365,丙申,甲午,丁丑,-0.004735001773111036,丁,丑,火,土,6,25,2016-06
2016-06-27,2191.806,丙申,甲午,庚辰,0.030291463853170608,庚,辰,金,土,6,26,2016-06
2016-06-28,2216.71,丙申,甲午,辛巳,0.011362319475354932,辛,巳,金,火,6,26,2016-06
2016-06-29,2209.788,丙申,甲午,壬午,-0.003122645722715256,壬,午,水,火,6,26,2016-06
2016-06-30,2227.791,丙申,甲午,癸未,0.008146935362125296,癸,未,水,土,6,26,2016-06
2016-07-01,2211.178,丙申,甲午,甲申,-0.007457162723074284,甲,申,木,金,7,26,2016-07
2016-07-04,2248.713,丙申,甲午,丁亥,0.016975114622160836,丁,亥,火,水,7,27,2016-07
2016-07-05,2246.024,丙申,甲午,戊子,-0.0011957951059118344,戊,子,土,水,7,27,2016-07
2016-07-06,2241.561,丙申,甲午,己丑,-0.001987066923594627,己,丑,土,土,7,27,2016-07
2016-07-07,2233.922,丙申,乙未,庚寅,-0.0034078929817212833,庚,寅,金,木,7,27,2016-07
2016-07-08,2239.003,丙申,乙未,辛卯,0.002274475115962016,辛,卯,金,木,7,27,2016-07
2016-07-11,2218.589,丙申,乙未,甲午,-0.009117450936867999,甲,午,木,火,7,28,2016-07
2016-07-12,2247.355,丙申,乙未,乙未,0.012965898595909353,乙,未,木,土,7,28,2016-07
2016-07-13,2285.369,丙申,乙未,丙申,0.016914995628193985,丙,申,火,金,7,28,2016-07
2016-07-14,2293.079,丙申,乙未,丁酉,0.0033736346296813213,丁,酉,火,金,7,28,2016-07
2016-07-15,2263.784,丙申,乙未,戊戌,-0.012775399364784223,戊,戌,土,土,7,28,2016-07
2016-07-18,2249.872,丙申,乙未,辛丑,-0.006145462641312216,辛,丑,金,土,7,29,2016-07
2016-07-19,2273.719,丙申,乙未,壬寅,0.010599269647340037,壬,寅,水,木,7,29,2016-07
2016-07-20,2268.535,丙申,乙未,癸卯,-0.002279965114422744,癸,卯,水,木,7,29,2016-07
2016-07-21,2265.128,丙申,乙未,甲辰,-0.0015018503130873606,甲,辰,木,土,7,29,2016-07
2016-07-22,2249.999,丙申,乙未,乙巳,-0.006679092748842597,乙,巳,木,火,7,29,2016-07
2016-07-25,2245.885,丙申,乙未,戊申,-0.0018284452570865861,戊,申,土,金,7,30,2016-07
2016-07-26,2279.55,丙申,乙未,己酉,0.014989636602052103,己,酉,土,金,7,30,2016-07
2016-07-27,2155.386,丙申,乙未,庚戌,-0.05446864512732785,庚,戌,金,土,7,30,2016-07
2016-07-28,2139.744,丙申,乙未,辛亥,-0.00725716878554461,辛,亥,金,水,7,30,2016-07
2016-07-29,2122.412,丙申,乙未,壬子,-0.008100034396638311,壬,子,水,水,7,30,2016-07
2016-08-01,2099.179,丙申,乙未,乙卯,-0.010946508029543667,乙,卯,木,木,8,31,2016-08
2016-08-02,2113.214,丙申,乙未,丙辰,0.0066859472203180115,丙,辰,火,土,8,31,2016-08
2016-08-03,2108.315,丙申,乙未,丁巳,-0.002318269706712117,丁,巳,火,火,8,31,2016-08
2016-08-04,2129.652,丙申,乙未,戊午,0.010120404209048361,戊,午,土,火,8,31,2016-08
2016-08-05,2109.056,丙申,乙未,己未,-0.009671063629175136,己,未,土,土,8,31,2016-08
2016-08-08,2130.594,丙申,丙申,壬戌,0.010212151787339918,壬,戌,水,土,8,32,2016-08
2016-08-09,2154.505,丙申,丙申,癸亥,0.011222691887802227,癸,亥,水,水,8,32,2016-08
2016-08-10,2137.001,丙申,丙申,甲子,-0.008124371955507192,甲,子,木,水,8,32,2016-08
2016-08-11,2103.396,丙申,丙申,乙丑,-0.015725308504769053,乙,丑,木,土,8,32,2016-08
2016-08-12,2123.841,丙申,丙申,丙寅,0.00971999566415449,丙,寅,火,木,8,32,2016-08
2016-08-15,2193.212,丙申,丙申,己巳,0.03266299125028671,己,巳,土,火,8,33,2016-08
2016-08-16,2201.096,丙申,丙申,庚午,0.0035947277326586757,庚,午,金,火,8,33,2016-08
2016-08-17,2208.195,丙申,丙申,辛未,0.0032252114401190024,辛,未,金,土,8,33,2016-08
2016-08-18,2201.594,丙申,丙申,壬申,-0.002989319330946816,壬,申,水,金,8,33,2016-08
2016-08-19,2204.556,丙申,丙申,癸酉,0.0013453888409942216,癸,酉,水,金,8,33,2016-08
2016-08-22,2167.401,丙申,丙申,丙子,-0.016853733813067207,丙,子,火,水,8,34,2016-08
2016-08-23,2174.159,丙申,丙申,丁丑,0.003118020154092571,丁,丑,火,土,8,34,2016-08
2016-08-24,2192.17,丙申,丙申,戊寅,0.00828412273435375,戊,寅,土,木,8,34,2016-08
2016-08-25,2180.66,丙申,丙申,己卯,-0.005250505207169298,己,卯,土,木,8,34,2016-08
2016-08-26,2189.75,丙申,丙申,庚辰,0.004168462758981306,庚,辰,金,土,8,34,2016-08
2016-08-29,2193.201,丙申,丙申,癸未,0.0015759789930358536,癸,未,水,土,8,35,2016-08
2016-08-30,2195.531,丙申,丙申,甲申,0.0010623741280437748,甲,申,木,金,8,35,2016-08
2016-08-31,2191.758,丙申,丙申,乙酉,-0.0017184908798828502,乙,酉,木,金,8,35,2016-08
2016-09-01,2181.327,丙申,丙申,丙戌,-0.004759193305100107,丙,戌,火,土,9,35,2016-09
2016-09-02,2170.858,丙申,丙申,丁亥,-0.004799372125316448,丁,亥,火,水,9,35,2016-09
2016-09-05,2182.694,丙申,丙申,庚寅,0.005452222116784977,庚,寅,金,木,9,36,2016-09
2016-09-06,2222.837,丙申,丙申,辛卯,0.018391492348446503,辛,卯,金,木,9,36,2016-09
2016-09-07,2212.053,丙申,丁酉,壬辰,-0.004851457844187501,壬,辰,水,土,9,36,2016-09
2016-09-08,2223.469,丙申,丁酉,癸巳,0.0051608166712100445,癸,巳,水,火,9,36,2016-09
2016-09-09,2202.968,丙申,丁酉,甲午,-0.009220276963609608,甲,午,木,火,9,36,2016-09
2016-09-12,2145.563,丙申,丁酉,丁酉,-0.026058027170617004,丁,酉,火,金,9,37,2016-09
2016-09-13,2145.868,丙申,丁酉,戊戌,0.00014215383095250722,戊,戌,土,土,9,37,2016-09
2016-09-14,2144.558,丙申,丁酉,己亥,-0.0006104755744528179,己,亥,土,水,9,37,2016-09
2016-09-19,2165.213,丙申,丁酉,甲辰,0.009631355272275322,甲,辰,木,土,9,38,2016-09
2016-09-20,2158.432,丙申,丁酉,乙巳,-0.003131793500223967,乙,巳,木,火,9,38,2016-09
2016-09-21,2162.132,丙申,丁酉,丙午,0.0017142073505211908,丙,午,火,火,9,38,2016-09
2016-09-22,2168.423,丙申,丁酉,丁未,0.002909628089311722,丁,未,火,土,9,38,2016-09
2016-09-23,2156.51,丙申,丁酉,戊申,-0.005493854289499556,戊,申,土,金,9,38,2016-09
2016-09-26,2122.9,丙申,丁酉,辛亥,-0.01558536709776448,辛,亥,金,水,9,39,2016-09
2016-09-27,2140.803,丙申,丁酉,壬子,0.008433275236704452,壬,子,水,水,9,39,2016-09
2016-09-28,2139.629,丙申,丁酉,癸丑,-0.0005483923555786863,癸,丑,水,土,9,39,2016-09
2016-09-29,2146.184,丙申,丁酉,甲寅,0.0030636152342300438,甲,寅,木,木,9,39,2016-09
2016-09-30,2149.901,丙申,丁酉,乙卯,0.0017319111502087647,乙,卯,木,木,9,39,2016-09
2016-10-10,2208.469,丙申,戊戌,乙丑,0.027242184640130063,乙,丑,木,土,10,41,2016-10
2016-10-11,2210.862,丙申,戊戌,丙寅,0.0010835560743664985,丙,寅,火,木,10,41,2016-10
2016-10-12,2209.685,丙申,戊戌,丁卯,-0.0005323715365319615,丁,卯,火,木,10,41,2016-10
2016-10-13,2208.567,丙申,戊戌,戊辰,-0.0005059544686233375,戊,辰,土,土,10,41,2016-10
2016-10-14,2194.227,丙申,戊戌,己巳,-0.006492897883559889,己,巳,土,火,10,41,2016-10
2016-10-17,2167.863,丙申,戊戌,壬申,-0.01201516524953894,壬,申,水,金,10,42,2016-10
2016-10-18,2198.142,丙申,戊戌,癸酉,0.013967211027634097,癸,酉,水,金,10,42,2016-10
2016-10-19,2184.911,丙申,戊戌,甲戌,-0.006019174375449743,甲,戌,木,土,10,42,2016-10
2016-10-20,2193.256,丙申,戊戌,乙亥,0.003819377539863167,乙,亥,木,水,10,42,2016-10
2016-10-21,2180.997,丙申,戊戌,丙子,-0.005589406799753394,丙,子,火,水,10,42,2016-10
2016-10-24,2200.804,丙申,戊戌,己卯,0.00908162643048116,己,卯,土,木,10,43,2016-10
2016-10-25,2200.208,丙申,戊戌,庚辰,-0.0002708101221190473,庚,辰,金,土,10,43,2016-10
2016-10-26,2184.493,丙申,戊戌,辛巳,-0.007142506526655712,辛,巳,金,火,10,43,2016-10
2016-10-27,2182.478,丙申,戊戌,壬午,-0.00092241082942357,壬,午,水,火,10,43,2016-10
2016-10-28,2165.433,丙申,戊戌,癸未,-0.007809929813725525,癸,未,水,土,10,43,2016-10
2016-10-31,2159.76,丙申,戊戌,丙戌,-0.0026197993657618435,丙,戌,火,土,10,44,2016-10
2016-11-01,2176.447,丙申,戊戌,丁亥,0.007726321443123352,丁,亥,火,水,11,44,2016-11
2016-11-02,2146.399,丙申,戊戌,戊子,-0.013805987464891256,戊,子,土,水,11,44,2016-11
2016-11-03,2153.185,丙申,戊戌,己丑,0.0031615743391606443,己,丑,土,土,11,44,2016-11
2016-11-04,2145.229,丙申,戊戌,庚寅,-0.0036949913732448048,庚,寅,金,木,11,44,2016-11
2016-11-07,2130.301,丙申,己亥,癸巳,-0.006958697649528278,癸,巳,水,火,11,45,2016-11
2016-11-08,2150.302,丙申,己亥,甲午,0.009388814068997942,甲,午,木,火,11,45,2016-11
2016-11-09,2123.844,丙申,己亥,乙未,-0.012304318184143459,乙,未,木,土,11,45,2016-11
2016-11-10,2143.321,丙申,己亥,丙申,0.00917063588474476,丙,申,火,金,11,45,2016-11
2016-11-11,2147.107,丙申,己亥,丁酉,0.0017664176294638345,丁,酉,火,金,11,45,2016-11
2016-11-14,2161.686,丙申,己亥,庚子,0.006790066820144602,庚,子,金,水,11,46,2016-11
2016-11-15,2179.3,丙申,己亥,辛丑,0.008148269452640244,辛,丑,金,土,11,46,2016-11
2016-11-16,2182.467,丙申,己亥,壬寅,0.001453218923507471,壬,寅,水,木,11,46,2016-11
2016-11-17,2163.042,丙申,己亥,癸卯,-0.008900478220289276,癸,卯,水,木,11,46,2016-11
2016-11-18,2157.96,丙申,己亥,甲辰,-0.002349468942350552,甲,辰,木,土,11,46,2016-11
2016-11-21,2152.602,丙申,己亥,丁未,-0.002482900517155162,丁,未,火,土,11,47,2016-11
2016-11-22,2177.651,丙申,己亥,戊申,0.011636614664485068,戊,申,土,金,11,47,2016-11
2016-11-23,2165.708,丙申,己亥,己酉,-0.005484349879755657,己,酉,土,金,11,47,2016-11
2016-11-24,2146.626,丙申,己亥,庚戌,-0.008810975440825763,庚,戌,金,土,11,47,2016-11
2016-11-25,2167.528,丙申,己亥,辛亥,0.009737140983105297,辛,亥,金,水,11,47,2016-11
2016-11-28,2166.045,丙申,己亥,甲寅,-0.0006841895468016057,甲,寅,木,木,11,48,2016-11
2016-11-29,2160.345,丙申,己亥,乙卯,-0.002631524275811592,乙,卯,木,木,11,48,2016-11
2016-11-30,2183.049,丙申,己亥,丙辰,0.010509432521194517,丙,辰,火,土,11,48,2016-11
2016-12-01,2181.929,丙申,己亥,丁巳,-0.0005130439124362285,丁,巳,火,火,12,48,2016-12
2016-12-02,2143.452,丙申,己亥,戊午,-0.017634395986303786,戊,午,土,火,12,48,2016-12
2016-12-05,2143.878,丙申,己亥,辛酉,0.00019874482843551533,辛,酉,金,金,12,49,2016-12
2016-12-06,2122.26,丙申,己亥,壬戌,-0.010083596174782272,壬,戌,水,土,12,49,2016-12
2016-12-07,2134.987,丙申,庚子,癸亥,0.0059969089555473865,癸,亥,水,水,12,49,2016-12
2016-12-08,2114.711,丙申,庚子,甲子,-0.009497013330760473,甲,子,木,水,12,49,2016-12
2016-12-09,2099.888,丙申,庚子,乙丑,-0.007009468433275212,乙,丑,木,土,12,49,2016-12
2016-12-12,1984.395,丙申,庚子,戊辰,-0.05499959997866555,戊,辰,土,土,12,50,2016-12
2016-12-13,1985.043,丙申,庚子,己巳,0.0003265478899110441,己,巳,土,火,12,50,2016-12
2016-12-14,1963.08,丙申,庚子,庚午,-0.011064243948367802,庚,午,金,火,12,50,2016-12
2016-12-15,1975.854,丙申,庚子,辛未,0.0065071214621921225,辛,未,金,土,12,50,2016-12
2016-12-16,1998.113,丙申,庚子,壬申,0.011265508483926379,壬,申,水,金,12,50,2016-12
2016-12-19,1980.41,丙申,庚子,乙亥,-0.0088598592772281,乙,亥,木,水,12,51,2016-12
2016-12-20,1982.297,丙申,庚子,丙子,0.0009528329992274376,丙,子,火,水,12,51,2016-12
2016-12-21,1991.696,丙申,庚子,丁丑,0.004741469113861196,丁,丑,火,土,12,51,2016-12
2016-12-22,1986.274,丙申,庚子,戊寅,-0.0027223030020645522,戊,寅,土,木,12,51,2016-12
2016-12-23,1964.541,丙申,庚子,己卯,-0.010941592146904155,己,卯,土,木,12,51,2016-12
2016-12-26,1974.01,丙申,庚子,壬午,0.0048199553992509525,壬,午,水,火,12,52,2016-12
2016-12-27,1968.62,丙申,庚子,癸未,-0.0027304826216686395,癸,未,水,土,12,52,2016-12
2016-12-28,1957.155,丙申,庚子,甲申,-0.0058238766242342255,甲,申,木,金,12,52,2016-12
2016-12-29,1959.24,丙申,庚子,乙酉,0.0010653218574920853,乙,酉,木,金,12,52,2016-12
2016-12-30,1962.059,丙申,庚子,丙戌,0.0014388232171658188,丙,戌,火,土,12,52,2016-12
2017-01-03,1963.255,丙申,庚子,庚寅,0.0006095637287155675,庚,寅,金,木,1,1,2017-01
2017-01-04,1991.565,丙申,庚子,辛卯,0.014419930166992945,辛,卯,金,木,1,1,2017-01
2017-01-05,1983.971,丙申,辛丑,壬辰,-0.0038130816719514904,壬,辰,水,土,1,1,2017-01
2017-01-06,1965.03,丙申,辛丑,癸巳,-0.0095470145480957,癸,巳,水,火,1,1,2017-01
2017-01-09,1961.619,丙申,辛丑,丙申,-0.0017358513610479243,丙,申,火,金,1,2,2017-01
2017-01-10,1951.677,丙申,辛丑,丁酉,-0.00506826249134007,丁,酉,火,金,1,2,2017-01
2017-01-11,1937.547,丙申,辛丑,戊戌,-0.0072399275084964465,戊,戌,土,土,1,2,2017-01
2017-01-12,1930.145,丙申,辛丑,己亥,-0.0038202944238255876,己,亥,土,水,1,2,2017-01
2017-01-13,1899.943,丙申,辛丑,庚子,-0.015647529071650013,庚,子,金,水,1,2,2017-01
2017-01-16,1830.848,丙申,辛丑,癸卯,-0.03636688048009862,癸,卯,水,木,1,3,2017-01
2017-01-17,1867.868,丙申,辛丑,甲辰,0.020220138427657464,甲,辰,木,土,1,3,2017-01
2017-01-18,1845.787,丙申,辛丑,乙巳,-0.011821499163752414,乙,巳,木,火,1,3,2017-01
2017-01-19,1844.14,丙申,辛丑,丙午,-0.0008923023079043801,丙,午,火,火,1,3,2017-01
2017-01-20,1880.748,丙申,辛丑,丁未,0.019850987452145752,丁,未,火,土,1,3,2017-01
2017-01-23,1887.324,丙申,辛丑,庚戌,0.0034964811872724155,庚,戌,金,土,1,4,2017-01
2017-01-24,1861.216,丙申,辛丑,辛亥,-0.013833342870646526,辛,亥,金,水,1,4,2017-01
2017-01-25,1870.703,丙申,辛丑,壬子,0.005097205267953875,壬,子,水,水,1,4,2017-01
2017-01-26,1886.232,丙申,辛丑,癸丑,0.00830115737238879,癸,丑,水,土,1,4,2017-01
2017-02-03,1876.761,丁酉,壬寅,辛酉,-0.005021121473922641,辛,酉,金,金,2,5,2017-02
2017-02-06,1900.447,丁酉,壬寅,甲子,0.012620679990686057,甲,子,木,水,2,6,2017-02
2017-02-07,1889.134,丁酉,壬寅,乙丑,-0.005952810049425161,乙,丑,木,土,2,6,2017-02
2017-02-08,1903.628,丁酉,壬寅,丙寅,0.0076722985240855746,丙,寅,火,木,2,6,2017-02
2017-02-09,1914.082,丁酉,壬寅,丁卯,0.005491619160886474,丁,卯,火,木,2,6,2017-02
2017-02-10,1904.685,丁酉,壬寅,戊辰,-0.00490940304542864,戊,辰,土,土,2,6,2017-02
2017-02-13,1913.681,丁酉,壬寅,辛未,0.0047230906947868245,辛,未,金,土,2,7,2017-02
2017-02-14,1909.395,丁酉,壬寅,壬申,-0.002239662723306557,壬,申,水,金,2,7,2017-02
2017-02-15,1892.357,丁酉,壬寅,癸酉,-0.008923245321161954,癸,酉,水,金,2,7,2017-02
2017-02-16,1897.63,丁酉,壬寅,甲戌,0.002786472108592619,甲,戌,木,土,2,7,2017-02
2017-02-17,1882.869,丁酉,壬寅,乙亥,-0.00777865021105284,乙,亥,木,水,2,7,2017-02
2017-02-20,1894.962,丁酉,壬寅,戊寅,0.006422645441610753,戊,寅,土,木,2,8,2017-02
2017-02-21,1921.077,丁酉,壬寅,己卯,0.013781278991346513,己,卯,土,木,2,8,2017-02
2017-02-22,1919.973,丁酉,壬寅,庚辰,-0.000574677641760335,庚,辰,金,土,2,8,2017-02
2017-02-23,1925.951,丁酉,壬寅,辛巳,0.0031135854514621197,辛,巳,金,火,2,8,2017-02
2017-02-24,1938.444,丁酉,壬寅,壬午,0.00648666554860422,壬,午,水,火,2,8,2017-02
2017-02-27,1926.771,丁酉,壬寅,乙酉,-0.006021840197601769,乙,酉,木,金,2,9,2017-02
2017-02-28,1927.16,丁酉,壬寅,丙戌,0.00020189218127120157,丙,戌,火,土,2,9,2017-02
2017-03-01,1931.968,丁酉,壬寅,丁亥,0.00249486290707579,丁,亥,火,水,3,9,2017-03
2017-03-02,1920.405,丁酉,壬寅,戊子,-0.005985088779938419,戊,子,土,水,3,9,2017-03
2017-03-03,1928.289,丁酉,壬寅,己丑,0.004105384020558267,己,丑,土,土,3,9,2017-03
2017-03-06,1962.77,丁酉,癸卯,壬辰,0.017881655706172728,壬,辰,水,土,3,10,2017-03
2017-03-07,1977.853,丁酉,癸卯,癸巳,0.0076845478583837945,癸,巳,水,火,3,10,2017-03
2017-03-08,1964.628,丁酉,癸卯,甲午,-0.006686543438769288,甲,午,木,火,3,10,2017-03
2017-03-09,1953.943,丁酉,癸卯,乙未,-0.005438688647418255,乙,未,木,土,3,10,2017-03
2017-03-10,1950.008,丁酉,癸卯,丙申,-0.002013876556276162,丙,申,火,金,3,10,2017-03
2017-03-13,1970.879,丁酉,癸卯,己亥,0.01070303301319786,己,亥,土,水,3,11,2017-03
2017-03-14,1958.023,丁酉,癸卯,庚子,-0.006522977818526621,庚,子,金,水,3,11,2017-03
2017-03-15,1957.82,丁酉,癸卯,辛丑,-0.00010367600380589703,辛,丑,金,土,3,11,2017-03
2017-03-16,1966.727,丁酉,癸卯,壬寅,0.004549447855267674,壬,寅,水,木,3,11,2017-03
2017-03-17,1949.661,丁酉,癸卯,癸卯,-0.008677360914860044,癸,卯,水,木,3,11,2017-03
2017-03-20,1953.816,丁酉,癸卯,丙午,0.002131139721213149,丙,午,火,火,3,12,2017-03
2017-03-21,1961.063,丁酉,癸卯,丁未,0.0037091517317906497,丁,未,火,土,3,12,2017-03
2017-03-22,1948.58,丁酉,癸卯,戊申,-0.006365425282104709,戊,申,土,金,3,12,2017-03
2017-03-23,1948.369,丁酉,癸卯,己酉,-0.000108283981155477,己,酉,土,金,3,12,2017-03
2017-03-24,1965.137,丁酉,癸卯,庚戌,0.008606172650047261,庚,戌,金,土,3,12,2017-03
2017-03-27,1947.528,丁酉,癸卯,癸丑,-0.008960698414410717,癸,丑,水,土,3,13,2017-03
2017-03-28,1944.363,丁酉,癸卯,甲寅,-0.001625137096873508,甲,寅,木,木,3,13,2017-03
2017-03-29,1929.196,丁酉,癸卯,乙卯,-0.007800498158008651,乙,卯,木,木,3,13,2017-03
2017-03-30,1893.701,丁酉,癸卯,丙辰,-0.018398856311126477,丙,辰,火,土,3,13,2017-03
2017-03-31,1907.338,丁酉,癸卯,丁巳,0.0072012424347878135,丁,巳,火,火,3,13,2017-03
2017-04-05,1943.16,丁酉,甲辰,壬戌,0.01878114943444742,壬,戌,水,土,4,14,2017-04
2017-04-06,1944.234,丁酉,甲辰,癸亥,0.0005527079602296592,癸,亥,水,水,4,14,2017-04
2017-04-07,1946.048,丁酉,甲辰,甲子,0.0009330152646236378,甲,子,木,水,4,14,2017-04
2017-04-10,1912.451,丁酉,甲辰,丁卯,-0.017264219587594942,丁,卯,火,木,4,15,2017-04
2017-04-11,1917.633,丁酉,甲辰,戊辰,0.002709611906396514,戊,辰,土,土,4,15,2017-04
2017-04-12,1897.506,丁酉,甲辰,己巳,-0.010495751794008523,己,巳,土,火,4,15,2017-04
2017-04-13,1910.476,丁酉,甲辰,庚午,0.006835288004359397,庚,午,金,火,4,15,2017-04
2017-04-14,1887.46,丁酉,甲辰,辛未,-0.012047259426446688,辛,未,金,土,4,15,2017-04
2017-04-17,1868.281,丁酉,甲辰,甲戌,-0.010161274940926002,甲,戌,木,土,4,16,2017-04
2017-04-18,1848.203,丁酉,甲辰,乙亥,-0.010746777385200579,乙,亥,木,水,4,16,2017-04
2017-04-19,1845.382,丁酉,甲辰,丙子,-0.0015263474845566005,丙,子,火,水,4,16,2017-04
2017-04-20,1850.39,丁酉,甲辰,丁丑,0.002713801261744253,丁,丑,火,土,4,16,2017-04
2017-04-21,1839.006,丁酉,甲辰,戊寅,-0.006152216559752288,戊,寅,土,木,4,16,2017-04
2017-04-24,1809.911,丁酉,甲辰,辛巳,-0.015821046804632477,辛,巳,金,火,4,17,2017-04
2017-04-25,1818.87,丁酉,甲辰,壬午,0.004949967153080825,壬,午,水,火,4,17,2017-04
2017-04-26,1820.48,丁酉,甲辰,癸未,0.0008851649650607474,癸,未,水,土,4,17,2017-04
2017-04-27,1842.922,丁酉,甲辰,甲申,0.012327518017226202,甲,申,木,金,4,17,2017-04
2017-04-28,1850.734,丁酉,甲辰,乙酉,0.004238920583725214,乙,酉,木,金,4,17,2017-04
2017-05-02,1850.849,丁酉,甲辰,己丑,6.213750868577783e-05,己,丑,土,土,5,18,2017-05
2017-05-03,1840.453,丁酉,甲辰,庚寅,-0.005616881766151605,庚,寅,金,木,5,18,2017-05
2017-05-04,1838.104,丁酉,甲辰,辛卯,-0.0012763162112805482,辛,卯,金,木,5,18,2017-05
2017-05-05,1818.191,丁酉,乙巳,壬辰,-0.01083344576803058,壬,辰,水,土,5,18,2017-05
2017-05-08,1788.708,丁酉,乙巳,乙未,-0.01621556811138103,乙,未,木,土,5,19,2017-05
2017-05-09,1802.491,丁酉,乙巳,丙申,0.007705561779787429,丙,申,火,金,5,19,2017-05
2017-05-10,1771.319,丁酉,乙巳,丁酉,-0.017293845017811504,丁,酉,火,金,5,19,2017-05
2017-05-11,1772.413,丁酉,乙巳,戊戌,0.0006176188478754785,戊,戌,土,土,5,19,2017-05
2017-05-12,1774.628,丁酉,乙巳,己亥,0.0012497087304144117,己,亥,土,水,5,19,2017-05
2017-05-15,1778.636,丁酉,乙巳,壬寅,0.0022585015000327058,壬,寅,水,木,5,20,2017-05
2017-05-16,1814.941,丁酉,乙巳,癸卯,0.02041170874760212,癸,卯,水,木,5,20,2017-05
2017-05-17,1822.639,丁酉,乙巳,甲辰,0.004241460190716806,甲,辰,木,土,5,20,2017-05
2017-05-18,1813.506,丁酉,乙巳,乙巳,-0.005010866112268975,乙,巳,木,火,5,20,2017-05
2017-05-19,1801.078,丁酉,乙巳,丙午,-0.006853023921619239,丙,午,火,火,5,20,2017-05
2017-05-22,1788.075,丁酉,乙巳,己酉,-0.007219565171525,己,酉,土,金,5,21,2017-05
2017-05-23,1758.235,丁酉,乙巳,庚戌,-0.016688338017141424,庚,戌,金,土,5,21,2017-05
2017-05-24,1776.278,丁酉,乙巳,辛亥,0.010261995694546,辛,亥,金,水,5,21,2017-05
2017-05-25,1777.694,丁酉,乙巳,壬子,0.000797172514662714,壬,子,水,水,5,21,2017-05
2017-05-26,1759.632,丁酉,乙巳,癸丑,-0.010160353806673128,癸,丑,水,土,5,21,2017-05
2017-05-31,1763.729,丁酉,乙巳,戊午,0.0023283277412549097,戊,午,土,火,5,22,2017-05
2017-06-01,1728.488,丁酉,乙巳,己未,-0.019980960793863467,己,未,土,土,6,22,2017-06
2017-06-02,1745.927,丁酉,乙巳,庚申,0.01008916463406151,庚,申,金,金,6,22,2017-06
2017-06-05,1761.246,丁酉,丙午,癸亥,0.008774135459271859,癸,亥,水,水,6,23,2017-06
2017-06-06,1766.393,丁酉,丙午,甲子,0.0029223629180705757,甲,子,木,水,6,23,2017-06
2017-06-07,1799.852,丁酉,丙午,乙丑,0.01894199082537118,乙,丑,木,土,6,23,2017-06
2017-06-08,1794.75,丁酉,丙午,丙寅,-0.002834677517929318,丙,寅,火,木,6,23,2017-06
2017-06-09,1796.135,丁酉,丙午,丁卯,0.0007716952221756834,丁,卯,火,木,6,23,2017-06
2017-06-12,1775.551,丁酉,丙午,庚午,-0.011460163072374852,庚,午,金,火,6,24,2017-06
2017-06-13,1795.632,丁酉,丙午,辛未,0.011309728641982097,辛,未,金,土,6,24,2017-06
2017-06-14,1790.635,丁酉,丙午,壬申,-0.0027828641948907107,壬,申,水,金,6,24,2017-06
2017-06-15,1816.259,丁酉,丙午,癸酉,0.014310007343763642,癸,酉,水,金,6,24,2017-06
2017-06-16,1810.053,丁酉,丙午,甲戌,-0.0034169135569320774,甲,戌,木,土,6,24,2017-06
2017-06-19,1816.4,丁酉,丙午,丁丑,0.003506527156939665,丁,丑,火,土,6,25,2017-06
2017-06-20,1820.976,丁酉,丙午,戊寅,0.002519268883505843,戊,寅,土,木,6,25,2017-06
2017-06-21,1824.691,丁酉,丙午,己卯,0.0020401147516495577,己,卯,土,木,6,25,2017-06
2017-06-22,1798.381,丁酉,丙午,庚辰,-0.014418879689766628,庚,辰,金,土,6,25,2017-06
2017-06-23,1807.429,丁酉,丙午,辛巳,0.0050311919443100095,辛,巳,金,火,6,25,2017-06
2017-06-26,1821.277,丁酉,丙午,甲申,0.00766171174635355,甲,申,木,金,6,26,2017-06
2017-06-27,1819.934,丁酉,丙午,乙酉,-0.0007373946961390931,乙,酉,木,金,6,26,2017-06
2017-06-28,1808.199,丁酉,丙午,丙戌,-0.006448036027680071,丙,戌,火,土,6,26,2017-06
2017-06-29,1813.552,丁酉,丙午,丁亥,0.002960404247541293,丁,亥,火,水,6,26,2017-06
2017-06-30,1818.067,丁酉,丙午,戊子,0.0024895894906791227,戊,子,土,水,6,26,2017-06
2017-07-03,1835.986,丁酉,丙午,辛卯,0.00985607241097286,辛,卯,金,木,7,27,2017-07
2017-07-04,1829.505,丁酉,丙午,壬辰,-0.0035299833440995965,壬,辰,水,土,7,27,2017-07
2017-07-05,1836.631,丁酉,丙午,癸巳,0.003895042648147884,癸,巳,水,火,7,27,2017-07
2017-07-06,1838.995,丁酉,丙午,甲午,0.001287139332832643,甲,午,木,火,7,27,2017-07
2017-07-07,1835.439,丁酉,丁未,乙未,-0.0019336648549885815,乙,未,木,土,7,27,2017-07
2017-07-10,1803.247,丁酉,丁未,戊戌,-0.017539128241254587,戊,戌,土,土,7,28,2017-07
2017-07-11,1783.912,丁酉,丁未,己亥,-0.010722324784125492,己,亥,土,水,7,28,2017-07
2017-07-12,1786.746,丁酉,丁未,庚子,0.0015886433859966242,庚,子,金,水,7,28,2017-07
2017-07-13,1778.863,丁酉,丁未,辛丑,-0.00441193096276693,辛,丑,金,土,7,28,2017-07
2017-07-14,1745.567,丁酉,丁未,壬寅,-0.01871757409086594,壬,寅,水,木,7,28,2017-07
2017-07-17,1656.433,丁酉,丁未,乙巳,-0.05106306432236629,乙,巳,木,火,7,29,2017-07
2017-07-18,1667.488,丁酉,丁未,丙午,0.0066739795693517845,丙,午,火,火,7,29,2017-07
2017-07-19,1684.771,丁酉,丁未,丁未,0.010364692279644538,丁,未,火,土,7,29,2017-07
2017-07-20,1688.61,丁酉,丁未,戊申,0.0022786479586840436,戊,申,土,金,7,29,2017-07
2017-07-21,1690.145,丁酉,丁未,己酉,0.0009090316887854222,己,酉,土,金,7,29,2017-07
2017-07-24,1686.438,丁酉,丁未,壬子,-0.002193302941463582,壬,子,水,水,7,30,2017-07
2017-07-25,1688.094,丁酉,丁未,癸丑,0.0009819513080231435,癸,丑,水,土,7,30,2017-07
2017-07-26,1681.31,丁酉,丁未,甲寅,-0.004018733553937226,甲,寅,木,木,7,30,2017-07
2017-07-27,1742.191,丁酉,丁未,乙卯,0.036210454942871895,乙,卯,木,木,7,30,2017-07
2017-07-28,1734.074,丁酉,丁未,丙辰,-0.0046590758418565414,丙,辰,火,土,7,30,2017-07
2017-07-31,1736.3,丁酉,丁未,己未,0.001283682241934203,己,未,土,土,7,31,2017-07
2017-08-01,1741.074,丁酉,丁未,庚申,0.0027495248516962167,庚,申,金,金,8,31,2017-08
2017-08-02,1724.833,丁酉,丁未,辛酉,-0.009328150325603635,辛,酉,金,金,8,31,2017-08
2017-08-03,1733.124,丁酉,丁未,壬戌,0.004806842169647663,壬,戌,水,土,8,31,2017-08
2017-08-04,1719.617,丁酉,丁未,癸亥,-0.0077934412078997095,癸,亥,水,水,8,31,2017-08
2017-08-07,1732.434,丁酉,戊申,丙寅,0.007453403868419528,丙,寅,火,木,8,32,2017-08
2017-08-08,1762.421,丁酉,戊申,丁卯,0.017309173105584552,丁,卯,火,木,8,32,2017-08
2017-08-09,1763.049,丁酉,戊申,戊辰,0.00035632802832008537,戊,辰,土,土,8,32,2017-08
2017-08-10,1753.669,丁酉,戊申,己巳,-0.005320328589846324,己,巳,土,火,8,32,2017-08
2017-08-11,1742.139,丁酉,戊申,庚午,-0.006574786918169928,庚,午,金,火,8,32,2017-08
2017-08-14,1793.482,丁酉,戊申,癸酉,0.029471241961749328,癸,酉,水,金,8,33,2017-08
2017-08-15,1798.569,丁酉,戊申,甲戌,0.002836381965361179,甲,戌,木,土,8,33,2017-08
2017-08-16,1825.187,丁酉,戊申,乙亥,0.014799543414792504,乙,亥,木,水,8,33,2017-08
2017-08-17,1833.398,丁酉,戊申,丙子,0.0044987171177528484,丙,子,火,水,8,33,2017-08
2017-08-18,1821.803,丁酉,戊申,丁丑,-0.006324322378446934,丁,丑,火,土,8,33,2017-08
2017-08-21,1829.217,丁酉,戊申,庚辰,0.00406959479153346,庚,辰,金,土,8,34,2017-08
2017-08-22,1814.915,丁酉,戊申,辛巳,-0.007818645901497834,辛,巳,金,火,8,34,2017-08
2017-08-23,1807.366,丁酉,戊申,壬午,-0.0041594234440731626,壬,午,水,火,8,34,2017-08
2017-08-24,1795.739,丁酉,戊申,癸未,-0.006433118693169981,癸,未,水,土,8,34,2017-08
2017-08-25,1812.878,丁酉,戊申,甲申,0.009544260051154385,甲,申,木,金,8,34,2017-08
2017-08-28,1842.828,丁酉,戊申,丁亥,0.016520692512127066,丁,亥,火,水,8,35,2017-08
2017-08-29,1831.591,丁酉,戊申,戊子,-0.006097693327863474,戊,子,土,水,8,35,2017-08
2017-08-30,1838.631,丁酉,戊申,己丑,0.003843652867916658,己,丑,土,土,8,35,2017-08
2017-08-31,1849.379,丁酉,戊申,庚寅,0.005845653641214588,庚,寅,金,木,8,35,2017-08
2017-09-01,1865.25,丁酉,戊申,辛卯,0.00858179962030503,辛,卯,金,木,9,35,2017-09
2017-09-04,1883.618,丁酉,戊申,甲午,0.009847473529017492,甲,午,木,火,9,36,2017-09
2017-09-05,1885.162,丁酉,戊申,乙未,0.0008196991109663543,乙,未,木,土,9,36,2017-09
2017-09-06,1902.857,丁酉,戊申,丙申,0.009386461216595698,丙,申,火,金,9,36,2017-09
2017-09-07,1890.382,丁酉,己酉,丁酉,-0.006555931423117944,丁,酉,火,金,9,36,2017-09
2017-09-08,1885.274,丁酉,己酉,戊戌,-0.002702099364043975,戊,戌,土,土,9,36,2017-09
2017-09-11,1896.375,丁酉,己酉,辛丑,0.005888268760933402,辛,丑,金,土,9,37,2017-09
2017-09-12,1884.484,丁酉,己酉,壬寅,-0.006270384285808506,壬,寅,水,木,9,37,2017-09
2017-09-13,1888.432,丁酉,己酉,癸卯,0.0020950031945083936,癸,卯,水,木,9,37,2017-09
2017-09-14,1879.252,丁酉,己酉,甲辰,-0.0048611758326484455,甲,辰,木,土,9,37,2017-09
2017-09-15,1875.635,丁酉,己酉,乙巳,-0.0019247019558845668,乙,巳,木,火,9,37,2017-09
2017-09-18,1894.802,丁酉,己酉,戊申,0.010218939185929088,戊,申,土,金,9,38,2017-09
2017-09-19,1880.296,丁酉,己酉,己酉,-0.007655681174075113,己,酉,土,金,9,38,2017-09
2017-09-20,1892.669,丁酉,己酉,庚戌,0.006580346924101255,庚,戌,金,土,9,38,2017-09
2017-09-21,1872.77,丁酉,己酉,辛亥,-0.010513724269801017,辛,亥,金,水,9,38,2017-09
2017-09-22,1866.425,丁酉,己酉,壬子,-0.0033880294964143687,壬,子,水,水,9,38,2017-09
2017-09-25,1843.621,丁酉,己酉,乙卯,-0.012218010367413545,乙,卯,木,木,9,39,2017-09
2017-09-26,1839.455,丁酉,己酉,丙辰,-0.002259683524976186,丙,辰,火,土,9,39,2017-09
2017-09-27,1854.943,丁酉,己酉,丁巳,0.00841988523774706,丁,巳,火,火,9,39,2017-09
2017-09-28,1854.734,丁酉,己酉,戊午,-0.00011267192576813745,戊,午,土,火,9,39,2017-09
2017-09-29,1866.982,丁酉,己酉,己未,0.0066036423551840695,己,未,土,土,9,39,2017-09
2017-10-09,1889.838,丁酉,庚戌,己巳,0.012242217653946286,己,巳,土,火,10,41,2017-10
2017-10-10,1917.458,丁酉,庚戌,庚午,0.014615009328841966,庚,午,金,火,10,41,2017-10
2017-10-11,1901.551,丁酉,庚戌,辛未,-0.008295879231774661,辛,未,金,土,10,41,2017-10
2017-10-12,1899.986,丁酉,庚戌,壬申,-0.000823012372531573,壬,申,水,金,10,41,2017-10
2017-10-13,1926.074,丁酉,庚戌,癸酉,0.013730627488834024,癸,酉,水,金,10,41,2017-10
2017-10-16,1882.686,丁酉,庚戌,丙子,-0.02252665266235887,丙,子,火,水,10,42,2017-10
2017-10-17,1876.991,丁酉,庚戌,丁丑,-0.003024933525824225,丁,丑,火,土,10,42,2017-10
2017-10-18,1868.159,丁酉,庚戌,戊寅,-0.004705403488881821,戊,寅,土,木,10,42,2017-10
2017-10-19,1862.611,丁酉,庚戌,己卯,-0.002969768633183767,己,卯,土,木,10,42,2017-10
2017-10-20,1880.214,丁酉,庚戌,庚辰,0.00945071193072522,庚,辰,金,土,10,42,2017-10
2017-10-23,1898.759,丁酉,庚戌,癸未,0.009863238971734134,癸,未,水,土,10,43,2017-10
2017-10-24,1901.693,丁酉,庚戌,甲申,0.0015452197988263805,甲,申,木,金,10,43,2017-10
2017-10-25,1913.264,丁酉,庚戌,乙酉,0.006084578320475487,乙,酉,木,金,10,43,2017-10
2017-10-26,1910.722,丁酉,庚戌,丙戌,-0.0013286195736709194,丙,戌,火,土,10,43,2017-10
2017-10-27,1896.224,丁酉,庚戌,丁亥,-0.007587707683273659,丁,亥,火,水,10,43,2017-10
2017-10-30,1855.986,丁酉,庚戌,庚寅,-0.021220066827547734,庚,寅,金,木,10,44,2017-10
2017-10-31,1869.787,丁酉,庚戌,辛卯,0.007435939710752182,辛,卯,金,木,10,44,2017-10
2017-11-01,1872.746,丁酉,庚戌,壬辰,0.0015825331976315749,壬,辰,水,土,11,44,2017-11
2017-11-02,1847.565,丁酉,庚戌,癸巳,-0.01344603058823779,癸,巳,水,火,11,44,2017-11
2017-11-03,1832.967,丁酉,庚戌,甲午,-0.007901210512214707,甲,午,木,火,11,44,2017-11
2017-11-06,1850.303,丁酉,庚戌,丁酉,0.009457889858355273,丁,酉,火,金,11,45,2017-11
2017-11-07,1859.068,丁酉,辛亥,戊戌,0.004737061983902002,戊,戌,土,土,11,45,2017-11
2017-11-08,1866.142,丁酉,辛亥,己亥,0.0038051324642240925,己,亥,土,水,11,45,2017-11
2017-11-09,1884.112,丁酉,辛亥,庚子,0.00962949228943999,庚,子,金,水,11,45,2017-11
2017-11-10,1900.631,丁酉,辛亥,辛丑,0.008767525497422657,辛,丑,金,土,11,45,2017-11
2017-11-13,1906.437,丁酉,辛亥,甲辰,0.0030547749668399238,甲,辰,木,土,11,46,2017-11
2017-11-14,1896.721,丁酉,辛亥,乙巳,-0.005096418082527698,乙,巳,木,火,11,46,2017-11
2017-11-15,1868.081,丁酉,辛亥,丙午,-0.015099743188376258,丙,午,火,火,11,46,2017-11
2017-11-16,1878.26,丁酉,辛亥,丁未,0.0054489071940670986,丁,未,火,土,11,46,2017-11
2017-11-17,1833.895,丁酉,辛亥,戊申,-0.023620265564937792,戊,申,土,金,11,46,2017-11
2017-11-20,1859.75,丁酉,辛亥,辛亥,0.014098408033175192,辛,亥,金,水,11,47,2017-11
2017-11-21,1856.961,丁酉,辛亥,壬子,-0.0014996639333243467,壬,子,水,水,11,47,2017-11
2017-11-22,1853.378,丁酉,辛亥,癸丑,-0.0019294966345551057,癸,丑,水,土,11,47,2017-11
2017-11-23,1794.781,丁酉,辛亥,甲寅,-0.031616324354772685,甲,寅,木,木,11,47,2017-11
2017-11-24,1782.657,丁酉,辛亥,乙卯,-0.006755141713668755,乙,卯,木,木,11,47,2017-11
2017-11-27,1760.9,丁酉,辛亥,戊午,-0.012204815620727838,戊,午,土,火,11,48,2017-11
2017-11-28,1793.868,丁酉,辛亥,己未,0.018722244306888403,己,未,土,土,11,48,2017-11
2017-11-29,1787.382,丁酉,辛亥,庚申,-0.003615650649880564,庚,申,金,金,11,48,2017-11
2017-11-30,1770.302,丁酉,辛亥,辛酉,-0.009555875576681472,辛,酉,金,金,11,48,2017-11
2017-12-01,1804.622,丁酉,辛亥,壬戌,0.019386522751485336,壬,戌,水,土,12,48,2017-12
2017-12-04,1797.765,丁酉,辛亥,乙丑,-0.0037996876908293897,乙,丑,木,土,12,49,2017-12
2017-12-05,1758.59,丁酉,辛亥,丙寅,-0.021790945980147636,丙,寅,火,木,12,49,2017-12
2017-12-06,1784.315,丁酉,辛亥,丁卯,0.014628196452840081,丁,卯,火,木,12,49,2017-12
2017-12-07,1776.99,丁酉,壬子,戊辰,-0.0041052168479220885,戊,辰,土,土,12,49,2017-12
2017-12-08,1792.155,丁酉,壬子,己巳,0.008534094170479234,己,巳,土,火,12,49,2017-12
2017-12-11,1816.985,丁酉,壬子,壬申,0.013854828404909147,壬,申,水,金,12,50,2017-12
2017-12-12,1798.691,丁酉,壬子,癸酉,-0.01006832747656139,癸,酉,水,金,12,50,2017-12
2017-12-13,1806.09,丁酉,壬子,甲戌,0.004113547018359309,甲,戌,木,土,12,50,2017-12
2017-12-14,1794.344,丁酉,壬子,乙亥,-0.006503551871722801,乙,亥,木,水,12,50,2017-12
2017-12-15,1783.973,丁酉,壬子,丙子,-0.005779828171186829,丙,子,火,水,12,50,2017-12
2017-12-18,1780.644,丁酉,壬子,己卯,-0.0018660596320684286,己,卯,土,木,12,51,2017-12
2017-12-19,1798.502,丁酉,壬子,庚辰,0.010028955815985618,庚,辰,金,土,12,51,2017-12
2017-12-20,1782.413,丁酉,壬子,辛巳,-0.008945778208753752,辛,巳,金,火,12,51,2017-12
2017-12-21,1789.736,丁酉,壬子,壬午,0.004108475420679714,壬,午,水,火,12,51,2017-12
2017-12-22,1779.339,丁酉,壬子,癸未,-0.005809236669542361,癸,未,水,土,12,51,2017-12
2017-12-25,1755.806,丁酉,壬子,丙戌,-0.013225697857462748,丙,戌,火,土,12,52,2017-12
2017-12-26,1758.821,丁酉,壬子,丁亥,0.0017171600962748723,丁,亥,火,水,12,52,2017-12
2017-12-27,1745.236,丁酉,壬子,戊子,-0.007723924151462724,戊,子,土,水,12,52,2017-12
2017-12-28,1745.017,丁酉,壬子,己丑,-0.00012548446170035366,己,丑,土,土,12,52,2017-12
2017-12-29,1752.652,丁酉,壬子,庚寅,0.004375315541338631,庚,寅,金,木,12,52,2017-12
2018-01-02,1769.672,丁酉,壬子,甲午,0.009710997961945633,甲,午,木,火,1,1,2018-01
2018-01-03,1795.383,丁酉,壬子,乙未,0.014528681021115819,乙,未,木,土,1,1,2018-01
2018-01-04,1794.609,丁酉,壬子,丙申,-0.0004311057863419787,丙,申,火,金,1,1,2018-01
2018-01-05,1801.418,丁酉,癸丑,丁酉,0.0037941412307638256,丁,酉,火,金,1,1,2018-01
2018-01-08,1806.156,丁酉,癸丑,庚子,0.002630150248304375,庚,子,金,水,1,2,2018-01
2018-01-09,1803.586,丁酉,癸丑,辛丑,-0.0014229114207189308,辛,丑,金,土,1,2,2018-01
2018-01-10,1791.084,丁酉,癸丑,壬寅,-0.0069317459771809364,壬,寅,水,木,1,2,2018-01
2018-01-11,1804.235,丁酉,癸丑,癸卯,0.007342480866335599,癸,卯,水,木,1,2,2018-01
2018-01-12,1785.705,丁酉,癸丑,甲辰,-0.010270280756109917,甲,辰,木,土,1,2,2018-01
2018-01-15,1732.623,丁酉,癸丑,丁未,-0.029726074575587735,丁,未,火,土,1,3,2018-01
2018-01-16,1729.597,丁酉,癸丑,戊申,-0.001746484953737859,戊,申,土,金,1,3,2018-01
2018-01-17,1742.034,丁酉,癸丑,己酉,0.0071906923982871795,己,酉,土,金,1,3,2018-01
2018-01-18,1738.002,丁酉,癸丑,庚戌,-0.0023145357668106215,庚,戌,金,土,1,3,2018-01
2018-01-19,1728.14,丁酉,癸丑,辛亥,-0.005674331790181952,辛,亥,金,水,1,3,2018-01
2018-01-22,1768.214,丁酉,癸丑,甲寅,0.02318909347622289,甲,寅,木,木,1,4,2018-01
2018-01-23,1767.829,丁酉,癸丑,乙卯,-0.00021773382633549776,乙,卯,木,木,1,4,2018-01
2018-01-24,1813.275,丁酉,癸丑,丙辰,0.025707237521276127,丙,辰,火,土,1,4,2018-01
2018-01-25,1810.835,丁酉,癸丑,丁巳,-0.0013456315230728766,丁,巳,火,火,1,4,2018-01
2018-01-26,1816.8,丁酉,癸丑,戊午,0.0032940604748636915,戊,午,土,火,1,4,2018-01
2018-01-29,1799.771,丁酉,癸丑,辛酉,-0.009373073535887233,辛,酉,金,金,1,5,2018-01
2018-01-30,1782.399,丁酉,癸丑,壬戌,-0.00965233910314145,壬,戌,水,土,1,5,2018-01
2018-01-31,1735.057,丁酉,癸丑,癸亥,-0.026560831777845406,癸,亥,水,水,1,5,2018-01
2018-02-01,1697.39,丁酉,癸丑,甲子,-0.02170937323672939,甲,子,木,水,2,5,2018-02
2018-02-02,1702.426,丁酉,癸丑,乙丑,0.0029669080176033535,乙,丑,木,土,2,5,2018-02
2018-02-05,1688.272,戊戌,甲寅,戊辰,-0.008314017760536974,戊,辰,土,土,2,6,2018-02
2018-02-06,1598.116,戊戌,甲寅,己巳,-0.053401347650141706,己,巳,土,火,2,6,2018-02
2018-02-07,1616.4,戊戌,甲寅,庚午,0.011440971744228978,庚,午,金,火,2,6,2018-02
2018-02-08,1641.431,戊戌,甲寅,辛未,0.015485647117050139,辛,未,金,土,2,6,2018-02
2018-02-09,1592.51,戊戌,甲寅,壬申,-0.02980387235284332,壬,申,水,金,2,6,2018-02
2018-02-12,1648.072,戊戌,甲寅,乙亥,0.0348895768315427,乙,亥,木,水,2,7,2018-02
2018-02-13,1648.582,戊戌,甲寅,丙子,0.00030945249964831056,丙,子,火,水,2,7,2018-02
2018-02-14,1646.771,戊戌,甲寅,丁丑,-0.001098519818850452,丁,丑,火,土,2,7,2018-02
2018-02-22,1677.765,戊戌,甲寅,乙酉,0.018821074697089157,乙,酉,木,金,2,8,2018-02
2018-02-23,1668.834,戊戌,甲寅,丙戌,-0.005323153123351632,丙,戌,火,土,2,8,2018-02
2018-02-26,1729.153,戊戌,甲寅,己丑,0.036144397825068175,己,丑,土,土,2,9,2018-02
2018-02-27,1743.541,戊戌,甲寅,庚寅,0.008320836849023738,庚,寅,金,木,2,9,2018-02
2018-02-28,1753.627,戊戌,甲寅,辛卯,0.005784779365670234,辛,卯,金,木,2,9,2018-02
2018-03-01,1789.849,戊戌,甲寅,壬辰,0.020655475765370745,壬,辰,水,土,3,9,2018-03
2018-03-02,1772.005,戊戌,甲寅,癸巳,-0.00996955609104444,癸,巳,水,火,3,9,2018-03
2018-03-05,1795.693,戊戌,乙卯,丙申,0.013367908104096715,丙,申,火,金,3,10,2018-03
2018-03-06,1797.609,戊戌,乙卯,丁酉,0.0010669975324288927,丁,酉,火,金,3,10,2018-03
2018-03-07,1785.27,戊戌,乙卯,戊戌,-0.006864117836526185,戊,戌,土,土,3,10,2018-03
2018-03-08,1793.222,戊戌,乙卯,己亥,0.00445422821197905,己,亥,土,水,3,10,2018-03
2018-03-09,1856.455,戊戌,乙卯,庚子,0.035262226316652434,庚,子,金,水,3,10,2018-03
2018-03-12,1882.409,戊戌,乙卯,癸卯,0.013980408897603214,癸,卯,水,木,3,11,2018-03
2018-03-13,1872.678,戊戌,乙卯,甲辰,-0.005169439797621078,甲,辰,木,土,3,11,2018-03
2018-03-14,1841.289,戊戌,乙卯,乙巳,-0.016761557512823932,乙,巳,木,火,3,11,2018-03
2018-03-15,1848.71,戊戌,乙卯,丙午,0.0040303287533896,丙,午,火,火,3,11,2018-03
2018-03-16,1821.322,戊戌,乙卯,丁未,-0.014814654542897543,丁,未,火,土,3,11,2018-03
2018-03-19,1842.92,戊戌,乙卯,庚戌,0.01185841932398568,庚,戌,金,土,3,12,2018-03
2018-03-20,1864.62,戊戌,乙卯,辛亥,0.011774792177631,辛,亥,金,水,3,12,2018-03
2018-03-21,1829.913,戊戌,乙卯,壬子,-0.018613444026128634,壬,子,水,水,3,12,2018-03
2018-03-22,1817.228,戊戌,乙卯,癸丑,-0.006932023544288679,癸,丑,水,土,3,12,2018-03
2018-03-23,1726.021,戊戌,乙卯,甲寅,-0.05019017976830653,甲,寅,木,木,3,12,2018-03
2018-03-26,1780.609,戊戌,乙卯,丁巳,0.03162649817122731,丁,巳,火,火,3,13,2018-03
2018-03-27,1844.693,戊戌,乙卯,戊午,0.03598993378108273,戊,午,土,火,3,13,2018-03
2018-03-28,1835.154,戊戌,乙卯,己未,-0.005171050142218747,己,未,土,土,3,13,2018-03
2018-03-29,1842.187,戊戌,乙卯,庚申,0.0038323759204950125,庚,申,金,金,3,13,2018-03
2018-03-30,1900.482,戊戌,乙卯,辛酉,0.03164445303326979,辛,酉,金,金,3,13,2018-03
2018-04-02,1900.255,戊戌,乙卯,甲子,-0.00011944338331004722,甲,子,木,水,4,14,2018-04
2018-04-03,1872.47,戊戌,乙卯,乙丑,-0.014621721821545086,乙,丑,木,土,4,14,2018-04
2018-04-04,1836.813,戊戌,乙卯,丙寅,-0.019042761699786914,丙,寅,火,木,4,14,2018-04
2018-04-09,1841.653,戊戌,丙辰,辛未,0.0026349987723299773,辛,未,金,土,4,15,2018-04
2018-04-10,1835.52,戊戌,丙辰,壬申,-0.003330160459109277,壬,申,水,金,4,15,2018-04
2018-04-11,1834.626,戊戌,丙辰,癸酉,-0.0004870554393305859,癸,酉,水,金,4,15,2018-04
2018-04-12,1826.89,戊戌,丙辰,甲戌,-0.004216663232724183,甲,戌,木,土,4,15,2018-04
2018-04-13,1824.594,戊戌,丙辰,乙亥,-0.0012567806490813016,乙,亥,木,水,4,15,2018-04
2018-04-16,1838.709,戊戌,丙辰,戊寅,0.007735967563194945,戊,寅,土,木,4,16,2018-04
2018-04-17,1783.741,戊戌,丙辰,己卯,-0.02989488820688868,己,卯,土,木,4,16,2018-04
2018-04-18,1822.264,戊戌,丙辰,庚辰,0.021596745267390194,庚,辰,金,土,4,16,2018-04
2018-04-19,1820.281,戊戌,丙辰,辛巳,-0.0010882067581864385,辛,巳,金,火,4,16,2018-04
2018-04-20,1782.808,戊戌,丙辰,壬午,-0.020586381992670377,壬,午,水,火,4,16,2018-04
2018-04-23,1753.048,戊戌,丙辰,乙酉,-0.01669276781347173,乙,酉,木,金,4,17,2018-04
2018-04-24,1806.861,戊戌,丙辰,丙戌,0.030696820623280274,丙,戌,火,土,4,17,2018-04
2018-04-25,1819.406,戊戌,丙辰,丁亥,0.0069429801185592055,丁,亥,火,水,4,17,2018-04
2018-04-26,1781.276,戊戌,丙辰,戊子,-0.0209573893897238,戊,子,土,水,4,17,2018-04
2018-04-27,1805.596,戊戌,丙辰,己丑,0.013653134045481963,己,丑,土,土,4,17,2018-04
2018-05-02,1801.571,戊戌,丙辰,甲午,-0.0022291808355801024,甲,午,木,火,5,18,2018-05
2018-05-03,1826.791,戊戌,丙辰,乙未,0.013998893188222894,乙,未,木,土,5,18,2018-05
2018-05-04,1814.855,戊戌,丙辰,丙申,-0.006533861837506261,丙,申,火,金,5,18,2018-05
2018-05-07,1852.336,戊戌,丁巳,己亥,0.020652338616583776,己,亥,土,水,5,19,2018-05
2018-05-08,1856.868,戊戌,丁巳,庚子,0.002446640350346696,庚,子,金,水,5,19,2018-05
2018-05-09,1855.809,戊戌,丁巳,辛丑,-0.000570315175876801,辛,丑,金,土,5,19,2018-05
2018-05-10,1865.359,戊戌,丁巳,壬寅,0.0051460037105111045,壬,寅,水,木,5,19,2018-05
2018-05-11,1834.78,戊戌,丁巳,癸卯,-0.016393091088632294,癸,卯,水,木,5,19,2018-05
2018-05-14,1830.98,戊戌,丁巳,丙午,-0.0020710929920753074,丙,午,火,火,5,20,2018-05
2018-05-15,1858.011,戊戌,丁巳,丁未,0.014763132311658156,丁,未,火,土,5,20,2018-05
2018-05-16,1846.675,戊戌,丁巳,戊申,-0.006101147947993879,戊,申,土,金,5,20,2018-05
2018-05-17,1831.204,戊戌,丁巳,己酉,-0.00837776002815871,己,酉,土,金,5,20,2018-05
2018-05-18,1836.754,戊戌,丁巳,庚戌,0.0030307928554109687,庚,戌,金,土,5,20,2018-05
2018-05-21,1862.481,戊戌,丁巳,癸丑,0.014006774995453997,癸,丑,水,土,5,21,2018-05
2018-05-22,1875.999,戊戌,丁巳,甲寅,0.007258060619141915,甲,寅,木,木,5,21,2018-05
2018-05-23,1845.973,戊戌,丁巳,乙卯,-0.016005339022035714,乙,卯,木,木,5,21,2018-05
2018-05-24,1838.403,戊戌,丁巳,丙辰,-0.0041008183760000705,丙,辰,火,土,5,21,2018-05
2018-05-25,1804.549,戊戌,丁巳,丁巳,-0.018414895972210688,丁,巳,火,火,5,21,2018-05
2018-05-28,1796.913,戊戌,丁巳,庚申,-0.0042315282100956475,庚,申,金,金,5,22,2018-05
2018-05-29,1773.646,戊戌,丁巳,辛酉,-0.012948317475581783,辛,酉,金,金,5,22,2018-05
2018-05-30,1726.219,戊戌,丁巳,壬戌,-0.026739834217200054,壬,戌,水,土,5,22,2018-05
2018-05-31,1743.743,戊戌,丁巳,癸亥,0.01015166673521728,癸,亥,水,水,5,22,2018-05
2018-06-01,1709.548,戊戌,丁巳,甲子,-0.019610114563900716,甲,子,木,水,6,22,2018-06
2018-06-04,1702.93,戊戌,丁巳,丁卯,-0.0038711987028149375,丁,卯,火,木,6,23,2018-06
2018-06-05,1746.113,戊戌,丁巳,戊辰,0.025358059344776418,戊,辰,土,土,6,23,2018-06
2018-06-06,1743.248,戊戌,戊午,己巳,-0.0016407872800900947,己,巳,土,火,6,23,2018-06
2018-06-07,1730.375,戊戌,戊午,庚午,-0.007384491477976818,庚,午,金,火,6,23,2018-06
2018-06-08,1711.522,戊戌,戊午,辛未,-0.010895326157624785,辛,未,金,土,6,23,2018-06
2018-06-11,1688.618,戊戌,戊午,甲戌,-0.013382241069644474,甲,戌,木,土,6,24,2018-06
2018-06-12,1712.768,戊戌,戊午,乙亥,0.014301636012407748,乙,亥,木,水,6,24,2018-06
2018-06-13,1685.895,戊戌,戊午,丙子,-0.01568980737613035,丙,子,火,水,6,24,2018-06
2018-06-14,1673.319,戊戌,戊午,丁丑,-0.007459539295151862,丁,丑,火,土,6,24,2018-06
2018-06-15,1641.663,戊戌,戊午,戊寅,-0.018918090334239857,戊,寅,土,木,6,24,2018-06
2018-06-19,1547.145,戊戌,戊午,壬午,-0.05757454483654689,壬,午,水,火,6,25,2018-06
2018-06-20,1563.792,戊戌,戊午,癸未,0.010759818892217554,癸,未,水,土,6,25,2018-06
2018-06-21,1521.676,戊戌,戊午,甲申,-0.026931970492239388,甲,申,木,金,6,25,2018-06
2018-06-22,1549.661,戊戌,戊午,乙酉,0.018390905817007086,乙,酉,木,金,6,25,2018-06
2018-06-25,1538.565,戊戌,戊午,戊子,-0.007160275699007679,戊,子,土,水,6,26,2018-06
2018-06-26,1564.917,戊戌,戊午,己丑,0.017127648165660814,己,丑,土,土,6,26,2018-06
2018-06-27,1546.231,戊戌,戊午,庚寅,-0.01194056937204968,庚,寅,金,木,6,26,2018-06
2018-06-28,1543.664,戊戌,戊午,辛卯,-0.001660165913113909,辛,卯,金,木,6,26,2018-06
2018-06-29,1606.715,戊戌,戊午,壬辰,0.04084502845178739,壬,辰,水,土,6,26,2018-06
2018-07-02,1588.374,戊戌,戊午,乙未,-0.011415216762151292,乙,未,木,土,7,27,2018-07
2018-07-03,1607.122,戊戌,戊午,丙申,0.011803265477777991,丙,申,火,金,7,27,2018-07
2018-07-04,1565.61,戊戌,戊午,丁酉,-0.025830024105201854,丁,酉,火,金,7,27,2018-07
2018-07-05,1532.679,戊戌,戊午,戊戌,-0.021033973978193732,戊,戌,土,土,7,27,2018-07
2018-07-06,1541.313,戊戌,戊午,己亥,0.005633273503453662,己,亥,土,水,7,27,2018-07
2018-07-09,1581.93,戊戌,己未,壬寅,0.026352207501007197,壬,寅,水,木,7,28,2018-07
2018-07-10,1592.976,戊戌,己未,癸卯,0.0069826098499934375,癸,卯,水,木,7,28,2018-07
2018-07-11,1563.009,戊戌,己未,甲辰,-0.018811959502214814,甲,辰,木,土,7,28,2018-07
2018-07-12,1614.632,戊戌,己未,乙巳,0.03302796081148607,乙,巳,木,火,7,28,2018-07
2018-07-13,1618.463,戊戌,己未,丙午,0.0023726768700236267,丙,午,火,火,7,28,2018-07
2018-07-16,1616.912,戊戌,己未,己酉,-0.0009583166250942687,己,酉,土,金,7,29,2018-07
2018-07-17,1621.632,戊戌,己未,庚戌,0.0029191446411431787,庚,戌,金,土,7,29,2018-07
2018-07-18,1607.884,戊戌,己未,辛亥,-0.008477879074907269,辛,亥,金,水,7,29,2018-07
2018-07-19,1590.063,戊戌,己未,壬子,-0.011083510999549628,壬,子,水,水,7,29,2018-07
2018-07-20,1609.548,戊戌,己未,癸丑,0.012254231436112928,癸,丑,水,土,7,29,2018-07
2018-07-23,1620.973,戊戌,己未,丙辰,0.007098266097065764,丙,辰,火,土,7,30,2018-07
2018-07-24,1629.61,戊戌,己未,丁巳,0.005328281223684783,丁,巳,火,火,7,30,2018-07
2018-07-25,1632.32,戊戌,己未,戊午,0.0016629745767391402,戊,午,土,火,7,30,2018-07
2018-07-26,1606.115,戊戌,己未,己未,-0.0160538374828465,己,未,土,土,7,30,2018-07
2018-07-27,1594.567,戊戌,己未,庚申,-0.007190020639866956,庚,申,金,金,7,30,2018-07
2018-07-30,1559.641,戊戌,己未,癸亥,-0.021903124798142604,癸,亥,水,水,7,31,2018-07
2018-07-31,1561.258,戊戌,己未,甲子,0.0010367770531807263,甲,子,木,水,7,31,2018-07
2018-08-01,1541.86,戊戌,己未,乙丑,-0.01242459606291857,乙,丑,木,土,8,31,2018-08
2018-08-02,1510.088,戊戌,己未,丙寅,-0.020606280725876447,丙,寅,火,木,8,31,2018-08
2018-08-03,1481.606,戊戌,己未,丁卯,-0.018861152462637976,丁,卯,火,木,8,31,2018-08
2018-08-06,1440.796,戊戌,己未,庚午,-0.027544434890247493,庚,午,金,火,8,32,2018-08
2018-08-07,1479.441,戊戌,庚申,辛未,0.026821978961629522,辛,未,金,土,8,32,2018-08
2018-08-08,1447.757,戊戌,庚申,壬申,-0.021416197063620634,壬,申,水,金,8,32,2018-08
2018-08-09,1497.606,戊戌,庚申,癸酉,0.03443188325112567,癸,酉,水,金,8,32,2018-08
2018-08-10,1511.707,戊戌,庚申,甲戌,0.009415694114473405,甲,戌,木,土,8,32,2018-08
2018-08-13,1531.34,戊戌,庚申,丁丑,0.01298730507962187,丁,丑,火,土,8,33,2018-08
2018-08-14,1518.491,戊戌,庚申,戊寅,-0.008390690506353882,戊,寅,土,木,8,33,2018-08
2018-08-15,1478.506,戊戌,庚申,己卯,-0.026332062554206725,己,卯,土,木,8,33,2018-08
2018-08-16,1463.872,戊戌,庚申,庚辰,-0.009897829295248073,庚,辰,金,土,8,33,2018-08
2018-08-17,1434.306,戊戌,庚申,辛巳,-0.02019712105976479,辛,巳,金,火,8,33,2018-08
2018-08-20,1435.69,戊戌,庚申,甲申,0.0009649265916757965,甲,申,木,金,8,34,2018-08
2018-08-21,1456.972,戊戌,庚申,乙酉,0.014823534328441301,乙,酉,木,金,8,34,2018-08
2018-08-22,1439.552,戊戌,庚申,丙戌,-0.011956303896025533,丙,戌,火,土,8,34,2018-08
2018-08-23,1455.502,戊戌,庚申,丁亥,0.011079835948961891,丁,亥,火,水,8,34,2018-08
2018-08-24,1450.091,戊戌,庚申,戊子,-0.003717617701659015,戊,子,土,水,8,34,2018-08
2018-08-27,1493.433,戊戌,庚申,辛卯,0.02988915868038644,辛,卯,金,木,8,35,2018-08
2018-08-28,1493.106,戊戌,庚申,壬辰,-0.00021895860075404894,壬,辰,水,土,8,35,2018-08
2018-08-29,1481.192,戊戌,庚申,癸巳,-0.007979339711982947,癸,巳,水,火,8,35,2018-08
2018-08-30,1457.916,戊戌,庚申,甲午,-0.01571437058801295,甲,午,木,火,8,35,2018-08
2018-08-31,1435.2,戊戌,庚申,乙未,-0.015581144592692553,乙,未,木,土,8,35,2018-08
2018-09-03,1443.688,戊戌,庚申,戊戌,0.005914158305462713,戊,戌,土,土,9,36,2018-09
2018-09-04,1455.503,戊戌,庚申,己亥,0.008183901230736756,己,亥,土,水,9,36,2018-09
2018-09-05,1430.24,戊戌,庚申,庚子,-0.0173568862448239,庚,子,金,水,9,36,2018-09
2018-09-06,1422.87,戊戌,庚申,辛丑,-0.005152981317820826,辛,丑,金,土,9,36,2018-09
2018-09-07,1425.229,戊戌,庚申,壬寅,0.0016579167457322352,壬,寅,水,木,9,36,2018-09
2018-09-10,1390.823,戊戌,辛酉,乙巳,-0.024140681953566778,乙,巳,木,火,9,37,2018-09
2018-09-11,1395.167,戊戌,辛酉,丙午,0.003123330574774652,丙,午,火,火,9,37,2018-09
2018-09-12,1385.796,戊戌,辛酉,丁未,-0.006716758638929843,丁,未,火,土,9,37,2018-09
2018-09-13,1391.279,戊戌,辛酉,戊申,0.003956570808401727,戊,申,土,金,9,37,2018-09
2018-09-14,1366.565,戊戌,辛酉,己酉,-0.017763511128968346,己,酉,土,金,9,37,2018-09
2018-09-17,1349.776,戊戌,辛酉,壬子,-0.012285548071258923,壬,子,水,水,9,38,2018-09
2018-09-18,1377.303,戊戌,辛酉,癸丑,0.02039375422292289,癸,丑,水,土,9,38,2018-09
2018-09-19,1392.403,戊戌,辛酉,甲寅,0.010963455390716526,甲,寅,木,木,9,38,2018-09
2018-09-20,1387.619,戊戌,辛酉,乙卯,-0.00343578690939339,乙,卯,木,木,9,38,2018-09
2018-09-21,1411.119,戊戌,辛酉,丙辰,0.016935484452144323,丙,辰,火,土,9,38,2018-09
2018-09-25,1405.806,戊戌,辛酉,庚申,-0.0037650970612682633,庚,申,金,金,9,39,2018-09
2018-09-26,1420.75,戊戌,辛酉,辛酉,0.010630200753162233,辛,酉,金,金,9,39,2018-09
2018-09-27,1400.359,戊戌,辛酉,壬戌,-0.01435227872602507,壬,戌,水,土,9,39,2018-09
2018-09-28,1411.34,戊戌,辛酉,癸亥,0.007841560628381705,癸,亥,水,水,9,39,2018-09
2018-10-08,1353.671,戊戌,壬戌,癸酉,-0.040861167401193055,癸,酉,水,金,10,41,2018-10
2018-10-09,1345.953,戊戌,壬戌,甲戌,-0.0057015330903891215,甲,戌,木,土,10,41,2018-10
2018-10-10,1346.704,戊戌,壬戌,乙亥,0.0005579689632551066,乙,亥,木,水,10,41,2018-10
2018-10-11,1261.883,戊戌,壬戌,丙子,-0.06298414499400007,丙,子,火,水,10,41,2018-10
2018-10-12,1268.406,戊戌,壬戌,丁丑,0.005169258956654321,丁,丑,火,土,10,41,2018-10
2018-10-15,1250.218,戊戌,壬戌,庚辰,-0.01433925730404928,庚,辰,金,土,10,42,2018-10
2018-10-16,1216.687,戊戌,壬戌,辛巳,-0.026820122570623828,辛,巳,金,火,10,42,2018-10
2018-10-17,1231.861,戊戌,壬戌,壬午,0.012471572392899866,壬,午,水,火,10,42,2018-10
2018-10-18,1205.031,戊戌,壬戌,癸未,-0.02178005473020106,癸,未,水,土,10,42,2018-10
2018-10-19,1249.89,戊戌,壬戌,甲申,0.03722642819977251,甲,申,木,金,10,42,2018-10
2018-10-22,1314.945,戊戌,壬戌,丁亥,0.052048580275064094,丁,亥,火,水,10,43,2018-10
2018-10-23,1292.056,戊戌,壬戌,戊子,-0.01740681169174363,戊,子,土,水,10,43,2018-10
2018-10-24,1284.102,戊戌,壬戌,己丑,-0.006156079922232438,己,丑,土,土,10,43,2018-10
2018-10-25,1273.603,戊戌,壬戌,庚寅,-0.008176141770669276,庚,寅,金,木,10,43,2018-10
2018-10-26,1263.188,戊戌,壬戌,辛卯,-0.008177587521386198,辛,卯,金,木,10,43,2018-10
2018-10-29,1250.48,戊戌,壬戌,甲午,-0.01006026023046458,甲,午,木,火,10,44,2018-10
2018-10-30,1259.948,戊戌,壬戌,乙未,0.007571492546861958,乙,未,木,土,10,44,2018-10
2018-10-31,1275.574,戊戌,壬戌,丙申,0.012402099134249944,丙,申,火,金,10,44,2018-10
2018-11-01,1286.327,戊戌,壬戌,丁酉,0.008429930368602623,丁,酉,火,金,11,44,2018-11
2018-11-02,1348.279,戊戌,壬戌,戊戌,0.048161937050221315,戊,戌,土,土,11,44,2018-11
2018-11-05,1348.876,戊戌,壬戌,辛丑,0.00044278669325859,辛,丑,金,土,11,45,2018-11
2018-11-06,1349.109,戊戌,壬戌,壬寅,0.0001727364116492769,壬,寅,水,木,11,45,2018-11
2018-11-07,1345.768,戊戌,癸亥,癸卯,-0.002476449271333836,癸,卯,水,木,11,45,2018-11
2018-11-08,1329.591,戊戌,癸亥,甲辰,-0.012020645460436019,甲,辰,木,土,11,45,2018-11
2018-11-09,1322.831,戊戌,癸亥,乙巳,-0.005084270275595992,乙,巳,木,火,11,45,2018-11
2018-11-12,1368.791,戊戌,癸亥,戊申,0.03474366718046373,戊,申,土,金,11,46,2018-11
2018-11-13,1392.055,戊戌,癸亥,己酉,0.01699602057582217,己,酉,土,金,11,46,2018-11
2018-11-14,1385.732,戊戌,癸亥,庚戌,-0.004542205588141335,庚,戌,金,土,11,46,2018-11
2018-11-15,1405.248,戊戌,癸亥,辛亥,0.014083531303311192,辛,亥,金,水,11,46,2018-11
2018-11-16,1403.283,戊戌,癸亥,壬子,-0.001398329689848432,壬,子,水,水,11,46,2018-11
2018-11-19,1394.4,戊戌,癸亥,乙卯,-0.006330155784684766,乙,卯,木,木,11,47,2018-11
2018-11-20,1355.334,戊戌,癸亥,丙辰,-0.028016351118760774,丙,辰,火,土,11,47,2018-11
2018-11-21,1363.028,戊戌,癸亥,丁巳,0.005676829475243617,丁,巳,火,火,11,47,2018-11
2018-11-22,1353.924,戊戌,癸亥,戊午,-0.0066792465011724644,戊,午,土,火,11,47,2018-11
2018-11-23,1308.739,戊戌,癸亥,己未,-0.03337336512241451,己,未,土,土,11,47,2018-11
2018-11-26,1304.557,戊戌,癸亥,壬戌,-0.0031954423303653945,壬,戌,水,土,11,48,2018-11
2018-11-27,1315.433,戊戌,癸亥,癸亥,0.008336929701040274,癸,亥,水,水,11,48,2018-11
2018-11-28,1341.083,戊戌,癸亥,甲子,0.019499282745681468,甲,子,木,水,11,48,2018-11
2018-11-29,1312.716,戊戌,癸亥,乙丑,-0.02115230750072905,乙,丑,木,土,11,48,2018-11
2018-11-30,1329.389,戊戌,癸亥,丙寅,0.012701147849192074,丙,寅,火,木,11,48,2018-11
2018-12-03,1372.794,戊戌,癸亥,己巳,0.03265033786198046,己,巳,土,火,12,49,2018-12
2018-12-04,1378.754,戊戌,癸亥,庚午,0.0043415108166264815,庚,午,金,火,12,49,2018-12
2018-12-05,1381.767,戊戌,癸亥,辛未,0.002185306443354129,辛,未,金,土,12,49,2018-12
2018-12-06,1345.761,戊戌,癸亥,壬申,-0.026057938856551166,壬,申,水,金,12,49,2018-12
2018-12-07,1341.019,戊戌,甲子,癸酉,-0.0035236568751806363,癸,酉,水,金,12,49,2018-12
2018-12-10,1326.848,戊戌,甲子,丙子,-0.010567337226392803,丙,子,火,水,12,50,2018-12
2018-12-11,1338.079,戊戌,甲子,丁丑,0.008464420943468998,丁,丑,火,土,12,50,2018-12
2018-12-12,1338.731,戊戌,甲子,戊寅,0.0004872656995589253,戊,寅,土,木,12,50,2018-12
2018-12-13,1348.504,戊戌,甲子,己卯,0.007300196977585438,己,卯,土,木,12,50,2018-12
2018-12-14,1310.458,戊戌,甲子,庚辰,-0.028213486945533606,庚,辰,金,土,12,50,2018-12
2018-12-17,1299.175,戊戌,甲子,癸未,-0.00860996689706972,癸,未,水,土,12,51,2018-12
2018-12-18,1293.335,戊戌,甲子,甲申,-0.0044951603902475545,甲,申,木,金,12,51,2018-12
2018-12-19,1268.814,戊戌,甲子,乙酉,-0.01895951165011378,乙,酉,木,金,12,51,2018-12
2018-12-20,1278.157,戊戌,甲子,丙戌,0.007363569443590512,丙,戌,火,土,12,51,2018-12
2018-12-21,1270.304,戊戌,甲子,丁亥,-0.006144002653820979,丁,亥,火,水,12,51,2018-12
2018-12-24,1284.332,戊戌,甲子,庚寅,0.01104302592135431,庚,寅,金,木,12,52,2018-12
2018-12-25,1273.447,戊戌,甲子,辛卯,-0.008475222917438963,辛,卯,金,木,12,52,2018-12
2018-12-26,1264.07,戊戌,甲子,壬辰,-0.0073634788098758674,壬,辰,水,土,12,52,2018-12
2018-12-27,1248.077,戊戌,甲子,癸巳,-0.012651989209458314,癸,巳,水,火,12,52,2018-12
2018-12-28,1250.525,戊戌,甲子,甲午,0.001961417444596769,甲,午,木,火,12,52,2018-12
2019-01-02,1228.767,戊戌,甲子,己亥,-0.017399092381199965,己,亥,土,水,1,1,2019-01
2019-01-03,1214.497,戊戌,甲子,庚子,-0.011613267608912015,庚,子,金,水,1,1,2019-01
2019-01-04,1245.157,戊戌,甲子,辛丑,0.02524501913137689,辛,丑,金,土,1,1,2019-01
2019-01-07,1268.058,戊戌,乙丑,甲辰,0.01839205819025236,甲,辰,木,土,1,2,2019-01
2019-01-08,1263.51,戊戌,乙丑,乙巳,-0.0035865867334143875,乙,巳,木,火,1,2,2019-01
2019-01-09,1262.517,戊戌,乙丑,丙午,-0.0007859059287222969,丙,午,火,火,1,2,2019-01
2019-01-10,1258.989,戊戌,乙丑,丁未,-0.002794417817740258,丁,未,火,土,1,2,2019-01
2019-01-11,1261.56,戊戌,乙丑,戊申,0.002042114744449597,戊,申,土,金,1,2,2019-01
2019-01-14,1245.999,戊戌,乙丑,辛亥,-0.012334728431465769,辛,亥,金,水,1,3,2019-01
2019-01-15,1266.275,戊戌,乙丑,壬子,0.016272886254322882,壬,子,水,水,1,3,2019-01
2019-01-16,1267.305,戊戌,乙丑,癸丑,0.0008134094094884858,癸,丑,水,土,1,3,2019-01
2019-01-17,1251.414,戊戌,乙丑,甲寅,-0.012539207215311321,甲,寅,木,木,1,3,2019-01
2019-01-18,1269.505,戊戌,乙丑,乙卯,0.014456446867303852,乙,卯,木,木,1,3,2019-01
2019-01-21,1274.789,戊戌,乙丑,戊午,0.004162252216414863,戊,午,土,火,1,4,2019-01
2019-01-22,1252.239,戊戌,乙丑,己未,-0.017689201899294682,己,未,土,土,1,4,2019-01
2019-01-23,1251.127,戊戌,乙丑,庚申,-0.0008880093975671688,庚,申,金,金,1,4,2019-01
2019-01-24,1265.161,戊戌,乙丑,辛酉,0.011217086674654153,辛,酉,金,金,1,4,2019-01
2019-01-25,1265.494,戊戌,乙丑,壬戌,0.0002632076075692602,壬,戌,水,土,1,4,2019-01
2019-01-28,1259.743,戊戌,乙丑,乙丑,-0.004544470380736687,乙,丑,木,土,1,5,2019-01
2019-01-29,1243.592,戊戌,乙丑,丙寅,-0.012820869018521863,丙,寅,火,木,1,5,2019-01
2019-01-30,1230.819,戊戌,乙丑,丁卯,-0.010271053528810192,丁,卯,火,木,1,5,2019-01
2019-01-31,1227.988,戊戌,乙丑,戊辰,-0.002300094489928961,戊,辰,土,土,1,5,2019-01
2019-02-01,1271.275,戊戌,乙丑,己巳,0.03525034446590691,己,巳,土,火,2,5,2019-02
2019-02-11,1316.098,己亥,丙寅,己卯,0.03525830367151084,己,卯,土,木,2,7,2019-02
2019-02-12,1332.27,己亥,丙寅,庚辰,0.012287838747570445,庚,辰,金,土,2,7,2019-02
2019-02-13,1357.666,己亥,丙寅,辛巳,0.019062202106179704,辛,巳,金,火,2,7,2019-02
2019-02-14,1361.938,己亥,丙寅,壬午,0.0031465765512284083,壬,午,水,火,2,7,2019-02
2019-02-15,1357.836,己亥,丙寅,癸未,-0.0030118845351257972,癸,未,水,土,2,7,2019-02
2019-02-18,1413.6,己亥,丙寅,丙戌,0.04106828807013496,丙,戌,火,土,2,8,2019-02
2019-02-19,1406.037,己亥,丙寅,丁亥,-0.0053501697792868175,丁,亥,火,水,2,8,2019-02
2019-02-20,1408.382,己亥,丙寅,戊子,0.0016678081729002425,戊,子,土,水,2,8,2019-02
2019-02-21,1412.535,己亥,丙寅,己丑,0.0029487738411879683,己,丑,土,土,2,8,2019-02
2019-02-22,1456.299,己亥,丙寅,庚寅,0.030982595121536782,庚,寅,金,木,2,8,2019-02
2019-02-25,1536.371,己亥,丙寅,癸巳,0.05498321429871211,癸,巳,水,火,2,9,2019-02
2019-02-26,1546.987,己亥,丙寅,甲午,0.006909789367281816,甲,午,木,火,2,9,2019-02
2019-02-27,1520.419,己亥,丙寅,乙未,-0.01717402925816436,乙,未,木,土,2,9,2019-02
2019-02-28,1535.68,己亥,丙寅,丙申,0.010037364700125506,丙,申,火,金,2,9,2019-02
2019-03-01,1567.873,己亥,丙寅,丁酉,0.0209633517399459,丁,酉,火,金,3,9,2019-03
2019-03-04,1619.71,己亥,丙寅,庚子,0.03306198907692148,庚,子,金,水,3,10,2019-03
2019-03-05,1676.566,己亥,丙寅,辛丑,0.035102580091497915,辛,丑,金,土,3,10,2019-03
2019-03-06,1700.496,己亥,丁卯,壬寅,0.01427322276605869,壬,寅,水,木,3,10,2019-03
2019-03-07,1692.416,己亥,丁卯,癸卯,-0.004751554840470185,癸,卯,水,木,3,10,2019-03
2019-03-08,1654.485,己亥,丁卯,甲辰,-0.02241233833761913,甲,辰,木,土,3,10,2019-03
2019-03-11,1727.801,己亥,丁卯,丁未,0.04431348727851869,丁,未,火,土,3,11,2019-03
2019-03-12,1773.432,己亥,丁卯,戊申,0.02640987011814455,戊,申,土,金,3,11,2019-03
2019-03-13,1693.86,己亥,丁卯,己酉,-0.04486893210452958,己,酉,土,金,3,11,2019-03
2019-03-14,1650.186,己亥,丁卯,庚戌,-0.025783712939676184,庚,戌,金,土,3,11,2019-03
2019-03-15,1662.623,己亥,丁卯,辛亥,0.0075367261629901705,辛,亥,金,水,3,11,2019-03
2019-03-18,1707.056,己亥,丁卯,甲寅,0.026724639319918086,甲,寅,木,木,3,12,2019-03
2019-03-19,1708.874,己亥,丁卯,乙卯,0.0010649914238314295,乙,卯,木,木,3,12,2019-03
2019-03-20,1687.9,己亥,丁卯,丙辰,-0.01227357897656578,丙,辰,火,土,3,12,2019-03
2019-03-21,1703.854,己亥,丁卯,丁巳,0.009451981752473415,丁,巳,火,火,3,12,2019-03
2019-03-22,1693.865,己亥,丁卯,戊午,-0.005862591513122628,戊,午,土,火,3,12,2019-03
2019-03-25,1668.841,己亥,丁卯,辛酉,-0.01477331428419626,辛,酉,金,金,3,13,2019-03
2019-03-26,1630.19,己亥,丁卯,壬戌,-0.023160384961778746,壬,戌,水,土,3,13,2019-03
2019-03-27,1637.773,己亥,丁卯,癸亥,0.00465160502763462,癸,亥,水,水,3,13,2019-03
2019-03-28,1626.819,己亥,丁卯,甲子,-0.006688350583383573,甲,子,木,水,3,13,2019-03
2019-03-29,1693.547,己亥,丁卯,乙丑,0.04101747029017977,乙,丑,木,土,3,13,2019-03
2019-04-01,1760.892,己亥,丁卯,戊辰,0.03976565161758128,戊,辰,土,土,4,14,2019-04
2019-04-02,1754.156,己亥,丁卯,己巳,-0.0038253339784609652,己,巳,土,火,4,14,2019-04
2019-04-03,1768.178,己亥,丁卯,庚午,0.007993587799488777,庚,午,金,火,4,14,2019-04
2019-04-04,1777.263,己亥,丁卯,辛未,0.00513805736752726,辛,未,金,土,4,14,2019-04
2019-04-08,1739.655,己亥,戊辰,乙亥,-0.021160627324149472,乙,亥,木,水,4,15,2019-04
2019-04-09,1741.171,己亥,戊辰,丙子,0.0008714371527689391,丙,子,火,水,4,15,2019-04
2019-04-10,1726.636,己亥,戊辰,丁丑,-0.00834783028203434,丁,丑,火,土,4,15,2019-04
2019-04-11,1691.104,己亥,戊辰,戊寅,-0.02057874386958225,戊,寅,土,木,4,15,2019-04
2019-04-12,1695.729,己亥,戊辰,己卯,0.002734899805097779,己,卯,土,木,4,15,2019-04
2019-04-15,1666.897,己亥,戊辰,壬午,-0.01700271682562493,壬,午,水,火,4,16,2019-04
2019-04-16,1697.529,己亥,戊辰,癸未,0.018376660345540197,癸,未,水,土,4,16,2019-04
2019-04-17,1717.437,己亥,戊辰,甲申,0.011727634697257017,甲,申,木,金,4,16,2019-04
2019-04-18,1704.547,己亥,戊辰,乙酉,-0.0075053699204103985,乙,酉,木,金,4,16,2019-04
2019-04-19,1715.795,己亥,戊辰,丙戌,0.006598820683735962,丙,戌,火,土,4,16,2019-04
2019-04-22,1697.512,己亥,戊辰,己丑,-0.010655701875806889,己,丑,土,土,4,17,2019-04
2019-04-23,1683.8,己亥,戊辰,庚寅,-0.008077704310779588,庚,寅,金,木,4,17,2019-04
2019-04-24,1718.846,己亥,戊辰,辛卯,0.02081363582373208,辛,卯,金,木,4,17,2019-04
2019-04-25,1669.978,己亥,戊辰,壬辰,-0.02843070292510208,壬,辰,水,土,4,17,2019-04
2019-04-26,1657.824,己亥,戊辰,癸巳,-0.00727794018843364,癸,巳,水,火,4,17,2019-04
2019-04-29,1615.616,己亥,戊辰,丙申,-0.02545987993900445,丙,申,火,金,4,18,2019-04
2019-04-30,1623.782,己亥,戊辰,丁酉,0.005054418871811128,丁,酉,火,金,4,18,2019-04
2019-05-06,1494.886,己亥,己巳,癸卯,-0.07938011383301447,癸,卯,水,木,5,19,2019-05
2019-05-07,1504.164,己亥,己巳,甲辰,0.006206493337953534,甲,辰,木,土,5,19,2019-05
2019-05-08,1481.873,己亥,己巳,乙巳,-0.014819527657888298,乙,巳,木,火,5,19,2019-05
2019-05-09,1469.475,己亥,己巳,丙午,-0.00836643895934408,丙,午,火,火,5,19,2019-05
2019-05-10,1533.871,己亥,己巳,丁未,0.043822453597373245,丁,未,火,土,5,19,2019-05
2019-05-13,1503.065,己亥,己巳,庚戌,-0.020083827127574616,庚,戌,金,土,5,20,2019-05
2019-05-14,1494.603,己亥,己巳,辛亥,-0.005629829714616452,辛,亥,金,水,5,20,2019-05
2019-05-15,1528.691,己亥,己巳,壬子,0.022807394338161924,壬,子,水,水,5,20,2019-05
2019-05-16,1533.67,己亥,己巳,癸丑,0.0032570349403509002,癸,丑,水,土,5,20,2019-05
2019-05-17,1478.748,己亥,己巳,甲寅,-0.03581083283887665,甲,寅,木,木,5,20,2019-05
2019-05-20,1469.311,己亥,己巳,丁巳,-0.006381749966863914,丁,巳,火,火,5,21,2019-05
2019-05-21,1493.716,己亥,己巳,戊午,0.016609825966048097,戊,午,土,火,5,21,2019-05
2019-05-22,1488.627,己亥,己巳,己未,-0.003406939471760295,己,未,土,土,5,21,2019-05
2019-05-23,1451.245,己亥,己巳,庚申,-0.025111730473785565,庚,申,金,金,5,21,2019-05
2019-05-24,1443.747,己亥,己巳,辛酉,-0.005166598334533368,辛,酉,金,金,5,21,2019-05
2019-05-27,1491.952,己亥,己巳,甲子,0.03338881396809823,甲,子,木,水,5,22,2019-05
2019-05-28,1505.163,己亥,己巳,乙丑,0.008854842515040762,乙,丑,木,土,5,22,2019-05
2019-05-29,1497.892,己亥,己巳,丙寅,-0.004830706043132849,丙,寅,火,木,5,22,2019-05
2019-05-30,1485.242,己亥,己巳,丁卯,-0.008445201656728352,丁,卯,火,木,5,22,2019-05
2019-05-31,1483.658,己亥,己巳,戊辰,-0.0010664928678290053,戊,辰,土,土,5,22,2019-05
2019-06-03,1468.982,己亥,己巳,辛未,-0.00989176750976295,辛,未,金,土,6,23,2019-06
2019-06-04,1456.268,己亥,己巳,壬申,-0.008654973308045988,壬,申,水,金,6,23,2019-06
2019-06-05,1451.177,己亥,己巳,癸酉,-0.0034959224538341216,癸,酉,水,金,6,23,2019-06
2019-06-06,1416.055,己亥,庚午,甲戌,-0.02420242327434896,甲,戌,木,土,6,23,2019-06
2019-06-10,1431.337,己亥,庚午,戊寅,0.0107919537023633,戊,寅,土,木,6,24,2019-06
2019-06-11,1487.35,己亥,庚午,己卯,0.03913334176367966,己,卯,土,木,6,24,2019-06
2019-06-12,1473.901,己亥,庚午,庚辰,-0.009042256361985967,庚,辰,金,土,6,24,2019-06
2019-06-13,1479.83,己亥,庚午,辛巳,0.0040226582382398846,辛,巳,金,火,6,24,2019-06
2019-06-14,1453.958,己亥,庚午,壬午,-0.01748308927376785,壬,午,水,火,6,24,2019-06
2019-06-17,1442.348,己亥,庚午,乙酉,-0.007985099982255384,乙,酉,木,金,6,25,2019-06
2019-06-18,1455.746,己亥,庚午,丙戌,0.009289020402843295,丙,戌,火,土,6,25,2019-06
2019-06-19,1469.987,己亥,庚午,丁亥,0.009782613175650212,丁,亥,火,水,6,25,2019-06
2019-06-20,1498.014,己亥,庚午,戊子,0.019066155006812968,戊,子,土,水,6,25,2019-06
2019-06-21,1523.809,己亥,庚午,己丑,0.017219465238642595,己,丑,土,土,6,25,2019-06
2019-06-24,1514.465,己亥,庚午,壬辰,-0.006132002107875789,壬,辰,水,土,6,26,2019-06
2019-06-25,1498.465,己亥,庚午,癸巳,-0.010564786904946666,癸,巳,水,火,6,26,2019-06
2019-06-26,1504.549,己亥,庚午,甲午,0.004060154891839307,甲,午,木,火,6,26,2019-06
2019-06-27,1525.244,己亥,庚午,乙未,0.013754952480776517,乙,未,木,土,6,26,2019-06
2019-06-28,1511.507,己亥,庚午,丙申,-0.009006427824007068,丙,申,火,金,6,26,2019-06
2019-07-01,1568.16,己亥,庚午,己亥,0.03748113637581563,己,亥,土,水,7,27,2019-07
2019-07-02,1570.512,己亥,庚午,庚子,0.0014998469543923143,庚,子,金,水,7,27,2019-07
2019-07-03,1544.357,己亥,庚午,辛丑,-0.016653804619130574,辛,丑,金,土,7,27,2019-07
2019-07-04,1532.744,己亥,庚午,壬寅,-0.007519634385054763,壬,寅,水,木,7,27,2019-07
2019-07-05,1547.737,己亥,庚午,癸卯,0.009781803093015018,癸,卯,水,木,7,27,2019-07
2019-07-08,1506.661,己亥,辛未,丙午,-0.026539392674595264,丙,午,火,火,7,28,2019-07
2019-07-09,1517.793,己亥,辛未,丁未,0.007388523363915267,丁,未,火,土,7,28,2019-07
2019-07-10,1510.435,己亥,辛未,戊申,-0.004847828392936293,戊,申,土,金,7,28,2019-07
2019-07-11,1514.199,己亥,辛未,己酉,0.0024919973385151284,己,酉,土,金,7,28,2019-07
2019-07-12,1518.074,己亥,辛未,庚戌,0.0025591088093441794,庚,戌,金,土,7,28,2019-07
2019-07-15,1547.468,己亥,辛未,癸丑,0.01936269246426714,癸,丑,水,土,7,29,2019-07
2019-07-16,1545.273,己亥,辛未,甲寅,-0.0014184461326502973,甲,寅,木,木,7,29,2019-07
2019-07-17,1550.217,己亥,辛未,乙卯,0.0031994346630013215,乙,卯,木,木,7,29,2019-07
2019-07-18,1524.479,己亥,辛未,丙辰,-0.016602836893157558,丙,辰,火,土,7,29,2019-07
2019-07-19,1541.981,己亥,辛未,丁巳,0.01148064355100975,丁,巳,火,火,7,29,2019-07
2019-07-22,1515.965,己亥,辛未,庚申,-0.016871803219365322,庚,申,金,金,7,30,2019-07
2019-07-23,1534.926,己亥,辛未,辛酉,0.012507544699251083,辛,酉,金,金,7,30,2019-07
2019-07-24,1553.718,己亥,辛未,壬戌,0.012242935490049733,壬,戌,水,土,7,30,2019-07
2019-07-25,1566.077,己亥,辛未,癸亥,0.007954467927899334,癸,亥,水,水,7,30,2019-07
2019-07-26,1561.855,己亥,辛未,甲子,-0.002695908311021733,甲,子,木,水,7,30,2019-07
2019-07-29,1566.524,己亥,辛未,丁卯,0.0029893940218521653,丁,卯,火,木,7,31,2019-07
2019-07-30,1580.129,己亥,辛未,戊辰,0.008684833427384353,戊,辰,土,土,7,31,2019-07
2019-07-31,1570.393,己亥,辛未,己巳,-0.006161522255461294,己,巳,土,火,7,31,2019-07
2019-08-01,1573.866,己亥,辛未,庚午,0.0022115483194333763,庚,午,金,火,8,31,2019-08
2019-08-02,1556.744,己亥,辛未,辛未,-0.010878943950755726,辛,未,金,土,8,31,2019-08
2019-08-05,1531.372,己亥,辛未,甲戌,-0.01629811966514716,甲,戌,木,土,8,32,2019-08
2019-08-06,1507.911,己亥,辛未,乙亥,-0.015320248770383738,乙,亥,木,水,8,32,2019-08
2019-08-07,1500.251,己亥,辛未,丙子,-0.005079875403787182,丙,子,火,水,8,32,2019-08
2019-08-08,1522.974,己亥,壬申,丁丑,0.015146132213876173,丁,丑,火,土,8,32,2019-08
2019-08-09,1507.706,己亥,壬申,戊寅,-0.010025121899651657,戊,寅,土,木,8,32,2019-08
2019-08-12,1539.913,己亥,壬申,辛巳,0.021361591716156925,辛,巳,金,火,8,33,2019-08
2019-08-13,1524.357,己亥,壬申,壬午,-0.010101869391322738,壬,午,水,火,8,33,2019-08
2019-08-14,1536.66,己亥,壬申,癸未,0.008070944011147052,癸,未,水,土,8,33,2019-08
2019-08-15,1555.773,己亥,壬申,甲申,0.012438014915465923,甲,申,木,金,8,33,2019-08
2019-08-16,1567.993,己亥,壬申,乙酉,0.007854616322561236,乙,酉,木,金,8,33,2019-08
2019-08-19,1622.844,己亥,壬申,戊子,0.03498166127017166,戊,子,土,水,8,34,2019-08
2019-08-20,1611.593,己亥,壬申,己丑,-0.006932890653691848,己,丑,土,土,8,34,2019-08
2019-08-21,1609.833,己亥,壬申,庚寅,-0.0010920871460722292,庚,寅,金,木,8,34,2019-08
2019-08-22,1613.458,己亥,壬申,辛卯,0.002251786365418118,辛,卯,金,木,8,34,2019-08
2019-08-23,1615.559,己亥,壬申,壬辰,0.001302172104882704,壬,辰,水,土,8,34,2019-08
2019-08-26,1600.795,己亥,壬申,乙未,-0.00913863251048086,乙,未,木,土,8,35,2019-08
2019-08-27,1628.121,己亥,壬申,丙申,0.017070268210482853,丙,申,火,金,8,35,2019-08
2019-08-28,1625.188,己亥,壬申,丁酉,-0.001801463159064931,丁,酉,火,金,8,35,2019-08
2019-08-29,1620.861,己亥,壬申,戊戌,-0.00266246120448832,戊,戌,土,土,8,35,2019-08
2019-08-30,1610.898,己亥,壬申,己亥,-0.006146733125172443,己,亥,土,水,8,35,2019-08
2019-09-02,1652.288,己亥,壬申,壬寅,0.02569374348965625,壬,寅,水,木,9,36,2019-09
2019-09-03,1660.427,己亥,壬申,癸卯,0.00492589669597554,癸,卯,水,木,9,36,2019-09
2019-09-04,1669.41,己亥,壬申,甲辰,0.005410054160767119,甲,辰,木,土,9,36,2019-09
2019-09-05,1689.054,己亥,壬申,乙巳,0.011767031466206612,乙,巳,木,火,9,36,2019-09
2019-09-06,1692.239,己亥,壬申,丙午,0.0018856709140144812,丙,午,火,火,9,36,2019-09
2019-09-09,1733.23,己亥,癸酉,己酉,0.024222937776519737,己,酉,土,金,9,37,2019-09
2019-09-10,1725.308,己亥,癸酉,庚戌,-0.004570657096865438,庚,戌,金,土,9,37,2019-09
2019-09-11,1703.538,己亥,癸酉,辛亥,-0.012618036895441276,辛,亥,金,水,9,37,2019-09
2019-09-12,1710.572,己亥,癸酉,壬子,0.004129053769273083,壬,子,水,水,9,37,2019-09
2019-09-16,1714.368,己亥,癸酉,丙辰,0.002219140731872127,丙,辰,火,土,9,38,2019-09
2019-09-17,1677.987,己亥,癸酉,丁巳,-0.0212212313808936,丁,巳,火,火,9,38,2019-09
2019-09-18,1679.306,己亥,癸酉,戊午,0.0007860609170393662,戊,午,土,火,9,38,2019-09
2019-09-19,1705.599,己亥,癸酉,己未,0.01565706309630288,己,未,土,土,9,38,2019-09
2019-09-20,1705.047,己亥,癸酉,庚申,-0.0003236399646106003,庚,申,金,金,9,38,2019-09
2019-09-23,1684.324,己亥,癸酉,癸亥,-0.012153917164746786,癸,亥,水,水,9,39,2019-09
2019-09-24,1694.596,己亥,癸酉,甲子,0.006098589107558894,甲,子,木,水,9,39,2019-09
2019-09-25,1672.646,己亥,癸酉,乙丑,-0.012952939815743747,乙,丑,木,土,9,39,2019-09
2019-09-26,1623.791,己亥,癸酉,丙寅,-0.029208212616417373,丙,寅,火,木,9,39,2019-09
2019-09-27,1647.533,己亥,癸酉,丁卯,0.014621339815284129,丁,卯,火,木,9,39,2019-09
2019-09-30,1627.545,己亥,癸酉,庚午,-0.012132078689774284,庚,午,金,火,9,40,2019-09
2019-10-08,1616.584,己亥,甲戌,戊寅,-0.00673468321920434,戊,寅,土,木,10,41,2019-10
2019-10-09,1622.415,己亥,甲戌,己卯,0.0036069885635388044,己,卯,土,木,10,41,2019-10
2019-10-10,1666.966,己亥,甲戌,庚辰,0.027459682017239695,庚,辰,金,土,10,41,2019-10
2019-10-11,1666.834,己亥,甲戌,辛巳,-7.918577823418094e-05,辛,巳,金,火,10,41,2019-10
2019-10-14,1679.378,己亥,甲戌,甲申,0.007525644425299571,甲,申,木,金,10,42,2019-10
2019-10-15,1660.887,己亥,甲戌,乙酉,-0.011010624171568284,乙,酉,木,金,10,42,2019-10
2019-10-16,1656.372,己亥,甲戌,丙戌,-0.002718426961015319,丙,戌,火,土,10,42,2019-10
2019-10-17,1658.259,己亥,甲戌,丁亥,0.001139236838101576,丁,亥,火,水,10,42,2019-10
2019-10-18,1648.625,己亥,甲戌,戊子,-0.005809707651217355,戊,子,土,水,10,42,2019-10
2019-10-21,1644.508,己亥,甲戌,辛卯,-0.002497232542270078,辛,卯,金,木,10,43,2019-10
2019-10-22,1666.869,己亥,甲戌,壬辰,0.0135973798850475,壬,辰,水,土,10,43,2019-10
2019-10-23,1650.29,己亥,甲戌,癸巳,-0.009946192532226505,癸,巳,水,火,10,43,2019-10
2019-10-24,1653.865,己亥,甲戌,甲午,0.0021662859255040523,甲,午,木,火,10,43,2019-10
2019-10-25,1675.34,己亥,甲戌,乙未,0.012984735755336763,乙,未,木,土,10,43,2019-10
2019-10-28,1704.417,己亥,甲戌,戊戌,0.017355880000477608,戊,戌,土,土,10,44,2019-10
2019-10-29,1686.58,己亥,甲戌,己亥,-0.010465161987940785,己,亥,土,水,10,44,2019-10
2019-10-30,1684.078,己亥,甲戌,庚子,-0.0014834754354966506,庚,子,金,水,10,44,2019-10
2019-10-31,1671.312,己亥,甲戌,辛丑,-0.00758040898343193,辛,丑,金,土,10,44,2019-10
2019-11-01,1686.998,己亥,甲戌,壬寅,0.009385440899126074,壬,寅,水,木,11,44,2019-11
2019-11-04,1699.919,己亥,甲戌,乙巳,0.007659167349338913,乙,巳,木,火,11,45,2019-11
2019-11-05,1713.289,己亥,甲戌,丙午,0.007865080630312216,丙,午,火,火,11,45,2019-11
2019-11-06,1703.017,己亥,甲戌,丁未,-0.005995485875412654,丁,未,火,土,11,45,2019-11
2019-11-07,1715.575,己亥,甲戌,戊申,0.0073739721917045475,戊,申,土,金,11,45,2019-11
2019-11-08,1711.216,己亥,乙亥,己酉,-0.0025408390772774236,己,酉,土,金,11,45,2019-11
2019-11-11,1673.129,己亥,乙亥,壬子,-0.02225727202176697,壬,子,水,水,11,46,2019-11
2019-11-12,1671.442,己亥,乙亥,癸丑,-0.0010082904545912763,癸,丑,水,土,11,46,2019-11
2019-11-13,1681.794,己亥,乙亥,甲寅,0.006193454514126229,甲,寅,木,木,11,46,2019-11
2019-11-14,1692.583,己亥,乙亥,乙卯,0.006415173320870382,乙,卯,木,木,11,46,2019-11
2019-11-15,1674.784,己亥,乙亥,丙辰,-0.010515880166585667,丙,辰,火,土,11,46,2019-11
2019-11-18,1682.492,己亥,乙亥,己未,0.004602384546305682,己,未,土,土,11,47,2019-11
2019-11-19,1729.078,己亥,乙亥,庚申,0.02768869034741317,庚,申,金,金,11,47,2019-11
2019-11-20,1719.665,己亥,乙亥,辛酉,-0.005443941800196361,辛,酉,金,金,11,47,2019-11
2019-11-21,1713.202,己亥,乙亥,壬戌,-0.0037582901320896145,壬,戌,水,土,11,47,2019-11
2019-11-22,1679.803,己亥,乙亥,癸亥,-0.01949507413603291,癸,亥,水,水,11,47,2019-11
2019-11-25,1661.774,己亥,乙亥,丙寅,-0.01073280616834249,丙,寅,火,木,11,48,2019-11
2019-11-26,1679.082,己亥,乙亥,丁卯,0.010415375375953717,丁,卯,火,木,11,48,2019-11
2019-11-27,1674.389,己亥,乙亥,戊辰,-0.0027949796376830482,戊,辰,土,土,11,48,2019-11
2019-11-28,1673.795,己亥,乙亥,己巳,-0.00035475627228787054,己,巳,土,火,11,48,2019-11
2019-11-29,1664.896,己亥,乙亥,庚午,-0.005316660642432414,庚,午,金,火,11,48,2019-11
2019-12-02,1669.536,己亥,乙亥,癸酉,0.0027869608672252966,癸,酉,水,金,12,49,2019-12
2019-12-03,1675.385,己亥,乙亥,甲戌,0.003503368600617174,甲,戌,木,土,12,49,2019-12
2019-12-04,1673.779,己亥,乙亥,乙亥,-0.0009585856385249114,乙,亥,木,水,12,49,2019-12
2019-12-05,1709.826,己亥,乙亥,丙子,0.021536296010405298,丙,子,火,水,12,49,2019-12
2019-12-06,1726.801,己亥,乙亥,丁丑,0.00992791079326194,丁,丑,火,土,12,49,2019-12
2019-12-09,1721.071,己亥,丙子,庚辰,-0.0033182746593266588,庚,辰,金,土,12,50,2019-12
2019-12-10,1734.022,己亥,丙子,辛巳,0.007524965559235985,辛,巳,金,火,12,50,2019-12
2019-12-11,1718.26,己亥,丙子,壬午,-0.009089850071106298,壬,午,水,火,12,50,2019-12
2019-12-12,1720.986,己亥,丙子,癸未,0.0015864886571299586,癸,未,水,土,12,50,2019-12
2019-12-13,1755.413,己亥,丙子,甲申,0.02000423013319108,甲,申,木,金,12,50,2019-12
2019-12-16,1780.333,己亥,丙子,丁亥,0.014196089467265027,丁,亥,火,水,12,51,2019-12
2019-12-17,1801.616,己亥,丙子,戊子,0.011954505140330474,戊,子,土,水,12,51,2019-12
2019-12-18,1792.418,己亥,丙子,己丑,-0.00510541647054652,己,丑,土,土,12,51,2019-12
2019-12-19,1790.438,己亥,丙子,庚寅,-0.0011046530441001234,庚,寅,金,木,12,51,2019-12
2019-12-20,1771.707,己亥,丙子,辛卯,-0.010461685911491991,辛,卯,金,木,12,51,2019-12
2019-12-23,1736.624,己亥,丙子,甲午,-0.019801806957922552,甲,午,木,火,12,52,2019-12
2019-12-24,1769.869,己亥,丙子,乙未,0.01914346456112548,乙,未,木,土,12,52,2019-12
2019-12-25,1784.395,己亥,丙子,丙申,0.008207387100401364,丙,申,火,金,12,52,2019-12
2019-12-26,1793.635,己亥,丙子,丁酉,0.005178225673127201,丁,酉,火,金,12,52,2019-12
2019-12-27,1767.582,己亥,丙子,戊戌,-0.014525251793146232,戊,戌,土,土,12,52,2019-12
2019-12-30,1790.239,己亥,丙子,辛丑,0.012818075766781956,辛,丑,金,土,12,1,2019-12
2019-12-31,1798.118,己亥,丙子,壬寅,0.0044010883463045936,壬,寅,水,木,12,1,2019-12
2020-01-02,1832.742,己亥,丙子,甲辰,0.01925568844758807,甲,辰,木,土,1,1,2020-01
2020-01-03,1836.012,己亥,丙子,乙巳,0.0017842118530595474,乙,巳,木,火,1,1,2020-01
2020-01-06,1859.921,己亥,丁丑,戊申,0.013022246041964891,戊,申,土,金,1,2,2020-01
2020-01-07,1893.214,己亥,丁丑,己酉,0.017900222643864927,己,酉,土,金,1,2,2020-01
2020-01-08,1862.699,己亥,丁丑,庚戌,-0.01611809335870107,庚,戌,金,土,1,2,2020-01
2020-01-09,1913.142,己亥,丁丑,辛亥,0.027080596489287956,辛,亥,金,水,1,2,2020-01
2020-01-10,1904.194,己亥,丁丑,壬子,-0.004677122764541353,壬,子,水,水,1,2,2020-01
2020-01-13,1935.072,己亥,丁丑,乙卯,0.016215784736218986,乙,卯,木,木,1,3,2020-01
2020-01-14,1922.557,己亥,丁丑,丙辰,-0.006467459608737958,丙,辰,火,土,1,3,2020-01
2020-01-15,1924.238,己亥,丁丑,丁巳,0.000874356390993869,丁,巳,火,火,1,3,2020-01
2020-01-16,1929.961,己亥,丁丑,戊午,0.0029741643185510203,戊,午,土,火,1,3,2020-01
2020-01-17,1932.511,己亥,丁丑,己未,0.0013212702225589013,己,未,土,土,1,3,2020-01
2020-01-20,1982.176,己亥,丁丑,壬戌,0.02569972434827017,壬,戌,水,土,1,4,2020-01
2020-01-21,1967.027,己亥,丁丑,癸亥,-0.007642610948775386,癸,亥,水,水,1,4,2020-01
2020-01-22,1993.899,己亥,丁丑,甲子,0.013661225799137311,甲,子,木,水,1,4,2020-01
2020-01-23,1927.742,己亥,丁丑,乙丑,-0.03317971471975256,乙,丑,木,土,1,4,2020-01
2020-02-03,1795.774,己亥,丁丑,丙子,-0.06845729355899288,丙,子,火,水,2,6,2020-02
2020-02-04,1882.691,庚子,戊寅,丁丑,0.04840085667795613,丁,丑,火,土,2,6,2020-02
2020-02-05,1939.62,庚子,戊寅,戊寅,0.03023810067610655,戊,寅,土,木,2,6,2020-02
2020-02-06,2012.249,庚子,戊寅,己卯,0.03744496344644843,己,卯,土,木,2,6,2020-02
2020-02-07,2015.799,庚子,戊寅,庚辰,0.0017641951865796646,庚,辰,金,土,2,6,2020-02
2020-02-10,2042.177,庚子,戊寅,癸未,0.013085630065299059,癸,未,水,土,2,7,2020-02
2020-02-11,2028.444,庚子,戊寅,甲申,-0.0067246864498032854,甲,申,木,金,2,7,2020-02
2020-02-12,2085.278,庚子,戊寅,乙酉,0.028018520600026298,乙,酉,木,金,2,7,2020-02
2020-02-13,2064.596,庚子,戊寅,丙戌,-0.009918102046825306,丙,戌,火,土,2,7,2020-02
2020-02-14,2069.219,庚子,戊寅,丁亥,0.0022391789967626252,丁,亥,火,水,2,7,2020-02
2020-02-17,2146.177,庚子,戊寅,庚寅,0.037191810050072105,庚,寅,金,木,2,8,2020-02
2020-02-18,2170.949,庚子,戊寅,辛卯,0.011542384435207387,辛,卯,金,木,2,8,2020-02
2020-02-19,2139.437,庚子,戊寅,壬辰,-0.014515311045998902,壬,辰,水,土,2,8,2020-02
2020-02-20,2186.737,庚子,戊寅,癸巳,0.022108620165024906,癸,巳,水,火,2,8,2020-02
2020-02-21,2226.639,庚子,戊寅,甲午,0.01824727893660749,甲,午,木,火,2,8,2020-02
2020-02-24,2263.972,庚子,戊寅,丁酉,0.01676652569186121,丁,酉,火,金,2,9,2020-02
2020-02-25,2287.312,庚子,戊寅,戊戌,0.010309314779511247,戊,戌,土,土,2,9,2020-02
2020-02-26,2180.701,庚子,戊寅,己亥,-0.046609732297124284,己,亥,土,水,2,9,2020-02
2020-02-27,2196.714,庚子,戊寅,庚子,0.007343051615054108,庚,子,金,水,2,9,2020-02
2020-02-28,2071.566,庚子,戊寅,辛丑,-0.056970547827345785,辛,丑,金,土,2,9,2020-02
2020-03-02,2135.415,庚子,戊寅,甲辰,0.030821610317991466,甲,辰,木,土,3,10,2020-03
2020-03-03,2173.346,庚子,戊寅,乙巳,0.01776282361976489,乙,巳,木,火,3,10,2020-03
2020-03-04,2169.443,庚子,戊寅,丙午,-0.0017958484291041854,丙,午,火,火,3,10,2020-03
2020-03-05,2209.588,庚子,己卯,丁未,0.018504749836709244,丁,未,火,土,3,10,2020-03
2020-03-06,2192.936,庚子,己卯,戊申,-0.007536246576284822,戊,申,土,金,3,10,2020-03
2020-03-09,2093.063,庚子,己卯,辛亥,-0.04554305278403015,辛,亥,金,水,3,11,2020-03
2020-03-10,2148.81,庚子,己卯,壬子,0.026634172024444513,壬,子,水,水,3,11,2020-03
2020-03-11,2101.463,庚子,己卯,癸丑,-0.022034056058934826,癸,丑,水,土,3,11,2020-03
2020-03-12,2045.926,庚子,己卯,甲寅,-0.02642777912340133,甲,寅,木,木,3,11,2020-03
2020-03-13,2030.58,庚子,己卯,乙卯,-0.007500760047039812,乙,卯,木,木,3,11,2020-03
2020-03-16,1910.767,庚子,己卯,戊午,-0.059004323887756116,戊,午,土,火,3,12,2020-03
2020-03-17,1917.702,庚子,己卯,己未,0.003629432578645009,己,未,土,土,3,12,2020-03
2020-03-18,1887.042,庚子,己卯,庚申,-0.015987885500458376,庚,申,金,金,3,12,2020-03
2020-03-19,1894.943,庚子,己卯,辛酉,0.004186976230523776,辛,酉,金,金,3,12,2020-03
2020-03-20,1915.046,庚子,己卯,壬戌,0.010608762374382907,壬,戌,水,土,3,12,2020-03
2020-03-23,1827.052,庚子,己卯,乙丑,-0.045948765721554596,乙,丑,木,土,3,13,2020-03
2020-03-24,1876.91,庚子,己卯,丙寅,0.02728876901150068,丙,寅,火,木,3,13,2020-03
2020-03-25,1937.855,庚子,己卯,丁卯,0.03247092295315168,丁,卯,火,木,3,13,2020-03
2020-03-26,1927.275,庚子,己卯,戊辰,-0.005459644813466391,戊,辰,土,土,3,13,2020-03
2020-03-27,1903.881,庚子,己卯,己巳,-0.012138381912285445,己,巳,土,火,3,13,2020-03
2020-03-30,1860.484,庚子,己卯,壬申,-0.022793966639721774,壬,申,水,金,3,14,2020-03
2020-03-31,1871.917,庚子,己卯,癸酉,0.006145175126472502,癸,酉,水,金,3,14,2020-03
2020-04-01,1864.8,庚子,己卯,甲戌,-0.0038019848102239795,甲,戌,木,土,4,14,2020-04
2020-04-02,1916.951,庚子,己卯,乙亥,0.02796600171600172,乙,亥,木,水,4,14,2020-04
2020-04-03,1906.675,庚子,己卯,丙子,-0.005360596071574131,丙,子,火,水,4,14,2020-04
2020-04-07,1969.782,庚子,庚辰,庚辰,0.03309793226428215,庚,辰,金,土,4,15,2020-04
2020-04-08,1964.757,庚子,庚辰,辛巳,-0.002551043719558721,辛,巳,金,火,4,15,2020-04
2020-04-09,1997.136,庚子,庚辰,壬午,0.01647990056785642,壬,午,水,火,4,15,2020-04
2020-04-10,1949.885,庚子,庚辰,癸未,-0.02365938023249292,癸,未,水,土,4,15,2020-04
2020-04-13,1923.081,庚子,庚辰,丙戌,-0.013746451713819052,丙,戌,火,土,4,16,2020-04
2020-04-14,1985.426,庚子,庚辰,丁亥,0.032419331271017704,丁,亥,火,水,4,16,2020-04
2020-04-15,1977.515,庚子,庚辰,戊子,-0.003984535308795056,戊,子,土,水,4,16,2020-04
2020-04-16,2008.388,庚子,庚辰,己丑,0.015612018113642545,己,丑,土,土,4,16,2020-04
2020-04-17,2020.77,庚子,庚辰,庚寅,0.006165143388628058,庚,寅,金,木,4,16,2020-04
2020-04-20,2043.437,庚子,庚辰,癸巳,0.011217011337262495,癸,巳,水,火,4,17,2020-04
2020-04-21,2023.942,庚子,庚辰,甲午,-0.00954029901582476,甲,午,木,火,4,17,2020-04
2020-04-22,2043.171,庚子,庚辰,乙未,0.009500766326307808,乙,未,木,土,4,17,2020-04
2020-04-23,2029.524,庚子,庚辰,丙申,-0.006679323463381293,丙,申,火,金,4,17,2020-04
2020-04-24,2003.748,庚子,庚辰,丁酉,-0.012700514997605272,丁,酉,火,金,4,17,2020-04
2020-04-27,2018.666,庚子,庚辰,庚子,0.007445047980085162,庚,子,金,水,4,18,2020-04
2020-04-28,2030.724,庚子,庚辰,辛丑,0.005973251642421351,辛,丑,金,土,4,18,2020-04
2020-04-29,2030.477,庚子,庚辰,壬寅,-0.00012163149694388586,壬,寅,水,木,4,18,2020-04
2020-04-30,2069.432,庚子,庚辰,癸卯,0.019185147135377445,癸,卯,水,木,4,18,2020-04
2020-05-06,2110.267,庚子,辛巳,己酉,0.019732467652959773,己,酉,土,金,5,19,2020-05
2020-05-07,2106.842,庚子,辛巳,庚戌,-0.0016230173717353136,庚,戌,金,土,5,19,2020-05
2020-05-08,2125.243,庚子,辛巳,辛亥,0.008733924992951447,辛,亥,金,水,5,19,2020-05
2020-05-11,2102.825,庚子,辛巳,甲寅,-0.010548440813591742,甲,寅,木,木,5,20,2020-05
2020-05-12,2124.15,庚子,辛巳,乙卯,0.010141119684234479,乙,卯,木,木,5,20,2020-05
2020-05-13,2140.681,庚子,辛巳,丙辰,0.007782407080479281,丙,辰,火,土,5,20,2020-05
2020-05-14,2117.647,庚子,辛巳,丁巳,-0.010760127267911535,丁,巳,火,火,5,20,2020-05
2020-05-15,2124.311,庚子,辛巳,戊午,0.003146888976302664,戊,午,土,火,5,20,2020-05
2020-05-18,2114.858,庚子,辛巳,辛酉,-0.004449913407217676,辛,酉,金,金,5,21,2020-05
2020-05-19,2144.121,庚子,辛巳,壬戌,0.013836862805918893,壬,戌,水,土,5,21,2020-05
2020-05-20,2118.119,庚子,辛巳,癸亥,-0.012127114094773517,癸,亥,水,水,5,21,2020-05
2020-05-21,2099.432,庚子,辛巳,甲子,-0.00882245048554886,甲,子,木,水,5,21,2020-05
2020-05-22,2046.596,庚子,辛巳,乙丑,-0.025166807022089732,乙,丑,木,土,5,21,2020-05
2020-05-25,2052.302,庚子,辛巳,戊辰,0.0027880441474528173,戊,辰,土,土,5,22,2020-05
2020-05-26,2112.973,庚子,辛巳,己巳,0.029562413329032422,己,巳,土,火,5,22,2020-05
2020-05-27,2071.473,庚子,辛巳,庚午,-0.0196405727853598,庚,午,金,火,5,22,2020-05
2020-05-28,2054.964,庚子,辛巳,辛未,-0.007969691132831525,辛,未,金,土,5,22,2020-05
2020-05-29,2086.666,庚子,辛巳,壬申,0.015427034244882343,壬,申,水,金,5,22,2020-05
2020-06-01,2158.223,庚子,辛巳,乙亥,0.03429250296885078,乙,亥,木,水,6,23,2020-06
2020-06-02,2145.286,庚子,辛巳,丙子,-0.005994283259885491,丙,子,火,水,6,23,2020-06
2020-06-03,2143.117,庚子,辛巳,丁丑,-0.0010110540039882654,丁,丑,火,土,6,23,2020-06
2020-06-04,2151.385,庚子,辛巳,戊寅,0.0038579321614264916,戊,寅,土,木,6,23,2020-06
2020-06-05,2166.375,庚子,壬午,己卯,0.006967604589601439,己,卯,土,木,6,23,2020-06
2020-06-08,2153.564,庚子,壬午,壬午,-0.005913565287634981,壬,午,水,火,6,24,2020-06
2020-06-09,2181.589,庚子,壬午,癸未,0.013013311886714396,癸,未,水,土,6,24,2020-06
2020-06-10,2201.988,庚子,壬午,甲申,0.009350523861277216,甲,申,木,金,6,24,2020-06
2020-06-11,2195.638,庚子,壬午,乙酉,-0.002883757767980555,乙,酉,木,金,6,24,2020-06
2020-06-12,2206.764,庚子,壬午,丙戌,0.0050673198405202236,丙,戌,火,土,6,24,2020-06
2020-06-15,2219.55,庚子,壬午,己丑,0.005794004252380525,己,丑,土,土,6,25,2020-06
2020-06-16,2260.458,庚子,壬午,庚寅,0.01843076299249846,庚,寅,金,木,6,25,2020-06
2020-06-17,2263.961,庚子,壬午,辛卯,0.0015496859485997216,辛,卯,金,木,6,25,2020-06
2020-06-18,2266.032,庚子,壬午,壬辰,0.0009147684081132201,壬,辰,水,土,6,25,2020-06
2020-06-19,2319.449,庚子,壬午,癸巳,0.023572923948117275,癸,巳,水,火,6,25,2020-06
2020-06-22,2342.88,庚子,壬午,丙申,0.010101968182960608,丙,申,火,金,6,26,2020-06
2020-06-23,2382.047,庚子,壬午,丁酉,0.016717458854059952,丁,酉,火,金,6,26,2020-06
2020-06-24,2382.473,庚子,壬午,戊戌,0.00017883778111849047,戊,戌,土,土,6,26,2020-06
2020-06-29,2372.536,庚子,壬午,癸卯,-0.004170876228188014,癸,卯,水,木,6,27,2020-06
2020-06-30,2438.197,庚子,壬午,甲辰,0.027675449392548845,甲,辰,木,土,6,27,2020-06
2020-07-01,2419.629,庚子,壬午,乙巳,-0.007615463393647159,乙,巳,木,火,7,27,2020-07
2020-07-02,2424.393,庚子,壬午,丙午,0.001968896884604998,丙,午,火,火,7,27,2020-07
2020-07-03,2462.563,庚子,壬午,丁未,0.01574414709166372,丁,未,火,土,7,27,2020-07
2020-07-06,2529.487,庚子,癸未,庚戌,0.027176563604667248,庚,戌,金,土,7,28,2020-07
2020-07-07,2591.263,庚子,癸未,辛亥,0.024422343344717712,辛,亥,金,水,7,28,2020-07
2020-07-08,2651.969,庚子,癸未,壬子,0.023427185893519997,壬,子,水,水,7,28,2020-07
2020-07-09,2757.653,庚子,癸未,癸丑,0.03985114456466121,癸,丑,水,土,7,28,2020-07
2020-07-10,2778.457,庚子,癸未,甲寅,0.007544096374707099,甲,寅,木,木,7,28,2020-07
2020-07-13,2889.427,庚子,癸未,丁巳,0.03993943400959599,丁,巳,火,火,7,29,2020-07
2020-07-14,2858.672,庚子,癸未,戊午,-0.010643978892700856,戊,午,土,火,7,29,2020-07
2020-07-15,2813.061,庚子,癸未,己未,-0.01595531071770384,己,未,土,土,7,29,2020-07
2020-07-16,2646.26,庚子,癸未,庚申,-0.05929519480736467,庚,申,金,金,7,29,2020-07
2020-07-17,2662.402,庚子,癸未,辛酉,0.006099929712122032,辛,酉,金,金,7,29,2020-07
2020-07-20,2697.301,庚子,癸未,甲子,0.01310808810990971,甲,子,木,水,7,30,2020-07
2020-07-21,2736.512,庚子,癸未,乙丑,0.014537124332805407,乙,丑,木,土,7,30,2020-07
2020-07-22,2769.028,庚子,癸未,丙寅,0.01188227933953856,丙,寅,火,木,7,30,2020-07
2020-07-23,2799.674,庚子,癸未,丁卯,0.011067421492307217,丁,卯,火,木,7,30,2020-07
2020-07-24,2627.843,庚子,癸未,戊辰,-0.06137536013121536,戊,辰,土,土,7,30,2020-07
2020-07-27,2631.762,庚子,癸未,辛未,0.0014913371917577578,辛,未,金,土,7,31,2020-07
2020-07-28,2666.521,庚子,癸未,壬申,0.01320750128621051,壬,申,水,金,7,31,2020-07
2020-07-29,2767.402,庚子,癸未,癸酉,0.03783244159712229,癸,酉,水,金,7,31,2020-07
2020-07-30,2743.634,庚子,癸未,甲戌,-0.008588560678932766,甲,戌,木,土,7,31,2020-07
2020-07-31,2795.4,庚子,癸未,乙亥,0.018867676956911827,乙,亥,木,水,7,31,2020-07
2020-08-03,2868.882,庚子,癸未,戊寅,0.02628675681476711,戊,寅,土,木,8,32,2020-08
2020-08-04,2832.845,庚子,癸未,己卯,-0.01256133922552416,己,卯,土,木,8,32,2020-08
2020-08-05,2860.241,庚子,癸未,庚辰,0.009670843268869245,庚,辰,金,土,8,32,2020-08
2020-08-06,2814.374,庚子,癸未,辛巳,-0.01603606129693269,辛,巳,金,火,8,32,2020-08
2020-08-07,2749.953,庚子,甲申,壬午,-0.02288999258804969,壬,午,水,火,8,32,2020-08
2020-08-10,2735.256,庚子,甲申,乙酉,-0.00534445497795788,乙,酉,木,金,8,33,2020-08
2020-08-11,2688.7,庚子,甲申,丙戌,-0.01702071031011354,丙,戌,火,土,8,33,2020-08
2020-08-12,2635.502,庚子,甲申,丁亥,-0.019785770074757236,丁,亥,火,水,8,33,2020-08
2020-08-13,2622.64,庚子,甲申,戊子,-0.004880284666830104,戊,子,土,水,8,33,2020-08
2020-08-14,2668.712,庚子,甲申,己丑,0.017567031693255686,己,丑,土,土,8,33,2020-08
2020-08-17,2696.392,庚子,甲申,壬辰,0.01037204464175967,壬,辰,水,土,8,34,2020-08
2020-08-18,2701.061,庚子,甲申,癸巳,0.0017315731540519241,癸,巳,水,火,8,34,2020-08
2020-08-19,2612.835,庚子,甲申,甲午,-0.03266346076597315,甲,午,木,火,8,34,2020-08
2020-08-20,2587.861,庚子,甲申,乙未,-0.009558200192511301,乙,未,木,土,8,34,2020-08
2020-08-21,2632.452,庚子,甲申,丙申,0.017230832722468614,丙,申,火,金,8,34,2020-08
2020-08-24,2684.629,庚子,甲申,己亥,0.0198206842897799,己,亥,土,水,8,35,2020-08
2020-08-25,2701.604,庚子,甲申,庚子,0.006323033834470193,庚,子,金,水,8,35,2020-08
2020-08-26,2644.144,庚子,甲申,辛丑,-0.021268846211361825,辛,丑,金,土,8,35,2020-08
2020-08-27,2689.17,庚子,甲申,壬寅,0.01702857333034813,壬,寅,水,木,8,35,2020-08
2020-08-28,2757.839,庚子,甲申,癸卯,0.025535388242468926,癸,卯,水,木,8,35,2020-08
2020-08-31,2728.313,庚子,甲申,丙午,-0.010706208738073486,丙,午,火,火,8,36,2020-08
2020-09-01,2750.424,庚子,甲申,丁未,0.008104275425876661,丁,未,火,土,9,36,2020-09
2020-09-02,2771.85,庚子,甲申,戊申,0.0077900716398635605,戊,申,土,金,9,36,2020-09
2020-09-03,2746.953,庚子,甲申,己酉,-0.008982087775312508,己,酉,土,金,9,36,2020-09
2020-09-04,2732.155,庚子,甲申,庚戌,-0.005387059771317482,庚,戌,金,土,9,36,2020-09
2020-09-07,2641.202,庚子,乙酉,癸丑,-0.03328983897326465,癸,丑,水,土,9,37,2020-09
2020-09-08,2650.629,庚子,乙酉,甲寅,0.0035692082619958043,甲,寅,木,木,9,37,2020-09
2020-09-09,2523.396,庚子,乙酉,乙卯,-0.0480010593711907,乙,卯,木,木,9,37,2020-09
2020-09-10,2483.031,庚子,乙酉,丙辰,-0.015996300223984017,丙,辰,火,土,9,37,2020-09
2020-09-11,2536.618,庚子,乙酉,丁巳,0.02158128513095492,丁,巳,火,火,9,37,2020-09
2020-09-14,2572.601,庚子,乙酉,庚申,0.01418542326830452,庚,申,金,金,9,38,2020-09
2020-09-15,2595.154,庚子,乙酉,辛酉,0.008766614022151176,辛,酉,金,金,9,38,2020-09
2020-09-16,2554.8,庚子,乙酉,壬戌,-0.015549751575436255,壬,戌,水,土,9,38,2020-09
2020-09-17,2557.321,庚子,乙酉,癸亥,0.0009867700015655512,癸,亥,水,水,9,38,2020-09
2020-09-18,2596.082,庚子,乙酉,甲子,0.015156877060017004,甲,子,木,水,9,38,2020-09
2020-09-21,2569.219,庚子,乙酉,丁卯,-0.010347515987553457,丁,卯,火,木,9,39,2020-09
2020-09-22,2555.544,庚子,乙酉,戊辰,-0.005322629172522908,戊,辰,土,土,9,39,2020-09
2020-09-23,2599.885,庚子,乙酉,己巳,0.017350904543220746,己,巳,土,火,9,39,2020-09
2020-09-24,2535.868,庚子,乙酉,庚午,-0.02462301217169227,庚,午,金,火,9,39,2020-09
2020-09-25,2540.426,庚子,乙酉,辛未,0.0017974121681412214,辛,未,金,土,9,39,2020-09
2020-09-28,2521.246,庚子,乙酉,甲戌,-0.007549914856799567,甲,戌,木,土,9,40,2020-09
2020-09-29,2563.379,庚子,乙酉,乙亥,0.016711181693495947,乙,亥,木,水,9,40,2020-09
2020-09-30,2574.758,庚子,乙酉,丙子,0.004439062659091775,丙,子,火,水,9,40,2020-09
2020-10-09,2672.934,庚子,丙戌,乙酉,0.03813018543878699,乙,酉,木,金,10,41,2020-10
2020-10-12,2777.388,庚子,丙戌,戊子,0.039078405976354036,戊,子,土,水,10,42,2020-10
2020-10-13,2784.717,庚子,丙戌,己丑,0.0026388102778582834,己,丑,土,土,10,42,2020-10
2020-10-14,2764.244,庚子,丙戌,庚寅,-0.007351914036507146,庚,寅,金,木,10,42,2020-10
2020-10-15,2737.963,庚子,丙戌,辛卯,-0.009507481973371368,辛,卯,金,木,10,42,2020-10
2020-10-16,2724.497,庚子,丙戌,壬辰,-0.004918254921633447,壬,辰,水,土,10,42,2020-10
2020-10-19,2689.669,庚子,丙戌,乙未,-0.012783277059949083,乙,未,木,土,10,43,2020-10
2020-10-20,2740.583,庚子,丙戌,丙申,0.018929466785690074,丙,申,火,金,10,43,2020-10
2020-10-21,2700.533,庚子,丙戌,丁酉,-0.014613678914304096,丁,酉,火,金,10,43,2020-10
2020-10-22,2673.585,庚子,丙戌,戊戌,-0.009978770857456576,戊,戌,土,土,10,43,2020-10
2020-10-23,2600.843,庚子,丙戌,己亥,-0.027207663118995695,己,亥,土,水,10,43,2020-10
2020-10-26,2617.743,庚子,丙戌,壬寅,0.006497893183094794,壬,寅,水,木,10,44,2020-10
2020-10-27,2650.764,庚子,丙戌,癸卯,0.012614301709526154,癸,卯,水,木,10,44,2020-10
2020-10-28,2670.481,庚子,丙戌,甲辰,0.00743823290191048,甲,辰,木,土,10,44,2020-10
2020-10-29,2699.923,庚子,丙戌,乙巳,0.011024980144026308,乙,巳,木,火,10,44,2020-10
2020-10-30,2655.865,庚子,丙戌,丙午,-0.01631824314989727,丙,午,火,火,10,44,2020-10
2020-11-02,2708.388,庚子,丙戌,己酉,0.01977623109608362,己,酉,土,金,11,45,2020-11
2020-11-03,2744.314,庚子,丙戌,庚戌,0.01326471687217623,庚,戌,金,土,11,45,2020-11
2020-11-04,2750.554,庚子,丙戌,辛亥,0.0022737922847022585,辛,亥,金,水,11,45,2020-11
2020-11-05,2787.878,庚子,丙戌,壬子,0.013569629972725483,壬,子,水,水,11,45,2020-11
2020-11-06,2733.072,庚子,丙戌,癸丑,-0.019658679468757212,癸,丑,水,土,11,45,2020-11
2020-11-09,2813.998,庚子,丁亥,丙辰,0.029609904166447043,丙,辰,火,土,11,46,2020-11
2020-11-10,2773.218,庚子,丁亥,丁巳,-0.014491836881191933,丁,巳,火,火,11,46,2020-11
2020-11-11,2681.524,庚子,丁亥,戊午,-0.03306411540672238,戊,午,土,火,11,46,2020-11
2020-11-12,2700.51,庚子,丁亥,己未,0.007080302096867497,己,未,土,土,11,46,2020-11
2020-11-13,2706.813,庚子,丁亥,庚申,0.0023340035771020062,庚,申,金,金,11,46,2020-11
2020-11-16,2712.409,庚子,丁亥,癸亥,0.0020673759140361625,癸,亥,水,水,11,47,2020-11
2020-11-17,2658.092,庚子,丁亥,甲子,-0.020025372279770526,甲,子,木,水,11,47,2020-11
2020-11-18,2620.672,庚子,丁亥,乙丑,-0.014077767059981428,乙,丑,木,土,11,47,2020-11
2020-11-19,2645.161,庚子,丁亥,丙寅,0.009344549794861878,丙,寅,火,木,11,47,2020-11
2020-11-20,2667.093,庚子,丁亥,丁卯,0.00829136676368658,丁,卯,火,木,11,47,2020-11
2020-11-23,2686.358,庚子,丁亥,庚午,0.007223220187672519,庚,午,金,火,11,48,2020-11
2020-11-24,2674.798,庚子,丁亥,辛未,-0.00430322391877791,辛,未,金,土,11,48,2020-11
2020-11-25,2615.531,庚子,丁亥,壬申,-0.022157561056946995,壬,申,水,金,11,48,2020-11
2020-11-26,2609.386,庚子,丁亥,癸酉,-0.002349427324700004,癸,酉,水,金,11,48,2020-11
2020-11-27,2618.991,庚子,丁亥,甲戌,0.0036809425665653706,甲,戌,木,土,11,48,2020-11
2020-11-30,2631.889,庚子,丁亥,丁丑,0.004924797374256107,丁,丑,火,土,11,49,2020-11
2020-12-01,2698.443,庚子,丁亥,戊寅,0.025287540621963922,戊,寅,土,木,12,49,2020-12
2020-12-02,2682.972,庚子,丁亥,己卯,-0.005733306206579081,己,卯,土,木,12,49,2020-12
2020-12-03,2712.518,庚子,丁亥,庚辰,0.011012414590983344,庚,辰,金,土,12,49,2020-12
2020-12-04,2730.837,庚子,丁亥,辛巳,0.006753503571220509,辛,巳,金,火,12,49,2020-12
2020-12-07,2726.483,庚子,戊子,甲申,-0.0015943829675663101,甲,申,木,金,12,50,2020-12
2020-12-08,2746.281,庚子,戊子,乙酉,0.007261369317175248,乙,酉,木,金,12,50,2020-12
2020-12-09,2697.826,庚子,戊子,丙戌,-0.01764386091590775,丙,戌,火,土,12,50,2020-12
2020-12-10,2718.545,庚子,戊子,丁亥,0.007679887435290578,丁,亥,火,水,12,50,2020-12
2020-12-11,2687.781,庚子,戊子,戊子,-0.011316347531492021,戊,子,土,水,12,50,2020-12
2020-12-14,2726.601,庚子,戊子,辛卯,0.014443141014837124,辛,卯,金,木,12,51,2020-12
2020-12-15,2758.854,庚子,戊子,壬辰,0.0118290134860215,壬,辰,水,土,12,51,2020-12
2020-12-16,2760.64,庚子,戊子,癸巳,0.0006473702486613497,癸,巳,水,火,12,51,2020-12
2020-12-17,2785.615,庚子,戊子,甲午,0.009046815231250616,甲,午,木,火,12,51,2020-12
2020-12-18,2780.73,庚子,戊子,乙未,-0.001753652245554349,乙,未,木,土,12,51,2020-12
2020-12-21,2882.443,庚子,戊子,戊戌,0.03657780510873043,戊,戌,土,土,12,52,2020-12
2020-12-22,2811.749,庚子,戊子,己亥,-0.02452572349219062,己,亥,土,水,12,52,2020-12
2020-12-23,2842.97,庚子,戊子,庚子,0.0111037649519925,庚,子,金,水,12,52,2020-12
2020-12-24,2820.753,庚子,戊子,辛丑,-0.007814714893227714,辛,丑,金,土,12,52,2020-12
2020-12-25,2840.801,庚子,戊子,壬寅,0.007107322051948417,壬,寅,水,木,12,52,2020-12
2020-12-28,2842.81,庚子,戊子,乙巳,0.0007071949073518269,乙,巳,木,火,12,53,2020-12
2020-12-29,2812.997,庚子,戊子,丙午,-0.010487158832282129,丙,午,火,火,12,53,2020-12
2020-12-30,2900.538,庚子,戊子,丁未,0.031120189605605697,丁,未,火,土,12,53,2020-12
2020-12-31,2966.256,庚子,戊子,戊申,0.022657176013553215,戊,申,土,金,12,53,2020-12
2021-01-04,3078.111,庚子,戊子,壬子,0.03770915254785834,壬,子,水,水,1,1,2021-01
2021-01-05,3097.977,庚子,己丑,癸丑,0.00645395828805384,癸,丑,水,土,1,1,2021-01
2021-01-06,3115.091,庚子,己丑,甲寅,0.005524250180036772,甲,寅,木,木,1,1,2021-01
2021-01-07,3162.398,庚子,己丑,乙卯,0.015186394233748013,乙,卯,木,木,1,1,2021-01
2021-01-08,3150.78,庚子,己丑,丙辰,-0.003673794380087525,丙,辰,火,土,1,1,2021-01
2021-01-11,3092.861,庚子,己丑,己未,-0.01838243228660852,己,未,土,土,1,2,2021-01
2021-01-12,3180.35,庚子,己丑,庚申,0.028287401212016894,庚,申,金,金,1,2,2021-01
2021-01-13,3130.298,庚子,己丑,辛酉,-0.01573789048375185,辛,酉,金,金,1,2,2021-01
2021-01-14,3089.177,庚子,己丑,壬戌,-0.013136448989840455,壬,戌,水,土,1,2,2021-01
2021-01-15,3089.945,庚子,己丑,癸亥,0.0002486099048386592,癸,亥,水,水,1,2,2021-01
2021-01-18,3149.2,庚子,己丑,丙寅,0.019176716737676403,丙,寅,火,木,1,3,2021-01
2021-01-19,3084.488,庚子,己丑,丁卯,-0.020548710783691138,丁,卯,火,木,1,3,2021-01
2021-01-20,3204.932,庚子,己丑,戊辰,0.039048295859799076,戊,辰,土,土,1,3,2021-01
2021-01-21,3283.721,庚子,己丑,己巳,0.024583672914121113,己,巳,土,火,1,3,2021-01
2021-01-22,3358.238,庚子,己丑,庚午,0.022692853625505993,庚,午,金,火,1,3,2021-01
2021-01-25,3355.24,庚子,己丑,癸酉,-0.0008927300566546892,癸,酉,水,金,1,4,2021-01
2021-01-26,3258.355,庚子,己丑,甲戌,-0.02887572871091182,甲,戌,木,土,1,4,2021-01
2021-01-27,3281.031,庚子,己丑,乙亥,0.006959339912317786,乙,亥,木,水,1,4,2021-01
2021-01-28,3161.863,庚子,己丑,丙子,-0.036320290786646114,丙,子,火,水,1,4,2021-01
2021-01-29,3128.865,庚子,己丑,丁丑,-0.010436252298091309,丁,丑,火,土,1,4,2021-01
2021-02-01,3159.993,庚子,己丑,庚辰,0.009948655502874049,庚,辰,金,土,2,5,2021-02
2021-02-02,3228.698,庚子,己丑,辛巳,0.021742136770556142,辛,巳,金,火,2,5,2021-02
2021-02-03,3223.766,辛丑,庚寅,壬午,-0.0015275507340729577,壬,午,水,火,2,5,2021-02
2021-02-04,3200.549,辛丑,庚寅,癸未,-0.007201825442665566,癸,未,水,土,2,5,2021-02
2021-02-05,3193.707,辛丑,庚寅,甲申,-0.002137758240851828,甲,申,木,金,2,5,2021-02
2021-02-08,3278.06,辛丑,庚寅,丁亥,0.026412253847957867,丁,亥,火,水,2,6,2021-02
2021-02-09,3334.242,辛丑,庚寅,戊子,0.017138795507098736,戊,子,土,水,2,6,2021-02
2021-02-10,3413.81,辛丑,庚寅,己丑,0.02386389470230399,己,丑,土,土,2,6,2021-02
2021-02-18,3320.144,辛丑,庚寅,丁酉,-0.027437379350344626,丁,酉,火,金,2,7,2021-02
2021-02-19,3285.535,辛丑,庚寅,戊戌,-0.010423945467425533,戊,戌,土,土,2,7,2021-02
2021-02-22,3138.672,辛丑,庚寅,辛丑,-0.044699873840942095,辛,丑,金,土,2,8,2021-02
2021-02-23,3112.357,辛丑,庚寅,壬寅,-0.008384119143382995,壬,寅,水,木,2,8,2021-02
2021-02-24,3007.456,辛丑,庚寅,癸卯,-0.03370468105040647,癸,卯,水,木,2,8,2021-02
2021-02-25,2977.176,辛丑,庚寅,甲辰,-0.0100683102263176,甲,辰,木,土,2,8,2021-02
2021-02-26,2914.113,辛丑,庚寅,乙巳,-0.021182153826310612,乙,巳,木,火,2,8,2021-02
2021-03-01,2994.751,辛丑,庚寅,戊申,0.027671541906576946,戊,申,土,金,3,9,2021-03
2021-03-02,2966.892,辛丑,庚寅,己酉,-0.009302609799612838,己,酉,土,金,3,9,2021-03
2021-03-03,2997.749,辛丑,庚寅,庚戌,0.010400445988596907,庚,戌,金,土,3,9,2021-03
2021-03-04,2851.873,辛丑,庚寅,辛亥,-0.04866184593840239,辛,亥,金,水,3,9,2021-03
2021-03-05,2871.972,辛丑,辛卯,壬子,0.00704764903626498,壬,子,水,水,3,9,2021-03
2021-03-08,2728.844,辛丑,辛卯,乙卯,-0.049836140463765055,乙,卯,木,木,3,10,2021-03
2021-03-09,2633.45,辛丑,辛卯,丙辰,-0.034957659726976065,丙,辰,火,土,3,10,2021-03
2021-03-10,2676.702,辛丑,辛卯,丁巳,0.016424082477358715,丁,巳,火,火,3,10,2021-03
2021-03-11,2746.575,辛丑,辛卯,戊午,0.02610413860041194,戊,午,土,火,3,10,2021-03
2021-03-12,2756.813,辛丑,辛卯,己未,0.003727551586976574,己,未,土,土,3,10,2021-03
2021-03-15,2644.015,辛丑,辛卯,壬戌,-0.04091608680022918,壬,戌,水,土,3,11,2021-03
2021-03-16,2672.117,辛丑,辛卯,癸亥,0.010628532742817498,癸,亥,水,水,3,11,2021-03
2021-03-17,2704.136,辛丑,辛卯,甲子,0.011982633993945502,甲,子,木,水,3,11,2021-03
2021-03-18,2748.726,辛丑,辛卯,乙丑,0.016489555259055155,乙,丑,木,土,3,11,2021-03
2021-03-19,2671.518,辛丑,辛卯,丙寅,-0.028088649068695903,丙,寅,火,木,3,11,2021-03
2021-03-22,2698.261,辛丑,辛卯,己巳,0.010010413555139763,己,巳,土,火,3,12,2021-03
2021-03-23,2668.082,辛丑,辛卯,庚午,-0.011184611125461985,庚,午,金,火,3,12,2021-03
2021-03-24,2634.614,辛丑,辛卯,辛未,-0.012543842355669632,辛,未,金,土,3,12,2021-03
2021-03-25,2655.999,辛丑,辛卯,壬申,0.008116938572405585,壬,申,水,金,3,12,2021-03
2021-03-26,2745.4,辛丑,辛卯,癸酉,0.03366002773344423,癸,酉,水,金,3,12,2021-03
2021-03-29,2733.963,辛丑,辛卯,丙子,-0.004165877467764201,丙,子,火,水,3,13,2021-03
2021-03-30,2771.322,辛丑,辛卯,丁丑,0.013664778930804866,丁,丑,火,土,3,13,2021-03
2021-03-31,2758.501,辛丑,辛卯,戊寅,-0.004626311919004644,戊,寅,土,木,3,13,2021-03
2021-04-01,2815.413,辛丑,辛卯,己卯,0.02063149514899565,己,卯,土,木,4,13,2021-04
2021-04-02,2852.229,辛丑,辛卯,庚辰,0.013076589473729028,庚,辰,金,土,4,13,2021-04
2021-04-06,2831.598,辛丑,壬辰,甲申,-0.0072332901741059,甲,申,木,金,4,14,2021-04
2021-04-07,2807.201,辛丑,壬辰,乙酉,-0.008615982918479204,乙,酉,木,金,4,14,2021-04
2021-04-08,2826.99,辛丑,壬辰,丙戌,0.007049370529577326,丙,戌,火,土,4,14,2021-04
2021-04-09,2783.327,辛丑,壬辰,丁亥,-0.01544504932808377,丁,亥,火,水,4,14,2021-04
2021-04-12,2719.953,辛丑,壬辰,庚寅,-0.02276915360645737,庚,寅,金,木,4,15,2021-04
2021-04-13,2742.852,辛丑,壬辰,辛卯,0.00841889547356156,辛,卯,金,木,4,15,2021-04
2021-04-14,2804.409,辛丑,壬辰,壬辰,0.022442698330059407,壬,辰,水,土,4,15,2021-04
2021-04-15,2790.644,辛丑,壬辰,癸巳,-0.004908342542047306,癸,巳,水,火,4,15,2021-04
2021-04-16,2783.373,辛丑,壬辰,甲午,-0.002605491778958413,甲,午,木,火,4,15,2021-04
2021-04-19,2898.729,辛丑,壬辰,丁酉,0.04144467881236169,丁,酉,火,金,4,16,2021-04
2021-04-20,2896.108,辛丑,壬辰,戊戌,-0.0009041893878315443,戊,戌,土,土,4,16,2021-04
2021-04-21,2916.975,辛丑,壬辰,己亥,0.00720518709937612,己,亥,土,水,4,16,2021-04
2021-04-22,2939.395,辛丑,壬辰,庚子,0.007686044618140375,庚,子,金,水,4,16,2021-04
2021-04-23,2994.488,辛丑,壬辰,辛丑,0.018742972618514875,辛,丑,金,土,4,16,2021-04
2021-04-26,2969.405,辛丑,壬辰,甲辰,-0.008376390220965813,甲,辰,木,土,4,17,2021-04
2021-04-27,2986.034,辛丑,壬辰,乙巳,0.00560011180691089,乙,巳,木,火,4,17,2021-04
2021-04-28,3050.585,辛丑,壬辰,丙午,0.021617637307545623,丙,午,火,火,4,17,2021-04
2021-04-29,3051.417,辛丑,壬辰,丁未,0.00027273457386045585,丁,未,火,土,4,17,2021-04
2021-04-30,3091.395,辛丑,壬辰,戊申,0.013101454176862815,戊,申,土,金,4,17,2021-04
2021-05-06,3014.812,辛丑,癸巳,甲寅,-0.02477295848637917,甲,寅,木,木,5,18,2021-05
2021-05-07,2910.411,辛丑,癸巳,乙卯,-0.034629356656401766,乙,卯,木,木,5,18,2021-05
2021-05-10,2921.721,辛丑,癸巳,戊午,0.0038860490837890893,戊,午,土,火,5,19,2021-05
2021-05-11,2921.343,辛丑,癸巳,己未,-0.00012937580282312844,己,未,土,土,5,19,2021-05
2021-05-12,2960.355,辛丑,癸巳,庚申,0.01335413198655555,庚,申,金,金,5,19,2021-05
2021-05-13,2943.617,辛丑,癸巳,辛酉,-0.005654051625565093,辛,酉,金,金,5,19,2021-05
2021-05-14,3033.806,辛丑,癸巳,壬戌,0.030638836506243772,壬,戌,水,土,5,19,2021-05
2021-05-17,3112.741,辛丑,癸巳,乙丑,0.0260184731653903,乙,丑,木,土,5,20,2021-05
2021-05-18,3090.123,辛丑,癸巳,丙寅,-0.007266264684405166,丙,寅,火,木,5,20,2021-05
2021-05-19,3114.724,辛丑,癸巳,丁卯,0.007961171772126852,丁,卯,火,木,5,20,2021-05
2021-05-20,3143.616,辛丑,癸巳,戊辰,0.009275942266473658,戊,辰,土,土,5,20,2021-05
2021-05-21,3113.259,辛丑,癸巳,己巳,-0.009656713797104977,己,巳,土,火,5,20,2021-05
2021-05-24,3139.686,辛丑,癸巳,壬申,0.008488532434982154,壬,申,水,金,5,21,2021-05
2021-05-25,3227.355,辛丑,癸巳,癸酉,0.027922855979865435,癸,酉,水,金,5,21,2021-05
2021-05-26,3196.848,辛丑,癸巳,甲戌,-0.00945263226388171,甲,戌,木,土,5,21,2021-05
2021-05-27,3226.108,辛丑,癸巳,乙亥,0.00915276547399202,乙,亥,木,水,5,21,2021-05
2021-05-28,3232.291,辛丑,癸巳,丙子,0.0019165508408274246,丙,子,火,水,5,21,2021-05
2021-05-31,3309.069,辛丑,癸巳,己卯,0.0237534306162408,己,卯,土,木,5,22,2021-05
2021-06-01,3300.159,辛丑,癸巳,庚辰,-0.002692600244963095,庚,辰,金,土,6,22,2021-06
2021-06-02,3243.022,辛丑,癸巳,辛巳,-0.017313408232754846,辛,巳,金,火,6,22,2021-06
2021-06-03,3201.784,辛丑,癸巳,壬午,-0.012715917437501112,壬,午,水,火,6,22,2021-06
2021-06-04,3242.612,辛丑,癸巳,癸未,0.012751640960164679,癸,未,水,土,6,22,2021-06
2021-06-07,3228.243,辛丑,甲午,丙戌,-0.0044313041461636615,丙,戌,火,土,6,23,2021-06
2021-06-08,3208.572,辛丑,甲午,丁亥,-0.006093407466538192,丁,亥,火,水,6,23,2021-06
2021-06-09,3207.626,辛丑,甲午,戊子,-0.00029483521018069947,戊,子,土,水,6,23,2021-06
2021-06-10,3285.51,辛丑,甲午,己丑,0.02428088561447006,己,丑,土,土,6,23,2021-06
2021-06-11,3298.497,辛丑,甲午,庚寅,0.0039528109791173716,庚,寅,金,木,6,23,2021-06
2021-06-15,3262.188,辛丑,甲午,甲午,-0.011007740798309018,甲,午,木,火,6,24,2021-06
2021-06-16,3125.701,辛丑,甲午,乙未,-0.04183909694965471,乙,未,木,土,6,24,2021-06
2021-06-17,3188.593,辛丑,甲午,丙申,0.020120926473773393,丙,申,火,金,6,24,2021-06
2021-06-18,3239.227,辛丑,甲午,丁酉,0.015879731279595743,丁,酉,火,金,6,24,2021-06
2021-06-21,3270.577,辛丑,甲午,庚子,0.009678234961612908,庚,子,金,水,6,25,2021-06
2021-06-22,3281.992,辛丑,甲午,辛丑,0.0034902098314761876,辛,丑,金,土,6,25,2021-06
2021-06-23,3318.946,辛丑,甲午,壬寅,0.011259625251980987,壬,寅,水,木,6,25,2021-06
2021-06-24,3279.159,辛丑,甲午,癸卯,-0.011987841923309372,癸,卯,水,木,6,25,2021-06
2021-06-25,3347.699,辛丑,甲午,甲辰,0.020901700710456605,甲,辰,木,土,6,25,2021-06
2021-06-28,3412.863,辛丑,甲午,丁未,0.019465310351975962,丁,未,火,土,6,26,2021-06
2021-06-29,3406.238,辛丑,甲午,戊申,-0.0019411854504560733,戊,申,土,金,6,26,2021-06
2021-06-30,3477.178,辛丑,甲午,己酉,0.020826495388754473,己,酉,土,金,6,26,2021-06
2021-07-01,3455.359,辛丑,甲午,庚戌,-0.006274916038235601,庚,戌,金,土,7,26,2021-07
2021-07-02,3333.897,辛丑,甲午,辛亥,-0.03515177438871042,辛,亥,金,水,7,26,2021-07
2021-07-05,3352.117,辛丑,甲午,甲寅,0.005465075855672907,甲,寅,木,木,7,27,2021-07
2021-07-06,3291.988,辛丑,甲午,乙卯,-0.01793761971912089,乙,卯,木,木,7,27,2021-07
2021-07-07,3409.589,辛丑,乙未,丙辰,0.03572339874871955,丙,辰,火,土,7,27,2021-07
2021-07-08,3432.957,辛丑,乙未,丁巳,0.006853611974932949,丁,巳,火,火,7,27,2021-07
2021-07-09,3409.309,辛丑,乙未,戊午,-0.00688852205256274,戊,午,土,火,7,27,2021-07
2021-07-12,3534.763,辛丑,乙未,辛酉,0.03679748594216581,辛,酉,金,金,7,28,2021-07
2021-07-13,3514.977,辛丑,乙未,壬戌,-0.005597546426733602,壬,戌,水,土,7,28,2021-07
2021-07-14,3488.627,辛丑,乙未,癸亥,-0.007496492864675908,癸,亥,水,水,7,28,2021-07
2021-07-15,3537.391,辛丑,乙未,甲子,0.013977991914870813,甲,子,木,水,7,28,2021-07
2021-07-16,3432.647,辛丑,乙未,乙丑,-0.029610523688221146,乙,丑,木,土,7,28,2021-07
2021-07-19,3449.526,辛丑,乙未,戊辰,0.0049171965541461304,戊,辰,土,土,7,29,2021-07
2021-07-20,3463.791,辛丑,乙未,己巳,0.004135350769931989,己,巳,土,火,7,29,2021-07
2021-07-21,3560.045,辛丑,乙未,庚午,0.02778862812450278,庚,午,金,火,7,29,2021-07
2021-07-22,3544.436,辛丑,乙未,辛未,-0.004384495139808653,辛,未,金,土,7,29,2021-07
2021-07-23,3469.873,辛丑,乙未,壬申,-0.021036633190724907,壬,申,水,金,7,29,2021-07
2021-07-26,3371.228,辛丑,乙未,乙亥,-0.028428994375298444,乙,亥,木,水,7,30,2021-07
2021-07-27,3232.839,辛丑,乙未,丙子,-0.04105002687448023,丙,子,火,水,7,30,2021-07
2021-07-28,3284.92,辛丑,乙未,丁丑,0.016109988774572592,丁,丑,火,土,7,30,2021-07
2021-07-29,3459.721,辛丑,乙未,戊寅,0.05321316805279874,戊,寅,土,木,7,30,2021-07
2021-07-30,3440.182,辛丑,乙未,己卯,-0.005647565222744899,己,卯,土,木,7,30,2021-07
2021-08-02,3493.359,辛丑,乙未,壬午,0.015457612417017597,壬,午,水,火,8,31,2021-08
2021-08-03,3477.229,辛丑,乙未,癸未,-0.004617332487156345,癸,未,水,土,8,31,2021-08
2021-08-04,3563.127,辛丑,乙未,甲申,0.024703003454762396,甲,申,木,金,8,31,2021-08
2021-08-05,3532.5,辛丑,乙未,乙酉,-0.00859553981657124,乙,酉,木,金,8,31,2021-08
2021-08-06,3490.902,辛丑,乙未,丙戌,-0.0117757961783439,丙,戌,火,土,8,31,2021-08
2021-08-09,3456.747,辛丑,丙申,己丑,-0.009784004248758693,己,丑,土,土,8,32,2021-08
2021-08-10,3468.67,辛丑,丙申,庚寅,0.0034491966001561902,庚,寅,金,木,8,32,2021-08
2021-08-11,3437.058,辛丑,丙申,辛卯,-0.00911357955642944,辛,卯,金,木,8,32,2021-08
2021-08-12,3386.432,辛丑,丙申,壬辰,-0.014729457576799776,壬,辰,水,土,8,32,2021-08
2021-08-13,3345.126,辛丑,丙申,癸巳,-0.012197498724320965,癸,巳,水,火,8,32,2021-08
2021-08-16,3301.391,辛丑,丙申,丙申,-0.013074245932739204,丙,申,火,金,8,33,2021-08
2021-08-17,3224.153,辛丑,丙申,丁酉,-0.023395592948548094,丁,酉,火,金,8,33,2021-08
2021-08-18,3248.373,辛丑,丙申,戊戌,0.007512050451700114,戊,戌,土,土,8,33,2021-08
2021-08-19,3278.357,辛丑,丙申,己亥,0.00923046706766728,己,亥,土,水,8,33,2021-08
2021-08-20,3192.9,辛丑,丙申,庚子,-0.026067020766804783,庚,子,金,水,8,33,2021-08
2021-08-23,3293.77,辛丑,丙申,癸卯,0.03159196968273359,癸,卯,水,木,8,34,2021-08
2021-08-24,3330.58,辛丑,丙申,甲辰,0.011175643715256367,甲,辰,木,土,8,34,2021-08
2021-08-25,3348.662,辛丑,丙申,乙巳,0.00542908442373391,乙,巳,木,火,8,34,2021-08
2021-08-26,3264.45,辛丑,丙申,丙午,-0.025147954615903356,丙,午,火,火,8,34,2021-08
2021-08-27,3257.072,辛丑,丙申,丁未,-0.0022601050712982573,丁,未,火,土,8,34,2021-08
2021-08-30,3271.802,辛丑,丙申,庚戌,0.004522466804540937,庚,戌,金,土,8,35,2021-08
2021-08-31,3214.117,辛丑,丙申,辛亥,-0.017630956885532734,辛,亥,金,水,8,35,2021-08
2021-09-01,3186.85,辛丑,丙申,壬子,-0.008483511956783207,壬,子,水,水,9,35,2021-09
2021-09-02,3138.803,辛丑,丙申,癸丑,-0.015076643080157548,癸,丑,水,土,9,35,2021-09
2021-09-03,3102.145,辛丑,丙申,甲寅,-0.011678974437070444,甲,寅,木,木,9,35,2021-09
2021-09-06,3228.088,辛丑,丙申,丁巳,0.040598682524511265,丁,巳,火,火,9,36,2021-09
2021-09-07,3251.487,辛丑,丁酉,戊午,0.007248563236194272,戊,午,土,火,9,36,2021-09
2021-09-08,3219.947,辛丑,丁酉,己未,-0.009700177180471559,己,未,土,土,9,36,2021-09
2021-09-09,3221.941,辛丑,丁酉,庚申,0.0006192648512537424,庚,申,金,金,9,36,2021-09
2021-09-10,3232.01,辛丑,丁酉,辛酉,0.0031251348178009675,辛,酉,金,金,9,36,2021-09
2021-09-13,3194.275,辛丑,丁酉,甲子,-0.011675397043944824,甲,子,木,水,9,37,2021-09
2021-09-14,3236.547,辛丑,丁酉,乙丑,0.013233675873241868,乙,丑,木,土,9,37,2021-09
2021-09-15,3200.399,辛丑,丁酉,丙寅,-0.011168693054666057,丙,寅,火,木,9,37,2021-09
2021-09-16,3128.845,辛丑,丁酉,丁卯,-0.022357837257167,丁,卯,火,木,9,37,2021-09
2021-09-17,3193.261,辛丑,丁酉,戊辰,0.020587788784679484,戊,辰,土,土,9,37,2021-09
2021-09-22,3164.328,辛丑,丁酉,癸酉,-0.00906064364923509,癸,酉,水,金,9,38,2021-09
2021-09-23,3182.467,辛丑,丁酉,甲戌,0.00573233874617296,甲,戌,木,土,9,38,2021-09
2021-09-24,3207.817,辛丑,丁酉,乙亥,0.00796551857411254,乙,亥,木,水,9,38,2021-09
2021-09-27,3231.583,辛丑,丁酉,戊寅,0.007408776747551471,戊,寅,土,木,9,39,2021-09
2021-09-28,3211.454,辛丑,丁酉,己卯,-0.006228835836801894,己,卯,土,木,9,39,2021-09
2021-09-29,3175.152,辛丑,丁酉,庚辰,-0.011303914052637865,庚,辰,金,土,9,39,2021-09
2021-09-30,3244.646,辛丑,丁酉,辛巳,0.021886826205485654,辛,巳,金,火,9,39,2021-09
2021-10-08,3243.204,辛丑,戊戌,己丑,-0.0004444244456868196,己,丑,土,土,10,40,2021-10
2021-10-11,3196.189,辛丑,戊戌,壬辰,-0.014496467073918384,壬,辰,水,土,10,41,2021-10
2021-10-12,3138.263,辛丑,戊戌,癸巳,-0.01812345890684186,癸,巳,水,火,10,41,2021-10
2021-10-13,3210.159,辛丑,戊戌,甲午,0.022909488465434613,甲,午,木,火,10,41,2021-10
2021-10-14,3215.736,辛丑,戊戌,乙未,0.0017372971245348534,乙,未,木,土,10,41,2021-10
2021-10-15,3276.321,辛丑,戊戌,丙申,0.018840165983774693,丙,申,火,金,10,41,2021-10
2021-10-18,3276.484,辛丑,戊戌,己亥,4.9750924894009785e-05,己,亥,土,水,10,42,2021-10
2021-10-19,3297.293,辛丑,戊戌,庚子,0.006351015295664508,庚,子,金,水,10,42,2021-10
2021-10-20,3285.122,辛丑,戊戌,辛丑,-0.003691209728707845,辛,丑,金,土,10,42,2021-10
2021-10-21,3279.487,辛丑,戊戌,壬寅,-0.0017153092031284567,壬,寅,水,木,10,42,2021-10
2021-10-22,3284.911,辛丑,戊戌,癸卯,0.0016539172132714608,癸,卯,水,木,10,42,2021-10
2021-10-25,3338.624,辛丑,戊戌,丙午,0.016351432352352813,丙,午,火,火,10,43,2021-10
2021-10-26,3327.537,辛丑,戊戌,丁未,-0.0033208291799255996,丁,未,火,土,10,43,2021-10
2021-10-27,3308.962,辛丑,戊戌,戊申,-0.005582206899577669,戊,申,土,金,10,43,2021-10
2021-10-28,3278.359,辛丑,戊戌,己酉,-0.0092485196263965,己,酉,土,金,10,43,2021-10
2021-10-29,3350.665,辛丑,戊戌,庚戌,0.022055546692720363,庚,戌,金,土,10,43,2021-10
2021-11-01,3331.915,辛丑,戊戌,癸丑,-0.005595904096649451,癸,丑,水,土,11,44,2021-11
2021-11-02,3339.597,辛丑,戊戌,甲寅,0.002305581024726111,甲,寅,木,木,11,44,2021-11
2021-11-03,3327.085,辛丑,戊戌,乙卯,-0.003746559839405861,乙,卯,木,木,11,44,2021-11
2021-11-04,3362.249,辛丑,戊戌,丙辰,0.010569011612267198,丙,辰,火,土,11,44,2021-11
2021-11-05,3352.754,辛丑,戊戌,丁巳,-0.00282400262443383,丁,巳,火,火,11,44,2021-11
2021-11-08,3380.292,辛丑,己亥,庚申,0.008213546236914393,庚,申,金,金,11,45,2021-11
2021-11-09,3409.942,辛丑,己亥,辛酉,0.008771431580467004,辛,酉,金,金,11,45,2021-11
2021-11-10,3399.663,辛丑,己亥,壬戌,-0.0030144207731392925,壬,戌,水,土,11,45,2021-11
2021-11-11,3433.241,辛丑,己亥,癸亥,0.009876861324195962,癸,亥,水,水,11,45,2021-11
2021-11-12,3430.141,辛丑,己亥,甲子,-0.0009029369042254931,甲,子,木,水,11,45,2021-11
2021-11-15,3401.874,辛丑,己亥,丁卯,-0.00824076911124072,丁,卯,火,木,11,46,2021-11
2021-11-16,3393.715,辛丑,己亥,戊辰,-0.002398383949552385,戊,辰,土,土,11,46,2021-11
2021-11-17,3421.329,辛丑,己亥,己巳,0.00813680583077847,己,巳,土,火,11,46,2021-11
2021-11-18,3383.906,辛丑,己亥,庚午,-0.010938147135221454,庚,午,金,火,11,46,2021-11
2021-11-19,3418.96,辛丑,己亥,辛未,0.010359034795883737,辛,未,金,土,11,46,2021-11
2021-11-22,3505.727,辛丑,己亥,甲戌,0.02537818517911883,甲,戌,木,土,11,47,2021-11
2021-11-23,3492.769,辛丑,己亥,乙亥,-0.003696237613482145,乙,亥,木,水,11,47,2021-11
2021-11-24,3478.662,辛丑,己亥,丙子,-0.0040389158286734395,丙,子,火,水,11,47,2021-11
2021-11-25,3474.451,辛丑,己亥,丁丑,-0.0012105228964468528,丁,丑,火,土,11,47,2021-11
2021-11-26,3468.865,辛丑,己亥,戊寅,-0.0016077360135458019,戊,寅,土,木,11,47,2021-11
2021-11-29,3503.409,辛丑,己亥,辛巳,0.00995830048156976,辛,巳,金,火,11,48,2021-11
2021-11-30,3495.593,辛丑,己亥,壬午,-0.002230969892467627,壬,午,水,火,11,48,2021-11
2021-12-01,3473.366,辛丑,己亥,癸未,-0.006358577786372721,癸,未,水,土,12,48,2021-12
2021-12-02,3466.914,辛丑,己亥,甲申,-0.0018575641035236679,甲,申,木,金,12,48,2021-12
2021-12-03,3478.666,辛丑,己亥,乙酉,0.0033897581537931654,乙,酉,木,金,12,48,2021-12
2021-12-06,3405.935,辛丑,己亥,戊子,-0.020907727272466037,戊,子,土,水,12,49,2021-12
2021-12-07,3368.784,辛丑,庚子,己丑,-0.01090772431065179,己,丑,土,土,12,49,2021-12
2021-12-08,3424.704,辛丑,庚子,庚寅,0.016599461408033367,庚,寅,金,木,12,49,2021-12
2021-12-09,3459.319,辛丑,庚子,辛卯,0.01010744286221521,辛,卯,金,木,12,49,2021-12
2021-12-10,3466.797,辛丑,庚子,壬辰,0.0021616971432816268,壬,辰,水,土,12,49,2021-12
2021-12-13,3496.962,辛丑,庚子,乙未,0.008701115179227337,乙,未,木,土,12,50,2021-12
2021-12-14,3495.06,辛丑,庚子,丙申,-0.0005439006772164356,丙,申,火,金,12,50,2021-12
2021-12-15,3464.758,辛丑,庚子,丁酉,-0.008669951302695877,丁,酉,火,金,12,50,2021-12
2021-12-16,3490.449,辛丑,庚子,戊戌,0.0074149478838061444,戊,戌,土,土,12,50,2021-12
2021-12-17,3434.339,辛丑,庚子,己亥,-0.01607529575707889,己,亥,土,水,12,50,2021-12
2021-12-20,3332.606,辛丑,庚子,壬寅,-0.02962229412996209,壬,寅,水,木,12,51,2021-12
2021-12-21,3350.429,辛丑,庚子,癸卯,0.005348066948207997,癸,卯,水,木,12,51,2021-12
2021-12-22,3368.699,辛丑,庚子,甲辰,0.005453033029501508,甲,辰,木,土,12,51,2021-12
2021-12-23,3373.703,辛丑,庚子,乙巳,0.0014854399279959907,乙,巳,木,火,12,51,2021-12
2021-12-24,3297.106,辛丑,庚子,丙午,-0.022704132521445985,丙,午,火,火,12,51,2021-12
2021-12-27,3293.811,辛丑,庚子,己酉,-0.000999361258024467,己,酉,土,金,12,52,2021-12
2021-12-28,3328.559,辛丑,庚子,庚戌,0.01054948204374817,庚,戌,金,土,12,52,2021-12
2021-12-29,3281.897,辛丑,庚子,辛亥,-0.01401867895386566,辛,亥,金,水,12,52,2021-12
2021-12-30,3322.795,辛丑,庚子,壬子,0.012461695172030218,壬,子,水,水,12,52,2021-12
2021-12-31,3322.673,辛丑,庚子,癸丑,-3.671607788036102e-05,癸,丑,水,土,12,52,2021-12
2022-01-04,3250.159,辛丑,庚子,丁巳,-0.021823995319431022,丁,巳,火,火,1,1,2022-01
2022-01-05,3161.507,辛丑,辛丑,戊午,-0.027276204025710737,戊,午,土,火,1,1,2022-01
2022-01-06,3127.48,辛丑,辛丑,己未,-0.010762905158837266,己,未,土,土,1,1,2022-01
2022-01-07,3096.881,辛丑,辛丑,庚申,-0.00978391548467139,庚,申,金,金,1,1,2022-01
2022-01-10,3095.689,辛丑,辛丑,癸亥,-0.0003849033915090949,癸,亥,水,水,1,2,2022-01
2022-01-11,3056.153,辛丑,辛丑,甲子,-0.012771308745807453,甲,子,木,水,1,2,2022-01
2022-01-12,3136.685,辛丑,辛丑,乙丑,0.026350774977561775,乙,丑,木,土,1,2,2022-01
2022-01-13,3083.141,辛丑,辛丑,丙寅,-0.01707025091776826,丙,寅,火,木,1,2,2022-01
2022-01-14,3119.408,辛丑,辛丑,丁卯,0.011763004027386392,丁,卯,火,木,1,2,2022-01
2022-01-17,3170.408,辛丑,辛丑,庚午,0.016349256012679225,庚,午,金,火,1,3,2022-01
2022-01-18,3144.333,辛丑,辛丑,辛未,-0.008224493503675157,辛,未,金,土,1,3,2022-01
2022-01-19,3075.977,辛丑,辛丑,壬申,-0.021739427726007454,壬,申,水,金,1,3,2022-01
2022-01-20,3065.994,辛丑,辛丑,癸酉,-0.003245472901780344,癸,酉,水,金,1,3,2022-01
2022-01-21,3034.679,辛丑,辛丑,甲戌,-0.010213653386144883,甲,戌,木,土,1,3,2022-01
2022-01-24,3056.434,辛丑,辛丑,丁丑,0.007168797754227185,丁,丑,火,土,1,4,2022-01
2022-01-25,2974.955,辛丑,辛丑,戊寅,-0.026658190558016437,戊,寅,土,木,1,4,2022-01
2022-01-26,3004.412,辛丑,辛丑,己卯,0.009901662378086318,己,卯,土,木,1,4,2022-01
2022-01-27,2906.763,辛丑,辛丑,庚辰,-0.032501867253891925,庚,辰,金,土,1,4,2022-01
2022-01-28,2908.945,辛丑,辛丑,辛巳,0.0007506631947635789,辛,巳,金,火,1,4,2022-01
2022-02-07,2917.864,壬寅,壬寅,辛卯,0.0030660600320735476,辛,卯,金,木,2,6,2022-02
2022-02-08,2846.482,壬寅,壬寅,壬辰,-0.024463785837859464,壬,辰,水,土,2,6,2022-02
2022-02-09,2883.597,壬寅,壬寅,癸巳,0.013038902055238832,癸,巳,水,火,2,6,2022-02
2022-02-10,2826.517,壬寅,壬寅,甲午,-0.01979472166186902,甲,午,木,火,2,6,2022-02
2022-02-11,2746.383,壬寅,壬寅,乙未,-0.028350793573857835,乙,未,木,土,2,6,2022-02
2022-02-14,2732.01,壬寅,壬寅,戊戌,-0.005233428840769716,戊,戌,土,土,2,7,2022-02
2022-02-15,2816.444,壬寅,壬寅,己亥,0.03090545056570071,己,亥,土,水,2,7,2022-02
2022-02-16,2818.397,壬寅,壬寅,庚子,0.000693427598773555,庚,子,金,水,2,7,2022-02
2022-02-17,2839.825,壬寅,壬寅,辛丑,0.007602903352508461,辛,丑,金,土,2,7,2022-02
2022-02-18,2826.813,壬寅,壬寅,壬寅,-0.004581972480698582,壬,寅,水,木,2,7,2022-02
2022-02-21,2804.598,壬寅,壬寅,乙巳,-0.007858673354056323,乙,巳,木,火,2,8,2022-02
2022-02-22,2765.91,壬寅,壬寅,丙午,-0.013794490333373988,丙,午,火,火,2,8,2022-02
2022-02-23,2843.866,壬寅,壬寅,丁未,0.0281845757815693,丁,未,火,土,2,8,2022-02
2022-02-24,2783.899,壬寅,壬寅,戊申,-0.021086436562060218,戊,申,土,金,2,8,2022-02
2022-02-25,2855.803,壬寅,壬寅,己酉,0.025828523233062617,己,酉,土,金,2,8,2022-02
2022-02-28,2881.306,壬寅,壬寅,壬子,0.008930237835032884,壬,子,水,水,2,9,2022-02
2022-03-01,2885.786,壬寅,壬寅,癸丑,0.0015548504740559022,癸,丑,水,土,3,9,2022-03
2022-03-02,2834.636,壬寅,壬寅,甲寅,-0.017724807036973655,甲,寅,木,木,3,9,2022-03
2022-03-03,2791.949,壬寅,壬寅,乙卯,-0.015059076368182711,乙,卯,木,木,3,9,2022-03
2022-03-04,2748.638,壬寅,壬寅,丙辰,-0.01551281918115277,丙,辰,火,土,3,9,2022-03
2022-03-07,2630.371,壬寅,癸卯,己未,-0.04302749216157231,己,未,土,土,3,10,2022-03
2022-03-08,2582.986,壬寅,癸卯,庚申,-0.01801456904748422,庚,申,金,金,3,10,2022-03
2022-03-09,2566.719,壬寅,癸卯,辛酉,-0.0062977499684473415,辛,酉,金,金,3,10,2022-03
2022-03-10,2635.194,壬寅,癸卯,壬戌,0.02667802747398529,壬,戌,水,土,3,10,2022-03
2022-03-11,2665.462,壬寅,癸卯,癸亥,0.011486061367777856,癸,亥,水,水,3,10,2022-03
2022-03-14,2570.447,壬寅,癸卯,丙寅,-0.03564672840955896,丙,寅,火,木,3,11,2022-03
2022-03-15,2504.782,壬寅,癸卯,丁卯,-0.02554614041837855,丁,卯,火,木,3,11,2022-03
2022-03-16,2635.083,壬寅,癸卯,戊辰,0.052020894433128184,戊,辰,土,土,3,11,2022-03
2022-03-17,2710.726,壬寅,癸卯,己巳,0.028706116657426062,己,巳,土,火,3,11,2022-03
2022-03-18,2713.795,壬寅,癸卯,庚午,0.0011321690204026957,庚,午,金,火,3,11,2022-03
2022-03-21,2726.18,壬寅,癸卯,癸酉,0.004563719809344446,癸,酉,水,金,3,12,2022-03
2022-03-22,2688.234,壬寅,癸卯,甲戌,-0.013919110256842893,甲,戌,木,土,3,12,2022-03
2022-03-23,2715.954,壬寅,癸卯,乙亥,0.010311602338189507,乙,亥,木,水,3,12,2022-03
2022-03-24,2706.215,壬寅,癸卯,丙子,-0.0035858486557578395,丙,子,火,水,3,12,2022-03
2022-03-25,2637.944,壬寅,癸卯,丁丑,-0.025227485621061252,丁,丑,火,土,3,12,2022-03
2022-03-28,2594.128,壬寅,癸卯,庚辰,-0.016609905289877158,庚,辰,金,土,3,13,2022-03
2022-03-29,2592.666,壬寅,癸卯,辛巳,-0.0005635805172297115,辛,巳,金,火,3,13,2022-03
2022-03-30,2696.826,壬寅,癸卯,壬午,0.040174862477465156,壬,午,水,火,3,13,2022-03
2022-03-31,2659.492,壬寅,癸卯,癸未,-0.013843681424014709,癸,未,水,土,3,13,2022-03
2022-04-01,2666.969,壬寅,癸卯,甲申,0.002811439177105912,甲,申,木,金,4,13,2022-04
2022-04-06,2633.91,壬寅,甲辰,己丑,-0.012395719635286406,己,丑,土,土,4,14,2022-04
2022-04-07,2578.533,壬寅,甲辰,庚寅,-0.021024636377097172,庚,寅,金,木,4,14,2022-04
2022-04-08,2569.911,壬寅,甲辰,辛卯,-0.0033437617435959632,辛,卯,金,木,4,14,2022-04
2022-04-11,2462.043,壬寅,甲辰,甲午,-0.04197343799065412,甲,午,木,火,4,15,2022-04
2022-04-12,2523.694,壬寅,甲辰,乙未,0.025040586212344618,乙,未,木,土,4,15,2022-04
2022-04-13,2466.841,壬寅,甲辰,丙申,-0.022527691550560447,丙,申,火,金,4,15,2022-04
2022-04-14,2466.293,壬寅,甲辰,丁酉,-0.00022214646181073494,丁,酉,火,金,4,15,2022-04
2022-04-15,2460.362,壬寅,甲辰,戊戌,-0.0024048237577611875,戊,戌,土,土,4,15,2022-04
2022-04-18,2487.774,壬寅,甲辰,辛丑,0.011141449916719504,辛,丑,金,土,4,16,2022-04
2022-04-19,2453.545,壬寅,甲辰,壬寅,-0.013758886458335784,壬,寅,水,木,4,16,2022-04
2022-04-20,2363.653,壬寅,甲辰,癸卯,-0.03663759988098869,癸,卯,水,木,4,16,2022-04
2022-04-21,2312.456,壬寅,甲辰,甲辰,-0.021660116776870186,甲,辰,木,土,4,16,2022-04
2022-04-22,2296.595,壬寅,甲辰,乙巳,-0.006858941316072786,乙,巳,木,火,4,16,2022-04
2022-04-25,2169.004,壬寅,甲辰,戊申,-0.0555565957428279,戊,申,土,金,4,17,2022-04
2022-04-26,2150.513,壬寅,甲辰,己酉,-0.008525111064802138,己,酉,土,金,4,17,2022-04
2022-04-27,2269.171,壬寅,甲辰,庚戌,0.055176602047976475,庚,戌,金,土,4,17,2022-04
2022-04-28,2227.655,壬寅,甲辰,辛亥,-0.018295668329975867,辛,亥,金,水,4,17,2022-04
2022-04-29,2319.137,壬寅,甲辰,壬子,0.041066502667603366,壬,子,水,水,4,17,2022-04
2022-05-05,2288.404,壬寅,乙巳,戊午,-0.013251912241493358,戊,午,土,火,5,18,2022-05
2022-05-06,2244.969,壬寅,乙巳,己未,-0.018980477223427328,己,未,土,土,5,18,2022-05
2022-05-09,2228.073,壬寅,乙巳,壬戌,-0.0075261618311879275,壬,戌,水,土,5,19,2022-05
2022-05-10,2276.345,壬寅,乙巳,癸亥,0.021665358361238507,癸,亥,水,水,5,19,2022-05
2022-05-11,2346.152,壬寅,乙巳,甲子,0.0306662654386749,甲,子,木,水,5,19,2022-05
2022-05-12,2351.271,壬寅,乙巳,乙丑,0.002181870569340827,乙,丑,木,土,5,19,2022-05
2022-05-13,2358.161,壬寅,乙巳,丙寅,0.0029303300215075545,丙,寅,火,木,5,19,2022-05
2022-05-16,2331.23,壬寅,乙巳,己巳,-0.011420339832606818,己,巳,土,火,5,20,2022-05
2022-05-17,2369.089,壬寅,乙巳,庚午,0.016239924846540132,庚,午,金,火,5,20,2022-05
2022-05-18,2365.377,壬寅,乙巳,辛未,-0.0015668470032151882,辛,未,金,土,5,20,2022-05
2022-05-19,2377.127,壬寅,乙巳,壬申,0.004967495667709709,壬,申,水,金,5,20,2022-05
2022-05-20,2417.349,壬寅,乙巳,癸酉,0.016920425370626102,癸,酉,水,金,5,20,2022-05
2022-05-23,2410.122,壬寅,乙巳,丙子,-0.00298963864961177,丙,子,火,水,5,21,2022-05
2022-05-24,2318.075,壬寅,乙巳,丁丑,-0.03819184257062502,丁,丑,火,土,5,21,2022-05
2022-05-25,2325.597,壬寅,乙巳,戊寅,0.0032449338351867585,戊,寅,土,木,5,21,2022-05
2022-05-26,2321.134,壬寅,乙巳,己卯,-0.0019190771229925518,己,卯,土,木,5,21,2022-05
2022-05-27,2322.482,壬寅,乙巳,庚辰,0.000580750615862824,庚,辰,金,土,5,21,2022-05
2022-05-30,2350.385,壬寅,乙巳,癸未,0.01201430194076858,癸,未,水,土,5,22,2022-05
2022-05-31,2405.085,壬寅,乙巳,甲申,0.02327278296959845,甲,申,木,金,5,22,2022-05
2022-06-01,2428.957,壬寅,乙巳,乙酉,0.009925636723857822,乙,酉,木,金,6,22,2022-06
2022-06-02,2458.256,壬寅,乙巳,丙戌,0.01206237903758689,丙,戌,火,土,6,22,2022-06
2022-06-06,2554.659,壬寅,丙午,庚寅,0.03921601330374069,庚,寅,金,木,6,23,2022-06
2022-06-07,2554.626,壬寅,丙午,辛卯,-1.2917575300641637e-05,辛,卯,金,木,6,23,2022-06
2022-06-08,2576.335,壬寅,丙午,壬辰,0.008497917111937259,壬,辰,水,土,6,23,2022-06
2022-06-09,2500.205,壬寅,丙午,癸巳,-0.029549728587314972,癸,巳,水,火,6,23,2022-06
2022-06-10,2556.473,壬寅,丙午,甲午,0.02250535456092595,甲,午,木,火,6,23,2022-06
2022-06-13,2546.488,壬寅,丙午,丁酉,-0.003905771740988495,丁,酉,火,金,6,24,2022-06
2022-06-14,2548.314,壬寅,丙午,戊戌,0.0007170660140554119,戊,戌,土,土,6,24,2022-06
2022-06-15,2575.086,壬寅,丙午,己亥,0.010505769697140899,己,亥,土,水,6,24,2022-06
2022-06-16,2585.471,壬寅,丙午,庚子,0.004032875018543214,庚,子,金,水,6,24,2022-06
2022-06-17,2657.212,壬寅,丙午,辛丑,0.027747748862779753,辛,丑,金,土,6,24,2022-06
2022-06-20,2710.141,壬寅,丙午,甲辰,0.019918997806723793,甲,辰,木,土,6,25,2022-06
2022-06-21,2692.985,壬寅,丙午,乙巳,-0.0063302979439077145,乙,巳,木,火,6,25,2022-06
2022-06-22,2677.285,壬寅,丙午,丙午,-0.005829961919580073,丙,午,火,火,6,25,2022-06
2022-06-23,2760.102,壬寅,丙午,丁未,0.03093320285289014,丁,未,火,土,6,25,2022-06
2022-06-24,2824.44,壬寅,丙午,戊申,0.02331000810839612,戊,申,土,金,6,25,2022-06
2022-06-27,2830.597,壬寅,丙午,辛亥,0.0021799011485463815,辛,亥,金,水,6,26,2022-06
2022-06-28,2840.419,壬寅,丙午,壬子,0.0034699393802790635,壬,子,水,水,6,26,2022-06
2022-06-29,2768.61,壬寅,丙午,癸丑,-0.025281129298177385,癸,丑,水,土,6,26,2022-06
2022-06-30,2810.601,壬寅,丙午,甲寅,0.015166816561379193,甲,寅,木,木,6,26,2022-06
2022-07-01,2781.943,壬寅,丙午,乙卯,-0.010196395717499529,乙,卯,木,木,7,26,2022-07
2022-07-04,2834.689,壬寅,丙午,戊午,0.01896012966477012,戊,午,土,火,7,27,2022-07
2022-07-05,2825.131,壬寅,丙午,己未,-0.003371798458314146,己,未,土,土,7,27,2022-07
2022-07-06,2802.715,壬寅,丙午,庚申,-0.007934499320562338,庚,申,金,金,7,27,2022-07
2022-07-07,2849.706,壬寅,丁未,辛酉,0.016766242732493275,辛,酉,金,金,7,27,2022-07
2022-07-08,2817.639,壬寅,丁未,壬戌,-0.011252739756311692,壬,戌,水,土,7,27,2022-07
2022-07-11,2767.461,壬寅,丁未,乙丑,-0.01780852692626711,乙,丑,木,土,7,28,2022-07
2022-07-12,2702.693,壬寅,丁未,丙寅,-0.023403401168074156,丙,寅,火,木,7,28,2022-07
2022-07-13,2746.86,壬寅,丁未,丁卯,0.016341848667236647,丁,卯,火,木,7,28,2022-07
2022-07-14,2819.129,壬寅,丁未,戊辰,0.02630967723145683,戊,辰,土,土,7,28,2022-07
2022-07-15,2760.499,壬寅,丁未,己巳,-0.020797203675319564,己,巳,土,火,7,28,2022-07
2022-07-18,2800.357,壬寅,丁未,壬申,0.014438693873825015,壬,申,水,金,7,29,2022-07
2022-07-19,2750.866,壬寅,丁未,癸酉,-0.01767310382211984,癸,酉,水,金,7,29,2022-07
2022-07-20,2765.162,壬寅,丁未,甲戌,0.005196908900688024,甲,戌,木,土,7,29,2022-07
2022-07-21,2751.415,壬寅,丁未,乙亥,-0.00497149895738469,乙,亥,木,水,7,29,2022-07
2022-07-22,2737.314,壬寅,丁未,丙子,-0.005124999318532497,丙,子,火,水,7,29,2022-07
2022-07-25,2704.945,壬寅,丁未,己卯,-0.011825095695999654,己,卯,土,木,7,30,2022-07
2022-07-26,2713.458,壬寅,丁未,庚辰,0.003147198926410688,庚,辰,金,土,7,30,2022-07
2022-07-27,2714.249,壬寅,丁未,辛巳,0.00029150994782289885,辛,巳,金,火,7,30,2022-07
2022-07-28,2705.901,壬寅,丁未,壬午,-0.0030756205491832,壬,午,水,火,7,30,2022-07
2022-07-29,2670.451,壬寅,丁未,癸未,-0.013100996673566345,癸,未,水,土,7,30,2022-07
2022-08-01,2733.736,壬寅,丁未,丙戌,0.023698244229158227,丙,戌,火,土,8,31,2022-08
2022-08-02,2678.621,壬寅,丁未,丁亥,-0.020161054322728966,丁,亥,火,水,8,31,2022-08
2022-08-03,2628.818,壬寅,丁未,戊子,-0.01859277590969377,戊,子,土,水,8,31,2022-08
2022-08-04,2640.776,壬寅,丁未,己丑,0.004548812432050964,己,丑,土,土,8,31,2022-08
2022-08-05,2683.602,壬寅,丁未,庚寅,0.016217202822200738,庚,寅,金,木,8,31,2022-08
2022-08-08,2675.686,壬寅,戊申,癸巳,-0.002949766768693629,癸,巳,水,火,8,32,2022-08
2022-08-09,2694.8,壬寅,戊申,甲午,0.007143588597466222,甲,午,木,火,8,32,2022-08
2022-08-10,2658.585,壬寅,戊申,乙未,-0.013438845183316062,乙,未,木,土,8,32,2022-08
2022-08-11,2721.492,壬寅,戊申,丙申,0.02366183514914888,丙,申,火,金,8,32,2022-08
2022-08-12,2690.831,壬寅,戊申,丁酉,-0.011266246602966379,丁,酉,火,金,8,32,2022-08
2022-08-15,2718.593,壬寅,戊申,庚子,0.010317258869100288,庚,子,金,水,8,33,2022-08
2022-08-16,2731.393,壬寅,戊申,辛丑,0.004708317868838741,辛,丑,金,土,8,33,2022-08
2022-08-17,2777.91,壬寅,戊申,壬寅,0.01703050421524832,壬,寅,水,木,8,33,2022-08
2022-08-18,2775.821,壬寅,戊申,癸卯,-0.0007520042045998654,癸,卯,水,木,8,33,2022-08
2022-08-19,2734.218,壬寅,戊申,甲辰,-0.014987637891636374,甲,辰,木,土,8,33,2022-08
2022-08-22,2779.015,壬寅,戊申,丁未,0.016383843570629608,丁,未,火,土,8,34,2022-08
2022-08-23,2780.306,壬寅,戊申,戊申,0.00046455308805470885,戊,申,土,金,8,34,2022-08
2022-08-24,2679.048,壬寅,戊申,己酉,-0.036419732216525946,己,酉,土,金,8,34,2022-08
2022-08-25,2667.301,壬寅,戊申,庚戌,-0.004384766529005768,庚,戌,金,土,8,34,2022-08
2022-08-26,2640.291,壬寅,戊申,辛亥,-0.01012634119658773,辛,亥,金,水,8,34,2022-08
2022-08-29,2630.505,壬寅,戊申,甲寅,-0.0037064096343926156,甲,寅,木,木,8,35,2022-08
2022-08-30,2612.142,壬寅,戊申,乙卯,-0.006980788859933806,乙,卯,木,木,8,35,2022-08
2022-08-31,2570.415,壬寅,戊申,丙辰,-0.015974246423050453,丙,辰,火,土,8,35,2022-08
2022-09-01,2533.854,壬寅,戊申,丁巳,-0.014223773203937973,丁,巳,火,火,9,35,2022-09
2022-09-02,2533.023,壬寅,戊申,戊午,-0.00032795891160253277,戊,午,土,火,9,35,2022-09
2022-09-05,2538.204,壬寅,戊申,辛酉,0.002045382138259333,辛,酉,金,金,9,36,2022-09
2022-09-06,2540.635,壬寅,戊申,壬戌,0.0009577638361613072,壬,戌,水,土,9,36,2022-09
2022-09-07,2570.802,壬寅,己酉,癸亥,0.011873803202742561,癸,亥,水,水,9,36,2022-09
2022-09-08,2523.006,壬寅,己酉,甲子,-0.01859186355075193,甲,子,木,水,9,36,2022-09
2022-09-09,2548.216,壬寅,己酉,乙丑,0.009992049166748007,乙,丑,木,土,9,36,2022-09
2022-09-13,2550.625,壬寅,己酉,己巳,0.0009453672687087522,己,巳,土,火,9,37,2022-09
2022-09-14,2503.824,壬寅,己酉,庚午,-0.018348836069590813,庚,午,金,火,9,37,2022-09
2022-09-15,2424.192,壬寅,己酉,辛未,-0.031804152368537064,辛,未,金,土,9,37,2022-09
2022-09-16,2367.398,壬寅,己酉,壬申,-0.023428012302655787,壬,申,水,金,9,37,2022-09
2022-09-19,2350.376,壬寅,己酉,乙亥,-0.007190172501624126,乙,亥,木,水,9,38,2022-09
2022-09-20,2366.904,壬寅,己酉,丙子,0.0070320663587442045,丙,子,火,水,9,38,2022-09
2022-09-21,2331.516,壬寅,己酉,丁丑,-0.014951176727066251,丁,丑,火,土,9,38,2022-09
2022-09-22,2319.419,壬寅,己酉,戊寅,-0.005188469648074512,戊,寅,土,木,9,38,2022-09
2022-09-23,2303.905,壬寅,己酉,己卯,-0.006688744034605065,己,卯,土,木,9,38,2022-09
2022-09-26,2323.052,壬寅,己酉,壬午,0.008310672532070518,壬,午,水,火,9,39,2022-09
2022-09-27,2374.737,壬寅,己酉,癸未,0.02224874862895887,癸,未,水,土,9,39,2022-09
2022-09-28,2313.77,壬寅,己酉,甲申,-0.025673158754001002,甲,申,木,金,9,39,2022-09
2022-09-29,2332.995,壬寅,己酉,乙酉,0.008308950327819975,乙,酉,木,金,9,39,2022-09
2022-09-30,2288.969,壬寅,己酉,丙戌,-0.01887102201247748,丙,戌,火,土,9,39,2022-09
2022-10-10,2236.245,壬寅,庚戌,丙申,-0.023033951093265226,丙,申,火,金,10,41,2022-10
2022-10-11,2261.892,壬寅,庚戌,丁酉,0.011468779136454055,丁,酉,火,金,10,41,2022-10
2022-10-12,2343.3,壬寅,庚戌,戊戌,0.03599110832877983,戊,戌,土,土,10,41,2022-10
2022-10-13,2350.686,壬寅,庚戌,己亥,0.0031519651773139756,己,亥,土,水,10,41,2022-10
2022-10-14,2434.219,壬寅,庚戌,庚子,0.03553558408056201,庚,子,金,水,10,41,2022-10
2022-10-17,2435.023,壬寅,庚戌,癸卯,0.00033029074212298504,癸,卯,水,木,10,42,2022-10
2022-10-18,2446.928,壬寅,庚戌,甲辰,0.004889070862985623,甲,辰,木,土,10,42,2022-10
2022-10-19,2425.957,壬寅,庚戌,乙巳,-0.008570337991146482,乙,巳,木,火,10,42,2022-10
2022-10-20,2401.716,壬寅,庚戌,丙午,-0.009992345288890148,丙,午,火,火,10,42,2022-10
2022-10-21,2395.157,壬寅,庚戌,丁未,-0.0027309640273869284,丁,未,火,土,10,42,2022-10
2022-10-24,2336.838,壬寅,庚戌,庚戌,-0.02434871701521024,庚,戌,金,土,10,43,2022-10
2022-10-25,2314.551,壬寅,庚戌,辛亥,-0.009537246484352058,辛,亥,金,水,10,43,2022-10
2022-10-26,2372.876,壬寅,庚戌,壬子,0.025199271910621324,壬,子,水,水,10,43,2022-10
2022-10-27,2337.253,壬寅,庚戌,癸丑,-0.015012583885546493,癸,丑,水,土,10,43,2022-10
2022-10-28,2250.51,壬寅,庚戌,甲寅,-0.03711322650992421,甲,寅,木,木,10,43,2022-10
2022-10-31,2265.078,壬寅,庚戌,丁巳,0.006473199408133956,丁,巳,火,火,10,44,2022-10
2022-11-01,2337.653,壬寅,庚戌,戊午,0.032040839211717964,戊,午,土,火,11,44,2022-11
2022-11-02,2375.862,壬寅,庚戌,己未,0.016345026400411244,己,未,土,土,11,44,2022-11
2022-11-03,2376.061,壬寅,庚戌,庚申,8.375907354896128e-05,庚,申,金,金,11,44,2022-11
2022-11-04,2451.223,壬寅,庚戌,辛酉,0.03163302625648079,辛,酉,金,金,11,44,2022-11
2022-11-07,2454.694,壬寅,辛亥,甲子,0.0014160278359007794,甲,子,木,水,11,45,2022-11
2022-11-08,2432.403,壬寅,辛亥,乙丑,-0.009080968951730939,乙,丑,木,土,11,45,2022-11
2022-11-09,2399.336,壬寅,辛亥,丙寅,-0.013594375603055875,丙,寅,火,木,11,45,2022-11
2022-11-10,2357.125,壬寅,辛亥,丁卯,-0.017592784003574224,丁,卯,火,木,11,45,2022-11
2022-11-11,2405.318,壬寅,辛亥,戊辰,0.020445670042954944,戊,辰,土,土,11,45,2022-11
2022-11-14,2375.207,壬寅,辛亥,辛未,-0.012518511065896631,辛,未,金,土,11,46,2022-11
2022-11-15,2431.733,壬寅,辛亥,壬申,0.02379834683882298,壬,申,水,金,11,46,2022-11
2022-11-16,2402.905,壬寅,辛亥,癸酉,-0.01185491992747556,癸,酉,水,金,11,46,2022-11
2022-11-17,2385.861,壬寅,辛亥,甲戌,-0.007093081083105801,甲,戌,木,土,11,46,2022-11
2022-11-18,2389.76,壬寅,辛亥,乙亥,0.0016342108781695064,乙,亥,木,水,11,46,2022-11
2022-11-21,2387.295,壬寅,辛亥,戊寅,-0.0010314843331548085,戊,寅,土,木,11,47,2022-11
2022-11-22,2343.554,壬寅,辛亥,己卯,-0.0183224109295248,己,卯,土,木,11,47,2022-11
2022-11-23,2340.337,壬寅,辛亥,庚辰,-0.001372701461114234,庚,辰,金,土,11,47,2022-11
2022-11-24,2335.524,壬寅,辛亥,辛巳,-0.002056541429717229,辛,巳,金,火,11,47,2022-11
2022-11-25,2309.36,壬寅,辛亥,壬午,-0.011202625192462068,壬,午,水,火,11,47,2022-11
2022-11-28,2298.802,壬寅,辛亥,乙酉,-0.004571829424602436,乙,酉,木,金,11,48,2022-11
2022-11-29,2339.793,壬寅,辛亥,丙戌,0.01783146177878736,丙,戌,火,土,11,48,2022-11
2022-11-30,2345.313,壬寅,辛亥,丁亥,0.0023591830559370752,丁,亥,火,水,11,48,2022-11
2022-12-01,2381.183,壬寅,辛亥,戊子,0.015294333847976738,戊,子,土,水,12,48,2022-12
2022-12-02,2383.322,壬寅,辛亥,己丑,0.00089829299134081,己,丑,土,土,12,48,2022-12
2022-12-05,2377.107,壬寅,辛亥,壬辰,-0.0026077047079664517,壬,辰,水,土,12,49,2022-12
2022-12-06,2393.281,壬寅,辛亥,癸巳,0.0068040689796462495,癸,巳,水,火,12,49,2022-12
2022-12-07,2414.043,壬寅,壬子,甲午,0.008675120054853602,甲,午,木,火,12,49,2022-12
2022-12-08,2411.812,壬寅,壬子,乙未,-0.0009241757499763859,乙,未,木,土,12,49,2022-12
2022-12-09,2420.629,壬寅,壬子,丙申,0.003655757579778207,丙,申,火,金,12,49,2022-12
2022-12-12,2401.522,壬寅,壬子,己亥,-0.007893402913044523,己,亥,土,水,12,50,2022-12
2022-12-13,2376.205,壬寅,壬子,庚子,-0.01054206457404927,庚,子,金,水,12,50,2022-12
2022-12-14,2368.079,壬寅,壬子,辛丑,-0.003419738616827983,辛,丑,金,土,12,50,2022-12
2022-12-15,2399.124,壬寅,壬子,壬寅,0.013109782232771705,壬,寅,水,木,12,50,2022-12
2022-12-16,2373.723,壬寅,壬子,癸卯,-0.010587614479284913,癸,卯,水,木,12,50,2022-12
2022-12-19,2346.697,壬寅,壬子,丙午,-0.01138549021937263,丙,午,火,火,12,51,2022-12
2022-12-20,2310.799,壬寅,壬子,丁未,-0.015297245447537633,丁,未,火,土,12,51,2022-12
2022-12-21,2303.703,壬寅,壬子,戊申,-0.0030707993209275752,戊,申,土,金,12,51,2022-12
2022-12-22,2295.32,壬寅,壬子,己酉,-0.003638923941150285,己,酉,土,金,12,51,2022-12
2022-12-23,2286.188,壬寅,壬子,庚戌,-0.003978530226722232,庚,戌,金,土,12,51,2022-12
2022-12-26,2331.41,壬寅,壬子,癸丑,0.019780525486092992,癸,丑,水,土,12,52,2022-12
2022-12-27,2359.5,壬寅,壬子,甲寅,0.012048502837338937,甲,寅,木,木,12,52,2022-12
2022-12-28,2338.258,壬寅,壬子,乙卯,-0.00900275482093671,乙,卯,木,木,12,52,2022-12
2022-12-29,2349.383,壬寅,壬子,丙辰,0.004757815433540591,丙,辰,火,土,12,52,2022-12
2022-12-30,2346.767,壬寅,壬子,丁巳,-0.0011134838380970624,丁,巳,火,火,12,52,2022-12
2023-01-03,2356.424,壬寅,壬子,辛酉,0.004115022923025569,辛,酉,金,金,1,1,2023-01
2023-01-04,2335.122,壬寅,壬子,壬戌,-0.00903996903783022,壬,戌,水,土,1,1,2023-01
2023-01-05,2399.458,壬寅,癸丑,癸亥,0.027551451273209793,癸,亥,水,水,1,1,2023-01
2023-01-06,2422.141,壬寅,癸丑,甲子,0.009453384889420935,甲,子,木,水,1,1,2023-01
2023-01-09,2440.366,壬寅,癸丑,丁卯,0.007524334875632643,丁,卯,火,木,1,2,2023-01
2023-01-10,2474.005,壬寅,癸丑,戊辰,0.013784407748673733,戊,辰,土,土,1,2,2023-01
2023-01-11,2445.971,壬寅,癸丑,己巳,-0.011331424148294023,己,巳,土,火,1,2,2023-01
2023-01-12,2458.494,壬寅,癸丑,庚午,0.005119848109401248,庚,午,金,火,1,2,2023-01
2023-01-13,2493.126,壬寅,癸丑,辛未,0.014086672572721337,辛,未,金,土,1,2,2023-01
2023-01-16,2539.521,壬寅,癸丑,甲戌,0.018609167767694057,甲,戌,木,土,1,3,2023-01
2023-01-17,2545.555,壬寅,癸丑,乙亥,0.0023760386309070736,乙,亥,木,水,1,3,2023-01
2023-01-18,2543.896,壬寅,癸丑,丙子,-0.0006517242801666878,丙,子,火,水,1,3,2023-01
2023-01-19,2571.438,壬寅,癸丑,丁丑,0.010826700462597483,丁,丑,火,土,1,3,2023-01
2023-01-20,2585.963,壬寅,癸丑,戊寅,0.005648590399613074,戊,寅,土,木,1,3,2023-01
2023-01-30,2613.885,壬寅,癸丑,戊子,0.010797524945252546,戊,子,土,水,1,5,2023-01
2023-01-31,2580.839,壬寅,癸丑,己丑,-0.01264248427149639,己,丑,土,土,1,5,2023-01
2023-02-01,2613.689,壬寅,癸丑,庚寅,0.012728418936632568,庚,寅,金,木,2,5,2023-02
2023-02-02,2602.316,壬寅,癸丑,辛卯,-0.004351321063829738,辛,卯,金,木,2,5,2023-02
2023-02-03,2580.111,壬寅,癸丑,壬辰,-0.00853278387405676,壬,辰,水,土,2,5,2023-02
2023-02-06,2544.091,癸卯,甲寅,乙未,-0.013960639677905284,乙,未,木,土,2,6,2023-02
2023-02-07,2537.969,癸卯,甲寅,丙申,-0.0024063604643072,丙,申,火,金,2,6,2023-02
2023-02-08,2525.877,癸卯,甲寅,丁酉,-0.004764439597173986,丁,酉,火,金,2,6,2023-02
2023-02-09,2569.733,癸卯,甲寅,戊戌,0.017362682347557,戊,戌,土,土,2,6,2023-02
2023-02-10,2545.156,癸卯,甲寅,己亥,-0.009564028636438238,己,亥,土,水,2,6,2023-02
2023-02-13,2573.181,癸卯,甲寅,壬寅,0.011011112874810047,壬,寅,水,木,2,7,2023-02
2023-02-14,2565.155,癸卯,甲寅,癸卯,-0.0031190965579179775,癸,卯,水,木,2,7,2023-02
2023-02-15,2547.198,癸卯,甲寅,甲辰,-0.007000356703591115,甲,辰,木,土,2,7,2023-02
2023-02-16,2512.499,癸卯,甲寅,乙巳,-0.013622419615593295,乙,巳,木,火,2,7,2023-02
2023-02-17,2449.351,癸卯,甲寅,丙午,-0.02513354234170828,丙,午,火,火,2,7,2023-02
2023-02-20,2480.794,癸卯,甲寅,己酉,0.012837278119795625,己,酉,土,金,2,8,2023-02
2023-02-21,2469.807,癸卯,甲寅,庚戌,-0.004428823997478237,庚,戌,金,土,2,8,2023-02
2023-02-22,2451.898,癸卯,甲寅,辛亥,-0.00725117387714902,辛,亥,金,水,2,8,2023-02
2023-02-23,2457.482,癸卯,甲寅,壬子,0.00227741937062631,壬,子,水,水,2,8,2023-02
2023-02-24,2428.936,癸卯,甲寅,癸丑,-0.011615954867624567,癸,丑,水,土,2,8,2023-02
2023-02-27,2409.794,癸卯,甲寅,丙辰,-0.007880816950302627,丙,辰,火,土,2,9,2023-02
2023-02-28,2429.027,癸卯,甲寅,丁巳,0.007981180134069676,丁,巳,火,火,2,9,2023-02
2023-03-01,2443.946,癸卯,甲寅,戊午,0.00614196548659196,戊,午,土,火,3,9,2023-03
2023-03-02,2418.598,癸卯,甲寅,己未,-0.01037175125800649,己,未,土,土,3,9,2023-03
2023-03-03,2422.437,癸卯,甲寅,庚申,0.0015872832111827329,庚,申,金,金,3,9,2023-03
2023-03-06,2431.556,癸卯,乙卯,癸亥,0.0037643909831297506,癸,亥,水,水,3,10,2023-03
2023-03-07,2383.731,癸卯,乙卯,甲子,-0.019668475659207485,甲,子,木,水,3,10,2023-03
2023-03-08,2377.584,癸卯,乙卯,乙丑,-0.0025787305698505847,乙,丑,木,土,3,10,2023-03
2023-03-09,2372.68,癸卯,乙卯,丙寅,-0.002062597998640614,丙,寅,火,木,3,10,2023-03
2023-03-10,2370.358,癸卯,乙卯,丁卯,-0.0009786401874671835,丁,卯,火,木,3,10,2023-03
2023-03-13,2357.068,癸卯,乙卯,庚午,-0.0056067480102162115,庚,午,金,火,3,11,2023-03
2023-03-14,2343.11,癸卯,乙卯,辛未,-0.0059217638184388965,辛,未,金,土,3,11,2023-03
2023-03-15,2337.463,癸卯,乙卯,壬申,-0.002410044769558417,壬,申,水,金,3,11,2023-03
2023-03-16,2302.049,癸卯,乙卯,癸酉,-0.015150614148758845,癸,酉,水,金,3,11,2023-03
2023-03-17,2293.67,癸卯,乙卯,甲戌,-0.0036398008904241497,甲,戌,木,土,3,11,2023-03
2023-03-20,2291.918,癸卯,乙卯,丁丑,-0.0007638413546848799,丁,丑,火,土,3,12,2023-03
2023-03-21,2337.257,癸卯,乙卯,戊寅,0.019782121349891213,戊,寅,土,木,3,12,2023-03
2023-03-22,2341.923,癸卯,乙卯,己卯,0.001996357268370552,己,卯,土,木,3,12,2023-03
2023-03-23,2361.409,癸卯,乙卯,庚辰,0.008320512672705505,庚,辰,金,土,3,12,2023-03
2023-03-24,2370.38,癸卯,乙卯,辛巳,0.0037990030528383123,辛,巳,金,火,3,12,2023-03
2023-03-27,2398.015,癸卯,乙卯,甲申,0.011658468262472521,甲,申,木,金,3,13,2023-03
2023-03-28,2369.172,癸卯,乙卯,乙酉,-0.012027864713106351,乙,酉,木,金,3,13,2023-03
2023-03-29,2371.19,癸卯,乙卯,丙戌,0.000851774375182579,丙,戌,火,土,3,13,2023-03
2023-03-30,2383.038,癸卯,乙卯,丁亥,0.0049966472530669215,丁,亥,火,水,3,13,2023-03
2023-03-31,2399.502,癸卯,乙卯,戊子,0.006908828142899948,戊,子,土,水,3,13,2023-03
2023-04-03,2440.207,癸卯,乙卯,辛卯,0.01696393668352858,辛,卯,金,木,4,14,2023-04
2023-04-04,2421.655,癸卯,乙卯,壬辰,-0.007602633710992457,壬,辰,水,土,4,14,2023-04
2023-04-10,2443.521,癸卯,丙辰,戊戌,0.009029362151090847,戊,戌,土,土,4,15,2023-04
2023-04-11,2439.396,癸卯,丙辰,己亥,-0.0016881377323951785,己,亥,土,水,4,15,2023-04
2023-04-12,2429.293,癸卯,丙辰,庚子,-0.004141598985978545,庚,子,金,水,4,15,2023-04
2023-04-13,2405.76,癸卯,丙辰,辛丑,-0.00968718059122542,辛,丑,金,土,4,15,2023-04
2023-04-14,2428.09,癸卯,丙辰,壬寅,0.009281890130353743,壬,寅,水,木,4,15,2023-04
2023-04-17,2434.442,癸卯,丙辰,乙巳,0.0026160480048103008,乙,巳,木,火,4,16,2023-04
2023-04-18,2431.1,癸卯,丙辰,丙午,-0.0013727991876578693,丙,午,火,火,4,16,2023-04
2023-04-19,2415.76,癸卯,丙辰,丁未,-0.0063099008679197155,丁,未,火,土,4,16,2023-04
2023-04-20,2386.674,癸卯,丙辰,戊申,-0.012040103321522055,戊,申,土,金,4,16,2023-04
2023-04-21,2341.191,癸卯,丙辰,己酉,-0.019057064349802366,己,酉,土,金,4,16,2023-04
2023-04-24,2301.238,癸卯,丙辰,壬子,-0.01706524585136371,壬,子,水,水,4,17,2023-04
2023-04-25,2259.193,癸卯,丙辰,癸丑,-0.01827060043333184,癸,丑,水,土,4,17,2023-04
2023-04-26,2294.057,癸卯,丙辰,甲寅,0.015432059146783583,甲,寅,木,木,4,17,2023-04
2023-04-27,2307.271,癸卯,丙辰,乙卯,0.005760100991387906,乙,卯,木,木,4,17,2023-04
2023-04-28,2324.715,癸卯,丙辰,丙辰,0.00756044695226521,丙,辰,火,土,4,17,2023-04
2023-05-04,2297.67,癸卯,丙辰,壬戌,-0.011633684129022326,壬,戌,水,土,5,18,2023-05
2023-05-05,2267.632,癸卯,丙辰,癸亥,-0.013073243764335163,癸,亥,水,水,5,18,2023-05
2023-05-08,2273.4,癸卯,丁巳,丙寅,0.0025436225983757055,丙,寅,火,木,5,19,2023-05
2023-05-09,2245.823,癸卯,丁巳,丁卯,-0.01213028943432759,丁,卯,火,木,5,19,2023-05
2023-05-10,2262.217,癸卯,丁巳,戊辰,0.007299773846825897,戊,辰,土,土,5,19,2023-05
2023-05-11,2276.571,癸卯,丁巳,己巳,0.006345103055984458,己,巳,土,火,5,19,2023-05
2023-05-12,2252.38,癸卯,丁巳,庚午,-0.010626068767457642,庚,午,金,火,5,19,2023-05
2023-05-15,2299.93,癸卯,丁巳,癸酉,0.02111100258393339,癸,酉,水,金,5,20,2023-05
2023-05-16,2294.192,癸卯,丁巳,甲戌,-0.0024948585391728617,甲,戌,木,土,5,20,2023-05
2023-05-17,2293.644,癸卯,丁巳,乙亥,-0.00023886405322670612,乙,亥,木,水,5,20,2023-05
2023-05-18,2277.974,癸卯,丁巳,丙子,-0.006831923349918112,丙,子,火,水,5,20,2023-05
2023-05-19,2278.585,癸卯,丁巳,丁丑,0.00026822079619859274,丁,丑,火,土,5,20,2023-05
2023-05-22,2280.151,癸卯,丁巳,庚辰,0.0006872686338230682,庚,辰,金,土,5,21,2023-05
2023-05-23,2253.331,癸卯,丁巳,辛巳,-0.011762378895081804,辛,巳,金,火,5,21,2023-05
2023-05-24,2245.257,癸卯,丁巳,壬午,-0.0035831398050264474,壬,午,水,火,5,21,2023-05
2023-05-25,2244.184,癸卯,丁巳,癸未,-0.0004778962942771914,癸,未,水,土,5,21,2023-05
2023-05-26,2229.268,癸卯,丁巳,甲申,-0.0066465138330904505,甲,申,木,金,5,21,2023-05
2023-05-29,2203.842,癸卯,丁巳,丁亥,-0.011405537602477533,丁,亥,火,水,5,22,2023-05
2023-05-30,2218.603,癸卯,丁巳,戊子,0.006697848575351495,戊,子,土,水,5,22,2023-05
2023-05-31,2193.408,癸卯,丁巳,己丑,-0.011356245348987715,己,丑,土,土,5,22,2023-05
2023-06-01,2206.426,癸卯,丁巳,庚寅,0.005935056314192444,庚,寅,金,木,6,22,2023-06
2023-06-02,2233.275,癸卯,丁巳,辛卯,0.012168547687527287,辛,卯,金,木,6,22,2023-06
2023-06-05,2202.136,癸卯,丁巳,甲午,-0.013943200008955547,甲,午,木,火,6,23,2023-06
2023-06-06,2164.811,癸卯,戊午,乙未,-0.01694945271318382,乙,未,木,土,6,23,2023-06
2023-06-07,2129.898,癸卯,戊午,丙申,-0.016127504895346534,丙,申,火,金,6,23,2023-06
2023-06-08,2123.961,癸卯,戊午,丁酉,-0.002787457427538942,丁,酉,火,金,6,23,2023-06
2023-06-09,2143.009,癸卯,戊午,戊戌,0.008968149603500342,戊,戌,土,土,6,23,2023-06
2023-06-12,2152.422,癸卯,戊午,辛丑,0.004392422057023504,辛,丑,金,土,6,24,2023-06
2023-06-13,2166.962,癸卯,戊午,壬寅,0.006755180907833003,壬,寅,水,木,6,24,2023-06
2023-06-14,2163.34,癸卯,戊午,癸卯,-0.0016714644742269469,癸,卯,水,木,6,24,2023-06
2023-06-15,2237.74,癸卯,戊午,甲辰,0.03439126535819592,甲,辰,木,土,6,24,2023-06
2023-06-16,2270.064,癸卯,戊午,乙巳,0.01444493104650224,乙,巳,木,火,6,24,2023-06
2023-06-19,2265.185,癸卯,戊午,戊申,-0.002149278610647065,戊,申,土,金,6,25,2023-06
2023-06-20,2271.419,癸卯,戊午,己酉,0.0027520930961488776,己,酉,土,金,6,25,2023-06
2023-06-21,2211.836,癸卯,戊午,庚戌,-0.026231619969719455,庚,戌,金,土,6,25,2023-06
2023-06-26,2186.253,癸卯,戊午,乙卯,-0.011566409082770845,乙,卯,木,木,6,26,2023-06
2023-06-27,2191.828,癸卯,戊午,丙辰,0.002550025088587482,丙,辰,火,土,6,26,2023-06
2023-06-28,2182.095,癸卯,戊午,丁巳,-0.004440585666393604,丁,巳,火,火,6,26,2023-06
2023-06-29,2180.063,癸卯,戊午,戊午,-0.0009312151854065087,戊,午,土,火,6,26,2023-06
2023-06-30,2215.001,癸卯,戊午,己未,0.016026142363775753,己,未,土,土,6,26,2023-06
2023-07-03,2228.211,癸卯,戊午,壬戌,0.005963879926013327,壬,戌,水,土,7,27,2023-07
2023-07-04,2232.75,癸卯,戊午,癸亥,0.0020370602245478597,癸,亥,水,水,7,27,2023-07
2023-07-05,2212.415,癸卯,戊午,甲子,-0.009107602732056908,甲,子,木,水,7,27,2023-07
2023-07-06,2192.187,癸卯,戊午,乙丑,-0.009142950124637617,乙,丑,木,土,7,27,2023-07
2023-07-07,2169.208,癸卯,己未,丙寅,-0.010482226196943834,丙,寅,火,木,7,27,2023-07
2023-07-10,2198.865,癸卯,己未,己巳,0.013671810172191767,己,巳,土,火,7,28,2023-07
2023-07-11,2216.779,癸卯,己未,庚午,0.008146930348156944,庚,午,金,火,7,28,2023-07
2023-07-12,2196.852,癸卯,己未,辛未,-0.008989168518828472,辛,未,金,土,7,28,2023-07
2023-07-13,2237.515,癸卯,己未,壬申,0.018509667469633895,壬,申,水,金,7,28,2023-07
2023-07-14,2224.096,癸卯,己未,癸酉,-0.005997278230536973,癸,酉,水,金,7,28,2023-07
2023-07-17,2207.445,癸卯,己未,丙子,-0.00748663726745602,丙,子,火,水,7,29,2023-07
2023-07-18,2200.619,癸卯,己未,丁丑,-0.0030922627743840136,丁,丑,火,土,7,29,2023-07
2023-07-19,2177.247,癸卯,己未,戊寅,-0.010620648099466723,戊,寅,土,木,7,29,2023-07
2023-07-20,2155.647,癸卯,己未,己卯,-0.009920785285270739,己,卯,土,木,7,29,2023-07
2023-07-21,2163.117,癸卯,己未,庚辰,0.0034653169094940317,庚,辰,金,土,7,29,2023-07
2023-07-24,2146.929,癸卯,己未,癸未,-0.007483645128765648,癸,未,水,土,7,30,2023-07
2023-07-25,2192.897,癸卯,己未,甲申,0.02141104805980998,甲,申,木,金,7,30,2023-07
2023-07-26,2191.169,癸卯,己未,乙酉,-0.000787998706733628,乙,酉,木,金,7,30,2023-07
2023-07-27,2184.096,癸卯,己未,丙戌,-0.0032279573141094087,丙,戌,火,土,7,30,2023-07
2023-07-28,2219.538,癸卯,己未,丁亥,0.016227308689727993,丁,亥,火,水,7,30,2023-07
2023-07-31,2236.673,癸卯,己未,庚寅,0.007720075078687438,庚,寅,金,木,7,31,2023-07
2023-08-01,2223.796,癸卯,己未,辛卯,-0.0057572117157939084,辛,卯,金,木,8,31,2023-08
2023-08-02,2218.565,癸卯,己未,壬辰,-0.002352284112391523,壬,辰,水,土,8,31,2023-08
2023-08-03,2241.983,癸卯,己未,癸巳,0.01055547166749693,癸,巳,水,火,8,31,2023-08
2023-08-04,2263.373,癸卯,己未,甲午,0.009540661102247272,甲,午,木,火,8,31,2023-08
2023-08-07,2240.775,癸卯,己未,丁酉,-0.00998421382600212,丁,酉,火,金,8,32,2023-08
2023-08-08,2228.909,癸卯,庚申,戊戌,-0.005295489283841492,戊,戌,土,土,8,32,2023-08
2023-08-09,2228.731,癸卯,庚申,己亥,-7.985969817514427e-05,己,亥,土,水,8,32,2023-08
2023-08-10,2239.306,癸卯,庚申,庚子,0.0047448525640823025,庚,子,金,水,8,32,2023-08
2023-08-11,2187.036,癸卯,庚申,辛丑,-0.02334205329686967,辛,丑,金,土,8,32,2023-08
2023-08-14,2164.693,癸卯,庚申,甲辰,-0.010216109839984222,甲,辰,木,土,8,33,2023-08
2023-08-15,2148.674,癸卯,庚申,乙巳,-0.007400125560529935,乙,巳,木,火,8,33,2023-08
2023-08-16,2132.969,癸卯,庚申,丙午,-0.007309159044135982,丙,午,火,火,8,33,2023-08
2023-08-17,2147.061,癸卯,庚申,丁未,0.006606753309588598,丁,未,火,土,8,33,2023-08
2023-08-18,2118.925,癸卯,庚申,戊申,-0.013104425072226644,戊,申,土,金,8,33,2023-08
2023-08-21,2084.969,癸卯,庚申,辛亥,-0.016025107070802513,辛,亥,金,水,8,34,2023-08
2023-08-22,2086.941,癸卯,庚申,壬子,0.000945817419827133,壬,子,水,水,8,34,2023-08
2023-08-23,2038.976,癸卯,庚申,癸丑,-0.022983400105704765,癸,丑,水,土,8,34,2023-08
2023-08-24,2064.573,癸卯,庚申,甲寅,0.012553850560281132,甲,寅,木,木,8,34,2023-08
2023-08-25,2040.399,癸卯,庚申,乙卯,-0.011708958704778172,乙,卯,木,木,8,34,2023-08
2023-08-28,2060.044,癸卯,庚申,戊午,0.009628018833571339,戊,午,土,火,8,35,2023-08
2023-08-29,2118.194,癸卯,庚申,己未,0.028227552421210556,己,未,土,土,8,35,2023-08
2023-08-30,2117.125,癸卯,庚申,庚申,-0.0005046752091639739,庚,申,金,金,8,35,2023-08
2023-08-31,2102.575,癸卯,庚申,辛酉,-0.0068725276022909565,辛,酉,金,金,8,35,2023-08
2023-09-01,2100.258,癸卯,庚申,壬戌,-0.0011019820933855229,壬,戌,水,土,9,35,2023-09
2023-09-04,2118.034,癸卯,庚申,乙丑,0.008463722076049951,乙,丑,木,土,9,36,2023-09
2023-09-05,2111.327,癸卯,庚申,丙寅,-0.0031666158333624184,丙,寅,火,木,9,36,2023-09
2023-09-06,2101.398,癸卯,庚申,丁卯,-0.004702729610335132,丁,卯,火,木,9,36,2023-09
2023-09-07,2056.98,癸卯,庚申,戊辰,-0.02113735713082443,戊,辰,土,土,9,36,2023-09
2023-09-08,2049.765,癸卯,辛酉,己巳,-0.003507569349240236,己,巳,土,火,9,36,2023-09
2023-09-11,2063.189,癸卯,辛酉,壬申,0.006549043426929524,壬,申,水,金,9,37,2023-09
2023-09-12,2051.039,癸卯,辛酉,癸酉,-0.005888941827432936,癸,酉,水,金,9,37,2023-09
2023-09-13,2027.729,癸卯,辛酉,甲戌,-0.011364971607073393,甲,戌,木,土,9,37,2023-09
2023-09-14,2011.883,癸卯,辛酉,乙亥,-0.00781465373331447,乙,亥,木,水,9,37,2023-09
2023-09-15,2002.728,癸卯,辛酉,丙子,-0.004550463421580719,丙,子,火,水,9,37,2023-09
2023-09-18,2020.467,癸卯,辛酉,己卯,0.008857418481191592,己,卯,土,木,9,38,2023-09
2023-09-19,2002.665,癸卯,辛酉,庚辰,-0.00881083432691554,庚,辰,金,土,9,38,2023-09
2023-09-20,1987.296,癸卯,辛酉,辛巳,-0.00767427402985521,辛,巳,金,火,9,38,2023-09
2023-09-21,1967.607,癸卯,辛酉,壬午,-0.009907432008115613,壬,午,水,火,9,38,2023-09
2023-09-22,2013.344,癸卯,辛酉,癸未,0.023244987439056786,癸,未,水,土,9,38,2023-09
2023-09-25,2005.255,癸卯,辛酉,丙戌,-0.004017693945992273,丙,戌,火,土,9,39,2023-09
2023-09-26,1989.828,癸卯,辛酉,丁亥,-0.007693285891320567,丁,亥,火,水,9,39,2023-09
2023-09-27,2006.224,癸卯,辛酉,戊子,0.008239908172967603,戊,子,土,水,9,39,2023-09
2023-09-28,2003.908,癸卯,辛酉,己丑,-0.001154407483910047,己,丑,土,土,9,39,2023-09
2023-10-09,1998.607,癸卯,壬戌,庚子,-0.0026453310231806526,庚,子,金,水,10,41,2023-10
2023-10-10,1987.938,癸卯,壬戌,辛丑,-0.0053382180688849035,辛,丑,金,土,10,41,2023-10
2023-10-11,2003.902,癸卯,壬戌,壬寅,0.00803043153257299,壬,寅,水,木,10,41,2023-10
2023-10-12,2019.102,癸卯,壬戌,癸卯,0.007585201272317654,癸,卯,水,木,10,41,2023-10
2023-10-13,1996.601,癸卯,壬戌,甲辰,-0.011144063053773356,甲,辰,木,土,10,41,2023-10
2023-10-16,1956.723,癸卯,壬戌,丁未,-0.01997294401835925,丁,未,火,土,10,42,2023-10
2023-10-17,1961.886,癸卯,壬戌,戊申,0.0026385952431693394,戊,申,土,金,10,42,2023-10
2023-10-18,1938.435,癸卯,壬戌,己酉,-0.011953293922276842,己,酉,土,金,10,42,2023-10
2023-10-19,1913.702,癸卯,壬戌,庚戌,-0.012759261981959646,庚,戌,金,土,10,42,2023-10
2023-10-20,1896.946,癸卯,壬戌,辛亥,-0.008755804195219596,辛,亥,金,水,10,42,2023-10
2023-10-23,1864.909,癸卯,壬戌,甲寅,-0.016888725351169587,甲,寅,木,木,10,43,2023-10
2023-10-24,1880.814,癸卯,壬戌,乙卯,0.008528566273206861,乙,卯,木,木,10,43,2023-10
2023-10-25,1863.796,癸卯,壬戌,丙辰,-0.009048209977169486,丙,辰,火,土,10,43,2023-10
2023-10-26,1875.858,癸卯,壬戌,丁巳,0.006471738323292842,丁,巳,火,火,10,43,2023-10
2023-10-27,1929.909,癸卯,壬戌,戊午,0.028814014706870283,戊,午,土,火,10,43,2023-10
2023-10-30,1977.686,癸卯,壬戌,辛酉,0.024756089535827863,辛,酉,金,金,10,44,2023-10
2023-10-31,1968.226,癸卯,壬戌,壬戌,-0.004783368037190816,壬,戌,水,土,10,44,2023-10
2023-11-01,1959.127,癸卯,壬戌,癸亥,-0.0046229447228114395,癸,亥,水,水,11,44,2023-11
2023-11-02,1939.705,癸卯,壬戌,甲子,-0.009913599271512252,甲,子,木,水,11,44,2023-11
2023-11-03,1968.213,癸卯,壬戌,乙丑,0.014697080226116821,乙,丑,木,土,11,44,2023-11
2023-11-06,2032.335,癸卯,壬戌,戊辰,0.03257879101499683,戊,辰,土,土,11,45,2023-11
2023-11-07,2022.766,癸卯,壬戌,己巳,-0.0047083773098430814,己,巳,土,火,11,45,2023-11
2023-11-08,2023.13,癸卯,癸亥,庚午,0.0001799516108140775,庚,午,金,火,11,45,2023-11
2023-11-09,2018.385,癸卯,癸亥,辛未,-0.0023453757296861832,辛,未,金,土,11,45,2023-11
2023-11-10,2005.235,癸卯,癸亥,壬申,-0.006515109852679335,壬,申,水,金,11,45,2023-11
2023-11-13,2009.214,癸卯,癸亥,乙亥,0.0019843060788387046,乙,亥,木,水,11,46,2023-11
2023-11-14,2004.813,癸卯,癸亥,丙子,-0.0021904087867195,丙,子,火,水,11,46,2023-11
2023-11-15,2015.364,癸卯,癸亥,丁丑,0.005262834987602272,丁,丑,火,土,11,46,2023-11
2023-11-16,1978.118,癸卯,癸亥,戊寅,-0.018481028737240557,戊,寅,土,木,11,46,2023-11
2023-11-17,1986.526,癸卯,癸亥,己卯,0.004250504772718378,己,卯,土,木,11,46,2023-11
2023-11-20,1992.97,癸卯,癸亥,壬午,0.003243853843342581,壬,午,水,火,11,47,2023-11
2023-11-21,1984.271,癸卯,癸亥,癸未,-0.004364842421110238,癸,未,水,土,11,47,2023-11
2023-11-22,1950.008,癸卯,癸亥,甲申,-0.017267298670393227,甲,申,木,金,11,47,2023-11
2023-11-23,1961.351,癸卯,癸亥,乙酉,0.005816899212721216,乙,酉,木,金,11,47,2023-11
2023-11-24,1937.94,癸卯,癸亥,丙戌,-0.01193616033030298,丙,戌,火,土,11,47,2023-11
2023-11-27,1926.201,癸卯,癸亥,己丑,-0.006057463079352288,己,丑,土,土,11,48,2023-11
2023-11-28,1938.423,癸卯,癸亥,庚寅,0.006345132205828996,庚,寅,金,木,11,48,2023-11
2023-11-29,1917.903,癸卯,癸亥,辛卯,-0.010585924743980013,辛,卯,金,木,11,48,2023-11
2023-11-30,1922.591,癸卯,癸亥,壬辰,0.002444336340263309,壬,辰,水,土,11,48,2023-11
2023-12-01,1926.284,癸卯,癸亥,癸巳,0.0019208453592054475,癸,巳,水,火,12,48,2023-12
2023-12-04,1908.917,癸卯,癸亥,丙申,-0.009015804523113014,丙,申,火,金,12,49,2023-12
2023-12-05,1871.096,癸卯,癸亥,丁酉,-0.019812804852175292,丁,酉,火,金,12,49,2023-12
2023-12-06,1881.942,癸卯,癸亥,戊戌,0.005796602632895276,戊,戌,土,土,12,49,2023-12
2023-12-07,1877.212,癸卯,甲子,己亥,-0.002513361198166586,己,亥,土,水,12,49,2023-12
2023-12-08,1892.178,癸卯,甲子,庚子,0.007972461288336063,庚,子,金,水,12,49,2023-12
2023-12-11,1915.737,癸卯,甲子,癸卯,0.012450731379394453,癸,卯,水,木,12,50,2023-12
2023-12-12,1903.871,癸卯,甲子,甲辰,-0.006193960862059922,甲,辰,木,土,12,50,2023-12
2023-12-13,1872.341,癸卯,甲子,乙巳,-0.016560995991850347,乙,巳,木,火,12,50,2023-12
2023-12-14,1860.513,癸卯,甲子,丙午,-0.006317225334487642,丙,午,火,火,12,50,2023-12
2023-12-15,1848.501,癸卯,甲子,丁未,-0.006456283831394849,丁,未,火,土,12,50,2023-12
2023-12-18,1819.995,癸卯,甲子,庚戌,-0.015421143943119331,庚,戌,金,土,12,51,2023-12
2023-12-19,1827.672,癸卯,甲子,辛亥,0.004218143456438117,辛,亥,金,水,12,51,2023-12
2023-12-20,1802.881,癸卯,甲子,壬子,-0.013564250040488668,壬,子,水,水,12,51,2023-12
2023-12-21,1832.616,癸卯,甲子,癸丑,0.01649304640738891,癸,丑,水,土,12,51,2023-12
2023-12-22,1825.842,癸卯,甲子,甲寅,-0.003696355373957183,甲,寅,木,木,12,51,2023-12
2023-12-25,1831.569,癸卯,甲子,丁巳,0.0031366350429007372,丁,巳,火,火,12,52,2023-12
2023-12-26,1808.5,癸卯,甲子,戊午,-0.012595212083192031,戊,午,土,火,12,52,2023-12
2023-12-27,1809.832,癸卯,甲子,己未,0.0007365219795412159,己,未,土,土,12,52,2023-12
2023-12-28,1879.496,癸卯,甲子,庚申,0.038491970525440955,庚,申,金,金,12,52,2023-12
2023-12-29,1891.366,癸卯,甲子,辛酉,0.006315522884858371,辛,酉,金,金,12,52,2023-12
2024-01-02,1855.922,癸卯,甲子,乙丑,-0.0187398948696339,乙,丑,木,土,1,1,2024-01
2024-01-03,1834.732,癸卯,甲子,丙寅,-0.01141750569258837,丙,寅,火,木,1,1,2024-01
2024-01-04,1801.761,癸卯,甲子,丁卯,-0.017970471981739067,丁,卯,火,木,1,1,2024-01
2024-01-05,1775.577,癸卯,甲子,戊辰,-0.014532449087309551,戊,辰,土,土,1,1,2024-01
2024-01-08,1744.411,癸卯,乙丑,辛未,-0.017552604026747298,辛,未,金,土,1,2,2024-01
2024-01-09,1750.775,癸卯,乙丑,壬申,0.0036482228098768665,壬,申,水,金,1,2,2024-01
2024-01-10,1743.198,癸卯,乙丑,癸酉,-0.00432779768959457,癸,酉,水,金,1,2,2024-01
2024-01-11,1777.272,癸卯,乙丑,甲戌,0.019546832889895338,甲,戌,木,土,1,2,2024-01
2024-01-12,1761.16,癸卯,乙丑,乙亥,-0.009065579157270132,乙,亥,木,水,1,2,2024-01
2024-01-15,1745.609,癸卯,乙丑,戊寅,-0.008829975697835613,戊,寅,土,木,1,3,2024-01
2024-01-16,1752.23,癸卯,乙丑,己卯,0.00379294561382304,己,卯,土,木,1,3,2024-01
2024-01-17,1699.62,癸卯,乙丑,庚辰,-0.030024597227533034,庚,辰,金,土,1,3,2024-01
2024-01-18,1732.358,癸卯,乙丑,辛巳,0.019261952671773663,辛,巳,金,火,1,3,2024-01
2024-01-19,1715.436,癸卯,乙丑,壬午,-0.009768188792385835,壬,午,水,火,1,3,2024-01
2024-01-22,1666.88,癸卯,乙丑,乙酉,-0.028305340449891303,乙,酉,木,金,1,4,2024-01
2024-01-23,1687.614,癸卯,乙丑,丙戌,0.012438807832597432,丙,戌,火,土,1,4,2024-01
2024-01-24,1696.188,癸卯,乙丑,丁亥,0.00508054566980376,丁,亥,火,水,1,4,2024-01
2024-01-25,1720.783,癸卯,乙丑,戊子,0.014500161538697265,戊,子,土,水,1,4,2024-01
2024-01-26,1682.478,癸卯,乙丑,己丑,-0.022260215262470573,己,丑,土,土,1,4,2024-01
2024-01-29,1623.812,癸卯,乙丑,壬辰,-0.03486880660549507,壬,辰,水,土,1,5,2024-01
2024-01-30,1583.771,癸卯,乙丑,癸巳,-0.024658642749283755,癸,巳,水,火,1,5,2024-01
2024-01-31,1573.372,癸卯,乙丑,甲午,-0.006565974500101324,甲,午,木,火,1,5,2024-01
2024-02-01,1589.037,癸卯,乙丑,乙未,0.009956323107313425,乙,未,木,土,2,5,2024-02
2024-02-02,1550.374,癸卯,乙丑,丙申,-0.02433108857754729,丙,申,火,金,2,5,2024-02
2024-02-05,1562.61,甲辰,丙寅,己亥,0.007892289215376325,己,亥,土,水,2,6,2024-02
2024-02-06,1667.445,甲辰,丙寅,庚子,0.06708967688674727,庚,子,金,水,2,6,2024-02
2024-02-07,1707.02,甲辰,丙寅,辛丑,0.023733916261106103,辛,丑,金,土,2,6,2024-02
2024-02-08,1726.859,甲辰,丙寅,壬寅,0.011622007943667967,壬,寅,水,木,2,6,2024-02
2024-02-19,1746.422,甲辰,丙寅,癸丑,0.011328660880824737,癸,丑,水,土,2,8,2024-02
2024-02-20,1746.176,甲辰,丙寅,甲寅,-0.00014085942572872323,甲,寅,木,木,2,8,2024-02
2024-02-21,1752.478,甲辰,丙寅,乙卯,0.0036090291013048947,乙,卯,木,木,2,8,2024-02
2024-02-22,1757.869,甲辰,丙寅,丙辰,0.0030762155074128827,丙,辰,火,土,2,8,2024-02
2024-02-23,1758.193,甲辰,丙寅,丁巳,0.0001843140757360473,丁,巳,火,火,2,8,2024-02
2024-02-26,1751.703,甲辰,丙寅,庚申,-0.00369128986408207,庚,申,金,金,2,9,2024-02
2024-02-27,1793.979,甲辰,丙寅,辛酉,0.024134228233895882,辛,酉,金,金,2,9,2024-02
2024-02-28,1748.97,甲辰,丙寅,壬戌,-0.025088922445580475,壬,戌,水,土,2,9,2024-02
2024-02-29,1807.034,甲辰,丙寅,癸亥,0.03319896853576676,癸,亥,水,水,2,9,2024-02
2024-03-01,1824.035,甲辰,丙寅,甲子,0.009408234709474161,甲,子,木,水,3,9,2024-03
2024-03-04,1834.833,甲辰,丙寅,丁卯,0.005919842546880938,丁,卯,火,木,3,10,2024-03
2024-03-05,1833.661,甲辰,丁卯,戊辰,-0.0006387502295849279,戊,辰,土,土,3,10,2024-03
2024-03-06,1832.58,甲辰,丁卯,己巳,-0.0005895309983688923,己,巳,土,火,3,10,2024-03
2024-03-07,1789.936,甲辰,丁卯,庚午,-0.02326992546028006,庚,午,金,火,3,10,2024-03
2024-03-08,1807.294,甲辰,丁卯,辛未,0.00969755343207801,辛,未,金,土,3,10,2024-03
2024-03-11,1890.41,甲辰,丁卯,甲戌,0.04598919710904803,甲,戌,木,土,3,11,2024-03
2024-03-12,1906.037,甲辰,丁卯,乙亥,0.008266460714871249,乙,亥,木,水,3,11,2024-03
2024-03-13,1895.147,甲辰,丁卯,丙子,-0.005713425290275076,丙,子,火,水,3,11,2024-03
2024-03-14,1883.021,甲辰,丁卯,丁丑,-0.006398448247022515,丁,丑,火,土,3,11,2024-03
2024-03-15,1884.088,甲辰,丁卯,戊寅,0.0005666426449837392,戊,寅,土,木,3,11,2024-03
2024-03-18,1926.396,甲辰,丁卯,辛巳,0.02245542671042955,辛,巳,金,火,3,12,2024-03
2024-03-19,1906.938,甲辰,丁卯,壬午,-0.010100726953336636,壬,午,水,火,3,12,2024-03
2024-03-20,1909.245,甲辰,丁卯,癸未,0.0012097928721330753,癸,未,水,土,3,12,2024-03
2024-03-21,1897.094,甲辰,丁卯,甲申,-0.00636429583421716,甲,申,木,金,3,12,2024-03
2024-03-22,1869.175,甲辰,丁卯,乙酉,-0.014716719361296815,乙,酉,木,金,3,12,2024-03
2024-03-25,1833.441,甲辰,丁卯,戊子,-0.0191175251113459,戊,子,土,水,3,13,2024-03
2024-03-26,1841.535,甲辰,丁卯,己丑,0.00441464983056461,己,丑,土,土,3,13,2024-03
2024-03-27,1789.819,甲辰,丁卯,庚寅,-0.028083093723442754,庚,寅,金,木,3,13,2024-03
2024-03-28,1806.897,甲辰,丁卯,辛卯,0.009541746958770636,辛,卯,金,木,3,13,2024-03
2024-03-29,1818.203,甲辰,丁卯,壬辰,0.0062571358522374165,壬,辰,水,土,3,13,2024-03
2024-04-01,1872.118,甲辰,丁卯,乙未,0.029652904543661984,乙,未,木,土,4,14,2024-04
2024-04-02,1860.494,甲辰,丁卯,丙申,-0.0062090103294770715,丙,申,火,金,4,14,2024-04
2024-04-03,1840.412,甲辰,丁卯,丁酉,-0.01079390742458719,丁,酉,火,金,4,14,2024-04
2024-04-08,1807.048,甲辰,戊辰,壬寅,-0.01812854947696496,壬,寅,水,木,4,15,2024-04
2024-04-09,1827.579,甲辰,戊辰,癸卯,0.011361624040977292,癸,卯,水,木,4,15,2024-04
2024-04-10,1789.941,甲辰,戊辰,甲辰,-0.020594458570600715,甲,辰,木,土,4,15,2024-04
2024-04-11,1782.085,甲辰,戊辰,乙巳,-0.004388971480065562,乙,巳,木,火,4,15,2024-04
2024-04-12,1762.877,甲辰,戊辰,丙午,-0.010778385991689565,丙,午,火,火,4,15,2024-04
2024-04-15,1795.518,甲辰,戊辰,己酉,0.018515755778763854,己,酉,土,金,4,16,2024-04
2024-04-16,1760.2,甲辰,戊辰,庚戌,-0.019670089634300503,庚,戌,金,土,4,16,2024-04
2024-04-17,1797.311,甲辰,戊辰,辛亥,0.02108339961368011,辛,亥,金,水,4,16,2024-04
2024-04-18,1787.489,甲辰,戊辰,壬子,-0.00546483051625446,壬,子,水,水,4,16,2024-04
2024-04-19,1756.001,甲辰,戊辰,癸丑,-0.0176157727404197,癸,丑,水,土,4,16,2024-04
2024-04-22,1750.463,甲辰,戊辰,丙辰,-0.0031537567461521476,丙,辰,火,土,4,17,2024-04
2024-04-23,1753.161,甲辰,戊辰,丁巳,0.0015413065000517978,丁,巳,火,火,4,17,2024-04
2024-04-24,1765.41,甲辰,戊辰,戊午,0.006986808399228606,戊,午,土,火,4,17,2024-04
2024-04-25,1764.727,甲辰,戊辰,己未,-0.0003868789686248819,己,未,土,土,4,17,2024-04
2024-04-26,1823.741,甲辰,戊辰,庚申,0.03344086649096423,庚,申,金,金,4,17,2024-04
2024-04-29,1887.571,甲辰,戊辰,癸亥,0.03499948731755209,癸,亥,水,水,4,18,2024-04
2024-04-30,1858.393,甲辰,戊辰,甲子,-0.01545796158131263,甲,子,木,水,4,18,2024-04
2024-05-06,1895.208,甲辰,己巳,庚午,0.01981012627576617,庚,午,金,火,5,19,2024-05
2024-05-07,1892.539,甲辰,己巳,辛未,-0.001408288694433546,辛,未,金,土,5,19,2024-05
2024-05-08,1865.108,甲辰,己巳,壬申,-0.014494285190424061,壬,申,水,金,5,19,2024-05
2024-05-09,1900.009,甲辰,己巳,癸酉,0.01871258929777797,癸,酉,水,金,5,19,2024-05
2024-05-10,1878.165,甲辰,己巳,甲戌,-0.011496787646795403,甲,戌,木,土,5,19,2024-05
2024-05-13,1860.366,甲辰,己巳,丁丑,-0.009476803156272195,丁,丑,火,土,5,20,2024-05
2024-05-14,1855.598,甲辰,己巳,戊寅,-0.0025629365404442606,戊,寅,土,木,5,20,2024-05
2024-05-15,1838.887,甲辰,己巳,己卯,-0.009005722144559303,己,卯,土,木,5,20,2024-05
2024-05-16,1844.211,甲辰,己巳,庚辰,0.002895229560054613,庚,辰,金,土,5,20,2024-05
2024-05-17,1864.939,甲辰,己巳,辛巳,0.011239494830038499,辛,巳,金,火,5,20,2024-05
2024-05-20,1875.928,甲辰,己巳,甲申,0.00589241792895101,甲,申,木,金,5,21,2024-05
2024-05-21,1861.481,甲辰,己巳,乙酉,-0.00770125505882957,乙,酉,木,金,5,21,2024-05
2024-05-22,1877.927,甲辰,己巳,丙戌,0.008834900812847435,丙,戌,火,土,5,21,2024-05
2024-05-23,1852.067,甲辰,己巳,丁亥,-0.013770503326274053,丁,亥,火,水,5,21,2024-05
2024-05-24,1818.562,甲辰,己巳,戊子,-0.01809059823429715,戊,子,土,水,5,21,2024-05
2024-05-27,1830.958,甲辰,己巳,辛卯,0.006816374696051231,辛,卯,金,木,5,22,2024-05
2024-05-28,1806.255,甲辰,己巳,壬辰,-0.013491844160270161,壬,辰,水,土,5,22,2024-05
2024-05-29,1811.068,甲辰,己巳,癸巳,0.0026646293020642364,癸,巳,水,火,5,22,2024-05
2024-05-30,1813.155,甲辰,己巳,甲午,0.001152358718722768,甲,午,木,火,5,22,2024-05
2024-05-31,1805.109,甲辰,己巳,乙未,-0.004437568768252076,乙,未,木,土,5,22,2024-05
2024-06-03,1819.455,甲辰,己巳,戊戌,0.007947442509012026,戊,戌,土,土,6,23,2024-06
2024-06-04,1843.592,甲辰,己巳,己亥,0.013266060441176064,己,亥,土,水,6,23,2024-06
2024-06-05,1833.55,甲辰,庚午,庚子,-0.005446975252659025,庚,子,金,水,6,23,2024-06
2024-06-06,1820.448,甲辰,庚午,辛丑,-0.007145700962613466,辛,丑,金,土,6,23,2024-06
2024-06-07,1781.07,甲辰,庚午,壬寅,-0.021630939197384458,壬,寅,水,木,6,23,2024-06
2024-06-11,1787.302,甲辰,庚午,丙午,0.003499020251870988,丙,午,火,火,6,24,2024-06
2024-06-12,1779.418,甲辰,庚午,丁未,-0.004411117986775626,丁,未,火,土,6,24,2024-06
2024-06-13,1777.791,甲辰,庚午,戊申,-0.0009143439034560163,戊,申,土,金,6,24,2024-06
2024-06-14,1791.362,甲辰,庚午,己酉,0.007633630724871665,己,酉,土,金,6,24,2024-06
2024-06-17,1806.193,甲辰,庚午,壬子,0.00827917528673705,壬,子,水,水,6,25,2024-06
2024-06-18,1811.365,甲辰,庚午,癸丑,0.0028634813666092995,癸,丑,水,土,6,25,2024-06
2024-06-19,1788.496,甲辰,庚午,甲寅,-0.012625285351102522,甲,寅,木,木,6,25,2024-06
2024-06-20,1762.701,甲辰,庚午,乙卯,-0.014422732843685449,乙,卯,木,木,6,25,2024-06
2024-06-21,1755.876,甲辰,庚午,丙辰,-0.0038718988642997276,丙,辰,火,土,6,25,2024-06
2024-06-24,1731.515,甲辰,庚午,己未,-0.013873986545746897,己,未,土,土,6,26,2024-06
2024-06-25,1700.025,甲辰,庚午,庚申,-0.018186385910604286,庚,申,金,金,6,26,2024-06
2024-06-26,1730.642,甲辰,庚午,辛酉,0.01800973515095361,辛,酉,金,金,6,26,2024-06
2024-06-27,1703.201,甲辰,庚午,壬戌,-0.015855965589648302,壬,戌,水,土,6,26,2024-06
2024-06-28,1683.43,甲辰,庚午,癸亥,-0.011608142550409428,癸,亥,水,水,6,26,2024-06
2024-07-01,1682.692,甲辰,庚午,丙寅,-0.0004383906666746151,丙,寅,火,木,7,27,2024-07
2024-07-02,1665.035,甲辰,庚午,丁卯,-0.010493304775918588,丁,卯,火,木,7,27,2024-07
2024-07-03,1660.124,甲辰,庚午,戊辰,-0.002949487548309815,戊,辰,土,土,7,27,2024-07
2024-07-04,1647.22,甲辰,庚午,己巳,-0.007772913348641386,己,巳,土,火,7,27,2024-07
2024-07-05,1655.594,甲辰,庚午,庚午,0.005083716807712468,庚,午,金,火,7,27,2024-07
2024-07-08,1628.758,甲辰,辛未,癸酉,-0.016209288025929025,癸,酉,水,金,7,28,2024-07
2024-07-09,1652.117,甲辰,辛未,甲戌,0.014341602619910354,甲,戌,木,土,7,28,2024-07
2024-07-10,1651.11,甲辰,辛未,乙亥,-0.0006095209963943304,乙,亥,木,水,7,28,2024-07
2024-07-11,1685.118,甲辰,辛未,丙子,0.020597052891691003,丙,子,火,水,7,28,2024-07
2024-07-12,1683.629,甲辰,辛未,丁丑,-0.0008836176457672762,丁,丑,火,土,7,28,2024-07
2024-07-15,1673.007,甲辰,辛未,庚辰,-0.0063089908762559155,庚,辰,金,土,7,29,2024-07
2024-07-16,1696.336,甲辰,辛未,辛巳,0.013944352892725442,辛,巳,金,火,7,29,2024-07
2024-07-17,1696.451,甲辰,辛未,壬午,6.779317305061205e-05,壬,午,水,火,7,29,2024-07
2024-07-18,1717.709,甲辰,辛未,癸未,0.012530865907709687,癸,未,水,土,7,29,2024-07
2024-07-19,1725.487,甲辰,辛未,甲申,0.004528124379624243,甲,申,木,金,7,29,2024-07
2024-07-22,1723.914,甲辰,辛未,丁亥,-0.0009116266885813573,丁,亥,火,水,7,30,2024-07
2024-07-23,1671.443,甲辰,辛未,戊子,-0.030437133174856745,戊,子,土,水,7,30,2024-07
2024-07-24,1650.908,甲辰,辛未,己丑,-0.012285791379065936,己,丑,土,土,7,30,2024-07
2024-07-25,1644.454,甲辰,辛未,庚寅,-0.003909363816760214,庚,寅,金,木,7,30,2024-07
2024-07-26,1659.534,甲辰,辛未,辛卯,0.009170216983874324,辛,卯,金,木,7,30,2024-07
2024-07-29,1635.675,甲辰,辛未,甲午,-0.014376927498924497,甲,午,木,火,7,31,2024-07
2024-07-30,1630.951,甲辰,辛未,乙未,-0.002888104299448191,乙,未,木,土,7,31,2024-07
2024-07-31,1688.142,甲辰,辛未,丙申,0.035066044289497444,丙,申,火,金,7,31,2024-07
2024-08-01,1665.973,甲辰,辛未,丁酉,-0.01313218911679237,丁,酉,火,金,8,31,2024-08
2024-08-02,1638.304,甲辰,辛未,戊戌,-0.016608312379612356,戊,戌,土,土,8,31,2024-08
2024-08-05,1607.288,甲辰,辛未,辛丑,-0.018931773346094527,辛,丑,金,土,8,32,2024-08
2024-08-06,1627.355,甲辰,辛未,壬寅,0.012485005798587467,壬,寅,水,木,8,32,2024-08
2024-08-07,1620.332,甲辰,壬申,癸卯,-0.004315591865327373,癸,卯,水,木,8,32,2024-08
2024-08-08,1611.509,甲辰,壬申,甲辰,-0.005445180370442615,甲,辰,木,土,8,32,2024-08
2024-08-09,1595.642,甲辰,壬申,乙巳,-0.009846051123512112,乙,巳,木,火,8,32,2024-08
2024-08-12,1592.394,甲辰,壬申,戊申,-0.0020355443138247997,戊,申,土,金,8,33,2024-08
2024-08-13,1607.186,甲辰,壬申,己酉,0.009289158336441838,己,酉,土,金,8,33,2024-08
2024-08-14,1584.328,甲辰,壬申,庚戌,-0.014222373763833174,庚,戌,金,土,8,33,2024-08
2024-08-15,1592.71,甲辰,壬申,辛亥,0.005290571144358935,辛,亥,金,水,8,33,2024-08
2024-08-16,1591.461,甲辰,壬申,壬子,-0.0007841980021473516,壬,子,水,水,8,33,2024-08
2024-08-19,1589.287,甲辰,壬申,乙卯,-0.0013660403867892246,乙,卯,木,木,8,34,2024-08
2024-08-20,1567.969,甲辰,壬申,丙辰,-0.013413562182286731,丙,辰,火,土,8,34,2024-08
2024-08-21,1558.512,甲辰,壬申,丁巳,-0.006031369242631812,丁,巳,火,火,8,34,2024-08
2024-08-22,1546.631,甲辰,壬申,戊午,-0.00762329709363796,戊,午,土,火,8,34,2024-08
2024-08-23,1546.903,甲辰,壬申,己未,0.0001758661244990467,己,未,土,土,8,34,2024-08
2024-08-26,1545.309,甲辰,壬申,壬戌,-0.0010304459943513145,壬,戌,水,土,8,35,2024-08
2024-08-27,1530.744,甲辰,壬申,癸亥,-0.009425299406138232,癸,亥,水,水,8,35,2024-08
2024-08-28,1531.45,甲辰,壬申,甲子,0.00046121363206386157,甲,子,木,水,8,35,2024-08
2024-08-29,1541.4,甲辰,壬申,乙丑,0.006497110581475063,乙,丑,木,土,8,35,2024-08
2024-08-30,1580.459,甲辰,壬申,丙寅,0.02533995069417405,丙,寅,火,木,8,35,2024-08
2024-09-02,1536.95,甲辰,壬申,己巳,-0.027529344323389604,己,巳,土,火,9,36,2024-09
2024-09-03,1556.321,甲辰,壬申,庚午,0.012603532971144027,庚,午,金,火,9,36,2024-09
2024-09-04,1554.64,甲辰,壬申,辛未,-0.0010801113652002536,辛,未,金,土,9,36,2024-09
2024-09-05,1564.723,甲辰,壬申,壬申,0.0064857458961560255,壬,申,水,金,9,36,2024-09
2024-09-06,1538.072,甲辰,壬申,癸酉,-0.017032407652983972,癸,酉,水,金,9,36,2024-09
2024-09-09,1539.038,甲辰,癸酉,丙子,0.0006280590245451023,丙,子,火,水,9,37,2024-09
2024-09-10,1539.98,甲辰,癸酉,丁丑,0.0006120706571248746,丁,丑,火,土,9,37,2024-09
2024-09-11,1558.328,甲辰,癸酉,戊寅,0.011914440447278407,戊,寅,土,木,9,37,2024-09
2024-09-12,1551.814,甲辰,癸酉,己卯,-0.004180121258168912,己,卯,土,木,9,37,2024-09
2024-09-13,1535.168,甲辰,癸酉,庚辰,-0.01072680102125656,庚,辰,金,土,9,37,2024-09
2024-09-18,1533.473,甲辰,癸酉,乙酉,-0.0011041136865801437,乙,酉,木,金,9,38,2024-09
2024-09-19,1546.474,甲辰,癸酉,丙戌,0.008478140795436184,丙,戌,火,土,9,38,2024-09
2024-09-20,1536.599,甲辰,癸酉,丁亥,-0.006385493710207912,丁,亥,火,水,9,38,2024-09
2024-09-23,1530.506,甲辰,癸酉,庚寅,-0.0039652505305547425,庚,寅,金,木,9,39,2024-09
2024-09-24,1615.322,甲辰,癸酉,辛卯,0.055416966676380186,辛,卯,金,木,9,39,2024-09
2024-09-25,1641.542,甲辰,癸酉,壬辰,0.016232057756905505,壬,辰,水,土,9,39,2024-09
2024-09-26,1714.144,甲辰,癸酉,癸巳,0.044227927156295754,癸,巳,水,火,9,39,2024-09
2024-09-27,1885.489,甲辰,癸酉,甲午,0.09995951331976771,甲,午,木,火,9,39,2024-09
2024-09-30,2175.086,甲辰,癸酉,丁酉,0.15359251631804782,丁,酉,火,金,9,40,2024-09
2024-10-08,2550.276,甲辰,甲戌,乙巳,0.17249432895986638,乙,巳,木,火,10,41,2024-10
2024-10-09,2280.096,甲辰,甲戌,丙午,-0.10594147456981118,丙,午,火,火,10,41,2024-10
2024-10-10,2212.909,甲辰,甲戌,丁未,-0.029466741751224435,丁,未,火,土,10,41,2024-10
2024-10-11,2100.871,甲辰,甲戌,戊申,-0.050629284801137375,戊,申,土,金,10,41,2024-10
2024-10-14,2155.403,甲辰,甲戌,辛亥,0.025956853133771496,辛,亥,金,水,10,42,2024-10
2024-10-15,2085.986,甲辰,甲戌,壬子,-0.03220604221113166,壬,子,水,水,10,42,2024-10
2024-10-16,2039.95,甲辰,甲戌,癸丑,-0.022069179754801715,癸,丑,水,土,10,42,2024-10
2024-10-17,2033.484,甲辰,甲戌,甲寅,-0.003169685531508204,甲,寅,木,木,10,42,2024-10
2024-10-18,2195.101,甲辰,甲戌,乙卯,0.0794778813110899,乙,卯,木,木,10,42,2024-10
2024-10-21,2210.335,甲辰,甲戌,戊午,0.006939999571773603,戊,午,土,火,10,43,2024-10
2024-10-22,2216.99,甲辰,甲戌,己未,0.00301085582049776,己,未,土,土,10,43,2024-10
2024-10-23,2205.302,甲辰,甲戌,庚申,-0.005272012954501193,庚,申,金,金,10,43,2024-10
2024-10-24,2175.095,甲辰,甲戌,辛酉,-0.013697443706122914,辛,酉,金,金,10,43,2024-10
2024-10-25,2238.897,甲辰,甲戌,壬戌,0.029332971663306617,壬,戌,水,土,10,43,2024-10
2024-10-28,2229.118,甲辰,甲戌,乙丑,-0.004367775739571811,乙,丑,木,土,10,44,2024-10
2024-10-29,2177.306,甲辰,甲戌,丙寅,-0.023243273797080244,丙,寅,火,木,10,44,2024-10
2024-10-30,2151.515,甲辰,甲戌,丁卯,-0.011845372216858885,丁,卯,火,木,10,44,2024-10
2024-10-31,2164.462,甲辰,甲戌,戊辰,0.0060176201420860664,戊,辰,土,土,10,44,2024-10
2024-11-01,2123.738,甲辰,甲戌,己巳,-0.018814837128117823,己,巳,土,火,11,44,2024-11
2024-11-04,2185.984,甲辰,甲戌,壬申,0.029309641773137773,壬,申,水,金,11,45,2024-11
2024-11-05,2289.841,甲辰,甲戌,癸酉,0.047510411787094586,癸,酉,水,金,11,45,2024-11
2024-11-06,2265.833,甲辰,甲戌,甲戌,-0.010484570762773426,甲,戌,木,土,11,45,2024-11
2024-11-07,2350.76,甲辰,乙亥,乙亥,0.03748157962215237,乙,亥,木,水,11,45,2024-11
2024-11-08,2321.587,甲辰,乙亥,丙子,-0.012410029096972974,丙,子,火,水,11,45,2024-11
2024-11-11,2392.443,甲辰,乙亥,己卯,0.030520501708529713,己,卯,土,木,11,46,2024-11
2024-11-12,2390.803,甲辰,乙亥,庚辰,-0.000685491775561764,庚,辰,金,土,11,46,2024-11
2024-11-13,2417.252,甲辰,乙亥,辛巳,0.011062810277551183,辛,巳,金,火,11,46,2024-11
2024-11-14,2334.964,甲辰,乙亥,壬午,-0.03404196169865614,壬,午,水,火,11,46,2024-11
2024-11-15,2243.62,甲辰,乙亥,癸未,-0.039120089217649645,癸,未,水,土,11,46,2024-11
2024-11-18,2190.95,甲辰,乙亥,丙戌,-0.023475454845294674,丙,戌,火,土,11,47,2024-11
2024-11-19,2256.607,甲辰,乙亥,丁亥,0.029967365754581365,丁,亥,火,水,11,47,2024-11
2024-11-20,2267.855,甲辰,乙亥,戊子,0.004984474478719525,戊,子,土,水,11,47,2024-11
2024-11-21,2265.866,甲辰,乙亥,己丑,-0.0008770401987781007,己,丑,土,土,11,47,2024-11
2024-11-22,2175.571,甲辰,乙亥,庚寅,-0.03985010587563431,庚,寅,金,木,11,47,2024-11
2024-11-25,2175.184,甲辰,乙亥,癸巳,-0.00017788433473309162,癸,巳,水,火,11,48,2024-11
2024-11-26,2150.097,甲辰,乙亥,甲午,-0.011533277184826662,甲,午,木,火,11,48,2024-11
2024-11-27,2208.781,甲辰,乙亥,乙未,0.027293652332894602,乙,未,木,土,11,48,2024-11
2024-11-28,2169.803,甲辰,乙亥,丙申,-0.01764683778065823,丙,申,火,金,11,48,2024-11
2024-11-29,2224.003,甲辰,乙亥,丁酉,0.02497922622468507,丁,酉,火,金,11,48,2024-11
2024-12-02,2255.498,甲辰,乙亥,庚子,0.014161401760699022,庚,子,金,水,12,49,2024-12
2024-12-03,2245.499,甲辰,乙亥,辛丑,-0.004433167309392583,辛,丑,金,土,12,49,2024-12
2024-12-04,2213.406,甲辰,乙亥,壬寅,-0.014292146200020506,壬,寅,水,木,12,49,2024-12
2024-12-05,2221.457,甲辰,乙亥,癸卯,0.0036373805799749803,癸,卯,水,木,12,49,2024-12
2024-12-06,2267.064,甲辰,丙子,甲辰,0.020530219581112785,甲,辰,木,土,12,49,2024-12
2024-12-09,2248.627,甲辰,丙子,丁未,-0.008132545000935076,丁,未,火,土,12,50,2024-12
2024-12-10,2264.051,甲辰,丙子,戊申,0.006859296806451143,戊,申,土,金,12,50,2024-12
2024-12-11,2261.582,甲辰,丙子,己酉,-0.001090523137508903,己,酉,土,金,12,50,2024-12
2024-12-12,2292.145,甲辰,丙子,庚戌,0.013513991533360414,庚,戌,金,土,12,50,2024-12
2024-12-13,2235.259,甲辰,丙子,辛亥,-0.024817801666124906,辛,亥,金,水,12,50,2024-12
2024-12-16,2201.532,甲辰,丙子,甲寅,-0.015088631787188778,甲,寅,木,木,12,51,2024-12
2024-12-17,2201.181,甲辰,丙子,乙卯,-0.00015943443020594028,乙,卯,木,木,12,51,2024-12
2024-12-18,2202.137,甲辰,丙子,丙辰,0.0004343123078021094,丙,辰,火,土,12,51,2024-12
2024-12-19,2213.543,甲辰,丙子,丁巳,0.005179514262736662,丁,巳,火,火,12,51,2024-12
2024-12-20,2209.662,甲辰,丙子,戊午,-0.001753297767425499,戊,午,土,火,12,51,2024-12
2024-12-23,2187.945,甲辰,丙子,辛酉,-0.009828199969044826,辛,酉,金,金,12,52,2024-12
2024-12-24,2213.548,甲辰,丙子,壬戌,0.011701848081190125,壬,戌,水,土,12,52,2024-12
2024-12-25,2201.296,甲辰,丙子,癸亥,-0.005535005339843524,癸,亥,水,水,12,52,2024-12
2024-12-26,2209.846,甲辰,丙子,甲子,0.0038840755627593815,甲,子,木,水,12,52,2024-12
2024-12-27,2204.896,甲辰,丙子,乙丑,-0.0022399750932869944,乙,丑,木,土,12,52,2024-12
2024-12-30,2206.285,甲辰,丙子,戊辰,0.0006299616852676326,戊,辰,土,土,12,1,2024-12
2024-12-31,2141.596,甲辰,丙子,己巳,-0.029320328062784173,己,巳,土,火,12,1,2024-12
2025-01-02,2060.442,甲辰,丙子,辛未,-0.03789416864805495,辛,未,金,土,1,1,2025-01
2025-01-03,2015.967,甲辰,丙子,壬申,-0.021585174443153443,壬,申,水,金,1,1,2025-01
2025-01-06,2014.19,甲辰,丁丑,乙亥,-0.0008814628414056669,乙,亥,木,水,1,2,2025-01
2025-01-07,2028.358,甲辰,丁丑,丙子,0.00703409310938885,丙,子,火,水,1,2,2025-01
2025-01-08,2008.444,甲辰,丁丑,丁丑,-0.00981779350588008,丁,丑,火,土,1,2,2025-01
2025-01-09,2010.66,甲辰,丁丑,戊寅,0.001103341691379045,戊,寅,土,木,1,2,2025-01
2025-01-10,1975.305,甲辰,丁丑,己卯,-0.017583778460803945,己,卯,土,木,1,2,2025-01
2025-01-13,1982.459,甲辰,丁丑,壬午,0.0036217191775447244,壬,午,水,火,1,3,2025-01
2025-01-14,2075.756,甲辰,丁丑,癸未,0.04706125069925782,癸,未,水,土,1,3,2025-01
2025-01-15,2037.933,甲辰,丁丑,甲申,-0.018221313102310566,甲,申,木,金,1,3,2025-01
2025-01-16,2051.351,甲辰,丁丑,乙酉,0.006584122245432145,乙,酉,木,金,1,3,2025-01
2025-01-17,2067.275,甲辰,丁丑,丙戌,0.007762689076613372,丙,戌,火,土,1,3,2025-01
2025-01-20,2104.728,甲辰,丁丑,己丑,0.018117086502763335,己,丑,土,土,1,4,2025-01
2025-01-21,2112.39,甲辰,丁丑,庚寅,0.003640375383422434,庚,寅,金,木,1,4,2025-01
2025-01-22,2101.035,甲辰,丁丑,辛卯,-0.005375427832928548,辛,卯,金,木,1,4,2025-01
2025-01-23,2093.313,甲辰,丁丑,壬辰,-0.003675331443788288,壬,辰,水,土,1,4,2025-01
2025-01-24,2121.839,甲辰,丁丑,癸巳,0.013627202429832508,癸,巳,水,火,1,4,2025-01
2025-01-27,2063.82,甲辰,丁丑,丙申,-0.02734373343123575,丙,申,火,金,1,5,2025-01
2025-02-05,2062.923,乙巳,戊寅,乙巳,-0.000434630927115931,乙,巳,木,火,2,6,2025-02
2025-02-06,2120.745,乙巳,戊寅,丙午,0.02802916056488791,丙,午,火,火,2,6,2025-02
2025-02-07,2174.351,乙巳,戊寅,丁未,0.025276966349089713,丁,未,火,土,2,6,2025-02
2025-02-10,2183.877,乙巳,戊寅,庚戌,0.0043810773881494125,庚,戌,金,土,2,7,2025-02
2025-02-11,2152.732,乙巳,戊寅,辛亥,-0.014261334315073593,辛,亥,金,水,2,7,2025-02
2025-02-12,2191.76,乙巳,戊寅,壬子,0.018129520999362825,壬,子,水,水,2,7,2025-02
2025-02-13,2176.156,乙巳,戊寅,癸丑,-0.007119392634230115,癸,丑,水,土,2,7,2025-02
2025-02-14,2215.298,乙巳,戊寅,甲寅,0.017986761978461052,甲,寅,木,木,2,7,2025-02
2025-02-17,2226.615,乙巳,戊寅,丁巳,0.005108567786365592,丁,巳,火,火,2,8,2025-02
2025-02-18,2182.574,乙巳,戊寅,戊午,-0.01977935116757934,戊,午,土,火,2,8,2025-02
2025-02-19,2226.982,乙巳,戊寅,己未,0.02034661825899131,己,未,土,土,2,8,2025-02
2025-02-20,2225.584,乙巳,戊寅,庚申,-0.0006277554106859373,庚,申,金,金,2,8,2025-02
2025-02-21,2281.512,乙巳,戊寅,辛酉,0.025129583965377345,辛,酉,金,金,2,8,2025-02
2025-02-24,2266.244,乙巳,戊寅,甲子,-0.006692053340065729,甲,子,木,水,2,9,2025-02
2025-02-25,2240.589,乙巳,戊寅,乙丑,-0.01132049329198448,乙,丑,木,土,2,9,2025-02
2025-02-26,2268.215,乙巳,戊寅,丙寅,0.012329793639083375,丙,寅,火,木,2,9,2025-02
2025-02-27,2256.508,乙巳,戊寅,丁卯,-0.005161327299220031,丁,卯,火,木,2,9,2025-02
2025-02-28,2170.392,乙巳,戊寅,戊辰,-0.038163392285779585,戊,辰,土,土,2,9,2025-02
2025-03-03,2196.525,乙巳,戊寅,辛未,0.012040682051905893,辛,未,金,土,3,10,2025-03
2025-03-04,2190.078,乙巳,戊寅,壬申,-0.00293509065455666,壬,申,水,金,3,10,2025-03
2025-03-05,2190.362,乙巳,己卯,癸酉,0.00012967574670863513,癸,酉,水,金,3,10,2025-03
2025-03-06,2234.689,乙巳,己卯,甲戌,0.02023729410937536,甲,戌,木,土,3,10,2025-03
2025-03-07,2205.307,乙巳,己卯,乙亥,-0.013148138286804167,乙,亥,木,水,3,10,2025-03
2025-03-10,2199.877,乙巳,己卯,戊寅,-0.0024622422184302772,戊,寅,土,木,3,11,2025-03
2025-03-11,2204.03,乙巳,己卯,己卯,0.0018878328197440286,己,卯,土,木,3,11,2025-03
2025-03-12,2191.268,乙巳,己卯,庚辰,-0.005790302309859774,庚,辰,金,土,3,11,2025-03
2025-03-13,2166.004,乙巳,己卯,辛巳,-0.011529397590801405,辛,巳,金,火,3,11,2025-03
2025-03-14,2226.716,乙巳,己卯,壬午,0.028029495790404813,壬,午,水,火,3,11,2025-03
2025-03-17,2215.127,乙巳,己卯,乙酉,-0.005204525408718519,乙,酉,木,金,3,12,2025-03
2025-03-18,2228.644,乙巳,己卯,丙戌,0.006102133195974746,丙,戌,火,土,3,12,2025-03
2025-03-19,2222.347,乙巳,己卯,丁亥,-0.0028254849136961635,丁,亥,火,水,3,12,2025-03
2025-03-20,2200.032,乙巳,己卯,戊子,-0.010041186187395579,戊,子,土,水,3,12,2025-03
2025-03-21,2152.279,乙巳,己卯,己丑,-0.021705593373187337,己,丑,土,土,3,12,2025-03
2025-03-24,2152.555,乙巳,己卯,壬辰,0.00012823616269064253,壬,辰,水,土,3,13,2025-03
2025-03-25,2145.479,乙巳,己卯,癸巳,-0.003287256307039743,癸,巳,水,火,3,13,2025-03
2025-03-26,2139.902,乙巳,己卯,甲午,-0.0025994195235654605,甲,午,木,火,3,13,2025-03
2025-03-27,2145.095,乙巳,己卯,乙未,0.0024267466454070963,乙,未,木,土,3,13,2025-03
2025-03-28,2128.209,乙巳,己卯,丙申,-0.007871912432782735,丙,申,火,金,3,13,2025-03
2025-03-31,2103.699,乙巳,己卯,己亥,-0.011516726035835645,己,亥,土,水,3,14,2025-03
2025-04-01,2101.878,乙巳,己卯,庚子,-0.0008656181326320844,庚,子,金,水,4,14,2025-04
2025-04-02,2104.625,乙巳,己卯,辛丑,0.0013069264724212548,辛,丑,金,土,4,14,2025-04
2025-04-03,2065.403,乙巳,己卯,壬寅,-0.018636099067529943,壬,寅,水,木,4,14,2025-04
2025-04-07,1807.206,乙巳,庚辰,丙午,-0.125010470111644,丙,午,火,火,4,15,2025-04
2025-04-08,1840.312,乙巳,庚辰,丁未,0.01831888561680306,丁,未,火,土,4,15,2025-04
2025-04-09,1858.356,乙巳,庚辰,戊申,0.009804859176052894,戊,申,土,金,4,15,2025-04
2025-04-10,1900.528,乙巳,庚辰,己酉,0.022693176119107372,己,酉,土,金,4,15,2025-04
2025-04-11,1926.37,乙巳,庚辰,庚戌,0.013597274020693106,庚,戌,金,土,4,15,2025-04
2025-04-14,1932.913,乙巳,庚辰,癸丑,0.0033965437584679847,癸,丑,水,土,4,16,2025-04
2025-04-15,1930.399,乙巳,庚辰,甲寅,-0.0013006276019665863,甲,寅,木,木,4,16,2025-04
2025-04-16,1907.109,乙巳,庚辰,乙卯,-0.012064863274380055,乙,卯,木,木,4,16,2025-04
2025-04-17,1908.776,乙巳,庚辰,丙辰,0.0008740979146970584,丙,辰,火,土,4,16,2025-04
2025-04-18,1913.97,乙巳,庚辰,丁巳,0.002721115521150619,丁,巳,火,火,4,16,2025-04
2025-04-21,1944.318,乙巳,庚辰,庚申,0.015856047900437265,庚,申,金,金,4,17,2025-04
2025-04-22,1928.432,乙巳,庚辰,辛酉,-0.00817047417140615,辛,酉,金,金,4,17,2025-04
2025-04-23,1949.162,乙巳,庚辰,壬戌,0.010749666049930662,壬,戌,水,土,4,17,2025-04
2025-04-24,1935.858,乙巳,庚辰,癸亥,-0.00682549731628268,癸,亥,水,水,4,17,2025-04
2025-04-25,1947.186,乙巳,庚辰,甲子,0.0058516688724068455,甲,子,木,水,4,17,2025-04
2025-04-28,1934.457,乙巳,庚辰,丁卯,-0.006537125883197548,丁,卯,火,木,4,18,2025-04
2025-04-29,1931.942,乙巳,庚辰,戊辰,-0.0013001064381374938,戊,辰,土,土,4,18,2025-04
2025-04-30,1948.03,乙巳,庚辰,己巳,0.008327372146782919,己,巳,土,火,4,18,2025-04
2025-05-06,1986.409,乙巳,辛巳,乙亥,0.01970144196957957,乙,亥,木,水,5,19,2025-05
2025-05-07,1996.51,乙巳,辛巳,丙子,0.005085055494613577,丙,子,火,水,5,19,2025-05
2025-05-08,2029.452,乙巳,辛巳,丁丑,0.01649979213727959,丁,丑,火,土,5,19,2025-05
2025-05-09,2011.767,乙巳,辛巳,戊寅,-0.008714175058094464,戊,寅,土,木,5,19,2025-05
2025-05-12,2064.714,乙巳,辛巳,辛巳,0.026318654198025815,辛,巳,金,火,5,20,2025-05
2025-05-13,2062.261,乙巳,辛巳,壬午,-0.0011880580070653401,壬,午,水,火,5,20,2025-05
2025-05-14,2083.142,乙巳,辛巳,癸未,0.010125294518976924,癸,未,水,土,5,20,2025-05
2025-05-15,2043.247,乙巳,辛巳,甲申,-0.019151358860797663,甲,申,木,金,5,20,2025-05
2025-05-16,2039.445,乙巳,辛巳,乙酉,-0.001860763774521712,乙,酉,木,金,5,20,2025-05
2025-05-19,2032.756,乙巳,辛巳,戊子,-0.003279813870930459,戊,子,土,水,5,21,2025-05
2025-05-20,2048.459,乙巳,辛巳,己丑,0.007724980273087212,己,丑,土,土,5,21,2025-05
2025-05-21,2065.39,乙巳,辛巳,庚寅,0.008265237429697203,庚,寅,金,木,5,21,2025-05
2025-05-22,2045.566,乙巳,辛巳,辛卯,-0.009598187267295666,辛,卯,金,木,5,21,2025-05
2025-05-23,2021.499,乙巳,辛巳,壬辰,-0.011765447802710827,壬,辰,水,土,5,21,2025-05
2025-05-26,2005.259,乙巳,辛巳,乙未,-0.008033642361435778,乙,未,木,土,5,22,2025-05
2025-05-27,1991.643,乙巳,辛巳,丙申,-0.006790145312899676,丙,申,火,金,5,22,2025-05
2025-05-28,1985.383,乙巳,辛巳,丁酉,-0.0031431335836793473,丁,酉,火,金,5,22,2025-05
2025-05-29,2012.548,乙巳,辛巳,戊戌,0.013682498540583898,戊,戌,土,土,5,22,2025-05
2025-05-30,1993.188,乙巳,辛巳,己亥,-0.009619646338869914,己,亥,土,水,5,22,2025-05
2025-06-03,2002.7,乙巳,辛巳,癸卯,0.004772254298139433,癸,卯,水,木,6,23,2025-06
2025-06-04,2024.933,乙巳,辛巳,甲辰,0.011101512957507387,甲,辰,木,土,6,23,2025-06
2025-06-05,2048.615,乙巳,壬午,乙巳,0.011695201767169427,乙,巳,木,火,6,23,2025-06
2025-06-06,2039.435,乙巳,壬午,丙午,-0.00448107623931282,丙,午,火,火,6,23,2025-06
2025-06-09,2061.291,乙巳,壬午,己酉,0.010716693594059246,己,酉,土,金,6,24,2025-06
2025-06-10,2037.271,乙巳,壬午,庚戌,-0.011652891319081204,庚,戌,金,土,6,24,2025-06
2025-06-11,2061.867,乙巳,壬午,辛亥,0.012073013359538365,辛,亥,金,水,6,24,2025-06
2025-06-12,2067.154,乙巳,壬午,壬子,0.0025641809098257973,壬,子,水,水,6,24,2025-06
2025-06-13,2043.824,乙巳,壬午,癸丑,-0.011286048354404166,癸,丑,水,土,6,24,2025-06
2025-06-16,2057.323,乙巳,壬午,丙辰,0.006604776145108238,丙,辰,火,土,6,25,2025-06
2025-06-17,2049.943,乙巳,壬午,丁巳,-0.0035871858721259198,丁,巳,火,火,6,25,2025-06
2025-06-18,2054.729,乙巳,壬午,戊午,0.002334699062364054,戊,午,土,火,6,25,2025-06
2025-06-19,2026.817,乙巳,壬午,己未,-0.013584273157190019,己,未,土,土,6,25,2025-06
2025-06-20,2009.893,乙巳,壬午,庚申,-0.008350038508656676,庚,申,金,金,6,25,2025-06
2025-06-23,2017.634,乙巳,壬午,癸亥,0.0038514488084688825,癸,亥,水,水,6,26,2025-06
2025-06-24,2064.135,乙巳,壬午,甲子,0.023047292026205035,甲,子,木,水,6,26,2025-06
2025-06-25,2128.392,乙巳,壬午,乙丑,0.031130231307544998,乙,丑,木,土,6,26,2025-06
2025-06-26,2114.425,乙巳,壬午,丙寅,-0.006562231017594344,丙,寅,火,木,6,26,2025-06
2025-06-27,2124.344,乙巳,壬午,丁卯,0.0046911098762074666,丁,卯,火,木,6,26,2025-06
2025-06-30,2153.014,乙巳,壬午,庚午,0.013495930979163573,庚,午,金,火,6,27,2025-06
2025-07-01,2147.919,乙巳,壬午,辛未,-0.002366450009150034,辛,未,金,土,7,27,2025-07
2025-07-02,2123.719,乙巳,壬午,壬申,-0.011266719089500055,壬,申,水,金,7,27,2025-07
2025-07-03,2164.088,乙巳,壬午,癸酉,0.019008635323223055,癸,酉,水,金,7,27,2025-07
2025-07-04,2156.234,乙巳,壬午,甲戌,-0.0036292424337643903,甲,戌,木,土,7,27,2025-07
2025-07-07,2130.186,乙巳,癸未,丁丑,-0.012080321523545101,丁,丑,火,土,7,28,2025-07
2025-07-08,2181.077,乙巳,癸未,戊寅,0.02389040205878734,戊,寅,土,木,7,28,2025-07
2025-07-09,2184.675,乙巳,癸未,己卯,0.0016496437310558054,己,卯,土,木,7,28,2025-07
2025-07-10,2189.577,乙巳,癸未,庚辰,0.0022438120086512026,庚,辰,金,土,7,28,2025-07
2025-07-11,2207.097,乙巳,癸未,辛巳,0.008001545503994567,辛,巳,金,火,7,28,2025-07
2025-07-14,2197.068,乙巳,癸未,甲申,-0.004543977904006957,甲,申,木,金,7,29,2025-07
2025-07-15,2235.049,乙巳,癸未,乙酉,0.017287129938627244,乙,酉,木,金,7,29,2025-07
2025-07-16,2230.194,乙巳,癸未,丙戌,-0.0021722118843926497,丙,戌,火,土,7,29,2025-07
2025-07-17,2269.327,乙巳,癸未,丁亥,0.01754690399131209,丁,亥,火,水,7,29,2025-07
2025-07-18,2277.152,乙巳,癸未,戊子,0.003448158859432615,戊,子,土,水,7,29,2025-07
2025-07-21,2296.883,乙巳,癸未,辛卯,0.0086647707311589,辛,卯,金,木,7,30,2025-07
2025-07-22,2310.856,乙巳,癸未,壬辰,0.006083461804541335,壬,辰,水,土,7,30,2025-07
2025-07-23,2310.671,乙巳,癸未,癸巳,-8.00569139749463e-05,癸,巳,水,火,7,30,2025-07
2025-07-24,2345.367,乙巳,癸未,甲午,0.015015551759640644,甲,午,木,火,7,30,2025-07
2025-07-25,2340.056,乙巳,癸未,乙未,-0.002264464367410346,乙,未,木,土,7,30,2025-07
2025-07-28,2362.6,乙巳,癸未,戊戌,0.009633957477940713,戊,戌,土,土,7,31,2025-07
2025-07-29,2406.594,乙巳,癸未,己亥,0.01862101075086775,己,亥,土,水,7,31,2025-07
2025-07-30,2367.684,乙巳,癸未,庚子,-0.01616807820513133,庚,子,金,水,7,31,2025-07
2025-07-31,2328.313,乙巳,癸未,辛丑,-0.01662848589592192,辛,丑,金,土,7,31,2025-07
2025-08-01,2322.627,乙巳,癸未,壬寅,-0.0024421115202295507,壬,寅,水,木,8,31,2025-08
2025-08-04,2334.323,乙巳,癸未,乙巳,0.005035677274052075,乙,巳,木,火,8,32,2025-08
2025-08-05,2343.376,乙巳,癸未,丙午,0.0038782122268428143,丙,午,火,火,8,32,2025-08
2025-08-06,2358.955,乙巳,癸未,丁未,0.006648100859614425,丁,未,火,土,8,32,2025-08
2025-08-07,2342.861,乙巳,甲申,戊申,-0.0068225125108364315,戊,申,土,金,8,32,2025-08
2025-08-08,2333.959,乙巳,甲申,己酉,-0.0037996278908565273,己,酉,土,金,8,32,2025-08
2025-08-11,2379.816,乙巳,甲申,壬子,0.019647731601112106,壬,子,水,水,8,33,2025-08
2025-08-12,2409.398,乙巳,甲申,癸丑,0.012430372768315046,癸,丑,水,土,8,33,2025-08
2025-08-13,2496.504,乙巳,甲申,甲寅,0.03615259911396951,甲,寅,木,木,8,33,2025-08
2025-08-14,2469.656,乙巳,甲申,乙卯,-0.010754238727436416,乙,卯,木,木,8,33,2025-08
2025-08-15,2534.219,乙巳,甲申,丙辰,0.026142507296562867,丙,辰,火,土,8,33,2025-08
2025-08-18,2606.202,乙巳,甲申,己未,0.028404411773410354,己,未,土,土,8,34,2025-08
2025-08-19,2601.743,乙巳,甲申,庚申,-0.0017109188006149134,庚,申,金,金,8,34,2025-08
2025-08-20,2607.653,乙巳,甲申,辛酉,0.0022715541081497204,辛,酉,金,金,8,34,2025-08
2025-08-21,2595.465,乙巳,甲申,壬戌,-0.004673934760491383,壬,戌,水,土,8,34,2025-08
2025-08-22,2682.553,乙巳,甲申,癸亥,0.03355391037829425,癸,亥,水,水,8,34,2025-08
2025-08-25,2762.99,乙巳,甲申,丙寅,0.029985241670900775,丙,寅,火,木,8,35,2025-08
2025-08-26,2742.127,乙巳,甲申,丁卯,-0.007550877853339966,丁,卯,火,木,8,35,2025-08
2025-08-27,2723.198,乙巳,甲申,戊辰,-0.006903035490332887,戊,辰,土,土,8,35,2025-08
2025-08-28,2827.172,乙巳,甲申,己巳,0.038180844727412566,己,巳,土,火,8,35,2025-08
2025-08-29,2890.125,乙巳,甲申,庚午,0.02226712771631867,庚,午,金,火,8,35,2025-08
2025-09-01,2956.375,乙巳,甲申,癸酉,0.022922883958306217,癸,酉,水,金,9,36,2025-09
2025-09-02,2872.222,乙巳,甲申,甲戌,-0.028464927487209746,甲,戌,木,土,9,36,2025-09
2025-09-03,2899.373,乙巳,甲申,乙亥,0.009452960112414699,乙,亥,木,水,9,36,2025-09
2025-09-04,2776.248,乙巳,甲申,丙子,-0.04246607801065949,丙,子,火,水,9,36,2025-09
2025-09-05,2958.181,乙巳,甲申,丁丑,0.06553196976638964,丁,丑,火,土,9,36,2025-09
2025-09-08,2933.246,乙巳,乙酉,庚辰,-0.008429166437077362,庚,辰,金,土,9,37,2025-09
2025-09-09,2867.969,乙巳,乙酉,辛巳,-0.02225418529506218,辛,巳,金,火,9,37,2025-09
2025-09-10,2904.269,乙巳,乙酉,壬午,0.01265704057470618,壬,午,水,火,9,37,2025-09
2025-09-11,3053.749,乙巳,乙酉,癸未,0.051469061577973596,癸,未,水,土,9,37,2025-09
2025-09-12,3020.423,乙巳,乙酉,甲申,-0.010913143156166427,甲,申,木,金,9,37,2025-09
2025-09-15,3066.18,乙巳,乙酉,丁亥,0.015149202611687285,丁,亥,火,水,9,38,2025-09
2025-09-16,3087.04,乙巳,乙酉,戊子,0.006803253559804157,戊,子,土,水,9,38,2025-09
2025-09-17,3147.345,乙巳,乙酉,己丑,0.019534894267647873,己,丑,土,土,9,38,2025-09
2025-09-18,3095.851,乙巳,乙酉,庚寅,-0.016361091650263893,庚,寅,金,木,9,38,2025-09
2025-09-19,3091.003,乙巳,乙酉,辛卯,-0.0015659668375512803,辛,卯,金,木,9,38,2025-09
2025-09-22,3107.887,乙巳,乙酉,甲午,0.005462304630568182,甲,午,木,火,9,39,2025-09
2025-09-23,3114.553,乙巳,乙酉,乙未,0.0021448656273537203,乙,未,木,土,9,39,2025-09
2025-09-24,3185.571,乙巳,乙酉,丙申,0.02280198795782251,丙,申,火,金,9,39,2025-09
2025-09-25,3235.765,乙巳,乙酉,丁酉,0.01575667282254889,丁,酉,火,金,9,39,2025-09
2025-09-26,3151.53,乙巳,乙酉,戊戌,-0.026032483817582497,戊,戌,土,土,9,39,2025-09
2025-09-29,3238.012,乙巳,乙酉,辛丑,0.027441274555533246,辛,丑,金,土,9,40,2025-09
2025-09-30,3238.16,乙巳,乙酉,壬寅,4.570705729300961e-05,壬,寅,水,木,9,40,2025-09
2025-10-09,3261.822,乙巳,丙戌,辛亥,0.0073072362082171605,辛,亥,金,水,10,41,2025-10
2025-10-10,3113.262,乙巳,丙戌,壬子,-0.04554509718801336,壬,子,水,水,10,41,2025-10
2025-10-13,3078.762,乙巳,丙戌,乙卯,-0.011081624354134068,乙,卯,木,木,10,42,2025-10
2025-10-14,2955.983,乙巳,丙戌,丙辰,-0.03987934111178448,丙,辰,火,土,10,42,2025-10
2025-10-15,3025.867,乙巳,丙戌,丁巳,0.0236415432700392,丁,巳,火,火,10,42,2025-10
2025-10-16,3037.442,乙巳,丙戌,戊午,0.0038253498914524453,戊,午,土,火,10,42,2025-10
2025-10-17,2935.37,乙巳,丙戌,己未,-0.03360459228521895,己,未,土,土,10,42,2025-10
2025-10-20,2993.455,乙巳,丙戌,壬戌,0.01978796540129535,壬,戌,水,土,10,43,2025-10
2025-10-21,3083.716,乙巳,丙戌,癸亥,0.03015278332228144,癸,亥,水,水,10,43,2025-10
2025-10-22,3059.319,乙巳,丙戌,甲子,-0.007911558651964024,甲,子,木,水,10,43,2025-10
2025-10-23,3062.163,乙巳,丙戌,乙丑,0.0009296186504250681,乙,丑,木,土,10,43,2025-10
2025-10-24,3171.569,乙巳,丙戌,丙寅,0.03572833973893608,丙,寅,火,木,10,43,2025-10
2025-10-27,3234.455,乙巳,丙戌,己巳,0.01982804094755619,己,巳,土,火,10,44,2025-10
2025-10-28,3229.575,乙巳,丙戌,庚午,-0.0015087549525345523,庚,午,金,火,10,44,2025-10
2025-10-29,3324.271,乙巳,丙戌,辛未,0.029321505151606697,辛,未,金,土,10,44,2025-10
2025-10-30,3263.022,乙巳,丙戌,壬申,-0.01842479148059839,壬,申,水,金,10,44,2025-10
2025-10-31,3187.533,乙巳,丙戌,癸酉,-0.023134689254317053,癸,酉,水,金,10,44,2025-10
2025-11-03,3196.871,乙巳,丙戌,丙子,0.0029295382981133766,丙,子,火,水,11,45,2025-11
2025-11-04,3134.09,乙巳,丙戌,丁丑,-0.019638265041035385,丁,丑,火,土,11,45,2025-11
2025-11-05,3166.231,乙巳,丙戌,戊寅,0.010255289414152102,戊,寅,土,木,11,45,2025-11
2025-11-06,3224.624,乙巳,丙戌,己卯,0.018442432027227174,己,卯,土,木,11,45,2025-11
2025-11-07,3208.206,乙巳,丁亥,庚辰,-0.005091446320563131,庚,辰,金,土,11,45,2025-11
2025-11-10,3178.827,乙巳,丁亥,癸未,-0.009157454352993533,癸,未,水,土,11,46,2025-11
2025-11-11,3134.316,乙巳,丁亥,甲申,-0.014002334823505769,甲,申,木,金,11,46,2025-11
2025-11-12,3122.027,乙巳,丁亥,乙酉,-0.003920791649597466,乙,酉,木,金,11,46,2025-11
2025-11-13,3201.754,乙巳,丁亥,丙戌,0.025536934818308765,丙,戌,火,土,11,46,2025-11
2025-11-14,3111.507,乙巳,丁亥,丁亥,-0.028186737644428583,丁,亥,火,水,11,46,2025-11
2025-11-17,3105.203,乙巳,丁亥,庚寅,-0.0020260279022351613,庚,寅,金,木,11,47,2025-11
2025-11-18,3069.219,乙巳,丁亥,辛卯,-0.011588292295221847,辛,卯,金,木,11,47,2025-11
2025-11-19,3076.845,乙巳,丁亥,壬辰,0.0024846711818218292,壬,辰,水,土,11,47,2025-11
2025-11-20,3042.341,乙巳,丁亥,癸巳,-0.011214084557395587,癸,巳,水,火,11,47,2025-11
2025-11-21,2920.078,乙巳,丁亥,甲午,-0.04018714535944523,甲,午,木,火,11,47,2025-11
2025-11-24,2929.043,乙巳,丁亥,丁酉,0.0030701234693046864,丁,酉,火,金,11,48,2025-11
2025-11-25,2980.934,乙巳,丁亥,戊戌,0.017716025336603103,戊,戌,土,土,11,48,2025-11
2025-11-26,3044.695,乙巳,丁亥,己亥,0.02138960473462337,己,亥,土,水,11,48,2025-11
2025-11-27,3031.296,乙巳,丁亥,庚子,-0.004400769206767907,庚,子,金,水,11,48,2025-11
2025-11-28,3052.587,乙巳,丁亥,辛丑,0.00702372846465682,辛,丑,金,土,11,48,2025-11
2025-12-01,3092.499,乙巳,丁亥,甲辰,0.013074811626990313,甲,辰,木,土,12,49,2025-12
2025-12-02,3071.149,乙巳,丁亥,乙巳,-0.00690380174738936,乙,巳,木,火,12,49,2025-12
2025-12-03,3036.786,乙巳,丁亥,丙午,-0.01118897194502766,丙,午,火,火,12,49,2025-12
2025-12-04,3067.484,乙巳,丁亥,丁未,0.010108713620255116,丁,未,火,土,12,49,2025-12
2025-12-05,3109.297,乙巳,丁亥,戊申,0.013631040944304784,戊,申,土,金,12,49,2025-12
2025-12-08,3190.269,乙巳,戊子,辛亥,0.026041899503328247,辛,亥,金,水,12,50,2025-12
2025-12-09,3209.603,乙巳,戊子,壬子,0.006060304005712558,壬,子,水,水,12,50,2025-12
2025-12-10,3209.004,乙巳,戊子,癸丑,-0.0001866274427086978,癸,丑,水,土,12,50,2025-12
2025-12-11,3163.675,乙巳,戊子,甲寅,-0.014125566686735147,甲,寅,木,木,12,50,2025-12
2025-12-12,3194.359,乙巳,戊子,乙卯,0.009698847068677852,乙,卯,木,木,12,50,2025-12
2025-12-15,3137.801,乙巳,戊子,戊午,-0.017705586629430226,戊,午,土,火,12,51,2025-12
2025-12-16,3071.762,乙巳,戊子,己未,-0.021046267752480086,己,未,土,土,12,51,2025-12
2025-12-17,3175.908,乙巳,戊子,庚申,0.033904319410162476,庚,申,金,金,12,51,2025-12
2025-12-18,3107.065,乙巳,戊子,辛酉,-0.02167663546928933,辛,酉,金,金,12,51,2025-12
2025-12-19,3122.238,乙巳,戊子,壬戌,0.004883386733138817,壬,戌,水,土,12,51,2025-12
2025-12-22,3191.985,乙巳,戊子,乙丑,0.02233878391077182,乙,丑,木,土,12,52,2025-12
2025-12-23,3205.011,乙巳,戊子,丙寅,0.004080846244578273,丙,寅,火,木,12,52,2025-12
2025-12-24,3229.577,乙巳,戊子,丁卯,0.007664872289049995,丁,卯,火,木,12,52,2025-12
2025-12-25,3239.343,乙巳,戊子,戊辰,0.0030239254242891977,戊,辰,土,土,12,52,2025-12
2025-12-26,3243.876,乙巳,戊子,己巳,0.0013993578327458067,己,巳,土,火,12,52,2025-12
2025-12-29,3222.611,乙巳,戊子,壬申,-0.0065554293690635035,壬,申,水,金,12,1,2025-12
2025-12-30,3242.905,乙巳,戊子,癸酉,0.006297378119791697,癸,酉,水,金,12,1,2025-12
2025-12-31,3203.172,乙巳,戊子,甲戌,-0.012252286144675884,甲,戌,木,土,12,1,2025-12
2026-01-05,3294.551,乙巳,己丑,己卯,0.02852765945756275,己,卯,土,木,1,2,2026-01
2026-01-06,3319.292,乙巳,己丑,庚辰,0.007509672790009914,庚,辰,金,土,1,2,2026-01
2026-01-07,3329.693,乙巳,己丑,辛巳,0.00313349955351927,辛,巳,金,火,1,2,2026-01
2026-01-08,3302.307,乙巳,己丑,壬午,-0.008224782284733334,壬,午,水,火,1,2,2026-01
2026-01-09,3327.813,乙巳,己丑,癸未,0.007723691346685824,癸,未,水,土,1,2,2026-01
2026-01-12,3388.341,乙巳,己丑,丙戌,0.018188522011302943,丙,戌,火,土,1,3,2026-01
2026-01-13,3321.889,乙巳,己丑,丁亥,-0.01961195759222578,丁,亥,火,水,1,3,2026-01
2026-01-14,3349.138,乙巳,己丑,戊子,0.00820286288915728,戊,子,土,水,1,3,2026-01
2026-01-15,3367.917,乙巳,己丑,己丑,0.005607114427652826,己,丑,土,土,1,3,2026-01
2026-01-16,3361.017,乙巳,己丑,庚寅,-0.0020487440753439445,庚,寅,金,木,1,3,2026-01
2026-01-19,3337.608,乙巳,己丑,癸巳,-0.00696485617299758,癸,巳,水,火,1,4,2026-01
2026-01-20,3277.979,乙巳,己丑,甲午,-0.017865788912298952,甲,午,木,火,1,4,2026-01
2026-01-21,3295.523,乙巳,己丑,乙未,0.005352078216486644,乙,未,木,土,1,4,2026-01
2026-01-22,3328.647,乙巳,己丑,丙申,0.010051211901722423,丙,申,火,金,1,4,2026-01
2026-01-23,3349.503,乙巳,己丑,丁酉,0.006265608819439272,丁,酉,火,金,1,4,2026-01
2026-01-26,3319.149,乙巳,己丑,庚子,-0.00906223998008071,庚,子,金,水,1,5,2026-01
2026-01-27,3342.599,乙巳,己丑,辛丑,0.007065063966697593,辛,丑,金,土,1,5,2026-01
2026-01-28,3323.562,乙巳,己丑,壬寅,-0.005695268861146796,壬,寅,水,木,1,5,2026-01
2026-01-29,3304.51,乙巳,己丑,癸卯,-0.005732403968994659,癸,卯,水,木,1,5,2026-01
2026-01-30,3346.355,乙巳,己丑,甲辰,0.012662996934492465,甲,辰,木,土,1,5,2026-01
2026-02-02,3264.111,乙巳,己丑,丁未,-0.024577189210349792,丁,未,火,土,2,6,2026-02
2026-02-03,3324.892,乙巳,己丑,戊申,0.018620996651155464,戊,申,土,金,2,6,2026-02
2026-02-04,3311.515,丙午,庚寅,己酉,-0.00402328857598977,己,酉,土,金,2,6,2026-02
2026-02-05,3260.278,丙午,庚寅,庚戌,-0.015472374426810709,庚,戌,金,土,2,6,2026-02
2026-02-06,3236.464,丙午,庚寅,辛亥,-0.007304285094706597,辛,亥,金,水,2,6,2026-02
2026-02-09,3332.77,丙午,庚寅,甲寅,0.02975654912274628,甲,寅,木,木,2,7,2026-02
2026-02-10,3320.537,丙午,庚寅,乙卯,-0.003670520317933801,乙,卯,木,木,2,7,2026-02
2026-02-11,3284.735,丙午,庚寅,丙辰,-0.010781990985192946,丙,辰,火,土,2,7,2026-02
2026-02-12,3328.063,丙午,庚寅,丁巳,0.013190714014981397,丁,巳,火,火,2,7,2026-02
2026-02-13,3275.958,丙午,庚寅,戊午,-0.0156562541033628,戊,午,土,火,2,7,2026-02
2026-02-24,3308.265,丙午,庚寅,己巳,0.009861848045670918,己,巳,土,火,2,9,2026-02
2026-02-25,3354.819,丙午,庚寅,庚午,0.014072028691776595,庚,午,金,火,2,9,2026-02
2026-02-26,3344.982,丙午,庚寅,辛未,-0.0029321999189821923,辛,未,金,土,2,9,2026-02
2026-02-27,3310.305,丙午,庚寅,壬申,-0.010366871929355703,壬,申,水,金,2,9,2026-02
2026-03-02,3294.161,丙午,庚寅,乙亥,-0.0048768920084402145,乙,亥,木,水,3,10,2026-03
2026-03-03,3209.482,丙午,庚寅,丙子,-0.025705786693485888,丙,子,火,水,3,10,2026-03
2026-03-04,3164.371,丙午,庚寅,丁丑,-0.01405553918046587,丁,丑,火,土,3,10,2026-03
2026-03-05,3216.939,丙午,辛卯,戊寅,0.016612464214847078,戊,寅,土,木,3,10,2026-03
2026-03-06,3229.302,丙午,辛卯,己卯,0.0038430943204084134,己,卯,土,木,3,10,2026-03
2026-03-09,3208.582,丙午,辛卯,壬午,-0.006416247226180838,壬,午,水,火,3,11,2026-03
2026-03-10,3306.141,丙午,辛卯,癸未,0.03040564336520002,癸,未,水,土,3,11,2026-03
2026-03-11,3349.529,丙午,辛卯,甲申,0.013123457227020907,甲,申,木,金,3,11,2026-03
2026-03-12,3317.522,丙午,辛卯,乙酉,-0.009555671857147674,乙,酉,木,金,3,11,2026-03
2026-03-13,3310.278,丙午,辛卯,丙戌,-0.002183557486581944,丙,戌,火,土,3,11,2026-03
2026-03-16,3357.022,丙午,辛卯,己丑,0.014120868398364239,己,丑,土,土,3,12,2026-03
2026-03-17,3280.059,丙午,辛卯,庚寅,-0.022925974271243876,庚,寅,金,木,3,12,2026-03
2026-03-18,3346.365,丙午,辛卯,辛卯,0.020214880281116843,辛,卯,金,木,3,12,2026-03
2026-03-19,3309.103,丙午,辛卯,壬辰,-0.011135067453789338,壬,辰,水,土,3,12,2026-03
2026-03-20,3352.103,丙午,辛卯,癸巳,0.012994458014754962,癸,巳,水,火,3,12,2026-03
2026-03-23,3235.221,丙午,辛卯,丙申,-0.034868260313003496,丙,申,火,金,3,13,2026-03
2026-03-24,3251.545,丙午,辛卯,丁酉,0.00504571403313725,丁,酉,火,金,3,13,2026-03
2026-03-25,3316.971,丙午,辛卯,戊戌,0.02012151146608754,戊,戌,土,土,3,13,2026-03
2026-03-26,3272.488,丙午,辛卯,己亥,-0.013410729246653097,己,亥,土,水,3,13,2026-03
2026-03-27,3295.88,丙午,辛卯,庚子,0.007148078159492144,庚,子,金,水,3,13,2026-03
2026-03-30,3273.355,丙午,辛卯,癸卯,-0.006834290083376882,癸,卯,水,木,3,14,2026-03
2026-03-31,3184.952,丙午,辛卯,甲辰,-0.027006847714348026,甲,辰,木,土,3,14,2026-03
2026-04-01,3247.523,丙午,辛卯,乙巳,0.019645821977850808,乙,巳,木,火,4,14,2026-04
2026-04-02,3172.649,丙午,辛卯,丙午,-0.02305572585629112,丙,午,火,火,4,14,2026-04
2026-04-03,3149.596,丙午,辛卯,丁未,-0.007266167798580914,丁,未,火,土,4,14,2026-04
2026-04-07,3160.816,丙午,壬辰,辛亥,0.0035623616489224297,辛,亥,金,水,4,15,2026-04
2026-04-08,3347.61,丙午,壬辰,壬子,0.05909676488602944,壬,子,水,水,4,15,2026-04
2026-04-09,3323.299,丙午,壬辰,癸丑,-0.00726219601447009,癸,丑,水,土,4,15,2026-04
2026-04-10,3448.787,丙午,壬辰,甲寅,0.0377600691361204,甲,寅,木,木,4,15,2026-04
2026-04-13,3476.44,丙午,壬辰,丁巳,0.008018181464961582,丁,巳,火,火,4,16,2026-04
2026-04-14,3558.527,丙午,壬辰,戊午,0.023612373577567958,戊,午,土,火,4,16,2026-04
2026-04-15,3514.96,丙午,壬辰,己未,-0.012242987056161114,己,未,土,土,4,16,2026-04
2026-04-16,3626.271,丙午,壬辰,庚申,0.03166778569315154,庚,申,金,金,4,16,2026-04
2026-04-17,3678.293,丙午,壬辰,辛酉,0.01434586659408521,辛,酉,金,金,4,16,2026-04
2026-04-20,3677.576,丙午,壬辰,甲子,-0.00019492737527981863,甲,子,木,水,4,17,2026-04
2026-04-21,3688.937,丙午,壬辰,乙丑,0.00308926314507163,乙,丑,木,土,4,17,2026-04
2026-04-22,3752.759,丙午,壬辰,丙寅,0.017300918936810294,丙,寅,火,木,4,17,2026-04
2026-04-23,3720.247,丙午,壬辰,丁卯,-0.008663492646343696,丁,卯,火,木,4,17,2026-04
2026-04-24,3667.785,丙午,壬辰,戊辰,-0.014101751846046784,戊,辰,土,土,4,17,2026-04
2026-04-27,3648.788,丙午,壬辰,辛未,-0.005179420276815505,辛,未,金,土,4,18,2026-04
2026-04-28,3596.712,丙午,壬辰,壬申,-0.014272136391590862,壬,申,水,金,4,18,2026-04
2026-04-29,3687.168,丙午,壬辰,癸酉,0.02514963666815695,癸,酉,水,金,4,18,2026-04
2026-04-30,3677.148,丙午,壬辰,甲戌,-0.0027175328056654457,甲,戌,木,土,4,18,2026-04
2026-05-06,3778.159,丙午,癸巳,庚辰,0.02746993050048574,庚,辰,金,土,5,19,2026-05
2026-05-07,3833.057,丙午,癸巳,辛巳,0.014530357245420289,辛,巳,金,火,5,19,2026-05
2026-05-08,3796.128,丙午,癸巳,壬午,-0.009634346684643469,壬,午,水,火,5,19,2026-05
2026-05-11,3928.974,丙午,癸巳,乙酉,0.034995131881748964,乙,酉,木,金,5,20,2026-05
2026-05-12,3934.882,丙午,癸巳,丙戌,0.0015037004571676338,丙,戌,火,土,5,20,2026-05
2026-05-13,4038.333,丙午,癸巳,丁亥,0.02629075026900418,丁,亥,火,水,5,20,2026-05
