ts_code,trade_date,close_price,pre_close,pct_chg,volume,amount,year_ganzhi,month_ganzhi,day_ganzhi,weekday,year,month,is_trading_day,log_return,direction,day_tian_gan,day_di_zhi,day_tg_wuxing,day_dz_wuxing,month_tian_gan,month_di_zhi,month_tg_wuxing,month_dz_wuxing,is_month_start,is_month_end,prev_log_return,week_number,year_month
000858.SZ,2010-01-04,31.45,31.66,-0.0066,264090,836351.9494,己丑,丙子,甲寅,1,2010,1,1,-0.006655071306416566,0,甲,寅,木,木,丙,子,火,水,True,False,,2010-W01,2010-01
000858.SZ,2010-01-05,31.78,31.45,0.0105,290982,923787.4432,己丑,丁丑,乙卯,2,2010,1,1,0.010438177962120479,1,乙,卯,木,木,丁,丑,火,土,True,False,-0.006655071306416566,2010-W01,2010-01
000858.SZ,2010-01-06,30.94,31.78,-0.0264,428220,1340542.565,己丑,丁丑,丙辰,3,2010,1,1,-0.026787315963649843,0,丙,辰,火,土,丁,丑,火,土,False,False,0.010438177962120479,2010-W01,2010-01
000858.SZ,2010-01-07,30.0,30.94,-0.0304,617051,1850035.5349,己丑,丁丑,丁巳,4,2010,1,1,-0.03085246348276469,0,丁,巳,火,火,丁,丑,火,土,False,False,-0.026787315963649843,2010-W01,2010-01
000858.SZ,2010-01-08,29.94,30.0,-0.002,364771,1075206.247,己丑,丁丑,戊午,5,2010,1,1,-0.0020020026706730793,0,戊,午,土,火,丁,丑,火,土,False,False,-0.03085246348276469,2010-W01,2010-01
000858.SZ,2010-01-11,29.66,29.94,-0.0094,278317,829528.0535,己丑,丁丑,辛酉,1,2010,1,1,-0.009396042281696345,0,辛,酉,金,金,丁,丑,火,土,False,False,-0.0020020026706730793,2010-W02,2010-01
000858.SZ,2010-01-12,30.51,29.66,0.0287,291381,880580.7708,己丑,丁丑,壬戌,2,2010,1,1,0.028255162018792298,1,壬,戌,水,土,丁,丑,火,土,False,False,-0.009396042281696345,2010-W02,2010-01
000858.SZ,2010-01-13,30.27,30.51,-0.0079,367162,1121175.0957,己丑,丁丑,癸亥,3,2010,1,1,-0.007897375694951032,0,癸,亥,水,水,丁,丑,火,土,False,False,0.028255162018792298,2010-W02,2010-01
000858.SZ,2010-01-14,31.44,30.27,0.0387,454449,1415275.351,己丑,丁丑,甲子,4,2010,1,1,0.03792384452737855,1,甲,子,木,水,丁,丑,火,土,False,False,-0.007897375694951032,2010-W02,2010-01
000858.SZ,2010-01-15,31.56,31.44,0.0038,450359,1429719.0632,己丑,丁丑,乙丑,5,2010,1,1,0.0038095284166676487,1,乙,丑,木,土,丁,丑,火,土,False,False,0.03792384452737855,2010-W02,2010-01
000858.SZ,2010-01-18,32.1,31.56,0.0171,393653,1254827.908,己丑,丁丑,戊辰,1,2010,1,1,0.01696553415829667,1,戊,辰,土,土,丁,丑,火,土,False,False,0.0038095284166676487,2010-W03,2010-01
000858.SZ,2010-01-19,31.69,32.1,-0.0128,229881,729902.9569,己丑,丁丑,己巳,2,2010,1,1,-0.012854856433140771,0,己,巳,土,火,丁,丑,火,土,False,False,0.01696553415829667,2010-W03,2010-01
000858.SZ,2010-01-20,30.45,31.69,-0.0391,369516,1139869.9231,己丑,丁丑,庚午,3,2010,1,1,-0.039915179546923425,0,庚,午,金,火,丁,丑,火,土,False,False,-0.012854856433140771,2010-W03,2010-01
000858.SZ,2010-01-21,30.35,30.45,-0.0033,323819,975981.519,己丑,丁丑,辛未,4,2010,1,1,-0.003289476650398646,0,辛,未,金,土,丁,丑,火,土,False,False,-0.039915179546923425,2010-W03,2010-01
000858.SZ,2010-01-22,29.61,30.35,-0.0244,280445,830457.4033,己丑,丁丑,壬申,5,2010,1,1,-0.02468437539200748,0,壬,申,水,金,丁,丑,火,土,False,False,-0.003289476650398646,2010-W03,2010-01
000858.SZ,2010-01-25,30.0,29.61,0.0132,225253,676264.1211,己丑,丁丑,乙亥,1,2010,1,1,0.013085239548655534,1,乙,亥,木,水,丁,丑,火,土,False,False,-0.02468437539200748,2010-W04,2010-01
000858.SZ,2010-01-26,29.58,30.0,-0.014,215774,642137.4484,己丑,丁丑,丙子,2,2010,1,1,-0.014098924379501648,0,丙,子,火,水,丁,丑,火,土,False,False,0.013085239548655534,2010-W04,2010-01
000858.SZ,2010-01-27,28.56,29.58,-0.0345,283713,819268.1847,己丑,丁丑,丁丑,3,2010,1,1,-0.03509131981127006,0,丁,丑,火,土,丁,丑,火,土,False,True,-0.014098924379501648,2010-W04,2010-01
000858.SZ,2010-01-28,28.81,28.56,0.0088,233400,666073.0051,己丑,丁丑,戊寅,4,2010,1,1,0.008715411625053448,1,戊,寅,土,木,丁,丑,火,土,False,True,-0.03509131981127006,2010-W04,2010-01
000858.SZ,2010-01-29,29.19,28.81,0.0132,181710,533053.4322,己丑,丁丑,己卯,5,2010,1,1,0.013103635769586359,1,己,卯,土,木,丁,丑,火,土,False,True,0.008715411625053448,2010-W04,2010-01
000858.SZ,2010-02-01,29.75,29.19,0.0192,289657,859332.8374,己丑,丁丑,壬午,1,2010,2,1,0.019002947125615264,1,壬,午,水,火,丁,丑,火,土,True,False,0.013103635769586359,2010-W05,2010-02
000858.SZ,2010-02-02,28.95,29.75,-0.0269,209738,617528.9131,己丑,丁丑,癸未,2,2010,2,1,-0.027258927972634534,0,癸,未,水,土,丁,丑,火,土,True,False,0.019002947125615264,2010-W05,2010-02
000858.SZ,2010-02-03,29.08,28.95,0.0045,228364,658362.4101,己丑,丁丑,甲申,3,2010,2,1,0.004480448646314353,1,甲,申,木,金,丁,丑,火,土,True,False,-0.027258927972634534,2010-W05,2010-02
000858.SZ,2010-02-04,29.31,29.08,0.0079,164744,483024.7421,庚寅,戊寅,乙酉,4,2010,2,1,0.007878102057482437,1,乙,酉,木,金,戊,寅,土,木,True,False,0.004480448646314353,2010-W05,2010-02
000858.SZ,2010-02-05,28.86,29.31,-0.0154,153566,442490.8559,庚寅,戊寅,丙戌,5,2010,2,1,-0.01547220137707618,0,丙,戌,火,土,戊,寅,土,木,True,False,0.007878102057482437,2010-W05,2010-02
000858.SZ,2010-02-08,28.93,28.86,0.0024,94675,274399.349,庚寅,戊寅,己丑,1,2010,2,1,0.002422565642318923,1,己,丑,土,土,戊,寅,土,木,False,False,-0.01547220137707618,2010-W06,2010-02
000858.SZ,2010-02-09,28.81,28.93,-0.0041,106822,308474.6013,庚寅,戊寅,庚寅,2,2010,2,1,-0.004156569891606617,0,庚,寅,金,木,戊,寅,土,木,False,False,0.002422565642318923,2010-W06,2010-02
000858.SZ,2010-02-10,29.08,28.81,0.0094,86063,248804.5054,庚寅,戊寅,辛卯,3,2010,2,1,0.009328103568881472,1,辛,卯,金,木,戊,寅,土,木,False,False,-0.004156569891606617,2010-W06,2010-02
000858.SZ,2010-02-11,29.49,29.08,0.0141,134975,397973.517,庚寅,戊寅,壬辰,4,2010,2,1,0.014000570161866288,1,壬,辰,水,土,戊,寅,土,木,False,False,0.009328103568881472,2010-W06,2010-02
000858.SZ,2010-02-12,29.52,29.49,0.001,106622,314413.7034,庚寅,戊寅,癸巳,5,2010,2,1,0.001016776905086811,1,癸,巳,水,火,戊,寅,土,木,False,False,0.014000570161866288,2010-W06,2010-02
000858.SZ,2010-02-22,28.82,29.52,-0.0237,138232,401224.1981,庚寅,戊寅,癸卯,1,2010,2,1,-0.02399840916089565,0,癸,卯,水,木,戊,寅,土,木,False,False,0.001016776905086811,2010-W08,2010-02
000858.SZ,2010-02-23,28.0,28.82,-0.0285,215250,603337.854,庚寅,戊寅,甲辰,2,2010,2,1,-0.028865080396172124,0,甲,辰,木,土,戊,寅,土,木,False,False,-0.02399840916089565,2010-W08,2010-02
000858.SZ,2010-02-24,28.29,28.0,0.0104,132307,372415.3042,庚寅,戊寅,乙巳,3,2010,2,1,0.01030387513827177,1,乙,巳,木,火,戊,寅,土,木,False,True,-0.028865080396172124,2010-W08,2010-02
000858.SZ,2010-02-25,28.57,28.29,0.0099,172870,493151.8736,庚寅,戊寅,丙午,4,2010,2,1,0.009848830929205844,1,丙,午,火,火,戊,寅,土,木,False,True,0.01030387513827177,2010-W08,2010-02
000858.SZ,2010-02-26,28.04,28.57,-0.0186,181525,513358.2496,庚寅,戊寅,丁未,5,2010,2,1,-0.018725154076292373,0,丁,未,火,土,戊,寅,土,木,False,True,0.009848830929205844,2010-W08,2010-02
000858.SZ,2010-03-01,28.4,28.04,0.0128,177973,501953.5174,庚寅,戊寅,庚戌,1,2010,3,1,0.012757083000770941,1,庚,戌,金,土,戊,寅,土,木,True,False,-0.018725154076292373,2010-W09,2010-03
000858.SZ,2010-03-02,28.27,28.4,-0.0046,178612,507300.0702,庚寅,戊寅,辛亥,2,2010,3,1,-0.00458797346166132,0,辛,亥,金,水,戊,寅,土,木,True,False,0.012757083000770941,2010-W09,2010-03
000858.SZ,2010-03-03,28.41,28.27,0.005,189737,536358.4118,庚寅,戊寅,壬子,3,2010,3,1,0.004940024160597536,1,壬,子,水,水,戊,寅,土,木,True,False,-0.00458797346166132,2010-W09,2010-03
000858.SZ,2010-03-04,28.2,28.41,-0.0074,282873,811272.923,庚寅,戊寅,癸丑,4,2010,3,1,-0.007419217922028677,0,癸,丑,水,土,戊,寅,土,木,True,False,0.004940024160597536,2010-W09,2010-03
000858.SZ,2010-03-05,28.29,28.2,0.0032,144903,410765.5696,庚寅,戊寅,甲寅,5,2010,3,1,0.003186407369408002,1,甲,寅,木,木,戊,寅,土,木,True,False,-0.007419217922028677,2010-W09,2010-03
000858.SZ,2010-03-08,28.2,28.29,-0.0032,117920,333069.9878,庚寅,己卯,丁巳,1,2010,3,1,-0.003186407369407869,0,丁,巳,火,火,己,卯,土,木,False,False,0.003186407369408002,2010-W10,2010-03
000858.SZ,2010-03-09,28.04,28.2,-0.0057,199989,559854.9959,庚寅,己卯,戊午,2,2010,3,1,-0.00568991577767857,0,戊,午,土,火,己,卯,土,木,False,False,-0.003186407369407869,2010-W10,2010-03
000858.SZ,2010-03-10,27.51,28.04,-0.0189,242314,670906.151,庚寅,己卯,己未,3,2010,3,1,-0.019082487229906075,0,己,未,土,土,己,卯,土,木,False,False,-0.00568991577767857,2010-W10,2010-03
000858.SZ,2010-03-11,27.53,27.51,0.0007,120935,333931.7391,庚寅,己卯,庚申,4,2010,3,1,0.000726744218032764,1,庚,申,金,金,己,卯,土,木,False,False,-0.019082487229906075,2010-W10,2010-03
000858.SZ,2010-03-12,27.22,27.53,-0.0113,136251,375090.6702,庚寅,己卯,辛酉,5,2010,3,1,-0.011324321931196034,0,辛,酉,金,金,己,卯,土,木,False,False,0.000726744218032764,2010-W10,2010-03
000858.SZ,2010-03-15,26.38,27.22,-0.0309,243610,647572.8145,庚寅,己卯,甲子,1,2010,3,1,-0.031345849934151446,0,甲,子,木,水,己,卯,土,木,False,False,-0.011324321931196034,2010-W11,2010-03
000858.SZ,2010-03-16,26.57,26.38,0.0072,131981,351796.6196,庚寅,己卯,乙丑,2,2010,3,1,0.007176612482553716,1,乙,丑,木,土,己,卯,土,木,False,False,-0.031345849934151446,2010-W11,2010-03
000858.SZ,2010-03-17,27.4,26.57,0.0312,170555,463005.2342,庚寅,己卯,丙寅,3,2010,3,1,0.030760253622302315,1,丙,寅,火,木,己,卯,土,木,False,False,0.007176612482553716,2010-W11,2010-03
000858.SZ,2010-03-18,27.31,27.4,-0.0033,125719,346492.8941,庚寅,己卯,丁卯,4,2010,3,1,-0.003290077908410913,0,丁,卯,火,木,己,卯,土,木,False,False,0.030760253622302315,2010-W11,2010-03
000858.SZ,2010-03-19,28.03,27.31,0.0264,260650,724843.7506,庚寅,己卯,戊辰,5,2010,3,1,0.026022429691083263,1,戊,辰,土,土,己,卯,土,木,False,False,-0.003290077908410913,2010-W11,2010-03
000858.SZ,2010-03-22,28.05,28.03,0.0007,167611,469493.8118,庚寅,己卯,辛未,1,2010,3,1,0.0007132667920083311,1,辛,未,金,土,己,卯,土,木,False,False,0.026022429691083263,2010-W12,2010-03
000858.SZ,2010-03-23,28.08,28.05,0.0011,174624,491829.6173,庚寅,己卯,壬申,2,2010,3,1,0.0010689471889049637,1,壬,申,水,金,己,卯,土,木,False,False,0.0007132667920083311,2010-W12,2010-03
000858.SZ,2010-03-24,28.68,28.08,0.0214,308172,885715.1605,庚寅,己卯,癸酉,3,2010,3,1,0.021142436573809383,1,癸,酉,水,金,己,卯,土,木,False,False,0.0010689471889049637,2010-W12,2010-03
000858.SZ,2010-03-25,28.4,28.68,-0.0098,193838,554091.4673,庚寅,己卯,甲戌,4,2010,3,1,-0.009810870564259335,0,甲,戌,木,土,己,卯,土,木,False,False,0.021142436573809383,2010-W12,2010-03
000858.SZ,2010-03-26,28.4,28.4,0.0,126824,360127.8377,庚寅,己卯,乙亥,5,2010,3,1,0.0,0,乙,亥,木,水,己,卯,土,木,False,False,-0.009810870564259335,2010-W12,2010-03
000858.SZ,2010-03-29,28.89,28.4,0.0173,206776,597869.0018,庚寅,己卯,戊寅,1,2010,3,1,0.017106369310983555,1,戊,寅,土,木,己,卯,土,木,False,True,0.0,2010-W13,2010-03
000858.SZ,2010-03-30,28.6,28.89,-0.01,165110,476081.7453,庚寅,己卯,己卯,2,2010,3,1,-0.010088796652336987,0,己,卯,土,木,己,卯,土,木,False,True,0.017106369310983555,2010-W13,2010-03
000858.SZ,2010-03-31,28.17,28.6,-0.015,192230,543140.3716,庚寅,己卯,庚辰,3,2010,3,1,-0.015149135937525681,0,庚,辰,金,土,己,卯,土,木,False,True,-0.010088796652336987,2010-W13,2010-03
000858.SZ,2010-04-01,28.51,28.17,0.0121,191740,546179.8513,庚寅,己卯,辛巳,4,2010,4,1,0.011997321036299377,1,辛,巳,金,火,己,卯,土,木,True,False,-0.015149135937525681,2010-W13,2010-04
000858.SZ,2010-04-02,28.3,28.51,-0.0074,183317,519381.6134,庚寅,己卯,壬午,5,2010,4,1,-0.0073930982753887126,0,壬,午,水,火,己,卯,土,木,True,False,0.011997321036299377,2010-W13,2010-04
000858.SZ,2010-04-06,28.04,28.3,-0.0092,256570,720388.7157,庚寅,庚辰,丙戌,2,2010,4,1,-0.009229742482802642,0,丙,戌,火,土,庚,辰,金,土,False,False,-0.0073930982753887126,2010-W14,2010-04
000858.SZ,2010-04-07,28.36,28.04,0.0114,159705,450224.9033,庚寅,庚辰,丁亥,3,2010,4,1,0.011347639497537415,1,丁,亥,火,水,庚,辰,金,土,False,False,-0.009229742482802642,2010-W14,2010-04
000858.SZ,2010-04-08,27.76,28.36,-0.0212,222006,620151.7752,庚寅,庚辰,戊子,4,2010,4,1,-0.021383566025322962,0,戊,子,土,水,庚,辰,金,土,False,False,0.011347639497537415,2010-W14,2010-04
000858.SZ,2010-04-09,28.05,27.76,0.0104,212234,589573.9582,庚寅,庚辰,己丑,5,2010,4,1,0.010392496330101504,1,己,丑,土,土,庚,辰,金,土,False,False,-0.021383566025322962,2010-W14,2010-04
000858.SZ,2010-04-12,27.52,28.05,-0.0189,256250,708961.5575,庚寅,庚辰,壬辰,1,2010,4,1,-0.019075618903562436,0,壬,辰,水,土,庚,辰,金,土,False,False,0.010392496330101504,2010-W15,2010-04
000858.SZ,2010-04-13,27.89,27.52,0.0134,307853,858551.1876,庚寅,庚辰,癸巳,2,2010,4,1,0.013355188574254724,1,癸,巳,水,火,庚,辰,金,土,False,False,-0.019075618903562436,2010-W15,2010-04
000858.SZ,2010-04-14,28.77,27.89,0.0316,423586,1203267.8913,庚寅,庚辰,甲午,3,2010,4,1,0.031064975924058956,1,甲,午,木,火,庚,辰,金,土,False,False,0.013355188574254724,2010-W15,2010-04
000858.SZ,2010-04-15,29.0,28.77,0.008,407179,1186113.2862,庚寅,庚辰,乙未,4,2010,4,1,0.007962652423017583,1,乙,未,木,土,庚,辰,金,土,False,False,0.031064975924058956,2010-W15,2010-04
000858.SZ,2010-04-19,27.9,29.0,-0.0379,345679,982461.2832,庚寅,庚辰,己亥,1,2010,4,1,-0.03866914115915416,0,己,亥,土,水,庚,辰,金,土,False,False,0.007962652423017583,2010-W16,2010-04
000858.SZ,2010-04-20,28.05,27.9,0.0054,262386,733890.6074,庚寅,庚辰,庚子,2,2010,4,1,0.005361943141385373,1,庚,子,金,水,庚,辰,金,土,False,False,-0.03866914115915416,2010-W16,2010-04
000858.SZ,2010-04-21,29.25,28.05,0.0428,369842,1065919.3833,庚寅,庚辰,辛丑,3,2010,4,1,0.04189094170916013,1,辛,丑,金,土,庚,辰,金,土,False,False,0.005361943141385373,2010-W16,2010-04
000858.SZ,2010-04-22,29.3,29.25,0.0017,422948,1248406.4473,庚寅,庚辰,壬寅,4,2010,4,1,0.0017079423451561158,1,壬,寅,水,木,庚,辰,金,土,False,False,0.04189094170916013,2010-W16,2010-04
000858.SZ,2010-04-23,29.0,29.3,-0.0102,271816,799066.6068,庚寅,庚辰,癸卯,5,2010,4,1,-0.010291686036547636,0,癸,卯,水,木,庚,辰,金,土,False,False,0.0017079423451561158,2010-W16,2010-04
000858.SZ,2010-04-26,27.98,29.0,-0.0352,344329,971521.1321,庚寅,庚辰,丙午,1,2010,4,1,-0.03580586074913889,0,丙,午,火,火,庚,辰,金,土,False,True,-0.010291686036547636,2010-W17,2010-04
000858.SZ,2010-04-27,27.08,27.98,-0.0322,246721,671045.597,庚寅,庚辰,丁未,2,2010,4,1,-0.03269452119326093,0,丁,未,火,土,庚,辰,金,土,False,True,-0.03580586074913889,2010-W17,2010-04
000858.SZ,2010-04-28,26.79,27.08,-0.0107,159967,430250.5153,庚寅,庚辰,戊申,3,2010,4,1,-0.01076676448755679,0,戊,申,土,金,庚,辰,金,土,False,True,-0.03269452119326093,2010-W17,2010-04
000858.SZ,2010-04-29,26.7,26.79,-0.0034,124333,334373.1373,庚寅,庚辰,己酉,4,2010,4,1,-0.0033651181503135588,0,己,酉,土,金,庚,辰,金,土,False,True,-0.01076676448755679,2010-W17,2010-04
000858.SZ,2010-04-30,26.29,26.7,-0.0154,168761,438361.7102,庚寅,庚辰,庚戌,5,2010,4,1,-0.015474926664414019,0,庚,戌,金,土,庚,辰,金,土,False,True,-0.0033651181503135588,2010-W17,2010-04
000858.SZ,2010-05-04,26.3,26.29,0.0004,92311,243511.4722,庚寅,庚辰,甲寅,2,2010,5,1,0.00038030044192902005,1,甲,寅,木,木,庚,辰,金,土,True,False,-0.015474926664414019,2010-W18,2010-05
000858.SZ,2010-05-05,27.08,26.3,0.0297,149599,396343.8546,庚寅,辛巳,乙卯,3,2010,5,1,0.029226508860355258,1,乙,卯,木,木,辛,巳,金,火,True,False,0.00038030044192902005,2010-W18,2010-05
000858.SZ,2010-05-06,26.01,27.08,-0.0395,124581,331049.1418,庚寅,辛巳,丙辰,4,2010,5,1,-0.040314368583514,0,丙,辰,火,土,辛,巳,金,火,False,False,0.029226508860355258,2010-W18,2010-05
000858.SZ,2010-05-07,25.66,26.01,-0.0135,121232,312175.3749,庚寅,辛巳,丁巳,5,2010,5,1,-0.01354772027306989,0,丁,巳,火,火,辛,巳,金,火,False,False,-0.040314368583514,2010-W18,2010-05
000858.SZ,2010-05-10,25.9,25.66,0.0094,120987,313664.1144,庚寅,辛巳,庚申,1,2010,5,1,0.009309609518001744,1,庚,申,金,金,辛,巳,金,火,False,False,-0.01354772027306989,2010-W19,2010-05
000858.SZ,2010-05-11,25.41,25.9,-0.0189,118425,307273.3956,庚寅,辛巳,辛酉,2,2010,5,1,-0.019100171373419267,0,辛,酉,金,金,辛,巳,金,火,False,False,0.009309609518001744,2010-W19,2010-05
000858.SZ,2010-05-12,24.57,25.41,-0.0331,200537,493645.8534,庚寅,辛巳,壬戌,3,2010,5,1,-0.033616610798984974,0,壬,戌,水,土,辛,巳,金,火,False,False,-0.019100171373419267,2010-W19,2010-05
000858.SZ,2010-05-13,25.3,24.57,0.0297,156653,390820.597,庚寅,辛巳,癸亥,4,2010,5,1,0.029278209200386773,1,癸,亥,水,水,辛,巳,金,火,False,False,-0.033616610798984974,2010-W19,2010-05
000858.SZ,2010-05-14,25.12,25.15,-0.0012,82792,207961.5436,庚寅,辛巳,甲子,5,2010,5,1,-0.0011935549457501456,0,甲,子,木,水,辛,巳,金,火,False,False,0.029278209200386773,2010-W19,2010-05
000858.SZ,2010-05-17,23.69,25.12,-0.0569,137931,333922.3476,庚寅,辛巳,丁卯,1,2010,5,1,-0.05861132342930386,0,丁,卯,火,木,辛,巳,金,火,False,False,-0.0011935549457501456,2010-W20,2010-05
000858.SZ,2010-05-18,23.84,23.69,0.0063,170643,400448.6947,庚寅,辛巳,戊辰,2,2010,5,1,0.006311824026454761,1,戊,辰,土,土,辛,巳,金,火,False,False,-0.05861132342930386,2010-W20,2010-05
000858.SZ,2010-05-19,23.9,23.84,0.0025,121546,289124.6623,庚寅,辛巳,己巳,3,2010,5,1,0.0025136167403158995,1,己,巳,土,火,辛,巳,金,火,False,False,0.006311824026454761,2010-W20,2010-05
000858.SZ,2010-05-20,23.96,23.9,0.0025,166899,403455.2474,庚寅,辛巳,庚午,4,2010,5,1,0.0025073143097837673,1,庚,午,金,火,辛,巳,金,火,False,False,0.0025136167403158995,2010-W20,2010-05
000858.SZ,2010-05-21,24.8,23.96,0.0351,197413,478804.5516,庚寅,辛巳,辛未,5,2010,5,1,0.03445787992368797,1,辛,未,金,土,辛,巳,金,火,False,False,0.0025073143097837673,2010-W20,2010-05
000858.SZ,2010-05-24,25.54,24.8,0.0298,169299,432451.2315,庚寅,辛巳,甲戌,1,2010,5,1,0.029402197433456696,1,甲,戌,木,土,辛,巳,金,火,False,False,0.03445787992368797,2010-W21,2010-05
000858.SZ,2010-05-25,25.03,25.54,-0.02,152399,385269.5535,庚寅,辛巳,乙亥,2,2010,5,1,-0.020170745160710286,0,乙,亥,木,水,辛,巳,金,火,False,False,0.029402197433456696,2010-W21,2010-05
000858.SZ,2010-05-26,24.9,25.03,-0.0052,83742,208918.3002,庚寅,辛巳,丙子,3,2010,5,1,-0.00520730197302097,0,丙,子,火,水,辛,巳,金,火,False,False,-0.020170745160710286,2010-W21,2010-05
000858.SZ,2010-05-27,25.5,24.9,0.0241,164134,415798.481,庚寅,辛巳,丁丑,4,2010,5,1,0.023810648693718607,1,丁,丑,火,土,辛,巳,金,火,False,True,-0.00520730197302097,2010-W21,2010-05
000858.SZ,2010-05-28,25.47,25.5,-0.0012,171597,440295.6167,庚寅,辛巳,戊寅,5,2010,5,1,-0.001177163173014863,0,戊,寅,土,木,辛,巳,金,火,False,True,0.023810648693718607,2010-W21,2010-05
000858.SZ,2010-05-31,24.86,25.47,-0.024,107748,271028.5379,庚寅,辛巳,辛巳,1,2010,5,1,-0.02424120290880057,0,辛,巳,金,火,辛,巳,金,火,False,True,-0.001177163173014863,2010-W22,2010-05
000858.SZ,2010-06-01,25.0,24.86,0.0056,165282,411210.0114,庚寅,辛巳,壬午,2,2010,6,1,0.0056157387856357035,1,壬,午,水,火,辛,巳,金,火,True,False,-0.02424120290880057,2010-W22,2010-06
000858.SZ,2010-06-02,24.54,25.0,-0.0184,125305,305472.0476,庚寅,辛巳,癸未,3,2010,6,1,-0.018571385585435456,0,癸,未,水,土,辛,巳,金,火,True,False,0.0056157387856357035,2010-W22,2010-06
000858.SZ,2010-06-03,24.5,24.54,-0.0016,103377,254016.2151,庚寅,辛巳,甲申,4,2010,6,1,-0.0016313217320840852,0,甲,申,木,金,辛,巳,金,火,True,False,-0.018571385585435456,2010-W22,2010-06
000858.SZ,2010-06-04,25.0,24.5,0.0204,112594,278687.9786,庚寅,辛巳,乙酉,5,2010,6,1,0.02020270731751947,1,乙,酉,木,金,辛,巳,金,火,True,False,-0.0016313217320840852,2010-W22,2010-06
000858.SZ,2010-06-07,25.55,25.0,0.022,237508,604439.3078,庚寅,壬午,戊子,1,2010,6,1,0.02176149178151271,1,戊,子,土,水,壬,午,水,火,False,False,0.02020270731751947,2010-W23,2010-06
000858.SZ,2010-06-08,25.69,25.55,0.0055,128281,329408.2508,庚寅,壬午,己丑,2,2010,6,1,0.005464494472078745,1,己,丑,土,土,壬,午,水,火,False,False,0.02176149178151271,2010-W23,2010-06
000858.SZ,2010-06-09,26.59,25.69,0.035,252279,666413.6678,庚寅,壬午,庚寅,3,2010,6,1,0.03443339413313618,1,庚,寅,金,木,壬,午,水,火,False,False,0.005464494472078745,2010-W23,2010-06
000858.SZ,2010-06-10,26.87,26.59,0.0105,244349,660465.398,庚寅,壬午,辛卯,4,2010,6,1,0.010475217372471477,1,辛,卯,金,木,壬,午,水,火,False,False,0.03443339413313618,2010-W23,2010-06
000858.SZ,2010-06-11,26.61,26.87,-0.0097,158321,426173.0349,庚寅,壬午,壬辰,5,2010,6,1,-0.009723337637802115,0,壬,辰,水,土,壬,午,水,火,False,False,0.010475217372471477,2010-W23,2010-06
000858.SZ,2010-06-17,25.8,26.61,-0.0304,153030,399764.4192,庚寅,壬午,戊戌,4,2010,6,1,-0.030912593062026046,0,戊,戌,土,土,壬,午,水,火,False,False,-0.009723337637802115,2010-W24,2010-06
000858.SZ,2010-06-18,25.15,25.8,-0.0252,145106,372958.0144,庚寅,壬午,己亥,5,2010,6,1,-0.025516595381823572,0,己,亥,土,水,壬,午,水,火,False,False,-0.030912593062026046,2010-W24,2010-06
000858.SZ,2010-06-21,26.29,25.15,0.0453,149915,388547.6794,庚寅,壬午,壬寅,1,2010,6,1,0.044330742196041634,1,壬,寅,水,木,壬,午,水,火,False,False,-0.025516595381823572,2010-W25,2010-06
000858.SZ,2010-06-22,25.85,26.29,-0.0167,124907,323940.7672,庚寅,壬午,癸卯,2,2010,6,1,-0.016878037787351637,0,癸,卯,水,木,壬,午,水,火,False,False,0.044330742196041634,2010-W25,2010-06
000858.SZ,2010-06-23,26.02,25.85,0.0066,81440,210828.6337,庚寅,壬午,甲辰,3,2010,6,1,0.0065548721299209375,1,甲,辰,木,土,壬,午,水,火,False,False,-0.016878037787351637,2010-W25,2010-06
000858.SZ,2010-06-24,25.67,26.02,-0.0135,94932,243932.8891,庚寅,壬午,乙巳,4,2010,6,1,-0.01354247820131007,0,乙,巳,木,火,壬,午,水,火,False,False,0.0065548721299209375,2010-W25,2010-06
000858.SZ,2010-06-25,25.7,25.67,0.0012,82618,212076.4328,庚寅,壬午,丙午,5,2010,6,1,0.0011679970181250662,1,丙,午,火,火,壬,午,水,火,False,False,-0.01354247820131007,2010-W25,2010-06
000858.SZ,2010-06-28,25.31,25.7,-0.0152,78311,199758.6049,庚寅,壬午,己酉,1,2010,6,1,-0.015291417344141488,0,己,酉,土,金,壬,午,水,火,False,True,0.0011679970181250662,2010-W26,2010-06
000858.SZ,2010-06-29,24.3,25.31,-0.0399,124628,309411.4185,庚寅,壬午,庚戌,2,2010,6,1,-0.040723224210529846,0,庚,戌,金,土,壬,午,水,火,False,True,-0.015291417344141488,2010-W26,2010-06
000858.SZ,2010-06-30,24.23,24.3,-0.0029,76180,184607.1414,庚寅,壬午,辛亥,3,2010,6,1,-0.002884815518068407,0,辛,亥,金,水,壬,午,水,火,False,True,-0.040723224210529846,2010-W26,2010-06
000858.SZ,2010-07-01,24.02,24.23,-0.0087,71122,172039.9421,庚寅,壬午,壬子,4,2010,7,1,-0.008704718176596913,0,壬,子,水,水,壬,午,水,火,True,False,-0.002884815518068407,2010-W26,2010-07
000858.SZ,2010-07-02,23.56,24.02,-0.0192,161130,375257.4066,庚寅,壬午,癸丑,5,2010,7,1,-0.019336457868451583,0,癸,丑,水,土,壬,午,水,火,True,False,-0.008704718176596913,2010-W26,2010-07
000858.SZ,2010-07-05,23.6,23.56,0.0017,115625,268976.4395,庚寅,壬午,丙辰,1,2010,7,1,0.0016963532481785555,1,丙,辰,火,土,壬,午,水,火,True,False,-0.019336457868451583,2010-W27,2010-07
000858.SZ,2010-07-06,23.98,23.6,0.0161,64421,154169.988,庚寅,壬午,丁巳,2,2010,7,1,0.015973437567803714,1,丁,巳,火,火,壬,午,水,火,False,False,0.0016963532481785555,2010-W27,2010-07
000858.SZ,2010-07-07,24.08,23.98,0.0042,55337,132899.507,庚寅,癸未,戊午,3,2010,7,1,0.004161470841251977,1,戊,午,土,火,癸,未,水,土,False,False,0.015973437567803714,2010-W27,2010-07
000858.SZ,2010-07-08,23.85,24.08,-0.0096,50867,122110.3914,庚寅,癸未,己未,4,2010,7,1,-0.00959740310626989,0,己,未,土,土,癸,未,水,土,False,False,0.004161470841251977,2010-W27,2010-07
000858.SZ,2010-07-09,25.0,23.85,0.0482,178842,443672.1051,庚寅,癸未,庚申,5,2010,7,1,0.047091607533850374,1,庚,申,金,金,癸,未,水,土,False,False,-0.00959740310626989,2010-W27,2010-07
000858.SZ,2010-07-12,24.98,25.0,-0.0008,72978,181893.0731,庚寅,癸未,癸亥,1,2010,7,1,-0.0008003201707691552,0,癸,亥,水,水,癸,未,水,土,False,False,0.047091607533850374,2010-W28,2010-07
000858.SZ,2010-07-13,25.3,24.98,0.0128,125051,313403.7653,庚寅,癸未,甲子,2,2010,7,1,0.012728891036042892,1,甲,子,木,水,癸,未,水,土,False,False,-0.0008003201707691552,2010-W28,2010-07
000858.SZ,2010-07-14,25.0,25.3,-0.0119,67788,170777.9812,庚寅,癸未,乙丑,3,2010,7,1,-0.011928570865273845,0,乙,丑,木,土,癸,未,水,土,False,False,0.012728891036042892,2010-W28,2010-07
000858.SZ,2010-07-15,25.0,25.0,0.0,78335,196941.2181,庚寅,癸未,丙寅,4,2010,7,1,0.0,0,丙,寅,火,木,癸,未,水,土,False,False,-0.011928570865273845,2010-W28,2010-07
000858.SZ,2010-07-16,25.8,25.0,0.032,200421,510867.197,庚寅,癸未,丁卯,5,2010,7,1,0.031498667059371016,1,丁,卯,火,木,癸,未,水,土,False,False,0.0,2010-W28,2010-07
000858.SZ,2010-07-19,26.43,25.8,0.0244,198972,523396.0903,庚寅,癸未,庚午,1,2010,7,1,0.024125236688626046,1,庚,午,金,火,癸,未,水,土,False,False,0.031498667059371016,2010-W29,2010-07
000858.SZ,2010-07-20,26.79,26.43,0.0136,253280,680729.2656,庚寅,癸未,辛未,2,2010,7,1,0.01352895494031943,1,辛,未,金,土,癸,未,水,土,False,False,0.024125236688626046,2010-W29,2010-07
000858.SZ,2010-07-21,26.8,26.79,0.0004,162587,438372.1756,庚寅,癸未,壬申,3,2010,7,1,0.00037320396029367743,1,壬,申,水,金,癸,未,水,土,False,False,0.01352895494031943,2010-W29,2010-07
000858.SZ,2010-07-22,27.03,26.8,0.0086,121528,328863.5737,庚寅,癸未,癸酉,4,2010,7,1,0.008545472771545262,1,癸,酉,水,金,癸,未,水,土,False,False,0.00037320396029367743,2010-W29,2010-07
000858.SZ,2010-07-23,27.42,27.03,0.0144,193081,528988.2378,庚寅,癸未,甲戌,5,2010,7,1,0.01432531384581204,1,甲,戌,木,土,癸,未,水,土,False,False,0.008545472771545262,2010-W29,2010-07
000858.SZ,2010-07-26,27.95,27.42,0.0193,222901,624636.4167,庚寅,癸未,丁丑,1,2010,7,1,0.019144525466939837,1,丁,丑,火,土,癸,未,水,土,False,False,0.01432531384581204,2010-W30,2010-07
000858.SZ,2010-07-27,28.05,27.95,0.0036,174278,489618.8621,庚寅,癸未,戊寅,2,2010,7,1,0.0035714323675971795,1,戊,寅,土,木,癸,未,水,土,False,True,0.019144525466939837,2010-W30,2010-07
000858.SZ,2010-07-28,28.26,28.05,0.0075,183673,519476.5827,庚寅,癸未,己卯,3,2010,7,1,0.007458745287676133,1,己,卯,土,木,癸,未,水,土,False,True,0.0035714323675971795,2010-W30,2010-07
000858.SZ,2010-07-29,27.8,28.26,-0.0163,214690,598273.678,庚寅,癸未,庚辰,4,2010,7,1,-0.016411356559790032,0,庚,辰,金,土,癸,未,水,土,False,True,0.007458745287676133,2010-W30,2010-07
000858.SZ,2010-07-30,27.78,27.8,-0.0007,121697,337392.5282,庚寅,癸未,辛巳,5,2010,7,1,-0.0007196833703936268,0,辛,巳,金,火,癸,未,水,土,False,True,-0.016411356559790032,2010-W30,2010-07
000858.SZ,2010-08-02,29.17,27.78,0.05,335241,969140.0562,庚寅,癸未,甲申,1,2010,8,1,0.0488244465534324,1,甲,申,木,金,癸,未,水,土,True,False,-0.0007196833703936268,2010-W31,2010-08
000858.SZ,2010-08-03,28.78,29.17,-0.0134,229438,666559.6078,庚寅,癸未,乙酉,2,2010,8,1,-0.013460082420408283,0,乙,酉,木,金,癸,未,水,土,True,False,0.0488244465534324,2010-W31,2010-08
000858.SZ,2010-08-04,29.35,28.78,0.0198,306954,895647.5316,庚寅,癸未,丙戌,3,2010,8,1,0.019611844814883803,1,丙,戌,火,土,癸,未,水,土,True,False,-0.013460082420408283,2010-W31,2010-08
000858.SZ,2010-08-05,29.7,29.35,0.0119,289369,865232.7068,庚寅,癸未,丁亥,4,2010,8,1,0.011854499534548379,1,丁,亥,火,水,癸,未,水,土,True,False,0.019611844814883803,2010-W31,2010-08
000858.SZ,2010-08-06,29.78,29.7,0.0027,206520,611855.5968,庚寅,癸未,戊子,5,2010,8,1,0.002689981447209157,1,戊,子,土,水,癸,未,水,土,False,False,0.011854499534548379,2010-W31,2010-08
000858.SZ,2010-08-09,30.0,29.78,0.0074,196246,592097.3876,庚寅,甲申,辛卯,1,2010,8,1,0.007360354406292317,1,辛,卯,金,木,甲,申,木,金,False,False,0.002689981447209157,2010-W32,2010-08
000858.SZ,2010-08-10,28.91,30.0,-0.0363,286440,837709.5548,庚寅,甲申,壬辰,2,2010,8,1,-0.03700982563390068,0,壬,辰,水,土,甲,申,木,金,False,False,0.007360354406292317,2010-W32,2010-08
000858.SZ,2010-08-11,29.58,28.91,0.0232,293565,865325.7721,庚寅,甲申,癸巳,3,2010,8,1,0.022910901254399037,1,癸,巳,水,火,甲,申,木,金,False,False,-0.03700982563390068,2010-W32,2010-08
000858.SZ,2010-08-12,29.78,29.58,0.0068,350173,1052045.6852,庚寅,甲申,甲午,4,2010,8,1,0.006738569973209269,1,甲,午,木,火,甲,申,木,金,False,False,0.022910901254399037,2010-W32,2010-08
000858.SZ,2010-08-13,30.19,29.78,0.0138,213222,637187.8744,庚寅,甲申,乙未,5,2010,8,1,0.013673716462884452,1,乙,未,木,土,甲,申,木,金,False,False,0.006738569973209269,2010-W32,2010-08
000858.SZ,2010-08-16,30.98,30.19,0.0262,335308,1035108.0098,庚寅,甲申,戊戌,1,2010,8,1,0.02583109126997511,1,戊,戌,土,土,甲,申,木,金,False,False,0.013673716462884452,2010-W33,2010-08
000858.SZ,2010-08-17,31.08,30.98,0.0032,212047,658037.8058,庚寅,甲申,己亥,2,2010,8,1,0.0032226905107240163,1,己,亥,土,水,甲,申,木,金,False,False,0.02583109126997511,2010-W33,2010-08
000858.SZ,2010-08-18,30.85,31.08,-0.0074,170926,527383.6788,庚寅,甲申,庚子,3,2010,8,1,-0.007427775148049763,0,庚,子,金,水,甲,申,木,金,False,False,0.0032226905107240163,2010-W33,2010-08
000858.SZ,2010-08-19,30.54,30.85,-0.01,160283,493237.8655,庚寅,甲申,辛丑,4,2010,8,1,-0.010099450560910515,0,辛,丑,金,土,甲,申,木,金,False,False,-0.007427775148049763,2010-W33,2010-08
000858.SZ,2010-08-20,29.8,30.54,-0.0242,237663,709501.0205,庚寅,甲申,壬寅,5,2010,8,1,-0.024528906279127533,0,壬,寅,水,木,甲,申,木,金,False,False,-0.010099450560910515,2010-W33,2010-08
000858.SZ,2010-08-23,29.9,29.8,0.0034,116547,347733.4657,庚寅,甲申,乙巳,1,2010,8,1,0.0033500868852818057,1,乙,巳,木,火,甲,申,木,金,False,False,-0.024528906279127533,2010-W34,2010-08
000858.SZ,2010-08-24,30.02,29.9,0.004,147294,441197.6084,庚寅,甲申,丙午,2,2010,8,1,0.0040053458086752826,1,丙,午,火,火,甲,申,木,金,False,False,0.0033500868852818057,2010-W34,2010-08
000858.SZ,2010-08-25,30.0,30.02,-0.0007,166570,505743.3863,庚寅,甲申,丁未,3,2010,8,1,-0.0006664445431605588,0,丁,未,火,土,甲,申,木,金,False,False,0.0040053458086752826,2010-W34,2010-08
000858.SZ,2010-08-26,29.94,30.0,-0.002,97107,291210.9071,庚寅,甲申,戊申,4,2010,8,1,-0.0020020026706730793,0,戊,申,土,金,甲,申,木,金,False,False,-0.0006664445431605588,2010-W34,2010-08
000858.SZ,2010-08-27,29.99,29.94,0.0017,86699,259307.8928,庚寅,甲申,己酉,5,2010,8,1,0.0016686137694352946,1,己,酉,土,金,甲,申,木,金,False,True,-0.0020020026706730793,2010-W34,2010-08
000858.SZ,2010-08-30,31.69,29.99,0.0567,344883,1078575.5213,庚寅,甲申,壬子,1,2010,8,1,0.05513718094191179,1,壬,子,水,水,甲,申,木,金,False,True,0.0016686137694352946,2010-W35,2010-08
000858.SZ,2010-08-31,31.72,31.69,0.0009,231275,735308.8487,庚寅,甲申,癸丑,2,2010,8,1,0.0009462230638176987,1,癸,丑,水,土,甲,申,木,金,False,True,0.05513718094191179,2010-W35,2010-08
000858.SZ,2010-09-01,31.21,31.72,-0.0161,214455,675863.9434,庚寅,甲申,甲寅,3,2010,9,1,-0.01620884048395913,0,甲,寅,木,木,甲,申,木,金,True,False,0.0009462230638176987,2010-W35,2010-09
000858.SZ,2010-09-02,31.78,31.21,0.0183,169698,539954.3328,庚寅,甲申,乙卯,4,2010,9,1,0.018098604825881975,1,乙,卯,木,木,甲,申,木,金,True,False,-0.01620884048395913,2010-W35,2010-09
000858.SZ,2010-09-03,32.2,31.78,0.0132,225786,726114.6644,庚寅,甲申,丙辰,5,2010,9,1,0.013129291441792802,1,丙,辰,火,土,甲,申,木,金,True,False,0.018098604825881975,2010-W35,2010-09
000858.SZ,2010-09-06,32.52,32.2,0.0099,203180,667352.9443,庚寅,甲申,己未,1,2010,9,1,0.009888832129247196,1,己,未,土,土,甲,申,木,金,False,False,0.013129291441792802,2010-W36,2010-09
000858.SZ,2010-09-07,32.18,32.52,-0.0105,128340,411899.2745,庚寅,甲申,庚申,2,2010,9,1,-0.010510143115372773,0,庚,申,金,金,甲,申,木,金,False,False,0.009888832129247196,2010-W36,2010-09
000858.SZ,2010-09-08,32.75,32.18,0.0177,142475,464491.755,庚寅,乙酉,辛酉,3,2010,9,1,0.017557820517023762,1,辛,酉,金,金,乙,酉,木,金,False,False,-0.010510143115372773,2010-W36,2010-09
000858.SZ,2010-09-09,32.59,32.75,-0.0049,206662,684186.1704,庚寅,乙酉,壬戌,4,2010,9,1,-0.0048974692317906385,0,壬,戌,水,土,乙,酉,木,金,False,False,0.017557820517023762,2010-W36,2010-09
000858.SZ,2010-09-10,33.89,32.59,0.0399,287444,955952.1951,庚寅,乙酉,癸亥,5,2010,9,1,0.039114492769489785,1,癸,亥,水,水,乙,酉,木,金,False,False,-0.0048974692317906385,2010-W36,2010-09
000858.SZ,2010-09-13,34.05,33.89,0.0047,279705,954754.9966,庚寅,乙酉,丙寅,1,2010,9,1,0.0047100469765613264,1,丙,寅,火,木,乙,酉,木,金,False,False,0.039114492769489785,2010-W37,2010-09
000858.SZ,2010-09-14,33.71,34.05,-0.01,153913,519825.8605,庚寅,乙酉,丁卯,2,2010,9,1,-0.010035503349551915,0,丁,卯,火,木,乙,酉,木,金,False,False,0.0047100469765613264,2010-W37,2010-09
000858.SZ,2010-09-15,33.01,33.71,-0.0208,134221,446087.2304,庚寅,乙酉,戊辰,3,2010,9,1,-0.020983983380867755,0,戊,辰,土,土,乙,酉,木,金,False,False,-0.010035503349551915,2010-W37,2010-09
000858.SZ,2010-09-16,32.3,33.01,-0.0215,201369,650633.5627,庚寅,乙酉,己巳,4,2010,9,1,-0.02174331563649085,0,己,巳,土,火,乙,酉,木,金,False,False,-0.020983983380867755,2010-W37,2010-09
000858.SZ,2010-09-17,33.21,32.3,0.0282,231014,762194.1492,庚寅,乙酉,庚午,5,2010,9,1,0.02778380516004453,1,庚,午,金,火,乙,酉,木,金,False,False,-0.02174331563649085,2010-W37,2010-09
000858.SZ,2010-09-20,33.28,33.21,0.0021,133728,444178.1465,庚寅,乙酉,癸酉,1,2010,9,1,0.0021055805643525917,1,癸,酉,水,金,乙,酉,木,金,False,False,0.02778380516004453,2010-W38,2010-09
000858.SZ,2010-09-21,33.25,33.28,-0.0009,124838,416536.8486,庚寅,乙酉,甲戌,2,2010,9,1,-0.0009018488511446799,0,甲,戌,木,土,乙,酉,木,金,False,False,0.0021055805643525917,2010-W38,2010-09
000858.SZ,2010-09-27,33.78,33.25,0.0159,177435,591726.8337,庚寅,乙酉,庚辰,1,2010,9,1,0.015814144277790862,1,庚,辰,金,土,乙,酉,木,金,False,True,-0.0009018488511446799,2010-W39,2010-09
000858.SZ,2010-09-28,34.91,33.78,0.0335,287439,989649.8254,庚寅,乙酉,辛巳,2,2010,9,1,0.0329044097372905,1,辛,巳,金,火,乙,酉,木,金,False,True,0.015814144277790862,2010-W39,2010-09
000858.SZ,2010-09-29,34.12,34.91,-0.0226,183471,633043.5198,庚寅,乙酉,壬午,3,2010,9,1,-0.022889598493466282,0,壬,午,水,火,乙,酉,木,金,False,True,0.0329044097372905,2010-W39,2010-09
000858.SZ,2010-09-30,34.33,34.12,0.0062,139092,476107.0487,庚寅,乙酉,癸未,4,2010,9,1,0.006135884846122384,1,癸,未,水,土,乙,酉,木,金,False,True,-0.022889598493466282,2010-W39,2010-09
000858.SZ,2010-10-08,35.7,34.33,0.0399,261470,930719.775,庚寅,丙戌,辛卯,5,2010,10,1,0.03913108131599278,1,辛,卯,金,木,丙,戌,火,土,False,False,0.006135884846122384,2010-W40,2010-10
000858.SZ,2010-10-11,34.6,35.7,-0.0308,330101,1159681.5129,庚寅,丙戌,甲午,1,2010,10,1,-0.03129700672191482,0,甲,午,木,火,丙,戌,火,土,False,False,0.03913108131599278,2010-W41,2010-10
000858.SZ,2010-10-12,34.25,34.6,-0.0101,261364,894754.1404,庚寅,丙戌,乙未,2,2010,10,1,-0.010167117355444313,0,乙,未,木,土,丙,戌,火,土,False,False,-0.03129700672191482,2010-W41,2010-10
000858.SZ,2010-10-13,33.15,34.25,-0.0321,577477,1904609.7223,庚寅,丙戌,丙申,3,2010,10,1,-0.032643848076362836,0,丙,申,火,金,丙,戌,火,土,False,False,-0.010167117355444313,2010-W41,2010-10
000858.SZ,2010-10-14,31.89,33.15,-0.038,610780,1984162.4598,庚寅,丙戌,丁酉,4,2010,10,1,-0.03875023560990524,0,丁,酉,火,金,丙,戌,火,土,False,False,-0.032643848076362836,2010-W41,2010-10
000858.SZ,2010-10-15,32.66,31.89,0.0241,531098,1715241.3898,庚寅,丙戌,戊戌,5,2010,10,1,0.02385860652035258,1,戊,戌,土,土,丙,戌,火,土,False,False,-0.03875023560990524,2010-W41,2010-10
000858.SZ,2010-10-18,33.35,32.66,0.0211,437124,1422938.8918,庚寅,丙戌,辛丑,1,2010,10,1,0.02090668481931386,1,辛,丑,金,土,丙,戌,火,土,False,False,0.02385860652035258,2010-W42,2010-10
000858.SZ,2010-10-19,34.57,33.35,0.0366,418023,1421062.1788,庚寅,丙戌,壬寅,2,2010,10,1,0.0359284815719004,1,壬,寅,水,木,丙,戌,火,土,False,False,0.02090668481931386,2010-W42,2010-10
000858.SZ,2010-10-20,36.15,34.57,0.0457,654956,2336154.368,庚寅,丙戌,癸卯,3,2010,10,1,0.04469069467124045,1,癸,卯,水,木,丙,戌,火,土,False,False,0.0359284815719004,2010-W42,2010-10
000858.SZ,2010-10-21,35.77,36.15,-0.0105,417125,1512710.6971,庚寅,丙戌,甲辰,4,2010,10,1,-0.010567395333847172,0,甲,辰,木,土,丙,戌,火,土,False,False,0.04469069467124045,2010-W42,2010-10
000858.SZ,2010-10-22,36.0,35.77,0.0064,328631,1188979.6141,庚寅,丙戌,乙巳,5,2010,10,1,0.006409385185183481,1,乙,巳,木,火,丙,戌,火,土,False,False,-0.010567395333847172,2010-W42,2010-10
000858.SZ,2010-10-25,38.02,36.0,0.0561,506701,1900855.8989,庚寅,丙戌,戊申,1,2010,10,1,0.054593398604173206,1,戊,申,土,金,丙,戌,火,土,False,False,0.006409385185183481,2010-W43,2010-10
000858.SZ,2010-10-26,37.27,38.02,-0.0197,341152,1269670.2028,庚寅,丙戌,己酉,2,2010,10,1,-0.019923623569116082,0,己,酉,土,金,丙,戌,火,土,False,False,0.054593398604173206,2010-W43,2010-10
000858.SZ,2010-10-27,35.95,37.27,-0.0354,315321,1148956.8557,庚寅,丙戌,庚戌,3,2010,10,1,-0.0360596293241114,0,庚,戌,金,土,丙,戌,火,土,False,True,-0.019923623569116082,2010-W43,2010-10
000858.SZ,2010-10-28,36.35,35.95,0.0111,197052,716562.2608,庚寅,丙戌,辛亥,4,2010,10,1,0.011065119812472607,1,辛,亥,金,水,丙,戌,火,土,False,True,-0.0360596293241114,2010-W43,2010-10
000858.SZ,2010-10-29,36.5,36.35,0.0041,222426,808309.0631,庚寅,丙戌,壬子,5,2010,10,1,0.004118056608917326,1,壬,子,水,水,丙,戌,火,土,False,True,0.011065119812472607,2010-W43,2010-10
000858.SZ,2010-11-01,37.47,36.5,0.0266,265861,991916.1736,庚寅,丙戌,乙卯,1,2010,11,1,0.026228352217150083,1,乙,卯,木,木,丙,戌,火,土,True,False,0.004118056608917326,2010-W44,2010-11
000858.SZ,2010-11-02,36.7,37.47,-0.0206,287768,1060514.1201,庚寅,丙戌,丙辰,2,2010,11,1,-0.02076385774507128,0,丙,辰,火,土,丙,戌,火,土,True,False,0.026228352217150083,2010-W44,2010-11
000858.SZ,2010-11-03,36.7,36.7,0.0,210307,779204.0446,庚寅,丙戌,丁巳,3,2010,11,1,0.0,0,丁,巳,火,火,丙,戌,火,土,True,False,-0.02076385774507128,2010-W44,2010-11
000858.SZ,2010-11-04,37.6,36.7,0.0245,276179,1030558.2692,庚寅,丙戌,戊午,4,2010,11,1,0.02422729533532427,1,戊,午,土,火,丙,戌,火,土,True,False,0.0,2010-W44,2010-11
000858.SZ,2010-11-05,37.2,37.6,-0.0106,252608,946527.9753,庚寅,丙戌,己未,5,2010,11,1,-0.010695289116747919,0,己,未,土,土,丙,戌,火,土,True,False,0.02422729533532427,2010-W44,2010-11
000858.SZ,2010-11-08,36.85,37.2,-0.0094,261464,960699.932,庚寅,丁亥,壬戌,1,2010,11,1,-0.009453142643755253,0,壬,戌,水,土,丁,亥,火,水,False,False,-0.010695289116747919,2010-W45,2010-11
000858.SZ,2010-11-09,37.02,36.85,0.0046,317865,1173039.0516,庚寅,丁亥,癸亥,2,2010,11,1,0.004602688510005793,1,癸,亥,水,水,丁,亥,火,水,False,False,-0.009453142643755253,2010-W45,2010-11
000858.SZ,2010-11-10,38.52,37.02,0.0405,641131,2481588.9466,庚寅,丁亥,甲子,3,2010,11,1,0.039719279784573375,1,甲,子,木,水,丁,亥,火,水,False,False,0.004602688510005793,2010-W45,2010-11
000858.SZ,2010-11-11,38.11,38.52,-0.0106,361488,1402864.3249,庚寅,丁亥,乙丑,4,2010,11,1,-0.010700872044156026,0,乙,丑,木,土,丁,亥,火,水,False,False,0.039719279784573375,2010-W45,2010-11
000858.SZ,2010-11-12,36.9,38.11,-0.0318,480924,1823952.4552,庚寅,丁亥,丙寅,5,2010,11,1,-0.03226516383928733,0,丙,寅,火,木,丁,亥,火,水,False,False,-0.010700872044156026,2010-W45,2010-11
000858.SZ,2010-11-15,38.77,36.9,0.0507,401066,1524152.5842,庚寅,丁亥,己巳,1,2010,11,1,0.04943520063635628,1,己,巳,土,火,丁,亥,火,水,False,False,-0.03226516383928733,2010-W46,2010-11
000858.SZ,2010-11-16,37.34,38.77,-0.0369,371757,1410982.1534,庚寅,丁亥,庚午,2,2010,11,1,-0.03758161356926125,0,庚,午,金,火,丁,亥,火,水,False,False,0.04943520063635628,2010-W46,2010-11
000858.SZ,2010-11-17,35.9,37.34,-0.0386,465641,1652951.8872,庚寅,丁亥,辛未,3,2010,11,1,-0.03932784261934347,0,辛,未,金,土,丁,亥,火,水,False,False,-0.03758161356926125,2010-W46,2010-11
000858.SZ,2010-11-18,36.01,35.9,0.0031,241191,864662.388,庚寅,丁亥,壬申,4,2010,11,1,0.0030593821665505887,1,壬,申,水,金,丁,亥,火,水,False,False,-0.03932784261934347,2010-W46,2010-11
000858.SZ,2010-11-19,37.0,36.01,0.0275,298869,1097684.0953,庚寅,丁亥,癸酉,5,2010,11,1,0.027121234983440674,1,癸,酉,水,金,丁,亥,火,水,False,False,0.0030593821665505887,2010-W46,2010-11
000858.SZ,2010-11-22,37.37,37.0,0.01,362169,1365107.104,庚寅,丁亥,丙子,1,2010,11,1,0.009950330853168092,1,丙,子,火,水,丁,亥,火,水,False,False,0.027121234983440674,2010-W47,2010-11
000858.SZ,2010-11-23,37.86,37.37,0.0131,352112,1319433.3135,庚寅,丁亥,丁丑,2,2010,11,1,0.01302690228378441,1,丁,丑,火,土,丁,亥,火,水,False,False,0.009950330853168092,2010-W47,2010-11
000858.SZ,2010-11-24,39.27,37.86,0.0372,540738,2121066.6954,庚寅,丁亥,戊寅,3,2010,11,1,0.03656572280874151,1,戊,寅,土,木,丁,亥,火,水,False,False,0.01302690228378441,2010-W47,2010-11
000858.SZ,2010-11-25,39.14,39.27,-0.0033,270438,1059823.8102,庚寅,丁亥,己卯,4,2010,11,1,-0.003315906621988099,0,己,卯,土,木,丁,亥,火,水,False,False,0.03656572280874151,2010-W47,2010-11
000858.SZ,2010-11-26,40.44,39.14,0.0332,591514,2374606.5488,庚寅,丁亥,庚辰,5,2010,11,1,0.03267443218434045,1,庚,辰,金,土,丁,亥,火,水,False,True,-0.003315906621988099,2010-W47,2010-11
000858.SZ,2010-11-29,40.77,40.44,0.0082,447618,1819826.1399,庚寅,丁亥,癸未,1,2010,11,1,0.00812712267889151,1,癸,未,水,土,丁,亥,火,水,False,True,0.03267443218434045,2010-W48,2010-11
000858.SZ,2010-11-30,39.13,40.77,-0.0402,451581,1771193.6466,庚寅,丁亥,甲申,2,2010,11,1,-0.041057080608840946,0,甲,申,木,金,丁,亥,火,水,False,True,0.00812712267889151,2010-W48,2010-11
000858.SZ,2010-12-01,38.49,39.13,-0.0164,210652,812680.8917,庚寅,丁亥,乙酉,3,2010,12,1,-0.016490968926666343,0,乙,酉,木,金,丁,亥,火,水,True,False,-0.041057080608840946,2010-W48,2010-12
000858.SZ,2010-12-02,38.05,38.49,-0.0114,276035,1059989.9054,庚寅,丁亥,丙戌,4,2010,12,1,-0.011497382987960054,0,丙,戌,火,土,丁,亥,火,水,True,False,-0.016490968926666343,2010-W48,2010-12
000858.SZ,2010-12-03,38.22,38.05,0.0045,153944,585788.164,庚寅,丁亥,丁亥,5,2010,12,1,0.004457854504432162,1,丁,亥,火,水,丁,亥,火,水,True,False,-0.011497382987960054,2010-W48,2010-12
000858.SZ,2010-12-06,37.19,38.22,-0.0269,246982,922136.8663,庚寅,丁亥,庚寅,1,2010,12,1,-0.02731903087514835,0,庚,寅,金,木,丁,亥,火,水,False,False,0.004457854504432162,2010-W49,2010-12
000858.SZ,2010-12-07,37.8,37.19,0.0164,206372,773018.6653,庚寅,戊子,辛卯,2,2010,12,1,0.01626919468856327,1,辛,卯,金,木,戊,子,土,水,False,False,-0.02731903087514835,2010-W49,2010-12
000858.SZ,2010-12-08,37.88,37.8,0.0021,166968,636822.8589,庚寅,戊子,壬辰,3,2010,12,1,0.0021141656923355564,1,壬,辰,水,土,戊,子,土,水,False,False,0.01626919468856327,2010-W49,2010-12
000858.SZ,2010-12-09,37.31,37.88,-0.015,140018,525453.3916,庚寅,戊子,癸巳,4,2010,12,1,-0.01516188108481102,0,癸,巳,水,火,戊,子,土,水,False,False,0.0021141656923355564,2010-W49,2010-12
000858.SZ,2010-12-10,37.45,37.31,0.0038,222016,823344.4457,庚寅,戊子,甲午,5,2010,12,1,0.0037453227301621136,1,甲,午,木,火,戊,子,土,水,False,False,-0.01516188108481102,2010-W49,2010-12
000858.SZ,2010-12-13,37.99,37.45,0.0144,523361,1957015.8211,庚寅,戊子,丁酉,1,2010,12,1,0.01431625723630567,1,丁,酉,火,金,戊,子,土,水,False,False,0.0037453227301621136,2010-W50,2010-12
000858.SZ,2010-12-14,37.99,37.99,0.0,257322,978057.1584,庚寅,戊子,戊戌,2,2010,12,1,0.0,0,戊,戌,土,土,戊,子,土,水,False,False,0.01431625723630567,2010-W50,2010-12
000858.SZ,2010-12-15,37.99,37.99,0.0,281161,1079219.3,庚寅,戊子,己亥,3,2010,12,1,0.0,0,己,亥,土,水,戊,子,土,水,False,False,0.0,2010-W50,2010-12
000858.SZ,2010-12-16,38.6,37.99,0.0161,367093,1426162.3817,庚寅,戊子,庚子,4,2010,12,1,0.01592930927125096,1,庚,子,金,水,戊,子,土,水,False,False,0.0,2010-W50,2010-12
000858.SZ,2010-12-17,38.15,38.6,-0.0117,277033,1057277.0637,庚寅,戊子,辛丑,5,2010,12,1,-0.011726518740319207,0,辛,丑,金,土,戊,子,土,水,False,False,0.01592930927125096,2010-W50,2010-12
000858.SZ,2010-12-20,36.68,38.15,-0.0385,644279,2374665.245,庚寅,戊子,甲辰,1,2010,12,1,-0.03929411034220186,0,甲,辰,木,土,戊,子,土,水,False,False,-0.011726518740319207,2010-W51,2010-12
000858.SZ,2010-12-21,36.25,36.68,-0.0117,529720,1912102.9601,庚寅,戊子,乙巳,2,2010,12,1,-0.011792266087580277,0,乙,巳,木,火,戊,子,土,水,False,False,-0.03929411034220186,2010-W51,2010-12
000858.SZ,2010-12-22,35.84,36.25,-0.0113,330717,1185814.5306,庚寅,戊子,丙午,3,2010,12,1,-0.011374793193953936,0,丙,午,火,火,戊,子,土,水,False,False,-0.011792266087580277,2010-W51,2010-12
000858.SZ,2010-12-23,35.81,35.84,-0.0008,248831,893685.7313,庚寅,戊子,丁未,4,2010,12,1,-0.0008374040963884206,0,丁,未,火,土,戊,子,土,水,False,False,-0.011374793193953936,2010-W51,2010-12
000858.SZ,2010-12-24,34.73,35.81,-0.0302,281174,984552.4582,庚寅,戊子,戊申,5,2010,12,1,-0.03062331725435887,0,戊,申,土,金,戊,子,土,水,False,False,-0.0008374040963884206,2010-W51,2010-12
000858.SZ,2010-12-27,33.29,34.73,-0.0415,330352,1139322.5402,庚寅,戊子,辛亥,1,2010,12,1,-0.04234681516904906,0,辛,亥,金,水,戊,子,土,水,False,True,-0.03062331725435887,2010-W52,2010-12
000858.SZ,2010-12-28,33.94,33.29,0.0195,418570,1388211.5311,庚寅,戊子,壬子,2,2010,12,1,0.019337208219146605,1,壬,子,水,水,戊,子,土,水,False,True,-0.04234681516904906,2010-W52,2010-12
000858.SZ,2010-12-29,34.32,33.94,0.0112,213633,727276.984,庚寅,戊子,癸丑,3,2010,12,1,0.01113401481368131,1,癸,丑,水,土,戊,子,土,水,False,True,0.019337208219146605,2010-W52,2010-12
000858.SZ,2010-12-30,33.94,34.32,-0.0111,198929,676229.5784,庚寅,戊子,甲寅,4,2010,12,1,-0.011134014813681316,0,甲,寅,木,木,戊,子,土,水,False,True,0.01113401481368131,2010-W52,2010-12
000858.SZ,2010-12-31,34.63,33.94,0.0203,211077,722395.6763,庚寅,戊子,乙卯,5,2010,12,1,0.020126098608250587,1,乙,卯,木,木,戊,子,土,水,False,True,-0.011134014813681316,2010-W52,2010-12
000858.SZ,2011-01-04,34.62,34.63,-0.0003,265666,916852.8754,庚寅,戊子,己未,2,2011,1,1,-0.00028880866626750833,0,己,未,土,土,戊,子,土,水,True,False,0.020126098608250587,2011-W01,2011-01
000858.SZ,2011-01-05,33.68,34.62,-0.0272,321264,1086646.8812,庚寅,戊子,庚申,3,2011,1,1,-0.027527360373937132,0,庚,申,金,金,戊,子,土,水,True,False,-0.00028880866626750833,2011-W01,2011-01
000858.SZ,2011-01-06,33.45,33.68,-0.0068,208186,699962.2913,庚寅,己丑,辛酉,4,2011,1,1,-0.006852402799888404,0,辛,酉,金,金,己,丑,土,土,False,False,-0.027527360373937132,2011-W01,2011-01
000858.SZ,2011-01-07,33.3,33.45,-0.0045,200464,667192.709,庚寅,己丑,壬戌,5,2011,1,1,-0.004494389587839438,0,壬,戌,水,土,己,丑,土,土,False,False,-0.006852402799888404,2011-W01,2011-01
000858.SZ,2011-01-10,32.44,33.3,-0.0258,232427,761553.5116,庚寅,己丑,乙丑,1,2011,1,1,-0.026165167739185966,0,乙,丑,木,土,己,丑,土,土,False,False,-0.004494389587839438,2011-W02,2011-01
000858.SZ,2011-01-11,32.9,32.44,0.0142,198062,648178.6948,庚寅,己丑,丙寅,2,2011,1,1,0.014080428524114086,1,丙,寅,火,木,己,丑,土,土,False,False,-0.026165167739185966,2011-W02,2011-01
000858.SZ,2011-01-12,32.76,32.9,-0.0043,116071,378948.3068,庚寅,己丑,丁卯,3,2011,1,1,-0.00426439878645754,0,丁,卯,火,木,己,丑,土,土,False,False,0.014080428524114086,2011-W02,2011-01
000858.SZ,2011-01-13,33.68,32.76,0.0281,273799,918937.8912,庚寅,己丑,戊辰,4,2011,1,1,0.027695930389257422,1,戊,辰,土,土,己,丑,土,土,False,False,-0.00426439878645754,2011-W02,2011-01
000858.SZ,2011-01-14,33.8,33.68,0.0036,220144,736578.1629,庚寅,己丑,己巳,5,2011,1,1,0.003556613114847021,1,己,巳,土,火,己,丑,土,土,False,False,0.027695930389257422,2011-W02,2011-01
000858.SZ,2011-01-17,32.85,33.8,-0.0281,172135,574263.0905,庚寅,己丑,壬申,1,2011,1,1,-0.02850905755835344,0,壬,申,水,金,己,丑,土,土,False,False,0.003556613114847021,2011-W03,2011-01
000858.SZ,2011-01-18,33.49,32.85,0.0195,222837,742234.7281,庚寅,己丑,癸酉,2,2011,1,1,0.019295141875493742,1,癸,酉,水,金,己,丑,土,土,False,False,-0.02850905755835344,2011-W03,2011-01
000858.SZ,2011-01-19,34.09,33.49,0.0179,223109,756504.747,庚寅,己丑,甲戌,3,2011,1,1,0.01775719934369847,1,甲,戌,木,土,己,丑,土,土,False,False,0.019295141875493742,2011-W03,2011-01
000858.SZ,2011-01-20,32.81,34.09,-0.0375,153642,513288.9768,庚寅,己丑,乙亥,4,2011,1,1,-0.038270739176801516,0,乙,亥,木,水,己,丑,土,土,False,False,0.01775719934369847,2011-W03,2011-01
000858.SZ,2011-01-21,32.3,32.81,-0.0155,199931,650614.6796,庚寅,己丑,丙子,5,2011,1,1,-0.015666116744399577,0,丙,子,火,水,己,丑,土,土,False,False,-0.038270739176801516,2011-W03,2011-01
000858.SZ,2011-01-24,32.0,32.3,-0.0093,242368,765094.7034,庚寅,己丑,己卯,1,2011,1,1,-0.009331327428884192,0,己,卯,土,木,己,丑,土,土,False,False,-0.015666116744399577,2011-W04,2011-01
000858.SZ,2011-01-25,31.58,32.0,-0.0131,89365,282345.3849,庚寅,己丑,庚辰,2,2011,1,1,-0.01321189397223057,0,庚,辰,金,土,己,丑,土,土,False,False,-0.009331327428884192,2011-W04,2011-01
000858.SZ,2011-01-26,31.89,31.58,0.0098,96137,306371.8678,庚寅,己丑,辛巳,3,2011,1,1,0.009768472194470383,1,辛,巳,金,火,己,丑,土,土,False,False,-0.01321189397223057,2011-W04,2011-01
000858.SZ,2011-01-27,32.31,31.89,0.0132,164030,527307.9108,庚寅,己丑,壬午,4,2011,1,1,0.013084298814440693,1,壬,午,水,火,己,丑,土,土,False,True,0.009768472194470383,2011-W04,2011-01
000858.SZ,2011-01-28,32.78,32.31,0.0145,122684,400705.3901,庚寅,己丑,癸未,5,2011,1,1,0.01444179347927662,1,癸,未,水,土,己,丑,土,土,False,True,0.013084298814440693,2011-W04,2011-01
000858.SZ,2011-01-31,32.85,32.78,0.0021,140852,462800.5689,庚寅,己丑,丙戌,1,2011,1,1,0.0021331716149359647,1,丙,戌,火,土,己,丑,土,土,False,True,0.01444179347927662,2011-W05,2011-01
000858.SZ,2011-02-01,33.06,32.85,0.0064,157785,521424.2353,庚寅,己丑,丁亥,2,2011,2,1,0.006372347462258612,1,丁,亥,火,水,己,丑,土,土,True,False,0.0021331716149359647,2011-W05,2011-02
000858.SZ,2011-02-09,32.41,33.06,-0.0197,111968,368925.9452,辛卯,庚寅,乙未,3,2011,2,1,-0.019857075239422307,0,乙,未,木,土,庚,寅,金,木,False,False,0.006372347462258612,2011-W06,2011-02
000858.SZ,2011-02-10,33.93,32.41,0.0469,290256,965542.2417,辛卯,庚寅,丙申,4,2011,2,1,0.045832561642682845,1,丙,申,火,金,庚,寅,金,木,False,False,-0.019857075239422307,2011-W06,2011-02
000858.SZ,2011-02-11,34.1,33.93,0.005,244503,836858.5947,辛卯,庚寅,丁酉,5,2011,2,1,0.004997805493332455,1,丁,酉,火,金,庚,寅,金,木,False,False,0.045832561642682845,2011-W06,2011-02
000858.SZ,2011-02-14,34.67,34.1,0.0167,281311,972474.842,辛卯,庚寅,庚子,1,2011,2,1,0.016577375407461074,1,庚,子,金,水,庚,寅,金,木,False,False,0.004997805493332455,2011-W07,2011-02
000858.SZ,2011-02-15,34.28,34.67,-0.0112,276674,953231.0884,辛卯,庚寅,辛丑,2,2011,2,1,-0.011312665967353067,0,辛,丑,金,土,庚,寅,金,木,False,False,0.016577375407461074,2011-W07,2011-02
000858.SZ,2011-02-16,34.19,34.28,-0.0026,245350,831961.5097,辛卯,庚寅,壬寅,3,2011,2,1,-0.002628890078369179,0,壬,寅,水,木,庚,寅,金,木,False,False,-0.011312665967353067,2011-W07,2011-02
000858.SZ,2011-02-17,33.74,34.19,-0.0132,205076,693875.8679,辛卯,庚寅,癸卯,4,2011,2,1,-0.013249126533387593,0,癸,卯,水,木,庚,寅,金,木,False,False,-0.002628890078369179,2011-W07,2011-02
000858.SZ,2011-02-18,34.47,33.74,0.0216,362246,1250119.0734,辛卯,庚寅,甲辰,5,2011,2,1,0.021405303410951686,1,甲,辰,木,土,庚,寅,金,木,False,False,-0.013249126533387593,2011-W07,2011-02
000858.SZ,2011-02-21,34.52,34.47,0.0015,225722,771889.2017,辛卯,庚寅,丁未,1,2011,2,1,0.001449485686453359,1,丁,未,火,土,庚,寅,金,木,False,False,0.021405303410951686,2011-W08,2011-02
000858.SZ,2011-02-22,33.39,34.52,-0.0327,246815,830848.9582,辛卯,庚寅,戊申,2,2011,2,1,-0.03328241225966417,0,戊,申,土,金,庚,寅,金,木,False,False,0.001449485686453359,2011-W08,2011-02
000858.SZ,2011-02-23,33.0,33.39,-0.0117,172610,570935.4818,辛卯,庚寅,己酉,3,2011,2,1,-0.0117488924890829,0,己,酉,土,金,庚,寅,金,木,False,False,-0.03328241225966417,2011-W08,2011-02
000858.SZ,2011-02-24,32.88,33.0,-0.0036,162760,534416.2623,辛卯,庚寅,庚戌,4,2011,2,1,-0.0036429912785009805,0,庚,戌,金,土,庚,寅,金,木,False,True,-0.0117488924890829,2011-W08,2011-02
000858.SZ,2011-02-25,32.97,32.88,0.0027,174859,580843.4332,辛卯,庚寅,辛亥,5,2011,2,1,0.002733486895660419,1,辛,亥,金,水,庚,寅,金,木,False,True,-0.0036429912785009805,2011-W08,2011-02
000858.SZ,2011-02-28,32.97,32.97,0.0,222053,731321.0913,辛卯,庚寅,甲寅,1,2011,2,1,0.0,0,甲,寅,木,木,庚,寅,金,木,False,True,0.002733486895660419,2011-W09,2011-02
000858.SZ,2011-03-01,33.13,32.97,0.0049,217970,720637.1156,辛卯,庚寅,乙卯,2,2011,3,1,0.004841159228164997,1,乙,卯,木,木,庚,寅,金,木,True,False,0.0,2011-W09,2011-03
000858.SZ,2011-03-02,32.78,33.13,-0.0106,200038,655456.2602,辛卯,庚寅,丙辰,3,2011,3,1,-0.010620642996120932,0,丙,辰,火,土,庚,寅,金,木,True,False,0.004841159228164997,2011-W09,2011-03
000858.SZ,2011-03-03,31.97,32.78,-0.0247,471032,1519207.4918,辛卯,庚寅,丁巳,4,2011,3,1,-0.02502061024393366,0,丁,巳,火,火,庚,寅,金,木,True,False,-0.010620642996120932,2011-W09,2011-03
000858.SZ,2011-03-04,32.2,31.97,0.0072,284051,903979.4953,辛卯,庚寅,戊午,5,2011,3,1,0.007168489478612717,1,戊,午,土,火,庚,寅,金,木,True,False,-0.02502061024393366,2011-W09,2011-03
000858.SZ,2011-03-07,32.59,32.2,0.0121,288071,935947.2862,辛卯,辛卯,辛酉,1,2011,3,1,0.012039040299107625,1,辛,酉,金,金,辛,卯,金,木,False,False,0.007168489478612717,2011-W10,2011-03
000858.SZ,2011-03-08,32.9,32.59,0.0095,218807,714244.8521,辛卯,辛卯,壬戌,2,2011,3,1,0.009467164921855831,1,壬,戌,水,土,辛,卯,金,木,False,False,0.012039040299107625,2011-W10,2011-03
000858.SZ,2011-03-09,32.62,32.9,-0.0085,182572,597065.6681,辛卯,辛卯,癸亥,3,2011,3,1,-0.008547060578458408,0,癸,亥,水,水,辛,卯,金,木,False,False,0.009467164921855831,2011-W10,2011-03
000858.SZ,2011-03-10,33.02,32.62,0.0123,404050,1342310.2937,辛卯,辛卯,甲子,4,2011,3,1,0.012187841299114415,1,甲,子,木,水,辛,卯,金,木,False,False,-0.008547060578458408,2011-W10,2011-03
000858.SZ,2011-03-11,32.72,33.02,-0.0091,233105,771160.4767,辛卯,辛卯,乙丑,5,2011,3,1,-0.009126926757435757,0,乙,丑,木,土,辛,卯,金,木,False,False,0.012187841299114415,2011-W10,2011-03
000858.SZ,2011-03-14,33.15,32.72,0.0131,232264,764667.2862,辛卯,辛卯,戊辰,1,2011,3,1,0.013056204897325096,1,戊,辰,土,土,辛,卯,金,木,False,False,-0.009126926757435757,2011-W11,2011-03
000858.SZ,2011-03-15,32.97,33.15,-0.0054,213917,698337.126,辛卯,辛卯,己巳,2,2011,3,1,-0.005444659548231809,0,己,巳,土,火,辛,卯,金,木,False,False,0.013056204897325096,2011-W11,2011-03
000858.SZ,2011-03-16,33.48,32.97,0.0155,399422,1333960.0683,辛卯,辛卯,庚午,3,2011,3,1,0.01535018853763485,1,庚,午,金,火,辛,卯,金,木,False,False,-0.005444659548231809,2011-W11,2011-03
000858.SZ,2011-03-17,33.25,33.48,-0.0069,255880,854175.8613,辛卯,辛卯,辛未,4,2011,3,1,-0.006893478519411369,0,辛,未,金,土,辛,卯,金,木,False,False,0.01535018853763485,2011-W11,2011-03
000858.SZ,2011-03-18,33.0,33.25,-0.0075,197106,655673.7799,辛卯,辛卯,壬申,5,2011,3,1,-0.007547205635382966,0,壬,申,水,金,辛,卯,金,木,False,False,-0.006893478519411369,2011-W11,2011-03
000858.SZ,2011-03-21,32.4,33.0,-0.0182,253739,830376.4447,辛卯,辛卯,乙亥,1,2011,3,1,-0.01834913866819654,0,乙,亥,木,水,辛,卯,金,木,False,False,-0.007547205635382966,2011-W12,2011-03
000858.SZ,2011-03-22,32.35,32.4,-0.0015,131648,425731.9386,辛卯,辛卯,丙子,2,2011,3,1,-0.0015444018513740248,0,丙,子,火,水,辛,卯,金,木,False,False,-0.01834913866819654,2011-W12,2011-03
000858.SZ,2011-03-23,32.48,32.35,0.004,185357,598685.156,辛卯,辛卯,丁丑,3,2011,3,1,0.004010494346567568,1,丁,丑,火,土,辛,卯,金,木,False,False,-0.0015444018513740248,2011-W12,2011-03
000858.SZ,2011-03-24,32.26,32.48,-0.0068,158308,512343.2047,辛卯,辛卯,戊寅,4,2011,3,1,-0.0067964425964143205,0,戊,寅,土,木,辛,卯,金,木,False,False,0.004010494346567568,2011-W12,2011-03
000858.SZ,2011-03-25,32.37,32.26,0.0034,211887,687268.4375,辛卯,辛卯,己卯,5,2011,3,1,0.0034039952410900684,1,己,卯,土,木,辛,卯,金,木,False,False,-0.0067964425964143205,2011-W12,2011-03
000858.SZ,2011-03-28,31.66,32.37,-0.0219,426637,1365197.1099,辛卯,辛卯,壬午,1,2011,3,1,-0.022178013485286804,0,壬,午,水,火,辛,卯,金,木,False,True,0.0034039952410900684,2011-W13,2011-03
000858.SZ,2011-03-29,31.36,31.66,-0.0095,222906,704224.8044,辛卯,辛卯,癸未,2,2011,3,1,-0.00952085897065905,0,癸,未,水,土,辛,卯,金,木,False,True,-0.022178013485286804,2011-W13,2011-03
000858.SZ,2011-03-30,31.59,31.36,0.0073,151444,477827.5604,辛卯,辛卯,甲申,3,2011,3,1,0.007307419331786834,1,甲,申,木,金,辛,卯,金,木,False,True,-0.00952085897065905,2011-W13,2011-03
000858.SZ,2011-03-31,31.89,31.59,0.0095,218291,700363.9283,辛卯,辛卯,乙酉,4,2011,3,1,0.009451866207972419,1,乙,酉,木,金,辛,卯,金,木,False,True,0.007307419331786834,2011-W13,2011-03
000858.SZ,2011-04-01,31.81,31.89,-0.0025,114321,362659.4386,辛卯,辛卯,丙戌,5,2011,4,1,-0.002511775260913617,0,丙,戌,火,土,辛,卯,金,木,True,False,0.009451866207972419,2011-W13,2011-04
000858.SZ,2011-04-06,30.67,31.81,-0.0358,429890,1321016.4108,辛卯,壬辰,辛卯,3,2011,4,1,-0.03649572763489244,0,辛,卯,金,木,壬,辰,水,土,False,False,-0.002511775260913617,2011-W14,2011-04
000858.SZ,2011-04-07,30.63,30.67,-0.0013,247769,757366.1741,辛卯,壬辰,壬辰,4,2011,4,1,-0.0013050572814763647,0,壬,辰,水,土,壬,辰,水,土,False,False,-0.03649572763489244,2011-W14,2011-04
000858.SZ,2011-04-08,30.99,30.63,0.0118,173687,538700.2138,辛卯,壬辰,癸巳,5,2011,4,1,0.011684650954972897,1,癸,巳,水,火,壬,辰,水,土,False,False,-0.0013050572814763647,2011-W14,2011-04
000858.SZ,2011-04-11,30.81,30.99,-0.0058,183503,568533.0322,辛卯,壬辰,丙申,1,2011,4,1,-0.005825259191080295,0,丙,申,火,金,壬,辰,水,土,False,False,0.011684650954972897,2011-W15,2011-04
000858.SZ,2011-04-12,31.07,30.81,0.0084,142735,444250.3022,辛卯,壬辰,丁酉,2,2011,4,1,0.0084034107963796,1,丁,酉,火,金,壬,辰,水,土,False,False,-0.005825259191080295,2011-W15,2011-04
000858.SZ,2011-04-13,31.6,31.07,0.0171,205976,647447.7571,辛卯,壬辰,戊戌,3,2011,4,1,0.016914397187910366,1,戊,戌,土,土,壬,辰,水,土,False,False,0.0084034107963796,2011-W15,2011-04
000858.SZ,2011-04-14,31.6,31.6,0.0,154035,486462.4302,辛卯,壬辰,己亥,4,2011,4,1,0.0,0,己,亥,土,水,壬,辰,水,土,False,False,0.016914397187910366,2011-W15,2011-04
000858.SZ,2011-04-15,31.43,31.6,-0.0054,167199,525026.4185,辛卯,壬辰,庚子,5,2011,4,1,-0.005394269783390228,0,庚,子,金,水,壬,辰,水,土,False,False,0.0,2011-W15,2011-04
000858.SZ,2011-04-18,31.2,31.43,-0.0073,123247,385014.8684,辛卯,壬辰,癸卯,1,2011,4,1,-0.007344755994039604,0,癸,卯,水,木,壬,辰,水,土,False,False,-0.005394269783390228,2011-W16,2011-04
000858.SZ,2011-04-19,31.6,31.2,0.0128,258325,804756.6681,辛卯,壬辰,甲辰,2,2011,4,1,0.012739025777429932,1,甲,辰,木,土,壬,辰,水,土,False,False,-0.007344755994039604,2011-W16,2011-04
000858.SZ,2011-04-20,32.23,31.6,0.0199,325858,1044305.209,辛卯,壬辰,乙巳,3,2011,4,1,0.01974057523447994,1,乙,巳,木,火,壬,辰,水,土,False,False,0.012739025777429932,2011-W16,2011-04
000858.SZ,2011-04-21,31.95,32.23,-0.0087,185046,595012.2886,辛卯,壬辰,丙午,4,2011,4,1,-0.008725515003802618,0,丙,午,火,火,壬,辰,水,土,False,False,0.01974057523447994,2011-W16,2011-04
000858.SZ,2011-04-25,32.32,31.95,0.0116,293515,952211.9282,辛卯,壬辰,庚戌,1,2011,4,1,0.011514052829350852,1,庚,戌,金,土,壬,辰,水,土,False,False,-0.008725515003802618,2011-W17,2011-04
000858.SZ,2011-04-26,31.66,32.32,-0.0204,138276,440624.7773,辛卯,壬辰,辛亥,2,2011,4,1,-0.0206321792000285,0,辛,亥,金,水,壬,辰,水,土,False,True,0.011514052829350852,2011-W17,2011-04
000858.SZ,2011-04-27,32.48,31.66,0.0259,426135,1392357.4744,辛卯,壬辰,壬子,3,2011,4,1,0.025570460840611056,1,壬,子,水,水,壬,辰,水,土,False,True,-0.0206321792000285,2011-W17,2011-04
000858.SZ,2011-04-28,32.4,32.48,-0.0025,252535,824043.1091,辛卯,壬辰,癸丑,4,2011,4,1,-0.0024660924951934427,0,癸,丑,水,土,壬,辰,水,土,False,True,0.025570460840611056,2011-W17,2011-04
000858.SZ,2011-04-29,32.97,32.4,0.0176,265653,873218.3375,辛卯,壬辰,甲寅,5,2011,4,1,0.017439634285355998,1,甲,寅,木,木,壬,辰,水,土,False,True,-0.0024660924951934427,2011-W17,2011-04
000858.SZ,2011-05-03,33.79,32.97,0.0249,362773,1212822.3908,辛卯,壬辰,戊午,2,2011,5,1,0.024566843642558917,1,戊,午,土,火,壬,辰,水,土,True,False,0.017439634285355998,2011-W18,2011-05
000858.SZ,2011-05-04,33.45,33.79,-0.0101,315099,1059189.0169,辛卯,壬辰,己未,3,2011,5,1,-0.010113114151961049,0,己,未,土,土,壬,辰,水,土,True,False,0.024566843642558917,2011-W18,2011-05
000858.SZ,2011-05-05,33.75,33.45,0.009,261298,883799.2472,辛卯,壬辰,庚申,4,2011,5,1,0.00892863074430118,1,庚,申,金,金,壬,辰,水,土,True,False,-0.010113114151961049,2011-W18,2011-05
000858.SZ,2011-05-06,33.54,33.75,-0.0062,223287,752116.1285,辛卯,癸巳,辛酉,5,2011,5,1,-0.006241660923476056,0,辛,酉,金,金,癸,巳,水,火,False,False,0.00892863074430118,2011-W18,2011-05
000858.SZ,2011-05-09,32.8,33.54,-0.0221,290255,959754.6263,辛卯,癸巳,甲子,1,2011,5,1,-0.022310241004964853,0,甲,子,木,水,癸,巳,水,火,False,False,-0.006241660923476056,2011-W19,2011-05
000858.SZ,2011-05-10,32.86,32.8,0.0018,149087,488753.799,辛卯,癸巳,乙丑,2,2011,5,1,0.0018275972190240858,1,乙,丑,木,土,癸,巳,水,火,False,False,-0.022310241004964853,2011-W19,2011-05
000858.SZ,2011-05-11,33.2,32.86,0.0103,143548,473750.6729,辛卯,癸巳,丙寅,3,2011,5,1,0.010293763313320948,1,丙,寅,火,木,癸,巳,水,火,False,False,0.0018275972190240858,2011-W19,2011-05
000858.SZ,2011-05-12,33.48,33.2,0.0084,202294,678743.2567,辛卯,癸巳,丁卯,4,2011,5,1,0.008398369698831641,1,丁,卯,火,木,癸,巳,水,火,False,False,0.010293763313320948,2011-W19,2011-05
000858.SZ,2011-05-13,33.04,33.18,-0.0042,127169,419194.1297,辛卯,癸巳,戊辰,5,2011,5,1,-0.004228336109521176,0,戊,辰,土,土,癸,巳,水,火,False,False,0.008398369698831641,2011-W19,2011-05
000858.SZ,2011-05-16,33.1,33.04,0.0018,139302,462578.6505,辛卯,癸巳,辛未,1,2011,5,1,0.0018143337302398642,1,辛,未,金,土,癸,巳,水,火,False,False,-0.004228336109521176,2011-W20,2011-05
000858.SZ,2011-05-17,33.05,33.1,-0.0015,135562,450242.0151,辛卯,癸巳,壬申,2,2011,5,1,-0.0015117160853220786,0,壬,申,水,金,癸,巳,水,火,False,False,0.0018143337302398642,2011-W20,2011-05
000858.SZ,2011-05-18,33.84,33.05,0.0239,254278,858970.038,辛卯,癸巳,癸酉,3,2011,5,1,0.023621968440327466,1,癸,酉,水,金,癸,巳,水,火,False,False,-0.0015117160853220786,2011-W20,2011-05
000858.SZ,2011-05-19,34.34,33.84,0.0148,319241,1099054.6227,辛卯,癸巳,甲戌,4,2011,5,1,0.01466732073130688,1,甲,戌,木,土,癸,巳,水,火,False,False,0.023621968440327466,2011-W20,2011-05
000858.SZ,2011-05-20,34.4,34.34,0.0017,177364,606353.0239,辛卯,癸巳,乙亥,5,2011,5,1,0.0017457089100230924,1,乙,亥,木,水,癸,巳,水,火,False,False,0.01466732073130688,2011-W20,2011-05
000858.SZ,2011-05-23,33.35,34.4,-0.0305,186377,630453.7159,辛卯,癸巳,戊寅,1,2011,5,1,-0.030998792017719885,0,戊,寅,土,木,癸,巳,水,火,False,False,0.0017457089100230924,2011-W21,2011-05
000858.SZ,2011-05-24,33.16,33.35,-0.0057,165726,546246.4902,辛卯,癸巳,己卯,2,2011,5,1,-0.005713442094538593,0,己,卯,土,木,癸,巳,水,火,False,False,-0.030998792017719885,2011-W21,2011-05
000858.SZ,2011-05-25,33.04,33.16,-0.0036,109116,363254.4042,辛卯,癸巳,庚辰,3,2011,5,1,-0.003625381614316857,0,庚,辰,金,土,癸,巳,水,火,False,False,-0.005713442094538593,2011-W21,2011-05
000858.SZ,2011-05-26,32.79,33.04,-0.0076,135558,447759.8447,辛卯,癸巳,辛巳,4,2011,5,1,-0.007595357796220428,0,辛,巳,金,火,癸,巳,水,火,False,False,-0.003625381614316857,2011-W21,2011-05
000858.SZ,2011-05-27,32.18,32.79,-0.0186,125142,406343.3966,辛卯,癸巳,壬午,5,2011,5,1,-0.01877844929231977,0,壬,午,水,火,癸,巳,水,火,False,True,-0.007595357796220428,2011-W21,2011-05
000858.SZ,2011-05-30,33.0,32.18,0.0255,183481,600793.0198,辛卯,癸巳,乙酉,1,2011,5,1,0.02516241990224303,1,乙,酉,木,金,癸,巳,水,火,False,True,-0.01877844929231977,2011-W22,2011-05
000858.SZ,2011-05-31,33.01,33.0,0.0003,116773,385426.5176,辛卯,癸巳,丙戌,2,2011,5,1,0.000302984398621356,1,丙,戌,火,土,癸,巳,水,火,False,True,0.02516241990224303,2011-W22,2011-05
000858.SZ,2011-06-01,33.88,33.01,0.0264,273487,922860.9949,辛卯,癸巳,丁亥,3,2011,6,1,0.026014323918752153,1,丁,亥,火,水,癸,巳,水,火,True,False,0.000302984398621356,2011-W22,2011-06
000858.SZ,2011-06-02,33.82,33.88,-0.0018,242863,822448.3187,辛卯,癸巳,戊子,4,2011,6,1,-0.0017725263134194301,0,戊,子,土,水,癸,巳,水,火,True,False,0.026014323918752153,2011-W22,2011-06
000858.SZ,2011-06-03,34.52,33.82,0.0207,294577,1013374.7471,辛卯,癸巳,己丑,5,2011,6,1,0.020486522744793133,1,己,丑,土,土,癸,巳,水,火,True,False,-0.0017725263134194301,2011-W22,2011-06
000858.SZ,2011-06-07,34.57,34.52,0.0014,239898,833746.8416,辛卯,甲午,癸巳,2,2011,6,1,0.001447387718305878,1,癸,巳,水,火,甲,午,木,火,False,False,0.020486522744793133,2011-W23,2011-06
000858.SZ,2011-06-08,34.4,34.57,-0.0049,141184,483094.5078,辛卯,甲午,甲午,3,2011,6,1,-0.004929689554180567,0,甲,午,木,火,甲,午,木,火,False,False,0.001447387718305878,2011-W23,2011-06
000858.SZ,2011-06-09,33.5,34.4,-0.0262,143150,484184.5896,辛卯,甲午,乙未,4,2011,6,1,-0.026511125548331852,0,乙,未,木,土,甲,午,木,火,False,False,-0.004929689554180567,2011-W23,2011-06
000858.SZ,2011-06-10,34.65,33.5,0.0343,337571,1156300.2963,辛卯,甲午,丙申,5,2011,6,1,0.03375228680489135,1,丙,申,火,金,甲,午,木,火,False,False,-0.026511125548331852,2011-W23,2011-06
000858.SZ,2011-06-13,35.0,34.65,0.0101,298867,1040990.4831,辛卯,甲午,己亥,1,2011,6,1,0.010050335853501506,1,己,亥,土,水,甲,午,木,火,False,False,0.03375228680489135,2011-W24,2011-06
000858.SZ,2011-06-14,35.06,35.0,0.0017,241534,851849.9783,辛卯,甲午,庚子,2,2011,6,1,0.001712818003674825,1,庚,子,金,水,甲,午,木,火,False,False,0.010050335853501506,2011-W24,2011-06
000858.SZ,2011-06-15,34.6,35.06,-0.0131,178380,624186.9782,辛卯,甲午,辛丑,3,2011,6,1,-0.013207197429409866,0,辛,丑,金,土,甲,午,木,火,False,False,0.001712818003674825,2011-W24,2011-06
000858.SZ,2011-06-16,34.34,34.6,-0.0075,132653,456900.2058,辛卯,甲午,壬寅,4,2011,6,1,-0.007542826594349012,0,壬,寅,水,木,甲,午,木,火,False,False,-0.013207197429409866,2011-W24,2011-06
000858.SZ,2011-06-17,34.53,34.34,0.0055,149239,518718.511,辛卯,甲午,癸卯,5,2011,6,1,0.005517655932571539,1,癸,卯,水,木,甲,午,木,火,False,False,-0.007542826594349012,2011-W24,2011-06
000858.SZ,2011-06-20,34.4,34.53,-0.0038,175187,596841.7661,辛卯,甲午,丙午,1,2011,6,1,-0.003771947022548334,0,丙,午,火,火,甲,午,木,火,False,False,0.005517655932571539,2011-W25,2011-06
000858.SZ,2011-06-21,34.63,34.4,0.0067,156621,540371.7092,辛卯,甲午,丁未,2,2011,6,1,0.006663794034978092,1,丁,未,火,土,甲,午,木,火,False,False,-0.003771947022548334,2011-W25,2011-06
000858.SZ,2011-06-22,35.18,34.63,0.0159,215665,756923.4405,辛卯,甲午,戊申,3,2011,6,1,0.01575738089508151,1,戊,申,土,金,甲,午,木,火,False,False,0.006663794034978092,2011-W25,2011-06
000858.SZ,2011-06-23,35.72,35.18,0.0154,236698,841234.2861,辛卯,甲午,己酉,4,2011,6,1,0.015233016698886175,1,己,酉,土,金,甲,午,木,火,False,False,0.01575738089508151,2011-W25,2011-06
000858.SZ,2011-06-24,35.6,35.72,-0.0034,290289,1037851.9982,辛卯,甲午,庚戌,5,2011,6,1,-0.0033651181503134473,0,庚,戌,金,土,甲,午,木,火,False,False,0.015233016698886175,2011-W25,2011-06
000858.SZ,2011-06-27,35.94,35.6,0.0096,191916,685102.4924,辛卯,甲午,癸丑,1,2011,6,1,0.009505243497428111,1,癸,丑,水,土,甲,午,木,火,False,True,-0.0033651181503134473,2011-W26,2011-06
000858.SZ,2011-06-28,35.93,35.94,-0.0003,178618,640972.5483,辛卯,甲午,甲寅,2,2011,6,1,-0.0002782802299855444,0,甲,寅,木,木,甲,午,木,火,False,True,0.009505243497428111,2011-W26,2011-06
000858.SZ,2011-06-29,35.47,35.93,-0.0128,132073,470866.7903,辛卯,甲午,乙卯,3,2011,6,1,-0.01288533233989693,0,乙,卯,木,木,甲,午,木,火,False,True,-0.0002782802299855444,2011-W26,2011-06
000858.SZ,2011-06-30,35.72,35.47,0.007,132186,473979.5961,辛卯,甲午,丙辰,4,2011,6,1,0.007023487222767736,1,丙,辰,火,土,甲,午,木,火,False,True,-0.01288533233989693,2011-W26,2011-06
000858.SZ,2011-07-01,35.67,35.72,-0.0014,111527,398600.2457,辛卯,甲午,丁巳,5,2011,7,1,-0.0014007566374980647,0,丁,巳,火,火,甲,午,木,火,True,False,0.007023487222767736,2011-W26,2011-07
000858.SZ,2011-07-04,36.2,35.67,0.0149,227169,824985.339,辛卯,甲午,庚申,1,2011,7,1,0.014749119460925256,1,庚,申,金,金,甲,午,木,火,True,False,-0.0014007566374980647,2011-W27,2011-07
000858.SZ,2011-07-05,36.07,36.2,-0.0036,119053,429482.8163,辛卯,甲午,辛酉,2,2011,7,1,-0.003597623916277866,0,辛,酉,金,金,甲,午,木,火,True,False,0.014749119460925256,2011-W27,2011-07
000858.SZ,2011-07-06,36.51,36.07,0.0122,187415,681786.7268,辛卯,甲午,壬戌,3,2011,7,1,0.01212470075209782,1,壬,戌,水,土,甲,午,木,火,False,False,-0.003597623916277866,2011-W27,2011-07
000858.SZ,2011-07-07,37.15,36.51,0.0175,299308,1110979.5144,辛卯,乙未,癸亥,4,2011,7,1,0.0173775754962227,1,癸,亥,水,水,乙,未,木,土,False,False,0.01212470075209782,2011-W27,2011-07
000858.SZ,2011-07-08,37.15,37.15,0.0,180120,671837.3138,辛卯,乙未,甲子,5,2011,7,1,0.0,0,甲,子,木,水,乙,未,木,土,False,False,0.0173775754962227,2011-W27,2011-07
000858.SZ,2011-07-11,38.14,37.15,0.0266,231817,878395.4775,辛卯,乙未,丁卯,1,2011,7,1,0.02629982900850486,1,丁,卯,火,木,乙,未,木,土,False,False,0.0,2011-W28,2011-07
000858.SZ,2011-07-12,37.97,38.14,-0.0045,248625,949545.7283,辛卯,乙未,戊辰,2,2011,7,1,-0.004467225928562133,0,戊,辰,土,土,乙,未,木,土,False,False,0.02629982900850486,2011-W28,2011-07
000858.SZ,2011-07-13,38.0,37.97,0.0008,227040,867672.2753,辛卯,乙未,己巳,3,2011,7,1,0.0007897854826748532,1,己,巳,土,火,乙,未,木,土,False,False,-0.004467225928562133,2011-W28,2011-07
000858.SZ,2011-07-14,37.37,38.0,-0.0166,317231,1190032.8812,辛卯,乙未,庚午,4,2011,7,1,-0.016717916228993327,0,庚,午,金,火,乙,未,木,土,False,False,0.0007897854826748532,2011-W28,2011-07
000858.SZ,2011-07-15,37.45,37.37,0.0021,205317,769683.0385,辛卯,乙未,辛未,5,2011,7,1,0.0021384664658361994,1,辛,未,金,土,乙,未,木,土,False,False,-0.016717916228993327,2011-W28,2011-07
000858.SZ,2011-07-18,38.15,37.45,0.0187,234201,893942.2161,辛卯,乙未,甲戌,1,2011,7,1,0.018519047767237312,1,甲,戌,木,土,乙,未,木,土,False,False,0.0021384664658361994,2011-W29,2011-07
000858.SZ,2011-07-19,37.97,38.15,-0.0047,165878,633481.7491,辛卯,乙未,乙亥,2,2011,7,1,-0.004729383486755008,0,乙,亥,木,水,乙,未,木,土,False,False,0.018519047767237312,2011-W29,2011-07
000858.SZ,2011-07-20,38.81,37.97,0.0221,283174,1091291.3145,辛卯,乙未,丙子,3,2011,7,1,0.021881571137104008,1,丙,子,火,水,乙,未,木,土,False,False,-0.004729383486755008,2011-W29,2011-07
000858.SZ,2011-07-21,39.08,38.81,0.007,333722,1308641.752,辛卯,乙未,丁丑,4,2011,7,1,0.006932881793766854,1,丁,丑,火,土,乙,未,木,土,False,False,0.021881571137104008,2011-W29,2011-07
000858.SZ,2011-07-22,39.1,39.08,0.0005,234362,917018.3196,辛卯,乙未,戊寅,5,2011,7,1,0.0005116398167382638,1,戊,寅,土,木,乙,未,木,土,False,False,0.006932881793766854,2011-W29,2011-07
000858.SZ,2011-07-25,38.05,39.1,-0.0269,349300,1337913.7216,辛卯,乙未,辛巳,1,2011,7,1,-0.02722138268362532,0,辛,巳,金,火,乙,未,木,土,False,False,0.0005116398167382638,2011-W30,2011-07
000858.SZ,2011-07-26,37.78,38.05,-0.0071,261227,984968.1178,辛卯,乙未,壬午,2,2011,7,1,-0.007121222234331285,0,壬,午,水,火,乙,未,木,土,False,False,-0.02722138268362532,2011-W30,2011-07
000858.SZ,2011-07-27,38.4,37.78,0.0164,217395,831975.6747,辛卯,乙未,癸未,3,2011,7,1,0.016277597520317533,1,癸,未,水,土,乙,未,木,土,False,True,-0.007121222234331285,2011-W30,2011-07
000858.SZ,2011-07-28,38.52,38.4,0.0031,155716,593887.7288,辛卯,乙未,甲申,4,2011,7,1,0.0031201273362436777,1,甲,申,木,金,乙,未,木,土,False,True,0.016277597520317533,2011-W30,2011-07
000858.SZ,2011-07-29,38.0,38.52,-0.0135,106626,406593.521,辛卯,乙未,乙酉,5,2011,7,1,-0.013591427203539114,0,乙,酉,木,金,乙,未,木,土,False,True,0.0031201273362436777,2011-W30,2011-07
000858.SZ,2011-08-01,37.27,38.0,-0.0192,195633,734280.5236,辛卯,乙未,戊子,1,2011,8,1,-0.019397446235218593,0,戊,子,土,水,乙,未,木,土,True,False,-0.013591427203539114,2011-W31,2011-08
000858.SZ,2011-08-02,37.36,37.27,0.0024,224264,825343.4111,辛卯,乙未,己丑,2,2011,8,1,0.0024118998694747057,1,己,丑,土,土,乙,未,木,土,True,False,-0.019397446235218593,2011-W31,2011-08
000858.SZ,2011-08-03,37.82,37.36,0.0123,168468,635930.7097,辛卯,乙未,庚寅,3,2011,8,1,0.012237449869669546,1,庚,寅,金,木,乙,未,木,土,True,False,0.0024118998694747057,2011-W31,2011-08
000858.SZ,2011-08-04,38.24,37.82,0.0111,153509,588217.098,辛卯,乙未,辛卯,4,2011,8,1,0.011044024952889133,1,辛,卯,金,木,乙,未,木,土,True,False,0.012237449869669546,2011-W31,2011-08
000858.SZ,2011-08-05,37.82,38.24,-0.011,175055,664511.8968,辛卯,乙未,壬辰,5,2011,8,1,-0.011044024952889095,0,壬,辰,水,土,乙,未,木,土,True,False,0.011044024952889133,2011-W31,2011-08
000858.SZ,2011-08-08,37.48,37.82,-0.009,296118,1108942.2532,辛卯,丙申,乙未,1,2011,8,1,-0.009030605860090106,0,乙,未,木,土,丙,申,火,金,False,False,-0.011044024952889095,2011-W32,2011-08
000858.SZ,2011-08-09,37.4,37.48,-0.0021,303371,1116061.0227,辛卯,丙申,丙申,2,2011,8,1,-0.0021367529497351087,0,丙,申,火,金,丙,申,火,金,False,False,-0.009030605860090106,2011-W32,2011-08
000858.SZ,2011-08-10,38.61,37.4,0.0324,417184,1586738.2273,辛卯,丙申,丁酉,3,2011,8,1,0.03184060585565884,1,丁,酉,火,金,丙,申,火,金,False,False,-0.0021367529497351087,2011-W32,2011-08
000858.SZ,2011-08-11,39.77,38.61,0.03,570920,2240312.2409,辛卯,丙申,戊戌,4,2011,8,1,0.029601548943454337,1,戊,戌,土,土,丙,申,火,金,False,False,0.03184060585565884,2011-W32,2011-08
000858.SZ,2011-08-12,39.56,39.77,-0.0053,263073,1042965.3836,辛卯,丙申,己亥,5,2011,8,1,-0.005294352465087915,0,己,亥,土,水,丙,申,火,金,False,False,0.029601548943454337,2011-W32,2011-08
000858.SZ,2011-08-15,39.2,39.56,-0.0091,211266,832018.0363,辛卯,丙申,壬寅,1,2011,8,1,-0.009141759958094513,0,壬,寅,水,木,丙,申,火,金,False,False,-0.005294352465087915,2011-W33,2011-08
000858.SZ,2011-08-16,39.65,39.2,0.0115,393311,1576238.2997,辛卯,丙申,癸卯,2,2011,8,1,0.01141420128443997,1,癸,卯,水,木,丙,申,火,金,False,False,-0.009141759958094513,2011-W33,2011-08
000858.SZ,2011-08-17,39.33,39.65,-0.0081,181492,721520.0757,辛卯,丙申,甲辰,3,2011,8,1,-0.008103361637138854,0,甲,辰,木,土,丙,申,火,金,False,False,0.01141420128443997,2011-W33,2011-08
000858.SZ,2011-08-18,39.2,39.33,-0.0033,188013,742325.0942,辛卯,丙申,乙巳,4,2011,8,1,-0.003310839647301226,0,乙,巳,木,火,丙,申,火,金,False,False,-0.008103361637138854,2011-W33,2011-08
000858.SZ,2011-08-19,39.6,39.2,0.0102,196625,772248.5193,辛卯,丙申,丙午,5,2011,8,1,0.010152371464017908,1,丙,午,火,火,丙,申,火,金,False,False,-0.003310839647301226,2011-W33,2011-08
000858.SZ,2011-08-22,38.03,39.6,-0.0396,321535,1247166.3843,辛卯,丙申,己酉,1,2011,8,1,-0.04045379632026663,0,己,酉,土,金,丙,申,火,金,False,False,0.010152371464017908,2011-W34,2011-08
000858.SZ,2011-08-23,38.17,38.03,0.0037,171486,653072.8322,辛卯,丙申,庚戌,2,2011,8,1,0.003674544816970204,1,庚,戌,金,土,丙,申,火,金,False,False,-0.04045379632026663,2011-W34,2011-08
000858.SZ,2011-08-24,38.55,38.17,0.01,146266,564365.0763,辛卯,丙申,辛亥,3,2011,8,1,0.009906233252199982,1,辛,亥,金,水,丙,申,火,金,False,False,0.003674544816970204,2011-W34,2011-08
000858.SZ,2011-08-25,39.15,38.55,0.0156,176946,685651.5215,辛卯,丙申,壬子,4,2011,8,1,0.015444322427473556,1,壬,子,水,水,丙,申,火,金,False,False,0.009906233252199982,2011-W34,2011-08
000858.SZ,2011-08-26,39.41,39.15,0.0066,164820,645572.6365,辛卯,丙申,癸丑,5,2011,8,1,0.006619168770100061,1,癸,丑,水,土,丙,申,火,金,False,False,0.015444322427473556,2011-W34,2011-08
000858.SZ,2011-08-29,39.88,39.41,0.0119,197878,786182.3694,辛卯,丙申,丙辰,1,2011,8,1,0.011855353886725309,1,丙,辰,火,土,丙,申,火,金,False,True,0.006619168770100061,2011-W35,2011-08
000858.SZ,2011-08-30,39.41,39.88,-0.0118,206403,821271.4823,辛卯,丙申,丁巳,2,2011,8,1,-0.011855353886725394,0,丁,巳,火,火,丙,申,火,金,False,True,0.011855353886725309,2011-W35,2011-08
000858.SZ,2011-08-31,40.4,39.41,0.0251,483111,1950518.3001,辛卯,丙申,戊午,3,2011,8,1,0.024810193760192195,1,戊,午,土,火,丙,申,火,金,False,True,-0.011855353886725394,2011-W35,2011-08
000858.SZ,2011-09-01,39.65,40.4,-0.0186,218002,870628.2846,辛卯,丙申,己未,4,2011,9,1,-0.01873883688624741,0,己,未,土,土,丙,申,火,金,True,False,0.024810193760192195,2011-W35,2011-09
000858.SZ,2011-09-02,39.4,39.65,-0.0063,119189,469438.5627,辛卯,丙申,庚申,5,2011,9,1,-0.006325131776968814,0,庚,申,金,金,丙,申,火,金,True,False,-0.01873883688624741,2011-W35,2011-09
000858.SZ,2011-09-05,39.1,39.4,-0.0076,177037,695544.7284,辛卯,丙申,癸亥,1,2011,9,1,-0.007643349312568012,0,癸,亥,水,水,丙,申,火,金,True,False,-0.006325131776968814,2011-W36,2011-09
000858.SZ,2011-09-06,38.29,39.1,-0.0207,200659,771183.1755,辛卯,丙申,甲子,2,2011,9,1,-0.020933701502117003,0,甲,子,木,水,丙,申,火,金,False,False,-0.007643349312568012,2011-W36,2011-09
000858.SZ,2011-09-07,39.46,38.29,0.0306,152316,592098.777,辛卯,丙申,乙丑,3,2011,9,1,0.030098735105266266,1,乙,丑,木,土,丙,申,火,金,False,False,-0.020933701502117003,2011-W36,2011-09
000858.SZ,2011-09-08,38.9,39.46,-0.0142,108909,427059.7538,辛卯,丁酉,丙寅,4,2011,9,1,-0.014293249970068684,0,丙,寅,火,木,丁,酉,火,金,False,False,0.030098735105266266,2011-W36,2011-09
000858.SZ,2011-09-09,38.26,38.9,-0.0165,127198,491409.3069,辛卯,丁酉,丁卯,5,2011,9,1,-0.016589286612293776,0,丁,卯,火,木,丁,酉,火,金,False,False,-0.014293249970068684,2011-W36,2011-09
000858.SZ,2011-09-13,37.76,38.26,-0.0131,135938,515591.5933,辛卯,丁酉,辛未,2,2011,9,1,-0.013154622734806836,0,辛,未,金,土,丁,酉,火,金,False,False,-0.016589286612293776,2011-W37,2011-09
000858.SZ,2011-09-14,37.43,37.76,-0.0087,180288,673079.3301,辛卯,丁酉,壬申,3,2011,9,1,-0.00877781936096233,0,壬,申,水,金,丁,酉,火,金,False,False,-0.013154622734806836,2011-W37,2011-09
000858.SZ,2011-09-15,37.6,37.43,0.0045,140591,532756.9342,辛卯,丁酉,癸酉,4,2011,9,1,0.004531528479511228,1,癸,酉,水,金,丁,酉,火,金,False,False,-0.00877781936096233,2011-W37,2011-09
000858.SZ,2011-09-16,38.05,37.6,0.012,97892,371992.4555,辛卯,丁酉,甲戌,5,2011,9,1,0.011897033911845843,1,甲,戌,木,土,丁,酉,火,金,False,False,0.004531528479511228,2011-W37,2011-09
000858.SZ,2011-09-19,37.65,38.05,-0.0105,98351,371403.1531,辛卯,丁酉,丁丑,1,2011,9,1,-0.010568130061792235,0,丁,丑,火,土,丁,酉,火,金,False,False,0.011897033911845843,2011-W38,2011-09
000858.SZ,2011-09-20,37.39,37.65,-0.0069,105237,391528.3908,辛卯,丁酉,戊寅,2,2011,9,1,-0.00692966525688016,0,戊,寅,土,木,丁,酉,火,金,False,False,-0.010568130061792235,2011-W38,2011-09
000858.SZ,2011-09-21,38.19,37.39,0.0214,110021,417681.4016,辛卯,丁酉,己卯,3,2011,9,1,0.021170412248402333,1,己,卯,土,木,丁,酉,火,金,False,False,-0.00692966525688016,2011-W38,2011-09
000858.SZ,2011-09-22,37.16,38.19,-0.027,95358,358076.7419,辛卯,丁酉,庚辰,4,2011,9,1,-0.027340787291787103,0,庚,辰,金,土,丁,酉,火,金,False,False,0.021170412248402333,2011-W38,2011-09
000858.SZ,2011-09-23,36.43,37.16,-0.0196,254245,928669.8732,辛卯,丁酉,辛巳,5,2011,9,1,-0.019840302925165282,0,辛,巳,金,火,丁,酉,火,金,False,False,-0.027340787291787103,2011-W38,2011-09
000858.SZ,2011-09-26,35.75,36.43,-0.0187,124001,446190.5949,辛卯,丁酉,甲申,1,2011,9,1,-0.01884234188045572,0,甲,申,木,金,丁,酉,火,金,False,True,-0.019840302925165282,2011-W39,2011-09
000858.SZ,2011-09-27,36.14,35.75,0.0109,114934,414130.1412,辛卯,丁酉,乙酉,2,2011,9,1,0.010850016024065844,1,乙,酉,木,金,丁,酉,火,金,False,True,-0.01884234188045572,2011-W39,2011-09
000858.SZ,2011-09-28,36.28,36.14,0.0039,87888,319112.8229,辛卯,丁酉,丙戌,3,2011,9,1,0.0038663400828534804,1,丙,戌,火,土,丁,酉,火,金,False,True,0.010850016024065844,2011-W39,2011-09
000858.SZ,2011-09-29,35.9,36.28,-0.0105,114764,414721.6644,辛卯,丁酉,丁亥,4,2011,9,1,-0.01052932975270275,0,丁,亥,火,水,丁,酉,火,金,False,True,0.0038663400828534804,2011-W39,2011-09
000858.SZ,2011-09-30,36.3,35.9,0.0111,114821,417117.407,辛卯,丁酉,戊子,5,2011,9,1,0.011080445776571959,1,戊,子,土,水,丁,酉,火,金,False,True,-0.01052932975270275,2011-W39,2011-09
000858.SZ,2011-10-10,35.66,36.3,-0.0176,109340,393094.0503,辛卯,戊戌,戊戌,1,2011,10,1,-0.017788128835810768,0,戊,戌,土,土,戊,戌,土,土,False,False,0.011080445776571959,2011-W41,2011-10
000858.SZ,2011-10-11,34.89,35.66,-0.0216,190746,674284.1028,辛卯,戊戌,己亥,2,2011,10,1,-0.02182935723631147,0,己,亥,土,水,戊,戌,土,土,False,False,-0.017788128835810768,2011-W41,2011-10
000858.SZ,2011-10-12,36.01,34.89,0.0321,171695,609330.4253,辛卯,戊戌,庚子,3,2011,10,1,0.03159642246210098,1,庚,子,金,水,戊,戌,土,土,False,False,-0.02182935723631147,2011-W41,2011-10
000858.SZ,2011-10-13,36.17,36.01,0.0044,150026,542950.4075,辛卯,戊戌,辛丑,4,2011,10,1,0.004433368303222859,1,辛,丑,金,土,戊,戌,土,土,False,False,0.03159642246210098,2011-W41,2011-10
000858.SZ,2011-10-14,35.98,36.17,-0.0053,76922,276905.4198,辛卯,戊戌,壬寅,5,2011,10,1,-0.005266817441619687,0,壬,寅,水,木,戊,戌,土,土,False,False,0.004433368303222859,2011-W41,2011-10
000858.SZ,2011-10-17,36.95,35.98,0.027,166395,611456.8673,辛卯,戊戌,乙巳,1,2011,10,1,0.02660241887182386,1,乙,巳,木,火,戊,戌,土,土,False,False,-0.005266817441619687,2011-W42,2011-10
000858.SZ,2011-10-18,36.6,36.95,-0.0095,126965,469869.4978,辛卯,戊戌,丙午,2,2011,10,1,-0.009517406986890296,0,丙,午,火,火,戊,戌,土,土,False,False,0.02660241887182386,2011-W42,2011-10
000858.SZ,2011-10-19,36.68,36.6,0.0022,99748,366899.2489,辛卯,戊戌,丁未,3,2011,10,1,0.0021834069809435813,1,丁,未,火,土,戊,戌,土,土,False,False,-0.009517406986890296,2011-W42,2011-10
000858.SZ,2011-10-20,35.8,36.68,-0.024,103578,372655.1152,辛卯,戊戌,戊申,4,2011,10,1,-0.024283753981609504,0,戊,申,土,金,戊,戌,土,土,False,False,0.0021834069809435813,2011-W42,2011-10
000858.SZ,2011-10-21,35.7,35.8,-0.0028,66109,236160.8977,辛卯,戊戌,己酉,5,2011,10,1,-0.002797204621061031,0,己,酉,土,金,戊,戌,土,土,False,False,-0.024283753981609504,2011-W42,2011-10
000858.SZ,2011-10-24,36.8,35.7,0.0308,127003,458552.5133,辛卯,戊戌,壬子,1,2011,10,1,0.030347156389291745,1,壬,子,水,水,戊,戌,土,土,False,False,-0.002797204621061031,2011-W43,2011-10
000858.SZ,2011-10-25,37.16,36.8,0.0098,150447,558807.7851,辛卯,戊戌,癸丑,2,2011,10,1,0.009735068770752413,1,癸,丑,水,土,戊,戌,土,土,False,False,0.030347156389291745,2011-W43,2011-10
000858.SZ,2011-10-26,37.2,37.16,0.0011,121556,453569.0616,辛卯,戊戌,甲寅,3,2011,10,1,0.0010758473334633318,1,甲,寅,木,木,戊,戌,土,土,False,False,0.009735068770752413,2011-W43,2011-10
000858.SZ,2011-10-27,37.16,37.2,-0.0011,125255,465193.9268,辛卯,戊戌,乙卯,4,2011,10,1,-0.0010758473334632364,0,乙,卯,木,木,戊,戌,土,土,False,True,0.0010758473334633318,2011-W43,2011-10
000858.SZ,2011-10-28,37.61,37.16,0.0121,207525,779027.2506,辛卯,戊戌,丙辰,5,2011,10,1,0.012037058536607267,1,丙,辰,火,土,戊,戌,土,土,False,True,-0.0010758473334632364,2011-W43,2011-10
000858.SZ,2011-10-31,36.69,37.61,-0.0245,404877,1486407.1269,辛卯,戊戌,己未,1,2011,10,1,-0.02476573411505439,0,己,未,土,土,戊,戌,土,土,False,True,0.012037058536607267,2011-W44,2011-10
000858.SZ,2011-11-01,36.76,36.69,0.0019,248728,912120.485,辛卯,戊戌,庚申,2,2011,11,1,0.0019060591202955642,1,庚,申,金,金,戊,戌,土,土,True,False,-0.02476573411505439,2011-W44,2011-11
000858.SZ,2011-11-02,36.99,36.76,0.0063,194459,712124.2879,辛卯,戊戌,辛酉,3,2011,11,1,0.006237308356876399,1,辛,酉,金,金,戊,戌,土,土,True,False,0.0019060591202955642,2011-W44,2011-11
000858.SZ,2011-11-03,37.31,36.99,0.0087,244944,918475.4014,辛卯,戊戌,壬戌,4,2011,11,1,0.00861378138870387,1,壬,戌,水,土,戊,戌,土,土,True,False,0.006237308356876399,2011-W44,2011-11
000858.SZ,2011-11-04,37.42,37.31,0.0029,120615,451843.742,辛卯,戊戌,癸亥,5,2011,11,1,0.002943933612877005,1,癸,亥,水,水,戊,戌,土,土,True,False,0.00861378138870387,2011-W44,2011-11
000858.SZ,2011-11-07,36.94,37.42,-0.0128,109834,406795.0789,辛卯,戊戌,丙寅,1,2011,11,1,-0.012910346074849765,0,丙,寅,火,木,戊,戌,土,土,False,False,0.002943933612877005,2011-W45,2011-11
000858.SZ,2011-11-08,37.11,36.94,0.0046,82392,305271.0668,辛卯,己亥,丁卯,2,2011,11,1,0.004591500301412471,1,丁,卯,火,木,己,亥,土,水,False,False,-0.012910346074849765,2011-W45,2011-11
000858.SZ,2011-11-09,37.36,37.11,0.0067,161815,598909.2248,辛卯,己亥,戊辰,3,2011,11,1,0.006714138288135542,1,戊,辰,土,土,己,亥,土,水,False,False,0.004591500301412471,2011-W45,2011-11
000858.SZ,2011-11-10,36.78,37.36,-0.0155,144097,529694.5512,辛卯,己亥,己巳,4,2011,11,1,-0.015646394184466846,0,己,巳,土,火,己,亥,土,水,False,False,0.006714138288135542,2011-W45,2011-11
000858.SZ,2011-11-11,36.19,36.78,-0.016,147076,535193.0151,辛卯,己亥,庚午,5,2011,11,1,-0.016171381600524042,0,庚,午,金,火,己,亥,土,水,False,False,-0.015646394184466846,2011-W45,2011-11
000858.SZ,2011-11-14,36.88,36.19,0.0191,175465,642758.2431,辛卯,己亥,癸酉,1,2011,11,1,0.01888656111274207,1,癸,酉,水,金,己,亥,土,水,False,False,-0.016171381600524042,2011-W46,2011-11
000858.SZ,2011-11-15,36.29,36.88,-0.016,152056,554226.9366,辛卯,己亥,甲戌,2,2011,11,1,-0.016127177463414164,0,甲,戌,木,土,己,亥,土,水,False,False,0.01888656111274207,2011-W46,2011-11
000858.SZ,2011-11-17,36.0,36.29,-0.008,165800,598780.894,辛卯,己亥,丙子,4,2011,11,1,-0.008023282768868887,0,丙,子,火,水,己,亥,土,水,False,False,-0.016127177463414164,2011-W46,2011-11
000858.SZ,2011-11-18,35.12,36.0,-0.0244,161741,574082.1898,辛卯,己亥,丁丑,5,2011,11,1,-0.02474816968919414,0,丁,丑,火,土,己,亥,土,水,False,False,-0.008023282768868887,2011-W46,2011-11
000858.SZ,2011-11-21,35.77,35.12,0.0185,157328,560635.869,辛卯,己亥,庚辰,1,2011,11,1,0.018338784504010646,1,庚,辰,金,土,己,亥,土,水,False,False,-0.02474816968919414,2011-W47,2011-11
000858.SZ,2011-11-22,36.91,35.77,0.0319,306835,1124730.8913,辛卯,己亥,辛巳,2,2011,11,1,0.03137296377098063,1,辛,巳,金,火,己,亥,土,水,False,False,0.018338784504010646,2011-W47,2011-11
000858.SZ,2011-11-23,37.43,36.91,0.0141,295621,1104575.1146,辛卯,己亥,壬午,3,2011,11,1,0.013990004874430422,1,壬,午,水,火,己,亥,土,水,False,False,0.03137296377098063,2011-W47,2011-11
000858.SZ,2011-11-24,37.37,37.43,-0.0016,201306,753551.0667,辛卯,己亥,癸未,4,2011,11,1,-0.001604278418945129,0,癸,未,水,土,己,亥,土,水,False,False,0.013990004874430422,2011-W47,2011-11
000858.SZ,2011-11-25,38.07,37.37,0.0187,271579,1032450.8402,辛卯,己亥,甲申,5,2011,11,1,0.018558326897013575,1,甲,申,木,金,己,亥,土,水,False,False,-0.001604278418945129,2011-W47,2011-11
000858.SZ,2011-11-28,38.44,38.07,0.0097,237797,911763.3531,辛卯,己亥,丁亥,1,2011,11,1,0.009672013707685735,1,丁,亥,火,水,己,亥,土,水,False,True,0.018558326897013575,2011-W48,2011-11
000858.SZ,2011-11-29,38.08,38.44,-0.0094,216093,824655.3683,辛卯,己亥,戊子,2,2011,11,1,-0.009409374178927144,0,戊,子,土,水,己,亥,土,水,False,True,0.009672013707685735,2011-W48,2011-11
000858.SZ,2011-11-30,37.53,38.08,-0.0144,197595,745498.3274,辛卯,己亥,己丑,3,2011,11,1,-0.014548596776235049,0,己,丑,土,土,己,亥,土,水,False,True,-0.009409374178927144,2011-W48,2011-11
000858.SZ,2011-12-01,37.78,37.53,0.0067,210866,801595.7116,辛卯,己亥,庚寅,4,2011,12,1,0.006639248926434014,1,庚,寅,金,木,己,亥,土,水,True,False,-0.014548596776235049,2011-W48,2011-12
000858.SZ,2011-12-02,37.4,37.78,-0.0101,136617,516666.5647,辛卯,己亥,辛卯,5,2011,12,1,-0.010109157652877324,0,辛,卯,金,木,己,亥,土,水,True,False,0.006639248926434014,2011-W48,2011-12
000858.SZ,2011-12-05,36.36,37.4,-0.0278,192411,709929.1243,辛卯,己亥,甲午,1,2011,12,1,-0.02820143511120819,0,甲,午,木,火,己,亥,土,水,True,False,-0.010109157652877324,2011-W49,2011-12
000858.SZ,2011-12-06,36.0,36.36,-0.0099,147820,532430.7917,辛卯,己亥,乙未,2,2011,12,1,-0.009950330853168092,0,乙,未,木,土,己,亥,土,水,False,False,-0.02820143511120819,2011-W49,2011-12
000858.SZ,2011-12-07,36.4,36.0,0.0111,83857,304983.9271,辛卯,庚子,丙申,3,2011,12,1,0.011049836186584935,1,丙,申,火,金,庚,子,金,水,False,False,-0.009950330853168092,2011-W49,2011-12
000858.SZ,2011-12-08,36.33,36.4,-0.0019,64948,236395.9053,辛卯,庚子,丁酉,4,2011,12,1,-0.0019249284095843938,0,丁,酉,火,金,庚,子,金,水,False,False,0.011049836186584935,2011-W49,2011-12
000858.SZ,2011-12-09,35.5,36.33,-0.0228,175597,626394.9758,辛卯,庚子,戊戌,5,2011,12,1,-0.02311114975174037,0,戊,戌,土,土,庚,子,金,水,False,False,-0.0019249284095843938,2011-W49,2011-12
000858.SZ,2011-12-12,35.37,35.5,-0.0037,91488,324540.1501,辛卯,庚子,辛丑,1,2011,12,1,-0.003668693263980879,0,辛,丑,金,土,庚,子,金,水,False,False,-0.02311114975174037,2011-W50,2011-12
000858.SZ,2011-12-13,34.55,35.37,-0.0232,152132,528135.0748,辛卯,庚子,壬寅,2,2011,12,1,-0.023456453003710333,0,壬,寅,水,木,庚,子,金,水,False,False,-0.003668693263980879,2011-W50,2011-12
000858.SZ,2011-12-14,34.04,34.55,-0.0148,135216,464113.138,辛卯,庚子,癸卯,3,2011,12,1,-0.014871246508505458,0,癸,卯,水,木,庚,子,金,水,False,False,-0.023456453003710333,2011-W50,2011-12
000858.SZ,2011-12-15,34.07,34.04,0.0009,144856,491409.1888,辛卯,庚子,甲辰,4,2011,12,1,0.0008809279677017493,1,甲,辰,木,土,庚,子,金,水,False,False,-0.014871246508505458,2011-W50,2011-12
000858.SZ,2011-12-16,34.74,34.07,0.0197,147095,506735.5755,辛卯,庚子,乙巳,5,2011,12,1,0.019474529140083758,1,乙,巳,木,火,庚,子,金,水,False,False,0.0008809279677017493,2011-W50,2011-12
000858.SZ,2011-12-19,34.49,34.74,-0.0072,155102,529775.2935,辛卯,庚子,戊申,1,2011,12,1,-0.007222333864209338,0,戊,申,土,金,庚,子,金,水,False,False,0.019474529140083758,2011-W51,2011-12
000858.SZ,2011-12-20,34.48,34.49,-0.0003,92238,319122.6033,辛卯,庚子,己酉,2,2011,12,1,-0.0002899811532572841,0,己,酉,土,金,庚,子,金,水,False,False,-0.007222333864209338,2011-W51,2011-12
000858.SZ,2011-12-21,33.62,34.48,-0.0249,100026,342228.7014,辛卯,庚子,庚戌,3,2011,12,1,-0.025258317815022736,0,庚,戌,金,土,庚,子,金,水,False,False,-0.0002899811532572841,2011-W51,2011-12
000858.SZ,2011-12-22,34.0,33.62,0.0113,128225,432612.5435,辛卯,庚子,辛亥,4,2011,12,1,0.011239396635691914,1,辛,亥,金,水,庚,子,金,水,False,False,-0.025258317815022736,2011-W51,2011-12
000858.SZ,2011-12-23,34.15,34.0,0.0044,94179,323093.93,辛卯,庚子,壬子,5,2011,12,1,0.004402061400637665,1,壬,子,水,水,庚,子,金,水,False,False,0.011239396635691914,2011-W51,2011-12
000858.SZ,2011-12-26,33.1,34.15,-0.0307,187389,626245.1417,辛卯,庚子,乙卯,1,2011,12,1,-0.03122930363378177,0,乙,卯,木,木,庚,子,金,水,False,False,0.004402061400637665,2011-W52,2011-12
000858.SZ,2011-12-27,32.0,33.1,-0.0332,207975,671500.5402,辛卯,庚子,丙辰,2,2011,12,1,-0.03379737958329073,0,丙,辰,火,土,庚,子,金,水,False,True,-0.03122930363378177,2011-W52,2011-12
000858.SZ,2011-12-28,32.13,32.0,0.0041,129224,410785.2997,辛卯,庚子,丁巳,3,2011,12,1,0.004054270328040624,1,丁,巳,火,火,庚,子,金,水,False,True,-0.03379737958329073,2011-W52,2011-12
000858.SZ,2011-12-29,32.39,32.13,0.0081,139421,452820.3625,辛卯,庚子,戊午,4,2011,12,1,0.008059560055470883,1,戊,午,土,火,庚,子,金,水,False,True,0.004054270328040624,2011-W52,2011-12
000858.SZ,2011-12-30,32.8,32.39,0.0127,120711,396789.9934,辛卯,庚子,己未,5,2011,12,1,0.012578782206859965,1,己,未,土,土,庚,子,金,水,False,True,0.008059560055470883,2011-W52,2011-12
000858.SZ,2012-01-04,31.36,32.8,-0.0439,178829,573218.3734,辛卯,庚子,甲子,3,2012,1,1,-0.04489531990789088,0,甲,子,木,水,庚,子,金,水,True,False,0.012578782206859965,2012-W01,2012-01
000858.SZ,2012-01-05,31.38,31.36,0.0006,130799,407142.5838,辛卯,庚子,乙丑,4,2012,1,1,0.0006375518226795118,1,乙,丑,木,土,庚,子,金,水,True,False,-0.04489531990789088,2012-W01,2012-01
000858.SZ,2012-01-06,31.51,31.38,0.0041,110338,345925.1489,辛卯,辛丑,丙寅,5,2012,1,1,0.0041342084642968895,1,丙,寅,火,木,辛,丑,金,土,False,False,0.0006375518226795118,2012-W01,2012-01
000858.SZ,2012-01-09,31.74,31.51,0.0073,225225,703973.7803,辛卯,辛丑,己巳,1,2012,1,1,0.007272759329079657,1,己,巳,土,火,辛,丑,金,土,False,False,0.0041342084642968895,2012-W02,2012-01
000858.SZ,2012-01-10,32.99,31.74,0.0394,251153,810901.616,辛卯,辛丑,庚午,2,2012,1,1,0.03862677014222715,1,庚,午,金,火,辛,丑,金,土,False,False,0.007272759329079657,2012-W02,2012-01
000858.SZ,2012-01-11,32.59,32.99,-0.0121,196613,639847.653,辛卯,辛丑,辛未,3,2012,1,1,-0.012198992391019837,0,辛,未,金,土,辛,丑,金,土,False,False,0.03862677014222715,2012-W02,2012-01
000858.SZ,2012-01-12,32.75,32.59,0.0049,145421,479037.782,辛卯,辛丑,壬申,4,2012,1,1,0.004897469231790753,1,壬,申,水,金,辛,丑,金,土,False,False,-0.012198992391019837,2012-W02,2012-01
000858.SZ,2012-01-13,32.21,32.75,-0.0165,124419,403489.3911,辛卯,辛丑,癸酉,5,2012,1,1,-0.016625998738153437,0,癸,酉,水,金,辛,丑,金,土,False,False,0.004897469231790753,2012-W02,2012-01
000858.SZ,2012-01-16,30.45,32.21,-0.0546,256500,789786.718,辛卯,辛丑,丙子,1,2012,1,1,-0.05619096918720147,0,丙,子,火,水,辛,丑,金,土,False,False,-0.016625998738153437,2012-W03,2012-01
000858.SZ,2012-01-17,31.35,30.45,0.0296,329815,1011265.1906,辛卯,辛丑,丁丑,2,2012,1,1,0.029128272923023637,1,丁,丑,火,土,辛,丑,金,土,False,False,-0.05619096918720147,2012-W03,2012-01
000858.SZ,2012-01-18,30.22,31.35,-0.036,234642,721369.61,辛卯,辛丑,戊寅,3,2012,1,1,-0.03671031023433629,0,戊,寅,土,木,辛,丑,金,土,False,False,0.029128272923023637,2012-W03,2012-01
000858.SZ,2012-01-19,30.56,30.22,0.0113,149828,457802.3312,辛卯,辛丑,己卯,4,2012,1,1,0.011188007453726117,1,己,卯,土,木,辛,丑,金,土,False,False,-0.03671031023433629,2012-W03,2012-01
000858.SZ,2012-01-20,31.76,30.56,0.0393,224321,705111.9509,辛卯,辛丑,庚辰,5,2012,1,1,0.038515672080615404,1,庚,辰,金,土,辛,丑,金,土,False,False,0.011188007453726117,2012-W03,2012-01
000858.SZ,2012-01-30,31.31,31.76,-0.0142,125204,394169.6958,辛卯,辛丑,庚寅,1,2012,1,1,-0.01427010104062073,0,庚,寅,金,木,辛,丑,金,土,False,True,0.038515672080615404,2012-W05,2012-01
000858.SZ,2012-01-31,31.99,31.31,0.0217,149318,474117.1497,辛卯,辛丑,辛卯,2,2012,1,1,0.021485818623112284,1,辛,卯,金,木,辛,丑,金,土,False,True,-0.01427010104062073,2012-W05,2012-01
000858.SZ,2012-02-01,31.82,31.99,-0.0053,157702,505670.9834,辛卯,辛丑,壬辰,3,2012,2,1,-0.005328331051785778,0,壬,辰,水,土,辛,丑,金,土,True,False,0.021485818623112284,2012-W05,2012-02
000858.SZ,2012-02-02,32.03,31.82,0.0066,154373,489094.1545,辛卯,辛丑,癸巳,4,2012,2,1,0.006577940711425967,1,癸,巳,水,火,辛,丑,金,土,True,False,-0.005328331051785778,2012-W05,2012-02
000858.SZ,2012-02-03,32.05,32.03,0.0006,159908,509833.7095,辛卯,辛丑,甲午,5,2012,2,1,0.0006242197456120597,1,甲,午,木,火,辛,丑,金,土,True,False,0.006577940711425967,2012-W05,2012-02
000858.SZ,2012-02-06,32.59,32.05,0.0168,181414,585969.4418,壬辰,壬寅,丁酉,1,2012,2,1,0.01670830948279124,1,丁,酉,火,金,壬,寅,水,木,False,False,0.0006242197456120597,2012-W06,2012-02
000858.SZ,2012-02-07,31.92,32.59,-0.0206,135818,436315.0979,壬辰,壬寅,戊戌,2,2012,2,1,-0.020772720267862237,0,戊,戌,土,土,壬,寅,水,木,False,False,0.01670830948279124,2012-W06,2012-02
000858.SZ,2012-02-08,32.53,31.92,0.0191,164587,532134.8584,壬辰,壬寅,己亥,3,2012,2,1,0.018929967903651982,1,己,亥,土,水,壬,寅,水,木,False,False,-0.020772720267862237,2012-W06,2012-02
000858.SZ,2012-02-09,32.78,32.53,0.0077,186766,615466.3513,壬辰,壬寅,庚子,4,2012,2,1,0.00765583283042347,1,庚,子,金,水,壬,寅,水,木,False,False,0.018929967903651982,2012-W06,2012-02
000858.SZ,2012-02-10,32.66,32.78,-0.0037,156762,512288.6167,壬辰,壬寅,辛丑,5,2012,2,1,-0.0036674857733647297,0,辛,丑,金,土,壬,寅,水,木,False,False,0.00765583283042347,2012-W06,2012-02
000858.SZ,2012-02-13,32.87,32.66,0.0064,126443,416282.1576,壬辰,壬寅,甲辰,1,2012,2,1,0.006409300133809073,1,甲,辰,木,土,壬,寅,水,木,False,False,-0.0036674857733647297,2012-W07,2012-02
000858.SZ,2012-02-14,32.98,32.87,0.0033,119239,392508.9345,壬辰,壬寅,乙巳,2,2012,2,1,0.003340929455324765,1,乙,巳,木,火,壬,寅,水,木,False,False,0.006409300133809073,2012-W07,2012-02
000858.SZ,2012-02-15,33.37,32.98,0.0118,155893,520113.8485,壬辰,壬寅,丙午,3,2012,2,1,0.011755975631829755,1,丙,午,火,火,壬,寅,水,木,False,False,0.003340929455324765,2012-W07,2012-02
000858.SZ,2012-02-16,33.05,33.37,-0.0096,107847,358031.7622,壬辰,壬寅,丁未,4,2012,2,1,-0.00963572646558734,0,丁,未,火,土,壬,寅,水,木,False,False,0.011755975631829755,2012-W07,2012-02
000858.SZ,2012-02-17,33.08,33.05,0.0009,79348,262488.6868,壬辰,壬寅,戊申,5,2012,2,1,0.0009073038577952818,1,戊,申,土,金,壬,寅,水,木,False,False,-0.00963572646558734,2012-W07,2012-02
000858.SZ,2012-02-20,33.0,33.08,-0.0024,117723,391073.4722,壬辰,壬寅,辛亥,1,2012,2,1,-0.0024213086890102274,0,辛,亥,金,水,壬,寅,水,木,False,False,0.0009073038577952818,2012-W08,2012-02
000858.SZ,2012-02-21,33.14,33.0,0.0042,97318,322319.306,壬辰,壬寅,壬子,2,2012,2,1,0.0042334505319365345,1,壬,子,水,水,壬,寅,水,木,False,False,-0.0024213086890102274,2012-W08,2012-02
000858.SZ,2012-02-22,33.26,33.14,0.0036,161561,535454.3986,壬辰,壬寅,癸丑,3,2012,2,1,0.003614461766364594,1,癸,丑,水,土,壬,寅,水,木,False,False,0.0042334505319365345,2012-W08,2012-02
000858.SZ,2012-02-23,33.48,33.26,0.0066,209358,701504.233,壬辰,壬寅,甲寅,4,2012,2,1,0.006592771856492824,1,甲,寅,木,木,壬,寅,水,木,False,False,0.003614461766364594,2012-W08,2012-02
000858.SZ,2012-02-24,34.18,33.48,0.0209,226064,767724.3193,壬辰,壬寅,乙卯,5,2012,2,1,0.020692432066170434,1,乙,卯,木,木,壬,寅,水,木,False,False,0.006592771856492824,2012-W08,2012-02
000858.SZ,2012-02-27,34.03,34.18,-0.0044,184017,628574.481,壬辰,壬寅,戊午,1,2012,2,1,-0.004398189174630443,0,戊,午,土,火,壬,寅,水,木,False,True,0.020692432066170434,2012-W09,2012-02
000858.SZ,2012-02-28,34.8,34.03,0.0226,253266,875171.5278,壬辰,壬寅,己未,2,2012,2,1,0.02237489826761421,1,己,未,土,土,壬,寅,水,木,False,True,-0.004398189174630443,2012-W09,2012-02
000858.SZ,2012-02-29,35.24,34.8,0.0126,294325,1042064.1665,壬辰,壬寅,庚申,3,2012,2,1,0.012564414287550167,1,庚,申,金,金,壬,寅,水,木,False,True,0.02237489826761421,2012-W09,2012-02
000858.SZ,2012-03-01,35.0,35.24,-0.0068,128502,453054.0,壬辰,壬寅,辛酉,4,2012,3,1,-0.006833739578565135,0,辛,酉,金,金,壬,寅,水,木,True,False,0.012564414287550167,2012-W09,2012-03
000858.SZ,2012-03-02,35.14,35.0,0.004,167884,586797.249,壬辰,壬寅,壬戌,5,2012,3,1,0.003992021269537457,1,壬,戌,水,土,壬,寅,水,木,True,False,-0.006833739578565135,2012-W09,2012-03
000858.SZ,2012-03-05,34.8,35.14,-0.0097,182896,641452.8436,壬辰,癸卯,乙丑,1,2012,3,1,-0.009722695978522615,0,乙,丑,木,土,癸,卯,水,木,True,False,0.003992021269537457,2012-W10,2012-03
000858.SZ,2012-03-06,34.55,34.8,-0.0072,136026,472957.0834,壬辰,癸卯,丙寅,2,2012,3,1,-0.0072098365667497555,0,丙,寅,火,木,癸,卯,水,木,False,False,-0.009722695978522615,2012-W10,2012-03
000858.SZ,2012-03-07,33.96,34.55,-0.0171,137714,471578.2553,壬辰,癸卯,丁卯,3,2012,3,1,-0.017224188770532257,0,丁,卯,火,木,癸,卯,水,木,False,False,-0.0072098365667497555,2012-W10,2012-03
000858.SZ,2012-03-08,34.26,33.96,0.0088,89573,307843.9197,壬辰,癸卯,戊辰,4,2012,3,1,0.008795131452827124,1,戊,辰,土,土,癸,卯,水,木,False,False,-0.017224188770532257,2012-W10,2012-03
000858.SZ,2012-03-09,35.64,34.26,0.0403,196848,690421.8215,壬辰,癸卯,己巳,5,2012,3,1,0.03949010970663479,1,己,巳,土,火,癸,卯,水,木,False,False,0.008795131452827124,2012-W10,2012-03
000858.SZ,2012-03-12,35.83,35.64,0.0053,186750,669334.4123,壬辰,癸卯,壬申,1,2012,3,1,0.005316928714253887,1,壬,申,水,金,癸,卯,水,木,False,False,0.03949010970663479,2012-W11,2012-03
000858.SZ,2012-03-13,36.6,35.83,0.0215,231868,844810.1246,壬辰,癸卯,癸酉,2,2012,3,1,0.021262709090458107,1,癸,酉,水,金,癸,卯,水,木,False,False,0.005316928714253887,2012-W11,2012-03
000858.SZ,2012-03-14,35.5,36.6,-0.0301,248626,905127.0309,壬辰,癸卯,甲戌,3,2012,3,1,-0.03051554392595049,0,甲,戌,木,土,癸,卯,水,木,False,False,0.021262709090458107,2012-W11,2012-03
000858.SZ,2012-03-15,36.22,35.5,0.0203,222078,801101.5895,壬辰,癸卯,乙亥,4,2012,3,1,0.020078755973897272,1,乙,亥,木,水,癸,卯,水,木,False,False,-0.03051554392595049,2012-W11,2012-03
000858.SZ,2012-03-16,37.35,36.22,0.0312,254326,943648.2205,壬辰,癸卯,丙子,5,2012,3,1,0.030721459123559072,1,丙,子,火,水,癸,卯,水,木,False,False,0.020078755973897272,2012-W11,2012-03
000858.SZ,2012-03-19,37.0,37.35,-0.0094,234536,873635.4218,壬辰,癸卯,己卯,1,2012,3,1,-0.009414998934601874,0,己,卯,土,木,癸,卯,水,木,False,False,0.030721459123559072,2012-W12,2012-03
000858.SZ,2012-03-20,36.5,37.0,-0.0135,110565,405569.0059,壬辰,癸卯,庚辰,2,2012,3,1,-0.013605652055778598,0,庚,辰,金,土,癸,卯,水,木,False,False,-0.009414998934601874,2012-W12,2012-03
000858.SZ,2012-03-21,36.01,36.5,-0.0134,121001,437392.1812,壬辰,癸卯,辛巳,3,2012,3,1,-0.013515582927661975,0,辛,巳,金,火,癸,卯,水,木,False,False,-0.013605652055778598,2012-W12,2012-03
000858.SZ,2012-03-22,35.7,36.01,-0.0086,100645,362090.2464,壬辰,癸卯,壬午,4,2012,3,1,-0.008645988875190332,0,壬,午,水,火,癸,卯,水,木,False,False,-0.013515582927661975,2012-W12,2012-03
000858.SZ,2012-03-23,35.75,35.7,0.0014,135369,486903.6592,壬辰,癸卯,癸未,5,2012,3,1,0.0013995803544232636,1,癸,未,水,土,癸,卯,水,木,False,False,-0.008645988875190332,2012-W12,2012-03
000858.SZ,2012-03-26,36.9,35.75,0.0322,145256,529437.7114,壬辰,癸卯,丙戌,1,2012,3,1,0.03166128190646471,1,丙,戌,火,土,癸,卯,水,木,False,False,0.0013995803544232636,2012-W13,2012-03
000858.SZ,2012-03-27,34.5,36.9,-0.065,380613,1348396.3749,壬辰,癸卯,丁亥,2,2012,3,1,-0.06725222700916733,0,丁,亥,火,水,癸,卯,水,木,False,True,0.03166128190646471,2012-W13,2012-03
000858.SZ,2012-03-28,33.8,34.5,-0.0203,263630,896839.4942,壬辰,癸卯,戊子,3,2012,3,1,-0.020498521548341045,0,戊,子,土,水,癸,卯,水,木,False,True,-0.06725222700916733,2012-W13,2012-03
000858.SZ,2012-03-29,33.82,33.8,0.0006,179763,613317.1177,壬辰,癸卯,己丑,4,2012,3,1,0.0005915409814613449,1,己,丑,土,土,癸,卯,水,木,False,True,-0.020498521548341045,2012-W13,2012-03
000858.SZ,2012-03-30,32.84,33.82,-0.029,181878,600684.6505,壬辰,癸卯,庚寅,5,2012,3,1,-0.02940505888620666,0,庚,寅,金,木,癸,卯,水,木,False,True,0.0005915409814613449,2012-W13,2012-03
000858.SZ,2012-04-05,34.08,32.84,0.0378,207283,696782.7099,壬辰,甲辰,丙申,4,2012,4,1,0.03706341737688734,1,丙,申,火,金,甲,辰,木,土,True,False,-0.02940505888620666,2012-W14,2012-04
000858.SZ,2012-04-06,34.71,34.08,0.0185,188264,649468.8745,壬辰,甲辰,丁酉,5,2012,4,1,0.018317127912579917,1,丁,酉,火,金,甲,辰,木,土,False,False,0.03706341737688734,2012-W14,2012-04
000858.SZ,2012-04-09,34.39,34.71,-0.0092,99426,341629.4695,壬辰,甲辰,庚子,1,2012,4,1,-0.009262005429520099,0,庚,子,金,水,甲,辰,木,土,False,False,0.018317127912579917,2012-W15,2012-04
000858.SZ,2012-04-10,34.19,34.39,-0.0058,95538,324104.0874,壬辰,甲辰,辛丑,2,2012,4,1,-0.0058326207929650575,0,辛,丑,金,土,甲,辰,木,土,False,False,-0.009262005429520099,2012-W15,2012-04
000858.SZ,2012-04-11,34.58,34.19,0.0114,86394,297781.036,壬辰,甲辰,壬寅,3,2012,4,1,0.01134227660393451,1,壬,寅,水,木,甲,辰,木,土,False,False,-0.0058326207929650575,2012-W15,2012-04
000858.SZ,2012-04-12,35.02,34.58,0.0127,120192,416871.3856,壬辰,甲辰,癸卯,4,2012,4,1,0.012643846602561593,1,癸,卯,水,木,甲,辰,木,土,False,False,0.01134227660393451,2012-W15,2012-04
000858.SZ,2012-04-13,34.73,35.02,-0.0083,97495,340128.6199,壬辰,甲辰,甲辰,5,2012,4,1,-0.008315460101723375,0,甲,辰,木,土,甲,辰,木,土,False,False,0.012643846602561593,2012-W15,2012-04
000858.SZ,2012-04-16,34.33,34.73,-0.0115,109892,379313.2209,壬辰,甲辰,丁未,1,2012,4,1,-0.011584259286381916,0,丁,未,火,土,甲,辰,木,土,False,False,-0.008315460101723375,2012-W16,2012-04
000858.SZ,2012-04-17,33.75,34.33,-0.0169,126118,428871.1949,壬辰,甲辰,戊申,2,2012,4,1,-0.017039190151061763,0,戊,申,土,金,甲,辰,木,土,False,False,-0.011584259286381916,2012-W16,2012-04
000858.SZ,2012-04-18,34.2,33.75,0.0133,139849,476167.5809,壬辰,甲辰,己酉,3,2012,4,1,0.013245226750020723,1,己,酉,土,金,甲,辰,木,土,False,False,-0.017039190151061763,2012-W16,2012-04
000858.SZ,2012-04-19,33.97,34.2,-0.0067,233186,785440.9463,壬辰,甲辰,庚戌,4,2012,4,1,-0.0067478618960670885,0,庚,戌,金,土,甲,辰,木,土,False,False,0.013245226750020723,2012-W16,2012-04
000858.SZ,2012-04-23,34.37,33.97,0.0118,216735,746711.6351,壬辰,甲辰,甲寅,1,2012,4,1,0.011706308689249961,1,甲,寅,木,木,甲,辰,木,土,False,False,-0.0067478618960670885,2012-W17,2012-04
000858.SZ,2012-04-24,34.37,34.37,0.0,134200,459469.2422,壬辰,甲辰,乙卯,2,2012,4,1,0.0,0,乙,卯,木,木,甲,辰,木,土,False,False,0.011706308689249961,2012-W17,2012-04
000858.SZ,2012-04-25,34.47,34.37,0.0029,152751,525703.3553,壬辰,甲辰,丙辰,3,2012,4,1,0.002905289667031535,1,丙,辰,火,土,甲,辰,木,土,False,False,0.0,2012-W17,2012-04
000858.SZ,2012-04-26,35.3,34.47,0.0241,207650,724221.0869,壬辰,甲辰,丁巳,4,2012,4,1,0.023793583410477062,1,丁,巳,火,火,甲,辰,木,土,False,True,0.002905289667031535,2012-W17,2012-04
000858.SZ,2012-04-27,35.62,35.3,0.0091,257619,922188.9708,壬辰,甲辰,戊午,5,2012,4,1,0.009024313922264623,1,戊,午,土,火,甲,辰,木,土,False,True,0.023793583410477062,2012-W17,2012-04
000858.SZ,2012-05-02,35.88,35.62,0.0073,257342,923175.2743,壬辰,甲辰,癸亥,3,2012,5,1,0.007272759329079878,1,癸,亥,水,水,甲,辰,木,土,True,False,0.009024313922264623,2012-W18,2012-05
000858.SZ,2012-05-03,36.22,35.88,0.0095,193207,697611.7346,壬辰,甲辰,甲子,4,2012,5,1,0.009431415264671911,1,甲,子,木,水,甲,辰,木,土,True,False,0.007272759329079878,2012-W18,2012-05
000858.SZ,2012-05-04,37.06,36.22,0.0232,291519,1071417.9658,壬辰,甲辰,乙丑,5,2012,5,1,0.022926768401946476,1,乙,丑,木,土,甲,辰,木,土,True,False,0.009431415264671911,2012-W18,2012-05
000858.SZ,2012-05-07,37.26,37.06,0.0054,256594,952417.1345,壬辰,乙巳,戊辰,1,2012,5,1,0.005382144316228501,1,戊,辰,土,土,乙,巳,木,火,False,False,0.022926768401946476,2012-W19,2012-05
000858.SZ,2012-05-08,36.5,37.26,-0.0204,287383,1046087.0995,壬辰,乙巳,己巳,2,2012,5,1,-0.020608104584996557,0,己,巳,土,火,乙,巳,木,火,False,False,0.005382144316228501,2012-W19,2012-05
000858.SZ,2012-05-09,35.68,36.5,-0.0225,218729,783113.9251,壬辰,乙巳,庚午,3,2012,5,1,-0.022721952876637166,0,庚,午,金,火,乙,巳,木,火,False,False,-0.020608104584996557,2012-W19,2012-05
000858.SZ,2012-05-10,35.59,35.68,-0.0025,184476,654960.5754,壬辰,乙巳,辛未,4,2012,5,1,-0.002525608189707175,0,辛,未,金,土,乙,巳,木,火,False,False,-0.022721952876637166,2012-W19,2012-05
000858.SZ,2012-05-11,35.75,35.59,0.0045,162381,581214.3716,壬辰,乙巳,壬申,5,2012,5,1,0.004485569617915213,1,壬,申,水,金,乙,巳,木,火,False,False,-0.002525608189707175,2012-W19,2012-05
000858.SZ,2012-05-14,34.98,35.75,-0.0215,242617,854888.5386,壬辰,乙巳,乙亥,1,2012,5,1,-0.02177379954956073,0,乙,亥,木,水,乙,巳,木,火,False,False,0.004485569617915213,2012-W20,2012-05
000858.SZ,2012-05-15,35.17,34.98,0.0054,154340,540082.404,壬辰,乙巳,丙子,2,2012,5,1,0.0054169768954352255,1,丙,子,火,水,乙,巳,木,火,False,False,-0.02177379954956073,2012-W20,2012-05
000858.SZ,2012-05-16,33.92,34.67,-0.0216,189263,647858.0207,壬辰,乙巳,丁丑,3,2012,5,1,-0.02186994877322972,0,丁,丑,火,土,乙,巳,木,火,False,False,0.0054169768954352255,2012-W20,2012-05
000858.SZ,2012-05-17,34.25,33.92,0.0097,181603,618801.5403,壬辰,乙巳,戊寅,4,2012,5,1,0.009681753784531962,1,戊,寅,土,木,乙,巳,木,火,False,False,-0.02186994877322972,2012-W20,2012-05
000858.SZ,2012-05-18,33.55,34.25,-0.0204,224907,757174.6521,壬辰,乙巳,己卯,5,2012,5,1,-0.02064970129054354,0,己,卯,土,木,乙,巳,木,火,False,False,0.009681753784531962,2012-W20,2012-05
000858.SZ,2012-05-21,33.96,33.55,0.0122,220241,744048.0834,壬辰,乙巳,壬午,1,2012,5,1,0.012146498025455777,1,壬,午,水,火,乙,巳,木,火,False,False,-0.02064970129054354,2012-W21,2012-05
000858.SZ,2012-05-22,34.63,33.96,0.0197,239732,825323.0409,壬辰,乙巳,癸未,2,2012,5,1,0.019536996971184165,1,癸,未,水,土,乙,巳,木,火,False,False,0.012146498025455777,2012-W21,2012-05
000858.SZ,2012-05-23,34.2,34.63,-0.0124,270521,926672.8292,壬辰,乙巳,甲申,3,2012,5,1,-0.012494714345771145,0,甲,申,木,金,乙,巳,木,火,False,False,0.019536996971184165,2012-W21,2012-05
000858.SZ,2012-05-24,32.59,34.2,-0.0471,583852,1928209.0934,壬辰,乙巳,乙酉,4,2012,5,1,-0.048220151219089256,0,乙,酉,木,金,乙,巳,木,火,False,False,-0.012494714345771145,2012-W21,2012-05
000858.SZ,2012-05-25,31.95,32.59,-0.0196,420057,1334538.279,壬辰,乙巳,丙戌,5,2012,5,1,-0.019833312025926485,0,丙,戌,火,土,乙,巳,木,火,False,False,-0.048220151219089256,2012-W21,2012-05
000858.SZ,2012-05-28,32.39,31.95,0.0138,220828,705664.7131,壬辰,乙巳,己丑,1,2012,5,1,0.013677552359694053,1,己,丑,土,土,乙,巳,木,火,False,True,-0.019833312025926485,2012-W22,2012-05
000858.SZ,2012-05-29,32.42,32.39,0.0009,253536,816583.4748,壬辰,乙巳,庚寅,2,2012,5,1,0.0009257831242922271,1,庚,寅,金,木,乙,巳,木,火,False,True,0.013677552359694053,2012-W22,2012-05
000858.SZ,2012-05-30,32.35,32.42,-0.0022,190332,619452.4714,壬辰,乙巳,辛卯,3,2012,5,1,-0.0021614953606205133,0,辛,卯,金,木,乙,巳,木,火,False,True,0.0009257831242922271,2012-W22,2012-05
000858.SZ,2012-05-31,32.25,32.35,-0.0031,200384,644552.1517,壬辰,乙巳,壬辰,4,2012,5,1,-0.0030959777051281206,0,壬,辰,水,土,乙,巳,木,火,False,True,-0.0021614953606205133,2012-W22,2012-05
000858.SZ,2012-06-01,33.22,32.25,0.0301,386995,1279534.2931,壬辰,乙巳,癸巳,5,2012,6,1,0.02963406094336718,1,癸,巳,水,火,乙,巳,木,火,True,False,-0.0030959777051281206,2012-W22,2012-06
000858.SZ,2012-06-04,32.69,33.22,-0.016,213993,704509.7639,壬辰,乙巳,丙申,1,2012,6,1,-0.016082883449029577,0,丙,申,火,金,乙,巳,木,火,True,False,0.02963406094336718,2012-W23,2012-06
000858.SZ,2012-06-05,32.78,32.69,0.0028,132829,435867.4264,壬辰,丙午,丁酉,2,2012,6,1,0.0027493525795644303,1,丁,酉,火,金,丙,午,火,火,True,False,-0.016082883449029577,2012-W23,2012-06
000858.SZ,2012-06-06,32.46,32.78,-0.0098,123206,399902.1528,壬辰,丙午,戊戌,3,2012,6,1,-0.00981001122923852,0,戊,戌,土,土,丙,午,火,火,False,False,0.0027493525795644303,2012-W23,2012-06
000858.SZ,2012-06-07,32.49,32.46,0.0009,115852,378430.7256,壬辰,丙午,己亥,4,2012,6,1,0.000923787594563903,1,己,亥,土,水,丙,午,火,火,False,False,-0.00981001122923852,2012-W23,2012-06
000858.SZ,2012-06-08,32.55,32.49,0.0018,135517,439207.6527,壬辰,丙午,庚子,5,2012,6,1,0.001845018973569075,1,庚,子,金,水,丙,午,火,火,False,False,0.000923787594563903,2012-W23,2012-06
000858.SZ,2012-06-11,32.19,32.55,-0.0111,184336,592563.9069,壬辰,丙午,癸卯,1,2012,6,1,-0.011121523343861451,0,癸,卯,水,木,丙,午,火,火,False,False,0.001845018973569075,2012-W24,2012-06
000858.SZ,2012-06-12,31.74,32.19,-0.014,128099,407496.7961,壬辰,丙午,甲辰,2,2012,6,1,-0.014078130212453733,0,甲,辰,木,土,丙,午,火,火,False,False,-0.011121523343861451,2012-W24,2012-06
000858.SZ,2012-06-13,32.36,31.74,0.0195,171273,550976.1955,壬辰,丙午,乙巳,3,2012,6,1,0.019345377092027962,1,乙,巳,木,火,丙,午,火,火,False,False,-0.014078130212453733,2012-W24,2012-06
000858.SZ,2012-06-14,32.94,32.36,0.0179,319316,1054926.8482,壬辰,丙午,丙午,4,2012,6,1,0.017764632559203245,1,丙,午,火,火,丙,午,火,火,False,False,0.019345377092027962,2012-W24,2012-06
000858.SZ,2012-06-15,33.02,32.94,0.0024,173687,571573.1237,壬辰,丙午,丁未,5,2012,6,1,0.0024257137424878858,1,丁,未,火,土,丙,午,火,火,False,False,0.017764632559203245,2012-W24,2012-06
000858.SZ,2012-06-18,33.5,33.02,0.0145,189225,633806.7132,壬辰,丙午,庚戌,1,2012,6,1,0.014432000339038758,1,庚,戌,金,土,丙,午,火,火,False,False,0.0024257137424878858,2012-W25,2012-06
000858.SZ,2012-06-19,33.06,33.5,-0.0131,113674,377474.2452,壬辰,丙午,辛亥,2,2012,6,1,-0.013221346438142611,0,辛,亥,金,水,丙,午,火,火,False,False,0.014432000339038758,2012-W25,2012-06
000858.SZ,2012-06-20,32.95,33.06,-0.0033,70144,231547.4128,壬辰,丙午,壬子,3,2012,6,1,-0.003332831444361893,0,壬,子,水,水,丙,午,火,火,False,False,-0.013221346438142611,2012-W25,2012-06
000858.SZ,2012-06-21,32.35,32.95,-0.0182,94824,307750.751,壬辰,丙午,癸丑,4,2012,6,1,-0.018377240001606746,0,癸,丑,水,土,丙,午,火,火,False,False,-0.003332831444361893,2012-W25,2012-06
000858.SZ,2012-06-25,32.02,32.35,-0.0102,112432,361971.152,壬辰,丙午,丁巳,1,2012,6,1,-0.01025331337834086,0,丁,巳,火,火,丙,午,火,火,False,False,-0.018377240001606746,2012-W26,2012-06
000858.SZ,2012-06-26,31.86,32.02,-0.005,127822,407526.9525,壬辰,丙午,戊午,2,2012,6,1,-0.005009403086666308,0,戊,午,土,火,丙,午,火,火,False,True,-0.01025331337834086,2012-W26,2012-06
000858.SZ,2012-06-27,32.0,31.86,0.0044,91955,294822.6667,壬辰,丙午,己未,3,2012,6,1,0.004384598317824126,1,己,未,土,土,丙,午,火,火,False,True,-0.005009403086666308,2012-W26,2012-06
000858.SZ,2012-06-28,31.99,32.0,-0.0003,106272,339761.5099,壬辰,丙午,庚申,4,2012,6,1,-0.00031254883829995967,0,庚,申,金,金,丙,午,火,火,False,True,0.004384598317824126,2012-W26,2012-06
000858.SZ,2012-06-29,32.76,31.99,0.0241,177693,578111.5491,壬辰,丙午,辛酉,5,2012,6,1,0.02378490502344212,1,辛,酉,金,金,丙,午,火,火,False,True,-0.00031254883829995967,2012-W26,2012-06
000858.SZ,2012-07-02,32.95,32.76,0.0058,291351,964909.0366,壬辰,丙午,甲子,1,2012,7,1,0.005783001963647751,1,甲,子,木,水,丙,午,火,火,True,False,0.02378490502344212,2012-W27,2012-07
000858.SZ,2012-07-03,33.5,32.95,0.0167,324862,1085165.7823,壬辰,丙午,乙丑,2,2012,7,1,0.016554177882504507,1,乙,丑,木,土,丙,午,火,火,True,False,0.005783001963647751,2012-W27,2012-07
000858.SZ,2012-07-04,33.15,33.5,-0.0104,168691,560210.511,壬辰,丙午,丙寅,3,2012,7,1,-0.010502722199149288,0,丙,寅,火,木,丙,午,火,火,True,False,0.016554177882504507,2012-W27,2012-07
000858.SZ,2012-07-05,32.53,33.15,-0.0187,151725,494828.2068,壬辰,丙午,丁卯,4,2012,7,1,-0.018879976146611358,0,丁,卯,火,木,丙,午,火,火,True,False,-0.010502722199149288,2012-W27,2012-07
000858.SZ,2012-07-06,35.01,32.53,0.0762,821414,2826381.9181,壬辰,丙午,戊辰,5,2012,7,1,0.07347099448131421,1,戊,辰,土,土,丙,午,火,火,False,False,-0.018879976146611358,2012-W27,2012-07
000858.SZ,2012-07-09,35.6,35.01,0.0169,933947,3348583.5184,壬辰,丁未,辛未,1,2012,7,1,0.016711902891410616,1,辛,未,金,土,丁,未,火,土,False,False,0.07347099448131421,2012-W28,2012-07
000858.SZ,2012-07-10,35.31,35.6,-0.0081,448087,1597993.1515,壬辰,丁未,壬申,2,2012,7,1,-0.008179427917689714,0,壬,申,水,金,丁,未,火,土,False,False,0.016711902891410616,2012-W28,2012-07
000858.SZ,2012-07-11,36.75,35.31,0.0408,604605,2179065.3796,壬辰,丁未,癸酉,3,2012,7,1,0.03997201571855055,1,癸,酉,水,金,丁,未,火,土,False,False,-0.008179427917689714,2012-W28,2012-07
000858.SZ,2012-07-12,37.99,36.75,0.0337,957408,3637176.0194,壬辰,丁未,甲戌,4,2012,7,1,0.03318474154068862,1,甲,戌,木,土,丁,未,火,土,False,False,0.03997201571855055,2012-W28,2012-07
000858.SZ,2012-07-13,38.38,37.99,0.0103,495680,1897375.6235,壬辰,丁未,乙亥,5,2012,7,1,0.010213523380019563,1,乙,亥,木,水,丁,未,火,土,False,False,0.03318474154068862,2012-W28,2012-07
000858.SZ,2012-07-16,37.8,38.38,-0.0151,336311,1282717.98,壬辰,丁未,戊寅,1,2012,7,1,-0.015227387954012022,0,戊,寅,土,木,丁,未,火,土,False,False,0.010213523380019563,2012-W29,2012-07
000858.SZ,2012-07-17,36.86,37.8,-0.0249,473627,1741333.4934,壬辰,丁未,己卯,2,2012,7,1,-0.02518215038386473,0,己,卯,土,木,丁,未,火,土,False,False,-0.015227387954012022,2012-W29,2012-07
000858.SZ,2012-07-18,36.86,36.86,0.0,377020,1384093.8516,壬辰,丁未,庚辰,3,2012,7,1,0.0,0,庚,辰,金,土,丁,未,火,土,False,False,-0.02518215038386473,2012-W29,2012-07
000858.SZ,2012-07-19,36.55,36.86,-0.0084,255545,935153.3923,壬辰,丁未,辛巳,4,2012,7,1,-0.008445766045889737,0,辛,巳,金,火,丁,未,火,土,False,False,0.0,2012-W29,2012-07
000858.SZ,2012-07-20,35.96,36.55,-0.0161,231445,845566.5382,壬辰,丁未,壬午,5,2012,7,1,-0.01627397659236783,0,壬,午,水,火,丁,未,火,土,False,False,-0.008445766045889737,2012-W29,2012-07
000858.SZ,2012-07-23,35.6,35.96,-0.01,239193,847260.9188,壬辰,丁未,乙酉,1,2012,7,1,-0.010061571745434745,0,乙,酉,木,金,丁,未,火,土,False,False,-0.01627397659236783,2012-W30,2012-07
000858.SZ,2012-07-24,35.83,35.6,0.0065,284308,1018101.1952,壬辰,丁未,丙戌,2,2012,7,1,0.006439893458877527,1,丙,戌,火,土,丁,未,火,土,False,False,-0.010061571745434745,2012-W30,2012-07
000858.SZ,2012-07-25,35.3,35.83,-0.0148,272222,966103.8993,壬辰,丁未,丁亥,3,2012,7,1,-0.01490256737761135,0,丁,亥,火,水,丁,未,火,土,False,False,0.006439893458877527,2012-W30,2012-07
000858.SZ,2012-07-26,35.33,35.3,0.0009,232162,829784.905,壬辰,丁未,戊子,4,2012,7,1,0.0008494974318027702,1,戊,子,土,水,丁,未,火,土,False,False,-0.01490256737761135,2012-W30,2012-07
000858.SZ,2012-07-27,35.5,35.33,0.0048,281624,987814.1799,壬辰,丁未,己丑,5,2012,7,1,0.0048002351103163836,1,己,丑,土,土,丁,未,火,土,False,True,0.0008494974318027702,2012-W30,2012-07
000858.SZ,2012-07-30,35.93,35.5,0.0121,266542,957027.238,壬辰,丁未,壬辰,1,2012,7,1,0.012039904644057147,1,壬,辰,水,土,丁,未,火,土,False,True,0.0048002351103163836,2012-W31,2012-07
000858.SZ,2012-07-31,35.0,35.93,-0.0259,211658,754744.2729,壬辰,丁未,癸巳,2,2012,7,1,-0.026224539636013715,0,癸,巳,水,火,丁,未,火,土,False,True,0.012039904644057147,2012-W31,2012-07
000858.SZ,2012-08-01,35.26,35.0,0.0074,171381,604230.3472,壬辰,丁未,甲午,3,2012,8,1,0.0074011154803104015,1,甲,午,木,火,丁,未,火,土,True,False,-0.026224539636013715,2012-W31,2012-08
000858.SZ,2012-08-02,34.93,35.26,-0.0094,146273,512986.482,壬辰,丁未,乙未,4,2012,8,1,-0.009403118150983514,0,乙,未,木,土,丁,未,火,土,True,False,0.0074011154803104015,2012-W31,2012-08
000858.SZ,2012-08-03,35.95,34.93,0.0292,226379,800795.741,壬辰,丁未,丙申,5,2012,8,1,0.02878302534831515,1,丙,申,火,金,丁,未,火,土,True,False,-0.009403118150983514,2012-W31,2012-08
000858.SZ,2012-08-06,36.6,35.95,0.0181,239795,870866.2072,壬辰,丁未,己亥,1,2012,8,1,0.017919156240264755,1,己,亥,土,水,丁,未,火,土,False,False,0.02878302534831515,2012-W32,2012-08
000858.SZ,2012-08-07,36.59,36.6,-0.0003,158584,578974.5695,壬辰,戊申,庚子,2,2012,8,1,-0.00027326137620504575,0,庚,子,金,水,戊,申,土,金,False,False,0.017919156240264755,2012-W32,2012-08
000858.SZ,2012-08-08,36.05,36.59,-0.0148,200949,730117.0924,壬辰,戊申,辛丑,3,2012,8,1,-0.014868115300157572,0,辛,丑,金,土,戊,申,土,金,False,False,-0.00027326137620504575,2012-W32,2012-08
000858.SZ,2012-08-09,37.46,36.05,0.0391,392020,1452230.8181,壬辰,戊申,壬寅,4,2012,8,1,0.0383668332849844,1,壬,寅,水,木,戊,申,土,金,False,False,-0.014868115300157572,2012-W32,2012-08
000858.SZ,2012-08-10,36.58,37.46,-0.0235,305887,1117966.1852,壬辰,戊申,癸卯,5,2012,8,1,-0.023772054053222833,0,癸,卯,水,木,戊,申,土,金,False,False,0.0383668332849844,2012-W32,2012-08
000858.SZ,2012-08-13,36.13,36.58,-0.0123,151265,550831.2972,壬辰,戊申,丙午,1,2012,8,1,-0.012378097803170651,0,丙,午,火,火,戊,申,土,金,False,False,-0.023772054053222833,2012-W33,2012-08
000858.SZ,2012-08-14,36.41,36.13,0.0078,194042,703444.7842,壬辰,戊申,丁未,2,2012,8,1,0.007719917027793039,1,丁,未,火,土,戊,申,土,金,False,False,-0.012378097803170651,2012-W33,2012-08
000858.SZ,2012-08-15,36.12,36.41,-0.008,129944,471537.5714,壬辰,戊申,戊申,3,2012,8,1,-0.00799673363855741,0,戊,申,土,金,戊,申,土,金,False,False,0.007719917027793039,2012-W33,2012-08
000858.SZ,2012-08-16,35.26,36.12,-0.0238,170487,607693.0752,壬辰,戊申,己酉,4,2012,8,1,-0.02409755157906053,0,己,酉,土,金,戊,申,土,金,False,False,-0.00799673363855741,2012-W33,2012-08
000858.SZ,2012-08-17,34.16,35.26,-0.0312,330850,1132207.704,壬辰,戊申,庚戌,5,2012,8,1,-0.03169380804935507,0,庚,戌,金,土,戊,申,土,金,False,False,-0.02409755157906053,2012-W33,2012-08
000858.SZ,2012-08-20,34.85,34.16,0.0202,178230,614929.3747,壬辰,戊申,癸丑,1,2012,8,1,0.019997768286163935,1,癸,丑,水,土,戊,申,土,金,False,False,-0.03169380804935507,2012-W34,2012-08
000858.SZ,2012-08-21,35.3,34.85,0.0129,173967,616537.6346,壬辰,戊申,甲寅,2,2012,8,1,0.012829826732717998,1,甲,寅,木,木,戊,申,土,金,False,False,0.019997768286163935,2012-W34,2012-08
000858.SZ,2012-08-22,34.6,35.3,-0.0198,153016,530815.4571,壬辰,戊申,乙卯,3,2012,8,1,-0.020029281875572416,0,乙,卯,木,木,戊,申,土,金,False,False,0.012829826732717998,2012-W34,2012-08
000858.SZ,2012-08-23,34.42,34.6,-0.0052,160222,548971.5537,壬辰,戊申,丙辰,4,2012,8,1,-0.005215891280285238,0,丙,辰,火,土,戊,申,土,金,False,False,-0.020029281875572416,2012-W34,2012-08
000858.SZ,2012-08-24,34.2,34.42,-0.0064,119698,411484.2968,壬辰,戊申,丁巳,5,2012,8,1,-0.0064121467148338385,0,丁,巳,火,火,戊,申,土,金,False,False,-0.005215891280285238,2012-W34,2012-08
000858.SZ,2012-08-27,34.22,34.2,0.0006,142925,489690.0352,壬辰,戊申,庚申,1,2012,8,1,0.0005846243954878788,1,庚,申,金,金,戊,申,土,金,False,True,-0.0064121467148338385,2012-W35,2012-08
000858.SZ,2012-08-28,33.91,34.22,-0.0091,141347,484027.8479,壬辰,戊申,辛酉,2,2012,8,1,-0.0091003123265002,0,辛,酉,金,金,戊,申,土,金,False,True,0.0005846243954878788,2012-W35,2012-08
000858.SZ,2012-08-29,33.06,33.91,-0.0251,157135,523765.2205,壬辰,戊申,壬戌,3,2012,8,1,-0.025385863744668932,0,壬,戌,水,土,戊,申,土,金,False,True,-0.0091003123265002,2012-W35,2012-08
000858.SZ,2012-08-30,32.48,33.06,-0.0175,218024,706961.6101,壬辰,戊申,癸亥,4,2012,8,1,-0.017699577099401086,0,癸,亥,水,水,戊,申,土,金,False,True,-0.025385863744668932,2012-W35,2012-08
000858.SZ,2012-08-31,32.57,32.48,0.0028,94858,311104.7656,壬辰,戊申,甲子,5,2012,8,1,0.0027671039946649796,1,甲,子,木,水,戊,申,土,金,False,True,-0.017699577099401086,2012-W35,2012-08
000858.SZ,2012-09-03,33.89,32.57,0.0405,208176,703076.9465,壬辰,戊申,丁卯,1,2012,9,1,0.039728366330817784,1,丁,卯,火,木,戊,申,土,金,True,False,0.0027671039946649796,2012-W36,2012-09
000858.SZ,2012-09-04,33.53,33.89,-0.0106,195609,662999.083,壬辰,戊申,戊辰,2,2012,9,1,-0.010679425140822785,0,戊,辰,土,土,戊,申,土,金,True,False,0.039728366330817784,2012-W36,2012-09
000858.SZ,2012-09-05,33.47,33.53,-0.0018,110891,370139.1416,壬辰,戊申,己巳,3,2012,9,1,-0.0017910452549019637,0,己,巳,土,火,戊,申,土,金,True,False,-0.010679425140822785,2012-W36,2012-09
000858.SZ,2012-09-06,33.5,33.47,0.0009,100481,335035.4593,壬辰,戊申,庚午,4,2012,9,1,0.0008959236077856077,1,庚,午,金,火,戊,申,土,金,False,False,-0.0017910452549019637,2012-W36,2012-09
000858.SZ,2012-09-07,34.7,33.5,0.0358,339460,1174297.2077,壬辰,己酉,辛未,5,2012,9,1,0.0351942481217929,1,辛,未,金,土,己,酉,土,金,False,False,0.0008959236077856077,2012-W36,2012-09
000858.SZ,2012-09-10,34.43,34.7,-0.0078,208810,722366.2927,壬辰,己酉,甲戌,1,2012,9,1,-0.0078114096023812534,0,甲,戌,木,土,己,酉,土,金,False,False,0.0351942481217929,2012-W37,2012-09
000858.SZ,2012-09-11,34.41,34.43,-0.0006,133452,456188.8011,壬辰,己酉,乙亥,2,2012,9,1,-0.0005810575410434371,0,乙,亥,木,水,己,酉,土,金,False,False,-0.0078114096023812534,2012-W37,2012-09
000858.SZ,2012-09-12,34.41,34.41,0.0,128177,441141.8801,壬辰,己酉,丙子,3,2012,9,1,0.0,0,丙,子,火,水,己,酉,土,金,False,False,-0.0005810575410434371,2012-W37,2012-09
000858.SZ,2012-09-13,34.33,34.41,-0.0023,100353,345436.7774,壬辰,己酉,丁丑,4,2012,9,1,-0.002327612339788288,0,丁,丑,火,土,己,酉,土,金,False,False,0.0,2012-W37,2012-09
000858.SZ,2012-09-14,34.62,34.33,0.0084,143172,493845.0291,壬辰,己酉,戊寅,5,2012,9,1,0.00841194227846257,1,戊,寅,土,木,己,酉,土,金,False,False,-0.002327612339788288,2012-W37,2012-09
000858.SZ,2012-09-17,33.7,34.62,-0.0266,157765,537353.7315,壬辰,己酉,辛巳,1,2012,9,1,-0.026933712389747,0,辛,巳,金,火,己,酉,土,金,False,False,0.00841194227846257,2012-W38,2012-09
000858.SZ,2012-09-18,33.3,33.7,-0.0119,88190,294847.6529,壬辰,己酉,壬午,2,2012,9,1,-0.011940440371918087,0,壬,午,水,火,己,酉,土,金,False,False,-0.026933712389747,2012-W38,2012-09
000858.SZ,2012-09-19,32.85,33.3,-0.0135,187572,615282.6579,壬辰,己酉,癸未,3,2012,9,1,-0.013605652055778485,0,癸,未,水,土,己,酉,土,金,False,False,-0.011940440371918087,2012-W38,2012-09
000858.SZ,2012-09-20,32.23,32.85,-0.0189,140826,457191.2821,壬辰,己酉,甲申,4,2012,9,1,-0.01905404910327317,0,甲,申,木,金,己,酉,土,金,False,False,-0.013605652055778485,2012-W38,2012-09
000858.SZ,2012-09-21,32.53,32.23,0.0093,94350,305966.9544,壬辰,己酉,乙酉,5,2012,9,1,0.009265044657913724,1,乙,酉,木,金,己,酉,土,金,False,False,-0.01905404910327317,2012-W38,2012-09
000858.SZ,2012-09-24,32.65,32.53,0.0037,118560,386190.3071,壬辰,己酉,戊子,1,2012,9,1,0.003682115237179841,1,戊,子,土,水,己,酉,土,金,False,False,0.009265044657913724,2012-W39,2012-09
000858.SZ,2012-09-25,32.86,32.65,0.0064,114109,375827.9441,壬辰,己酉,己丑,2,2012,9,1,0.006411256886682008,1,己,丑,土,土,己,酉,土,金,False,False,0.003682115237179841,2012-W39,2012-09
000858.SZ,2012-09-26,32.38,32.86,-0.0146,105726,345370.7062,壬辰,己酉,庚寅,3,2012,9,1,-0.014715164359632892,0,庚,寅,金,木,己,酉,土,金,False,True,0.006411256886682008,2012-W39,2012-09
000858.SZ,2012-09-27,33.3,32.38,0.0284,167430,553206.913,壬辰,己酉,辛卯,4,2012,9,1,0.02801644873690884,1,辛,卯,金,木,己,酉,土,金,False,True,-0.014715164359632892,2012-W39,2012-09
000858.SZ,2012-09-28,33.9,33.3,0.018,209589,705989.9911,壬辰,己酉,壬辰,5,2012,9,1,0.01785761740000647,1,壬,辰,水,土,己,酉,土,金,False,True,0.02801644873690884,2012-W39,2012-09
000858.SZ,2012-10-08,33.0,33.9,-0.0265,150252,499326.7582,壬辰,庚戌,壬寅,1,2012,10,1,-0.026907452919924267,0,壬,寅,水,木,庚,戌,金,土,False,False,0.01785761740000647,2012-W41,2012-10
000858.SZ,2012-10-09,33.59,33.0,0.0179,133023,445937.0261,壬辰,庚戌,癸卯,2,2012,10,1,0.01772084215772131,1,癸,卯,水,木,庚,戌,金,土,False,False,-0.026907452919924267,2012-W41,2012-10
000858.SZ,2012-10-10,33.59,33.59,0.0,130408,436489.4312,壬辰,庚戌,甲辰,3,2012,10,1,0.0,0,甲,辰,木,土,庚,戌,金,土,False,False,0.01772084215772131,2012-W41,2012-10
000858.SZ,2012-10-11,33.3,33.59,-0.0086,111169,371853.4659,壬辰,庚戌,乙巳,4,2012,10,1,-0.008671006637803444,0,乙,巳,木,火,庚,戌,金,土,False,False,0.0,2012-W41,2012-10
000858.SZ,2012-10-12,33.37,33.3,0.0021,77814,260172.5775,壬辰,庚戌,丙午,5,2012,10,1,0.0020998957768845494,1,丙,午,火,火,庚,戌,金,土,False,False,-0.008671006637803444,2012-W41,2012-10
000858.SZ,2012-10-15,34.67,33.37,0.039,380192,1312441.0247,壬辰,庚戌,己酉,1,2012,10,1,0.03821746693364962,1,己,酉,土,金,庚,戌,金,土,False,False,0.0020998957768845494,2012-W42,2012-10
000858.SZ,2012-10-16,35.05,34.67,0.011,394329,1388076.4396,壬辰,庚戌,庚戌,2,2012,10,1,0.010900853783666967,1,庚,戌,金,土,庚,戌,金,土,False,False,0.03821746693364962,2012-W42,2012-10
000858.SZ,2012-10-17,34.9,35.05,-0.0043,229751,802396.8541,壬辰,庚戌,辛亥,3,2012,10,1,-0.0042887842722175926,0,辛,亥,金,水,庚,戌,金,土,False,False,0.010900853783666967,2012-W42,2012-10
000858.SZ,2012-10-18,35.24,34.9,0.0097,270477,957453.0119,壬辰,庚戌,壬子,4,2012,10,1,0.009694971859597437,1,壬,子,水,水,庚,戌,金,土,False,False,-0.0042887842722175926,2012-W42,2012-10
000858.SZ,2012-10-19,35.13,35.24,-0.0031,179089,630690.4101,壬辰,庚戌,癸丑,5,2012,10,1,-0.003126334790243059,0,癸,丑,水,土,庚,戌,金,土,False,False,0.009694971859597437,2012-W42,2012-10
000858.SZ,2012-10-22,35.0,35.13,-0.0037,156763,548013.6931,壬辰,庚戌,丙辰,1,2012,10,1,-0.003707404788322027,0,丙,辰,火,土,庚,戌,金,土,False,False,-0.003126334790243059,2012-W43,2012-10
000858.SZ,2012-10-23,34.05,35.0,-0.0271,229040,788720.1933,壬辰,庚戌,丁巳,2,2012,10,1,-0.02751802889389241,0,丁,巳,火,火,庚,戌,金,土,False,False,-0.003707404788322027,2012-W43,2012-10
000858.SZ,2012-10-24,34.09,34.05,0.0012,137715,470429.8576,壬辰,庚戌,戊午,3,2012,10,1,0.00117405355429063,1,戊,午,土,火,庚,戌,金,土,False,False,-0.02751802889389241,2012-W43,2012-10
000858.SZ,2012-10-25,34.12,34.09,0.0009,133516,457185.8364,壬辰,庚戌,己未,4,2012,10,1,0.0008796364736665034,1,己,未,土,土,庚,戌,金,土,False,False,0.00117405355429063,2012-W43,2012-10
000858.SZ,2012-10-26,33.58,34.12,-0.0158,185682,627649.7322,壬辰,庚戌,庚申,5,2012,10,1,-0.015953070974083553,0,庚,申,金,金,庚,戌,金,土,False,False,0.0008796364736665034,2012-W43,2012-10
000858.SZ,2012-10-29,33.69,33.58,0.0033,113207,379666.8981,壬辰,庚戌,癸亥,1,2012,10,1,0.0032704057690667266,1,癸,亥,水,水,庚,戌,金,土,False,True,-0.015953070974083553,2012-W44,2012-10
000858.SZ,2012-10-30,33.7,33.69,0.0003,169479,569792.7441,壬辰,庚戌,甲子,2,2012,10,1,0.00029677993985472687,1,甲,子,木,水,庚,戌,金,土,False,True,0.0032704057690667266,2012-W44,2012-10
000858.SZ,2012-10-31,33.6,33.7,-0.003,130393,436276.6143,壬辰,庚戌,乙丑,3,2012,10,1,-0.0029717703891574817,0,乙,丑,木,土,庚,戌,金,土,False,True,0.00029677993985472687,2012-W44,2012-10
000858.SZ,2012-11-01,34.6,33.6,0.0298,248061,850074.3422,壬辰,庚戌,丙寅,4,2012,11,1,0.02932761509451992,1,丙,寅,火,木,庚,戌,金,土,True,False,-0.0029717703891574817,2012-W44,2012-11
000858.SZ,2012-11-02,34.45,34.6,-0.0043,163398,562598.398,壬辰,庚戌,丁卯,5,2012,11,1,-0.00434468460401098,0,丁,卯,火,木,庚,戌,金,土,True,False,0.02932761509451992,2012-W44,2012-11
000858.SZ,2012-11-05,33.69,34.45,-0.0221,196696,666264.2433,壬辰,庚戌,庚午,1,2012,11,1,-0.022307940041206172,0,庚,午,金,火,庚,戌,金,土,True,False,-0.00434468460401098,2012-W45,2012-11
000858.SZ,2012-11-06,33.02,33.69,-0.0199,264299,872441.1215,壬辰,庚戌,辛未,2,2012,11,1,-0.020087618926479426,0,辛,未,金,土,庚,戌,金,土,False,False,-0.022307940041206172,2012-W45,2012-11
000858.SZ,2012-11-07,33.13,33.02,0.0033,112016,370118.2272,壬辰,辛亥,壬申,3,2012,11,1,0.0033257778198224185,1,壬,申,水,金,辛,亥,金,水,False,False,-0.020087618926479426,2012-W45,2012-11
000858.SZ,2012-11-08,32.72,33.13,-0.0124,124621,409151.0059,壬辰,辛亥,癸酉,4,2012,11,1,-0.012452704577258356,0,癸,酉,水,金,辛,亥,金,水,False,False,0.0033257778198224185,2012-W45,2012-11
000858.SZ,2012-11-09,32.73,32.72,0.0003,94596,309544.2399,壬辰,辛亥,甲戌,5,2012,11,1,0.000305576778542761,1,甲,戌,木,土,辛,亥,金,水,False,False,-0.012452704577258356,2012-W45,2012-11
000858.SZ,2012-11-12,32.36,32.73,-0.0113,173902,563466.1988,壬辰,辛亥,丁丑,1,2012,11,1,-0.011368996322798142,0,丁,丑,火,土,辛,亥,金,水,False,False,0.000305576778542761,2012-W46,2012-11
000858.SZ,2012-11-13,32.02,32.36,-0.0105,124774,399383.4062,壬辰,辛亥,戊寅,2,2012,11,1,-0.010562384621722164,0,戊,寅,土,木,辛,亥,金,水,False,False,-0.011368996322798142,2012-W46,2012-11
000858.SZ,2012-11-14,32.64,32.02,0.0194,108204,349819.3933,壬辰,辛亥,己卯,3,2012,11,1,0.019177822527337546,1,己,卯,土,木,辛,亥,金,水,False,False,-0.010562384621722164,2012-W46,2012-11
000858.SZ,2012-11-15,32.1,32.64,-0.0165,81397,262389.5816,壬辰,辛亥,庚辰,4,2012,11,1,-0.01668249995993602,0,庚,辰,金,土,辛,亥,金,水,False,False,0.019177822527337546,2012-W46,2012-11
000858.SZ,2012-11-16,30.91,32.1,-0.0371,328243,1019636.6382,壬辰,辛亥,辛巳,5,2012,11,1,-0.037776273991945275,0,辛,巳,金,火,辛,亥,金,水,False,False,-0.01668249995993602,2012-W46,2012-11
000858.SZ,2012-11-19,29.11,30.91,-0.0582,528025,1546329.1425,壬辰,辛亥,甲申,1,2012,11,1,-0.059997998386493154,0,甲,申,木,金,辛,亥,金,水,False,False,-0.037776273991945275,2012-W47,2012-11
000858.SZ,2012-11-20,28.99,29.11,-0.0041,253935,738621.7977,壬辰,辛亥,乙酉,2,2012,11,1,-0.0041308148239677465,0,乙,酉,木,金,辛,亥,金,水,False,False,-0.059997998386493154,2012-W47,2012-11
000858.SZ,2012-11-21,28.8,28.99,-0.0066,376821,1070948.1623,壬辰,辛亥,丙戌,3,2012,11,1,-0.006575555791663857,0,丙,戌,火,土,辛,亥,金,水,False,False,-0.0041308148239677465,2012-W47,2012-11
000858.SZ,2012-11-22,27.46,28.8,-0.0465,423346,1166402.0119,壬辰,辛亥,丁亥,4,2012,11,1,-0.0476449868020752,0,丁,亥,火,水,辛,亥,金,水,False,False,-0.006575555791663857,2012-W47,2012-11
000858.SZ,2012-11-23,27.71,27.46,0.0091,386587,1076011.0915,壬辰,辛亥,戊子,5,2012,11,1,0.00906295853506196,1,戊,子,土,水,辛,亥,金,水,False,False,-0.0476449868020752,2012-W47,2012-11
000858.SZ,2012-11-26,27.08,27.71,-0.0227,277029,755910.0619,壬辰,辛亥,辛卯,1,2012,11,1,-0.022997910830812943,0,辛,卯,金,木,辛,亥,金,水,False,True,0.00906295853506196,2012-W48,2012-11
000858.SZ,2012-11-27,27.35,27.08,0.01,242956,663443.33,壬辰,辛亥,壬辰,2,2012,11,1,0.009921080823916163,1,壬,辰,水,土,辛,亥,金,水,False,True,-0.022997910830812943,2012-W48,2012-11
000858.SZ,2012-11-28,27.17,27.35,-0.0066,182314,493538.9512,壬辰,辛亥,癸巳,3,2012,11,1,-0.006603105429733846,0,癸,巳,水,火,辛,亥,金,水,False,True,0.009921080823916163,2012-W48,2012-11
000858.SZ,2012-11-29,27.21,27.17,0.0015,222663,609251.9997,壬辰,辛亥,甲午,4,2012,11,1,0.0014711293568985277,1,甲,午,木,火,辛,亥,金,水,False,True,-0.006603105429733846,2012-W48,2012-11
000858.SZ,2012-11-30,26.97,27.21,-0.0088,219525,590615.9071,壬辰,辛亥,乙未,5,2012,11,1,-0.008859415643516347,0,乙,未,木,土,辛,亥,金,水,False,True,0.0014711293568985277,2012-W48,2012-11
000858.SZ,2012-12-03,24.31,26.97,-0.0986,635764,1605050.2743,壬辰,辛亥,戊戌,1,2012,12,1,-0.10383734882360655,0,戊,戌,土,土,辛,亥,金,水,True,False,-0.008859415643516347,2012-W49,2012-12
000858.SZ,2012-12-04,24.66,24.31,0.0144,562132,1352868.0833,壬辰,辛亥,己亥,2,2012,12,1,0.014294709408166236,1,己,亥,土,水,辛,亥,金,水,True,False,-0.10383734882360655,2012-W49,2012-12
000858.SZ,2012-12-05,25.04,24.66,0.0154,678816,1688558.8761,壬辰,辛亥,庚子,3,2012,12,1,0.015292048495699555,1,庚,子,金,水,辛,亥,金,水,True,False,0.014294709408166236,2012-W49,2012-12
000858.SZ,2012-12-06,24.76,25.04,-0.0112,456306,1120570.2918,壬辰,辛亥,辛丑,4,2012,12,1,-0.01124509841550229,0,辛,丑,金,土,辛,亥,金,水,False,False,0.015292048495699555,2012-W49,2012-12
000858.SZ,2012-12-07,25.61,24.76,0.0343,499419,1268858.4967,壬辰,壬子,壬寅,5,2012,12,1,0.033753452395038436,1,壬,寅,水,木,壬,子,水,水,False,False,-0.01124509841550229,2012-W49,2012-12
000858.SZ,2012-12-10,25.92,25.61,0.0121,635111,1604896.1566,壬辰,壬子,乙巳,1,2012,12,1,0.012031971272640232,1,乙,巳,木,火,壬,子,水,水,False,False,0.033753452395038436,2012-W50,2012-12
000858.SZ,2012-12-11,25.82,25.92,-0.0039,498084,1293545.3537,壬辰,壬子,丙午,2,2012,12,1,-0.0038654860655775764,0,丙,午,火,火,壬,子,水,水,False,False,0.012031971272640232,2012-W50,2012-12
000858.SZ,2012-12-12,25.91,25.82,0.0035,319715,822398.107,壬辰,壬子,丁未,3,2012,12,1,0.003479609155522104,1,丁,未,火,土,壬,子,水,水,False,False,-0.0038654860655775764,2012-W50,2012-12
000858.SZ,2012-12-13,24.96,25.91,-0.0367,457483,1166131.9717,壬辰,壬子,戊申,4,2012,12,1,-0.03735445107279164,0,戊,申,土,金,壬,子,水,水,False,False,0.003479609155522104,2012-W50,2012-12
000858.SZ,2012-12-14,25.33,24.96,0.0148,679481,1724511.8704,壬辰,壬子,己酉,5,2012,12,1,0.01471492051235683,1,己,酉,土,金,壬,子,水,水,False,False,-0.03735445107279164,2012-W50,2012-12
000858.SZ,2012-12-17,26.66,25.33,0.0525,918829,2396605.6782,壬辰,壬子,壬子,1,2012,12,1,0.05117485073697873,1,壬,子,水,水,壬,子,水,水,False,False,0.01471492051235683,2012-W51,2012-12
000858.SZ,2012-12-18,27.19,26.66,0.0199,762628,2056953.5494,壬辰,壬子,癸丑,2,2012,12,1,0.01968494389381669,1,癸,丑,水,土,壬,子,水,水,False,False,0.05117485073697873,2012-W51,2012-12
000858.SZ,2012-12-19,27.79,27.19,0.0221,577624,1601732.973,壬辰,壬子,甲寅,3,2012,12,1,0.021826985110032962,1,甲,寅,木,木,壬,子,水,水,False,False,0.01968494389381669,2012-W51,2012-12
000858.SZ,2012-12-20,27.6,27.79,-0.0068,431030,1190722.4059,壬辰,壬子,乙卯,4,2012,12,1,-0.006860471031307929,0,乙,卯,木,木,壬,子,水,水,False,False,0.021826985110032962,2012-W51,2012-12
000858.SZ,2012-12-21,27.78,27.6,0.0065,417909,1163389.3721,壬辰,壬子,丙辰,5,2012,12,1,0.006500564603093463,1,丙,辰,火,土,壬,子,水,水,False,False,-0.006860471031307929,2012-W51,2012-12
000858.SZ,2012-12-24,26.94,27.78,-0.0302,483379,1304302.6054,壬辰,壬子,己未,1,2012,12,1,-0.030704166343979735,0,己,未,土,土,壬,子,水,水,False,False,0.006500564603093463,2012-W52,2012-12
000858.SZ,2012-12-25,27.28,26.94,0.0126,420285,1144400.135,壬辰,壬子,庚申,2,2012,12,1,0.012541661993043495,1,庚,申,金,金,壬,子,水,水,False,False,-0.030704166343979735,2012-W52,2012-12
000858.SZ,2012-12-26,27.53,27.28,0.0092,356383,977993.5798,壬辰,壬子,辛酉,3,2012,12,1,0.009122486179254697,1,辛,酉,金,金,壬,子,水,水,False,False,0.012541661993043495,2012-W52,2012-12
000858.SZ,2012-12-27,28.01,27.53,0.0174,485957,1353493.9214,壬辰,壬子,壬戌,4,2012,12,1,0.01728527011750113,1,壬,戌,水,土,壬,子,水,水,False,True,0.009122486179254697,2012-W52,2012-12
000858.SZ,2012-12-28,28.23,28.01,0.0079,357424,1011137.3301,壬辰,壬子,癸亥,5,2012,12,1,0.007823652993380687,1,癸,亥,水,水,壬,子,水,水,False,True,0.01728527011750113,2012-W52,2012-12
000858.SZ,2012-12-31,28.23,28.23,0.0,377809,1057806.8075,壬辰,壬子,丙寅,1,2012,12,1,0.0,0,丙,寅,火,木,壬,子,水,水,False,True,0.007823652993380687,2013-W01,2012-12
000858.SZ,2013-01-04,27.9,28.23,-0.0117,409507,1146059.3072,壬辰,壬子,庚午,5,2013,1,1,-0.011758553438078084,0,庚,午,金,火,壬,子,水,水,True,False,0.0,2013-W01,2013-01
000858.SZ,2013-01-07,27.54,27.9,-0.0129,322216,885773.2412,壬辰,癸丑,癸酉,1,2013,1,1,-0.01298719552681119,0,癸,酉,水,金,癸,丑,水,土,False,False,-0.011758553438078084,2013-W02,2013-01
000858.SZ,2013-01-08,28.13,27.54,0.0214,418891,1173208.9237,壬辰,癸丑,甲戌,2,2013,1,1,0.021197129201256597,1,甲,戌,木,土,癸,丑,水,土,False,False,-0.01298719552681119,2013-W02,2013-01
000858.SZ,2013-01-09,28.63,28.13,0.0178,459617,1314365.6037,壬辰,癸丑,乙亥,3,2013,1,1,0.01761849660825821,1,乙,亥,木,水,癸,丑,水,土,False,False,0.021197129201256597,2013-W02,2013-01
000858.SZ,2013-01-10,28.54,28.63,-0.0031,321775,923645.2183,壬辰,癸丑,丙子,4,2013,1,1,-0.003148507061333283,0,丙,子,火,水,癸,丑,水,土,False,False,0.01761849660825821,2013-W02,2013-01
000858.SZ,2013-01-11,28.78,28.54,0.0084,517353,1485854.9951,壬辰,癸丑,丁丑,5,2013,1,1,0.008374089410531362,1,丁,丑,火,土,癸,丑,水,土,False,False,-0.003148507061333283,2013-W02,2013-01
000858.SZ,2013-01-14,28.71,28.78,-0.0024,624627,1766635.5511,壬辰,癸丑,庚辰,1,2013,1,1,-0.002435207326249135,0,庚,辰,金,土,癸,丑,水,土,False,False,0.008374089410531362,2013-W03,2013-01
000858.SZ,2013-01-15,28.53,28.71,-0.0063,510473,1455425.5203,壬辰,癸丑,辛巳,2,2013,1,1,-0.0062893289075639895,0,辛,巳,金,火,癸,丑,水,土,False,False,-0.002435207326249135,2013-W03,2013-01
000858.SZ,2013-01-16,28.11,28.53,-0.0147,394541,1110214.155,壬辰,癸丑,壬午,3,2013,1,1,-0.014830780306968138,0,壬,午,水,火,癸,丑,水,土,False,False,-0.0062893289075639895,2013-W03,2013-01
000858.SZ,2013-01-17,28.1,28.11,-0.0004,278395,785113.9185,壬辰,癸丑,癸未,4,2013,1,1,-0.00035580857874030567,0,癸,未,水,土,癸,丑,水,土,False,False,-0.014830780306968138,2013-W03,2013-01
000858.SZ,2013-01-18,27.58,28.1,-0.0185,552286,1520900.5698,壬辰,癸丑,甲申,5,2013,1,1,-0.018678703974544426,0,甲,申,木,金,癸,丑,水,土,False,False,-0.00035580857874030567,2013-W03,2013-01
000858.SZ,2013-01-21,26.82,27.58,-0.0276,598123,1616717.1677,壬辰,癸丑,丁亥,1,2013,1,1,-0.027942994511623225,0,丁,亥,火,水,癸,丑,水,土,False,False,-0.018678703974544426,2013-W04,2013-01
000858.SZ,2013-01-22,26.36,26.82,-0.0172,603467,1580921.7269,壬辰,癸丑,戊子,2,2013,1,1,-0.01730016821922607,0,戊,子,土,水,癸,丑,水,土,False,False,-0.027942994511623225,2013-W04,2013-01
000858.SZ,2013-01-23,26.3,26.36,-0.0023,399851,1050352.7641,壬辰,癸丑,己丑,3,2013,1,1,-0.0022787704505876005,0,己,丑,土,土,癸,丑,水,土,False,False,-0.01730016821922607,2013-W04,2013-01
000858.SZ,2013-01-24,25.9,26.3,-0.0152,385426,1007466.1471,壬辰,癸丑,庚寅,4,2013,1,1,-0.015325970478226933,0,庚,寅,金,木,癸,丑,水,土,False,False,-0.0022787704505876005,2013-W04,2013-01
000858.SZ,2013-01-25,25.12,25.9,-0.0301,420596,1062737.9783,壬辰,癸丑,辛卯,5,2013,1,1,-0.0305786271054941,0,辛,卯,金,木,癸,丑,水,土,False,False,-0.015325970478226933,2013-W04,2013-01
000858.SZ,2013-01-28,24.49,25.12,-0.0251,674367,1648130.9567,壬辰,癸丑,甲午,1,2013,1,1,-0.025399470635921705,0,甲,午,木,火,癸,丑,水,土,False,True,-0.0305786271054941,2013-W05,2013-01
000858.SZ,2013-01-29,25.25,24.49,0.031,746061,1850550.2932,壬辰,癸丑,乙未,2,2013,1,1,0.0305612847572926,1,乙,未,木,土,癸,丑,水,土,False,True,-0.025399470635921705,2013-W05,2013-01
000858.SZ,2013-01-30,25.8,25.25,0.0218,701346,1803313.4417,壬辰,癸丑,丙申,3,2013,1,1,0.021548336206202928,1,丙,申,火,金,癸,丑,水,土,False,True,0.0305612847572926,2013-W05,2013-01
000858.SZ,2013-01-31,25.5,25.8,-0.0116,390912,995594.8512,壬辰,癸丑,丁酉,4,2013,1,1,-0.011696039763191298,0,丁,酉,火,金,癸,丑,水,土,False,True,0.021548336206202928,2013-W05,2013-01
000858.SZ,2013-02-01,25.58,25.5,0.0031,384198,985177.2227,壬辰,癸丑,戊戌,5,2013,2,1,0.0031323439863162024,1,戊,戌,土,土,癸,丑,水,土,True,False,-0.011696039763191298,2013-W05,2013-02
000858.SZ,2013-02-04,25.26,25.58,-0.0125,402027,1013049.9109,癸巳,甲寅,辛丑,1,2013,2,1,-0.012588679228351437,0,辛,丑,金,土,甲,寅,木,木,True,False,0.0031323439863162024,2013-W06,2013-02
000858.SZ,2013-02-05,26.36,25.26,0.0435,633052,1633060.8781,癸巳,甲寅,壬寅,2,2013,2,1,0.04262559271196127,1,壬,寅,水,木,甲,寅,木,木,True,False,-0.012588679228351437,2013-W06,2013-02
000858.SZ,2013-02-06,26.09,26.36,-0.0102,436460,1140924.4168,癸巳,甲寅,癸卯,3,2013,2,1,-0.010295610485669338,0,癸,卯,水,木,甲,寅,木,木,False,False,0.04262559271196127,2013-W06,2013-02
000858.SZ,2013-02-07,25.9,26.09,-0.0073,382820,994657.8501,癸巳,甲寅,甲辰,4,2013,2,1,-0.007309130443145071,0,甲,辰,木,土,甲,寅,木,木,False,False,-0.010295610485669338,2013-W06,2013-02
000858.SZ,2013-02-08,25.91,25.9,0.0004,370036,961037.7895,癸巳,甲寅,乙巳,5,2013,2,1,0.0003860258685266929,1,乙,巳,木,火,甲,寅,木,木,False,False,-0.007309130443145071,2013-W06,2013-02
000858.SZ,2013-02-18,25.2,25.91,-0.0274,360300,914626.7472,癸巳,甲寅,乙卯,1,2013,2,1,-0.02778500005664104,0,乙,卯,木,木,甲,寅,木,木,False,False,0.0003860258685266929,2013-W08,2013-02
000858.SZ,2013-02-19,24.81,25.2,-0.0155,423791,1059474.7054,癸巳,甲寅,丙辰,2,2013,2,1,-0.015597196813668042,0,丙,辰,火,土,甲,寅,木,木,False,False,-0.02778500005664104,2013-W08,2013-02
000858.SZ,2013-02-20,24.77,24.81,-0.0016,290056,715059.6244,癸巳,甲寅,丁巳,3,2013,2,1,-0.0016135542024413802,0,丁,巳,火,火,甲,寅,木,木,False,False,-0.015597196813668042,2013-W08,2013-02
000858.SZ,2013-02-21,25.12,24.77,0.0141,522719,1313834.1812,癸巳,甲寅,戊午,4,2013,2,1,0.014031098098729686,1,戊,午,土,火,甲,寅,木,木,False,False,-0.0016135542024413802,2013-W08,2013-02
000858.SZ,2013-02-22,25.77,25.12,0.0259,622319,1604496.346,癸巳,甲寅,己未,5,2013,2,1,0.025546683064275613,1,己,未,土,土,甲,寅,木,木,False,False,0.014031098098729686,2013-W08,2013-02
000858.SZ,2013-02-25,25.19,25.77,-0.0225,304445,770001.2835,癸巳,甲寅,壬戌,1,2013,2,1,-0.02276393429975476,0,壬,戌,水,土,甲,寅,木,木,False,True,0.025546683064275613,2013-W09,2013-02
000858.SZ,2013-02-26,24.62,25.19,-0.0226,408662,1019373.7337,癸巳,甲寅,癸亥,2,2013,2,1,-0.022887969608211385,0,癸,亥,水,水,甲,寅,木,木,False,True,-0.02276393429975476,2013-W09,2013-02
000858.SZ,2013-02-27,24.54,24.62,-0.0032,230738,567314.1608,癸巳,甲寅,甲子,3,2013,2,1,-0.003254681473542149,0,甲,子,木,水,甲,寅,木,木,False,True,-0.022887969608211385,2013-W09,2013-02
000858.SZ,2013-02-28,24.44,24.54,-0.0041,443143,1075803.0611,癸巳,甲寅,乙丑,4,2013,2,1,-0.004083304979370768,0,乙,丑,木,土,甲,寅,木,木,False,True,-0.003254681473542149,2013-W09,2013-02
000858.SZ,2013-03-01,24.56,24.44,0.0049,306734,750870.7512,癸巳,甲寅,丙寅,5,2013,3,1,0.004897968975546935,1,丙,寅,火,木,甲,寅,木,木,True,False,-0.004083304979370768,2013-W09,2013-03
000858.SZ,2013-03-04,24.2,24.56,-0.0147,303797,743036.6637,癸巳,甲寅,己巳,1,2013,3,1,-0.014766470116301007,0,己,巳,土,火,甲,寅,木,木,True,False,0.004897968975546935,2013-W10,2013-03
000858.SZ,2013-03-05,24.31,24.2,0.0045,226321,550785.2264,癸巳,乙卯,庚午,2,2013,3,1,0.004535155165391363,1,庚,午,金,火,乙,卯,木,木,True,False,-0.014766470116301007,2013-W10,2013-03
000858.SZ,2013-03-06,24.74,24.31,0.0177,382406,932664.1562,癸巳,乙卯,辛未,3,2013,3,1,0.017533578636309766,1,辛,未,金,土,乙,卯,木,木,False,False,0.004535155165391363,2013-W10,2013-03
000858.SZ,2013-03-07,25.11,24.74,0.015,563176,1421779.8576,癸巳,乙卯,壬申,4,2013,3,1,0.014844806205151778,1,壬,申,水,金,乙,卯,木,木,False,False,0.017533578636309766,2013-W10,2013-03
000858.SZ,2013-03-08,24.8,25.11,-0.0123,207959,519637.1665,癸巳,乙卯,癸酉,5,2013,3,1,-0.012422519998557096,0,癸,酉,水,金,乙,卯,木,木,False,False,0.014844806205151778,2013-W10,2013-03
000858.SZ,2013-03-11,24.5,24.8,-0.0121,172166,421641.444,癸巳,乙卯,丙子,1,2013,3,1,-0.012170535620255179,0,丙,子,火,水,乙,卯,木,木,False,False,-0.012422519998557096,2013-W11,2013-03
000858.SZ,2013-03-12,24.27,24.5,-0.0094,197056,480346.1244,癸巳,乙卯,丁丑,2,2013,3,1,-0.009432097812171289,0,丁,丑,火,土,乙,卯,木,木,False,False,-0.012170535620255179,2013-W11,2013-03
000858.SZ,2013-03-13,24.34,24.27,0.0029,146466,356251.281,癸巳,乙卯,戊寅,3,2013,3,1,0.0028800678208711393,1,戊,寅,土,木,乙,卯,木,木,False,False,-0.009432097812171289,2013-W11,2013-03
000858.SZ,2013-03-14,24.25,24.34,-0.0037,165713,400397.4493,癸巳,乙卯,己卯,4,2013,3,1,-0.0037044701758888834,0,己,卯,土,木,乙,卯,木,木,False,False,0.0028800678208711393,2013-W11,2013-03
000858.SZ,2013-03-15,24.0,24.25,-0.0103,241636,578979.4925,癸巳,乙卯,庚辰,5,2013,3,1,-0.010362787035546547,0,庚,辰,金,土,乙,卯,木,木,False,False,-0.0037044701758888834,2013-W11,2013-03
000858.SZ,2013-03-18,22.91,24.0,-0.0454,385631,895728.3849,癸巳,乙卯,癸未,1,2013,3,1,-0.04648033388254146,0,癸,未,水,土,乙,卯,木,木,False,False,-0.010362787035546547,2013-W12,2013-03
000858.SZ,2013-03-19,22.44,22.91,-0.0205,286997,645614.081,癸巳,乙卯,甲申,2,2013,3,1,-0.020728415810908566,0,甲,申,木,金,乙,卯,木,木,False,False,-0.04648033388254146,2013-W12,2013-03
000858.SZ,2013-03-20,22.97,22.44,0.0236,248366,565945.2583,癸巳,乙卯,乙酉,3,2013,3,1,0.023343936046511155,1,乙,酉,木,金,乙,卯,木,木,False,False,-0.020728415810908566,2013-W12,2013-03
000858.SZ,2013-03-21,23.05,22.97,0.0035,226025,520461.4386,癸巳,乙卯,丙戌,4,2013,3,1,0.0034767527416506693,1,丙,戌,火,土,乙,卯,木,木,False,False,0.023343936046511155,2013-W12,2013-03
000858.SZ,2013-03-22,23.13,23.05,0.0035,154073,357354.1578,癸巳,乙卯,丁亥,5,2013,3,1,0.0034647068006903154,1,丁,亥,火,水,乙,卯,木,木,False,False,0.0034767527416506693,2013-W12,2013-03
000858.SZ,2013-03-25,23.0,23.13,-0.0056,124978,287921.6475,癸巳,乙卯,庚寅,1,2013,3,1,-0.005636260314198102,0,庚,寅,金,木,乙,卯,木,木,False,False,0.0034647068006903154,2013-W13,2013-03
000858.SZ,2013-03-26,22.94,23.0,-0.0026,147515,339627.5702,癸巳,乙卯,辛卯,2,2013,3,1,-0.002612104227924955,0,辛,卯,金,木,乙,卯,木,木,False,False,-0.005636260314198102,2013-W13,2013-03
000858.SZ,2013-03-27,22.3,22.94,-0.0279,309343,694303.6253,癸巳,乙卯,壬辰,3,2013,3,1,-0.028295433235151542,0,壬,辰,水,土,乙,卯,木,木,False,True,-0.002612104227924955,2013-W13,2013-03
000858.SZ,2013-03-28,21.89,22.3,-0.0184,274910,600306.2407,癸巳,乙卯,癸巳,4,2013,3,1,-0.01855676693130149,0,癸,巳,水,火,乙,卯,木,木,False,True,-0.028295433235151542,2013-W13,2013-03
000858.SZ,2013-03-29,22.34,21.89,0.0206,282080,624075.944,癸巳,乙卯,甲午,5,2013,3,1,0.020348882106283137,1,甲,午,木,火,乙,卯,木,木,False,True,-0.01855676693130149,2013-W13,2013-03
000858.SZ,2013-04-01,21.93,22.34,-0.0184,153430,337148.4432,癸巳,乙卯,丁酉,1,2013,4,1,-0.018523231211257807,0,丁,酉,火,金,乙,卯,木,木,True,False,0.020348882106283137,2013-W14,2013-04
000858.SZ,2013-04-02,22.02,21.93,0.0041,236071,521652.3881,癸巳,乙卯,戊戌,2,2013,4,1,0.004095568864736981,1,戊,戌,土,土,乙,卯,木,木,True,False,-0.018523231211257807,2013-W14,2013-04
000858.SZ,2013-04-03,21.95,22.02,-0.0032,136396,299843.6708,癸巳,乙卯,己亥,3,2013,4,1,-0.0031839917733535394,0,己,亥,土,水,乙,卯,木,木,True,False,0.004095568864736981,2013-W14,2013-04
000858.SZ,2013-04-08,21.76,21.95,-0.0087,201424,434806.6958,癸巳,丙辰,甲辰,1,2013,4,1,-0.008693717533438403,0,甲,辰,木,土,丙,辰,火,土,False,False,-0.0031839917733535394,2013-W15,2013-04
000858.SZ,2013-04-09,21.77,21.76,0.0005,137992,301331.2474,癸巳,丙辰,乙巳,2,2013,4,1,0.0004594532587139973,1,乙,巳,木,火,丙,辰,火,土,False,False,-0.008693717533438403,2013-W15,2013-04
000858.SZ,2013-04-10,22.76,21.77,0.0455,414014,934528.5744,癸巳,丙辰,丙午,3,2013,4,1,0.044471734011674244,1,丙,午,火,火,丙,辰,火,土,False,False,0.0004594532587139973,2013-W15,2013-04
000858.SZ,2013-04-11,22.26,22.76,-0.022,195103,438544.9387,癸巳,丙辰,丁未,4,2013,4,1,-0.022213263410731408,0,丁,未,火,土,丙,辰,火,土,False,False,0.044471734011674244,2013-W15,2013-04
000858.SZ,2013-04-12,22.48,22.26,0.0099,226845,512813.043,癸巳,丙辰,戊申,5,2013,4,1,0.009834679178091395,1,戊,申,土,金,丙,辰,火,土,False,False,-0.022213263410731408,2013-W15,2013-04
000858.SZ,2013-04-15,22.18,22.48,-0.0133,143281,318481.957,癸巳,丙辰,辛亥,1,2013,4,1,-0.01343504310326939,0,辛,亥,金,水,丙,辰,火,土,False,False,0.009834679178091395,2013-W16,2013-04
000858.SZ,2013-04-16,22.12,22.18,-0.0027,138432,304964.5731,癸巳,丙辰,壬子,2,2013,4,1,-0.002708805268086904,0,壬,子,水,水,丙,辰,火,土,False,False,-0.01343504310326939,2013-W16,2013-04
000858.SZ,2013-04-17,22.49,22.12,0.0167,215818,483481.7488,癸巳,丙辰,癸丑,3,2013,4,1,0.016588589317090258,1,癸,丑,水,土,丙,辰,火,土,False,False,-0.002708805268086904,2013-W16,2013-04
000858.SZ,2013-04-18,22.3,22.49,-0.0084,147053,328864.9509,癸巳,丙辰,甲寅,4,2013,4,1,-0.00848408750515119,0,甲,寅,木,木,丙,辰,火,土,False,False,0.016588589317090258,2013-W16,2013-04
000858.SZ,2013-04-19,22.64,22.3,0.0152,233493,526092.4452,癸巳,丙辰,乙卯,5,2013,4,1,0.01513157486890911,1,乙,卯,木,木,丙,辰,火,土,False,False,-0.00848408750515119,2013-W16,2013-04
000858.SZ,2013-04-22,22.12,22.64,-0.023,268838,598560.7723,癸巳,丙辰,戊午,1,2013,4,1,-0.023236076680848074,0,戊,午,土,火,丙,辰,火,土,False,False,0.01513157486890911,2013-W17,2013-04
000858.SZ,2013-04-23,22.18,22.12,0.0027,260901,582809.3115,癸巳,丙辰,己未,2,2013,4,1,0.0027088052680868772,1,己,未,土,土,丙,辰,火,土,False,False,-0.023236076680848074,2013-W17,2013-04
000858.SZ,2013-04-24,22.16,22.18,-0.0009,212981,469046.1202,癸巳,丙辰,庚申,3,2013,4,1,-0.0009021200431379089,0,庚,申,金,金,丙,辰,火,土,False,False,0.0027088052680868772,2013-W17,2013-04
000858.SZ,2013-04-25,22.0,22.16,-0.0072,156183,345103.9459,癸巳,丙辰,辛酉,4,2013,4,1,-0.007246408520767198,0,辛,酉,金,金,丙,辰,火,土,False,False,-0.0009021200431379089,2013-W17,2013-04
000858.SZ,2013-04-26,21.95,22.0,-0.0023,134571,297275.2971,癸巳,丙辰,壬戌,5,2013,4,1,-0.0022753138371355394,0,壬,戌,水,土,丙,辰,火,土,False,True,-0.007246408520767198,2013-W17,2013-04
000858.SZ,2013-05-02,21.47,21.95,-0.0219,175469,377235.8744,癸巳,丙辰,戊辰,4,2013,5,1,-0.022110527630490765,0,戊,辰,土,土,丙,辰,火,土,True,False,-0.0022753138371355394,2013-W18,2013-05
000858.SZ,2013-05-03,21.62,21.47,0.007,142899,309286.2948,癸巳,丙辰,己巳,5,2013,5,1,0.006962200320372674,1,己,巳,土,火,丙,辰,火,土,True,False,-0.022110527630490765,2013-W18,2013-05
000858.SZ,2013-05-06,22.29,21.62,0.031,221435,488450.1643,癸巳,丁巳,壬申,1,2013,5,1,0.03051933518671513,1,壬,申,水,金,丁,巳,火,火,False,False,0.006962200320372674,2013-W19,2013-05
000858.SZ,2013-05-07,22.87,22.29,0.026,423094,962236.0413,癸巳,丁巳,癸酉,2,2013,5,1,0.025687860636912276,1,癸,酉,水,金,丁,巳,火,火,False,False,0.03051933518671513,2013-W19,2013-05
000858.SZ,2013-05-08,22.73,22.87,-0.0061,225950,513400.1783,癸巳,丁巳,甲戌,3,2013,5,1,-0.006140370170237997,0,甲,戌,木,土,丁,巳,火,火,False,False,0.025687860636912276,2013-W19,2013-05
000858.SZ,2013-05-09,23.14,22.73,0.018,379550,877953.2132,癸巳,丁巳,乙亥,4,2013,5,1,0.017877083901078648,1,乙,亥,木,水,丁,巳,火,火,False,False,-0.006140370170237997,2013-W19,2013-05
000858.SZ,2013-05-10,23.15,23.14,0.0004,221059,512858.8076,癸巳,丁巳,丙子,5,2013,5,1,0.0004320587667124038,1,丙,子,火,水,丁,巳,火,火,False,False,0.017877083901078648,2013-W19,2013-05
000858.SZ,2013-05-13,23.16,23.15,0.0004,221824,516662.6707,癸巳,丁巳,己卯,1,2013,5,1,0.0004318721725515269,1,己,卯,土,木,丁,巳,火,火,False,False,0.0004320587667124038,2013-W20,2013-05
000858.SZ,2013-05-14,22.63,23.16,-0.0229,173449,394010.3081,癸巳,丁巳,庚辰,2,2013,5,1,-0.023150193059348494,0,庚,辰,金,土,丁,巳,火,火,False,False,0.0004318721725515269,2013-W20,2013-05
000858.SZ,2013-05-15,22.73,22.63,0.0044,106339,242210.8361,癸巳,丁巳,辛巳,3,2013,5,1,0.004409178219005927,1,辛,巳,金,火,丁,巳,火,火,False,False,-0.023150193059348494,2013-W20,2013-05
000858.SZ,2013-05-16,22.9,22.73,0.0075,180410,412250.7673,癸巳,丁巳,壬午,4,2013,5,1,0.00745127269574206,1,壬,午,水,火,丁,巳,火,火,False,False,0.004409178219005927,2013-W20,2013-05
000858.SZ,2013-05-17,23.4,22.9,0.0218,268482,623505.1405,癸巳,丁巳,癸未,5,2013,5,1,0.02159911180346172,1,癸,未,水,土,丁,巳,火,火,False,False,0.00745127269574206,2013-W20,2013-05
000858.SZ,2013-05-20,23.48,23.4,0.0034,242832,574064.6253,癸巳,丁巳,丙戌,1,2013,5,1,0.0034129725962399426,1,丙,戌,火,土,丁,巳,火,火,False,False,0.02159911180346172,2013-W21,2013-05
000858.SZ,2013-05-21,23.5,23.48,0.0009,195351,456564.6251,癸巳,丁巳,丁亥,2,2013,5,1,0.0008514261902175236,1,丁,亥,火,水,丁,巳,火,火,False,False,0.0034129725962399426,2013-W21,2013-05
000858.SZ,2013-05-22,24.22,23.5,0.0306,423577,1013750.6448,癸巳,丁巳,戊子,3,2013,5,1,0.030178316974832788,1,戊,子,土,水,丁,巳,火,火,False,False,0.0008514261902175236,2013-W21,2013-05
000858.SZ,2013-05-23,23.98,24.22,-0.0099,404438,983047.0704,癸巳,丁巳,己丑,4,2013,5,1,-0.009958588525577955,0,己,丑,土,土,丁,巳,火,火,False,False,0.030178316974832788,2013-W21,2013-05
000858.SZ,2013-05-24,24.19,23.98,0.0088,244120,591197.1058,癸巳,丁巳,庚寅,5,2013,5,1,0.008719175022567659,1,庚,寅,金,木,丁,巳,火,火,False,False,-0.009958588525577955,2013-W21,2013-05
000858.SZ,2013-05-27,23.98,24.19,-0.0087,190002,455433.7222,癸巳,丁巳,癸巳,1,2013,5,1,-0.008719175022567704,0,癸,巳,水,火,丁,巳,火,火,False,True,0.008719175022567659,2013-W22,2013-05
000858.SZ,2013-05-28,24.27,23.98,0.0121,210133,505921.6121,癸巳,丁巳,甲午,2,2013,5,1,0.012020870139141685,1,甲,午,木,火,丁,巳,火,火,False,True,-0.008719175022567704,2013-W22,2013-05
000858.SZ,2013-05-29,24.27,24.27,0.0,218192,533474.0312,癸巳,丁巳,乙未,3,2013,5,1,0.0,0,乙,未,木,土,丁,巳,火,火,False,True,0.012020870139141685,2013-W22,2013-05
000858.SZ,2013-05-30,24.0,24.27,-0.0111,175854,423009.6303,癸巳,丁巳,丙申,4,2013,5,1,-0.011187189390564381,0,丙,申,火,金,丁,巳,火,火,False,True,0.0,2013-W22,2013-05
000858.SZ,2013-05-31,23.75,24.0,-0.0104,139011,332544.8443,癸巳,丁巳,丁酉,5,2013,5,1,-0.010471299867295366,0,丁,酉,火,金,丁,巳,火,火,False,True,-0.011187189390564381,2013-W22,2013-05
000858.SZ,2013-06-03,23.79,23.75,0.0017,173608,413241.2554,癸巳,丁巳,庚子,1,2013,6,1,0.0016827938342160356,1,庚,子,金,水,丁,巳,火,火,True,False,-0.010471299867295366,2013-W23,2013-06
000858.SZ,2013-06-04,23.46,23.79,-0.0139,180475,426372.2364,癸巳,丁巳,辛丑,2,2013,6,1,-0.013968481089536851,0,辛,丑,金,土,丁,巳,火,火,True,False,0.0016827938342160356,2013-W23,2013-06
000858.SZ,2013-06-05,23.71,23.46,0.0107,145490,342476.5594,癸巳,戊午,壬寅,3,2013,6,1,0.010600056851984651,1,壬,寅,水,木,戊,午,土,火,True,False,-0.013968481089536851,2013-W23,2013-06
000858.SZ,2013-06-06,23.59,23.71,-0.0051,180291,429072.9936,癸巳,戊午,癸卯,4,2013,6,1,-0.005074006657730475,0,癸,卯,水,木,戊,午,土,火,False,False,0.010600056851984651,2013-W23,2013-06
000858.SZ,2013-06-07,22.22,22.79,-0.025,175618,395684.2854,癸巳,戊午,甲辰,5,2013,6,1,-0.02532905904610897,0,甲,辰,木,土,戊,午,土,火,False,False,-0.005074006657730475,2013-W23,2013-06
000858.SZ,2013-06-13,21.48,22.22,-0.0333,190576,411544.3182,癸巳,戊午,庚戌,4,2013,6,1,-0.03387051457081992,0,庚,戌,金,土,戊,午,土,火,False,False,-0.02532905904610897,2013-W24,2013-06
000858.SZ,2013-06-14,21.48,21.48,0.0,132621,285775.5534,癸巳,戊午,辛亥,5,2013,6,1,0.0,0,辛,亥,金,水,戊,午,土,火,False,False,-0.03387051457081992,2013-W24,2013-06
000858.SZ,2013-06-17,21.15,21.48,-0.0154,166100,353632.9485,癸巳,戊午,甲寅,1,2013,6,1,-0.0154823641483771,0,甲,寅,木,木,戊,午,土,火,False,False,0.0,2013-W25,2013-06
000858.SZ,2013-06-18,21.3,21.15,0.0071,108917,231459.5026,癸巳,戊午,乙卯,2,2013,6,1,0.007067167223092573,1,乙,卯,木,木,戊,午,土,火,False,False,-0.0154823641483771,2013-W25,2013-06
000858.SZ,2013-06-19,21.77,21.3,0.0221,209073,448826.6823,癸巳,戊午,丙辰,3,2013,6,1,0.021825802531076542,1,丙,辰,火,土,戊,午,土,火,False,False,0.007067167223092573,2013-W25,2013-06
000858.SZ,2013-06-20,21.19,21.77,-0.0266,137429,294516.3874,癸巳,戊午,丁巳,4,2013,6,1,-0.027003502966248306,0,丁,巳,火,火,戊,午,土,火,False,False,0.021825802531076542,2013-W25,2013-06
000858.SZ,2013-06-21,21.17,21.19,-0.0009,130051,275954.0348,癸巳,戊午,戊午,5,2013,6,1,-0.0009442871334339255,0,戊,午,土,火,戊,午,土,火,False,False,-0.027003502966248306,2013-W25,2013-06
000858.SZ,2013-06-24,20.2,21.17,-0.0458,221854,460495.0879,癸巳,戊午,辛酉,1,2013,6,1,-0.04690248073961486,0,辛,酉,金,金,戊,午,土,火,False,False,-0.0009442871334339255,2013-W26,2013-06
000858.SZ,2013-06-25,19.8,20.2,-0.0198,301143,594777.4169,癸巳,戊午,壬戌,2,2013,6,1,-0.020000666706669428,0,壬,戌,水,土,戊,午,土,火,False,False,-0.04690248073961486,2013-W26,2013-06
000858.SZ,2013-06-26,19.69,19.8,-0.0056,206337,404408.0243,癸巳,戊午,癸亥,3,2013,6,1,-0.00557104504945536,0,癸,亥,水,水,戊,午,土,火,False,True,-0.020000666706669428,2013-W26,2013-06
000858.SZ,2013-06-27,19.56,19.69,-0.0066,165567,329030.338,癸巳,戊午,甲子,4,2013,6,1,-0.006624228044363066,0,甲,子,木,水,戊,午,土,火,False,True,-0.00557104504945536,2013-W26,2013-06
000858.SZ,2013-06-28,20.04,19.56,0.0245,181733,363638.665,癸巳,戊午,乙丑,5,2013,6,1,0.024243611609992853,1,乙,丑,木,土,戊,午,土,火,False,True,-0.006624228044363066,2013-W26,2013-06
000858.SZ,2013-07-01,19.97,20.04,-0.0035,114571,228571.9074,癸巳,戊午,戊辰,1,2013,7,1,-0.0034991287889402384,0,戊,辰,土,土,戊,午,土,火,True,False,0.024243611609992853,2013-W27,2013-07
000858.SZ,2013-07-02,20.4,19.97,0.0215,218517,441515.8376,癸巳,戊午,己巳,2,2013,7,1,0.021303753422446923,1,己,巳,土,火,戊,午,土,火,True,False,-0.0034991287889402384,2013-W27,2013-07
000858.SZ,2013-07-03,20.16,20.4,-0.0118,122585,247555.9173,癸巳,戊午,庚午,3,2013,7,1,-0.011834457647002796,0,庚,午,金,火,戊,午,土,火,True,False,0.021303753422446923,2013-W27,2013-07
000858.SZ,2013-07-04,20.1,20.16,-0.003,143250,289334.0673,癸巳,戊午,辛未,4,2013,7,1,-0.0029806281381377893,0,辛,未,金,土,戊,午,土,火,True,False,-0.011834457647002796,2013-W27,2013-07
000858.SZ,2013-07-05,20.12,20.1,0.001,139351,282569.2018,癸巳,戊午,壬申,5,2013,7,1,0.0009945301665083635,1,壬,申,水,金,戊,午,土,火,True,False,-0.0029806281381377893,2013-W27,2013-07
000858.SZ,2013-07-08,19.67,20.12,-0.0224,140408,277835.8464,癸巳,己未,乙亥,1,2013,7,1,-0.02261971283057068,0,乙,亥,木,水,己,未,土,土,False,False,0.0009945301665083635,2013-W28,2013-07
000858.SZ,2013-07-09,19.59,19.67,-0.0041,79458,156111.8068,癸巳,己未,丙子,2,2013,7,1,-0.004075400444518368,0,丙,子,火,水,己,未,土,土,False,False,-0.02261971283057068,2013-W28,2013-07
000858.SZ,2013-07-10,19.95,19.59,0.0184,100935,199355.3116,癸巳,己未,丁丑,3,2013,7,1,0.01820991137942295,1,丁,丑,火,土,己,未,土,土,False,False,-0.004075400444518368,2013-W28,2013-07
000858.SZ,2013-07-11,20.78,19.95,0.0416,318015,654801.0059,癸巳,己未,戊寅,4,2013,7,1,0.040761842335208964,1,戊,寅,土,木,己,未,土,土,False,False,0.01820991137942295,2013-W28,2013-07
000858.SZ,2013-07-12,20.18,20.78,-0.0289,204693,419330.1518,癸巳,己未,己卯,5,2013,7,1,-0.029298970745618557,0,己,卯,土,木,己,未,土,土,False,False,0.040761842335208964,2013-W28,2013-07
000858.SZ,2013-07-15,20.16,20.18,-0.001,199700,402239.7168,癸巳,己未,壬午,1,2013,7,1,-0.0009915717222950518,0,壬,午,水,火,己,未,土,土,False,False,-0.029298970745618557,2013-W29,2013-07
000858.SZ,2013-07-16,20.53,20.16,0.0184,238132,485372.5991,癸巳,己未,癸未,2,2013,7,1,0.01818678782767438,1,癸,未,水,土,己,未,土,土,False,False,-0.0009915717222950518,2013-W29,2013-07
000858.SZ,2013-07-17,20.12,20.53,-0.02,161624,328596.7451,癸巳,己未,甲申,3,2013,7,1,-0.020172885799303784,0,甲,申,木,金,己,未,土,土,False,False,0.01818678782767438,2013-W29,2013-07
000858.SZ,2013-07-18,19.9,20.12,-0.0109,114087,228197.0217,癸巳,己未,乙酉,4,2013,7,1,-0.010994613501091832,0,乙,酉,木,金,己,未,土,土,False,False,-0.020172885799303784,2013-W29,2013-07
000858.SZ,2013-07-19,19.3,19.9,-0.0302,257369,503304.9353,癸巳,己未,丙戌,5,2013,7,1,-0.030614635819606748,0,丙,戌,火,土,己,未,土,土,False,False,-0.010994613501091832,2013-W29,2013-07
000858.SZ,2013-07-22,19.31,19.3,0.0005,104883,201831.8975,癸巳,己未,己丑,1,2013,7,1,0.0005180005295831189,1,己,丑,土,土,己,未,土,土,False,False,-0.030614635819606748,2013-W30,2013-07
000858.SZ,2013-07-23,19.59,19.31,0.0145,145978,285940.9495,癸巳,己未,庚寅,2,2013,7,1,0.014396135516026361,1,庚,寅,金,木,己,未,土,土,False,False,0.0005180005295831189,2013-W30,2013-07
000858.SZ,2013-07-24,19.31,19.59,-0.0143,180042,349020.5069,癸巳,己未,辛卯,3,2013,7,1,-0.014396135516026346,0,辛,卯,金,木,己,未,土,土,False,False,0.014396135516026361,2013-W30,2013-07
000858.SZ,2013-07-25,19.54,19.31,0.0119,252653,496074.2884,癸巳,己未,壬辰,4,2013,7,1,0.011840550174213729,1,壬,辰,水,土,己,未,土,土,False,False,-0.014396135516026346,2013-W30,2013-07
000858.SZ,2013-07-26,19.25,19.54,-0.0148,164338,317299.0789,癸巳,己未,癸巳,5,2013,7,1,-0.014952585880843437,0,癸,巳,水,火,己,未,土,土,False,False,0.011840550174213729,2013-W30,2013-07
000858.SZ,2013-07-29,18.91,19.25,-0.0177,153090,291203.0278,癸巳,己未,丙申,1,2013,7,1,-0.01782017806342704,0,丙,申,火,金,己,未,土,土,False,True,-0.014952585880843437,2013-W31,2013-07
000858.SZ,2013-07-30,19.04,18.91,0.0069,119228,227428.6365,癸巳,己未,丁酉,2,2013,7,1,0.006851146692853086,1,丁,酉,火,金,己,未,土,土,False,True,-0.01782017806342704,2013-W31,2013-07
000858.SZ,2013-07-31,18.95,19.04,-0.0047,105556,201190.8993,癸巳,己未,戊戌,3,2013,7,1,-0.004738097834783884,0,戊,戌,土,土,己,未,土,土,False,True,0.006851146692853086,2013-W31,2013-07
000858.SZ,2013-08-01,19.22,18.95,0.0142,145727,279159.4142,癸巳,己未,己亥,4,2013,8,1,0.014147472013711124,1,己,亥,土,水,己,未,土,土,True,False,-0.004738097834783884,2013-W31,2013-08
000858.SZ,2013-08-02,19.25,19.22,0.0016,164184,317582.5596,癸巳,己未,庚子,5,2013,8,1,0.00155965719164681,1,庚,子,金,水,己,未,土,土,True,False,0.014147472013711124,2013-W31,2013-08
000858.SZ,2013-08-05,19.37,19.25,0.0062,112418,216908.4408,癸巳,己未,癸卯,1,2013,8,1,0.006214416685111413,1,癸,卯,水,木,己,未,土,土,True,False,0.00155965719164681,2013-W32,2013-08
000858.SZ,2013-08-06,19.49,19.37,0.0062,187656,364284.8743,癸巳,己未,甲辰,2,2013,8,1,0.006176036100564823,1,甲,辰,木,土,己,未,土,土,False,False,0.006214416685111413,2013-W32,2013-08
000858.SZ,2013-08-07,19.38,19.49,-0.0056,260818,507862.119,癸巳,庚申,乙巳,3,2013,8,1,-0.005659907056849264,0,乙,巳,木,火,庚,申,金,金,False,False,0.006176036100564823,2013-W32,2013-08
000858.SZ,2013-08-08,19.27,19.38,-0.0057,135191,261272.7969,癸巳,庚申,丙午,4,2013,8,1,-0.005692124036345142,0,丙,午,火,火,庚,申,金,金,False,False,-0.005659907056849264,2013-W32,2013-08
000858.SZ,2013-08-09,19.11,19.27,-0.0083,192962,369710.0436,癸巳,庚申,丁未,5,2013,8,1,-0.008337724174093404,0,丁,未,火,土,庚,申,金,金,False,False,-0.005692124036345142,2013-W32,2013-08
000858.SZ,2013-08-12,19.68,19.11,0.0298,352255,686351.1053,癸巳,庚申,庚戌,1,2013,8,1,0.029391133371925778,1,庚,戌,金,土,庚,申,金,金,False,False,-0.008337724174093404,2013-W33,2013-08
000858.SZ,2013-08-13,19.81,19.68,0.0066,242639,479745.2409,癸巳,庚申,辛亥,2,2013,8,1,0.006583969086352184,1,辛,亥,金,水,庚,申,金,金,False,False,0.029391133371925778,2013-W33,2013-08
000858.SZ,2013-08-14,19.65,19.81,-0.0081,259619,516275.0377,癸巳,庚申,壬子,3,2013,8,1,-0.008109522395189361,0,壬,子,水,水,庚,申,金,金,False,False,0.006583969086352184,2013-W33,2013-08
000858.SZ,2013-08-15,20.12,19.65,0.0239,469531,947480.2047,癸巳,庚申,癸丑,4,2013,8,1,0.02363700691626826,1,癸,丑,水,土,庚,申,金,金,False,False,-0.008109522395189361,2013-W33,2013-08
000858.SZ,2013-08-16,20.09,20.12,-0.0015,380540,770497.1012,癸巳,庚申,甲寅,5,2013,8,1,-0.001492166404695458,0,甲,寅,木,木,庚,申,金,金,False,False,0.02363700691626826,2013-W33,2013-08
000858.SZ,2013-08-19,19.8,20.09,-0.0144,331151,655020.8915,癸巳,庚申,丁巳,1,2013,8,1,-0.014540241126353406,0,丁,巳,火,火,庚,申,金,金,False,False,-0.001492166404695458,2013-W34,2013-08
000858.SZ,2013-08-20,19.69,19.8,-0.0056,240601,475153.8977,癸巳,庚申,戊午,2,2013,8,1,-0.00557104504945536,0,戊,午,土,火,庚,申,金,金,False,False,-0.014540241126353406,2013-W34,2013-08
000858.SZ,2013-08-21,19.73,19.69,0.002,153042,301474.5182,癸巳,庚申,己未,3,2013,8,1,0.002029427383489824,1,己,未,土,土,庚,申,金,金,False,False,-0.00557104504945536,2013-W34,2013-08
000858.SZ,2013-08-22,19.66,19.73,-0.0035,131409,259121.2738,癸巳,庚申,庚申,4,2013,8,1,-0.003554205315503486,0,庚,申,金,金,庚,申,金,金,False,False,0.002029427383489824,2013-W34,2013-08
000858.SZ,2013-08-23,19.38,19.66,-0.0142,176789,344287.4143,癸巳,庚申,辛酉,5,2013,8,1,-0.014344508256400365,0,辛,酉,金,金,庚,申,金,金,False,False,-0.003554205315503486,2013-W34,2013-08
000858.SZ,2013-08-26,19.55,19.38,0.0088,217204,422325.5046,癸巳,庚申,甲子,1,2013,8,1,0.008733679968754631,1,甲,子,木,水,庚,申,金,金,False,False,-0.014344508256400365,2013-W35,2013-08
000858.SZ,2013-08-27,19.89,19.55,0.0174,259255,511160.617,癸巳,庚申,乙丑,2,2013,8,1,0.017241806434505954,1,乙,丑,木,土,庚,申,金,金,False,True,0.008733679968754631,2013-W35,2013-08
000858.SZ,2013-08-28,19.6,19.89,-0.0146,184968,363251.3539,癸巳,庚申,丙寅,3,2013,8,1,-0.014687526629409234,0,丙,寅,火,木,庚,申,金,金,False,True,0.017241806434505954,2013-W35,2013-08
000858.SZ,2013-08-29,19.4,19.6,-0.0102,188015,365528.9237,癸巳,庚申,丁卯,4,2013,8,1,-0.01025650016718922,0,丁,卯,火,木,庚,申,金,金,False,True,-0.014687526629409234,2013-W35,2013-08
000858.SZ,2013-08-30,19.37,19.4,-0.0015,137437,266682.4944,癸巳,庚申,戊辰,5,2013,8,1,-0.0015475886503778218,0,戊,辰,土,土,庚,申,金,金,False,True,-0.01025650016718922,2013-W35,2013-08
000858.SZ,2013-09-02,18.33,19.37,-0.0537,593077,1095609.7299,癸巳,庚申,辛未,1,2013,9,1,-0.055186415567291015,0,辛,未,金,土,庚,申,金,金,True,False,-0.0015475886503778218,2013-W36,2013-09
000858.SZ,2013-09-03,18.6,18.33,0.0147,289643,535915.3683,癸巳,庚申,壬申,2,2013,9,1,0.014622518867542181,1,壬,申,水,金,庚,申,金,金,True,False,-0.055186415567291015,2013-W36,2013-09
000858.SZ,2013-09-04,18.57,18.6,-0.0016,165436,307620.5492,癸巳,庚申,癸酉,3,2013,9,1,-0.0016142053545412246,0,癸,酉,水,金,庚,申,金,金,True,False,0.014622518867542181,2013-W36,2013-09
000858.SZ,2013-09-05,18.65,18.57,0.0043,198908,370104.5697,癸巳,庚申,甲戌,4,2013,9,1,0.0042987707252099975,1,甲,戌,木,土,庚,申,金,金,True,False,-0.0016142053545412246,2013-W36,2013-09
000858.SZ,2013-09-06,18.67,18.65,0.0011,168964,316429.2622,癸巳,庚申,乙亥,5,2013,9,1,0.0010718114638068764,1,乙,亥,木,水,庚,申,金,金,False,False,0.0042987707252099975,2013-W36,2013-09
000858.SZ,2013-09-09,18.88,18.67,0.0112,290632,547252.4889,癸巳,辛酉,戊寅,1,2013,9,1,0.011185203163723196,1,戊,寅,土,木,辛,酉,金,金,False,False,0.0010718114638068764,2013-W37,2013-09
000858.SZ,2013-09-10,19.06,18.88,0.0095,235480,446266.2946,癸巳,辛酉,己卯,2,2013,9,1,0.009488737508701453,1,己,卯,土,木,辛,酉,金,金,False,False,0.011185203163723196,2013-W37,2013-09
000858.SZ,2013-09-11,19.34,19.06,0.0147,369174,710391.0614,癸巳,辛酉,庚辰,3,2013,9,1,0.014583591799092216,1,庚,辰,金,土,辛,酉,金,金,False,False,0.009488737508701453,2013-W37,2013-09
000858.SZ,2013-09-12,19.17,19.34,-0.0088,254827,490556.6864,癸巳,辛酉,辛巳,4,2013,9,1,-0.00882893296759504,0,辛,巳,金,火,辛,酉,金,金,False,False,0.014583591799092216,2013-W37,2013-09
000858.SZ,2013-09-13,19.39,19.17,0.0115,381823,741048.8349,癸巳,辛酉,壬午,5,2013,9,1,0.01141091219700718,1,壬,午,水,火,辛,酉,金,金,False,False,-0.00882893296759504,2013-W37,2013-09
000858.SZ,2013-09-16,19.07,19.39,-0.0165,216727,416270.123,癸巳,辛酉,乙酉,1,2013,9,1,-0.01664104964223277,0,乙,酉,木,金,辛,酉,金,金,False,False,0.01141091219700718,2013-W38,2013-09
000858.SZ,2013-09-17,18.48,19.07,-0.0309,308150,574817.9788,癸巳,辛酉,丙戌,2,2013,9,1,-0.031427353398789604,0,丙,戌,火,土,辛,酉,金,金,False,False,-0.01664104964223277,2013-W38,2013-09
000858.SZ,2013-09-18,18.45,18.48,-0.0016,153556,284560.8757,癸巳,辛酉,丁亥,3,2013,9,1,-0.001624695727001922,0,丁,亥,火,水,辛,酉,金,金,False,False,-0.031427353398789604,2013-W38,2013-09
000858.SZ,2013-09-23,18.55,18.45,0.0054,151563,280996.7705,癸巳,辛酉,壬辰,1,2013,9,1,0.005405418566907982,1,壬,辰,水,土,辛,酉,金,金,False,False,-0.001624695727001922,2013-W39,2013-09
000858.SZ,2013-09-24,18.6,18.55,0.0027,254530,472020.7232,癸巳,辛酉,癸巳,2,2013,9,1,0.002691791665711353,1,癸,巳,水,火,辛,酉,金,金,False,False,0.005405418566907982,2013-W39,2013-09
000858.SZ,2013-09-25,18.4,18.6,-0.0108,200770,372205.2539,癸巳,辛酉,甲午,3,2013,9,1,-0.01081091610421573,0,甲,午,木,火,辛,酉,金,金,False,False,0.002691791665711353,2013-W39,2013-09
000858.SZ,2013-09-26,18.16,18.4,-0.013,199177,363900.2787,癸巳,辛酉,乙未,4,2013,9,1,-0.013129291441792623,0,乙,未,木,土,辛,酉,金,金,False,True,-0.01081091610421573,2013-W39,2013-09
000858.SZ,2013-09-27,17.96,18.16,-0.011,190071,342820.4027,癸巳,辛酉,丙申,5,2013,9,1,-0.011074310299093665,0,丙,申,火,金,辛,酉,金,金,False,True,-0.013129291441792623,2013-W39,2013-09
000858.SZ,2013-09-30,18.0,17.96,0.0022,140958,252660.1552,癸巳,辛酉,己亥,1,2013,9,1,0.0022246950221111086,1,己,亥,土,水,辛,酉,金,金,False,True,-0.011074310299093665,2013-W40,2013-09
000858.SZ,2013-10-08,18.07,18.0,0.0039,153915,275655.56,癸巳,壬戌,丁未,2,2013,10,1,0.003881346707972375,1,丁,未,火,土,壬,戌,水,土,False,False,0.0022246950221111086,2013-W41,2013-10
000858.SZ,2013-10-09,18.01,18.07,-0.0033,153900,276476.5536,癸巳,壬戌,戊申,3,2013,10,1,-0.0033259454162723086,0,戊,申,土,金,壬,戌,水,土,False,False,0.003881346707972375,2013-W41,2013-10
000858.SZ,2013-10-10,17.8,18.01,-0.0117,162935,291570.5061,癸巳,壬戌,己酉,4,2013,10,1,-0.011728701889825348,0,己,酉,土,金,壬,戌,水,土,False,False,-0.0033259454162723086,2013-W41,2013-10
000858.SZ,2013-10-11,17.88,17.8,0.0045,185372,330834.0515,癸巳,壬戌,庚戌,5,2013,10,1,0.004484312447328586,1,庚,戌,金,土,壬,戌,水,土,False,False,-0.011728701889825348,2013-W41,2013-10
000858.SZ,2013-10-14,18.36,17.88,0.0268,365184,668389.1459,癸巳,壬戌,癸丑,1,2013,10,1,0.026491615446976285,1,癸,丑,水,土,壬,戌,水,土,False,False,0.004484312447328586,2013-W42,2013-10
000858.SZ,2013-10-15,18.38,18.36,0.0011,222780,408742.9909,癸巳,壬戌,甲寅,2,2013,10,1,0.0010887317351966558,1,甲,寅,木,木,壬,戌,水,土,False,False,0.026491615446976285,2013-W42,2013-10
000858.SZ,2013-10-16,18.16,18.38,-0.012,260268,477462.1697,癸巳,壬戌,乙卯,3,2013,10,1,-0.012041743754393701,0,乙,卯,木,木,壬,戌,水,土,False,False,0.0010887317351966558,2013-W42,2013-10
000858.SZ,2013-10-17,18.19,18.16,0.0017,157123,285778.9282,癸巳,壬戌,丙辰,4,2013,10,1,0.0016506193568838017,1,丙,辰,火,土,壬,戌,水,土,False,False,-0.012041743754393701,2013-W42,2013-10
000858.SZ,2013-10-18,18.03,18.19,-0.0088,139404,251869.0647,癸巳,壬戌,丁巳,5,2013,10,1,-0.008834955314804938,0,丁,巳,火,火,壬,戌,水,土,False,False,0.0016506193568838017,2013-W42,2013-10
000858.SZ,2013-10-21,18.24,18.03,0.0116,160394,291165.6526,癸巳,壬戌,庚申,1,2013,10,1,0.011579947430959197,1,庚,申,金,金,壬,戌,水,土,False,False,-0.008834955314804938,2013-W43,2013-10
000858.SZ,2013-10-22,18.14,18.24,-0.0055,129784,236409.6997,癸巳,壬戌,辛酉,2,2013,10,1,-0.005497539959194719,0,辛,酉,金,金,壬,戌,水,土,False,False,0.011579947430959197,2013-W43,2013-10
000858.SZ,2013-10-23,18.02,18.14,-0.0066,149427,270820.0713,癸巳,壬戌,壬戌,3,2013,10,1,-0.00663719250679873,0,壬,戌,水,土,壬,戌,水,土,False,False,-0.005497539959194719,2013-W43,2013-10
000858.SZ,2013-10-24,17.85,18.02,-0.0094,173766,311162.1286,癸巳,壬戌,癸亥,4,2013,10,1,-0.009478743954543659,0,癸,亥,水,水,壬,戌,水,土,False,False,-0.00663719250679873,2013-W43,2013-10
000858.SZ,2013-10-25,17.47,17.85,-0.0213,226667,399597.3827,癸巳,壬戌,甲子,5,2013,10,1,-0.021518384079683036,0,甲,子,木,水,壬,戌,水,土,False,False,-0.009478743954543659,2013-W43,2013-10
000858.SZ,2013-10-28,16.29,17.47,-0.0675,538698,878913.4071,癸巳,壬戌,丁卯,1,2013,10,1,-0.06993370153201148,0,丁,卯,火,木,壬,戌,水,土,False,True,-0.021518384079683036,2013-W44,2013-10
000858.SZ,2013-10-29,16.1,16.29,-0.0117,280438,452602.0529,癸巳,壬戌,戊辰,2,2013,10,1,-0.011732150623536308,0,戊,辰,土,土,壬,戌,水,土,False,True,-0.06993370153201148,2013-W44,2013-10
000858.SZ,2013-10-30,16.12,16.1,0.0012,161494,259876.9856,癸巳,壬戌,己巳,3,2013,10,1,0.0012414650880649455,1,己,巳,土,火,壬,戌,水,土,False,True,-0.011732150623536308,2013-W44,2013-10
000858.SZ,2013-10-31,16.31,16.12,0.0118,269730,439267.3136,癸巳,壬戌,庚午,4,2013,10,1,0.011717679554440023,1,庚,午,金,火,壬,戌,水,土,False,True,0.0012414650880649455,2013-W44,2013-10
000858.SZ,2013-11-01,16.15,16.31,-0.0098,148591,239840.5359,癸巳,壬戌,辛未,5,2013,11,1,-0.00985836696425698,0,辛,未,金,土,壬,戌,水,土,True,False,0.011717679554440023,2013-W44,2013-11
000858.SZ,2013-11-04,16.12,16.15,-0.0019,122509,198065.6555,癸巳,壬戌,甲戌,1,2013,11,1,-0.0018593125901832021,0,甲,戌,木,土,壬,戌,水,土,True,False,-0.00985836696425698,2013-W45,2013-11
000858.SZ,2013-11-05,16.07,16.12,-0.0031,155506,248869.1168,癸巳,壬戌,乙亥,2,2013,11,1,-0.0031065573290610716,0,乙,亥,木,水,壬,戌,水,土,True,False,-0.0018593125901832021,2013-W45,2013-11
000858.SZ,2013-11-06,16.27,16.07,0.0124,268672,437079.5324,癸巳,壬戌,丙子,3,2013,11,1,0.012368741481525194,1,丙,子,火,水,壬,戌,水,土,False,False,-0.0031065573290610716,2013-W45,2013-11
000858.SZ,2013-11-07,16.2,16.27,-0.0043,126937,205907.4721,癸巳,癸亥,丁丑,4,2013,11,1,-0.004311678992608015,0,丁,丑,火,土,癸,亥,水,水,False,False,0.012368741481525194,2013-W45,2013-11
000858.SZ,2013-11-08,16.26,16.2,0.0037,168030,274982.3309,癸巳,癸亥,戊寅,5,2013,11,1,0.0036968618813262026,1,戊,寅,土,木,癸,亥,水,水,False,False,-0.004311678992608015,2013-W45,2013-11
000858.SZ,2013-11-11,16.51,16.26,0.0154,251237,413765.0073,癸巳,癸亥,辛巳,1,2013,11,1,0.015258153812372012,1,辛,巳,金,火,癸,亥,水,水,False,False,0.0036968618813262026,2013-W46,2013-11
000858.SZ,2013-11-12,17.04,16.51,0.0321,416290,702332.5856,癸巳,癸亥,壬午,2,2013,11,1,0.03159726346913288,1,壬,午,水,火,癸,亥,水,水,False,False,0.015258153812372012,2013-W46,2013-11
000858.SZ,2013-11-13,16.62,17.04,-0.0246,253077,426497.93,癸巳,癸亥,癸未,3,2013,11,1,-0.024956731973867392,0,癸,未,水,土,癸,亥,水,水,False,False,0.03159726346913288,2013-W46,2013-11
000858.SZ,2013-11-14,16.48,16.62,-0.008424,129009,213264.6834,癸巳,癸亥,甲申,4,2013,11,1,-0.008459264945976576,0,甲,申,木,金,癸,亥,水,水,False,False,-0.024956731973867392,2013-W46,2013-11
000858.SZ,2013-11-15,16.6,16.48,0.0073,174688,290971.2468,癸巳,癸亥,乙酉,5,2013,11,1,0.007255170881172016,1,乙,酉,木,金,癸,亥,水,水,False,False,-0.008459264945976576,2013-W46,2013-11
000858.SZ,2013-11-18,16.84,16.6,0.0145,212409,354894.5698,癸巳,癸亥,戊子,1,2013,11,1,0.014354313451683122,1,戊,子,土,水,癸,亥,水,水,False,False,0.007255170881172016,2013-W47,2013-11
000858.SZ,2013-11-19,16.8,16.84,-0.0024,185354,312923.9287,癸巳,癸亥,己丑,2,2013,11,1,-0.0023781224049673243,0,己,丑,土,土,癸,亥,水,水,False,False,0.014354313451683122,2013-W47,2013-11
000858.SZ,2013-11-20,16.84,16.8,0.0024,147352,247159.4324,癸巳,癸亥,庚寅,3,2013,11,1,0.0023781224049674193,1,庚,寅,金,木,癸,亥,水,水,False,False,-0.0023781224049673243,2013-W47,2013-11
000858.SZ,2013-11-21,16.57,16.84,-0.016,134527,223346.6084,癸巳,癸亥,辛卯,4,2013,11,1,-0.01616317737570912,0,辛,卯,金,木,癸,亥,水,水,False,False,0.0023781224049674193,2013-W47,2013-11
000858.SZ,2013-11-22,16.56,16.57,-0.0006,90824,150882.3395,癸巳,癸亥,壬辰,5,2013,11,1,-0.0006036824813580297,0,壬,辰,水,土,癸,亥,水,水,False,False,-0.01616317737570912,2013-W47,2013-11
000858.SZ,2013-11-25,16.63,16.56,0.0042,130299,217555.6688,癸巳,癸亥,乙未,1,2013,11,1,0.004218144247722582,1,乙,未,木,土,癸,亥,水,水,False,False,-0.0006036824813580297,2013-W48,2013-11
000858.SZ,2013-11-26,16.51,16.63,-0.0072,115038,190822.072,癸巳,癸亥,丙申,2,2013,11,1,-0.007242035272799471,0,丙,申,火,金,癸,亥,水,水,False,True,0.004218144247722582,2013-W48,2013-11
000858.SZ,2013-11-27,16.5,16.51,-0.0006,118621,195737.3515,癸巳,癸亥,丁酉,3,2013,11,1,-0.0006058770255018336,0,丁,酉,火,金,癸,亥,水,水,False,True,-0.007242035272799471,2013-W48,2013-11
000858.SZ,2013-11-28,16.69,16.5,0.0115,155429,259481.0928,癸巳,癸亥,戊戌,4,2013,11,1,0.011449356767208966,1,戊,戌,土,土,癸,亥,水,水,False,True,-0.0006058770255018336,2013-W48,2013-11
000858.SZ,2013-11-29,16.75,16.69,0.0036,149574,249819.282,癸巳,癸亥,己亥,5,2013,11,1,0.0035885205973315896,1,己,亥,土,水,癸,亥,水,水,False,True,0.011449356767208966,2013-W48,2013-11
000858.SZ,2013-12-02,16.33,16.75,-0.0251,200472,331076.0084,癸巳,癸亥,壬寅,1,2013,12,1,-0.0253943512887018,0,壬,寅,水,木,癸,亥,水,水,True,False,0.0035885205973315896,2013-W49,2013-12
000858.SZ,2013-12-03,16.64,16.33,0.019,135708,224422.5866,癸巳,癸亥,癸卯,2,2013,12,1,0.018805528410688877,1,癸,卯,水,木,癸,亥,水,水,True,False,-0.0253943512887018,2013-W49,2013-12
000858.SZ,2013-12-04,16.75,16.64,0.0066,191305,320464.8198,癸巳,癸亥,甲辰,3,2013,12,1,0.006588822878012856,1,甲,辰,木,土,癸,亥,水,水,True,False,0.018805528410688877,2013-W49,2013-12
000858.SZ,2013-12-05,16.72,16.75,-0.0018,104757,175166.9158,癸巳,癸亥,乙巳,4,2013,12,1,-0.0017926506145199395,0,乙,巳,木,火,癸,亥,水,水,True,False,0.006588822878012856,2013-W49,2013-12
000858.SZ,2013-12-06,16.86,16.72,0.0084,157927,265574.5476,癸巳,癸亥,丙午,5,2013,12,1,0.008338344917153849,1,丙,午,火,火,癸,亥,水,水,False,False,-0.0017926506145199395,2013-W49,2013-12
000858.SZ,2013-12-09,16.81,16.86,-0.003,177285,298412.7146,癸巳,甲子,己酉,1,2013,12,1,-0.002970005153185204,0,己,酉,土,金,甲,子,木,水,False,False,0.008338344917153849,2013-W50,2013-12
000858.SZ,2013-12-10,16.74,16.81,-0.0042,103076,172618.1125,癸巳,甲子,庚戌,2,2013,12,1,-0.0041728823591950116,0,庚,戌,金,土,甲,子,木,水,False,False,-0.002970005153185204,2013-W50,2013-12
000858.SZ,2013-12-11,16.56,16.74,-0.0108,130967,217900.8666,癸巳,甲子,辛亥,3,2013,12,1,-0.010810916104215617,0,辛,亥,金,水,甲,子,木,水,False,False,-0.0041728823591950116,2013-W50,2013-12
000858.SZ,2013-12-12,16.41,16.56,-0.0091,100815,166546.4722,癸巳,甲子,壬子,4,2013,12,1,-0.009099243855114033,0,壬,子,水,水,甲,子,木,水,False,False,-0.010810916104215617,2013-W50,2013-12
000858.SZ,2013-12-13,16.34,16.41,-0.0043,92860,152063.6252,癸巳,甲子,癸丑,5,2013,12,1,-0.004274815670142741,0,癸,丑,水,土,甲,子,木,水,False,False,-0.009099243855114033,2013-W50,2013-12
000858.SZ,2013-12-16,15.98,16.34,-0.022,146250,236020.6382,癸巳,甲子,丙辰,1,2013,12,1,-0.022278149093728196,0,丙,辰,火,土,甲,子,木,水,False,False,-0.004274815670142741,2013-W51,2013-12
000858.SZ,2013-12-17,16.06,15.98,0.005,90335,145316.5144,癸巳,甲子,丁巳,2,2013,12,1,0.004993768180486974,1,丁,巳,火,火,甲,子,木,水,False,False,-0.022278149093728196,2013-W51,2013-12
000858.SZ,2013-12-18,16.07,16.06,0.0006,63246,101672.5398,癸巳,甲子,戊午,3,2013,12,1,0.0006224712308056063,1,戊,午,土,火,甲,子,木,水,False,False,0.004993768180486974,2013-W51,2013-12
000858.SZ,2013-12-19,15.91,16.07,-0.01,111954,178839.5057,癸巳,甲子,己未,4,2013,12,1,-0.010006337399725725,0,己,未,土,土,甲,子,木,水,False,False,0.0006224712308056063,2013-W51,2013-12
000858.SZ,2013-12-20,15.2,15.91,-0.0446,204766,318925.7176,癸巳,甲子,庚申,5,2013,12,1,-0.045652414497464815,0,庚,申,金,金,甲,子,木,水,False,False,-0.010006337399725725,2013-W51,2013-12
000858.SZ,2013-12-23,15.26,15.2,0.0039,120261,183359.5095,癸巳,甲子,癸亥,1,2013,12,1,0.00393959800408031,1,癸,亥,水,水,甲,子,木,水,False,False,-0.045652414497464815,2013-W52,2013-12
000858.SZ,2013-12-24,15.22,15.26,-0.0026,88812,135593.6786,癸巳,甲子,甲子,2,2013,12,1,-0.0026246734227711056,0,甲,子,木,水,甲,子,木,水,False,False,0.00393959800408031,2013-W52,2013-12
000858.SZ,2013-12-25,15.21,15.22,-0.0007,77711,118298.5646,癸巳,甲子,乙丑,3,2013,12,1,-0.0006572461623382686,0,乙,丑,木,土,甲,子,木,水,False,False,-0.0026246734227711056,2013-W52,2013-12
000858.SZ,2013-12-26,14.77,15.21,-0.0289,217309,323162.3766,癸巳,甲子,丙寅,4,2013,12,1,-0.02935500972791317,0,丙,寅,火,木,甲,子,木,水,False,False,-0.0006572461623382686,2013-W52,2013-12
000858.SZ,2013-12-27,15.19,14.77,0.0284,167695,251468.7978,癸巳,甲子,丁卯,5,2013,12,1,0.028039220064393126,1,丁,卯,火,木,甲,子,木,水,False,True,-0.02935500972791317,2013-W52,2013-12
000858.SZ,2013-12-30,14.91,15.19,-0.0184,138536,208015.226,癸巳,甲子,庚午,1,2013,12,1,-0.018605187831034358,0,庚,午,金,火,甲,子,木,水,False,True,0.028039220064393126,2014-W01,2013-12
000858.SZ,2013-12-31,15.66,14.91,0.0503,376311,582776.7578,癸巳,甲子,辛未,2,2013,12,1,0.04907756178600999,1,辛,未,金,土,甲,子,木,水,False,True,-0.018605187831034358,2014-W01,2013-12
000858.SZ,2014-01-02,15.44,15.66,-0.014,154250,238222.4637,癸巳,甲子,癸酉,4,2014,1,1,-0.014148145966027013,0,癸,酉,水,金,甲,子,木,水,True,False,0.04907756178600999,2014-W01,2014-01
000858.SZ,2014-01-03,15.19,15.44,-0.0162,111835,169720.579,癸巳,甲子,甲戌,5,2014,1,1,-0.01632422798894857,0,甲,戌,木,土,甲,子,木,水,True,False,-0.014148145966027013,2014-W01,2014-01
000858.SZ,2014-01-06,14.6,15.19,-0.0388,217448,320079.7785,癸巳,乙丑,丁丑,1,2014,1,1,-0.03961578789339067,0,丁,丑,火,土,乙,丑,木,土,False,False,-0.01632422798894857,2014-W02,2014-01
000858.SZ,2014-01-07,14.63,14.6,0.0021,126570,184332.433,癸巳,乙丑,戊寅,2,2014,1,1,0.0020526863177422615,1,戊,寅,土,木,乙,丑,木,土,False,False,-0.03961578789339067,2014-W02,2014-01
000858.SZ,2014-01-08,14.47,14.63,-0.0109,120940,175865.2125,癸巳,乙丑,己卯,3,2014,1,1,-0.010996674388640458,0,己,卯,土,木,乙,丑,木,土,False,False,0.0020526863177422615,2014-W02,2014-01
000858.SZ,2014-01-09,14.77,14.47,0.0207,332526,495936.7813,癸巳,乙丑,庚辰,4,2014,1,1,0.020520555899895786,1,庚,辰,金,土,乙,丑,木,土,False,False,-0.010996674388640458,2014-W02,2014-01
000858.SZ,2014-01-10,14.66,14.77,-0.0074,166498,244335.9791,癸巳,乙丑,辛巳,5,2014,1,1,-0.007475400084782917,0,辛,巳,金,火,乙,丑,木,土,False,False,0.020520555899895786,2014-W02,2014-01
000858.SZ,2014-01-13,14.93,14.66,0.0184,214922,320652.8482,癸巳,乙丑,甲申,1,2014,1,1,0.018249915092593525,1,甲,申,木,金,乙,丑,木,土,False,False,-0.007475400084782917,2014-W03,2014-01
000858.SZ,2014-01-14,15.29,14.93,0.0241,257168,391661.6939,癸巳,乙丑,乙酉,2,2014,1,1,0.023826408389871878,1,乙,酉,木,金,乙,丑,木,土,False,False,0.018249915092593525,2014-W03,2014-01
000858.SZ,2014-01-15,15.0,15.29,-0.019,137731,207174.5168,癸巳,乙丑,丙戌,3,2014,1,1,-0.019148818838760788,0,丙,戌,火,土,乙,丑,木,土,False,False,0.023826408389871878,2014-W03,2014-01
000858.SZ,2014-01-16,15.04,15.0,0.0027,153181,230677.9954,癸巳,乙丑,丁亥,4,2014,1,1,0.0026631174194836284,1,丁,亥,火,水,乙,丑,木,土,False,False,-0.019148818838760788,2014-W03,2014-01
000858.SZ,2014-01-17,14.71,15.04,-0.0219,128826,190763.8069,癸巳,乙丑,戊子,5,2014,1,1,-0.022185783908347523,0,戊,子,土,水,乙,丑,木,土,False,False,0.0026631174194836284,2014-W03,2014-01
000858.SZ,2014-01-20,14.84,14.71,0.0088,168570,250660.4966,癸巳,乙丑,辛卯,1,2014,1,1,0.008798703125888117,1,辛,卯,金,木,乙,丑,木,土,False,False,-0.022185783908347523,2014-W04,2014-01
000858.SZ,2014-01-21,14.74,14.84,-0.0067,135191,200103.2897,癸巳,乙丑,壬辰,2,2014,1,1,-0.006761350978043795,0,壬,辰,水,土,乙,丑,木,土,False,False,0.008798703125888117,2014-W04,2014-01
000858.SZ,2014-01-22,15.18,14.74,0.0299,314463,474832.539,癸巳,乙丑,癸巳,3,2014,1,1,0.02941388520629319,1,癸,巳,水,火,乙,丑,木,土,False,False,-0.006761350978043795,2014-W04,2014-01
000858.SZ,2014-01-23,15.13,15.18,-0.0033,237349,358375.2181,癸巳,乙丑,甲午,4,2014,1,1,-0.003299244167219261,0,甲,午,木,火,乙,丑,木,土,False,False,0.02941388520629319,2014-W04,2014-01
000858.SZ,2014-01-24,15.09,15.13,-0.0026,203784,308412.9303,癸巳,乙丑,乙未,5,2014,1,1,-0.002647255020507119,0,乙,未,木,土,乙,丑,木,土,False,False,-0.003299244167219261,2014-W04,2014-01
000858.SZ,2014-01-27,15.25,15.09,0.0106,308991,471958.9874,癸巳,乙丑,戊戌,1,2014,1,1,0.010547230273663014,1,戊,戌,土,土,乙,丑,木,土,False,True,-0.002647255020507119,2014-W05,2014-01
000858.SZ,2014-01-28,15.13,15.25,-0.0079,141740,214767.0382,癸巳,乙丑,己亥,2,2014,1,1,-0.007899975253156048,0,己,亥,土,水,乙,丑,木,土,False,True,0.010547230273663014,2014-W05,2014-01
000858.SZ,2014-01-29,14.85,15.13,-0.0185,192078,287143.9894,癸巳,乙丑,庚子,3,2014,1,1,-0.018679662551555946,0,庚,子,金,水,乙,丑,木,土,False,True,-0.007899975253156048,2014-W05,2014-01
000858.SZ,2014-02-07,14.7,14.64,0.0041,105039,153746.2834,甲午,丙寅,己酉,5,2014,2,1,0.004089985251525066,1,己,酉,土,金,丙,寅,火,木,False,False,-0.018679662551555946,2014-W06,2014-02
000858.SZ,2014-02-10,14.83,14.7,0.0088,180395,267034.5628,甲午,丙寅,壬子,1,2014,2,1,0.00880466236515014,1,壬,子,水,水,丙,寅,火,木,False,False,0.004089985251525066,2014-W07,2014-02
000858.SZ,2014-02-11,14.95,14.83,0.0081,254166,380170.9102,甲午,丙寅,癸丑,2,2014,2,1,0.008059143686854653,1,癸,丑,水,土,丙,寅,火,木,False,False,0.00880466236515014,2014-W07,2014-02
000858.SZ,2014-02-12,15.01,14.95,0.004,175610,262495.0267,甲午,丙寅,甲寅,3,2014,2,1,0.0040053458086752826,1,甲,寅,木,木,丙,寅,火,木,False,False,0.008059143686854653,2014-W07,2014-02
000858.SZ,2014-02-13,15.02,15.01,0.0007,227394,343504.6044,甲午,丙寅,乙卯,4,2014,2,1,0.0006660006906181381,1,乙,卯,木,木,丙,寅,火,木,False,False,0.0040053458086752826,2014-W07,2014-02
000858.SZ,2014-02-14,15.52,15.02,0.0333,454078,698116.5574,甲午,丙寅,丙辰,5,2014,2,1,0.03274686841908409,1,丙,辰,火,土,丙,寅,火,木,False,False,0.0006660006906181381,2014-W07,2014-02
000858.SZ,2014-02-17,16.18,15.52,0.0425,746774,1200858.8321,甲午,丙寅,己未,1,2014,2,1,0.04164639687527301,1,己,未,土,土,丙,寅,火,木,False,False,0.03274686841908409,2014-W08,2014-02
000858.SZ,2014-02-18,16.04,16.18,-0.0087,330139,530213.8895,甲午,丙寅,庚申,2,2014,2,1,-0.008690309191977197,0,庚,申,金,金,丙,寅,火,木,False,False,0.04164639687527301,2014-W08,2014-02
000858.SZ,2014-02-19,16.07,16.04,0.0019,349935,567892.8312,甲午,丙寅,辛酉,3,2014,2,1,0.0018685773110527486,1,辛,酉,金,金,丙,寅,火,木,False,False,-0.008690309191977197,2014-W08,2014-02
000858.SZ,2014-02-20,15.8,16.07,-0.0168,225401,358451.8834,甲午,丙寅,壬戌,4,2014,2,1,-0.01694423971650006,0,壬,戌,水,土,丙,寅,火,木,False,False,0.0018685773110527486,2014-W08,2014-02
000858.SZ,2014-02-21,15.95,15.8,0.0095,224826,355658.3459,甲午,丙寅,癸亥,5,2014,2,1,0.009448889197932289,1,癸,亥,水,水,丙,寅,火,木,False,False,-0.01694423971650006,2014-W08,2014-02
000858.SZ,2014-02-24,15.76,15.95,-0.0119,166212,261583.6811,甲午,丙寅,丙寅,1,2014,2,1,-0.011983744801120483,0,丙,寅,火,木,丙,寅,火,木,False,True,0.009448889197932289,2014-W09,2014-02
000858.SZ,2014-02-25,15.11,15.76,-0.0412,304956,467500.9331,甲午,丙寅,丁卯,2,2014,2,1,-0.042118308145084896,0,丁,卯,火,木,丙,寅,火,木,False,True,-0.011983744801120483,2014-W09,2014-02
000858.SZ,2014-02-26,15.1,15.11,-0.0007,170667,256394.5934,甲午,丙寅,戊辰,3,2014,2,1,-0.0006620324637695366,0,戊,辰,土,土,丙,寅,火,木,False,True,-0.042118308145084896,2014-W09,2014-02
000858.SZ,2014-02-27,15.1,15.1,0.0,134819,203389.8732,甲午,丙寅,己巳,4,2014,2,1,0.0,0,己,巳,土,火,丙,寅,火,木,False,True,-0.0006620324637695366,2014-W09,2014-02
000858.SZ,2014-02-28,15.27,15.1,0.0113,152723,232712.2084,甲午,丙寅,庚午,5,2014,2,1,0.011195375409662412,1,庚,午,金,火,丙,寅,火,木,False,True,0.0,2014-W09,2014-02
000858.SZ,2014-03-03,15.78,15.27,0.0334,309231,479945.6599,甲午,丙寅,癸酉,1,2014,3,1,0.032853196187187156,1,癸,酉,水,金,丙,寅,火,木,True,False,0.011195375409662412,2014-W10,2014-03
000858.SZ,2014-03-04,15.9,15.78,0.0076,356449,569434.2978,甲午,丙寅,甲戌,2,2014,3,1,0.007575793808457723,1,甲,戌,木,土,丙,寅,火,木,True,False,0.032853196187187156,2014-W10,2014-03
000858.SZ,2014-03-05,16.17,15.9,0.017,382001,615110.4527,甲午,丙寅,乙亥,3,2014,3,1,0.016838564362829742,1,乙,亥,木,水,丙,寅,火,木,True,False,0.007575793808457723,2014-W10,2014-03
000858.SZ,2014-03-06,16.11,16.17,-0.0037,224732,361643.0421,甲午,丁卯,丙子,4,2014,3,1,-0.003717476400132643,0,丙,子,火,水,丁,卯,火,木,False,False,0.016838564362829742,2014-W10,2014-03
000858.SZ,2014-03-07,16.16,16.11,0.0031,274672,442260.4827,甲午,丁卯,丁丑,5,2014,3,1,0.003098855904066362,1,丁,丑,火,土,丁,卯,火,木,False,False,-0.003717476400132643,2014-W10,2014-03
000858.SZ,2014-03-10,15.45,16.16,-0.0439,251995,396910.4661,甲午,丁卯,庚辰,1,2014,3,1,-0.04493004974919495,0,庚,辰,金,土,丁,卯,火,木,False,False,0.003098855904066362,2014-W11,2014-03
000858.SZ,2014-03-11,16.59,15.45,0.0738,632793,1026347.6616,甲午,丁卯,辛巳,2,2014,3,1,0.07119110085859867,1,辛,巳,金,火,丁,卯,火,木,False,False,-0.04493004974919495,2014-W11,2014-03
000858.SZ,2014-03-12,16.73,16.59,0.0084,803094,1351401.6483,甲午,丁卯,壬午,3,2014,3,1,0.0084034107963796,1,壬,午,水,火,丁,卯,火,木,False,False,0.07119110085859867,2014-W11,2014-03
000858.SZ,2014-03-13,17.8,16.73,0.064,926774,1622924.4302,甲午,丁卯,癸未,4,2014,3,1,0.061994942299306875,1,癸,未,水,土,丁,卯,火,木,False,False,0.0084034107963796,2014-W11,2014-03
000858.SZ,2014-03-14,17.58,17.8,-0.0124,456781,801674.9311,甲午,丁卯,甲申,5,2014,3,1,-0.012436565041008712,0,甲,申,木,金,丁,卯,火,木,False,False,0.061994942299306875,2014-W11,2014-03
000858.SZ,2014-03-17,17.76,17.58,0.0102,351585,618133.2345,甲午,丁卯,丁亥,1,2014,3,1,0.010186845306993217,1,丁,亥,火,水,丁,卯,火,木,False,False,-0.012436565041008712,2014-W12,2014-03
000858.SZ,2014-03-18,18.03,17.76,0.0152,637427,1158956.9158,甲午,丁卯,戊子,2,2014,3,1,0.015088299651201826,1,戊,子,土,水,丁,卯,火,木,False,False,0.010186845306993217,2014-W12,2014-03
000858.SZ,2014-03-19,17.55,18.03,-0.0266,305518,538516.2388,甲午,丁卯,己丑,3,2014,3,1,-0.026983087303351062,0,己,丑,土,土,丁,卯,火,木,False,False,0.015088299651201826,2014-W12,2014-03
000858.SZ,2014-03-20,17.02,17.55,-0.0302,302354,523716.9983,甲午,丁卯,庚寅,4,2014,3,1,-0.03066482676664682,0,庚,寅,金,木,丁,卯,火,木,False,False,-0.026983087303351062,2014-W12,2014-03
000858.SZ,2014-03-21,17.4,17.02,0.0223,247476,425909.0676,甲午,丁卯,辛卯,5,2014,3,1,0.022081083075255175,1,辛,卯,金,木,丁,卯,火,木,False,False,-0.03066482676664682,2014-W12,2014-03
000858.SZ,2014-03-24,17.78,17.4,0.0218,276365,485549.7646,甲午,丁卯,甲午,1,2014,3,1,0.0216040238652754,1,甲,午,木,火,丁,卯,火,木,False,False,0.022081083075255175,2014-W13,2014-03
000858.SZ,2014-03-25,17.25,17.78,-0.0298,309015,531855.3797,甲午,丁卯,乙未,2,2014,3,1,-0.030262086608389867,0,乙,未,木,土,丁,卯,火,木,False,False,0.0216040238652754,2014-W13,2014-03
000858.SZ,2014-03-26,17.09,17.25,-0.0093,195538,338446.6613,甲午,丁卯,丙申,3,2014,3,1,-0.009318646349869291,0,丙,申,火,金,丁,卯,火,木,False,False,-0.030262086608389867,2014-W13,2014-03
000858.SZ,2014-03-27,17.06,17.09,-0.0018,155513,266892.6926,甲午,丁卯,丁酉,4,2014,3,1,-0.0017569550639665846,0,丁,酉,火,金,丁,卯,火,木,False,True,-0.009318646349869291,2014-W13,2014-03
000858.SZ,2014-03-28,16.6,17.06,-0.027,255664,427437.3253,甲午,丁卯,戊戌,5,2014,3,1,-0.02733384670103535,0,戊,戌,土,土,丁,卯,火,木,False,True,-0.0017569550639665846,2014-W13,2014-03
000858.SZ,2014-03-31,16.67,16.6,0.0042,122860,205773.8361,甲午,丁卯,辛丑,1,2014,3,1,0.004208001400205049,1,辛,丑,金,土,丁,卯,火,木,False,True,-0.02733384670103535,2014-W14,2014-03
000858.SZ,2014-04-01,17.23,16.67,0.0336,234430,397270.3785,甲午,丁卯,壬寅,2,2014,4,1,0.03304135377713555,1,壬,寅,水,木,丁,卯,火,木,True,False,0.004208001400205049,2014-W14,2014-04
000858.SZ,2014-04-02,17.28,17.23,0.0029,255611,444706.8244,甲午,丁卯,癸卯,3,2014,4,1,0.0028977128360713708,1,癸,卯,水,木,丁,卯,火,木,True,False,0.03304135377713555,2014-W14,2014-04
000858.SZ,2014-04-03,17.19,17.28,-0.0052,114818,198239.7146,甲午,丁卯,甲辰,4,2014,4,1,-0.0052219439811517126,0,甲,辰,木,土,丁,卯,火,木,True,False,0.0028977128360713708,2014-W14,2014-04
000858.SZ,2014-04-04,17.17,17.19,-0.0012,107862,183718.3665,甲午,丁卯,乙巳,5,2014,4,1,-0.0011641444853737134,0,乙,巳,木,火,丁,卯,火,木,True,False,-0.0052219439811517126,2014-W14,2014-04
000858.SZ,2014-04-08,17.22,17.17,0.0029,177457,303625.8162,甲午,戊辰,己酉,2,2014,4,1,0.002907824090200334,1,己,酉,土,金,戊,辰,土,土,False,False,-0.0011641444853737134,2014-W15,2014-04
000858.SZ,2014-04-09,17.33,17.22,0.0064,192070,333265.3252,甲午,戊辰,庚戌,3,2014,4,1,0.0063676047279300286,1,庚,戌,金,土,戊,辰,土,土,False,False,0.002907824090200334,2014-W15,2014-04
000858.SZ,2014-04-10,17.45,17.33,0.0069,180221,312270.0625,甲午,戊辰,辛亥,4,2014,4,1,0.006900544920921491,1,辛,亥,金,水,戊,辰,土,土,False,False,0.0063676047279300286,2014-W15,2014-04
000858.SZ,2014-04-11,18.17,17.45,0.0413,529127,955341.8248,甲午,戊辰,壬子,5,2014,4,1,0.04043223375964374,1,壬,子,水,水,戊,辰,土,土,False,False,0.006900544920921491,2014-W15,2014-04
000858.SZ,2014-04-14,17.97,18.17,-0.011,171811,309063.3033,甲午,戊辰,乙卯,1,2014,4,1,-0.011068181612612351,0,乙,卯,木,木,戊,辰,土,土,False,False,0.04043223375964374,2014-W16,2014-04
000858.SZ,2014-04-15,17.6,17.97,-0.0206,162356,287928.0111,甲午,戊辰,丙辰,2,2014,4,1,-0.02080479875136145,0,丙,辰,火,土,戊,辰,土,土,False,False,-0.011068181612612351,2014-W16,2014-04
000858.SZ,2014-04-16,17.61,17.6,0.0006,100970,177971.8158,甲午,戊辰,丁巳,3,2014,4,1,0.0005680204640086013,1,丁,巳,火,火,戊,辰,土,土,False,False,-0.02080479875136145,2014-W16,2014-04
000858.SZ,2014-04-17,17.67,17.61,0.0034,99748,176301.9911,甲午,戊辰,戊午,4,2014,4,1,0.0034013638234904817,1,戊,午,土,火,戊,辰,土,土,False,False,0.0005680204640086013,2014-W16,2014-04
000858.SZ,2014-04-18,17.66,17.67,-0.0006,88817,157104.1477,甲午,戊辰,己未,5,2014,4,1,-0.0005660911557911908,0,己,未,土,土,戊,辰,土,土,False,False,0.0034013638234904817,2014-W16,2014-04
000858.SZ,2014-04-21,17.18,17.66,-0.0272,121202,211257.8298,甲午,戊辰,壬戌,1,2014,4,1,-0.027556278619704683,0,壬,戌,水,土,戊,辰,土,土,False,False,-0.0005660911557911908,2014-W17,2014-04
000858.SZ,2014-04-22,17.09,17.18,-0.0052,128363,218813.4059,甲午,戊辰,癸亥,2,2014,4,1,-0.005252419428609809,0,癸,亥,水,水,戊,辰,土,土,False,False,-0.027556278619704683,2014-W17,2014-04
000858.SZ,2014-04-23,17.7,17.09,0.0357,240922,424436.9229,甲午,戊辰,甲子,3,2014,4,1,0.035071142452283974,1,甲,子,木,水,戊,辰,土,土,False,False,-0.005252419428609809,2014-W17,2014-04
000858.SZ,2014-04-24,17.87,17.7,0.0096,154009,272804.1111,甲午,戊辰,乙丑,4,2014,4,1,0.009558689591553248,1,乙,丑,木,土,戊,辰,土,土,False,False,0.035071142452283974,2014-W17,2014-04
000858.SZ,2014-04-25,17.24,17.87,-0.0353,187593,328030.5655,甲午,戊辰,丙寅,5,2014,4,1,-0.035891063935789745,0,丙,寅,火,木,戊,辰,土,土,False,False,0.009558689591553248,2014-W17,2014-04
000858.SZ,2014-04-28,17.21,17.24,-0.0017,169613,293681.3523,甲午,戊辰,己巳,1,2014,4,1,-0.001741655012098901,0,己,巳,土,火,戊,辰,土,土,False,True,-0.035891063935789745,2014-W18,2014-04
000858.SZ,2014-04-29,17.57,17.21,0.0209,149021,261171.8676,甲午,戊辰,庚午,2,2014,4,1,0.020702291975557743,1,庚,午,金,火,戊,辰,土,土,False,True,-0.001741655012098901,2014-W18,2014-04
000858.SZ,2014-04-30,17.6,17.57,0.0017,127334,224379.5175,甲午,戊辰,辛未,3,2014,4,1,0.0017059998451003046,1,辛,未,金,土,戊,辰,土,土,False,True,0.020702291975557743,2014-W18,2014-04
000858.SZ,2014-05-05,17.14,17.6,-0.0261,157412,269063.1199,甲午,己巳,丙子,1,2014,5,1,-0.026483988874472467,0,丙,子,火,水,己,巳,土,火,True,False,0.0017059998451003046,2014-W19,2014-05
000858.SZ,2014-05-06,17.06,17.14,-0.0047,84137,143878.4071,甲午,己巳,丁丑,2,2014,5,1,-0.004678371106100725,0,丁,丑,火,土,己,巳,土,火,False,False,-0.026483988874472467,2014-W19,2014-05
000858.SZ,2014-05-07,17.0,17.06,-0.0035,58909,100275.3762,甲午,己巳,戊寅,3,2014,5,1,-0.0035231980073169053,0,戊,寅,土,木,己,巳,土,火,False,False,-0.004678371106100725,2014-W19,2014-05
000858.SZ,2014-05-08,16.91,17.0,-0.0053,71022,121029.4641,甲午,己巳,己卯,4,2014,5,1,-0.005308181145727109,0,己,卯,土,木,己,巳,土,火,False,False,-0.0035231980073169053,2014-W19,2014-05
000858.SZ,2014-05-09,16.91,16.91,0.0,101120,170790.3874,甲午,己巳,庚辰,5,2014,5,1,0.0,0,庚,辰,金,土,己,巳,土,火,False,False,-0.005308181145727109,2014-W19,2014-05
000858.SZ,2014-05-12,17.15,16.91,0.0142,160838,275674.0357,甲午,己巳,癸未,1,2014,5,1,0.014093010701459888,1,癸,未,水,土,己,巳,土,火,False,False,0.0,2014-W20,2014-05
000858.SZ,2014-05-13,17.26,17.15,0.0064,106573,183597.2722,甲午,己巳,甲申,2,2014,5,1,0.006393512043333136,1,甲,申,木,金,己,巳,土,火,False,False,0.014093010701459888,2014-W20,2014-05
000858.SZ,2014-05-14,16.95,17.26,-0.018,132712,225897.9606,甲午,己巳,乙酉,3,2014,5,1,-0.018123851828822726,0,乙,酉,木,金,己,巳,土,火,False,False,0.006393512043333136,2014-W20,2014-05
000858.SZ,2014-05-15,16.73,16.95,-0.013,97444,164076.281,甲午,己巳,丙戌,4,2014,5,1,-0.013064318827726578,0,丙,戌,火,土,己,巳,土,火,False,False,-0.018123851828822726,2014-W20,2014-05
000858.SZ,2014-05-16,16.82,16.73,0.0054,51956,87295.9099,甲午,己巳,丁亥,5,2014,5,1,0.0053651395460693665,1,丁,亥,火,水,己,巳,土,火,False,False,-0.013064318827726578,2014-W20,2014-05
000858.SZ,2014-05-19,16.4,16.82,-0.025,146716,239866.0683,甲午,己巳,庚寅,1,2014,5,1,-0.025287319714649335,0,庚,寅,金,木,己,巳,土,火,False,False,0.0053651395460693665,2014-W21,2014-05
000858.SZ,2014-05-20,16.09,16.4,-0.0189,167338,269880.4321,甲午,己巳,辛卯,2,2014,5,1,-0.0190833738258608,0,辛,卯,金,木,己,巳,土,火,False,False,-0.025287319714649335,2014-W21,2014-05
000858.SZ,2014-05-21,16.44,16.09,0.0218,134613,218921.9148,甲午,己巳,壬辰,3,2014,5,1,0.021519428623742114,1,壬,辰,水,土,己,巳,土,火,False,False,-0.0190833738258608,2014-W21,2014-05
000858.SZ,2014-05-22,16.39,16.44,-0.003,66874,109848.2778,甲午,己巳,癸巳,4,2014,5,1,-0.0030459968722955644,0,癸,巳,水,火,己,巳,土,火,False,False,0.021519428623742114,2014-W21,2014-05
000858.SZ,2014-05-23,16.5,16.39,0.0067,52439,86151.1829,甲午,己巳,甲午,5,2014,5,1,0.006688988150796489,1,甲,午,木,火,己,巳,土,火,False,False,-0.0030459968722955644,2014-W21,2014-05
000858.SZ,2014-05-26,16.59,16.5,0.0055,58308,97113.9061,甲午,己巳,丁酉,1,2014,5,1,0.005439723295818121,1,丁,酉,火,金,己,巳,土,火,False,False,0.006688988150796489,2014-W22,2014-05
000858.SZ,2014-05-27,16.62,16.59,0.0018,65796,109973.7129,甲午,己巳,戊戌,2,2014,5,1,0.0018066852249490513,1,戊,戌,土,土,己,巳,土,火,False,True,0.005439723295818121,2014-W22,2014-05
000858.SZ,2014-05-28,16.84,16.62,0.0132,106576,178850.7945,甲午,己巳,己亥,3,2014,5,1,0.01315021938687843,1,己,亥,土,水,己,巳,土,火,False,True,0.0018066852249490513,2014-W22,2014-05
000858.SZ,2014-05-29,16.79,16.84,-0.003,76249,128801.9081,甲午,己巳,庚子,4,2014,5,1,-0.002973537724731282,0,庚,子,金,水,己,巳,土,火,False,True,0.01315021938687843,2014-W22,2014-05
000858.SZ,2014-05-30,16.78,16.79,-0.0006,45770,77018.4604,甲午,己巳,辛丑,5,2014,5,1,-0.0005957700503892294,0,辛,丑,金,土,己,巳,土,火,False,True,-0.002973537724731282,2014-W22,2014-05
000858.SZ,2014-06-03,16.71,16.78,-0.0042,53681,90028.5417,甲午,己巳,乙巳,2,2014,6,1,-0.004180358431757826,0,乙,巳,木,火,己,巳,土,火,True,False,-0.0005957700503892294,2014-W23,2014-06
000858.SZ,2014-06-04,16.52,16.71,-0.0114,53103,88091.7648,甲午,己巳,丙午,3,2014,6,1,-0.011435574514470427,0,丙,午,火,火,己,巳,土,火,True,False,-0.004180358431757826,2014-W23,2014-06
000858.SZ,2014-06-05,16.83,16.52,0.0188,62924,104817.5752,甲午,己巳,丁未,4,2014,6,1,0.018591240109882553,1,丁,未,火,土,己,巳,土,火,True,False,-0.011435574514470427,2014-W23,2014-06
000858.SZ,2014-06-06,16.95,16.83,0.0071,98233,166429.181,甲午,庚午,戊申,5,2014,6,1,0.007104825623744582,1,戊,申,土,金,庚,午,金,火,False,False,0.018591240109882553,2014-W23,2014-06
000858.SZ,2014-06-09,16.93,16.95,-0.0012,55599,94113.9003,甲午,庚午,辛亥,1,2014,6,1,-0.0011806376814152912,0,辛,亥,金,水,庚,午,金,火,False,False,0.007104825623744582,2014-W24,2014-06
000858.SZ,2014-06-10,17.4,16.93,0.0278,183911,317974.7802,甲午,庚午,壬子,2,2014,6,1,0.027383010075439394,1,壬,子,水,水,庚,午,金,火,False,False,-0.0011806376814152912,2014-W24,2014-06
000858.SZ,2014-06-11,17.51,17.4,0.0063,103922,181581.2634,甲午,庚午,癸丑,3,2014,6,1,0.006301940077277391,1,癸,丑,水,土,庚,午,金,火,False,False,0.027383010075439394,2014-W24,2014-06
000858.SZ,2014-06-12,17.53,17.51,0.0011,92434,162419.0046,甲午,庚午,甲寅,4,2014,6,1,0.0011415526353827253,1,甲,寅,木,木,庚,午,金,火,False,False,0.006301940077277391,2014-W24,2014-06
000858.SZ,2014-06-13,17.7,17.53,0.0097,118330,209520.3267,甲午,庚午,乙卯,5,2014,6,1,0.009650940646640302,1,乙,卯,木,木,庚,午,金,火,False,False,0.0011415526353827253,2014-W24,2014-06
000858.SZ,2014-06-16,17.47,17.7,-0.013,105550,185235.2525,甲午,庚午,戊午,1,2014,6,1,-0.013079515433818242,0,戊,午,土,火,庚,午,金,火,False,False,0.009650940646640302,2014-W25,2014-06
000858.SZ,2014-06-17,17.15,17.47,-0.0183,148175,255013.9854,甲午,庚午,己未,2,2014,6,1,-0.01848695053401628,0,己,未,土,土,庚,午,金,火,False,False,-0.013079515433818242,2014-W25,2014-06
000858.SZ,2014-06-18,17.17,17.15,0.0012,74754,128745.5818,甲午,庚午,庚申,3,2014,6,1,0.0011655012974354135,1,庚,申,金,金,庚,午,金,火,False,False,-0.01848695053401628,2014-W25,2014-06
000858.SZ,2014-06-19,17.18,17.17,0.0006,64117,110036.5149,甲午,庚午,辛酉,4,2014,6,1,0.0005822416467249674,1,辛,酉,金,金,庚,午,金,火,False,False,0.0011655012974354135,2014-W25,2014-06
000858.SZ,2014-06-20,17.04,17.18,-0.0081,76267,129808.6326,甲午,庚午,壬戌,5,2014,6,1,-0.008182395154939667,0,壬,戌,水,土,庚,午,金,火,False,False,0.0005822416467249674,2014-W25,2014-06
000858.SZ,2014-06-23,17.25,17.04,0.0123,60002,103134.8936,甲午,庚午,乙丑,1,2014,6,1,0.012248622076199239,1,乙,丑,木,土,庚,午,金,火,False,False,-0.008182395154939667,2014-W26,2014-06
000858.SZ,2014-06-24,17.63,17.25,0.022,138450,243073.7612,甲午,庚午,丙寅,2,2014,6,1,0.02178985293241013,1,丙,寅,火,木,庚,午,金,火,False,False,0.012248622076199239,2014-W26,2014-06
000858.SZ,2014-06-25,17.49,17.63,-0.0079,79872,140225.5389,甲午,庚午,丁卯,3,2014,6,1,-0.007972707379268243,0,丁,卯,火,木,庚,午,金,火,False,False,0.02178985293241013,2014-W26,2014-06
000858.SZ,2014-06-26,17.74,17.49,0.0143,139654,249224.0215,甲午,庚午,戊辰,4,2014,6,1,0.014192687850922647,1,戊,辰,土,土,庚,午,金,火,False,True,-0.007972707379268243,2014-W26,2014-06
000858.SZ,2014-06-27,17.84,17.74,0.0056,104337,185237.5475,甲午,庚午,己巳,5,2014,6,1,0.005621150270429911,1,己,巳,土,火,庚,午,金,火,False,True,0.014192687850922647,2014-W26,2014-06
000858.SZ,2014-06-30,17.93,17.84,0.005,205858,371934.6515,甲午,庚午,壬申,1,2014,6,1,0.0050321604651781225,1,壬,申,水,金,庚,午,金,火,False,True,0.005621150270429911,2014-W27,2014-06
000858.SZ,2014-07-01,17.01,17.23,-0.0128,129358,221100.0464,甲午,庚午,癸酉,2,2014,7,1,-0.01285064413206782,0,癸,酉,水,金,庚,午,金,火,True,False,0.0050321604651781225,2014-W27,2014-07
000858.SZ,2014-07-02,17.07,17.01,0.0035,89226,152165.1121,甲午,庚午,甲戌,3,2014,7,1,0.0035211303985787394,1,甲,戌,木,土,庚,午,金,火,True,False,-0.01285064413206782,2014-W27,2014-07
000858.SZ,2014-07-03,17.41,17.07,0.0199,138718,240134.9242,甲午,庚午,乙亥,4,2014,7,1,0.019722216973748506,1,乙,亥,木,水,庚,午,金,火,True,False,0.0035211303985787394,2014-W27,2014-07
000858.SZ,2014-07-04,17.36,17.41,-0.0029,106122,184372.2401,甲午,庚午,丙子,5,2014,7,1,-0.0028760445478935733,0,丙,子,火,水,庚,午,金,火,True,False,0.019722216973748506,2014-W27,2014-07
000858.SZ,2014-07-07,17.62,17.36,0.015,119529,209567.2264,甲午,辛未,己卯,1,2014,7,1,0.014865911275829357,1,己,卯,土,木,辛,未,金,土,False,False,-0.0028760445478935733,2014-W28,2014-07
000858.SZ,2014-07-08,17.73,17.62,0.0062,137632,243934.7697,甲午,辛未,庚辰,2,2014,7,1,0.006223499578083003,1,庚,辰,金,土,辛,未,金,土,False,False,0.014865911275829357,2014-W28,2014-07
000858.SZ,2014-07-09,17.31,17.73,-0.0237,146957,258816.6129,甲午,辛未,辛巳,3,2014,7,1,-0.023973750897998747,0,辛,巳,金,火,辛,未,金,土,False,False,0.006223499578083003,2014-W28,2014-07
000858.SZ,2014-07-10,17.72,17.31,0.0237,160373,284776.3338,甲午,辛未,壬午,4,2014,7,1,0.023409575988816954,1,壬,午,水,火,辛,未,金,土,False,False,-0.023973750897998747,2014-W28,2014-07
000858.SZ,2014-07-11,17.91,17.72,0.0107,158257,284049.2145,甲午,辛未,癸未,5,2014,7,1,0.010665270895685528,1,癸,未,水,土,辛,未,金,土,False,False,0.023409575988816954,2014-W28,2014-07
000858.SZ,2014-07-14,18.96,17.91,0.0586,443500,824107.5941,甲午,辛未,丙戌,1,2014,7,1,0.05697228075425533,1,丙,戌,火,土,辛,未,金,土,False,False,0.010665270895685528,2014-W29,2014-07
000858.SZ,2014-07-15,19.21,18.96,0.0132,506732,986900.013,甲午,辛未,丁亥,2,2014,7,1,0.013099479953589458,1,丁,亥,火,水,辛,未,金,土,False,False,0.05697228075425533,2014-W29,2014-07
000858.SZ,2014-07-16,19.16,19.21,-0.0026,195227,377175.4907,甲午,辛未,戊子,3,2014,7,1,-0.0026062042377508646,0,戊,子,土,水,辛,未,金,土,False,False,0.013099479953589458,2014-W29,2014-07
000858.SZ,2014-07-17,18.72,19.16,-0.023,268901,502854.2616,甲午,辛未,己丑,4,2014,7,1,-0.023232301493268537,0,己,丑,土,土,辛,未,金,土,False,False,-0.0026062042377508646,2014-W29,2014-07
000858.SZ,2014-07-18,19.3,18.72,0.031,309321,596298.3232,甲午,辛未,庚寅,5,2014,7,1,0.03051262486139399,1,庚,寅,金,木,辛,未,金,土,False,False,-0.023232301493268537,2014-W29,2014-07
000858.SZ,2014-07-21,18.95,19.3,-0.0181,187428,361875.0962,甲午,辛未,癸巳,1,2014,7,1,-0.01830116438240458,0,癸,巳,水,火,辛,未,金,土,False,False,0.03051262486139399,2014-W30,2014-07
000858.SZ,2014-07-22,19.49,18.95,0.0285,210780,410048.7416,甲午,辛未,甲午,2,2014,7,1,0.02809758199103396,1,甲,午,木,火,辛,未,金,土,False,False,-0.01830116438240458,2014-W30,2014-07
000858.SZ,2014-07-23,19.48,19.49,-0.0005,124085,241964.7718,甲午,辛未,乙未,3,2014,7,1,-0.00051321530508031,0,乙,未,木,土,辛,未,金,土,False,False,0.02809758199103396,2014-W30,2014-07
000858.SZ,2014-07-24,19.5,19.48,0.001,181137,354947.0239,甲午,辛未,丙申,4,2014,7,1,0.0010261673553119532,1,丙,申,火,金,辛,未,金,土,False,False,-0.00051321530508031,2014-W30,2014-07
000858.SZ,2014-07-25,19.63,19.5,0.0067,187121,365608.2714,甲午,辛未,丁酉,5,2014,7,1,0.006644542718668511,1,丁,酉,火,金,辛,未,金,土,False,False,0.0010261673553119532,2014-W30,2014-07
000858.SZ,2014-07-28,20.02,19.63,0.0199,269386,539365.8432,甲午,辛未,庚子,1,2014,7,1,0.019672765598704928,1,庚,子,金,水,辛,未,金,土,False,True,0.006644542718668511,2014-W31,2014-07
000858.SZ,2014-07-29,19.53,20.02,-0.0245,259009,510974.1063,甲午,辛未,辛丑,2,2014,7,1,-0.02478002899848685,0,辛,丑,金,土,辛,未,金,土,False,True,0.019672765598704928,2014-W31,2014-07
000858.SZ,2014-07-30,19.23,19.53,-0.0154,384167,736879.8984,甲午,辛未,壬寅,3,2014,7,1,-0.015480185287899285,0,壬,寅,水,木,辛,未,金,土,False,True,-0.02478002899848685,2014-W31,2014-07
000858.SZ,2014-07-31,19.39,19.23,0.0083,157258,303499.6067,甲午,辛未,癸卯,4,2014,7,1,0.00828590965387211,1,癸,卯,水,木,辛,未,金,土,False,True,-0.015480185287899285,2014-W31,2014-07
000858.SZ,2014-08-01,19.3,19.39,-0.0046,195949,382363.5535,甲午,辛未,甲辰,5,2014,8,1,-0.004652373343720587,0,甲,辰,木,土,辛,未,金,土,True,False,0.00828590965387211,2014-W31,2014-08
000858.SZ,2014-08-04,19.68,19.3,0.0197,184114,360877.1333,甲午,辛未,丁未,1,2014,8,1,0.019497795713267523,1,丁,未,火,土,辛,未,金,土,True,False,-0.004652373343720587,2014-W32,2014-08
000858.SZ,2014-08-05,19.5,19.68,-0.0091,197577,384371.0808,甲午,辛未,戊申,2,2014,8,1,-0.009188426054406255,0,戊,申,土,金,辛,未,金,土,True,False,0.019497795713267523,2014-W32,2014-08
000858.SZ,2014-08-06,19.39,19.5,-0.0056,143168,276068.5215,甲午,辛未,己酉,3,2014,8,1,-0.005656996315140684,0,己,酉,土,金,辛,未,金,土,False,False,-0.009188426054406255,2014-W32,2014-08
000858.SZ,2014-08-07,18.97,19.39,-0.0217,256641,491469.1267,甲午,壬申,庚戌,4,2014,8,1,-0.021898685307637687,0,庚,戌,金,土,壬,申,水,金,False,False,-0.005656996315140684,2014-W32,2014-08
000858.SZ,2014-08-08,19.03,18.97,0.0032,165714,313869.2577,甲午,壬申,辛亥,5,2014,8,1,0.0031578973611354013,1,辛,亥,金,水,壬,申,水,金,False,False,-0.021898685307637687,2014-W32,2014-08
000858.SZ,2014-08-11,19.19,19.03,0.0084,140997,270539.6427,甲午,壬申,甲寅,1,2014,8,1,0.008372628711550456,1,甲,寅,木,木,壬,申,水,金,False,False,0.0031578973611354013,2014-W33,2014-08
000858.SZ,2014-08-12,19.18,19.19,-0.0005,119386,229253.2404,甲午,壬申,乙卯,2,2014,8,1,-0.000521240564316475,0,乙,卯,木,木,壬,申,水,金,False,False,0.008372628711550456,2014-W33,2014-08
000858.SZ,2014-08-13,19.49,19.18,0.0162,362377,705887.6174,甲午,壬申,丙辰,3,2014,8,1,0.016033444064177206,1,丙,辰,火,土,壬,申,水,金,False,False,-0.000521240564316475,2014-W33,2014-08
000858.SZ,2014-08-14,19.28,19.49,-0.0108,174351,339998.6398,甲午,壬申,丁巳,4,2014,8,1,-0.010833224337069743,0,丁,巳,火,火,壬,申,水,金,False,False,0.016033444064177206,2014-W33,2014-08
000858.SZ,2014-08-15,19.5,19.28,0.0114,213131,416132.9339,甲午,壬申,戊午,5,2014,8,1,0.011346176387301522,1,戊,午,土,火,壬,申,水,金,False,False,-0.010833224337069743,2014-W33,2014-08
000858.SZ,2014-08-18,19.63,19.5,0.0067,168613,331322.8956,甲午,壬申,辛酉,1,2014,8,1,0.006644542718668511,1,辛,酉,金,金,壬,申,水,金,False,False,0.011346176387301522,2014-W34,2014-08
000858.SZ,2014-08-19,19.49,19.63,-0.0071,173423,337909.8057,甲午,壬申,壬戌,2,2014,8,1,-0.00715749476890029,0,壬,戌,水,土,壬,申,水,金,False,False,0.006644542718668511,2014-W34,2014-08
000858.SZ,2014-08-20,19.75,19.49,0.0133,244430,480002.4639,甲午,壬申,癸亥,3,2014,8,1,0.013251977827661496,1,癸,亥,水,水,壬,申,水,金,False,False,-0.00715749476890029,2014-W34,2014-08
000858.SZ,2014-08-21,19.42,19.75,-0.0167,129832,252745.1012,甲午,壬申,甲子,4,2014,8,1,-0.01685002848395198,0,甲,子,木,水,壬,申,水,金,False,False,0.013251977827661496,2014-W34,2014-08
000858.SZ,2014-08-22,19.44,19.42,0.001,122738,238799.5939,甲午,壬申,乙丑,5,2014,8,1,0.0010293361691140592,1,乙,丑,木,土,壬,申,水,金,False,False,-0.01685002848395198,2014-W34,2014-08
000858.SZ,2014-08-25,18.87,19.44,-0.0293,241972,459868.7566,甲午,壬申,戊辰,1,2014,8,1,-0.02975943965183419,0,戊,辰,土,土,壬,申,水,金,False,False,0.0010293361691140592,2014-W35,2014-08
000858.SZ,2014-08-26,18.7,18.87,-0.009,136947,257592.2301,甲午,壬申,己巳,2,2014,8,1,-0.009049835519918038,0,己,巳,土,火,壬,申,水,金,False,False,-0.02975943965183419,2014-W35,2014-08
000858.SZ,2014-08-27,18.8,18.7,0.0053,75318,141262.3485,甲午,壬申,庚午,3,2014,8,1,0.005333345975362603,1,庚,午,金,火,壬,申,水,金,False,True,-0.009049835519918038,2014-W35,2014-08
000858.SZ,2014-08-28,18.37,18.8,-0.0229,190657,353321.4379,甲午,壬申,辛未,4,2014,8,1,-0.023137970608869202,0,辛,未,金,土,壬,申,水,金,False,True,0.005333345975362603,2014-W35,2014-08
000858.SZ,2014-08-29,18.73,18.37,0.0196,139592,259679.8702,甲午,壬申,壬申,5,2014,8,1,0.019407617228962875,1,壬,申,水,金,壬,申,水,金,False,True,-0.023137970608869202,2014-W35,2014-08
000858.SZ,2014-09-01,18.81,18.73,0.0043,207936,388991.9942,甲午,壬申,乙亥,1,2014,9,1,0.004262126856941816,1,乙,亥,木,水,壬,申,水,金,True,False,0.019407617228962875,2014-W36,2014-09
000858.SZ,2014-09-02,19.33,18.81,0.0276,300523,576660.4765,甲午,壬申,丙子,2,2014,9,1,0.027269649907300412,1,丙,子,火,水,壬,申,水,金,True,False,0.004262126856941816,2014-W36,2014-09
000858.SZ,2014-09-03,19.43,19.33,0.0052,220595,431779.0755,甲午,壬申,丁丑,3,2014,9,1,0.0051599701691093305,1,丁,丑,火,土,壬,申,水,金,True,False,0.027269649907300412,2014-W36,2014-09
000858.SZ,2014-09-04,19.54,19.43,0.0057,136699,266866.111,甲午,壬申,戊寅,4,2014,9,1,0.00564538322528804,1,戊,寅,土,木,壬,申,水,金,True,False,0.0051599701691093305,2014-W36,2014-09
000858.SZ,2014-09-05,19.41,19.54,-0.0067,200688,390167.293,甲午,壬申,己卯,5,2014,9,1,-0.0066752494337177564,0,己,卯,土,木,壬,申,水,金,True,False,0.00564538322528804,2014-W36,2014-09
000858.SZ,2014-09-09,19.15,19.41,-0.0134,203500,390491.949,甲午,癸酉,癸未,2,2014,9,1,-0.013485681554263941,0,癸,未,水,土,癸,酉,水,金,False,False,-0.0066752494337177564,2014-W37,2014-09
000858.SZ,2014-09-10,19.18,19.15,0.0016,132026,252943.7613,甲午,癸酉,甲申,3,2014,9,1,0.0015653538286372396,1,甲,申,木,金,癸,酉,水,金,False,False,-0.013485681554263941,2014-W37,2014-09
000858.SZ,2014-09-11,19.03,19.18,-0.0078,189283,362253.4884,甲午,癸酉,乙酉,4,2014,9,1,-0.007851388147233972,0,乙,酉,木,金,癸,酉,水,金,False,False,0.0015653538286372396,2014-W37,2014-09
000858.SZ,2014-09-12,19.01,19.03,-0.0011,169506,320386.3459,甲午,癸酉,丙戌,5,2014,9,1,-0.0010515248077202785,0,丙,戌,火,土,癸,酉,水,金,False,False,-0.007851388147233972,2014-W37,2014-09
000858.SZ,2014-09-15,18.87,19.01,-0.0074,200509,377529.6613,甲午,癸酉,己丑,1,2014,9,1,-0.007391797119879022,0,己,丑,土,土,癸,酉,水,金,False,False,-0.0010515248077202785,2014-W38,2014-09
000858.SZ,2014-09-16,18.53,18.87,-0.018,210715,395320.3005,甲午,癸酉,庚寅,2,2014,9,1,-0.018182319083190474,0,庚,寅,金,木,癸,酉,水,金,False,False,-0.007391797119879022,2014-W38,2014-09
000858.SZ,2014-09-17,18.5,18.53,-0.0016,180646,334142.1627,甲午,癸酉,辛卯,3,2014,9,1,-0.0016203082129893137,0,辛,卯,金,木,癸,酉,水,金,False,False,-0.018182319083190474,2014-W38,2014-09
000858.SZ,2014-09-18,18.49,18.5,-0.0005,196377,362674.5961,甲午,癸酉,壬辰,4,2014,9,1,-0.0005406866852457616,0,壬,辰,水,土,癸,酉,水,金,False,False,-0.0016203082129893137,2014-W38,2014-09
000858.SZ,2014-09-19,18.68,18.49,0.0103,191470,355729.0457,甲午,癸酉,癸巳,5,2014,9,1,0.01022338740166305,1,癸,巳,水,火,癸,酉,水,金,False,False,-0.0005406866852457616,2014-W38,2014-09
000858.SZ,2014-09-22,18.09,18.68,-0.0316,230800,421033.4728,甲午,癸酉,丙申,1,2014,9,1,-0.03209413339349281,0,丙,申,火,金,癸,酉,水,金,False,False,0.01022338740166305,2014-W39,2014-09
000858.SZ,2014-09-23,18.17,18.09,0.0044,197417,356942.6879,甲午,癸酉,丁酉,2,2014,9,1,0.0044125830008762525,1,丁,酉,火,金,癸,酉,水,金,False,False,-0.03209413339349281,2014-W39,2014-09
000858.SZ,2014-09-24,18.46,18.17,0.016,215006,392422.5759,甲午,癸酉,戊戌,3,2014,9,1,0.0158343466666263,1,戊,戌,土,土,癸,酉,水,金,False,False,0.0044125830008762525,2014-W39,2014-09
000858.SZ,2014-09-25,18.47,18.46,0.0005,255485,473997.6466,甲午,癸酉,己亥,4,2014,9,1,0.0005415651364424427,1,己,亥,土,水,癸,酉,水,金,False,False,0.0158343466666263,2014-W39,2014-09
000858.SZ,2014-09-26,18.36,18.47,-0.006,137381,251846.058,甲午,癸酉,庚子,5,2014,9,1,-0.005973409018804102,0,庚,子,金,水,癸,酉,水,金,False,True,0.0005415651364424427,2014-W39,2014-09
000858.SZ,2014-09-29,18.45,18.36,0.0049,157740,291162.5541,甲午,癸酉,癸卯,1,2014,9,1,0.004889985294191771,1,癸,卯,水,木,癸,酉,水,金,False,True,-0.005973409018804102,2014-W40,2014-09
000858.SZ,2014-09-30,18.47,18.45,0.0011,141061,260501.0944,甲午,癸酉,甲辰,2,2014,9,1,0.0010834237246124504,1,甲,辰,木,土,癸,酉,水,金,False,True,0.004889985294191771,2014-W40,2014-09
000858.SZ,2014-10-08,18.36,18.47,-0.006,249071,454479.306,甲午,甲戌,壬子,3,2014,10,1,-0.005973409018804102,0,壬,子,水,水,甲,戌,木,土,False,False,0.0010834237246124504,2014-W41,2014-10
000858.SZ,2014-10-09,18.62,18.36,0.0142,249840,461196.1637,甲午,甲戌,癸丑,4,2014,10,1,0.014061886656576629,1,癸,丑,水,土,甲,戌,木,土,False,False,-0.005973409018804102,2014-W41,2014-10
000858.SZ,2014-10-10,18.35,18.62,-0.0145,207673,382078.8961,甲午,甲戌,甲寅,5,2014,10,1,-0.014606697348341696,0,甲,寅,木,木,甲,戌,木,土,False,False,0.014061886656576629,2014-W41,2014-10
000858.SZ,2014-10-13,18.02,18.35,-0.018,254654,459056.1537,甲午,甲戌,丁巳,1,2014,10,1,-0.01814732232038758,0,丁,巳,火,火,甲,戌,木,土,False,False,-0.014606697348341696,2014-W42,2014-10
000858.SZ,2014-10-14,17.94,18.02,-0.0044,189361,340983.7464,甲午,甲戌,戊午,2,2014,10,1,-0.004449395549541736,0,戊,午,土,火,甲,戌,木,土,False,False,-0.01814732232038758,2014-W42,2014-10
000858.SZ,2014-10-15,17.78,17.94,-0.0089,315305,559175.5983,甲午,甲戌,己未,3,2014,10,1,-0.008958626544891572,0,己,未,土,土,甲,戌,木,土,False,False,-0.004449395549541736,2014-W42,2014-10
000858.SZ,2014-10-16,17.7,17.78,-0.0045,224405,398170.4535,甲午,甲戌,庚申,4,2014,10,1,-0.004509590505975149,0,庚,申,金,金,甲,戌,木,土,False,False,-0.008958626544891572,2014-W42,2014-10
000858.SZ,2014-10-17,18.03,17.7,0.0186,262599,468655.2514,甲午,甲戌,辛酉,5,2014,10,1,0.01847239763544248,1,辛,酉,金,金,甲,戌,木,土,False,False,-0.004509590505975149,2014-W42,2014-10
000858.SZ,2014-10-20,17.85,18.03,-0.01,199082,356004.4992,甲午,甲戌,甲子,1,2014,10,1,-0.01003352898957781,0,甲,子,木,水,甲,戌,木,土,False,False,0.01847239763544248,2014-W43,2014-10
000858.SZ,2014-10-21,17.69,17.85,-0.009,142260,253041.989,甲午,甲戌,乙丑,2,2014,10,1,-0.009004000053954143,0,乙,丑,木,土,甲,戌,木,土,False,False,-0.01003352898957781,2014-W43,2014-10
000858.SZ,2014-10-22,17.52,17.69,-0.0096,160526,282875.5827,甲午,甲戌,丙寅,3,2014,10,1,-0.009656422663448638,0,丙,寅,火,木,甲,戌,木,土,False,False,-0.009004000053954143,2014-W43,2014-10
000858.SZ,2014-10-23,17.26,17.52,-0.0148,183291,317917.6785,甲午,甲戌,丁卯,4,2014,10,1,-0.014951399852963367,0,丁,卯,火,木,甲,戌,木,土,False,False,-0.009656422663448638,2014-W43,2014-10
000858.SZ,2014-10-24,17.0,17.26,-0.0151,215149,367796.0997,甲午,甲戌,戊辰,5,2014,10,1,-0.015178341599065873,0,戊,辰,土,土,甲,戌,木,土,False,False,-0.014951399852963367,2014-W43,2014-10
000858.SZ,2014-10-27,17.07,17.0,0.0041,137811,233788.2773,甲午,甲戌,辛未,1,2014,10,1,0.004109192750133194,1,辛,未,金,土,甲,戌,木,土,False,True,-0.015178341599065873,2014-W44,2014-10
000858.SZ,2014-10-28,17.28,17.07,0.0123,157543,270629.4674,甲午,甲戌,壬申,2,2014,10,1,0.01222722656956034,1,壬,申,水,金,甲,戌,木,土,False,True,0.004109192750133194,2014-W44,2014-10
000858.SZ,2014-10-29,17.38,17.28,0.0058,255570,441180.2602,甲午,甲戌,癸酉,3,2014,10,1,0.00577035646133636,1,癸,酉,水,金,甲,戌,木,土,False,True,0.01222722656956034,2014-W44,2014-10
000858.SZ,2014-10-30,17.32,17.38,-0.0035,207916,360679.7128,甲午,甲戌,甲戌,4,2014,10,1,-0.0034582167029568295,0,甲,戌,木,土,甲,戌,木,土,False,True,0.00577035646133636,2014-W44,2014-10
000858.SZ,2014-10-31,17.69,17.32,0.0214,330893,580355.4635,甲午,甲戌,乙亥,5,2014,10,1,0.021137605037404816,1,乙,亥,木,水,甲,戌,木,土,False,True,-0.0034582167029568295,2014-W44,2014-10
000858.SZ,2014-11-03,17.6,17.69,-0.0051,217701,384604.6037,甲午,甲戌,戊寅,1,2014,11,1,-0.005100606127587797,0,戊,寅,土,木,甲,戌,木,土,True,False,0.021137605037404816,2014-W45,2014-11
000858.SZ,2014-11-04,17.38,17.6,-0.0125,202210,352345.0181,甲午,甲戌,己卯,2,2014,11,1,-0.012578782206860298,0,己,卯,土,木,甲,戌,木,土,True,False,-0.005100606127587797,2014-W45,2014-11
000858.SZ,2014-11-05,17.21,17.38,-0.0098,190798,328607.3394,甲午,甲戌,庚辰,3,2014,11,1,-0.009829509613797797,0,庚,辰,金,土,甲,戌,木,土,True,False,-0.012578782206860298,2014-W45,2014-11
000858.SZ,2014-11-06,17.32,17.21,0.0064,169478,292593.2189,甲午,甲戌,辛巳,4,2014,11,1,0.0063712929108411046,1,辛,巳,金,火,甲,戌,木,土,False,False,-0.009829509613797797,2014-W45,2014-11
000858.SZ,2014-11-07,17.17,17.32,-0.0087,225256,388010.5217,甲午,乙亥,壬午,5,2014,11,1,-0.008698228224904838,0,壬,午,水,火,乙,亥,木,水,False,False,0.0063712929108411046,2014-W45,2014-11
000858.SZ,2014-11-10,17.96,17.17,0.046,601870,1064491.9577,甲午,乙亥,乙酉,1,2014,11,1,0.04498338796466941,1,乙,酉,木,金,乙,亥,木,水,False,False,-0.008698228224904838,2014-W46,2014-11
000858.SZ,2014-11-11,17.9,17.96,-0.0033,614740,1105556.1769,甲午,乙亥,丙戌,2,2014,11,1,-0.003346350027344395,0,丙,戌,火,土,乙,亥,木,水,False,False,0.04498338796466941,2014-W46,2014-11
000858.SZ,2014-11-12,18.0,17.9,0.0056,278278,498251.3086,甲午,乙亥,丁亥,3,2014,11,1,0.0055710450494554295,1,丁,亥,火,水,乙,亥,木,水,False,False,-0.003346350027344395,2014-W46,2014-11
000858.SZ,2014-11-13,17.8,18.0,-0.0111,243227,433297.5122,甲午,乙亥,戊子,4,2014,11,1,-0.011173300598125189,0,戊,子,土,水,乙,亥,木,水,False,False,0.0055710450494554295,2014-W46,2014-11
000858.SZ,2014-11-14,18.22,17.8,0.0236,482911,875332.0094,甲午,乙亥,己丑,5,2014,11,1,0.02332143453377279,1,己,丑,土,土,乙,亥,木,水,False,False,-0.011173300598125189,2014-W46,2014-11
000858.SZ,2014-11-17,17.98,18.22,-0.0132,399234,729166.0347,甲午,乙亥,壬辰,1,2014,11,1,-0.013259862788337906,0,壬,辰,水,土,乙,亥,木,水,False,False,0.02332143453377279,2014-W47,2014-11
000858.SZ,2014-11-18,17.65,17.98,-0.0184,302534,536618.6365,甲午,乙亥,癸巳,2,2014,11,1,-0.018524245664168524,0,癸,巳,水,火,乙,亥,木,水,False,False,-0.013259862788337906,2014-W47,2014-11
000858.SZ,2014-11-19,17.5,17.65,-0.0085,206807,362082.3118,甲午,乙亥,甲午,3,2014,11,1,-0.008534902449837331,0,甲,午,木,火,乙,亥,木,水,False,False,-0.018524245664168524,2014-W47,2014-11
000858.SZ,2014-11-20,17.5,17.5,0.0,130599,227742.2707,甲午,乙亥,乙未,4,2014,11,1,0.0,0,乙,未,木,土,乙,亥,木,水,False,False,-0.008534902449837331,2014-W47,2014-11
000858.SZ,2014-11-21,17.65,17.5,0.0086,201379,353196.2167,甲午,乙亥,丙申,5,2014,11,1,0.008534902449837286,1,丙,申,火,金,乙,亥,木,水,False,False,0.0,2014-W47,2014-11
000858.SZ,2014-11-24,17.83,17.65,0.0102,344186,612585.2927,甲午,乙亥,己亥,1,2014,11,1,0.010146648495743312,1,己,亥,土,水,乙,亥,木,水,False,False,0.008534902449837286,2014-W48,2014-11
000858.SZ,2014-11-25,17.96,17.83,0.0073,300503,537045.6437,甲午,乙亥,庚子,2,2014,11,1,0.007264630999004576,1,庚,子,金,水,乙,亥,木,水,False,False,0.010146648495743312,2014-W48,2014-11
000858.SZ,2014-11-26,18.15,17.96,0.0106,413027,744828.5646,甲午,乙亥,辛丑,3,2014,11,1,0.010523497836806056,1,辛,丑,金,土,乙,亥,木,水,False,True,0.007264630999004576,2014-W48,2014-11
000858.SZ,2014-11-27,18.06,18.15,-0.005,399713,723209.7122,甲午,乙亥,壬寅,4,2014,11,1,-0.004971012722020386,0,壬,寅,水,木,乙,亥,木,水,False,True,0.010523497836806056,2014-W48,2014-11
000858.SZ,2014-11-28,18.1,18.06,0.0022,412075,739515.5264,甲午,乙亥,癸卯,5,2014,11,1,0.0022123902829408637,1,癸,卯,水,木,乙,亥,木,水,False,True,-0.004971012722020386,2014-W48,2014-11
000858.SZ,2014-12-01,18.85,18.1,0.0414,1050658,1953994.1377,甲午,乙亥,丙午,1,2014,12,1,0.04060097562223966,1,丙,午,火,火,乙,亥,木,水,True,False,0.0022123902829408637,2014-W49,2014-12
000858.SZ,2014-12-02,18.92,18.85,0.0037,804507,1512145.8653,甲午,乙亥,丁未,2,2014,12,1,0.003706649729712405,1,丁,未,火,土,乙,亥,木,水,True,False,0.04060097562223966,2014-W49,2014-12
000858.SZ,2014-12-03,19.44,18.92,0.0275,1181069,2301389.1371,甲午,乙亥,戊申,3,2014,12,1,0.02711323540856067,1,戊,申,土,金,乙,亥,木,水,True,False,0.003706649729712405,2014-W49,2014-12
000858.SZ,2014-12-04,20.03,19.44,0.0304,949757,1885335.8704,甲午,乙亥,己酉,4,2014,12,1,0.029898350645433964,1,己,酉,土,金,乙,亥,木,水,True,False,0.02711323540856067,2014-W49,2014-12
000858.SZ,2014-12-05,19.63,20.03,-0.02,1182565,2351545.8029,甲午,乙亥,庚戌,5,2014,12,1,-0.020172141389357332,0,庚,戌,金,土,乙,亥,木,水,True,False,0.029898350645433964,2014-W49,2014-12
000858.SZ,2014-12-08,20.23,19.63,0.0306,898422,1785138.7172,甲午,丙子,癸丑,1,2014,12,1,0.030107642891284554,1,癸,丑,水,土,丙,子,火,水,False,False,-0.020172141389357332,2014-W50,2014-12
000858.SZ,2014-12-09,19.74,20.23,-0.0242,1502051,3098436.7674,甲午,丙子,甲寅,2,2014,12,1,-0.024519617174318727,0,甲,寅,木,木,丙,子,火,水,False,False,0.030107642891284554,2014-W50,2014-12
000858.SZ,2014-12-10,20.57,19.74,0.042,824270,1676004.9639,甲午,丙子,乙卯,3,2014,12,1,0.04118666965953046,1,乙,卯,木,木,丙,子,火,水,False,False,-0.024519617174318727,2014-W50,2014-12
000858.SZ,2014-12-11,20.35,20.57,-0.0107,667211,1372883.9725,甲午,丙子,丙辰,4,2014,12,1,-0.010752791776261737,0,丙,辰,火,土,丙,子,火,水,False,False,0.04118666965953046,2014-W50,2014-12
000858.SZ,2014-12-12,20.37,20.35,0.001,512511,1048685.6113,甲午,丙子,丁巳,5,2014,12,1,0.000982318350110486,1,丁,巳,火,火,丙,子,火,水,False,False,-0.010752791776261737,2014-W50,2014-12
000858.SZ,2014-12-15,20.51,20.37,0.0069,522025,1061462.034,甲午,丙子,庚申,1,2014,12,1,0.006849341845574768,1,庚,申,金,金,丙,子,火,水,False,False,0.000982318350110486,2014-W51,2014-12
000858.SZ,2014-12-16,20.27,20.51,-0.0117,538730,1088529.0437,甲午,丙子,辛酉,2,2014,12,1,-0.011770611620380655,0,辛,酉,金,金,丙,子,火,水,False,False,0.006849341845574768,2014-W51,2014-12
000858.SZ,2014-12-17,19.98,20.27,-0.0143,572088,1142767.8173,甲午,丙子,壬戌,3,2014,12,1,-0.014410187243501217,0,壬,戌,水,土,丙,子,火,水,False,False,-0.011770611620380655,2014-W51,2014-12
000858.SZ,2014-12-18,19.96,19.98,-0.001,420768,842179.7613,甲午,丙子,癸亥,4,2014,12,1,-0.0010015023370895213,0,癸,亥,水,水,丙,子,火,水,False,False,-0.014410187243501217,2014-W51,2014-12
000858.SZ,2014-12-19,20.02,19.96,0.003,987898,1984106.9257,甲午,丙子,甲子,5,2014,12,1,0.003001503003756558,1,甲,子,木,水,丙,子,火,水,False,False,-0.0010015023370895213,2014-W51,2014-12
000858.SZ,2014-12-22,21.3,20.02,0.0639,1592914,3288819.7876,甲午,丙子,丁卯,1,2014,12,1,0.06197529882830496,1,丁,卯,火,木,丙,子,火,水,False,False,0.003001503003756558,2014-W52,2014-12
000858.SZ,2014-12-23,21.73,21.3,0.0202,1728907,3744426.3451,甲午,丙子,戊辰,2,2014,12,1,0.019986721552958886,1,戊,辰,土,土,丙,子,火,水,False,False,0.06197529882830496,2014-W52,2014-12
000858.SZ,2014-12-24,21.03,21.73,-0.0322,1182611,2554369.6236,甲午,丙子,己巳,3,2014,12,1,-0.03274380455372982,0,己,巳,土,火,丙,子,火,水,False,False,0.019986721552958886,2014-W52,2014-12
000858.SZ,2014-12-25,21.42,21.03,0.0185,755070,1600573.568,甲午,丙子,庚午,4,2014,12,1,0.018375075304994333,1,庚,午,金,火,丙,子,火,水,False,False,-0.03274380455372982,2014-W52,2014-12
000858.SZ,2014-12-26,21.61,21.42,0.0089,774014,1656634.2437,甲午,丙子,辛未,5,2014,12,1,0.008831105499191865,1,辛,未,金,土,丙,子,火,水,False,False,0.018375075304994333,2014-W52,2014-12
000858.SZ,2014-12-29,21.65,21.61,0.0019,1072814,2342238.1532,甲午,丙子,甲戌,1,2014,12,1,0.0018492839297042853,1,甲,戌,木,土,丙,子,火,水,False,True,0.008831105499191865,2015-W01,2014-12
000858.SZ,2014-12-30,21.32,21.65,-0.0152,606038,1299811.2357,甲午,丙子,乙亥,2,2014,12,1,-0.015359855150854957,0,乙,亥,木,水,丙,子,火,水,False,True,0.0018492839297042853,2015-W01,2014-12
000858.SZ,2014-12-31,21.5,21.32,0.0084,530773,1139378.7388,甲午,丙子,丙子,3,2014,12,1,0.00840733583597323,1,丙,子,火,水,丙,子,火,水,False,True,-0.015359855150854957,2015-W01,2014-12
000858.SZ,2015-01-05,23.65,21.5,0.1,1673427,3804923.2824,甲午,丙子,辛巳,1,2015,1,1,0.09531017980432474,1,辛,巳,金,火,丙,子,火,水,True,False,0.00840733583597323,2015-W02,2015-01
000858.SZ,2015-01-06,23.76,23.65,0.0047,1280984,3026412.8175,甲午,丁丑,壬午,2,2015,1,1,0.004640379556502301,1,壬,午,水,火,丁,丑,火,土,False,False,0.09531017980432474,2015-W02,2015-01
000858.SZ,2015-01-07,23.48,23.76,-0.0118,930954,2215338.5038,甲午,丁丑,癸未,3,2015,1,1,-0.011854499534548481,0,癸,未,水,土,丁,丑,火,土,False,False,0.004640379556502301,2015-W02,2015-01
000858.SZ,2015-01-08,23.93,23.48,0.0192,886984,2110107.1699,甲午,丁丑,甲申,4,2015,1,1,0.018983906960386245,1,甲,申,木,金,丁,丑,火,土,False,False,-0.011854499534548481,2015-W02,2015-01
000858.SZ,2015-01-09,23.72,23.93,-0.0088,972303,2367707.5894,甲午,丁丑,乙酉,5,2015,1,1,-0.008814327790757241,0,乙,酉,木,金,丁,丑,火,土,False,False,0.018983906960386245,2015-W02,2015-01
000858.SZ,2015-01-12,23.04,23.72,-0.0287,707087,1636654.0753,甲午,丁丑,戊子,1,2015,1,1,-0.029086738301834152,0,戊,子,土,水,丁,丑,火,土,False,False,-0.008814327790757241,2015-W03,2015-01
000858.SZ,2015-01-13,22.97,23.04,-0.003,368958,850294.0645,甲午,丁丑,己丑,2,2015,1,1,-0.0030428191266835825,0,己,丑,土,土,丁,丑,火,土,False,False,-0.029086738301834152,2015-W03,2015-01
000858.SZ,2015-01-14,22.33,22.97,-0.0279,561031,1267417.8607,甲午,丁丑,庚寅,3,2015,1,1,-0.02825795084894037,0,庚,寅,金,木,丁,丑,火,土,False,False,-0.0030428191266835825,2015-W03,2015-01
000858.SZ,2015-01-15,22.86,22.33,0.0237,424338,953670.3611,甲午,丁丑,辛卯,4,2015,1,1,0.023457592514598072,1,辛,卯,金,木,丁,丑,火,土,False,False,-0.02825795084894037,2015-W03,2015-01
000858.SZ,2015-01-16,23.37,22.86,0.0223,476743,1103523.3413,甲午,丁丑,壬辰,5,2015,1,1,0.022064490184102024,1,壬,辰,水,土,丁,丑,火,土,False,False,0.023457592514598072,2015-W03,2015-01
000858.SZ,2015-01-19,21.55,23.37,-0.0779,756779,1682074.6611,甲午,丁丑,乙未,1,2015,1,1,-0.0810773320010098,0,乙,未,木,土,丁,丑,火,土,False,False,0.022064490184102024,2015-W04,2015-01
000858.SZ,2015-01-20,22.11,21.55,0.026,527851,1163823.5725,甲午,丁丑,丙申,2,2015,1,1,0.02565417831959811,1,丙,申,火,金,丁,丑,火,土,False,False,-0.0810773320010098,2015-W04,2015-01
000858.SZ,2015-01-21,22.77,22.11,0.0299,489563,1103695.6333,甲午,丁丑,丁酉,3,2015,1,1,0.029413885206293407,1,丁,酉,火,金,丁,丑,火,土,False,False,0.02565417831959811,2015-W04,2015-01
000858.SZ,2015-01-22,22.94,22.77,0.0075,460675,1056323.347,甲午,丁丑,戊戌,4,2015,1,1,0.007438231625576535,1,戊,戌,土,土,丁,丑,火,土,False,False,0.029413885206293407,2015-W04,2015-01
000858.SZ,2015-01-23,22.41,22.94,-0.0231,521083,1177290.6536,甲午,丁丑,己亥,5,2015,1,1,-0.023374823888389098,0,己,亥,土,水,丁,丑,火,土,False,False,0.007438231625576535,2015-W04,2015-01
000858.SZ,2015-01-26,22.69,22.41,0.0125,403984,907596.6237,甲午,丁丑,壬寅,1,2015,1,1,0.012417010978914737,1,壬,寅,水,木,丁,丑,火,土,False,False,-0.023374823888389098,2015-W05,2015-01
000858.SZ,2015-01-27,23.03,22.69,0.015,655775,1500762.8424,甲午,丁丑,癸卯,2,2015,1,1,0.014873415040843482,1,癸,卯,水,木,丁,丑,火,土,False,True,0.012417010978914737,2015-W05,2015-01
000858.SZ,2015-01-28,22.7,23.03,-0.0143,365013,834904.5688,甲午,丁丑,甲辰,3,2015,1,1,-0.014432789345236917,0,甲,辰,木,土,丁,丑,火,土,False,True,0.014873415040843482,2015-W05,2015-01
000858.SZ,2015-01-29,22.23,22.7,-0.0207,330537,738994.4624,甲午,丁丑,乙巳,4,2015,1,1,-0.020922196511251694,0,乙,巳,木,火,丁,丑,火,土,False,True,-0.014432789345236917,2015-W05,2015-01
000858.SZ,2015-01-30,22.2,22.23,-0.0014,304848,683442.3018,甲午,丁丑,丙午,5,2015,1,1,-0.0013504390978714624,0,丙,午,火,火,丁,丑,火,土,False,True,-0.020922196511251694,2015-W05,2015-01
000858.SZ,2015-02-02,21.46,22.2,-0.0333,363009,784198.1372,甲午,丁丑,己酉,1,2015,2,1,-0.03390155167568123,0,己,酉,土,金,丁,丑,火,土,True,False,-0.0013504390978714624,2015-W06,2015-02
000858.SZ,2015-02-03,21.7,21.46,0.0112,305806,658352.8495,甲午,丁丑,庚戌,2,2015,2,1,0.011121523343861416,1,庚,戌,金,土,丁,丑,火,土,True,False,-0.03390155167568123,2015-W06,2015-02
000858.SZ,2015-02-04,21.56,21.7,-0.0065,274984,597942.788,乙未,戊寅,辛亥,3,2015,2,1,-0.006472514505617479,0,辛,亥,金,水,戊,寅,土,木,True,False,0.011121523343861416,2015-W06,2015-02
000858.SZ,2015-02-05,21.15,21.56,-0.019,322855,696131.6683,乙未,戊寅,壬子,4,2015,2,1,-0.019199840548509456,0,壬,子,水,水,戊,寅,土,木,True,False,-0.006472514505617479,2015-W06,2015-02
000858.SZ,2015-02-06,20.33,21.15,-0.0388,427790,882436.886,乙未,戊寅,癸丑,5,2015,2,1,-0.03954227785203177,0,癸,丑,水,土,戊,寅,土,木,False,False,-0.019199840548509456,2015-W06,2015-02
000858.SZ,2015-02-09,20.77,20.33,0.0216,307058,635654.4772,乙未,戊寅,丙辰,1,2015,2,1,0.0214120102477657,1,丙,辰,火,土,戊,寅,土,木,False,False,-0.03954227785203177,2015-W07,2015-02
000858.SZ,2015-02-10,21.15,20.77,0.0183,278326,588688.755,乙未,戊寅,丁巳,2,2015,2,1,0.018130267604266097,1,丁,巳,火,火,戊,寅,土,木,False,False,0.0214120102477657,2015-W07,2015-02
000858.SZ,2015-02-11,21.13,21.15,-0.0009,172477,365326.4271,乙未,戊寅,戊午,3,2015,2,1,-0.0009460738643216462,0,戊,午,土,火,戊,寅,土,木,False,False,0.018130267604266097,2015-W07,2015-02
000858.SZ,2015-02-12,21.53,21.13,0.0189,269649,577766.8607,乙未,戊寅,己未,4,2015,2,1,0.018753479748306365,1,己,未,土,土,戊,寅,土,木,False,False,-0.0009460738643216462,2015-W07,2015-02
000858.SZ,2015-02-13,21.48,21.53,-0.0023,329246,712611.8566,乙未,戊寅,庚申,5,2015,2,1,-0.0023250417356077235,0,庚,申,金,金,戊,寅,土,木,False,False,0.018753479748306365,2015-W07,2015-02
000858.SZ,2015-02-16,21.39,21.48,-0.0042,288476,614730.9553,乙未,戊寅,癸亥,1,2015,2,1,-0.004198746546349715,0,癸,亥,水,水,戊,寅,土,木,False,False,-0.0023250417356077235,2015-W08,2015-02
000858.SZ,2015-02-17,21.27,21.39,-0.0056,299423,638878.0023,乙未,戊寅,甲子,2,2015,2,1,-0.005625893882168437,0,甲,子,木,水,戊,寅,土,木,False,False,-0.004198746546349715,2015-W08,2015-02
000858.SZ,2015-02-25,20.72,21.27,-0.0259,434505,907219.7045,乙未,戊寅,壬申,3,2015,2,1,-0.026198211820863584,0,壬,申,水,金,戊,寅,土,木,False,True,-0.005625893882168437,2015-W09,2015-02
000858.SZ,2015-02-26,21.22,20.72,0.0241,293709,616116.0262,乙未,戊寅,癸酉,4,2015,2,1,0.023844715794554664,1,癸,酉,水,金,戊,寅,土,木,False,True,-0.026198211820863584,2015-W09,2015-02
000858.SZ,2015-02-27,21.38,21.22,0.0075,471028,1009783.0664,乙未,戊寅,甲戌,5,2015,2,1,0.007511772411062185,1,甲,戌,木,土,戊,寅,土,木,False,True,0.023844715794554664,2015-W09,2015-02
000858.SZ,2015-03-02,21.24,21.38,-0.0065,460759,976106.9395,乙未,戊寅,丁丑,1,2015,3,1,-0.006569709223161073,0,丁,丑,火,土,戊,寅,土,木,True,False,0.007511772411062185,2015-W10,2015-03
000858.SZ,2015-03-03,20.83,21.24,-0.0193,384563,806020.7583,乙未,戊寅,戊寅,2,2015,3,1,-0.019491941100857495,0,戊,寅,土,木,戊,寅,土,木,True,False,-0.006569709223161073,2015-W10,2015-03
000858.SZ,2015-03-04,21.04,20.83,0.0101,282399,591907.1836,乙未,戊寅,己卯,3,2015,3,1,0.010031132596628602,1,己,卯,土,木,戊,寅,土,木,True,False,-0.019491941100857495,2015-W10,2015-03
000858.SZ,2015-03-05,20.73,21.04,-0.0147,331191,687397.1233,乙未,戊寅,庚辰,4,2015,3,1,-0.014843461421820836,0,庚,辰,金,土,戊,寅,土,木,True,False,0.010031132596628602,2015-W10,2015-03
000858.SZ,2015-03-06,20.92,20.73,0.0092,326828,683272.0155,乙未,己卯,辛巳,5,2015,3,1,0.009123712749033917,1,辛,巳,金,火,己,卯,土,木,False,False,-0.014843461421820836,2015-W10,2015-03
000858.SZ,2015-03-09,21.27,20.92,0.0167,400692,839462.4231,乙未,己卯,甲申,1,2015,3,1,0.016591990015423524,1,甲,申,木,金,己,卯,土,木,False,False,0.009123712749033917,2015-W11,2015-03
000858.SZ,2015-03-10,21.31,21.27,0.0019,404489,862732.4947,乙未,己卯,乙酉,2,2015,3,1,0.0018788168983799455,1,乙,酉,木,金,己,卯,土,木,False,False,0.016591990015423524,2015-W11,2015-03
000858.SZ,2015-03-11,21.3,21.31,-0.0005,364304,780151.9238,乙未,己卯,丙戌,3,2015,3,1,-0.00046937339514628774,0,丙,戌,火,土,己,卯,土,木,False,False,0.0018788168983799455,2015-W11,2015-03
000858.SZ,2015-03-12,21.7,21.3,0.0188,540556,1165160.3973,乙未,己卯,丁亥,4,2015,3,1,0.018605187831034268,1,丁,亥,火,水,己,卯,土,木,False,False,-0.00046937339514628774,2015-W11,2015-03
000858.SZ,2015-03-13,21.64,21.7,-0.0028,377907,818028.7001,乙未,己卯,戊子,5,2015,3,1,-0.002768806568133038,0,戊,子,土,水,己,卯,土,木,False,False,0.018605187831034268,2015-W11,2015-03
000858.SZ,2015-03-16,22.18,21.64,0.025,510504,1124314.5131,乙未,己卯,辛卯,1,2015,3,1,0.02464752794394019,1,辛,卯,金,木,己,卯,土,木,False,False,-0.002768806568133038,2015-W12,2015-03
000858.SZ,2015-03-17,22.48,22.18,0.0135,734385,1653452.5845,乙未,己卯,壬辰,2,2015,3,1,0.01343504310326935,1,壬,辰,水,土,己,卯,土,木,False,False,0.02464752794394019,2015-W12,2015-03
000858.SZ,2015-03-18,22.84,22.48,0.016,612525,1389880.9752,乙未,己卯,癸巳,3,2015,3,1,0.015887359762319146,1,癸,巳,水,火,己,卯,土,木,False,False,0.01343504310326935,2015-W12,2015-03
000858.SZ,2015-03-19,22.42,22.84,-0.0184,575195,1294801.5059,乙未,己卯,甲午,4,2015,3,1,-0.018559967143795562,0,甲,午,木,火,己,卯,土,木,False,False,0.015887359762319146,2015-W12,2015-03
000858.SZ,2015-03-20,22.63,22.42,0.0094,516933,1169876.4879,乙未,己卯,乙未,5,2015,3,1,0.009323042001432061,1,乙,未,木,土,己,卯,土,木,False,False,-0.018559967143795562,2015-W12,2015-03
000858.SZ,2015-03-23,22.84,22.63,0.0093,648065,1477464.2929,乙未,己卯,戊戌,1,2015,3,1,0.00923692514236342,1,戊,戌,土,土,己,卯,土,木,False,False,0.009323042001432061,2015-W13,2015-03
000858.SZ,2015-03-24,22.76,22.84,-0.0035,862353,1969214.4301,乙未,己卯,己亥,2,2015,3,1,-0.003508775529679254,0,己,亥,土,水,己,卯,土,木,False,False,0.00923692514236342,2015-W13,2015-03
000858.SZ,2015-03-25,22.48,22.76,-0.0123,571970,1289295.1123,乙未,己卯,庚子,3,2015,3,1,-0.012378584232639869,0,庚,子,金,水,己,卯,土,木,False,False,-0.003508775529679254,2015-W13,2015-03
000858.SZ,2015-03-26,23.34,22.48,0.0383,1025305,2357791.2174,乙未,己卯,辛丑,4,2015,3,1,0.037542601832919666,1,辛,丑,金,土,己,卯,土,木,False,False,-0.012378584232639869,2015-W13,2015-03
000858.SZ,2015-03-27,23.13,23.34,-0.009,579686,1340118.2284,乙未,己卯,壬寅,5,2015,3,1,-0.009038150615062145,0,壬,寅,水,木,己,卯,土,木,False,True,0.037542601832919666,2015-W13,2015-03
000858.SZ,2015-03-30,23.53,23.13,0.0173,710539,1660055.1299,乙未,己卯,乙巳,1,2015,3,1,0.01714572649592346,1,乙,巳,木,火,己,卯,土,木,False,True,-0.009038150615062145,2015-W14,2015-03
000858.SZ,2015-03-31,23.18,23.53,-0.0149,829189,1951956.2098,乙未,己卯,丙午,2,2015,3,1,-0.014986364827665565,0,丙,午,火,火,己,卯,土,木,False,True,0.01714572649592346,2015-W14,2015-03
000858.SZ,2015-04-01,23.21,23.18,0.0013,764227,1767887.5776,乙未,己卯,丁未,3,2015,4,1,0.0012933823747401456,1,丁,未,火,土,己,卯,土,木,True,False,-0.014986364827665565,2015-W14,2015-04
000858.SZ,2015-04-02,23.36,23.21,0.0065,650735,1518019.9391,乙未,己卯,戊申,4,2015,4,1,0.006441937673680552,1,戊,申,土,金,己,卯,土,木,True,False,0.0012933823747401456,2015-W14,2015-04
000858.SZ,2015-04-03,23.41,23.36,0.0021,627566,1465018.3025,乙未,己卯,己酉,5,2015,4,1,0.002138123542793029,1,己,酉,土,金,己,卯,土,木,True,False,0.006441937673680552,2015-W14,2015-04
000858.SZ,2015-04-07,24.18,23.41,0.0329,1025501,2447635.1674,乙未,庚辰,癸丑,2,2015,4,1,0.032362563683827304,1,癸,丑,水,土,庚,辰,金,土,False,False,0.002138123542793029,2015-W15,2015-04
000858.SZ,2015-04-08,24.17,24.18,-0.0004,1028817,2501701.1095,乙未,庚辰,甲寅,3,2015,4,1,-0.00041365047125491947,0,甲,寅,木,木,庚,辰,金,土,False,False,0.032362563683827304,2015-W15,2015-04
000858.SZ,2015-04-09,23.61,24.17,-0.0232,774139,1839300.1231,乙未,庚辰,乙卯,4,2015,4,1,-0.02344184361797018,0,乙,卯,木,木,庚,辰,金,土,False,False,-0.00041365047125491947,2015-W15,2015-04
000858.SZ,2015-04-10,24.17,23.61,0.0237,792327,1899312.6819,乙未,庚辰,丙辰,5,2015,4,1,0.023441843617970148,1,丙,辰,火,土,庚,辰,金,土,False,False,-0.02344184361797018,2015-W15,2015-04
000858.SZ,2015-04-13,24.67,24.17,0.0207,836057,2044776.6792,乙未,庚辰,己未,1,2015,4,1,0.0204757358258736,1,己,未,土,土,庚,辰,金,土,False,False,0.023441843617970148,2015-W16,2015-04
000858.SZ,2015-04-14,25.06,24.67,0.0158,967708,2440503.4636,乙未,庚辰,庚申,2,2015,4,1,0.0156850189266568,1,庚,申,金,金,庚,辰,金,土,False,False,0.0204757358258736,2015-W16,2015-04
000858.SZ,2015-04-15,24.78,25.06,-0.0112,715962,1790380.6438,乙未,庚辰,辛酉,3,2015,4,1,-0.01123607326692573,0,辛,酉,金,金,庚,辰,金,土,False,False,0.0156850189266568,2015-W16,2015-04
000858.SZ,2015-04-16,27.05,24.78,0.0916,1815556,4817906.1249,乙未,庚辰,壬戌,4,2015,4,1,0.0876501290914941,1,壬,戌,水,土,庚,辰,金,土,False,False,-0.01123607326692573,2015-W16,2015-04
000858.SZ,2015-04-17,26.75,27.05,-0.0111,1609852,4327118.2695,乙未,庚辰,癸亥,5,2015,4,1,-0.011152531950475003,0,癸,亥,水,水,庚,辰,金,土,False,False,0.0876501290914941,2015-W16,2015-04
000858.SZ,2015-04-20,26.17,26.75,-0.0217,1210758,3230897.0317,乙未,庚辰,丙寅,1,2015,4,1,-0.02192075679996099,0,丙,寅,火,木,庚,辰,金,土,False,False,-0.011152531950475003,2015-W17,2015-04
000858.SZ,2015-04-21,28.06,26.17,0.0722,1546096,4240138.1645,乙未,庚辰,丁卯,2,2015,4,1,0.06973135813226036,1,丁,卯,火,木,庚,辰,金,土,False,False,-0.02192075679996099,2015-W17,2015-04
000858.SZ,2015-04-22,28.18,28.06,0.0043,1013954,2833588.387,乙未,庚辰,戊辰,3,2015,4,1,0.00426743179621934,1,戊,辰,土,土,庚,辰,金,土,False,False,0.06973135813226036,2015-W17,2015-04
000858.SZ,2015-04-23,27.81,28.18,-0.0131,780430,2166905.0224,乙未,庚辰,己巳,4,2015,4,1,-0.013216838224660707,0,己,巳,土,火,庚,辰,金,土,False,False,0.00426743179621934,2015-W17,2015-04
000858.SZ,2015-04-24,26.89,27.81,-0.0331,889221,2396559.079,乙未,庚辰,庚午,5,2015,4,1,-0.033641197965100136,0,庚,午,金,火,庚,辰,金,土,False,False,-0.013216838224660707,2015-W17,2015-04
000858.SZ,2015-04-27,27.01,26.89,0.0045,691689,1869557.3281,乙未,庚辰,癸酉,1,2015,4,1,0.004452697523750864,1,癸,酉,水,金,庚,辰,金,土,False,True,-0.033641197965100136,2015-W18,2015-04
000858.SZ,2015-04-28,26.16,27.01,-0.0315,708932,1865677.6409,乙未,庚辰,甲戌,2,2015,4,1,-0.031975641215526276,0,甲,戌,木,土,庚,辰,金,土,False,True,0.004452697523750864,2015-W18,2015-04
000858.SZ,2015-04-29,26.16,26.16,0.0,545642,1421981.0996,乙未,庚辰,乙亥,3,2015,4,1,0.0,0,乙,亥,木,水,庚,辰,金,土,False,True,-0.031975641215526276,2015-W18,2015-04
000858.SZ,2015-04-30,26.11,26.16,-0.0019,394892,1035513.1221,乙未,庚辰,丙子,4,2015,4,1,-0.001913143877960527,0,丙,子,火,水,庚,辰,金,土,False,True,0.0,2015-W18,2015-04
000858.SZ,2015-05-04,26.58,26.11,0.018,529809,1410940.8401,乙未,庚辰,庚辰,1,2015,5,1,0.017840670574061742,1,庚,辰,金,土,庚,辰,金,土,True,False,-0.001913143877960527,2015-W19,2015-05
000858.SZ,2015-05-05,25.23,26.58,-0.0508,595615,1535342.3348,乙未,庚辰,辛巳,2,2015,5,1,-0.0521252906321328,0,辛,巳,金,火,庚,辰,金,土,True,False,0.017840670574061742,2015-W19,2015-05
000858.SZ,2015-05-06,24.79,25.23,-0.0174,585908,1487012.7522,乙未,辛巳,壬午,3,2015,5,1,-0.017593416605867322,0,壬,午,水,火,辛,巳,金,火,False,False,-0.0521252906321328,2015-W19,2015-05
000858.SZ,2015-05-07,24.85,24.79,0.0024,426473,1065763.6276,乙未,辛巳,癸未,4,2015,5,1,0.002417406495538622,1,癸,未,水,土,辛,巳,金,火,False,False,-0.017593416605867322,2015-W19,2015-05
000858.SZ,2015-05-08,25.55,24.85,0.0282,579847,1469988.0889,乙未,辛巳,甲申,5,2015,5,1,0.02777956410707567,1,甲,申,木,金,辛,巳,金,火,False,False,0.002417406495538622,2015-W19,2015-05
000858.SZ,2015-05-11,26.13,25.55,0.0227,601196,1548993.1375,乙未,辛巳,丁亥,1,2015,5,1,0.022446762882807524,1,丁,亥,火,水,辛,巳,金,火,False,False,0.02777956410707567,2015-W20,2015-05
000858.SZ,2015-05-12,26.14,26.13,0.0004,536796,1401938.0893,乙未,辛巳,戊子,2,2015,5,1,0.00038262866355472547,1,戊,子,土,水,辛,巳,金,火,False,False,0.022446762882807524,2015-W20,2015-05
000858.SZ,2015-05-13,26.25,26.14,0.0042,651338,1718423.151,乙未,辛巳,己丑,3,2015,5,1,0.004199280841556791,1,己,丑,土,土,辛,巳,金,火,False,False,0.00038262866355472547,2015-W20,2015-05
000858.SZ,2015-05-14,25.68,26.25,-0.0217,496238,1279981.3409,乙未,辛巳,庚寅,4,2015,5,1,-0.021953510215872298,0,庚,寅,金,木,辛,巳,金,火,False,False,0.004199280841556791,2015-W20,2015-05
000858.SZ,2015-05-15,25.25,25.68,-0.0167,458084,1165784.1227,乙未,辛巳,辛卯,5,2015,5,1,-0.01688632310039155,0,辛,卯,金,木,辛,巳,金,火,False,False,-0.021953510215872298,2015-W20,2015-05
000858.SZ,2015-05-18,25.0,25.25,-0.0099,353048,885896.0659,乙未,辛巳,甲午,1,2015,5,1,-0.009950330853168092,0,甲,午,木,火,辛,巳,金,火,False,False,-0.01688632310039155,2015-W21,2015-05
000858.SZ,2015-05-19,25.69,25.0,0.0276,472794,1203065.5469,乙未,辛巳,乙未,2,2015,5,1,0.027225986253591527,1,乙,未,木,土,辛,巳,金,火,False,False,-0.009950330853168092,2015-W21,2015-05
000858.SZ,2015-05-20,25.69,25.69,0.0,545839,1414103.2399,乙未,辛巳,丙申,3,2015,5,1,0.0,0,丙,申,火,金,辛,巳,金,火,False,False,0.027225986253591527,2015-W21,2015-05
000858.SZ,2015-05-21,26.59,25.69,0.035,676514,1786097.8326,乙未,辛巳,丁酉,4,2015,5,1,0.03443339413313618,1,丁,酉,火,金,辛,巳,金,火,False,False,0.0,2015-W21,2015-05
000858.SZ,2015-05-22,27.09,26.59,0.0188,766130,2059081.6371,乙未,辛巳,戊戌,5,2015,5,1,0.018629450842075398,1,戊,戌,土,土,辛,巳,金,火,False,False,0.03443339413313618,2015-W21,2015-05
000858.SZ,2015-05-25,27.6,27.09,0.0188,876302,2403079.2997,乙未,辛巳,辛丑,1,2015,5,1,0.018651116626100733,1,辛,丑,金,土,辛,巳,金,火,False,False,0.018629450842075398,2015-W22,2015-05
000858.SZ,2015-05-26,27.9,27.6,0.0109,963554,2658515.1523,乙未,辛巳,壬寅,2,2015,5,1,0.010810916104215456,1,壬,寅,水,木,辛,巳,金,火,False,False,0.018651116626100733,2015-W22,2015-05
000858.SZ,2015-05-27,27.59,27.9,-0.0111,796251,2200265.8659,乙未,辛巳,癸卯,3,2015,5,1,-0.011173300598125189,0,癸,卯,水,木,辛,巳,金,火,False,True,0.010810916104215456,2015-W22,2015-05
000858.SZ,2015-05-28,27.0,27.59,-0.0214,1283585,3624169.7669,乙未,辛巳,甲辰,4,2015,5,1,-0.02161652222486567,0,甲,辰,木,土,辛,巳,金,火,False,True,-0.011173300598125189,2015-W22,2015-05
000858.SZ,2015-05-29,26.83,27.0,-0.0063,742869,2003706.2824,乙未,辛巳,乙巳,5,2015,5,1,-0.006316201566796363,0,乙,巳,木,火,辛,巳,金,火,False,True,-0.02161652222486567,2015-W22,2015-05
000858.SZ,2015-06-01,28.22,26.83,0.0518,739648,2042249.9379,乙未,辛巳,戊申,1,2015,6,1,0.050510281987135267,1,戊,申,土,金,辛,巳,金,火,True,False,-0.006316201566796363,2015-W23,2015-06
000858.SZ,2015-06-02,28.55,28.22,0.0117,759758,2140974.4821,乙未,辛巳,己酉,2,2015,6,1,0.011625989677351409,1,己,酉,土,金,辛,巳,金,火,True,False,0.050510281987135267,2015-W23,2015-06
000858.SZ,2015-06-03,27.98,28.55,-0.02,644649,1811063.5807,乙未,辛巳,庚戌,3,2015,6,1,-0.02016696686468409,0,庚,戌,金,土,辛,巳,金,火,True,False,0.011625989677351409,2015-W23,2015-06
000858.SZ,2015-06-04,27.53,27.98,-0.0161,747795,2032055.3369,乙未,辛巳,辛亥,4,2015,6,1,-0.016213650082819143,0,辛,亥,金,水,辛,巳,金,火,True,False,-0.02016696686468409,2015-W23,2015-06
000858.SZ,2015-06-05,28.09,27.53,0.0203,897412,2509684.578,乙未,辛巳,壬子,5,2015,6,1,0.020137321961636367,1,壬,子,水,水,辛,巳,金,火,True,False,-0.016213650082819143,2015-W23,2015-06
000858.SZ,2015-06-08,29.16,28.09,0.0381,1200350,3418770.8432,乙未,壬午,乙卯,1,2015,6,1,0.03738426602430516,1,乙,卯,木,木,壬,午,水,火,False,False,0.020137321961636367,2015-W24,2015-06
000858.SZ,2015-06-09,28.75,29.16,-0.0141,860597,2487675.5134,乙未,壬午,丙辰,2,2015,6,1,-0.014160139897097954,0,丙,辰,火,土,壬,午,水,火,False,False,0.03738426602430516,2015-W24,2015-06
000858.SZ,2015-06-10,29.5,28.75,0.0261,1055795,3106113.1253,乙未,壬午,丁巳,3,2015,6,1,0.025752496102414764,1,丁,巳,火,火,壬,午,水,火,False,False,-0.014160139897097954,2015-W24,2015-06
000858.SZ,2015-06-11,29.34,29.5,-0.0054,593763,1735018.84,乙未,壬午,戊午,4,2015,6,1,-0.005438490630938509,0,戊,午,土,火,壬,午,水,火,False,False,0.025752496102414764,2015-W24,2015-06
000858.SZ,2015-06-12,30.81,29.34,0.0501,1184595,3670907.2712,乙未,壬午,己未,5,2015,6,1,0.04888753989374076,1,己,未,土,土,壬,午,水,火,False,False,-0.005438490630938509,2015-W24,2015-06
000858.SZ,2015-06-15,32.38,30.81,0.051,1267629,4106182.4956,乙未,壬午,壬戌,1,2015,6,1,0.04970163564091256,1,壬,戌,水,土,壬,午,水,火,False,False,0.04888753989374076,2015-W25,2015-06
000858.SZ,2015-06-16,31.29,32.38,-0.0337,863545,2719904.6364,乙未,壬午,癸亥,2,2015,6,1,-0.03424239056869842,0,癸,亥,水,水,壬,午,水,火,False,False,0.04970163564091256,2015-W25,2015-06
000858.SZ,2015-06-17,32.38,31.29,0.0348,762471,2363743.6856,乙未,壬午,甲子,3,2015,6,1,0.034242390568698385,1,甲,子,木,水,壬,午,水,火,False,False,-0.03424239056869842,2015-W25,2015-06
000858.SZ,2015-06-18,30.33,32.38,-0.0633,820489,2588320.8045,乙未,壬午,乙丑,4,2015,6,1,-0.06540362654899945,0,乙,丑,木,土,壬,午,水,火,False,False,0.034242390568698385,2015-W25,2015-06
000858.SZ,2015-06-19,28.21,29.73,-0.0511,697433,2005849.6235,乙未,壬午,丙寅,5,2015,6,1,-0.052480111996101385,0,丙,寅,火,木,壬,午,水,火,False,False,-0.06540362654899945,2015-W25,2015-06
000858.SZ,2015-06-23,30.83,28.21,0.0929,886510,2590065.0001,乙未,壬午,庚午,2,2015,6,1,0.08881171688415403,1,庚,午,金,火,壬,午,水,火,False,False,-0.052480111996101385,2015-W26,2015-06
000858.SZ,2015-06-24,32.86,30.83,0.0658,1283582,4170551.2781,乙未,壬午,辛未,3,2015,6,1,0.06376787071106316,1,辛,未,金,土,壬,午,水,火,False,False,0.08881171688415403,2015-W26,2015-06
000858.SZ,2015-06-25,31.9,32.86,-0.0292,945386,3069460.5266,乙未,壬午,壬申,4,2015,6,1,-0.029650102818323133,0,壬,申,水,金,壬,午,水,火,False,False,0.06376787071106316,2015-W26,2015-06
000858.SZ,2015-06-26,29.56,31.9,-0.0734,1136369,3441003.6721,乙未,壬午,癸酉,5,2015,6,1,-0.07618391371079787,0,癸,酉,水,金,壬,午,水,火,False,True,-0.029650102818323133,2015-W26,2015-06
000858.SZ,2015-06-29,30.46,29.56,0.0304,1450778,4421646.4241,乙未,壬午,丙子,1,2015,6,1,0.02999225138701477,1,丙,子,火,水,壬,午,水,火,False,True,-0.07618391371079787,2015-W27,2015-06
000858.SZ,2015-06-30,31.7,30.46,0.0407,1417818,4298661.1685,乙未,壬午,丁丑,2,2015,6,1,0.03990233341621903,1,丁,丑,火,土,壬,午,水,火,False,True,0.02999225138701477,2015-W27,2015-06
000858.SZ,2015-07-01,30.66,31.7,-0.0328,1257699,4069479.7072,乙未,壬午,戊寅,3,2015,7,1,-0.03335780743956686,0,戊,寅,土,木,壬,午,水,火,True,False,0.03990233341621903,2015-W27,2015-07
000858.SZ,2015-07-02,27.59,30.66,-0.1001,1274095,3663702.1837,乙未,壬午,己卯,4,2015,7,1,-0.10550548521447331,0,己,卯,土,木,壬,午,水,火,True,False,-0.03335780743956686,2015-W27,2015-07
000858.SZ,2015-07-03,25.05,27.59,-0.0921,1207677,3110013.106,乙未,壬午,庚辰,5,2015,7,1,-0.09657956069832084,0,庚,辰,金,土,壬,午,水,火,True,False,-0.10550548521447331,2015-W27,2015-07
000858.SZ,2015-07-06,25.6,25.05,0.022,1284685,3298838.8481,乙未,壬午,癸未,1,2015,7,1,0.021718523954643118,1,癸,未,水,土,壬,午,水,火,False,False,-0.09657956069832084,2015-W28,2015-07
000858.SZ,2015-07-07,24.36,25.6,-0.0484,1244468,3002129.2482,乙未,癸未,甲申,2,2015,7,1,-0.04964990864382054,0,甲,申,木,金,癸,未,水,土,False,False,0.021718523954643118,2015-W28,2015-07
000858.SZ,2015-07-08,21.92,24.36,-0.1002,1708463,3803785.8867,乙未,癸未,乙酉,3,2015,7,1,-0.10554298076188136,0,乙,酉,木,金,癸,未,水,土,False,False,-0.04964990864382054,2015-W28,2015-07
000858.SZ,2015-07-09,24.11,21.92,0.0999,1107965,2573607.1155,乙未,癸未,丙戌,4,2015,7,1,0.0952272301132648,1,丙,戌,火,土,癸,未,水,土,False,False,-0.10554298076188136,2015-W28,2015-07
000858.SZ,2015-07-10,26.52,24.11,0.1,1337828,3517676.8196,乙未,癸未,丁亥,5,2015,7,1,0.09527247312458213,1,丁,亥,火,水,癸,未,水,土,False,False,0.0952272301132648,2015-W28,2015-07
000858.SZ,2015-07-13,28.36,26.52,0.0694,1354506,3717282.9076,乙未,癸未,庚寅,1,2015,7,1,0.06708053634626497,1,庚,寅,金,木,癸,未,水,土,False,False,0.09527247312458213,2015-W29,2015-07
000858.SZ,2015-07-14,26.32,28.36,-0.0719,1002344,2709928.4562,乙未,癸未,辛卯,2,2015,7,1,-0.07465059520681029,0,辛,卯,金,木,癸,未,水,土,False,False,0.06708053634626497,2015-W29,2015-07
000858.SZ,2015-07-15,24.72,26.32,-0.0608,642998,1624336.2095,乙未,癸未,壬辰,3,2015,7,1,-0.06271647386762644,0,壬,辰,水,土,癸,未,水,土,False,False,-0.07465059520681029,2015-W29,2015-07
000858.SZ,2015-07-16,25.64,24.72,0.0372,582964,1489527.3941,乙未,癸未,癸巳,4,2015,7,1,0.036540999462979326,1,癸,巳,水,火,癸,未,水,土,False,False,-0.06271647386762644,2015-W29,2015-07
000858.SZ,2015-07-17,26.9,25.64,0.0491,581995,1548085.636,乙未,癸未,甲午,5,2015,7,1,0.04797265455532415,1,甲,午,木,火,癸,未,水,土,False,False,0.036540999462979326,2015-W29,2015-07
000858.SZ,2015-07-20,26.4,26.9,-0.0186,531532,1423417.6957,乙未,癸未,丁酉,1,2015,7,1,-0.01876227645552289,0,丁,酉,火,金,癸,未,水,土,False,False,0.04797265455532415,2015-W30,2015-07
000858.SZ,2015-07-21,26.71,26.4,0.0117,414811,1106459.4891,乙未,癸未,戊戌,2,2015,7,1,0.011674016969598999,1,戊,戌,土,土,癸,未,水,土,False,False,-0.01876227645552289,2015-W30,2015-07
000858.SZ,2015-07-22,27.62,26.71,0.0341,750848,2069155.3979,乙未,癸未,己亥,3,2015,7,1,0.033502120859276535,1,己,亥,土,水,癸,未,水,土,False,False,0.011674016969598999,2015-W30,2015-07
000858.SZ,2015-07-23,27.9,27.62,0.0101,608365,1685121.6094,乙未,癸未,庚子,4,2015,7,1,0.010086540846173749,1,庚,子,金,水,癸,未,水,土,False,False,0.033502120859276535,2015-W30,2015-07
000858.SZ,2015-07-24,27.7,27.9,-0.0072,937347,2673925.0785,乙未,癸未,辛丑,5,2015,7,1,-0.007194275634027085,0,辛,丑,金,土,癸,未,水,土,False,False,0.010086540846173749,2015-W30,2015-07
000858.SZ,2015-07-27,24.93,27.7,-0.1,738842,1953819.5303,乙未,癸未,甲辰,1,2015,7,1,-0.10536051565782628,0,甲,辰,木,土,癸,未,水,土,False,True,-0.007194275634027085,2015-W31,2015-07
000858.SZ,2015-07-28,25.6,24.93,0.0269,761920,1899834.9423,乙未,癸未,乙巳,2,2015,7,1,0.026520453950050385,1,乙,巳,木,火,癸,未,水,土,False,True,-0.10536051565782628,2015-W31,2015-07
000858.SZ,2015-07-29,25.73,25.6,0.0051,208285,535030.9942,乙未,癸未,丙午,3,2015,7,1,0.005065274808136054,1,丙,午,火,火,癸,未,水,土,False,True,0.026520453950050385,2015-W31,2015-07
000858.SZ,2015-11-02,24.2,25.73,-0.0595,1124813,2774243.9587,乙未,丙戌,壬午,1,2015,11,1,-0.06130499313101219,0,壬,午,水,火,丙,戌,火,土,True,False,0.005065274808136054,2015-W45,2015-11
000858.SZ,2015-11-03,24.07,24.2,-0.0054,393836,959336.4302,乙未,丙戌,癸未,2,2015,11,1,-0.0053863813676600794,0,癸,未,水,土,丙,戌,火,土,True,False,-0.06130499313101219,2015-W45,2015-11
000858.SZ,2015-11-04,25.48,24.07,0.0586,680989,1708283.7438,乙未,丙戌,甲申,3,2015,11,1,0.056927578908981945,1,甲,申,木,金,丙,戌,火,土,True,False,-0.0053863813676600794,2015-W45,2015-11
000858.SZ,2015-11-05,25.82,25.48,0.0133,614866,1593849.2169,乙未,丙戌,乙酉,4,2015,11,1,0.013255554714533766,1,乙,酉,木,金,丙,戌,火,土,True,False,0.056927578908981945,2015-W45,2015-11
000858.SZ,2015-11-06,25.92,25.82,0.0039,430996,1115299.8597,乙未,丙戌,丙戌,5,2015,11,1,0.0038654860655776596,1,丙,戌,火,土,丙,戌,火,土,False,False,0.013255554714533766,2015-W45,2015-11
000858.SZ,2015-11-09,26.79,25.92,0.0336,541619,1430832.2639,乙未,丁亥,己丑,1,2015,11,1,0.03301381207244328,1,己,丑,土,土,丁,亥,火,水,False,False,0.0038654860655776596,2015-W46,2015-11
000858.SZ,2015-11-10,26.45,26.79,-0.0127,394845,1044280.7452,乙未,丁亥,庚寅,2,2015,11,1,-0.012772525252209012,0,庚,寅,金,木,丁,亥,火,水,False,False,0.03301381207244328,2015-W46,2015-11
000858.SZ,2015-11-11,26.16,26.45,-0.011,375439,983077.1554,乙未,丁亥,辛卯,3,2015,11,1,-0.011024631715310363,0,辛,卯,金,木,丁,亥,火,水,False,False,-0.012772525252209012,2015-W46,2015-11
000858.SZ,2015-11-12,25.77,26.16,-0.0149,317316,818535.9809,乙未,丁亥,壬辰,4,2015,11,1,-0.01502050192472425,0,壬,辰,水,土,丁,亥,火,水,False,False,-0.011024631715310363,2015-W46,2015-11
000858.SZ,2015-11-13,25.75,25.77,-0.0008,330002,851695.3267,乙未,丁亥,癸巳,5,2015,11,1,-0.0007763975545285082,0,癸,巳,水,火,丁,亥,火,水,False,False,-0.01502050192472425,2015-W46,2015-11
000858.SZ,2015-11-16,25.64,25.75,-0.0043,225654,575255.7665,乙未,丁亥,丙申,1,2015,11,1,-0.004280995057275833,0,丙,申,火,金,丁,亥,火,水,False,False,-0.0007763975545285082,2015-W47,2015-11
000858.SZ,2015-11-17,25.91,25.64,0.0105,379805,982657.5548,乙未,丁亥,丁酉,2,2015,11,1,0.010475362521549302,1,丁,酉,火,金,丁,亥,火,水,False,False,-0.004280995057275833,2015-W47,2015-11
000858.SZ,2015-11-18,26.02,25.91,0.0042,325412,848034.67,乙未,丁亥,戊戌,3,2015,11,1,0.004236478510340609,1,戊,戌,土,土,丁,亥,火,水,False,False,0.010475362521549302,2015-W47,2015-11
000858.SZ,2015-11-19,26.28,26.02,0.01,252284,661720.0916,乙未,丁亥,己亥,4,2015,11,1,0.009942720532050621,1,己,亥,土,水,丁,亥,火,水,False,False,0.004236478510340609,2015-W47,2015-11
000858.SZ,2015-11-20,26.0,26.28,-0.0107,266434,693099.6759,乙未,丁亥,庚子,5,2015,11,1,-0.010711655594927772,0,庚,子,金,水,丁,亥,火,水,False,False,0.009942720532050621,2015-W47,2015-11
000858.SZ,2015-11-23,25.45,26.0,-0.0212,270042,692910.5904,乙未,丁亥,癸卯,1,2015,11,1,-0.02138079502495033,0,癸,卯,水,木,丁,亥,火,水,False,False,-0.010711655594927772,2015-W48,2015-11
000858.SZ,2015-11-24,25.28,25.45,-0.0067,211855,534045.6957,乙未,丁亥,甲辰,2,2015,11,1,-0.006702173717874972,0,甲,辰,木,土,丁,亥,火,水,False,False,-0.02138079502495033,2015-W48,2015-11
000858.SZ,2015-11-25,25.33,25.28,0.002,261098,658022.8987,乙未,丁亥,乙巳,3,2015,11,1,0.001975894734927135,1,乙,巳,木,火,丁,亥,火,水,False,False,-0.006702173717874972,2015-W48,2015-11
000858.SZ,2015-11-26,25.17,25.33,-0.0063,241186,607930.8564,乙未,丁亥,丙午,4,2015,11,1,-0.0063366548663591725,0,丙,午,火,火,丁,亥,火,水,False,True,0.001975894734927135,2015-W48,2015-11
000858.SZ,2015-11-27,24.26,25.17,-0.0362,306775,754890.1848,乙未,丁亥,丁未,5,2015,11,1,-0.03682390563132044,0,丁,未,火,土,丁,亥,火,水,False,True,-0.0063366548663591725,2015-W48,2015-11
000858.SZ,2015-11-30,24.03,24.26,-0.0095,236459,567831.8692,乙未,丁亥,庚戌,1,2015,11,1,-0.009525853767526522,0,庚,戌,金,土,丁,亥,火,水,False,True,-0.03682390563132044,2015-W49,2015-11
000858.SZ,2015-12-01,24.79,24.03,0.0316,242175,590081.3141,乙未,丁亥,辛亥,2,2015,12,1,0.031137296298721594,1,辛,亥,金,水,丁,亥,火,水,True,False,-0.009525853767526522,2015-W49,2015-12
000858.SZ,2015-12-02,25.68,24.79,0.0359,441824,1126003.3534,乙未,丁亥,壬子,3,2015,12,1,0.035272132774661326,1,壬,子,水,水,丁,亥,火,水,True,False,0.031137296298721594,2015-W49,2015-12
000858.SZ,2015-12-03,25.61,25.68,-0.0027,259701,666072.3973,乙未,丁亥,癸丑,4,2015,12,1,-0.0027295786103265643,0,癸,丑,水,土,丁,亥,火,水,True,False,0.035272132774661326,2015-W49,2015-12
000858.SZ,2015-12-04,25.3,25.61,-0.0121,167255,423827.8533,乙未,丁亥,甲寅,5,2015,12,1,-0.012178504477959266,0,甲,寅,木,木,丁,亥,火,水,True,False,-0.0027295786103265643,2015-W49,2015-12
000858.SZ,2015-12-07,25.55,25.3,0.0099,209287,534149.3044,乙未,戊子,丁巳,1,2015,12,1,0.009832920916238833,1,丁,巳,火,火,戊,子,土,水,False,False,-0.012178504477959266,2015-W50,2015-12
000858.SZ,2015-12-08,24.85,25.55,-0.0274,165297,413108.7679,乙未,戊子,戊午,2,2015,12,1,-0.027779564107075706,0,戊,午,土,火,戊,子,土,水,False,False,0.009832920916238833,2015-W50,2015-12
000858.SZ,2015-12-09,24.87,24.85,0.0008,142967,355092.6531,乙未,戊子,己未,3,2015,12,1,0.0008045052726754371,1,己,未,土,土,戊,子,土,水,False,False,-0.027779564107075706,2015-W50,2015-12
000858.SZ,2015-12-10,24.52,24.87,-0.0141,176012,434692.2021,乙未,戊子,庚申,4,2015,12,1,-0.014173146747302679,0,庚,申,金,金,戊,子,土,水,False,False,0.0008045052726754371,2015-W50,2015-12
000858.SZ,2015-12-11,24.6,24.52,0.0033,145537,354637.4111,乙未,戊子,辛酉,5,2015,12,1,0.003257331870306505,1,辛,酉,金,金,戊,子,土,水,False,False,-0.014173146747302679,2015-W50,2015-12
000858.SZ,2015-12-14,24.92,24.6,0.013,166548,411627.162,乙未,戊子,甲子,1,2015,12,1,0.012924250980935212,1,甲,子,木,水,戊,子,土,水,False,False,0.003257331870306505,2015-W51,2015-12
000858.SZ,2015-12-15,25.13,24.92,0.0084,186227,466508.2248,乙未,戊子,乙丑,2,2015,12,1,0.00839165763624838,1,乙,丑,木,土,戊,子,土,水,False,False,0.012924250980935212,2015-W51,2015-12
000858.SZ,2015-12-16,24.93,25.13,-0.008,153756,385418.0318,乙未,戊子,丙寅,3,2015,12,1,-0.007990454020034237,0,丙,寅,火,木,戊,子,土,水,False,False,0.00839165763624838,2015-W51,2015-12
000858.SZ,2015-12-17,25.54,24.93,0.0245,259728,658603.9963,乙未,戊子,丁卯,4,2015,12,1,0.024173953068926647,1,丁,卯,火,木,戊,子,土,水,False,False,-0.007990454020034237,2015-W51,2015-12
000858.SZ,2015-12-18,25.95,25.54,0.0161,376084,968248.3854,乙未,戊子,戊辰,5,2015,12,1,0.01592575900750448,1,戊,辰,土,土,戊,子,土,水,False,False,0.024173953068926647,2015-W51,2015-12
000858.SZ,2015-12-21,27.69,25.95,0.0671,948095,2608302.7766,乙未,戊子,辛未,1,2015,12,1,0.06489972757097291,1,辛,未,金,土,戊,子,土,水,False,False,0.01592575900750448,2015-W52,2015-12
000858.SZ,2015-12-22,27.69,27.69,0.0,508415,1407444.3627,乙未,戊子,壬申,2,2015,12,1,0.0,0,壬,申,水,金,戊,子,土,水,False,False,0.06489972757097291,2015-W52,2015-12
000858.SZ,2015-12-23,27.48,27.69,-0.0076,306657,847611.2642,乙未,戊子,癸酉,3,2015,12,1,-0.0076128698287219404,0,癸,酉,水,金,戊,子,土,水,False,False,0.0,2015-W52,2015-12
000858.SZ,2015-12-24,27.65,27.48,0.0062,303085,836878.4,乙未,戊子,甲戌,4,2015,12,1,0.006167260614195221,1,甲,戌,木,土,戊,子,土,水,False,False,-0.0076128698287219404,2015-W52,2015-12
000858.SZ,2015-12-25,27.12,27.65,-0.0192,258789,706260.4673,乙未,戊子,乙亥,5,2015,12,1,-0.01935426489614891,0,乙,亥,木,水,戊,子,土,水,False,False,0.006167260614195221,2015-W52,2015-12
000858.SZ,2015-12-28,26.4,27.12,-0.0265,303855,818362.4604,乙未,戊子,戊寅,1,2015,12,1,-0.02690745291992438,0,戊,寅,土,木,戊,子,土,水,False,True,-0.01935426489614891,2015-W53,2015-12
000858.SZ,2015-12-29,27.23,26.4,0.0314,280761,755316.7356,乙未,戊子,己卯,2,2015,12,1,0.0309552965333978,1,己,卯,土,木,戊,子,土,水,False,True,-0.02690745291992438,2015-W53,2015-12
000858.SZ,2015-12-30,27.56,27.23,0.0121,330109,912706.8878,乙未,戊子,庚辰,3,2015,12,1,0.012046139459789506,1,庚,辰,金,土,戊,子,土,水,False,True,0.0309552965333978,2015-W53,2015-12
000858.SZ,2015-12-31,27.28,27.56,-0.0102,228612,627431.5796,乙未,戊子,辛巳,4,2015,12,1,-0.01021161317019634,0,辛,巳,金,火,戊,子,土,水,False,True,0.012046139459789506,2015-W53,2015-12
000858.SZ,2016-01-04,25.67,27.28,-0.059,227002,601351.7161,乙未,戊子,乙酉,1,2016,1,1,-0.06083083809221226,0,乙,酉,木,金,戊,子,土,水,True,False,-0.01021161317019634,2016-W01,2016-01
000858.SZ,2016-01-05,26.0,25.67,0.0129,373336,969314.1769,乙未,戊子,丙戌,2,2016,1,1,0.012773543138432927,1,丙,戌,火,土,戊,子,土,水,True,False,-0.06083083809221226,2016-W01,2016-01
000858.SZ,2016-01-06,26.58,26.0,0.0223,318305,839001.1157,乙未,己丑,丁亥,3,2016,1,1,0.02206251526361706,1,丁,亥,火,水,己,丑,土,土,False,False,0.012773543138432927,2016-W01,2016-01
000858.SZ,2016-01-07,25.28,26.58,-0.0489,66286,170483.9893,乙未,己丑,戊子,4,2016,1,1,-0.05014548400644253,0,戊,子,土,水,己,丑,土,土,False,False,0.02206251526361706,2016-W01,2016-01
000858.SZ,2016-01-08,25.91,25.28,0.0249,322627,831205.8228,乙未,己丑,己丑,5,2016,1,1,0.024615425295361898,1,己,丑,土,土,己,丑,土,土,False,False,-0.05014548400644253,2016-W01,2016-01
000858.SZ,2016-01-11,24.07,25.91,-0.071,369228,917948.5217,乙未,己丑,壬辰,1,2016,1,1,-0.073662742779038,0,壬,辰,水,土,己,丑,土,土,False,False,0.024615425295361898,2016-W02,2016-01
000858.SZ,2016-01-12,24.08,24.07,0.0004,207407,501339.6061,乙未,己丑,癸巳,2,2016,1,1,0.0004153686456396348,1,癸,巳,水,火,己,丑,土,土,False,False,-0.073662742779038,2016-W02,2016-01
000858.SZ,2016-01-13,24.11,24.08,0.0012,290892,712525.8942,乙未,己丑,甲午,3,2016,1,1,0.0012450717524593318,1,甲,午,木,火,己,丑,土,土,False,False,0.0004153686456396348,2016-W02,2016-01
000858.SZ,2016-01-14,24.3,24.11,0.0079,212790,512968.4057,乙未,己丑,乙未,4,2016,1,1,0.007849658153423119,1,乙,未,木,土,己,丑,土,土,False,False,0.0012450717524593318,2016-W02,2016-01
000858.SZ,2016-01-15,23.6,24.3,-0.0288,197833,475468.2879,乙未,己丑,丙申,5,2016,1,1,-0.029229638314938366,0,丙,申,火,金,己,丑,土,土,False,False,0.007849658153423119,2016-W02,2016-01
000858.SZ,2016-01-18,23.94,23.6,0.0144,185357,443340.8803,乙未,己丑,己亥,1,2016,1,1,0.014303988098262754,1,己,亥,土,水,己,丑,土,土,False,False,-0.029229638314938366,2016-W03,2016-01
000858.SZ,2016-01-19,24.91,23.94,0.0405,223708,549500.9131,乙未,己丑,庚子,2,2016,1,1,0.03971862914426188,1,庚,子,金,水,己,丑,土,土,False,False,0.014303988098262754,2016-W03,2016-01
000858.SZ,2016-01-20,24.61,24.91,-0.012,217816,531969.1963,乙未,己丑,辛丑,3,2016,1,1,-0.01211646487112462,0,辛,丑,金,土,己,丑,土,土,False,False,0.03971862914426188,2016-W03,2016-01
000858.SZ,2016-01-21,24.04,24.61,-0.0232,191791,469461.0437,乙未,己丑,壬寅,4,2016,1,1,-0.023433754735957674,0,壬,寅,水,木,己,丑,土,土,False,False,-0.01211646487112462,2016-W03,2016-01
000858.SZ,2016-01-22,24.08,24.04,0.0017,117545,282318.771,乙未,己丑,癸卯,5,2016,1,1,0.0016625107736134572,1,癸,卯,水,木,己,丑,土,土,False,False,-0.023433754735957674,2016-W03,2016-01
000858.SZ,2016-01-25,24.44,24.08,0.015,122935,299734.983,乙未,己丑,丙午,1,2016,1,1,0.014839513862774436,1,丙,午,火,火,己,丑,土,土,False,False,0.0016625107736134572,2016-W04,2016-01
000858.SZ,2016-01-26,23.55,24.44,-0.0364,176764,426670.6617,乙未,己丑,丁未,2,2016,1,1,-0.03709531384096781,0,丁,未,火,土,己,丑,土,土,False,False,0.014839513862774436,2016-W04,2016-01
000858.SZ,2016-01-27,22.95,23.55,-0.0255,186772,428811.6679,乙未,己丑,戊申,3,2016,1,1,-0.0258078839558727,0,戊,申,土,金,己,丑,土,土,False,True,-0.03709531384096781,2016-W04,2016-01
000858.SZ,2016-01-28,22.68,22.95,-0.0118,105102,241189.0655,乙未,己丑,己酉,4,2016,1,1,-0.011834457647002796,0,己,酉,土,金,己,丑,土,土,False,True,-0.0258078839558727,2016-W04,2016-01
000858.SZ,2016-01-29,23.66,22.68,0.0432,165343,387052.1598,乙未,己丑,庚戌,5,2016,1,1,0.04230237969068937,1,庚,戌,金,土,己,丑,土,土,False,True,-0.011834457647002796,2016-W04,2016-01
000858.SZ,2016-02-01,24.02,23.66,0.0152,178734,431576.062,乙未,己丑,癸丑,1,2016,2,1,0.015100958101596777,1,癸,丑,水,土,己,丑,土,土,True,False,0.04230237969068937,2016-W05,2016-02
000858.SZ,2016-02-02,24.2,24.02,0.0075,129970,316101.8551,乙未,己丑,甲寅,2,2016,2,1,0.007465816510803205,1,甲,寅,木,木,己,丑,土,土,True,False,0.015100958101596777,2016-W05,2016-02
000858.SZ,2016-02-03,24.29,24.2,0.0037,72084,173616.6335,乙未,己丑,乙卯,3,2016,2,1,0.003712109851440304,1,乙,卯,木,木,己,丑,土,土,True,False,0.007465816510803205,2016-W05,2016-02
000858.SZ,2016-02-04,24.32,24.29,0.0012,125692,307055.4216,丙申,庚寅,丙辰,4,2016,2,1,0.0012343140838852768,1,丙,辰,火,土,庚,寅,金,木,True,False,0.003712109851440304,2016-W05,2016-02
000858.SZ,2016-02-05,23.68,24.32,-0.0263,136755,327003.5838,丙申,庚寅,丁巳,5,2016,2,1,-0.026668247082161294,0,丁,巳,火,火,庚,寅,金,木,True,False,0.0012343140838852768,2016-W05,2016-02
000858.SZ,2016-02-15,23.27,23.68,-0.0173,128213,296921.8457,丙申,庚寅,丁卯,1,2016,2,1,-0.01746583270160452,0,丁,卯,火,木,庚,寅,金,木,False,False,-0.026668247082161294,2016-W07,2016-02
000858.SZ,2016-02-16,24.04,23.27,0.0331,130932,312618.8687,丙申,庚寅,戊辰,2,2016,2,1,0.03255413235280637,1,戊,辰,土,土,庚,寅,金,木,False,False,-0.01746583270160452,2016-W07,2016-02
000858.SZ,2016-02-17,23.94,24.04,-0.0042,101952,243537.0731,丙申,庚寅,己巳,3,2016,2,1,-0.004168409537179626,0,己,巳,土,火,庚,寅,金,木,False,False,0.03255413235280637,2016-W07,2016-02
000858.SZ,2016-02-18,23.45,23.94,-0.0205,209380,496341.9157,丙申,庚寅,庚午,4,2016,2,1,-0.020680205237538746,0,庚,午,金,火,庚,寅,金,木,False,False,-0.004168409537179626,2016-W07,2016-02
000858.SZ,2016-02-19,23.3,23.45,-0.0064,178497,414793.8538,丙申,庚寅,辛未,5,2016,2,1,-0.006417134320633428,0,辛,未,金,土,庚,寅,金,木,False,False,-0.020680205237538746,2016-W07,2016-02
000858.SZ,2016-02-22,23.85,23.3,0.0236,230165,544993.6541,丙申,庚寅,甲戌,1,2016,2,1,0.023330856762695265,1,甲,戌,木,土,庚,寅,金,木,False,False,-0.006417134320633428,2016-W08,2016-02
000858.SZ,2016-02-23,24.0,23.85,0.0063,263639,632952.9039,丙申,庚寅,乙亥,2,2016,2,1,0.006269613013595395,1,乙,亥,木,水,庚,寅,金,木,False,False,0.023330856762695265,2016-W08,2016-02
000858.SZ,2016-02-24,24.19,24.0,0.0079,192974,461961.3238,丙申,庚寅,丙子,3,2016,2,1,0.007885494273990393,1,丙,子,火,水,庚,寅,金,木,False,False,0.006269613013595395,2016-W08,2016-02
000858.SZ,2016-02-25,23.08,24.19,-0.0459,219719,516805.3398,丙申,庚寅,丁丑,4,2016,2,1,-0.046972882982037195,0,丁,丑,火,土,庚,寅,金,木,False,True,0.007885494273990393,2016-W08,2016-02
000858.SZ,2016-02-26,23.44,23.08,0.0156,108123,251715.0401,丙申,庚寅,戊寅,5,2016,2,1,0.015477523068913143,1,戊,寅,土,木,庚,寅,金,木,False,True,-0.046972882982037195,2016-W08,2016-02
000858.SZ,2016-02-29,22.46,23.44,-0.0418,174954,396522.1805,丙申,庚寅,辛巳,1,2016,2,1,-0.04270801539851476,0,辛,巳,金,火,庚,寅,金,木,False,True,0.015477523068913143,2016-W09,2016-02
000858.SZ,2016-03-01,22.83,22.46,0.0165,113281,256938.0218,丙申,庚寅,壬午,2,2016,3,1,0.016339511231406947,1,壬,午,水,火,庚,寅,金,木,True,False,-0.04270801539851476,2016-W09,2016-03
000858.SZ,2016-03-02,23.87,22.83,0.0456,247730,580947.7417,丙申,庚寅,癸未,3,2016,3,1,0.044546979809034715,1,癸,未,水,土,庚,寅,金,木,True,False,0.016339511231406947,2016-W09,2016-03
000858.SZ,2016-03-03,24.5,23.87,0.0264,367724,907878.8755,丙申,庚寅,甲申,4,2016,3,1,0.02605067719994255,1,甲,申,木,金,庚,寅,金,木,True,False,0.044546979809034715,2016-W09,2016-03
000858.SZ,2016-03-04,25.17,24.5,0.0273,528676,1323824.4257,丙申,庚寅,乙酉,5,2016,3,1,0.026979691596543304,1,乙,酉,木,金,庚,寅,金,木,True,False,0.02605067719994255,2016-W09,2016-03
000858.SZ,2016-03-07,25.36,25.17,0.0075,372254,946537.596,丙申,辛卯,戊子,1,2016,3,1,0.007520320421800485,1,戊,子,土,水,辛,卯,金,木,False,False,0.026979691596543304,2016-W10,2016-03
000858.SZ,2016-03-08,25.06,25.36,-0.0118,181504,451266.0959,丙申,辛卯,己丑,2,2016,3,1,-0.01190018010110297,0,己,丑,土,土,辛,卯,金,木,False,False,0.007520320421800485,2016-W10,2016-03
000858.SZ,2016-03-09,24.79,25.06,-0.0108,164369,405433.5972,丙申,辛卯,庚寅,3,2016,3,1,-0.010832603420823091,0,庚,寅,金,木,辛,卯,金,木,False,False,-0.01190018010110297,2016-W10,2016-03
000858.SZ,2016-03-10,25.14,24.79,0.0141,266820,675366.5691,丙申,辛卯,辛卯,4,2016,3,1,0.014019857115002261,1,辛,卯,金,木,辛,卯,金,木,False,False,-0.010832603420823091,2016-W10,2016-03
000858.SZ,2016-03-11,25.4,25.14,0.0103,193970,492338.2116,丙申,辛卯,壬辰,5,2016,3,1,0.010288970862389418,1,壬,辰,水,土,辛,卯,金,木,False,False,0.014019857115002261,2016-W10,2016-03
000858.SZ,2016-03-14,25.45,25.4,0.002,320752,830571.568,丙申,辛卯,乙未,1,2016,3,1,0.0019665689720408477,1,乙,未,木,土,辛,卯,金,木,False,False,0.010288970862389418,2016-W11,2016-03
000858.SZ,2016-03-15,25.52,25.45,0.0028,205519,519837.1611,丙申,辛卯,丙申,2,2016,3,1,0.002746715480057437,1,丙,申,火,金,辛,卯,金,木,False,False,0.0019665689720408477,2016-W11,2016-03
000858.SZ,2016-03-16,25.28,25.52,-0.0094,128872,327244.5374,丙申,辛卯,丁酉,3,2016,3,1,-0.009448889197932396,0,丁,酉,火,金,辛,卯,金,木,False,False,0.002746715480057437,2016-W11,2016-03
000858.SZ,2016-03-17,25.5,25.28,0.0087,177359,451183.178,丙申,辛卯,戊戌,4,2016,3,1,0.008664882885723726,1,戊,戌,土,土,辛,卯,金,木,False,False,-0.009448889197932396,2016-W11,2016-03
000858.SZ,2016-03-18,26.1,25.5,0.0235,421318,1088017.4948,丙申,辛卯,己亥,5,2016,3,1,0.023256862164267398,1,己,亥,土,水,辛,卯,金,木,False,False,0.008664882885723726,2016-W11,2016-03
000858.SZ,2016-03-21,26.4,26.1,0.0115,576543,1514392.8935,丙申,辛卯,壬寅,1,2016,3,1,0.01142869582362263,1,壬,寅,水,木,辛,卯,金,木,False,False,0.023256862164267398,2016-W12,2016-03
000858.SZ,2016-03-22,26.47,26.4,0.0027,340192,901646.0388,丙申,辛卯,癸卯,2,2016,3,1,0.002648006086739452,1,癸,卯,水,木,辛,卯,金,木,False,False,0.01142869582362263,2016-W12,2016-03
000858.SZ,2016-03-23,26.34,26.47,-0.0049,182321,479620.4684,丙申,辛卯,甲辰,3,2016,3,1,-0.004923319923874921,0,甲,辰,木,土,辛,卯,金,木,False,False,0.002648006086739452,2016-W12,2016-03
000858.SZ,2016-03-24,26.7,26.34,0.0137,395439,1058814.2366,丙申,辛卯,乙巳,4,2016,3,1,0.013574869091068848,1,乙,巳,木,火,辛,卯,金,木,False,False,-0.004923319923874921,2016-W12,2016-03
000858.SZ,2016-03-25,27.25,26.7,0.0206,339627,923325.3767,丙申,辛卯,丙午,5,2016,3,1,0.020389955703049176,1,丙,午,火,火,辛,卯,金,木,False,False,0.013574869091068848,2016-W12,2016-03
000858.SZ,2016-03-28,28.08,27.25,0.0305,555269,1564138.6912,丙申,辛卯,己酉,1,2016,3,1,0.0300040580483573,1,己,酉,土,金,辛,卯,金,木,False,True,0.020389955703049176,2016-W13,2016-03
000858.SZ,2016-03-29,28.0,28.08,-0.0028,272298,760155.8227,丙申,辛卯,庚戌,2,2016,3,1,-0.002853068982406399,0,庚,戌,金,土,辛,卯,金,木,False,True,0.0300040580483573,2016-W13,2016-03
000858.SZ,2016-03-30,28.12,28.0,0.0043,279086,782182.6226,丙申,辛卯,辛亥,3,2016,3,1,0.004276556767260172,1,辛,亥,金,水,辛,卯,金,木,False,True,-0.002853068982406399,2016-W13,2016-03
000858.SZ,2016-03-31,28.11,28.12,-0.0004,262276,739872.632,丙申,辛卯,壬子,4,2016,3,1,-0.00035568202402368713,0,壬,子,水,水,辛,卯,金,木,False,True,0.004276556767260172,2016-W13,2016-03
000858.SZ,2016-04-01,27.99,28.11,-0.0043,200878,560839.3415,丙申,辛卯,癸丑,5,2016,4,1,-0.004278081391078424,0,癸,丑,水,土,辛,卯,金,木,True,False,-0.00035568202402368713,2016-W13,2016-04
000858.SZ,2016-04-05,28.08,27.99,0.0032,272367,762756.474,丙申,壬辰,丁巳,2,2016,4,1,0.0032102756302481894,1,丁,巳,火,火,壬,辰,水,土,True,False,-0.004278081391078424,2016-W14,2016-04
000858.SZ,2016-04-06,28.59,28.08,0.0182,285660,810802.7266,丙申,壬辰,戊午,3,2016,4,1,0.01799942717661022,1,戊,午,土,火,壬,辰,水,土,False,False,0.0032102756302481894,2016-W14,2016-04
000858.SZ,2016-04-07,27.79,28.59,-0.028,197754,556875.1117,丙申,壬辰,己未,4,2016,4,1,-0.028380762579808108,0,己,未,土,土,壬,辰,水,土,False,False,0.01799942717661022,2016-W14,2016-04
000858.SZ,2016-04-08,27.25,27.79,-0.0194,229961,632960.8249,丙申,壬辰,庚申,5,2016,4,1,-0.019622722645159227,0,庚,申,金,金,壬,辰,水,土,False,False,-0.028380762579808108,2016-W14,2016-04
000858.SZ,2016-04-11,27.24,27.25,-0.0004,399963,1093146.5299,丙申,壬辰,癸亥,1,2016,4,1,-0.0003670398279415421,0,癸,亥,水,水,壬,辰,水,土,False,False,-0.019622722645159227,2016-W15,2016-04
000858.SZ,2016-04-12,27.2,27.24,-0.0015,163692,443570.7826,丙申,壬辰,甲子,2,2016,4,1,-0.0014695079793599947,0,甲,子,木,水,壬,辰,水,土,False,False,-0.0003670398279415421,2016-W15,2016-04
000858.SZ,2016-04-13,27.37,27.2,0.0063,256800,706626.067,丙申,壬辰,乙丑,3,2016,4,1,0.006230549750636163,1,乙,丑,木,土,壬,辰,水,土,False,False,-0.0014695079793599947,2016-W15,2016-04
000858.SZ,2016-04-14,27.61,27.37,0.0088,131783,362970.9215,丙申,壬辰,丙寅,4,2016,4,1,0.008730502889475189,1,丙,寅,火,木,壬,辰,水,土,False,False,0.006230549750636163,2016-W15,2016-04
000858.SZ,2016-04-15,27.7,27.61,0.0033,145475,402785.6345,丙申,壬辰,丁卯,5,2016,4,1,0.0032543872512297506,1,丁,卯,火,木,壬,辰,水,土,False,False,0.008730502889475189,2016-W15,2016-04
000858.SZ,2016-04-18,26.99,27.7,-0.0256,149608,405649.1907,丙申,壬辰,庚午,1,2016,4,1,-0.02596598616337956,0,庚,午,金,火,壬,辰,水,土,False,False,0.0032543872512297506,2016-W16,2016-04
000858.SZ,2016-04-19,26.68,26.99,-0.0115,256540,682708.1351,丙申,壬辰,辛未,2,2016,4,1,-0.011552205982490243,0,辛,未,金,土,壬,辰,水,土,False,False,-0.02596598616337956,2016-W16,2016-04
000858.SZ,2016-04-20,26.2,26.68,-0.018,223862,586919.1317,丙申,壬辰,壬申,3,2016,4,1,-0.018154810280371827,0,壬,申,水,金,壬,辰,水,土,False,False,-0.011552205982490243,2016-W16,2016-04
000858.SZ,2016-04-21,26.28,26.2,0.0031,133210,351567.2132,丙申,壬辰,癸酉,4,2016,4,1,0.0030487828493587312,1,癸,酉,水,金,壬,辰,水,土,False,False,-0.018154810280371827,2016-W16,2016-04
000858.SZ,2016-04-22,26.8,26.28,0.0198,155910,416489.4536,丙申,壬辰,甲戌,5,2016,4,1,0.019593693900401284,1,甲,戌,木,土,壬,辰,水,土,False,False,0.0030487828493587312,2016-W16,2016-04
000858.SZ,2016-04-25,27.14,26.8,0.0127,186566,505551.7043,丙申,壬辰,丁丑,1,2016,4,1,0.012606766889912135,1,丁,丑,火,土,壬,辰,水,土,False,False,0.019593693900401284,2016-W17,2016-04
000858.SZ,2016-04-26,27.3,27.14,0.0059,120559,328211.8796,丙申,壬辰,戊寅,2,2016,4,1,0.005878047784190969,1,戊,寅,土,木,壬,辰,水,土,False,True,0.012606766889912135,2016-W17,2016-04
000858.SZ,2016-04-27,27.71,27.3,0.015,174316,482160.0,丙申,壬辰,己卯,3,2016,4,1,0.014906656683972945,1,己,卯,土,木,壬,辰,水,土,False,True,0.005878047784190969,2016-W17,2016-04
000858.SZ,2016-04-28,27.53,27.71,-0.0065,116854,322170.0835,丙申,壬辰,庚辰,4,2016,4,1,-0.006517039720371076,0,庚,辰,金,土,壬,辰,水,土,False,True,0.014906656683972945,2016-W17,2016-04
000858.SZ,2016-04-29,28.4,27.53,0.0316,675726,1945826.3263,丙申,壬辰,辛巳,5,2016,4,1,0.031112826012644305,1,辛,巳,金,火,壬,辰,水,土,False,True,-0.006517039720371076,2016-W17,2016-04
000858.SZ,2016-05-03,31.0,28.4,0.0915,922718,2777648.3022,丙申,壬辰,乙酉,2,2016,5,1,0.08759805931798598,1,乙,酉,木,金,壬,辰,水,土,True,False,0.031112826012644305,2016-W18,2016-05
000858.SZ,2016-05-04,30.66,31.0,-0.011,507361,1565612.6203,丙申,壬辰,丙戌,3,2016,5,1,-0.011028331041478196,0,丙,戌,火,土,壬,辰,水,土,True,False,0.08759805931798598,2016-W18,2016-05
000858.SZ,2016-05-05,30.4,30.66,-0.0085,374410,1143886.001,丙申,癸巳,丁亥,4,2016,5,1,-0.00851626503149211,0,丁,亥,火,水,癸,巳,水,火,True,False,-0.011028331041478196,2016-W18,2016-05
000858.SZ,2016-05-06,29.31,30.4,-0.0359,435315,1297800.9279,丙申,癸巳,戊子,5,2016,5,1,-0.036513853689374993,0,戊,子,土,水,癸,巳,水,火,False,False,-0.00851626503149211,2016-W18,2016-05
000858.SZ,2016-05-09,29.27,29.31,-0.0014,369687,1086058.7848,丙申,癸巳,辛卯,1,2016,5,1,-0.0013656540190065865,0,辛,卯,金,木,癸,巳,水,火,False,False,-0.036513853689374993,2016-W19,2016-05
000858.SZ,2016-05-10,29.72,29.27,0.0154,481449,1429020.7915,丙申,癸巳,壬辰,2,2016,5,1,0.015257119145763968,1,壬,辰,水,土,癸,巳,水,火,False,False,-0.0013656540190065865,2016-W19,2016-05
000858.SZ,2016-05-11,30.32,29.72,0.0202,505177,1540597.3028,丙申,癸巳,癸巳,3,2016,5,1,0.019987340924612497,1,癸,巳,水,火,癸,巳,水,火,False,False,0.015257119145763968,2016-W19,2016-05
000858.SZ,2016-05-12,30.1,30.32,-0.0073,298453,894214.0105,丙申,癸巳,甲午,4,2016,5,1,-0.0072823890193407705,0,甲,午,木,火,癸,巳,水,火,False,False,0.019987340924612497,2016-W19,2016-05
000858.SZ,2016-05-13,29.88,30.1,-0.0073,290378,881326.1686,丙申,癸巳,乙未,5,2016,5,1,-0.007335811490213513,0,乙,未,木,土,癸,巳,水,火,False,False,-0.0072823890193407705,2016-W19,2016-05
000858.SZ,2016-05-16,29.82,29.88,-0.002,292642,861709.1696,丙申,癸巳,戊戌,1,2016,5,1,-0.0020100509280241118,0,戊,戌,土,土,癸,巳,水,火,False,False,-0.007335811490213513,2016-W20,2016-05
000858.SZ,2016-05-17,29.35,29.82,-0.0158,216583,640035.5744,丙申,癸巳,己亥,2,2016,5,1,-0.01588676306248688,0,己,亥,土,水,癸,巳,水,火,False,False,-0.0020100509280241118,2016-W20,2016-05
000858.SZ,2016-05-18,29.2,29.35,-0.0051,245180,712889.6327,丙申,癸巳,庚子,3,2016,5,1,-0.005123836999869506,0,庚,子,金,水,癸,巳,水,火,False,False,-0.01588676306248688,2016-W20,2016-05
000858.SZ,2016-05-19,29.05,29.2,-0.0051,159402,465960.2279,丙申,癸巳,辛丑,4,2016,5,1,-0.005150225976315793,0,辛,丑,金,土,癸,巳,水,火,False,False,-0.005123836999869506,2016-W20,2016-05
000858.SZ,2016-05-20,29.44,29.05,0.0134,152625,445942.2964,丙申,癸巳,壬寅,5,2016,5,1,0.01333581056275538,1,壬,寅,水,木,癸,巳,水,火,False,False,-0.005150225976315793,2016-W20,2016-05
000858.SZ,2016-05-23,29.99,29.44,0.0187,196618,584222.6668,丙申,癸巳,乙巳,1,2016,5,1,0.01850969890024206,1,乙,巳,木,火,癸,巳,水,火,False,False,0.01333581056275538,2016-W21,2016-05
000858.SZ,2016-05-24,29.5,29.99,-0.0163,128474,379310.785,丙申,癸巳,丙午,2,2016,5,1,-0.01647372941514347,0,丙,午,火,火,癸,巳,水,火,False,False,0.01850969890024206,2016-W21,2016-05
000858.SZ,2016-05-25,28.92,29.5,-0.0197,174310,510541.898,丙申,癸巳,丁未,3,2016,5,1,-0.019856866055210115,0,丁,未,火,土,癸,巳,水,火,False,False,-0.01647372941514347,2016-W21,2016-05
000858.SZ,2016-05-26,28.88,28.92,-0.0014,168721,484222.0311,丙申,癸巳,戊申,4,2016,5,1,-0.0013840832659385636,0,戊,申,土,金,癸,巳,水,火,False,False,-0.019856866055210115,2016-W21,2016-05
000858.SZ,2016-05-27,28.86,28.88,-0.0007,148195,427606.3988,丙申,癸巳,己酉,5,2016,5,1,-0.0006927606789006048,0,己,酉,土,金,癸,巳,水,火,False,True,-0.0013840832659385636,2016-W21,2016-05
000858.SZ,2016-05-30,28.8,28.86,-0.0021,149459,428539.6601,丙申,癸巳,壬子,1,2016,5,1,-0.0020811662038245117,0,壬,子,水,水,癸,巳,水,火,False,True,-0.0006927606789006048,2016-W22,2016-05
000858.SZ,2016-05-31,30.03,28.8,0.0427,310684,925343.7498,丙申,癸巳,癸丑,2,2016,5,1,0.04182149485333868,1,癸,丑,水,土,癸,巳,水,火,False,True,-0.0020811662038245117,2016-W22,2016-05
000858.SZ,2016-06-01,29.92,30.03,-0.0037,155524,466399.3181,丙申,癸巳,甲寅,3,2016,6,1,-0.0036697288889624017,0,甲,寅,木,木,癸,巳,水,火,True,False,0.04182149485333868,2016-W22,2016-06
000858.SZ,2016-06-02,30.28,29.92,0.012,203923,614179.4334,丙申,癸巳,乙卯,4,2016,6,1,0.011960275462971471,1,乙,卯,木,木,癸,巳,水,火,True,False,-0.0036697288889624017,2016-W22,2016-06
000858.SZ,2016-06-03,31.33,30.28,0.0347,477213,1491803.409,丙申,癸巳,丙辰,5,2016,6,1,0.034088676394852246,1,丙,辰,火,土,癸,巳,水,火,True,False,0.011960275462971471,2016-W22,2016-06
000858.SZ,2016-06-06,31.12,31.33,-0.0067,265429,826150.9049,丙申,甲午,己未,1,2016,6,1,-0.006725405653909375,0,己,未,土,土,甲,午,木,火,False,False,0.034088676394852246,2016-W23,2016-06
000858.SZ,2016-06-07,31.32,31.12,0.0064,199127,620896.7487,丙申,甲午,庚申,2,2016,6,1,0.006406171812411507,1,庚,申,金,金,甲,午,木,火,False,False,-0.006725405653909375,2016-W23,2016-06
000858.SZ,2016-06-08,30.7,31.32,-0.0198,194063,596647.9538,丙申,甲午,辛酉,3,2016,6,1,-0.019994216529450902,0,辛,酉,金,金,甲,午,木,火,False,False,0.006406171812411507,2016-W23,2016-06
000858.SZ,2016-06-13,29.99,30.7,-0.0231,197725,601662.8966,丙申,甲午,丙寅,1,2016,6,1,-0.023398661832233783,0,丙,寅,火,木,甲,午,木,火,False,False,-0.019994216529450902,2016-W24,2016-06
000858.SZ,2016-06-14,30.4,29.99,0.0137,198368,601387.3334,丙申,甲午,丁卯,2,2016,6,1,0.013578615651258286,1,丁,卯,火,木,甲,午,木,火,False,False,-0.023398661832233783,2016-W24,2016-06
000858.SZ,2016-06-15,31.35,30.4,0.0313,328190,1019300.3832,丙申,甲午,戊辰,3,2016,6,1,0.030771658666753687,1,戊,辰,土,土,甲,午,木,火,False,False,0.013578615651258286,2016-W24,2016-06
000858.SZ,2016-06-16,31.16,31.35,-0.0061,241060,752227.5245,丙申,甲午,己巳,4,2016,6,1,-0.006079046076382226,0,己,巳,土,火,甲,午,木,火,False,False,0.030771658666753687,2016-W24,2016-06
000858.SZ,2016-06-17,32.71,31.16,0.0497,521434,1686260.2964,丙申,甲午,庚午,5,2016,6,1,0.04854562054774499,1,庚,午,金,火,甲,午,木,火,False,False,-0.006079046076382226,2016-W24,2016-06
000858.SZ,2016-06-20,32.15,32.71,-0.0171,264290,846028.1028,丙申,甲午,癸酉,1,2016,6,1,-0.017268390866664193,0,癸,酉,水,金,甲,午,木,火,False,False,0.04854562054774499,2016-W25,2016-06
000858.SZ,2016-06-21,31.78,32.15,-0.0115,144719,465062.6529,丙申,甲午,甲戌,2,2016,6,1,-0.011575289575058429,0,甲,戌,木,土,甲,午,木,火,False,False,-0.017268390866664193,2016-W25,2016-06
000858.SZ,2016-06-22,31.98,31.78,0.0063,131526,419295.947,丙申,甲午,乙亥,3,2016,6,1,0.006273546297238237,1,乙,亥,木,水,甲,午,木,火,False,False,-0.011575289575058429,2016-W25,2016-06
000858.SZ,2016-06-23,31.96,31.98,-0.0006,153893,491987.4142,丙申,甲午,丙子,4,2016,6,1,-0.0006255865077341985,0,丙,子,火,水,甲,午,木,火,False,False,0.006273546297238237,2016-W25,2016-06
000858.SZ,2016-06-24,31.21,31.96,-0.0235,211475,664510.3318,丙申,甲午,丁丑,5,2016,6,1,-0.023746564615385803,0,丁,丑,火,土,甲,午,木,火,False,False,-0.0006255865077341985,2016-W25,2016-06
000858.SZ,2016-06-27,32.24,31.21,0.033,242517,778319.9859,丙申,甲午,庚辰,1,2016,6,1,0.03246936135573948,1,庚,辰,金,土,甲,午,木,火,False,True,-0.023746564615385803,2016-W26,2016-06
000858.SZ,2016-06-28,32.27,32.24,0.0009,162984,524846.5388,丙申,甲午,辛巳,2,2016,6,1,0.0009300884254428527,1,辛,巳,金,火,甲,午,木,火,False,True,0.03246936135573948,2016-W26,2016-06
000858.SZ,2016-06-29,32.19,32.27,-0.0025,129331,415046.2592,丙申,甲午,壬午,3,2016,6,1,-0.0024821607531538073,0,壬,午,水,火,甲,午,木,火,False,True,0.0009300884254428527,2016-W26,2016-06
000858.SZ,2016-06-30,32.53,32.19,0.0106,260393,851566.5527,丙申,甲午,癸未,4,2016,6,1,0.010506895174543429,1,癸,未,水,土,甲,午,木,火,False,True,-0.0024821607531538073,2016-W26,2016-06
000858.SZ,2016-07-01,32.37,32.53,-0.0049,150288,490795.2265,丙申,甲午,甲申,5,2016,7,1,-0.0049306725471072515,0,甲,申,木,金,甲,午,木,火,True,False,0.010506895174543429,2016-W26,2016-07
000858.SZ,2016-07-04,32.47,32.37,0.0031,261326,849416.5166,丙申,甲午,丁亥,1,2016,7,1,0.0030845181766017086,1,丁,亥,火,水,甲,午,木,火,True,False,-0.0049306725471072515,2016-W27,2016-07
000858.SZ,2016-07-05,32.99,32.47,0.016,424532,1403055.9025,丙申,甲午,戊子,2,2016,7,1,0.01588789912573546,1,戊,子,土,水,甲,午,木,火,True,False,0.0030845181766017086,2016-W27,2016-07
000858.SZ,2016-07-06,35.41,32.99,0.0734,748717,2588251.4351,丙申,甲午,己丑,3,2016,7,1,0.07078978088332215,1,己,丑,土,土,甲,午,木,火,False,False,0.01588789912573546,2016-W27,2016-07
000858.SZ,2016-07-07,34.82,35.41,-0.0167,474667,1670520.0401,丙申,乙未,庚寅,4,2016,7,1,-0.01680233178376932,0,庚,寅,金,木,乙,未,木,土,False,False,0.07078978088332215,2016-W27,2016-07
000858.SZ,2016-07-08,35.7,34.82,0.0253,487445,1722146.0466,丙申,乙未,辛卯,5,2016,7,1,0.024958754445550586,1,辛,卯,金,木,乙,未,木,土,False,False,-0.01680233178376932,2016-W27,2016-07
000858.SZ,2016-07-11,37.34,35.7,0.0459,783621,2928172.6956,丙申,乙未,甲午,1,2016,7,1,0.04491444932798322,1,甲,午,木,火,乙,未,木,土,False,False,0.024958754445550586,2016-W28,2016-07
000858.SZ,2016-07-12,38.07,37.34,0.0196,579406,2189112.2752,丙申,乙未,乙未,2,2016,7,1,0.019361432280829427,1,乙,未,木,土,乙,未,木,土,False,False,0.04491444932798322,2016-W28,2016-07
000858.SZ,2016-07-13,37.42,38.07,-0.0171,405334,1507879.2377,丙申,乙未,丙申,3,2016,7,1,-0.017221249548462377,0,丙,申,火,金,乙,未,木,土,False,False,0.019361432280829427,2016-W28,2016-07
000858.SZ,2016-07-14,37.12,37.42,-0.008,354258,1320867.2135,丙申,乙未,丁酉,4,2016,7,1,-0.008049412927943814,0,丁,酉,火,金,乙,未,木,土,False,False,-0.017221249548462377,2016-W28,2016-07
000858.SZ,2016-07-15,37.14,37.12,0.0005,278030,1026517.6206,丙申,乙未,戊戌,5,2016,7,1,0.0005386480065600323,1,戊,戌,土,土,乙,未,木,土,False,False,-0.008049412927943814,2016-W28,2016-07
000858.SZ,2016-07-18,37.02,37.14,-0.0032,250118,926598.4688,丙申,乙未,辛丑,1,2016,7,1,-0.0032362487792081934,0,辛,丑,金,土,乙,未,木,土,False,False,0.0005386480065600323,2016-W29,2016-07
000858.SZ,2016-07-19,35.47,37.02,-0.0419,596669,2125864.9506,丙申,乙未,壬寅,2,2016,7,1,-0.042771038359821094,0,壬,寅,水,木,乙,未,木,土,False,False,-0.0032362487792081934,2016-W29,2016-07
000858.SZ,2016-07-20,35.26,35.47,-0.0059,309032,1090322.2754,丙申,乙未,癸卯,3,2016,7,1,-0.00593809181580629,0,癸,卯,水,木,乙,未,木,土,False,False,-0.042771038359821094,2016-W29,2016-07
000858.SZ,2016-07-21,35.63,35.26,0.0105,383296,1366143.6145,丙申,乙未,甲辰,4,2016,7,1,0.010438802648020551,1,甲,辰,木,土,乙,未,木,土,False,False,-0.00593809181580629,2016-W29,2016-07
000858.SZ,2016-07-22,34.91,35.63,-0.0202,323805,1135747.559,丙申,乙未,乙巳,5,2016,7,1,-0.0204146585008002,0,乙,巳,木,火,乙,未,木,土,False,False,0.010438802648020551,2016-W29,2016-07
000858.SZ,2016-07-25,34.64,34.11,0.0155,319307,1108939.3529,丙申,乙未,戊申,1,2016,7,1,0.015418487263680005,1,戊,申,土,金,乙,未,木,土,False,False,-0.0204146585008002,2016-W30,2016-07
000858.SZ,2016-07-26,35.61,34.64,0.028,356588,1247112.8999,丙申,乙未,己酉,2,2016,7,1,0.027617413595451987,1,己,酉,土,金,乙,未,木,土,False,False,0.015418487263680005,2016-W30,2016-07
000858.SZ,2016-07-27,35.08,35.61,-0.0149,388128,1362334.8439,丙申,乙未,庚戌,3,2016,7,1,-0.014995329785704113,0,庚,戌,金,土,乙,未,木,土,False,True,0.027617413595451987,2016-W30,2016-07
000858.SZ,2016-07-28,35.79,35.08,0.0202,404639,1444367.6473,丙申,乙未,辛亥,4,2016,7,1,0.020037357273952124,1,辛,亥,金,水,乙,未,木,土,False,True,-0.014995329785704113,2016-W30,2016-07
000858.SZ,2016-07-29,36.17,35.79,0.0106,387880,1412679.615,丙申,乙未,壬子,5,2016,7,1,0.010561521186072302,1,壬,子,水,水,乙,未,木,土,False,True,0.020037357273952124,2016-W30,2016-07
000858.SZ,2016-08-01,34.83,36.17,-0.037,326111,1146568.819,丙申,乙未,乙卯,1,2016,8,1,-0.0377509615860968,0,乙,卯,木,木,乙,未,木,土,True,False,0.010561521186072302,2016-W31,2016-08
000858.SZ,2016-08-02,34.64,34.83,-0.0055,270152,933644.8576,丙申,乙未,丙辰,2,2016,8,1,-0.005470000683675295,0,丙,辰,火,土,乙,未,木,土,True,False,-0.0377509615860968,2016-W31,2016-08
000858.SZ,2016-08-03,34.93,34.64,0.0084,191610,667407.577,丙申,乙未,丁巳,3,2016,8,1,0.008336975124506119,1,丁,巳,火,火,乙,未,木,土,True,False,-0.005470000683675295,2016-W31,2016-08
000858.SZ,2016-08-04,34.9,34.93,-0.0009,156823,545562.4338,丙申,乙未,戊午,4,2016,8,1,-0.0008592296103592034,0,戊,午,土,火,乙,未,木,土,True,False,0.008336975124506119,2016-W31,2016-08
000858.SZ,2016-08-05,34.42,34.9,-0.0138,185503,643662.2564,丙申,乙未,己未,5,2016,8,1,-0.013849038424988,0,己,未,土,土,乙,未,木,土,True,False,-0.0008592296103592034,2016-W31,2016-08
000858.SZ,2016-08-08,34.46,34.42,0.0012,355547,1210752.0837,丙申,丙申,壬戌,1,2016,8,1,0.0011614403163902136,1,壬,戌,水,土,丙,申,火,金,False,False,-0.013849038424988,2016-W32,2016-08
000858.SZ,2016-08-09,35.36,34.46,0.0261,354136,1238307.4675,丙申,丙申,癸亥,2,2016,8,1,0.025782006669659015,1,癸,亥,水,水,丙,申,火,金,False,False,0.0011614403163902136,2016-W32,2016-08
000858.SZ,2016-08-10,34.96,35.36,-0.0113,193891,679887.7564,丙申,丙申,甲子,3,2016,8,1,-0.011376686982107934,0,甲,子,木,水,丙,申,火,金,False,False,0.025782006669659015,2016-W32,2016-08
000858.SZ,2016-08-11,35.52,34.96,0.016,399420,1423689.5565,丙申,丙申,乙丑,4,2016,8,1,0.01589136733663466,1,乙,丑,木,土,丙,申,火,金,False,False,-0.011376686982107934,2016-W32,2016-08
000858.SZ,2016-08-12,35.66,35.52,0.0039,276885,977619.8991,丙申,丙申,丙寅,5,2016,8,1,0.003933694311024746,1,丙,寅,火,木,丙,申,火,金,False,False,0.01589136733663466,2016-W32,2016-08
000858.SZ,2016-08-15,36.6,35.66,0.0264,520938,1892335.7237,丙申,丙申,己巳,1,2016,8,1,0.02601862797232639,1,己,巳,土,火,丙,申,火,金,False,False,0.003933694311024746,2016-W33,2016-08
000858.SZ,2016-08-16,36.2,36.6,-0.0109,446004,1634149.3042,丙申,丙申,庚午,2,2016,8,1,-0.010989121575595206,0,庚,午,金,火,丙,申,火,金,False,False,0.02601862797232639,2016-W33,2016-08
000858.SZ,2016-08-17,36.55,36.2,0.0097,381761,1397603.0454,丙申,丙申,辛未,3,2016,8,1,0.00962206736406203,1,辛,未,金,土,丙,申,火,金,False,False,-0.010989121575595206,2016-W33,2016-08
000858.SZ,2016-08-18,35.95,36.55,-0.0164,288076,1039982.838,丙申,丙申,壬申,4,2016,8,1,-0.016552102028731645,0,壬,申,水,金,丙,申,火,金,False,False,0.00962206736406203,2016-W33,2016-08
000858.SZ,2016-08-19,35.62,35.95,-0.0092,196066,700001.3139,丙申,丙申,癸酉,5,2016,8,1,-0.0092218063055402,0,癸,酉,水,金,丙,申,火,金,False,False,-0.016552102028731645,2016-W33,2016-08
000858.SZ,2016-08-22,35.81,35.62,0.0053,219210,788166.8573,丙申,丙申,丙子,1,2016,8,1,0.005319906148825823,1,丙,子,火,水,丙,申,火,金,False,False,-0.0092218063055402,2016-W34,2016-08
000858.SZ,2016-08-23,35.35,35.81,-0.0128,252477,898440.0176,丙申,丙申,丁丑,2,2016,8,1,-0.012928791667759629,0,丁,丑,火,土,丙,申,火,金,False,False,0.005319906148825823,2016-W34,2016-08
000858.SZ,2016-08-24,35.03,35.35,-0.0091,339771,1188778.4951,丙申,丙申,戊寅,3,2016,8,1,-0.00909355513318634,0,戊,寅,土,木,丙,申,火,金,False,False,-0.012928791667759629,2016-W34,2016-08
000858.SZ,2016-08-25,34.79,35.03,-0.0069,225541,782000.1132,丙申,丙申,己卯,4,2016,8,1,-0.006874848045544855,0,己,卯,土,木,丙,申,火,金,False,False,-0.00909355513318634,2016-W34,2016-08
000858.SZ,2016-08-26,34.57,34.79,-0.0063,186239,648227.8985,丙申,丙申,庚辰,5,2016,8,1,-0.006343735230317427,0,庚,辰,金,土,丙,申,火,金,False,False,-0.006874848045544855,2016-W34,2016-08
000858.SZ,2016-08-29,34.51,34.57,-0.0017,179250,620838.2229,丙申,丙申,癸未,1,2016,8,1,-0.0017371168236211716,0,癸,未,水,土,丙,申,火,金,False,True,-0.006343735230317427,2016-W35,2016-08
000858.SZ,2016-08-30,34.73,34.51,0.0064,196633,684718.816,丙申,丙申,甲申,2,2016,8,1,0.006354729646070509,1,甲,申,木,金,丙,申,火,金,False,True,-0.0017371168236211716,2016-W35,2016-08
000858.SZ,2016-08-31,34.91,34.73,0.0052,350199,1218241.6601,丙申,丙申,乙酉,3,2016,8,1,0.005169454360961915,1,乙,酉,木,金,丙,申,火,金,False,True,0.006354729646070509,2016-W35,2016-08
000858.SZ,2016-09-01,34.31,34.91,-0.0172,313067,1079870.4129,丙申,丙申,丙戌,4,2016,9,1,-0.017336464246586206,0,丙,戌,火,土,丙,申,火,金,True,False,0.005169454360961915,2016-W35,2016-09
000858.SZ,2016-09-02,33.85,34.31,-0.0134,283527,963931.1429,丙申,丙申,丁亥,5,2016,9,1,-0.013497857512074357,0,丁,亥,火,水,丙,申,火,金,True,False,-0.017336464246586206,2016-W35,2016-09
000858.SZ,2016-09-05,34.01,33.85,0.0047,186284,632649.0613,丙申,丙申,庚寅,1,2016,9,1,0.004715599660820064,1,庚,寅,金,木,丙,申,火,金,True,False,-0.013497857512074357,2016-W36,2016-09
000858.SZ,2016-09-06,34.34,34.01,0.0097,173358,590501.1815,丙申,丙申,辛卯,2,2016,9,1,0.009656256450225493,1,辛,卯,金,木,丙,申,火,金,False,False,0.004715599660820064,2016-W36,2016-09
000858.SZ,2016-09-07,33.81,34.34,-0.0154,287075,972545.2781,丙申,丁酉,壬辰,3,2016,9,1,-0.015554238749534903,0,壬,辰,水,土,丁,酉,火,金,False,False,0.009656256450225493,2016-W36,2016-09
000858.SZ,2016-09-08,33.58,33.81,-0.0068,226065,759929.8023,丙申,丁酉,癸巳,4,2016,9,1,-0.0068259650703999825,0,癸,巳,水,火,丁,酉,火,金,False,False,-0.015554238749534903,2016-W36,2016-09
000858.SZ,2016-09-09,33.4,33.58,-0.0054,173742,582842.5148,丙申,丁酉,甲午,5,2016,9,1,-0.005374751666739982,0,甲,午,木,火,丁,酉,火,金,False,False,-0.0068259650703999825,2016-W36,2016-09
000858.SZ,2016-09-12,32.12,33.4,-0.0383,366859,1194217.6753,丙申,丁酉,丁酉,1,2016,9,1,-0.03907701090409382,0,丁,酉,火,金,丁,酉,火,金,False,False,-0.005374751666739982,2016-W37,2016-09
000858.SZ,2016-09-13,32.45,32.12,0.0103,163209,526745.4662,丙申,丁酉,戊戌,2,2016,9,1,0.010221554071538227,1,戊,戌,土,土,丁,酉,火,金,False,False,-0.03907701090409382,2016-W37,2016-09
000858.SZ,2016-09-14,32.12,32.45,-0.0102,130543,420857.446,丙申,丁酉,己亥,3,2016,9,1,-0.010221554071538252,0,己,亥,土,水,丁,酉,火,金,False,False,0.010221554071538227,2016-W37,2016-09
000858.SZ,2016-09-19,32.54,32.12,0.0131,167568,544252.2267,丙申,丁酉,甲辰,1,2016,9,1,0.012991212712330868,1,甲,辰,木,土,丁,酉,火,金,False,False,-0.010221554071538252,2016-W38,2016-09
000858.SZ,2016-09-20,32.53,32.54,-0.0003,144652,473082.0995,丙申,丁酉,乙巳,2,2016,9,1,-0.00030736130563153964,0,乙,巳,木,火,丁,酉,火,金,False,False,0.012991212712330868,2016-W38,2016-09
000858.SZ,2016-09-21,32.68,32.53,0.0046,99070,323523.3463,丙申,丁酉,丙午,3,2016,9,1,0.004600529506542094,1,丙,午,火,火,丁,酉,火,金,False,False,-0.00030736130563153964,2016-W38,2016-09
000858.SZ,2016-09-22,33.48,32.68,0.0245,296862,989315.1205,丙申,丁酉,丁未,4,2016,9,1,0.02418497562947232,1,丁,未,火,土,丁,酉,火,金,False,False,0.004600529506542094,2016-W38,2016-09
000858.SZ,2016-09-23,33.28,33.48,-0.006,151517,503512.7034,丙申,丁酉,戊申,5,2016,9,1,-0.005991629668266636,0,戊,申,土,金,丁,酉,火,金,False,False,0.02418497562947232,2016-W38,2016-09
000858.SZ,2016-09-26,32.28,33.28,-0.03,185836,605117.4158,丙申,丁酉,辛亥,1,2016,9,1,-0.030508772551259743,0,辛,亥,金,水,丁,酉,火,金,False,True,-0.005991629668266636,2016-W39,2016-09
000858.SZ,2016-09-27,32.52,32.28,0.0074,98323,318817.5468,丙申,丁酉,壬子,2,2016,9,1,0.007407441277861818,1,壬,子,水,水,丁,酉,火,金,False,True,-0.030508772551259743,2016-W39,2016-09
000858.SZ,2016-09-28,32.32,32.52,-0.0062,67046,217490.8009,丙申,丁酉,癸丑,3,2016,9,1,-0.006169051026715352,0,癸,丑,水,土,丁,酉,火,金,False,True,0.007407441277861818,2016-W39,2016-09
000858.SZ,2016-09-29,32.68,32.32,0.0111,132443,432941.0401,丙申,丁酉,甲寅,4,2016,9,1,0.011077036338907404,1,甲,寅,木,木,丁,酉,火,金,False,True,-0.006169051026715352,2016-W39,2016-09
000858.SZ,2016-09-30,33.36,32.68,0.0208,231751,771623.2233,丙申,丁酉,乙卯,5,2016,9,1,0.020594307498743795,1,乙,卯,木,木,丁,酉,火,金,False,True,0.011077036338907404,2016-W39,2016-09
000858.SZ,2016-10-10,33.67,33.36,0.0093,220542,742989.6887,丙申,戊戌,乙丑,1,2016,10,1,0.009249655682437161,1,乙,丑,木,土,戊,戌,土,土,False,False,0.020594307498743795,2016-W41,2016-10
000858.SZ,2016-10-11,33.47,33.67,-0.0059,226117,757048.0187,丙申,戊戌,丙寅,2,2016,10,1,-0.005957717949747924,0,丙,寅,火,木,戊,戌,土,土,False,False,0.009249655682437161,2016-W41,2016-10
000858.SZ,2016-10-12,33.49,33.47,0.0006,130252,436671.2981,丙申,戊戌,丁卯,3,2016,10,1,0.0005973715828780433,1,丁,卯,火,木,戊,戌,土,土,False,False,-0.005957717949747924,2016-W41,2016-10
000858.SZ,2016-10-13,33.05,33.49,-0.0131,186646,619565.3222,丙申,戊戌,戊辰,4,2016,10,1,-0.013225320508418027,0,戊,辰,土,土,戊,戌,土,土,False,False,0.0005973715828780433,2016-W41,2016-10
000858.SZ,2016-10-14,33.13,33.05,0.0024,118356,392363.3124,丙申,戊戌,己巳,5,2016,10,1,0.0024176500141094466,1,己,巳,土,火,戊,戌,土,土,False,False,-0.013225320508418027,2016-W41,2016-10
000858.SZ,2016-10-17,33.3,33.13,0.0051,200238,668938.561,丙申,戊戌,壬申,1,2016,10,1,0.0051181806745935155,1,壬,申,水,金,戊,戌,土,土,False,False,0.0024176500141094466,2016-W42,2016-10
000858.SZ,2016-10-18,33.89,33.3,0.0177,287741,972758.8181,丙申,戊戌,癸酉,2,2016,10,1,0.01756258863256201,1,癸,酉,水,金,戊,戌,土,土,False,False,0.0051181806745935155,2016-W42,2016-10
000858.SZ,2016-10-19,33.8,33.89,-0.0027,166382,561752.7446,丙申,戊戌,甲戌,3,2016,10,1,-0.0026591831299869794,0,甲,戌,木,土,戊,戌,土,土,False,False,0.01756258863256201,2016-W42,2016-10
000858.SZ,2016-10-20,33.64,33.8,-0.0047,119544,403462.6759,丙申,戊戌,乙亥,4,2016,10,1,-0.004744967384225638,0,乙,亥,木,水,戊,戌,土,土,False,False,-0.0026591831299869794,2016-W42,2016-10
000858.SZ,2016-10-21,33.57,33.64,-0.0021,152041,509430.1847,丙申,戊戌,丙子,5,2016,10,1,-0.0020830241128037092,0,丙,子,火,水,戊,戌,土,土,False,False,-0.004744967384225638,2016-W42,2016-10
000858.SZ,2016-10-24,33.71,33.57,0.0042,152827,514888.8397,丙申,戊戌,己卯,1,2016,10,1,0.004161718254025829,1,己,卯,土,木,戊,戌,土,土,False,False,-0.0020830241128037092,2016-W43,2016-10
000858.SZ,2016-10-25,34.33,33.71,0.0184,332492,1136904.2761,丙申,戊戌,庚辰,2,2016,10,1,0.0182250782236312,1,庚,辰,金,土,戊,戌,土,土,False,False,0.004161718254025829,2016-W43,2016-10
000858.SZ,2016-10-26,34.93,34.33,0.0175,572903,2015540.9042,丙申,戊戌,辛巳,3,2016,10,1,0.017326451349140043,1,辛,巳,金,火,戊,戌,土,土,False,False,0.0182250782236312,2016-W43,2016-10
000858.SZ,2016-10-27,34.65,34.93,-0.008,268782,928707.1231,丙申,戊戌,壬午,4,2016,10,1,-0.008048333182828372,0,壬,午,水,火,戊,戌,土,土,False,True,0.017326451349140043,2016-W43,2016-10
000858.SZ,2016-10-28,35.33,34.65,0.0196,424401,1499232.7723,丙申,戊戌,癸未,5,2016,10,1,0.01943473573514164,1,癸,未,水,土,戊,戌,土,土,False,True,-0.008048333182828372,2016-W43,2016-10
000858.SZ,2016-10-31,34.98,35.33,-0.0099,242283,850038.41,丙申,戊戌,丙戌,1,2016,10,1,-0.009955991780597908,0,丙,戌,火,土,戊,戌,土,土,False,True,0.01943473573514164,2016-W44,2016-10
000858.SZ,2016-11-01,35.19,34.98,0.006,193762,676539.65,丙申,戊戌,丁亥,2,2016,11,1,0.005985481743037824,1,丁,亥,火,水,戊,戌,土,土,True,False,-0.009955991780597908,2016-W44,2016-11
000858.SZ,2016-11-02,34.64,35.19,-0.0156,145575,506388.268,丙申,戊戌,戊子,3,2016,11,1,-0.015752867639259264,0,戊,子,土,水,戊,戌,土,土,True,False,0.005985481743037824,2016-W44,2016-11
000858.SZ,2016-11-03,34.78,34.64,0.004,160159,557888.912,丙申,戊戌,己丑,4,2016,11,1,0.0040334252319025364,1,己,丑,土,土,戊,戌,土,土,True,False,-0.015752867639259264,2016-W44,2016-11
000858.SZ,2016-11-04,34.28,34.78,-0.0144,198377,683161.094,丙申,戊戌,庚寅,5,2016,11,1,-0.014480415196557886,0,庚,寅,金,木,戊,戌,土,土,True,False,0.0040334252319025364,2016-W44,2016-11
000858.SZ,2016-11-07,34.54,34.28,0.0076,156353,539898.819,丙申,己亥,癸巳,1,2016,11,1,0.007555978988953423,1,癸,巳,水,火,己,亥,土,水,False,False,-0.014480415196557886,2016-W45,2016-11
000858.SZ,2016-11-08,34.92,34.54,0.011,201957,706046.485,丙申,己亥,甲午,2,2016,11,1,0.01094165825286897,1,甲,午,木,火,己,亥,土,水,False,False,0.007555978988953423,2016-W45,2016-11
000858.SZ,2016-11-09,34.7,34.92,-0.0063,188301,653324.089,丙申,己亥,乙未,3,2016,11,1,-0.006320044018587925,0,乙,未,木,土,己,亥,土,水,False,False,0.01094165825286897,2016-W45,2016-11
000858.SZ,2016-11-10,35.0,34.7,0.0086,171663,600144.095,丙申,己亥,丙申,4,2016,11,1,0.008608374536600101,1,丙,申,火,金,己,亥,土,水,False,False,-0.006320044018587925,2016-W45,2016-11
000858.SZ,2016-11-11,34.79,35.0,-0.006,220862,766599.488,丙申,己亥,丁酉,5,2016,11,1,-0.006018072325563021,0,丁,酉,火,金,己,亥,土,水,False,False,0.008608374536600101,2016-W45,2016-11
000858.SZ,2016-11-14,34.35,34.79,-0.0126,286389,986264.992,丙申,己亥,庚子,1,2016,11,1,-0.01272797049549229,0,庚,子,金,水,己,亥,土,水,False,False,-0.006018072325563021,2016-W46,2016-11
000858.SZ,2016-11-15,34.81,34.35,0.0134,214492,742407.809,丙申,己亥,辛丑,2,2016,11,1,0.013302683154989203,1,辛,丑,金,土,己,亥,土,水,False,False,-0.01272797049549229,2016-W46,2016-11
000858.SZ,2016-11-16,34.53,34.81,-0.008,117769,407028.543,丙申,己亥,壬寅,3,2016,11,1,-0.00807619042144665,0,壬,寅,水,木,己,亥,土,水,False,False,0.013302683154989203,2016-W46,2016-11
000858.SZ,2016-11-17,34.61,34.53,0.0023,122579,424451.963,丙申,己亥,癸卯,4,2016,11,1,0.0023141462453518022,1,癸,卯,水,木,己,亥,土,水,False,False,-0.00807619042144665,2016-W46,2016-11
000858.SZ,2016-11-18,34.46,34.61,-0.0043,113025,388872.947,丙申,己亥,甲辰,5,2016,11,1,-0.00434342654746927,0,甲,辰,木,土,己,亥,土,水,False,False,0.0023141462453518022,2016-W46,2016-11
000858.SZ,2016-11-21,34.45,34.46,-0.0003,118205,407323.305,丙申,己亥,丁未,1,2016,11,1,-0.00029023364011597014,0,丁,未,火,土,己,亥,土,水,False,False,-0.00434342654746927,2016-W47,2016-11
000858.SZ,2016-11-22,34.42,34.45,-0.0009,154708,531809.593,丙申,己亥,戊申,2,2016,11,1,-0.0008712066762742851,0,戊,申,土,金,己,亥,土,水,False,False,-0.00029023364011597014,2016-W47,2016-11
000858.SZ,2016-11-23,35.05,34.42,0.0183,364966,1269579.733,丙申,己亥,己酉,3,2016,11,1,0.018137822697205572,1,己,酉,土,金,己,亥,土,水,False,False,-0.0008712066762742851,2016-W47,2016-11
000858.SZ,2016-11-24,35.15,35.05,0.0029,349101,1223478.599,丙申,己亥,庚戌,4,2016,11,1,0.002849004776074871,1,庚,戌,金,土,己,亥,土,水,False,False,0.018137822697205572,2016-W47,2016-11
000858.SZ,2016-11-25,35.17,35.15,0.0006,166294,582609.075,丙申,己亥,辛亥,5,2016,11,1,0.0005688282292173341,1,辛,亥,金,水,己,亥,土,水,False,False,0.002849004776074871,2016-W47,2016-11
000858.SZ,2016-11-28,35.47,35.17,0.0085,341218,1218097.474,丙申,己亥,甲寅,1,2016,11,1,0.00849382229963923,1,甲,寅,木,木,己,亥,土,水,False,True,0.0005688282292173341,2016-W48,2016-11
000858.SZ,2016-11-29,36.72,35.47,0.0352,733030,2696389.33,丙申,己亥,乙卯,2,2016,11,1,0.0346342969667592,1,乙,卯,木,木,己,亥,土,水,False,True,0.00849382229963923,2016-W48,2016-11
000858.SZ,2016-11-30,35.93,36.72,-0.0215,394029,1426043.941,丙申,己亥,丙辰,3,2016,11,1,-0.02174896462686235,0,丙,辰,火,土,己,亥,土,水,False,True,0.0346342969667592,2016-W48,2016-11
000858.SZ,2016-12-01,36.17,35.93,0.0067,342029,1233479.44,丙申,己亥,丁巳,4,2016,12,1,0.006657444838579204,1,丁,巳,火,火,己,亥,土,水,True,False,-0.02174896462686235,2016-W48,2016-12
000858.SZ,2016-12-02,35.75,36.17,-0.0116,243823,873578.722,丙申,己亥,戊午,5,2016,12,1,-0.011679776823990004,0,戊,午,土,火,己,亥,土,水,True,False,0.006657444838579204,2016-W48,2016-12
000858.SZ,2016-12-05,35.54,35.75,-0.0059,333510,1196856.761,丙申,己亥,辛酉,1,2016,12,1,-0.005891446413511459,0,辛,酉,金,金,己,亥,土,水,True,False,-0.011679776823990004,2016-W49,2016-12
000858.SZ,2016-12-06,36.17,35.54,0.0177,287029,1032222.665,丙申,己亥,壬戌,2,2016,12,1,0.017571223237501276,1,壬,戌,水,土,己,亥,土,水,False,False,-0.005891446413511459,2016-W49,2016-12
000858.SZ,2016-12-07,36.2,36.17,0.0008,207262,747998.729,丙申,庚子,癸亥,3,2016,12,1,0.000829072867718823,1,癸,亥,水,水,庚,子,金,水,False,False,0.017571223237501276,2016-W49,2016-12
000858.SZ,2016-12-08,36.8,36.2,0.0166,485754,1792908.89,丙申,庚子,甲子,4,2016,12,1,0.01643872634315972,1,甲,子,木,水,庚,子,金,水,False,False,0.000829072867718823,2016-W49,2016-12
000858.SZ,2016-12-09,36.66,36.8,-0.0038,243536,895319.074,丙申,庚子,乙丑,5,2016,12,1,-0.0038116027633262944,0,乙,丑,木,土,庚,子,金,水,False,False,0.01643872634315972,2016-W49,2016-12
000858.SZ,2016-12-12,35.57,36.66,-0.0297,360068,1303171.999,丙申,庚子,戊辰,1,2016,12,1,-0.030183656451195008,0,戊,辰,土,土,庚,子,金,水,False,False,-0.0038116027633262944,2016-W50,2016-12
000858.SZ,2016-12-13,36.26,35.57,0.0194,335022,1206150.218,丙申,庚子,己巳,2,2016,12,1,0.019212619366341194,1,己,巳,土,火,庚,子,金,水,False,False,-0.030183656451195008,2016-W50,2016-12
000858.SZ,2016-12-14,35.47,36.26,-0.0218,270937,969025.281,丙申,庚子,庚午,3,2016,12,1,-0.02202793654117452,0,庚,午,金,火,庚,子,金,水,False,False,0.019212619366341194,2016-W50,2016-12
000858.SZ,2016-12-15,35.34,35.47,-0.0037,316411,1124019.814,丙申,庚子,辛未,4,2016,12,1,-0.0036718018939799783,0,辛,未,金,土,庚,子,金,水,False,False,-0.02202793654117452,2016-W50,2016-12
000858.SZ,2016-12-16,35.45,35.34,0.0031,152519,538382.827,丙申,庚子,壬申,5,2016,12,1,0.003107786086586141,1,壬,申,水,金,庚,子,金,水,False,False,-0.0036718018939799783,2016-W50,2016-12
000858.SZ,2016-12-19,36.01,35.45,0.0158,322381,1164584.517,丙申,庚子,乙亥,1,2016,12,1,0.015673424682647295,1,乙,亥,木,水,庚,子,金,水,False,False,0.003107786086586141,2016-W51,2016-12
000858.SZ,2016-12-20,35.4,36.01,-0.0169,243359,866628.502,丙申,庚子,丙子,2,2016,12,1,-0.01708485752105504,0,丙,子,火,水,庚,子,金,水,False,False,0.015673424682647295,2016-W51,2016-12
000858.SZ,2016-12-21,35.63,35.4,0.0065,128155,456793.17,丙申,庚子,丁丑,3,2016,12,1,0.006476159478016013,1,丁,丑,火,土,庚,子,金,水,False,False,-0.01708485752105504,2016-W51,2016-12
000858.SZ,2016-12-22,35.41,35.63,-0.0062,101598,360125.9,丙申,庚子,戊寅,4,2016,12,1,-0.00619371349393251,0,戊,寅,土,木,庚,子,金,水,False,False,0.006476159478016013,2016-W51,2016-12
000858.SZ,2016-12-23,34.42,35.41,-0.028,232619,809628.917,丙申,庚子,己卯,5,2016,12,1,-0.02835647534041887,0,己,卯,土,木,庚,子,金,水,False,False,-0.00619371349393251,2016-W51,2016-12
000858.SZ,2016-12-26,34.35,34.42,-0.002,196860,669150.102,丙申,庚子,壬午,1,2016,12,1,-0.002035772115035032,0,壬,午,水,火,庚,子,金,水,False,False,-0.02835647534041887,2016-W52,2016-12
000858.SZ,2016-12-27,34.34,34.35,-0.0003,118353,408056.594,丙申,庚子,癸未,2,2016,12,1,-0.00029116319902885974,0,癸,未,水,土,庚,子,金,水,False,True,-0.002035772115035032,2016-W52,2016-12
000858.SZ,2016-12-28,33.91,34.34,-0.0125,124079,422777.02,丙申,庚子,甲申,3,2016,12,1,-0.012600899331782418,0,甲,申,木,金,庚,子,金,水,False,True,-0.00029116319902885974,2016-W52,2016-12
000858.SZ,2016-12-29,33.85,33.91,-0.0018,110296,373576.291,丙申,庚子,乙酉,4,2016,12,1,-0.0017709567792631169,0,乙,酉,木,金,庚,子,金,水,False,True,-0.012600899331782418,2016-W52,2016-12
000858.SZ,2016-12-30,34.48,33.85,0.0186,232019,797104.5,丙申,庚子,丙戌,5,2016,12,1,0.018440446437208144,1,丙,戌,火,土,庚,子,金,水,False,True,-0.0017709567792631169,2016-W52,2016-12
000858.SZ,2017-01-03,34.66,34.48,0.0052,155347,537407.604,丙申,庚子,庚寅,2,2017,1,1,0.005206838491967745,1,庚,寅,金,木,庚,子,金,水,True,False,0.018440446437208144,2017-W01,2017-01
000858.SZ,2017-01-04,35.9,34.66,0.0358,460536,1637950.788,丙申,庚子,辛卯,3,2017,1,1,0.035151011206773296,1,辛,卯,金,木,庚,子,金,水,True,False,0.005206838491967745,2017-W01,2017-01
000858.SZ,2017-01-05,35.93,35.9,0.0008,258159,927811.511,丙申,辛丑,壬辰,4,2017,1,1,0.0008353056311942492,1,壬,辰,水,土,辛,丑,金,土,True,False,0.035151011206773296,2017-W01,2017-01
000858.SZ,2017-01-06,36.1,35.93,0.0047,336520,1220341.984,丙申,辛丑,癸巳,5,2017,1,1,0.0047202642134078375,1,癸,巳,水,火,辛,丑,金,土,False,False,0.0008353056311942492,2017-W01,2017-01
000858.SZ,2017-01-09,36.45,36.1,0.0097,266922,974179.042,丙申,辛丑,丙申,1,2017,1,1,0.009648593115831937,1,丙,申,火,金,辛,丑,金,土,False,False,0.0047202642134078375,2017-W02,2017-01
000858.SZ,2017-01-10,36.5,36.45,0.0014,228859,840655.876,丙申,辛丑,丁酉,2,2017,1,1,0.0013708021337786216,1,丁,酉,火,金,辛,丑,金,土,False,False,0.009648593115831937,2017-W02,2017-01
000858.SZ,2017-01-11,35.86,36.5,-0.0175,222943,802004.1,丙申,辛丑,戊戌,3,2017,1,1,-0.017689792411459064,0,戊,戌,土,土,辛,丑,金,土,False,False,0.0013708021337786216,2017-W02,2017-01
000858.SZ,2017-01-12,35.6,35.86,-0.0073,158258,564764.861,丙申,辛丑,己亥,4,2017,1,1,-0.007276830319002004,0,己,亥,土,水,辛,丑,金,土,False,False,-0.017689792411459064,2017-W02,2017-01
000858.SZ,2017-01-13,35.69,35.6,0.0025,156314,557529.857,丙申,辛丑,庚子,5,2017,1,1,0.0025248996440840623,1,庚,子,金,水,辛,丑,金,土,False,False,-0.007276830319002004,2017-W02,2017-01
000858.SZ,2017-01-16,35.45,35.69,-0.0067,191981,679701.405,丙申,辛丑,癸卯,1,2017,1,1,-0.006747284523932318,0,癸,卯,水,木,辛,丑,金,土,False,False,0.0025248996440840623,2017-W03,2017-01
000858.SZ,2017-01-17,35.76,35.45,0.0087,177560,635715.016,丙申,辛丑,甲辰,2,2017,1,1,0.00870669732717683,1,甲,辰,木,土,辛,丑,金,土,False,False,-0.006747284523932318,2017-W03,2017-01
000858.SZ,2017-01-18,36.95,35.76,0.0333,447418,1642819.009,丙申,辛丑,乙巳,3,2017,1,1,0.03273569708889755,1,乙,巳,木,火,辛,丑,金,土,False,False,0.00870669732717683,2017-W03,2017-01
000858.SZ,2017-01-19,36.85,36.95,-0.0027,190152,699761.874,丙申,辛丑,丙午,4,2017,1,1,-0.0027100287588652412,0,丙,午,火,火,辛,丑,金,土,False,False,0.03273569708889755,2017-W03,2017-01
000858.SZ,2017-01-20,36.91,36.85,0.0016,165358,608985.852,丙申,辛丑,丁未,5,2017,1,1,0.0016268984065614081,1,丁,未,火,土,辛,丑,金,土,False,False,-0.0027100287588652412,2017-W03,2017-01
000858.SZ,2017-01-23,37.38,36.91,0.0127,393907,1481709.284,丙申,辛丑,庚戌,1,2017,1,1,0.012653284985509685,1,庚,戌,金,土,辛,丑,金,土,False,False,0.0016268984065614081,2017-W04,2017-01
000858.SZ,2017-01-24,37.42,37.38,0.0011,190212,711031.406,丙申,辛丑,辛亥,2,2017,1,1,0.0010695188185268468,1,辛,亥,金,水,辛,丑,金,土,False,False,0.012653284985509685,2017-W04,2017-01
000858.SZ,2017-01-25,37.27,37.42,-0.004,186763,696743.612,丙申,辛丑,壬子,3,2017,1,1,-0.004016607354776441,0,壬,子,水,水,辛,丑,金,土,False,False,0.0010695188185268468,2017-W04,2017-01
000858.SZ,2017-01-26,37.0,37.27,-0.0072,142438,529488.017,丙申,辛丑,癸丑,4,2017,1,1,-0.007270800846942685,0,癸,丑,水,土,辛,丑,金,土,False,False,-0.004016607354776441,2017-W04,2017-01
000858.SZ,2017-02-03,36.41,37.0,-0.0159,145520,533432.444,丁酉,壬寅,辛酉,5,2017,2,1,-0.01607445045688243,0,辛,酉,金,金,壬,寅,水,木,True,False,-0.007270800846942685,2017-W05,2017-02
000858.SZ,2017-02-06,36.45,36.41,0.0011,139315,509472.926,丁酉,壬寅,甲子,1,2017,2,1,0.001097996267325331,1,甲,子,木,水,壬,寅,水,木,False,False,-0.01607445045688243,2017-W06,2017-02
000858.SZ,2017-02-07,36.45,36.45,0.0,121082,442424.456,丁酉,壬寅,乙丑,2,2017,2,1,0.0,0,乙,丑,木,土,壬,寅,水,木,False,False,0.001097996267325331,2017-W06,2017-02
000858.SZ,2017-02-08,37.09,36.45,0.0176,199830,737094.277,丁酉,壬寅,丙寅,3,2017,2,1,0.017405933046832217,1,丙,寅,火,木,壬,寅,水,木,False,False,0.0,2017-W06,2017-02
000858.SZ,2017-02-09,37.34,37.09,0.0067,225210,845962.349,丁酉,壬寅,丁卯,4,2017,2,1,0.006717746612077081,1,丁,卯,火,木,壬,寅,水,木,False,False,0.017405933046832217,2017-W06,2017-02
000858.SZ,2017-02-10,37.83,37.34,0.0131,282841,1071008.77,丁酉,壬寅,戊辰,5,2017,2,1,0.01303730053136118,1,戊,辰,土,土,壬,寅,水,木,False,False,0.006717746612077081,2017-W06,2017-02
000858.SZ,2017-02-13,38.58,37.83,0.0198,393566,1521216.04,丁酉,壬寅,辛未,1,2017,2,1,0.01963156883264507,1,辛,未,金,土,壬,寅,水,木,False,False,0.01303730053136118,2017-W07,2017-02
000858.SZ,2017-02-14,38.66,38.58,0.0021,168320,650070.244,丁酉,壬寅,壬申,2,2017,2,1,0.002071466302601869,1,壬,申,水,金,壬,寅,水,木,False,False,0.01963156883264507,2017-W07,2017-02
000858.SZ,2017-02-15,38.4,38.66,-0.0067,147120,567692.941,丁酉,壬寅,癸酉,3,2017,2,1,-0.0067480141865035835,0,癸,酉,水,金,壬,寅,水,木,False,False,0.002071466302601869,2017-W07,2017-02
000858.SZ,2017-02-16,38.46,38.4,0.0016,121400,466093.467,丁酉,壬寅,甲戌,4,2017,2,1,0.0015612805669526324,1,甲,戌,木,土,壬,寅,水,木,False,False,-0.0067480141865035835,2017-W07,2017-02
000858.SZ,2017-02-17,38.95,38.46,0.0127,241537,944939.377,丁酉,壬寅,乙亥,5,2017,2,1,0.012660032156123756,1,乙,亥,木,水,壬,寅,水,木,False,False,0.0015612805669526324,2017-W07,2017-02
000858.SZ,2017-02-20,41.4,38.95,0.0629,476909,1928243.163,丁酉,壬寅,戊寅,1,2017,2,1,0.06100210851451133,1,戊,寅,土,木,壬,寅,水,木,False,False,0.012660032156123756,2017-W08,2017-02
000858.SZ,2017-02-21,40.86,41.4,-0.013,242450,990510.344,丁酉,壬寅,己卯,2,2017,2,1,-0.013129291441792623,0,己,卯,土,木,壬,寅,水,木,False,False,0.06100210851451133,2017-W08,2017-02
000858.SZ,2017-02-22,41.28,40.86,0.0103,291547,1200108.159,丁酉,壬寅,庚辰,3,2017,2,1,0.010226531783831374,1,庚,辰,金,土,壬,寅,水,木,False,False,-0.013129291441792623,2017-W08,2017-02
000858.SZ,2017-02-23,40.48,41.28,-0.0194,211836,867247.807,丁酉,壬寅,辛巳,4,2017,2,1,-0.019570096194097338,0,辛,巳,金,火,壬,寅,水,木,False,False,0.010226531783831374,2017-W08,2017-02
000858.SZ,2017-02-24,40.29,40.48,-0.0047,164246,658625.165,丁酉,壬寅,壬午,5,2017,2,1,-0.0047047257759541515,0,壬,午,水,火,壬,寅,水,木,False,True,-0.019570096194097338,2017-W08,2017-02
000858.SZ,2017-02-27,39.39,40.29,-0.0223,218245,865270.111,丁酉,壬寅,乙酉,1,2017,2,1,-0.022591322220441343,0,乙,酉,木,金,壬,寅,水,木,False,True,-0.0047047257759541515,2017-W09,2017-02
000858.SZ,2017-02-28,39.56,39.39,0.0043,121198,479096.765,丁酉,壬寅,丙戌,2,2017,2,1,0.004306529771696813,1,丙,戌,火,土,壬,寅,水,木,False,True,-0.022591322220441343,2017-W09,2017-02
000858.SZ,2017-03-01,39.98,39.56,0.0106,174622,698692.361,丁酉,壬寅,丁亥,3,2017,3,1,0.010560822317742477,1,丁,亥,火,水,壬,寅,水,木,True,False,0.004306529771696813,2017-W09,2017-03
000858.SZ,2017-03-02,39.96,39.98,-0.0005,117940,471215.065,丁酉,壬寅,戊子,4,2017,3,1,-0.000500375291901089,0,戊,子,土,水,壬,寅,水,木,True,False,0.010560822317742477,2017-W09,2017-03
000858.SZ,2017-03-03,39.99,39.96,0.0008,144429,575641.081,丁酉,壬寅,己丑,5,2017,3,1,0.0007504690783741788,1,己,丑,土,土,壬,寅,水,木,True,False,-0.000500375291901089,2017-W09,2017-03
000858.SZ,2017-03-06,40.55,39.99,0.014,254141,1021344.428,丁酉,癸卯,壬辰,1,2017,3,1,0.013906357702694754,1,壬,辰,水,土,癸,卯,水,木,False,False,0.0007504690783741788,2017-W10,2017-03
000858.SZ,2017-03-07,41.65,40.55,0.0271,295483,1223950.988,丁酉,癸卯,癸巳,2,2017,3,1,0.026765588051429798,1,癸,巳,水,火,癸,卯,水,木,False,False,0.013906357702694754,2017-W10,2017-03
000858.SZ,2017-03-08,41.12,41.65,-0.0127,141422,583027.608,丁酉,癸卯,甲午,3,2017,3,1,-0.012806747465942032,0,甲,午,木,火,癸,卯,水,木,False,False,0.026765588051429798,2017-W10,2017-03
000858.SZ,2017-03-09,40.67,41.12,-0.0109,150503,611016.528,丁酉,癸卯,乙未,4,2017,3,1,-0.011003901227776352,0,乙,未,木,土,癸,卯,水,木,False,False,-0.012806747465942032,2017-W10,2017-03
000858.SZ,2017-03-10,40.66,40.67,-0.0002,197006,809491.06,丁酉,癸卯,丙申,5,2017,3,1,-0.0002459117189326983,0,丙,申,火,金,癸,卯,水,木,False,False,-0.011003901227776352,2017-W10,2017-03
000858.SZ,2017-03-13,41.65,40.66,0.0243,287983,1193460.527,丁酉,癸卯,己亥,1,2017,3,1,0.024056560412651258,1,己,亥,土,水,癸,卯,水,木,False,False,-0.0002459117189326983,2017-W11,2017-03
000858.SZ,2017-03-14,41.38,41.65,-0.0065,144744,599761.219,丁酉,癸卯,庚子,2,2017,3,1,-0.006503696295454606,0,庚,子,金,水,癸,卯,水,木,False,False,0.024056560412651258,2017-W11,2017-03
000858.SZ,2017-03-15,41.54,41.38,0.0039,125086,520984.518,丁酉,癸卯,辛丑,3,2017,3,1,0.0038591461305692637,1,辛,丑,金,土,癸,卯,水,木,False,False,-0.006503696295454606,2017-W11,2017-03
000858.SZ,2017-03-16,41.04,41.54,-0.012,384110,1582220.997,丁酉,癸卯,壬寅,4,2017,3,1,-0.012109617585452133,0,壬,寅,水,木,癸,卯,水,木,False,False,0.0038591461305692637,2017-W11,2017-03
000858.SZ,2017-03-17,40.76,41.04,-0.0068,201122,826003.823,丁酉,癸卯,癸卯,5,2017,3,1,-0.006845992507990114,0,癸,卯,水,木,癸,卯,水,木,False,False,-0.012109617585452133,2017-W11,2017-03
000858.SZ,2017-03-20,41.09,40.76,0.0081,174755,714047.416,丁酉,癸卯,丙午,1,2017,3,1,0.008063574540794496,1,丙,午,火,火,癸,卯,水,木,False,False,-0.006845992507990114,2017-W12,2017-03
000858.SZ,2017-03-21,43.38,41.09,0.0557,696075,2965555.514,丁酉,癸卯,丁未,2,2017,3,1,0.05423372250340996,1,丁,未,火,土,癸,卯,水,木,False,False,0.008063574540794496,2017-W12,2017-03
000858.SZ,2017-03-22,43.96,43.38,0.0134,381447,1657889.537,丁酉,癸卯,戊申,3,2017,3,1,0.013281624136692247,1,戊,申,土,金,癸,卯,水,木,False,False,0.05423372250340996,2017-W12,2017-03
000858.SZ,2017-03-23,43.56,43.96,-0.0091,225654,981649.097,丁酉,癸卯,己酉,4,2017,3,1,-0.009140831470660858,0,己,酉,土,金,癸,卯,水,木,False,False,0.013281624136692247,2017-W12,2017-03
000858.SZ,2017-03-24,43.24,43.56,-0.0073,271927,1189363.315,丁酉,癸卯,庚戌,5,2017,3,1,-0.007373305293752231,0,庚,戌,金,土,癸,卯,水,木,False,False,-0.009140831470660858,2017-W12,2017-03
000858.SZ,2017-03-27,42.55,43.24,-0.016,268579,1145045.68,丁酉,癸卯,癸丑,1,2017,3,1,-0.016086137751624496,0,癸,丑,水,土,癸,卯,水,木,False,True,-0.007373305293752231,2017-W13,2017-03
000858.SZ,2017-03-28,42.77,42.55,0.0052,165346,702047.888,丁酉,癸卯,甲寅,2,2017,3,1,0.005157067219434316,1,甲,寅,木,木,癸,卯,水,木,False,True,-0.016086137751624496,2017-W13,2017-03
000858.SZ,2017-03-29,43.1,42.77,0.0077,221938,958273.551,丁酉,癸卯,乙卯,3,2017,3,1,0.007686074870884868,1,乙,卯,木,木,癸,卯,水,木,False,True,0.005157067219434316,2017-W13,2017-03
000858.SZ,2017-03-30,42.73,43.1,-0.0086,201909,863705.788,丁酉,癸卯,丙辰,4,2017,3,1,-0.00862174745376859,0,丙,辰,火,土,癸,卯,水,木,False,True,0.007686074870884868,2017-W13,2017-03
000858.SZ,2017-03-31,43.0,42.73,0.0063,216769,922910.202,丁酉,癸卯,丁巳,5,2017,3,1,0.006298866037628829,1,丁,巳,火,火,癸,卯,水,木,False,True,-0.00862174745376859,2017-W13,2017-03
000858.SZ,2017-04-05,43.12,43.0,0.0028,241511,1045988.81,丁酉,甲辰,壬戌,3,2017,4,1,0.002786810907179216,1,壬,戌,水,土,甲,辰,木,土,True,False,0.006298866037628829,2017-W14,2017-04
000858.SZ,2017-04-06,42.95,43.12,-0.0039,168094,719573.178,丁酉,甲辰,癸亥,4,2017,4,1,-0.003950278170477196,0,癸,亥,水,水,甲,辰,木,土,False,False,0.002786810907179216,2017-W14,2017-04
000858.SZ,2017-04-07,42.69,42.95,-0.0061,138129,591485.226,丁酉,甲辰,甲子,5,2017,4,1,-0.00607194766039375,0,甲,子,木,水,甲,辰,木,土,False,False,-0.003950278170477196,2017-W14,2017-04
000858.SZ,2017-04-10,41.66,42.69,-0.0241,260676,1089896.092,丁酉,甲辰,丁卯,1,2017,4,1,-0.02442326493704479,0,丁,卯,火,木,甲,辰,木,土,False,False,-0.00607194766039375,2017-W15,2017-04
000858.SZ,2017-04-11,40.95,41.66,-0.017,326709,1330882.72,丁酉,甲辰,戊辰,2,2017,4,1,-0.017189625533747404,0,戊,辰,土,土,甲,辰,木,土,False,False,-0.02442326493704479,2017-W15,2017-04
000858.SZ,2017-04-12,42.05,40.95,0.0269,310263,1293259.393,丁酉,甲辰,己巳,3,2017,4,1,0.02650757611987854,1,己,巳,土,火,甲,辰,木,土,False,False,-0.017189625533747404,2017-W15,2017-04
000858.SZ,2017-04-13,42.81,42.05,0.0181,207727,884497.034,丁酉,甲辰,庚午,4,2017,4,1,0.01791233373789785,1,庚,午,金,火,甲,辰,木,土,False,False,0.02650757611987854,2017-W15,2017-04
000858.SZ,2017-04-14,42.35,42.81,-0.0107,157508,668378.384,丁酉,甲辰,辛未,5,2017,4,1,-0.010803299058791353,0,辛,未,金,土,甲,辰,木,土,False,False,0.01791233373789785,2017-W15,2017-04
000858.SZ,2017-04-17,42.96,42.35,0.0144,203975,876210.025,丁酉,甲辰,甲戌,1,2017,4,1,0.014301029102545763,1,甲,戌,木,土,甲,辰,木,土,False,False,-0.010803299058791353,2017-W16,2017-04
000858.SZ,2017-04-18,43.88,42.96,0.0214,304940,1341270.937,丁酉,甲辰,乙亥,2,2017,4,1,0.021189185206420363,1,乙,亥,木,水,甲,辰,木,土,False,False,0.014301029102545763,2017-W16,2017-04
000858.SZ,2017-04-19,44.0,43.88,0.0027,214116,946000.248,丁酉,甲辰,丙子,3,2017,4,1,0.0027309985112315125,1,丙,子,火,水,甲,辰,木,土,False,False,0.021189185206420363,2017-W16,2017-04
000858.SZ,2017-04-20,45.65,44.0,0.0375,354905,1606555.766,丁酉,甲辰,丁丑,4,2017,4,1,0.036813973122716184,1,丁,丑,火,土,甲,辰,木,土,False,False,0.0027309985112315125,2017-W16,2017-04
000858.SZ,2017-04-21,45.65,45.65,0.0,246637,1123511.803,丁酉,甲辰,戊寅,5,2017,4,1,0.0,0,戊,寅,土,木,甲,辰,木,土,False,False,0.036813973122716184,2017-W16,2017-04
000858.SZ,2017-04-24,44.31,45.65,-0.0294,207663,927467.922,丁酉,甲辰,辛巳,1,2017,4,1,-0.029793221829579254,0,辛,巳,金,火,甲,辰,木,土,False,False,0.0,2017-W17,2017-04
000858.SZ,2017-04-25,46.6,44.31,0.0517,340541,1559251.121,丁酉,甲辰,壬午,2,2017,4,1,0.05039015592020204,1,壬,午,水,火,甲,辰,木,土,False,False,-0.029793221829579254,2017-W17,2017-04
000858.SZ,2017-04-26,45.7,46.6,-0.0193,370616,1730845.443,丁酉,甲辰,癸未,3,2017,4,1,-0.019502243231441122,0,癸,未,水,土,甲,辰,木,土,False,True,0.05039015592020204,2017-W17,2017-04
000858.SZ,2017-04-27,46.0,45.7,0.0066,187625,855252.055,丁酉,甲辰,甲申,4,2017,4,1,0.006543098588935887,1,甲,申,木,金,甲,辰,木,土,False,True,-0.019502243231441122,2017-W17,2017-04
000858.SZ,2017-04-28,45.5,46.0,-0.0109,346782,1564756.132,丁酉,甲辰,乙酉,5,2017,4,1,-0.010929070532190317,0,乙,酉,木,金,甲,辰,木,土,False,True,0.006543098588935887,2017-W17,2017-04
000858.SZ,2017-05-02,44.6,45.5,-0.0198,208825,931011.026,丁酉,甲辰,己丑,2,2017,5,1,-0.019978466930886275,0,己,丑,土,土,甲,辰,木,土,True,False,-0.010929070532190317,2017-W18,2017-05
000858.SZ,2017-05-03,44.92,44.6,0.0072,151168,678377.708,丁酉,甲辰,庚寅,3,2017,5,1,0.007149270844224112,1,庚,寅,金,木,甲,辰,木,土,True,False,-0.019978466930886275,2017-W18,2017-05
000858.SZ,2017-05-04,44.38,44.92,-0.012,139341,620702.77,丁酉,甲辰,辛卯,4,2017,5,1,-0.012094212365794508,0,辛,卯,金,木,甲,辰,木,土,True,False,0.007149270844224112,2017-W18,2017-05
000858.SZ,2017-05-05,44.16,44.38,-0.005,204943,907381.543,丁酉,乙巳,壬辰,5,2017,5,1,-0.004969515535608166,0,壬,辰,水,土,乙,巳,木,火,True,False,-0.012094212365794508,2017-W18,2017-05
000858.SZ,2017-05-08,42.62,44.16,-0.0349,243118,1051463.511,丁酉,乙巳,乙未,1,2017,5,1,-0.03549577529836881,0,乙,未,木,土,乙,巳,木,火,False,False,-0.004969515535608166,2017-W19,2017-05
000858.SZ,2017-05-09,43.67,42.62,0.0246,247814,1059664.448,丁酉,乙巳,丙申,2,2017,5,1,0.02433774082699854,1,丙,申,火,金,乙,巳,木,火,False,False,-0.03549577529836881,2017-W19,2017-05
000858.SZ,2017-05-10,43.49,43.67,-0.0041,175607,771388.256,丁酉,乙巳,丁酉,3,2017,5,1,-0.004130340887922513,0,丁,酉,火,金,乙,巳,木,火,False,False,0.02433774082699854,2017-W19,2017-05
000858.SZ,2017-05-11,44.33,43.49,0.0193,182030,801570.635,丁酉,乙巳,戊戌,4,2017,5,1,0.01913062214741503,1,戊,戌,土,土,乙,巳,木,火,False,False,-0.004130340887922513,2017-W19,2017-05
000858.SZ,2017-05-12,44.25,43.43,0.0189,196095,857684.473,丁酉,乙巳,己亥,5,2017,5,1,0.01870492490720813,1,己,亥,土,水,乙,巳,木,火,False,False,0.01913062214741503,2017-W19,2017-05
000858.SZ,2017-05-15,45.18,44.25,0.021,191952,864066.331,丁酉,乙巳,壬寅,1,2017,5,1,0.02079913958591858,1,壬,寅,水,木,乙,巳,木,火,False,False,0.01870492490720813,2017-W20,2017-05
000858.SZ,2017-05-16,47.6,45.18,0.0536,411331,1921926.709,丁酉,乙巳,癸卯,2,2017,5,1,0.05217825019751714,1,癸,卯,水,木,乙,巳,木,火,False,False,0.02079913958591858,2017-W20,2017-05
000858.SZ,2017-05-17,46.36,47.6,-0.0261,231397,1085062.005,丁酉,乙巳,甲辰,3,2017,5,1,-0.02639574276582338,0,甲,辰,木,土,乙,巳,木,火,False,False,0.05217825019751714,2017-W20,2017-05
000858.SZ,2017-05-18,46.5,46.36,0.003,160150,749478.836,丁酉,乙巳,乙巳,4,2017,5,1,0.003015294121759736,1,乙,巳,木,火,乙,巳,木,火,False,False,-0.02639574276582338,2017-W20,2017-05
000858.SZ,2017-05-19,47.08,46.5,0.0125,157864,741788.824,丁酉,乙巳,丙午,5,2017,5,1,0.012395969798765321,1,丙,午,火,火,乙,巳,木,火,False,False,0.003015294121759736,2017-W20,2017-05
000858.SZ,2017-05-22,47.13,47.08,0.0011,143877,676005.985,丁酉,乙巳,己酉,1,2017,5,1,0.0010614585435634947,1,己,酉,土,金,乙,巳,木,火,False,False,0.012395969798765321,2017-W21,2017-05
000858.SZ,2017-05-23,48.26,47.13,0.024,271142,1306270.916,丁酉,乙巳,庚戌,2,2017,5,1,0.023693319261246105,1,庚,戌,金,土,乙,巳,木,火,False,False,0.0010614585435634947,2017-W21,2017-05
000858.SZ,2017-05-24,47.95,48.26,-0.0064,238054,1135073.573,丁酉,乙巳,辛亥,3,2017,5,1,-0.0064442588674384,0,辛,亥,金,水,乙,巳,木,火,False,False,0.023693319261246105,2017-W21,2017-05
000858.SZ,2017-05-25,47.73,47.95,-0.0046,156370,745554.304,丁酉,乙巳,壬子,4,2017,5,1,-0.004598670311642186,0,壬,子,水,水,乙,巳,木,火,False,False,-0.0064442588674384,2017-W21,2017-05
000858.SZ,2017-05-26,47.56,47.73,-0.0036,192594,915014.609,丁酉,乙巳,癸丑,5,2017,5,1,-0.0035680591952240315,0,癸,丑,水,土,乙,巳,木,火,False,False,-0.004598670311642186,2017-W21,2017-05
000858.SZ,2017-05-31,47.88,47.56,0.0067,211494,995050.747,丁酉,乙巳,戊午,3,2017,5,1,0.006705808867191422,1,戊,午,土,火,乙,巳,木,火,False,True,-0.0035680591952240315,2017-W22,2017-05
000858.SZ,2017-06-01,48.34,47.88,0.0096,195660,940552.878,丁酉,乙巳,己未,4,2017,6,1,0.009561494585564637,1,己,未,土,土,乙,巳,木,火,True,False,0.006705808867191422,2017-W22,2017-06
000858.SZ,2017-06-02,47.96,48.34,-0.0079,167310,803138.172,丁酉,乙巳,庚申,5,2017,6,1,-0.007892045116023464,0,庚,申,金,金,乙,巳,木,火,True,False,0.009561494585564637,2017-W22,2017-06
000858.SZ,2017-06-05,47.09,47.96,-0.0181,171617,815019.855,丁酉,丙午,癸亥,1,2017,6,1,-0.01830666590385018,0,癸,亥,水,水,丙,午,火,火,True,False,-0.007892045116023464,2017-W23,2017-06
000858.SZ,2017-06-06,48.51,47.09,0.0302,187036,894954.698,丁酉,丙午,甲子,2,2017,6,1,0.0297092980016618,1,甲,子,木,水,丙,午,火,火,False,False,-0.01830666590385018,2017-W23,2017-06
000858.SZ,2017-06-07,50.9,48.51,0.0493,360786,1808407.554,丁酉,丙午,乙丑,3,2017,6,1,0.04809296129935197,1,乙,丑,木,土,丙,午,火,火,False,False,0.0297092980016618,2017-W23,2017-06
000858.SZ,2017-06-08,51.4,50.9,0.0098,300197,1551306.746,丁酉,丙午,丙寅,4,2017,6,1,0.009775248904642465,1,丙,寅,火,木,丙,午,火,火,False,False,0.04809296129935197,2017-W23,2017-06
000858.SZ,2017-06-09,52.17,51.4,0.015,224210,1168904.568,丁酉,丙午,丁卯,5,2017,6,1,0.014869444573182096,1,丁,卯,火,木,丙,午,火,火,False,False,0.009775248904642465,2017-W23,2017-06
000858.SZ,2017-06-12,54.83,52.17,0.051,390419,2117491.125,丁酉,丙午,庚午,1,2017,6,1,0.049729872381655583,1,庚,午,金,火,丙,午,火,火,False,False,0.014869444573182096,2017-W24,2017-06
000858.SZ,2017-06-13,54.69,54.83,-0.0026,254828,1379771.823,丁酉,丙午,辛未,2,2017,6,1,-0.0025566120572757217,0,辛,未,金,土,丙,午,火,火,False,False,0.049729872381655583,2017-W24,2017-06
000858.SZ,2017-06-14,53.7,54.69,-0.0181,306787,1654983.379,丁酉,丙午,壬申,3,2017,6,1,-0.01826787584386232,0,壬,申,水,金,丙,午,火,火,False,False,-0.0025566120572757217,2017-W24,2017-06
000858.SZ,2017-06-15,52.21,53.7,-0.0277,394710,2070609.976,丁酉,丙午,癸酉,4,2017,6,1,-0.028138954092358063,0,癸,酉,水,金,丙,午,火,火,False,False,-0.01826787584386232,2017-W24,2017-06
000858.SZ,2017-06-16,52.02,52.21,-0.0036,240334,1257006.033,丁酉,丙午,甲戌,5,2017,6,1,-0.003645787401955459,0,甲,戌,木,土,丙,午,火,火,False,False,-0.028138954092358063,2017-W24,2017-06
000858.SZ,2017-06-19,52.57,52.02,0.0106,370368,1944706.365,丁酉,丙午,丁丑,1,2017,6,1,0.010517354810851198,1,丁,丑,火,土,丙,午,火,火,False,False,-0.003645787401955459,2017-W25,2017-06
000858.SZ,2017-06-20,52.2,52.57,-0.007,348932,1821526.652,丁酉,丙午,戊寅,2,2017,6,1,-0.00706311994276361,0,戊,寅,土,木,丙,午,火,火,False,False,0.010517354810851198,2017-W25,2017-06
000858.SZ,2017-06-21,54.61,52.2,0.0462,452634,2391227.509,丁酉,丙午,己卯,3,2017,6,1,0.045134521275469304,1,己,卯,土,木,丙,午,火,火,False,False,-0.00706311994276361,2017-W25,2017-06
000858.SZ,2017-06-22,54.15,54.61,-0.0084,468084,2552510.964,丁酉,丙午,庚辰,4,2017,6,1,-0.008459042717062682,0,庚,辰,金,土,丙,午,火,火,False,False,0.045134521275469304,2017-W25,2017-06
000858.SZ,2017-06-23,55.0,54.15,0.0157,350854,1911711.344,丁酉,丙午,辛巳,5,2017,6,1,0.015575211785471372,1,辛,巳,金,火,丙,午,火,火,False,False,-0.008459042717062682,2017-W25,2017-06
000858.SZ,2017-06-26,56.74,55.0,0.0316,370384,2089209.011,丁酉,丙午,甲申,1,2017,6,1,0.031146244148234418,1,甲,申,木,金,丙,午,火,火,False,True,0.015575211785471372,2017-W26,2017-06
000858.SZ,2017-06-27,57.16,56.74,0.0074,313073,1771439.273,丁酉,丙午,乙酉,2,2017,6,1,0.007374923680961182,1,乙,酉,木,金,丙,午,火,火,False,True,0.031146244148234418,2017-W26,2017-06
000858.SZ,2017-06-28,55.64,57.16,-0.0266,275822,1548727.184,丁酉,丙午,丙戌,3,2017,6,1,-0.026951986006424435,0,丙,戌,火,土,丙,午,火,火,False,True,0.007374923680961182,2017-W26,2017-06
000858.SZ,2017-06-29,55.42,55.64,-0.004,255712,1412990.963,丁酉,丙午,丁亥,4,2017,6,1,-0.003961827620409732,0,丁,亥,火,水,丙,午,火,火,False,True,-0.026951986006424435,2017-W26,2017-06
000858.SZ,2017-06-30,55.66,55.42,0.0043,200753,1116508.444,丁酉,丙午,戊子,5,2017,6,1,0.004321216662912275,1,戊,子,土,水,丙,午,火,火,False,True,-0.003961827620409732,2017-W26,2017-06
000858.SZ,2017-07-03,54.03,55.66,-0.0293,331662,1801733.695,丁酉,丙午,辛卯,1,2017,7,1,-0.02972230824177024,0,辛,卯,金,木,丙,午,火,火,True,False,0.004321216662912275,2017-W27,2017-07
000858.SZ,2017-07-04,52.55,54.03,-0.0274,390019,2053979.959,丁酉,丙午,壬辰,2,2017,7,1,-0.027774350533014358,0,壬,辰,水,土,丙,午,火,火,True,False,-0.02972230824177024,2017-W27,2017-07
000858.SZ,2017-07-05,53.42,52.55,0.0166,303273,1610599.791,丁酉,丙午,癸巳,3,2017,7,1,0.016420110358854673,1,癸,巳,水,火,丙,午,火,火,True,False,-0.027774350533014358,2017-W27,2017-07
000858.SZ,2017-07-06,52.99,53.42,-0.008,313706,1652540.276,丁酉,丙午,甲午,4,2017,7,1,-0.008081991177144102,0,甲,午,木,火,丙,午,火,火,False,False,0.016420110358854673,2017-W27,2017-07
000858.SZ,2017-07-07,51.8,52.99,-0.0225,308905,1602293.281,丁酉,丁未,乙未,5,2017,7,1,-0.02271306723923346,0,乙,未,木,土,丁,未,火,土,False,False,-0.008081991177144102,2017-W27,2017-07
000858.SZ,2017-07-10,52.79,51.8,0.0191,407339,2112491.487,丁酉,丁未,戊戌,1,2017,7,1,0.018931629570087594,1,戊,戌,土,土,丁,未,火,土,False,False,-0.02271306723923346,2017-W28,2017-07
000858.SZ,2017-07-11,53.69,52.79,0.017,342261,1836879.541,丁酉,丁未,己亥,2,2017,7,1,0.01690498559895321,1,己,亥,土,水,丁,未,火,土,False,False,0.018931629570087594,2017-W28,2017-07
000858.SZ,2017-07-12,52.18,53.69,-0.0281,277229,1463246.501,丁酉,丁未,庚子,3,2017,7,1,-0.028527484725895693,0,庚,子,金,水,丁,未,火,土,False,False,0.01690498559895321,2017-W28,2017-07
000858.SZ,2017-07-13,52.18,52.18,0.0,238433,1247064.51,丁酉,丁未,辛丑,4,2017,7,1,0.0,0,辛,丑,金,土,丁,未,火,土,False,False,-0.028527484725895693,2017-W28,2017-07
000858.SZ,2017-07-14,52.54,52.18,0.0069,202028,1053780.924,丁酉,丁未,壬寅,5,2017,7,1,0.006875504548811409,1,壬,寅,水,木,丁,未,火,土,False,False,0.0,2017-W28,2017-07
000858.SZ,2017-07-17,51.51,52.54,-0.0196,294680,1522315.224,丁酉,丁未,乙巳,1,2017,7,1,-0.019798820679900013,0,乙,巳,木,火,丁,未,火,土,False,False,0.006875504548811409,2017-W29,2017-07
000858.SZ,2017-07-18,52.59,51.51,0.021,239131,1241870.972,丁酉,丁未,丙午,2,2017,7,1,0.020750024023759063,1,丙,午,火,火,丁,未,火,土,False,False,-0.019798820679900013,2017-W29,2017-07
000858.SZ,2017-07-19,53.71,52.59,0.0213,299492,1606216.266,丁酉,丁未,丁未,3,2017,7,1,0.02107321631611506,1,丁,未,火,土,丁,未,火,土,False,False,0.020750024023759063,2017-W29,2017-07
000858.SZ,2017-07-20,54.81,53.71,0.0205,283708,1543500.73,丁酉,丁未,戊申,4,2017,7,1,0.020273455140657082,1,戊,申,土,金,丁,未,火,土,False,False,0.02107321631611506,2017-W29,2017-07
000858.SZ,2017-07-21,54.71,54.81,-0.0018,246185,1356818.603,丁酉,丁未,己酉,5,2017,7,1,-0.0018261509822904566,0,己,酉,土,金,丁,未,火,土,False,False,0.020273455140657082,2017-W29,2017-07
000858.SZ,2017-07-24,55.91,54.71,0.0219,274269,1538206.928,丁酉,丁未,壬子,1,2017,7,1,0.02169674696281937,1,壬,子,水,水,丁,未,火,土,False,False,-0.0018261509822904566,2017-W30,2017-07
000858.SZ,2017-07-25,55.36,55.91,-0.0098,167958,937380.814,丁酉,丁未,癸丑,2,2017,7,1,-0.009885943729139712,0,癸,丑,水,土,丁,未,火,土,False,False,0.02169674696281937,2017-W30,2017-07
000858.SZ,2017-07-26,54.01,55.36,-0.0244,235266,1278858.203,丁酉,丁未,甲寅,3,2017,7,1,-0.024688096704614408,0,甲,寅,木,木,丁,未,火,土,False,False,-0.009885943729139712,2017-W30,2017-07
000858.SZ,2017-07-27,53.75,54.01,-0.0048,208622,1119273.07,丁酉,丁未,乙卯,4,2017,7,1,-0.00482554759702751,0,乙,卯,木,木,丁,未,火,土,False,True,-0.024688096704614408,2017-W30,2017-07
000858.SZ,2017-07-28,55.73,53.75,0.0368,336786,1853866.708,丁酉,丁未,丙辰,5,2017,7,1,0.03617493457367271,1,丙,辰,火,土,丁,未,火,土,False,True,-0.00482554759702751,2017-W30,2017-07
000858.SZ,2017-07-31,55.76,55.73,0.0005,422999,2389011.782,丁酉,丁未,己未,1,2017,7,1,0.0005381648708235112,1,己,未,土,土,丁,未,火,土,False,True,0.03617493457367271,2017-W31,2017-07
000858.SZ,2017-08-01,56.58,55.76,0.0147,229209,1280407.954,丁酉,丁未,庚申,2,2017,8,1,0.014598799421152631,1,庚,申,金,金,丁,未,火,土,True,False,0.0005381648708235112,2017-W31,2017-08
000858.SZ,2017-08-02,55.71,56.58,-0.0154,184803,1033391.15,丁酉,丁未,辛酉,3,2017,8,1,-0.015495901840696975,0,辛,酉,金,金,丁,未,火,土,True,False,0.014598799421152631,2017-W31,2017-08
000858.SZ,2017-08-03,54.5,55.71,-0.0217,263133,1435945.784,丁酉,丁未,壬戌,4,2017,8,1,-0.021958962363525722,0,壬,戌,水,土,丁,未,火,土,True,False,-0.015495901840696975,2017-W31,2017-08
000858.SZ,2017-08-04,54.09,54.5,-0.0075,194898,1058514.385,丁酉,丁未,癸亥,5,2017,8,1,-0.007551375785862725,0,癸,亥,水,水,丁,未,火,土,True,False,-0.021958962363525722,2017-W31,2017-08
000858.SZ,2017-08-07,56.0,54.09,0.0353,270721,1486094.206,丁酉,戊申,丙寅,1,2017,8,1,0.03470236485181368,1,丙,寅,火,木,戊,申,土,金,False,False,-0.007551375785862725,2017-W32,2017-08
000858.SZ,2017-08-08,55.81,56.0,-0.0034,166233,928832.802,丁酉,戊申,丁卯,2,2017,8,1,-0.0033986259348069733,0,丁,卯,火,木,戊,申,土,金,False,False,0.03470236485181368,2017-W32,2017-08
000858.SZ,2017-08-09,56.64,55.81,0.0149,414404,2363696.494,丁酉,戊申,戊辰,3,2017,8,1,0.014762384585122192,1,戊,辰,土,土,戊,申,土,金,False,False,-0.0033986259348069733,2017-W32,2017-08
000858.SZ,2017-08-10,57.6,56.64,0.0169,416247,2411510.929,丁酉,戊申,己巳,4,2017,8,1,0.016807118316381188,1,己,巳,土,火,戊,申,土,金,False,False,0.014762384585122192,2017-W32,2017-08
000858.SZ,2017-08-11,56.0,57.6,-0.0278,285916,1621909.261,丁酉,戊申,庚午,5,2017,8,1,-0.028170876966696335,0,庚,午,金,火,戊,申,土,金,False,False,0.016807118316381188,2017-W32,2017-08
000858.SZ,2017-08-14,57.38,56.0,0.0246,305781,1744486.771,丁酉,戊申,癸酉,1,2017,8,1,0.02434411981806954,1,癸,酉,水,金,戊,申,土,金,False,False,-0.028170876966696335,2017-W33,2017-08
000858.SZ,2017-08-15,57.5,57.38,0.0021,170830,982197.086,丁酉,戊申,甲戌,2,2017,8,1,0.0020891372500860014,1,甲,戌,木,土,戊,申,土,金,False,False,0.02434411981806954,2017-W33,2017-08
000858.SZ,2017-08-16,56.85,57.5,-0.0113,172478,978751.018,丁酉,戊申,乙亥,3,2017,8,1,-0.011368727606759667,0,乙,亥,木,水,戊,申,土,金,False,False,0.0020891372500860014,2017-W33,2017-08
000858.SZ,2017-08-17,55.81,56.85,-0.0183,234420,1310465.303,丁酉,戊申,丙子,4,2017,8,1,-0.018463155396202812,0,丙,子,火,水,戊,申,土,金,False,False,-0.011368727606759667,2017-W33,2017-08
000858.SZ,2017-08-18,55.81,55.81,0.0,129384,721783.203,丁酉,戊申,丁丑,5,2017,8,1,0.0,0,丁,丑,火,土,戊,申,土,金,False,False,-0.018463155396202812,2017-W33,2017-08
000858.SZ,2017-08-21,55.51,55.81,-0.0054,178542,988854.255,丁酉,戊申,庚辰,1,2017,8,1,-0.00538988009827236,0,庚,辰,金,土,戊,申,土,金,False,False,0.0,2017-W34,2017-08
000858.SZ,2017-08-22,54.08,55.51,-0.0258,396438,2137185.349,丁酉,戊申,辛巳,2,2017,8,1,-0.0260987529673613,0,辛,巳,金,火,戊,申,土,金,False,False,-0.00538988009827236,2017-W34,2017-08
000858.SZ,2017-08-23,54.79,54.08,0.0131,210138,1142768.131,丁酉,戊申,壬午,3,2017,8,1,0.01304326381561582,1,壬,午,水,火,戊,申,土,金,False,False,-0.0260987529673613,2017-W34,2017-08
000858.SZ,2017-08-24,54.06,54.79,-0.0133,153140,831710.777,丁酉,戊申,癸未,4,2017,8,1,-0.013413154702022775,0,癸,未,水,土,戊,申,土,金,False,False,0.01304326381561582,2017-W34,2017-08
000858.SZ,2017-08-25,54.1,54.06,0.0007,231029,1246281.024,丁酉,戊申,甲申,5,2017,8,1,0.000739645004134225,1,甲,申,木,金,戊,申,土,金,False,False,-0.013413154702022775,2017-W34,2017-08
000858.SZ,2017-08-28,55.43,54.1,0.0246,438887,2443203.576,丁酉,戊申,丁亥,1,2017,8,1,0.02428677757927737,1,丁,亥,火,水,戊,申,土,金,False,True,0.000739645004134225,2017-W35,2017-08
000858.SZ,2017-08-29,55.19,55.43,-0.0043,231257,1280576.588,丁酉,戊申,戊子,2,2017,8,1,-0.004339185980303471,0,戊,子,土,水,戊,申,土,金,False,True,0.02428677757927737,2017-W35,2017-08
000858.SZ,2017-08-30,56.25,55.19,0.0192,260563,1456970.292,丁酉,戊申,己丑,3,2017,8,1,0.019024263633119657,1,己,丑,土,土,戊,申,土,金,False,True,-0.004339185980303471,2017-W35,2017-08
000858.SZ,2017-08-31,55.49,56.25,-0.0135,190220,1058224.262,丁酉,戊申,庚寅,4,2017,8,1,-0.013603216746719556,0,庚,寅,金,木,戊,申,土,金,False,True,0.019024263633119657,2017-W35,2017-08
000858.SZ,2017-09-01,55.5,55.49,0.0002,177448,984771.107,丁酉,戊申,辛卯,5,2017,9,1,0.00018019641457890374,1,辛,卯,金,木,戊,申,土,金,True,False,-0.013603216746719556,2017-W35,2017-09
000858.SZ,2017-09-04,54.21,55.5,-0.0232,298621,1626579.377,丁酉,戊申,甲午,1,2017,9,1,-0.023517627480141995,0,甲,午,木,火,戊,申,土,金,True,False,0.00018019641457890374,2017-W36,2017-09
000858.SZ,2017-09-05,54.27,54.21,0.0011,151024,821048.72,丁酉,戊申,乙未,2,2017,9,1,0.001106194803066753,1,乙,未,木,土,戊,申,土,金,True,False,-0.023517627480141995,2017-W36,2017-09
000858.SZ,2017-09-06,53.83,54.27,-0.0081,188344,1017715.801,丁酉,戊申,丙申,3,2017,9,1,-0.00814065550244762,0,丙,申,火,金,戊,申,土,金,False,False,0.001106194803066753,2017-W36,2017-09
000858.SZ,2017-09-07,53.15,53.83,-0.0126,225734,1199532.203,丁酉,己酉,丁酉,4,2017,9,1,-0.012712827784908936,0,丁,酉,火,金,己,酉,土,金,False,False,-0.00814065550244762,2017-W36,2017-09
000858.SZ,2017-09-08,51.85,53.15,-0.0245,344009,1791448.831,丁酉,己酉,戊戌,5,2017,9,1,-0.02476317011242058,0,戊,戌,土,土,己,酉,土,金,False,False,-0.012712827784908936,2017-W36,2017-09
000858.SZ,2017-09-11,52.87,51.85,0.0197,406714,2115022.846,丁酉,己酉,辛丑,1,2017,9,1,0.01948113557182249,1,辛,丑,金,土,己,酉,土,金,False,False,-0.02476317011242058,2017-W37,2017-09
000858.SZ,2017-09-12,53.6,52.87,0.0138,248611,1326135.364,丁酉,己酉,壬寅,2,2017,9,1,0.013712997829397475,1,壬,寅,水,木,己,酉,土,金,False,False,0.01948113557182249,2017-W37,2017-09
000858.SZ,2017-09-13,54.96,53.6,0.0254,364457,1994782.765,丁酉,己酉,癸卯,3,2017,9,1,0.025056579837337688,1,癸,卯,水,木,己,酉,土,金,False,False,0.013712997829397475,2017-W37,2017-09
000858.SZ,2017-09-14,54.8,54.96,-0.0029,215132,1182285.369,丁酉,己酉,甲辰,4,2017,9,1,-0.002915453960124131,0,甲,辰,木,土,己,酉,土,金,False,False,0.025056579837337688,2017-W37,2017-09
000858.SZ,2017-09-15,54.93,54.8,0.0024,197118,1087867.33,丁酉,己酉,乙巳,5,2017,9,1,0.0023694534005591567,1,乙,巳,木,火,己,酉,土,金,False,False,-0.002915453960124131,2017-W37,2017-09
000858.SZ,2017-09-18,56.42,54.93,0.0271,287200,1615316.019,丁酉,己酉,戊申,1,2017,9,1,0.026764058219321322,1,戊,申,土,金,己,酉,土,金,False,False,0.0023694534005591567,2017-W38,2017-09
000858.SZ,2017-09-19,56.47,56.42,0.0009,221880,1257913.122,丁酉,己酉,己酉,2,2017,9,1,0.0008858181108949877,1,己,酉,土,金,己,酉,土,金,False,False,0.026764058219321322,2017-W38,2017-09
000858.SZ,2017-09-20,56.52,56.47,0.0009,185299,1053741.519,丁酉,己酉,庚戌,3,2017,9,1,0.0008850341315815313,1,庚,戌,金,土,己,酉,土,金,False,False,0.0008858181108949877,2017-W38,2017-09
000858.SZ,2017-09-21,55.72,56.52,-0.0142,164267,916675.909,丁酉,己酉,辛亥,4,2017,9,1,-0.014255408904721774,0,辛,亥,金,水,己,酉,土,金,False,False,0.0008850341315815313,2017-W38,2017-09
000858.SZ,2017-09-22,56.08,55.72,0.0065,143850,805162.848,丁酉,己酉,壬子,5,2017,9,1,0.00644009381472968,1,壬,子,水,水,己,酉,土,金,False,False,-0.014255408904721774,2017-W38,2017-09
000858.SZ,2017-09-25,57.42,56.08,0.0239,246144,1405390.39,丁酉,己酉,乙卯,1,2017,9,1,0.0236134319665832,1,乙,卯,木,木,己,酉,土,金,False,False,0.00644009381472968,2017-W39,2017-09
000858.SZ,2017-09-26,56.89,57.42,-0.0092,142994,813898.614,丁酉,己酉,丙辰,2,2017,9,1,-0.00927309593036189,0,丙,辰,火,土,己,酉,土,金,False,True,0.0236134319665832,2017-W39,2017-09
000858.SZ,2017-09-27,56.7,56.89,-0.0033,158626,896422.632,丁酉,己酉,丁巳,3,2017,9,1,-0.003345368028849562,0,丁,巳,火,火,己,酉,土,金,False,True,-0.00927309593036189,2017-W39,2017-09
000858.SZ,2017-09-28,57.45,56.7,0.0132,290437,1670672.617,丁酉,己酉,戊午,4,2017,9,1,0.013140793561058328,1,戊,午,土,火,己,酉,土,金,False,True,-0.003345368028849562,2017-W39,2017-09
000858.SZ,2017-09-29,57.28,57.45,-0.003,217161,1253717.25,丁酉,己酉,己未,5,2017,9,1,-0.0029634816423745793,0,己,未,土,土,己,酉,土,金,False,True,0.013140793561058328,2017-W39,2017-09
000858.SZ,2017-10-09,58.54,57.28,0.022,216849,1268405.187,丁酉,庚戌,己巳,1,2017,10,1,0.02175875861134948,1,己,巳,土,火,庚,戌,金,土,False,False,-0.0029634816423745793,2017-W41,2017-10
000858.SZ,2017-10-10,59.18,58.54,0.0109,215354,1266543.955,丁酉,庚戌,庚午,2,2017,10,1,0.010873365708323824,1,庚,午,金,火,庚,戌,金,土,False,False,0.02175875861134948,2017-W41,2017-10
000858.SZ,2017-10-11,61.18,59.18,0.0338,313210,1902171.753,丁酉,庚戌,辛未,3,2017,10,1,0.03323669175069378,1,辛,未,金,土,庚,戌,金,土,False,False,0.010873365708323824,2017-W41,2017-10
000858.SZ,2017-10-12,60.81,61.18,-0.006,176004,1073412.431,丁酉,庚戌,壬申,4,2017,10,1,-0.006066089590738947,0,壬,申,水,金,庚,戌,金,土,False,False,0.03323669175069378,2017-W41,2017-10
000858.SZ,2017-10-13,61.62,60.81,0.0133,162023,995669.0,丁酉,庚戌,癸酉,5,2017,10,1,0.013232244036503395,1,癸,酉,水,金,庚,戌,金,土,False,False,-0.006066089590738947,2017-W41,2017-10
000858.SZ,2017-10-16,59.65,61.62,-0.032,270032,1635212.067,丁酉,庚戌,丙子,1,2017,10,1,-0.032492344624596686,0,丙,子,火,水,庚,戌,金,土,False,False,0.013232244036503395,2017-W42,2017-10
000858.SZ,2017-10-17,60.1,59.65,0.0075,146292,874178.783,丁酉,庚戌,丁丑,2,2017,10,1,0.0075156929972367385,1,丁,丑,火,土,庚,戌,金,土,False,False,-0.032492344624596686,2017-W42,2017-10
000858.SZ,2017-10-18,61.35,60.1,0.0208,176535,1062478.441,丁酉,庚戌,戊寅,3,2017,10,1,0.02058532961575853,1,戊,寅,土,木,庚,戌,金,土,False,False,0.0075156929972367385,2017-W42,2017-10
000858.SZ,2017-10-19,63.0,61.35,0.0269,278718,1744925.529,丁酉,庚戌,己卯,4,2017,10,1,0.02653955523461231,1,己,卯,土,木,庚,戌,金,土,False,False,0.02058532961575853,2017-W42,2017-10
000858.SZ,2017-10-20,62.51,63.0,-0.0078,151819,944325.935,丁酉,庚戌,庚辰,5,2017,10,1,-0.007808182447811699,0,庚,辰,金,土,庚,戌,金,土,False,False,0.02653955523461231,2017-W42,2017-10
000858.SZ,2017-10-23,62.6,62.51,0.0014,136497,852603.486,丁酉,庚戌,癸未,1,2017,10,1,0.0014387341623319679,1,癸,未,水,土,庚,戌,金,土,False,False,-0.007808182447811699,2017-W43,2017-10
000858.SZ,2017-10-24,63.59,62.6,0.0158,248626,1565469.643,丁酉,庚戌,甲申,2,2017,10,1,0.01569094717326352,1,甲,申,木,金,庚,戌,金,土,False,False,0.0014387341623319679,2017-W43,2017-10
000858.SZ,2017-10-25,63.02,63.59,-0.009,157409,992966.25,丁酉,庚戌,乙酉,3,2017,10,1,-0.00900408895018782,0,乙,酉,木,金,庚,戌,金,土,False,False,0.01569094717326352,2017-W43,2017-10
000858.SZ,2017-10-26,65.06,63.02,0.0324,414031,2719287.566,丁酉,庚戌,丙戌,4,2017,10,1,0.031857784716076795,1,丙,戌,火,土,庚,戌,金,土,False,False,-0.00900408895018782,2017-W43,2017-10
000858.SZ,2017-10-27,67.99,65.06,0.045,423709,2810914.635,丁酉,庚戌,丁亥,5,2017,10,1,0.04405071449316283,1,丁,亥,火,水,庚,戌,金,土,False,True,0.031857784716076795,2017-W43,2017-10
000858.SZ,2017-10-30,67.0,67.99,-0.0146,336666,2253930.547,丁酉,庚戌,庚寅,1,2017,10,1,-0.014668016147402173,0,庚,寅,金,木,庚,戌,金,土,False,True,0.04405071449316283,2017-W44,2017-10
000858.SZ,2017-10-31,66.62,67.0,-0.0057,205535,1359946.393,丁酉,庚戌,辛卯,2,2017,10,1,-0.005687786625432424,0,辛,卯,金,木,庚,戌,金,土,False,True,-0.014668016147402173,2017-W44,2017-10
000858.SZ,2017-11-01,67.02,66.62,0.006,215304,1451488.588,丁酉,庚戌,壬辰,3,2017,11,1,0.005986249543630585,1,壬,辰,水,土,庚,戌,金,土,True,False,-0.005687786625432424,2017-W44,2017-11
000858.SZ,2017-11-02,67.62,67.02,0.009,268061,1806405.545,丁酉,庚戌,癸巳,4,2017,11,1,0.008912714970575709,1,癸,巳,水,火,庚,戌,金,土,True,False,0.005986249543630585,2017-W44,2017-11
000858.SZ,2017-11-03,68.33,67.62,0.0105,240525,1646990.653,丁酉,庚戌,甲午,5,2017,11,1,0.01044511151294683,1,甲,午,木,火,庚,戌,金,土,True,False,0.008912714970575709,2017-W44,2017-11
000858.SZ,2017-11-06,70.15,68.33,0.0266,248856,1729483.36,丁酉,庚戌,丁酉,1,2017,11,1,0.02628689775578314,1,丁,酉,火,金,庚,戌,金,土,False,False,0.01044511151294683,2017-W45,2017-11
000858.SZ,2017-11-07,71.0,70.15,0.0121,300551,2142109.7,丁酉,辛亥,戊戌,2,2017,11,1,0.012044070492845432,1,戊,戌,土,土,辛,亥,金,水,False,False,0.02628689775578314,2017-W45,2017-11
000858.SZ,2017-11-08,70.47,71.0,-0.0075,246313,1753224.798,丁酉,辛亥,己亥,3,2017,11,1,-0.007492789702384362,0,己,亥,土,水,辛,亥,金,水,False,False,0.012044070492845432,2017-W45,2017-11
000858.SZ,2017-11-09,71.15,70.47,0.0096,244105,1708667.357,丁酉,辛亥,庚子,4,2017,11,1,0.009603237196930299,1,庚,子,金,水,辛,亥,金,水,False,False,-0.007492789702384362,2017-W45,2017-11
000858.SZ,2017-11-10,74.6,71.15,0.0485,316062,2308173.163,丁酉,辛亥,辛丑,5,2017,11,1,0.04735018267385365,1,辛,丑,金,土,辛,亥,金,水,False,False,0.009603237196930299,2017-W45,2017-11
000858.SZ,2017-11-13,74.44,74.6,-0.0021,255872,1900429.833,丁酉,辛亥,甲辰,1,2017,11,1,-0.0021470754356650713,0,甲,辰,木,土,辛,亥,金,水,False,False,0.04735018267385365,2017-W46,2017-11
000858.SZ,2017-11-14,72.19,74.44,-0.0302,294816,2149759.055,丁酉,辛亥,乙巳,2,2017,11,1,-0.030691899622980332,0,乙,巳,木,火,辛,亥,金,水,False,False,-0.0021470754356650713,2017-W46,2017-11
000858.SZ,2017-11-15,74.8,72.19,0.0362,330505,2431549.95,丁酉,辛亥,丙午,3,2017,11,1,0.035516352829361955,1,丙,午,火,火,辛,亥,金,水,False,False,-0.030691899622980332,2017-W46,2017-11
000858.SZ,2017-11-16,76.2,74.8,0.0187,344457,2623626.479,丁酉,辛亥,丁未,4,2017,11,1,0.018543577712169104,1,丁,未,火,土,辛,亥,金,水,False,False,0.035516352829361955,2017-W46,2017-11
000858.SZ,2017-11-17,74.86,76.2,-0.0176,470335,3470762.41,丁酉,辛亥,戊申,5,2017,11,1,-0.017741760216317702,0,戊,申,土,金,辛,亥,金,水,False,False,0.018543577712169104,2017-W46,2017-11
000858.SZ,2017-11-20,72.93,74.86,-0.0258,323102,2340210.119,丁酉,辛亥,辛亥,1,2017,11,1,-0.026119625480141174,0,辛,亥,金,水,辛,亥,金,水,False,False,-0.017741760216317702,2017-W47,2017-11
000858.SZ,2017-11-21,73.95,72.93,0.014,308197,2260040.646,丁酉,辛亥,壬子,2,2017,11,1,0.013889112160667093,1,壬,子,水,水,辛,亥,金,水,False,False,-0.026119625480141174,2017-W47,2017-11
000858.SZ,2017-11-22,71.9,73.95,-0.0277,395239,2893486.158,丁酉,辛亥,癸丑,3,2017,11,1,-0.028112924429807788,0,癸,丑,水,土,辛,亥,金,水,False,False,0.013889112160667093,2017-W47,2017-11
000858.SZ,2017-11-23,67.57,71.9,-0.0602,485861,3355596.069,丁酉,辛亥,甲寅,4,2017,11,1,-0.06211216716291798,0,甲,寅,木,木,辛,亥,金,水,False,False,-0.028112924429807788,2017-W47,2017-11
000858.SZ,2017-11-24,68.46,67.57,0.0132,467337,3112090.306,丁酉,辛亥,乙卯,5,2017,11,1,0.013085535537956166,1,乙,卯,木,木,辛,亥,金,水,False,False,-0.06211216716291798,2017-W47,2017-11
000858.SZ,2017-11-27,67.59,68.46,-0.0127,280978,1894106.97,丁酉,辛亥,戊午,1,2017,11,1,-0.012789589989776407,0,戊,午,土,火,辛,亥,金,水,False,True,0.013085535537956166,2017-W48,2017-11
000858.SZ,2017-11-28,68.68,67.59,0.0161,246912,1695244.302,丁酉,辛亥,己未,2,2017,11,1,0.015997992917012007,1,己,未,土,土,辛,亥,金,水,False,True,-0.012789589989776407,2017-W48,2017-11
000858.SZ,2017-11-29,66.22,68.68,-0.0358,258542,1729488.491,丁酉,辛亥,庚申,3,2017,11,1,-0.036475503910174685,0,庚,申,金,金,辛,亥,金,水,False,True,0.015997992917012007,2017-W48,2017-11
000858.SZ,2017-11-30,65.6,66.22,-0.0094,217441,1434527.244,丁酉,辛亥,辛酉,4,2017,11,1,-0.00940683616905698,0,辛,酉,金,金,辛,亥,金,水,False,True,-0.036475503910174685,2017-W48,2017-11
000858.SZ,2017-12-01,65.3,65.6,-0.0046,211729,1391760.655,丁酉,辛亥,壬戌,5,2017,12,1,-0.004583659667657928,0,壬,戌,水,土,辛,亥,金,水,True,False,-0.00940683616905698,2017-W48,2017-12
000858.SZ,2017-12-04,67.95,65.3,0.0406,406862,2731108.233,丁酉,辛亥,乙丑,1,2017,12,1,0.03978010431476748,1,乙,丑,木,土,辛,亥,金,水,True,False,-0.004583659667657928,2017-W49,2017-12
000858.SZ,2017-12-05,68.32,67.95,0.0054,342025,2347062.277,丁酉,辛亥,丙寅,2,2017,12,1,0.005430408883161497,1,丙,寅,火,木,辛,亥,金,水,True,False,0.03978010431476748,2017-W49,2017-12
000858.SZ,2017-12-06,68.32,68.32,0.0,239022,1632767.0,丁酉,辛亥,丁卯,3,2017,12,1,0.0,0,丁,卯,火,木,辛,亥,金,水,False,False,0.005430408883161497,2017-W49,2017-12
000858.SZ,2017-12-07,65.96,68.32,-0.0345,231990,1552376.752,丁酉,壬子,戊辰,4,2017,12,1,-0.03515405178891625,0,戊,辰,土,土,壬,子,水,水,False,False,0.0,2017-W49,2017-12
000858.SZ,2017-12-08,67.9,65.96,0.0294,256992,1724479.607,丁酉,壬子,己巳,5,2017,12,1,0.028987536873252406,1,己,巳,土,火,壬,子,水,水,False,False,-0.03515405178891625,2017-W49,2017-12
000858.SZ,2017-12-11,71.9,67.9,0.0589,479977,3394742.894,丁酉,壬子,壬申,1,2017,12,1,0.057240230162350574,1,壬,申,水,金,壬,子,水,水,False,False,0.028987536873252406,2017-W50,2017-12
000858.SZ,2017-12-12,71.86,71.9,-0.0006,278245,2006321.82,丁酉,壬子,癸酉,2,2017,12,1,-0.0005564830416283961,0,癸,酉,水,金,壬,子,水,水,False,False,0.057240230162350574,2017-W50,2017-12
000858.SZ,2017-12-13,74.15,71.86,0.0319,299515,2187299.101,丁酉,壬子,甲戌,3,2017,12,1,0.031370286898568515,1,甲,戌,木,土,壬,子,水,水,False,False,-0.0005564830416283961,2017-W50,2017-12
000858.SZ,2017-12-14,74.69,74.15,0.0073,209673,1557985.222,丁酉,壬子,乙亥,4,2017,12,1,0.007256145785034043,1,乙,亥,木,水,壬,子,水,水,False,False,0.031370286898568515,2017-W50,2017-12
000858.SZ,2017-12-15,72.95,74.69,-0.0233,230981,1707969.81,丁酉,壬子,丙子,5,2017,12,1,-0.023571939400180618,0,丙,子,火,水,壬,子,水,水,False,False,0.007256145785034043,2017-W50,2017-12
000858.SZ,2017-12-18,77.08,72.95,0.0566,505532,3859030.907,丁酉,壬子,己卯,1,2017,12,1,0.05506956857737092,1,己,卯,土,木,壬,子,水,水,False,False,-0.023571939400180618,2017-W51,2017-12
000858.SZ,2017-12-19,78.42,77.08,0.0174,379556,2975094.453,丁酉,壬子,庚辰,2,2017,12,1,0.017235153318019898,1,庚,辰,金,土,壬,子,水,水,False,False,0.05506956857737092,2017-W51,2017-12
000858.SZ,2017-12-20,81.6,78.42,0.0406,341029,2747943.741,丁酉,壬子,辛巳,3,2017,12,1,0.03975026510587571,1,辛,巳,金,火,壬,子,水,水,False,False,0.017235153318019898,2017-W51,2017-12
000858.SZ,2017-12-21,82.15,81.6,0.0067,379395,3094053.165,丁酉,壬子,壬午,4,2017,12,1,0.006717582513215848,1,壬,午,水,火,壬,子,水,水,False,False,0.03975026510587571,2017-W51,2017-12
000858.SZ,2017-12-22,80.58,82.15,-0.0191,351801,2841150.644,丁酉,壬子,癸未,5,2017,12,1,-0.01929636472007596,0,癸,未,水,土,壬,子,水,水,False,False,0.006717582513215848,2017-W51,2017-12
000858.SZ,2017-12-25,80.56,80.58,-0.0002,357631,2855501.619,丁酉,壬子,丙戌,1,2017,12,1,-0.00024823135289428445,0,丙,戌,火,土,壬,子,水,水,False,False,-0.01929636472007596,2017-W52,2017-12
000858.SZ,2017-12-26,79.47,80.56,-0.0135,238166,1891876.217,丁酉,壬子,丁亥,2,2017,12,1,-0.013622656458218871,0,丁,亥,火,水,壬,子,水,水,False,False,-0.00024823135289428445,2017-W52,2017-12
000858.SZ,2017-12-27,77.9,79.47,-0.0198,263330,2072640.193,丁酉,壬子,戊子,3,2017,12,1,-0.01995363907538538,0,戊,子,土,水,壬,子,水,水,False,True,-0.013622656458218871,2017-W52,2017-12
000858.SZ,2017-12-28,80.86,77.9,0.038,526705,4229394.767,丁酉,壬子,己丑,4,2017,12,1,0.03729331133592216,1,己,丑,土,土,壬,子,水,水,False,True,-0.01995363907538538,2017-W52,2017-12
000858.SZ,2017-12-29,79.88,80.86,-0.0121,427447,3411580.328,丁酉,壬子,庚寅,5,2017,12,1,-0.012193755665010379,0,庚,寅,金,木,壬,子,水,水,False,True,0.03729331133592216,2017-W52,2017-12
000858.SZ,2018-01-02,80.58,79.88,0.0088,315252,2515564.441,丁酉,壬子,甲午,2,2018,1,1,0.008724971215586859,1,甲,午,木,火,壬,子,水,水,True,False,-0.012193755665010379,2018-W01,2018-01
000858.SZ,2018-01-03,80.9,80.58,0.004,284614,2303523.783,丁酉,壬子,乙未,3,2018,1,1,0.003963344301244815,1,乙,未,木,土,壬,子,水,水,True,False,0.008724971215586859,2018-W01,2018-01
000858.SZ,2018-01-04,82.99,80.9,0.0258,360577,2979263.417,丁酉,壬子,丙申,4,2018,1,1,0.025506294545910475,1,丙,申,火,金,壬,子,水,水,True,False,0.003963344301244815,2018-W01,2018-01
000858.SZ,2018-01-05,82.68,82.99,-0.0037,231958,1913069.874,丁酉,癸丑,丁酉,5,2018,1,1,-0.0037423837967890047,0,丁,酉,火,金,癸,丑,水,土,True,False,0.025506294545910475,2018-W01,2018-01
000858.SZ,2018-01-08,82.2,82.68,-0.0058,286818,2367460.141,丁酉,癸丑,庚子,1,2018,1,1,-0.005822432751433365,0,庚,子,金,水,癸,丑,水,土,False,False,-0.0037423837967890047,2018-W02,2018-01
000858.SZ,2018-01-09,86.1,82.2,0.0474,388364,3297220.843,丁酉,癸丑,辛丑,2,2018,1,1,0.046354109371550774,1,辛,丑,金,土,癸,丑,水,土,False,False,-0.005822432751433365,2018-W02,2018-01
000858.SZ,2018-01-10,88.9,86.1,0.0325,342458,2978674.635,丁酉,癸丑,壬寅,3,2018,1,1,0.03200273108617395,1,壬,寅,水,木,癸,丑,水,土,False,False,0.046354109371550774,2018-W02,2018-01
000858.SZ,2018-01-11,87.96,88.9,-0.0106,254778,2249762.45,丁酉,癸丑,癸卯,4,2018,1,1,-0.010629976833298565,0,癸,卯,水,木,癸,丑,水,土,False,False,0.03200273108617395,2018-W02,2018-01
000858.SZ,2018-01-12,91.37,87.96,0.0388,320923,2870276.321,丁酉,癸丑,甲辰,5,2018,1,1,0.038035031323968904,1,甲,辰,木,土,癸,丑,水,土,False,False,-0.010629976833298565,2018-W02,2018-01
000858.SZ,2018-01-15,91.75,91.37,0.0042,379644,3482483.788,丁酉,癸丑,丁未,1,2018,1,1,0.004150289924150373,1,丁,未,火,土,癸,丑,水,土,False,False,0.038035031323968904,2018-W03,2018-01
000858.SZ,2018-01-16,90.82,91.75,-0.0101,366155,3335555.956,丁酉,癸丑,戊申,2,2018,1,1,-0.010187961264874623,0,戊,申,土,金,癸,丑,水,土,False,False,0.004150289924150373,2018-W03,2018-01
000858.SZ,2018-01-17,86.01,90.82,-0.053,496108,4346534.429,丁酉,癸丑,己酉,3,2018,1,1,-0.054415957106416786,0,己,酉,土,金,癸,丑,水,土,False,False,-0.010187961264874623,2018-W03,2018-01
000858.SZ,2018-01-18,86.4,86.01,0.0045,429700,3712081.698,丁酉,癸丑,庚戌,4,2018,1,1,0.00452410724662175,1,庚,戌,金,土,癸,丑,水,土,False,False,-0.054415957106416786,2018-W03,2018-01
000858.SZ,2018-01-19,85.17,86.4,-0.0142,382003,3259552.587,丁酉,癸丑,辛亥,5,2018,1,1,-0.01433841665702043,0,辛,亥,金,水,癸,丑,水,土,False,False,0.00452410724662175,2018-W03,2018-01
000858.SZ,2018-01-22,90.42,85.17,0.0616,445823,3918907.687,丁酉,癸丑,甲寅,1,2018,1,1,0.059816222713469494,1,甲,寅,木,木,癸,丑,水,土,False,False,-0.01433841665702043,2018-W04,2018-01
000858.SZ,2018-01-23,89.71,90.42,-0.0079,384681,3439974.33,丁酉,癸丑,乙卯,2,2018,1,1,-0.00788323629526703,0,乙,卯,木,木,癸,丑,水,土,False,False,0.059816222713469494,2018-W04,2018-01
000858.SZ,2018-01-24,87.35,89.71,-0.0263,349695,3063373.44,丁酉,癸丑,丙辰,3,2018,1,1,-0.02665920899112665,0,丙,辰,火,土,癸,丑,水,土,False,False,-0.00788323629526703,2018-W04,2018-01
000858.SZ,2018-01-25,86.0,87.35,-0.0155,421128,3604252.895,丁酉,癸丑,丁巳,4,2018,1,1,-0.015575740326557798,0,丁,巳,火,火,癸,丑,水,土,False,False,-0.02665920899112665,2018-W04,2018-01
000858.SZ,2018-01-26,86.84,86.0,0.0098,312053,2700119.273,丁酉,癸丑,戊午,5,2018,1,1,0.009720048756583432,1,戊,午,土,火,癸,丑,水,土,False,False,-0.015575740326557798,2018-W04,2018-01
000858.SZ,2018-01-29,82.08,86.84,-0.0548,591383,4943911.228,丁酉,癸丑,辛酉,1,2018,1,1,-0.05637296358763179,0,辛,酉,金,金,癸,丑,水,土,False,True,0.009720048756583432,2018-W05,2018-01
000858.SZ,2018-01-30,81.4,82.08,-0.0083,374621,3052119.414,丁酉,癸丑,壬戌,2,2018,1,1,-0.008319108413964691,0,壬,戌,水,土,癸,丑,水,土,False,True,-0.05637296358763179,2018-W05,2018-01
000858.SZ,2018-01-31,84.38,81.4,0.0366,417881,3505918.466,丁酉,癸丑,癸亥,3,2018,1,1,0.03595513368769791,1,癸,亥,水,水,癸,丑,水,土,False,True,-0.008319108413964691,2018-W05,2018-01
000858.SZ,2018-02-01,82.98,84.38,-0.0166,445689,3673372.38,丁酉,癸丑,甲子,4,2018,2,1,-0.01673079179147069,0,甲,子,木,水,癸,丑,水,土,True,False,0.03595513368769791,2018-W05,2018-02
000858.SZ,2018-02-02,82.28,82.98,-0.0084,348582,2863027.755,丁酉,癸丑,乙丑,5,2018,2,1,-0.008471550119965483,0,乙,丑,木,土,癸,丑,水,土,True,False,-0.01673079179147069,2018-W05,2018-02
000858.SZ,2018-02-05,77.87,82.28,-0.0536,713302,5572736.828,戊戌,甲寅,戊辰,1,2018,2,1,-0.05508729519586166,0,戊,辰,土,土,甲,寅,木,木,True,False,-0.008471550119965483,2018-W06,2018-02
000858.SZ,2018-02-06,76.44,77.87,-0.0184,541969,4133274.384,戊戌,甲寅,己巳,2,2018,2,1,-0.018534650216822466,0,己,巳,土,火,甲,寅,木,木,False,False,-0.05508729519586166,2018-W06,2018-02
000858.SZ,2018-02-07,71.02,76.44,-0.0709,703814,5213875.293,戊戌,甲寅,庚午,3,2018,2,1,-0.07354459185713046,0,庚,午,金,火,甲,寅,木,木,False,False,-0.018534650216822466,2018-W06,2018-02
000858.SZ,2018-02-08,72.02,71.02,0.0141,544906,3947815.137,戊戌,甲寅,辛未,4,2018,2,1,0.013982330705787395,1,辛,未,金,土,甲,寅,木,木,False,False,-0.07354459185713046,2018-W06,2018-02
000858.SZ,2018-02-09,71.2,72.02,-0.0114,588920,4118273.897,戊戌,甲寅,壬申,5,2018,2,1,-0.011451039802799016,0,壬,申,水,金,甲,寅,木,木,False,False,0.013982330705787395,2018-W06,2018-02
000858.SZ,2018-02-12,74.4,71.2,0.0449,446022,3294954.327,戊戌,甲寅,乙亥,1,2018,2,1,0.043963123421116204,1,乙,亥,木,水,甲,寅,木,木,False,False,-0.011451039802799016,2018-W07,2018-02
000858.SZ,2018-02-13,75.1,74.4,0.0094,283840,2154585.818,戊戌,甲寅,丙子,2,2018,2,1,0.009364616931042761,1,丙,子,火,水,甲,寅,木,木,False,False,0.043963123421116204,2018-W07,2018-02
000858.SZ,2018-02-14,76.6,75.1,0.02,208043,1574485.186,戊戌,甲寅,丁丑,3,2018,2,1,0.019776517976456607,1,丁,丑,火,土,甲,寅,木,木,False,False,0.009364616931042761,2018-W07,2018-02
000858.SZ,2018-02-22,80.1,76.6,0.0457,290978,2293498.101,戊戌,甲寅,乙酉,4,2018,2,1,0.04467877732776787,1,乙,酉,木,金,甲,寅,木,木,False,False,0.019776517976456607,2018-W08,2018-02
000858.SZ,2018-02-23,79.64,80.1,-0.0057,189117,1508538.665,戊戌,甲寅,丙戌,5,2018,2,1,-0.005759374878317965,0,丙,戌,火,土,甲,寅,木,木,False,False,0.04467877732776787,2018-W08,2018-02
000858.SZ,2018-02-26,78.52,79.64,-0.0141,320269,2511465.945,戊戌,甲寅,己丑,1,2018,2,1,-0.01416310978773526,0,己,丑,土,土,甲,寅,木,木,False,True,-0.005759374878317965,2018-W09,2018-02
000858.SZ,2018-02-27,76.1,78.52,-0.0308,290749,2243446.084,戊戌,甲寅,庚寅,2,2018,2,1,-0.03130510454062021,0,庚,寅,金,木,甲,寅,木,木,False,True,-0.01416310978773526,2018-W09,2018-02
000858.SZ,2018-02-28,74.28,76.1,-0.0239,330101,2444849.428,戊戌,甲寅,辛卯,3,2018,2,1,-0.02420652838313505,0,辛,卯,金,木,甲,寅,木,木,False,True,-0.03130510454062021,2018-W09,2018-02
000858.SZ,2018-03-01,74.32,74.28,0.0005,254649,1898957.362,戊戌,甲寅,壬辰,4,2018,3,1,0.0005383580210779064,1,壬,辰,水,土,甲,寅,木,木,True,False,-0.02420652838313505,2018-W09,2018-03
000858.SZ,2018-03-02,73.42,74.32,-0.0121,246606,1813429.72,戊戌,甲寅,癸巳,5,2018,3,1,-0.012183716436894743,0,癸,巳,水,火,甲,寅,木,木,True,False,0.0005383580210779064,2018-W09,2018-03
000858.SZ,2018-03-05,72.09,73.42,-0.0181,211151,1534679.284,戊戌,乙卯,丙申,1,2018,3,1,-0.018281039652200955,0,丙,申,火,金,乙,卯,木,木,True,False,-0.012183716436894743,2018-W10,2018-03
000858.SZ,2018-03-06,73.24,72.09,0.016,406942,2914565.018,戊戌,乙卯,丁酉,2,2018,3,1,0.015826381389822595,1,丁,酉,火,金,乙,卯,木,木,False,False,-0.018281039652200955,2018-W10,2018-03
000858.SZ,2018-03-07,73.28,73.24,0.0005,283760,2102488.98,戊戌,乙卯,戊戌,3,2018,3,1,0.0005460005595649037,1,戊,戌,土,土,乙,卯,木,木,False,False,0.015826381389822595,2018-W10,2018-03
000858.SZ,2018-03-08,76.9,73.28,0.0494,395204,2984000.307,戊戌,乙卯,己亥,4,2018,3,1,0.04821815614572354,1,己,亥,土,水,乙,卯,木,木,False,False,0.0005460005595649037,2018-W10,2018-03
000858.SZ,2018-03-09,77.1,76.9,0.0026,245528,1894214.324,戊戌,乙卯,庚子,5,2018,3,1,0.002597404057685471,1,庚,子,金,水,乙,卯,木,木,False,False,0.04821815614572354,2018-W10,2018-03
000858.SZ,2018-03-12,76.15,77.1,-0.0123,242334,1848556.888,戊戌,乙卯,癸卯,1,2018,3,1,-0.012398201228112832,0,癸,卯,水,木,乙,卯,木,木,False,False,0.002597404057685471,2018-W11,2018-03
000858.SZ,2018-03-13,74.61,76.15,-0.0202,231137,1744599.434,戊戌,乙卯,甲辰,2,2018,3,1,-0.02043053285774794,0,甲,辰,木,土,乙,卯,木,木,False,False,-0.012398201228112832,2018-W11,2018-03
000858.SZ,2018-03-14,75.55,74.61,0.0126,240224,1789564.265,戊戌,乙卯,乙巳,3,2018,3,1,0.012520142235325537,1,乙,巳,木,火,乙,卯,木,木,False,False,-0.02043053285774794,2018-W11,2018-03
000858.SZ,2018-03-15,78.0,75.55,0.0324,373403,2897589.116,戊戌,乙卯,丙午,4,2018,3,1,0.0319141379708433,1,丙,午,火,火,乙,卯,木,木,False,False,0.012520142235325537,2018-W11,2018-03
000858.SZ,2018-03-16,76.87,78.0,-0.0145,205189,1593762.7,戊戌,乙卯,丁未,5,2018,3,1,-0.014593143328551113,0,丁,未,火,土,乙,卯,木,木,False,False,0.0319141379708433,2018-W11,2018-03
000858.SZ,2018-03-19,77.71,76.87,0.0109,210195,1624137.665,戊戌,乙卯,庚戌,1,2018,3,1,0.010868265860110082,1,庚,戌,金,土,乙,卯,木,木,False,False,-0.014593143328551113,2018-W12,2018-03
000858.SZ,2018-03-20,75.65,77.71,-0.0265,239324,1808025.014,戊戌,乙卯,辛亥,2,2018,3,1,-0.026866508986785727,0,辛,亥,金,水,乙,卯,木,木,False,False,0.010868265860110082,2018-W12,2018-03
000858.SZ,2018-03-21,74.52,75.65,-0.0149,243100,1827536.926,戊戌,乙卯,壬子,3,2018,3,1,-0.015049894500977318,0,壬,子,水,水,乙,卯,木,木,False,False,-0.026866508986785727,2018-W12,2018-03
000858.SZ,2018-03-22,72.13,74.52,-0.0321,328495,2389981.815,戊戌,乙卯,癸丑,4,2018,3,1,-0.032597499217806476,0,癸,丑,水,土,乙,卯,木,木,False,False,-0.015049894500977318,2018-W12,2018-03
000858.SZ,2018-03-23,71.37,72.13,-0.0105,321383,2262435.107,戊戌,乙卯,甲寅,5,2018,3,1,-0.010592433532605146,0,甲,寅,木,木,乙,卯,木,木,False,False,-0.032597499217806476,2018-W12,2018-03
000858.SZ,2018-03-26,69.99,71.37,-0.0193,278668,1950578.7,戊戌,乙卯,丁巳,1,2018,3,1,-0.019525238281527885,0,丁,巳,火,火,乙,卯,木,木,False,False,-0.010592433532605146,2018-W13,2018-03
000858.SZ,2018-03-27,68.47,69.99,-0.0217,541147,3725130.51,戊戌,乙卯,戊午,2,2018,3,1,-0.02195668156847674,0,戊,午,土,火,乙,卯,木,木,False,True,-0.019525238281527885,2018-W13,2018-03
000858.SZ,2018-03-28,64.74,68.47,-0.0545,662488,4362252.821,戊戌,乙卯,己未,3,2018,3,1,-0.05601644463487335,0,己,未,土,土,乙,卯,木,木,False,True,-0.02195668156847674,2018-W13,2018-03
000858.SZ,2018-03-29,67.5,64.74,0.0426,522912,3444044.172,戊戌,乙卯,庚申,4,2018,3,1,0.041748349380385893,1,庚,申,金,金,乙,卯,木,木,False,True,-0.05601644463487335,2018-W13,2018-03
000858.SZ,2018-03-30,66.36,67.5,-0.0169,314311,2098175.069,戊戌,乙卯,辛酉,5,2018,3,1,-0.017033132556240352,0,辛,酉,金,金,乙,卯,木,木,False,True,0.041748349380385893,2018-W13,2018-03
000858.SZ,2018-04-02,66.43,66.36,0.0011,331057,2200519.197,戊戌,乙卯,甲子,1,2018,4,1,0.0010542963549062141,1,甲,子,木,水,乙,卯,木,木,True,False,-0.017033132556240352,2018-W14,2018-04
000858.SZ,2018-04-03,67.12,66.43,0.0104,396232,2653203.066,戊戌,乙卯,乙丑,2,2018,4,1,0.010333300481800999,1,乙,丑,木,土,乙,卯,木,木,True,False,0.0010542963549062141,2018-W14,2018-04
000858.SZ,2018-04-04,69.9,67.12,0.0414,500768,3482435.492,戊戌,乙卯,丙寅,3,2018,4,1,0.04058358708081389,1,丙,寅,火,木,乙,卯,木,木,True,False,0.010333300481800999,2018-W14,2018-04
000858.SZ,2018-04-09,69.75,69.9,-0.0021,241021,1678408.756,戊戌,丙辰,辛未,1,2018,4,1,-0.0021482285382896063,0,辛,未,金,土,丙,辰,火,土,False,False,0.04058358708081389,2018-W15,2018-04
000858.SZ,2018-04-10,70.38,69.75,0.009,207430,1447802.101,戊戌,丙辰,壬申,2,2018,4,1,0.008991711191964086,1,壬,申,水,金,丙,辰,火,土,False,False,-0.0021482285382896063,2018-W15,2018-04
000858.SZ,2018-04-11,70.31,70.38,-0.001,240838,1704348.557,戊戌,丙辰,癸酉,3,2018,4,1,-0.0009950956823690305,0,癸,酉,水,金,丙,辰,火,土,False,False,0.008991711191964086,2018-W15,2018-04
000858.SZ,2018-04-12,69.2,70.31,-0.0158,207163,1442430.066,戊戌,丙辰,甲戌,4,2018,4,1,-0.01591317358744604,0,甲,戌,木,土,丙,辰,火,土,False,False,-0.0009950956823690305,2018-W15,2018-04
000858.SZ,2018-04-13,67.98,69.2,-0.0176,236599,1625272.506,戊戌,丙辰,乙亥,5,2018,4,1,-0.017787318355653885,0,乙,亥,木,水,丙,辰,火,土,False,False,-0.01591317358744604,2018-W15,2018-04
000858.SZ,2018-04-16,67.97,67.98,-0.0001,223977,1522825.99,戊戌,丙辰,戊寅,1,2018,4,1,-0.00014711290942315305,0,戊,寅,土,木,丙,辰,火,土,False,False,-0.017787318355653885,2018-W16,2018-04
000858.SZ,2018-04-17,67.0,67.97,-0.0143,200557,1363917.82,戊戌,丙辰,己卯,2,2018,4,1,-0.014373811967580722,0,己,卯,土,木,丙,辰,火,土,False,False,-0.00014711290942315305,2018-W16,2018-04
000858.SZ,2018-04-18,66.33,67.0,-0.01,239505,1589663.456,戊戌,丙辰,庚辰,3,2018,4,1,-0.01005033585350145,0,庚,辰,金,土,丙,辰,火,土,False,False,-0.014373811967580722,2018-W16,2018-04
000858.SZ,2018-04-19,70.37,66.33,0.0609,370867,2556716.433,戊戌,丙辰,辛巳,4,2018,4,1,0.05912475244099309,1,辛,巳,金,火,丙,辰,火,土,False,False,-0.01005033585350145,2018-W16,2018-04
000858.SZ,2018-04-20,69.63,70.37,-0.0105,307060,2154424.575,戊戌,丙辰,壬午,5,2018,4,1,-0.010571527024002337,0,壬,午,水,火,丙,辰,火,土,False,False,0.05912475244099309,2018-W16,2018-04
000858.SZ,2018-04-23,69.69,69.63,0.0009,214696,1492450.926,戊戌,丙辰,乙酉,1,2018,4,1,0.0008613264959720906,1,乙,酉,木,金,丙,辰,火,土,False,False,-0.010571527024002337,2018-W17,2018-04
000858.SZ,2018-04-24,72.43,69.69,0.0393,369737,2660105.985,戊戌,丙辰,丙戌,2,2018,4,1,0.038563742756807254,1,丙,戌,火,土,丙,辰,火,土,False,False,0.0008613264959720906,2018-W17,2018-04
000858.SZ,2018-04-25,72.34,72.43,-0.0012,174748,1262337.931,戊戌,丙辰,丁亥,3,2018,4,1,-0.0012433516832828608,0,丁,亥,火,水,丙,辰,火,土,False,False,0.038563742756807254,2018-W17,2018-04
000858.SZ,2018-04-26,69.1,72.34,-0.0448,283516,1975528.198,戊戌,丙辰,戊子,4,2018,4,1,-0.04582249575032785,0,戊,子,土,水,丙,辰,火,土,False,True,-0.0012433516832828608,2018-W17,2018-04
000858.SZ,2018-04-27,67.98,69.1,-0.0162,236215,1607040.276,戊戌,丙辰,己丑,5,2018,4,1,-0.016341186505654137,0,己,丑,土,土,丙,辰,火,土,False,True,-0.04582249575032785,2018-W17,2018-04
000858.SZ,2018-05-02,71.22,67.98,0.0477,348306,2442217.861,戊戌,丙辰,甲午,3,2018,5,1,0.046560133581661604,1,甲,午,木,火,丙,辰,火,土,True,False,-0.016341186505654137,2018-W18,2018-05
000858.SZ,2018-05-03,73.8,71.22,0.0362,319841,2323274.726,戊戌,丙辰,乙未,4,2018,5,1,0.03558505375679505,1,乙,未,木,土,丙,辰,火,土,True,False,0.046560133581661604,2018-W18,2018-05
000858.SZ,2018-05-04,72.9,73.8,-0.0122,198829,1455358.587,戊戌,丙辰,丙申,5,2018,5,1,-0.012270092591814247,0,丙,申,火,金,丙,辰,火,土,True,False,0.03558505375679505,2018-W18,2018-05
000858.SZ,2018-05-07,76.0,72.9,0.0425,344448,2594926.61,戊戌,丁巳,己亥,1,2018,5,1,0.041644701271718605,1,己,亥,土,水,丁,巳,火,火,False,False,-0.012270092591814247,2018-W19,2018-05
000858.SZ,2018-05-08,76.04,76.0,0.0005,285320,2172832.592,戊戌,丁巳,庚子,2,2018,5,1,0.0005261773338973572,1,庚,子,金,水,丁,巳,火,火,False,False,0.041644701271718605,2018-W19,2018-05
000858.SZ,2018-05-09,76.25,76.04,0.0028,209262,1578934.106,戊戌,丁巳,辛丑,3,2018,5,1,0.002757897867292496,1,辛,丑,金,土,丁,巳,火,火,False,False,0.0005261773338973572,2018-W19,2018-05
000858.SZ,2018-05-10,77.98,76.25,0.0227,283044,2198742.268,戊戌,丁巳,壬寅,4,2018,5,1,0.022434968066930343,1,壬,寅,水,木,丁,巳,火,火,False,False,0.002757897867292496,2018-W19,2018-05
000858.SZ,2018-05-11,77.06,77.98,-0.0118,222389,1735583.565,戊戌,丁巳,癸卯,5,2018,5,1,-0.011868044356439813,0,癸,卯,水,木,丁,巳,火,火,False,False,0.022434968066930343,2018-W19,2018-05
000858.SZ,2018-05-14,78.32,77.06,0.0164,228929,1786981.011,戊戌,丁巳,丙午,1,2018,5,1,0.016218659024243257,1,丙,午,火,火,丁,巳,火,火,False,False,-0.011868044356439813,2018-W20,2018-05
000858.SZ,2018-05-15,79.38,78.32,0.0135,233696,1833390.827,戊戌,丁巳,丁未,2,2018,5,1,0.013443449132664391,1,丁,未,火,土,丁,巳,火,火,False,False,0.016218659024243257,2018-W20,2018-05
000858.SZ,2018-05-16,79.17,79.38,-0.0026,261351,2081238.266,戊戌,丁巳,戊申,3,2018,5,1,-0.0026490081715768417,0,戊,申,土,金,丁,巳,火,火,False,False,0.013443449132664391,2018-W20,2018-05
000858.SZ,2018-05-17,77.07,79.17,-0.0265,268731,2084934.603,戊戌,丁巳,己酉,4,2018,5,1,-0.026883339393440644,0,己,酉,土,金,丁,巳,火,火,False,False,-0.0026490081715768417,2018-W20,2018-05
000858.SZ,2018-05-18,77.59,77.07,0.0067,216570,1665226.221,戊戌,丁巳,庚戌,5,2018,5,1,0.006724453115956223,1,庚,戌,金,土,丁,巳,火,火,False,False,-0.026883339393440644,2018-W20,2018-05
000858.SZ,2018-05-21,77.18,77.59,-0.0053,186791,1449622.08,戊戌,丁巳,癸丑,1,2018,5,1,-0.005298196796385162,0,癸,丑,水,土,丁,巳,火,火,False,False,0.006724453115956223,2018-W21,2018-05
000858.SZ,2018-05-22,77.65,77.18,0.0061,172875,1334239.417,戊戌,丁巳,甲寅,2,2018,5,1,0.006071193485223316,1,甲,寅,木,木,丁,巳,火,火,False,False,-0.005298196796385162,2018-W21,2018-05
000858.SZ,2018-05-23,76.44,77.65,-0.0156,194626,1500173.188,戊戌,丁巳,乙卯,3,2018,5,1,-0.015705430222623926,0,乙,卯,木,木,丁,巳,火,火,False,False,0.006071193485223316,2018-W21,2018-05
000858.SZ,2018-05-24,74.02,76.44,-0.0317,288808,2171382.488,戊戌,丁巳,丙辰,4,2018,5,1,-0.032170792414062455,0,丙,辰,火,土,丁,巳,火,火,False,False,-0.015705430222623926,2018-W21,2018-05
000858.SZ,2018-05-25,74.3,74.02,0.0038,247337,1846699.438,戊戌,丁巳,丁巳,5,2018,5,1,0.0037756247657036736,1,丁,巳,火,火,丁,巳,火,火,False,False,-0.032170792414062455,2018-W21,2018-05
000858.SZ,2018-05-28,77.45,74.3,0.0424,349508,2667347.2,戊戌,丁巳,庚申,1,2018,5,1,0.041521615139164254,1,庚,申,金,金,丁,巳,火,火,False,True,0.0037756247657036736,2018-W22,2018-05
000858.SZ,2018-05-29,76.34,77.45,-0.0143,329253,2564551.156,戊戌,丁巳,辛酉,2,2018,5,1,-0.014435519545793923,0,辛,酉,金,金,丁,巳,火,火,False,True,0.041521615139164254,2018-W22,2018-05
000858.SZ,2018-05-30,76.8,76.34,0.006,267655,2045859.932,戊戌,丁巳,壬戌,3,2018,5,1,0.006007592836542669,1,壬,戌,水,土,丁,巳,火,火,False,True,-0.014435519545793923,2018-W22,2018-05
000858.SZ,2018-05-31,78.98,76.8,0.0284,415294,3266151.334,戊戌,丁巳,癸亥,4,2018,5,1,0.027990015704877035,1,癸,亥,水,水,丁,巳,火,火,False,True,0.006007592836542669,2018-W22,2018-05
000858.SZ,2018-06-01,78.62,78.98,-0.0046,276379,2173363.366,戊戌,丁巳,甲子,5,2018,6,1,-0.004568535864789096,0,甲,子,木,水,丁,巳,火,火,True,False,0.027990015704877035,2018-W22,2018-06
000858.SZ,2018-06-04,81.8,78.62,0.0404,457021,3680041.02,戊戌,丁巳,丁卯,1,2018,6,1,0.03965112361498695,1,丁,卯,火,木,丁,巳,火,火,True,False,-0.004568535864789096,2018-W23,2018-06
000858.SZ,2018-06-05,82.8,81.8,0.0122,395105,3248037.847,戊戌,丁巳,戊辰,2,2018,6,1,0.012150817782512528,1,戊,辰,土,土,丁,巳,火,火,True,False,0.03965112361498695,2018-W23,2018-06
000858.SZ,2018-06-06,82.11,82.8,-0.0083,281190,2319392.687,戊戌,戊午,己巳,3,2018,6,1,-0.00836824967051658,0,己,巳,土,火,戊,午,土,火,False,False,0.012150817782512528,2018-W23,2018-06
000858.SZ,2018-06-07,80.85,82.11,-0.0153,240228,1959665.574,戊戌,戊午,庚午,4,2018,6,1,-0.01546422569758159,0,庚,午,金,火,戊,午,土,火,False,False,-0.00836824967051658,2018-W23,2018-06
000858.SZ,2018-06-08,80.39,80.85,-0.0057,256876,2056435.707,戊戌,戊午,辛未,5,2018,6,1,-0.005705795683246334,0,辛,未,金,土,戊,午,土,火,False,False,-0.01546422569758159,2018-W23,2018-06
000858.SZ,2018-06-11,82.48,80.39,0.026,417894,3435464.323,戊戌,戊午,甲戌,1,2018,6,1,0.025666049368835025,1,甲,戌,木,土,戊,午,土,火,False,False,-0.005705795683246334,2018-W24,2018-06
000858.SZ,2018-06-12,86.0,82.48,0.0427,460432,3903915.961,戊戌,戊午,乙亥,2,2018,6,1,0.04179145654480327,1,乙,亥,木,水,戊,午,土,火,False,False,0.025666049368835025,2018-W24,2018-06
000858.SZ,2018-06-13,85.47,86.0,-0.0062,286972,2460756.755,戊戌,戊午,丙子,3,2018,6,1,-0.006181859075581145,0,丙,子,火,水,戊,午,土,火,False,False,0.04179145654480327,2018-W24,2018-06
000858.SZ,2018-06-14,84.41,85.47,-0.0124,265874,2237838.346,戊戌,戊午,丁丑,4,2018,6,1,-0.012479559182298062,0,丁,丑,火,土,戊,午,土,火,False,False,-0.006181859075581145,2018-W24,2018-06
000858.SZ,2018-06-15,83.25,84.41,-0.0137,240696,2003984.497,戊戌,戊午,戊寅,5,2018,6,1,-0.013837749135075371,0,戊,寅,土,木,戊,午,土,火,False,False,-0.012479559182298062,2018-W24,2018-06
000858.SZ,2018-06-19,79.88,83.25,-0.0405,380422,3073242.295,戊戌,戊午,壬午,2,2018,6,1,-0.04132262031293885,0,壬,午,水,火,戊,午,土,火,False,False,-0.013837749135075371,2018-W25,2018-06
000858.SZ,2018-06-20,82.06,79.88,0.0273,263426,2137142.81,戊戌,戊午,癸未,3,2018,6,1,0.02692517846642565,1,癸,未,水,土,戊,午,土,火,False,False,-0.04132262031293885,2018-W25,2018-06
000858.SZ,2018-06-21,80.88,82.06,-0.0144,265823,2178315.93,戊戌,戊午,甲申,4,2018,6,1,-0.014484112301824184,0,甲,申,木,金,戊,午,土,火,False,False,0.02692517846642565,2018-W25,2018-06
000858.SZ,2018-06-22,80.18,80.88,-0.0087,248933,1986219.735,戊戌,戊午,乙酉,5,2018,6,1,-0.008692467497854886,0,乙,酉,木,金,戊,午,土,火,False,False,-0.014484112301824184,2018-W25,2018-06
000858.SZ,2018-06-25,82.11,80.18,0.0241,366609,3029558.089,戊戌,戊午,戊子,1,2018,6,1,0.02378570450633644,1,戊,子,土,水,戊,午,土,火,False,False,-0.008692467497854886,2018-W26,2018-06
000858.SZ,2018-06-26,81.48,82.11,-0.0077,289825,2351950.446,戊戌,戊午,己丑,2,2018,6,1,-0.007702220362092239,0,己,丑,土,土,戊,午,土,火,False,True,0.02378570450633644,2018-W26,2018-06
000858.SZ,2018-06-27,76.55,81.48,-0.0605,422711,3309866.061,戊戌,戊午,庚寅,3,2018,6,1,-0.06241346925491244,0,庚,寅,金,木,戊,午,土,火,False,True,-0.007702220362092239,2018-W26,2018-06
000858.SZ,2018-06-28,73.65,76.55,-0.0379,332434,2471122.707,戊戌,戊午,辛卯,4,2018,6,1,-0.0386199791950534,0,辛,卯,金,木,戊,午,土,火,False,True,-0.06241346925491244,2018-W26,2018-06
000858.SZ,2018-06-29,76.0,73.65,0.0319,229573,1724744.132,戊戌,戊午,壬辰,5,2018,6,1,0.03140919737769183,1,壬,辰,水,土,戊,午,土,火,False,True,-0.0386199791950534,2018-W26,2018-06
000858.SZ,2018-07-02,74.28,76.0,-0.0226,262214,1981522.179,戊戌,戊午,乙未,1,2018,7,1,-0.02289160380182606,0,乙,未,木,土,戊,午,土,火,True,False,0.03140919737769183,2018-W27,2018-07
000858.SZ,2018-07-03,72.38,74.28,-0.0256,417057,2994709.213,戊戌,戊午,丙申,2,2018,7,1,-0.025911718348908756,0,丙,申,火,金,戊,午,土,火,True,False,-0.02289160380182606,2018-W27,2018-07
000858.SZ,2018-07-04,70.7,72.38,-0.0232,248263,1776041.016,戊戌,戊午,丁酉,3,2018,7,1,-0.023484445233069154,0,丁,酉,火,金,戊,午,土,火,True,False,-0.025911718348908756,2018-W27,2018-07
000858.SZ,2018-07-05,70.82,70.7,0.0017,328583,2334023.503,戊戌,戊午,戊戌,4,2018,7,1,0.0016958737812305725,1,戊,戌,土,土,戊,午,土,火,True,False,-0.023484445233069154,2018-W27,2018-07
000858.SZ,2018-07-06,70.62,69.52,0.0158,331769,2334076.324,戊戌,戊午,己亥,5,2018,7,1,0.015698909543103833,1,己,亥,土,水,戊,午,土,火,False,False,0.0016958737812305725,2018-W27,2018-07
000858.SZ,2018-07-09,73.54,70.62,0.0413,321101,2323873.97,戊戌,己未,壬寅,1,2018,7,1,0.04051608537288553,1,壬,寅,水,木,己,未,土,土,False,False,0.015698909543103833,2018-W28,2018-07
000858.SZ,2018-07-10,73.37,73.54,-0.0023,220143,1607141.813,戊戌,己未,癸卯,2,2018,7,1,-0.0023143431472231264,0,癸,卯,水,木,己,未,土,土,False,False,0.04051608537288553,2018-W28,2018-07
000858.SZ,2018-07-11,72.08,73.37,-0.0176,191724,1377729.665,戊戌,己未,甲辰,3,2018,7,1,-0.017738519425820522,0,甲,辰,木,土,己,未,土,土,False,False,-0.0023143431472231264,2018-W28,2018-07
000858.SZ,2018-07-12,73.9,72.08,0.0253,283136,2086611.498,戊戌,己未,乙巳,4,2018,7,1,0.024936214654073682,1,乙,巳,木,火,己,未,土,土,False,False,-0.017738519425820522,2018-W28,2018-07
000858.SZ,2018-07-13,75.75,73.9,0.025,275656,2068808.408,戊戌,己未,丙午,5,2018,7,1,0.02472561643532234,1,丙,午,火,火,己,未,土,土,False,False,0.024936214654073682,2018-W28,2018-07
000858.SZ,2018-07-16,75.42,75.75,-0.0044,204077,1542523.507,戊戌,己未,己酉,1,2018,7,1,-0.004365952559267472,0,己,酉,土,金,己,未,土,土,False,False,0.02472561643532234,2018-W29,2018-07
000858.SZ,2018-07-17,74.04,75.42,-0.0183,189545,1401078.112,戊戌,己未,庚戌,2,2018,7,1,-0.018467004124914234,0,庚,戌,金,土,己,未,土,土,False,False,-0.004365952559267472,2018-W29,2018-07
000858.SZ,2018-07-18,73.31,74.04,-0.0099,166593,1231365.687,戊戌,己未,辛亥,3,2018,7,1,-0.009908462469801562,0,辛,亥,金,水,己,未,土,土,False,False,-0.018467004124914234,2018-W29,2018-07
000858.SZ,2018-07-19,73.38,73.31,0.001,144567,1060790.202,戊戌,己未,壬子,4,2018,7,1,0.0009543936916407,1,壬,子,水,水,己,未,土,土,False,False,-0.009908462469801562,2018-W29,2018-07
000858.SZ,2018-07-20,73.43,73.38,0.000681,250617,1822785.335,戊戌,己未,癸丑,5,2018,7,1,0.0006811525363833254,1,癸,丑,水,土,己,未,土,土,False,False,0.0009543936916407,2018-W29,2018-07
000858.SZ,2018-07-23,72.12,73.43,-0.01784,298994,2150492.051,戊戌,己未,丙辰,1,2018,7,1,-0.018001173128402666,0,丙,辰,火,土,己,未,土,土,False,False,0.0006811525363833254,2018-W30,2018-07
000858.SZ,2018-07-24,75.03,72.12,0.040349,379244,2798512.515,戊戌,己未,丁巳,2,2018,7,1,0.03955663522252082,1,丁,巳,火,火,己,未,土,土,False,False,-0.018001173128402666,2018-W30,2018-07
000858.SZ,2018-07-25,75.0,75.03,-0.0004,235532,1766246.342,戊戌,己未,戊午,3,2018,7,1,-0.00039992002132694667,0,戊,午,土,火,己,未,土,土,False,False,0.03955663522252082,2018-W30,2018-07
000858.SZ,2018-07-26,74.19,75.0,-0.0108,203077,1516383.849,戊戌,己未,己未,4,2018,7,1,-0.010858743334875945,0,己,未,土,土,己,未,土,土,False,False,-0.00039992002132694667,2018-W30,2018-07
000858.SZ,2018-07-27,74.19,74.19,0.0,163949,1219507.575,戊戌,己未,庚申,5,2018,7,1,0.0,0,庚,申,金,金,己,未,土,土,False,True,-0.010858743334875945,2018-W30,2018-07
000858.SZ,2018-07-30,72.6,74.19,-0.021431,198721,1444181.932,戊戌,己未,癸亥,1,2018,7,1,-0.0216644483706842,0,癸,亥,水,水,己,未,土,土,False,True,0.0,2018-W31,2018-07
000858.SZ,2018-07-31,72.15,72.6,-0.006198,149531,1080385.795,戊戌,己未,甲子,2,2018,7,1,-0.006217636610870338,0,甲,子,木,水,己,未,土,土,False,True,-0.0216644483706842,2018-W31,2018-07
000858.SZ,2018-08-01,70.02,72.15,-0.029522,260916,1850440.407,戊戌,己未,乙丑,3,2018,8,1,-0.029966369693360435,0,乙,丑,木,土,己,未,土,土,True,False,-0.006217636610870338,2018-W31,2018-08
000858.SZ,2018-08-02,67.92,70.02,-0.029991,335334,2275594.234,戊戌,己未,丙寅,4,2018,8,1,-0.030450373523427665,0,丙,寅,火,木,己,未,土,土,True,False,-0.029966369693360435,2018-W31,2018-08
000858.SZ,2018-08-03,65.67,67.92,-0.033127,264072,1755022.499,戊戌,己未,丁卯,5,2018,8,1,-0.03368834180021063,0,丁,卯,火,木,己,未,土,土,True,False,-0.030450373523427665,2018-W31,2018-08
000858.SZ,2018-08-06,64.34,65.67,-0.020253,257040,1665999.742,戊戌,己未,庚午,1,2018,8,1,-0.020460678392000903,0,庚,午,金,火,己,未,土,土,False,False,-0.03368834180021063,2018-W32,2018-08
000858.SZ,2018-08-07,66.48,64.34,0.033261,277343,1814190.299,戊戌,庚申,辛未,2,2018,8,1,0.03271962873631247,1,辛,未,金,土,庚,申,金,金,False,False,-0.020460678392000903,2018-W32,2018-08
000858.SZ,2018-08-08,64.44,66.48,-0.030686,236818,1544553.324,戊戌,庚申,壬申,3,2018,8,1,-0.03116659223841923,0,壬,申,水,金,庚,申,金,金,False,False,0.03271962873631247,2018-W32,2018-08
000858.SZ,2018-08-09,66.36,64.44,0.029795,263990,1737604.804,戊戌,庚申,癸酉,4,2018,8,1,0.02935990701347008,1,癸,酉,水,金,庚,申,金,金,False,False,-0.03116659223841923,2018-W32,2018-08
000858.SZ,2018-08-10,66.05,66.36,-0.004671,212833,1409830.87,戊戌,庚申,甲戌,5,2018,8,1,-0.0046824343539094305,0,甲,戌,木,土,庚,申,金,金,False,False,0.02935990701347008,2018-W32,2018-08
000858.SZ,2018-08-13,64.41,66.05,-0.02483,365521,2343183.704,戊戌,庚申,丁丑,1,2018,8,1,-0.02514313040953502,0,丁,丑,火,土,庚,申,金,金,False,False,-0.0046824343539094305,2018-W33,2018-08
000858.SZ,2018-08-14,65.1,64.41,0.010713,294337,1910064.58,戊戌,庚申,戊寅,2,2018,8,1,0.01065564865572412,1,戊,寅,土,木,庚,申,金,金,False,False,-0.02514313040953502,2018-W33,2018-08
000858.SZ,2018-08-15,63.33,65.1,-0.027189,207112,1320142.86,戊戌,庚申,己卯,3,2018,8,1,-0.027565398686184607,0,己,卯,土,木,庚,申,金,金,False,False,0.01065564865572412,2018-W33,2018-08
000858.SZ,2018-08-16,61.15,63.33,-0.034423,308055,1913089.768,戊戌,庚申,庚辰,4,2018,8,1,-0.035029288395157565,0,庚,辰,金,土,庚,申,金,金,False,False,-0.027565398686184607,2018-W33,2018-08
000858.SZ,2018-08-17,60.61,61.15,-0.008831,259935,1592610.464,戊戌,庚申,辛巳,5,2018,8,1,-0.008869966169987654,0,辛,巳,金,火,庚,申,金,金,False,False,-0.035029288395157565,2018-W33,2018-08
000858.SZ,2018-08-20,62.03,60.61,0.023428,291249,1771847.023,戊戌,庚申,甲申,1,2018,8,1,0.023158243021832618,1,甲,申,木,金,庚,申,金,金,False,False,-0.008869966169987654,2018-W34,2018-08
000858.SZ,2018-08-21,64.33,62.03,0.037079,355392,2262787.702,戊戌,庚申,乙酉,2,2018,8,1,0.0364079464378827,1,乙,酉,木,金,庚,申,金,金,False,False,0.023158243021832618,2018-W34,2018-08
000858.SZ,2018-08-22,63.69,64.33,-0.009949,147732,942536.719,戊戌,庚申,丙戌,3,2018,8,1,-0.009998521039634624,0,丙,戌,火,土,庚,申,金,金,False,False,0.0364079464378827,2018-W34,2018-08
000858.SZ,2018-08-23,64.15,63.69,0.007222,178918,1147044.329,戊戌,庚申,丁亥,4,2018,8,1,0.007196526678371167,1,丁,亥,火,水,庚,申,金,金,False,False,-0.009998521039634624,2018-W34,2018-08
000858.SZ,2018-08-24,62.96,64.15,-0.01855,184769,1163742.383,戊戌,庚申,戊子,5,2018,8,1,-0.01872448695249775,0,戊,子,土,水,庚,申,金,金,False,False,0.007196526678371167,2018-W34,2018-08
000858.SZ,2018-08-27,65.31,62.96,0.037325,340401,2198875.203,戊戌,庚申,辛卯,1,2018,8,1,0.03664555980541797,1,辛,卯,金,木,庚,申,金,金,False,True,-0.01872448695249775,2018-W35,2018-08
000858.SZ,2018-08-28,64.3,65.31,-0.015465,390976,2527105.908,戊戌,庚申,壬辰,2,2018,8,1,-0.015585532670992101,0,壬,辰,水,土,庚,申,金,金,False,True,0.03664555980541797,2018-W35,2018-08
000858.SZ,2018-08-29,63.68,64.3,-0.009642,242285,1543978.648,戊戌,庚申,癸巳,3,2018,8,1,-0.009689089707446061,0,癸,巳,水,火,庚,申,金,金,False,True,-0.015585532670992101,2018-W35,2018-08
000858.SZ,2018-08-30,63.4,63.68,-0.004397,189692,1209290.718,戊戌,庚申,甲午,4,2018,8,1,-0.004406680092947368,0,甲,午,木,火,庚,申,金,金,False,True,-0.009689089707446061,2018-W35,2018-08
000858.SZ,2018-08-31,61.9,63.4,-0.023659,244560,1517434.104,戊戌,庚申,乙未,5,2018,8,1,-0.023943681752629783,0,乙,未,木,土,庚,申,金,金,False,True,-0.004406680092947368,2018-W35,2018-08
000858.SZ,2018-09-03,61.97,61.9,0.001131,208324,1283847.415,戊戌,庚申,戊戌,1,2018,9,1,0.0011302172834656977,1,戊,戌,土,土,庚,申,金,金,True,False,-0.023943681752629783,2018-W36,2018-09
000858.SZ,2018-09-04,62.77,61.97,0.012909,194838,1215148.333,戊戌,庚申,己亥,2,2018,9,1,0.012826855355424235,1,己,亥,土,水,庚,申,金,金,True,False,0.0011302172834656977,2018-W36,2018-09
000858.SZ,2018-09-05,60.9,62.77,-0.029791,217130,1342662.987,戊戌,庚申,庚子,3,2018,9,1,-0.03024407761358915,0,庚,子,金,水,庚,申,金,金,True,False,0.012826855355424235,2018-W36,2018-09
000858.SZ,2018-09-06,59.71,60.9,-0.01954,319221,1924316.865,戊戌,庚申,辛丑,4,2018,9,1,-0.01973366415695025,0,辛,丑,金,土,庚,申,金,金,False,False,-0.03024407761358915,2018-W36,2018-09
000858.SZ,2018-09-07,60.77,59.71,0.017752,222726,1347995.371,戊戌,庚申,壬寅,5,2018,9,1,0.017596735588362798,1,壬,寅,水,木,庚,申,金,金,False,False,-0.01973366415695025,2018-W36,2018-09
000858.SZ,2018-09-10,60.38,60.77,-0.006418,195919,1179507.359,戊戌,辛酉,乙巳,1,2018,9,1,-0.006438321868571094,0,乙,巳,木,火,辛,酉,金,金,False,False,0.017596735588362798,2018-W37,2018-09
000858.SZ,2018-09-11,61.0,60.38,0.010268,202919,1235001.569,戊戌,辛酉,丙午,2,2018,9,1,0.010215939894618435,1,丙,午,火,火,辛,酉,金,金,False,False,-0.006438321868571094,2018-W37,2018-09
000858.SZ,2018-09-12,59.65,61.0,-0.022131,191607,1150744.732,戊戌,辛酉,丁未,3,2018,9,1,-0.022379715629386187,0,丁,未,火,土,辛,酉,金,金,False,False,0.010215939894618435,2018-W37,2018-09
000858.SZ,2018-09-13,59.98,59.65,0.005532,206865,1232442.1,戊戌,辛酉,戊申,4,2018,9,1,0.005517024776937912,1,戊,申,土,金,辛,酉,金,金,False,False,-0.022379715629386187,2018-W37,2018-09
000858.SZ,2018-09-14,61.53,59.98,0.025842,294960,1800648.312,戊戌,辛酉,己酉,5,2018,9,1,0.02551368743153603,1,己,酉,土,金,辛,酉,金,金,False,False,0.005517024776937912,2018-W37,2018-09
000858.SZ,2018-09-17,61.86,61.53,0.005363,235508,1458775.764,戊戌,辛酉,壬子,1,2018,9,1,0.005348906504524577,1,壬,子,水,水,辛,酉,金,金,False,False,0.02551368743153603,2018-W38,2018-09
000858.SZ,2018-09-18,63.21,61.86,0.021823,263861,1647393.657,戊戌,辛酉,癸丑,2,2018,9,1,0.02158874922728383,1,癸,丑,水,土,辛,酉,金,金,False,False,0.005348906504524577,2018-W38,2018-09
000858.SZ,2018-09-19,64.44,63.21,0.019459,411364,2653606.009,戊戌,辛酉,甲寅,3,2018,9,1,0.01927204182456629,1,甲,寅,木,木,辛,酉,金,金,False,False,0.02158874922728383,2018-W38,2018-09
000858.SZ,2018-09-20,64.39,64.44,-0.000776,164165,1056728.297,戊戌,辛酉,乙卯,4,2018,9,1,-0.0007762167586814532,0,乙,卯,木,木,辛,酉,金,金,False,False,0.01927204182456629,2018-W38,2018-09
000858.SZ,2018-09-21,66.42,64.39,0.031527,331030,2175628.239,戊戌,辛酉,丙辰,5,2018,9,1,0.031039874398508457,1,丙,辰,火,土,辛,酉,金,金,False,False,-0.0007762167586814532,2018-W38,2018-09
000858.SZ,2018-09-25,65.3,66.42,-0.016862,195150,1279057.649,戊戌,辛酉,庚申,2,2018,9,1,-0.017006179666215177,0,庚,申,金,金,辛,酉,金,金,False,False,0.031039874398508457,2018-W39,2018-09
000858.SZ,2018-09-26,67.2,65.3,0.029096,438041,2938975.084,戊戌,辛酉,辛酉,3,2018,9,1,0.028681211246718515,1,辛,酉,金,金,辛,酉,金,金,False,True,-0.017006179666215177,2018-W39,2018-09
000858.SZ,2018-09-27,67.37,67.2,0.00253,216315,1449181.804,戊戌,辛酉,壬戌,4,2018,9,1,0.002526567443464665,1,壬,戌,水,土,辛,酉,金,金,False,True,0.028681211246718515,2018-W39,2018-09
000858.SZ,2018-09-28,67.95,67.37,0.008609,233828,1580316.135,戊戌,辛酉,癸亥,5,2018,9,1,0.008572325624584294,1,癸,亥,水,水,辛,酉,金,金,False,True,0.002526567443464665,2018-W39,2018-09
000858.SZ,2018-10-08,63.48,67.95,-0.065784,370570,2385119.273,戊戌,壬戌,癸酉,1,2018,10,1,-0.06804724493894454,0,癸,酉,水,金,壬,戌,水,土,False,False,0.008572325624584294,2018-W41,2018-10
000858.SZ,2018-10-09,63.36,63.48,-0.00189,214204,1360554.848,戊戌,壬戌,甲戌,2,2018,10,1,-0.0018921481520378152,0,甲,戌,木,土,壬,戌,水,土,False,False,-0.06804724493894454,2018-W41,2018-10
000858.SZ,2018-10-10,60.81,63.36,-0.040246,419605,2588361.097,戊戌,壬戌,乙亥,3,2018,10,1,-0.04107849837415198,0,乙,亥,木,水,壬,戌,水,土,False,False,-0.0018921481520378152,2018-W41,2018-10
000858.SZ,2018-10-11,58.72,60.81,-0.034369,457450,2689059.911,戊戌,壬戌,丙子,4,2018,10,1,-0.03497386482575829,0,丙,子,火,水,壬,戌,水,土,False,False,-0.04107849837415198,2018-W41,2018-10
000858.SZ,2018-10-12,60.21,58.72,0.025375,371526,2208288.025,戊戌,壬戌,丁丑,5,2018,10,1,0.025058067170096426,1,丁,丑,火,土,壬,戌,水,土,False,False,-0.03497386482575829,2018-W41,2018-10
000858.SZ,2018-10-15,58.76,60.21,-0.024082,256200,1522091.214,戊戌,壬戌,庚辰,1,2018,10,1,-0.02437710017067995,0,庚,辰,金,土,壬,戌,水,土,False,False,0.025058067170096426,2018-W42,2018-10
000858.SZ,2018-10-16,58.97,58.76,0.003574,152527,900184.446,戊戌,壬戌,辛巳,2,2018,10,1,0.003567488706736135,1,辛,巳,金,火,壬,戌,水,土,False,False,-0.02437710017067995,2018-W42,2018-10
000858.SZ,2018-10-17,59.4,58.97,0.007292,262416,1546537.894,戊戌,壬戌,壬午,3,2018,10,1,0.007265386356186413,1,壬,午,水,火,壬,戌,水,土,False,False,0.003567488706736135,2018-W42,2018-10
000858.SZ,2018-10-18,58.0,59.4,-0.023569,177303,1035333.837,戊戌,壬戌,癸未,4,2018,10,1,-0.02385121582217991,0,癸,未,水,土,壬,戌,水,土,False,False,0.007265386356186413,2018-W42,2018-10
000858.SZ,2018-10-19,59.49,58.0,0.02569,368965,2151505.919,戊戌,壬戌,甲申,5,2018,10,1,0.0253652206533949,1,甲,申,木,金,壬,戌,水,土,False,False,-0.02385121582217991,2018-W42,2018-10
000858.SZ,2018-10-22,62.48,59.49,0.050261,445531,2750470.637,戊戌,壬戌,丁亥,1,2018,10,1,0.0490382743316162,1,丁,亥,火,水,壬,戌,水,土,False,False,0.0253652206533949,2018-W43,2018-10
000858.SZ,2018-10-23,58.0,62.48,-0.071703,542433,3220258.361,戊戌,壬戌,戊子,2,2018,10,1,-0.07440349498501111,0,戊,子,土,水,壬,戌,水,土,False,False,0.0490382743316162,2018-W43,2018-10
000858.SZ,2018-10-24,56.29,58.0,-0.029483,440495,2476913.916,戊戌,壬戌,己丑,3,2018,10,1,-0.02992611107048419,0,己,丑,土,土,壬,戌,水,土,False,False,-0.07440349498501111,2018-W43,2018-10
000858.SZ,2018-10-25,54.8,56.29,-0.02647,290302,1583783.392,戊戌,壬戌,庚寅,4,2018,10,1,-0.026826705521965376,0,庚,寅,金,木,壬,戌,水,土,False,False,-0.02992611107048419,2018-W43,2018-10
000858.SZ,2018-10-26,54.3,54.8,-0.009124,231604,1261671.861,戊戌,壬戌,辛卯,5,2018,10,1,-0.009165967014080057,0,辛,卯,金,木,壬,戌,水,土,False,False,-0.026826705521965376,2018-W43,2018-10
000858.SZ,2018-10-29,48.87,54.3,-0.1,379558,1867188.641,戊戌,壬戌,甲午,1,2018,10,1,-0.10536051565782628,0,甲,午,木,火,壬,戌,水,土,False,True,-0.009165967014080057,2018-W44,2018-10
000858.SZ,2018-10-30,47.49,48.87,-0.028238,550241,2611486.807,戊戌,壬戌,乙未,2,2018,10,1,-0.028644548721032906,0,乙,未,木,土,壬,戌,水,土,False,True,-0.10536051565782628,2018-W44,2018-10
000858.SZ,2018-10-31,48.15,47.49,0.013898,461994,2224915.887,戊戌,壬戌,丙申,3,2018,10,1,0.01380197568310397,1,丙,申,火,金,壬,戌,水,土,False,True,-0.028644548721032906,2018-W44,2018-10
000858.SZ,2018-11-01,49.65,48.15,0.031153,639045,3185378.779,戊戌,壬戌,丁酉,4,2018,11,1,0.03067725224704704,1,丁,酉,火,金,壬,戌,水,土,True,False,0.01380197568310397,2018-W44,2018-11
000858.SZ,2018-11-02,53.69,49.65,0.08137,593915,3096208.024,戊戌,壬戌,戊戌,5,2018,11,1,0.07822837394329653,1,戊,戌,土,土,壬,戌,水,土,True,False,0.03067725224704704,2018-W44,2018-11
000858.SZ,2018-11-05,51.75,53.69,-0.036133,457640,2369001.862,戊戌,壬戌,辛丑,1,2018,11,1,-0.036802332288999574,0,辛,丑,金,土,壬,戌,水,土,True,False,0.07822837394329653,2018-W45,2018-11
000858.SZ,2018-11-06,50.8,51.75,-0.018357,283324,1431547.618,戊戌,壬戌,壬寅,2,2018,11,1,-0.018528077561042352,0,壬,寅,水,木,壬,戌,水,土,False,False,-0.036802332288999574,2018-W45,2018-11
000858.SZ,2018-11-07,50.5,50.8,-0.005906,240856,1226555.649,戊戌,癸亥,癸卯,3,2018,11,1,-0.005923018303122056,0,癸,卯,水,木,癸,亥,水,水,False,False,-0.018528077561042352,2018-W45,2018-11
000858.SZ,2018-11-08,50.69,50.5,0.003762,182009,928122.739,戊戌,癸亥,甲辰,4,2018,11,1,0.0037553162029438534,1,甲,辰,木,土,癸,亥,水,水,False,False,-0.005923018303122056,2018-W45,2018-11
000858.SZ,2018-11-09,50.01,50.69,-0.013415,146378,733423.985,戊戌,癸亥,乙巳,5,2018,11,1,-0.01350566705344569,0,乙,巳,木,火,癸,亥,水,水,False,False,0.0037553162029438534,2018-W45,2018-11
000858.SZ,2018-11-12,50.05,50.01,0.0008,261821,1301791.732,戊戌,癸亥,戊申,1,2018,11,1,0.0007995203304171802,1,戊,申,土,金,癸,亥,水,水,False,False,-0.01350566705344569,2018-W46,2018-11
000858.SZ,2018-11-13,51.25,50.05,0.023976,326150,1651313.768,戊戌,癸亥,己酉,2,2018,11,1,0.023693112257288044,1,己,酉,土,金,癸,亥,水,水,False,False,0.0007995203304171802,2018-W46,2018-11
000858.SZ,2018-11-14,50.17,51.25,-0.021073,206289,1040308.055,戊戌,癸亥,庚戌,3,2018,11,1,-0.021298379522355974,0,庚,戌,金,土,癸,亥,水,水,False,False,0.023693112257288044,2018-W46,2018-11
000858.SZ,2018-11-15,50.59,50.17,0.008372,151935,768330.766,戊戌,癸亥,辛亥,4,2018,11,1,0.00833668980768305,1,辛,亥,金,水,癸,亥,水,水,False,False,-0.021298379522355974,2018-W46,2018-11
000858.SZ,2018-11-16,50.69,50.59,0.001977,196548,998312.549,戊戌,癸亥,壬子,5,2018,11,1,0.0019747241804131217,1,壬,子,水,水,癸,亥,水,水,False,False,0.00833668980768305,2018-W46,2018-11
000858.SZ,2018-11-19,51.69,50.69,0.019728,247184,1271045.173,戊戌,癸亥,乙卯,1,2018,11,1,0.019535686723690018,1,乙,卯,木,木,癸,亥,水,水,False,False,0.0019747241804131217,2018-W47,2018-11
000858.SZ,2018-11-20,50.61,51.69,-0.020894,180986,921741.031,戊戌,癸亥,丙辰,2,2018,11,1,-0.021115153981961274,0,丙,辰,火,土,癸,亥,水,水,False,False,0.019535686723690018,2018-W47,2018-11
000858.SZ,2018-11-21,51.13,50.61,0.010275,182848,931815.89,戊戌,癸亥,丁巳,3,2018,11,1,0.010222223865921212,1,丁,巳,火,火,癸,亥,水,水,False,False,-0.021115153981961274,2018-W47,2018-11
000858.SZ,2018-11-22,50.99,51.13,-0.002738,124116,631537.107,戊戌,癸亥,戊午,4,2018,11,1,-0.0027418740248435387,0,戊,午,土,火,癸,亥,水,水,False,False,0.010222223865921212,2018-W47,2018-11
000858.SZ,2018-11-23,50.02,50.99,-0.019023,137979,693820.133,戊戌,癸亥,己未,5,2018,11,1,-0.019206609617591297,0,己,未,土,土,癸,亥,水,水,False,False,-0.0027418740248435387,2018-W47,2018-11
000858.SZ,2018-11-26,50.09,50.02,0.001399,95098,477612.277,戊戌,癸亥,壬戌,1,2018,11,1,0.0013984619200523667,1,壬,戌,水,土,癸,亥,水,水,False,True,-0.019206609617591297,2018-W48,2018-11
000858.SZ,2018-11-27,49.78,50.09,-0.006189,100746,502445.554,戊戌,癸亥,癸亥,2,2018,11,1,-0.0062080904300795825,0,癸,亥,水,水,癸,亥,水,水,False,True,0.0013984619200523667,2018-W48,2018-11
000858.SZ,2018-11-28,50.24,49.78,0.009241,137337,688851.436,戊戌,癸亥,甲子,3,2018,11,1,0.009198225220497265,1,甲,子,木,水,癸,亥,水,水,False,True,-0.0062080904300795825,2018-W48,2018-11
000858.SZ,2018-11-29,50.43,50.24,0.003782,243414,1242372.769,戊戌,癸亥,乙丑,4,2018,11,1,0.003774713928690576,1,乙,丑,木,土,癸,亥,水,水,False,True,0.009198225220497265,2018-W48,2018-11
000858.SZ,2018-11-30,52.39,50.43,0.038866,398866,2068637.92,戊戌,癸亥,丙寅,5,2018,11,1,0.038129497331494434,1,丙,寅,火,木,癸,亥,水,水,False,True,0.003774713928690576,2018-W48,2018-11
000858.SZ,2018-12-03,55.09,52.39,0.051537,460208,2511545.475,戊戌,癸亥,己巳,1,2018,12,1,0.05025247806449681,1,己,巳,土,火,癸,亥,水,水,True,False,0.038129497331494434,2018-W49,2018-12
000858.SZ,2018-12-04,54.95,55.09,-0.002541,215035,1178732.543,戊戌,癸亥,庚午,2,2018,12,1,-0.0025445306349947613,0,庚,午,金,火,癸,亥,水,水,True,False,0.05025247806449681,2018-W49,2018-12
000858.SZ,2018-12-05,54.91,54.95,-0.000728,280714,1542561.985,戊戌,癸亥,辛未,3,2018,12,1,-0.0007281995588492117,0,辛,未,金,土,癸,亥,水,水,True,False,-0.0025445306349947613,2018-W49,2018-12
000858.SZ,2018-12-06,53.0,54.91,-0.034784,299608,1601536.564,戊戌,癸亥,壬申,4,2018,12,1,-0.0354035677386594,0,壬,申,水,金,癸,亥,水,水,False,False,-0.0007281995588492117,2018-W49,2018-12
000858.SZ,2018-12-07,53.2,53.0,0.003774,146894,782201.158,戊戌,甲子,癸酉,5,2018,12,1,0.003766482795476865,1,癸,酉,水,金,甲,子,木,水,False,False,-0.0354035677386594,2018-W49,2018-12
000858.SZ,2018-12-10,52.33,53.2,-0.016353,158760,832455.35,戊戌,甲子,丙子,1,2018,12,1,-0.016488575963482313,0,丙,子,火,水,甲,子,木,水,False,False,0.003766482795476865,2018-W50,2018-12
000858.SZ,2018-12-11,52.82,52.33,0.009364,110120,578637.435,戊戌,甲子,丁丑,2,2018,12,1,0.009320086484869719,1,丁,丑,火,土,甲,子,木,水,False,False,-0.016488575963482313,2018-W50,2018-12
000858.SZ,2018-12-12,53.17,52.82,0.006626,121634,645047.991,戊戌,甲子,戊寅,3,2018,12,1,0.006604420647260903,1,戊,寅,土,木,甲,子,木,水,False,False,0.009320086484869719,2018-W50,2018-12
000858.SZ,2018-12-13,54.01,53.17,0.015798,230113,1241031.288,戊戌,甲子,己卯,4,2018,12,1,0.015674887088552476,1,己,卯,土,木,甲,子,木,水,False,False,0.006604420647260903,2018-W50,2018-12
000858.SZ,2018-12-14,52.99,54.01,-0.018885,173186,922137.672,戊戌,甲子,庚辰,5,2018,12,1,-0.019065998100128954,0,庚,辰,金,土,甲,子,木,水,False,False,0.015674887088552476,2018-W50,2018-12
000858.SZ,2018-12-17,52.82,52.99,-0.003208,103843,546825.431,戊戌,甲子,癸未,1,2018,12,1,-0.0032133096356845876,0,癸,未,水,土,甲,子,木,水,False,False,-0.019065998100128954,2018-W51,2018-12
000858.SZ,2018-12-18,52.94,52.82,0.002272,106706,561857.538,戊戌,甲子,甲申,2,2018,12,1,0.0022692899299690842,1,甲,申,木,金,甲,子,木,水,False,False,-0.0032133096356845876,2018-W51,2018-12
000858.SZ,2018-12-19,52.56,52.94,-0.007178,190965,1019671.419,戊戌,甲子,乙酉,3,2018,12,1,-0.007203822622600021,0,乙,酉,木,金,甲,子,木,水,False,False,0.0022692899299690842,2018-W51,2018-12
000858.SZ,2018-12-20,51.86,52.56,-0.013318,182039,941847.194,戊戌,甲子,丙戌,4,2018,12,1,-0.013407594065836788,0,丙,戌,火,土,甲,子,木,水,False,False,-0.007203822622600021,2018-W51,2018-12
000858.SZ,2018-12-21,50.6,51.86,-0.024296,194939,988024.605,戊戌,甲子,丁亥,5,2018,12,1,-0.02459620381709843,0,丁,亥,火,水,甲,子,木,水,False,False,-0.013407594065836788,2018-W51,2018-12
000858.SZ,2018-12-24,50.96,50.6,0.007115,104929,532943.451,戊戌,甲子,庚寅,1,2018,12,1,0.007089434970488005,1,庚,寅,金,木,甲,子,木,水,False,False,-0.02459620381709843,2018-W52,2018-12
000858.SZ,2018-12-25,50.86,50.96,-0.001962,120800,608934.763,戊戌,甲子,辛卯,2,2018,12,1,-0.0019642512699343698,0,辛,卯,金,木,甲,子,木,水,False,False,0.007089434970488005,2018-W52,2018-12
000858.SZ,2018-12-26,50.41,50.86,-0.008848,91197,461720.963,戊戌,甲子,壬辰,3,2018,12,1,-0.008887191899434191,0,壬,辰,水,土,甲,子,木,水,False,False,-0.0019642512699343698,2018-W52,2018-12
000858.SZ,2018-12-27,50.15,50.41,-0.005158,134354,683348.924,戊戌,甲子,癸巳,4,2018,12,1,-0.005171053686594886,0,癸,巳,水,火,甲,子,木,水,False,True,-0.008887191899434191,2018-W52,2018-12
000858.SZ,2018-12-28,50.88,50.15,0.014556,190684,967588.986,戊戌,甲子,甲午,5,2018,12,1,0.014451404623922276,1,甲,午,木,火,甲,子,木,水,False,True,-0.005171053686594886,2018-W52,2018-12
000858.SZ,2019-01-02,49.94,50.88,-0.018475,232267,1174716.785,戊戌,甲子,己亥,3,2019,1,1,-0.018647634180239667,0,己,亥,土,水,甲,子,木,水,True,False,0.014451404623922276,2019-W01,2019-01
000858.SZ,2019-01-03,48.96,49.94,-0.019624,278029,1356928.388,戊戌,甲子,庚子,4,2019,1,1,-0.01981864664755649,0,庚,子,金,水,甲,子,木,水,True,False,-0.018647634180239667,2019-W01,2019-01
000858.SZ,2019-01-04,49.54,48.96,0.011846,241498,1185479.55,戊戌,甲子,辛丑,5,2019,1,1,0.011776785857142815,1,辛,丑,金,土,甲,子,木,水,True,False,-0.01981864664755649,2019-W01,2019-01
000858.SZ,2019-01-07,49.31,49.54,-0.004643,233796,1155244.86,戊戌,乙丑,甲辰,1,2019,1,1,-0.0046535238251786916,0,甲,辰,木,土,乙,丑,木,土,False,False,0.011776785857142815,2019-W02,2019-01
000858.SZ,2019-01-08,49.02,49.31,-0.005881,167844,824599.215,戊戌,乙丑,乙巳,2,2019,1,1,-0.005898522136068177,0,乙,巳,木,火,乙,丑,木,土,False,False,-0.0046535238251786916,2019-W02,2019-01
000858.SZ,2019-01-09,50.03,49.02,0.020604,330784,1658874.318,戊戌,乙丑,丙午,3,2019,1,1,0.020394447400147033,1,丙,午,火,火,乙,丑,木,土,False,False,-0.005898522136068177,2019-W02,2019-01
000858.SZ,2019-01-10,49.86,50.03,-0.003398,186374,925758.405,戊戌,乙丑,丁未,4,2019,1,1,-0.003403747404701887,0,丁,未,火,土,乙,丑,木,土,False,False,0.020394447400147033,2019-W02,2019-01
000858.SZ,2019-01-11,50.69,49.86,0.016647,247667,1247223.823,戊戌,乙丑,戊申,5,2019,1,1,0.016509574388846062,1,戊,申,土,金,乙,丑,木,土,False,False,-0.003403747404701887,2019-W02,2019-01
000858.SZ,2019-01-14,49.59,50.69,-0.021701,217800,1083865.427,戊戌,乙丑,辛亥,1,2019,1,1,-0.021939451983215338,0,辛,亥,金,水,乙,丑,木,土,False,False,0.016509574388846062,2019-W03,2019-01
000858.SZ,2019-01-15,52.97,49.59,0.068159,500413,2572947.449,戊戌,乙丑,壬子,2,2019,1,1,0.06593651505539268,1,壬,子,水,水,乙,丑,木,土,False,False,-0.021939451983215338,2019-W03,2019-01
000858.SZ,2019-01-16,52.2,52.97,-0.014537,330077,1727407.213,戊戌,乙丑,癸丑,3,2019,1,1,-0.014643220667842145,0,癸,丑,水,土,乙,丑,木,土,False,False,0.06593651505539268,2019-W03,2019-01
000858.SZ,2019-01-17,51.92,52.2,-0.005364,233909,1221557.212,戊戌,乙丑,甲寅,4,2019,1,1,-0.005378422492758504,0,甲,寅,木,木,乙,丑,木,土,False,False,-0.014643220667842145,2019-W03,2019-01
000858.SZ,2019-01-18,53.88,51.92,0.03775,521235,2803566.846,戊戌,乙丑,乙卯,5,2019,1,1,0.03705527914632868,1,乙,卯,木,木,乙,丑,木,土,False,False,-0.005378422492758504,2019-W03,2019-01
000858.SZ,2019-01-21,56.0,53.88,0.039347,549111,3061837.196,戊戌,乙丑,戊午,1,2019,1,1,0.03859233919298604,1,戊,午,土,火,乙,丑,木,土,False,False,0.03705527914632868,2019-W04,2019-01
000858.SZ,2019-01-22,55.21,56.0,-0.014107,335691,1848120.935,戊戌,乙丑,己未,2,2019,1,1,-0.01420759443919601,0,己,未,土,土,乙,丑,木,土,False,False,0.03859233919298604,2019-W04,2019-01
000858.SZ,2019-01-23,55.07,55.21,-0.002536,202242,1112986.46,戊戌,乙丑,庚申,3,2019,1,1,-0.002538993021563071,0,庚,申,金,金,乙,丑,木,土,False,False,-0.01420759443919601,2019-W04,2019-01
000858.SZ,2019-01-24,55.2,55.07,0.002361,193597,1067519.359,戊戌,乙丑,辛酉,4,2019,1,1,0.002357850008659592,1,辛,酉,金,金,乙,丑,木,土,False,False,-0.002538993021563071,2019-W04,2019-01
000858.SZ,2019-01-25,55.25,55.2,0.000906,241740,1341239.754,戊戌,乙丑,壬戌,5,2019,1,1,0.0009053871148125196,1,壬,戌,水,土,乙,丑,木,土,False,False,0.002357850008659592,2019-W04,2019-01
000858.SZ,2019-01-28,57.47,55.25,0.040181,592375,3412999.036,戊戌,乙丑,乙丑,1,2019,1,1,0.03939473212178795,1,乙,丑,木,土,乙,丑,木,土,False,True,0.0009053871148125196,2019-W05,2019-01
000858.SZ,2019-01-29,58.58,57.47,0.019314,317132,1837922.041,戊戌,乙丑,丙寅,2,2019,1,1,0.019130268879937327,1,丙,寅,火,木,乙,丑,木,土,False,True,0.03939473212178795,2019-W05,2019-01
000858.SZ,2019-01-30,57.28,58.58,-0.022192,286801,1664437.445,戊戌,乙丑,丁卯,3,2019,1,1,-0.02244181874719717,0,丁,卯,火,木,乙,丑,木,土,False,True,0.019130268879937327,2019-W05,2019-01
000858.SZ,2019-01-31,60.3,57.28,0.052723,527323,3103402.259,戊戌,乙丑,戊辰,4,2019,1,1,0.0513805810807495,1,戊,辰,土,土,乙,丑,木,土,False,True,-0.02244181874719717,2019-W05,2019-01
000858.SZ,2019-02-01,61.18,60.3,0.014594,390354,2375429.263,戊戌,乙丑,己巳,5,2019,2,1,0.014488234989617616,1,己,巳,土,火,乙,丑,木,土,True,False,0.0513805810807495,2019-W05,2019-02
000858.SZ,2019-02-11,64.7,61.18,0.057535,433981,2753822.285,己亥,丙寅,己卯,1,2019,2,1,0.05594086278409761,1,己,卯,土,木,丙,寅,火,木,False,False,0.014488234989617616,2019-W07,2019-02
000858.SZ,2019-02-12,64.75,64.7,0.000773,437641,2856721.81,己亥,丙寅,庚辰,2,2019,2,1,0.0007724990727922891,1,庚,辰,金,土,丙,寅,火,木,False,False,0.05594086278409761,2019-W07,2019-02
000858.SZ,2019-02-13,66.07,64.75,0.020386,374356,2448957.573,己亥,丙寅,辛巳,3,2019,2,1,0.02018108546214715,1,辛,巳,金,火,丙,寅,火,木,False,False,0.0007724990727922891,2019-W07,2019-02
000858.SZ,2019-02-14,67.96,66.07,0.028606,446146,3004589.301,己亥,丙寅,壬午,4,2019,2,1,0.028204510761937036,1,壬,午,水,火,丙,寅,火,木,False,False,0.02018108546214715,2019-W07,2019-02
000858.SZ,2019-02-15,66.4,67.96,-0.022955,311272,2082676.229,己亥,丙寅,癸未,5,2019,2,1,-0.023222240321342968,0,癸,未,水,土,丙,寅,火,木,False,False,0.028204510761937036,2019-W07,2019-02
000858.SZ,2019-02-18,69.87,66.4,0.052259,439770,3023099.194,己亥,丙寅,丙戌,1,2019,2,1,0.050939316081971116,1,丙,戌,火,土,丙,寅,火,木,False,False,-0.023222240321342968,2019-W08,2019-02
000858.SZ,2019-02-19,69.67,69.87,-0.002862,339648,2359916.161,己亥,丙寅,丁亥,2,2019,2,1,-0.0028665635223318626,0,丁,亥,火,水,丙,寅,火,木,False,False,0.050939316081971116,2019-W08,2019-02
000858.SZ,2019-02-20,69.01,69.67,-0.009473,296281,2047537.231,己亥,丙寅,戊子,3,2019,2,1,-0.009518387409517019,0,戊,子,土,水,丙,寅,火,木,False,False,-0.0028665635223318626,2019-W08,2019-02
000858.SZ,2019-02-21,68.05,69.01,-0.013911,283498,1939785.17,己亥,丙寅,己丑,4,2019,2,1,-0.014008692535035512,0,己,丑,土,土,丙,寅,火,木,False,False,-0.009518387409517019,2019-W08,2019-02
000858.SZ,2019-02-22,68.5,68.05,0.006613,238045,1612149.5,己亥,丙寅,庚寅,5,2019,2,1,0.006591016170704553,1,庚,寅,金,木,丙,寅,火,木,False,False,-0.014008692535035512,2019-W08,2019-02
000858.SZ,2019-02-25,71.26,68.5,0.040292,593506,4126012.682,己亥,丙寅,癸巳,1,2019,2,1,0.03950141490951036,1,癸,巳,水,火,丙,寅,火,木,False,True,0.006591016170704553,2019-W09,2019-02
000858.SZ,2019-02-26,68.92,71.26,-0.032837,450653,3137917.046,己亥,丙寅,甲午,2,2019,2,1,-0.03338874851796118,0,甲,午,木,火,丙,寅,火,木,False,True,0.03950141490951036,2019-W09,2019-02
000858.SZ,2019-02-27,70.06,68.92,0.016541,488307,3448272.493,己亥,丙寅,乙未,3,2019,2,1,0.016405606109611965,1,乙,未,木,土,丙,寅,火,木,False,True,-0.03338874851796118,2019-W09,2019-02
000858.SZ,2019-02-28,71.5,70.06,0.020554,394477,2804495.424,己亥,丙寅,丙申,4,2019,2,1,0.020345431930621098,1,丙,申,火,金,丙,寅,火,木,False,True,0.016405606109611965,2019-W09,2019-02
000858.SZ,2019-03-01,75.9,71.5,0.061538,493189,3648644.759,己亥,丙寅,丁酉,5,2019,3,1,0.05971923470162228,1,丁,酉,火,金,丙,寅,火,木,True,False,0.020345431930621098,2019-W09,2019-03
000858.SZ,2019-03-04,77.25,75.9,0.017787,612471,4731317.564,己亥,丙寅,庚子,1,2019,3,1,0.0176302313762705,1,庚,子,金,水,丙,寅,火,木,True,False,0.05971923470162228,2019-W10,2019-03
000858.SZ,2019-03-05,77.77,77.25,0.006731,332858,2577911.82,己亥,丙寅,辛丑,2,2019,3,1,0.006708836928997097,1,辛,丑,金,土,丙,寅,火,木,True,False,0.0176302313762705,2019-W10,2019-03
000858.SZ,2019-03-06,76.99,77.77,-0.01003,341850,2619984.243,己亥,丁卯,壬寅,3,2019,3,1,-0.010080209416893754,0,壬,寅,水,木,丁,卯,火,木,False,False,0.006708836928997097,2019-W10,2019-03
000858.SZ,2019-03-07,73.97,76.99,-0.039226,464176,3452843.502,己亥,丁卯,癸卯,4,2019,3,1,-0.04001593769018182,0,癸,卯,水,木,丁,卯,火,木,False,False,-0.010080209416893754,2019-W10,2019-03
000858.SZ,2019-03-08,71.44,73.97,-0.034203,421400,3053064.892,己亥,丁卯,甲辰,5,2019,3,1,-0.034801669031532645,0,甲,辰,木,土,丁,卯,火,木,False,False,-0.04001593769018182,2019-W10,2019-03
000858.SZ,2019-03-11,76.0,71.44,0.06383,453330,3365404.17,己亥,丁卯,丁未,1,2019,3,1,0.06187540371808745,1,丁,未,火,土,丁,卯,火,木,False,False,-0.034801669031532645,2019-W11,2019-03
000858.SZ,2019-03-12,75.3,76.0,-0.009211,345975,2617867.826,己亥,丁卯,戊申,2,2019,3,1,-0.00925320548048327,0,戊,申,土,金,丁,卯,火,木,False,False,0.06187540371808745,2019-W11,2019-03
000858.SZ,2019-03-13,76.5,75.3,0.015936,320983,2441832.251,己亥,丁卯,己酉,3,2019,3,1,0.015810606026642245,1,己,酉,土,金,丁,卯,火,木,False,False,-0.00925320548048327,2019-W11,2019-03
000858.SZ,2019-03-14,77.15,76.5,0.008497,438312,3412067.635,己亥,丁卯,庚戌,4,2019,3,1,0.008460837976679663,1,庚,戌,金,土,丁,卯,火,木,False,False,0.015810606026642245,2019-W11,2019-03
000858.SZ,2019-03-15,78.78,77.15,0.021128,407666,3195204.171,己亥,丁卯,辛亥,5,2019,3,1,0.020907578733589987,1,辛,亥,金,水,丁,卯,火,木,False,False,0.008460837976679663,2019-W11,2019-03
000858.SZ,2019-03-18,86.66,78.78,0.100025,785028,6597656.097,己亥,丁卯,甲寅,1,2019,3,1,0.09533325876900343,1,甲,寅,木,木,丁,卯,火,木,False,False,0.020907578733589987,2019-W12,2019-03
000858.SZ,2019-03-19,86.0,86.66,-0.007616,614712,5293626.419,己亥,丁卯,乙卯,2,2019,3,1,-0.007645120058255616,0,乙,卯,木,木,丁,卯,火,木,False,False,0.09533325876900343,2019-W12,2019-03
000858.SZ,2019-03-20,85.7,86.0,-0.003488,404122,3473591.304,己亥,丁卯,丙辰,3,2019,3,1,-0.003494470649773589,0,丙,辰,火,土,丁,卯,火,木,False,False,-0.007645120058255616,2019-W12,2019-03
000858.SZ,2019-03-21,84.9,85.7,-0.009335,218635,1857556.465,己亥,丁卯,丁巳,4,2019,3,1,-0.009378732286432469,0,丁,巳,火,火,丁,卯,火,木,False,False,-0.003494470649773589,2019-W12,2019-03
000858.SZ,2019-03-22,86.05,84.9,0.013545,287228,2459037.963,己亥,丁卯,戊午,5,2019,3,1,0.013454429340246668,1,戊,午,土,火,丁,卯,火,木,False,False,-0.009378732286432469,2019-W12,2019-03
000858.SZ,2019-03-25,82.81,86.05,-0.037653,333485,2793616.226,己亥,丁卯,辛酉,1,2019,3,1,-0.0383796956119397,0,辛,酉,金,金,丁,卯,火,木,False,False,0.013454429340246668,2019-W13,2019-03
000858.SZ,2019-03-26,84.47,82.81,0.020046,323212,2724755.664,己亥,丁卯,壬戌,2,2019,3,1,0.019847614693796586,1,壬,戌,水,土,丁,卯,火,木,False,False,-0.0383796956119397,2019-W13,2019-03
000858.SZ,2019-03-27,87.98,84.47,0.041553,494442,4308324.502,己亥,丁卯,癸亥,3,2019,3,1,0.040713074181168464,1,癸,亥,水,水,丁,卯,火,木,False,True,0.019847614693796586,2019-W13,2019-03
000858.SZ,2019-03-28,90.3,87.98,0.02637,607345,5493378.455,己亥,丁卯,甲子,4,2019,3,1,0.026027944502366063,1,甲,子,木,水,丁,卯,火,木,False,True,0.040713074181168464,2019-W13,2019-03
000858.SZ,2019-03-29,95.0,90.3,0.052049,574995,5426052.479,己亥,丁卯,乙丑,5,2019,3,1,0.05073943117760103,1,乙,丑,木,土,丁,卯,火,木,False,True,0.026027944502366063,2019-W13,2019-03
000858.SZ,2019-04-01,96.57,95.0,0.016526,548710,5244031.795,己亥,丁卯,戊辰,1,2019,4,1,0.016391242378285688,1,戊,辰,土,土,丁,卯,火,木,True,False,0.05073943117760103,2019-W14,2019-04
000858.SZ,2019-04-02,96.06,96.57,-0.005281,356989,3399871.594,己亥,丁卯,己巳,2,2019,4,1,-0.005295137742148124,0,己,巳,土,火,丁,卯,火,木,True,False,0.016391242378285688,2019-W14,2019-04
000858.SZ,2019-04-03,95.4,96.06,-0.006871,247438,2369519.371,己亥,丁卯,庚午,3,2019,4,1,-0.0068944177824374125,0,庚,午,金,火,丁,卯,火,木,True,False,-0.005295137742148124,2019-W14,2019-04
000858.SZ,2019-04-04,100.23,95.4,0.050629,516297,5094805.404,己亥,丁卯,辛未,4,2019,4,1,0.04938896658253395,1,辛,未,金,土,丁,卯,火,木,True,False,-0.0068944177824374125,2019-W14,2019-04
000858.SZ,2019-04-08,102.0,100.23,0.017659,535741,5478418.894,己亥,戊辰,乙亥,1,2019,4,1,0.01750526824749616,1,乙,亥,木,水,戊,辰,土,土,False,False,0.04938896658253395,2019-W15,2019-04
000858.SZ,2019-04-09,110.02,102.0,0.078627,473137,4884426.196,己亥,戊辰,丙子,2,2019,4,1,0.07568935416304093,1,丙,子,火,水,戊,辰,土,土,False,False,0.01750526824749616,2019-W15,2019-04
000858.SZ,2019-04-10,107.0,110.02,-0.02745,673144,7185973.863,己亥,戊辰,丁丑,3,2019,4,1,-0.027833332985405794,0,丁,丑,火,土,戊,辰,土,土,False,False,0.07568935416304093,2019-W15,2019-04
000858.SZ,2019-04-11,99.8,107.0,-0.06729,676207,6875381.507,己亥,戊辰,戊寅,4,2019,4,1,-0.06966065114448791,0,戊,寅,土,木,戊,辰,土,土,False,False,-0.027833332985405794,2019-W15,2019-04
000858.SZ,2019-04-12,99.62,99.8,-0.001804,410824,4052939.503,己亥,戊辰,己卯,5,2019,4,1,-0.0018052356722808426,0,己,卯,土,木,戊,辰,土,土,False,False,-0.06966065114448791,2019-W15,2019-04
000858.SZ,2019-04-15,100.6,99.62,0.009837,464503,4759979.024,己亥,戊辰,壬午,1,2019,4,1,0.009789310020501416,1,壬,午,水,火,戊,辰,土,土,False,False,-0.0018052356722808426,2019-W16,2019-04
000858.SZ,2019-04-16,102.21,100.6,0.016004,474714,4751005.774,己亥,戊辰,癸未,2,2019,4,1,0.015877262675346098,1,癸,未,水,土,戊,辰,土,土,False,False,0.009789310020501416,2019-W16,2019-04
000858.SZ,2019-04-17,103.62,102.21,0.013795,423136,4356259.331,己亥,戊辰,甲申,3,2019,4,1,0.013700841045657462,1,甲,申,木,金,戊,辰,土,土,False,False,0.015877262675346098,2019-W16,2019-04
000858.SZ,2019-04-18,102.34,103.62,-0.012353,278663,2862113.036,己亥,戊辰,乙酉,4,2019,4,1,-0.012429758009696533,0,乙,酉,木,金,戊,辰,土,土,False,False,0.013700841045657462,2019-W16,2019-04
000858.SZ,2019-04-19,101.66,102.34,-0.006645,302350,3052000.832,己亥,戊辰,丙戌,5,2019,4,1,-0.006666691358189345,0,丙,戌,火,土,戊,辰,土,土,False,False,-0.012429758009696533,2019-W16,2019-04
000858.SZ,2019-04-22,101.13,101.66,-0.005213,350743,3571766.313,己亥,戊辰,己丑,1,2019,4,1,-0.005227094104677356,0,己,丑,土,土,戊,辰,土,土,False,False,-0.006666691358189345,2019-W17,2019-04
000858.SZ,2019-04-23,104.31,101.13,0.031445,521793,5401052.567,己亥,戊辰,庚寅,2,2019,4,1,0.030960416773800733,1,庚,寅,金,木,戊,辰,土,土,False,False,-0.005227094104677356,2019-W17,2019-04
000858.SZ,2019-04-24,103.5,104.31,-0.007765,362607,3738473.481,己亥,戊辰,辛卯,3,2019,4,1,-0.0077956219824559265,0,辛,卯,金,木,戊,辰,土,土,False,False,0.030960416773800733,2019-W17,2019-04
000858.SZ,2019-04-25,100.6,103.5,-0.028019,324523,3310704.569,己亥,戊辰,壬辰,4,2019,4,1,-0.02841935503978497,0,壬,辰,水,土,戊,辰,土,土,False,False,-0.0077956219824559265,2019-W17,2019-04
000858.SZ,2019-04-26,102.27,100.6,0.0166,410706,4170490.844,己亥,戊辰,癸巳,5,2019,4,1,0.016464117152282562,1,癸,巳,水,火,戊,辰,土,土,False,True,-0.02841935503978497,2019-W17,2019-04
000858.SZ,2019-04-29,102.29,102.27,0.000196,578442,5918159.012,己亥,戊辰,丙申,1,2019,4,1,0.00019554165099469153,1,丙,申,火,金,戊,辰,土,土,False,True,0.016464117152282562,2019-W18,2019-04
000858.SZ,2019-04-30,102.36,102.29,0.000684,299196,3066006.981,己亥,戊辰,丁酉,2,2019,4,1,0.000684094822671919,1,丁,酉,火,金,戊,辰,土,土,False,True,0.00019554165099469153,2019-W18,2019-04
000858.SZ,2019-05-06,92.12,102.36,-0.100039,716992,6811943.471,己亥,己巳,癸卯,1,2019,5,1,-0.10540393633910361,0,癸,卯,水,木,己,巳,土,火,False,False,0.000684094822671919,2019-W19,2019-05
000858.SZ,2019-05-07,95.96,92.12,0.041685,517242,4939402.434,己亥,己巳,甲辰,2,2019,5,1,0.04083936301900932,1,甲,辰,木,土,己,巳,土,火,False,False,-0.10540393633910361,2019-W19,2019-05
000858.SZ,2019-05-08,95.88,95.96,-0.000834,333316,3192877.613,己亥,己巳,乙巳,3,2019,5,1,-0.000834028405310199,0,乙,巳,木,火,己,巳,土,火,False,False,0.04083936301900932,2019-W19,2019-05
000858.SZ,2019-05-09,91.81,95.88,-0.042449,525057,4852605.179,己亥,己巳,丙午,4,2019,5,1,-0.04337618541057494,0,丙,午,火,火,己,巳,土,火,False,False,-0.000834028405310199,2019-W19,2019-05
000858.SZ,2019-05-10,99.2,91.81,0.080492,597126,5777245.727,己亥,己巳,丁未,5,2019,5,1,0.07741679013521846,1,丁,未,火,土,己,巳,土,火,False,False,-0.04337618541057494,2019-W19,2019-05
000858.SZ,2019-05-13,103.6,99.2,0.044355,521618,5335656.536,己亥,己巳,庚戌,1,2019,5,1,0.04339931553455543,1,庚,戌,金,土,己,巳,土,火,False,False,0.07741679013521846,2019-W20,2019-05
000858.SZ,2019-05-14,102.48,103.6,-0.010811,431034,4441800.28,己亥,己巳,辛亥,2,2019,5,1,-0.010869672236903768,0,辛,亥,金,水,己,巳,土,火,False,False,0.04339931553455543,2019-W20,2019-05
000858.SZ,2019-05-15,109.9,102.48,0.072404,647520,6923929.594,己亥,己巳,壬子,3,2019,5,1,0.0699032038210968,1,壬,子,水,水,己,巳,土,火,False,False,-0.010869672236903768,2019-W20,2019-05
000858.SZ,2019-05-16,109.98,109.9,0.000728,426502,4675545.683,己亥,己巳,癸丑,4,2019,5,1,0.0007276696700930635,1,癸,丑,水,土,己,巳,土,火,False,False,0.0699032038210968,2019-W20,2019-05
000858.SZ,2019-05-17,106.46,109.98,-0.032006,501195,5378725.8,己亥,己巳,甲寅,5,2019,5,1,-0.032529203335057426,0,甲,寅,木,木,己,巳,土,火,False,False,0.0007276696700930635,2019-W20,2019-05
000858.SZ,2019-05-20,104.0,106.46,-0.023107,398480,4127376.688,己亥,己巳,丁巳,1,2019,5,1,-0.023378428603238594,0,丁,巳,火,火,己,巳,土,火,False,False,-0.032529203335057426,2019-W21,2019-05
000858.SZ,2019-05-21,104.2,104.0,0.001923,418029,4339949.492,己亥,己巳,戊午,2,2019,5,1,0.0019212301778938723,1,戊,午,土,火,己,巳,土,火,False,False,-0.023378428603238594,2019-W21,2019-05
000858.SZ,2019-05-22,103.31,104.2,-0.008541,281541,2903441.868,己亥,己巳,己未,3,2019,5,1,-0.008577952457912527,0,己,未,土,土,己,巳,土,火,False,False,0.0019212301778938723,2019-W21,2019-05
000858.SZ,2019-05-23,99.83,103.31,-0.033685,428034,4314285.88,己亥,己巳,庚申,4,2019,5,1,-0.034265437513020205,0,庚,申,金,金,己,巳,土,火,False,False,-0.008577952457912527,2019-W21,2019-05
000858.SZ,2019-05-24,101.02,99.83,0.01192,324838,3284967.739,己亥,己巳,辛酉,5,2019,5,1,0.011849777691572604,1,辛,酉,金,金,己,巳,土,火,False,False,-0.034265437513020205,2019-W21,2019-05
000858.SZ,2019-05-27,102.0,101.02,0.009701,351185,3534292.353,己亥,己巳,甲子,1,2019,5,1,0.009654296244364658,1,甲,子,木,水,己,巳,土,火,False,True,0.011849777691572604,2019-W22,2019-05
000858.SZ,2019-05-28,103.1,102.0,0.010784,427840,4399951.006,己亥,己巳,乙丑,2,2019,5,1,0.010726577738643122,1,乙,丑,木,土,己,巳,土,火,False,True,0.009654296244364658,2019-W22,2019-05
000858.SZ,2019-05-29,104.55,103.1,0.014064,431698,4487115.414,己亥,己巳,丙寅,3,2019,5,1,0.013966034851728449,1,丙,寅,火,木,己,巳,土,火,False,True,0.010726577738643122,2019-W22,2019-05
000858.SZ,2019-05-30,103.13,104.55,-0.013582,249275,2571306.202,己亥,己巳,丁卯,4,2019,5,1,-0.013675097546664922,0,丁,卯,火,木,己,巳,土,火,False,True,0.013966034851728449,2019-W22,2019-05
000858.SZ,2019-05-31,101.25,103.13,-0.018229,288484,2938475.708,己亥,己巳,戊辰,5,2019,5,1,-0.018397622341329103,0,戊,辰,土,土,己,巳,土,火,False,True,-0.013675097546664922,2019-W22,2019-05
000858.SZ,2019-06-03,101.46,101.25,0.002074,261336,2653955.613,己亥,己巳,辛未,1,2019,6,1,0.002071926151895453,1,辛,未,金,土,己,巳,土,火,True,False,-0.018397622341329103,2019-W23,2019-06
000858.SZ,2019-06-04,99.19,101.46,-0.022373,320980,3192822.293,己亥,己巳,壬申,2,2019,6,1,-0.02262742938064148,0,壬,申,水,金,己,巳,土,火,True,False,0.002071926151895453,2019-W23,2019-06
000858.SZ,2019-06-05,99.05,99.19,-0.001411,235420,2346988.264,己亥,己巳,癸酉,3,2019,6,1,-0.0014124296133424372,0,癸,酉,水,金,己,巳,土,火,True,False,-0.02262742938064148,2019-W23,2019-06
000858.SZ,2019-06-06,97.29,97.35,-0.000616,217204,2118748.151,己亥,庚午,甲戌,4,2019,6,1,-0.0006165228308722592,0,甲,戌,木,土,庚,午,金,火,False,False,-0.0014124296133424372,2019-W23,2019-06
000858.SZ,2019-06-10,100.44,97.29,0.032377,345857,3428090.377,己亥,庚午,戊寅,1,2019,6,1,0.03186432530204792,1,戊,寅,土,木,庚,午,金,火,False,False,-0.0006165228308722592,2019-W24,2019-06
000858.SZ,2019-06-11,108.95,100.44,0.084727,641526,6792227.836,己亥,庚午,己卯,2,2019,6,1,0.08132852710124461,1,己,卯,土,木,庚,午,金,火,False,False,0.03186432530204792,2019-W24,2019-06
000858.SZ,2019-06-12,107.61,108.95,-0.012299,384593,4155736.709,己亥,庚午,庚辰,3,2019,6,1,-0.012375481178328016,0,庚,辰,金,土,庚,午,金,火,False,False,0.08132852710124461,2019-W24,2019-06
000858.SZ,2019-06-13,106.8,107.61,-0.007527,274693,2924978.251,己亥,庚午,辛巳,4,2019,6,1,-0.0075556536862064405,0,辛,巳,金,火,庚,午,金,火,False,False,-0.012375481178328016,2019-W24,2019-06
000858.SZ,2019-06-14,104.96,106.8,-0.017228,348242,3709509.512,己亥,庚午,壬午,5,2019,6,1,-0.017378601330315574,0,壬,午,水,火,庚,午,金,火,False,False,-0.0075556536862064405,2019-W24,2019-06
000858.SZ,2019-06-17,103.7,104.96,-0.012005,300608,3129573.468,己亥,庚午,乙酉,1,2019,6,1,-0.012077209960297227,0,乙,酉,木,金,庚,午,金,火,False,False,-0.017378601330315574,2019-W25,2019-06
000858.SZ,2019-06-18,104.08,103.7,0.003664,232709,2416587.88,己亥,庚午,丙戌,2,2019,6,1,0.0036577189687682097,1,丙,戌,火,土,庚,午,金,火,False,False,-0.012077209960297227,2019-W25,2019-06
000858.SZ,2019-06-19,105.9,104.08,0.017487,378260,4049045.244,己亥,庚午,丁亥,3,2019,6,1,0.017335418403111067,1,丁,亥,火,水,庚,午,金,火,False,False,0.0036577189687682097,2019-W25,2019-06
000858.SZ,2019-06-20,112.97,105.9,0.066761,631132,6984596.749,己亥,庚午,戊子,4,2019,6,1,0.06462704413147659,1,戊,子,土,水,庚,午,金,火,False,False,0.017335418403111067,2019-W25,2019-06
000858.SZ,2019-06-21,112.98,112.97,8.9e-05,428986,4826930.124,己亥,庚午,己丑,5,2019,6,1,8.851515827861659e-05,1,己,丑,土,土,庚,午,金,火,False,False,0.06462704413147659,2019-W25,2019-06
000858.SZ,2019-06-24,115.06,112.98,0.01841,428014,4920809.658,己亥,庚午,壬辰,1,2019,6,1,0.01824291953803135,1,壬,辰,水,土,庚,午,金,火,False,False,8.851515827861659e-05,2019-W26,2019-06
000858.SZ,2019-06-25,114.9,115.06,-0.001391,387596,4414668.439,己亥,庚午,癸巳,2,2019,6,1,-0.0013915465804373462,0,癸,巳,水,火,庚,午,金,火,False,False,0.01824291953803135,2019-W26,2019-06
000858.SZ,2019-06-26,113.82,114.9,-0.009399,203148,2313679.18,己亥,庚午,甲午,3,2019,6,1,-0.009443931679732275,0,甲,午,木,火,庚,午,金,火,False,True,-0.0013915465804373462,2019-W26,2019-06
000858.SZ,2019-06-27,117.3,113.82,0.030575,446929,5219625.987,己亥,庚午,乙未,4,2019,6,1,0.030116502484451878,1,乙,未,木,土,庚,午,金,火,False,True,-0.009443931679732275,2019-W26,2019-06
000858.SZ,2019-06-28,117.95,117.3,0.005541,270361,3173238.391,己亥,庚午,丙申,5,2019,6,1,0.005526050194254334,1,丙,申,火,金,庚,午,金,火,False,True,0.030116502484451878,2019-W26,2019-06
000858.SZ,2019-07-01,126.0,117.95,0.068249,479809,5957481.819,己亥,庚午,己亥,1,2019,7,1,0.06602110109779398,1,己,亥,土,水,庚,午,金,火,True,False,0.005526050194254334,2019-W27,2019-07
000858.SZ,2019-07-02,128.0,126.0,0.015873,382938,4819052.184,己亥,庚午,庚子,2,2019,7,1,0.015748356968139112,1,庚,子,金,水,庚,午,金,火,True,False,0.06602110109779398,2019-W27,2019-07
000858.SZ,2019-07-03,123.91,128.0,-0.031953,714433,9012422.827,己亥,庚午,辛丑,3,2019,7,1,-0.03247476829121566,0,辛,丑,金,土,庚,午,金,火,True,False,0.015748356968139112,2019-W27,2019-07
000858.SZ,2019-07-04,123.09,123.91,-0.006618,483134,5912603.655,己亥,庚午,壬寅,4,2019,7,1,-0.006639700506197117,0,壬,寅,水,木,庚,午,金,火,True,False,-0.03247476829121566,2019-W27,2019-07
000858.SZ,2019-07-05,129.81,123.09,0.054594,562843,7145349.87,己亥,庚午,癸卯,5,2019,7,1,0.05315604778269864,1,癸,卯,水,木,庚,午,金,火,True,False,-0.006639700506197117,2019-W27,2019-07
000858.SZ,2019-07-08,127.03,129.81,-0.021416,466161,5915433.713,己亥,辛未,丙午,1,2019,7,1,-0.021648563869533788,0,丙,午,火,火,辛,未,金,土,False,False,0.05315604778269864,2019-W28,2019-07
000858.SZ,2019-07-09,126.0,127.03,-0.008108,367636,4648787.014,己亥,辛未,丁未,2,2019,7,1,-0.008141372083891393,0,丁,未,火,土,辛,未,金,土,False,False,-0.021648563869533788,2019-W28,2019-07
000858.SZ,2019-07-10,126.43,126.0,0.003413,246400,3115224.797,己亥,辛未,戊申,3,2019,7,1,0.0034068883723284483,1,戊,申,土,金,辛,未,金,土,False,False,-0.008141372083891393,2019-W28,2019-07
000858.SZ,2019-07-11,123.5,126.43,-0.023175,421003,5284580.704,己亥,辛未,己酉,4,2019,7,1,-0.023447639255774467,0,己,酉,土,金,辛,未,金,土,False,False,0.0034068883723284483,2019-W28,2019-07
000858.SZ,2019-07-12,125.58,123.5,0.016842,334533,4185378.161,己亥,辛未,庚戌,5,2019,7,1,0.016701849617931572,1,庚,戌,金,土,辛,未,金,土,False,False,-0.023447639255774467,2019-W28,2019-07
000858.SZ,2019-07-15,125.09,125.58,-0.003902,294386,3649762.39,己亥,辛未,癸丑,1,2019,7,1,-0.00390952745931331,0,癸,丑,水,土,辛,未,金,土,False,False,0.016701849617931572,2019-W29,2019-07
000858.SZ,2019-07-16,123.58,125.09,-0.012071,229800,2852294.24,己亥,辛未,甲寅,2,2019,7,1,-0.012144758593816475,0,甲,寅,木,木,辛,未,金,土,False,False,-0.00390952745931331,2019-W29,2019-07
000858.SZ,2019-07-17,123.6,123.58,0.000162,198448,2452457.673,己亥,辛未,乙卯,3,2019,7,1,0.00016182539075692624,1,乙,卯,木,木,辛,未,金,土,False,False,-0.012144758593816475,2019-W29,2019-07
000858.SZ,2019-07-18,121.0,123.6,-0.021036,279617,3420457.851,己亥,辛未,丙辰,4,2019,7,1,-0.021259999426849224,0,丙,辰,火,土,辛,未,金,土,False,False,0.00016182539075692624,2019-W29,2019-07
000858.SZ,2019-07-19,122.14,121.0,0.009421,238433,2923077.635,己亥,辛未,丁巳,5,2019,7,1,0.009377382198247675,1,丁,巳,火,火,辛,未,金,土,False,False,-0.021259999426849224,2019-W29,2019-07
000858.SZ,2019-07-22,123.45,122.14,0.010725,229289,2814700.738,己亥,辛未,庚申,1,2019,7,1,0.010668287996199939,1,庚,申,金,金,辛,未,金,土,False,False,0.009377382198247675,2019-W30,2019-07
000858.SZ,2019-07-23,120.05,123.45,-0.027542,426761,5141805.061,己亥,辛未,辛酉,2,2019,7,1,-0.027927893123926326,0,辛,酉,金,金,辛,未,金,土,False,False,0.010668287996199939,2019-W30,2019-07
000858.SZ,2019-07-24,119.5,120.05,-0.004581,282785,3392025.182,己亥,辛未,壬戌,3,2019,7,1,-0.004591951295696802,0,壬,戌,水,土,辛,未,金,土,False,False,-0.027927893123926326,2019-W30,2019-07
000858.SZ,2019-07-25,121.68,119.5,0.018243,439752,5225971.396,己亥,辛未,癸亥,4,2019,7,1,0.01807827657947219,1,癸,亥,水,水,辛,未,金,土,False,False,-0.004591951295696802,2019-W30,2019-07
000858.SZ,2019-07-26,121.25,121.68,-0.003534,235231,2859765.034,己亥,辛未,甲子,5,2019,7,1,-0.003540118133444902,0,甲,子,木,水,辛,未,金,土,False,False,0.01807827657947219,2019-W30,2019-07
000858.SZ,2019-07-29,123.75,121.25,0.020619,356041,4382731.013,己亥,辛未,丁卯,1,2019,7,1,0.020408871631207033,1,丁,卯,火,木,辛,未,金,土,False,True,-0.003540118133444902,2019-W31,2019-07
000858.SZ,2019-07-30,122.9,123.75,-0.006869,238944,2948652.613,己亥,辛未,戊辰,2,2019,7,1,-0.006892384876810478,0,戊,辰,土,土,辛,未,金,土,False,True,0.020408871631207033,2019-W31,2019-07
000858.SZ,2019-07-31,120.71,122.9,-0.017819,242682,2940184.907,己亥,辛未,己巳,3,2019,7,1,-0.017980041858953556,0,己,巳,土,火,辛,未,金,土,False,True,-0.006892384876810478,2019-W31,2019-07
000858.SZ,2019-08-01,119.03,120.71,-0.013918,260735,3109917.796,己亥,辛未,庚午,4,2019,8,1,-0.014015412533247229,0,庚,午,金,火,辛,未,金,土,True,False,-0.017980041858953556,2019-W31,2019-08
000858.SZ,2019-08-02,118.12,119.03,-0.007645,270011,3167999.085,己亥,辛未,辛未,5,2019,8,1,-0.007674505304066412,0,辛,未,金,土,辛,未,金,土,True,False,-0.014015412533247229,2019-W31,2019-08
000858.SZ,2019-08-05,116.95,118.12,-0.009905,269946,3169877.896,己亥,辛未,甲戌,1,2019,8,1,-0.009954563845533894,0,甲,戌,木,土,辛,未,金,土,True,False,-0.007674505304066412,2019-W32,2019-08
000858.SZ,2019-08-06,121.28,116.95,0.037024,533102,6331332.804,己亥,辛未,乙亥,2,2019,8,1,0.03635542886387351,1,乙,亥,木,水,辛,未,金,土,False,False,-0.009954563845533894,2019-W32,2019-08
000858.SZ,2019-08-07,118.88,121.28,-0.019789,256857,3082279.497,己亥,辛未,丙子,3,2019,8,1,-0.019987340924612493,0,丙,子,火,水,辛,未,金,土,False,False,0.03635542886387351,2019-W32,2019-08
000858.SZ,2019-08-08,120.52,118.88,0.013795,252179,3043542.051,己亥,壬申,丁丑,4,2019,8,1,0.013701133292651433,1,丁,丑,火,土,壬,申,水,金,False,False,-0.019987340924612493,2019-W32,2019-08
000858.SZ,2019-08-09,118.02,120.52,-0.020743,278185,3321550.416,己亥,壬申,戊寅,5,2019,8,1,-0.020961612633077834,0,戊,寅,土,木,壬,申,水,金,False,False,0.013701133292651433,2019-W32,2019-08
000858.SZ,2019-08-12,122.84,118.02,0.040841,395370,4797396.604,己亥,壬申,辛巳,1,2019,8,1,0.04002859394359896,1,辛,巳,金,火,壬,申,水,金,False,False,-0.020961612633077834,2019-W33,2019-08
000858.SZ,2019-08-13,122.3,122.84,-0.004396,191874,2342683.338,己亥,壬申,壬午,2,2019,8,1,-0.004405652879494972,0,壬,午,水,火,壬,申,水,金,False,False,0.04002859394359896,2019-W33,2019-08
000858.SZ,2019-08-14,125.85,122.3,0.029027,416269,5232740.56,己亥,壬申,癸未,3,2019,8,1,0.028613678888198216,1,癸,未,水,土,壬,申,水,金,False,False,-0.004405652879494972,2019-W33,2019-08
000858.SZ,2019-08-15,125.98,125.85,0.001033,246999,3086946.678,己亥,壬申,甲申,4,2019,8,1,0.0010324426124582607,1,甲,申,木,金,壬,申,水,金,False,False,0.028613678888198216,2019-W33,2019-08
000858.SZ,2019-08-16,126.3,125.98,0.00254,312170,3974054.169,己亥,壬申,乙酉,5,2019,8,1,0.0025368651626623724,1,乙,酉,木,金,壬,申,水,金,False,False,0.0010324426124582607,2019-W33,2019-08
000858.SZ,2019-08-19,127.9,126.3,0.012668,312746,3982435.339,己亥,壬申,戊子,1,2019,8,1,0.01258867922835155,1,戊,子,土,水,壬,申,水,金,False,False,0.0025368651626623724,2019-W34,2019-08
000858.SZ,2019-08-20,129.59,127.9,0.013213,306616,3970361.32,己亥,壬申,己丑,2,2019,8,1,0.013126911862526123,1,己,丑,土,土,壬,申,水,金,False,False,0.01258867922835155,2019-W34,2019-08
000858.SZ,2019-08-21,127.85,129.59,-0.013427,232900,2992919.479,己亥,壬申,庚寅,3,2019,8,1,-0.01351791871012752,0,庚,寅,金,木,壬,申,水,金,False,False,0.013126911862526123,2019-W34,2019-08
000858.SZ,2019-08-22,130.5,127.85,0.020727,302086,3912514.036,己亥,壬申,辛卯,4,2019,8,1,0.02051552502555251,1,辛,卯,金,木,壬,申,水,金,False,False,-0.01351791871012752,2019-W34,2019-08
000858.SZ,2019-08-23,130.1,130.5,-0.003065,320667,4184735.271,己亥,壬申,壬辰,5,2019,8,1,-0.0030698412442886026,0,壬,辰,水,土,壬,申,水,金,False,False,0.02051552502555251,2019-W34,2019-08
000858.SZ,2019-08-26,127.42,130.1,-0.0206,283219,3616949.036,己亥,壬申,乙未,1,2019,8,1,-0.020814668830117358,0,乙,未,木,土,壬,申,水,金,False,False,-0.0030698412442886026,2019-W35,2019-08
000858.SZ,2019-08-27,132.38,127.42,0.038926,379670,4996837.361,己亥,壬申,丙申,2,2019,8,1,0.03818785800243461,1,丙,申,火,金,壬,申,水,金,False,True,-0.020814668830117358,2019-W35,2019-08
000858.SZ,2019-08-28,133.92,132.38,0.011633,343763,4610003.446,己亥,壬申,丁酉,3,2019,8,1,0.011566032050388503,1,丁,酉,火,金,壬,申,水,金,False,True,0.03818785800243461,2019-W35,2019-08
000858.SZ,2019-08-29,137.0,133.92,0.022999,316290,4294986.772,己亥,壬申,戊戌,4,2019,8,1,0.022738319086959873,1,戊,戌,土,土,壬,申,水,金,False,True,0.011566032050388503,2019-W35,2019-08
000858.SZ,2019-08-30,141.5,137.0,0.032847,440797,6195944.729,己亥,壬申,己亥,5,2019,8,1,0.03231879125516731,1,己,亥,土,水,壬,申,水,金,False,True,0.022738319086959873,2019-W35,2019-08
000858.SZ,2019-09-02,141.89,141.5,0.002756,329900,4649797.983,己亥,壬申,壬寅,1,2019,9,1,0.002752392435929571,1,壬,寅,水,木,壬,申,水,金,True,False,0.03231879125516731,2019-W36,2019-09
000858.SZ,2019-09-03,141.5,141.89,-0.002749,274753,3872907.647,己亥,壬申,癸卯,2,2019,9,1,-0.002752392435929522,0,癸,卯,水,木,壬,申,水,金,True,False,0.002752392435929571,2019-W36,2019-09
000858.SZ,2019-09-04,138.31,141.5,-0.022544,380555,5269300.147,己亥,壬申,甲辰,3,2019,9,1,-0.022802174446675795,0,甲,辰,木,土,壬,申,水,金,True,False,-0.002752392435929522,2019-W36,2019-09
000858.SZ,2019-09-05,138.9,138.31,0.004266,300247,4172563.456,己亥,壬申,乙巳,4,2019,9,1,0.0042567071236816285,1,乙,巳,木,火,壬,申,水,金,True,False,-0.022802174446675795,2019-W36,2019-09
000858.SZ,2019-09-06,140.01,138.9,0.007991,279327,3879562.633,己亥,壬申,丙午,5,2019,9,1,0.007959598869535733,1,丙,午,火,火,壬,申,水,金,False,False,0.0042567071236816285,2019-W36,2019-09
000858.SZ,2019-09-09,139.2,140.01,-0.005785,224902,3131952.949,己亥,癸酉,己酉,1,2019,9,1,-0.005802100729514684,0,己,酉,土,金,癸,酉,水,金,False,False,0.007959598869535733,2019-W37,2019-09
000858.SZ,2019-09-10,137.25,139.2,-0.014009,247836,3401992.978,己亥,癸酉,庚戌,2,2019,9,1,-0.014107667510679225,0,庚,戌,金,土,癸,酉,水,金,False,False,-0.005802100729514684,2019-W37,2019-09
000858.SZ,2019-09-11,129.26,137.25,-0.058215,702309,9220352.269,己亥,癸酉,辛亥,3,2019,9,1,-0.05997820055489071,0,辛,亥,金,水,癸,酉,水,金,False,False,-0.014107667510679225,2019-W37,2019-09
000858.SZ,2019-09-12,131.55,129.26,0.017716,412754,5390859.933,己亥,癸酉,壬子,4,2019,9,1,0.017561127651552447,1,壬,子,水,水,癸,酉,水,金,False,False,-0.05997820055489071,2019-W37,2019-09
000858.SZ,2019-09-16,130.92,131.55,-0.004789,238108,3107715.798,己亥,癸酉,丙辰,1,2019,9,1,-0.004800557853322167,0,丙,辰,火,土,癸,酉,水,金,False,False,0.017561127651552447,2019-W38,2019-09
000858.SZ,2019-09-17,131.54,130.92,0.004736,257861,3398413.396,己亥,癸酉,丁巳,2,2019,9,1,0.004724538240225231,1,丁,巳,火,火,癸,酉,水,金,False,False,-0.004800557853322167,2019-W38,2019-09
000858.SZ,2019-09-18,135.56,131.54,0.030561,363935,4907950.565,己亥,癸酉,戊午,3,2019,9,1,0.030103358865645625,1,戊,午,土,火,癸,酉,水,金,False,False,0.004724538240225231,2019-W38,2019-09
000858.SZ,2019-09-19,134.92,135.56,-0.004721,182044,2452341.152,己亥,癸酉,己未,4,2019,9,1,-0.004732336545401236,0,己,未,土,土,癸,酉,水,金,False,False,0.030103358865645625,2019-W38,2019-09
000858.SZ,2019-09-20,136.84,134.92,0.014231,257905,3523702.834,己亥,癸酉,庚申,5,2019,9,1,0.014130349915954653,1,庚,申,金,金,癸,酉,水,金,False,False,-0.004732336545401236,2019-W38,2019-09
000858.SZ,2019-09-23,134.85,136.84,-0.014543,209573,2814843.037,己亥,癸酉,癸亥,1,2019,9,1,-0.01464931052366503,0,癸,亥,水,水,癸,酉,水,金,False,False,0.014130349915954653,2019-W39,2019-09
000858.SZ,2019-09-24,136.51,134.85,0.01231,268693,3672327.398,己亥,癸酉,甲子,2,2019,9,1,0.01223482242914745,1,甲,子,木,水,癸,酉,水,金,False,False,-0.01464931052366503,2019-W39,2019-09
000858.SZ,2019-09-25,136.54,136.51,0.00022,189634,2588651.274,己亥,癸酉,乙丑,3,2019,9,1,0.00021973997524786127,1,乙,丑,木,土,癸,酉,水,金,False,False,0.01223482242914745,2019-W39,2019-09
000858.SZ,2019-09-26,134.1,136.54,-0.01787,219393,2964217.247,己亥,癸酉,丙寅,4,2019,9,1,-0.01803182170250143,0,丙,寅,火,木,癸,酉,水,金,False,True,0.00021973997524786127,2019-W39,2019-09
000858.SZ,2019-09-27,133.8,134.1,-0.002237,166711,2233718.323,己亥,癸酉,丁卯,5,2019,9,1,-0.002239642593504687,0,丁,卯,火,木,癸,酉,水,金,False,True,-0.01803182170250143,2019-W39,2019-09
000858.SZ,2019-09-30,129.8,133.8,-0.029895,265433,3473617.322,己亥,癸酉,庚午,1,2019,9,1,-0.030351343424138467,0,庚,午,金,火,癸,酉,水,金,False,True,-0.002239642593504687,2019-W40,2019-09
000858.SZ,2019-10-08,132.76,129.8,0.022804,226896,3022296.806,己亥,甲戌,戊寅,2,2019,10,1,0.02254818258178403,1,戊,寅,土,木,甲,戌,木,土,False,False,-0.030351343424138467,2019-W41,2019-10
000858.SZ,2019-10-09,131.81,132.76,-0.007156,168829,2221320.313,己亥,甲戌,己卯,3,2019,10,1,-0.007181495127399455,0,己,卯,土,木,甲,戌,木,土,False,False,0.02254818258178403,2019-W41,2019-10
000858.SZ,2019-10-10,130.99,131.81,-0.006221,293458,3786598.649,己亥,甲戌,庚辰,4,2019,10,1,-0.006240507314816781,0,庚,辰,金,土,甲,戌,木,土,False,False,-0.007181495127399455,2019-W41,2019-10
000858.SZ,2019-10-11,131.25,130.99,0.001985,226707,2967723.909,己亥,甲戌,辛巳,5,2019,10,1,0.001982917062175407,1,辛,巳,金,火,甲,戌,木,土,False,False,-0.006240507314816781,2019-W41,2019-10
000858.SZ,2019-10-14,130.86,131.25,-0.002971,210410,2764340.142,己亥,甲戌,甲申,1,2019,10,1,-0.002975852030140379,0,甲,申,木,金,甲,戌,木,土,False,False,0.001982917062175407,2019-W42,2019-10
000858.SZ,2019-10-15,132.69,130.86,0.013984,274876,3641762.778,己亥,甲戌,乙酉,2,2019,10,1,0.01388753110675228,1,乙,酉,木,金,甲,戌,木,土,False,False,-0.002975852030140379,2019-W42,2019-10
000858.SZ,2019-10-16,130.13,132.69,-0.019293,274371,3569058.486,己亥,甲戌,丙戌,3,2019,10,1,-0.019481629759679108,0,丙,戌,火,土,甲,戌,木,土,False,False,0.01388753110675228,2019-W42,2019-10
000858.SZ,2019-10-17,130.3,130.13,0.001306,147555,1923019.606,己亥,甲戌,丁亥,4,2019,10,1,0.0013055333421335131,1,丁,亥,火,水,甲,戌,木,土,False,False,-0.019481629759679108,2019-W42,2019-10
000858.SZ,2019-10-18,127.3,130.3,-0.023024,325368,4170460.177,己亥,甲戌,戊子,5,2019,10,1,-0.023292978567438713,0,戊,子,土,水,甲,戌,木,土,False,False,0.0013055333421335131,2019-W42,2019-10
000858.SZ,2019-10-21,128.12,127.3,0.006441,165636,2116275.971,己亥,甲戌,辛卯,1,2019,10,1,0.006420819177596724,1,辛,卯,金,木,甲,戌,木,土,False,False,-0.023292978567438713,2019-W43,2019-10
000858.SZ,2019-10-22,129.0,128.12,0.006869,144421,1859987.013,己亥,甲戌,壬辰,2,2019,10,1,0.006845079620714621,1,壬,辰,水,土,甲,戌,木,土,False,False,0.006420819177596724,2019-W43,2019-10
000858.SZ,2019-10-23,127.32,129.0,-0.013023,191811,2462727.681,己亥,甲戌,癸巳,3,2019,10,1,-0.013108801947780134,0,癸,巳,水,火,甲,戌,木,土,False,False,0.006845079620714621,2019-W43,2019-10
000858.SZ,2019-10-24,124.53,127.32,-0.021913,270605,3395329.986,己亥,甲戌,甲午,4,2019,10,1,-0.022156951680834945,0,甲,午,木,火,甲,戌,木,土,False,False,-0.013108801947780134,2019-W43,2019-10
000858.SZ,2019-10-25,128.2,124.53,0.029471,257852,3268792.452,己亥,甲戌,乙未,5,2019,10,1,0.029044893753512515,1,乙,未,木,土,甲,戌,木,土,False,False,-0.022156951680834945,2019-W43,2019-10
000858.SZ,2019-10-28,130.05,128.2,0.014431,236364,3064652.343,己亥,甲戌,戊戌,1,2019,10,1,0.014327447408091006,1,戊,戌,土,土,甲,戌,木,土,False,True,0.029044893753512515,2019-W44,2019-10
000858.SZ,2019-10-29,131.5,130.05,0.01115,214685,2830140.054,己亥,甲戌,己亥,2,2019,10,1,0.011087859723158665,1,己,亥,土,水,甲,戌,木,土,False,True,0.014327447408091006,2019-W44,2019-10
000858.SZ,2019-10-30,130.95,131.5,-0.004183,132816,1733800.237,己亥,甲戌,庚子,3,2019,10,1,-0.004191280664098453,0,庚,子,金,水,甲,戌,木,土,False,True,0.011087859723158665,2019-W44,2019-10
000858.SZ,2019-10-31,132.08,130.95,0.008629,333271,4458545.241,己亥,甲戌,辛丑,4,2019,10,1,0.00859222865815193,1,辛,丑,金,土,甲,戌,木,土,False,True,-0.004191280664098453,2019-W44,2019-10
000858.SZ,2019-11-01,133.7,132.08,0.012265,223768,2975884.621,己亥,甲戌,壬寅,5,2019,11,1,0.012190684496024718,1,壬,寅,水,木,甲,戌,木,土,True,False,0.00859222865815193,2019-W44,2019-11
000858.SZ,2019-11-04,133.99,133.7,0.002169,220472,2968606.687,己亥,甲戌,乙巳,1,2019,11,1,0.0021666861926193594,1,乙,巳,木,火,甲,戌,木,土,True,False,0.012190684496024718,2019-W45,2019-11
000858.SZ,2019-11-05,134.28,133.99,0.002164,163964,2205196.709,己亥,甲戌,丙午,2,2019,11,1,0.002162001811317557,1,丙,午,火,火,甲,戌,木,土,True,False,0.0021666861926193594,2019-W45,2019-11
000858.SZ,2019-11-06,132.63,134.28,-0.012288,190922,2540229.476,己亥,甲戌,丁未,3,2019,11,1,-0.012363875605572635,0,丁,未,火,土,甲,戌,木,土,False,False,0.002162001811317557,2019-W45,2019-11
000858.SZ,2019-11-07,133.17,132.63,0.004071,103992,1383132.376,己亥,甲戌,戊申,4,2019,11,1,0.0040632110077919005,1,戊,申,土,金,甲,戌,木,土,False,False,-0.012363875605572635,2019-W45,2019-11
000858.SZ,2019-11-08,134.59,133.17,0.010663,289219,3912720.223,己亥,乙亥,己酉,5,2019,11,1,0.010606612731570928,1,己,酉,土,金,乙,亥,木,水,False,False,0.0040632110077919005,2019-W45,2019-11
000858.SZ,2019-11-11,132.72,134.59,-0.013894,217726,2894022.133,己亥,乙亥,壬子,1,2019,11,1,-0.01399147436343527,0,壬,子,水,水,乙,亥,木,水,False,False,0.010606612731570928,2019-W46,2019-11
000858.SZ,2019-11-12,133.37,132.72,0.004898,160138,2130045.591,己亥,乙亥,癸丑,2,2019,11,1,0.004885574752114154,1,癸,丑,水,土,乙,亥,木,水,False,False,-0.01399147436343527,2019-W46,2019-11
000858.SZ,2019-11-13,134.62,133.37,0.009372,181588,2438350.701,己亥,乙亥,甲寅,3,2019,11,1,0.009328773948263886,1,甲,寅,木,木,乙,亥,木,水,False,False,0.004885574752114154,2019-W46,2019-11
000858.SZ,2019-11-14,134.55,134.62,-0.00052,187238,2524776.839,己亥,乙亥,乙卯,4,2019,11,1,-0.0005201174096521623,0,乙,卯,木,木,乙,亥,木,水,False,False,0.009328773948263886,2019-W46,2019-11
000858.SZ,2019-11-15,133.33,134.55,-0.009067,130653,1746120.606,己亥,乙亥,丙辰,5,2019,11,1,-0.009108619045547741,0,丙,辰,火,土,乙,亥,木,水,False,False,-0.0005201174096521623,2019-W46,2019-11
000858.SZ,2019-11-18,133.0,133.33,-0.002475,134641,1788831.704,己亥,乙亥,己未,1,2019,11,1,-0.0024781299056134106,0,己,未,土,土,乙,亥,木,水,False,False,-0.009108619045547741,2019-W47,2019-11
000858.SZ,2019-11-19,133.5,133.0,0.003759,155716,2071712.323,己亥,乙亥,庚申,2,2019,11,1,0.0037523496185503723,1,庚,申,金,金,乙,亥,木,水,False,False,-0.0024781299056134106,2019-W47,2019-11
000858.SZ,2019-11-20,134.0,133.5,0.003745,210089,2823391.065,己亥,乙亥,辛酉,3,2019,11,1,0.003738322110607158,1,辛,酉,金,金,乙,亥,木,水,False,False,0.0037523496185503723,2019-W47,2019-11
000858.SZ,2019-11-21,133.66,134.0,-0.002537,128165,1708768.225,己亥,乙亥,壬戌,4,2019,11,1,-0.002540537867987277,0,壬,戌,水,土,乙,亥,木,水,False,False,0.003738322110607158,2019-W47,2019-11
000858.SZ,2019-11-22,128.97,133.66,-0.035089,283119,3702375.517,己亥,乙亥,癸亥,5,2019,11,1,-0.03571944290662422,0,癸,亥,水,水,乙,亥,木,水,False,False,-0.002540537867987277,2019-W47,2019-11
000858.SZ,2019-11-25,128.7,128.97,-0.002094,234312,2991410.07,己亥,乙亥,丙寅,1,2019,11,1,-0.002095704574218993,0,丙,寅,火,木,乙,亥,木,水,False,False,-0.03571944290662422,2019-W48,2019-11
000858.SZ,2019-11-26,130.72,128.7,0.015695,172908,2247438.028,己亥,乙亥,丁卯,2,2019,11,1,0.015573516509611958,1,丁,卯,火,木,乙,亥,木,水,False,True,-0.002095704574218993,2019-W48,2019-11
000858.SZ,2019-11-27,131.49,130.72,0.00589,154690,2030274.022,己亥,乙亥,戊辰,3,2019,11,1,0.0058731719871347714,1,戊,辰,土,土,乙,亥,木,水,False,True,0.015573516509611958,2019-W48,2019-11
000858.SZ,2019-11-28,130.81,131.49,-0.005171,113863,1494448.474,己亥,乙亥,己巳,4,2019,11,1,-0.005184914398691844,0,己,巳,土,火,乙,亥,木,水,False,True,0.0058731719871347714,2019-W48,2019-11
000858.SZ,2019-11-29,127.55,130.81,-0.024922,258759,3301606.331,己亥,乙亥,庚午,5,2019,11,1,-0.025237444112315294,0,庚,午,金,火,乙,亥,木,水,False,True,-0.005184914398691844,2019-W48,2019-11
000858.SZ,2019-12-02,127.0,127.55,-0.004312,141217,1797000.338,己亥,乙亥,癸酉,1,2019,12,1,-0.0043213581292290875,0,癸,酉,水,金,乙,亥,木,水,True,False,-0.025237444112315294,2019-W49,2019-12
000858.SZ,2019-12-03,126.04,127.0,-0.007559,139508,1751894.507,己亥,乙亥,甲戌,2,2019,12,1,-0.0075877695695173485,0,甲,戌,木,土,乙,亥,木,水,True,False,-0.0043213581292290875,2019-W49,2019-12
000858.SZ,2019-12-04,128.45,126.04,0.019121,192212,2460398.234,己亥,乙亥,乙亥,3,2019,12,1,0.018940406666818583,1,乙,亥,木,水,乙,亥,木,水,True,False,-0.0075877695695173485,2019-W49,2019-12
000858.SZ,2019-12-05,128.16,128.45,-0.002258,112778,1444566.39,己亥,乙亥,丙子,4,2019,12,1,-0.0022602402358434625,0,丙,子,火,水,乙,亥,木,水,True,False,0.018940406666818583,2019-W49,2019-12
000858.SZ,2019-12-06,130.98,128.16,0.022004,202983,2646395.631,己亥,乙亥,丁丑,5,2019,12,1,0.0217651564698583,1,丁,丑,火,土,乙,亥,木,水,False,False,-0.0022602402358434625,2019-W49,2019-12
000858.SZ,2019-12-09,130.49,130.98,-0.003741,131495,1729362.052,己亥,丙子,庚辰,1,2019,12,1,-0.003748044315751891,0,庚,辰,金,土,丙,子,火,水,False,False,0.0217651564698583,2019-W50,2019-12
000858.SZ,2019-12-10,130.86,130.49,0.002835,97115,1265677.535,己亥,丙子,辛巳,2,2019,12,1,0.002831453967437266,1,辛,巳,金,火,丙,子,火,水,False,False,-0.003748044315751891,2019-W50,2019-12
000858.SZ,2019-12-11,128.82,130.86,-0.015589,147185,1895323.879,己亥,丙子,壬午,3,2019,12,1,-0.015711968322848165,0,壬,午,水,火,丙,子,火,水,False,False,0.002831453967437266,2019-W50,2019-12
000858.SZ,2019-12-12,127.78,128.82,-0.008073,129775,1660017.933,己亥,丙子,癸未,4,2019,12,1,-0.008106045944547375,0,癸,未,水,土,丙,子,火,水,False,False,-0.015711968322848165,2019-W50,2019-12
000858.SZ,2019-12-13,129.52,127.78,0.013617,164666,2129229.226,己亥,丙子,甲申,5,2019,12,1,0.01352527419518245,1,甲,申,木,金,丙,子,火,水,False,False,-0.008106045944547375,2019-W50,2019-12
000858.SZ,2019-12-16,128.83,129.52,-0.005327,202120,2593321.997,己亥,丙子,丁亥,1,2019,12,1,-0.0053416035659462876,0,丁,亥,火,水,丙,子,火,水,False,False,0.01352527419518245,2019-W51,2019-12
000858.SZ,2019-12-17,130.25,128.83,0.011022,252660,3279889.507,己亥,丙子,戊子,2,2019,12,1,0.010961974830042936,1,戊,子,土,水,丙,子,火,水,False,False,-0.0053416035659462876,2019-W51,2019-12
000858.SZ,2019-12-18,130.94,130.25,0.005298,235573,3096584.394,己亥,丙子,己丑,3,2019,12,1,0.005283522379468989,1,己,丑,土,土,丙,子,火,水,False,False,0.010961974830042936,2019-W51,2019-12
000858.SZ,2019-12-19,129.86,130.94,-0.008248,130362,1694680.21,己亥,丙子,庚寅,4,2019,12,1,-0.008282255932604501,0,庚,寅,金,木,丙,子,火,水,False,False,0.005283522379468989,2019-W51,2019-12
000858.SZ,2019-12-20,129.1,129.86,-0.005852,130458,1685840.239,己亥,丙子,辛卯,5,2019,12,1,-0.0058696492277440174,0,辛,卯,金,木,丙,子,火,水,False,False,-0.008282255932604501,2019-W51,2019-12
000858.SZ,2019-12-23,128.14,129.1,-0.007436,156764,2013854.463,己亥,丙子,甲午,1,2019,12,1,-0.007463881641721407,0,甲,午,木,火,丙,子,火,水,False,False,-0.0058696492277440174,2019-W52,2019-12
000858.SZ,2019-12-24,128.7,128.14,0.00437,83081,1071252.225,己亥,丙子,乙未,2,2019,12,1,0.004360698391205549,1,乙,未,木,土,丙,子,火,水,False,False,-0.007463881641721407,2019-W52,2019-12
000858.SZ,2019-12-25,128.1,128.7,-0.004662,109821,1405926.673,己亥,丙子,丙申,3,2019,12,1,-0.00467290569939237,0,丙,申,火,金,丙,子,火,水,False,False,0.004360698391205549,2019-W52,2019-12
000858.SZ,2019-12-26,128.15,128.1,0.00039,101143,1293330.428,己亥,丙子,丁酉,4,2019,12,1,0.0003902439073916661,1,丁,酉,火,金,丙,子,火,水,False,False,-0.00467290569939237,2019-W52,2019-12
000858.SZ,2019-12-27,129.0,128.15,0.006633,196530,2547996.968,己亥,丙子,戊戌,5,2019,12,1,0.006610951551591931,1,戊,戌,土,土,丙,子,火,水,False,True,0.0003902439073916661,2019-W52,2019-12
000858.SZ,2019-12-30,132.82,129.0,0.029612,340116,4485255.974,己亥,丙子,辛丑,1,2019,12,1,0.029182423750895484,1,辛,丑,金,土,丙,子,火,水,False,True,0.006610951551591931,2020-W01,2019-12
000858.SZ,2019-12-31,133.01,132.82,0.001431,195074,2597567.643,己亥,丙子,壬寅,2,2019,12,1,0.0014294852526371552,1,壬,寅,水,木,丙,子,火,水,False,True,0.029182423750895484,2020-W01,2019-12
000858.SZ,2020-01-02,132.08,133.01,-0.006992,306674,4038536.854,己亥,丙子,甲辰,4,2020,1,1,-0.00701651375333211,0,甲,辰,木,土,丙,子,火,水,True,False,0.0014294852526371552,2020-W01,2020-01
000858.SZ,2020-01-03,130.55,132.08,-0.011584,204692,2672531.47,己亥,丙子,乙巳,5,2020,1,1,-0.011651504466734679,0,乙,巳,木,火,丙,子,火,水,True,False,-0.00701651375333211,2020-W01,2020-01
000858.SZ,2020-01-06,129.2,130.55,-0.010341,259369,3353682.073,己亥,丁丑,戊申,1,2020,1,1,-0.010394703796636578,0,戊,申,土,金,丁,丑,火,土,False,False,-0.011651504466734679,2020-W02,2020-01
000858.SZ,2020-01-07,129.37,129.2,0.001316,223277,2901574.233,己亥,丁丑,己酉,2,2020,1,1,0.0013149245813092439,1,己,酉,土,金,丁,丑,火,土,False,False,-0.010394703796636578,2020-W02,2020-01
000858.SZ,2020-01-08,128.89,129.37,-0.00371,161802,2083242.871,己亥,丁丑,庚戌,3,2020,1,1,-0.003717188513122522,0,庚,戌,金,土,丁,丑,火,土,False,False,0.0013149245813092439,2020-W02,2020-01
000858.SZ,2020-01-09,130.77,128.89,0.014586,255490,3317934.212,己亥,丁丑,辛亥,4,2020,1,1,0.01448072750172283,1,辛,亥,金,水,丁,丑,火,土,False,False,-0.003717188513122522,2020-W02,2020-01
000858.SZ,2020-01-10,133.62,130.77,0.021794,429695,5712380.855,己亥,丁丑,壬子,5,2020,1,1,0.021559895578920293,1,壬,子,水,水,丁,丑,火,土,False,False,0.01448072750172283,2020-W02,2020-01
000858.SZ,2020-01-13,139.66,133.62,0.045203,496041,6847185.988,己亥,丁丑,乙卯,1,2020,1,1,0.04421094692055786,1,乙,卯,木,木,丁,丑,火,土,False,False,0.021559895578920293,2020-W03,2020-01
000858.SZ,2020-01-14,138.56,139.66,-0.007876,199073,2767444.878,己亥,丁丑,丙辰,2,2020,1,1,-0.007907452603764199,0,丙,辰,火,土,丁,丑,火,土,False,False,0.04421094692055786,2020-W03,2020-01
000858.SZ,2020-01-15,140.8,138.56,0.016166,234789,3309331.109,己亥,丁丑,丁巳,3,2020,1,1,0.016036998909817104,1,丁,巳,火,火,丁,丑,火,土,False,False,-0.007907452603764199,2020-W03,2020-01
000858.SZ,2020-01-16,140.66,140.8,-0.000994,145359,2046672.621,己亥,丁丑,戊午,4,2020,1,1,-0.000994812844069922,0,戊,午,土,火,丁,丑,火,土,False,False,0.016036998909817104,2020-W03,2020-01
000858.SZ,2020-01-17,138.55,140.66,-0.015001,148478,2068064.059,己亥,丁丑,己未,5,2020,1,1,-0.015114359570884719,0,己,未,土,土,丁,丑,火,土,False,False,-0.000994812844069922,2020-W03,2020-01
000858.SZ,2020-01-20,137.56,138.55,-0.007145,167537,2308928.098,己亥,丁丑,壬戌,1,2020,1,1,-0.007171085744921981,0,壬,戌,水,土,丁,丑,火,土,False,False,-0.015114359570884719,2020-W04,2020-01
000858.SZ,2020-01-21,132.62,137.56,-0.035912,293073,3903226.854,己亥,丁丑,癸亥,2,2020,1,1,-0.03657228962334386,0,癸,亥,水,水,丁,丑,火,土,False,False,-0.007171085744921981,2020-W04,2020-01
000858.SZ,2020-01-22,131.7,132.62,-0.006937,257530,3375415.201,己亥,丁丑,甲子,3,2020,1,1,-0.006961287191486311,0,甲,子,木,水,丁,丑,火,土,False,False,-0.03657228962334386,2020-W04,2020-01
000858.SZ,2020-01-23,126.16,131.7,-0.042065,415936,5294268.764,己亥,丁丑,乙丑,4,2020,1,1,-0.04297566609445238,0,乙,丑,木,土,丁,丑,火,土,False,False,-0.006961287191486311,2020-W04,2020-01
000858.SZ,2020-02-03,113.54,126.16,-0.100032,167639,1903373.206,己亥,丁丑,丙子,1,2020,2,1,-0.10539574491220273,0,丙,子,火,水,丁,丑,火,土,True,False,-0.04297566609445238,2020-W06,2020-02
000858.SZ,2020-02-04,114.5,113.54,0.008455,710214,8017646.168,庚子,戊寅,丁丑,2,2020,2,1,0.008419625251714032,1,丁,丑,火,土,戊,寅,土,木,True,False,-0.10539574491220273,2020-W06,2020-02
000858.SZ,2020-02-05,117.51,114.5,0.026288,388783,4546389.35,庚子,戊寅,戊寅,3,2020,2,1,0.025948613351555357,1,戊,寅,土,木,戊,寅,土,木,True,False,0.008419625251714032,2020-W06,2020-02
000858.SZ,2020-02-06,119.15,117.51,0.013956,306551,3619248.778,庚子,戊寅,己卯,4,2020,2,1,0.013859767198901482,1,己,卯,土,木,戊,寅,土,木,False,False,0.025948613351555357,2020-W06,2020-02
000858.SZ,2020-02-07,120.58,119.15,0.012002,280116,3346691.769,庚子,戊寅,庚辰,5,2020,2,1,0.011930229516508326,1,庚,辰,金,土,戊,寅,土,木,False,False,0.013859767198901482,2020-W06,2020-02
000858.SZ,2020-02-10,121.13,120.58,0.004561,221876,2682789.606,庚子,戊寅,癸未,1,2020,2,1,0.004550915967451367,1,癸,未,水,土,戊,寅,土,木,False,False,0.011930229516508326,2020-W07,2020-02
000858.SZ,2020-02-11,124.79,121.13,0.030215,245773,3049430.907,庚子,戊寅,甲申,2,2020,2,1,0.02976797549105216,1,甲,申,木,金,戊,寅,土,木,False,False,0.004550915967451367,2020-W07,2020-02
000858.SZ,2020-02-12,124.49,124.79,-0.002404,175113,2168783.486,庚子,戊寅,乙酉,3,2020,2,1,-0.00240693312606847,0,乙,酉,木,金,戊,寅,土,木,False,False,0.02976797549105216,2020-W07,2020-02
000858.SZ,2020-02-13,124.14,124.49,-0.002811,178628,2230165.01,庚子,戊寅,丙戌,4,2020,2,1,-0.002815430408187897,0,丙,戌,火,土,戊,寅,土,木,False,False,-0.00240693312606847,2020-W07,2020-02
000858.SZ,2020-02-14,123.43,124.14,-0.005719,169719,2094049.251,庚子,戊寅,丁亥,5,2020,2,1,-0.0057357672296693115,0,丁,亥,火,水,戊,寅,土,木,False,False,-0.002815430408187897,2020-W07,2020-02
000858.SZ,2020-02-17,124.3,123.43,0.007049,238169,2941280.509,庚子,戊寅,庚寅,1,2020,2,1,0.007023804760828086,1,庚,寅,金,木,戊,寅,土,木,False,False,-0.0057357672296693115,2020-W08,2020-02
000858.SZ,2020-02-18,123.39,124.3,-0.007321,128727,1590249.168,庚子,戊寅,辛卯,2,2020,2,1,-0.0073479276062230125,0,辛,卯,金,木,戊,寅,土,木,False,False,0.007023804760828086,2020-W08,2020-02
000858.SZ,2020-02-19,126.0,123.39,0.021152,316627,3976674.952,庚子,戊寅,壬辰,3,2020,2,1,0.020931836041035642,1,壬,辰,水,土,戊,寅,土,木,False,False,-0.0073479276062230125,2020-W08,2020-02
000858.SZ,2020-02-20,130.15,126.0,0.032937,334661,4332207.305,庚子,戊寅,癸巳,4,2020,2,1,0.03240572448909649,1,癸,巳,水,火,戊,寅,土,木,False,False,0.020931836041035642,2020-W08,2020-02
000858.SZ,2020-02-21,130.0,130.15,-0.001153,207437,2695003.477,庚子,戊寅,甲午,5,2020,2,1,-0.0011531809849920482,0,甲,午,木,火,戊,寅,土,木,False,False,0.03240572448909649,2020-W08,2020-02
000858.SZ,2020-02-24,127.1,130.0,-0.022308,235601,3005249.413,庚子,戊寅,丁酉,1,2020,2,1,-0.02256027226017411,0,丁,酉,火,金,戊,寅,土,木,False,False,-0.0011531809849920482,2020-W09,2020-02
000858.SZ,2020-02-25,125.3,127.1,-0.014162,240633,3014293.143,庚子,戊寅,戊戌,2,2020,2,1,-0.014263316293385746,0,戊,戌,土,土,戊,寅,土,木,False,True,-0.02256027226017411,2020-W09,2020-02
000858.SZ,2020-02-26,124.1,125.3,-0.009577,214178,2662201.89,庚子,戊寅,己亥,3,2020,2,1,-0.009623169691461066,0,己,亥,土,水,戊,寅,土,木,False,True,-0.014263316293385746,2020-W09,2020-02
000858.SZ,2020-02-27,126.3,124.1,0.017728,235731,2986686.525,庚子,戊寅,庚子,4,2020,2,1,0.01757233714588397,1,庚,子,金,水,戊,寅,土,木,False,True,-0.009623169691461066,2020-W09,2020-02
000858.SZ,2020-02-28,120.6,126.3,-0.045131,366012,4445668.089,庚子,戊寅,辛丑,5,2020,2,1,-0.046180745063360396,0,辛,丑,金,土,戊,寅,土,木,False,True,0.01757233714588397,2020-W09,2020-02
000858.SZ,2020-03-02,122.65,120.6,0.016998,269822,3287615.181,庚子,戊寅,甲辰,1,2020,3,1,0.016855486411413247,1,甲,辰,木,土,戊,寅,土,木,True,False,-0.046180745063360396,2020-W10,2020-03
000858.SZ,2020-03-03,124.37,122.65,0.014024,230923,2878896.36,庚子,戊寅,乙巳,2,2020,3,1,0.013926222961151244,1,乙,巳,木,火,戊,寅,土,木,True,False,0.016855486411413247,2020-W10,2020-03
000858.SZ,2020-03-04,125.27,124.37,0.007236,197575,2471690.889,庚子,戊寅,丙午,3,2020,3,1,0.007210414190450865,1,丙,午,火,火,戊,寅,土,木,True,False,0.013926222961151244,2020-W10,2020-03
000858.SZ,2020-03-05,133.2,125.27,0.063303,565619,7399037.627,庚子,己卯,丁未,4,2020,3,1,0.06138035025018825,1,丁,未,火,土,己,卯,土,木,True,False,0.007210414190450865,2020-W10,2020-03
000858.SZ,2020-03-06,130.07,133.2,-0.023498,291658,3845033.468,庚子,己卯,戊申,5,2020,3,1,-0.02377899103063935,0,戊,申,土,金,己,卯,土,木,False,False,0.06138035025018825,2020-W10,2020-03
000858.SZ,2020-03-09,126.3,130.07,-0.028984,244541,3106158.207,庚子,己卯,辛亥,1,2020,3,1,-0.02941273771920391,0,辛,亥,金,水,己,卯,土,木,False,False,-0.02377899103063935,2020-W11,2020-03
000858.SZ,2020-03-10,130.72,126.3,0.034996,310772,4017374.185,庚子,己卯,壬子,2,2020,3,1,0.03439760175524728,1,壬,子,水,水,己,卯,土,木,False,False,-0.02941273771920391,2020-W11,2020-03
000858.SZ,2020-03-11,129.9,130.72,-0.006273,187634,2452609.914,庚子,己卯,癸丑,3,2020,3,1,-0.006292707435138793,0,癸,丑,水,土,己,卯,土,木,False,False,0.03439760175524728,2020-W11,2020-03
000858.SZ,2020-03-12,126.04,129.9,-0.029715,252660,3199005.135,庚子,己卯,甲寅,4,2020,3,1,-0.030165606787479947,0,甲,寅,木,木,己,卯,土,木,False,False,-0.006292707435138793,2020-W11,2020-03
000858.SZ,2020-03-13,122.6,126.04,-0.027293,350886,4280415.922,庚子,己卯,乙卯,5,2020,3,1,-0.02767229338696295,0,乙,卯,木,木,己,卯,土,木,False,False,-0.030165606787479947,2020-W11,2020-03
000858.SZ,2020-03-16,115.5,122.6,-0.057912,370242,4379489.484,庚子,己卯,戊午,1,2020,3,1,-0.05965649354026279,0,戊,午,土,火,己,卯,土,木,False,False,-0.02767229338696295,2020-W12,2020-03
000858.SZ,2020-03-17,112.36,115.5,-0.027186,352979,3975112.228,庚子,己卯,己未,2,2020,3,1,-0.02756252772580533,0,己,未,土,土,己,卯,土,木,False,False,-0.05965649354026279,2020-W12,2020-03
000858.SZ,2020-03-18,107.59,112.36,-0.042453,404422,4528147.0,庚子,己卯,庚申,3,2020,3,1,-0.04338029563022505,0,庚,申,金,金,己,卯,土,木,False,False,-0.02756252772580533,2020-W12,2020-03
000858.SZ,2020-03-19,102.11,107.59,-0.050934,601697,6133825.332,庚子,己卯,辛酉,4,2020,3,1,-0.05227704303837121,0,辛,酉,金,金,己,卯,土,木,False,False,-0.04338029563022505,2020-W12,2020-03
000858.SZ,2020-03-20,108.51,102.11,0.062678,422063,4484741.875,庚子,己卯,壬戌,5,2020,3,1,0.060791671064669796,1,壬,戌,水,土,己,卯,土,木,False,False,-0.05227704303837121,2020-W12,2020-03
000858.SZ,2020-03-23,104.51,108.51,-0.036863,328265,3443583.082,庚子,己卯,乙丑,1,2020,3,1,-0.037559574025703896,0,乙,丑,木,土,己,卯,土,木,False,False,0.060791671064669796,2020-W13,2020-03
000858.SZ,2020-03-24,109.05,104.51,0.043441,356363,3859693.788,庚子,己卯,丙寅,2,2020,3,1,0.04252373204122575,1,丙,寅,火,木,己,卯,土,木,False,False,-0.037559574025703896,2020-W13,2020-03
000858.SZ,2020-03-25,114.0,109.05,0.045392,309473,3508691.59,庚子,己卯,丁卯,3,2020,3,1,0.0443919557468574,1,丁,卯,火,木,己,卯,土,木,False,False,0.04252373204122575,2020-W13,2020-03
000858.SZ,2020-03-26,113.89,114.0,-0.000965,208801,2397709.906,庚子,己卯,戊辰,4,2020,3,1,-0.0009653781082356948,0,戊,辰,土,土,己,卯,土,木,False,False,0.0443919557468574,2020-W13,2020-03
000858.SZ,2020-03-27,115.81,113.89,0.016858,235434,2745616.755,庚子,己卯,己巳,5,2020,3,1,0.016717846910026528,1,己,巳,土,火,己,卯,土,木,False,True,-0.0009653781082356948,2020-W13,2020-03
000858.SZ,2020-03-30,113.23,115.81,-0.022278,205805,2321514.404,庚子,己卯,壬申,1,2020,3,1,-0.022529768870338147,0,壬,申,水,金,己,卯,土,木,False,True,0.016717846910026528,2020-W14,2020-03
000858.SZ,2020-03-31,115.2,113.23,0.017398,188496,2179898.621,庚子,己卯,癸酉,2,2020,3,1,0.01724859993584273,1,癸,酉,水,金,己,卯,土,木,False,True,-0.022529768870338147,2020-W14,2020-03
000858.SZ,2020-04-01,115.0,115.2,-0.001736,175968,2033698.724,庚子,己卯,甲戌,3,2020,4,1,-0.0017376198985408486,0,甲,戌,木,土,己,卯,土,木,True,False,0.01724859993584273,2020-W14,2020-04
000858.SZ,2020-04-02,117.19,115.0,0.019043,191537,2218330.786,庚子,己卯,乙亥,4,2020,4,1,0.018864420907260832,1,乙,亥,木,水,己,卯,土,木,True,False,-0.0017376198985408486,2020-W14,2020-04
000858.SZ,2020-04-03,117.52,117.19,0.002816,175805,2076905.527,庚子,己卯,丙子,5,2020,4,1,0.0028119825951107747,1,丙,子,火,水,己,卯,土,木,True,False,0.018864420907260832,2020-W14,2020-04
000858.SZ,2020-04-07,124.14,117.52,0.056331,294511,3627761.364,庚子,庚辰,庚辰,2,2020,4,1,0.05480142911988494,1,庚,辰,金,土,庚,辰,金,土,False,False,0.0028119825951107747,2020-W15,2020-04
000858.SZ,2020-04-08,125.28,124.14,0.009183,201133,2515223.465,庚子,庚辰,辛巳,3,2020,4,1,0.009141271256986253,1,辛,巳,金,火,庚,辰,金,土,False,False,0.05480142911988494,2020-W15,2020-04
000858.SZ,2020-04-09,124.98,125.28,-0.002395,158796,1985606.241,庚子,庚辰,壬午,4,2020,4,1,-0.002397507741557309,0,壬,午,水,火,庚,辰,金,土,False,False,0.009141271256986253,2020-W15,2020-04
000858.SZ,2020-04-10,126.52,124.98,0.012322,198960,2526071.157,庚子,庚辰,癸未,5,2020,4,1,0.012246673936512338,1,癸,未,水,土,庚,辰,金,土,False,False,-0.002397507741557309,2020-W15,2020-04
000858.SZ,2020-04-13,125.0,126.52,-0.012014,146060,1831925.095,庚子,庚辰,丙戌,1,2020,4,1,-0.01208666113514693,0,丙,戌,火,土,庚,辰,金,土,False,False,0.012246673936512338,2020-W16,2020-04
000858.SZ,2020-04-14,128.45,125.0,0.0276,194618,2481573.352,庚子,庚辰,丁亥,2,2020,4,1,0.027225986253591312,1,丁,亥,火,水,庚,辰,金,土,False,False,-0.01208666113514693,2020-W16,2020-04
000858.SZ,2020-04-15,127.91,128.45,-0.004204,162967,2095661.173,庚子,庚辰,戊子,3,2020,4,1,-0.004212831944590764,0,戊,子,土,水,庚,辰,金,土,False,False,0.027225986253591312,2020-W16,2020-04
000858.SZ,2020-04-16,126.1,127.91,-0.014151,188254,2379554.855,庚子,庚辰,己丑,4,2020,4,1,-0.014251648640427956,0,己,丑,土,土,庚,辰,金,土,False,False,-0.004212831944590764,2020-W16,2020-04
000858.SZ,2020-04-17,128.82,126.1,0.02157,234710,3022344.869,庚子,庚辰,庚寅,5,2020,4,1,0.021340838147870713,1,庚,寅,金,木,庚,辰,金,土,False,False,-0.014251648640427956,2020-W16,2020-04
000858.SZ,2020-04-20,129.31,128.82,0.003804,132188,1710863.422,庚子,庚辰,癸巳,1,2020,4,1,0.0037965411890155862,1,癸,巳,水,火,庚,辰,金,土,False,False,0.021340838147870713,2020-W17,2020-04
000858.SZ,2020-04-21,126.47,129.31,-0.021963,205523,2596092.234,庚子,庚辰,甲午,2,2020,4,1,-0.022207496415875216,0,甲,午,木,火,庚,辰,金,土,False,False,0.0037965411890155862,2020-W17,2020-04
000858.SZ,2020-04-22,130.3,126.47,0.030284,265984,3436601.399,庚子,庚辰,乙未,3,2020,4,1,0.02983435823891453,1,乙,未,木,土,庚,辰,金,土,False,False,-0.022207496415875216,2020-W17,2020-04
000858.SZ,2020-04-23,131.09,130.3,0.006063,213318,2822832.124,庚子,庚辰,丙申,4,2020,4,1,0.0060446260789183215,1,丙,申,火,金,庚,辰,金,土,False,False,0.02983435823891453,2020-W17,2020-04
000858.SZ,2020-04-24,131.4,131.09,0.002365,167733,2215246.722,庚子,庚辰,丁酉,5,2020,4,1,0.002361995840792184,1,丁,酉,火,金,庚,辰,金,土,False,False,0.0060446260789183215,2020-W17,2020-04
000858.SZ,2020-04-27,132.7,131.4,0.009893,159342,2110526.723,庚子,庚辰,庚子,1,2020,4,1,0.009844835287651605,1,庚,子,金,水,庚,辰,金,土,False,True,0.002361995840792184,2020-W18,2020-04
000858.SZ,2020-04-28,139.0,132.7,0.047476,420773,5811722.42,庚子,庚辰,辛丑,2,2020,4,1,0.0463829917925301,1,辛,丑,金,土,庚,辰,金,土,False,True,0.009844835287651605,2020-W18,2020-04
000858.SZ,2020-04-29,135.5,139.0,-0.02518,291832,3980521.441,庚子,庚辰,壬寅,3,2020,4,1,-0.02550229281093612,0,壬,寅,水,木,庚,辰,金,土,False,True,0.0463829917925301,2020-W18,2020-04
000858.SZ,2020-04-30,135.77,135.5,0.001993,228640,3121490.868,庚子,庚辰,癸卯,4,2020,4,1,0.0019906372924342695,1,癸,卯,水,木,庚,辰,金,土,False,True,-0.02550229281093612,2020-W18,2020-04
000858.SZ,2020-05-06,138.21,135.77,0.017972,251044,3442757.066,庚子,辛巳,己酉,3,2020,5,1,0.01781199000374552,1,己,酉,土,金,辛,巳,金,火,False,False,0.0019906372924342695,2020-W19,2020-05
000858.SZ,2020-05-07,141.91,138.21,0.026771,277961,3911603.34,庚子,辛巳,庚戌,4,2020,5,1,0.02641878623051081,1,庚,戌,金,土,辛,巳,金,火,False,False,0.01781199000374552,2020-W19,2020-05
000858.SZ,2020-05-08,142.9,141.91,0.006976,243266,3478295.31,庚子,辛巳,辛亥,5,2020,5,1,0.006952031089375578,1,辛,亥,金,水,辛,巳,金,火,False,False,0.02641878623051081,2020-W19,2020-05
000858.SZ,2020-05-11,141.85,142.9,-0.007348,236819,3384838.039,庚子,辛巳,甲寅,1,2020,5,1,-0.0073749236809614845,0,甲,寅,木,木,辛,巳,金,火,False,False,0.006952031089375578,2020-W20,2020-05
000858.SZ,2020-05-12,142.9,141.85,0.007402,151844,2167669.765,庚子,辛巳,乙卯,2,2020,5,1,0.007374923680961402,1,乙,卯,木,木,辛,巳,金,火,False,False,-0.0073749236809614845,2020-W20,2020-05
000858.SZ,2020-05-13,146.0,142.9,0.021693,196350,2845747.547,庚子,辛巳,丙辰,3,2020,5,1,0.021461536772514764,1,丙,辰,火,土,辛,巳,金,火,False,False,0.007374923680961402,2020-W20,2020-05
000858.SZ,2020-05-14,146.3,146.0,0.002055,153612,2244204.771,庚子,辛巳,丁巳,4,2020,5,1,0.0020526863177422615,1,丁,巳,火,火,辛,巳,金,火,False,False,0.021461536772514764,2020-W20,2020-05
000858.SZ,2020-05-15,145.22,146.3,-0.007382,160644,2338474.671,庚子,辛巳,戊午,5,2020,5,1,-0.007409474073978072,0,戊,午,土,火,辛,巳,金,火,False,False,0.0020526863177422615,2020-W20,2020-05
000858.SZ,2020-05-18,151.19,145.22,0.04111,248810,3718097.608,庚子,辛巳,辛酉,1,2020,5,1,0.040287490040009026,1,辛,酉,金,金,辛,巳,金,火,False,False,-0.007409474073978072,2020-W21,2020-05
000858.SZ,2020-05-19,151.42,151.19,0.001521,176505,2669709.609,庚子,辛巳,壬戌,2,2020,5,1,0.0015201086830506473,1,壬,戌,水,土,辛,巳,金,火,False,False,0.040287490040009026,2020-W21,2020-05
000858.SZ,2020-05-20,150.85,151.42,-0.003764,170412,2580358.165,庚子,辛巳,癸亥,3,2020,5,1,-0.003771467070090401,0,癸,亥,水,水,辛,巳,金,火,False,False,0.0015201086830506473,2020-W21,2020-05
000858.SZ,2020-05-21,151.68,150.85,0.005502,170921,2602103.042,庚子,辛巳,甲子,4,2020,5,1,0.00548707290164176,1,甲,子,木,水,辛,巳,金,火,False,False,-0.003771467070090401,2020-W21,2020-05
000858.SZ,2020-05-22,144.25,151.68,-0.048985,383526,5597327.855,庚子,辛巳,乙丑,5,2020,5,1,-0.050225133118502824,0,乙,丑,木,土,辛,巳,金,火,False,False,0.00548707290164176,2020-W21,2020-05
000858.SZ,2020-05-25,147.03,144.25,0.019272,243559,3540747.465,庚子,辛巳,戊辰,1,2020,5,1,0.019088742201356833,1,戊,辰,土,土,辛,巳,金,火,False,False,-0.050225133118502824,2020-W22,2020-05
000858.SZ,2020-05-26,147.81,147.03,0.005305,165119,2436906.02,庚子,辛巳,己巳,2,2020,5,1,0.00529101763441568,1,己,巳,土,火,辛,巳,金,火,False,False,0.019088742201356833,2020-W22,2020-05
000858.SZ,2020-05-27,146.16,147.81,-0.011163,145963,2143082.94,庚子,辛巳,庚午,3,2020,5,1,-0.011225753154230196,0,庚,午,金,火,辛,巳,金,火,False,True,0.00529101763441568,2020-W22,2020-05
000858.SZ,2020-05-28,146.16,146.16,0.0,148184,2166223.144,庚子,辛巳,辛未,4,2020,5,1,0.0,0,辛,未,金,土,辛,巳,金,火,False,True,-0.011225753154230196,2020-W22,2020-05
000858.SZ,2020-05-29,148.2,146.16,0.013957,163217,2408655.795,庚子,辛巳,壬申,5,2020,5,1,0.013860800792235166,1,壬,申,水,金,辛,巳,金,火,False,True,0.0,2020-W22,2020-05
000858.SZ,2020-06-01,158.59,148.2,0.070108,357843,5624344.618,庚子,辛巳,乙亥,1,2020,6,1,0.06775954264852307,1,乙,亥,木,水,辛,巳,金,火,True,False,0.013860800792235166,2020-W23,2020-06
000858.SZ,2020-06-02,158.77,158.59,0.001135,291585,4669324.668,庚子,辛巳,丙子,2,2020,6,1,0.0011343585789106365,1,丙,子,火,水,辛,巳,金,火,True,False,0.06775954264852307,2020-W23,2020-06
000858.SZ,2020-06-03,158.24,158.77,-0.003338,252759,4004118.585,庚子,辛巳,丁丑,3,2020,6,1,-0.003343746215018157,0,丁,丑,火,土,辛,巳,金,火,True,False,0.0011343585789106365,2020-W23,2020-06
000858.SZ,2020-06-04,158.85,158.24,0.003855,136317,2166142.874,庚子,辛巳,戊寅,4,2020,6,1,0.0038474928411230884,1,戊,寅,土,木,辛,巳,金,火,True,False,-0.003343746215018157,2020-W23,2020-06
000858.SZ,2020-06-05,160.09,158.85,0.007806,159859,2547709.184,庚子,壬午,己卯,5,2020,6,1,0.007775796374478061,1,己,卯,土,木,壬,午,水,火,True,False,0.0038474928411230884,2020-W23,2020-06
000858.SZ,2020-06-08,160.61,160.09,0.003248,222551,3596734.091,庚子,壬午,壬午,1,2020,6,1,0.0032429089848028604,1,壬,午,水,火,壬,午,水,火,False,False,0.007775796374478061,2020-W24,2020-06
000858.SZ,2020-06-09,162.61,160.61,0.012453,161118,2610701.054,庚子,壬午,癸未,2,2020,6,1,0.012375629762825215,1,癸,未,水,土,壬,午,水,火,False,False,0.0032429089848028604,2020-W24,2020-06
000858.SZ,2020-06-10,162.54,162.61,-0.00043,149481,2428166.146,庚子,壬午,甲申,3,2020,6,1,-0.0004305705125724509,0,甲,申,木,金,壬,午,水,火,False,False,0.012375629762825215,2020-W24,2020-06
000858.SZ,2020-06-11,160.07,162.54,-0.015196,199460,3195703.175,庚子,壬午,乙酉,4,2020,6,1,-0.015312905766452516,0,乙,酉,木,金,壬,午,水,火,False,False,-0.0004305705125724509,2020-W24,2020-06
000858.SZ,2020-06-12,161.5,160.07,0.008934,176476,2822869.416,庚子,壬午,丙戌,5,2020,6,1,0.008893923104105014,1,丙,戌,火,土,壬,午,水,火,False,False,-0.015312905766452516,2020-W24,2020-06
000858.SZ,2020-06-15,157.0,161.5,-0.027864,266219,4206860.399,庚子,壬午,己丑,1,2020,6,1,-0.028259337314403162,0,己,丑,土,土,壬,午,水,火,False,False,0.008893923104105014,2020-W25,2020-06
000858.SZ,2020-06-16,157.68,157.0,0.004331,259846,4095546.267,庚子,壬午,庚寅,2,2020,6,1,0.0043218574961567495,1,庚,寅,金,木,壬,午,水,火,False,False,-0.028259337314403162,2020-W25,2020-06
000858.SZ,2020-06-17,155.88,157.68,-0.011416,232423,3610097.414,庚子,壬午,辛卯,3,2020,6,1,-0.011481182373956367,0,辛,卯,金,木,壬,午,水,火,False,False,0.0043218574961567495,2020-W25,2020-06
000858.SZ,2020-06-18,158.36,155.88,0.01591,199490,3145346.589,庚子,壬午,壬辰,4,2020,6,1,0.015784441767421435,1,壬,辰,水,土,壬,午,水,火,False,False,-0.011481182373956367,2020-W25,2020-06
000858.SZ,2020-06-19,165.57,158.36,0.045529,387028,6342808.631,庚子,壬午,癸巳,5,2020,6,1,0.04452314388158963,1,癸,巳,水,火,壬,午,水,火,False,False,0.015784441767421435,2020-W25,2020-06
000858.SZ,2020-06-22,163.0,163.37,-0.002265,216312,3513415.729,庚子,壬午,丙申,1,2020,6,1,-0.002267366231654891,0,丙,申,火,金,壬,午,水,火,False,False,0.04452314388158963,2020-W26,2020-06
000858.SZ,2020-06-23,167.98,163.0,0.030552,265324,4413501.33,庚子,壬午,丁酉,2,2020,6,1,0.030094723890718728,1,丁,酉,火,金,壬,午,水,火,False,False,-0.002267366231654891,2020-W26,2020-06
000858.SZ,2020-06-24,168.61,167.98,0.00375,187986,3172425.486,庚子,壬午,戊戌,3,2020,6,1,0.003743431092408353,1,戊,戌,土,土,壬,午,水,火,False,False,0.030094723890718728,2020-W26,2020-06
000858.SZ,2020-06-29,167.5,168.61,-0.006583,199935,3331811.63,庚子,壬午,癸卯,1,2020,6,1,-0.006605004524768153,0,癸,卯,水,木,壬,午,水,火,False,True,0.003743431092408353,2020-W27,2020-06
000858.SZ,2020-06-30,171.12,167.5,0.021612,189897,3238678.111,庚子,壬午,甲辰,2,2020,6,1,0.02138171350902915,1,甲,辰,木,土,壬,午,水,火,False,True,-0.006605004524768153,2020-W27,2020-06
000858.SZ,2020-07-01,181.98,171.12,0.063464,271818,4886748.745,庚子,壬午,乙巳,3,2020,7,1,0.06153172615439442,1,乙,巳,木,火,壬,午,水,火,True,False,0.02138171350902915,2020-W27,2020-07
000858.SZ,2020-07-02,189.49,181.98,0.041268,348870,6549218.075,庚子,壬午,丙午,4,2020,7,1,0.0404394617529784,1,丙,午,火,火,壬,午,水,火,True,False,0.06153172615439442,2020-W27,2020-07
000858.SZ,2020-07-03,188.72,189.49,-0.004064,308159,5745184.556,庚子,壬午,丁未,5,2020,7,1,-0.0040718175821035625,0,丁,未,火,土,壬,午,水,火,True,False,0.0404394617529784,2020-W27,2020-07
000858.SZ,2020-07-06,192.82,188.72,0.021725,328431,6291466.679,庚子,癸未,庚戌,1,2020,7,1,0.021492676136814676,1,庚,戌,金,土,癸,未,水,土,False,False,-0.0040718175821035625,2020-W28,2020-07
000858.SZ,2020-07-07,201.89,192.82,0.047039,384111,7693352.358,庚子,癸未,辛亥,2,2020,7,1,0.04596588338589805,1,辛,亥,金,水,癸,未,水,土,False,False,0.021492676136814676,2020-W28,2020-07
000858.SZ,2020-07-08,203.36,201.89,0.007281,292322,5907018.139,庚子,癸未,壬子,3,2020,7,1,0.007254812819011573,1,壬,子,水,水,癸,未,水,土,False,False,0.04596588338589805,2020-W28,2020-07
000858.SZ,2020-07-09,203.72,203.36,0.00177,295243,5988999.45,庚子,癸未,癸丑,4,2020,7,1,0.0017686945752598939,1,癸,丑,水,土,癸,未,水,土,False,False,0.007254812819011573,2020-W28,2020-07
000858.SZ,2020-07-10,207.0,203.72,0.016101,335475,6923294.758,庚子,癸未,甲寅,5,2020,7,1,0.01597229124896522,1,甲,寅,木,木,癸,未,水,土,False,False,0.0017686945752598939,2020-W28,2020-07
000858.SZ,2020-07-13,218.2,207.0,0.054106,488807,10648696.886,庚子,癸未,丁巳,1,2020,7,1,0.052693280133601264,1,丁,巳,火,火,癸,未,水,土,False,False,0.01597229124896522,2020-W29,2020-07
000858.SZ,2020-07-14,220.9,218.2,0.012374,438733,9589876.574,庚子,癸未,戊午,2,2020,7,1,0.012298037027101045,1,戊,午,土,火,癸,未,水,土,False,False,0.052693280133601264,2020-W29,2020-07
000858.SZ,2020-07-15,223.95,220.9,0.013807,371699,8289624.15,庚子,癸未,己未,3,2020,7,1,0.013712702227237531,1,己,未,土,土,癸,未,水,土,False,False,0.012298037027101045,2020-W29,2020-07
000858.SZ,2020-07-16,201.56,223.95,-0.099978,705736,14817949.981,庚子,癸未,庚申,4,2020,7,1,-0.10533570884091167,0,庚,申,金,金,癸,未,水,土,False,False,0.013712702227237531,2020-W29,2020-07
000858.SZ,2020-07-17,205.39,201.56,0.019002,529766,10785868.982,庚子,癸未,辛酉,5,2020,7,1,0.01882350700516004,1,辛,酉,金,金,癸,未,水,土,False,False,-0.10533570884091167,2020-W29,2020-07
000858.SZ,2020-07-20,201.68,205.39,-0.018063,442906,8808311.369,庚子,癸未,甲子,1,2020,7,1,-0.01822832793789289,0,甲,子,木,水,癸,未,水,土,False,False,0.01882350700516004,2020-W30,2020-07
000858.SZ,2020-07-21,205.58,201.68,0.019338,317858,6514435.742,庚子,癸未,乙丑,2,2020,7,1,0.019152969705111624,1,乙,丑,木,土,癸,未,水,土,False,False,-0.01822832793789289,2020-W30,2020-07
000858.SZ,2020-07-22,208.9,205.58,0.016149,280663,5873887.494,庚子,癸未,丙寅,3,2020,7,1,0.016020415977744243,1,丙,寅,火,木,癸,未,水,土,False,False,0.019152969705111624,2020-W30,2020-07
000858.SZ,2020-07-23,210.07,208.9,0.005601,265413,5547862.012,庚子,癸未,丁卯,4,2020,7,1,0.005585139945068943,1,丁,卯,火,木,癸,未,水,土,False,False,0.016020415977744243,2020-W30,2020-07
000858.SZ,2020-07-24,201.39,210.07,-0.04132,405386,8233915.251,庚子,癸未,戊辰,5,2020,7,1,-0.04219748188881928,0,戊,辰,土,土,癸,未,水,土,False,False,0.005585139945068943,2020-W30,2020-07
000858.SZ,2020-07-27,204.1,201.39,0.013456,246346,5038945.709,庚子,癸未,辛未,1,2020,7,1,0.01336674319702929,1,辛,未,金,土,癸,未,水,土,False,True,-0.04219748188881928,2020-W31,2020-07
000858.SZ,2020-07-28,214.0,204.1,0.048506,384497,8143034.019,庚子,癸未,壬申,2,2020,7,1,0.047365945206052314,1,壬,申,水,金,癸,未,水,土,False,True,0.01336674319702929,2020-W31,2020-07
000858.SZ,2020-07-29,214.98,214.0,0.004579,301364,6417584.055,庚子,癸未,癸酉,3,2020,7,1,0.004568985523065906,1,癸,酉,水,金,癸,未,水,土,False,True,0.047365945206052314,2020-W31,2020-07
000858.SZ,2020-07-30,216.32,214.98,0.006233,253225,5483434.28,庚子,癸未,甲戌,4,2020,7,1,0.006213792309681898,1,甲,戌,木,土,癸,未,水,土,False,True,0.004568985523065906,2020-W31,2020-07
000858.SZ,2020-07-31,217.5,216.32,0.005455,262317,5707639.443,庚子,癸未,乙亥,5,2020,7,1,0.0054400576741395245,1,乙,亥,木,水,癸,未,水,土,False,True,0.006213792309681898,2020-W31,2020-07
000858.SZ,2020-08-03,217.72,217.5,0.001011,201453,4369803.363,庚子,癸未,戊寅,1,2020,8,1,0.0010109830372605423,1,戊,寅,土,木,癸,未,水,土,True,False,0.0054400576741395245,2020-W32,2020-08
000858.SZ,2020-08-04,215.8,217.72,-0.008819,206769,4483369.686,庚子,癸未,己卯,2,2020,8,1,-0.008857780741964987,0,己,卯,土,木,癸,未,水,土,True,False,0.0010109830372605423,2020-W32,2020-08
000858.SZ,2020-08-05,217.48,215.8,0.007785,186712,4024536.334,庚子,癸未,庚辰,3,2020,8,1,0.007754839453685597,1,庚,辰,金,土,癸,未,水,土,True,False,-0.008857780741964987,2020-W32,2020-08
000858.SZ,2020-08-06,211.02,217.48,-0.029704,323043,6855967.077,庚子,癸未,辛巳,4,2020,8,1,-0.030153976563773676,0,辛,巳,金,火,癸,未,水,土,False,False,0.007754839453685597,2020-W32,2020-08
000858.SZ,2020-08-07,207.26,211.02,-0.017818,287235,5960012.764,庚子,甲申,壬午,5,2020,8,1,-0.017978871957874815,0,壬,午,水,火,甲,申,木,金,False,False,-0.030153976563773676,2020-W32,2020-08
000858.SZ,2020-08-10,205.94,207.26,-0.006369,191521,3941811.351,庚子,甲申,乙酉,1,2020,8,1,-0.006389179527466615,0,乙,酉,木,金,甲,申,木,金,False,False,-0.017978871957874815,2020-W33,2020-08
000858.SZ,2020-08-11,209.0,205.94,0.014859,250090,5285963.734,庚子,甲申,丙戌,2,2020,8,1,0.014749387736206335,1,丙,戌,火,土,甲,申,木,金,False,False,-0.006389179527466615,2020-W33,2020-08
000858.SZ,2020-08-12,206.47,209.0,-0.012105,180249,3701984.354,庚子,甲申,丁亥,3,2020,8,1,-0.012179128568023003,0,丁,亥,火,水,甲,申,木,金,False,False,0.014749387736206335,2020-W33,2020-08
000858.SZ,2020-08-13,206.9,206.47,0.002083,123209,2555092.632,庚子,甲申,戊子,4,2020,8,1,0.0020804613547094246,1,戊,子,土,水,甲,申,木,金,False,False,-0.012179128568023003,2020-W33,2020-08
000858.SZ,2020-08-14,212.9,206.9,0.029,244314,5144549.732,庚子,甲申,己丑,5,2020,8,1,0.028586987147936466,1,己,丑,土,土,甲,申,木,金,False,False,0.0020804613547094246,2020-W33,2020-08
000858.SZ,2020-08-17,219.99,212.9,0.033302,315155,6913069.145,庚子,甲申,壬辰,1,2020,8,1,0.03275951887438416,1,壬,辰,水,土,甲,申,木,金,False,False,0.028586987147936466,2020-W34,2020-08
000858.SZ,2020-08-18,220.57,219.99,0.002636,190382,4208955.657,庚子,甲申,癸巳,2,2020,8,1,0.0026330140506786157,1,癸,巳,水,火,甲,申,木,金,False,False,0.03275951887438416,2020-W34,2020-08
000858.SZ,2020-08-19,222.2,220.57,0.00739,238472,5300628.768,庚子,甲申,甲午,3,2020,8,1,0.00736277238103314,1,甲,午,木,火,甲,申,木,金,False,False,0.0026330140506786157,2020-W34,2020-08
000858.SZ,2020-08-20,216.44,222.2,-0.025923,184906,4022580.052,庚子,甲申,乙未,4,2020,8,1,-0.026264504430995064,0,乙,未,木,土,甲,申,木,金,False,False,0.00736277238103314,2020-W34,2020-08
000858.SZ,2020-08-21,218.4,216.44,0.009056,157318,3438178.399,庚子,甲申,丙申,5,2020,8,1,0.00901487109621558,1,丙,申,火,金,甲,申,木,金,False,False,-0.026264504430995064,2020-W34,2020-08
000858.SZ,2020-08-24,225.0,218.4,0.03022,231522,5170962.343,庚子,甲申,己亥,1,2020,8,1,0.02977215833367005,1,己,亥,土,水,甲,申,木,金,False,False,0.00901487109621558,2020-W35,2020-08
000858.SZ,2020-08-25,235.6,225.0,0.047111,285478,6659413.393,庚子,甲申,庚子,2,2020,8,1,0.0460350495730115,1,庚,子,金,水,甲,申,木,金,False,False,0.02977215833367005,2020-W35,2020-08
000858.SZ,2020-08-26,236.65,235.6,0.004457,262099,6176301.738,庚子,甲申,辛丑,3,2020,8,1,0.004446804574825434,1,辛,丑,金,土,甲,申,木,金,False,False,0.0460350495730115,2020-W35,2020-08
000858.SZ,2020-08-27,238.08,236.65,0.006043,213488,5024119.736,庚子,甲申,壬寅,4,2020,8,1,0.006024495292469984,1,壬,寅,水,木,甲,申,木,金,False,True,0.004446804574825434,2020-W35,2020-08
000858.SZ,2020-08-28,240.5,238.08,0.010165,327241,7823482.204,庚子,甲申,癸卯,5,2020,8,1,0.010113337901088686,1,癸,卯,水,木,甲,申,木,金,False,True,0.006024495292469984,2020-W35,2020-08
000858.SZ,2020-08-31,240.0,240.5,-0.002079,315715,7691010.33,庚子,甲申,丙午,1,2020,8,1,-0.0020811662038245117,0,丙,午,火,火,甲,申,木,金,False,True,0.010113337901088686,2020-W36,2020-08
000858.SZ,2020-09-01,236.24,240.0,-0.015667,300870,7091377.402,庚子,甲申,丁未,2,2020,9,1,-0.015790685906324015,0,丁,未,火,土,甲,申,木,金,True,False,-0.0020811662038245117,2020-W36,2020-09
000858.SZ,2020-09-02,235.0,236.24,-0.005249,196331,4642766.18,庚子,甲申,戊申,3,2020,9,1,-0.00526272329150829,0,戊,申,土,金,甲,申,木,金,True,False,-0.015790685906324015,2020-W36,2020-09
000858.SZ,2020-09-03,238.64,235.0,0.015489,275695,6599198.582,庚子,甲申,己酉,4,2020,9,1,0.015370626062334126,1,己,酉,土,金,甲,申,木,金,True,False,-0.00526272329150829,2020-W36,2020-09
000858.SZ,2020-09-04,230.22,238.64,-0.035283,370920,8495154.315,庚子,甲申,庚戌,5,2020,9,1,-0.03592076671957697,0,庚,戌,金,土,甲,申,木,金,True,False,0.015370626062334126,2020-W36,2020-09
000858.SZ,2020-09-07,226.89,230.22,-0.014464,236226,5428172.452,庚子,乙酉,癸丑,1,2020,9,1,-0.014570054950868187,0,癸,丑,水,土,乙,酉,木,金,False,False,-0.03592076671957697,2020-W37,2020-09
000858.SZ,2020-09-08,221.93,226.89,-0.021861,357085,7906064.618,庚子,乙酉,甲寅,2,2020,9,1,-0.022103301701410095,0,甲,寅,木,木,乙,酉,木,金,False,False,-0.014570054950868187,2020-W37,2020-09
000858.SZ,2020-09-09,217.0,221.93,-0.022214,227061,4950173.117,庚子,乙酉,乙卯,3,2020,9,1,-0.022464663294178153,0,乙,卯,木,木,乙,酉,木,金,False,False,-0.022103301701410095,2020-W37,2020-09
000858.SZ,2020-09-10,223.2,217.0,0.028571,231541,5168118.227,庚子,乙酉,丙辰,4,2020,9,1,0.028170876966696224,1,丙,辰,火,土,乙,酉,木,金,False,False,-0.022464663294178153,2020-W37,2020-09
000858.SZ,2020-09-11,227.88,223.2,0.020968,204700,4597798.171,庚子,乙酉,丁巳,5,2020,9,1,0.020750944105038974,1,丁,巳,火,火,乙,酉,木,金,False,False,0.028170876966696224,2020-W37,2020-09
000858.SZ,2020-09-14,230.08,227.88,0.009654,207492,4747190.668,庚子,乙酉,庚申,1,2020,9,1,0.009607899920487101,1,庚,申,金,金,乙,酉,木,金,False,False,0.020750944105038974,2020-W38,2020-09
000858.SZ,2020-09-15,230.33,230.08,0.001087,120365,2765306.525,庚子,乙酉,辛酉,2,2020,9,1,0.0010859886821321335,1,辛,酉,金,金,乙,酉,木,金,False,False,0.009607899920487101,2020-W38,2020-09
000858.SZ,2020-09-16,226.02,230.33,-0.018712,184537,4206118.388,庚子,乙酉,壬戌,3,2020,9,1,-0.01888957228280939,0,壬,戌,水,土,乙,酉,木,金,False,False,0.0010859886821321335,2020-W38,2020-09
000858.SZ,2020-09-17,222.65,226.02,-0.01491,228016,5066620.919,庚子,乙酉,癸亥,4,2020,9,1,-0.015022459164293317,0,癸,亥,水,水,乙,酉,木,金,False,False,-0.01888957228280939,2020-W38,2020-09
000858.SZ,2020-09-18,229.52,222.65,0.030856,190156,4291299.127,庚子,乙酉,甲子,5,2020,9,1,0.030389139905397915,1,甲,子,木,水,乙,酉,木,金,False,False,-0.015022459164293317,2020-W38,2020-09
000858.SZ,2020-09-21,224.9,229.52,-0.020129,130284,2942680.885,庚子,乙酉,丁卯,1,2020,9,1,-0.020334312707839423,0,丁,卯,火,木,乙,酉,木,金,False,False,0.030389139905397915,2020-W39,2020-09
000858.SZ,2020-09-22,222.9,224.9,-0.008893,120913,2711926.528,庚子,乙酉,戊辰,2,2020,9,1,-0.008932618573446814,0,戊,辰,土,土,乙,酉,木,金,False,False,-0.020334312707839423,2020-W39,2020-09
000858.SZ,2020-09-23,219.32,222.9,-0.016061,251794,5469429.699,庚子,乙酉,己巳,3,2020,9,1,-0.01619138985597555,0,己,巳,土,火,乙,酉,木,金,False,False,-0.008932618573446814,2020-W39,2020-09
000858.SZ,2020-09-24,216.3,219.32,-0.01377,163652,3569684.235,庚子,乙酉,庚午,4,2020,9,1,-0.013865517576834551,0,庚,午,金,火,乙,酉,木,金,False,False,-0.01619138985597555,2020-W39,2020-09
000858.SZ,2020-09-25,217.2,216.3,0.004161,112516,2449369.664,庚子,乙酉,辛未,5,2020,9,1,0.004152255100767288,1,辛,未,金,土,乙,酉,木,金,False,False,-0.013865517576834551,2020-W39,2020-09
000858.SZ,2020-09-28,220.13,217.2,0.01349,152644,3363291.339,庚子,乙酉,甲戌,1,2020,9,1,0.013399692865459672,1,甲,戌,木,土,乙,酉,木,金,False,True,0.004152255100767288,2020-W40,2020-09
000858.SZ,2020-09-29,219.73,220.13,-0.001817,99720,2199769.865,庚子,乙酉,乙亥,2,2020,9,1,-0.0018187610160644925,0,乙,亥,木,水,乙,酉,木,金,False,True,0.013399692865459672,2020-W40,2020-09
000858.SZ,2020-09-30,221.0,219.73,0.00578,162341,3608733.491,庚子,乙酉,丙子,3,2020,9,1,0.005763181608577266,1,丙,子,火,水,乙,酉,木,金,False,True,-0.0018187610160644925,2020-W40,2020-09
000858.SZ,2020-10-09,227.57,221.0,0.029729,208933,4736861.7,庚子,丙戌,乙酉,5,2020,10,1,0.029295181853374444,1,乙,酉,木,金,丙,戌,火,土,False,False,0.005763181608577266,2020-W41,2020-10
000858.SZ,2020-10-12,241.75,227.57,0.06231,324557,7713734.277,庚子,丙戌,戊子,1,2020,10,1,0.06044625096227642,1,戊,子,土,水,丙,戌,火,土,False,False,0.029295181853374444,2020-W42,2020-10
000858.SZ,2020-10-13,242.27,241.75,0.002151,171910,4169972.23,庚子,丙戌,己丑,2,2020,10,1,0.002148672369162601,1,己,丑,土,土,丙,戌,火,土,False,False,0.06044625096227642,2020-W42,2020-10
000858.SZ,2020-10-14,239.4,242.27,-0.011846,183193,4414453.297,庚子,丙戌,庚寅,3,2020,10,1,-0.011917013578693446,0,庚,寅,金,木,丙,戌,火,土,False,False,0.002148672369162601,2020-W42,2020-10
000858.SZ,2020-10-15,238.91,239.4,-0.002047,111760,2673550.249,庚子,丙戌,辛卯,4,2020,10,1,-0.0020488811499438757,0,辛,卯,金,木,丙,戌,火,土,False,False,-0.011917013578693446,2020-W42,2020-10
000858.SZ,2020-10-16,236.88,238.91,-0.008497,118357,2812810.615,庚子,丙戌,壬辰,5,2020,10,1,-0.008533228180593164,0,壬,辰,水,土,丙,戌,火,土,False,False,-0.0020488811499438757,2020-W42,2020-10
000858.SZ,2020-10-19,236.18,236.88,-0.002955,122900,2920521.351,庚子,丙戌,乙未,1,2020,10,1,-0.0029594576202002084,0,乙,未,木,土,丙,戌,火,土,False,False,-0.008533228180593164,2020-W43,2020-10
000858.SZ,2020-10-20,240.98,236.18,0.020323,179963,4313854.388,庚子,丙戌,丙申,2,2020,10,1,0.020119716321994816,1,丙,申,火,金,丙,戌,火,土,False,False,-0.0029594576202002084,2020-W43,2020-10
000858.SZ,2020-10-21,241.77,240.98,0.003278,137076,3309649.772,庚子,丙戌,丁酉,3,2020,10,1,0.003272918509399338,1,丁,酉,火,金,丙,戌,火,土,False,False,0.020119716321994816,2020-W43,2020-10
000858.SZ,2020-10-22,241.74,241.77,-0.000124,150416,3620503.899,庚子,丙戌,戊戌,4,2020,10,1,-0.00012409257321880013,0,戊,戌,土,土,丙,戌,火,土,False,False,0.003272918509399338,2020-W43,2020-10
000858.SZ,2020-10-23,236.63,241.74,-0.021138,134522,3217550.682,庚子,丙戌,己亥,5,2020,10,1,-0.02136502864435107,0,己,亥,土,水,丙,戌,火,土,False,False,-0.00012409257321880013,2020-W43,2020-10
000858.SZ,2020-10-26,232.61,236.63,-0.016989,160000,3696971.91,庚子,丙戌,壬寅,1,2020,10,1,-0.017134508365143655,0,壬,寅,水,木,丙,戌,火,土,False,False,-0.02136502864435107,2020-W44,2020-10
000858.SZ,2020-10-27,233.5,232.61,0.003826,143026,3339001.551,庚子,丙戌,癸卯,2,2020,10,1,0.003818845687135733,1,癸,卯,水,木,丙,戌,火,土,False,True,-0.017134508365143655,2020-W44,2020-10
000858.SZ,2020-10-28,239.98,233.5,0.027752,170762,4079939.455,庚子,丙戌,甲辰,3,2020,10,1,0.027373509427290735,1,甲,辰,木,土,丙,戌,火,土,False,True,0.003818845687135733,2020-W44,2020-10
000858.SZ,2020-10-29,250.0,239.98,0.041753,349627,8707106.516,庚子,丙戌,乙巳,4,2020,10,1,0.04090533132600366,1,乙,巳,木,火,丙,戌,火,土,False,True,0.027373509427290735,2020-W44,2020-10
000858.SZ,2020-10-30,244.35,250.0,-0.0226,239489,5883433.065,庚子,丙戌,丙午,5,2020,10,1,-0.022859294146082672,0,丙,午,火,火,丙,戌,火,土,False,True,0.04090533132600366,2020-W44,2020-10
000858.SZ,2020-11-02,245.7,244.35,0.005525,157337,3880439.537,庚子,丙戌,己酉,1,2020,11,1,0.0055096558109694795,1,己,酉,土,金,丙,戌,火,土,True,False,-0.022859294146082672,2020-W45,2020-11
000858.SZ,2020-11-03,250.4,245.7,0.019129,165350,4112229.156,庚子,丙戌,庚戌,2,2020,11,1,0.01894835969881011,1,庚,戌,金,土,丙,戌,火,土,True,False,0.0055096558109694795,2020-W45,2020-11
000858.SZ,2020-11-04,253.0,250.4,0.010383,129928,3267104.849,庚子,丙戌,辛亥,3,2020,11,1,0.01032984950157666,1,辛,亥,金,水,丙,戌,火,土,True,False,0.01894835969881011,2020-W45,2020-11
000858.SZ,2020-11-05,259.41,253.0,0.025336,189689,4898017.531,庚子,丙戌,壬子,4,2020,11,1,0.02502033291292841,1,壬,子,水,水,丙,戌,火,土,True,False,0.01032984950157666,2020-W45,2020-11
000858.SZ,2020-11-06,259.3,259.41,-0.000424,151164,3901814.024,庚子,丙戌,癸丑,5,2020,11,1,-0.00042412909582989597,0,癸,丑,水,土,丙,戌,火,土,False,False,0.02502033291292841,2020-W45,2020-11
000858.SZ,2020-11-09,270.0,259.3,0.041265,206283,5513207.008,庚子,丁亥,丙辰,1,2020,11,1,0.04043626645375606,1,丙,辰,火,土,丁,亥,火,水,False,False,-0.00042412909582989597,2020-W46,2020-11
000858.SZ,2020-11-10,272.8,270.0,0.01037,223080,6085547.697,庚子,丁亥,丁巳,2,2020,11,1,0.010316966970932269,1,丁,巳,火,火,丁,亥,火,水,False,False,0.04043626645375606,2020-W46,2020-11
000858.SZ,2020-11-11,268.9,272.8,-0.014296,227873,6218718.17,庚子,丁亥,戊午,3,2020,11,1,-0.014399362694488148,0,戊,午,土,火,丁,亥,火,水,False,False,0.010316966970932269,2020-W46,2020-11
000858.SZ,2020-11-12,267.65,268.9,-0.004649,176231,4716978.361,庚子,丁亥,己未,4,2020,11,1,-0.004659406435428726,0,己,未,土,土,丁,亥,火,水,False,False,-0.014399362694488148,2020-W46,2020-11
000858.SZ,2020-11-13,265.0,267.65,-0.009901,188430,4950551.088,庚子,丁亥,庚申,5,2020,11,1,-0.00995033085316798,0,庚,申,金,金,丁,亥,火,水,False,False,-0.004659406435428726,2020-W46,2020-11
000858.SZ,2020-11-16,273.0,265.0,0.030189,195777,5269426.372,庚子,丁亥,癸亥,1,2020,11,1,0.029741969198737516,1,癸,亥,水,水,丁,亥,火,水,False,False,-0.00995033085316798,2020-W47,2020-11
000858.SZ,2020-11-17,269.1,273.0,-0.014286,179476,4847011.187,庚子,丁亥,甲子,2,2020,11,1,-0.014388737452099556,0,甲,子,木,水,丁,亥,火,水,False,False,0.029741969198737516,2020-W47,2020-11
000858.SZ,2020-11-18,263.72,269.1,-0.019993,194562,5134604.862,庚子,丁亥,乙丑,3,2020,11,1,-0.02019512348776122,0,乙,丑,木,土,丁,亥,火,水,False,False,-0.014388737452099556,2020-W47,2020-11
000858.SZ,2020-11-19,264.7,263.72,0.003716,124482,3287372.158,庚子,丁亥,丙寅,4,2020,11,1,0.0037091749879565776,1,丙,寅,火,木,丁,亥,火,水,False,False,-0.02019512348776122,2020-W47,2020-11
000858.SZ,2020-11-20,268.47,264.7,0.014243,111226,2984187.157,庚子,丁亥,丁卯,5,2020,11,1,0.014142066629821108,1,丁,卯,火,木,丁,亥,火,水,False,False,0.0037091749879565776,2020-W47,2020-11
000858.SZ,2020-11-23,272.58,268.47,0.015309,156342,4282239.108,庚子,丁亥,庚午,1,2020,11,1,0.015192973136490224,1,庚,午,金,火,丁,亥,火,水,False,False,0.014142066629821108,2020-W48,2020-11
000858.SZ,2020-11-24,271.79,272.58,-0.002898,125035,3370155.283,庚子,丁亥,辛未,2,2020,11,1,-0.002902439717802911,0,辛,未,金,土,丁,亥,火,水,False,False,0.015192973136490224,2020-W48,2020-11
000858.SZ,2020-11-25,262.97,271.79,-0.032452,165594,4404834.698,庚子,丁亥,壬申,3,2020,11,1,-0.03298975205116335,0,壬,申,水,金,丁,亥,火,水,False,False,-0.002902439717802911,2020-W48,2020-11
000858.SZ,2020-11-26,260.58,262.97,-0.009088,199052,5158676.272,庚子,丁亥,癸酉,4,2020,11,1,-0.009130041455615155,0,癸,酉,水,金,丁,亥,火,水,False,True,-0.03298975205116335,2020-W48,2020-11
000858.SZ,2020-11-27,262.3,260.58,0.006601,112592,2933632.286,庚子,丁亥,甲戌,5,2020,11,1,0.0065789710980425605,1,甲,戌,木,土,丁,亥,火,水,False,True,-0.009130041455615155,2020-W48,2020-11
000858.SZ,2020-11-30,254.0,262.3,-0.031643,211741,5419775.805,庚子,丁亥,丁丑,1,2020,11,1,-0.03215461985429144,0,丁,丑,火,土,丁,亥,火,水,False,True,0.0065789710980425605,2020-W49,2020-11
000858.SZ,2020-12-01,257.99,254.0,0.015709,136480,3509920.228,庚子,丁亥,戊寅,2,2020,12,1,0.015586557461982299,1,戊,寅,土,木,丁,亥,火,水,True,False,-0.03215461985429144,2020-W49,2020-12
000858.SZ,2020-12-02,260.55,257.99,0.009923,116377,3028626.146,庚子,丁亥,己卯,3,2020,12,1,0.00987395687470492,1,己,卯,土,木,丁,亥,火,水,True,False,0.015586557461982299,2020-W49,2020-12
000858.SZ,2020-12-03,261.63,260.55,0.004145,92086,2403046.138,庚子,丁亥,庚辰,4,2020,12,1,0.0041365105517802755,1,庚,辰,金,土,丁,亥,火,水,True,False,0.00987395687470492,2020-W49,2020-12
000858.SZ,2020-12-04,267.19,261.63,0.021251,170511,4536004.928,庚子,丁亥,辛巳,5,2020,12,1,0.021028723905447685,1,辛,巳,金,火,丁,亥,火,水,True,False,0.0041365105517802755,2020-W49,2020-12
000858.SZ,2020-12-07,270.24,267.19,0.011415,196216,5339342.747,庚子,戊子,甲申,1,2020,12,1,0.011350437247038256,1,甲,申,木,金,戊,子,土,水,False,False,0.021028723905447685,2020-W50,2020-12
000858.SZ,2020-12-08,272.0,270.24,0.006513,147775,4019960.93,庚子,戊子,乙酉,2,2020,12,1,0.006491613236507393,1,乙,酉,木,金,戊,子,土,水,False,False,0.011350437247038256,2020-W50,2020-12
000858.SZ,2020-12-09,269.72,272.0,-0.008382,116776,3166929.094,庚子,戊子,丙戌,3,2020,12,1,-0.008417682429616049,0,丙,戌,火,土,戊,子,土,水,False,False,0.006491613236507393,2020-W50,2020-12
000858.SZ,2020-12-10,267.67,269.72,-0.0076,134102,3611981.639,庚子,戊子,丁亥,4,2020,12,1,-0.007629505365146379,0,丁,亥,火,水,戊,子,土,水,False,False,-0.008417682429616049,2020-W50,2020-12
000858.SZ,2020-12-11,267.52,267.67,-0.00056,150052,3995342.178,庚子,戊子,戊子,5,2020,12,1,-0.0005605486048981561,0,戊,子,土,水,戊,子,土,水,False,False,-0.007629505365146379,2020-W50,2020-12
000858.SZ,2020-12-14,273.15,267.52,0.021045,181744,4937790.46,庚子,戊子,辛卯,1,2020,12,1,0.02082676494538978,1,辛,卯,金,木,戊,子,土,水,False,False,-0.0005605486048981561,2020-W51,2020-12
000858.SZ,2020-12-15,270.8,273.15,-0.008603,146118,3949335.198,庚子,戊子,壬辰,2,2020,12,1,-0.00864055380360655,0,壬,辰,水,土,戊,子,土,水,False,False,0.02082676494538978,2020-W51,2020-12
000858.SZ,2020-12-16,274.33,270.8,0.013035,160254,4392611.714,庚子,戊子,癸巳,3,2020,12,1,0.012951220228733278,1,癸,巳,水,火,戊,子,土,水,False,False,-0.00864055380360655,2020-W51,2020-12
000858.SZ,2020-12-17,277.81,274.33,0.012685,199760,5547260.94,庚子,戊子,甲午,4,2020,12,1,0.012605665525739666,1,甲,午,木,火,戊,子,土,水,False,False,0.012951220228733278,2020-W51,2020-12
000858.SZ,2020-12-18,276.86,277.81,-0.00342,150825,4179755.003,庚子,戊子,乙未,5,2020,12,1,-0.0034254635330039883,0,乙,未,木,土,戊,子,土,水,False,False,0.012605665525739666,2020-W51,2020-12
000858.SZ,2020-12-21,281.91,276.86,0.01824,161889,4537599.926,庚子,戊子,戊戌,1,2020,12,1,0.018075907803494374,1,戊,戌,土,土,戊,子,土,水,False,False,-0.0034254635330039883,2020-W52,2020-12
000858.SZ,2020-12-22,282.38,281.91,0.001667,187063,5338602.866,庚子,戊子,己亥,2,2020,12,1,0.0016658105182957193,1,己,亥,土,水,戊,子,土,水,False,False,0.018075907803494374,2020-W52,2020-12
000858.SZ,2020-12-23,278.29,282.38,-0.014484,252215,7103972.923,庚子,戊子,庚子,3,2020,12,1,-0.014589946142119297,0,庚,子,金,水,戊,子,土,水,False,False,0.0016658105182957193,2020-W52,2020-12
000858.SZ,2020-12-24,275.32,278.29,-0.010672,156160,4293939.903,庚子,戊子,辛丑,4,2020,12,1,-0.010729677909096248,0,辛,丑,金,土,戊,子,土,水,False,False,-0.014589946142119297,2020-W52,2020-12
000858.SZ,2020-12-25,275.92,275.32,0.002179,111113,3051169.983,庚子,戊子,壬寅,5,2020,12,1,0.002176911098422088,1,壬,寅,水,木,戊,子,土,水,False,False,-0.010729677909096248,2020-W52,2020-12
000858.SZ,2020-12-28,285.95,275.92,0.036351,193812,5490499.481,庚子,戊子,乙巳,1,2020,12,1,0.03570600173273958,1,乙,巳,木,火,戊,子,土,水,False,True,0.002176911098422088,2020-W53,2020-12
000858.SZ,2020-12-29,281.0,285.95,-0.017311,146589,4136060.906,庚子,戊子,丙午,2,2020,12,1,-0.017462301027579414,0,丙,午,火,火,戊,子,土,水,False,True,0.03570600173273958,2020-W53,2020-12
000858.SZ,2020-12-30,286.88,281.0,0.020925,168825,4826857.468,庚子,戊子,丁未,3,2020,12,1,0.020709340523076998,1,丁,未,火,土,戊,子,土,水,False,True,-0.017462301027579414,2020-W53,2020-12
000858.SZ,2020-12-31,291.85,286.88,0.017324,160038,4661694.421,庚子,戊子,戊申,4,2020,12,1,0.017175961792977326,1,戊,申,土,金,戊,子,土,水,False,True,0.020709340523076998,2020-W53,2020-12
000858.SZ,2021-01-04,298.05,291.85,0.021244,234278,6977115.208,庚子,戊子,壬子,1,2021,1,1,0.02102128601613556,1,壬,子,水,水,戊,子,土,水,True,False,0.017175961792977326,2021-W01,2021-01
000858.SZ,2021-01-05,319.98,298.05,0.073578,314606,9802665.755,庚子,己丑,癸丑,2,2021,1,1,0.07099723617463032,1,癸,丑,水,土,己,丑,土,土,True,False,0.02102128601613556,2021-W01,2021-01
000858.SZ,2021-01-06,328.3,319.98,0.026002,313430,10211616.773,庚子,己丑,甲寅,3,2021,1,1,0.025669330666981183,1,甲,寅,木,木,己,丑,土,土,False,False,0.07099723617463032,2021-W01,2021-01
000858.SZ,2021-01-07,330.0,328.3,0.005178,242559,7882443.069,庚子,己丑,乙卯,4,2021,1,1,0.0051648299529788895,1,乙,卯,木,木,己,丑,土,土,False,False,0.025669330666981183,2021-W01,2021-01
000858.SZ,2021-01-08,317.0,330.0,-0.039394,378702,12096818.569,庚子,己丑,丙辰,5,2021,1,1,-0.04019088058324534,0,丙,辰,火,土,己,丑,土,土,False,False,0.0051648299529788895,2021-W01,2021-01
000858.SZ,2021-01-11,301.2,317.0,-0.049842,381952,11637052.715,庚子,己丑,己未,1,2021,1,1,-0.0511272779515422,0,己,未,土,土,己,丑,土,土,False,False,-0.04019088058324534,2021-W02,2021-01
000858.SZ,2021-01-12,310.0,301.2,0.029216,230255,7067492.692,庚子,己丑,庚申,2,2021,1,1,0.028797801553453392,1,庚,申,金,金,己,丑,土,土,False,False,-0.0511272779515422,2021-W02,2021-01
000858.SZ,2021-01-13,305.33,310.0,-0.015065,233653,7164303.594,庚子,己丑,辛酉,3,2021,1,1,-0.01517913856333025,0,辛,酉,金,金,己,丑,土,土,False,False,0.028797801553453392,2021-W02,2021-01
000858.SZ,2021-01-14,289.4,305.33,-0.052173,354895,10426526.438,庚子,己丑,壬戌,4,2021,1,1,-0.053583344718478185,0,壬,戌,水,土,己,丑,土,土,False,False,-0.01517913856333025,2021-W02,2021-01
000858.SZ,2021-01-15,287.7,289.4,-0.005874,417132,11843762.786,庚子,己丑,癸亥,5,2021,1,1,-0.005891543639881233,0,癸,亥,水,水,己,丑,土,土,False,False,-0.053583344718478185,2021-W02,2021-01
000858.SZ,2021-01-18,284.55,287.7,-0.010949,272558,7724438.136,庚子,己丑,丙寅,1,2021,1,1,-0.011009285508369255,0,丙,寅,火,木,己,丑,土,土,False,False,-0.005891543639881233,2021-W03,2021-01
000858.SZ,2021-01-19,281.5,284.55,-0.010719,293888,8340023.174,庚子,己丑,丁卯,2,2021,1,1,-0.010776537469387828,0,丁,卯,火,木,己,丑,土,土,False,False,-0.011009285508369255,2021-W03,2021-01
000858.SZ,2021-01-20,284.85,281.5,0.011901,264040,7448387.724,庚子,己丑,戊辰,3,2021,1,1,0.01183027834665962,1,戊,辰,土,土,己,丑,土,土,False,False,-0.010776537469387828,2021-W03,2021-01
000858.SZ,2021-01-21,296.95,284.85,0.042478,294023,8608576.887,庚子,己丑,己巳,4,2021,1,1,0.04160104853546456,1,己,巳,土,火,己,丑,土,土,False,False,0.01183027834665962,2021-W03,2021-01
000858.SZ,2021-01-22,295.56,296.95,-0.004681,249466,7369528.934,庚子,己丑,庚午,5,2021,1,1,-0.004691912541422264,0,庚,午,金,火,己,丑,土,土,False,False,0.04160104853546456,2021-W03,2021-01
000858.SZ,2021-01-25,315.69,295.56,0.068108,412909,12821666.909,庚子,己丑,癸酉,1,2021,1,1,0.06588885750038365,1,癸,酉,水,金,己,丑,土,土,False,False,-0.004691912541422264,2021-W04,2021-01
000858.SZ,2021-01-26,305.78,315.69,-0.031392,241435,7458358.973,庚子,己丑,甲戌,2,2021,1,1,-0.031894830288362985,0,甲,戌,木,土,己,丑,土,土,False,False,0.06588885750038365,2021-W04,2021-01
000858.SZ,2021-01-27,292.58,305.78,-0.043168,307938,9033475.506,庚子,己丑,乙亥,3,2021,1,1,-0.044127755582527586,0,乙,亥,木,水,己,丑,土,土,False,True,-0.031894830288362985,2021-W04,2021-01
000858.SZ,2021-01-28,286.0,292.58,-0.02249,276077,7911157.526,庚子,己丑,丙子,4,2021,1,1,-0.022746322730087424,0,丙,子,火,水,己,丑,土,土,False,True,-0.044127755582527586,2021-W04,2021-01
000858.SZ,2021-01-29,291.14,286.0,0.017972,220109,6431745.13,庚子,己丑,丁丑,5,2021,1,1,0.017812440316662126,1,丁,丑,火,土,己,丑,土,土,False,True,-0.022746322730087424,2021-W04,2021-01
000858.SZ,2021-02-01,292.29,291.14,0.00395,195759,5790219.683,庚子,己丑,庚辰,1,2021,2,1,0.003942208968844892,1,庚,辰,金,土,己,丑,土,土,True,False,0.017812440316662126,2021-W05,2021-02
000858.SZ,2021-02-02,304.12,292.29,0.040474,297492,8931329.219,庚子,己丑,辛巳,2,2021,2,1,0.039675900254876384,1,辛,巳,金,火,己,丑,土,土,True,False,0.003942208968844892,2021-W05,2021-02
000858.SZ,2021-02-03,308.75,304.12,0.015224,224546,6862660.163,辛丑,庚寅,壬午,3,2021,2,1,0.015109527581951134,1,壬,午,水,火,庚,寅,金,木,True,False,0.039675900254876384,2021-W05,2021-02
000858.SZ,2021-02-04,313.6,308.75,0.015709,280574,8823190.961,辛丑,庚寅,癸未,4,2021,2,1,0.015586400534065858,1,癸,未,水,土,庚,寅,金,木,True,False,0.015109527581951134,2021-W05,2021-02
000858.SZ,2021-02-05,319.76,313.6,0.019643,328913,10624157.468,辛丑,庚寅,甲申,5,2021,2,1,0.01945242592681523,1,甲,申,木,金,庚,寅,金,木,True,False,0.015586400534065858,2021-W05,2021-02
000858.SZ,2021-02-08,320.0,319.76,0.000751,266529,8556525.644,辛丑,庚寅,丁亥,1,2021,2,1,0.0007502813907042828,1,丁,亥,火,水,庚,寅,金,木,False,False,0.01945242592681523,2021-W06,2021-02
000858.SZ,2021-02-09,329.5,320.0,0.029688,224779,7323491.251,辛丑,庚寅,戊子,2,2021,2,1,0.029255358148789764,1,戊,子,土,水,庚,寅,金,木,False,False,0.0007502813907042828,2021-W06,2021-02
000858.SZ,2021-02-10,342.65,329.5,0.039909,331931,11318193.474,辛丑,庚寅,己丑,3,2021,2,1,0.039133164089270804,1,己,丑,土,土,庚,寅,金,木,False,False,0.029255358148789764,2021-W06,2021-02
000858.SZ,2021-02-18,333.5,342.65,-0.026704,343815,11828646.631,辛丑,庚寅,丁酉,4,2021,2,1,-0.027066652676154237,0,丁,酉,火,金,庚,寅,金,木,False,False,0.039133164089270804,2021-W07,2021-02
000858.SZ,2021-02-19,344.4,333.5,0.032684,274750,9295089.531,辛丑,庚寅,戊戌,5,2021,2,1,0.03216090719789724,1,戊,戌,土,土,庚,寅,金,木,False,False,-0.027066652676154237,2021-W07,2021-02
000858.SZ,2021-02-22,313.06,344.4,-0.090999,414582,13367286.789,辛丑,庚寅,辛丑,1,2021,2,1,-0.09540890709349875,0,辛,丑,金,土,庚,寅,金,木,False,False,0.03216090719789724,2021-W08,2021-02
000858.SZ,2021-02-23,315.0,313.06,0.006197,278668,8795804.295,辛丑,庚寅,壬寅,2,2021,2,1,0.006177773365556092,1,壬,寅,水,木,庚,寅,金,木,False,False,-0.09540890709349875,2021-W08,2021-02
000858.SZ,2021-02-24,293.08,315.0,-0.069587,417248,12424962.071,辛丑,庚寅,癸卯,3,2021,2,1,-0.07212702953387,0,癸,卯,水,木,庚,寅,金,木,False,True,0.006177773365556092,2021-W08,2021-02
000858.SZ,2021-02-25,288.9,293.08,-0.014262,249046,7274333.597,辛丑,庚寅,甲辰,4,2021,2,1,-0.01436500181957356,0,甲,辰,木,土,庚,寅,金,木,False,True,-0.07212702953387,2021-W08,2021-02
000858.SZ,2021-02-26,280.0,288.9,-0.030807,288970,8100247.691,辛丑,庚寅,乙巳,5,2021,2,1,-0.03129100430293989,0,乙,巳,木,火,庚,寅,金,木,False,True,-0.01436500181957356,2021-W08,2021-02
000858.SZ,2021-03-01,289.02,280.0,0.032214,255063,7352003.877,辛丑,庚寅,戊申,1,2021,3,1,0.03170628670093485,1,戊,申,土,金,庚,寅,金,木,True,False,-0.03129100430293989,2021-W09,2021-03
000858.SZ,2021-03-02,280.7,289.02,-0.028787,244124,6955462.354,辛丑,庚寅,己酉,2,2021,3,1,-0.02920940650234757,0,己,酉,土,金,庚,寅,金,木,True,False,0.03170628670093485,2021-W09,2021-03
000858.SZ,2021-03-03,285.3,280.7,0.016388,211717,5951313.5,辛丑,庚寅,庚戌,3,2021,3,1,0.016254774851617502,1,庚,戌,金,土,庚,寅,金,木,True,False,-0.02920940650234757,2021-W09,2021-03
000858.SZ,2021-03-04,266.31,285.3,-0.066562,329358,8896042.111,辛丑,庚寅,辛亥,4,2021,3,1,-0.06888021447111671,0,辛,亥,金,水,庚,寅,金,木,True,False,0.016254774851617502,2021-W09,2021-03
000858.SZ,2021-03-05,266.5,266.31,0.000713,291650,7727068.295,辛丑,辛卯,壬子,5,2021,3,1,0.0007131998575614545,1,壬,子,水,水,辛,卯,金,木,True,False,-0.06888021447111671,2021-W09,2021-03
000858.SZ,2021-03-08,244.5,266.5,-0.082552,383653,9779570.334,辛丑,辛卯,乙卯,1,2021,3,1,-0.08615893469097251,0,乙,卯,木,木,辛,卯,金,木,False,False,0.0007131998575614545,2021-W10,2021-03
000858.SZ,2021-03-09,242.5,244.5,-0.00818,438745,10599045.847,辛丑,辛卯,丙辰,2,2021,3,1,-0.008213598537388856,0,丙,辰,火,土,辛,卯,金,木,False,False,-0.08615893469097251,2021-W10,2021-03
000858.SZ,2021-03-10,252.6,242.5,0.041649,309582,7776577.821,辛丑,辛卯,丁巳,3,2021,3,1,0.04080549953885279,1,丁,巳,火,火,辛,卯,金,木,False,False,-0.008213598537388856,2021-W10,2021-03
000858.SZ,2021-03-11,265.04,252.6,0.049248,301530,7909417.124,辛丑,辛卯,戊午,4,2021,3,1,0.04807354807524969,1,戊,午,土,火,辛,卯,金,木,False,False,0.04080549953885279,2021-W10,2021-03
000858.SZ,2021-03-12,264.45,265.04,-0.002226,251437,6596290.241,辛丑,辛卯,己未,5,2021,3,1,-0.0022285604796516397,0,己,未,土,土,辛,卯,金,木,False,False,0.04807354807524969,2021-W10,2021-03
000858.SZ,2021-03-15,251.01,264.45,-0.050822,248997,6320778.553,辛丑,辛卯,壬戌,1,2021,3,1,-0.05215941853637194,0,壬,戌,水,土,辛,卯,金,木,False,False,-0.0022285604796516397,2021-W11,2021-03
000858.SZ,2021-03-16,262.41,251.01,0.045417,231656,5953026.225,辛丑,辛卯,癸亥,2,2021,3,1,0.044415387124256314,1,癸,亥,水,水,辛,卯,金,木,False,False,-0.05215941853637194,2021-W11,2021-03
000858.SZ,2021-03-17,264.31,262.41,0.007241,198878,5234840.656,辛丑,辛卯,甲子,3,2021,3,1,0.00721449058727457,1,甲,子,木,水,辛,卯,金,木,False,False,0.044415387124256314,2021-W11,2021-03
000858.SZ,2021-03-18,270.39,264.31,0.023003,201303,5462748.512,辛丑,辛卯,乙丑,4,2021,3,1,0.02274270454928015,1,乙,丑,木,土,辛,卯,金,木,False,False,0.00721449058727457,2021-W11,2021-03
000858.SZ,2021-03-19,260.79,270.39,-0.035504,197849,5158274.508,辛丑,辛卯,丙寅,5,2021,3,1,-0.03614987547734531,0,丙,寅,火,木,辛,卯,金,木,False,False,0.02274270454928015,2021-W11,2021-03
000858.SZ,2021-03-22,259.5,260.79,-0.004947,142782,3700614.995,辛丑,辛卯,己巳,1,2021,3,1,-0.004958783153139366,0,己,巳,土,火,辛,卯,金,木,False,False,-0.03614987547734531,2021-W12,2021-03
000858.SZ,2021-03-23,262.25,259.5,0.010597,126951,3309793.203,辛丑,辛卯,庚午,2,2021,3,1,0.010541544670463213,1,庚,午,金,火,辛,卯,金,木,False,False,-0.004958783153139366,2021-W12,2021-03
000858.SZ,2021-03-24,260.8,262.25,-0.005529,179421,4728182.217,辛丑,辛卯,辛未,3,2021,3,1,-0.0055444172239086245,0,辛,未,金,土,辛,卯,金,木,False,False,0.010541544670463213,2021-W12,2021-03
000858.SZ,2021-03-25,255.98,260.8,-0.018482,186258,4750886.353,辛丑,辛卯,壬申,4,2021,3,1,-0.018654513624852268,0,壬,申,水,金,辛,卯,金,木,False,False,-0.0055444172239086245,2021-W12,2021-03
000858.SZ,2021-03-26,265.95,255.98,0.038948,230202,6054732.217,辛丑,辛卯,癸酉,5,2021,3,1,0.0382090047606809,1,癸,酉,水,金,辛,卯,金,木,False,False,-0.018654513624852268,2021-W12,2021-03
000858.SZ,2021-03-29,272.09,265.95,0.023087,281994,7712653.715,辛丑,辛卯,丙子,1,2021,3,1,0.022824572731118358,1,丙,子,火,水,辛,卯,金,木,False,True,0.0382090047606809,2021-W13,2021-03
000858.SZ,2021-03-30,273.46,272.09,0.005035,168707,4624076.063,辛丑,辛卯,丁丑,2,2021,3,1,0.005022464961490473,1,丁,丑,火,土,辛,卯,金,木,False,True,0.022824572731118358,2021-W13,2021-03
000858.SZ,2021-03-31,267.98,273.46,-0.020039,134111,3583946.108,辛丑,辛卯,戊寅,3,2021,3,1,-0.0202430080204735,0,戊,寅,土,木,辛,卯,金,木,False,True,0.005022464961490473,2021-W13,2021-03
000858.SZ,2021-04-01,273.08,267.98,0.019031,121142,3280567.357,辛丑,辛卯,己卯,4,2021,4,1,0.018852441689617572,1,己,卯,土,木,辛,卯,金,木,True,False,-0.0202430080204735,2021-W13,2021-04
000858.SZ,2021-04-02,284.56,273.08,0.042039,229626,6443304.987,辛丑,辛卯,庚辰,5,2021,4,1,0.04117933509012031,1,庚,辰,金,土,辛,卯,金,木,True,False,0.018852441689617572,2021-W13,2021-04
000858.SZ,2021-04-06,284.76,284.56,0.000703,155508,4431624.295,辛丑,壬辰,甲申,2,2021,4,1,0.0007025925954727975,1,甲,申,木,金,壬,辰,水,土,False,False,0.04117933509012031,2021-W14,2021-04
000858.SZ,2021-04-07,270.85,284.76,-0.048848,244936,6674234.724,辛丑,壬辰,乙酉,3,2021,4,1,-0.05008155813176454,0,乙,酉,木,金,壬,辰,水,土,False,False,0.0007025925954727975,2021-W14,2021-04
000858.SZ,2021-04-08,273.08,270.85,0.008233,162114,4396674.335,辛丑,壬辰,丙戌,4,2021,4,1,0.008199630446171476,1,丙,戌,火,土,壬,辰,水,土,False,False,-0.05008155813176454,2021-W14,2021-04
000858.SZ,2021-04-09,265.3,273.08,-0.02849,146115,3895892.301,辛丑,壬辰,丁亥,5,2021,4,1,-0.028903531406385526,0,丁,亥,火,水,壬,辰,水,土,False,False,0.008199630446171476,2021-W14,2021-04
000858.SZ,2021-04-12,260.99,265.3,-0.016246,133232,3495254.788,辛丑,壬辰,庚寅,1,2021,4,1,-0.016379168731252624,0,庚,寅,金,木,壬,辰,水,土,False,False,-0.028903531406385526,2021-W15,2021-04
000858.SZ,2021-04-13,262.9,260.99,0.007318,138757,3670699.723,辛丑,壬辰,辛卯,2,2021,4,1,0.007291639323393961,1,辛,卯,金,木,壬,辰,水,土,False,False,-0.016379168731252624,2021-W15,2021-04
000858.SZ,2021-04-14,263.78,262.9,0.003347,148177,3916715.2,辛丑,壬辰,壬辰,3,2021,4,1,0.0033416906619032558,1,壬,辰,水,土,壬,辰,水,土,False,False,0.007291639323393961,2021-W15,2021-04
000858.SZ,2021-04-15,255.8,263.78,-0.030252,285959,7267459.255,辛丑,壬辰,癸巳,4,2021,4,1,-0.030719533252996273,0,癸,巳,水,火,壬,辰,水,土,False,False,0.0033416906619032558,2021-W15,2021-04
000858.SZ,2021-04-16,261.8,255.8,0.023456,187543,4877110.716,辛丑,壬辰,甲午,5,2021,4,1,0.023184964331057316,1,甲,午,木,火,壬,辰,水,土,False,False,-0.030719533252996273,2021-W15,2021-04
000858.SZ,2021-04-19,265.67,261.8,0.014782,188155,4960854.542,辛丑,壬辰,丁酉,1,2021,4,1,0.01467408361903518,1,丁,酉,火,金,壬,辰,水,土,False,False,0.023184964331057316,2021-W16,2021-04
000858.SZ,2021-04-20,267.75,265.67,0.007829,199146,5367602.759,辛丑,壬辰,戊戌,2,2021,4,1,0.007798772233023479,1,戊,戌,土,土,壬,辰,水,土,False,False,0.01467408361903518,2021-W16,2021-04
000858.SZ,2021-04-21,270.85,267.75,0.011578,159231,4295280.588,辛丑,壬辰,己亥,3,2021,4,1,0.011511452776049903,1,己,亥,土,水,壬,辰,水,土,False,False,0.007798772233023479,2021-W16,2021-04
000858.SZ,2021-04-22,271.19,270.85,0.001255,116274,3157592.141,辛丑,壬辰,庚子,4,2021,4,1,0.0012545201261587868,1,庚,子,金,水,壬,辰,水,土,False,False,0.011511452776049903,2021-W16,2021-04
000858.SZ,2021-04-23,280.0,271.19,0.032486,207833,5769545.85,辛丑,壬辰,辛丑,5,2021,4,1,0.03196992093918289,1,辛,丑,金,土,壬,辰,水,土,False,False,0.0012545201261587868,2021-W16,2021-04
000858.SZ,2021-04-26,275.0,280.0,-0.017857,203903,5710005.243,辛丑,壬辰,甲辰,1,2021,4,1,-0.018018505502678365,0,甲,辰,木,土,壬,辰,水,土,False,True,0.03196992093918289,2021-W17,2021-04
000858.SZ,2021-04-27,281.82,275.0,0.0248,142314,3950995.457,辛丑,壬辰,乙巳,2,2021,4,1,0.02449747160038737,1,乙,巳,木,火,壬,辰,水,土,False,True,-0.018018505502678365,2021-W17,2021-04
000858.SZ,2021-04-28,285.6,281.82,0.013413,220278,6211307.911,辛丑,壬辰,丙午,3,2021,4,1,0.013323661198470664,1,丙,午,火,火,壬,辰,水,土,False,True,0.02449747160038737,2021-W17,2021-04
000858.SZ,2021-04-29,289.5,285.6,0.013655,206936,5941444.368,辛丑,壬辰,丁未,4,2021,4,1,0.013563066547620566,1,丁,未,火,土,壬,辰,水,土,False,True,0.013323661198470664,2021-W17,2021-04
000858.SZ,2021-04-30,285.0,289.5,-0.015544,158030,4521364.969,辛丑,壬辰,戊申,5,2021,4,1,-0.015666116744399463,0,戊,申,土,金,壬,辰,水,土,False,True,0.013563066547620566,2021-W17,2021-04
000858.SZ,2021-05-06,276.44,285.0,-0.030035,168660,4713100.4,辛丑,癸巳,甲寅,4,2021,5,1,-0.030495381045457,0,甲,寅,木,木,癸,巳,水,火,False,False,-0.015666116744399463,2021-W18,2021-05
000858.SZ,2021-05-07,272.1,276.44,-0.0157,125007,3441009.131,辛丑,癸巳,乙卯,5,2021,5,1,-0.015824153433992873,0,乙,卯,木,木,癸,巳,水,火,False,False,-0.030495381045457,2021-W18,2021-05
000858.SZ,2021-05-10,264.0,272.1,-0.029768,195248,5183389.746,辛丑,癸巳,戊午,1,2021,5,1,-0.030220542642884523,0,戊,午,土,火,癸,巳,水,火,False,False,-0.015824153433992873,2021-W19,2021-05
000858.SZ,2021-05-11,275.45,264.0,0.043371,192326,5208651.09,辛丑,癸巳,己未,2,2021,5,1,0.04245702077240924,1,己,未,土,土,癸,巳,水,火,False,False,-0.030220542642884523,2021-W19,2021-05
000858.SZ,2021-05-12,277.51,275.45,0.007479,121063,3356761.37,辛丑,癸巳,庚申,3,2021,5,1,0.007450844654517362,1,庚,申,金,金,癸,巳,水,火,False,False,0.04245702077240924,2021-W19,2021-05
000858.SZ,2021-05-13,276.0,277.51,-0.005441,97079,2670400.82,辛丑,癸巳,辛酉,4,2021,5,1,-0.005456102856092819,0,辛,酉,金,金,癸,巳,水,火,False,False,0.007450844654517362,2021-W19,2021-05
000858.SZ,2021-05-14,287.0,276.0,0.039855,218084,6208023.602,辛丑,癸巳,壬戌,5,2021,5,1,0.03908135004247106,1,壬,戌,水,土,癸,巳,水,火,False,False,-0.005456102856092819,2021-W19,2021-05
000858.SZ,2021-05-17,297.19,287.0,0.035505,280614,8373250.451,辛丑,癸巳,乙丑,1,2021,5,1,0.034889449142392615,1,乙,丑,木,土,癸,巳,水,火,False,False,0.03908135004247106,2021-W20,2021-05
000858.SZ,2021-05-18,299.5,297.19,0.007773,147286,4370179.795,辛丑,癸巳,丙寅,2,2021,5,1,0.0077427526534902084,1,丙,寅,火,木,癸,巳,水,火,False,False,0.034889449142392615,2021-W20,2021-05
000858.SZ,2021-05-19,302.79,299.5,0.010985,167000,5082549.122,辛丑,癸巳,丁卯,3,2021,5,1,0.010925078363373792,1,丁,卯,火,木,癸,巳,水,火,False,False,0.0077427526534902084,2021-W20,2021-05
000858.SZ,2021-05-20,303.51,302.79,0.002378,140239,4268328.787,辛丑,癸巳,戊辰,4,2021,5,1,0.0023750629670308376,1,戊,辰,土,土,癸,巳,水,火,False,False,0.010925078363373792,2021-W20,2021-05
000858.SZ,2021-05-21,296.6,303.51,-0.022767,172620,5161569.642,辛丑,癸巳,己巳,5,2021,5,1,-0.023030129182076843,0,己,巳,土,火,癸,巳,水,火,False,False,0.0023750629670308376,2021-W20,2021-05
000858.SZ,2021-05-24,305.01,296.6,0.028355,157088,4729942.081,辛丑,癸巳,壬申,1,2021,5,1,0.02796013325134757,1,壬,申,水,金,癸,巳,水,火,False,False,-0.023030129182076843,2021-W21,2021-05
000858.SZ,2021-05-25,323.03,305.01,0.05908,323058,10261281.423,辛丑,癸巳,癸酉,2,2021,5,1,0.05740063521143202,1,癸,酉,水,金,癸,巳,水,火,False,False,0.02796013325134757,2021-W21,2021-05
000858.SZ,2021-05-26,319.0,323.03,-0.012476,190751,6100319.124,辛丑,癸巳,甲戌,3,2021,5,1,-0.012554095381766738,0,甲,戌,木,土,癸,巳,水,火,False,False,0.05740063521143202,2021-W21,2021-05
000858.SZ,2021-05-27,318.18,319.0,-0.002571,164363,5251052.172,辛丑,癸巳,乙亥,4,2021,5,1,-0.0025738424077509127,0,乙,亥,木,水,癸,巳,水,火,False,True,-0.012554095381766738,2021-W21,2021-05
000858.SZ,2021-05-28,316.9,318.18,-0.004023,130245,4116488.946,辛丑,癸巳,丙子,5,2021,5,1,-0.004030993680218659,0,丙,子,火,水,癸,巳,水,火,False,True,-0.0025738424077509127,2021-W21,2021-05
000858.SZ,2021-05-31,315.12,316.9,-0.005617,177683,5542253.079,辛丑,癸巳,己卯,1,2021,5,1,-0.005632748034224543,0,己,卯,土,木,癸,巳,水,火,False,True,-0.004030993680218659,2021-W22,2021-05
000858.SZ,2021-06-01,315.7,315.12,0.001841,163875,5152812.416,辛丑,癸巳,庚辰,2,2021,6,1,0.0018388769012954867,1,庚,辰,金,土,癸,巳,水,火,True,False,-0.005632748034224543,2021-W22,2021-06
000858.SZ,2021-06-02,311.84,315.7,-0.012227,156532,4890684.59,辛丑,癸巳,辛巳,3,2021,6,1,-0.012302159804695366,0,辛,巳,金,火,癸,巳,水,火,True,False,0.0018388769012954867,2021-W22,2021-06
000858.SZ,2021-06-03,313.61,311.84,0.005676,179177,5652744.412,辛丑,癸巳,壬午,4,2021,6,1,0.005659939963700538,1,壬,午,水,火,癸,巳,水,火,True,False,-0.012302159804695366,2021-W22,2021-06
000858.SZ,2021-06-04,315.3,313.61,0.005389,175287,5497026.749,辛丑,癸巳,癸未,5,2021,6,1,0.00537439082806385,1,癸,未,水,土,癸,巳,水,火,True,False,0.005659939963700538,2021-W22,2021-06
000858.SZ,2021-06-07,312.91,315.3,-0.00758,187370,5843427.388,辛丑,甲午,丙戌,1,2021,6,1,-0.007608957294497753,0,丙,戌,火,土,甲,午,木,火,False,False,0.00537439082806385,2021-W23,2021-06
000858.SZ,2021-06-08,297.95,312.91,-0.047809,311652,9408595.821,辛丑,甲午,丁亥,2,2021,6,1,-0.04898992206352956,0,丁,亥,火,水,甲,午,木,火,False,False,-0.007608957294497753,2021-W23,2021-06
000858.SZ,2021-06-09,296.5,297.95,-0.004867,171576,5075838.987,辛丑,甲午,戊子,3,2021,6,1,-0.00487846875520778,0,戊,子,土,水,甲,午,木,火,False,False,-0.04898992206352956,2021-W23,2021-06
000858.SZ,2021-06-10,303.05,296.5,0.022091,150772,4565221.138,辛丑,甲午,己丑,4,2021,6,1,0.021850589959513972,1,己,丑,土,土,甲,午,木,火,False,False,-0.00487846875520778,2021-W23,2021-06
000858.SZ,2021-06-11,301.57,303.05,-0.004884,159127,4783871.682,辛丑,甲午,庚寅,5,2021,6,1,-0.004895646706932743,0,庚,寅,金,木,甲,午,木,火,False,False,0.021850589959513972,2021-W23,2021-06
000858.SZ,2021-06-15,299.26,301.57,-0.00766,145161,4323376.155,辛丑,甲午,甲午,2,2021,6,1,-0.007689400935088109,0,甲,午,木,火,甲,午,木,火,False,False,-0.004895646706932743,2021-W24,2021-06
000858.SZ,2021-06-16,292.32,299.26,-0.023191,140629,4120477.427,辛丑,甲午,乙未,3,2021,6,1,-0.023463668125576733,0,乙,未,木,土,甲,午,木,火,False,False,-0.007689400935088109,2021-W24,2021-06
000858.SZ,2021-06-17,294.22,292.32,0.0065,109045,3213936.358,辛丑,甲午,丙申,4,2021,6,1,0.006478694192369175,1,丙,申,火,金,甲,午,木,火,False,False,-0.023463668125576733,2021-W24,2021-06
000858.SZ,2021-06-18,291.0,294.22,-0.010944,190715,5539524.449,辛丑,甲午,丁酉,5,2021,6,1,-0.01100451965057335,0,丁,酉,火,金,甲,午,木,火,False,False,0.006478694192369175,2021-W24,2021-06
000858.SZ,2021-06-21,296.87,291.0,0.020172,206028,6063841.832,辛丑,甲午,庚子,1,2021,6,1,0.019971065370320153,1,庚,子,金,水,甲,午,木,火,False,False,-0.01100451965057335,2021-W25,2021-06
000858.SZ,2021-06-22,299.89,296.87,0.010173,161663,4846385.284,辛丑,甲午,辛丑,2,2021,6,1,0.010121408209062805,1,辛,丑,金,土,甲,午,木,火,False,False,0.019971065370320153,2021-W25,2021-06
000858.SZ,2021-06-23,290.94,299.89,-0.029844,230564,6749757.12,辛丑,甲午,壬寅,3,2021,6,1,-0.03029868040555955,0,壬,寅,水,木,甲,午,木,火,False,False,0.010121408209062805,2021-W25,2021-06
000858.SZ,2021-06-24,292.7,290.94,0.006049,165518,4788276.581,辛丑,甲午,癸卯,4,2021,6,1,0.00603113335252427,1,癸,卯,水,木,甲,午,木,火,False,False,-0.03029868040555955,2021-W25,2021-06
000858.SZ,2021-06-25,299.92,292.7,0.024667,205223,6107081.7,辛丑,甲午,甲辰,5,2021,6,1,0.02436757872981656,1,甲,辰,木,土,甲,午,木,火,False,False,0.00603113335252427,2021-W25,2021-06
000858.SZ,2021-06-28,306.31,299.92,0.021306,161253,4908850.411,辛丑,甲午,丁未,1,2021,6,1,0.021081888609130146,1,丁,未,火,土,甲,午,木,火,False,True,0.02436757872981656,2021-W26,2021-06
000858.SZ,2021-06-29,298.55,306.31,-0.025334,156720,4707055.411,辛丑,甲午,戊申,2,2021,6,1,-0.02566023804378526,0,戊,申,土,金,甲,午,木,火,False,True,0.021081888609130146,2021-W26,2021-06
000858.SZ,2021-06-30,297.89,298.55,-0.002211,103395,3090106.555,辛丑,甲午,己酉,3,2021,6,1,-0.0022131321487072705,0,己,酉,土,金,甲,午,木,火,False,True,-0.02566023804378526,2021-W26,2021-06
000858.SZ,2021-07-01,298.2,297.89,0.001041,136310,4012429.333,辛丑,甲午,庚戌,4,2021,7,1,0.001040111486343866,1,庚,戌,金,土,甲,午,木,火,True,False,-0.0022131321487072705,2021-W26,2021-07
000858.SZ,2021-07-02,286.03,298.2,-0.040812,211691,6104707.041,辛丑,甲午,辛亥,5,2021,7,1,-0.04166770190699728,0,辛,亥,金,水,甲,午,木,火,True,False,0.001040111486343866,2021-W26,2021-07
000858.SZ,2021-07-05,281.1,286.03,-0.017236,180542,5106360.245,辛丑,甲午,甲寅,1,2021,7,1,-0.017386222511154535,0,甲,寅,木,木,甲,午,木,火,True,False,-0.04166770190699728,2021-W27,2021-07
000858.SZ,2021-07-06,277.25,281.1,-0.013696,238954,6571285.948,辛丑,甲午,乙卯,2,2021,7,1,-0.013790851682009822,0,乙,卯,木,木,甲,午,木,火,False,False,-0.017386222511154535,2021-W27,2021-07
000858.SZ,2021-07-07,284.59,277.25,0.026474,174543,4936536.496,辛丑,乙未,丙辰,3,2021,7,1,0.026129921773521046,1,丙,辰,火,土,乙,未,木,土,False,False,-0.013790851682009822,2021-W27,2021-07
000858.SZ,2021-07-08,269.84,284.59,-0.051829,439575,12010041.26,辛丑,乙未,丁巳,4,2021,7,1,-0.05322035725060286,0,丁,巳,火,火,乙,未,木,土,False,False,0.026129921773521046,2021-W27,2021-07
000858.SZ,2021-07-09,267.28,267.26,7.5e-05,213674,5702882.115,辛丑,乙未,戊午,5,2021,7,1,7.483069558620859e-05,1,戊,午,土,火,乙,未,木,土,False,False,-0.05322035725060286,2021-W27,2021-07
000858.SZ,2021-07-12,270.95,267.28,0.013731,264246,7111433.622,辛丑,乙未,辛酉,1,2021,7,1,0.013637503963622071,1,辛,酉,金,金,乙,未,木,土,False,False,7.483069558620859e-05,2021-W28,2021-07
000858.SZ,2021-07-13,276.0,270.95,0.018638,218997,6044746.554,辛丑,乙未,壬戌,2,2021,7,1,0.018466563705026768,1,壬,戌,水,土,乙,未,木,土,False,False,0.013637503963622071,2021-W28,2021-07
000858.SZ,2021-07-14,275.3,276.0,-0.002536,209218,5710321.392,辛丑,乙未,癸亥,3,2021,7,1,-0.002539453568588338,0,癸,亥,水,水,乙,未,木,土,False,False,0.018466563705026768,2021-W28,2021-07
000858.SZ,2021-07-15,280.83,275.3,0.020087,195494,5443652.587,辛丑,乙未,甲子,4,2021,7,1,0.019888091903201233,1,甲,子,木,水,乙,未,木,土,False,False,-0.002539453568588338,2021-W28,2021-07
000858.SZ,2021-07-16,277.52,280.83,-0.011786,151513,4230603.079,辛丑,乙未,乙丑,5,2021,7,1,-0.011856501390268776,0,乙,丑,木,土,乙,未,木,土,False,False,0.019888091903201233,2021-W28,2021-07
000858.SZ,2021-07-19,280.89,277.52,0.012143,143319,3994088.405,辛丑,乙未,戊辰,1,2021,7,1,0.012070130957413215,1,戊,辰,土,土,乙,未,木,土,False,False,-0.011856501390268776,2021-W29,2021-07
000858.SZ,2021-07-20,282.3,280.89,0.00502,130092,3669251.201,辛丑,乙未,己巳,2,2021,7,1,0.005007201640536207,1,己,巳,土,火,乙,未,木,土,False,False,0.012070130957413215,2021-W29,2021-07
000858.SZ,2021-07-21,281.22,282.3,-0.003826,149605,4226787.177,辛丑,乙未,庚午,3,2021,7,1,-0.0038330540967737785,0,庚,午,金,火,乙,未,木,土,False,False,0.005007201640536207,2021-W29,2021-07
000858.SZ,2021-07-22,280.1,281.22,-0.003983,143103,4028250.662,辛丑,乙未,辛未,4,2021,7,1,-0.003990598896606946,0,辛,未,金,土,乙,未,木,土,False,False,-0.0038330540967737785,2021-W29,2021-07
000858.SZ,2021-07-23,271.21,280.1,-0.031739,212303,5760869.08,辛丑,乙未,壬申,5,2021,7,1,-0.0322532537232784,0,壬,申,水,金,乙,未,木,土,False,False,-0.003990598896606946,2021-W29,2021-07
000858.SZ,2021-07-26,249.54,271.21,-0.079901,462131,11693393.537,辛丑,乙未,乙亥,1,2021,7,1,-0.08327420555990919,0,乙,亥,木,水,乙,未,木,土,False,False,-0.0322532537232784,2021-W30,2021-07
000858.SZ,2021-07-27,231.15,249.54,-0.073696,423313,10158683.399,辛丑,乙未,丙子,2,2021,7,1,-0.07655237254864083,0,丙,子,火,水,乙,未,木,土,False,True,-0.08327420555990919,2021-W30,2021-07
000858.SZ,2021-07-28,236.68,231.15,0.023924,361142,8397862.029,辛丑,乙未,丁丑,3,2021,7,1,0.02364216737425883,1,丁,丑,火,土,乙,未,木,土,False,True,-0.07655237254864083,2021-W30,2021-07
000858.SZ,2021-07-29,235.05,236.68,-0.006887,313221,7483908.399,辛丑,乙未,戊寅,4,2021,7,1,-0.006910760338353742,0,戊,寅,土,木,乙,未,木,土,False,True,0.02364216737425883,2021-W30,2021-07
000858.SZ,2021-07-30,220.75,235.05,-0.060838,427979,9495555.5,辛丑,乙未,己卯,5,2021,7,1,-0.06276741798607019,0,己,卯,土,木,乙,未,木,土,False,True,-0.006910760338353742,2021-W30,2021-07
000858.SZ,2021-08-02,234.45,220.75,0.062061,468444,10454507.732,辛丑,乙未,壬午,1,2021,8,1,0.06021150605152583,1,壬,午,水,火,乙,未,木,土,True,False,-0.06276741798607019,2021-W31,2021-08
000858.SZ,2021-08-03,240.05,234.45,0.023886,341719,8061076.932,辛丑,乙未,癸未,2,2021,8,1,0.023604889441354193,1,癸,未,水,土,乙,未,木,土,True,False,0.06021150605152583,2021-W31,2021-08
000858.SZ,2021-08-04,234.5,240.05,-0.02312,230289,5412225.848,辛丑,乙未,甲申,3,2021,8,1,-0.023391647090615326,0,甲,申,木,金,乙,未,木,土,True,False,0.023604889441354193,2021-W31,2021-08
000858.SZ,2021-08-05,227.17,234.5,-0.031258,285510,6538505.734,辛丑,乙未,乙酉,4,2021,8,1,-0.03175695201120477,0,乙,酉,木,金,乙,未,木,土,True,False,-0.023391647090615326,2021-W31,2021-08
000858.SZ,2021-08-06,226.0,227.17,-0.00515,191529,4306125.513,辛丑,乙未,丙戌,5,2021,8,1,-0.005163636602843411,0,丙,戌,火,土,乙,未,木,土,False,False,-0.03175695201120477,2021-W31,2021-08
000858.SZ,2021-08-09,230.01,226.0,0.017743,264929,6099681.51,辛丑,丙申,己丑,1,2021,8,1,0.017587786966626866,1,己,丑,土,土,丙,申,火,金,False,False,-0.005163636602843411,2021-W32,2021-08
000858.SZ,2021-08-10,248.9,230.01,0.082127,460837,11083250.874,辛丑,丙申,庚寅,2,2021,8,1,0.07892842313463369,1,庚,寅,金,木,丙,申,火,金,False,False,0.017587786966626866,2021-W32,2021-08
000858.SZ,2021-08-11,246.2,248.9,-0.010848,253075,6234986.634,辛丑,丙申,辛卯,3,2021,8,1,-0.010906995623193232,0,辛,卯,金,木,丙,申,火,金,False,False,0.07892842313463369,2021-W32,2021-08
000858.SZ,2021-08-12,237.92,246.2,-0.033631,237149,5718032.984,辛丑,丙申,壬辰,4,2021,8,1,-0.034209731038508245,0,壬,辰,水,土,丙,申,火,金,False,False,-0.010906995623193232,2021-W32,2021-08
000858.SZ,2021-08-13,240.8,237.92,0.012105,160031,3832138.024,辛丑,丙申,癸巳,5,2021,8,1,0.012032230722821207,1,癸,巳,水,火,丙,申,火,金,False,False,-0.034209731038508245,2021-W32,2021-08
000858.SZ,2021-08-16,240.7,240.8,-0.000415,133173,3210893.055,辛丑,丙申,丙申,1,2021,8,1,-0.00041536864563983386,0,丙,申,火,金,丙,申,火,金,False,False,0.012032230722821207,2021-W33,2021-08
000858.SZ,2021-08-17,229.95,240.7,-0.044661,218730,5137552.314,辛丑,丙申,丁酉,2,2021,8,1,-0.045689450803093425,0,丁,酉,火,金,丙,申,火,金,False,False,-0.00041536864563983386,2021-W33,2021-08
000858.SZ,2021-08-18,229.0,229.95,-0.004131,212644,4858678.332,辛丑,丙申,戊戌,3,2021,8,1,-0.004139890431693119,0,戊,戌,土,土,丙,申,火,金,False,False,-0.045689450803093425,2021-W33,2021-08
000858.SZ,2021-08-19,222.65,229.0,-0.027729,289689,6520859.197,辛丑,丙申,己亥,4,2021,8,1,-0.028120971786528223,0,己,亥,土,水,丙,申,火,金,False,False,-0.004139890431693119,2021-W33,2021-08
000858.SZ,2021-08-20,206.38,222.65,-0.073074,534004,11218172.732,辛丑,丙申,庚子,5,2021,8,1,-0.07588190208014318,0,庚,子,金,水,丙,申,火,金,False,False,-0.028120971786528223,2021-W33,2021-08
000858.SZ,2021-08-23,206.04,206.38,-0.001647,418363,8684039.375,辛丑,丙申,癸卯,1,2021,8,1,-0.0016488049901837822,0,癸,卯,水,木,丙,申,火,金,False,False,-0.07588190208014318,2021-W34,2021-08
000858.SZ,2021-08-24,210.0,206.04,0.01922,411903,8606900.863,辛丑,丙申,甲辰,2,2021,8,1,0.019037206020084185,1,甲,辰,木,土,丙,申,火,金,False,False,-0.0016488049901837822,2021-W34,2021-08
000858.SZ,2021-08-25,217.5,210.0,0.035714,381798,8242448.408,辛丑,丙申,乙巳,3,2021,8,1,0.03509131981127019,1,乙,巳,木,火,丙,申,火,金,False,False,0.019037206020084185,2021-W34,2021-08
000858.SZ,2021-08-26,207.17,217.5,-0.047494,332282,6953022.887,辛丑,丙申,丙午,4,2021,8,1,-0.04865913827094136,0,丙,午,火,火,丙,申,火,金,False,False,0.03509131981127019,2021-W34,2021-08
000858.SZ,2021-08-27,205.68,207.17,-0.007192,271909,5618956.602,辛丑,丙申,丁未,5,2021,8,1,-0.007218149300163337,0,丁,未,火,土,丙,申,火,金,False,True,-0.04865913827094136,2021-W34,2021-08
000858.SZ,2021-08-30,207.0,205.68,0.006418,347329,7094644.686,辛丑,丙申,庚戌,1,2021,8,1,0.00639723030773505,1,庚,戌,金,土,丙,申,火,金,False,True,-0.007218149300163337,2021-W35,2021-08
000858.SZ,2021-08-31,201.69,207.0,-0.025652,318551,6427633.946,辛丑,丙申,辛亥,2,2021,8,1,-0.025986928116314114,0,辛,亥,金,水,丙,申,火,金,False,True,0.00639723030773505,2021-W35,2021-08
000858.SZ,2021-09-01,207.71,201.69,0.029848,503643,10338242.748,辛丑,丙申,壬子,3,2021,9,1,0.029411010938962118,1,壬,子,水,水,丙,申,火,金,True,False,-0.025986928116314114,2021-W35,2021-09
000858.SZ,2021-09-02,201.23,207.71,-0.031197,374601,7590159.048,辛丑,丙申,癸丑,4,2021,9,1,-0.031694343609740196,0,癸,丑,水,土,丙,申,火,金,True,False,0.029411010938962118,2021-W35,2021-09
000858.SZ,2021-09-03,205.89,201.23,0.023158,344795,6994069.662,辛丑,丙申,甲寅,5,2021,9,1,0.022893513110376126,1,甲,寅,木,木,丙,申,火,金,True,False,-0.031694343609740196,2021-W35,2021-09
000858.SZ,2021-09-06,211.46,205.89,0.027053,440709,9315590.567,辛丑,丙申,丁巳,1,2021,9,1,0.026693809715727625,1,丁,巳,火,火,丙,申,火,金,False,False,0.022893513110376126,2021-W36,2021-09
000858.SZ,2021-09-07,211.97,211.46,0.002412,259374,5483883.908,辛丑,丁酉,戊午,2,2021,9,1,0.0024088999202651696,1,戊,午,土,火,丁,酉,火,金,False,False,0.026693809715727625,2021-W36,2021-09
000858.SZ,2021-09-08,207.72,211.97,-0.02005,215536,4498947.533,辛丑,丁酉,己未,3,2021,9,1,-0.020253736248527374,0,己,未,土,土,丁,酉,火,金,False,False,0.0024088999202651696,2021-W36,2021-09
000858.SZ,2021-09-09,207.33,207.72,-0.001878,177575,3672149.965,辛丑,丁酉,庚申,4,2021,9,1,-0.001879292204705486,0,庚,申,金,金,丁,酉,火,金,False,False,-0.020253736248527374,2021-W36,2021-09
000858.SZ,2021-09-10,213.7,207.33,0.030724,318834,6744385.341,辛丑,丁酉,辛酉,5,2021,9,1,0.030261435553689167,1,辛,酉,金,金,丁,酉,火,金,False,False,-0.001879292204705486,2021-W36,2021-09
000858.SZ,2021-09-13,207.79,213.7,-0.027656,263428,5526541.97,辛丑,丁酉,甲子,1,2021,9,1,-0.028045208013313165,0,甲,子,木,水,丁,酉,火,金,False,False,0.030261435553689167,2021-W37,2021-09
000858.SZ,2021-09-14,205.73,207.79,-0.009914,235967,4881373.812,辛丑,丁酉,乙丑,2,2021,9,1,-0.009963324825649402,0,乙,丑,木,土,丁,酉,火,金,False,False,-0.028045208013313165,2021-W37,2021-09
000858.SZ,2021-09-15,198.5,205.73,-0.035143,382035,7625717.389,辛丑,丁酉,丙寅,3,2021,9,1,-0.0357755293588941,0,丙,寅,火,木,丁,酉,火,金,False,False,-0.009963324825649402,2021-W37,2021-09
000858.SZ,2021-09-16,197.0,198.5,-0.007557,335387,6590288.015,辛丑,丁酉,丁卯,4,2021,9,1,-0.007585371389256612,0,丁,卯,火,木,丁,酉,火,金,False,False,-0.0357755293588941,2021-W37,2021-09
000858.SZ,2021-09-17,201.95,197.0,0.025127,294397,5901688.645,辛丑,丁酉,戊辰,5,2021,9,1,0.024816413271433368,1,戊,辰,土,土,丁,酉,火,金,False,False,-0.007585371389256612,2021-W37,2021-09
000858.SZ,2021-09-22,193.93,201.95,-0.039713,249089,4852441.663,辛丑,丁酉,癸酉,3,2021,9,1,-0.04052287280127242,0,癸,酉,水,金,丁,酉,火,金,False,False,0.024816413271433368,2021-W38,2021-09
000858.SZ,2021-09-23,194.42,193.93,0.002527,188112,3661752.983,辛丑,丁酉,甲戌,4,2021,9,1,0.002523498184773377,1,甲,戌,木,土,丁,酉,火,金,False,False,-0.04052287280127242,2021-W38,2021-09
000858.SZ,2021-09-24,200.52,194.42,0.031375,350539,7023121.318,辛丑,丁酉,乙亥,5,2021,9,1,0.030893225002379766,1,乙,亥,木,水,丁,酉,火,金,False,False,0.002523498184773377,2021-W38,2021-09
000858.SZ,2021-09-27,220.57,200.52,0.09999,760065,16521941.311,辛丑,丁酉,戊寅,1,2021,9,1,0.09530111242919381,1,戊,寅,土,木,丁,酉,火,金,False,True,0.030893225002379766,2021-W39,2021-09
000858.SZ,2021-09-28,216.94,220.57,-0.016457,411458,8943981.561,辛丑,丁酉,己卯,2,2021,9,1,-0.01659428721242503,0,己,卯,土,木,丁,酉,火,金,False,True,0.09530111242919381,2021-W39,2021-09
000858.SZ,2021-09-29,218.68,216.94,0.008021,311366,6769523.772,辛丑,丁酉,庚辰,3,2021,9,1,0.00798865641472704,1,庚,辰,金,土,丁,酉,火,金,False,True,-0.01659428721242503,2021-W39,2021-09
000858.SZ,2021-09-30,219.39,218.68,0.003247,331905,7321693.53,辛丑,丁酉,辛巳,4,2021,9,1,0.0032414939241708018,1,辛,巳,金,火,丁,酉,火,金,False,True,0.00798865641472704,2021-W39,2021-09
000858.SZ,2021-10-08,228.22,219.39,0.040248,416278,9498183.647,辛丑,戊戌,己丑,5,2021,10,1,0.03945910805556416,1,己,丑,土,土,戊,戌,土,土,False,False,0.0032414939241708018,2021-W40,2021-10
000858.SZ,2021-10-11,227.8,228.22,-0.00184,261465,5990773.979,辛丑,戊戌,壬辰,1,2021,10,1,-0.001842024993451815,0,壬,辰,水,土,戊,戌,土,土,False,False,0.03945910805556416,2021-W41,2021-10
000858.SZ,2021-10-12,229.34,227.8,0.00676,203423,4632611.152,辛丑,戊戌,癸巳,2,2021,10,1,0.006737567597076481,1,癸,巳,水,火,戊,戌,土,土,False,False,-0.001842024993451815,2021-W41,2021-10
000858.SZ,2021-10-13,239.49,229.34,0.044257,347774,8246438.709,辛丑,戊戌,甲午,3,2021,10,1,0.04330604371565898,1,甲,午,木,火,戊,戌,土,土,False,False,0.006737567597076481,2021-W41,2021-10
000858.SZ,2021-10-14,240.0,239.49,0.00213,240589,5770465.386,辛丑,戊戌,乙未,4,2021,10,1,0.002127261016173988,1,乙,未,木,土,戊,戌,土,土,False,False,0.04330604371565898,2021-W41,2021-10
000858.SZ,2021-10-15,234.32,240.0,-0.023667,302157,7060878.521,辛丑,戊戌,丙申,5,2021,10,1,-0.023951220822513324,0,丙,申,火,金,戊,戌,土,土,False,False,0.002127261016173988,2021-W41,2021-10
000858.SZ,2021-10-18,215.32,234.32,-0.081086,522286,11335046.052,辛丑,戊戌,己亥,1,2021,10,1,-0.08456240882672149,0,己,亥,土,水,戊,戌,土,土,False,False,-0.023951220822513324,2021-W42,2021-10
000858.SZ,2021-10-19,218.97,215.32,0.016952,271519,5912575.916,辛丑,戊戌,庚子,2,2021,10,1,0.01680944043889405,1,庚,子,金,水,戊,戌,土,土,False,False,-0.08456240882672149,2021-W42,2021-10
000858.SZ,2021-10-20,219.94,218.97,0.00443,171712,3767655.125,辛丑,戊戌,辛丑,3,2021,10,1,0.004420047751137812,1,辛,丑,金,土,戊,戌,土,土,False,False,0.01680944043889405,2021-W42,2021-10
000858.SZ,2021-10-21,220.99,219.94,0.004774,157813,3483824.011,辛丑,戊戌,壬寅,4,2021,10,1,0.004762669742425286,1,壬,寅,水,木,戊,戌,土,土,False,False,0.004420047751137812,2021-W42,2021-10
000858.SZ,2021-10-22,225.03,220.99,0.018281,226148,5094183.379,辛丑,戊戌,癸卯,5,2021,10,1,0.018116275024440978,1,癸,卯,水,木,戊,戌,土,土,False,False,0.004762669742425286,2021-W42,2021-10
000858.SZ,2021-10-25,220.36,225.03,-0.020753,248159,5460700.048,辛丑,戊戌,丙午,1,2021,10,1,-0.020971154045138732,0,丙,午,火,火,戊,戌,土,土,False,False,0.018116275024440978,2021-W43,2021-10
000858.SZ,2021-10-26,220.66,220.36,0.001361,171975,3792558.316,辛丑,戊戌,丁未,2,2021,10,1,0.0013604827276441321,1,丁,未,火,土,戊,戌,土,土,False,False,-0.020971154045138732,2021-W43,2021-10
000858.SZ,2021-10-27,216.0,220.66,-0.021118,200484,4335703.423,辛丑,戊戌,戊申,3,2021,10,1,-0.02134464764799502,0,戊,申,土,金,戊,戌,土,土,False,True,0.0013604827276441321,2021-W43,2021-10
000858.SZ,2021-10-28,215.29,216.0,-0.003287,219253,4755135.735,辛丑,戊戌,己酉,4,2021,10,1,-0.003292451210927462,0,己,酉,土,金,戊,戌,土,土,False,True,-0.02134464764799502,2021-W43,2021-10
000858.SZ,2021-10-29,216.51,215.29,0.005667,236335,5148687.289,辛丑,戊戌,庚戌,5,2021,10,1,0.005650779279054079,1,庚,戌,金,土,戊,戌,土,土,False,True,-0.003292451210927462,2021-W43,2021-10
000858.SZ,2021-11-01,204.94,216.51,-0.053439,580036,11775758.002,辛丑,戊戌,癸丑,1,2021,11,1,-0.0549194823807197,0,癸,丑,水,土,戊,戌,土,土,True,False,0.005650779279054079,2021-W44,2021-11
000858.SZ,2021-11-02,201.32,204.94,-0.017664,349334,7067034.632,辛丑,戊戌,甲寅,2,2021,11,1,-0.017821571463412622,0,甲,寅,木,木,戊,戌,土,土,True,False,-0.0549194823807197,2021-W44,2021-11
000858.SZ,2021-11-03,199.13,201.32,-0.010878,218919,4378799.392,辛丑,戊戌,乙卯,3,2021,11,1,-0.010937804137575403,0,乙,卯,木,木,戊,戌,土,土,True,False,-0.017821571463412622,2021-W44,2021-11
000858.SZ,2021-11-04,206.82,199.13,0.038618,298641,6104737.433,辛丑,戊戌,丙辰,4,2021,11,1,0.03789097198624521,1,丙,辰,火,土,戊,戌,土,土,True,False,-0.010937804137575403,2021-W44,2021-11
000858.SZ,2021-11-05,210.31,206.82,0.016875,301429,6372245.155,辛丑,戊戌,丁巳,5,2021,11,1,0.016733782938757946,1,丁,巳,火,火,戊,戌,土,土,True,False,0.03789097198624521,2021-W44,2021-11
000858.SZ,2021-11-08,210.99,210.31,0.003233,156373,3290544.446,辛丑,己亥,庚申,1,2021,11,1,0.0032281062924498973,1,庚,申,金,金,己,亥,土,水,False,False,0.016733782938757946,2021-W45,2021-11
000858.SZ,2021-11-09,208.77,210.99,-0.010522,155039,3250092.17,辛丑,己亥,辛酉,2,2021,11,1,-0.010577571463168185,0,辛,酉,金,金,己,亥,土,水,False,False,0.0032281062924498973,2021-W45,2021-11
000858.SZ,2021-11-10,205.7,208.77,-0.014705,172002,3532443.273,辛丑,己亥,壬戌,3,2021,11,1,-0.01481437086595705,0,壬,戌,水,土,己,亥,土,水,False,False,-0.010577571463168185,2021-W45,2021-11
000858.SZ,2021-11-11,206.51,205.7,0.003938,166520,3416388.386,辛丑,己亥,癸亥,4,2021,11,1,0.003930040719788885,1,癸,亥,水,水,己,亥,土,水,False,False,-0.01481437086595705,2021-W45,2021-11
000858.SZ,2021-11-12,203.85,206.51,-0.012881,157885,3227721.076,辛丑,己亥,甲子,5,2021,11,1,-0.012964408113437919,0,甲,子,木,水,己,亥,土,水,False,False,0.003930040719788885,2021-W45,2021-11
000858.SZ,2021-11-15,204.7,203.85,0.00417,207244,4251527.056,辛丑,己亥,丁卯,1,2021,11,1,0.004161063401981334,1,丁,卯,火,木,己,亥,土,水,False,False,-0.012964408113437919,2021-W46,2021-11
000858.SZ,2021-11-16,212.0,204.7,0.035662,314356,6618521.492,辛丑,己亥,戊辰,2,2021,11,1,0.03504078200476858,1,戊,辰,土,土,己,亥,土,水,False,False,0.004161063401981334,2021-W46,2021-11
000858.SZ,2021-11-17,211.51,212.0,-0.002311,174214,3668952.608,辛丑,己亥,己巳,3,2021,11,1,-0.002313995979529378,0,己,巳,土,火,己,亥,土,水,False,False,0.03504078200476858,2021-W46,2021-11
000858.SZ,2021-11-18,208.62,211.51,-0.013664,132202,2759820.062,辛丑,己亥,庚午,4,2021,11,1,-0.013757863444658066,0,庚,午,金,火,己,亥,土,水,False,False,-0.002313995979529378,2021-W46,2021-11
000858.SZ,2021-11-19,212.6,208.62,0.019078,242929,5188161.635,辛丑,己亥,辛未,5,2021,11,1,0.01889805066002255,1,辛,未,金,土,己,亥,土,水,False,False,-0.013757863444658066,2021-W46,2021-11
000858.SZ,2021-11-22,215.97,212.6,0.015851,319782,6972004.751,辛丑,己亥,甲戌,1,2021,11,1,0.015727043241473698,1,甲,戌,木,土,己,亥,土,水,False,False,0.01889805066002255,2021-W47,2021-11
000858.SZ,2021-11-23,214.8,215.97,-0.005417,193866,4190535.756,辛丑,己亥,乙亥,2,2021,11,1,-0.0054321465146115865,0,乙,亥,木,水,己,亥,土,水,False,False,0.015727043241473698,2021-W47,2021-11
000858.SZ,2021-11-24,224.42,214.8,0.044786,476278,10627879.572,辛丑,己亥,丙子,3,2021,11,1,0.04381193360201052,1,丙,子,火,水,己,亥,土,水,False,False,-0.0054321465146115865,2021-W47,2021-11
000858.SZ,2021-11-25,222.95,224.42,-0.00655,284628,6397889.416,辛丑,己亥,丁丑,4,2021,11,1,-0.006571765163234502,0,丁,丑,火,土,己,亥,土,水,False,False,0.04381193360201052,2021-W47,2021-11
000858.SZ,2021-11-26,222.86,222.95,-0.000404,162472,3602490.66,辛丑,己亥,戊寅,5,2021,11,1,-0.0004037594545776296,0,戊,寅,土,木,己,亥,土,水,False,True,-0.006571765163234502,2021-W47,2021-11
000858.SZ,2021-11-29,224.73,222.86,0.008391,192364,4292901.366,辛丑,己亥,辛巳,1,2021,11,1,0.008355910008993266,1,辛,巳,金,火,己,亥,土,水,False,True,-0.0004037594545776296,2021-W48,2021-11
000858.SZ,2021-11-30,218.0,224.73,-0.029947,230145,5063790.458,辛丑,己亥,壬午,2,2021,11,1,-0.030404618838812167,0,壬,午,水,火,己,亥,土,水,False,True,0.008355910008993266,2021-W48,2021-11
000858.SZ,2021-12-01,220.56,218.0,0.011743,192486,4256218.97,辛丑,己亥,癸未,3,2021,12,1,0.011674703926452337,1,癸,未,水,土,己,亥,土,水,True,False,-0.030404618838812167,2021-W48,2021-12
000858.SZ,2021-12-02,222.75,220.56,0.009929,175309,3898019.542,辛丑,己亥,甲申,4,2021,12,1,0.009880299635377383,1,甲,申,木,金,己,亥,土,水,True,False,0.011674703926452337,2021-W48,2021-12
000858.SZ,2021-12-03,229.45,222.75,0.030079,340300,7800955.259,辛丑,己亥,乙酉,5,2021,12,1,0.029635074489923814,1,乙,酉,木,金,己,亥,土,水,True,False,0.009880299635377383,2021-W48,2021-12
000858.SZ,2021-12-06,232.3,229.45,0.012421,288786,6720204.454,辛丑,己亥,戊子,1,2021,12,1,0.012344498935521139,1,戊,子,土,水,己,亥,土,水,False,False,0.029635074489923814,2021-W49,2021-12
000858.SZ,2021-12-07,234.0,232.3,0.007318,308904,7293861.939,辛丑,庚子,己丑,2,2021,12,1,0.007291475581337949,1,己,丑,土,土,庚,子,金,水,False,False,0.012344498935521139,2021-W49,2021-12
000858.SZ,2021-12-08,244.0,234.0,0.042735,397868,9593919.616,辛丑,庚子,庚寅,3,2021,12,1,0.041847109935500504,1,庚,寅,金,木,庚,子,金,水,False,False,0.007291475581337949,2021-W49,2021-12
000858.SZ,2021-12-09,251.0,244.0,0.028689,472970,11826016.126,辛丑,庚子,辛卯,4,2021,12,1,0.028284713838582103,1,辛,卯,金,木,庚,子,金,水,False,False,0.041847109935500504,2021-W49,2021-12
000858.SZ,2021-12-10,247.0,251.0,-0.015936,332274,8208024.535,辛丑,庚子,壬辰,5,2021,12,1,-0.016064602503806674,0,壬,辰,水,土,庚,子,金,水,False,False,0.028284713838582103,2021-W49,2021-12
000858.SZ,2021-12-13,249.98,247.0,0.012065,355350,9000318.795,辛丑,庚子,乙未,1,2021,12,1,0.011992578034098544,1,乙,未,木,土,庚,子,金,水,False,False,-0.016064602503806674,2021-W50,2021-12
000858.SZ,2021-12-14,250.0,249.98,8e-05,225573,5643907.697,辛丑,庚子,丙申,2,2021,12,1,8.000320017061421e-05,1,丙,申,火,金,庚,子,金,水,False,False,0.011992578034098544,2021-W50,2021-12
000858.SZ,2021-12-15,243.8,250.0,-0.0248,263567,6461313.841,辛丑,庚子,丁酉,3,2021,12,1,-0.025112700815075214,0,丁,酉,火,金,庚,子,金,水,False,False,8.000320017061421e-05,2021-W50,2021-12
000858.SZ,2021-12-16,243.5,243.8,-0.001231,289712,6971022.371,辛丑,庚子,戊戌,4,2021,12,1,-0.0012312745245267123,0,戊,戌,土,土,庚,子,金,水,False,False,-0.025112700815075214,2021-W50,2021-12
000858.SZ,2021-12-17,235.16,243.5,-0.034251,254834,6040427.057,辛丑,庚子,己亥,5,2021,12,1,-0.03485080898859026,0,己,亥,土,水,庚,子,金,水,False,False,-0.0012312745245267123,2021-W50,2021-12
000858.SZ,2021-12-20,236.0,235.16,0.003572,188827,4471963.227,辛丑,庚子,壬寅,1,2021,12,1,0.003565671491555816,1,壬,寅,水,木,庚,子,金,水,False,False,-0.03485080898859026,2021-W51,2021-12
000858.SZ,2021-12-21,231.65,236.0,-0.018432,234542,5446651.924,辛丑,庚子,癸卯,2,2021,12,1,-0.01860419316295272,0,癸,卯,水,木,庚,子,金,水,False,False,0.003565671491555816,2021-W51,2021-12
000858.SZ,2021-12-22,232.12,231.65,0.002029,151998,3524368.526,辛丑,庚子,甲辰,3,2021,12,1,0.002026867459750077,1,甲,辰,木,土,庚,子,金,水,False,False,-0.01860419316295272,2021-W51,2021-12
000858.SZ,2021-12-23,237.01,232.12,0.021067,282051,6610688.703,辛丑,庚子,乙巳,4,2021,12,1,0.02084785501540485,1,乙,巳,木,火,庚,子,金,水,False,False,0.002026867459750077,2021-W51,2021-12
000858.SZ,2021-12-24,241.94,237.01,0.020801,289429,7012988.263,辛丑,庚子,丙午,5,2021,12,1,0.020587427193889608,1,丙,午,火,火,庚,子,金,水,False,False,0.02084785501540485,2021-W51,2021-12
000858.SZ,2021-12-27,236.21,241.94,-0.023684,184053,4343284.678,辛丑,庚子,己酉,1,2021,12,1,-0.023968521662085556,0,己,酉,土,金,庚,子,金,水,False,True,0.020587427193889608,2021-W52,2021-12
000858.SZ,2021-12-28,237.58,236.21,0.0058,143682,3406736.939,辛丑,庚子,庚戌,2,2021,12,1,0.005783168991777111,1,庚,戌,金,土,庚,子,金,水,False,True,-0.023968521662085556,2021-W52,2021-12
000858.SZ,2021-12-29,225.7,237.58,-0.050004,349758,7998864.967,辛丑,庚子,辛亥,3,2021,12,1,-0.05129772503790363,0,辛,亥,金,水,庚,子,金,水,False,True,0.005783168991777111,2021-W52,2021-12
000858.SZ,2021-12-30,225.5,225.7,-0.000886,264768,5963128.773,辛丑,庚子,壬子,4,2021,12,1,-0.0008865248807568905,0,壬,子,水,水,庚,子,金,水,False,True,-0.05129772503790363,2021-W52,2021-12
000858.SZ,2021-12-31,222.66,225.5,-0.012594,240436,5340438.229,辛丑,庚子,癸丑,5,2021,12,1,-0.012674214642171796,0,癸,丑,水,土,庚,子,金,水,False,True,-0.0008865248807568905,2021-W52,2021-12
000858.SZ,2022-01-04,223.56,222.66,0.004042,201786,4460248.125,辛丑,庚子,丁巳,2,2022,1,1,0.004033890100936288,1,丁,巳,火,火,庚,子,金,水,True,False,-0.012674214642171796,2022-W01,2022-01
000858.SZ,2022-01-05,223.75,223.56,0.00085,205622,4608528.413,辛丑,辛丑,戊午,3,2022,1,1,0.0008495227534672832,1,戊,午,土,火,辛,丑,金,土,True,False,0.004033890100936288,2022-W01,2022-01
000858.SZ,2022-01-06,219.48,223.75,-0.019084,197643,4366330.606,辛丑,辛丑,己未,4,2022,1,1,-0.019268244964190186,0,己,未,土,土,辛,丑,金,土,False,False,0.0008495227534672832,2022-W01,2022-01
000858.SZ,2022-01-07,217.66,219.48,-0.008292,168682,3671458.253,辛丑,辛丑,庚申,5,2022,1,1,-0.00832689992285901,0,庚,申,金,金,辛,丑,金,土,False,False,-0.019268244964190186,2022-W01,2022-01
000858.SZ,2022-01-10,214.96,217.66,-0.012405,208423,4477043.193,辛丑,辛丑,癸亥,1,2022,1,1,-0.012482247960679767,0,癸,亥,水,水,辛,丑,金,土,False,False,-0.00832689992285901,2022-W02,2022-01
000858.SZ,2022-01-11,213.36,214.96,-0.007443,131623,2819944.192,辛丑,辛丑,甲子,2,2022,1,1,-0.007471084433476925,0,甲,子,木,水,辛,丑,金,土,False,False,-0.012482247960679767,2022-W02,2022-01
000858.SZ,2022-01-12,217.92,213.36,0.021372,178942,3865370.481,辛丑,辛丑,乙丑,3,2022,1,1,0.021147143087388524,1,乙,丑,木,土,辛,丑,金,土,False,False,-0.007471084433476925,2022-W02,2022-01
000858.SZ,2022-01-13,208.9,217.92,-0.041391,267623,5678771.184,辛丑,辛丑,丙寅,4,2022,1,1,-0.0422723543986273,0,丙,寅,火,木,辛,丑,金,土,False,False,0.021147143087388524,2022-W02,2022-01
000858.SZ,2022-01-14,207.2,208.9,-0.008138,136467,2844403.651,辛丑,辛丑,丁卯,5,2022,1,1,-0.00817115817719214,0,丁,卯,火,木,辛,丑,金,土,False,False,-0.0422723543986273,2022-W02,2022-01
000858.SZ,2022-01-17,208.84,207.2,0.007915,169362,3497443.782,辛丑,辛丑,庚午,1,2022,1,1,0.007883898157023684,1,庚,午,金,火,辛,丑,金,土,False,False,-0.00817115817719214,2022-W03,2022-01
000858.SZ,2022-01-18,211.49,208.84,0.012689,184748,3904185.741,辛丑,辛丑,辛未,2,2022,1,1,0.012609307502307023,1,辛,未,金,土,辛,丑,金,土,False,False,0.007883898157023684,2022-W03,2022-01
000858.SZ,2022-01-19,210.8,211.49,-0.003263,144018,3039014.332,辛丑,辛丑,壬申,3,2022,1,1,-0.0032678993774513374,0,壬,申,水,金,辛,丑,金,土,False,False,0.012609307502307023,2022-W03,2022-01
000858.SZ,2022-01-20,213.22,210.8,0.01148,194685,4146262.233,辛丑,辛丑,癸酉,4,2022,1,1,0.011414679855121792,1,癸,酉,水,金,辛,丑,金,土,False,False,-0.0032678993774513374,2022-W03,2022-01
000858.SZ,2022-01-21,217.26,213.22,0.018948,239746,5195067.275,辛丑,辛丑,甲戌,5,2022,1,1,0.01877029648327578,1,甲,戌,木,土,辛,丑,金,土,False,False,0.011414679855121792,2022-W03,2022-01
000858.SZ,2022-01-24,215.07,217.26,-0.01008,138008,2968569.093,辛丑,辛丑,丁丑,1,2022,1,1,-0.010131236472714232,0,丁,丑,火,土,辛,丑,金,土,False,False,0.01877029648327578,2022-W04,2022-01
000858.SZ,2022-01-25,208.36,215.07,-0.031199,155582,3284058.72,辛丑,辛丑,戊寅,2,2022,1,1,-0.03169620365589966,0,戊,寅,土,木,辛,丑,金,土,False,False,-0.010131236472714232,2022-W04,2022-01
000858.SZ,2022-01-26,206.05,208.36,-0.011087,215095,4439752.203,辛丑,辛丑,己卯,3,2022,1,1,-0.011148495092164479,0,己,卯,土,木,辛,丑,金,土,False,False,-0.03169620365589966,2022-W04,2022-01
000858.SZ,2022-01-27,203.4,206.05,-0.012861,209923,4339832.716,辛丑,辛丑,庚辰,4,2022,1,1,-0.012944374170366786,0,庚,辰,金,土,辛,丑,金,土,False,True,-0.011148495092164479,2022-W04,2022-01
000858.SZ,2022-01-28,198.38,203.4,-0.02468,257814,5160817.186,辛丑,辛丑,辛巳,5,2022,1,1,-0.02499010029661198,0,辛,巳,金,火,辛,丑,金,土,False,True,-0.012944374170366786,2022-W04,2022-01
000858.SZ,2022-02-07,195.62,198.38,-0.013913,248080,4899710.426,壬寅,壬寅,辛卯,1,2022,2,1,-0.014010381455500768,0,辛,卯,金,木,壬,寅,水,木,False,False,-0.02499010029661198,2022-W06,2022-02
000858.SZ,2022-02-08,190.0,195.62,-0.028729,304516,5740104.552,壬寅,壬寅,壬辰,2,2022,2,1,-0.029149929701860703,0,壬,辰,水,土,壬,寅,水,木,False,False,-0.014010381455500768,2022-W06,2022-02
000858.SZ,2022-02-09,195.98,190.0,0.031474,237420,4585366.336,壬寅,壬寅,癸巳,3,2022,2,1,0.030988541047186274,1,癸,巳,水,火,壬,寅,水,木,False,False,-0.029149929701860703,2022-W06,2022-02
000858.SZ,2022-02-10,193.04,195.98,-0.015002,168742,3254038.393,壬寅,壬寅,甲午,4,2022,2,1,-0.015115191890896152,0,甲,午,木,火,壬,寅,水,木,False,False,0.030988541047186274,2022-W06,2022-02
000858.SZ,2022-02-11,194.27,193.04,0.006372,273749,5365712.651,壬寅,壬寅,乙未,5,2022,2,1,0.006351522733913046,1,乙,未,木,土,壬,寅,水,木,False,False,-0.015115191890896152,2022-W06,2022-02
000858.SZ,2022-02-14,198.01,194.27,0.019252,190316,3747901.334,壬寅,壬寅,戊戌,1,2022,2,1,0.01906859041901374,1,戊,戌,土,土,壬,寅,水,木,False,False,0.006351522733913046,2022-W07,2022-02
000858.SZ,2022-02-15,199.8,198.01,0.00904,177390,3537513.875,壬寅,壬寅,己亥,2,2022,2,1,0.008999331744750181,1,己,亥,土,水,壬,寅,水,木,False,False,0.01906859041901374,2022-W07,2022-02
000858.SZ,2022-02-16,199.41,199.8,-0.001952,119085,2375601.897,壬寅,壬寅,庚子,3,2022,2,1,-0.001953859492853098,0,庚,子,金,水,壬,寅,水,木,False,False,0.008999331744750181,2022-W07,2022-02
000858.SZ,2022-02-17,197.44,199.41,-0.009879,130546,2583633.352,壬寅,壬寅,辛丑,4,2022,2,1,-0.009928266004577137,0,辛,丑,金,土,壬,寅,水,木,False,False,-0.001953859492853098,2022-W07,2022-02
000858.SZ,2022-02-18,199.0,197.44,0.007901,116143,2297554.258,壬寅,壬寅,壬寅,5,2022,2,1,0.007870084007469353,1,壬,寅,水,木,壬,寅,水,木,False,False,-0.009928266004577137,2022-W07,2022-02
000858.SZ,2022-02-21,199.2,199.0,0.001005,151925,3044972.483,壬寅,壬寅,乙巳,1,2022,2,1,0.0010045204260054903,1,乙,巳,木,火,壬,寅,水,木,False,False,0.007870084007469353,2022-W08,2022-02
000858.SZ,2022-02-22,193.4,199.2,-0.029116,193677,3749346.933,壬寅,壬寅,丙午,2,2022,2,1,-0.029548762131303825,0,丙,午,火,火,壬,寅,水,木,False,False,0.0010045204260054903,2022-W08,2022-02
000858.SZ,2022-02-23,196.2,193.4,0.014478,147973,2875772.247,壬寅,壬寅,丁未,3,2022,2,1,0.014373964112068776,1,丁,未,火,土,壬,寅,水,木,False,False,-0.029548762131303825,2022-W08,2022-02
000858.SZ,2022-02-24,188.69,196.2,-0.038277,259609,4940978.924,壬寅,壬寅,戊申,4,2022,2,1,-0.03902909033164007,0,戊,申,土,金,壬,寅,水,木,False,True,0.014373964112068776,2022-W08,2022-02
000858.SZ,2022-02-25,190.48,188.69,0.009486,136663,2611874.594,壬寅,壬寅,己酉,5,2022,2,1,0.009441745378984772,1,己,酉,土,金,壬,寅,水,木,False,True,-0.03902909033164007,2022-W08,2022-02
000858.SZ,2022-02-28,190.0,190.48,-0.00252,143092,2700046.289,壬寅,壬寅,壬子,1,2022,2,1,-0.002523130018121093,0,壬,子,水,水,壬,寅,水,木,False,True,0.009441745378984772,2022-W09,2022-02
000858.SZ,2022-03-01,193.19,190.0,0.016789,200285,3853590.511,壬寅,壬寅,癸丑,2,2022,3,1,0.016650088443976436,1,癸,丑,水,土,壬,寅,水,木,True,False,-0.002523130018121093,2022-W09,2022-03
000858.SZ,2022-03-02,189.2,193.19,-0.020653,150164,2841554.761,壬寅,壬寅,甲寅,3,2022,3,1,-0.020869503986684773,0,甲,寅,木,木,壬,寅,水,木,True,False,0.016650088443976436,2022-W09,2022-03
000858.SZ,2022-03-03,182.07,189.2,-0.037685,312889,5775912.552,壬寅,壬寅,乙卯,4,2022,3,1,-0.038413428101904366,0,乙,卯,木,木,壬,寅,水,木,True,False,-0.020869503986684773,2022-W09,2022-03
000858.SZ,2022-03-04,176.37,182.07,-0.031307,312929,5577557.113,壬寅,壬寅,丙辰,5,2022,3,1,-0.031807167433600216,0,丙,辰,火,土,壬,寅,水,木,True,False,-0.038413428101904366,2022-W09,2022-03
000858.SZ,2022-03-07,166.0,176.37,-0.058797,477389,8036888.481,壬寅,癸卯,己未,1,2022,3,1,-0.06059627272573004,0,己,未,土,土,癸,卯,水,木,False,False,-0.031807167433600216,2022-W10,2022-03
000858.SZ,2022-03-08,166.25,166.0,0.001506,333507,5611790.679,壬寅,癸卯,庚申,2,2022,3,1,0.0015048911794203067,1,庚,申,金,金,癸,卯,水,木,False,False,-0.06059627272573004,2022-W10,2022-03
000858.SZ,2022-03-09,162.88,166.25,-0.020271,399218,6488949.486,壬寅,癸卯,辛酉,3,2022,3,1,-0.020478946173805603,0,辛,酉,金,金,癸,卯,水,木,False,False,0.0015048911794203067,2022-W10,2022-03
000858.SZ,2022-03-10,172.15,162.88,0.056913,417739,7087219.597,壬寅,癸卯,壬戌,4,2022,3,1,0.05535245642237501,1,壬,戌,水,土,癸,卯,水,木,False,False,-0.020478946173805603,2022-W10,2022-03
000858.SZ,2022-03-11,171.77,172.15,-0.002207,257971,4378229.004,壬寅,癸卯,癸亥,5,2022,3,1,-0.002209817135598766,0,癸,亥,水,水,癸,卯,水,木,False,False,0.05535245642237501,2022-W10,2022-03
000858.SZ,2022-03-14,166.27,171.77,-0.03202,181403,3043660.7,壬寅,癸卯,丙寅,1,2022,3,1,-0.03254339959664599,0,丙,寅,火,木,癸,卯,水,木,False,False,-0.002209817135598766,2022-W11,2022-03
000858.SZ,2022-03-15,157.15,166.27,-0.054851,312945,5020399.485,壬寅,癸卯,丁卯,2,2022,3,1,-0.05641220980871148,0,丁,卯,火,木,癸,卯,水,木,False,False,-0.03254339959664599,2022-W11,2022-03
000858.SZ,2022-03-16,164.8,157.15,0.04868,348999,5622615.397,壬寅,癸卯,戊辰,3,2022,3,1,0.047531854231794714,1,戊,辰,土,土,癸,卯,水,木,False,False,-0.05641220980871148,2022-W11,2022-03
000858.SZ,2022-03-17,168.24,164.8,0.020874,348291,5869489.576,壬寅,癸卯,己巳,4,2022,3,1,0.020658913919073076,1,己,巳,土,火,癸,卯,水,木,False,False,0.047531854231794714,2022-W11,2022-03
000858.SZ,2022-03-18,167.9,168.24,-0.002021,185857,3107945.064,壬寅,癸卯,庚午,5,2022,3,1,-0.0020229673109492747,0,庚,午,金,火,癸,卯,水,木,False,False,0.020658913919073076,2022-W11,2022-03
000858.SZ,2022-03-21,165.71,167.9,-0.013043,171054,2842223.351,壬寅,癸卯,癸酉,1,2022,3,1,-0.013129291441792736,0,癸,酉,水,金,癸,卯,水,木,False,False,-0.0020229673109492747,2022-W12,2022-03
000858.SZ,2022-03-22,164.3,165.71,-0.008509,122905,2029492.693,壬寅,癸卯,甲戌,2,2022,3,1,-0.008545247598479999,0,甲,戌,木,土,癸,卯,水,木,False,False,-0.013129291441792736,2022-W12,2022-03
000858.SZ,2022-03-23,165.94,164.3,0.009982,184638,3049956.331,壬寅,癸卯,乙亥,3,2022,3,1,0.009932252192916774,1,乙,亥,木,水,癸,卯,水,木,False,False,-0.008545247598479999,2022-W12,2022-03
000858.SZ,2022-03-24,161.36,165.94,-0.0276,198086,3207819.881,壬寅,癸卯,丙子,4,2022,3,1,-0.027988383590182842,0,丙,子,火,水,癸,卯,水,木,False,False,0.009932252192916774,2022-W12,2022-03
000858.SZ,2022-03-25,157.19,161.36,-0.025843,213641,3393360.049,壬寅,癸卯,丁丑,5,2022,3,1,-0.026182628905809906,0,丁,丑,火,土,癸,卯,水,木,False,False,-0.027988383590182842,2022-W12,2022-03
000858.SZ,2022-03-28,151.2,157.19,-0.038107,274466,4167231.496,壬寅,癸卯,庚辰,1,2022,3,1,-0.038851800994714025,0,庚,辰,金,土,癸,卯,水,木,False,True,-0.026182628905809906,2022-W13,2022-03
000858.SZ,2022-03-29,149.18,151.2,-0.01336,235211,3552871.39,壬寅,癸卯,辛巳,2,2022,3,1,-0.013449833218415313,0,辛,巳,金,火,癸,卯,水,木,False,True,-0.038851800994714025,2022-W13,2022-03
000858.SZ,2022-03-30,156.95,149.18,0.052085,323672,4993851.923,壬寅,癸卯,壬午,3,2022,3,1,0.05077365276094524,1,壬,午,水,火,癸,卯,水,木,False,True,-0.013449833218415313,2022-W13,2022-03
000858.SZ,2022-03-31,155.06,156.95,-0.012042,201366,3126382.334,壬寅,癸卯,癸未,4,2022,3,1,-0.012115144497149559,0,癸,未,水,土,癸,卯,水,木,False,True,0.05077365276094524,2022-W13,2022-03
000858.SZ,2022-04-01,159.9,155.06,0.031214,287494,4581621.784,壬寅,癸卯,甲申,5,2022,4,1,0.030736481049095633,1,甲,申,木,金,癸,卯,水,木,True,False,-0.012115144497149559,2022-W13,2022-04
000858.SZ,2022-04-06,160.01,159.9,0.000688,179443,2866077.985,壬寅,甲辰,己丑,3,2022,4,1,0.0006876934408746888,1,己,丑,土,土,甲,辰,木,土,False,False,0.030736481049095633,2022-W14,2022-04
000858.SZ,2022-04-07,160.45,160.01,0.00275,185571,2996915.19,壬寅,甲辰,庚寅,4,2022,4,1,0.0027460542750824906,1,庚,寅,金,木,甲,辰,木,土,False,False,0.0006876934408746888,2022-W14,2022-04
000858.SZ,2022-04-08,160.59,160.45,0.000873,165446,2661592.736,壬寅,甲辰,辛卯,5,2022,4,1,0.000872165517533764,1,辛,卯,金,木,甲,辰,木,土,False,False,0.0027460542750824906,2022-W14,2022-04
000858.SZ,2022-04-11,153.66,160.59,-0.043153,242577,3752027.96,壬寅,甲辰,甲午,1,2022,4,1,-0.04411216363391074,0,甲,午,木,火,甲,辰,木,土,False,False,0.000872165517533764,2022-W15,2022-04
000858.SZ,2022-04-12,163.88,153.66,0.06651,334163,5333900.918,壬寅,甲辰,乙未,2,2022,4,1,0.06439208323918143,1,乙,未,木,土,甲,辰,木,土,False,False,-0.04411216363391074,2022-W15,2022-04
000858.SZ,2022-04-13,162.32,163.88,-0.009519,238854,3897075.048,壬寅,甲辰,丙申,3,2022,4,1,-0.00956475716111099,0,丙,申,火,金,甲,辰,木,土,False,False,0.06439208323918143,2022-W15,2022-04
000858.SZ,2022-04-14,171.57,162.32,0.056986,431191,7300575.091,壬寅,甲辰,丁酉,4,2022,4,1,0.05542165107777528,1,丁,酉,火,金,甲,辰,木,土,False,False,-0.00956475716111099,2022-W15,2022-04
000858.SZ,2022-04-15,169.9,171.57,-0.009734,226439,3871918.113,壬寅,甲辰,戊戌,5,2022,4,1,-0.009781317917448056,0,戊,戌,土,土,甲,辰,木,土,False,False,0.05542165107777528,2022-W15,2022-04
000858.SZ,2022-04-18,167.18,169.9,-0.016009,184111,3062759.959,壬寅,甲辰,辛丑,1,2022,4,1,-0.016138952406876243,0,辛,丑,金,土,甲,辰,木,土,False,False,-0.009781317917448056,2022-W16,2022-04
000858.SZ,2022-04-19,165.0,167.18,-0.01304,164992,2740121.569,壬寅,甲辰,壬寅,2,2022,4,1,-0.01312560237042946,0,壬,寅,水,木,甲,辰,木,土,False,False,-0.016138952406876243,2022-W16,2022-04
000858.SZ,2022-04-20,165.9,165.0,0.005455,206341,3422120.976,壬寅,甲辰,癸卯,3,2022,4,1,0.005439723295818121,1,癸,卯,水,木,甲,辰,木,土,False,False,-0.01312560237042946,2022-W16,2022-04
000858.SZ,2022-04-21,162.58,165.9,-0.020012,171229,2807078.12,壬寅,甲辰,甲辰,4,2022,4,1,-0.020215008877972552,0,甲,辰,木,土,甲,辰,木,土,False,False,0.005439723295818121,2022-W16,2022-04
000858.SZ,2022-04-22,165.43,162.58,0.01753,200144,3268498.121,壬寅,甲辰,乙巳,5,2022,4,1,0.017377956300498303,1,乙,巳,木,火,甲,辰,木,土,False,False,-0.020215008877972552,2022-W16,2022-04
000858.SZ,2022-04-25,155.0,165.43,-0.063048,286350,4556272.568,壬寅,甲辰,戊申,1,2022,4,1,-0.06512302769967801,0,戊,申,土,金,甲,辰,木,土,False,False,0.017377956300498303,2022-W17,2022-04
000858.SZ,2022-04-26,158.5,155.0,0.022581,254538,4045539.333,壬寅,甲辰,己酉,2,2022,4,1,0.022329476398088577,1,己,酉,土,金,甲,辰,木,土,False,True,-0.06512302769967801,2022-W17,2022-04
000858.SZ,2022-04-27,161.39,158.5,0.018233,239277,3849331.177,壬寅,甲辰,庚戌,3,2022,4,1,0.018069202730395632,1,庚,戌,金,土,甲,辰,木,土,False,True,0.022329476398088577,2022-W17,2022-04
000858.SZ,2022-04-28,165.85,161.39,0.027635,257119,4235742.307,壬寅,甲辰,辛亥,4,2022,4,1,0.027259969345330485,1,辛,亥,金,水,甲,辰,木,土,False,True,0.018069202730395632,2022-W17,2022-04
000858.SZ,2022-04-29,162.13,165.85,-0.02243,448742,7241581.132,壬寅,甲辰,壬子,5,2022,4,1,-0.022685282831083696,0,壬,子,水,水,甲,辰,木,土,False,True,0.027259969345330485,2022-W17,2022-04
000858.SZ,2022-05-05,161.54,162.13,-0.003639,244801,3973322.638,壬寅,乙巳,戊午,4,2022,5,1,-0.003645692547827577,0,戊,午,土,火,乙,巳,木,火,True,False,-0.022685282831083696,2022-W18,2022-05
000858.SZ,2022-05-06,157.06,161.54,-0.027733,190861,3007833.166,壬寅,乙巳,己未,5,2022,5,1,-0.028124892067421647,0,己,未,土,土,乙,巳,木,火,False,False,-0.003645692547827577,2022-W18,2022-05
000858.SZ,2022-05-09,154.78,157.06,-0.014517,186236,2874663.797,壬寅,乙巳,壬戌,1,2022,5,1,-0.014623144104415509,0,壬,戌,水,土,乙,巳,木,火,False,False,-0.028124892067421647,2022-W19,2022-05
000858.SZ,2022-05-10,155.33,154.78,0.003553,201080,3092729.203,壬寅,乙巳,癸亥,2,2022,5,1,0.003547132157502939,1,癸,亥,水,水,乙,巳,木,火,False,False,-0.014623144104415509,2022-W19,2022-05
000858.SZ,2022-05-11,157.51,155.33,0.014035,243902,3846228.733,壬寅,乙巳,甲子,3,2022,5,1,0.013937062313828151,1,甲,子,木,水,乙,巳,木,火,False,False,0.003547132157502939,2022-W19,2022-05
000858.SZ,2022-05-12,158.08,157.51,0.003619,170686,2699983.161,壬寅,乙巳,乙丑,4,2022,5,1,0.003612285685913787,1,乙,丑,木,土,乙,巳,木,火,False,False,0.013937062313828151,2022-W19,2022-05
000858.SZ,2022-05-13,156.94,158.08,-0.007212,152555,2401106.195,壬寅,乙巳,丙寅,5,2022,5,1,-0.0072376673002306135,0,丙,寅,火,木,乙,巳,木,火,False,False,0.003612285685913787,2022-W19,2022-05
000858.SZ,2022-05-16,155.18,156.94,-0.011214,177651,2767778.351,壬寅,乙巳,己巳,1,2022,5,1,-0.011277833233523927,0,己,巳,土,火,乙,巳,木,火,False,False,-0.0072376673002306135,2022-W20,2022-05
000858.SZ,2022-05-17,156.15,155.18,0.006251,133412,2078095.646,壬寅,乙巳,庚午,2,2022,5,1,0.006231350263284349,1,庚,午,金,火,乙,巳,木,火,False,False,-0.011277833233523927,2022-W20,2022-05
000858.SZ,2022-05-18,154.58,156.15,-0.010054,165605,2560375.192,壬寅,乙巳,辛未,3,2022,5,1,-0.010105322050362624,0,辛,未,金,土,乙,巳,木,火,False,False,0.006231350263284349,2022-W20,2022-05
000858.SZ,2022-05-19,153.52,154.58,-0.006857,148782,2273068.154,壬寅,乙巳,壬申,4,2022,5,1,-0.00688090997928051,0,壬,申,水,金,乙,巳,木,火,False,False,-0.010105322050362624,2022-W20,2022-05
000858.SZ,2022-05-20,162.47,153.52,0.058299,452296,7222107.585,壬寅,乙巳,癸酉,5,2022,5,1,0.05666251764221447,1,癸,酉,水,金,乙,巳,木,火,False,False,-0.00688090997928051,2022-W20,2022-05
000858.SZ,2022-05-23,159.43,162.47,-0.018711,276453,4410754.725,壬寅,乙巳,丙子,1,2022,5,1,-0.018888414922384973,0,丙,子,火,水,乙,巳,木,火,False,False,0.05666251764221447,2022-W21,2022-05
000858.SZ,2022-05-24,156.57,159.43,-0.017939,188552,2974172.509,壬寅,乙巳,丁丑,2,2022,5,1,-0.018101760095842502,0,丁,丑,火,土,乙,巳,木,火,False,False,-0.018888414922384973,2022-W21,2022-05
000858.SZ,2022-05-25,157.45,156.57,0.00562,163957,2565767.96,壬寅,乙巳,戊寅,3,2022,5,1,0.005604753223602085,1,戊,寅,土,木,乙,巳,木,火,False,False,-0.018101760095842502,2022-W21,2022-05
000858.SZ,2022-05-26,157.22,157.45,-0.001461,194317,3043721.248,壬寅,乙巳,己卯,4,2022,5,1,-0.0014618491814231086,0,己,卯,土,木,乙,巳,木,火,False,False,0.005604753223602085,2022-W21,2022-05
000858.SZ,2022-05-27,157.95,157.22,0.004643,210683,3356383.642,壬寅,乙巳,庚辰,5,2022,5,1,0.004632428882483768,1,庚,辰,金,土,乙,巳,木,火,False,True,-0.0014618491814231086,2022-W21,2022-05
000858.SZ,2022-05-30,166.18,157.95,0.052105,510932,8416468.104,壬寅,乙巳,癸未,1,2022,5,1,0.05079301098874118,1,癸,未,水,土,乙,巳,木,火,False,True,0.004632428882483768,2022-W22,2022-05
000858.SZ,2022-05-31,171.4,166.18,0.031412,486544,8293724.659,壬寅,乙巳,甲申,2,2022,5,1,0.030928467926844033,1,甲,申,木,金,乙,巳,木,火,False,True,0.05079301098874118,2022-W22,2022-05
000858.SZ,2022-06-01,170.41,171.4,-0.005776,219302,3739434.438,壬寅,乙巳,乙酉,3,2022,6,1,-0.005792708044378126,0,乙,酉,木,金,乙,巳,木,火,True,False,0.030928467926844033,2022-W22,2022-06
000858.SZ,2022-06-02,169.75,170.41,-0.003873,165223,2801365.549,壬寅,乙巳,丙戌,4,2022,6,1,-0.00388053168049575,0,丙,戌,火,土,乙,巳,木,火,True,False,-0.005792708044378126,2022-W22,2022-06
000858.SZ,2022-06-06,172.94,169.75,0.018792,278141,4762415.124,壬寅,丙午,庚寅,1,2022,6,1,0.01861794709347855,1,庚,寅,金,木,丙,午,火,火,False,False,-0.00388053168049575,2022-W23,2022-06
000858.SZ,2022-06-07,174.12,172.94,0.006823,295077,5177758.449,壬寅,丙午,辛卯,2,2022,6,1,0.0068000031518127705,1,辛,卯,金,木,丙,午,火,火,False,False,0.01861794709347855,2022-W23,2022-06
000858.SZ,2022-06-08,178.13,174.12,0.02303,325278,5770812.837,壬寅,丙午,壬辰,3,2022,6,1,0.02276890412029664,1,壬,辰,水,土,丙,午,火,火,False,False,0.0068000031518127705,2022-W23,2022-06
000858.SZ,2022-06-09,176.01,178.13,-0.011901,207838,3688662.162,壬寅,丙午,癸巳,4,2022,6,1,-0.011972809198515368,0,癸,巳,水,火,丙,午,火,火,False,False,0.02276890412029664,2022-W23,2022-06
000858.SZ,2022-06-10,177.42,176.01,0.008011,215630,3804237.561,壬寅,丙午,甲午,5,2022,6,1,0.007978991486562568,1,甲,午,木,火,丙,午,火,火,False,False,-0.011972809198515368,2022-W23,2022-06
000858.SZ,2022-06-13,172.51,177.42,-0.027674,264345,4580799.636,壬寅,丙午,丁酉,1,2022,6,1,-0.02806459728678797,0,丁,酉,火,金,丙,午,火,火,False,False,0.007978991486562568,2022-W24,2022-06
000858.SZ,2022-06-14,173.8,172.51,0.007478,197333,3385240.808,壬寅,丙午,戊戌,2,2022,6,1,0.007450007025638927,1,戊,戌,土,土,丙,午,火,火,False,False,-0.02806459728678797,2022-W24,2022-06
000858.SZ,2022-06-15,177.28,173.8,0.020023,325441,5743255.077,壬寅,丙午,己亥,3,2022,6,1,0.019825190727627312,1,己,亥,土,水,丙,午,火,火,False,False,0.007450007025638927,2022-W24,2022-06
000858.SZ,2022-06-16,177.6,177.28,0.001805,205005,3668452.194,壬寅,丙午,庚子,4,2022,6,1,0.0018034269991507267,1,庚,子,金,水,丙,午,火,火,False,False,0.019825190727627312,2022-W24,2022-06
000858.SZ,2022-06-17,181.18,177.6,0.020158,286203,5145018.832,壬寅,丙午,辛丑,5,2022,6,1,0.019957181683072034,1,辛,丑,金,土,丙,午,火,火,False,False,0.0018034269991507267,2022-W24,2022-06
000858.SZ,2022-06-20,183.49,181.18,0.01275,311954,5705313.089,壬寅,丙午,甲辰,1,2022,6,1,0.012669157855720568,1,甲,辰,木,土,丙,午,火,火,False,False,0.019957181683072034,2022-W25,2022-06
000858.SZ,2022-06-21,181.66,183.49,-0.009973,218115,3990195.909,壬寅,丙午,乙巳,2,2022,6,1,-0.010023362022794753,0,乙,巳,木,火,丙,午,火,火,False,False,0.012669157855720568,2022-W25,2022-06
000858.SZ,2022-06-22,178.07,181.66,-0.019762,223527,4006768.455,壬寅,丙午,丙午,3,2022,6,1,-0.019960076660844477,0,丙,午,火,火,丙,午,火,火,False,False,-0.010023362022794753,2022-W25,2022-06
000858.SZ,2022-06-23,180.4,178.07,0.013085,159725,2867621.353,壬寅,丙午,丁未,4,2022,6,1,0.012999876215300219,1,丁,未,火,土,丙,午,火,火,False,False,-0.019960076660844477,2022-W25,2022-06
000858.SZ,2022-06-24,185.0,180.4,0.025499,245186,4504178.661,壬寅,丙午,戊申,5,2022,6,1,0.02517921744980144,1,戊,申,土,金,丙,午,火,火,False,False,0.012999876215300219,2022-W25,2022-06
000858.SZ,2022-06-27,193.0,185.0,0.043243,366374,7058190.24,壬寅,丙午,辛亥,1,2022,6,1,0.042334363826560736,1,辛,亥,金,水,丙,午,火,火,False,True,0.02517921744980144,2022-W26,2022-06
000858.SZ,2022-06-28,199.65,193.0,0.034456,316785,6232395.066,壬寅,丙午,壬子,2,2022,6,1,0.033875644604344765,1,壬,子,水,水,丙,午,火,火,False,True,0.042334363826560736,2022-W26,2022-06
000858.SZ,2022-06-29,192.0,196.63,-0.023547,289970,5625269.619,壬寅,丙午,癸丑,3,2022,6,1,-0.023828418143684003,0,癸,丑,水,土,丙,午,火,火,False,True,0.033875644604344765,2022-W26,2022-06
000858.SZ,2022-06-30,201.93,192.0,0.051719,425214,8521483.468,壬寅,丙午,甲寅,4,2022,6,1,0.05042573066294992,1,甲,寅,木,木,丙,午,火,火,False,True,-0.023828418143684003,2022-W26,2022-06
000858.SZ,2022-07-01,203.0,201.93,0.005299,219365,4418343.886,壬寅,丙午,乙卯,5,2022,7,1,0.00528487635105577,1,乙,卯,木,木,丙,午,火,火,True,False,0.05042573066294992,2022-W26,2022-07
000858.SZ,2022-07-04,201.04,203.0,-0.009655,225876,4525333.761,壬寅,丙午,戊午,1,2022,7,1,-0.009702085806450591,0,戊,午,土,火,丙,午,火,火,True,False,0.00528487635105577,2022-W27,2022-07
000858.SZ,2022-07-05,198.61,201.04,-0.012087,262964,5224558.25,壬寅,丙午,己未,2,2022,7,1,-0.012160790424636496,0,己,未,土,土,丙,午,火,火,True,False,-0.009702085806450591,2022-W27,2022-07
000858.SZ,2022-07-06,194.74,198.61,-0.019485,227633,4459016.82,壬寅,丙午,庚申,3,2022,7,1,-0.01967776726009,0,庚,申,金,金,丙,午,火,火,False,False,-0.012160790424636496,2022-W27,2022-07
000858.SZ,2022-07-07,191.59,194.74,-0.016175,266770,5095578.644,壬寅,丁未,辛酉,4,2022,7,1,-0.01630766344270914,0,辛,酉,金,金,丁,未,火,土,False,False,-0.01967776726009,2022-W27,2022-07
000858.SZ,2022-07-08,192.7,191.59,0.005794,164096,3167643.747,壬寅,丁未,壬戌,5,2022,7,1,0.005776903312419624,1,壬,戌,水,土,丁,未,火,土,False,False,-0.01630766344270914,2022-W27,2022-07
000858.SZ,2022-07-11,189.38,192.7,-0.017229,192574,3621672.903,壬寅,丁未,乙丑,1,2022,7,1,-0.01737899686496665,0,乙,丑,木,土,丁,未,火,土,False,False,0.005776903312419624,2022-W28,2022-07
000858.SZ,2022-07-12,190.0,189.38,0.003274,169934,3229606.651,壬寅,丁未,丙寅,2,2022,7,1,0.0032684936051320204,1,丙,寅,火,木,丁,未,火,土,False,False,-0.01737899686496665,2022-W28,2022-07
000858.SZ,2022-07-13,193.1,190.0,0.016316,189918,3656106.377,壬寅,丁未,丁卯,3,2022,7,1,0.016184117273982685,1,丁,卯,火,木,丁,未,火,土,False,False,0.0032684936051320204,2022-W28,2022-07
000858.SZ,2022-07-14,190.13,193.1,-0.015381,151079,2880607.578,壬寅,丁未,戊辰,4,2022,7,1,-0.01550014071297401,0,戊,辰,土,土,丁,未,火,土,False,False,0.016184117273982685,2022-W28,2022-07
000858.SZ,2022-07-15,189.9,190.13,-0.00121,207208,3979169.055,壬寅,丁未,己巳,5,2022,7,1,-0.0012104309032544283,0,己,巳,土,火,丁,未,火,土,False,False,-0.01550014071297401,2022-W28,2022-07
000858.SZ,2022-07-18,187.33,189.9,-0.013533,178034,3320023.855,壬寅,丁未,壬申,1,2022,7,1,-0.0136258503452727,0,壬,申,水,金,丁,未,火,土,False,False,-0.0012104309032544283,2022-W29,2022-07
000858.SZ,2022-07-19,188.9,187.33,0.008381,120214,2259044.88,壬寅,丁未,癸酉,2,2022,7,1,0.00834600703449631,1,癸,酉,水,金,丁,未,火,土,False,False,-0.0136258503452727,2022-W29,2022-07
000858.SZ,2022-07-20,189.11,188.9,0.001112,112497,2134516.123,壬寅,丁未,甲戌,3,2022,7,1,0.0011110818317177015,1,甲,戌,木,土,丁,未,火,土,False,False,0.00834600703449631,2022-W29,2022-07
000858.SZ,2022-07-21,186.7,189.11,-0.012744,110728,2082697.378,壬寅,丁未,乙亥,4,2022,7,1,-0.012825805791504783,0,乙,亥,木,水,丁,未,火,土,False,False,0.0011110818317177015,2022-W29,2022-07
000858.SZ,2022-07-22,185.91,186.7,-0.004231,116985,2180797.972,壬寅,丁未,丙子,5,2022,7,1,-0.0042403649055510854,0,丙,子,火,水,丁,未,火,土,False,False,-0.012825805791504783,2022-W29,2022-07
000858.SZ,2022-07-25,188.08,185.91,0.011672,124799,2336297.1,壬寅,丁未,己卯,1,2022,7,1,0.011604718589688352,1,己,卯,土,木,丁,未,火,土,False,False,-0.0042403649055510854,2022-W30,2022-07
000858.SZ,2022-07-26,190.99,188.08,0.015472,137474,2627310.531,壬寅,丁未,庚辰,2,2022,7,1,0.01535366642324898,1,庚,辰,金,土,丁,未,火,土,False,False,0.011604718589688352,2022-W30,2022-07
000858.SZ,2022-07-27,188.1,190.99,-0.015132,97491,1844277.553,壬寅,丁未,辛巳,3,2022,7,1,-0.015247334348078491,0,辛,巳,金,火,丁,未,火,土,False,True,0.01535366642324898,2022-W30,2022-07
000858.SZ,2022-07-28,187.12,188.1,-0.00521,92609,1744687.639,壬寅,丁未,壬午,4,2022,7,1,-0.005223614031061109,0,壬,午,水,火,丁,未,火,土,False,True,-0.015247334348078491,2022-W30,2022-07
000858.SZ,2022-07-29,178.4,187.12,-0.046601,340310,6166191.233,壬寅,丁未,癸未,5,2022,7,1,-0.04772190213001454,0,癸,未,水,土,丁,未,火,土,False,True,-0.005223614031061109,2022-W30,2022-07
000858.SZ,2022-08-01,178.58,178.4,0.001009,156082,2791638.728,壬寅,丁未,丙戌,1,2022,8,1,0.0010084599431614376,1,丙,戌,火,土,丁,未,火,土,True,False,-0.04772190213001454,2022-W31,2022-08
000858.SZ,2022-08-02,175.66,178.58,-0.016351,176737,3114640.799,壬寅,丁未,丁亥,2,2022,8,1,-0.016486371600099088,0,丁,亥,火,水,丁,未,火,土,True,False,0.0010084599431614376,2022-W31,2022-08
000858.SZ,2022-08-03,174.59,175.66,-0.006091,154030,2710918.104,壬寅,丁未,戊子,3,2022,8,1,-0.006109940492288337,0,戊,子,土,水,丁,未,火,土,True,False,-0.016486371600099088,2022-W31,2022-08
000858.SZ,2022-08-04,176.78,174.59,0.012544,133685,2350151.18,壬寅,丁未,己丑,4,2022,8,1,0.012465653636119036,1,己,丑,土,土,丁,未,火,土,True,False,-0.006109940492288337,2022-W31,2022-08
000858.SZ,2022-08-05,179.18,176.78,0.013576,127017,2260873.414,壬寅,丁未,庚寅,5,2022,8,1,0.0134848655366305,1,庚,寅,金,木,丁,未,火,土,True,False,0.012465653636119036,2022-W31,2022-08
000858.SZ,2022-08-08,177.91,179.18,-0.007088,130251,2331931.588,壬寅,戊申,癸巳,1,2022,8,1,-0.007113082722748256,0,癸,巳,水,火,戊,申,土,金,False,False,0.0134848655366305,2022-W32,2022-08
000858.SZ,2022-08-09,176.98,177.91,-0.005227,85386,1511033.063,壬寅,戊申,甲午,2,2022,8,1,-0.0052410726074800535,0,甲,午,木,火,戊,申,土,金,False,False,-0.007113082722748256,2022-W32,2022-08
000858.SZ,2022-08-10,174.0,176.98,-0.016838,143549,2503385.133,壬寅,戊申,乙未,3,2022,8,1,-0.016981432624675066,0,乙,未,木,土,戊,申,土,金,False,False,-0.0052410726074800535,2022-W32,2022-08
000858.SZ,2022-08-11,177.91,174.0,0.022471,139670,2468539.674,壬寅,戊申,丙申,4,2022,8,1,0.022222505232154983,1,丙,申,火,金,戊,申,土,金,False,False,-0.016981432624675066,2022-W32,2022-08
000858.SZ,2022-08-12,178.7,177.91,0.00444,108618,1936659.422,壬寅,戊申,丁酉,5,2022,8,1,0.004430617718698297,1,丁,酉,火,金,戊,申,土,金,False,False,0.022222505232154983,2022-W32,2022-08
000858.SZ,2022-08-15,176.0,178.7,-0.015109,138440,2446911.673,壬寅,戊申,庚子,1,2022,8,1,-0.015224427127230508,0,庚,子,金,水,戊,申,土,金,False,False,0.004430617718698297,2022-W33,2022-08
000858.SZ,2022-08-16,175.23,176.0,-0.004375,109975,1929236.389,壬寅,戊申,辛丑,2,2022,8,1,-0.004384598317824099,0,辛,丑,金,土,戊,申,土,金,False,False,-0.015224427127230508,2022-W33,2022-08
000858.SZ,2022-08-17,176.2,175.23,0.005536,122116,2144649.842,壬寅,戊申,壬寅,3,2022,8,1,0.00552031678175135,1,壬,寅,水,木,戊,申,土,金,False,False,-0.004384598317824099,2022-W33,2022-08
000858.SZ,2022-08-18,173.43,176.2,-0.015721,179552,3110937.648,壬寅,戊申,癸卯,4,2022,8,1,-0.015845653739584645,0,癸,卯,水,木,戊,申,土,金,False,False,0.00552031678175135,2022-W33,2022-08
000858.SZ,2022-08-19,173.66,173.43,0.001326,126037,2189742.325,壬寅,戊申,甲辰,5,2022,8,1,0.0013253048700045537,1,甲,辰,木,土,戊,申,土,金,False,False,-0.015845653739584645,2022-W33,2022-08
000858.SZ,2022-08-22,171.5,173.66,-0.012438,155130,2663565.072,壬寅,戊申,丁未,1,2022,8,1,-0.01251609802650444,0,丁,未,火,土,戊,申,土,金,False,False,0.0013253048700045537,2022-W34,2022-08
000858.SZ,2022-08-23,168.0,171.5,-0.020408,229248,3868689.013,壬寅,戊申,戊申,2,2022,8,1,-0.020619287202735703,0,戊,申,土,金,戊,申,土,金,False,False,-0.01251609802650444,2022-W34,2022-08
000858.SZ,2022-08-24,167.24,168.0,-0.004524,180254,3021329.673,壬寅,戊申,己酉,3,2022,8,1,-0.004534072914894623,0,己,酉,土,金,戊,申,土,金,False,False,-0.020619287202735703,2022-W34,2022-08
000858.SZ,2022-08-25,169.41,167.24,0.012975,174853,2949656.306,壬寅,戊申,庚戌,4,2022,8,1,0.012891905864490669,1,庚,戌,金,土,戊,申,土,金,False,False,-0.004534072914894623,2022-W34,2022-08
000858.SZ,2022-08-26,170.1,169.41,0.004073,243786,4181288.062,壬寅,戊申,辛亥,5,2022,8,1,0.004064687048961118,1,辛,亥,金,水,戊,申,土,金,False,False,0.012891905864490669,2022-W34,2022-08
000858.SZ,2022-08-29,165.35,170.1,-0.027925,254305,4218793.35,壬寅,戊申,甲寅,1,2022,8,1,-0.028322059974014296,0,甲,寅,木,木,戊,申,土,金,False,True,0.004064687048961118,2022-W35,2022-08
000858.SZ,2022-08-30,164.03,165.35,-0.007983,186432,3046737.234,壬寅,戊申,乙卯,2,2022,8,1,-0.008015101503407335,0,乙,卯,木,木,戊,申,土,金,False,True,-0.028322059974014296,2022-W35,2022-08
000858.SZ,2022-08-31,167.19,164.03,0.019265,267333,4444754.516,壬寅,戊申,丙辰,3,2022,8,1,0.019081552325160372,1,丙,辰,火,土,戊,申,土,金,False,True,-0.008015101503407335,2022-W35,2022-08
000858.SZ,2022-09-01,163.56,167.19,-0.021712,158441,2607493.588,壬寅,戊申,丁巳,4,2022,9,1,-0.02195099475311305,0,丁,巳,火,火,戊,申,土,金,True,False,0.019081552325160372,2022-W35,2022-09
000858.SZ,2022-09-02,161.84,163.56,-0.010516,155924,2524463.032,壬寅,戊申,戊午,5,2022,9,1,-0.010571702636951534,0,戊,午,土,火,戊,申,土,金,True,False,-0.02195099475311305,2022-W35,2022-09
000858.SZ,2022-09-05,159.02,161.84,-0.017425,224320,3551118.312,壬寅,戊申,辛酉,1,2022,9,1,-0.01757821238615257,0,辛,酉,金,金,戊,申,土,金,True,False,-0.010571702636951534,2022-W36,2022-09
000858.SZ,2022-09-06,160.53,159.02,0.009496,146937,2346001.119,壬寅,戊申,壬戌,2,2022,9,1,0.009450860517985452,1,壬,戌,水,土,戊,申,土,金,False,False,-0.01757821238615257,2022-W36,2022-09
000858.SZ,2022-09-07,158.94,160.53,-0.009905,141507,2245681.618,壬寅,己酉,癸亥,3,2022,9,1,-0.009954068479289658,0,癸,亥,水,水,己,酉,土,金,False,False,0.009450860517985452,2022-W36,2022-09
000858.SZ,2022-09-08,159.07,158.94,0.000818,148671,2377952.564,壬寅,己酉,甲子,4,2022,9,1,0.0008175843982357457,1,甲,子,木,水,己,酉,土,金,False,False,-0.009954068479289658,2022-W36,2022-09
000858.SZ,2022-09-09,161.46,159.07,0.015025,203188,3269738.015,壬寅,己酉,乙丑,5,2022,9,1,0.014913077056600372,1,乙,丑,木,土,己,酉,土,金,False,False,0.0008175843982357457,2022-W36,2022-09
000858.SZ,2022-09-13,163.63,161.46,0.01344,224554,3676000.837,壬寅,己酉,己巳,2,2022,9,1,0.013350347473934614,1,己,巳,土,火,己,酉,土,金,False,False,0.014913077056600372,2022-W37,2022-09
000858.SZ,2022-09-14,162.4,163.63,-0.007517,143438,2325532.85,壬寅,己酉,庚午,3,2022,9,1,-0.007545353713226537,0,庚,午,金,火,己,酉,土,金,False,False,0.013350347473934614,2022-W37,2022-09
000858.SZ,2022-09-15,164.4,162.4,0.012315,244932,4041538.789,壬寅,己酉,辛未,4,2022,9,1,0.012240054894502006,1,辛,未,金,土,己,酉,土,金,False,False,-0.007545353713226537,2022-W37,2022-09
000858.SZ,2022-09-16,161.08,164.4,-0.020195,178052,2882822.678,壬寅,己酉,壬申,5,2022,9,1,-0.020401346638826066,0,壬,申,水,金,己,酉,土,金,False,False,0.012240054894502006,2022-W37,2022-09
000858.SZ,2022-09-19,163.02,161.08,0.012044,172370,2810086.975,壬寅,己酉,乙亥,1,2022,9,1,0.011971756683057978,1,乙,亥,木,水,己,酉,土,金,False,False,-0.020401346638826066,2022-W38,2022-09
000858.SZ,2022-09-20,165.79,163.02,0.016992,184881,3048376.406,壬寅,己酉,丙子,2,2022,9,1,0.016849034585062428,1,丙,子,火,水,己,酉,土,金,False,False,0.011971756683057978,2022-W38,2022-09
000858.SZ,2022-09-21,163.45,165.79,-0.014114,127647,2093973.068,壬寅,己酉,丁丑,3,2022,9,1,-0.014214794081154229,0,丁,丑,火,土,己,酉,土,金,False,False,0.016849034585062428,2022-W38,2022-09
000858.SZ,2022-09-22,158.9,163.45,-0.027837,182114,2916788.948,壬寅,己酉,戊寅,4,2022,9,1,-0.0282320596275492,0,戊,寅,土,木,己,酉,土,金,False,False,-0.014214794081154229,2022-W38,2022-09
000858.SZ,2022-09-23,159.13,158.9,0.001447,120258,1916778.416,壬寅,己酉,己卯,5,2022,9,1,0.001446404679422227,1,己,卯,土,木,己,酉,土,金,False,False,-0.0282320596275492,2022-W38,2022-09
000858.SZ,2022-09-26,162.11,159.13,0.018727,210416,3411760.443,壬寅,己酉,壬午,1,2022,9,1,0.018553638931389362,1,壬,午,水,火,己,酉,土,金,False,True,0.001446404679422227,2022-W39,2022-09
000858.SZ,2022-09-27,170.83,162.11,0.053791,354439,5929460.447,壬寅,己酉,癸未,2,2022,9,1,0.05239379280548444,1,癸,未,水,土,己,酉,土,金,False,True,0.018553638931389362,2022-W39,2022-09
000858.SZ,2022-09-28,169.6,170.83,-0.0072,244310,4176068.02,壬寅,己酉,甲申,3,2022,9,1,-0.007226186601163684,0,甲,申,木,金,己,酉,土,金,False,True,0.05239379280548444,2022-W39,2022-09
000858.SZ,2022-09-29,168.51,169.6,-0.006427,175647,2971843.109,壬寅,己酉,乙酉,4,2022,9,1,-0.00644762814535167,0,乙,酉,木,金,己,酉,土,金,False,True,-0.007226186601163684,2022-W39,2022-09
000858.SZ,2022-09-30,169.23,168.51,0.004273,167010,2843915.545,壬寅,己酉,丙戌,5,2022,9,1,0.004263641207543303,1,丙,戌,火,土,己,酉,土,金,False,True,-0.00644762814535167,2022-W39,2022-09
000858.SZ,2022-10-10,158.9,169.23,-0.061041,256509,4179453.268,壬寅,庚戌,丙申,1,2022,10,1,-0.06298366287732406,0,丙,申,火,金,庚,戌,金,土,False,False,0.004263641207543303,2022-W41,2022-10
000858.SZ,2022-10-11,158.59,158.9,-0.001951,163898,2587296.299,壬寅,庚戌,丁酉,2,2022,10,1,-0.0019528180321608498,0,丁,酉,火,金,庚,戌,金,土,False,False,-0.06298366287732406,2022-W41,2022-10
000858.SZ,2022-10-12,156.6,158.59,-0.012548,242385,3740666.46,壬寅,庚戌,戊戌,3,2022,10,1,-0.012627471953806806,0,戊,戌,土,土,庚,戌,金,土,False,False,-0.0019528180321608498,2022-W41,2022-10
000858.SZ,2022-10-13,153.57,156.6,-0.019349,191401,2950015.936,壬寅,庚戌,己亥,4,2022,10,1,-0.01953829441910116,0,己,亥,土,水,庚,戌,金,土,False,False,-0.012627471953806806,2022-W41,2022-10
000858.SZ,2022-10-14,159.12,153.57,0.03614,228722,3619001.261,壬寅,庚戌,庚子,5,2022,10,1,0.03550214540811519,1,庚,子,金,水,庚,戌,金,土,False,False,-0.01953829441910116,2022-W41,2022-10
000858.SZ,2022-10-17,157.65,159.12,-0.009238,146700,2301214.745,壬寅,庚戌,癸卯,1,2022,10,1,-0.009281248554646902,0,癸,卯,水,木,庚,戌,金,土,False,False,0.03550214540811519,2022-W42,2022-10
000858.SZ,2022-10-18,158.7,157.65,0.00666,139689,2225727.909,壬寅,庚戌,甲辰,2,2022,10,1,0.0066382415412934445,1,甲,辰,木,土,庚,戌,金,土,False,False,-0.009281248554646902,2022-W42,2022-10
000858.SZ,2022-10-19,154.5,158.7,-0.026465,173929,2703461.176,壬寅,庚戌,乙巳,3,2022,10,1,-0.026821531194563153,0,乙,巳,木,火,庚,戌,金,土,False,False,0.0066382415412934445,2022-W42,2022-10
000858.SZ,2022-10-20,154.15,154.5,-0.002265,161200,2484510.764,壬寅,庚戌,丙午,4,2022,10,1,-0.002267942005640705,0,丙,午,火,火,庚,戌,金,土,False,False,-0.026821531194563153,2022-W42,2022-10
000858.SZ,2022-10-21,152.15,154.15,-0.012974,163210,2488390.106,壬寅,庚戌,丁未,5,2022,10,1,-0.013059277989179252,0,丁,未,火,土,庚,戌,金,土,False,False,-0.002267942005640705,2022-W42,2022-10
000858.SZ,2022-10-24,143.23,152.15,-0.058626,344038,5003671.163,壬寅,庚戌,庚戌,1,2022,10,1,-0.060415146551206486,0,庚,戌,金,土,庚,戌,金,土,False,False,-0.013059277989179252,2022-W43,2022-10
000858.SZ,2022-10-25,142.12,143.23,-0.00775,209629,2986369.243,壬寅,庚戌,辛亥,2,2022,10,1,-0.007779958638947252,0,辛,亥,金,水,庚,戌,金,土,False,False,-0.060415146551206486,2022-W43,2022-10
000858.SZ,2022-10-26,143.4,142.12,0.009006,179593,2580590.731,壬寅,庚戌,壬子,3,2022,10,1,0.008966157012693592,1,壬,子,水,水,庚,戌,金,土,False,False,-0.007779958638947252,2022-W43,2022-10
000858.SZ,2022-10-27,137.1,143.4,-0.043933,369654,5154612.98,壬寅,庚戌,癸丑,4,2022,10,1,-0.04492734159725137,0,癸,丑,水,土,庚,戌,金,土,False,True,0.008966157012693592,2022-W43,2022-10
000858.SZ,2022-10-28,137.5,137.1,0.002918,255862,3534562.74,壬寅,庚戌,甲寅,5,2022,10,1,0.002913330538357307,1,甲,寅,木,木,庚,戌,金,土,False,True,-0.04492734159725137,2022-W43,2022-10
000858.SZ,2022-10-31,133.5,137.5,-0.029091,225916,3030064.41,壬寅,庚戌,丁巳,1,2022,10,1,-0.02952243926632173,0,丁,巳,火,火,庚,戌,金,土,False,True,0.002913330538357307,2022-W44,2022-10
000858.SZ,2022-11-01,142.58,133.5,0.068015,391550,5440179.98,壬寅,庚戌,戊午,2,2022,11,1,0.06580176784917827,1,戊,午,土,火,庚,戌,金,土,True,False,-0.02952243926632173,2022-W44,2022-11
000858.SZ,2022-11-02,143.62,142.58,0.007294,318674,4565035.334,壬寅,庚戌,己未,3,2022,11,1,0.007267676992688915,1,己,未,土,土,庚,戌,金,土,True,False,0.06580176784917827,2022-W44,2022-11
000858.SZ,2022-11-03,140.92,143.62,-0.0188,192819,2710951.378,壬寅,庚戌,庚申,4,2022,11,1,-0.018978569209134682,0,庚,申,金,金,庚,戌,金,土,True,False,0.007267676992688915,2022-W44,2022-11
000858.SZ,2022-11-04,150.0,140.92,0.064434,478983,7099560.99,壬寅,庚戌,辛酉,5,2022,11,1,0.062442940623219007,1,辛,酉,金,金,庚,戌,金,土,True,False,-0.018978569209134682,2022-W44,2022-11
000858.SZ,2022-11-07,151.14,150.0,0.0076,228690,3435765.568,壬寅,辛亥,甲子,1,2022,11,1,0.007571265496317906,1,甲,子,木,水,辛,亥,金,水,False,False,0.062442940623219007,2022-W45,2022-11
000858.SZ,2022-11-08,147.49,151.14,-0.02415,235677,3491479.586,壬寅,辛亥,乙丑,2,2022,11,1,-0.024446182721162734,0,乙,丑,木,土,辛,亥,金,水,False,False,0.007571265496317906,2022-W45,2022-11
000858.SZ,2022-11-09,145.4,147.49,-0.01417,151242,2208052.554,壬寅,辛亥,丙寅,3,2022,11,1,-0.014271811771991993,0,丙,寅,火,木,辛,亥,金,水,False,False,-0.024446182721162734,2022-W45,2022-11
000858.SZ,2022-11-10,145.76,145.4,0.002476,176748,2568169.859,壬寅,辛亥,丁卯,4,2022,11,1,0.002472868412228994,1,丁,卯,火,木,辛,亥,金,水,False,False,-0.014271811771991993,2022-W45,2022-11
000858.SZ,2022-11-11,150.02,145.76,0.029226,368533,5514689.559,壬寅,辛亥,戊辰,5,2022,11,1,0.028807185029842093,1,戊,辰,土,土,辛,亥,金,水,False,False,0.002472868412228994,2022-W45,2022-11
000858.SZ,2022-11-14,150.3,150.02,0.001866,281952,4287401.009,壬寅,辛亥,辛未,1,2022,11,1,0.0018646782174386708,1,辛,未,金,土,辛,亥,金,水,False,False,0.028807185029842093,2022-W46,2022-11
000858.SZ,2022-11-15,154.15,150.3,0.025615,276567,4223081.945,壬寅,辛亥,壬申,2,2022,11,1,0.02529285757323046,1,壬,申,水,金,辛,亥,金,水,False,False,0.0018646782174386708,2022-W46,2022-11
000858.SZ,2022-11-16,154.21,154.15,0.000389,182593,2827414.143,壬寅,辛亥,癸酉,3,2022,11,1,0.0003891555374056737,1,癸,酉,水,金,辛,亥,金,水,False,False,0.02529285757323046,2022-W46,2022-11
000858.SZ,2022-11-17,152.6,154.21,-0.01044,165581,2529048.877,壬寅,辛亥,甲戌,4,2022,11,1,-0.010495191019208538,0,甲,戌,木,土,辛,亥,金,水,False,False,0.0003891555374056737,2022-W46,2022-11
000858.SZ,2022-11-18,153.61,152.6,0.006619,145855,2246335.618,壬寅,辛亥,乙亥,5,2022,11,1,0.006596803910697601,1,乙,亥,木,水,辛,亥,金,水,False,False,-0.010495191019208538,2022-W46,2022-11
000858.SZ,2022-11-21,148.93,153.61,-0.030467,217624,3243860.975,壬寅,辛亥,戊寅,1,2022,11,1,-0.030940525863277966,0,戊,寅,土,木,辛,亥,金,水,False,False,0.006596803910697601,2022-W47,2022-11
000858.SZ,2022-11-22,150.23,148.93,0.008729,143769,2162414.726,壬寅,辛亥,己卯,2,2022,11,1,0.008691056176555852,1,己,卯,土,木,辛,亥,金,水,False,False,-0.030940525863277966,2022-W47,2022-11
000858.SZ,2022-11-23,149.77,150.23,-0.003062,113462,1702094.213,壬寅,辛亥,庚辰,3,2022,11,1,-0.003066669070027961,0,庚,辰,金,土,辛,亥,金,水,False,False,0.008691056176555852,2022-W47,2022-11
000858.SZ,2022-11-24,147.81,149.77,-0.013087,150858,2238041.526,壬寅,辛亥,辛巳,4,2022,11,1,-0.013173118780322852,0,辛,巳,金,火,辛,亥,金,水,False,False,-0.003066669070027961,2022-W47,2022-11
000858.SZ,2022-11-25,147.38,147.81,-0.002909,106766,1575517.167,壬寅,辛亥,壬午,5,2022,11,1,-0.002913379885128188,0,壬,午,水,火,辛,亥,金,水,False,False,-0.013173118780322852,2022-W47,2022-11
000858.SZ,2022-11-28,147.65,147.38,0.001832,190131,2750115.838,壬寅,辛亥,乙酉,1,2022,11,1,0.0018303228510785539,1,乙,酉,木,金,辛,亥,金,水,False,True,-0.002913379885128188,2022-W48,2022-11
000858.SZ,2022-11-29,155.05,147.65,0.050119,410406,6284033.998,壬寅,辛亥,丙戌,2,2022,11,1,0.04890303735652635,1,丙,戌,火,土,辛,亥,金,水,False,True,0.0018303228510785539,2022-W48,2022-11
000858.SZ,2022-11-30,156.86,155.05,0.011674,252286,3961994.532,壬寅,辛亥,丁亥,3,2022,11,1,0.01160604223806247,1,丁,亥,火,水,辛,亥,金,水,False,True,0.04890303735652635,2022-W48,2022-11
000858.SZ,2022-12-01,164.59,156.86,0.04928,440921,7325021.108,壬寅,辛亥,戊子,4,2022,12,1,0.04810384527145623,1,戊,子,土,水,辛,亥,金,水,True,False,0.01160604223806247,2022-W48,2022-12
000858.SZ,2022-12-02,163.06,164.59,-0.009296,210478,3461949.872,壬寅,辛亥,己丑,5,2022,12,1,-0.009339301821211884,0,己,丑,土,土,辛,亥,金,水,True,False,0.04810384527145623,2022-W48,2022-12
000858.SZ,2022-12-05,168.51,163.06,0.033423,297957,5007534.615,壬寅,辛亥,壬辰,1,2022,12,1,0.032876863977686244,1,壬,辰,水,土,辛,亥,金,水,True,False,-0.009339301821211884,2022-W49,2022-12
000858.SZ,2022-12-06,175.4,168.51,0.040888,433695,7576837.371,壬寅,辛亥,癸巳,2,2022,12,1,0.040073984725631714,1,癸,巳,水,火,辛,亥,金,水,False,False,0.032876863977686244,2022-W49,2022-12
000858.SZ,2022-12-07,173.68,175.4,-0.009806,311288,5443269.231,壬寅,壬子,甲午,3,2022,12,1,-0.009854554368046229,0,甲,午,木,火,壬,子,水,水,False,False,0.040073984725631714,2022-W49,2022-12
000858.SZ,2022-12-08,174.76,173.68,0.006218,156448,2723693.946,壬寅,壬子,乙未,4,2022,12,1,0.006199078513198745,1,乙,未,木,土,壬,子,水,水,False,False,-0.009854554368046229,2022-W49,2022-12
000858.SZ,2022-12-09,183.27,174.76,0.048695,419577,7550074.236,壬寅,壬子,丙申,5,2022,12,1,0.04754687124655019,1,丙,申,火,金,壬,子,水,水,False,False,0.006199078513198745,2022-W49,2022-12
000858.SZ,2022-12-12,178.35,183.27,-0.026846,299059,5387580.973,壬寅,壬子,己亥,1,2022,12,1,-0.027212563524884815,0,己,亥,土,水,壬,子,水,水,False,False,0.04754687124655019,2022-W50,2022-12
000858.SZ,2022-12-13,179.47,178.35,0.00628,192762,3447321.253,壬寅,壬子,庚子,2,2022,12,1,0.006260151236284616,1,庚,子,金,水,壬,子,水,水,False,False,-0.027212563524884815,2022-W50,2022-12
000858.SZ,2022-12-14,184.08,179.47,0.025687,286989,5255273.237,壬寅,壬子,辛丑,3,2022,12,1,0.025362382685925524,1,辛,丑,金,土,壬,子,水,水,False,False,0.006260151236284616,2022-W50,2022-12
000858.SZ,2022-12-15,181.96,184.08,-0.011517,199344,3643457.579,壬寅,壬子,壬寅,4,2022,12,1,-0.011583563025307084,0,壬,寅,水,木,壬,子,水,水,False,False,0.025362382685925524,2022-W50,2022-12
000858.SZ,2022-12-16,182.52,181.96,0.003078,186426,3377432.022,壬寅,壬子,癸卯,5,2022,12,1,0.003072873357398426,1,癸,卯,水,木,壬,子,水,水,False,False,-0.011583563025307084,2022-W50,2022-12
000858.SZ,2022-12-19,179.95,182.52,-0.014081,194184,3512784.488,壬寅,壬子,丙午,1,2022,12,1,-0.014180721534162208,0,丙,午,火,火,壬,子,水,水,False,False,0.003072873357398426,2022-W51,2022-12
000858.SZ,2022-12-20,172.51,179.95,-0.041345,343457,5965655.88,壬寅,壬子,丁未,2,2022,12,1,-0.04222382871938678,0,丁,未,火,土,壬,子,水,水,False,False,-0.014180721534162208,2022-W51,2022-12
000858.SZ,2022-12-21,174.49,172.51,0.011478,153853,2687724.56,壬寅,壬子,戊申,3,2022,12,1,0.011412227604485797,1,戊,申,土,金,壬,子,水,水,False,False,-0.04222382871938678,2022-W51,2022-12
000858.SZ,2022-12-22,179.5,174.49,0.028712,244423,4381920.906,壬寅,壬子,己酉,4,2022,12,1,0.028307774518194995,1,己,酉,土,金,壬,子,水,水,False,False,0.011412227604485797,2022-W51,2022-12
000858.SZ,2022-12-23,180.29,179.5,0.004401,198619,3587724.307,壬寅,壬子,庚戌,5,2022,12,1,0.004391457625775152,1,庚,戌,金,土,壬,子,水,水,False,False,0.028307774518194995,2022-W51,2022-12
000858.SZ,2022-12-26,178.6,180.29,-0.009374,178298,3198529.055,壬寅,壬子,癸丑,1,2022,12,1,-0.009417997111710211,0,癸,丑,水,土,壬,子,水,水,False,False,0.004391457625775152,2022-W52,2022-12
000858.SZ,2022-12-27,181.05,178.6,0.013718,152275,2758777.142,壬寅,壬子,甲寅,2,2022,12,1,0.013624567769251646,1,甲,寅,木,木,壬,子,水,水,False,True,-0.009417997111710211,2022-W52,2022-12
000858.SZ,2022-12-28,180.18,181.05,-0.004805,139377,2503523.214,壬寅,壬子,乙卯,3,2022,12,1,-0.0048168849883562905,0,乙,卯,木,木,壬,子,水,水,False,True,0.013624567769251646,2022-W52,2022-12
000858.SZ,2022-12-29,178.75,180.18,-0.007937,168504,3003533.017,壬寅,壬子,丙辰,4,2022,12,1,-0.007968169649176958,0,丙,辰,火,土,壬,子,水,水,False,True,-0.0048168849883562905,2022-W52,2022-12
000858.SZ,2022-12-30,180.69,178.75,0.010853,149764,2702577.295,壬寅,壬子,丁巳,5,2022,12,1,0.010794674149622265,1,丁,巳,火,火,壬,子,水,水,False,True,-0.007968169649176958,2022-W52,2022-12
000858.SZ,2023-01-03,178.2,180.69,-0.013781,182062,3240728.572,壬寅,壬子,辛酉,2,2023,1,1,-0.01387634068703047,0,辛,酉,金,金,壬,子,水,水,True,False,0.010794674149622265,2023-W01,2023-01
000858.SZ,2023-01-04,178.62,178.2,0.002357,128835,2299619.966,壬寅,壬子,壬戌,3,2023,1,1,0.002354129219031282,1,壬,戌,水,土,壬,子,水,水,True,False,-0.01387634068703047,2023-W01,2023-01
000858.SZ,2023-01-05,189.0,178.62,0.058112,402790,7535626.606,壬寅,癸丑,癸亥,4,2023,1,1,0.05648637080390243,1,癸,亥,水,水,癸,丑,水,土,True,False,0.002354129219031282,2023-W01,2023-01
000858.SZ,2023-01-06,190.46,189.0,0.007725,233382,4428033.739,壬寅,癸丑,甲子,5,2023,1,1,0.007695183706257649,1,甲,子,木,水,癸,丑,水,土,False,False,0.05648637080390243,2023-W01,2023-01
000858.SZ,2023-01-09,195.88,190.46,0.028457,275573,5362756.421,壬寅,癸丑,丁卯,1,2023,1,1,0.028060028068216645,1,丁,卯,火,木,癸,丑,水,土,False,False,0.007695183706257649,2023-W02,2023-01
000858.SZ,2023-01-10,195.24,195.88,-0.003267,202752,3965377.701,壬寅,癸丑,戊辰,2,2023,1,1,-0.003272655815169791,0,戊,辰,土,土,癸,丑,水,土,False,False,0.028060028068216645,2023-W02,2023-01
000858.SZ,2023-01-11,194.1,195.24,-0.005839,169994,3304975.11,壬寅,癸丑,己巳,3,2023,1,1,-0.005856080843982247,0,己,巳,土,火,癸,丑,水,土,False,False,-0.003272655815169791,2023-W02,2023-01
000858.SZ,2023-01-12,193.39,194.1,-0.003658,138226,2675310.869,壬寅,癸丑,庚午,4,2023,1,1,-0.003664614800757474,0,庚,午,金,火,癸,丑,水,土,False,False,-0.005856080843982247,2023-W02,2023-01
000858.SZ,2023-01-13,198.58,193.39,0.026837,245064,4833945.958,壬寅,癸丑,辛未,5,2023,1,1,0.026483166231241074,1,辛,未,金,土,癸,丑,水,土,False,False,-0.003664614800757474,2023-W02,2023-01
000858.SZ,2023-01-16,206.52,198.58,0.039984,363524,7493040.737,壬寅,癸丑,甲戌,1,2023,1,1,0.03920521840600025,1,甲,戌,木,土,癸,丑,水,土,False,False,0.026483166231241074,2023-W03,2023-01
000858.SZ,2023-01-17,202.86,206.52,-0.017722,215078,4383014.177,壬寅,癸丑,乙亥,2,2023,1,1,-0.017881174063598675,0,乙,亥,木,水,癸,丑,水,土,False,False,0.03920521840600025,2023-W03,2023-01
000858.SZ,2023-01-18,205.8,202.86,0.014493,272412,5639270.862,壬寅,癸丑,丙子,3,2023,1,1,0.01438873745209967,1,丙,子,火,水,癸,丑,水,土,False,False,-0.017881174063598675,2023-W03,2023-01
000858.SZ,2023-01-19,205.3,205.8,-0.00243,181198,3710296.048,壬寅,癸丑,丁丑,4,2023,1,1,-0.0024324993750613156,0,丁,丑,火,土,癸,丑,水,土,False,False,0.01438873745209967,2023-W03,2023-01
000858.SZ,2023-01-20,208.72,205.3,0.016659,273480,5738958.67,壬寅,癸丑,戊寅,5,2023,1,1,0.016521316803584936,1,戊,寅,土,木,癸,丑,水,土,False,False,-0.0024324993750613156,2023-W03,2023-01
000858.SZ,2023-01-30,217.6,208.72,0.042545,321808,7001555.735,壬寅,癸丑,戊子,1,2023,1,1,0.04166487415331449,1,戊,子,土,水,癸,丑,水,土,False,True,0.016521316803584936,2023-W05,2023-01
000858.SZ,2023-01-31,209.0,217.6,-0.039522,257247,5456751.654,壬寅,癸丑,己丑,2,2023,1,1,-0.040324263016976586,0,己,丑,土,土,癸,丑,水,土,False,True,0.04166487415331449,2023-W05,2023-01
000858.SZ,2023-02-01,210.06,209.0,0.005072,256552,5334911.717,壬寅,癸丑,庚寅,3,2023,2,1,0.005058952229818413,1,庚,寅,金,木,癸,丑,水,土,True,False,-0.040324263016976586,2023-W05,2023-02
000858.SZ,2023-02-02,212.51,210.06,0.011663,183271,3899833.436,壬寅,癸丑,辛卯,4,2023,2,1,0.011595841886139865,1,辛,卯,金,木,癸,丑,水,土,True,False,0.005058952229818413,2023-W05,2023-02
000858.SZ,2023-02-03,210.0,212.51,-0.011811,199352,4156921.814,壬寅,癸丑,壬辰,5,2023,2,1,-0.011881515363300526,0,壬,辰,水,土,癸,丑,水,土,True,False,0.011595841886139865,2023-W05,2023-02
000858.SZ,2023-02-06,201.7,210.0,-0.039524,334075,6710340.318,癸卯,甲寅,乙未,1,2023,2,1,-0.0403260857573027,0,乙,未,木,土,甲,寅,木,木,False,False,-0.011881515363300526,2023-W06,2023-02
000858.SZ,2023-02-07,203.17,201.7,0.007288,158115,3216023.678,癸卯,甲寅,丙申,2,2023,2,1,0.00726162204935301,1,丙,申,火,金,甲,寅,木,木,False,False,-0.0403260857573027,2023-W06,2023-02
000858.SZ,2023-02-08,199.55,203.17,-0.017818,169057,3384827.004,癸卯,甲寅,丁酉,3,2023,2,1,-0.017978235514776158,0,丁,酉,火,金,甲,寅,木,木,False,False,0.00726162204935301,2023-W06,2023-02
000858.SZ,2023-02-09,207.39,199.55,0.039288,244939,5026717.804,癸卯,甲寅,戊戌,4,2023,2,1,0.03853624713054025,1,戊,戌,土,土,甲,寅,木,木,False,False,-0.017978235514776158,2023-W06,2023-02
000858.SZ,2023-02-10,204.7,207.39,-0.012971,140321,2872338.309,癸卯,甲寅,己亥,5,2023,2,1,-0.01305558595803949,0,己,亥,土,水,甲,寅,木,木,False,False,0.03853624713054025,2023-W06,2023-02
000858.SZ,2023-02-13,212.4,204.7,0.037616,289087,6110099.289,癸卯,甲寅,壬寅,1,2023,2,1,0.036925796700540005,1,壬,寅,水,木,甲,寅,木,木,False,False,-0.01305558595803949,2023-W07,2023-02
000858.SZ,2023-02-14,209.24,212.4,-0.014878,184901,3886700.986,癸卯,甲寅,癸卯,2,2023,2,1,-0.014989370865373448,0,癸,卯,水,木,甲,寅,木,木,False,False,0.036925796700540005,2023-W07,2023-02
000858.SZ,2023-02-15,211.0,209.24,0.008411,169257,3584495.859,癸卯,甲寅,甲辰,3,2023,2,1,0.008376214973656041,1,甲,辰,木,土,甲,寅,木,木,False,False,-0.014989370865373448,2023-W07,2023-02
000858.SZ,2023-02-16,210.79,211.0,-0.000995,213379,4522470.62,癸卯,甲寅,乙巳,4,2023,2,1,-0.0009957562642632662,0,乙,巳,木,火,甲,寅,木,木,False,False,0.008376214973656041,2023-W07,2023-02
000858.SZ,2023-02-17,208.15,210.79,-0.012524,184467,3901124.993,癸卯,甲寅,丙午,5,2023,2,1,-0.012603403570818841,0,丙,午,火,火,甲,寅,木,木,False,False,-0.0009957562642632662,2023-W07,2023-02
000858.SZ,2023-02-20,212.95,208.15,0.02306,191667,4024080.432,癸卯,甲寅,己酉,1,2023,2,1,0.02279842272823803,1,己,酉,土,金,甲,寅,木,木,False,False,-0.012603403570818841,2023-W08,2023-02
000858.SZ,2023-02-21,210.08,212.95,-0.013477,139395,2922693.859,癸卯,甲寅,庚戌,2,2023,2,1,-0.013568985814736277,0,庚,戌,金,土,甲,寅,木,木,False,False,0.02279842272823803,2023-W08,2023-02
000858.SZ,2023-02-22,207.5,210.08,-0.012281,141005,2931801.636,癸卯,甲寅,辛亥,3,2023,2,1,-0.01235707088373314,0,辛,亥,金,水,甲,寅,木,木,False,False,-0.013568985814736277,2023-W08,2023-02
000858.SZ,2023-02-23,205.1,207.5,-0.011566,145808,2993988.118,癸卯,甲寅,壬子,4,2023,2,1,-0.01163367459241804,0,壬,子,水,水,甲,寅,木,木,False,False,-0.01235707088373314,2023-W08,2023-02
000858.SZ,2023-02-24,201.1,205.1,-0.019503,203957,4104764.614,癸卯,甲寅,癸丑,5,2023,2,1,-0.019695368299728584,0,癸,丑,水,土,甲,寅,木,木,False,True,-0.01163367459241804,2023-W08,2023-02
000858.SZ,2023-02-27,204.81,201.1,0.018449,172995,3517673.755,癸卯,甲寅,丙辰,1,2023,2,1,0.01828042331969239,1,丙,辰,火,土,甲,寅,木,木,False,True,-0.019695368299728584,2023-W09,2023-02
000858.SZ,2023-02-28,204.42,204.81,-0.001904,114801,2342737.529,癸卯,甲寅,丁巳,2,2023,2,1,-0.0019060191973685023,0,丁,巳,火,火,甲,寅,木,木,False,True,0.01828042331969239,2023-W09,2023-02
000858.SZ,2023-03-01,207.38,204.42,0.01448,154465,3196937.763,癸卯,甲寅,戊午,3,2023,3,1,0.014376158229201937,1,戊,午,土,火,甲,寅,木,木,True,False,-0.0019060191973685023,2023-W09,2023-03
000858.SZ,2023-03-02,206.24,207.38,-0.005497,74476,1537653.714,癸卯,甲寅,己未,4,2023,3,1,-0.00551231993925475,0,己,未,土,土,甲,寅,木,木,True,False,0.014376158229201937,2023-W09,2023-03
000858.SZ,2023-03-03,205.76,206.24,-0.002327,92836,1912804.916,癸卯,甲寅,庚申,5,2023,3,1,-0.0023300981416227323,0,庚,申,金,金,甲,寅,木,木,True,False,-0.00551231993925475,2023-W09,2023-03
000858.SZ,2023-03-06,204.58,205.76,-0.005735,111402,2277420.061,癸卯,乙卯,癸亥,1,2023,3,1,-0.005751344020393166,0,癸,亥,水,水,乙,卯,木,木,False,False,-0.0023300981416227323,2023-W10,2023-03
000858.SZ,2023-03-07,200.45,204.58,-0.020188,125272,2532351.683,癸卯,乙卯,甲子,2,2023,3,1,-0.020394257940345505,0,甲,子,木,水,乙,卯,木,木,False,False,-0.005751344020393166,2023-W10,2023-03
000858.SZ,2023-03-08,199.3,200.45,-0.005737,102191,2035672.77,癸卯,乙卯,乙丑,3,2023,3,1,-0.005753611869766782,0,乙,丑,木,土,乙,卯,木,木,False,False,-0.020394257940345505,2023-W10,2023-03
000858.SZ,2023-03-09,198.0,199.3,-0.006523,168504,3323035.487,癸卯,乙卯,丙寅,4,2023,3,1,-0.006544196524213816,0,丙,寅,火,木,乙,卯,木,木,False,False,-0.005753611869766782,2023-W10,2023-03
000858.SZ,2023-03-10,195.24,198.0,-0.013939,110956,2181297.329,癸卯,乙卯,丁卯,5,2023,3,1,-0.014037459675588474,0,丁,卯,火,木,乙,卯,木,木,False,False,-0.006544196524213816,2023-W10,2023-03
000858.SZ,2023-03-13,198.6,195.24,0.01721,126472,2510450.83,癸卯,乙卯,庚午,1,2023,3,1,0.017063180592125384,1,庚,午,金,火,乙,卯,木,木,False,False,-0.014037459675588474,2023-W11,2023-03
000858.SZ,2023-03-14,195.28,198.6,-0.016717,102842,2013558.949,癸卯,乙卯,辛未,2,2023,3,1,-0.01685832552636755,0,辛,未,金,土,乙,卯,木,木,False,False,0.017063180592125384,2023-W11,2023-03
000858.SZ,2023-03-15,192.32,195.28,-0.015158,129880,2527648.821,癸卯,乙卯,壬申,3,2023,3,1,-0.015273774737861881,0,壬,申,水,金,乙,卯,木,木,False,False,-0.01685832552636755,2023-W11,2023-03
000858.SZ,2023-03-16,191.2,192.32,-0.005824,120543,2309099.79,癸卯,乙卯,癸酉,4,2023,3,1,-0.005840650729541842,0,癸,酉,水,金,乙,卯,木,木,False,False,-0.015273774737861881,2023-W11,2023-03
000858.SZ,2023-03-17,188.5,191.2,-0.014121,156070,2970579.105,癸卯,乙卯,甲戌,5,2023,3,1,-0.014221993729235417,0,甲,戌,木,土,乙,卯,木,木,False,False,-0.005840650729541842,2023-W11,2023-03
000858.SZ,2023-03-20,185.9,188.5,-0.013793,154642,2889012.995,癸卯,乙卯,丁丑,1,2023,3,1,-0.013889112160667037,0,丁,丑,火,土,乙,卯,木,木,False,False,-0.014221993729235417,2023-W12,2023-03
000858.SZ,2023-03-21,192.24,185.9,0.034104,187892,3583069.187,癸卯,乙卯,戊寅,2,2023,3,1,0.033535696700815125,1,戊,寅,土,木,乙,卯,木,木,False,False,-0.013889112160667037,2023-W12,2023-03
000858.SZ,2023-03-22,191.77,192.24,-0.002445,108532,2097093.753,癸卯,乙卯,己卯,3,2023,3,1,-0.0024478541427891986,0,己,卯,土,木,乙,卯,木,木,False,False,0.033535696700815125,2023-W12,2023-03
000858.SZ,2023-03-23,194.58,191.77,0.014653,132842,2578838.699,癸卯,乙卯,庚辰,4,2023,3,1,0.01454665226185741,1,庚,辰,金,土,乙,卯,木,木,False,False,-0.0024478541427891986,2023-W12,2023-03
000858.SZ,2023-03-24,193.02,194.58,-0.008017,102530,1984030.938,癸卯,乙卯,辛巳,5,2023,3,1,-0.008049579068291653,0,辛,巳,金,火,乙,卯,木,木,False,False,0.01454665226185741,2023-W12,2023-03
000858.SZ,2023-03-27,190.41,193.02,-0.013522,118798,2258153.855,癸卯,乙卯,甲申,1,2023,3,1,-0.013614168492501645,0,甲,申,木,金,乙,卯,木,木,False,True,-0.008049579068291653,2023-W13,2023-03
000858.SZ,2023-03-28,192.5,190.41,0.010976,109186,2099319.286,癸卯,乙卯,乙酉,2,2023,3,1,0.010916511741350467,1,乙,酉,木,金,乙,卯,木,木,False,True,-0.013614168492501645,2023-W13,2023-03
000858.SZ,2023-03-29,195.28,192.5,0.014442,159539,3103306.614,癸卯,乙卯,丙戌,3,2023,3,1,0.01433827235686575,1,丙,戌,火,土,乙,卯,木,木,False,True,0.010916511741350467,2023-W13,2023-03
000858.SZ,2023-03-30,198.39,195.28,0.015926,151486,2983220.918,癸卯,乙卯,丁亥,4,2023,3,1,0.01580036426997593,1,丁,亥,火,水,乙,卯,木,木,False,True,0.01433827235686575,2023-W13,2023-03
000858.SZ,2023-03-31,197.0,198.39,-0.007006,127589,2541477.089,癸卯,乙卯,戊子,5,2023,3,1,-0.0070310616166921166,0,戊,子,土,水,乙,卯,木,木,False,True,0.01580036426997593,2023-W13,2023-03
000858.SZ,2023-04-03,195.19,197.0,-0.009188,133660,2604697.434,癸卯,乙卯,辛卯,1,2023,4,1,-0.009230285579469233,0,辛,卯,金,木,乙,卯,木,木,True,False,-0.0070310616166921166,2023-W14,2023-04
000858.SZ,2023-04-04,196.15,195.19,0.004918,142473,2772976.031,癸卯,乙卯,壬辰,2,2023,4,1,0.004906229497042299,1,壬,辰,水,土,乙,卯,木,木,True,False,-0.009230285579469233,2023-W14,2023-04
000858.SZ,2023-04-10,184.65,189.06,-0.023326,339732,6169351.676,癸卯,丙辰,戊戌,1,2023,4,1,-0.023602283698666005,0,戊,戌,土,土,丙,辰,火,土,False,False,0.004906229497042299,2023-W15,2023-04
000858.SZ,2023-04-11,180.53,184.65,-0.022312,191194,3472021.583,癸卯,丙辰,己亥,2,2023,4,1,-0.022565172350005498,0,己,亥,土,水,丙,辰,火,土,False,False,-0.023602283698666005,2023-W15,2023-04
000858.SZ,2023-04-12,175.82,180.53,-0.02609,272833,4827573.322,癸卯,丙辰,庚子,3,2023,4,1,-0.026436224525534194,0,庚,子,金,水,丙,辰,火,土,False,False,-0.022565172350005498,2023-W15,2023-04
000858.SZ,2023-04-13,177.88,175.82,0.011717,210802,3748131.434,癸卯,丙辰,辛丑,4,2023,4,1,0.011648421219463244,1,辛,丑,金,土,丙,辰,火,土,False,False,-0.026436224525534194,2023-W15,2023-04
000858.SZ,2023-04-14,175.59,177.88,-0.012874,144653,2549260.307,癸卯,丙辰,壬寅,5,2023,4,1,-0.012957433671256482,0,壬,寅,水,木,丙,辰,火,土,False,False,0.011648421219463244,2023-W15,2023-04
000858.SZ,2023-04-17,178.18,175.59,0.01475,185552,3301205.327,癸卯,丙辰,乙巳,1,2023,4,1,0.014642543321258588,1,乙,巳,木,火,丙,辰,火,土,False,False,-0.012957433671256482,2023-W16,2023-04
000858.SZ,2023-04-18,178.32,178.18,0.000786,144066,2574306.113,癸卯,丙辰,丙午,2,2023,4,1,0.0007854137851156584,1,丙,午,火,火,丙,辰,火,土,False,False,0.014642543321258588,2023-W16,2023-04
000858.SZ,2023-04-19,176.29,178.32,-0.011384,126172,2225609.751,癸卯,丙辰,丁未,3,2023,4,1,-0.01144932277996133,0,丁,未,火,土,丙,辰,火,土,False,False,0.0007854137851156584,2023-W16,2023-04
000858.SZ,2023-04-20,173.5,176.29,-0.015826,148008,2578285.584,癸卯,丙辰,戊申,4,2023,4,1,-0.015952766910738134,0,戊,申,土,金,丙,辰,火,土,False,False,-0.01144932277996133,2023-W16,2023-04
000858.SZ,2023-04-21,172.0,173.5,-0.008646,120919,2096658.342,癸卯,丙辰,己酉,5,2023,4,1,-0.008683122573460881,0,己,酉,土,金,丙,辰,火,土,False,False,-0.015952766910738134,2023-W16,2023-04
000858.SZ,2023-04-24,168.0,172.0,-0.023256,176090,2970098.989,癸卯,丙辰,壬子,1,2023,4,1,-0.02353049741019416,0,壬,子,水,水,丙,辰,火,土,False,False,-0.008683122573460881,2023-W17,2023-04
000858.SZ,2023-04-25,169.8,168.0,0.010714,154897,2602607.466,癸卯,丙辰,癸丑,2,2023,4,1,0.010657294473987979,1,癸,丑,水,土,丙,辰,火,土,False,False,-0.02353049741019416,2023-W17,2023-04
000858.SZ,2023-04-26,168.61,169.8,-0.007008,148126,2500348.755,癸卯,丙辰,甲寅,3,2023,4,1,-0.007032918087357652,0,甲,寅,木,木,丙,辰,火,土,False,True,0.010657294473987979,2023-W17,2023-04
000858.SZ,2023-04-27,169.17,168.61,0.003321,150393,2530897.181,癸卯,丙辰,乙卯,4,2023,4,1,0.0033157706973110873,1,乙,卯,木,木,丙,辰,火,土,False,True,-0.007032918087357652,2023-W17,2023-04
000858.SZ,2023-04-28,169.0,169.17,-0.001005,179385,3038219.04,癸卯,丙辰,丙辰,5,2023,4,1,-0.0010054115641268866,0,丙,辰,火,土,丙,辰,火,土,False,True,0.0033157706973110873,2023-W17,2023-04
000858.SZ,2023-05-04,168.95,169.0,-0.000296,265877,4516684.022,癸卯,丙辰,壬戌,4,2023,5,1,-0.0002959017627746207,0,壬,戌,水,土,丙,辰,火,土,True,False,-0.0010054115641268866,2023-W18,2023-05
000858.SZ,2023-05-05,173.71,168.95,0.028174,251726,4324694.285,癸卯,丙辰,癸亥,5,2023,5,1,0.02778442895353308,1,癸,亥,水,水,丙,辰,火,土,True,False,-0.0002959017627746207,2023-W18,2023-05
000858.SZ,2023-05-08,171.4,173.71,-0.013298,177533,3055844.963,癸卯,丁巳,丙寅,1,2023,5,1,-0.013387235950152605,0,丙,寅,火,木,丁,巳,火,火,False,False,0.02778442895353308,2023-W19,2023-05
000858.SZ,2023-05-09,174.77,171.4,0.019662,222923,3891367.974,癸卯,丁巳,丁卯,2,2023,5,1,0.019470817614590272,1,丁,卯,火,木,丁,巳,火,火,False,False,-0.013387235950152605,2023-W19,2023-05
000858.SZ,2023-05-10,173.32,174.77,-0.008297,118909,2057577.183,癸卯,丁巳,戊辰,3,2023,5,1,-0.008331226906561223,0,戊,辰,土,土,丁,巳,火,火,False,False,0.019470817614590272,2023-W19,2023-05
000858.SZ,2023-05-11,172.57,173.32,-0.004327,122896,2138045.981,癸卯,丁巳,己巳,4,2023,5,1,-0.00433664561222112,0,己,巳,土,火,丁,巳,火,火,False,False,-0.008331226906561223,2023-W19,2023-05
000858.SZ,2023-05-12,169.37,172.57,-0.018543,129591,2218100.021,癸卯,丁巳,庚午,5,2023,5,1,-0.01871728035645754,0,庚,午,金,火,丁,巳,火,火,False,False,-0.00433664561222112,2023-W19,2023-05
000858.SZ,2023-05-15,172.44,169.37,0.018126,130799,2232478.635,癸卯,丁巳,癸酉,1,2023,5,1,0.017963678975904025,1,癸,酉,水,金,丁,巳,火,火,False,False,-0.01871728035645754,2023-W20,2023-05
000858.SZ,2023-05-16,170.49,172.44,-0.011308,99364,1694257.812,癸卯,丁巳,甲戌,2,2023,5,1,-0.011372705901794,0,甲,戌,木,土,丁,巳,火,火,False,False,0.017963678975904025,2023-W20,2023-05
000858.SZ,2023-05-17,169.34,170.49,-0.006745,86021,1458848.098,癸卯,丁巳,乙亥,3,2023,5,1,-0.00676811576300873,0,乙,亥,木,水,丁,巳,火,火,False,False,-0.011372705901794,2023-W20,2023-05
000858.SZ,2023-05-18,168.66,169.34,-0.004016,87803,1484050.324,癸卯,丁巳,丙子,4,2023,5,1,-0.004023674067635627,0,丙,子,火,水,丁,巳,火,火,False,False,-0.00676811576300873,2023-W20,2023-05
000858.SZ,2023-05-19,170.8,168.66,0.012688,120745,2048104.075,癸卯,丁巳,丁丑,5,2023,5,1,0.012608427207974164,1,丁,丑,火,土,丁,巳,火,火,False,False,-0.004023674067635627,2023-W20,2023-05
000858.SZ,2023-05-22,177.61,170.8,0.039871,302445,5326580.958,癸卯,丁巳,庚辰,1,2023,5,1,0.03909685392476586,1,庚,辰,金,土,丁,巳,火,火,False,False,0.012608427207974164,2023-W21,2023-05
000858.SZ,2023-05-23,174.0,177.61,-0.020325,136724,2402618.291,癸卯,丁巳,辛巳,2,2023,5,1,-0.020534836064706522,0,辛,巳,金,火,丁,巳,火,火,False,False,0.03909685392476586,2023-W21,2023-05
000858.SZ,2023-05-24,170.35,174.0,-0.020977,133550,2297763.605,癸卯,丁巳,壬午,3,2023,5,1,-0.02120015510755349,0,壬,午,水,火,丁,巳,火,火,False,False,-0.020534836064706522,2023-W21,2023-05
000858.SZ,2023-05-25,168.2,170.35,-0.012621,143925,2421836.659,癸卯,丁巳,癸未,4,2023,5,1,-0.01270139656812793,0,癸,未,水,土,丁,巳,火,火,False,False,-0.02120015510755349,2023-W21,2023-05
000858.SZ,2023-05-26,170.1,168.2,0.011296,122874,2088300.565,癸卯,丁巳,甲申,5,2023,5,1,0.011232751862968342,1,甲,申,木,金,丁,巳,火,火,False,False,-0.01270139656812793,2023-W21,2023-05
000858.SZ,2023-05-29,168.26,170.1,-0.010817,129768,2191774.954,癸卯,丁巳,丁亥,1,2023,5,1,-0.010876097279148523,0,丁,亥,火,水,丁,巳,火,火,False,True,0.011232751862968342,2023-W22,2023-05
000858.SZ,2023-05-30,165.17,168.26,-0.018364,183603,3039522.846,癸卯,丁巳,戊子,2,2023,5,1,-0.018535155589668586,0,戊,子,土,水,丁,巳,火,火,False,True,-0.010876097279148523,2023-W22,2023-05
000858.SZ,2023-05-31,161.18,165.17,-0.024157,213448,3448000.885,癸卯,丁巳,己丑,3,2023,5,1,-0.02445349363663361,0,己,丑,土,土,丁,巳,火,火,False,True,-0.018535155589668586,2023-W22,2023-05
000858.SZ,2023-06-01,163.32,161.18,0.013277,169016,2774057.591,癸卯,丁巳,庚寅,4,2023,6,1,0.01318971355500967,1,庚,寅,金,木,丁,巳,火,火,True,False,-0.02445349363663361,2023-W22,2023-06
000858.SZ,2023-06-02,167.9,163.32,0.028043,192083,3199284.099,癸卯,丁巳,辛卯,5,2023,6,1,0.027657097632120115,1,辛,卯,金,木,丁,巳,火,火,True,False,0.01318971355500967,2023-W22,2023-06
000858.SZ,2023-06-05,165.2,167.9,-0.016081,113446,1879812.886,癸卯,丁巳,甲午,1,2023,6,1,-0.01621170299661753,0,甲,午,木,火,丁,巳,火,火,True,False,0.027657097632120115,2023-W23,2023-06
000858.SZ,2023-06-06,165.62,165.2,0.002542,135367,2256103.842,癸卯,戊午,乙未,2,2023,6,1,0.0025391465186764594,1,乙,未,木,土,戊,午,土,火,False,False,-0.01621170299661753,2023-W23,2023-06
000858.SZ,2023-06-07,164.0,165.62,-0.009781,95325,1574392.183,癸卯,戊午,丙申,3,2023,6,1,-0.009829579781355674,0,丙,申,火,金,戊,午,土,火,False,False,0.0025391465186764594,2023-W23,2023-06
000858.SZ,2023-06-08,164.82,164.0,0.005,91572,1504742.545,癸卯,戊午,丁酉,4,2023,6,1,0.004987541511038968,1,丁,酉,火,金,戊,午,土,火,False,False,-0.009829579781355674,2023-W23,2023-06
000858.SZ,2023-06-09,164.59,164.82,-0.001395,119635,1970427.702,癸卯,戊午,戊戌,5,2023,6,1,-0.001396436279260822,0,戊,戌,土,土,戊,午,土,火,False,False,0.004987541511038968,2023-W23,2023-06
000858.SZ,2023-06-12,170.41,164.59,0.035361,241838,4073838.204,癸卯,戊午,辛丑,1,2023,6,1,0.0347497650633247,1,辛,丑,金,土,戊,午,土,火,False,False,-0.001396436279260822,2023-W24,2023-06
000858.SZ,2023-06-13,173.08,170.41,0.015668,182936,3156768.739,癸卯,戊午,壬寅,2,2023,6,1,0.015546617237382874,1,壬,寅,水,木,戊,午,土,火,False,False,0.0347497650633247,2023-W24,2023-06
000858.SZ,2023-06-14,177.68,173.08,0.026577,241015,4279986.457,癸卯,戊午,癸卯,3,2023,6,1,0.026230264229487966,1,癸,卯,水,木,戊,午,土,火,False,False,0.015546617237382874,2023-W24,2023-06
000858.SZ,2023-06-15,182.0,177.68,0.024313,240450,4346343.723,癸卯,戊午,甲辰,4,2023,6,1,0.02402250749062324,1,甲,辰,木,土,戊,午,土,火,False,False,0.026230264229487966,2023-W24,2023-06
000858.SZ,2023-06-16,184.08,182.0,0.011429,216313,3975777.954,癸卯,戊午,乙巳,5,2023,6,1,0.011363758650315223,1,乙,巳,木,火,戊,午,土,火,False,False,0.02402250749062324,2023-W24,2023-06
000858.SZ,2023-06-19,177.54,184.08,-0.035528,242341,4330534.593,癸卯,戊午,戊申,1,2023,6,1,-0.03617451008693723,0,戊,申,土,金,戊,午,土,火,False,False,0.011363758650315223,2023-W25,2023-06
000858.SZ,2023-06-20,174.01,177.54,-0.019883,178689,3129124.755,癸卯,戊午,己酉,2,2023,6,1,-0.020083166812686303,0,己,酉,土,金,戊,午,土,火,False,False,-0.03617451008693723,2023-W25,2023-06
000858.SZ,2023-06-21,171.4,174.01,-0.014999,139484,2409049.47,癸卯,戊午,庚戌,3,2023,6,1,-0.015112762663807485,0,庚,戌,金,土,戊,午,土,火,False,False,-0.020083166812686303,2023-W25,2023-06
000858.SZ,2023-06-26,166.66,171.4,-0.027655,219340,3652673.794,癸卯,戊午,乙卯,1,2023,6,1,-0.02804419720961874,0,乙,卯,木,木,戊,午,土,火,False,True,-0.015112762663807485,2023-W26,2023-06
000858.SZ,2023-06-27,166.12,162.88,0.019892,200679,3307807.251,癸卯,戊午,丙辰,2,2023,6,1,0.019696685400394928,1,丙,辰,火,土,戊,午,土,火,False,True,-0.02804419720961874,2023-W26,2023-06
000858.SZ,2023-06-28,166.67,166.12,0.003311,119426,1990481.708,癸卯,戊午,丁巳,3,2023,6,1,0.0033053907915319286,1,丁,巳,火,火,戊,午,土,火,False,True,0.019696685400394928,2023-W26,2023-06
000858.SZ,2023-06-29,163.81,166.67,-0.01716,117723,1934965.472,癸卯,戊午,戊午,4,2023,6,1,-0.0173085899375447,0,戊,午,土,火,戊,午,土,火,False,True,0.0033053907915319286,2023-W26,2023-06
000858.SZ,2023-06-30,163.57,163.81,-0.001465,103370,1695951.752,癸卯,戊午,己未,5,2023,6,1,-0.0014661863461058367,0,己,未,土,土,戊,午,土,火,False,True,-0.0173085899375447,2023-W26,2023-06
000858.SZ,2023-07-03,167.36,163.57,0.023171,173373,2875749.982,癸卯,戊午,壬戌,1,2023,7,1,0.022906147606123903,1,壬,戌,水,土,戊,午,土,火,True,False,-0.0014661863461058367,2023-W27,2023-07
000858.SZ,2023-07-04,168.22,167.36,0.005139,125957,2107039.768,癸卯,戊午,癸亥,2,2023,7,1,0.005125465657733006,1,癸,亥,水,水,戊,午,土,火,True,False,0.022906147606123903,2023-W27,2023-07
000858.SZ,2023-07-05,165.38,168.22,-0.016883,115416,1911856.439,癸卯,戊午,甲子,3,2023,7,1,-0.017026790240270585,0,甲,子,木,水,戊,午,土,火,True,False,0.005125465657733006,2023-W27,2023-07
000858.SZ,2023-07-06,164.3,165.38,-0.00653,101449,1672166.188,癸卯,戊午,乙丑,4,2023,7,1,-0.006551831250798145,0,乙,丑,木,土,戊,午,土,火,False,False,-0.017026790240270585,2023-W27,2023-07
000858.SZ,2023-07-07,163.66,164.3,-0.003895,78969,1294178.678,癸卯,己未,丙寅,5,2023,7,1,-0.0039029199439868335,0,丙,寅,火,木,己,未,土,土,False,False,-0.006551831250798145,2023-W27,2023-07
000858.SZ,2023-07-10,164.6,163.66,0.005744,96715,1597774.605,癸卯,己未,己巳,1,2023,7,1,0.005727183143733848,1,己,巳,土,火,己,未,土,土,False,False,-0.0039029199439868335,2023-W28,2023-07
000858.SZ,2023-07-11,165.14,164.6,0.003281,70205,1156564.822,癸卯,己未,庚午,2,2023,7,1,0.0032753107463129208,1,庚,午,金,火,己,未,土,土,False,False,0.005727183143733848,2023-W28,2023-07
000858.SZ,2023-07-12,165.46,165.14,0.001938,118840,1970009.88,癸卯,己未,辛未,3,2023,7,1,0.0019358747727545415,1,辛,未,金,土,己,未,土,土,False,False,0.0032753107463129208,2023-W28,2023-07
000858.SZ,2023-07-13,172.65,165.46,0.043455,323513,5531880.616,癸卯,己未,壬申,4,2023,7,1,0.0425369500739645,1,壬,申,水,金,己,未,土,土,False,False,0.0019358747727545415,2023-W28,2023-07
000858.SZ,2023-07-14,171.99,172.65,-0.003823,150722,2594877.559,癸卯,己未,癸酉,5,2023,7,1,-0.003830088247600299,0,癸,酉,水,金,己,未,土,土,False,False,0.0425369500739645,2023-W28,2023-07
000858.SZ,2023-07-17,169.66,171.99,-0.013547,93256,1575729.874,癸卯,己未,丙子,1,2023,7,1,-0.013639901208812436,0,丙,子,火,水,己,未,土,土,False,False,-0.003830088247600299,2023-W29,2023-07
000858.SZ,2023-07-18,168.4,169.66,-0.007427,81959,1381227.321,癸卯,己未,丁丑,2,2023,7,1,-0.00745433257136225,0,丁,丑,火,土,己,未,土,土,False,False,-0.013639901208812436,2023-W29,2023-07
000858.SZ,2023-07-19,168.32,168.4,-0.000475,76855,1288284.983,癸卯,己未,戊寅,3,2023,7,1,-0.00047517225888138106,0,戊,寅,土,木,己,未,土,土,False,False,-0.00745433257136225,2023-W29,2023-07
000858.SZ,2023-07-20,168.56,168.32,0.001426,127501,2163844.782,癸卯,己未,己卯,4,2023,7,1,0.0014248399465885526,1,己,卯,土,木,己,未,土,土,False,False,-0.00047517225888138106,2023-W29,2023-07
000858.SZ,2023-07-21,171.27,168.56,0.016077,195386,3356305.157,癸卯,己未,庚辰,5,2023,7,1,0.01594948914834403,1,庚,辰,金,土,己,未,土,土,False,False,0.0014248399465885526,2023-W29,2023-07
000858.SZ,2023-07-24,169.36,171.27,-0.011152,131716,2222174.196,癸卯,己未,癸未,1,2023,7,1,-0.011214631817667804,0,癸,未,水,土,己,未,土,土,False,False,0.01594948914834403,2023-W30,2023-07
000858.SZ,2023-07-25,179.5,169.36,0.059872,440631,7867658.288,癸卯,己未,甲申,2,2023,7,1,0.058148581101723724,1,甲,申,木,金,己,未,土,土,False,False,-0.011214631817667804,2023-W30,2023-07
000858.SZ,2023-07-26,177.8,179.5,-0.009471,174025,3104017.698,癸卯,己未,乙酉,3,2023,7,1,-0.009515884848529261,0,乙,酉,木,金,己,未,土,土,False,False,0.058148581101723724,2023-W30,2023-07
000858.SZ,2023-07-27,178.46,177.8,0.003712,187987,3367125.65,癸卯,己未,丙戌,4,2023,7,1,0.0037051633922011245,1,丙,戌,火,土,己,未,土,土,False,True,-0.009515884848529261,2023-W30,2023-07
000858.SZ,2023-07-28,181.18,178.46,0.015242,319693,5753479.23,癸卯,己未,丁亥,5,2023,7,1,0.015126525769136322,1,丁,亥,火,水,己,未,土,土,False,True,0.0037051633922011245,2023-W30,2023-07
000858.SZ,2023-07-31,181.0,181.18,-0.000993,315593,5816020.903,癸卯,己未,庚寅,1,2023,7,1,-0.000993980975315993,0,庚,寅,金,木,己,未,土,土,False,True,0.015126525769136322,2023-W31,2023-07
000858.SZ,2023-08-01,179.88,181.0,-0.006188,195718,3543719.056,癸卯,己未,辛卯,2,2023,8,1,-0.006207069363319098,0,辛,卯,金,木,己,未,土,土,True,False,-0.000993980975315993,2023-W31,2023-08
000858.SZ,2023-08-02,177.98,179.88,-0.010563,155080,2770075.424,癸卯,己未,壬辰,3,2023,8,1,-0.010618777473790506,0,壬,辰,水,土,己,未,土,土,True,False,-0.006207069363319098,2023-W31,2023-08
000858.SZ,2023-08-03,178.6,177.98,0.003484,152645,2712382.851,癸卯,己未,癸巳,4,2023,8,1,0.003477484013682431,1,癸,巳,水,火,己,未,土,土,True,False,-0.010618777473790506,2023-W31,2023-08
000858.SZ,2023-08-04,179.28,178.6,0.003807,143477,2585669.217,癸卯,己未,甲午,5,2023,8,1,0.0038001610502728504,1,甲,午,木,火,己,未,土,土,True,False,0.003477484013682431,2023-W31,2023-08
000858.SZ,2023-08-07,177.31,179.28,-0.010988,156929,2784302.714,癸卯,己未,丁酉,1,2023,8,1,-0.011049216423774388,0,丁,酉,火,金,己,未,土,土,False,False,0.0038001610502728504,2023-W32,2023-08
000858.SZ,2023-08-08,176.88,177.31,-0.002425,116143,2050696.313,癸卯,庚申,戊戌,2,2023,8,1,-0.0024280765197063595,0,戊,戌,土,土,庚,申,金,金,False,False,-0.011049216423774388,2023-W32,2023-08
000858.SZ,2023-08-09,177.18,176.88,0.001696,86795,1536212.479,癸卯,庚申,己亥,3,2023,8,1,0.0016946284346955772,1,己,亥,土,水,庚,申,金,金,False,False,-0.0024280765197063595,2023-W32,2023-08
000858.SZ,2023-08-10,176.31,177.18,-0.00491,104237,1833070.604,癸卯,庚申,庚子,4,2023,8,1,-0.004922355691217599,0,庚,子,金,水,庚,申,金,金,False,False,0.0016946284346955772,2023-W32,2023-08
000858.SZ,2023-08-11,172.36,176.31,-0.022404,148886,2590746.331,癸卯,庚申,辛丑,5,2023,8,1,-0.022658496545031444,0,辛,丑,金,土,庚,申,金,金,False,False,-0.004922355691217599,2023-W32,2023-08
000858.SZ,2023-08-14,168.62,172.36,-0.021699,210945,3548868.735,癸卯,庚申,甲辰,1,2023,8,1,-0.02193765025310769,0,甲,辰,木,土,庚,申,金,金,False,False,-0.022658496545031444,2023-W33,2023-08
000858.SZ,2023-08-15,166.5,168.62,-0.012573,168144,2803400.143,癸卯,庚申,乙巳,2,2023,8,1,-0.012652353074031106,0,乙,巳,木,火,庚,申,金,金,False,False,-0.02193765025310769,2023-W33,2023-08
000858.SZ,2023-08-16,166.7,166.5,0.001201,116276,1937166.439,癸卯,庚申,丙午,3,2023,8,1,0.0012004803362496402,1,丙,午,火,火,庚,申,金,金,False,False,-0.012652353074031106,2023-W33,2023-08
000858.SZ,2023-08-17,168.44,166.7,0.010438,166931,2790070.935,癸卯,庚申,丁未,4,2023,8,1,0.01038381353697867,1,丁,未,火,土,庚,申,金,金,False,False,0.0012004803362496402,2023-W33,2023-08
000858.SZ,2023-08-18,163.53,168.44,-0.02915,279479,4605753.431,癸卯,庚申,戊申,5,2023,8,1,-0.029583143549427815,0,戊,申,土,金,庚,申,金,金,False,False,0.01038381353697867,2023-W33,2023-08
000858.SZ,2023-08-21,161.97,163.53,-0.00954,164506,2676283.338,癸卯,庚申,辛亥,1,2023,8,1,-0.009585326845993924,0,辛,亥,金,水,庚,申,金,金,False,False,-0.029583143549427815,2023-W34,2023-08
000858.SZ,2023-08-22,162.15,161.97,0.001111,156920,2538910.286,癸卯,庚申,壬子,2,2023,8,1,0.0011106998550216894,1,壬,子,水,水,庚,申,金,金,False,False,-0.009585326845993924,2023-W34,2023-08
000858.SZ,2023-08-23,160.01,162.15,-0.013198,146839,2360128.006,癸卯,庚申,癸丑,3,2023,8,1,-0.013285519472543736,0,癸,丑,水,土,庚,申,金,金,False,False,0.0011106998550216894,2023-W34,2023-08
000858.SZ,2023-08-24,162.26,160.01,0.014062,175895,2842412.944,癸卯,庚申,甲寅,4,2023,8,1,0.013963673686135599,1,甲,寅,木,木,庚,申,金,金,False,False,-0.013285519472543736,2023-W34,2023-08
000858.SZ,2023-08-25,161.55,162.26,-0.004376,116301,1877818.205,癸卯,庚申,乙卯,5,2023,8,1,-0.0043852946964115565,0,乙,卯,木,木,庚,申,金,金,False,False,0.013963673686135599,2023-W34,2023-08
000858.SZ,2023-08-28,157.49,161.55,-0.025132,545770,8739965.733,癸卯,庚申,戊午,1,2023,8,1,-0.025452728084017988,0,戊,午,土,火,庚,申,金,金,False,True,-0.0043852946964115565,2023-W35,2023-08
000858.SZ,2023-08-29,159.4,157.49,0.012128,238731,3780207.169,癸卯,庚申,己未,2,2023,8,1,0.012054802169625334,1,己,未,土,土,庚,申,金,金,False,True,-0.025452728084017988,2023-W35,2023-08
000858.SZ,2023-08-30,157.82,159.4,-0.009912,225986,3580879.5,癸卯,庚申,庚申,3,2023,8,1,-0.00996162326322579,0,庚,申,金,金,庚,申,金,金,False,True,0.012054802169625334,2023-W35,2023-08
000858.SZ,2023-08-31,155.91,157.82,-0.012102,220018,3443917.303,癸卯,庚申,辛酉,4,2023,8,1,-0.012176225404428741,0,辛,酉,金,金,庚,申,金,金,False,True,-0.00996162326322579,2023-W35,2023-08
000858.SZ,2023-09-01,159.74,155.91,0.024565,232386,3701951.294,癸卯,庚申,壬戌,5,2023,9,1,0.02426857580078273,1,壬,戌,水,土,庚,申,金,金,True,False,-0.012176225404428741,2023-W35,2023-09
000858.SZ,2023-09-04,167.93,159.74,0.051271,464964,7710567.732,癸卯,庚申,乙丑,1,2023,9,1,0.049999732417673616,1,乙,丑,木,土,庚,申,金,金,True,False,0.02426857580078273,2023-W36,2023-09
000858.SZ,2023-09-05,165.72,167.93,-0.01316,190550,3170571.173,癸卯,庚申,丙寅,2,2023,9,1,-0.013247608697715532,0,丙,寅,火,木,庚,申,金,金,True,False,0.049999732417673616,2023-W36,2023-09
000858.SZ,2023-09-06,165.69,165.72,-0.000181,130492,2155900.998,癸卯,庚申,丁卯,3,2023,9,1,-0.00018104462799524266,0,丁,卯,火,木,庚,申,金,金,False,False,-0.013247608697715532,2023-W36,2023-09
000858.SZ,2023-09-07,163.1,165.69,-0.015632,118861,1947052.986,癸卯,庚申,戊辰,4,2023,9,1,-0.01575506295423776,0,戊,辰,土,土,庚,申,金,金,False,False,-0.00018104462799524266,2023-W36,2023-09
000858.SZ,2023-09-08,161.92,163.1,-0.007235,104972,1695834.401,癸卯,辛酉,己巳,5,2023,9,1,-0.0072611235278675235,0,己,巳,土,火,辛,酉,金,金,False,False,-0.01575506295423776,2023-W36,2023-09
000858.SZ,2023-09-11,164.35,161.92,0.015007,160682,2625927.003,癸卯,辛酉,壬申,1,2023,9,1,0.014895914011127625,1,壬,申,水,金,辛,酉,金,金,False,False,-0.0072611235278675235,2023-W37,2023-09
000858.SZ,2023-09-12,162.98,164.35,-0.008336,89428,1459902.261,癸卯,辛酉,癸酉,2,2023,9,1,-0.008370806218154695,0,癸,酉,水,金,辛,酉,金,金,False,False,0.014895914011127625,2023-W37,2023-09
000858.SZ,2023-09-13,163.65,162.98,0.004111,131147,2150208.87,癸卯,辛酉,甲戌,3,2023,9,1,0.00410250705511579,1,甲,戌,木,土,辛,酉,金,金,False,False,-0.008370806218154695,2023-W37,2023-09
000858.SZ,2023-09-14,162.0,163.65,-0.010082,130473,2115828.262,癸卯,辛酉,乙亥,4,2023,9,1,-0.010133665714805428,0,乙,亥,木,水,辛,酉,金,金,False,False,0.00410250705511579,2023-W37,2023-09
000858.SZ,2023-09-15,159.71,162.0,-0.014136,177555,2846912.333,癸卯,辛酉,丙子,5,2023,9,1,-0.014236664564165937,0,丙,子,火,水,辛,酉,金,金,False,False,-0.010133665714805428,2023-W37,2023-09
000858.SZ,2023-09-18,162.8,159.71,0.019348,162983,2634257.628,癸卯,辛酉,己卯,1,2023,9,1,0.01916278290022187,1,己,卯,土,木,辛,酉,金,金,False,False,-0.014236664564165937,2023-W38,2023-09
000858.SZ,2023-09-19,160.91,162.8,-0.011609,113674,1824120.706,癸卯,辛酉,庚辰,2,2023,9,1,-0.01167725109738122,0,庚,辰,金,土,辛,酉,金,金,False,False,0.01916278290022187,2023-W38,2023-09
000858.SZ,2023-09-20,159.84,160.91,-0.00665,87123,1394723.511,癸卯,辛酉,辛巳,3,2023,9,1,-0.00667188757081534,0,辛,巳,金,火,辛,酉,金,金,False,False,-0.01167725109738122,2023-W38,2023-09
000858.SZ,2023-09-21,157.66,159.84,-0.013639,129454,2046008.259,癸卯,辛酉,壬午,4,2023,9,1,-0.013732499268481253,0,壬,午,水,火,辛,酉,金,金,False,False,-0.00667188757081534,2023-W38,2023-09
000858.SZ,2023-09-22,159.92,157.66,0.014335,154319,2451918.127,癸卯,辛酉,癸未,5,2023,9,1,0.014232874560382393,1,癸,未,水,土,辛,酉,金,金,False,False,-0.013732499268481253,2023-W38,2023-09
000858.SZ,2023-09-25,158.9,159.92,-0.006378,105364,1676603.466,癸卯,辛酉,丙戌,1,2023,9,1,-0.0063986166494741795,0,丙,戌,火,土,辛,酉,金,金,False,False,0.014232874560382393,2023-W39,2023-09
000858.SZ,2023-09-26,156.65,158.9,-0.01416,125015,1969171.205,癸卯,辛酉,丁亥,2,2023,9,1,-0.014261056144469524,0,丁,亥,火,水,辛,酉,金,金,False,True,-0.0063986166494741795,2023-W39,2023-09
000858.SZ,2023-09-27,156.59,156.65,-0.000383,132812,2083949.327,癸卯,辛酉,戊子,3,2023,9,1,-0.00038309284084919173,0,戊,子,土,水,辛,酉,金,金,False,True,-0.014261056144469524,2023-W39,2023-09
000858.SZ,2023-09-28,156.1,156.59,-0.003129,123857,1933102.453,癸卯,辛酉,己丑,4,2023,9,1,-0.00313409703596523,0,己,丑,土,土,辛,酉,金,金,False,True,-0.00038309284084919173,2023-W39,2023-09
000858.SZ,2023-10-09,154.27,156.1,-0.011723,153573,2365643.872,癸卯,壬戌,庚子,1,2023,10,1,-0.011792513497538171,0,庚,子,金,水,壬,戌,水,土,False,False,-0.00313409703596523,2023-W41,2023-10
000858.SZ,2023-10-10,153.41,154.27,-0.005575,127175,1965311.404,癸卯,壬戌,辛丑,2,2023,10,1,-0.005590238167166223,0,辛,丑,金,土,壬,戌,水,土,False,False,-0.011792513497538171,2023-W41,2023-10
000858.SZ,2023-10-11,153.7,153.41,0.00189,99121,1526531.427,癸卯,壬戌,壬寅,3,2023,10,1,0.0018885746878681546,1,壬,寅,水,木,壬,戌,水,土,False,False,-0.005590238167166223,2023-W41,2023-10
000858.SZ,2023-10-12,155.73,153.7,0.013208,137972,2144168.262,癸卯,壬戌,癸卯,4,2023,10,1,0.013121087962697276,1,癸,卯,水,木,壬,戌,水,土,False,False,0.0018885746878681546,2023-W41,2023-10
000858.SZ,2023-10-13,153.63,155.73,-0.013485,142933,2189951.711,癸卯,壬戌,甲辰,5,2023,10,1,-0.013576624364678736,0,甲,辰,木,土,壬,戌,水,土,False,False,0.013121087962697276,2023-W41,2023-10
000858.SZ,2023-10-16,150.14,153.63,-0.022717,152366,2299307.44,癸卯,壬戌,丁未,1,2023,10,1,-0.02297892199771239,0,丁,未,火,土,壬,戌,水,土,False,False,-0.013576624364678736,2023-W42,2023-10
000858.SZ,2023-10-17,150.41,150.14,0.001798,107201,1610282.34,癸卯,壬戌,戊申,2,2023,10,1,0.001796706522265768,1,戊,申,土,金,壬,戌,水,土,False,False,-0.02297892199771239,2023-W42,2023-10
000858.SZ,2023-10-18,149.24,150.41,-0.007779,101105,1516335.019,癸卯,壬戌,己酉,3,2023,10,1,-0.007809150314164719,0,己,酉,土,金,壬,戌,水,土,False,False,0.001796706522265768,2023-W42,2023-10
000858.SZ,2023-10-19,144.25,149.24,-0.033436,217384,3161472.147,癸卯,壬戌,庚戌,4,2023,10,1,-0.034007842964748215,0,庚,戌,金,土,壬,戌,水,土,False,False,-0.007809150314164719,2023-W42,2023-10
000858.SZ,2023-10-20,143.7,144.25,-0.003813,133164,1920618.082,癸卯,壬戌,辛亥,5,2023,10,1,-0.0038201123032298237,0,辛,亥,金,水,壬,戌,水,土,False,False,-0.034007842964748215,2023-W42,2023-10
000858.SZ,2023-10-23,143.75,143.7,0.000348,120292,1727517.066,癸卯,壬戌,甲寅,1,2023,10,1,0.0003478865924807239,1,甲,寅,木,木,壬,戌,水,土,False,False,-0.0038201123032298237,2023-W43,2023-10
000858.SZ,2023-10-24,144.05,143.75,0.002087,167073,2395874.813,癸卯,壬戌,乙卯,2,2023,10,1,0.0020847818530777187,1,乙,卯,木,木,壬,戌,水,土,False,False,0.0003478865924807239,2023-W43,2023-10
000858.SZ,2023-10-25,149.34,144.05,0.036723,254421,3792234.58,癸卯,壬戌,丙辰,3,2023,10,1,0.036065124077018056,1,丙,辰,火,土,壬,戌,水,土,False,False,0.0020847818530777187,2023-W43,2023-10
000858.SZ,2023-10-26,151.05,149.34,0.01145,146177,2187779.863,癸卯,壬戌,丁巳,4,2023,10,1,0.011385322225125429,1,丁,巳,火,火,壬,戌,水,土,False,False,0.036065124077018056,2023-W43,2023-10
000858.SZ,2023-10-27,152.99,151.05,0.012843,170653,2603681.374,癸卯,壬戌,戊午,5,2023,10,1,0.012761651946606575,1,戊,午,土,火,壬,戌,水,土,False,True,0.011385322225125429,2023-W43,2023-10
000858.SZ,2023-10-30,156.6,152.99,0.023596,274030,4289723.343,癸卯,壬戌,辛酉,1,2023,10,1,0.023322223777415062,1,辛,酉,金,金,壬,戌,水,土,False,True,0.012761651946606575,2023-W44,2023-10
000858.SZ,2023-10-31,156.0,156.6,-0.003831,144978,2261223.857,癸卯,壬戌,壬戌,2,2023,10,1,-0.0038387763071656015,0,壬,戌,水,土,壬,戌,水,土,False,True,0.023322223777415062,2023-W44,2023-10
000858.SZ,2023-11-01,160.0,156.0,0.025641,469346,7622902.568,癸卯,壬戌,癸亥,3,2023,11,1,0.025317807984289786,1,癸,亥,水,水,壬,戌,水,土,True,False,-0.0038387763071656015,2023-W44,2023-11
000858.SZ,2023-11-02,157.9,160.0,-0.013125,165131,2623333.602,癸卯,壬戌,甲子,4,2023,11,1,-0.013211893972230456,0,甲,子,木,水,壬,戌,水,土,True,False,0.025317807984289786,2023-W44,2023-11
000858.SZ,2023-11-03,159.67,157.9,0.01121,138143,2200311.516,癸卯,壬戌,乙丑,5,2023,11,1,0.011147264090013459,1,乙,丑,木,土,壬,戌,水,土,True,False,-0.013211893972230456,2023-W44,2023-11
000858.SZ,2023-11-06,159.84,159.67,0.001065,137512,2192590.029,癸卯,壬戌,戊辰,1,2023,11,1,0.0010641295486335702,1,戊,辰,土,土,壬,戌,水,土,False,False,0.011147264090013459,2023-W45,2023-11
000858.SZ,2023-11-07,159.31,159.84,-0.003316,107303,1705482.356,癸卯,壬戌,己巳,2,2023,11,1,-0.003321325315439965,0,己,巳,土,火,壬,戌,水,土,False,False,0.0010641295486335702,2023-W45,2023-11
000858.SZ,2023-11-08,158.63,159.31,-0.004268,126463,2003995.988,癸卯,癸亥,庚午,3,2023,11,1,-0.004277543164439604,0,庚,午,金,火,癸,亥,水,水,False,False,-0.003321325315439965,2023-W45,2023-11
000858.SZ,2023-11-09,158.55,158.63,-0.000504,91988,1458982.552,癸卯,癸亥,辛未,4,2023,11,1,-0.0005044454360074777,0,辛,未,金,土,癸,亥,水,水,False,False,-0.004277543164439604,2023-W45,2023-11
000858.SZ,2023-11-10,156.9,158.55,-0.010407,89630,1407108.917,癸卯,癸亥,壬申,5,2023,11,1,-0.010461341245369462,0,壬,申,水,金,癸,亥,水,水,False,False,-0.0005044454360074777,2023-W45,2023-11
000858.SZ,2023-11-13,154.88,156.9,-0.012874,125575,1948615.157,癸卯,癸亥,乙亥,1,2023,11,1,-0.012958036210720064,0,乙,亥,木,水,癸,亥,水,水,False,False,-0.010461341245369462,2023-W46,2023-11
000858.SZ,2023-11-14,155.9,154.88,0.006586,112991,1764357.473,癸卯,癸亥,丙子,2,2023,11,1,0.006564152535464055,1,丙,子,火,水,癸,亥,水,水,False,False,-0.012958036210720064,2023-W46,2023-11
000858.SZ,2023-11-15,157.25,155.9,0.008659,101757,1601063.926,癸卯,癸亥,丁丑,3,2023,11,1,0.008622119516819106,1,丁,丑,火,土,癸,亥,水,水,False,False,0.006564152535464055,2023-W46,2023-11
000858.SZ,2023-11-16,156.37,157.25,-0.005596,70363,1102563.043,癸卯,癸亥,戊寅,4,2023,11,1,-0.005611901725130938,0,戊,寅,土,木,癸,亥,水,水,False,False,0.008622119516819106,2023-W46,2023-11
000858.SZ,2023-11-17,155.0,156.37,-0.008761,84520,1309342.331,癸卯,癸亥,己卯,5,2023,11,1,-0.008799876936172332,0,己,卯,土,木,癸,亥,水,水,False,False,-0.005611901725130938,2023-W46,2023-11
000858.SZ,2023-11-20,154.4,155.0,-0.003871,114859,1773729.316,癸卯,癸亥,壬午,1,2023,11,1,-0.003878479328570745,0,壬,午,水,火,癸,亥,水,水,False,False,-0.008799876936172332,2023-W47,2023-11
000858.SZ,2023-11-21,155.3,154.4,0.005829,166976,2595787.144,癸卯,癸亥,癸未,2,2023,11,1,0.00581209256396561,1,癸,未,水,土,癸,亥,水,水,False,False,-0.003878479328570745,2023-W47,2023-11
000858.SZ,2023-11-22,153.51,155.3,-0.011526,86912,1338320.986,癸卯,癸亥,甲申,3,2023,11,1,-0.01159301866953141,0,甲,申,木,金,癸,亥,水,水,False,False,0.00581209256396561,2023-W47,2023-11
000858.SZ,2023-11-23,153.07,153.51,-0.002866,94576,1442390.954,癸卯,癸亥,乙酉,4,2023,11,1,-0.0028703783814943463,0,乙,酉,木,金,癸,亥,水,水,False,False,-0.01159301866953141,2023-W47,2023-11
000858.SZ,2023-11-24,153.23,153.07,0.001045,93095,1425448.392,癸卯,癸亥,丙戌,5,2023,11,1,0.0010447274864689622,1,丙,戌,火,土,癸,亥,水,水,False,False,-0.0028703783814943463,2023-W47,2023-11
000858.SZ,2023-11-27,149.25,153.23,-0.025974,185269,2774364.092,癸卯,癸亥,己丑,1,2023,11,1,-0.026317308317373302,0,己,丑,土,土,癸,亥,水,水,False,True,0.0010447274864689622,2023-W48,2023-11
000858.SZ,2023-11-28,148.75,149.25,-0.00335,139103,2066506.936,癸卯,癸亥,庚寅,2,2023,11,1,-0.0033557078469723042,0,庚,寅,金,木,癸,亥,水,水,False,True,-0.026317308317373302,2023-W48,2023-11
000858.SZ,2023-11-29,148.3,148.75,-0.003025,86484,1279519.709,癸卯,癸亥,辛卯,3,2023,11,1,-0.0030297952818526745,0,辛,卯,金,木,癸,亥,水,水,False,True,-0.0033557078469723042,2023-W48,2023-11
000858.SZ,2023-11-30,149.15,148.3,0.005732,106833,1591108.412,癸卯,癸亥,壬辰,4,2023,11,1,0.005715261816870992,1,壬,辰,水,土,癸,亥,水,水,False,True,-0.0030297952818526745,2023-W48,2023-11
000858.SZ,2023-12-01,147.21,149.15,-0.013007,134303,1977001.207,癸卯,癸亥,癸巳,5,2023,12,1,-0.013092372190835809,0,癸,巳,水,火,癸,亥,水,水,True,False,0.005715261816870992,2023-W48,2023-12
000858.SZ,2023-12-04,145.85,147.21,-0.009239,106955,1565168.595,癸卯,癸亥,丙申,1,2023,12,1,-0.009281442456191433,0,丙,申,火,金,癸,亥,水,水,True,False,-0.013092372190835809,2023-W49,2023-12
000858.SZ,2023-12-05,142.67,145.85,-0.021803,150411,2167619.335,癸卯,癸亥,丁酉,2,2023,12,1,-0.022044425187007416,0,丁,酉,火,金,癸,亥,水,水,True,False,-0.009281442456191433,2023-W49,2023-12
000858.SZ,2023-12-06,144.1,142.67,0.010023,144742,2081995.217,癸卯,癸亥,戊戌,3,2023,12,1,0.009973231878753343,1,戊,戌,土,土,癸,亥,水,水,False,False,-0.022044425187007416,2023-W49,2023-12
000858.SZ,2023-12-07,142.52,144.1,-0.010965,151070,2152755.582,癸卯,甲子,己亥,4,2023,12,1,-0.011025162267841017,0,己,亥,土,水,甲,子,木,水,False,False,0.009973231878753343,2023-W49,2023-12
000858.SZ,2023-12-08,142.93,142.52,0.002877,144759,2075536.415,癸卯,甲子,庚子,5,2023,12,1,0.0028726591833884677,1,庚,子,金,水,甲,子,木,水,False,False,-0.011025162267841017,2023-W49,2023-12
000858.SZ,2023-12-11,139.2,142.93,-0.026097,323120,4465383.123,癸卯,甲子,癸卯,1,2023,12,1,-0.026443252020704657,0,癸,卯,水,木,甲,子,木,水,False,False,0.0028726591833884677,2023-W50,2023-12
000858.SZ,2023-12-12,139.3,139.2,0.000718,144022,2002700.042,癸卯,甲子,甲辰,2,2023,12,1,0.0007181328854408335,1,甲,辰,木,土,甲,子,木,水,False,False,-0.026443252020704657,2023-W50,2023-12
000858.SZ,2023-12-13,133.78,139.3,-0.039627,318645,4313281.476,癸卯,甲子,乙巳,3,2023,12,1,-0.040433221095498115,0,乙,巳,木,火,甲,子,木,水,False,False,0.0007181328854408335,2023-W50,2023-12
000858.SZ,2023-12-14,132.65,133.78,-0.008447,214417,2872608.826,癸卯,甲子,丙午,4,2023,12,1,-0.008482579106513295,0,丙,午,火,火,甲,子,木,水,False,False,-0.040433221095498115,2023-W50,2023-12
000858.SZ,2023-12-15,133.7,132.65,0.007916,200132,2685090.416,癸卯,甲子,丁未,5,2023,12,1,0.007884403524148615,1,丁,未,火,土,甲,子,木,水,False,False,-0.008482579106513295,2023-W50,2023-12
000858.SZ,2023-12-18,134.0,133.7,0.002244,129300,1727901.875,癸卯,甲子,庚戌,1,2023,12,1,0.002241315843013917,1,庚,戌,金,土,甲,子,木,水,False,False,0.007884403524148615,2023-W51,2023-12
000858.SZ,2023-12-19,133.33,134.0,-0.005,130160,1732968.2,癸卯,甲子,辛亥,2,2023,12,1,-0.005012541823544175,0,辛,亥,金,水,甲,子,木,水,False,False,0.002241315843013917,2023-W51,2023-12
000858.SZ,2023-12-20,132.13,133.33,-0.009,106299,1411911.255,癸卯,甲子,壬子,3,2023,12,1,-0.00904097170124169,0,壬,子,水,水,甲,子,木,水,False,False,-0.005012541823544175,2023-W51,2023-12
000858.SZ,2023-12-21,134.1,132.13,0.01491,176648,2355445.616,癸卯,甲子,癸丑,4,2023,12,1,0.014799503861507243,1,癸,丑,水,土,甲,子,木,水,False,False,-0.00904097170124169,2023-W51,2023-12
000858.SZ,2023-12-22,133.42,134.1,-0.005071,164023,2191023.169,癸卯,甲子,甲寅,5,2023,12,1,-0.00508374300626355,0,甲,寅,木,木,甲,子,木,水,False,False,0.014799503861507243,2023-W51,2023-12
000858.SZ,2023-12-25,134.55,133.42,0.008469,98621,1322860.817,癸卯,甲子,丁巳,1,2023,12,1,0.00843382989154557,1,丁,巳,火,火,甲,子,木,水,False,False,-0.00508374300626355,2023-W52,2023-12
000858.SZ,2023-12-26,134.32,134.55,-0.001709,73678,986855.945,癸卯,甲子,戊午,2,2023,12,1,-0.0017108644036295411,0,戊,午,土,火,甲,子,木,水,False,False,0.00843382989154557,2023-W52,2023-12
000858.SZ,2023-12-27,133.83,134.32,-0.003648,104308,1395667.157,癸卯,甲子,己未,3,2023,12,1,-0.003654674961002183,0,己,未,土,土,甲,子,木,水,False,True,-0.0017108644036295411,2023-W52,2023-12
000858.SZ,2023-12-28,140.1,133.83,0.04685,336109,4647651.265,癸卯,甲子,庚申,4,2023,12,1,0.04578611553467819,1,庚,申,金,金,甲,子,木,水,False,True,-0.003654674961002183,2023-W52,2023-12
000858.SZ,2023-12-29,140.31,140.1,0.001499,194540,2730826.835,癸卯,甲子,辛酉,5,2023,12,1,0.0014978070629432265,1,辛,酉,金,金,甲,子,木,水,False,True,0.04578611553467819,2023-W52,2023-12
000858.SZ,2024-01-02,136.0,140.31,-0.030718,215269,2947170.557,癸卯,甲子,乙丑,2,2024,1,1,-0.03119937466985258,0,乙,丑,木,土,甲,子,木,水,True,False,0.0014978070629432265,2024-W01,2024-01
000858.SZ,2024-01-03,134.88,136.0,-0.008235,164171,2211980.5,癸卯,甲子,丙寅,3,2024,1,1,-0.008269391482506742,0,丙,寅,火,木,甲,子,木,水,True,False,-0.03119937466985258,2024-W01,2024-01
000858.SZ,2024-01-04,132.32,134.88,-0.01898,178763,2371204.452,癸卯,甲子,丁卯,4,2024,1,1,-0.01916226297816419,0,丁,卯,火,木,甲,子,木,水,True,False,-0.008269391482506742,2024-W01,2024-01
000858.SZ,2024-01-05,131.24,132.32,-0.008162,156303,2062827.516,癸卯,甲子,戊辰,5,2024,1,1,-0.008195523182480178,0,戊,辰,土,土,甲,子,木,水,True,False,-0.01916226297816419,2024-W01,2024-01
000858.SZ,2024-01-08,128.1,131.24,-0.023926,210200,2706248.456,癸卯,乙丑,辛未,1,2024,1,1,-0.024216499190212456,0,辛,未,金,土,乙,丑,木,土,False,False,-0.008195523182480178,2024-W02,2024-01
000858.SZ,2024-01-09,127.81,128.1,-0.002264,174838,2241449.42,癸卯,乙丑,壬申,2,2024,1,1,-0.0022664227590654625,0,壬,申,水,金,乙,丑,木,土,False,False,-0.024216499190212456,2024-W02,2024-01
000858.SZ,2024-01-10,128.8,127.81,0.007746,165304,2118536.476,癸卯,乙丑,癸酉,3,2024,1,1,0.007716027526630344,1,癸,酉,水,金,乙,丑,木,土,False,False,-0.0022664227590654625,2024-W02,2024-01
000858.SZ,2024-01-11,129.62,128.8,0.006366,156463,2021717.964,癸卯,乙丑,甲戌,4,2024,1,1,0.00634627932931668,1,甲,戌,木,土,乙,丑,木,土,False,False,0.007716027526630344,2024-W02,2024-01
000858.SZ,2024-01-12,128.75,129.62,-0.006712,119207,1539729.131,癸卯,乙丑,乙亥,5,2024,1,1,-0.006734553455724395,0,乙,亥,木,水,乙,丑,木,土,False,False,0.00634627932931668,2024-W02,2024-01
000858.SZ,2024-01-15,128.68,128.75,-0.000544,115825,1485609.939,癸卯,乙丑,戊寅,1,2024,1,1,-0.0005438371730198641,0,戊,寅,土,木,乙,丑,木,土,False,False,-0.006734553455724395,2024-W03,2024-01
000858.SZ,2024-01-16,128.41,128.68,-0.002098,125286,1604334.708,癸卯,乙丑,己卯,2,2024,1,1,-0.0021004325276430765,0,己,卯,土,木,乙,丑,木,土,False,False,-0.0005438371730198641,2024-W03,2024-01
000858.SZ,2024-01-17,125.14,128.41,-0.025465,176757,2232551.975,癸卯,乙丑,庚辰,3,2024,1,1,-0.02579515927296508,0,庚,辰,金,土,乙,丑,木,土,False,False,-0.0021004325276430765,2024-W03,2024-01
000858.SZ,2024-01-18,127.9,125.14,0.022055,235948,2961463.082,癸卯,乙丑,辛巳,4,2024,1,1,0.02181559801457959,1,辛,巳,金,火,乙,丑,木,土,False,False,-0.02579515927296508,2024-W03,2024-01
000858.SZ,2024-01-19,128.89,127.9,0.00774,225020,2891090.564,癸卯,乙丑,壬午,5,2024,1,1,0.0077106188318910324,1,壬,午,水,火,乙,丑,木,土,False,False,0.02181559801457959,2024-W03,2024-01
000858.SZ,2024-01-22,127.0,128.89,-0.014664,213409,2733754.456,癸卯,乙丑,乙酉,1,2024,1,1,-0.014772240958096788,0,乙,酉,木,金,乙,丑,木,土,False,False,0.0077106188318910324,2024-W04,2024-01
000858.SZ,2024-01-23,127.38,127.0,0.002992,161986,2053575.26,癸卯,乙丑,丙戌,2,2024,1,1,0.0029876584846285125,1,丙,戌,火,土,乙,丑,木,土,False,False,-0.014772240958096788,2024-W04,2024-01
000858.SZ,2024-01-24,128.05,127.38,0.00526,166823,2118643.963,癸卯,乙丑,丁亥,3,2024,1,1,0.005246067702314553,1,丁,亥,火,水,乙,丑,木,土,False,False,0.0029876584846285125,2024-W04,2024-01
000858.SZ,2024-01-25,131.11,128.05,0.023897,273421,3546308.96,癸卯,乙丑,戊子,4,2024,1,1,0.023615852865776284,1,戊,子,土,水,乙,丑,木,土,False,False,0.005246067702314553,2024-W04,2024-01
000858.SZ,2024-01-26,131.0,131.11,-0.000839,193174,2522565.252,癸卯,乙丑,己丑,5,2024,1,1,-0.0008393423101590338,0,己,丑,土,土,乙,丑,木,土,False,False,0.023615852865776284,2024-W04,2024-01
000858.SZ,2024-01-29,131.78,131.0,0.005954,216149,2860907.562,癸卯,乙丑,壬辰,1,2024,1,1,0.0059365422845223375,1,壬,辰,水,土,乙,丑,木,土,False,True,-0.0008393423101590338,2024-W05,2024-01
000858.SZ,2024-01-30,127.71,131.78,-0.030885,170719,2196117.733,癸卯,乙丑,癸巳,2,2024,1,1,-0.03137179697750326,0,癸,巳,水,火,乙,丑,木,土,False,True,0.0059365422845223375,2024-W05,2024-01
000858.SZ,2024-01-31,126.3,127.71,-0.011041,135218,1717132.839,癸卯,乙丑,甲午,3,2024,1,1,-0.011102039151725201,0,甲,午,木,火,乙,丑,木,土,False,True,-0.03137179697750326,2024-W05,2024-01
000858.SZ,2024-02-01,126.5,126.3,0.001584,137875,1745356.476,癸卯,乙丑,乙未,4,2024,2,1,0.0015822788111295796,1,乙,未,木,土,乙,丑,木,土,True,False,-0.011102039151725201,2024-W05,2024-02
000858.SZ,2024-02-02,123.82,126.5,-0.021186,210862,2658388.905,癸卯,乙丑,丙申,5,2024,2,1,-0.02141341007648886,0,丙,申,火,金,乙,丑,木,土,True,False,0.0015822788111295796,2024-W05,2024-02
000858.SZ,2024-02-05,126.57,123.82,0.02221,308042,3864410.349,甲辰,丙寅,己亥,1,2024,2,1,0.02196661671327096,1,己,亥,土,水,丙,寅,火,木,True,False,-0.02141341007648886,2024-W06,2024-02
000858.SZ,2024-02-06,132.99,126.57,0.050723,323841,4239033.653,甲辰,丙寅,庚子,2,2024,2,1,0.04947842262071508,1,庚,子,金,水,丙,寅,火,木,False,False,0.02196661671327096,2024-W06,2024-02
000858.SZ,2024-02-07,133.87,132.99,0.006617,290673,3882655.957,甲辰,丙寅,辛丑,3,2024,2,1,0.006595242372734561,1,辛,丑,金,土,丙,寅,火,木,False,False,0.04947842262071508,2024-W06,2024-02
000858.SZ,2024-02-08,133.59,133.87,-0.002092,243747,3267001.019,甲辰,丙寅,壬寅,4,2024,2,1,-0.002093771796085685,0,壬,寅,水,木,丙,寅,火,木,False,False,0.006595242372734561,2024-W06,2024-02
000858.SZ,2024-02-19,136.15,133.59,0.019163,288578,3951748.63,甲辰,丙寅,癸丑,1,2024,2,1,0.01898181111804796,1,癸,丑,水,土,丙,寅,火,木,False,False,-0.002093771796085685,2024-W08,2024-02
000858.SZ,2024-02-20,134.38,136.15,-0.013,211818,2841706.724,甲辰,丙寅,甲寅,2,2024,2,1,-0.0130856116277648,0,甲,寅,木,木,丙,寅,火,木,False,False,0.01898181111804796,2024-W08,2024-02
000858.SZ,2024-02-21,141.02,134.38,0.049412,466562,6492866.977,甲辰,丙寅,乙卯,3,2024,2,1,0.04823011679889073,1,乙,卯,木,木,丙,寅,火,木,False,False,-0.0130856116277648,2024-W08,2024-02
000858.SZ,2024-02-22,141.1,141.02,0.000567,188401,2646660.001,甲辰,丙寅,丙辰,4,2024,2,1,0.0005671345678737011,1,丙,辰,火,土,丙,寅,火,木,False,False,0.04823011679889073,2024-W08,2024-02
000858.SZ,2024-02-23,141.71,141.1,0.004323,184393,2613714.172,甲辰,丙寅,丁巳,5,2024,2,1,0.004313856978010782,1,丁,巳,火,火,丙,寅,火,木,False,False,0.0005671345678737011,2024-W08,2024-02
000858.SZ,2024-02-26,139.76,141.71,-0.01376,139947,1961062.78,甲辰,丙寅,庚申,1,2024,2,1,-0.013856050010978062,0,庚,申,金,金,丙,寅,火,木,False,True,0.004313856978010782,2024-W09,2024-02
000858.SZ,2024-02-27,139.76,139.76,0.0,150617,2092382.021,甲辰,丙寅,辛酉,2,2024,2,1,0.0,0,辛,酉,金,金,丙,寅,火,木,False,True,-0.013856050010978062,2024-W09,2024-02
000858.SZ,2024-02-28,139.53,139.76,-0.001646,196194,2753522.611,甲辰,丙寅,壬戌,3,2024,2,1,-0.0016470339216856835,0,壬,戌,水,土,丙,寅,火,木,False,True,0.0,2024-W09,2024-02
000858.SZ,2024-02-29,142.25,139.53,0.019494,176603,2496984.973,甲辰,丙寅,癸亥,4,2024,2,1,0.01930644110232489,1,癸,亥,水,水,丙,寅,火,木,False,True,-0.0016470339216856835,2024-W09,2024-02
000858.SZ,2024-03-01,142.59,142.25,0.00239,158813,2261267.887,甲辰,丙寅,甲子,5,2024,3,1,0.0023873062875875606,1,甲,子,木,水,丙,寅,火,木,True,False,0.01930644110232489,2024-W09,2024-03
000858.SZ,2024-03-04,140.33,142.59,-0.01585,154306,2170817.658,甲辰,丙寅,丁卯,1,2024,3,1,-0.0159765875309834,0,丁,卯,火,木,丙,寅,火,木,True,False,0.0023873062875875606,2024-W10,2024-03
000858.SZ,2024-03-05,141.59,140.33,0.008979,160015,2251931.873,甲辰,丁卯,戊辰,2,2024,3,1,0.008938765533835057,1,戊,辰,土,土,丁,卯,火,木,True,False,-0.0159765875309834,2024-W10,2024-03
000858.SZ,2024-03-06,139.06,141.59,-0.017868,176527,2459134.906,甲辰,丁卯,己巳,3,2024,3,1,-0.01803006262600778,0,己,巳,土,火,丁,卯,火,木,False,False,0.008938765533835057,2024-W10,2024-03
000858.SZ,2024-03-07,138.25,139.06,-0.005825,112198,1559868.152,甲辰,丁卯,庚午,4,2024,3,1,-0.005841854268427603,0,庚,午,金,火,丁,卯,火,木,False,False,-0.01803006262600778,2024-W10,2024-03
000858.SZ,2024-03-08,138.42,138.25,0.00123,122452,1687886.719,甲辰,丁卯,辛未,5,2024,3,1,0.0012289010112730488,1,辛,未,金,土,丁,卯,火,木,False,False,-0.005841854268427603,2024-W10,2024-03
000858.SZ,2024-03-11,141.16,138.42,0.019795,193569,2713055.197,甲辰,丁卯,甲戌,1,2024,3,1,0.01960145739335204,1,甲,戌,木,土,丁,卯,火,木,False,False,0.0012289010112730488,2024-W11,2024-03
000858.SZ,2024-03-12,148.31,141.16,0.050652,450791,6608708.733,甲辰,丁卯,乙亥,2,2024,3,1,0.04941067894680197,1,乙,亥,木,水,丁,卯,火,木,False,False,0.01960145739335204,2024-W11,2024-03
000858.SZ,2024-03-13,147.76,148.31,-0.003708,179129,2649479.635,甲辰,丁卯,丙子,3,2024,3,1,-0.0037153418628867035,0,丙,子,火,水,丁,卯,火,木,False,False,0.04941067894680197,2024-W11,2024-03
000858.SZ,2024-03-14,149.56,147.76,0.012182,222273,3320434.207,甲辰,丁卯,丁丑,4,2024,3,1,0.012108314217928429,1,丁,丑,火,土,丁,卯,火,木,False,False,-0.0037153418628867035,2024-W11,2024-03
000858.SZ,2024-03-15,152.49,149.56,0.019591,238873,3639737.823,甲辰,丁卯,戊寅,5,2024,3,1,0.019401370018007815,1,戊,寅,土,木,丁,卯,火,木,False,False,0.012108314217928429,2024-W11,2024-03
000858.SZ,2024-03-18,153.5,152.49,0.006623,189873,2908432.466,甲辰,丁卯,辛巳,1,2024,3,1,0.006601546900330876,1,辛,巳,金,火,丁,卯,火,木,False,False,0.019401370018007815,2024-W12,2024-03
000858.SZ,2024-03-19,157.37,153.5,0.025212,338826,5328394.237,甲辰,丁卯,壬午,2,2024,3,1,0.02489915358552112,1,壬,午,水,火,丁,卯,火,木,False,False,0.006601546900330876,2024-W12,2024-03
000858.SZ,2024-03-20,156.95,157.37,-0.002669,161600,2535854.998,甲辰,丁卯,癸未,3,2024,3,1,-0.002672437324810594,0,癸,未,水,土,丁,卯,火,木,False,False,0.02489915358552112,2024-W12,2024-03
000858.SZ,2024-03-21,156.61,156.95,-0.002166,136430,2139591.363,甲辰,丁卯,甲申,4,2024,3,1,-0.0021686448096198407,0,甲,申,木,金,丁,卯,火,木,False,False,-0.002672437324810594,2024-W12,2024-03
000858.SZ,2024-03-22,153.43,156.61,-0.020305,201564,3098381.511,甲辰,丁卯,乙酉,5,2024,3,1,-0.020514201521228174,0,乙,酉,木,金,丁,卯,火,木,False,False,-0.0021686448096198407,2024-W12,2024-03
000858.SZ,2024-03-25,151.72,153.43,-0.011145,161675,2447539.788,甲辰,丁卯,戊子,1,2024,3,1,-0.011207720136416193,0,戊,子,土,水,丁,卯,火,木,False,False,-0.020514201521228174,2024-W13,2024-03
000858.SZ,2024-03-26,155.22,151.72,0.023069,180889,2787590.494,甲辰,丁卯,己丑,2,2024,3,1,0.022806748605294584,1,己,丑,土,土,丁,卯,火,木,False,False,-0.011207720136416193,2024-W13,2024-03
000858.SZ,2024-03-27,152.66,155.22,-0.016493,123630,1899180.647,甲辰,丁卯,庚寅,3,2024,3,1,-0.016630239055668492,0,庚,寅,金,木,丁,卯,火,木,False,True,0.022806748605294584,2024-W13,2024-03
000858.SZ,2024-03-28,153.1,152.66,0.002882,144192,2217801.275,甲辰,丁卯,辛卯,4,2024,3,1,0.0028780762933137303,1,辛,卯,金,木,丁,卯,火,木,False,True,-0.016630239055668492,2024-W13,2024-03
000858.SZ,2024-03-29,153.51,153.1,0.002678,88348,1358438.657,甲辰,丁卯,壬辰,5,2024,3,1,0.0026744088214719964,1,壬,辰,水,土,丁,卯,火,木,False,True,0.0028780762933137303,2024-W13,2024-03
000858.SZ,2024-04-01,157.28,153.51,0.024559,177262,2788229.516,甲辰,丁卯,乙未,1,2024,4,1,0.02426194491374646,1,乙,未,木,土,丁,卯,火,木,True,False,0.0026744088214719964,2024-W14,2024-04
000858.SZ,2024-04-02,155.5,157.28,-0.011317,114100,1779060.167,甲辰,丁卯,丙申,2,2024,4,1,-0.01138192477956762,0,丙,申,火,金,丁,卯,火,木,True,False,0.02426194491374646,2024-W14,2024-04
000858.SZ,2024-04-03,154.6,155.5,-0.005788,98261,1522506.39,甲辰,丁卯,丁酉,3,2024,4,1,-0.005804595465967224,0,丁,酉,火,金,丁,卯,火,木,True,False,-0.01138192477956762,2024-W14,2024-04
000858.SZ,2024-04-08,147.29,154.6,-0.047283,270006,4002147.876,甲辰,戊辰,壬寅,1,2024,4,1,-0.04843770365186996,0,壬,寅,水,木,戊,辰,土,土,False,False,-0.005804595465967224,2024-W15,2024-04
000858.SZ,2024-04-09,146.48,147.29,-0.005499,130397,1909631.397,甲辰,戊辰,癸卯,2,2024,4,1,-0.005514532135196475,0,癸,卯,水,木,戊,辰,土,土,False,False,-0.04843770365186996,2024-W15,2024-04
000858.SZ,2024-04-10,143.12,146.48,-0.022938,171675,2464329.867,甲辰,戊辰,甲辰,3,2024,4,1,-0.0232054611657915,0,甲,辰,木,土,戊,辰,土,土,False,False,-0.005514532135196475,2024-W15,2024-04
000858.SZ,2024-04-11,142.34,143.12,-0.00545,159942,2264027.609,甲辰,戊辰,乙巳,4,2024,4,1,-0.005464877329338682,0,乙,巳,木,火,戊,辰,土,土,False,False,-0.0232054611657915,2024-W15,2024-04
000858.SZ,2024-04-12,140.49,142.34,-0.012997,134073,1895837.989,甲辰,戊辰,丙午,5,2024,4,1,-0.013082250007564954,0,丙,午,火,火,戊,辰,土,土,False,False,-0.005464877329338682,2024-W15,2024-04
000858.SZ,2024-04-15,147.32,140.49,0.048616,254291,3701903.875,甲辰,戊辰,己酉,1,2024,4,1,0.04747077971330436,1,己,酉,土,金,戊,辰,土,土,False,False,-0.013082250007564954,2024-W16,2024-04
000858.SZ,2024-04-16,144.97,147.32,-0.015952,135677,1976125.483,甲辰,戊辰,庚戌,2,2024,4,1,-0.016080267114058428,0,庚,戌,金,土,戊,辰,土,土,False,False,0.04747077971330436,2024-W16,2024-04
000858.SZ,2024-04-17,145.3,144.97,0.002276,137023,1982007.044,甲辰,戊辰,辛亥,3,2024,4,1,0.0022737461134313035,1,辛,亥,金,水,戊,辰,土,土,False,False,-0.016080267114058428,2024-W16,2024-04
000858.SZ,2024-04-18,144.98,145.3,-0.002202,152452,2213439.017,甲辰,戊辰,壬子,4,2024,4,1,-0.0022047687035056758,0,壬,子,水,水,戊,辰,土,土,False,False,0.0022737461134313035,2024-W16,2024-04
000858.SZ,2024-04-19,142.9,144.98,-0.014347,127261,1818608.488,甲辰,戊辰,癸丑,5,2024,4,1,-0.014450716936909865,0,癸,丑,水,土,戊,辰,土,土,False,False,-0.0022047687035056758,2024-W16,2024-04
000858.SZ,2024-04-22,144.56,142.9,0.011617,140366,2035476.601,甲辰,戊辰,丙辰,1,2024,4,1,0.011549561348151308,1,丙,辰,火,土,戊,辰,土,土,False,False,-0.014450716936909865,2024-W17,2024-04
000858.SZ,2024-04-23,147.03,144.56,0.017086,171711,2507417.591,甲辰,戊辰,丁巳,2,2024,4,1,0.016942001305592775,1,丁,巳,火,火,戊,辰,土,土,False,False,0.011549561348151308,2024-W17,2024-04
000858.SZ,2024-04-24,148.98,147.03,0.013263,142251,2103883.224,甲辰,戊辰,戊午,3,2024,4,1,0.013175421158564326,1,戊,午,土,火,戊,辰,土,土,False,False,0.016942001305592775,2024-W17,2024-04
000858.SZ,2024-04-25,148.98,148.98,0.0,100775,1496358.808,甲辰,戊辰,己未,4,2024,4,1,0.0,0,己,未,土,土,戊,辰,土,土,False,False,0.013175421158564326,2024-W17,2024-04
000858.SZ,2024-04-26,152.25,148.98,0.021949,179461,2719514.006,甲辰,戊辰,庚申,5,2024,4,1,0.0217118378418763,1,庚,申,金,金,戊,辰,土,土,False,True,0.0,2024-W17,2024-04
000858.SZ,2024-04-29,151.75,152.25,-0.003284,275384,4217464.059,甲辰,戊辰,癸亥,1,2024,4,1,-0.0032894766503987574,0,癸,亥,水,水,戊,辰,土,土,False,True,0.0217118378418763,2024-W18,2024-04
000858.SZ,2024-04-30,150.43,151.75,-0.008699,155296,2359135.14,甲辰,戊辰,甲子,2,2024,4,1,-0.008736570229875151,0,甲,子,木,水,戊,辰,土,土,False,True,-0.0032894766503987574,2024-W18,2024-04
000858.SZ,2024-05-06,155.01,150.43,0.030446,316795,4940155.161,甲辰,己巳,庚午,1,2024,5,1,0.02999177125747042,1,庚,午,金,火,己,巳,土,火,False,False,-0.008736570229875151,2024-W19,2024-05
000858.SZ,2024-05-07,155.94,155.01,0.006,145499,2265634.112,甲辰,己巳,辛未,2,2024,5,1,0.00598168691425106,1,辛,未,金,土,己,巳,土,火,False,False,0.02999177125747042,2024-W19,2024-05
000858.SZ,2024-05-08,155.0,155.94,-0.006028,101073,1567926.317,甲辰,己巳,壬申,3,2024,5,1,-0.00604620096220726,0,壬,申,水,金,己,巳,土,火,False,False,0.00598168691425106,2024-W19,2024-05
000858.SZ,2024-05-09,154.84,155.0,-0.001032,113274,1750315.447,甲辰,己巳,癸酉,4,2024,5,1,-0.001032791209799259,0,癸,酉,水,金,己,巳,土,火,False,False,-0.00604620096220726,2024-W19,2024-05
000858.SZ,2024-05-10,154.43,154.84,-0.002648,102513,1579216.046,甲辰,己巳,甲戌,5,2024,5,1,-0.0026514064745377566,0,甲,戌,木,土,己,巳,土,火,False,False,-0.001032791209799259,2024-W19,2024-05
000858.SZ,2024-05-13,151.1,154.43,-0.021563,172628,2608851.173,甲辰,己巳,丁丑,1,2024,5,1,-0.021799049956215788,0,丁,丑,火,土,己,巳,土,火,False,False,-0.0026514064745377566,2024-W20,2024-05
000858.SZ,2024-05-14,151.34,151.1,0.001588,113455,1713073.765,甲辰,己巳,戊寅,2,2024,5,1,0.0015870919876817243,1,戊,寅,土,木,己,巳,土,火,False,False,-0.021799049956215788,2024-W20,2024-05
000858.SZ,2024-05-15,151.37,151.34,0.000198,78428,1186554.217,甲辰,己巳,己卯,3,2024,5,1,0.0001982095080983396,1,己,卯,土,木,己,巳,土,火,False,False,0.0015870919876817243,2024-W20,2024-05
000858.SZ,2024-05-16,154.05,151.37,0.017705,149376,2289335.629,甲辰,己巳,庚辰,4,2024,5,1,0.017550054268203233,1,庚,辰,金,土,己,巳,土,火,False,False,0.0001982095080983396,2024-W20,2024-05
000858.SZ,2024-05-17,156.41,154.05,0.01532,161843,2509981.114,甲辰,己巳,辛巳,5,2024,5,1,0.01520353964347323,1,辛,巳,金,火,己,巳,土,火,False,False,0.017550054268203233,2024-W20,2024-05
000858.SZ,2024-05-20,157.3,156.41,0.00569,193736,3066112.976,甲辰,己巳,甲申,1,2024,5,1,0.005674045378081999,1,甲,申,木,金,己,巳,土,火,False,False,0.01520353964347323,2024-W21,2024-05
000858.SZ,2024-05-21,156.54,157.3,-0.004832,88036,1374785.553,甲辰,己巳,乙酉,2,2024,5,1,-0.004843241687540161,0,乙,酉,木,金,己,巳,土,火,False,False,0.005674045378081999,2024-W21,2024-05
000858.SZ,2024-05-22,155.12,156.54,-0.009071,108477,1682580.309,甲辰,己巳,丙戌,3,2024,5,1,-0.009112557442295595,0,丙,戌,火,土,己,巳,土,火,False,False,-0.004843241687540161,2024-W21,2024-05
000858.SZ,2024-05-23,153.6,155.12,-0.009799,89888,1383814.57,甲辰,己巳,丁亥,4,2024,5,1,-0.009847190220824649,0,丁,亥,火,水,己,巳,土,火,False,False,-0.009112557442295595,2024-W21,2024-05
000858.SZ,2024-05-24,151.15,153.6,-0.015951,112039,1700150.955,甲辰,己巳,戊子,5,2024,5,1,-0.016079099488104657,0,戊,子,土,水,己,巳,土,火,False,False,-0.009847190220824649,2024-W21,2024-05
000858.SZ,2024-05-27,151.58,151.15,0.002845,101567,1535721.67,甲辰,己巳,辛卯,1,2024,5,1,0.0028408171584161004,1,辛,卯,金,木,己,巳,土,火,False,True,-0.016079099488104657,2024-W22,2024-05
000858.SZ,2024-05-28,150.03,151.58,-0.010226,103874,1566391.578,甲辰,己巳,壬辰,2,2024,5,1,-0.01027826428496112,0,壬,辰,水,土,己,巳,土,火,False,True,0.0028408171584161004,2024-W22,2024-05
000858.SZ,2024-05-29,149.21,150.03,-0.005466,91023,1363621.24,甲辰,己巳,癸巳,3,2024,5,1,-0.005480564446591697,0,癸,巳,水,火,己,巳,土,火,False,True,-0.01027826428496112,2024-W22,2024-05
000858.SZ,2024-05-30,146.26,149.21,-0.019771,161111,2363289.778,甲辰,己巳,甲午,4,2024,5,1,-0.019968849809525197,0,甲,午,木,火,己,巳,土,火,False,True,-0.005480564446591697,2024-W22,2024-05
000858.SZ,2024-05-31,146.7,146.26,0.003008,131411,1934209.403,甲辰,己巳,乙未,5,2024,5,1,0.0030038253061309447,1,乙,未,木,土,己,巳,土,火,False,True,-0.019968849809525197,2024-W22,2024-05
000858.SZ,2024-06-03,145.98,146.7,-0.004908,140929,2051213.338,甲辰,己巳,戊戌,1,2024,6,1,-0.004920059125449759,0,戊,戌,土,土,己,巳,土,火,True,False,0.0030038253061309447,2024-W23,2024-06
000858.SZ,2024-06-04,147.78,145.98,0.01233,103020,1514138.601,甲辰,己巳,己亥,2,2024,6,1,0.012255055337015354,1,己,亥,土,水,己,巳,土,火,True,False,-0.004920059125449759,2024-W23,2024-06
000858.SZ,2024-06-05,145.76,147.78,-0.013669,111147,1629419.454,甲辰,庚午,庚子,3,2024,6,1,-0.013763247848853424,0,庚,子,金,水,庚,午,金,火,True,False,0.012255055337015354,2024-W23,2024-06
000858.SZ,2024-06-06,144.9,145.76,-0.0059,127308,1844855.886,甲辰,庚午,辛丑,4,2024,6,1,-0.005917584185011375,0,辛,丑,金,土,庚,午,金,火,False,False,-0.013763247848853424,2024-W23,2024-06
000858.SZ,2024-06-07,142.34,144.9,-0.017667,158692,2266797.198,甲辰,庚午,壬寅,5,2024,6,1,-0.0178252874555117,0,壬,寅,水,木,庚,午,金,火,False,False,-0.005917584185011375,2024-W23,2024-06
000858.SZ,2024-06-11,138.48,142.34,-0.027118,206654,2873140.132,甲辰,庚午,丙午,2,2024,6,1,-0.02749265100317134,0,丙,午,火,火,庚,午,金,火,False,False,-0.0178252874555117,2024-W24,2024-06
000858.SZ,2024-06-12,137.9,138.48,-0.004188,154524,2136862.849,甲辰,庚午,丁未,3,2024,6,1,-0.004197126068697575,0,丁,未,火,土,庚,午,金,火,False,False,-0.02749265100317134,2024-W24,2024-06
000858.SZ,2024-06-13,134.56,137.9,-0.02422,243622,3301287.598,甲辰,庚午,戊申,4,2024,6,1,-0.024518588574618264,0,戊,申,土,金,庚,午,金,火,False,False,-0.004197126068697575,2024-W24,2024-06
000858.SZ,2024-06-14,135.68,134.56,0.008323,287219,3851661.909,甲辰,庚午,己酉,5,2024,6,1,0.00828897581895508,1,己,酉,土,金,庚,午,金,火,False,False,-0.024518588574618264,2024-W24,2024-06
000858.SZ,2024-06-17,135.73,135.68,0.000369,246272,3299559.711,甲辰,庚午,壬子,1,2024,6,1,0.0003684462662807043,1,壬,子,水,水,庚,午,金,火,False,False,0.00828897581895508,2024-W25,2024-06
000858.SZ,2024-06-18,133.89,135.73,-0.013556,202981,2740736.863,甲辰,庚午,癸丑,2,2024,6,1,-0.013649051000585555,0,癸,丑,水,土,庚,午,金,火,False,False,0.0003684462662807043,2024-W25,2024-06
000858.SZ,2024-06-19,134.22,133.89,0.002465,137045,1839596.88,甲辰,庚午,甲寅,3,2024,6,1,0.0024616774208051045,1,甲,寅,木,木,庚,午,金,火,False,False,-0.013649051000585555,2024-W25,2024-06
000858.SZ,2024-06-20,132.2,134.22,-0.01505,126191,1679993.029,甲辰,庚午,乙卯,4,2024,6,1,-0.015164317312507362,0,乙,卯,木,木,庚,午,金,火,False,False,0.0024616774208051045,2024-W25,2024-06
000858.SZ,2024-06-21,130.2,132.2,-0.015129,213886,2781028.409,甲辰,庚午,丙辰,5,2024,6,1,-0.015244197643117081,0,丙,辰,火,土,庚,午,金,火,False,False,-0.015164317312507362,2024-W25,2024-06
000858.SZ,2024-06-24,131.03,130.2,0.006375,239235,3102546.743,甲辰,庚午,己未,1,2024,6,1,0.0063545748420251215,1,己,未,土,土,庚,午,金,火,False,False,-0.015244197643117081,2024-W26,2024-06
000858.SZ,2024-06-25,131.51,131.03,0.003663,177151,2341480.948,甲辰,庚午,庚申,2,2024,6,1,0.0036565897373794284,1,庚,申,金,金,庚,午,金,火,False,False,0.0063545748420251215,2024-W26,2024-06
000858.SZ,2024-06-26,131.3,131.51,-0.001597,102212,1341298.503,甲辰,庚午,辛酉,3,2024,6,1,-0.001598113045122901,0,辛,酉,金,金,庚,午,金,火,False,True,0.0036565897373794284,2024-W26,2024-06
000858.SZ,2024-06-27,129.65,131.3,-0.012567,122646,1587676.455,甲辰,庚午,壬戌,4,2024,6,1,-0.012646269324077114,0,壬,戌,水,土,庚,午,金,火,False,True,-0.001598113045122901,2024-W26,2024-06
000858.SZ,2024-06-28,128.04,129.65,-0.012418,156898,2019328.026,甲辰,庚午,癸亥,5,2024,6,1,-0.0124957968830112,0,癸,亥,水,水,庚,午,金,火,False,True,-0.012646269324077114,2024-W26,2024-06
000858.SZ,2024-07-01,128.3,128.04,0.002031,154334,1964232.829,甲辰,庚午,丙寅,1,2024,7,1,0.0020285565199286096,1,丙,寅,火,木,庚,午,金,火,True,False,-0.0124957968830112,2024-W27,2024-07
000858.SZ,2024-07-02,131.56,128.3,0.025409,247479,3244049.457,甲辰,庚午,丁卯,2,2024,7,1,0.02509174969926551,1,丁,卯,火,木,庚,午,金,火,True,False,0.0020285565199286096,2024-W27,2024-07
000858.SZ,2024-07-03,131.0,131.56,-0.004257,124277,1631928.152,甲辰,庚午,戊辰,3,2024,7,1,-0.004265698119704645,0,戊,辰,土,土,庚,午,金,火,True,False,0.02509174969926551,2024-W27,2024-07
000858.SZ,2024-07-04,130.59,131.0,-0.00313,100495,1315554.604,甲辰,庚午,己巳,4,2024,7,1,-0.003134678968835602,0,己,巳,土,火,庚,午,金,火,True,False,-0.004265698119704645,2024-W27,2024-07
000858.SZ,2024-07-05,128.95,130.59,-0.012558,139412,1803448.225,甲辰,庚午,庚午,5,2024,7,1,-0.012637911904962192,0,庚,午,金,火,庚,午,金,火,True,False,-0.003134678968835602,2024-W27,2024-07
000858.SZ,2024-07-08,125.91,128.95,-0.023575,207455,2630909.852,甲辰,辛未,癸酉,1,2024,7,1,-0.023857366313744577,0,癸,酉,水,金,辛,未,金,土,False,False,-0.012637911904962192,2024-W28,2024-07
000858.SZ,2024-07-09,127.07,125.91,0.009213,195404,2475816.884,甲辰,辛未,甲戌,2,2024,7,1,0.0091707497028337,1,甲,戌,木,土,辛,未,金,土,False,False,-0.023857366313744577,2024-W28,2024-07
000858.SZ,2024-07-10,126.54,127.07,-0.004171,154571,1964272.87,甲辰,辛未,乙亥,3,2024,7,1,-0.004179651997704709,0,乙,亥,木,水,辛,未,金,土,False,False,0.0091707497028337,2024-W28,2024-07
000858.SZ,2024-07-11,130.48,126.54,0.031136,257796,3349449.291,甲辰,辛未,丙子,4,2024,7,1,0.030661494594020084,1,丙,子,火,水,辛,未,金,土,False,False,-0.004179651997704709,2024-W28,2024-07
000858.SZ,2024-07-12,127.4,125.81,0.012638,189386,2401467.289,甲辰,辛未,丁丑,5,2024,7,1,0.01255891077502351,1,丁,丑,火,土,辛,未,金,土,False,False,0.030661494594020084,2024-W28,2024-07
000858.SZ,2024-07-15,127.5,127.4,0.000785,119737,1532479.885,甲辰,辛未,庚辰,1,2024,7,1,0.0007846214604179258,1,庚,辰,金,土,辛,未,金,土,False,False,0.01255891077502351,2024-W29,2024-07
000858.SZ,2024-07-16,127.48,127.5,-0.000157,154689,1967032.428,甲辰,辛未,辛巳,2,2024,7,1,-0.00015687504934509846,0,辛,巳,金,火,辛,未,金,土,False,False,0.0007846214604179258,2024-W29,2024-07
000858.SZ,2024-07-17,130.76,127.48,0.02573,228842,2960415.564,甲辰,辛未,壬午,3,2024,7,1,0.025404092306874144,1,壬,午,水,火,辛,未,金,土,False,False,-0.00015687504934509846,2024-W29,2024-07
000858.SZ,2024-07-18,131.1,130.76,0.0026,185917,2444968.667,甲辰,辛未,癸未,4,2024,7,1,0.0025968089136442787,1,癸,未,水,土,辛,未,金,土,False,False,0.025404092306874144,2024-W29,2024-07
000858.SZ,2024-07-19,133.42,131.1,0.017696,190243,2517623.683,甲辰,辛未,甲申,5,2024,7,1,0.017541656511715187,1,甲,申,木,金,辛,未,金,土,False,False,0.0025968089136442787,2024-W29,2024-07
000858.SZ,2024-07-22,131.22,133.42,-0.016489,156429,2065619.592,甲辰,辛未,丁亥,1,2024,7,1,-0.016626743364637757,0,丁,亥,火,水,辛,未,金,土,False,False,0.017541656511715187,2024-W30,2024-07
000858.SZ,2024-07-23,126.8,131.22,-0.033684,197564,2540829.813,甲辰,辛未,戊子,2,2024,7,1,-0.03426426191360588,0,戊,子,土,水,辛,未,金,土,False,False,-0.016626743364637757,2024-W30,2024-07
000858.SZ,2024-07-24,126.06,126.8,-0.005836,143649,1813586.525,甲辰,辛未,己丑,3,2024,7,1,-0.005853057918161485,0,己,丑,土,土,辛,未,金,土,False,False,-0.03426426191360588,2024-W30,2024-07
000858.SZ,2024-07-25,125.78,126.06,-0.002221,118141,1485089.89,甲辰,辛未,庚寅,4,2024,7,1,-0.002223634969606757,0,庚,寅,金,木,辛,未,金,土,False,False,-0.005853057918161485,2024-W30,2024-07
000858.SZ,2024-07-26,126.2,125.78,0.003339,114215,1439101.532,甲辰,辛未,辛卯,5,2024,7,1,0.003333600991755575,1,辛,卯,金,木,辛,未,金,土,False,False,-0.002223634969606757,2024-W30,2024-07
000858.SZ,2024-07-29,124.1,126.2,-0.01664,139364,1745197.564,甲辰,辛未,甲午,1,2024,7,1,-0.01678025789655134,0,甲,午,木,火,辛,未,金,土,False,True,0.003333600991755575,2024-W31,2024-07
000858.SZ,2024-07-30,123.29,124.1,-0.006527,207253,2538151.161,甲辰,辛未,乙未,2,2024,7,1,-0.006548388330100083,0,乙,未,木,土,辛,未,金,土,False,True,-0.01678025789655134,2024-W31,2024-07
000858.SZ,2024-07-31,126.86,123.29,0.028956,260579,3286415.867,甲辰,辛未,丙申,3,2024,7,1,0.02854481232528963,1,丙,申,火,金,辛,未,金,土,False,True,-0.006548388330100083,2024-W31,2024-07
000858.SZ,2024-08-01,124.0,126.86,-0.022545,174738,2180765.965,甲辰,辛未,丁酉,4,2024,8,1,-0.022802550600714164,0,丁,酉,火,金,辛,未,金,土,True,False,0.02854481232528963,2024-W31,2024-08
000858.SZ,2024-08-02,123.7,124.0,-0.002419,99501,1231884.912,甲辰,辛未,戊戌,5,2024,8,1,-0.0024222862065946694,0,戊,戌,土,土,辛,未,金,土,True,False,-0.022802550600714164,2024-W31,2024-08
000858.SZ,2024-08-05,126.0,123.7,0.018593,241892,3060405.977,甲辰,辛未,辛丑,1,2024,8,1,0.018422627553035857,1,辛,丑,金,土,辛,未,金,土,True,False,-0.0024222862065946694,2024-W32,2024-08
000858.SZ,2024-08-06,125.9,126.0,-0.000794,153472,1940983.189,甲辰,辛未,壬寅,2,2024,8,1,-0.000793965901176512,0,壬,寅,水,木,辛,未,金,土,False,False,0.018422627553035857,2024-W32,2024-08
000858.SZ,2024-08-07,127.0,125.9,0.008737,132590,1678186.223,甲辰,壬申,癸卯,3,2024,8,1,0.008699145408289671,1,癸,卯,水,木,壬,申,水,金,False,False,-0.000793965901176512,2024-W32,2024-08
000858.SZ,2024-08-08,128.35,127.0,0.01063,200130,2559755.534,甲辰,壬申,甲辰,4,2024,8,1,0.010573820858558037,1,甲,辰,木,土,壬,申,水,金,False,False,0.008699145408289671,2024-W32,2024-08
000858.SZ,2024-08-09,128.08,128.35,-0.002104,158467,2041741.166,甲辰,壬申,乙巳,5,2024,8,1,-0.0021058386286900675,0,乙,巳,木,火,壬,申,水,金,False,False,0.010573820858558037,2024-W32,2024-08
000858.SZ,2024-08-12,127.71,128.08,-0.002889,73107,934639.851,甲辰,壬申,戊申,1,2024,8,1,-0.0028930001802887316,0,戊,申,土,金,壬,申,水,金,False,False,-0.0021058386286900675,2024-W33,2024-08
000858.SZ,2024-08-13,125.6,127.71,-0.016522,124517,1567828.597,甲辰,壬申,己酉,2,2024,8,1,-0.016659814474072332,0,己,酉,土,金,壬,申,水,金,False,False,-0.0028930001802887316,2024-W33,2024-08
000858.SZ,2024-08-14,124.33,125.6,-0.010111,94946,1181885.782,甲辰,壬申,庚戌,3,2024,8,1,-0.010162933069252096,0,庚,戌,金,土,壬,申,水,金,False,False,-0.016659814474072332,2024-W33,2024-08
000858.SZ,2024-08-15,124.95,124.33,0.004987,111623,1395432.332,甲辰,壬申,辛亥,4,2024,8,1,0.004974336316115126,1,辛,亥,金,水,壬,申,水,金,False,False,-0.010162933069252096,2024-W33,2024-08
000858.SZ,2024-08-16,125.01,124.95,0.00048,97266,1211693.479,甲辰,壬申,壬子,5,2024,8,1,0.0004800768215103584,1,壬,子,水,水,壬,申,水,金,False,False,0.004974336316115126,2024-W33,2024-08
000858.SZ,2024-08-19,123.95,125.01,-0.008479,138759,1732841.551,甲辰,壬申,乙卯,1,2024,8,1,-0.00851547562127229,0,乙,卯,木,木,壬,申,水,金,False,False,0.0004800768215103584,2024-W34,2024-08
000858.SZ,2024-08-20,123.15,123.95,-0.006454,109852,1352259.415,甲辰,壬申,丙辰,2,2024,8,1,-0.0064751339146525465,0,丙,辰,火,土,壬,申,水,金,False,False,-0.00851547562127229,2024-W34,2024-08
000858.SZ,2024-08-21,122.2,123.15,-0.007714,97108,1189648.677,甲辰,壬申,丁巳,3,2024,8,1,-0.007744077829051978,0,丁,巳,火,火,壬,申,水,金,False,False,-0.0064751339146525465,2024-W34,2024-08
000858.SZ,2024-08-22,120.99,122.2,-0.009902,185285,2234186.008,甲辰,壬申,戊午,4,2024,8,1,-0.009951149184108584,0,戊,午,土,火,壬,申,水,金,False,False,-0.007744077829051978,2024-W34,2024-08
000858.SZ,2024-08-23,121.11,120.99,0.000992,88988,1078393.647,甲辰,壬申,己未,5,2024,8,1,0.000991325979572671,1,己,未,土,土,壬,申,水,金,False,False,-0.009951149184108584,2024-W34,2024-08
000858.SZ,2024-08-26,118.12,121.11,-0.024688,204010,2429417.311,甲辰,壬申,壬戌,1,2024,8,1,-0.02499816665723718,0,壬,戌,水,土,壬,申,水,金,False,False,0.000991325979572671,2024-W35,2024-08
000858.SZ,2024-08-27,117.7,118.12,-0.003556,156608,1831272.407,甲辰,壬申,癸亥,2,2024,8,1,-0.0035620426094908945,0,癸,亥,水,水,壬,申,水,金,False,True,-0.02499816665723718,2024-W35,2024-08
000858.SZ,2024-08-28,114.0,117.7,-0.031436,247292,2821002.956,甲辰,壬申,甲子,3,2024,8,1,-0.031940565871735584,0,甲,子,木,水,壬,申,水,金,False,True,-0.0035620426094908945,2024-W35,2024-08
000858.SZ,2024-08-29,118.78,114.0,0.04193,300256,3546177.236,甲辰,壬申,乙丑,4,2024,8,1,0.04107459419321866,1,乙,丑,木,土,壬,申,水,金,False,True,-0.031940565871735584,2024-W35,2024-08
000858.SZ,2024-08-30,123.03,118.78,0.03578,337798,4114623.948,甲辰,壬申,丙寅,5,2024,8,1,0.0351551854843634,1,丙,寅,火,木,壬,申,水,金,False,True,0.04107459419321866,2024-W35,2024-08
000858.SZ,2024-09-02,119.0,123.03,-0.032756,177554,2134586.804,甲辰,壬申,己巳,1,2024,9,1,-0.03330473496054821,0,己,巳,土,火,壬,申,水,金,True,False,0.0351551854843634,2024-W36,2024-09
000858.SZ,2024-09-03,120.32,119.0,0.011092,127984,1538909.786,甲辰,壬申,庚午,2,2024,9,1,0.011031367090000181,1,庚,午,金,火,壬,申,水,金,True,False,-0.03330473496054821,2024-W36,2024-09
000858.SZ,2024-09-04,119.11,120.32,-0.010057,84692,1011886.744,甲辰,壬申,辛未,3,2024,9,1,-0.01010742430872005,0,辛,未,金,土,壬,申,水,金,True,False,0.011031367090000181,2024-W36,2024-09
000858.SZ,2024-09-05,119.55,119.11,0.003694,82794,987295.999,甲辰,壬申,壬申,4,2024,9,1,0.0036872580115241724,1,壬,申,水,金,壬,申,水,金,True,False,-0.01010742430872005,2024-W36,2024-09
000858.SZ,2024-09-06,117.53,119.55,-0.016897,77721,920196.138,甲辰,壬申,癸酉,5,2024,9,1,-0.01704107375957099,0,癸,酉,水,金,壬,申,水,金,False,False,0.0036872580115241724,2024-W36,2024-09
000858.SZ,2024-09-09,116.22,117.53,-0.011146,111586,1296332.675,甲辰,癸酉,丙子,1,2024,9,1,-0.011208673497803238,0,丙,子,火,水,癸,酉,水,金,False,False,-0.01704107375957099,2024-W37,2024-09
000858.SZ,2024-09-10,116.43,116.22,0.001807,106050,1237792.376,甲辰,癸酉,丁丑,2,2024,9,1,0.0018052874019651973,1,丁,丑,火,土,癸,酉,水,金,False,False,-0.011208673497803238,2024-W37,2024-09
000858.SZ,2024-09-11,116.01,116.43,-0.003607,76590,888345.207,甲辰,癸酉,戊寅,3,2024,9,1,-0.0036138397616091917,0,戊,寅,土,木,癸,酉,水,金,False,False,0.0018052874019651973,2024-W37,2024-09
000858.SZ,2024-09-12,113.36,116.01,-0.022843,169848,1945710.694,甲辰,癸酉,己卯,4,2024,9,1,-0.023107798904890457,0,己,卯,土,木,癸,酉,水,金,False,False,-0.0036138397616091917,2024-W37,2024-09
000858.SZ,2024-09-13,109.2,113.36,-0.036697,311530,3444726.618,甲辰,癸酉,庚辰,5,2024,9,1,-0.03738753207162033,0,庚,辰,金,土,癸,酉,水,金,False,False,-0.023107798904890457,2024-W37,2024-09
000858.SZ,2024-09-18,107.69,109.2,-0.013828,177639,1916365.125,甲辰,癸酉,乙酉,3,2024,9,1,-0.013924333970015171,0,乙,酉,木,金,癸,酉,水,金,False,False,-0.03738753207162033,2024-W38,2024-09
000858.SZ,2024-09-19,110.9,107.69,0.029808,318180,3511889.908,甲辰,癸酉,丙戌,4,2024,9,1,0.029372165015531828,1,丙,戌,火,土,癸,酉,水,金,False,False,-0.013924333970015171,2024-W38,2024-09
000858.SZ,2024-09-20,110.28,110.9,-0.005591,196681,2158043.125,甲辰,癸酉,丁亥,5,2024,9,1,-0.005606308200725402,0,丁,亥,火,水,癸,酉,水,金,False,False,0.029372165015531828,2024-W38,2024-09
000858.SZ,2024-09-23,112.29,110.28,0.018226,203711,2298355.085,甲辰,癸酉,庚寅,1,2024,9,1,0.01806222442885132,1,庚,寅,金,木,癸,酉,水,金,False,False,-0.005606308200725402,2024-W39,2024-09
000858.SZ,2024-09-24,120.36,112.29,0.071867,473469,5559354.901,甲辰,癸酉,辛卯,2,2024,9,1,0.06940244117739715,1,辛,卯,金,木,癸,酉,水,金,False,False,0.01806222442885132,2024-W39,2024-09
000858.SZ,2024-09-25,122.1,120.36,0.014457,417189,5168860.913,甲辰,癸酉,壬辰,3,2024,9,1,0.014353129354814446,1,壬,辰,水,土,癸,酉,水,金,False,False,0.06940244117739715,2024-W39,2024-09
000858.SZ,2024-09-26,134.31,122.1,0.1,664533,8594482.228,甲辰,癸酉,癸巳,4,2024,9,1,0.09531017980432493,1,癸,巳,水,火,癸,酉,水,金,False,True,0.014353129354814446,2024-W39,2024-09
000858.SZ,2024-09-27,147.74,134.31,0.099993,864577,12438562.567,甲辰,癸酉,甲午,5,2024,9,1,0.0953034111796079,1,甲,午,木,火,癸,酉,水,金,False,True,0.09531017980432493,2024-W39,2024-09
000858.SZ,2024-09-30,162.51,147.74,0.099973,986201,15752197.756,甲辰,癸酉,丁酉,1,2024,9,1,0.0952855662373253,1,丁,酉,火,金,癸,酉,水,金,False,True,0.0953034111796079,2024-W40,2024-09
000858.SZ,2024-10-08,164.05,162.51,0.009476,1306805,22218231.045,甲辰,甲戌,乙巳,2,2024,10,1,0.009431721069193618,1,乙,巳,木,火,甲,戌,木,土,False,False,0.0952855662373253,2024-W41,2024-10
000858.SZ,2024-10-09,147.68,164.05,-0.099787,815468,12409184.179,甲辰,甲戌,丙午,3,2024,10,1,-0.10512348865256865,0,丙,午,火,火,甲,戌,木,土,False,False,0.009431721069193618,2024-W41,2024-10
000858.SZ,2024-10-10,151.98,147.68,0.029117,600601,9164464.307,甲辰,甲戌,丁未,4,2024,10,1,0.028701162487096702,1,丁,未,火,土,甲,戌,木,土,False,False,-0.10512348865256865,2024-W41,2024-10
000858.SZ,2024-10-11,149.65,151.98,-0.015331,285157,4283807.928,甲辰,甲戌,戊申,5,2024,10,1,-0.015449698942930804,0,戊,申,土,金,甲,戌,木,土,False,False,0.028701162487096702,2024-W41,2024-10
000858.SZ,2024-10-14,149.76,149.65,0.000735,334965,4986283.993,甲辰,甲戌,辛亥,1,2024,10,1,0.0007347784305739444,1,辛,亥,金,水,甲,戌,木,土,False,False,-0.015449698942930804,2024-W42,2024-10
000858.SZ,2024-10-15,144.0,149.76,-0.038462,329701,4840842.56,甲辰,甲戌,壬子,2,2024,10,1,-0.03922071315328127,0,壬,子,水,水,甲,戌,木,土,False,False,0.0007347784305739444,2024-W42,2024-10
000858.SZ,2024-10-16,141.65,144.0,-0.016319,312272,4430542.144,甲辰,甲戌,癸丑,3,2024,10,1,-0.01645407329947506,0,癸,丑,水,土,甲,戌,木,土,False,False,-0.03922071315328127,2024-W42,2024-10
000858.SZ,2024-10-17,137.95,141.65,-0.026121,282507,3957974.226,甲辰,甲戌,甲寅,4,2024,10,1,-0.02646792561323062,0,甲,寅,木,木,甲,戌,木,土,False,False,-0.01645407329947506,2024-W42,2024-10
000858.SZ,2024-10-18,143.0,137.95,0.036607,441443,6206988.496,甲辰,甲戌,乙卯,5,2024,10,1,0.035953329596612266,1,乙,卯,木,木,甲,戌,木,土,False,False,-0.02646792561323062,2024-W42,2024-10
000858.SZ,2024-10-21,143.01,143.0,7e-05,295765,4223086.215,甲辰,甲戌,戊午,1,2024,10,1,6.99276249367024e-05,1,戊,午,土,火,甲,戌,木,土,False,False,0.035953329596612266,2024-W43,2024-10
000858.SZ,2024-10-22,145.44,143.01,0.016992,304663,4419839.158,甲辰,甲戌,己未,2,2024,10,1,0.016849072544324713,1,己,未,土,土,甲,戌,木,土,False,False,6.99276249367024e-05,2024-W43,2024-10
000858.SZ,2024-10-23,148.53,145.44,0.021246,358138,5277833.036,甲辰,甲戌,庚申,3,2024,10,1,0.021023327612272782,1,庚,申,金,金,甲,戌,木,土,False,False,0.016849072544324713,2024-W43,2024-10
000858.SZ,2024-10-24,146.46,148.53,-0.013937,186420,2743177.644,甲辰,甲戌,辛酉,4,2024,10,1,-0.014034604408517608,0,辛,酉,金,金,甲,戌,木,土,False,False,0.021023327612272782,2024-W43,2024-10
000858.SZ,2024-10-25,148.11,146.46,0.011266,198054,2926843.949,甲辰,甲戌,壬戌,5,2024,10,1,0.011202887305957542,1,壬,戌,水,土,甲,戌,木,土,False,False,-0.014034604408517608,2024-W43,2024-10
000858.SZ,2024-10-28,153.97,148.11,0.039565,438109,6649586.215,甲辰,甲戌,乙丑,1,2024,10,1,0.03880253730294609,1,乙,丑,木,土,甲,戌,木,土,False,True,0.011202887305957542,2024-W44,2024-10
000858.SZ,2024-10-29,150.8,153.97,-0.020588,303157,4641639.292,甲辰,甲戌,丙寅,2,2024,10,1,-0.020803322667971653,0,丙,寅,火,木,甲,戌,木,土,False,True,0.03880253730294609,2024-W44,2024-10
000858.SZ,2024-10-30,148.8,150.8,-0.013263,211870,3158474.275,甲辰,甲戌,丁卯,3,2024,10,1,-0.013351333174864225,0,丁,卯,火,木,甲,戌,木,土,False,True,-0.020803322667971653,2024-W44,2024-10
000858.SZ,2024-10-31,146.83,148.8,-0.013239,269440,3957475.707,甲辰,甲戌,戊辰,4,2024,10,1,-0.013327667424145243,0,戊,辰,土,土,甲,戌,木,土,False,True,-0.013351333174864225,2024-W44,2024-10
000858.SZ,2024-11-01,147.92,146.83,0.007424,227191,3379402.018,甲辰,甲戌,己巳,5,2024,11,1,0.007396132104023107,1,己,巳,土,火,甲,戌,木,土,True,False,-0.013327667424145243,2024-W44,2024-11
000858.SZ,2024-11-04,148.6,147.92,0.004597,205051,3030626.417,甲辰,甲戌,壬申,1,2024,11,1,0.004586545204789345,1,壬,申,水,金,甲,戌,木,土,True,False,0.007396132104023107,2024-W45,2024-11
000858.SZ,2024-11-05,152.8,148.6,0.028264,320318,4839032.609,甲辰,甲戌,癸酉,2,2024,11,1,0.027871744448761462,1,癸,酉,水,金,甲,戌,木,土,True,False,0.004586545204789345,2024-W45,2024-11
000858.SZ,2024-11-06,151.25,152.8,-0.010144,302065,4568777.903,甲辰,甲戌,甲戌,3,2024,11,1,-0.01019577982146933,0,甲,戌,木,土,甲,戌,木,土,False,False,0.027871744448761462,2024-W45,2024-11
000858.SZ,2024-11-07,162.24,151.25,0.072661,671871,10602928.042,甲辰,乙亥,乙亥,4,2024,11,1,0.07014262349186758,1,乙,亥,木,水,乙,亥,木,水,False,False,-0.01019577982146933,2024-W45,2024-11
000858.SZ,2024-11-08,156.47,162.24,-0.035565,567473,9025428.028,甲辰,乙亥,丙子,5,2024,11,1,-0.036212422088852496,0,丙,子,火,水,乙,亥,木,水,False,False,0.07014262349186758,2024-W45,2024-11
000858.SZ,2024-11-11,154.82,156.47,-0.010545,366012,5603393.228,甲辰,乙亥,己卯,1,2024,11,1,-0.010601146537398583,0,己,卯,土,木,乙,亥,木,水,False,False,-0.036212422088852496,2024-W46,2024-11
000858.SZ,2024-11-12,154.3,154.82,-0.003359,351346,5496005.682,甲辰,乙亥,庚辰,2,2024,11,1,-0.0033643924074521167,0,庚,辰,金,土,乙,亥,木,水,False,False,-0.010601146537398583,2024-W46,2024-11
000858.SZ,2024-11-13,153.94,154.3,-0.002333,194334,2990077.535,甲辰,乙亥,辛巳,3,2024,11,1,-0.002335843262943926,0,辛,巳,金,火,乙,亥,木,水,False,False,-0.0033643924074521167,2024-W46,2024-11
000858.SZ,2024-11-14,153.49,153.94,-0.002923,217927,3357496.178,甲辰,乙亥,壬午,4,2024,11,1,-0.002927497780854581,0,壬,午,水,火,乙,亥,木,水,False,False,-0.002335843262943926,2024-W46,2024-11
000858.SZ,2024-11-15,151.29,153.49,-0.014333,255442,3894476.943,甲辰,乙亥,癸未,5,2024,11,1,-0.014436893568573137,0,癸,未,水,土,乙,亥,木,水,False,False,-0.002927497780854581,2024-W46,2024-11
000858.SZ,2024-11-18,149.33,151.29,-0.012955,209861,3164795.003,甲辰,乙亥,丙戌,1,2024,11,1,-0.013039902687566269,0,丙,戌,火,土,乙,亥,木,水,False,False,-0.014436893568573137,2024-W47,2024-11
000858.SZ,2024-11-19,148.45,149.33,-0.005893,233413,3447738.671,甲辰,乙亥,丁亥,2,2024,11,1,-0.005910420859408548,0,丁,亥,火,水,乙,亥,木,水,False,False,-0.013039902687566269,2024-W47,2024-11
000858.SZ,2024-11-20,149.6,148.45,0.007747,149815,2233265.261,甲辰,乙亥,戊子,3,2024,11,1,0.00771686433060819,1,戊,子,土,水,乙,亥,木,水,False,False,-0.005910420859408548,2024-W47,2024-11
000858.SZ,2024-11-21,149.5,149.6,-0.000668,114460,1706377.342,甲辰,乙亥,己丑,4,2024,11,1,-0.0006686727096356982,0,己,丑,土,土,乙,亥,木,水,False,False,0.00771686433060819,2024-W47,2024-11
000858.SZ,2024-11-22,144.89,149.5,-0.030836,189424,2785311.385,甲辰,乙亥,庚寅,5,2024,11,1,-0.0313215589981103,0,庚,寅,金,木,乙,亥,木,水,False,False,-0.0006686727096356982,2024-W47,2024-11
000858.SZ,2024-11-25,143.8,144.89,-0.007523,191689,2771219.117,甲辰,乙亥,癸巳,1,2024,11,1,-0.007551388545684442,0,癸,巳,水,火,乙,亥,木,水,False,False,-0.0313215589981103,2024-W48,2024-11
000858.SZ,2024-11-26,144.8,143.8,0.006954,175357,2539251.07,甲辰,乙亥,甲午,2,2024,11,1,0.0069300346646696325,1,甲,午,木,火,乙,亥,木,水,False,True,-0.007551388545684442,2024-W48,2024-11
000858.SZ,2024-11-27,147.05,144.8,0.015539,200249,2921829.64,甲辰,乙亥,乙未,3,2024,11,1,0.015419185048387997,1,乙,未,木,土,乙,亥,木,水,False,True,0.0069300346646696325,2024-W48,2024-11
000858.SZ,2024-11-28,144.0,147.05,-0.020741,190453,2760020.464,甲辰,乙亥,丙申,4,2024,11,1,-0.02095936542400345,0,丙,申,火,金,乙,亥,木,水,False,True,0.015419185048387997,2024-W48,2024-11
000858.SZ,2024-11-29,146.77,144.0,0.019236,287277,4234632.626,甲辰,乙亥,丁酉,5,2024,11,1,0.019053436047106884,1,丁,酉,火,金,乙,亥,木,水,False,True,-0.02095936542400345,2024-W48,2024-11
000858.SZ,2024-12-02,147.4,146.77,0.004292,179763,2645657.931,甲辰,乙亥,庚子,1,2024,12,1,0.00428324413212888,1,庚,子,金,水,乙,亥,木,水,True,False,0.019053436047106884,2024-W49,2024-12
000858.SZ,2024-12-03,146.99,147.4,-0.002782,140143,2059980.757,甲辰,乙亥,辛丑,2,2024,12,1,-0.002785422501339904,0,辛,丑,金,土,乙,亥,木,水,True,False,0.00428324413212888,2024-W49,2024-12
000858.SZ,2024-12-04,145.73,146.99,-0.008572,148434,2161996.959,甲辰,乙亥,壬寅,3,2024,12,1,-0.008608962708291094,0,壬,寅,水,木,乙,亥,木,水,True,False,-0.002785422501339904,2024-W49,2024-12
000858.SZ,2024-12-05,145.03,145.73,-0.004803,103210,1496758.491,甲辰,乙亥,癸卯,4,2024,12,1,-0.004814976973446555,0,癸,卯,水,木,乙,亥,木,水,True,False,-0.008608962708291094,2024-W49,2024-12
000858.SZ,2024-12-06,146.44,145.03,0.009722,187545,2745488.834,甲辰,丙子,甲辰,5,2024,12,1,0.0096751706798768,1,甲,辰,木,土,丙,子,火,水,False,False,-0.004814976973446555,2024-W49,2024-12
000858.SZ,2024-12-09,145.76,146.44,-0.004644,145424,2124782.351,甲辰,丙子,丁未,1,2024,12,1,-0.004654354740387305,0,丁,未,火,土,丙,子,火,水,False,False,0.0096751706798768,2024-W50,2024-12
000858.SZ,2024-12-10,149.1,145.76,0.022914,463262,7021977.46,甲辰,丙子,戊申,2,2024,12,1,0.022655788259044567,1,戊,申,土,金,丙,子,火,水,False,False,-0.004654354740387305,2024-W50,2024-12
000858.SZ,2024-12-11,149.4,149.1,0.002012,199993,2993662.413,甲辰,丙子,己酉,3,2024,12,1,0.0020100509280243217,1,己,酉,土,金,丙,子,火,水,False,False,0.022655788259044567,2024-W50,2024-12
000858.SZ,2024-12-12,151.82,149.4,0.016198,253652,3819524.049,甲辰,丙子,庚戌,4,2024,12,1,0.016068335889905066,1,庚,戌,金,土,丙,子,火,水,False,False,0.0020100509280243217,2024-W50,2024-12
000858.SZ,2024-12-13,148.04,151.82,-0.024898,284227,4230330.396,甲辰,丙子,辛亥,5,2024,12,1,-0.025213101070666984,0,辛,亥,金,水,丙,子,火,水,False,False,0.016068335889905066,2024-W50,2024-12
000858.SZ,2024-12-16,144.59,148.04,-0.023305,264772,3846200.008,甲辰,丙子,甲寅,1,2024,12,1,-0.023580356477920263,0,甲,寅,木,木,丙,子,火,水,False,False,-0.025213101070666984,2024-W51,2024-12
000858.SZ,2024-12-17,144.89,144.59,0.002075,159492,2318651.654,甲辰,丙子,乙卯,2,2024,12,1,0.0020726827925958338,1,乙,卯,木,木,丙,子,火,水,False,False,-0.023580356477920263,2024-W51,2024-12
000858.SZ,2024-12-18,145.2,144.89,0.00214,120675,1755251.345,甲辰,丙子,丙辰,3,2024,12,1,0.0021372685580648724,1,丙,辰,火,土,丙,子,火,水,False,False,0.0020726827925958338,2024-W51,2024-12
000858.SZ,2024-12-19,143.55,145.2,-0.011364,151982,2184469.848,甲辰,丙子,丁巳,4,2024,12,1,-0.011428695823622631,0,丁,巳,火,火,丙,子,火,水,False,False,0.0021372685580648724,2024-W51,2024-12
000858.SZ,2024-12-20,143.21,143.55,-0.002369,172835,2479372.352,甲辰,丙子,戊午,5,2024,12,1,-0.002371322076461853,0,戊,午,土,火,丙,子,火,水,False,False,-0.011428695823622631,2024-W51,2024-12
000858.SZ,2024-12-23,142.45,143.21,-0.005307,142601,2039345.026,甲辰,丙子,辛酉,1,2024,12,1,-0.005321023546694064,0,辛,酉,金,金,丙,子,火,水,False,False,-0.002371322076461853,2024-W52,2024-12
000858.SZ,2024-12-24,143.48,142.45,0.007231,143330,2045707.408,甲辰,丙子,壬戌,2,2024,12,1,0.007204591720164496,1,壬,戌,水,土,丙,子,火,水,False,False,-0.005321023546694064,2024-W52,2024-12
000858.SZ,2024-12-25,143.08,143.48,-0.002788,96139,1376290.843,甲辰,丙子,癸亥,3,2024,12,1,-0.0027917382732646824,0,癸,亥,水,水,丙,子,火,水,False,False,0.007204591720164496,2024-W52,2024-12
000858.SZ,2024-12-26,142.49,143.08,-0.004124,104768,1493951.272,甲辰,丙子,甲子,4,2024,12,1,-0.004132092583119535,0,甲,子,木,水,丙,子,火,水,False,False,-0.0027917382732646824,2024-W52,2024-12
000858.SZ,2024-12-27,142.52,142.49,0.000211,134450,1912027.993,甲辰,丙子,乙丑,5,2024,12,1,0.00021051892993782795,1,乙,丑,木,土,丙,子,火,水,False,True,-0.004132092583119535,2024-W52,2024-12
000858.SZ,2024-12-30,141.21,142.52,-0.009192,163671,2320655.237,甲辰,丙子,戊辰,1,2024,12,1,-0.009234196656474666,0,戊,辰,土,土,丙,子,火,水,False,True,0.00021051892993782795,2025-W01,2024-12
000858.SZ,2024-12-31,140.04,141.21,-0.008286,245218,3472955.734,甲辰,丙子,己巳,2,2024,12,1,-0.00832004799469583,0,己,巳,土,火,丙,子,火,水,False,True,-0.009234196656474666,2025-W01,2024-12
000858.SZ,2025-01-02,136.99,140.04,-0.021779,255647,3517884.976,甲辰,丙子,辛未,4,2025,1,1,-0.022020165623166672,0,辛,未,金,土,丙,子,火,水,True,False,-0.00832004799469583,2025-W01,2025-01
000858.SZ,2025-01-03,135.4,136.99,-0.011607,168230,2295817.772,甲辰,丙子,壬申,5,2025,1,1,-0.011674569985123567,0,壬,申,水,金,丙,子,火,水,True,False,-0.022020165623166672,2025-W01,2025-01
000858.SZ,2025-01-06,130.83,135.4,-0.033752,279430,3679523.52,甲辰,丁丑,乙亥,1,2025,1,1,-0.03433458995538975,0,乙,亥,木,水,丁,丑,火,土,False,False,-0.011674569985123567,2025-W02,2025-01
000858.SZ,2025-01-07,130.85,130.83,0.000153,190187,2478571.21,甲辰,丁丑,丙子,2,2025,1,1,0.00015285845336984776,1,丙,子,火,水,丁,丑,火,土,False,False,-0.03433458995538975,2025-W02,2025-01
000858.SZ,2025-01-08,129.7,130.85,-0.008789,192876,2504007.32,甲辰,丁丑,丁丑,3,2025,1,1,-0.008827537653756679,0,丁,丑,火,土,丁,丑,火,土,False,False,0.00015285845336984776,2025-W02,2025-01
000858.SZ,2025-01-09,130.58,129.7,0.006785,159183,2080588.918,甲辰,丁丑,戊寅,4,2025,1,1,0.006761974436089411,1,戊,寅,土,木,丁,丑,火,土,False,False,-0.008827537653756679,2025-W02,2025-01
000858.SZ,2025-01-10,128.6,130.58,-0.015163,135377,1753729.759,甲辰,丁丑,己卯,5,2025,1,1,-0.015279253954968527,0,己,卯,土,木,丁,丑,火,土,False,False,0.006761974436089411,2025-W02,2025-01
000858.SZ,2025-01-13,129.2,128.6,0.004666,121491,1562285.331,甲辰,丁丑,壬午,1,2025,1,1,0.0046547795449825196,1,壬,午,水,火,丁,丑,火,土,False,False,-0.015279253954968527,2025-W03,2025-01
000858.SZ,2025-01-14,133.02,129.2,0.029567,228624,3014664.381,甲辰,丁丑,癸未,2,2025,1,1,0.029137901507773782,1,癸,未,水,土,丁,丑,火,土,False,False,0.0046547795449825196,2025-W03,2025-01
000858.SZ,2025-01-15,132.77,133.02,-0.001879,128122,1701391.09,甲辰,丁丑,甲申,3,2025,1,1,-0.0018811849484643988,0,甲,申,木,金,丁,丑,火,土,False,False,0.029137901507773782,2025-W03,2025-01
000858.SZ,2025-01-16,131.48,132.77,-0.009716,163096,2160311.225,甲辰,丁丑,乙酉,4,2025,1,1,-0.009763559111792133,0,乙,酉,木,金,丁,丑,火,土,False,False,-0.0018811849484643988,2025-W03,2025-01
000858.SZ,2025-01-17,132.3,131.48,0.006237,152450,2021963.287,甲辰,丁丑,丙戌,5,2025,1,1,0.00621732232489144,1,丙,戌,火,土,丁,丑,火,土,False,False,-0.009763559111792133,2025-W03,2025-01
000858.SZ,2025-01-20,134.3,132.3,0.015117,194173,2611169.665,甲辰,丁丑,己丑,1,2025,1,1,0.015004032408281858,1,己,丑,土,土,丁,丑,火,土,False,False,0.00621732232489144,2025-W04,2025-01
000858.SZ,2025-01-21,133.39,134.3,-0.006776,132796,1774069.695,甲辰,丁丑,庚寅,2,2025,1,1,-0.0067989353762394076,0,庚,寅,金,木,丁,丑,火,土,False,False,0.015004032408281858,2025-W04,2025-01
000858.SZ,2025-01-22,130.35,133.39,-0.02279,174182,2277963.646,甲辰,丁丑,辛卯,3,2025,1,1,-0.023054027773441912,0,辛,卯,金,木,丁,丑,火,土,False,False,-0.0067989353762394076,2025-W04,2025-01
000858.SZ,2025-01-23,128.65,127.77,0.006887,184489,2387735.894,甲辰,丁丑,壬辰,4,2025,1,1,0.006863766124521421,1,壬,辰,水,土,丁,丑,火,土,False,False,-0.023054027773441912,2025-W04,2025-01
000858.SZ,2025-01-24,127.72,128.65,-0.007229,189435,2418169.298,甲辰,丁丑,癸巳,5,2025,1,1,-0.00725517088117191,0,癸,巳,水,火,丁,丑,火,土,False,False,0.006863766124521421,2025-W04,2025-01
000858.SZ,2025-01-27,127.2,127.72,-0.004071,126535,1616070.923,甲辰,丁丑,丙申,1,2025,1,1,-0.0040797169405595,0,丙,申,火,金,丁,丑,火,土,False,True,-0.00725517088117191,2025-W05,2025-01
000858.SZ,2025-02-05,125.01,127.2,-0.017217,186915,2343981.886,乙巳,戊寅,乙巳,3,2025,2,1,-0.01736691680355,0,乙,巳,木,火,戊,寅,土,木,True,False,-0.0040797169405595,2025-W06,2025-02
000858.SZ,2025-02-06,125.9,125.01,0.007119,138190,1734038.682,乙巳,戊寅,丙午,4,2025,2,1,0.007094206947829748,1,丙,午,火,火,戊,寅,土,木,False,False,-0.01736691680355,2025-W06,2025-02
000858.SZ,2025-02-07,127.63,125.9,0.013741,232473,2960433.85,乙巳,戊寅,丁未,5,2025,2,1,0.013647511944297926,1,丁,未,火,土,戊,寅,土,木,False,False,0.007094206947829748,2025-W06,2025-02
000858.SZ,2025-02-10,127.53,127.63,-0.000784,136545,1740615.096,乙巳,戊寅,庚戌,1,2025,2,1,-0.0007838219557908734,0,庚,戌,金,土,戊,寅,土,木,False,False,0.013647511944297926,2025-W07,2025-02
000858.SZ,2025-02-11,126.26,127.53,-0.009958,176001,2221320.156,乙巳,戊寅,辛亥,2,2025,2,1,-0.010008358099328856,0,辛,亥,金,水,戊,寅,土,木,False,False,-0.0007838219557908734,2025-W07,2025-02
000858.SZ,2025-02-12,127.7,126.26,0.011405,177353,2240677.199,乙巳,戊寅,壬子,3,2025,2,1,0.011340490099014028,1,壬,子,水,水,戊,寅,土,木,False,False,-0.010008358099328856,2025-W07,2025-02
000858.SZ,2025-02-13,131.51,127.7,0.029836,467626,6110655.129,乙巳,戊寅,癸丑,4,2025,2,1,0.029399131315379804,1,癸,丑,水,土,戊,寅,土,木,False,False,0.011340490099014028,2025-W07,2025-02
000858.SZ,2025-02-14,131.23,131.51,-0.002129,218107,2857398.901,乙巳,戊寅,甲寅,5,2025,2,1,-0.0021313854456782963,0,甲,寅,木,木,戊,寅,土,木,False,False,0.029399131315379804,2025-W07,2025-02
000858.SZ,2025-02-17,131.55,131.23,0.002438,205078,2710093.082,乙巳,戊寅,丁巳,1,2025,2,1,0.0024354985781067035,1,丁,巳,火,火,戊,寅,土,木,False,False,-0.0021313854456782963,2025-W08,2025-02
000858.SZ,2025-02-18,130.2,131.55,-0.010262,185961,2435399.273,乙巳,戊寅,戊午,2,2025,2,1,-0.01031527771183302,0,戊,午,土,火,戊,寅,土,木,False,False,0.0024354985781067035,2025-W08,2025-02
000858.SZ,2025-02-19,131.11,130.2,0.006989,153641,2003027.066,乙巳,戊寅,己未,3,2025,2,1,0.006964935736841664,1,己,未,土,土,戊,寅,土,木,False,False,-0.01031527771183302,2025-W08,2025-02
000858.SZ,2025-02-20,130.5,131.11,-0.004653,132530,1737767.288,乙巳,戊寅,庚申,4,2025,2,1,-0.004663438748562482,0,庚,申,金,金,戊,寅,土,木,False,False,0.006964935736841664,2025-W08,2025-02
000858.SZ,2025-02-21,131.12,130.5,0.004751,210016,2756687.286,乙巳,戊寅,辛酉,5,2025,2,1,0.004739707672826282,1,辛,酉,金,金,戊,寅,土,木,False,False,-0.004663438748562482,2025-W08,2025-02
000858.SZ,2025-02-24,131.9,131.12,0.005949,244392,3229422.469,乙巳,戊寅,甲子,1,2025,2,1,0.005931125287694618,1,甲,子,木,水,戊,寅,土,木,False,True,0.004739707672826282,2025-W09,2025-02
000858.SZ,2025-02-25,128.75,131.9,-0.023882,221901,2872796.622,乙巳,戊寅,乙丑,2,2025,2,1,-0.024171520179423443,0,乙,丑,木,土,戊,寅,土,木,False,True,0.005931125287694618,2025-W09,2025-02
000858.SZ,2025-02-26,129.8,128.75,0.008155,179243,2311292.3,乙巳,戊寅,丙寅,3,2025,2,1,0.008122264726144239,1,丙,寅,火,木,戊,寅,土,木,False,True,-0.024171520179423443,2025-W09,2025-02
000858.SZ,2025-02-27,132.75,129.8,0.022727,370795,4909364.775,乙巳,戊寅,丁卯,4,2025,2,1,0.022472855852058576,1,丁,卯,火,木,戊,寅,土,木,False,True,0.008122264726144239,2025-W09,2025-02
000858.SZ,2025-02-28,131.58,132.75,-0.008814,337202,4510232.386,乙巳,戊寅,戊辰,5,2025,2,1,-0.008852628464196247,0,戊,辰,土,土,戊,寅,土,木,False,True,0.022472855852058576,2025-W09,2025-02
000858.SZ,2025-03-03,130.84,131.58,-0.005624,210355,2780161.096,乙巳,戊寅,辛未,1,2025,3,1,-0.0056398289876687276,0,辛,未,金,土,戊,寅,土,木,True,False,-0.008852628464196247,2025-W10,2025-03
000858.SZ,2025-03-04,129.75,130.84,-0.008331,149348,1933207.044,乙巳,戊寅,壬申,2,2025,3,1,-0.008365680624185176,0,壬,申,水,金,戊,寅,土,木,True,False,-0.0056398289876687276,2025-W10,2025-03
000858.SZ,2025-03-05,128.61,129.75,-0.008786,199366,2558423.708,乙巳,己卯,癸酉,3,2025,3,1,-0.008824952768002482,0,癸,酉,水,金,己,卯,土,木,True,False,-0.008365680624185176,2025-W10,2025-03
000858.SZ,2025-03-06,131.68,128.61,0.023871,235857,3075149.47,乙巳,己卯,甲戌,4,2025,3,1,0.02359016765076431,1,甲,戌,木,土,己,卯,土,木,False,False,-0.008824952768002482,2025-W10,2025-03
000858.SZ,2025-03-07,134.8,131.68,0.023694,340072,4536723.523,乙巳,己卯,乙亥,5,2025,3,1,0.02341746154944702,1,乙,亥,木,水,己,卯,土,木,False,False,0.02359016765076431,2025-W10,2025-03
000858.SZ,2025-03-10,132.69,134.8,-0.015653,206353,2735377.366,乙巳,己卯,戊寅,1,2025,3,1,-0.015776617929861705,0,戊,寅,土,木,己,卯,土,木,False,False,0.02341746154944702,2025-W11,2025-03
000858.SZ,2025-03-11,135.2,132.69,0.018916,321035,4304327.283,乙巳,己卯,己卯,2,2025,3,1,0.01873958306051853,1,己,卯,土,木,己,卯,土,木,False,False,-0.015776617929861705,2025-W11,2025-03
000858.SZ,2025-03-12,132.97,135.2,-0.016494,288017,3844719.012,乙巳,己卯,庚辰,3,2025,3,1,-0.016631624740249106,0,庚,辰,金,土,己,卯,土,木,False,False,0.01873958306051853,2025-W11,2025-03
000858.SZ,2025-03-13,132.39,132.97,-0.004362,167922,2233018.515,乙巳,己卯,辛巳,4,2025,3,1,-0.004371426919049067,0,辛,巳,金,火,己,卯,土,木,False,False,-0.016631624740249106,2025-W11,2025-03
000858.SZ,2025-03-14,140.8,132.39,0.063524,765515,10604804.482,乙巳,己卯,壬午,5,2025,3,1,0.061588331774376684,1,壬,午,水,火,己,卯,土,木,False,False,-0.004371426919049067,2025-W11,2025-03
000858.SZ,2025-03-17,139.84,140.8,-0.006818,387730,5457575.155,乙巳,己卯,乙酉,1,2025,3,1,-0.006841531816716712,0,乙,酉,木,金,己,卯,土,木,False,False,0.061588331774376684,2025-W12,2025-03
000858.SZ,2025-03-18,139.55,139.84,-0.002074,186734,2608207.825,乙巳,己卯,丙戌,2,2025,3,1,-0.0020759519248940523,0,丙,戌,火,土,己,卯,土,木,False,False,-0.006841531816716712,2025-W12,2025-03
000858.SZ,2025-03-19,138.92,139.55,-0.004515,168157,2339543.02,乙巳,己卯,丁亥,3,2025,3,1,-0.004524732106458045,0,丁,亥,火,水,己,卯,土,木,False,False,-0.0020759519248940523,2025-W12,2025-03
000858.SZ,2025-03-20,135.99,138.92,-0.021091,228722,3130766.821,乙巳,己卯,戊子,4,2025,3,1,-0.021316874255005544,0,戊,子,土,水,己,卯,土,木,False,False,-0.004524732106458045,2025-W12,2025-03
000858.SZ,2025-03-21,134.6,135.99,-0.010221,197130,2669031.188,乙巳,己卯,己丑,5,2025,3,1,-0.010273936410240318,0,己,丑,土,土,己,卯,土,木,False,False,-0.021316874255005544,2025-W12,2025-03
000858.SZ,2025-03-24,134.31,134.6,-0.002155,180488,2417592.736,乙巳,己卯,壬辰,1,2025,3,1,-0.0021568562896435665,0,壬,辰,水,土,己,卯,土,木,False,False,-0.010273936410240318,2025-W13,2025-03
000858.SZ,2025-03-25,133.56,134.31,-0.005584,175671,2342967.013,乙巳,己卯,癸巳,2,2025,3,1,-0.005599745845530043,0,癸,巳,水,火,己,卯,土,木,False,False,-0.0021568562896435665,2025-W13,2025-03
000858.SZ,2025-03-26,133.35,133.56,-0.001572,108825,1452491.544,乙巳,己卯,甲午,3,2025,3,1,-0.001573564447430552,0,甲,午,木,火,己,卯,土,木,False,False,-0.005599745845530043,2025-W13,2025-03
000858.SZ,2025-03-27,133.9,133.35,0.004124,140865,1882916.851,乙巳,己卯,乙未,4,2025,3,1,0.004116002069103718,1,乙,未,木,土,己,卯,土,木,False,True,-0.001573564447430552,2025-W13,2025-03
000858.SZ,2025-03-28,133.23,133.9,-0.005004,120996,1610808.297,乙巳,己卯,丙申,5,2025,3,1,-0.00501629472500632,0,丙,申,火,金,己,卯,土,木,False,True,0.004116002069103718,2025-W13,2025-03
000858.SZ,2025-03-31,131.35,133.23,-0.014111,144854,1912983.577,乙巳,己卯,己亥,1,2025,3,1,-0.014211441840571735,0,己,亥,土,水,己,卯,土,木,False,True,-0.00501629472500632,2025-W14,2025-03
000858.SZ,2025-04-01,131.79,131.35,0.00335,121704,1602816.957,乙巳,己卯,庚子,2,2025,4,1,0.0033442305242489746,1,庚,子,金,水,己,卯,土,木,True,False,-0.014211441840571735,2025-W14,2025-04
000858.SZ,2025-04-02,131.15,131.79,-0.004856,101024,1328718.377,乙巳,己卯,辛丑,3,2025,4,1,-0.004868040342915127,0,辛,丑,金,土,己,卯,土,木,True,False,0.0033442305242489746,2025-W14,2025-04
000858.SZ,2025-04-03,132.0,131.15,0.006481,165622,2187566.525,乙巳,己卯,壬寅,4,2025,4,1,0.006460216273488234,1,壬,寅,水,木,己,卯,土,木,True,False,-0.004868040342915127,2025-W14,2025-04
000858.SZ,2025-04-07,126.78,132.0,-0.039545,463092,5889478.918,乙巳,庚辰,丙午,1,2025,4,1,-0.040348621730350524,0,丙,午,火,火,庚,辰,金,土,False,False,0.006460216273488234,2025-W15,2025-04
000858.SZ,2025-04-08,130.76,126.78,0.031393,331856,4295611.99,乙巳,庚辰,丁未,2,2025,4,1,0.030910280999989527,1,丁,未,火,土,庚,辰,金,土,False,False,-0.040348621730350524,2025-W15,2025-04
000858.SZ,2025-04-09,132.25,130.76,0.011395,296998,3910869.675,乙巳,庚辰,戊申,3,2025,4,1,0.011330488882398933,1,戊,申,土,金,庚,辰,金,土,False,False,0.030910280999989527,2025-W15,2025-04
000858.SZ,2025-04-10,133.15,132.25,0.006805,233106,3091985.055,乙巳,庚辰,己酉,4,2025,4,1,0.0067822415215326275,1,己,酉,土,金,庚,辰,金,土,False,False,0.011330488882398933,2025-W15,2025-04
000858.SZ,2025-04-11,131.6,133.15,-0.011641,174293,2296050.286,乙巳,庚辰,庚戌,5,2025,4,1,-0.011709293368724458,0,庚,戌,金,土,庚,辰,金,土,False,False,0.0067822415215326275,2025-W15,2025-04
000858.SZ,2025-04-14,131.04,131.6,-0.004255,125781,1655429.086,乙巳,庚辰,癸丑,1,2025,4,1,-0.00426439878645754,0,癸,丑,水,土,庚,辰,金,土,False,False,-0.011709293368724458,2025-W16,2025-04
000858.SZ,2025-04-15,131.35,131.04,0.002366,114825,1502439.501,乙巳,庚辰,甲寅,2,2025,4,1,0.0023628960267895703,1,甲,寅,木,木,庚,辰,金,土,False,False,-0.00426439878645754,2025-W16,2025-04
000858.SZ,2025-04-16,132.3,131.35,0.007233,166680,2177739.51,乙巳,庚辰,乙卯,3,2025,4,1,0.007206554989361231,1,乙,卯,木,木,庚,辰,金,土,False,False,0.0023628960267895703,2025-W16,2025-04
000858.SZ,2025-04-17,132.53,132.3,0.001738,152922,2022126.158,乙巳,庚辰,丙辰,4,2025,4,1,0.0017369637716772145,1,丙,辰,火,土,庚,辰,金,土,False,False,0.007206554989361231,2025-W16,2025-04
000858.SZ,2025-04-18,131.75,132.53,-0.005885,89478,1179998.316,乙巳,庚辰,丁巳,5,2025,4,1,-0.0059028474711156536,0,丁,巳,火,火,庚,辰,金,土,False,False,0.0017369637716772145,2025-W16,2025-04
000858.SZ,2025-04-21,130.34,131.75,-0.010702,144363,1887006.445,乙巳,庚辰,庚申,1,2025,4,1,-0.010759766517237316,0,庚,申,金,金,庚,辰,金,土,False,False,-0.0059028474711156536,2025-W17,2025-04
000858.SZ,2025-04-22,130.1,130.34,-0.001841,115854,1507639.704,乙巳,庚辰,辛酉,2,2025,4,1,-0.001843035385774753,0,辛,酉,金,金,庚,辰,金,土,False,False,-0.010759766517237316,2025-W17,2025-04
000858.SZ,2025-04-23,129.97,130.1,-0.000999,95944,1246940.579,乙巳,庚辰,壬戌,3,2025,4,1,-0.0009997309249624592,0,壬,戌,水,土,庚,辰,金,土,False,False,-0.001843035385774753,2025-W17,2025-04
000858.SZ,2025-04-24,129.06,129.97,-0.007002,131523,1703623.364,乙巳,庚辰,癸亥,4,2025,4,1,-0.007026242085803353,0,癸,亥,水,水,庚,辰,金,土,False,False,-0.0009997309249624592,2025-W17,2025-04
000858.SZ,2025-04-25,129.05,129.06,-7.7e-05,107183,1388082.6,乙巳,庚辰,甲子,5,2025,4,1,-7.748634307073973e-05,0,甲,子,木,水,庚,辰,金,土,False,False,-0.007026242085803353,2025-W17,2025-04
000858.SZ,2025-04-28,130.85,129.05,0.013948,185045,2422404.105,乙巳,庚辰,丁卯,1,2025,4,1,0.013851702811531754,1,丁,卯,火,木,庚,辰,金,土,False,True,-7.748634307073973e-05,2025-W18,2025-04
000858.SZ,2025-04-29,129.55,130.85,-0.009935,124795,1619377.345,乙巳,庚辰,戊辰,2,2025,4,1,-0.009984721968035773,0,戊,辰,土,土,庚,辰,金,土,False,True,0.013851702811531754,2025-W18,2025-04
000858.SZ,2025-04-30,128.7,129.55,-0.006561,146626,1893634.511,乙巳,庚辰,己巳,3,2025,4,1,-0.006582792406038136,0,己,巳,土,火,庚,辰,金,土,False,True,-0.009984721968035773,2025-W18,2025-04
000858.SZ,2025-05-06,129.49,128.7,0.006138,146349,1889145.118,乙巳,辛巳,乙亥,2,2025,5,1,0.006119543478667825,1,乙,亥,木,水,辛,巳,金,火,False,False,-0.006582792406038136,2025-W19,2025-05
000858.SZ,2025-05-07,129.99,129.49,0.003861,152470,1990960.978,乙巳,辛巳,丙子,3,2025,5,1,0.0038538663391791124,1,丙,子,火,水,辛,巳,金,火,False,False,0.006119543478667825,2025-W19,2025-05
000858.SZ,2025-05-08,131.8,129.99,0.013924,208023,2735442.055,乙巳,辛巳,丁丑,4,2025,5,1,0.01382809764847904,1,丁,丑,火,土,辛,巳,金,火,False,False,0.0038538663391791124,2025-W19,2025-05
000858.SZ,2025-05-09,131.58,131.8,-0.001669,110548,1454604.448,乙巳,辛巳,戊寅,5,2025,5,1,-0.001670590410555037,0,戊,寅,土,木,辛,巳,金,火,False,False,0.01382809764847904,2025-W19,2025-05
000858.SZ,2025-05-12,132.97,131.58,0.010564,164560,2182417.151,乙巳,辛巳,辛巳,1,2025,5,1,0.01050850721076265,1,辛,巳,金,火,辛,巳,金,火,False,False,-0.001670590410555037,2025-W20,2025-05
000858.SZ,2025-05-13,132.99,132.97,0.00015,120395,1599600.056,乙巳,辛巳,壬午,2,2025,5,1,0.00015039855645750396,1,壬,午,水,火,辛,巳,金,火,False,False,0.01050850721076265,2025-W20,2025-05
000858.SZ,2025-05-14,135.26,132.99,0.017069,291489,3932377.808,乙巳,辛巳,癸未,3,2025,5,1,0.016924914721721893,1,癸,未,水,土,辛,巳,金,火,False,False,0.00015039855645750396,2025-W20,2025-05
000858.SZ,2025-05-15,133.67,135.26,-0.011755,144944,1947912.221,乙巳,辛巳,甲申,4,2025,5,1,-0.011824776163412239,0,甲,申,木,金,辛,巳,金,火,False,False,0.016924914721721893,2025-W20,2025-05
000858.SZ,2025-05-16,131.08,133.67,-0.019376,173542,2288769.532,乙巳,辛巳,乙酉,5,2025,5,1,-0.019566252152767673,0,乙,酉,木,金,辛,巳,金,火,False,False,-0.011824776163412239,2025-W20,2025-05
000858.SZ,2025-05-19,129.3,131.08,-0.013579,237008,3062514.441,乙巳,辛巳,戊子,1,2025,5,1,-0.01367253805280203,0,戊,子,土,水,辛,巳,金,火,False,False,-0.019566252152767673,2025-W21,2025-05
000858.SZ,2025-05-20,129.13,129.3,-0.001315,159369,2058475.919,乙巳,辛巳,己丑,2,2025,5,1,-0.0013156369192516802,0,己,丑,土,土,辛,巳,金,火,False,False,-0.01367253805280203,2025-W21,2025-05
000858.SZ,2025-05-21,129.26,129.13,0.001007,141692,1832618.627,乙巳,辛巳,庚寅,3,2025,5,1,0.0010062309761891557,1,庚,寅,金,木,辛,巳,金,火,False,False,-0.0013156369192516802,2025-W21,2025-05
000858.SZ,2025-05-22,129.09,129.26,-0.001315,96054,1239750.922,乙巳,辛巳,辛卯,4,2025,5,1,-0.0013160443161313773,0,辛,卯,金,木,辛,巳,金,火,False,False,0.0010062309761891557,2025-W21,2025-05
000858.SZ,2025-05-23,128.15,129.09,-0.007282,150379,1937195.76,乙巳,辛巳,壬辰,5,2025,5,1,-0.007308382708537863,0,壬,辰,水,土,辛,巳,金,火,False,False,-0.0013160443161313773,2025-W21,2025-05
000858.SZ,2025-05-26,126.41,128.15,-0.013578,273615,3460707.609,乙巳,辛巳,乙未,1,2025,5,1,-0.013670860302613936,0,乙,未,木,土,辛,巳,金,火,False,False,-0.007308382708537863,2025-W22,2025-05
000858.SZ,2025-05-27,126.16,126.41,-0.001978,151268,1908812.014,乙巳,辛巳,丙申,2,2025,5,1,-0.0019796498526832773,0,丙,申,火,金,辛,巳,金,火,False,True,-0.013670860302613936,2025-W22,2025-05
000858.SZ,2025-05-28,126.92,126.16,0.006024,181384,2291200.545,乙巳,辛巳,丁酉,3,2025,5,1,0.006006024060211949,1,丁,酉,火,金,辛,巳,金,火,False,True,-0.0019796498526832773,2025-W22,2025-05
000858.SZ,2025-05-29,127.32,126.92,0.003152,160347,2036182.268,乙巳,辛巳,戊戌,4,2025,5,1,0.0031466356988971906,1,戊,戌,土,土,辛,巳,金,火,False,True,0.006006024060211949,2025-W22,2025-05
000858.SZ,2025-05-30,126.44,127.32,-0.006912,146827,1858195.533,乙巳,辛巳,己亥,5,2025,5,1,-0.006935715066475057,0,己,亥,土,水,辛,巳,金,火,False,True,0.0031466356988971906,2025-W22,2025-05
000858.SZ,2025-06-03,124.68,126.44,-0.01392,237482,2965933.456,乙巳,辛巳,癸卯,2,2025,6,1,-0.014017432448280555,0,癸,卯,水,木,辛,巳,金,火,True,False,-0.006935715066475057,2025-W23,2025-06
000858.SZ,2025-06-04,124.55,124.68,-0.001043,193503,2410315.627,乙巳,辛巳,甲辰,3,2025,6,1,-0.0010432131909469684,0,甲,辰,木,土,辛,巳,金,火,True,False,-0.014017432448280555,2025-W23,2025-06
000858.SZ,2025-06-05,125.03,124.55,0.003854,202312,2525601.313,乙巳,壬午,乙巳,4,2025,6,1,0.003846466798718923,1,乙,巳,木,火,壬,午,水,火,True,False,-0.0010432131909469684,2025-W23,2025-06
000858.SZ,2025-06-06,125.09,125.03,0.00048,118884,1488927.363,乙巳,壬午,丙午,5,2025,6,1,0.0004797697197415921,1,丙,午,火,火,壬,午,水,火,False,False,0.003846466798718923,2025-W23,2025-06
000858.SZ,2025-06-09,124.96,125.09,-0.001039,198429,2477799.331,乙巳,壬午,己酉,1,2025,6,1,-0.001039792135274234,0,己,酉,土,金,壬,午,水,火,False,False,0.0004797697197415921,2025-W24,2025-06
000858.SZ,2025-06-10,124.39,124.96,-0.004561,171052,2132365.672,乙巳,壬午,庚戌,2,2025,6,1,-0.00457189486950252,0,庚,戌,金,土,壬,午,水,火,False,False,-0.001039792135274234,2025-W24,2025-06
000858.SZ,2025-06-11,124.7,124.39,0.002492,145472,1816144.262,乙巳,壬午,辛亥,3,2025,6,1,0.002489061464117485,1,辛,亥,金,水,壬,午,水,火,False,False,-0.00457189486950252,2025-W24,2025-06
000858.SZ,2025-06-12,122.5,124.7,-0.017642,380659,4680660.152,乙巳,壬午,壬子,4,2025,6,1,-0.01779982270120912,0,壬,子,水,水,壬,午,水,火,False,False,0.002489061464117485,2025-W24,2025-06
000858.SZ,2025-06-13,119.12,122.5,-0.027592,366961,4395342.694,乙巳,壬午,癸丑,5,2025,6,1,-0.027979641609028036,0,癸,丑,水,土,壬,午,水,火,False,False,-0.01779982270120912,2025-W24,2025-06
000858.SZ,2025-06-16,118.27,119.12,-0.007136,271488,3192006.585,乙巳,壬午,丙辰,1,2025,6,1,-0.0071612421127280656,0,丙,辰,火,土,壬,午,水,火,False,False,-0.027979641609028036,2025-W25,2025-06
000858.SZ,2025-06-17,117.71,118.27,-0.004735,196502,2316678.38,乙巳,壬午,丁巳,2,2025,6,1,-0.004746173838636279,0,丁,巳,火,火,壬,午,水,火,False,False,-0.0071612421127280656,2025-W25,2025-06
000858.SZ,2025-06-18,118.33,117.71,0.005267,200490,2378709.214,乙巳,壬午,戊午,3,2025,6,1,0.005253358972078148,1,戊,午,土,火,壬,午,水,火,False,False,-0.004746173838636279,2025-W25,2025-06
000858.SZ,2025-06-19,117.28,118.33,-0.008873,163572,1926506.404,乙巳,壬午,己未,4,2025,6,1,-0.008913093258126071,0,己,未,土,土,壬,午,水,火,False,False,0.005253358972078148,2025-W25,2025-06
000858.SZ,2025-06-20,119.56,117.28,0.019441,296813,3536127.315,乙巳,壬午,庚申,5,2025,6,1,0.01925409927739577,1,庚,申,金,金,壬,午,水,火,False,False,-0.008913093258126071,2025-W25,2025-06
000858.SZ,2025-06-23,118.28,119.56,-0.010706,173386,2053039.386,乙巳,壬午,癸亥,1,2025,6,1,-0.010763642431460654,0,癸,亥,水,水,壬,午,水,火,False,False,0.01925409927739577,2025-W26,2025-06
000858.SZ,2025-06-24,119.75,118.28,0.012428,178957,2138966.777,乙巳,壬午,甲子,2,2025,6,1,0.012351541306748096,1,甲,子,木,水,壬,午,水,火,False,False,-0.010763642431460654,2025-W26,2025-06
000858.SZ,2025-06-25,120.18,119.75,0.003591,178647,2135738.739,乙巳,壬午,乙丑,3,2025,6,1,0.0035843826147572855,1,乙,丑,木,土,壬,午,水,火,False,False,0.012351541306748096,2025-W26,2025-06
000858.SZ,2025-06-26,119.73,120.18,-0.003744,166372,1997480.065,乙巳,壬午,丙寅,4,2025,6,1,-0.0037514111770296857,0,丙,寅,火,木,壬,午,水,火,False,True,0.0035843826147572855,2025-W26,2025-06
000858.SZ,2025-06-27,119.18,119.73,-0.004594,160215,1913691.952,乙巳,壬午,丁卯,5,2025,6,1,-0.004604252409919389,0,丁,卯,火,木,壬,午,水,火,False,True,-0.0037514111770296857,2025-W26,2025-06
000858.SZ,2025-06-30,118.9,119.18,-0.002349,223680,2660701.232,乙巳,壬午,庚午,1,2025,6,1,-0.002352151622096715,0,庚,午,金,火,壬,午,水,火,False,True,-0.004604252409919389,2025-W27,2025-06
000858.SZ,2025-07-01,118.63,118.9,-0.002271,122183,1449250.746,乙巳,壬午,辛未,2,2025,7,1,-0.002273398023724322,0,辛,未,金,土,壬,午,水,火,True,False,-0.002352151622096715,2025-W27,2025-07
000858.SZ,2025-07-02,119.18,118.63,0.004636,154476,1840968.96,乙巳,壬午,壬申,3,2025,7,1,0.004625549645820973,1,壬,申,水,金,壬,午,水,火,True,False,-0.002273398023724322,2025-W27,2025-07
000858.SZ,2025-07-03,119.62,119.18,0.003692,122430,1463537.87,乙巳,壬午,癸酉,4,2025,7,1,0.0036850962975780673,1,癸,酉,水,金,壬,午,水,火,True,False,0.004625549645820973,2025-W27,2025-07
000858.SZ,2025-07-04,120.39,119.62,0.006437,170679,2049279.008,乙巳,壬午,甲戌,5,2025,7,1,0.00641642133052396,1,甲,戌,木,土,壬,午,水,火,True,False,0.0036850962975780673,2025-W27,2025-07
000858.SZ,2025-07-07,119.91,120.39,-0.003987,85810,1030097.661,乙巳,癸未,丁丑,1,2025,7,1,-0.003995011555593272,0,丁,丑,火,土,癸,未,水,土,False,False,0.00641642133052396,2025-W28,2025-07
000858.SZ,2025-07-08,120.78,119.91,0.007255,116631,1404970.363,乙巳,癸未,戊寅,2,2025,7,1,0.007229247488413234,1,戊,寅,土,木,癸,未,水,土,False,False,-0.003995011555593272,2025-W28,2025-07
000858.SZ,2025-07-09,121.6,120.78,0.006789,203495,2482658.941,乙巳,癸未,己卯,3,2025,7,1,0.0067662606523113495,1,己,卯,土,木,癸,未,水,土,False,False,0.007229247488413234,2025-W28,2025-07
000858.SZ,2025-07-10,122.58,121.6,0.008059,162716,1983620.004,乙巳,癸未,庚辰,4,2025,7,1,0.008026908525519022,1,庚,辰,金,土,癸,未,水,土,False,False,0.0067662606523113495,2025-W28,2025-07
000858.SZ,2025-07-11,124.3,122.58,0.014032,287189,3562808.114,乙巳,癸未,辛巳,5,2025,7,1,0.01393412045907965,1,辛,巳,金,火,癸,未,水,土,False,False,0.008026908525519022,2025-W28,2025-07
000858.SZ,2025-07-14,125.41,124.3,0.00893,219139,2734366.851,乙巳,癸未,甲申,1,2025,7,1,0.008890371319292949,1,甲,申,木,金,癸,未,水,土,False,False,0.01393412045907965,2025-W29,2025-07
000858.SZ,2025-07-15,125.0,125.41,-0.003269,193328,2415360.2,乙巳,癸未,乙酉,2,2025,7,1,-0.0032746325336572815,0,乙,酉,木,金,癸,未,水,土,False,False,0.008890371319292949,2025-W29,2025-07
000858.SZ,2025-07-16,125.28,125.0,0.00224,178699,2237883.046,乙巳,癸未,丙戌,3,2025,7,1,0.002237494940191867,1,丙,戌,火,土,癸,未,水,土,False,False,-0.0032746325336572815,2025-W29,2025-07
000858.SZ,2025-07-17,125.82,125.28,0.00431,172998,2171582.212,乙巳,癸未,丁亥,4,2025,7,1,0.0043010818993904805,1,丁,亥,火,水,癸,未,水,土,False,False,0.002237494940191867,2025-W29,2025-07
000858.SZ,2025-07-18,123.78,122.65,0.009213,210208,2597764.485,乙巳,癸未,戊子,5,2025,7,1,0.009171025606717016,1,戊,子,土,水,癸,未,水,土,False,False,0.0043010818993904805,2025-W29,2025-07
000858.SZ,2025-07-21,122.56,123.78,-0.009856,187784,2304021.397,乙巳,癸未,辛卯,1,2025,7,1,-0.009905090318934292,0,辛,卯,金,木,癸,未,水,土,False,False,0.009171025606717016,2025-W30,2025-07
000858.SZ,2025-07-22,125.53,122.56,0.024233,303771,3784887.03,乙巳,癸未,壬辰,2,2025,7,1,0.023944067837835946,1,壬,辰,水,土,癸,未,水,土,False,False,-0.009905090318934292,2025-W30,2025-07
000858.SZ,2025-07-23,125.2,125.53,-0.002629,229067,2887980.079,乙巳,癸未,癸巳,3,2025,7,1,-0.0026323151641189195,0,癸,巳,水,火,癸,未,水,土,False,False,0.023944067837835946,2025-W30,2025-07
000858.SZ,2025-07-24,125.55,125.2,0.002796,156012,1955643.592,乙巳,癸未,甲午,4,2025,7,1,0.0027916269375957508,1,甲,午,木,火,癸,未,水,土,False,False,-0.0026323151641189195,2025-W30,2025-07
000858.SZ,2025-07-25,123.54,125.55,-0.01601,184006,2284994.445,乙巳,癸未,乙未,5,2025,7,1,-0.016139095335840896,0,乙,未,木,土,癸,未,水,土,False,False,0.0027916269375957508,2025-W30,2025-07
000858.SZ,2025-07-28,124.06,123.54,0.004209,178511,2196293.738,乙巳,癸未,戊戌,1,2025,7,1,0.004200329277218314,1,戊,戌,土,土,癸,未,水,土,False,True,-0.016139095335840896,2025-W31,2025-07
000858.SZ,2025-07-29,123.52,124.06,-0.004353,185150,2276717.869,乙巳,癸未,己亥,2,2025,7,1,-0.004362233268505486,0,己,亥,土,水,癸,未,水,土,False,True,0.004200329277218314,2025-W31,2025-07
000858.SZ,2025-07-30,124.52,123.52,0.008096,224124,2789922.636,乙巳,癸未,庚子,3,2025,7,1,0.008063259296941407,1,庚,子,金,水,癸,未,水,土,False,True,-0.004362233268505486,2025-W31,2025-07
000858.SZ,2025-07-31,121.15,124.52,-0.027064,304687,3717607.979,乙巳,癸未,辛丑,4,2025,7,1,-0.02743689831087263,0,辛,丑,金,土,癸,未,水,土,False,True,0.008063259296941407,2025-W31,2025-07
000858.SZ,2025-08-01,121.0,121.15,-0.001238,123225,1491109.255,乙巳,癸未,壬寅,5,2025,8,1,-0.0012389016657937024,0,壬,寅,水,木,癸,未,水,土,True,False,-0.02743689831087263,2025-W31,2025-08
000858.SZ,2025-08-04,120.92,121.0,-0.000661,85933,1038364.798,乙巳,癸未,乙巳,1,2025,8,1,-0.0006613756854838094,0,乙,巳,木,火,癸,未,水,土,True,False,-0.0012389016657937024,2025-W32,2025-08
000858.SZ,2025-08-05,121.95,120.92,0.008518,139445,1698256.512,乙巳,癸未,丙午,2,2025,8,1,0.008481954750672042,1,丙,午,火,火,癸,未,水,土,True,False,-0.0006613756854838094,2025-W32,2025-08
000858.SZ,2025-08-06,122.16,121.95,0.001722,119683,1460865.583,乙巳,癸未,丁未,3,2025,8,1,0.0017205362484476816,1,丁,未,火,土,癸,未,水,土,False,False,0.008481954750672042,2025-W32,2025-08
000858.SZ,2025-08-07,122.55,122.16,0.003193,115702,1419842.885,乙巳,甲申,戊申,4,2025,8,1,0.0031874490637445207,1,戊,申,土,金,甲,申,木,金,False,False,0.0017205362484476816,2025-W32,2025-08
000858.SZ,2025-08-08,122.22,122.55,-0.002693,82425,1008572.356,乙巳,甲申,己酉,5,2025,8,1,-0.0026964105073520634,0,己,酉,土,金,甲,申,木,金,False,False,0.0031874490637445207,2025-W32,2025-08
000858.SZ,2025-08-11,123.94,122.22,0.014073,182660,2257903.784,乙巳,甲申,壬子,1,2025,8,1,0.013974878067191924,1,壬,子,水,水,甲,申,木,金,False,False,-0.0026964105073520634,2025-W33,2025-08
000858.SZ,2025-08-12,123.19,123.94,-0.006051,211373,2625229.654,乙巳,甲申,癸丑,2,2025,8,1,-0.006069698560078687,0,癸,丑,水,土,甲,申,木,金,False,False,0.013974878067191924,2025-W33,2025-08
000858.SZ,2025-08-13,123.19,123.19,0.0,155822,1916294.686,乙巳,甲申,甲寅,3,2025,8,1,0.0,0,甲,寅,木,木,甲,申,木,金,False,False,-0.006069698560078687,2025-W33,2025-08
000858.SZ,2025-08-14,122.84,123.19,-0.002841,199063,2461442.362,乙巳,甲申,乙卯,4,2025,8,1,-0.002845183401261045,0,乙,卯,木,木,甲,申,木,金,False,False,0.0,2025-W33,2025-08
000858.SZ,2025-08-15,123.1,122.84,0.002117,193943,2376497.642,乙巳,甲申,丙辰,5,2025,8,1,0.002114337617786162,1,丙,辰,火,土,甲,申,木,金,False,False,-0.002845183401261045,2025-W33,2025-08
000858.SZ,2025-08-18,123.75,123.1,0.00528,255301,3163846.038,乙巳,甲申,己未,1,2025,8,1,0.0052663682583918535,1,己,未,土,土,甲,申,木,金,False,False,0.002114337617786162,2025-W34,2025-08
000858.SZ,2025-08-19,124.41,123.75,0.005333,327241,4087820.978,乙巳,甲申,庚申,2,2025,8,1,0.005319161477600027,1,庚,申,金,金,甲,申,木,金,False,False,0.0052663682583918535,2025-W34,2025-08
000858.SZ,2025-08-20,125.78,124.41,0.011012,404310,5083056.591,乙巳,甲申,辛酉,3,2025,8,1,0.010951786188957799,1,辛,酉,金,金,甲,申,木,金,False,False,0.005319161477600027,2025-W34,2025-08
000858.SZ,2025-08-21,125.45,125.78,-0.002624,231894,2908492.491,乙巳,甲申,壬戌,4,2025,8,1,-0.002627076302925971,0,壬,戌,水,土,甲,申,木,金,False,False,0.010951786188957799,2025-W34,2025-08
000858.SZ,2025-08-22,125.79,125.45,0.00271,204849,2567683.361,乙巳,甲申,癸亥,5,2025,8,1,0.0027065770383497743,1,癸,亥,水,水,甲,申,木,金,False,False,-0.002627076302925971,2025-W34,2025-08
000858.SZ,2025-08-25,129.93,125.79,0.032912,479800,6165955.081,乙巳,甲申,丙寅,1,2025,8,1,0.032381994043864076,1,丙,寅,火,木,甲,申,木,金,False,False,0.0027065770383497743,2025-W35,2025-08
000858.SZ,2025-08-26,129.74,129.93,-0.001462,349794,4552425.053,乙巳,甲申,丁卯,2,2025,8,1,-0.0014633961097356445,0,丁,卯,火,木,甲,申,木,金,False,False,0.032381994043864076,2025-W35,2025-08
000858.SZ,2025-08-27,126.62,129.74,-0.024048,346847,4441325.744,乙巳,甲申,戊辰,3,2025,8,1,-0.0243419726689289,0,戊,辰,土,土,甲,申,木,金,False,True,-0.0014633961097356445,2025-W35,2025-08
000858.SZ,2025-08-28,125.47,126.62,-0.009082,345834,4340085.829,乙巳,甲申,己巳,4,2025,8,1,-0.00912378894437211,0,己,巳,土,火,甲,申,木,金,False,True,-0.0243419726689289,2025-W35,2025-08
000858.SZ,2025-08-29,129.53,125.47,0.032358,435250,5610236.643,乙巳,甲申,庚午,5,2025,8,1,0.031845828370556196,1,庚,午,金,火,甲,申,木,金,False,True,-0.00912378894437211,2025-W35,2025-08
000858.SZ,2025-09-01,128.87,129.53,-0.005095,316941,4074402.941,乙巳,甲申,癸酉,1,2025,9,1,-0.005108370241864836,0,癸,酉,水,金,甲,申,木,金,True,False,0.031845828370556196,2025-W36,2025-09
000858.SZ,2025-09-02,128.56,128.87,-0.002406,349161,4522779.365,乙巳,甲申,甲戌,2,2025,9,1,-0.002408422871042708,0,甲,戌,木,土,甲,申,木,金,True,False,-0.005108370241864836,2025-W36,2025-09
000858.SZ,2025-09-03,126.62,128.56,-0.01509,302863,3883434.402,乙巳,甲申,乙亥,3,2025,9,1,-0.015205246313276624,0,乙,亥,木,水,甲,申,木,金,True,False,-0.002408422871042708,2025-W36,2025-09
000858.SZ,2025-09-04,125.51,126.62,-0.008766,261873,3286629.625,乙巳,甲申,丙子,4,2025,9,1,-0.008805038443625656,0,丙,子,火,水,甲,申,木,金,True,False,-0.015205246313276624,2025-W36,2025-09
000858.SZ,2025-09-05,126.81,125.51,0.010358,201733,2537085.185,乙巳,甲申,丁丑,5,2025,9,1,0.010304466574453294,1,丁,丑,火,土,甲,申,木,金,True,False,-0.008805038443625656,2025-W36,2025-09
000858.SZ,2025-09-08,129.09,126.81,0.01798,305363,3923785.754,乙巳,乙酉,庚辰,1,2025,9,1,0.017819932271809783,1,庚,辰,金,土,乙,酉,木,金,False,False,0.010304466574453294,2025-W37,2025-09
000858.SZ,2025-09-09,128.8,129.09,-0.002246,184406,2368186.108,乙巳,乙酉,辛巳,2,2025,9,1,-0.002249021848364707,0,辛,巳,金,火,乙,酉,木,金,False,False,0.017819932271809783,2025-W37,2025-09
000858.SZ,2025-09-10,128.06,128.8,-0.005745,199644,2565580.225,乙巳,乙酉,壬午,3,2025,9,1,-0.0057619095795972,0,壬,午,水,火,乙,酉,木,金,False,False,-0.002249021848364707,2025-W37,2025-09
000858.SZ,2025-09-11,128.52,128.06,0.003592,229973,2932816.233,乙巳,乙酉,癸未,4,2025,9,1,0.0035856301570016324,1,癸,未,水,土,乙,酉,木,金,False,False,-0.0057619095795972,2025-W37,2025-09
000858.SZ,2025-09-12,127.19,128.52,-0.010349,262703,3359522.974,乙巳,乙酉,甲申,5,2025,9,1,-0.010402502784264701,0,甲,申,木,金,乙,酉,木,金,False,False,0.0035856301570016324,2025-W37,2025-09
000858.SZ,2025-09-15,126.65,127.19,-0.004246,166569,2109473.46,乙巳,乙酉,丁亥,1,2025,9,1,-0.0042546550157087975,0,丁,亥,火,水,乙,酉,木,金,False,False,-0.010402502784264701,2025-W38,2025-09
000858.SZ,2025-09-16,125.8,126.65,-0.006711,191086,2405374.663,乙巳,乙酉,戊子,2,2025,9,1,-0.00673403218134418,0,戊,子,土,水,乙,酉,木,金,False,False,-0.0042546550157087975,2025-W38,2025-09
000858.SZ,2025-09-17,125.96,125.8,0.001272,181336,2276167.36,乙巳,乙酉,己丑,3,2025,9,1,0.001271051966483617,1,己,丑,土,土,乙,酉,木,金,False,False,-0.00673403218134418,2025-W38,2025-09
000858.SZ,2025-09-18,123.94,125.96,-0.016037,275477,3434002.463,乙巳,乙酉,庚寅,4,2025,9,1,-0.016166818698862436,0,庚,寅,金,木,乙,酉,木,金,False,False,0.001271051966483617,2025-W38,2025-09
000858.SZ,2025-09-19,124.08,123.94,0.00113,196688,2431126.956,乙巳,乙酉,辛卯,5,2025,9,1,0.0011289413343218873,1,辛,卯,金,木,乙,酉,木,金,False,False,-0.016166818698862436,2025-W38,2025-09
000858.SZ,2025-09-22,122.5,124.08,-0.012734,196433,2412049.779,乙巳,乙酉,甲午,1,2025,9,1,-0.012815488883501668,0,甲,午,木,火,乙,酉,木,金,False,False,0.0011289413343218873,2025-W39,2025-09
000858.SZ,2025-09-23,122.19,122.5,-0.002531,172079,2101237.749,乙巳,乙酉,乙未,2,2025,9,1,-0.002533819656350736,0,乙,未,木,土,乙,酉,木,金,False,False,-0.012815488883501668,2025-W39,2025-09
000858.SZ,2025-09-24,122.37,122.19,0.001473,130564,1597546.879,乙巳,乙酉,丙申,3,2025,9,1,0.001472031669145915,1,丙,申,火,金,乙,酉,木,金,False,False,-0.002533819656350736,2025-W39,2025-09
000858.SZ,2025-09-25,121.52,122.37,-0.006946,194554,2371492.767,乙巳,乙酉,丁酉,4,2025,9,1,-0.0069703837100593856,0,丁,酉,火,金,乙,酉,木,金,False,False,0.001472031669145915,2025-W39,2025-09
000858.SZ,2025-09-26,120.17,121.52,-0.011109,261925,3154953.964,乙巳,乙酉,戊戌,5,2025,9,1,-0.011171451364308966,0,戊,戌,土,土,乙,酉,木,金,False,True,-0.0069703837100593856,2025-W39,2025-09
000858.SZ,2025-09-29,121.92,120.17,0.014563,256357,3105049.104,乙巳,乙酉,辛丑,1,2025,9,1,0.014457685015127801,1,辛,丑,金,土,乙,酉,木,金,False,True,-0.011171451364308966,2025-W40,2025-09
000858.SZ,2025-09-30,121.48,121.92,-0.003609,154570,1875945.187,乙巳,乙酉,壬寅,2,2025,9,1,-0.003615451760788082,0,壬,寅,水,木,乙,酉,木,金,False,True,0.014457685015127801,2025-W40,2025-09
000858.SZ,2025-10-09,121.16,121.48,-0.002634,203756,2455273.213,乙巳,丙戌,辛亥,4,2025,10,1,-0.0026376540185115305,0,辛,亥,金,水,丙,戌,火,土,False,False,-0.003615451760788082,2025-W41,2025-10
000858.SZ,2025-10-10,120.73,121.16,-0.003549,175359,2126979.085,乙巳,丙戌,壬子,5,2025,10,1,-0.0035553388147404807,0,壬,子,水,水,丙,戌,火,土,False,False,-0.0026376540185115305,2025-W41,2025-10
000858.SZ,2025-10-13,119.85,120.73,-0.007289,195834,2345294.276,乙巳,丙戌,乙卯,1,2025,10,1,-0.0073156864639027175,0,乙,卯,木,木,丙,戌,火,土,False,False,-0.0035553388147404807,2025-W42,2025-10
000858.SZ,2025-10-14,122.07,119.85,0.018523,291655,3543893.434,乙巳,丙戌,丙辰,2,2025,10,1,0.01835368980131486,1,丙,辰,火,土,丙,戌,火,土,False,False,-0.0073156864639027175,2025-W42,2025-10
000858.SZ,2025-10-15,122.07,122.07,0.0,194595,2371853.783,乙巳,丙戌,丁巳,3,2025,10,1,0.0,0,丁,巳,火,火,丙,戌,火,土,False,False,0.01835368980131486,2025-W42,2025-10
000858.SZ,2025-10-16,122.74,122.07,0.005489,198478,2427170.002,乙巳,丙戌,戊午,4,2025,10,1,0.00547364627924274,1,戊,午,土,火,丙,戌,火,土,False,False,0.0,2025-W42,2025-10
000858.SZ,2025-10-17,121.07,122.74,-0.013606,180407,2197211.376,乙巳,丙戌,己未,5,2025,10,1,-0.013699406241301993,0,己,未,土,土,丙,戌,火,土,False,False,0.00547364627924274,2025-W42,2025-10
000858.SZ,2025-10-20,120.46,121.07,-0.005038,131644,1589202.775,乙巳,丙戌,壬戌,1,2025,10,1,-0.005051143104073919,0,壬,戌,水,土,丙,戌,火,土,False,False,-0.013699406241301993,2025-W43,2025-10
000858.SZ,2025-10-21,120.52,120.46,0.000498,147293,1780274.211,乙巳,丙戌,癸亥,2,2025,10,1,0.0004979666465254437,1,癸,亥,水,水,丙,戌,火,土,False,False,-0.005051143104073919,2025-W43,2025-10
000858.SZ,2025-10-22,120.1,120.52,-0.003485,127826,1536553.8,乙巳,丙戌,甲子,3,2025,10,1,-0.003490985176162676,0,甲,子,木,水,丙,戌,火,土,False,False,0.0004979666465254437,2025-W43,2025-10
000858.SZ,2025-10-23,121.33,120.1,0.010241,155718,1879432.996,乙巳,丙戌,乙丑,4,2025,10,1,0.010189376977843792,1,乙,丑,木,土,丙,戌,火,土,False,False,-0.003490985176162676,2025-W43,2025-10
000858.SZ,2025-10-24,120.29,121.33,-0.008572,174322,2099912.711,乙巳,丙戌,丙寅,5,2025,10,1,-0.00860861205780041,0,丙,寅,火,木,丙,戌,火,土,False,False,0.010189376977843792,2025-W43,2025-10
000858.SZ,2025-10-27,120.29,120.29,0.0,143943,1729967.257,乙巳,丙戌,己巳,1,2025,10,1,0.0,0,己,巳,土,火,丙,戌,火,土,False,True,-0.00860861205780041,2025-W44,2025-10
000858.SZ,2025-10-28,120.1,120.29,-0.00158,140194,1686492.048,乙巳,丙戌,庚午,2,2025,10,1,-0.001580764920043517,0,庚,午,金,火,丙,戌,火,土,False,True,0.0,2025-W44,2025-10
000858.SZ,2025-10-29,118.83,120.1,-0.010575,245082,2910549.08,乙巳,丙戌,辛未,3,2025,10,1,-0.010630828784002877,0,辛,未,金,土,丙,戌,火,土,False,True,-0.001580764920043517,2025-W44,2025-10
000858.SZ,2025-10-30,118.47,118.83,-0.00303,204329,2423170.734,乙巳,丙戌,壬申,4,2025,10,1,-0.0030341363352672244,0,壬,申,水,金,丙,戌,火,土,False,True,-0.010630828784002877,2025-W44,2025-10
000858.SZ,2025-10-31,118.99,118.47,0.004389,421077,4986642.237,乙巳,丙戌,癸酉,5,2025,10,1,0.004379692000394242,1,癸,酉,水,金,丙,戌,火,土,False,True,-0.0030341363352672244,2025-W44,2025-10
000858.SZ,2025-11-03,118.98,118.99,-8.4e-05,223270,2646147.018,乙巳,丙戌,丙子,1,2025,11,1,-8.404420730235535e-05,0,丙,子,火,水,丙,戌,火,土,True,False,0.004379692000394242,2025-W45,2025-11
000858.SZ,2025-11-04,117.16,118.98,-0.015297,172733,2034069.113,乙巳,丙戌,丁丑,2,2025,11,1,-0.015414889800226995,0,丁,丑,火,土,丙,戌,火,土,True,False,-8.404420730235535e-05,2025-W45,2025-11
000858.SZ,2025-11-05,116.18,117.16,-0.008365,164630,1915561.293,乙巳,丙戌,戊寅,3,2025,11,1,-0.008399809395146193,0,戊,寅,土,木,丙,戌,火,土,True,False,-0.015414889800226995,2025-W45,2025-11
000858.SZ,2025-11-06,116.17,116.18,-8.6e-05,154673,1803321.902,乙巳,丙戌,己卯,4,2025,11,1,-8.607703900310337e-05,0,己,卯,土,木,丙,戌,火,土,False,False,-0.008399809395146193,2025-W45,2025-11
000858.SZ,2025-11-07,116.75,116.17,0.004993,145435,1694831.993,乙巳,丁亥,庚辰,5,2025,11,1,0.004980261023623316,1,庚,辰,金,土,丁,亥,火,水,False,False,-8.607703900310337e-05,2025-W45,2025-11
000858.SZ,2025-11-10,120.8,116.75,0.03469,429064,5132402.569,乙巳,丁亥,癸未,1,2025,11,1,0.03410138895170792,1,癸,未,水,土,丁,亥,火,水,False,False,0.004980261023623316,2025-W46,2025-11
000858.SZ,2025-11-11,120.78,120.8,-0.000166,229267,2754670.11,乙巳,丁亥,甲申,2,2025,11,1,-0.00016557662095940693,0,甲,申,木,金,丁,亥,火,水,False,False,0.03410138895170792,2025-W46,2025-11
000858.SZ,2025-11-12,120.38,120.78,-0.003312,222544,2700551.157,乙巳,丁亥,乙酉,3,2025,11,1,-0.003317302760130376,0,乙,酉,木,金,丁,亥,火,水,False,False,-0.00016557662095940693,2025-W46,2025-11
000858.SZ,2025-11-13,121.2,120.38,0.006812,160022,1928439.961,乙巳,丁亥,丙戌,4,2025,11,1,0.006788667515589323,1,丙,戌,火,土,丁,亥,火,水,False,False,-0.003317302760130376,2025-W46,2025-11
000858.SZ,2025-11-14,120.21,121.2,-0.008168,139243,1683294.872,乙巳,丁亥,丁亥,5,2025,11,1,-0.008201860319051317,0,丁,亥,火,水,丁,亥,火,水,False,False,0.006788667515589323,2025-W46,2025-11
000858.SZ,2025-11-17,120.15,120.21,-0.000499,117387,1406740.312,乙巳,丁亥,庚寅,1,2025,11,1,-0.0004992511336848329,0,庚,寅,金,木,丁,亥,火,水,False,False,-0.008201860319051317,2025-W47,2025-11
000858.SZ,2025-11-18,120.36,120.15,0.001748,147668,1784778.982,乙巳,丁亥,辛卯,2,2025,11,1,0.0017462895793666027,1,辛,卯,金,木,丁,亥,火,水,False,False,-0.0004992511336848329,2025-W47,2025-11
000858.SZ,2025-11-19,119.89,120.36,-0.003905,95149,1142098.879,乙巳,丁亥,壬辰,3,2025,11,1,-0.003912596042282216,0,壬,辰,水,土,丁,亥,火,水,False,False,0.0017462895793666027,2025-W47,2025-11
000858.SZ,2025-11-20,120.25,119.89,0.003003,158258,1909518.433,乙巳,丁亥,癸巳,4,2025,11,1,0.0029982532663082855,1,癸,巳,水,火,丁,亥,火,水,False,False,-0.003912596042282216,2025-W47,2025-11
000858.SZ,2025-11-21,119.68,120.25,-0.00474,205071,2468277.644,乙巳,丁亥,甲午,5,2025,11,1,-0.004751394759703349,0,甲,午,木,火,丁,亥,火,水,False,False,0.0029982532663082855,2025-W47,2025-11
000858.SZ,2025-11-24,118.52,119.68,-0.009693,173010,2066246.186,乙巳,丁亥,丁酉,1,2025,11,1,-0.009739791520802689,0,丁,酉,火,金,丁,亥,火,水,False,False,-0.004751394759703349,2025-W48,2025-11
000858.SZ,2025-11-25,118.51,118.52,-8.4e-05,146608,1735233.69,乙巳,丁亥,戊戌,2,2025,11,1,-8.437750500712242e-05,0,戊,戌,土,土,丁,亥,火,水,False,False,-0.009739791520802689,2025-W48,2025-11
000858.SZ,2025-11-26,118.26,118.51,-0.00211,91697,1085069.921,乙巳,丁亥,己亥,3,2025,11,1,-0.00211175480767341,0,己,亥,土,水,丁,亥,火,水,False,True,-8.437750500712242e-05,2025-W48,2025-11
000858.SZ,2025-11-27,117.94,118.26,-0.002706,92156,1087246.956,乙巳,丁亥,庚子,4,2025,11,1,-0.0027095698203258717,0,庚,子,金,水,丁,亥,火,水,False,True,-0.00211175480767341,2025-W48,2025-11
000858.SZ,2025-11-28,117.85,117.94,-0.000763,80296,945107.391,乙巳,丁亥,辛丑,5,2025,11,1,-0.0007633911902180176,0,辛,丑,金,土,丁,亥,火,水,False,True,-0.0027095698203258717,2025-W48,2025-11
000858.SZ,2025-12-01,117.65,117.85,-0.001697,120912,1422932.7,乙巳,丁亥,甲辰,1,2025,12,1,-0.001698514208768533,0,甲,辰,木,土,丁,亥,火,水,True,False,-0.0007633911902180176,2025-W49,2025-12
000858.SZ,2025-12-02,116.57,117.65,-0.00918,124928,1461213.467,乙巳,丁亥,乙巳,2,2025,12,1,-0.009222164241630621,0,乙,巳,木,火,丁,亥,火,水,True,False,-0.001698514208768533,2025-W49,2025-12
000858.SZ,2025-12-03,115.6,116.57,-0.008321,165871,1923087.546,乙巳,丁亥,丙午,3,2025,12,1,-0.008355994693463934,0,丙,午,火,火,丁,亥,火,水,True,False,-0.009222164241630621,2025-W49,2025-12
000858.SZ,2025-12-04,114.45,115.6,-0.009948,169291,1940544.885,乙巳,丁亥,丁未,4,2025,12,1,-0.00999790983970135,0,丁,未,火,土,丁,亥,火,水,True,False,-0.008355994693463934,2025-W49,2025-12
000858.SZ,2025-12-05,114.96,114.45,0.004456,117681,1351054.927,乙巳,丁亥,戊申,5,2025,12,1,0.004446195372193776,1,戊,申,土,金,丁,亥,火,水,True,False,-0.00999790983970135,2025-W49,2025-12
000858.SZ,2025-12-08,113.27,114.96,-0.014701,276978,3157374.147,乙巳,戊子,辛亥,1,2025,12,1,-0.014809892558147304,0,辛,亥,金,水,戊,子,土,水,False,False,0.004446195372193776,2025-W50,2025-12
000858.SZ,2025-12-09,110.88,113.27,-0.0211,304310,3390789.037,乙巳,戊子,壬子,2,2025,12,1,-0.021325813771029108,0,壬,子,水,水,戊,子,土,水,False,False,-0.014809892558147304,2025-W50,2025-12
000858.SZ,2025-12-10,111.62,110.88,0.006674,178695,1984146.058,乙巳,戊子,癸丑,3,2025,12,1,0.006651709918694569,1,癸,丑,水,土,戊,子,土,水,False,False,-0.021325813771029108,2025-W50,2025-12
000858.SZ,2025-12-11,111.9,111.62,0.002509,157884,1772255.902,乙巳,戊子,甲寅,4,2025,12,1,0.0025053699575921314,1,甲,寅,木,木,戊,子,土,水,False,False,0.006651709918694569,2025-W50,2025-12
000858.SZ,2025-12-12,111.6,111.9,-0.002681,257022,2889348.467,乙巳,戊子,乙卯,5,2025,12,1,-0.002684565370669098,0,乙,卯,木,木,戊,子,土,水,False,False,0.0025053699575921314,2025-W50,2025-12
000858.SZ,2025-12-15,112.45,111.6,0.007616,215686,2429077.63,乙巳,戊子,戊午,1,2025,12,1,0.007587628458114156,1,戊,午,土,火,戊,子,土,水,False,False,-0.002684565370669098,2025-W51,2025-12
000858.SZ,2025-12-16,113.0,112.45,0.004891,145067,1631458.612,乙巳,戊子,己未,2,2025,12,1,0.004879140307015855,1,己,未,土,土,戊,子,土,水,False,False,0.007587628458114156,2025-W51,2025-12
000858.SZ,2025-12-17,113.4,113.0,0.00354,153140,1732389.486,乙巳,戊子,庚申,3,2025,12,1,0.0035335725813112656,1,庚,申,金,金,戊,子,土,水,False,False,0.004879140307015855,2025-W51,2025-12
000858.SZ,2025-12-18,110.43,110.82,-0.003519,124628,1379153.25,乙巳,戊子,辛酉,4,2025,12,1,-0.0035254273801640155,0,辛,酉,金,金,戊,子,土,水,False,False,0.0035335725813112656,2025-W51,2025-12
000858.SZ,2025-12-19,110.53,110.43,0.000906,138187,1526045.351,乙巳,戊子,壬戌,5,2025,12,1,0.0009051412638245923,1,壬,戌,水,土,戊,子,土,水,False,False,-0.0035254273801640155,2025-W51,2025-12
000858.SZ,2025-12-22,110.33,110.53,-0.001809,108464,1197376.767,乙巳,戊子,乙丑,1,2025,12,1,-0.0018111025506493844,0,乙,丑,木,土,戊,子,土,水,False,False,0.0009051412638245923,2025-W52,2025-12
000858.SZ,2025-12-23,109.72,110.33,-0.005529,113540,1248444.948,乙巳,戊子,丙寅,2,2025,12,1,-0.0055442087028122235,0,丙,寅,火,木,戊,子,土,水,False,False,-0.0018111025506493844,2025-W52,2025-12
000858.SZ,2025-12-24,109.28,109.72,-0.00401,117904,1286401.444,乙巳,戊子,丁卯,3,2025,12,1,-0.0040182702469224885,0,丁,卯,火,木,戊,子,土,水,False,False,-0.0055442087028122235,2025-W52,2025-12
000858.SZ,2025-12-25,110.6,109.28,0.012079,125708,1385101.983,乙巳,戊子,戊辰,4,2025,12,1,0.012006693265754471,1,戊,辰,土,土,戊,子,土,水,False,False,-0.0040182702469224885,2025-W52,2025-12
000858.SZ,2025-12-26,109.78,110.6,-0.007414,114758,1261539.56,乙巳,戊子,己巳,5,2025,12,1,-0.007441725966491266,0,己,巳,土,火,戊,子,土,水,False,False,0.012006693265754471,2025-W52,2025-12
000858.SZ,2025-12-29,108.06,109.78,-0.015668,195452,2119598.416,乙巳,戊子,壬申,1,2025,12,1,-0.015791734705823374,0,壬,申,水,金,戊,子,土,水,False,True,-0.007441725966491266,2026-W01,2025-12
000858.SZ,2025-12-30,107.36,108.06,-0.006478,158470,1700875.914,乙巳,戊子,癸酉,2,2025,12,1,-0.006498955192548043,0,癸,酉,水,金,戊,子,土,水,False,True,-0.015791734705823374,2026-W01,2025-12
000858.SZ,2025-12-31,105.94,107.36,-0.013227,208676,2214652.658,乙巳,戊子,甲戌,3,2025,12,1,-0.013314777106991079,0,甲,戌,木,土,戊,子,土,水,False,True,-0.006498955192548043,2026-W01,2025-12
000858.SZ,2026-01-05,107.9,105.94,0.018501,222668,2390973.424,乙巳,己丑,己卯,1,2026,1,1,0.01833197614770849,1,己,卯,土,木,己,丑,土,土,True,False,-0.013314777106991079,2026-W02,2026-01
000858.SZ,2026-01-06,108.17,107.9,0.002502,186232,2006335.25,乙巳,己丑,庚辰,2,2026,1,1,0.0024991913781092934,1,庚,辰,金,土,己,丑,土,土,False,False,0.01833197614770849,2026-W02,2026-01
000858.SZ,2026-01-07,107.52,108.17,-0.006009,123091,1326159.416,乙巳,己丑,辛巳,3,2026,1,1,-0.006027186867358822,0,辛,巳,金,火,己,丑,土,土,False,False,0.0024991913781092934,2026-W02,2026-01
000858.SZ,2026-01-08,106.9,107.52,-0.005766,129121,1379204.589,乙巳,己丑,壬午,4,2026,1,1,-0.005783058743839781,0,壬,午,水,火,己,丑,土,土,False,False,-0.006027186867358822,2026-W02,2026-01
000858.SZ,2026-01-09,107.14,106.9,0.002245,160749,1727812.911,乙巳,己丑,癸未,5,2026,1,1,0.0022425724218146366,1,癸,未,水,土,己,丑,土,土,False,False,-0.005783058743839781,2026-W02,2026-01
000858.SZ,2026-01-12,108.55,107.14,0.01316,233356,2526732.764,乙巳,己丑,丙戌,1,2026,1,1,0.013074505871486624,1,丙,戌,火,土,己,丑,土,土,False,False,0.0022425724218146366,2026-W03,2026-01
000858.SZ,2026-01-13,108.0,108.55,-0.005067,197373,2140822.643,乙巳,己丑,丁亥,2,2026,1,1,-0.005079669200081094,0,丁,亥,火,水,己,丑,土,土,False,False,0.013074505871486624,2026-W03,2026-01
000858.SZ,2026-01-14,107.04,108.0,-0.008889,225608,2430589.61,乙巳,己丑,戊子,3,2026,1,1,-0.008928630744301318,0,戊,子,土,水,己,丑,土,土,False,False,-0.005079669200081094,2026-W03,2026-01
000858.SZ,2026-01-15,106.09,107.04,-0.008875,162928,1733698.629,乙巳,己丑,己丑,4,2026,1,1,-0.008914805908738223,0,己,丑,土,土,己,丑,土,土,False,False,-0.008928630744301318,2026-W03,2026-01
000858.SZ,2026-01-16,105.16,106.09,-0.008766,198709,2096582.184,乙巳,己丑,庚寅,5,2026,1,1,-0.00880479060949976,0,庚,寅,金,木,己,丑,土,土,False,False,-0.008914805908738223,2026-W03,2026-01
000858.SZ,2026-01-19,104.55,105.16,-0.005801,182298,1908481.791,乙巳,己丑,癸巳,1,2026,1,1,-0.005817573987037929,0,癸,巳,水,火,己,丑,土,土,False,False,-0.00880479060949976,2026-W04,2026-01
000858.SZ,2026-01-20,104.91,104.55,0.003443,172816,1813980.705,乙巳,己丑,甲午,2,2026,1,1,0.0034374138687515605,1,甲,午,木,火,己,丑,土,土,False,False,-0.005817573987037929,2026-W04,2026-01
000858.SZ,2026-01-21,103.05,104.91,-0.017729,262282,2711884.886,乙巳,己丑,乙未,3,2026,1,1,-0.0178885324069261,0,乙,未,木,土,己,丑,土,土,False,False,0.0034374138687515605,2026-W04,2026-01
000858.SZ,2026-01-22,102.76,103.05,-0.002814,186914,1926511.774,乙巳,己丑,丙申,4,2026,1,1,-0.0028181350947851847,0,丙,申,火,金,己,丑,土,土,False,False,-0.0178885324069261,2026-W04,2026-01
000858.SZ,2026-01-23,102.99,102.76,0.002238,214559,2214166.357,乙巳,己丑,丁酉,5,2026,1,1,0.0022357238960273433,1,丁,酉,火,金,己,丑,土,土,False,False,-0.0028181350947851847,2026-W04,2026-01
000858.SZ,2026-01-26,102.34,102.99,-0.006311,312961,3203042.467,乙巳,己丑,庚子,1,2026,1,1,-0.00633129276076449,0,庚,子,金,水,己,丑,土,土,False,False,0.0022357238960273433,2026-W05,2026-01
000858.SZ,2026-01-27,101.02,102.34,-0.012898,225287,2283721.968,乙巳,己丑,辛丑,2,2026,1,1,-0.012982086337039326,0,辛,丑,金,土,己,丑,土,土,False,True,-0.00633129276076449,2026-W05,2026-01
000858.SZ,2026-01-28,100.7,101.02,-0.003168,266767,2696600.351,乙巳,己丑,壬寅,3,2026,1,1,-0.003172717315389854,0,壬,寅,水,木,己,丑,土,土,False,True,-0.012982086337039326,2026-W05,2026-01
000858.SZ,2026-01-29,110.77,100.7,0.1,986603,10450873.886,乙巳,己丑,癸卯,4,2026,1,1,0.09531017980432474,1,癸,卯,水,木,己,丑,土,土,False,True,-0.003172717315389854,2026-W05,2026-01
000858.SZ,2026-01-30,105.0,110.77,-0.05209,668171,7156298.339,乙巳,己丑,甲辰,5,2026,1,1,-0.05349562937131805,0,甲,辰,木,土,己,丑,土,土,False,True,0.09531017980432474,2026-W05,2026-01
000858.SZ,2026-02-02,107.29,105.0,0.02181,531977,5754087.577,乙巳,己丑,丁未,1,2026,2,1,0.021575098491131612,1,丁,未,火,土,己,丑,土,土,True,False,-0.05349562937131805,2026-W06,2026-02
000858.SZ,2026-02-03,107.28,107.29,-9.3e-05,331643,3556634.123,乙巳,己丑,戊申,2,2026,2,1,-9.320967523186087e-05,0,戊,申,土,金,己,丑,土,土,True,False,0.021575098491131612,2026-W06,2026-02
000858.SZ,2026-02-04,108.52,107.28,0.011559,378916,4088740.226,丙午,庚寅,己酉,3,2026,2,1,0.011492248817307791,1,己,酉,土,金,庚,寅,金,木,True,False,-9.320967523186087e-05,2026-W06,2026-02
000858.SZ,2026-02-05,108.89,108.52,0.00341,372846,4071834.696,丙午,庚寅,庚戌,4,2026,2,1,0.00340371056723872,1,庚,戌,金,土,庚,寅,金,木,True,False,0.011492248817307791,2026-W06,2026-02
000858.SZ,2026-02-06,107.0,108.89,-0.017357,276521,2975510.012,丙午,庚寅,辛亥,5,2026,2,1,-0.017509363896063394,0,辛,亥,金,水,庚,寅,金,木,False,False,0.00340371056723872,2026-W06,2026-02
000858.SZ,2026-02-09,107.36,107.0,0.003364,208891,2237802.124,丙午,庚寅,甲寅,1,2026,2,1,0.0033588387614655294,1,甲,寅,木,木,庚,寅,金,木,False,False,-0.017509363896063394,2026-W07,2026-02
000858.SZ,2026-02-10,106.5,107.36,-0.00801,185040,1967153.218,丙午,庚寅,乙卯,2,2026,2,1,-0.00804268807389183,0,乙,卯,木,木,庚,寅,金,木,False,False,0.0033588387614655294,2026-W07,2026-02
000858.SZ,2026-02-11,106.04,106.5,-0.004319,114995,1219688.888,丙午,庚寅,丙辰,3,2026,2,1,-0.00432860372865491,0,丙,辰,火,土,庚,寅,金,木,False,False,-0.00804268807389183,2026-W07,2026-02
000858.SZ,2026-02-12,104.62,106.04,-0.013391,181729,1906604.083,丙午,庚寅,丁巳,4,2026,2,1,-0.013481643478359793,0,丁,巳,火,火,庚,寅,金,木,False,False,-0.00432860372865491,2026-W07,2026-02
000858.SZ,2026-02-13,106.06,104.62,0.013764,241239,2557578.441,丙午,庚寅,戊午,5,2026,2,1,0.013670233766518984,1,戊,午,土,火,庚,寅,金,木,False,False,-0.013481643478359793,2026-W07,2026-02
000858.SZ,2026-02-24,105.16,106.06,-0.008486,210143,2233159.175,丙午,庚寅,己巳,2,2026,2,1,-0.008521971847303569,0,己,巳,土,火,庚,寅,金,木,False,True,0.013670233766518984,2026-W09,2026-02
000858.SZ,2026-02-25,105.17,105.16,9.5e-05,161529,1703140.853,丙午,庚寅,庚午,3,2026,2,1,9.508867025659462e-05,1,庚,午,金,火,庚,寅,金,木,False,True,-0.008521971847303569,2026-W09,2026-02
000858.SZ,2026-02-26,103.88,105.17,-0.012266,192324,2004360.013,丙午,庚寅,辛未,4,2026,2,1,-0.012341701737389446,0,辛,未,金,土,庚,寅,金,木,False,True,9.508867025659462e-05,2026-W09,2026-02
000858.SZ,2026-02-27,104.05,103.88,0.001637,119188,1242973.439,丙午,庚寅,壬申,5,2026,2,1,0.0016351660450957372,1,壬,申,水,金,庚,寅,金,木,False,True,-0.012341701737389446,2026-W09,2026-02
000858.SZ,2026-03-02,103.22,104.05,-0.007977,204063,2106133.136,丙午,庚寅,乙亥,1,2026,3,1,-0.008008920119062337,0,乙,亥,木,水,庚,寅,金,木,True,False,0.0016351660450957372,2026-W10,2026-03
000858.SZ,2026-03-03,102.55,103.22,-0.006491,230594,2370559.087,丙午,庚寅,丙子,2,2026,3,1,-0.0065121482021915315,0,丙,子,火,水,庚,寅,金,木,True,False,-0.008008920119062337,2026-W10,2026-03
000858.SZ,2026-03-04,101.02,102.55,-0.01492,183018,1850959.672,丙午,庚寅,丁丑,3,2026,3,1,-0.01503196747848313,0,丁,丑,火,土,庚,寅,金,木,True,False,-0.0065121482021915315,2026-W10,2026-03
000858.SZ,2026-03-05,101.45,101.02,0.004257,100520,1020367.656,丙午,辛卯,戊寅,4,2026,3,1,0.004247549231917408,1,戊,寅,土,木,辛,卯,金,木,True,False,-0.01503196747848313,2026-W10,2026-03
000858.SZ,2026-03-06,102.4,101.45,0.009364,112916,1150357.292,丙午,辛卯,己卯,5,2026,3,1,0.009320646333583723,1,己,卯,土,木,辛,卯,金,木,False,False,0.004247549231917408,2026-W10,2026-03
000858.SZ,2026-03-09,101.52,102.4,-0.008594,177780,1811068.891,丙午,辛卯,壬午,1,2026,3,1,-0.008630889199275255,0,壬,午,水,火,辛,卯,金,木,False,False,0.009320646333583723,2026-W11,2026-03
000858.SZ,2026-03-10,102.05,101.52,0.005221,111694,1139370.872,丙午,辛卯,癸未,2,2026,3,1,0.005207065849721628,1,癸,未,水,土,辛,卯,金,木,False,False,-0.008630889199275255,2026-W11,2026-03
000858.SZ,2026-03-11,102.18,102.05,0.001274,107801,1099529.974,丙午,辛卯,甲申,3,2026,3,1,0.0012730746467981126,1,甲,申,木,金,辛,卯,金,木,False,False,0.005207065849721628,2026-W11,2026-03
000858.SZ,2026-03-12,102.27,102.18,0.000881,116614,1189182.247,丙午,辛卯,乙酉,4,2026,3,1,0.0008804109152694608,1,乙,酉,木,金,辛,卯,金,木,False,False,0.0012730746467981126,2026-W11,2026-03
000858.SZ,2026-03-13,102.95,102.27,0.006649,153187,1577733.443,丙午,辛卯,丙戌,5,2026,3,1,0.006627058655877082,1,丙,戌,火,土,辛,卯,金,木,False,False,0.0008804109152694608,2026-W11,2026-03
000858.SZ,2026-03-16,104.54,102.95,0.015444,203048,2119088.706,丙午,辛卯,己丑,1,2026,3,1,0.015326339810977314,1,己,丑,土,土,辛,卯,金,木,False,False,0.006627058655877082,2026-W12,2026-03
000858.SZ,2026-03-17,104.79,104.54,0.002391,177702,1867733.132,丙午,辛卯,庚寅,2,2026,3,1,0.0023885742020744805,1,庚,寅,金,木,辛,卯,金,木,False,False,0.015326339810977314,2026-W12,2026-03
000858.SZ,2026-03-18,103.72,104.79,-0.010211,117209,1217253.9,丙午,辛卯,辛卯,3,2026,3,1,-0.010263386816386711,0,辛,卯,金,木,辛,卯,金,木,False,False,0.0023885742020744805,2026-W12,2026-03
000858.SZ,2026-03-19,102.53,103.72,-0.011473,114373,1176973.86,丙午,辛卯,壬辰,4,2026,3,1,-0.011539521988463693,0,壬,辰,水,土,辛,卯,金,木,False,False,-0.010263386816386711,2026-W12,2026-03
000858.SZ,2026-03-20,102.4,102.53,-0.001268,102865,1053023.022,丙午,辛卯,癸巳,5,2026,3,1,-0.0012687260765924379,0,癸,巳,水,火,辛,卯,金,木,False,False,-0.011539521988463693,2026-W12,2026-03
000858.SZ,2026-03-23,100.23,102.4,-0.021191,205189,2064661.956,丙午,辛卯,丙申,1,2026,3,1,-0.0214191675686326,0,丙,申,火,金,辛,卯,金,木,False,False,-0.0012687260765924379,2026-W13,2026-03
000858.SZ,2026-03-24,101.34,100.23,0.011075,117507,1184095.484,丙午,辛卯,丁酉,2,2026,3,1,0.01101365501098881,1,丁,酉,火,金,辛,卯,金,木,False,False,-0.0214191675686326,2026-W13,2026-03
000858.SZ,2026-03-25,102.45,101.34,0.010953,108589,1107451.813,丙午,辛卯,戊戌,3,2026,3,1,0.010893674637144985,1,戊,戌,土,土,辛,卯,金,木,False,False,0.01101365501098881,2026-W13,2026-03
000858.SZ,2026-03-26,101.28,102.45,-0.01142,95924,977853.749,丙午,辛卯,己亥,4,2026,3,1,-0.011485916289042723,0,己,亥,土,水,辛,卯,金,木,False,False,0.010893674637144985,2026-W13,2026-03
000858.SZ,2026-03-27,102.65,101.28,0.013527,102957,1052956.368,丙午,辛卯,庚子,5,2026,3,1,0.013436185069076644,1,庚,子,金,水,辛,卯,金,木,False,True,-0.011485916289042723,2026-W13,2026-03
000858.SZ,2026-03-30,103.46,102.65,0.007891,124906,1286843.153,丙午,辛卯,癸卯,1,2026,3,1,0.007859921110426235,1,癸,卯,水,木,辛,卯,金,木,False,True,0.013436185069076644,2026-W14,2026-03
000858.SZ,2026-03-31,103.27,103.46,-0.001836,178347,1865043.694,丙午,辛卯,甲辰,2,2026,3,1,-0.001838146892056385,0,甲,辰,木,土,辛,卯,金,木,False,True,0.007859921110426235,2026-W14,2026-03
000858.SZ,2026-04-01,104.39,103.27,0.010845,122666,1279526.789,丙午,辛卯,乙巳,3,2026,4,1,0.010786967736894436,1,乙,巳,木,火,辛,卯,金,木,True,False,-0.001838146892056385,2026-W14,2026-04
000858.SZ,2026-04-02,105.0,104.39,0.005843,151783,1589237.202,丙午,辛卯,丙午,4,2026,4,1,0.005826464737316319,1,丙,午,火,火,辛,卯,金,木,True,False,0.010786967736894436,2026-W14,2026-04
000858.SZ,2026-04-03,103.49,105.0,-0.014381,83088,864181.133,丙午,辛卯,丁未,5,2026,4,1,-0.014485360477441703,0,丁,未,火,土,辛,卯,金,木,True,False,0.005826464737316319,2026-W14,2026-04
000858.SZ,2026-04-07,103.11,103.49,-0.003672,81547,839975.543,丙午,壬辰,辛亥,2,2026,4,1,-0.003678610150229379,0,辛,亥,金,水,壬,辰,水,土,False,False,-0.014485360477441703,2026-W15,2026-04
000858.SZ,2026-04-08,104.19,103.11,0.010474,97740,1016515.698,丙午,壬辰,壬子,3,2026,4,1,0.01041977589424008,1,壬,子,水,水,壬,辰,水,土,False,False,-0.003678610150229379,2026-W15,2026-04
000858.SZ,2026-04-09,102.6,104.19,-0.015261,98461,1012935.76,丙午,壬辰,癸丑,4,2026,4,1,-0.015378222687423239,0,癸,丑,水,土,壬,辰,水,土,False,False,0.01041977589424008,2026-W15,2026-04
000858.SZ,2026-04-10,102.07,102.6,-0.005166,122424,1253630.005,丙午,壬辰,甲寅,5,2026,4,1,-0.005179080321262121,0,甲,寅,木,木,壬,辰,水,土,False,False,-0.015378222687423239,2026-W15,2026-04
000858.SZ,2026-04-13,102.42,102.07,0.003429,122634,1247104.401,丙午,壬辰,丁巳,1,2026,4,1,0.003423153618997382,1,丁,巳,火,火,壬,辰,水,土,False,False,-0.005179080321262121,2026-W16,2026-04
000858.SZ,2026-04-14,103.1,102.42,0.006639,120696,1238173.621,丙午,壬辰,戊午,2,2026,4,1,0.006617384988509875,1,戊,午,土,火,壬,辰,水,土,False,False,0.003423153618997382,2026-W16,2026-04
000858.SZ,2026-04-15,103.55,103.1,0.004365,115712,1196292.314,丙午,壬辰,己未,3,2026,4,1,0.004355196818679021,1,己,未,土,土,壬,辰,水,土,False,False,0.006617384988509875,2026-W16,2026-04
000858.SZ,2026-04-16,103.44,103.55,-0.001062,90166,934168.918,丙午,壬辰,庚申,4,2026,4,1,-0.0010628533779911014,0,庚,申,金,金,壬,辰,水,土,False,False,0.004355196818679021,2026-W16,2026-04
000858.SZ,2026-04-17,101.86,103.44,-0.015275,167431,1704502.562,丙午,壬辰,辛酉,5,2026,4,1,-0.015392413007143444,0,辛,酉,金,金,壬,辰,水,土,False,False,-0.0010628533779911014,2026-W16,2026-04
000858.SZ,2026-04-20,101.35,101.86,-0.005007,116960,1186004.538,丙午,壬辰,甲子,1,2026,4,1,-0.005019448558449612,0,甲,子,木,水,壬,辰,水,土,False,False,-0.015392413007143444,2026-W17,2026-04
000858.SZ,2026-04-21,101.18,101.35,-0.001677,108280,1095969.167,丙午,壬辰,乙丑,2,2026,4,1,-0.0016787640342188438,0,乙,丑,木,土,壬,辰,水,土,False,False,-0.005019448558449612,2026-W17,2026-04
000858.SZ,2026-04-22,100.64,101.18,-0.005337,144382,1452833.705,丙午,壬辰,丙寅,3,2026,4,1,-0.0053513159116596945,0,丙,寅,火,木,壬,辰,水,土,False,False,-0.0016787640342188438,2026-W17,2026-04
000858.SZ,2026-04-23,101.18,100.64,0.005366,174023,1764308.585,丙午,壬辰,丁卯,4,2026,4,1,0.005351315911659694,1,丁,卯,火,木,壬,辰,水,土,False,False,-0.0053513159116596945,2026-W17,2026-04
000858.SZ,2026-04-24,101.27,101.18,0.00089,134533,1361341.945,丙午,壬辰,戊辰,5,2026,4,1,0.0008891084804035874,1,戊,辰,土,土,壬,辰,水,土,False,False,0.005351315911659694,2026-W17,2026-04
000858.SZ,2026-04-27,100.2,101.27,-0.010566,191047,1913778.919,丙午,壬辰,辛未,1,2026,4,1,-0.010622028693429089,0,辛,未,金,土,壬,辰,水,土,False,True,0.0008891084804035874,2026-W18,2026-04
000858.SZ,2026-04-28,100.2,100.2,0.0,123414,1234366.126,丙午,壬辰,壬申,2,2026,4,1,0.0,0,壬,申,水,金,壬,辰,水,土,False,True,-0.010622028693429089,2026-W18,2026-04
000858.SZ,2026-04-29,98.34,100.2,-0.018563,338635,3316572.049,丙午,壬辰,癸酉,3,2026,4,1,-0.018737326666971154,0,癸,酉,水,金,壬,辰,水,土,False,True,0.0,2026-W18,2026-04
000858.SZ,2026-04-30,97.08,98.34,-0.012813,248208,2413614.789,丙午,壬辰,甲戌,4,2026,4,1,-0.01289548112539279,0,甲,戌,木,土,壬,辰,水,土,False,True,-0.018737326666971154,2026-W18,2026-04
000858.SZ,2026-05-06,92.26,97.08,-0.04965,871599,7989429.629,丙午,癸巳,庚辰,3,2026,5,1,-0.050924702728726054,0,庚,辰,金,土,癸,巳,水,火,False,False,-0.01289548112539279,2026-W19,2026-05
000858.SZ,2026-05-07,92.6,92.26,0.003685,536277,4986385.438,丙午,癸巳,辛巳,4,2026,5,1,0.0036784635224590715,1,辛,巳,金,火,癸,巳,水,火,False,False,-0.050924702728726054,2026-W19,2026-05
000858.SZ,2026-05-08,92.13,92.6,-0.005076,259640,2396026.818,丙午,癸巳,壬午,5,2026,5,1,-0.005088518531293011,0,壬,午,水,火,癸,巳,水,火,False,False,0.0036784635224590715,2026-W19,2026-05
000858.SZ,2026-05-11,91.81,92.13,-0.003473,269324,2469941.064,丙午,癸巳,乙酉,1,2026,5,1,-0.003479398965232018,0,乙,酉,木,金,癸,巳,水,火,False,False,-0.005088518531293011,2026-W20,2026-05
000858.SZ,2026-05-12,90.56,91.81,-0.013615,372974,3387693.472,丙午,癸巳,丙戌,2,2026,5,1,-0.013708609700735808,0,丙,戌,火,土,癸,巳,水,火,False,False,-0.003479398965232018,2026-W20,2026-05
000858.SZ,2026-05-13,89.15,90.56,-0.01557,467201,4173652.013,丙午,癸巳,丁亥,3,2026,5,1,-0.01569227014572339,0,丁,亥,火,水,癸,巳,水,火,False,False,-0.013708609700735808,2026-W20,2026-05
