ts_code,trade_date,close_price,pre_close,pct_chg,volume,amount,year_ganzhi,month_ganzhi,day_ganzhi,weekday,year,month,is_trading_day,log_return,direction,day_tian_gan,day_di_zhi,day_tg_wuxing,day_dz_wuxing,month_tian_gan,month_di_zhi,month_tg_wuxing,month_dz_wuxing,is_month_start,is_month_end,prev_log_return,week_number,year_month
300750.SZ,2018-06-11,36.2,25.14,0.4399,788,2845.471,戊戌,戊午,甲戌,1,2018,6,1,0.3645989156696241,1,甲,戌,木,土,戊,午,土,火,False,False,,2018-W24,2018-06
300750.SZ,2018-06-12,39.82,36.2,0.1,265,1058.375,戊戌,戊午,乙亥,2,2018,6,1,0.09531017980432474,1,乙,亥,木,水,戊,午,土,火,False,False,0.3645989156696241,2018-W24,2018-06
300750.SZ,2018-06-13,43.8,39.82,0.1,450,1972.314,戊戌,戊午,丙子,3,2018,6,1,0.09526451874635021,1,丙,子,火,水,戊,午,土,火,False,False,0.09531017980432474,2018-W24,2018-06
300750.SZ,2018-06-14,48.18,43.8,0.1,742,3578.184,戊戌,戊午,丁丑,4,2018,6,1,0.09531017980432493,1,丁,丑,火,土,戊,午,土,火,False,False,0.09526451874635021,2018-W24,2018-06
300750.SZ,2018-06-15,53.0,48.18,0.1,2565,13595.03,戊戌,戊午,戊寅,5,2018,6,1,0.09534791636539655,1,戊,寅,土,木,戊,午,土,火,False,False,0.09531017980432493,2018-W24,2018-06
300750.SZ,2018-06-19,58.3,53.0,0.1,11174,65146.052,戊戌,戊午,壬午,2,2018,6,1,0.09531017980432474,1,壬,午,水,火,戊,午,土,火,False,False,0.09534791636539655,2018-W25,2018-06
300750.SZ,2018-06-20,64.13,58.3,0.1,13103,84034.797,戊戌,戊午,癸未,3,2018,6,1,0.09531017980432474,1,癸,未,水,土,戊,午,土,火,False,False,0.09531017980432474,2018-W25,2018-06
300750.SZ,2018-06-21,70.54,64.13,0.1,12316,86881.296,戊戌,戊午,甲申,4,2018,6,1,0.09526765164713463,1,甲,申,木,金,戊,午,土,火,False,False,0.09531017980432474,2018-W25,2018-06
300750.SZ,2018-06-22,66.55,70.54,-0.0566,1281705,8599728.955,戊戌,戊午,乙酉,5,2018,6,1,-0.058226379966785445,0,乙,酉,木,金,戊,午,土,火,False,False,0.09526765164713463,2018-W25,2018-06
300750.SZ,2018-06-25,69.19,66.55,0.0397,699819,4868406.844,戊戌,戊午,戊子,1,2018,6,1,0.038902798669598976,1,戊,子,土,水,戊,午,土,火,False,False,-0.058226379966785445,2018-W26,2018-06
300750.SZ,2018-06-26,74.18,69.19,0.0721,625535,4537098.812,戊戌,戊午,己丑,2,2018,6,1,0.0696382285507252,1,己,丑,土,土,戊,午,土,火,False,True,0.038902798669598976,2018-W26,2018-06
300750.SZ,2018-06-27,74.09,74.18,-0.0012,441388,3241043.472,戊戌,戊午,庚寅,3,2018,6,1,-0.0012140016328792548,0,庚,寅,金,木,戊,午,土,火,False,True,0.0696382285507252,2018-W26,2018-06
300750.SZ,2018-06-28,68.21,74.09,-0.0794,530809,3770134.24,戊戌,戊午,辛卯,4,2018,6,1,-0.08268938876193772,0,辛,卯,金,木,戊,午,土,火,False,True,-0.0012140016328792548,2018-W26,2018-06
300750.SZ,2018-06-29,71.96,68.21,0.055,456985,3231958.793,戊戌,戊午,壬辰,5,2018,6,1,0.0535192274157044,1,壬,辰,水,土,戊,午,土,火,False,True,-0.08268938876193772,2018-W26,2018-06
300750.SZ,2018-07-02,70.0,71.96,-0.0272,324701,2278646.004,戊戌,戊午,乙未,1,2018,7,1,-0.027615167032973266,0,乙,未,木,土,戊,午,土,火,True,False,0.0535192274157044,2018-W27,2018-07
300750.SZ,2018-07-03,69.29,70.0,-0.0101,339100,2337186.967,戊戌,戊午,丙申,2,2018,7,1,-0.010194646410068946,0,丙,申,火,金,戊,午,土,火,True,False,-0.027615167032973266,2018-W27,2018-07
300750.SZ,2018-07-04,65.92,69.29,-0.0486,262821,1749919.477,戊戌,戊午,丁酉,3,2018,7,1,-0.04985871003807376,0,丁,酉,火,金,戊,午,土,火,True,False,-0.010194646410068946,2018-W27,2018-07
300750.SZ,2018-07-05,68.81,65.92,0.0438,343377,2343510.066,戊戌,戊午,戊戌,4,2018,7,1,0.04290719761317215,1,戊,戌,土,土,戊,午,土,火,True,False,-0.04985871003807376,2018-W27,2018-07
300750.SZ,2018-07-06,70.88,68.81,0.0301,492134,3511358.606,戊戌,戊午,己亥,5,2018,7,1,0.029639223082436827,1,己,亥,土,水,戊,午,土,火,False,False,0.04290719761317215,2018-W27,2018-07
300750.SZ,2018-07-09,71.55,70.88,0.0095,310689,2183986.505,戊戌,己未,壬寅,1,2018,7,1,0.00940819970563442,1,壬,寅,水,木,己,未,土,土,False,False,0.029639223082436827,2018-W28,2018-07
300750.SZ,2018-07-10,72.4,71.55,0.0119,364844,2666043.239,戊戌,己未,癸卯,2,2018,7,1,0.011809793389210935,1,癸,卯,水,木,己,未,土,土,False,False,0.00940819970563442,2018-W28,2018-07
300750.SZ,2018-07-11,77.06,72.4,0.0644,491208,3695050.773,戊戌,己未,甲辰,3,2018,7,1,0.062378039806340706,1,甲,辰,木,土,己,未,土,土,False,False,0.011809793389210935,2018-W28,2018-07
300750.SZ,2018-07-12,84.77,77.06,0.1001,430852,3430182.907,戊戌,己未,乙巳,4,2018,7,1,0.09535736742230254,1,乙,巳,木,火,己,未,土,土,False,False,0.062378039806340706,2018-W28,2018-07
300750.SZ,2018-07-13,82.7,84.77,-0.0244,482020,4049051.405,戊戌,己未,丙午,5,2018,7,1,-0.02472210459066847,0,丙,午,火,火,己,未,土,土,False,False,0.09535736742230254,2018-W28,2018-07
300750.SZ,2018-07-16,83.9,82.7,0.0145,295151,2439742.028,戊戌,己未,己酉,1,2018,7,1,0.014406011443514916,1,己,酉,土,金,己,未,土,土,False,False,-0.02472210459066847,2018-W29,2018-07
300750.SZ,2018-07-17,82.28,83.9,-0.0193,286153,2336837.084,戊戌,己未,庚戌,2,2018,7,1,-0.01949754868840417,0,庚,戌,金,土,己,未,土,土,False,False,0.014406011443514916,2018-W29,2018-07
300750.SZ,2018-07-18,82.28,82.28,0.0,271138,2233771.784,戊戌,己未,辛亥,3,2018,7,1,0.0,0,辛,亥,金,水,己,未,土,土,False,False,-0.01949754868840417,2018-W29,2018-07
300750.SZ,2018-07-19,82.89,82.28,0.0074,250744,2089886.953,戊戌,己未,壬子,4,2018,7,1,0.0073863628186784,1,壬,子,水,水,己,未,土,土,False,False,0.0,2018-W29,2018-07
300750.SZ,2018-07-20,90.93,82.89,0.096996,426956,3750334.637,戊戌,己未,癸丑,5,2018,7,1,0.09257555213438666,1,癸,丑,水,土,己,未,土,土,False,False,0.0073863628186784,2018-W29,2018-07
300750.SZ,2018-07-23,88.62,90.93,-0.025404,250143,2223986.14,戊戌,己未,丙辰,1,2018,7,1,-0.025732413966478015,0,丙,辰,火,土,己,未,土,土,False,False,0.09257555213438666,2018-W30,2018-07
300750.SZ,2018-07-24,91.77,88.62,0.035545,265010,2395962.685,戊戌,己未,丁巳,2,2018,7,1,0.03492788105957822,1,丁,巳,火,火,己,未,土,土,False,False,-0.025732413966478015,2018-W30,2018-07
300750.SZ,2018-07-25,82.59,91.77,-0.100033,457193,4027958.763,戊戌,己未,戊午,3,2018,7,1,-0.10539683900829606,0,戊,午,土,火,己,未,土,土,False,False,0.03492788105957822,2018-W30,2018-07
300750.SZ,2018-07-26,78.2,82.59,-0.053154,392869,3115796.617,戊戌,己未,己未,4,2018,7,1,-0.05461896027136026,0,己,未,土,土,己,未,土,土,False,False,-0.10539683900829606,2018-W30,2018-07
300750.SZ,2018-07-27,76.05,78.2,-0.027494,228095,1748397.062,戊戌,己未,庚申,5,2018,7,1,-0.027878628845963593,0,庚,申,金,金,己,未,土,土,False,True,-0.05461896027136026,2018-W30,2018-07
300750.SZ,2018-07-30,76.85,76.05,0.010519,180418,1377263.289,戊戌,己未,癸亥,1,2018,7,1,0.010464451279302987,1,癸,亥,水,水,己,未,土,土,False,True,-0.027878628845963593,2018-W31,2018-07
300750.SZ,2018-07-31,72.22,76.85,-0.060247,281283,2055880.224,戊戌,己未,甲子,2,2018,7,1,-0.06213845413529314,0,甲,子,木,水,己,未,土,土,False,True,0.010464451279302987,2018-W31,2018-07
300750.SZ,2018-08-01,71.42,72.22,-0.011077,179336,1298707.855,戊戌,己未,乙丑,3,2018,8,1,-0.011139073683009272,0,乙,丑,木,土,己,未,土,土,True,False,-0.06213845413529314,2018-W31,2018-08
300750.SZ,2018-08-02,72.56,71.42,0.015962,198535,1429095.207,戊戌,己未,丙寅,4,2018,8,1,0.015835863640578787,1,丙,寅,火,木,己,未,土,土,True,False,-0.011139073683009272,2018-W31,2018-08
300750.SZ,2018-08-03,69.6,72.56,-0.040794,172888,1223071.469,戊戌,己未,丁卯,5,2018,8,1,-0.04164923846650727,0,丁,卯,火,木,己,未,土,土,True,False,0.015835863640578787,2018-W31,2018-08
300750.SZ,2018-08-06,69.65,69.6,0.000718,157069,1096989.857,戊戌,己未,庚午,1,2018,8,1,0.0007181328854408335,1,庚,午,金,火,己,未,土,土,False,False,-0.04164923846650727,2018-W32,2018-08
300750.SZ,2018-08-07,73.79,69.65,0.05944,199649,1445537.173,戊戌,庚申,辛未,2,2018,8,1,0.057740520844460526,1,辛,未,金,土,庚,申,金,金,False,False,0.0007181328854408335,2018-W32,2018-08
300750.SZ,2018-08-08,71.52,73.79,-0.030763,147708,1067594.665,戊戌,庚申,壬申,3,2018,8,1,-0.03124609020501672,0,壬,申,水,金,庚,申,金,金,False,False,0.057740520844460526,2018-W32,2018-08
300750.SZ,2018-08-09,74.06,71.52,0.035515,184748,1364797.399,戊戌,庚申,癸酉,4,2018,8,1,0.03489844462020791,1,癸,酉,水,金,庚,申,金,金,False,False,-0.03124609020501672,2018-W32,2018-08
300750.SZ,2018-08-10,74.44,74.06,0.005131,116738,862092.551,戊戌,庚申,甲戌,5,2018,8,1,0.005117856288583365,1,甲,戌,木,土,庚,申,金,金,False,False,0.03489844462020791,2018-W32,2018-08
300750.SZ,2018-08-13,74.01,74.44,-0.005776,109495,800760.025,戊戌,庚申,丁丑,1,2018,8,1,-0.00579321256467484,0,丁,丑,火,土,庚,申,金,金,False,False,0.005117856288583365,2018-W33,2018-08
300750.SZ,2018-08-14,71.57,74.01,-0.032969,117356,847545.777,戊戌,庚申,戊寅,2,2018,8,1,-0.033524227458869044,0,戊,寅,土,木,庚,申,金,金,False,False,-0.00579321256467484,2018-W33,2018-08
300750.SZ,2018-08-15,69.11,71.57,-0.034372,129167,905177.224,戊戌,庚申,己卯,3,2018,8,1,-0.03497655364720309,0,己,卯,土,木,庚,申,金,金,False,False,-0.033524227458869044,2018-W33,2018-08
300750.SZ,2018-08-16,68.99,69.11,-0.001736,107152,733358.634,戊戌,庚申,庚辰,4,2018,8,1,-0.0017378715452856628,0,庚,辰,金,土,庚,申,金,金,False,False,-0.03497655364720309,2018-W33,2018-08
300750.SZ,2018-08-17,68.16,68.99,-0.012031,82248,570722.229,戊戌,庚申,辛巳,5,2018,8,1,-0.01210368403695704,0,辛,巳,金,火,庚,申,金,金,False,False,-0.0017378715452856628,2018-W33,2018-08
300750.SZ,2018-08-20,68.95,68.16,0.01159,109229,739769.193,戊戌,庚申,甲申,1,2018,8,1,0.011523721718250562,1,甲,申,木,金,庚,申,金,金,False,False,-0.01210368403695704,2018-W34,2018-08
300750.SZ,2018-08-21,69.57,68.95,0.008992,102088,709924.23,戊戌,庚申,乙酉,2,2018,8,1,0.008951835696238952,1,乙,酉,木,金,庚,申,金,金,False,False,0.011523721718250562,2018-W34,2018-08
300750.SZ,2018-08-22,67.47,69.57,-0.030185,89999,617772.713,戊戌,庚申,丙戌,3,2018,8,1,-0.030650385296215887,0,丙,戌,火,土,庚,申,金,金,False,False,0.008951835696238952,2018-W34,2018-08
300750.SZ,2018-08-23,69.1,67.47,0.024159,121931,835080.332,戊戌,庚申,丁亥,4,2018,8,1,0.023871676134290136,1,丁,亥,火,水,庚,申,金,金,False,False,-0.030650385296215887,2018-W34,2018-08
300750.SZ,2018-08-24,68.8,69.1,-0.004342,133609,931622.755,戊戌,庚申,戊子,5,2018,8,1,-0.004350985834326146,0,戊,子,土,水,庚,申,金,金,False,False,0.023871676134290136,2018-W34,2018-08
300750.SZ,2018-08-27,70.46,68.8,0.024128,129150,900979.594,戊戌,庚申,辛卯,1,2018,8,1,0.02384142797379358,1,辛,卯,金,木,庚,申,金,金,False,True,-0.004350985834326146,2018-W35,2018-08
300750.SZ,2018-08-28,73.01,70.46,0.036191,188139,1362031.257,戊戌,庚申,壬辰,2,2018,8,1,0.035551245154902884,1,壬,辰,水,土,庚,申,金,金,False,True,0.02384142797379358,2018-W35,2018-08
300750.SZ,2018-08-29,73.02,73.01,0.000137,103338,749871.852,戊戌,庚申,癸巳,3,2018,8,1,0.00013695815949639275,1,癸,巳,水,火,庚,申,金,金,False,True,0.035551245154902884,2018-W35,2018-08
300750.SZ,2018-08-30,69.99,73.02,-0.041495,136818,979226.463,戊戌,庚申,甲午,4,2018,8,1,-0.042381001526042565,0,甲,午,木,火,庚,申,金,金,False,True,0.00013695815949639275,2018-W35,2018-08
300750.SZ,2018-08-31,65.5,69.99,-0.064152,159012,1072916.773,戊戌,庚申,乙未,5,2018,8,1,-0.06630223206024195,0,乙,未,木,土,庚,申,金,金,False,True,-0.042381001526042565,2018-W35,2018-08
300750.SZ,2018-09-03,63.26,65.5,-0.034198,159108,998632.539,戊戌,庚申,戊戌,1,2018,9,1,-0.03479692476370345,0,戊,戌,土,土,庚,申,金,金,True,False,-0.06630223206024195,2018-W36,2018-09
300750.SZ,2018-09-04,63.85,63.26,0.009327,80675,512634.921,戊戌,庚申,己亥,2,2018,9,1,0.00928336460104554,1,己,亥,土,水,庚,申,金,金,True,False,-0.03479692476370345,2018-W36,2018-09
300750.SZ,2018-09-05,61.39,63.85,-0.038528,96892,604400.369,戊戌,庚申,庚子,3,2018,9,1,-0.03928962703914338,0,庚,子,金,水,庚,申,金,金,True,False,0.00928336460104554,2018-W36,2018-09
300750.SZ,2018-09-06,61.84,61.39,0.00733,88540,547542.957,戊戌,庚申,辛丑,4,2018,9,1,0.007303448839761635,1,辛,丑,金,土,庚,申,金,金,False,False,-0.03928962703914338,2018-W36,2018-09
300750.SZ,2018-09-07,63.32,61.84,0.023933,127485,813256.86,戊戌,庚申,壬寅,5,2018,9,1,0.023650830733644754,1,壬,寅,水,木,庚,申,金,金,False,False,0.007303448839761635,2018-W36,2018-09
300750.SZ,2018-09-10,61.35,63.32,-0.031112,65451,404054.151,戊戌,辛酉,乙巳,1,2018,9,1,-0.03160606385589094,0,乙,巳,木,火,辛,酉,金,金,False,False,0.023650830733644754,2018-W37,2018-09
300750.SZ,2018-09-11,62.57,61.35,0.019886,66293,413926.189,戊戌,辛酉,丙午,2,2018,9,1,0.019690758853351746,1,丙,午,火,火,辛,酉,金,金,False,False,-0.03160606385589094,2018-W37,2018-09
300750.SZ,2018-09-12,64.5,62.57,0.030845,121159,779904.478,戊戌,辛酉,丁未,3,2018,9,1,0.030379293791454716,1,丁,未,火,土,辛,酉,金,金,False,False,0.019690758853351746,2018-W37,2018-09
300750.SZ,2018-09-13,64.8,64.5,0.004651,98520,637747.213,戊戌,辛酉,戊申,4,2018,9,1,0.00464037955650208,1,戊,申,土,金,辛,酉,金,金,False,False,0.030379293791454716,2018-W37,2018-09
300750.SZ,2018-09-14,65.9,64.8,0.016975,158318,1068356.171,戊戌,辛酉,己酉,5,2018,9,1,0.016832838150232707,1,己,酉,土,金,辛,酉,金,金,False,False,0.00464037955650208,2018-W37,2018-09
300750.SZ,2018-09-17,63.71,65.9,-0.033232,71314,460645.757,戊戌,辛酉,壬子,1,2018,9,1,-0.033796905380064766,0,壬,子,水,水,辛,酉,金,金,False,False,0.016832838150232707,2018-W38,2018-09
300750.SZ,2018-09-18,66.36,63.71,0.041595,77892,505525.626,戊戌,辛酉,癸丑,2,2018,9,1,0.040752929193846855,1,癸,丑,水,土,辛,酉,金,金,False,False,-0.033796905380064766,2018-W38,2018-09
300750.SZ,2018-09-19,67.33,66.36,0.014617,95025,637368.899,戊戌,辛酉,甲寅,3,2018,9,1,0.014511437234945683,1,甲,寅,木,木,辛,酉,金,金,False,False,0.040752929193846855,2018-W38,2018-09
300750.SZ,2018-09-20,67.99,67.33,0.009802,102007,703066.41,戊戌,辛酉,乙卯,4,2018,9,1,0.009754732981178741,1,乙,卯,木,木,辛,酉,金,金,False,False,0.014511437234945683,2018-W38,2018-09
300750.SZ,2018-09-21,69.19,67.99,0.01765,77482,535412.407,戊戌,辛酉,丙辰,5,2018,9,1,0.017495707972351462,1,丙,辰,火,土,辛,酉,金,金,False,False,0.009754732981178741,2018-W38,2018-09
300750.SZ,2018-09-25,68.33,69.19,-0.01243,42041,287948.499,戊戌,辛酉,庚申,2,2018,9,1,-0.012507434718032746,0,庚,申,金,金,辛,酉,金,金,False,False,0.017495707972351462,2018-W39,2018-09
300750.SZ,2018-09-26,72.89,68.33,0.066735,160615,1149820.351,戊戌,辛酉,辛酉,3,2018,9,1,0.06460254660143472,1,辛,酉,金,金,辛,酉,金,金,False,True,-0.012507434718032746,2018-W39,2018-09
300750.SZ,2018-09-27,72.55,72.89,-0.004665,136946,1005558.177,戊戌,辛酉,壬戌,4,2018,9,1,-0.00467547606392475,0,壬,戌,水,土,辛,酉,金,金,False,True,0.06460254660143472,2018-W39,2018-09
300750.SZ,2018-09-28,73.0,72.55,0.006203,119210,880458.28,戊戌,辛酉,癸亥,5,2018,9,1,0.006183461818194362,1,癸,亥,水,水,辛,酉,金,金,False,True,-0.00467547606392475,2018-W39,2018-09
300750.SZ,2018-10-08,68.45,73.0,-0.062329,131167,915229.219,戊戌,壬戌,癸酉,1,2018,10,1,-0.06435588941393316,0,癸,酉,水,金,壬,戌,水,土,False,False,0.006183461818194362,2018-W41,2018-10
300750.SZ,2018-10-09,64.9,68.45,-0.051863,133893,888448.838,戊戌,壬戌,甲戌,2,2018,10,1,-0.05325592802441355,0,甲,戌,木,土,壬,戌,水,土,False,False,-0.06435588941393316,2018-W41,2018-10
300750.SZ,2018-10-10,64.9,64.9,0.0,71632,464126.636,戊戌,壬戌,乙亥,3,2018,10,1,0.0,0,乙,亥,木,水,壬,戌,水,土,False,False,-0.05325592802441355,2018-W41,2018-10
300750.SZ,2018-10-11,60.45,64.9,-0.068567,128094,785418.488,戊戌,壬戌,丙子,4,2018,10,1,-0.07103104664924269,0,丙,子,火,水,壬,戌,水,土,False,False,0.0,2018-W41,2018-10
300750.SZ,2018-10-12,62.86,60.45,0.039868,86003,531900.783,戊戌,壬戌,丁丑,5,2018,10,1,0.039093454308619734,1,丁,丑,火,土,壬,戌,水,土,False,False,-0.07103104664924269,2018-W41,2018-10
300750.SZ,2018-10-15,69.15,62.86,0.100064,198014,1362852.724,戊戌,壬戌,庚辰,1,2018,10,1,0.09536802674134576,1,庚,辰,金,土,壬,戌,水,土,False,False,0.039093454308619734,2018-W42,2018-10
300750.SZ,2018-10-16,68.85,69.15,-0.004338,104521,723312.823,戊戌,壬戌,辛巳,2,2018,10,1,-0.004347832936103509,0,辛,巳,金,火,壬,戌,水,土,False,False,0.09536802674134576,2018-W42,2018-10
300750.SZ,2018-10-17,70.0,68.85,0.016703,142321,1000278.466,戊戌,壬戌,壬午,3,2018,10,1,0.01656501687469525,1,壬,午,水,火,壬,戌,水,土,False,False,-0.004347832936103509,2018-W42,2018-10
300750.SZ,2018-10-18,68.03,70.0,-0.028143,108109,741423.984,戊戌,壬戌,癸未,4,2018,10,1,-0.028546457692389574,0,癸,未,水,土,壬,戌,水,土,False,False,0.01656501687469525,2018-W42,2018-10
300750.SZ,2018-10-19,73.77,68.03,0.084375,141251,1008056.887,戊戌,壬戌,甲申,5,2018,10,1,0.08100336053924131,1,甲,申,木,金,壬,戌,水,土,False,False,-0.028546457692389574,2018-W42,2018-10
300750.SZ,2018-10-22,79.1,73.77,0.072252,181063,1408026.234,戊戌,壬戌,丁亥,1,2018,10,1,0.06976072987739737,1,丁,亥,火,水,壬,戌,水,土,False,False,0.08100336053924131,2018-W43,2018-10
300750.SZ,2018-10-23,78.0,79.1,-0.013906,127366,987704.573,戊戌,壬戌,戊子,2,2018,10,1,-0.01400404808401633,0,戊,子,土,水,壬,戌,水,土,False,False,0.06976072987739737,2018-W43,2018-10
300750.SZ,2018-10-24,77.0,78.0,-0.012821,100428,782578.265,戊戌,壬戌,己丑,3,2018,10,1,-0.012903404835907841,0,己,丑,土,土,壬,戌,水,土,False,False,-0.01400404808401633,2018-W43,2018-10
300750.SZ,2018-10-25,80.91,77.0,0.050779,133722,1042168.318,戊戌,壬戌,庚寅,4,2018,10,1,0.04953200396606447,1,庚,寅,金,木,壬,戌,水,土,False,False,-0.012903404835907841,2018-W43,2018-10
300750.SZ,2018-10-26,74.6,80.91,-0.077988,176917,1361043.435,戊戌,壬戌,辛卯,5,2018,10,1,-0.08119691861003316,0,辛,卯,金,木,壬,戌,水,土,False,False,0.04953200396606447,2018-W43,2018-10
300750.SZ,2018-10-29,70.76,74.6,-0.051475,127197,923032.362,戊戌,壬戌,甲午,1,2018,10,1,-0.05284663791813054,0,甲,午,木,火,壬,戌,水,土,False,True,-0.08119691861003316,2018-W44,2018-10
300750.SZ,2018-10-30,75.0,70.76,0.059921,128875,939263.219,戊戌,壬戌,乙未,2,2018,10,1,0.05819424424472581,1,乙,未,木,土,壬,戌,水,土,False,True,-0.05284663791813054,2018-W44,2018-10
300750.SZ,2018-10-31,74.5,75.0,-0.006667,97943,743436.076,戊戌,壬戌,丙申,3,2018,10,1,-0.006688988150796652,0,丙,申,火,金,壬,戌,水,土,False,True,0.05819424424472581,2018-W44,2018-10
300750.SZ,2018-11-01,73.61,74.5,-0.011946,97239,733949.879,戊戌,壬戌,丁酉,4,2018,11,1,-0.012018239314899325,0,丁,酉,火,金,壬,戌,水,土,True,False,-0.006688988150796652,2018-W44,2018-11
300750.SZ,2018-11-02,78.48,73.61,0.066159,137058,1059238.488,戊戌,壬戌,戊戌,5,2018,11,1,0.06406292918649305,1,戊,戌,土,土,壬,戌,水,土,True,False,-0.012018239314899325,2018-W44,2018-11
300750.SZ,2018-11-05,79.39,78.48,0.011595,130635,1045459.98,戊戌,壬戌,辛丑,1,2018,11,1,0.0115286004799144,1,辛,丑,金,土,壬,戌,水,土,True,False,0.06406292918649305,2018-W45,2018-11
300750.SZ,2018-11-06,81.57,79.39,0.027459,121658,954114.789,戊戌,壬戌,壬寅,2,2018,11,1,0.027089131575466857,1,壬,寅,水,木,壬,戌,水,土,False,False,0.0115286004799144,2018-W45,2018-11
300750.SZ,2018-11-07,79.04,81.57,-0.031016,126587,1013339.456,戊戌,癸亥,癸卯,3,2018,11,1,-0.03150749387287647,0,癸,卯,水,木,癸,亥,水,水,False,False,0.027089131575466857,2018-W45,2018-11
300750.SZ,2018-11-08,77.31,79.04,-0.021888,80448,630122.24,戊戌,癸亥,甲辰,4,2018,11,1,-0.022130740107229006,0,甲,辰,木,土,癸,亥,水,水,False,False,-0.03150749387287647,2018-W45,2018-11
300750.SZ,2018-11-09,77.75,77.31,0.005691,60639,473740.955,戊戌,癸亥,乙巳,5,2018,11,1,0.005675237726960173,1,乙,巳,木,火,癸,亥,水,水,False,False,-0.022130740107229006,2018-W45,2018-11
300750.SZ,2018-11-12,83.25,77.75,0.07074,148899,1205794.048,戊戌,癸亥,戊申,1,2018,11,1,0.06834957780120965,1,戊,申,土,金,癸,亥,水,水,False,False,0.005675237726960173,2018-W46,2018-11
300750.SZ,2018-11-13,81.63,83.25,-0.019459,142870,1158416.128,戊戌,癸亥,己酉,2,2018,11,1,-0.019651287397288615,0,己,酉,土,金,癸,亥,水,水,False,False,0.06834957780120965,2018-W46,2018-11
300750.SZ,2018-11-14,81.0,81.63,-0.007718,107907,873812.068,戊戌,癸亥,庚戌,3,2018,11,1,-0.007747686790825825,0,庚,戌,金,土,癸,亥,水,水,False,False,-0.019651287397288615,2018-W46,2018-11
300750.SZ,2018-11-15,81.35,81.0,0.004321,75768,614559.636,戊戌,癸亥,辛亥,4,2018,11,1,0.004311678992607926,1,辛,亥,金,水,癸,亥,水,水,False,False,-0.007747686790825825,2018-W46,2018-11
300750.SZ,2018-11-16,80.11,81.35,-0.015243,98094,785031.529,戊戌,癸亥,壬子,5,2018,11,1,-0.015360143438021305,0,壬,子,水,水,癸,亥,水,水,False,False,0.004311678992607926,2018-W46,2018-11
300750.SZ,2018-11-19,79.35,80.11,-0.009487,72590,579343.248,戊戌,癸亥,乙卯,1,2018,11,1,-0.009532243254607439,0,乙,卯,木,木,癸,亥,水,水,False,False,-0.015360143438021305,2018-W47,2018-11
300750.SZ,2018-11-20,77.77,79.35,-0.019912,77220,603966.808,戊戌,癸亥,丙辰,2,2018,11,1,-0.020112694265566146,0,丙,辰,火,土,癸,亥,水,水,False,False,-0.009532243254607439,2018-W47,2018-11
300750.SZ,2018-11-21,78.65,77.77,0.011315,73148,573993.355,戊戌,癸亥,丁巳,3,2018,11,1,0.011251876797435065,1,丁,巳,火,火,癸,亥,水,水,False,False,-0.020112694265566146,2018-W47,2018-11
300750.SZ,2018-11-22,77.91,78.65,-0.009409,40717,318546.094,戊戌,癸亥,戊午,4,2018,11,1,-0.009453315161520147,0,戊,午,土,火,癸,亥,水,水,False,False,0.011251876797435065,2018-W47,2018-11
300750.SZ,2018-11-23,73.98,77.91,-0.050443,104037,782322.413,戊戌,癸亥,己未,5,2018,11,1,-0.05175952793845871,0,己,未,土,土,癸,亥,水,水,False,False,-0.009453315161520147,2018-W47,2018-11
300750.SZ,2018-11-26,74.62,73.98,0.008651,76100,561073.991,戊戌,癸亥,壬戌,1,2018,11,1,0.00861378138870387,1,壬,戌,水,土,癸,亥,水,水,False,True,-0.05175952793845871,2018-W48,2018-11
300750.SZ,2018-11-27,75.6,74.62,0.013133,79533,599419.287,戊戌,癸亥,癸亥,2,2018,11,1,0.013047715392475455,1,癸,亥,水,水,癸,亥,水,水,False,True,0.00861378138870387,2018-W48,2018-11
300750.SZ,2018-11-28,78.68,75.6,0.040741,99188,772880.029,戊戌,癸亥,甲子,3,2018,11,1,0.03993271033537122,1,甲,子,木,水,癸,亥,水,水,False,True,0.013047715392475455,2018-W48,2018-11
300750.SZ,2018-11-29,78.03,78.68,-0.008261,97362,778202.196,戊戌,癸亥,乙丑,4,2018,11,1,-0.008295625392188543,0,乙,丑,木,土,癸,亥,水,水,False,True,0.03993271033537122,2018-W48,2018-11
300750.SZ,2018-11-30,80.03,78.03,0.025631,90675,724258.624,戊戌,癸亥,丙寅,5,2018,11,1,0.025308196250284958,1,丙,寅,火,木,癸,亥,水,水,False,True,-0.008295625392188543,2018-W48,2018-11
300750.SZ,2018-12-03,80.85,80.03,0.010246,126452,1034073.82,戊戌,癸亥,己巳,1,2018,12,1,0.010194021644161031,1,己,巳,土,火,癸,亥,水,水,True,False,0.025308196250284958,2018-W49,2018-12
300750.SZ,2018-12-04,82.3,80.85,0.017934,95796,785692.897,戊戌,癸亥,庚午,2,2018,12,1,0.017775521659908256,1,庚,午,金,火,癸,亥,水,水,True,False,0.010194021644161031,2018-W49,2018-12
300750.SZ,2018-12-05,81.37,82.3,-0.0113,73915,602269.929,戊戌,癸亥,辛未,3,2018,12,1,-0.011364452974458166,0,辛,未,金,土,癸,亥,水,水,True,False,0.017775521659908256,2018-W49,2018-12
300750.SZ,2018-12-06,79.01,81.37,-0.029003,113853,917634.576,戊戌,癸亥,壬申,4,2018,12,1,-0.029432227973923992,0,壬,申,水,金,癸,亥,水,水,False,False,-0.011364452974458166,2018-W49,2018-12
300750.SZ,2018-12-07,79.7,79.01,0.008733,56421,450938.752,戊戌,甲子,癸酉,5,2018,12,1,0.008695159061527515,1,癸,酉,水,金,甲,子,木,水,False,False,-0.029432227973923992,2018-W49,2018-12
300750.SZ,2018-12-10,78.29,79.7,-0.017691,76068,593846.045,戊戌,甲子,丙子,1,2018,12,1,-0.01784970487634647,0,丙,子,火,水,甲,子,木,水,False,False,0.008695159061527515,2018-W50,2018-12
300750.SZ,2018-12-11,78.56,78.29,0.003449,34500,270881.623,戊戌,甲子,丁丑,2,2018,12,1,0.0034427831263875116,1,丁,丑,火,土,甲,子,木,水,False,False,-0.01784970487634647,2018-W50,2018-12
300750.SZ,2018-12-12,81.5,78.56,0.037424,94724,767328.382,戊戌,甲子,戊寅,3,2018,12,1,0.03674035620060663,1,戊,寅,土,木,甲,子,木,水,False,False,0.0034427831263875116,2018-W50,2018-12
300750.SZ,2018-12-13,82.11,81.5,0.007485,72444,591252.237,戊戌,甲子,己卯,4,2018,12,1,0.007456791473880376,1,己,卯,土,木,甲,子,木,水,False,False,0.03674035620060663,2018-W50,2018-12
300750.SZ,2018-12-14,79.34,82.11,-0.033735,70905,573225.336,戊戌,甲子,庚辰,5,2018,12,1,-0.03431739663451323,0,庚,辰,金,土,甲,子,木,水,False,False,0.007456791473880376,2018-W50,2018-12
300750.SZ,2018-12-17,80.16,79.34,0.010335,68644,540779.216,戊戌,甲子,癸未,1,2018,12,1,0.010282222250370602,1,癸,未,水,土,甲,子,木,水,False,False,-0.03431739663451323,2018-W51,2018-12
300750.SZ,2018-12-18,79.55,80.16,-0.00761,48855,388830.542,戊戌,甲子,甲申,2,2018,12,1,-0.007638882552758786,0,甲,申,木,金,甲,子,木,水,False,False,0.010282222250370602,2018-W51,2018-12
300750.SZ,2018-12-19,79.5,79.55,-0.000629,70926,567762.54,戊戌,甲子,乙酉,3,2018,12,1,-0.0006287331235096053,0,乙,酉,木,金,甲,子,木,水,False,False,-0.007638882552758786,2018-W51,2018-12
300750.SZ,2018-12-20,77.34,79.5,-0.02717,97737,757316.34,戊戌,甲子,丙戌,4,2018,12,1,-0.027545735481135168,0,丙,戌,火,土,甲,子,木,水,False,False,-0.0006287331235096053,2018-W51,2018-12
300750.SZ,2018-12-21,78.5,77.34,0.014999,88737,681882.662,戊戌,甲子,丁亥,5,2018,12,1,0.0148873386092116,1,丁,亥,火,水,甲,子,木,水,False,False,-0.027545735481135168,2018-W51,2018-12
300750.SZ,2018-12-24,78.03,78.5,-0.005987,59388,463915.421,戊戌,甲子,庚寅,1,2018,12,1,-0.006005256659692902,0,庚,寅,金,木,甲,子,木,水,False,False,0.0148873386092116,2018-W52,2018-12
300750.SZ,2018-12-25,77.2,78.03,-0.010637,65883,504970.961,戊戌,甲子,辛卯,2,2018,12,1,-0.010693911097939365,0,辛,卯,金,木,甲,子,木,水,False,False,-0.006005256659692902,2018-W52,2018-12
300750.SZ,2018-12-26,75.9,77.2,-0.016839,49252,376715.93,戊戌,甲子,壬辰,3,2018,12,1,-0.016982772629146194,0,壬,辰,水,土,甲,子,木,水,False,False,-0.010693911097939365,2018-W52,2018-12
300750.SZ,2018-12-27,75.78,75.9,-0.001581,48814,373262.649,戊戌,甲子,癸巳,4,2018,12,1,-0.0015822788111296026,0,癸,巳,水,火,甲,子,木,水,False,True,-0.016982772629146194,2018-W52,2018-12
300750.SZ,2018-12-28,73.8,75.78,-0.026128,56292,424092.16,戊戌,甲子,甲午,5,2018,12,1,-0.02647567398402802,0,甲,午,木,火,甲,子,木,水,False,True,-0.0015822788111296026,2018-W52,2018-12
300750.SZ,2019-01-02,73.66,73.8,-0.001897,43940,326259.378,戊戌,甲子,己亥,3,2019,1,1,-0.0018988205895075474,0,己,亥,土,水,甲,子,木,水,True,False,-0.02647567398402802,2019-W01,2019-01
300750.SZ,2019-01-03,73.83,73.66,0.002308,44949,332238.737,戊戌,甲子,庚子,4,2019,1,1,0.0023052420541549113,1,庚,子,金,水,甲,子,木,水,True,False,-0.0018988205895075474,2019-W01,2019-01
300750.SZ,2019-01-04,76.96,73.83,0.042395,79053,602100.011,戊戌,甲子,辛丑,5,2019,1,1,0.04152065328637679,1,辛,丑,金,土,甲,子,木,水,True,False,0.0023052420541549113,2019-W01,2019-01
300750.SZ,2019-01-07,77.42,76.96,0.005977,59695,460577.318,戊戌,乙丑,甲辰,1,2019,1,1,0.005959338792051058,1,甲,辰,木,土,乙,丑,木,土,False,False,0.04152065328637679,2019-W02,2019-01
300750.SZ,2019-01-08,79.33,77.42,0.024671,85749,674107.579,戊戌,乙丑,乙巳,2,2019,1,1,0.02437122216440953,1,乙,巳,木,火,乙,丑,木,土,False,False,0.005959338792051058,2019-W02,2019-01
300750.SZ,2019-01-09,77.98,79.33,-0.017018,123798,952624.089,戊戌,乙丑,丙午,3,2019,1,1,-0.017163983759460197,0,丙,午,火,火,乙,丑,木,土,False,False,0.02437122216440953,2019-W02,2019-01
300750.SZ,2019-01-10,76.28,77.98,-0.0218,83942,644858.368,戊戌,乙丑,丁未,4,2019,1,1,-0.022041602822233,0,丁,未,火,土,乙,丑,木,土,False,False,-0.017163983759460197,2019-W02,2019-01
300750.SZ,2019-01-11,75.29,76.28,-0.012979,61367,463701.25,戊戌,乙丑,戊申,5,2019,1,1,-0.013063456870187298,0,戊,申,土,金,乙,丑,木,土,False,False,-0.022041602822233,2019-W02,2019-01
300750.SZ,2019-01-14,76.08,75.29,0.010493,48487,366505.969,戊戌,乙丑,辛亥,1,2019,1,1,0.010438094375103782,1,辛,亥,金,水,乙,丑,木,土,False,False,-0.013063456870187298,2019-W03,2019-01
300750.SZ,2019-01-15,77.37,76.08,0.016956,58736,448317.233,戊戌,乙丑,壬子,2,2019,1,1,0.01681369032422824,1,壬,子,水,水,乙,丑,木,土,False,False,0.010438094375103782,2019-W03,2019-01
300750.SZ,2019-01-16,76.67,77.37,-0.009047,25738,197749.843,戊戌,乙丑,癸丑,3,2019,1,1,-0.009088610990560048,0,癸,丑,水,土,乙,丑,木,土,False,False,0.01681369032422824,2019-W03,2019-01
300750.SZ,2019-01-17,76.66,76.67,-0.00013,37188,286721.586,戊戌,乙丑,甲寅,4,2019,1,1,-0.00013043761839413344,0,甲,寅,木,木,乙,丑,木,土,False,False,-0.009088610990560048,2019-W03,2019-01
300750.SZ,2019-01-18,75.4,76.66,-0.016436,65039,488797.282,戊戌,乙丑,乙卯,5,2019,1,1,-0.016572784938498474,0,乙,卯,木,木,乙,丑,木,土,False,False,-0.00013043761839413344,2019-W03,2019-01
300750.SZ,2019-01-21,75.24,75.4,-0.002122,52411,392168.954,戊戌,乙丑,戊午,1,2019,1,1,-0.0021242705810809006,0,戊,午,土,火,乙,丑,木,土,False,False,-0.016572784938498474,2019-W04,2019-01
300750.SZ,2019-01-22,74.27,75.24,-0.012892,42588,318440.028,戊戌,乙丑,己未,2,2019,1,1,-0.012975902751624599,0,己,未,土,土,乙,丑,木,土,False,False,-0.0021242705810809006,2019-W04,2019-01
300750.SZ,2019-01-23,75.44,74.27,0.015753,48847,367089.066,戊戌,乙丑,庚申,3,2019,1,1,0.015630536643996964,1,庚,申,金,金,乙,丑,木,土,False,False,-0.012975902751624599,2019-W04,2019-01
300750.SZ,2019-01-24,75.17,75.44,-0.003579,37984,286305.027,戊戌,乙丑,辛酉,4,2019,1,1,-0.00358542313582446,0,辛,酉,金,金,乙,丑,木,土,False,False,0.015630536643996964,2019-W04,2019-01
300750.SZ,2019-01-25,77.44,75.17,0.030198,91189,707431.983,戊戌,乙丑,壬戌,5,2019,1,1,0.02975122777894403,1,壬,戌,水,土,乙,丑,木,土,False,False,-0.00358542313582446,2019-W04,2019-01
300750.SZ,2019-01-28,76.07,77.44,-0.017691,46288,355879.562,戊戌,乙丑,乙丑,1,2019,1,1,-0.017849473959111822,0,乙,丑,木,土,乙,丑,木,土,False,True,0.02975122777894403,2019-W05,2019-01
300750.SZ,2019-01-29,76.68,76.07,0.008019,52363,395374.218,戊戌,乙丑,丙寅,2,2019,1,1,0.007986949168234173,1,丙,寅,火,木,乙,丑,木,土,False,True,-0.017849473959111822,2019-W05,2019-01
300750.SZ,2019-01-30,76.2,76.68,-0.00626,77077,583430.175,戊戌,乙丑,丁卯,3,2019,1,1,-0.006279455484843247,0,丁,卯,火,木,乙,丑,木,土,False,True,0.007986949168234173,2019-W05,2019-01
300750.SZ,2019-01-31,76.12,76.2,-0.00105,44127,339614.007,戊戌,乙丑,戊辰,4,2019,1,1,-0.0010504202646518758,0,戊,辰,土,土,乙,丑,木,土,False,True,-0.006279455484843247,2019-W05,2019-01
300750.SZ,2019-02-01,78.4,76.12,0.029953,62144,483480.057,戊戌,乙丑,己巳,5,2019,2,1,0.029512884928413412,1,己,巳,土,火,乙,丑,木,土,True,False,-0.0010504202646518758,2019-W05,2019-02
300750.SZ,2019-02-11,81.0,78.4,0.033163,83433,670709.803,己亥,丙寅,己卯,1,2019,2,1,0.03262522731607661,1,己,卯,土,木,丙,寅,火,木,False,False,0.029512884928413412,2019-W07,2019-02
300750.SZ,2019-02-12,81.0,81.0,0.0,49891,402647.822,己亥,丙寅,庚辰,2,2019,2,1,0.0,0,庚,辰,金,土,丙,寅,火,木,False,False,0.03262522731607661,2019-W07,2019-02
300750.SZ,2019-02-13,81.7,81.0,0.008642,78771,647619.276,己亥,丙寅,辛巳,3,2019,2,1,0.008604847193518428,1,辛,巳,金,火,丙,寅,火,木,False,False,0.0,2019-W07,2019-02
300750.SZ,2019-02-14,84.72,81.7,0.036965,127233,1084873.164,己亥,丙寅,壬午,4,2019,2,1,0.03629769942719378,1,壬,午,水,火,丙,寅,火,木,False,False,0.008604847193518428,2019-W07,2019-02
300750.SZ,2019-02-15,82.42,84.72,-0.027148,105153,880799.439,己亥,丙寅,癸未,5,2019,2,1,-0.02752357538247964,0,癸,未,水,土,丙,寅,火,木,False,False,0.03629769942719378,2019-W07,2019-02
300750.SZ,2019-02-18,84.46,82.42,0.024751,87787,735318.29,己亥,丙寅,丙戌,1,2019,2,1,0.024449923595126124,1,丙,戌,火,土,丙,寅,火,木,False,False,-0.02752357538247964,2019-W08,2019-02
300750.SZ,2019-02-19,82.29,84.46,-0.025693,94257,782086.064,己亥,丙寅,丁亥,2,2019,2,1,-0.02602845588817578,0,丁,亥,火,水,丙,寅,火,木,False,False,0.024449923595126124,2019-W08,2019-02
300750.SZ,2019-02-20,83.17,82.29,0.010694,60674,506750.853,己亥,丙寅,戊子,3,2019,2,1,0.010637112262974572,1,戊,子,土,水,丙,寅,火,木,False,False,-0.02602845588817578,2019-W08,2019-02
300750.SZ,2019-02-21,83.33,83.17,0.001924,82287,690870.555,己亥,丙寅,己丑,4,2019,2,1,0.0019219225135191438,1,己,丑,土,土,丙,寅,火,木,False,False,0.010637112262974572,2019-W08,2019-02
300750.SZ,2019-02-22,84.37,83.33,0.01248,89600,752183.5,己亥,丙寅,庚寅,5,2019,2,1,0.01240325978342012,1,庚,寅,金,木,丙,寅,火,木,False,False,0.0019219225135191438,2019-W08,2019-02
300750.SZ,2019-02-25,91.32,84.37,0.082375,154113,1380347.01,己亥,丙寅,癸巳,1,2019,2,1,0.07915793348405922,1,癸,巳,水,火,丙,寅,火,木,False,True,0.01240325978342012,2019-W09,2019-02
300750.SZ,2019-02-26,88.5,91.32,-0.03088,113242,1009210.794,己亥,丙寅,甲午,2,2019,2,1,-0.031367269647710895,0,甲,午,木,火,丙,寅,火,木,False,True,0.07915793348405922,2019-W09,2019-02
300750.SZ,2019-02-27,86.05,88.5,-0.027684,91037,795251.089,己亥,丙寅,乙未,3,2019,2,1,-0.028074029356335455,0,乙,未,木,土,丙,寅,火,木,False,True,-0.031367269647710895,2019-W09,2019-02
300750.SZ,2019-02-28,87.7,86.05,0.019175,72399,637896.402,己亥,丙寅,丙申,4,2019,2,1,0.0189933767205891,1,丙,申,火,金,丙,寅,火,木,False,True,-0.028074029356335455,2019-W09,2019-02
300750.SZ,2019-03-01,90.03,87.7,0.026568,96192,873963.51,己亥,丙寅,丁酉,5,2019,3,1,0.026221048742248097,1,丁,酉,火,金,丙,寅,火,木,True,False,0.0189933767205891,2019-W09,2019-03
300750.SZ,2019-03-04,92.39,90.03,0.026213,140369,1306102.15,己亥,丙寅,庚子,1,2019,3,1,0.025875799562268355,1,庚,子,金,水,丙,寅,火,木,True,False,0.026221048742248097,2019-W10,2019-03
300750.SZ,2019-03-05,92.6,92.39,0.002273,86156,793012.158,己亥,丙寅,辛丑,2,2019,3,1,0.0022703939694799094,1,辛,丑,金,土,丙,寅,火,木,True,False,0.025875799562268355,2019-W10,2019-03
300750.SZ,2019-03-06,91.2,92.6,-0.015119,104329,949501.268,己亥,丁卯,壬寅,3,2019,3,1,-0.01523424457184786,0,壬,寅,水,木,丁,卯,火,木,False,False,0.0022703939694799094,2019-W10,2019-03
300750.SZ,2019-03-07,87.89,91.2,-0.036294,137071,1210805.141,己亥,丁卯,癸卯,4,2019,3,1,-0.03696886450373185,0,癸,卯,水,木,丁,卯,火,木,False,False,-0.01523424457184786,2019-W10,2019-03
300750.SZ,2019-03-08,84.97,87.89,-0.033223,110696,951944.818,己亥,丁卯,甲辰,5,2019,3,1,-0.03378777956110389,0,甲,辰,木,土,丁,卯,火,木,False,False,-0.03696886450373185,2019-W10,2019-03
300750.SZ,2019-03-11,87.92,84.97,0.034718,93546,813096.537,己亥,丁卯,丁未,1,2019,3,1,0.03412905707991603,1,丁,未,火,土,丁,卯,火,木,False,False,-0.03378777956110389,2019-W11,2019-03
300750.SZ,2019-03-12,91.07,87.92,0.035828,147634,1352038.771,己亥,丁卯,戊申,2,2019,3,1,0.035201131484361096,1,戊,申,土,金,丁,卯,火,木,False,False,0.03412905707991603,2019-W11,2019-03
300750.SZ,2019-03-13,88.08,91.07,-0.032832,75777,674377.765,己亥,丁卯,己酉,3,2019,3,1,-0.0333829491653026,0,己,酉,土,金,丁,卯,火,木,False,False,0.035201131484361096,2019-W11,2019-03
300750.SZ,2019-03-14,88.95,88.08,0.009877,79825,710913.722,己亥,丁卯,庚戌,4,2019,3,1,0.009828921697419786,1,庚,戌,金,土,丁,卯,火,木,False,False,-0.0333829491653026,2019-W11,2019-03
300750.SZ,2019-03-15,89.83,88.95,0.009893,78215,707054.564,己亥,丁卯,辛亥,5,2019,3,1,0.009844581129270986,1,辛,亥,金,水,丁,卯,火,木,False,False,0.009828921697419786,2019-W11,2019-03
300750.SZ,2019-03-18,89.28,89.83,-0.006123,72757,646068.126,己亥,丁卯,甲寅,1,2019,3,1,-0.0061414966081144735,0,甲,寅,木,木,丁,卯,火,木,False,False,0.009844581129270986,2019-W12,2019-03
300750.SZ,2019-03-19,88.6,89.28,-0.007616,68170,611077.097,己亥,丁卯,乙卯,2,2019,3,1,-0.007645641021965575,0,乙,卯,木,木,丁,卯,火,木,False,False,-0.0061414966081144735,2019-W12,2019-03
300750.SZ,2019-03-20,87.17,88.6,-0.01614,88141,764749.351,己亥,丁卯,丙辰,3,2019,3,1,-0.016271622587550473,0,丙,辰,火,土,丁,卯,火,木,False,False,-0.007645641021965575,2019-W12,2019-03
300750.SZ,2019-03-21,87.12,87.17,-0.000574,81359,707343.505,己亥,丁卯,丁巳,4,2019,3,1,-0.0005737563987796283,0,丁,巳,火,火,丁,卯,火,木,False,False,-0.016271622587550473,2019-W12,2019-03
300750.SZ,2019-03-22,86.58,87.12,-0.006198,60189,518360.062,己亥,丁卯,戊午,5,2019,3,1,-0.006217636610870562,0,戊,午,土,火,丁,卯,火,木,False,False,-0.0005737563987796283,2019-W12,2019-03
300750.SZ,2019-03-25,89.0,86.58,0.027951,129906,1158349.085,己亥,丁卯,辛酉,1,2019,3,1,0.02756752771830538,1,辛,酉,金,金,丁,卯,火,木,False,False,-0.006217636610870562,2019-W13,2019-03
300750.SZ,2019-03-26,85.3,89.0,-0.041573,97197,836361.947,己亥,丁卯,壬戌,2,2019,3,1,-0.042461915234506487,0,壬,戌,水,土,丁,卯,火,木,False,False,0.02756752771830538,2019-W13,2019-03
300750.SZ,2019-03-27,83.41,85.3,-0.022157,94921,795590.922,己亥,丁卯,癸亥,3,2019,3,1,-0.02240624824411296,0,癸,亥,水,水,丁,卯,火,木,False,True,-0.042461915234506487,2019-W13,2019-03
300750.SZ,2019-03-28,83.2,83.41,-0.002518,58571,487897.668,己亥,丁卯,甲子,4,2019,3,1,-0.0025208584263574137,0,甲,子,木,水,丁,卯,火,木,False,True,-0.02240624824411296,2019-W13,2019-03
300750.SZ,2019-03-29,85.0,83.2,0.021635,71241,598855.278,己亥,丁卯,乙丑,5,2019,3,1,0.02140390866315358,1,乙,丑,木,土,丁,卯,火,木,False,True,-0.0025208584263574137,2019-W13,2019-03
300750.SZ,2019-04-01,86.35,85.0,0.015882,92390,794157.526,己亥,丁卯,戊辰,1,2019,4,1,0.015757548102371143,1,戊,辰,土,土,丁,卯,火,木,True,False,0.02140390866315358,2019-W14,2019-04
300750.SZ,2019-04-02,84.98,86.35,-0.015866,102413,869961.308,己亥,丁卯,己巳,2,2019,4,1,-0.015992869906021962,0,己,巳,土,火,丁,卯,火,木,True,False,0.015757548102371143,2019-W14,2019-04
300750.SZ,2019-04-03,84.48,84.98,-0.005884,71840,605819.178,己亥,丁卯,庚午,3,2019,4,1,-0.005901114728714192,0,庚,午,金,火,丁,卯,火,木,True,False,-0.015992869906021962,2019-W14,2019-04
300750.SZ,2019-04-04,84.17,84.48,-0.00367,66796,564517.873,己亥,丁卯,辛未,4,2019,4,1,-0.0036762567344666057,0,辛,未,金,土,丁,卯,火,木,True,False,-0.005901114728714192,2019-W14,2019-04
300750.SZ,2019-04-08,82.29,84.17,-0.022336,113769,941060.713,己亥,戊辰,乙亥,1,2019,4,1,-0.02258896960586308,0,乙,亥,木,水,戊,辰,土,土,False,False,-0.0036762567344666057,2019-W15,2019-04
300750.SZ,2019-04-09,83.91,82.29,0.019686,119422,1003599.92,己亥,戊辰,丙子,2,2019,4,1,0.01949520226435636,1,丙,子,火,水,戊,辰,土,土,False,False,-0.02258896960586308,2019-W15,2019-04
300750.SZ,2019-04-10,82.24,83.91,-0.019902,108408,890277.783,己亥,戊辰,丁丑,3,2019,4,1,-0.020102994175123116,0,丁,丑,火,土,戊,辰,土,土,False,False,0.01949520226435636,2019-W15,2019-04
300750.SZ,2019-04-11,80.72,82.24,-0.018482,89537,728469.344,己亥,戊辰,戊寅,4,2019,4,1,-0.018655425661501395,0,戊,寅,土,木,戊,辰,土,土,False,False,-0.020102994175123116,2019-W15,2019-04
300750.SZ,2019-04-12,81.98,80.72,0.01561,59356,486028.531,己亥,戊辰,己卯,5,2019,4,1,0.015488939030838008,1,己,卯,土,木,戊,辰,土,土,False,False,-0.018655425661501395,2019-W15,2019-04
300750.SZ,2019-04-15,80.97,81.98,-0.01232,59950,491053.132,己亥,戊辰,壬午,1,2019,4,1,-0.012396599378168532,0,壬,午,水,火,戊,辰,土,土,False,False,0.015488939030838008,2019-W16,2019-04
300750.SZ,2019-04-16,82.27,80.97,0.016055,57187,464852.034,己亥,戊辰,癸未,2,2019,4,1,0.015927805482815832,1,癸,未,水,土,戊,辰,土,土,False,False,-0.012396599378168532,2019-W16,2019-04
300750.SZ,2019-04-17,86.11,82.27,0.046676,205004,1752514.963,己亥,戊辰,甲申,3,2019,4,1,0.045619027527234984,1,甲,申,木,金,戊,辰,土,土,False,False,0.015927805482815832,2019-W16,2019-04
300750.SZ,2019-04-18,84.65,86.11,-0.016955,70617,601487.607,己亥,戊辰,乙酉,4,2019,4,1,-0.01710044012892948,0,乙,酉,木,金,戊,辰,土,土,False,False,0.045619027527234984,2019-W16,2019-04
300750.SZ,2019-04-19,83.2,84.65,-0.017129,62967,524874.428,己亥,戊辰,丙戌,5,2019,4,1,-0.017277760751981425,0,丙,戌,火,土,戊,辰,土,土,False,False,-0.01710044012892948,2019-W16,2019-04
300750.SZ,2019-04-22,81.23,83.2,-0.023678,66492,543402.295,己亥,戊辰,己丑,1,2019,4,1,-0.023962710764300364,0,己,丑,土,土,戊,辰,土,土,False,False,-0.017277760751981425,2019-W17,2019-04
300750.SZ,2019-04-23,78.17,81.23,-0.037671,115259,898901.903,己亥,戊辰,庚寅,2,2019,4,1,-0.03839869483062347,0,庚,寅,金,木,戊,辰,土,土,False,False,-0.023962710764300364,2019-W17,2019-04
300750.SZ,2019-04-24,79.78,78.17,0.020596,51343,404380.493,己亥,戊辰,辛卯,3,2019,4,1,0.020386904245021483,1,辛,卯,金,木,戊,辰,土,土,False,False,-0.03839869483062347,2019-W17,2019-04
300750.SZ,2019-04-25,79.1,79.78,-0.008523,52973,422497.288,己亥,戊辰,壬辰,4,2019,4,1,-0.008559971703652445,0,壬,辰,水,土,戊,辰,土,土,False,False,0.020386904245021483,2019-W17,2019-04
300750.SZ,2019-04-26,79.35,79.1,0.003161,34918,278261.724,己亥,戊辰,癸巳,5,2019,4,1,0.003155572198809847,1,癸,巳,水,火,戊,辰,土,土,False,True,-0.008559971703652445,2019-W17,2019-04
300750.SZ,2019-04-29,79.78,79.35,0.005419,47882,383749.258,己亥,戊辰,丙申,1,2019,4,1,0.0054043995048426415,1,丙,申,火,金,戊,辰,土,土,False,True,0.003155572198809847,2019-W18,2019-04
300750.SZ,2019-04-30,79.76,79.78,-0.000251,31090,248280.438,己亥,戊辰,丁酉,2,2019,4,1,-0.0002507208236776193,0,丁,酉,火,金,戊,辰,土,土,False,True,0.0054043995048426415,2019-W18,2019-04
300750.SZ,2019-05-06,75.7,79.76,-0.050903,65431,499354.099,己亥,己巳,癸卯,1,2019,5,1,-0.05224396521017982,0,癸,卯,水,木,己,巳,土,火,False,False,-0.0002507208236776193,2019-W19,2019-05
300750.SZ,2019-05-07,75.85,75.7,0.001982,37119,283552.904,己亥,己巳,甲辰,2,2019,5,1,0.0019795453511379547,1,甲,辰,木,土,己,巳,土,火,False,False,-0.05224396521017982,2019-W19,2019-05
300750.SZ,2019-05-08,74.61,75.85,-0.016348,34995,261613.986,己亥,己巳,乙巳,3,2019,5,1,-0.016483159311118194,0,乙,巳,木,火,己,巳,土,火,False,False,0.0019795453511379547,2019-W19,2019-05
300750.SZ,2019-05-09,72.7,74.61,-0.0256,48134,353504.942,己亥,己巳,丙午,4,2019,5,1,-0.025933161943949297,0,丙,午,火,火,己,巳,土,火,False,False,-0.016483159311118194,2019-W19,2019-05
300750.SZ,2019-05-10,74.1,72.7,0.019257,54074,396995.566,己亥,己巳,丁未,5,2019,5,1,0.019074147762567405,1,丁,未,火,土,己,巳,土,火,False,False,-0.025933161943949297,2019-W19,2019-05
300750.SZ,2019-05-13,71.59,74.1,-0.033873,46327,334093.982,己亥,己巳,庚戌,1,2019,5,1,-0.03446013289394746,0,庚,戌,金,土,己,巳,土,火,False,False,0.019074147762567405,2019-W20,2019-05
300750.SZ,2019-05-14,72.16,71.59,0.007962,43329,313815.476,己亥,己巳,辛亥,2,2019,5,1,0.007930476346274525,1,辛,亥,金,水,己,巳,土,火,False,False,-0.03446013289394746,2019-W20,2019-05
300750.SZ,2019-05-15,74.98,72.16,0.03908,66195,491578.062,己亥,己巳,壬子,3,2019,5,1,0.03833553555339795,1,壬,子,水,水,己,巳,土,火,False,False,0.007930476346274525,2019-W20,2019-05
300750.SZ,2019-05-16,74.33,74.98,-0.008669,37371,277622.386,己亥,己巳,癸丑,4,2019,5,1,-0.00870677257056391,0,癸,丑,水,土,己,巳,土,火,False,False,0.03833553555339795,2019-W20,2019-05
300750.SZ,2019-05-17,72.25,74.33,-0.027983,36003,263549.587,己亥,己巳,甲寅,5,2019,5,1,-0.028382311744660587,0,甲,寅,木,木,己,巳,土,火,False,False,-0.00870677257056391,2019-W20,2019-05
300750.SZ,2019-05-20,69.69,72.25,-0.035433,45237,315226.938,己亥,己巳,丁巳,1,2019,5,1,-0.036075491542114084,0,丁,巳,火,火,己,巳,土,火,False,False,-0.028382311744660587,2019-W21,2019-05
300750.SZ,2019-05-21,70.15,69.69,0.006601,31949,225101.966,己亥,己巳,戊午,2,2019,5,1,0.0065789710980425605,1,戊,午,土,火,己,巳,土,火,False,False,-0.036075491542114084,2019-W21,2019-05
300750.SZ,2019-05-22,69.37,70.15,-0.011119,27823,194769.381,己亥,己巳,己未,3,2019,5,1,-0.011181309151259982,0,己,未,土,土,己,巳,土,火,False,False,0.0065789710980425605,2019-W21,2019-05
300750.SZ,2019-05-23,67.48,69.37,-0.027245,44016,298347.37,己亥,己巳,庚申,4,2019,5,1,-0.027623239719442375,0,庚,申,金,金,己,巳,土,火,False,False,-0.011181309151259982,2019-W21,2019-05
300750.SZ,2019-05-24,67.85,67.48,0.005483,29311,198625.492,己亥,己巳,辛酉,5,2019,5,1,0.005468128603110357,1,辛,酉,金,金,己,巳,土,火,False,False,-0.027623239719442375,2019-W21,2019-05
300750.SZ,2019-05-27,69.2,67.85,0.019897,43690,300432.177,己亥,己巳,甲子,1,2019,5,1,0.01970147634274591,1,甲,子,木,水,己,巳,土,火,False,True,0.005468128603110357,2019-W22,2019-05
300750.SZ,2019-05-28,71.88,69.2,0.038728,53181,372556.045,己亥,己巳,乙丑,2,2019,5,1,0.03799719929173426,1,乙,丑,木,土,己,巳,土,火,False,True,0.01970147634274591,2019-W22,2019-05
300750.SZ,2019-05-29,70.57,71.88,-0.018225,32951,232757.105,己亥,己巳,丙寅,3,2019,5,1,-0.01839293690261949,0,丙,寅,火,木,己,巳,土,火,False,True,0.03799719929173426,2019-W22,2019-05
300750.SZ,2019-05-30,69.81,70.57,-0.010769,28726,199994.014,己亥,己巳,丁卯,4,2019,5,1,-0.010827859030428686,0,丁,卯,火,木,己,巳,土,火,False,True,-0.01839293690261949,2019-W22,2019-05
300750.SZ,2019-05-31,69.44,69.81,-0.0053,25166,175685.319,己亥,己巳,戊辰,5,2019,5,1,-0.005314195630215444,0,戊,辰,土,土,己,巳,土,火,False,True,-0.010827859030428686,2019-W22,2019-05
300750.SZ,2019-06-03,68.16,69.44,-0.018433,32528,223503.068,己亥,己巳,辛未,1,2019,6,1,-0.01860518783103447,0,辛,未,金,土,己,巳,土,火,True,False,-0.005314195630215444,2019-W23,2019-06
300750.SZ,2019-06-04,66.87,68.16,-0.018926,31666,213131.577,己亥,己巳,壬申,2,2019,6,1,-0.01910744645517296,0,壬,申,水,金,己,巳,土,火,True,False,-0.01860518783103447,2019-W23,2019-06
300750.SZ,2019-06-05,69.07,66.87,0.0329,50093,343503.184,己亥,己巳,癸酉,3,2019,6,1,0.03237004703499418,1,癸,酉,水,金,己,巳,土,火,True,False,-0.01910744645517296,2019-W23,2019-06
300750.SZ,2019-06-06,66.94,69.07,-0.030838,37484,252839.103,己亥,庚午,甲戌,4,2019,6,1,-0.0313237873177009,0,甲,戌,木,土,庚,午,金,火,False,False,0.03237004703499418,2019-W23,2019-06
300750.SZ,2019-06-10,67.6,66.94,0.00986,88452,608130.669,己亥,庚午,戊寅,1,2019,6,1,0.009811287265737838,1,戊,寅,土,木,庚,午,金,火,False,False,-0.0313237873177009,2019-W24,2019-06
300750.SZ,2019-06-11,68.19,67.6,0.008728,241071,1598113.764,己亥,庚午,己卯,2,2019,6,1,0.008689943483643226,1,己,卯,土,木,庚,午,金,火,False,False,0.009811287265737838,2019-W24,2019-06
300750.SZ,2019-06-12,68.65,68.19,0.006746,153508,1051599.152,己亥,庚午,庚辰,3,2019,6,1,0.0067232056814185625,1,庚,辰,金,土,庚,午,金,火,False,False,0.008689943483643226,2019-W24,2019-06
300750.SZ,2019-06-13,71.01,68.65,0.034377,215487,1517836.884,己亥,庚午,辛巳,4,2019,6,1,0.033799579980022254,1,辛,巳,金,火,庚,午,金,火,False,False,0.0067232056814185625,2019-W24,2019-06
300750.SZ,2019-06-14,72.18,71.01,0.016477,204332,1485468.811,己亥,庚午,壬午,5,2019,6,1,0.01634228702064021,1,壬,午,水,火,庚,午,金,火,False,False,0.033799579980022254,2019-W24,2019-06
300750.SZ,2019-06-17,71.96,72.18,-0.003048,120704,876179.72,己亥,庚午,乙酉,1,2019,6,1,-0.0030525901323103116,0,乙,酉,木,金,庚,午,金,火,False,False,0.01634228702064021,2019-W25,2019-06
300750.SZ,2019-06-18,71.05,71.96,-0.012646,81801,582895.043,己亥,庚午,丙戌,2,2019,6,1,-0.012726554539222664,0,丙,戌,火,土,庚,午,金,火,False,False,-0.0030525901323103116,2019-W25,2019-06
300750.SZ,2019-06-19,69.68,71.05,-0.019282,142814,1005547.313,己亥,庚午,丁亥,3,2019,6,1,-0.019470521998862123,0,丁,亥,火,水,庚,午,金,火,False,False,-0.012726554539222664,2019-W25,2019-06
300750.SZ,2019-06-20,69.06,69.68,-0.008898,128161,888389.359,己亥,庚午,戊子,4,2019,6,1,-0.008937640582401101,0,戊,子,土,水,庚,午,金,火,False,False,-0.019470521998862123,2019-W25,2019-06
300750.SZ,2019-06-21,69.09,69.06,0.000434,118185,821987.074,己亥,庚午,己丑,5,2019,6,1,0.00043431053885716655,1,己,丑,土,土,庚,午,金,火,False,False,-0.008937640582401101,2019-W25,2019-06
300750.SZ,2019-06-24,68.86,69.09,-0.003329,66058,452626.112,己亥,庚午,壬辰,1,2019,6,1,-0.003334544590325905,0,壬,辰,水,土,庚,午,金,火,False,False,0.00043431053885716655,2019-W26,2019-06
300750.SZ,2019-06-25,68.83,68.86,-0.000436,76387,524726.34,己亥,庚午,癸巳,2,2019,6,1,-0.00043576150010494764,0,癸,巳,水,火,庚,午,金,火,False,False,-0.003334544590325905,2019-W26,2019-06
300750.SZ,2019-06-26,69.98,68.83,0.016708,94483,659276.524,己亥,庚午,甲午,3,2019,6,1,0.01656979052926927,1,甲,午,木,火,庚,午,金,火,False,True,-0.00043576150010494764,2019-W26,2019-06
300750.SZ,2019-06-27,69.93,69.98,-0.000714,109489,766946.532,己亥,庚午,乙未,4,2019,6,1,-0.0007147452237664919,0,乙,未,木,土,庚,午,金,火,False,True,0.01656979052926927,2019-W26,2019-06
300750.SZ,2019-06-28,68.88,69.93,-0.015015,57212,393261.787,己亥,庚午,丙申,5,2019,6,1,-0.015128881596300202,0,丙,申,火,金,庚,午,金,火,False,True,-0.0007147452237664919,2019-W26,2019-06
300750.SZ,2019-07-01,70.32,68.88,0.020906,130772,918840.408,己亥,庚午,己亥,1,2019,7,1,0.020690393257446246,1,己,亥,土,水,庚,午,金,火,True,False,-0.015128881596300202,2019-W27,2019-07
300750.SZ,2019-07-02,71.04,70.32,0.010239,162519,1159161.875,己亥,庚午,庚子,2,2019,7,1,0.010186845306993217,1,庚,子,金,水,庚,午,金,火,True,False,0.020690393257446246,2019-W27,2019-07
300750.SZ,2019-07-03,71.8,71.04,0.010698,221001,1590621.264,己亥,庚午,辛丑,3,2019,7,1,0.010641377370263848,1,辛,丑,金,土,庚,午,金,火,True,False,0.010186845306993217,2019-W27,2019-07
300750.SZ,2019-07-04,71.05,71.8,-0.010446,80844,575394.325,己亥,庚午,壬寅,4,2019,7,1,-0.010500621511068807,0,壬,寅,水,木,庚,午,金,火,True,False,0.010641377370263848,2019-W27,2019-07
300750.SZ,2019-07-05,71.08,71.05,0.000422,88937,631207.237,己亥,庚午,癸卯,5,2019,7,1,0.00042214874334096805,1,癸,卯,水,木,庚,午,金,火,True,False,-0.010500621511068807,2019-W27,2019-07
300750.SZ,2019-07-08,68.86,71.08,-0.031232,83043,572956.111,己亥,辛未,丙午,1,2019,7,1,-0.031730545376072866,0,丙,午,火,火,辛,未,金,土,False,False,0.00042214874334096805,2019-W28,2019-07
300750.SZ,2019-07-09,70.86,68.86,0.029044,96027,671619.524,己亥,辛未,丁未,2,2019,7,1,0.02863064152694825,1,丁,未,火,土,辛,未,金,土,False,False,-0.031730545376072866,2019-W28,2019-07
300750.SZ,2019-07-10,72.25,70.86,0.019616,159315,1152969.652,己亥,辛未,戊申,3,2019,7,1,0.019426227555215624,1,戊,申,土,金,辛,未,金,土,False,False,0.02863064152694825,2019-W28,2019-07
300750.SZ,2019-07-11,72.42,72.25,0.002353,70672,513699.469,己亥,辛未,己酉,4,2019,7,1,0.002350177344953673,1,己,酉,土,金,辛,未,金,土,False,False,0.019426227555215624,2019-W28,2019-07
300750.SZ,2019-07-12,73.88,72.42,0.02016,94172,694124.849,己亥,辛未,庚戌,5,2019,7,1,0.019959650993544003,1,庚,戌,金,土,辛,未,金,土,False,False,0.002350177344953673,2019-W28,2019-07
300750.SZ,2019-07-15,73.66,73.88,-0.002978,112714,831092.957,己亥,辛未,癸丑,1,2019,7,1,-0.0029822443141199833,0,癸,丑,水,土,辛,未,金,土,False,False,0.019959650993544003,2019-W29,2019-07
300750.SZ,2019-07-16,72.82,73.66,-0.011404,96070,696256.679,己亥,辛未,甲寅,2,2019,7,1,-0.01146926826963194,0,甲,寅,木,木,辛,未,金,土,False,False,-0.0029822443141199833,2019-W29,2019-07
300750.SZ,2019-07-17,72.99,72.82,0.002335,43172,315550.235,己亥,辛未,乙卯,3,2019,7,1,0.002331802716253616,1,乙,卯,木,木,辛,未,金,土,False,False,-0.01146926826963194,2019-W29,2019-07
300750.SZ,2019-07-18,71.5,72.99,-0.020414,45170,324530.503,己亥,辛未,丙辰,4,2019,7,1,-0.020624995763578936,0,丙,辰,火,土,辛,未,金,土,False,False,0.002331802716253616,2019-W29,2019-07
300750.SZ,2019-07-19,72.5,71.5,0.013986,57358,415492.043,己亥,辛未,丁巳,5,2019,7,1,0.013889112160667093,1,丁,巳,火,火,辛,未,金,土,False,False,-0.020624995763578936,2019-W29,2019-07
300750.SZ,2019-07-22,73.08,72.36,0.00995,87657,637958.006,己亥,辛未,庚申,1,2019,7,1,0.009901070982711537,1,庚,申,金,金,辛,未,金,土,False,False,0.013889112160667093,2019-W30,2019-07
300750.SZ,2019-07-23,75.87,73.08,0.038177,164707,1243667.02,己亥,辛未,辛酉,2,2019,7,1,0.03746661784017765,1,辛,酉,金,金,辛,未,金,土,False,False,0.009901070982711537,2019-W30,2019-07
300750.SZ,2019-07-24,75.68,75.87,-0.002504,119685,911581.946,己亥,辛未,壬戌,3,2019,7,1,-0.0025074246063606013,0,壬,戌,水,土,辛,未,金,土,False,False,0.03746661784017765,2019-W30,2019-07
300750.SZ,2019-07-25,75.81,75.68,0.001718,118401,900265.031,己亥,辛未,癸亥,4,2019,7,1,0.0017162853245897445,1,癸,亥,水,水,辛,未,金,土,False,False,-0.0025074246063606013,2019-W30,2019-07
300750.SZ,2019-07-26,76.66,75.81,0.011212,115263,887611.744,己亥,辛未,甲子,5,2019,7,1,0.0111498498841965,1,甲,子,木,水,辛,未,金,土,False,False,0.0017162853245897445,2019-W30,2019-07
300750.SZ,2019-07-29,76.68,76.66,0.000261,70375,539231.508,己亥,辛未,丁卯,1,2019,7,1,0.0002608582250347523,1,丁,卯,火,木,辛,未,金,土,False,True,0.0111498498841965,2019-W31,2019-07
300750.SZ,2019-07-30,77.76,76.68,0.014085,96458,748447.373,己亥,辛未,戊辰,2,2019,7,1,0.01398624197473987,1,戊,辰,土,土,辛,未,金,土,False,True,0.0002608582250347523,2019-W31,2019-07
300750.SZ,2019-07-31,76.0,77.76,-0.022634,66221,507359.962,己亥,辛未,己巳,3,2019,7,1,-0.02289381986585262,0,己,巳,土,火,辛,未,金,土,False,True,0.01398624197473987,2019-W31,2019-07
300750.SZ,2019-08-01,75.8,76.0,-0.002632,67503,512836.765,己亥,辛未,庚午,4,2019,8,1,-0.0026350476380051138,0,庚,午,金,火,辛,未,金,土,True,False,-0.02289381986585262,2019-W31,2019-08
300750.SZ,2019-08-02,75.28,75.8,-0.00686,71660,537012.579,己亥,辛未,辛未,5,2019,8,1,-0.006883797371201697,0,辛,未,金,土,辛,未,金,土,True,False,-0.0026350476380051138,2019-W31,2019-08
300750.SZ,2019-08-05,73.0,75.28,-0.030287,89916,664300.302,己亥,辛未,甲戌,1,2019,8,1,-0.030755054128733073,0,甲,戌,木,土,辛,未,金,土,True,False,-0.006883797371201697,2019-W32,2019-08
300750.SZ,2019-08-06,72.15,73.0,-0.011644,84938,606804.434,己亥,辛未,乙亥,2,2019,8,1,-0.011712155928511119,0,乙,亥,木,水,辛,未,金,土,False,False,-0.030755054128733073,2019-W32,2019-08
300750.SZ,2019-08-07,73.33,72.15,0.016355,86048,634607.223,己亥,辛未,丙子,3,2019,8,1,0.016222516885828084,1,丙,子,火,水,辛,未,金,土,False,False,-0.011712155928511119,2019-W32,2019-08
300750.SZ,2019-08-08,73.08,73.33,-0.003409,38743,283896.694,己亥,壬申,丁丑,4,2019,8,1,-0.003415070595902192,0,丁,丑,火,土,壬,申,水,金,False,False,0.016222516885828084,2019-W32,2019-08
300750.SZ,2019-08-09,71.93,73.08,-0.015736,47326,342757.055,己亥,壬申,戊寅,5,2019,8,1,-0.015861307630540993,0,戊,寅,土,木,壬,申,水,金,False,False,-0.003415070595902192,2019-W32,2019-08
300750.SZ,2019-08-12,73.37,71.93,0.020019,42536,309047.521,己亥,壬申,辛巳,1,2019,8,1,0.019821708846637955,1,辛,巳,金,火,壬,申,水,金,False,False,-0.015861307630540993,2019-W33,2019-08
300750.SZ,2019-08-13,73.47,73.37,0.001363,53094,390413.486,己亥,壬申,壬午,2,2019,8,1,0.0013620269062829934,1,壬,午,水,火,壬,申,水,金,False,False,0.019821708846637955,2019-W33,2019-08
300750.SZ,2019-08-14,73.5,73.47,0.000408,63248,469662.043,己亥,壬申,癸未,3,2019,8,1,0.00040824658660494525,1,癸,未,水,土,壬,申,水,金,False,False,0.0013620269062829934,2019-W33,2019-08
300750.SZ,2019-08-15,74.17,73.5,0.009116,46222,338674.803,己亥,壬申,甲申,4,2019,8,1,0.009074349529675672,1,甲,申,木,金,壬,申,水,金,False,False,0.00040824658660494525,2019-W33,2019-08
300750.SZ,2019-08-16,73.22,74.17,-0.012808,69540,510354.144,己亥,壬申,乙酉,5,2019,8,1,-0.012891148056376573,0,乙,酉,木,金,壬,申,水,金,False,False,0.009074349529675672,2019-W33,2019-08
300750.SZ,2019-08-19,76.2,73.22,0.040699,105122,788088.318,己亥,壬申,戊子,1,2019,8,1,0.03989285500051043,1,戊,子,土,水,壬,申,水,金,False,False,-0.012891148056376573,2019-W34,2019-08
300750.SZ,2019-08-20,75.43,76.2,-0.010105,68190,516227.096,己亥,壬申,己丑,2,2019,8,1,-0.010156388827061075,0,己,丑,土,土,壬,申,水,金,False,False,0.03989285500051043,2019-W34,2019-08
300750.SZ,2019-08-21,75.8,75.43,0.004905,65330,497063.366,己亥,壬申,庚寅,3,2019,8,1,0.004893218782786435,1,庚,寅,金,木,壬,申,水,金,False,False,-0.010156388827061075,2019-W34,2019-08
300750.SZ,2019-08-22,75.6,75.8,-0.002639,49174,371406.219,己亥,壬申,辛卯,4,2019,8,1,-0.0026420094628386965,0,辛,卯,金,木,壬,申,水,金,False,False,0.004893218782786435,2019-W34,2019-08
300750.SZ,2019-08-23,73.9,75.6,-0.022487,165651,1217057.417,己亥,壬申,壬辰,5,2019,8,1,-0.022743455231331065,0,壬,辰,水,土,壬,申,水,金,False,False,-0.0026420094628386965,2019-W34,2019-08
300750.SZ,2019-08-26,72.77,73.9,-0.015291,91278,667071.588,己亥,壬申,乙未,1,2019,8,1,-0.015409045595161125,0,乙,未,木,土,壬,申,水,金,False,False,-0.022743455231331065,2019-W35,2019-08
300750.SZ,2019-08-27,73.3,72.77,0.007283,96052,708485.566,己亥,壬申,丙申,2,2019,8,1,0.00725682653361071,1,丙,申,火,金,壬,申,水,金,False,True,-0.015409045595161125,2019-W35,2019-08
300750.SZ,2019-08-28,72.52,73.3,-0.010641,86400,630707.719,己亥,壬申,丁酉,3,2019,8,1,-0.010698223005955522,0,丁,酉,火,金,壬,申,水,金,False,True,0.00725682653361071,2019-W35,2019-08
300750.SZ,2019-08-29,71.08,72.52,-0.019857,100760,719068.78,己亥,壬申,戊戌,4,2019,8,1,-0.020056382600199714,0,戊,戌,土,土,壬,申,水,金,False,True,-0.010698223005955522,2019-W35,2019-08
300750.SZ,2019-08-30,72.27,71.08,0.016742,118967,853502.524,己亥,壬申,己亥,5,2019,8,1,0.016603102008439015,1,己,亥,土,水,壬,申,水,金,False,True,-0.020056382600199714,2019-W35,2019-08
300750.SZ,2019-09-02,72.96,72.27,0.009548,98066,711942.578,己亥,壬申,壬寅,1,2019,9,1,0.009502240471186226,1,壬,寅,水,木,壬,申,水,金,True,False,0.016603102008439015,2019-W36,2019-09
300750.SZ,2019-09-03,71.2,72.96,-0.024123,130194,928815.989,己亥,壬申,癸卯,2,2019,9,1,-0.02441852734814577,0,癸,卯,水,木,壬,申,水,金,True,False,0.009502240471186226,2019-W36,2019-09
300750.SZ,2019-09-04,71.18,71.2,-0.000281,117106,825074.108,己亥,壬申,甲辰,3,2019,9,1,-0.0002809383358834496,0,甲,辰,木,土,壬,申,水,金,True,False,-0.02441852734814577,2019-W36,2019-09
300750.SZ,2019-09-05,71.3,71.18,0.001686,123015,882671.197,己亥,壬申,乙巳,4,2019,9,1,0.0016844473382035274,1,乙,巳,木,火,壬,申,水,金,True,False,-0.0002809383358834496,2019-W36,2019-09
300750.SZ,2019-09-06,71.86,71.3,0.007854,82921,595782.214,己亥,壬申,丙午,5,2019,9,1,0.007823454265122352,1,丙,午,火,火,壬,申,水,金,False,False,0.0016844473382035274,2019-W36,2019-09
300750.SZ,2019-09-09,77.0,71.86,0.071528,258029,1929969.738,己亥,癸酉,己酉,1,2019,9,1,0.06908564016831123,1,己,酉,土,金,癸,酉,水,金,False,False,0.007823454265122352,2019-W37,2019-09
300750.SZ,2019-09-10,77.22,77.0,0.002857,188278,1453966.628,己亥,癸酉,庚戌,2,2019,9,1,0.0028530689824064807,1,庚,戌,金,土,癸,酉,水,金,False,False,0.06908564016831123,2019-W37,2019-09
300750.SZ,2019-09-11,77.77,77.22,0.007123,212306,1677214.721,己亥,癸酉,辛亥,3,2019,9,1,0.007097261870761685,1,辛,亥,金,水,癸,酉,水,金,False,False,0.0028530689824064807,2019-W37,2019-09
300750.SZ,2019-09-12,78.0,77.77,0.002957,154047,1208379.49,己亥,癸酉,壬子,4,2019,9,1,0.002953073982739796,1,壬,子,水,水,癸,酉,水,金,False,False,0.007097261870761685,2019-W37,2019-09
300750.SZ,2019-09-16,76.7,78.0,-0.016667,135279,1049862.814,己亥,癸酉,丙辰,1,2019,9,1,-0.016807118316381174,0,丙,辰,火,土,癸,酉,水,金,False,False,0.002953073982739796,2019-W38,2019-09
300750.SZ,2019-09-17,74.52,76.7,-0.028422,143175,1075220.901,己亥,癸酉,丁巳,2,2019,9,1,-0.028834162639822896,0,丁,巳,火,火,癸,酉,水,金,False,False,-0.016807118316381174,2019-W38,2019-09
300750.SZ,2019-09-18,74.59,74.52,0.000939,100855,755559.853,己亥,癸酉,戊午,3,2019,9,1,0.000938904233684175,1,戊,午,土,火,癸,酉,水,金,False,False,-0.028834162639822896,2019-W38,2019-09
300750.SZ,2019-09-19,75.38,74.59,0.010591,141323,1065080.393,己亥,癸酉,己未,4,2019,9,1,0.010535537871917461,1,己,未,土,土,癸,酉,水,金,False,False,0.000938904233684175,2019-W38,2019-09
300750.SZ,2019-09-20,74.86,75.38,-0.006898,128027,962427.238,己亥,癸酉,庚申,5,2019,9,1,-0.0069222853627064415,0,庚,申,金,金,癸,酉,水,金,False,False,0.010535537871917461,2019-W38,2019-09
300750.SZ,2019-09-23,72.99,74.86,-0.02498,123098,899754.06,己亥,癸酉,癸亥,1,2019,9,1,-0.025297257012742064,0,癸,亥,水,水,癸,酉,水,金,False,False,-0.0069222853627064415,2019-W39,2019-09
300750.SZ,2019-09-24,72.73,72.99,-0.003562,128426,936875.749,己亥,癸酉,甲子,2,2019,9,1,-0.0035684912970914808,0,甲,子,木,水,癸,酉,水,金,False,False,-0.025297257012742064,2019-W39,2019-09
300750.SZ,2019-09-25,72.96,72.73,0.003162,133953,975645.561,己亥,癸酉,乙丑,3,2019,9,1,0.003157391599626434,1,乙,丑,木,土,癸,酉,水,金,False,False,-0.0035684912970914808,2019-W39,2019-09
300750.SZ,2019-09-26,71.45,72.96,-0.020696,130923,941682.667,己亥,癸酉,丙寅,4,2019,9,1,-0.020913441390199457,0,丙,寅,火,木,癸,酉,水,金,False,True,0.003157391599626434,2019-W39,2019-09
300750.SZ,2019-09-27,71.46,71.45,0.00014,71437,510484.481,己亥,癸酉,丁卯,5,2019,9,1,0.00013994821938713404,1,丁,卯,火,木,癸,酉,水,金,False,True,-0.020913441390199457,2019-W39,2019-09
300750.SZ,2019-09-30,71.5,71.46,0.00056,67607,484212.294,己亥,癸酉,庚午,1,2019,9,1,0.0005595971046982757,1,庚,午,金,火,癸,酉,水,金,False,True,0.00013994821938713404,2019-W40,2019-09
300750.SZ,2019-10-08,70.26,71.5,-0.017343,87357,618883.409,己亥,甲戌,戊寅,2,2019,10,1,-0.017494802862280927,0,戊,寅,土,木,甲,戌,木,土,False,False,0.0005595971046982757,2019-W41,2019-10
300750.SZ,2019-10-09,69.1,70.26,-0.01651,132218,911571.269,己亥,甲戌,己卯,3,2019,10,1,-0.016647916064056915,0,己,卯,土,木,甲,戌,木,土,False,False,-0.017494802862280927,2019-W41,2019-10
300750.SZ,2019-10-10,70.9,69.1,0.026049,122851,869992.051,己亥,甲戌,庚辰,4,2019,10,1,0.02571570276445773,1,庚,辰,金,土,甲,戌,木,土,False,False,-0.016647916064056915,2019-W41,2019-10
300750.SZ,2019-10-11,71.46,70.9,0.007898,94925,677544.365,己亥,甲戌,辛巳,5,2019,10,1,0.007867419057181777,1,辛,巳,金,火,甲,戌,木,土,False,False,0.02571570276445773,2019-W41,2019-10
300750.SZ,2019-10-14,70.85,71.46,-0.008536,122035,867406.114,己亥,甲戌,甲申,1,2019,10,1,-0.008572886458574328,0,甲,申,木,金,甲,戌,木,土,False,False,0.007867419057181777,2019-W42,2019-10
300750.SZ,2019-10-15,70.97,70.85,0.001694,89350,636739.159,己亥,甲戌,乙酉,2,2019,10,1,0.0016922864002021046,1,乙,酉,木,金,甲,戌,木,土,False,False,-0.008572886458574328,2019-W42,2019-10
300750.SZ,2019-10-16,69.69,70.97,-0.018036,81236,568498.326,己亥,甲戌,丙戌,3,2019,10,1,-0.018200417086464086,0,丙,戌,火,土,甲,戌,木,土,False,False,0.0016922864002021046,2019-W42,2019-10
300750.SZ,2019-10-17,69.3,69.69,-0.005596,72455,501288.116,己亥,甲戌,丁亥,4,2019,10,1,-0.005611929254569874,0,丁,亥,火,水,甲,戌,木,土,False,False,-0.018200417086464086,2019-W42,2019-10
300750.SZ,2019-10-18,70.09,69.3,0.0114,76282,533023.008,己亥,甲戌,戊子,5,2019,10,1,0.011335224316375962,1,戊,子,土,水,甲,戌,木,土,False,False,-0.005611929254569874,2019-W42,2019-10
300750.SZ,2019-10-21,69.64,70.09,-0.00642,50431,350055.632,己亥,甲戌,辛卯,1,2019,10,1,-0.006441015612245181,0,辛,卯,金,木,甲,戌,木,土,False,False,0.011335224316375962,2019-W43,2019-10
300750.SZ,2019-10-22,70.72,69.64,0.015508,69273,489333.687,己亥,甲戌,壬辰,2,2019,10,1,0.015389303429399584,1,壬,辰,水,土,甲,戌,木,土,False,False,-0.006441015612245181,2019-W43,2019-10
300750.SZ,2019-10-23,70.76,70.72,0.000566,63176,447168.647,己亥,甲戌,癸巳,3,2019,10,1,0.0005654509621965294,1,癸,巳,水,火,甲,戌,木,土,False,False,0.015389303429399584,2019-W43,2019-10
300750.SZ,2019-10-24,71.63,70.76,0.012295,90432,646704.355,己亥,甲戌,甲午,4,2019,10,1,0.012220111334775177,1,甲,午,木,火,甲,戌,木,土,False,False,0.0005654509621965294,2019-W43,2019-10
300750.SZ,2019-10-25,71.02,71.63,-0.008516,53897,382402.723,己亥,甲戌,乙未,5,2019,10,1,-0.008552453111418005,0,乙,未,木,土,甲,戌,木,土,False,False,0.012220111334775177,2019-W43,2019-10
300750.SZ,2019-10-28,70.81,71.02,-0.002957,99662,700210.842,己亥,甲戌,戊戌,1,2019,10,1,-0.0029612938512592166,0,戊,戌,土,土,甲,戌,木,土,False,True,-0.008552453111418005,2019-W44,2019-10
300750.SZ,2019-10-29,69.28,70.81,-0.021607,98656,687635.379,己亥,甲戌,己亥,2,2019,10,1,-0.02184396940950284,0,己,亥,土,水,甲,戌,木,土,False,True,-0.0029612938512592166,2019-W44,2019-10
300750.SZ,2019-10-30,69.52,69.28,0.003464,75613,520676.672,己亥,甲戌,庚子,3,2019,10,1,0.003458216702956889,1,庚,子,金,水,甲,戌,木,土,False,True,-0.02184396940950284,2019-W44,2019-10
300750.SZ,2019-10-31,68.71,69.52,-0.011651,56268,387993.148,己亥,甲戌,辛丑,4,2019,10,1,-0.011719731914152036,0,辛,丑,金,土,甲,戌,木,土,False,True,0.003458216702956889,2019-W44,2019-10
300750.SZ,2019-11-01,69.33,68.71,0.009023,56134,387301.784,己亥,甲戌,壬寅,5,2019,11,1,0.00898296391141443,1,壬,寅,水,木,甲,戌,木,土,True,False,-0.011719731914152036,2019-W44,2019-11
300750.SZ,2019-11-04,69.93,69.33,0.008654,82866,577524.887,己亥,甲戌,乙巳,1,2019,11,1,0.008617028761376462,1,乙,巳,木,火,甲,戌,木,土,True,False,0.00898296391141443,2019-W45,2019-11
300750.SZ,2019-11-05,73.48,69.93,0.050765,237825,1725001.848,己亥,甲戌,丙午,2,2019,11,1,0.04951851863114946,1,丙,午,火,火,甲,戌,木,土,True,False,0.008617028761376462,2019-W45,2019-11
300750.SZ,2019-11-06,75.9,73.48,0.032934,441481,3404725.404,己亥,甲戌,丁未,3,2019,11,1,0.03240342405465943,1,丁,未,火,土,甲,戌,木,土,False,False,0.04951851863114946,2019-W45,2019-11
300750.SZ,2019-11-07,75.3,75.9,-0.007905,216633,1632551.884,己亥,甲戌,戊申,4,2019,11,1,-0.007936549595736414,0,戊,申,土,金,甲,戌,木,土,False,False,0.03240342405465943,2019-W45,2019-11
300750.SZ,2019-11-08,75.62,75.3,0.00425,190358,1451717.069,己亥,乙亥,己酉,5,2019,11,1,0.004240663656938944,1,己,酉,土,金,乙,亥,木,水,False,False,-0.007936549595736414,2019-W45,2019-11
300750.SZ,2019-11-11,73.7,75.62,-0.02539,99913,743193.688,己亥,乙亥,壬子,1,2019,11,1,-0.025717999267495895,0,壬,子,水,水,乙,亥,木,水,False,False,0.004240663656938944,2019-W46,2019-11
300750.SZ,2019-11-12,74.45,73.7,0.010176,90842,676179.118,己亥,乙亥,癸丑,2,2019,11,1,0.01012495993472697,1,癸,丑,水,土,乙,亥,木,水,False,False,-0.025717999267495895,2019-W46,2019-11
300750.SZ,2019-11-13,73.94,74.45,-0.00685,67352,500321.731,己亥,乙亥,甲寅,3,2019,11,1,-0.006873805621532219,0,甲,寅,木,木,乙,亥,木,水,False,False,0.01012495993472697,2019-W46,2019-11
300750.SZ,2019-11-14,74.1,73.94,0.002164,67258,500146.771,己亥,乙亥,乙卯,4,2019,11,1,0.002161578793555229,1,乙,卯,木,木,乙,亥,木,水,False,False,-0.006873805621532219,2019-W46,2019-11
300750.SZ,2019-11-15,72.6,74.1,-0.020243,107220,777993.873,己亥,乙亥,丙辰,5,2019,11,1,-0.020450610471290768,0,丙,辰,火,土,乙,亥,木,水,False,False,0.002161578793555229,2019-W46,2019-11
300750.SZ,2019-11-18,72.87,72.6,0.003719,44955,327040.087,己亥,乙亥,己未,1,2019,11,1,0.003712109851440525,1,己,未,土,土,乙,亥,木,水,False,False,-0.020450610471290768,2019-W47,2019-11
300750.SZ,2019-11-19,76.94,72.87,0.055853,186313,1408822.314,己亥,乙亥,庚申,2,2019,11,1,0.05434886564195825,1,庚,申,金,金,乙,亥,木,水,False,False,0.003712109851440525,2019-W47,2019-11
300750.SZ,2019-11-20,76.3,76.94,-0.008318,112468,866890.314,己亥,乙亥,辛酉,3,2019,11,1,-0.008352959033737804,0,辛,酉,金,金,乙,亥,木,水,False,False,0.05434886564195825,2019-W47,2019-11
300750.SZ,2019-11-21,77.15,76.3,0.01114,124424,962849.296,己亥,乙亥,壬戌,4,2019,11,1,0.011078640518758726,1,壬,戌,水,土,乙,亥,木,水,False,False,-0.008352959033737804,2019-W47,2019-11
300750.SZ,2019-11-22,80.5,77.15,0.043422,423471,3469882.994,己亥,乙亥,癸亥,5,2019,11,1,0.042505605615347664,1,癸,亥,水,水,乙,亥,木,水,False,False,0.011078640518758726,2019-W47,2019-11
300750.SZ,2019-11-25,83.58,80.5,0.038261,280837,2324168.795,己亥,乙亥,丙寅,1,2019,11,1,0.037547072595251606,1,丙,寅,火,木,乙,亥,木,水,False,False,0.042505605615347664,2019-W48,2019-11
300750.SZ,2019-11-26,88.0,83.58,0.052883,391483,3366468.758,己亥,乙亥,丁卯,2,2019,11,1,0.05153255745843708,1,丁,卯,火,木,乙,亥,木,水,False,True,0.037547072595251606,2019-W48,2019-11
300750.SZ,2019-11-27,87.25,88.0,-0.008523,194442,1701295.924,己亥,乙亥,戊辰,3,2019,11,1,-0.008559253395669948,0,戊,辰,土,土,乙,亥,木,水,False,True,0.05153255745843708,2019-W48,2019-11
300750.SZ,2019-11-28,87.41,87.25,0.001834,145224,1272961.361,己亥,乙亥,己巳,4,2019,11,1,0.0018321315098599477,1,己,巳,土,火,乙,亥,木,水,False,True,-0.008559253395669948,2019-W48,2019-11
300750.SZ,2019-11-29,87.41,87.41,0.0,129221,1128335.006,己亥,乙亥,庚午,5,2019,11,1,0.0,0,庚,午,金,火,乙,亥,木,水,False,True,0.0018321315098599477,2019-W48,2019-11
300750.SZ,2019-12-02,87.1,87.41,-0.003547,119017,1037432.152,己亥,乙亥,癸酉,1,2019,12,1,-0.0035528087339394424,0,癸,酉,水,金,乙,亥,木,水,True,False,0.0,2019-W49,2019-12
300750.SZ,2019-12-03,86.4,87.1,-0.008037,156894,1344177.278,己亥,乙亥,甲戌,2,2019,12,1,-0.008069208048447017,0,甲,戌,木,土,乙,亥,木,水,True,False,-0.0035528087339394424,2019-W49,2019-12
300750.SZ,2019-12-04,86.7,86.4,0.003472,168785,1471734.012,己亥,乙亥,乙亥,3,2019,12,1,0.003466207976486108,1,乙,亥,木,水,乙,亥,木,水,True,False,-0.008069208048447017,2019-W49,2019-12
300750.SZ,2019-12-05,92.0,86.7,0.06113,263629,2386541.251,己亥,乙亥,丙子,4,2019,12,1,0.05933469326254405,1,丙,子,火,水,乙,亥,木,水,True,False,0.003466207976486108,2019-W49,2019-12
300750.SZ,2019-12-06,93.0,92.0,0.01087,134377,1241180.809,己亥,乙亥,丁丑,5,2019,12,1,0.010810916104215675,1,丁,丑,火,土,乙,亥,木,水,False,False,0.05933469326254405,2019-W49,2019-12
300750.SZ,2019-12-09,92.89,93.0,-0.001183,147499,1356068.173,己亥,丙子,庚辰,1,2019,12,1,-0.0011834957538265254,0,庚,辰,金,土,丙,子,火,水,False,False,0.010810916104215675,2019-W50,2019-12
300750.SZ,2019-12-10,93.35,92.89,0.004952,126949,1180456.0,己亥,丙子,辛巳,2,2019,12,1,0.0049398725883021384,1,辛,巳,金,火,丙,子,火,水,False,False,-0.0011834957538265254,2019-W50,2019-12
300750.SZ,2019-12-11,91.49,93.35,-0.019925,133255,1228395.775,己亥,丙子,壬午,3,2019,12,1,-0.020126193296287676,0,壬,午,水,火,丙,子,火,水,False,False,0.0049398725883021384,2019-W50,2019-12
300750.SZ,2019-12-12,89.7,91.49,-0.019565,148786,1348243.702,己亥,丙子,癸未,4,2019,12,1,-0.019758907626693398,0,癸,未,水,土,丙,子,火,水,False,False,-0.020126193296287676,2019-W50,2019-12
300750.SZ,2019-12-13,93.0,89.7,0.036789,182898,1685672.88,己亥,丙子,甲申,5,2019,12,1,0.03612872408850548,1,甲,申,木,金,丙,子,火,水,False,False,-0.019758907626693398,2019-W50,2019-12
300750.SZ,2019-12-16,92.3,93.0,-0.007527,182178,1677225.43,己亥,丙子,丁亥,1,2019,12,1,-0.007555351644449502,0,丁,亥,火,水,丙,子,火,水,False,False,0.03612872408850548,2019-W51,2019-12
300750.SZ,2019-12-17,95.39,92.3,0.033478,277393,2651624.403,己亥,丙子,戊子,2,2019,12,1,0.0329296096483103,1,戊,子,土,水,丙,子,火,水,False,False,-0.007555351644449502,2019-W51,2019-12
300750.SZ,2019-12-18,93.19,95.39,-0.023063,186405,1738803.703,己亥,丙子,己丑,3,2019,12,1,-0.023333331359552668,0,己,丑,土,土,丙,子,火,水,False,False,0.0329296096483103,2019-W51,2019-12
300750.SZ,2019-12-19,93.25,93.19,0.000644,108433,1003631.198,己亥,丙子,庚寅,4,2019,12,1,0.0006436387263609371,1,庚,寅,金,木,丙,子,火,水,False,False,-0.023333331359552668,2019-W51,2019-12
300750.SZ,2019-12-20,92.78,93.25,-0.00504,103579,968703.786,己亥,丙子,辛卯,5,2019,12,1,-0.005052959200327323,0,辛,卯,金,木,丙,子,火,水,False,False,0.0006436387263609371,2019-W51,2019-12
300750.SZ,2019-12-23,92.9,92.78,0.001293,141429,1327211.448,己亥,丙子,甲午,1,2019,12,1,0.0012925464961952911,1,甲,午,木,火,丙,子,火,水,False,False,-0.005052959200327323,2019-W52,2019-12
300750.SZ,2019-12-24,99.5,92.9,0.071044,297043,2899590.776,己亥,丙子,乙未,2,2019,12,1,0.06863399834475421,1,乙,未,木,土,丙,子,火,水,False,False,0.0012925464961952911,2019-W52,2019-12
300750.SZ,2019-12-25,105.3,99.5,0.058291,233077,2363520.362,己亥,丙子,丙申,3,2019,12,1,0.05665577497538272,1,丙,申,火,金,丙,子,火,水,False,False,0.06863399834475421,2019-W52,2019-12
300750.SZ,2019-12-26,105.12,105.3,-0.001709,148416,1549926.129,己亥,丙子,丁酉,4,2019,12,1,-0.0017108644036293189,0,丁,酉,火,金,丙,子,火,水,False,False,0.05665577497538272,2019-W52,2019-12
300750.SZ,2019-12-27,104.2,105.12,-0.008752,240549,2568286.547,己亥,丙子,戊戌,5,2019,12,1,-0.008790425417033823,0,戊,戌,土,土,丙,子,火,水,False,True,-0.0017108644036293189,2019-W52,2019-12
300750.SZ,2019-12-30,110.0,104.2,0.055662,235779,2546998.962,己亥,丙子,辛丑,1,2019,12,1,0.054168236473149674,1,辛,丑,金,土,丙,子,火,水,False,True,-0.008790425417033823,2020-W01,2019-12
300750.SZ,2019-12-31,106.4,110.0,-0.032727,215007,2311684.353,己亥,丙子,壬寅,2,2019,12,1,-0.03327478888487221,0,壬,寅,水,木,丙,子,火,水,False,True,0.054168236473149674,2020-W01,2019-12
300750.SZ,2020-01-02,107.52,106.4,0.010526,206115,2213454.65,己亥,丙子,甲辰,4,2020,1,1,0.010471299867295216,1,甲,辰,木,土,丙,子,火,水,True,False,-0.03327478888487221,2020-W01,2020-01
300750.SZ,2020-01-03,109.55,107.52,0.01888,180841,1956828.808,己亥,丙子,乙巳,5,2020,1,1,0.018704189266636043,1,乙,巳,木,火,丙,子,火,水,True,False,0.010471299867295216,2020-W01,2020-01
300750.SZ,2020-01-06,109.09,109.55,-0.004199,265002,2958351.779,己亥,丁丑,戊申,1,2020,1,1,-0.004207836431810076,0,戊,申,土,金,丁,丑,火,土,False,False,0.018704189266636043,2020-W02,2020-01
300750.SZ,2020-01-07,108.5,109.09,-0.005408,135075,1461154.189,己亥,丁丑,己酉,2,2020,1,1,-0.00542305662915112,0,己,酉,土,金,丁,丑,火,土,False,False,-0.004207836431810076,2020-W02,2020-01
300750.SZ,2020-01-08,109.6,108.5,0.010138,192240,2098374.347,己亥,丁丑,庚戌,3,2020,1,1,0.010087201533400897,1,庚,戌,金,土,丁,丑,火,土,False,False,-0.00542305662915112,2020-W02,2020-01
300750.SZ,2020-01-09,115.0,109.6,0.04927,201643,2287090.666,己亥,丁丑,辛亥,4,2020,1,1,0.04809475384933488,1,辛,亥,金,水,丁,丑,火,土,False,False,0.010087201533400897,2020-W02,2020-01
300750.SZ,2020-01-10,113.31,115.0,-0.014696,144280,1628569.248,己亥,丁丑,壬子,5,2020,1,1,-0.014804702970774838,0,壬,子,水,水,丁,丑,火,土,False,False,0.04809475384933488,2020-W02,2020-01
300750.SZ,2020-01-13,116.9,113.31,0.031683,215974,2516539.925,己亥,丁丑,乙卯,1,2020,1,1,0.03119144308554757,1,乙,卯,木,木,丁,丑,火,土,False,False,-0.014804702970774838,2020-W03,2020-01
300750.SZ,2020-01-14,115.7,116.9,-0.010265,217684,2585867.747,己亥,丁丑,丙辰,2,2020,1,1,-0.010318234278391871,0,丙,辰,火,土,丁,丑,火,土,False,False,0.03119144308554757,2020-W03,2020-01
300750.SZ,2020-01-15,115.3,115.7,-0.003457,177587,2031327.383,己亥,丁丑,丁巳,3,2020,1,1,-0.003463206924617591,0,丁,巳,火,火,丁,丑,火,土,False,False,-0.010318234278391871,2020-W03,2020-01
300750.SZ,2020-01-16,116.4,115.3,0.00954,129341,1492301.746,己亥,丁丑,戊午,4,2020,1,1,0.009495108022324245,1,戊,午,土,火,丁,丑,火,土,False,False,-0.003463206924617591,2020-W03,2020-01
300750.SZ,2020-01-17,115.08,116.4,-0.01134,146624,1694771.901,己亥,丁丑,己未,5,2020,1,1,-0.011404996613990357,0,己,未,土,土,丁,丑,火,土,False,False,0.009495108022324245,2020-W03,2020-01
300750.SZ,2020-01-20,123.2,115.08,0.07056,248922,2992287.056,己亥,丁丑,壬戌,1,2020,1,1,0.06818151241607226,1,壬,戌,水,土,丁,丑,火,土,False,False,-0.011404996613990357,2020-W04,2020-01
300750.SZ,2020-01-21,121.65,123.2,-0.012581,142671,1734790.906,己亥,丁丑,癸亥,2,2020,1,1,-0.012660981869887728,0,癸,亥,水,水,丁,丑,火,土,False,False,0.06818151241607226,2020-W04,2020-01
300750.SZ,2020-01-22,133.82,121.65,0.100041,349915,4493837.402,己亥,丁丑,甲子,3,2020,1,1,0.09534754412513909,1,甲,子,木,水,丁,丑,火,土,False,False,-0.012660981869887728,2020-W04,2020-01
300750.SZ,2020-01-23,130.57,133.82,-0.024286,359862,4755930.193,己亥,丁丑,乙丑,4,2020,1,1,-0.024586131934723667,0,乙,丑,木,土,丁,丑,火,土,False,False,0.09534754412513909,2020-W04,2020-01
300750.SZ,2020-02-03,135.36,130.57,0.036685,526346,7148822.247,己亥,丁丑,丙子,1,2020,2,1,0.036028414437966054,1,丙,子,火,水,丁,丑,火,土,True,False,-0.024586131934723667,2020-W06,2020-02
300750.SZ,2020-02-04,148.9,135.36,0.10003,359135,5283954.889,庚子,戊寅,丁丑,2,2020,2,1,0.09533704383205013,1,丁,丑,火,土,戊,寅,土,木,True,False,0.036028414437966054,2020-W06,2020-02
300750.SZ,2020-02-05,163.79,148.9,0.1,530823,8588999.756,庚子,戊寅,戊寅,3,2020,2,1,0.09531017980432474,1,戊,寅,土,木,戊,寅,土,木,True,False,0.09533704383205013,2020-W06,2020-02
300750.SZ,2020-02-06,169.89,163.79,0.037243,579189,9265610.935,庚子,戊寅,己卯,4,2020,2,1,0.03656604929953514,1,己,卯,土,木,戊,寅,土,木,False,False,0.09531017980432474,2020-W06,2020-02
300750.SZ,2020-02-07,160.2,169.89,-0.057037,454994,7426674.364,庚子,戊寅,庚辰,5,2020,2,1,-0.05872813415956445,0,庚,辰,金,土,戊,寅,土,木,False,False,0.03656604929953514,2020-W06,2020-02
300750.SZ,2020-02-10,165.26,160.2,0.031586,375409,6161572.536,庚子,戊寅,癸未,1,2020,2,1,0.031096956638779507,1,癸,未,水,土,戊,寅,土,木,False,False,-0.05872813415956445,2020-W07,2020-02
300750.SZ,2020-02-11,158.4,165.26,-0.04151,339945,5451183.356,庚子,戊寅,甲申,2,2020,2,1,-0.04239651189271278,0,甲,申,木,金,戊,寅,土,木,False,False,0.031096956638779507,2020-W07,2020-02
300750.SZ,2020-02-12,159.65,158.4,0.007891,325862,5174595.055,庚子,戊寅,乙酉,3,2020,2,1,0.007860439780465545,1,乙,酉,木,金,戊,寅,土,木,False,False,-0.04239651189271278,2020-W07,2020-02
300750.SZ,2020-02-13,156.34,159.65,-0.020733,313609,4914616.428,庚子,戊寅,丙戌,4,2020,2,1,-0.020950796368606653,0,丙,戌,火,土,戊,寅,土,木,False,False,0.007860439780465545,2020-W07,2020-02
300750.SZ,2020-02-14,149.9,156.34,-0.041192,439618,6739413.554,庚子,戊寅,丁亥,5,2020,2,1,-0.042064717683632284,0,丁,亥,火,水,戊,寅,土,木,False,False,-0.020950796368606653,2020-W07,2020-02
300750.SZ,2020-02-17,154.1,149.9,0.028019,344471,5309578.996,庚子,戊寅,庚寅,1,2020,2,1,0.02763333721751791,1,庚,寅,金,木,戊,寅,土,木,False,False,-0.042064717683632284,2020-W08,2020-02
300750.SZ,2020-02-18,156.62,154.1,0.016353,282305,4400767.113,庚子,戊寅,辛卯,2,2020,2,1,0.016220746996721547,1,辛,卯,金,木,戊,寅,土,木,False,False,0.02763333721751791,2020-W08,2020-02
300750.SZ,2020-02-19,153.2,156.62,-0.021836,418167,6598898.913,庚子,戊寅,壬辰,3,2020,2,1,-0.022078232016300804,0,壬,辰,水,土,戊,寅,土,木,False,False,0.016220746996721547,2020-W08,2020-02
300750.SZ,2020-02-20,160.0,153.2,0.044386,518440,8254242.623,庚子,戊寅,癸巳,4,2020,2,1,0.043429557927336104,1,癸,巳,水,火,戊,寅,土,木,False,False,-0.022078232016300804,2020-W08,2020-02
300750.SZ,2020-02-21,159.9,160.0,-0.000625,338051,5376640.66,庚子,戊寅,甲午,5,2020,2,1,-0.0006251953939183611,0,甲,午,木,火,戊,寅,土,木,False,False,0.043429557927336104,2020-W08,2020-02
300750.SZ,2020-02-24,154.41,159.9,-0.034334,365230,5670550.935,庚子,戊寅,丁酉,1,2020,2,1,-0.034937217507135715,0,丁,酉,火,金,戊,寅,土,木,False,False,-0.0006251953939183611,2020-W09,2020-02
300750.SZ,2020-02-25,161.85,154.41,0.048183,516026,8116792.624,庚子,戊寅,戊戌,2,2020,2,1,0.04705857803948043,1,戊,戌,土,土,戊,寅,土,木,False,True,-0.034937217507135715,2020-W09,2020-02
300750.SZ,2020-02-26,152.86,161.85,-0.055545,338279,5273485.008,庚子,戊寅,己亥,3,2020,2,1,-0.05714751055751521,0,己,亥,土,水,戊,寅,土,木,False,True,0.04705857803948043,2020-W09,2020-02
300750.SZ,2020-02-27,149.48,152.86,-0.022112,332002,5062343.3,庚子,戊寅,庚子,4,2020,2,1,-0.022359865197454986,0,庚,子,金,水,戊,寅,土,木,False,True,-0.05714751055751521,2020-W09,2020-02
300750.SZ,2020-02-28,135.67,149.48,-0.092387,508447,7090643.685,庚子,戊寅,辛丑,5,2020,2,1,-0.096937138120066,0,辛,丑,金,土,戊,寅,土,木,False,True,-0.022359865197454986,2020-W09,2020-02
300750.SZ,2020-03-02,139.99,135.67,0.031842,318150,4426474.527,庚子,戊寅,甲辰,1,2020,3,1,0.03134552498951673,1,甲,辰,木,土,戊,寅,土,木,True,False,-0.096937138120066,2020-W10,2020-03
300750.SZ,2020-03-03,145.78,139.99,0.04136,296910,4366384.638,庚子,戊寅,乙巳,2,2020,3,1,0.04052764446733292,1,乙,巳,木,火,戊,寅,土,木,True,False,0.03134552498951673,2020-W10,2020-03
300750.SZ,2020-03-04,143.7,145.78,-0.014268,205946,2945905.656,庚子,戊寅,丙午,3,2020,3,1,-0.014370842869087744,0,丙,午,火,火,戊,寅,土,木,True,False,0.04052764446733292,2020-W10,2020-03
300750.SZ,2020-03-05,145.22,143.7,0.010578,224633,3254884.224,庚子,己卯,丁未,4,2020,3,1,0.010522040867121512,1,丁,未,火,土,己,卯,土,木,True,False,-0.014370842869087744,2020-W10,2020-03
300750.SZ,2020-03-06,143.52,145.22,-0.011706,159808,2309879.439,庚子,己卯,戊申,5,2020,3,1,-0.011775435641614599,0,戊,申,土,金,己,卯,土,木,False,False,0.010522040867121512,2020-W10,2020-03
300750.SZ,2020-03-09,133.45,143.52,-0.070164,294252,4022533.011,庚子,己卯,辛亥,1,2020,3,1,-0.07274752245995303,0,辛,亥,金,水,己,卯,土,木,False,False,-0.011775435641614599,2020-W11,2020-03
300750.SZ,2020-03-10,140.53,133.45,0.053054,292744,4026499.803,庚子,己卯,壬子,2,2020,3,1,0.05169411326212065,1,壬,子,水,水,己,卯,土,木,False,False,-0.07274752245995303,2020-W11,2020-03
300750.SZ,2020-03-11,140.78,140.53,0.001779,339232,4857506.589,庚子,己卯,癸丑,3,2020,3,1,0.0017773990673318793,1,癸,丑,水,土,己,卯,土,木,False,False,0.05169411326212065,2020-W11,2020-03
300750.SZ,2020-03-12,134.2,140.78,-0.04674,333857,4454589.854,庚子,己卯,甲寅,4,2020,3,1,-0.04786716364240427,0,甲,寅,木,木,己,卯,土,木,False,False,0.0017773990673318793,2020-W11,2020-03
300750.SZ,2020-03-13,132.1,134.2,-0.015648,274552,3557983.786,庚子,己卯,乙卯,5,2020,3,1,-0.01577201300930176,0,乙,卯,木,木,己,卯,土,木,False,False,-0.04786716364240427,2020-W11,2020-03
300750.SZ,2020-03-16,119.06,132.1,-0.098713,490484,5992811.655,庚子,己卯,戊午,1,2020,3,1,-0.10393164380303552,0,戊,午,土,火,己,卯,土,木,False,False,-0.01577201300930176,2020-W12,2020-03
300750.SZ,2020-03-17,117.95,119.06,-0.009323,392203,4571660.103,庚子,己卯,己未,2,2020,3,1,-0.009366761871559952,0,己,未,土,土,己,卯,土,木,False,False,-0.10393164380303552,2020-W12,2020-03
300750.SZ,2020-03-18,117.35,117.95,-0.005087,313383,3757216.35,庚子,己卯,庚申,3,2020,3,1,-0.005099883556651581,0,庚,申,金,金,己,卯,土,木,False,False,-0.009366761871559952,2020-W12,2020-03
300750.SZ,2020-03-19,115.04,117.35,-0.019685,331563,3803916.536,庚子,己卯,辛酉,4,2020,3,1,-0.019881028324295846,0,辛,酉,金,金,己,卯,土,木,False,False,-0.005099883556651581,2020-W12,2020-03
300750.SZ,2020-03-20,115.86,115.04,0.007128,225142,2615607.081,庚子,己卯,壬戌,5,2020,3,1,0.007102671695741553,1,壬,戌,水,土,己,卯,土,木,False,False,-0.019881028324295846,2020-W12,2020-03
300750.SZ,2020-03-23,107.48,115.86,-0.072329,307618,3324031.004,庚子,己卯,乙丑,1,2020,3,1,-0.0750777819211876,0,乙,丑,木,土,己,卯,土,木,False,False,0.007102671695741553,2020-W13,2020-03
300750.SZ,2020-03-24,111.57,107.48,0.038054,291169,3222263.478,庚子,己卯,丙寅,2,2020,3,1,0.0373474128577977,1,丙,寅,火,木,己,卯,土,木,False,False,-0.0750777819211876,2020-W13,2020-03
300750.SZ,2020-03-25,121.0,111.57,0.084521,385928,4603104.636,庚子,己卯,丁卯,3,2020,3,1,0.08113834899165284,1,丁,卯,火,木,己,卯,土,木,False,False,0.0373474128577977,2020-W13,2020-03
300750.SZ,2020-03-26,119.63,121.0,-0.011322,194370,2344662.56,庚子,己卯,戊辰,4,2020,3,1,-0.01138689941392832,0,戊,辰,土,土,己,卯,土,木,False,False,0.08113834899165284,2020-W13,2020-03
300750.SZ,2020-03-27,118.71,119.63,-0.00769,174990,2101160.34,庚子,己卯,己巳,5,2020,3,1,-0.007720102117370193,0,己,巳,土,火,己,卯,土,木,False,True,-0.01138689941392832,2020-W13,2020-03
300750.SZ,2020-03-30,119.31,118.71,0.005054,261655,3010412.506,庚子,己卯,壬申,1,2020,3,1,0.00504160382226637,1,壬,申,水,金,己,卯,土,木,False,True,-0.007720102117370193,2020-W14,2020-03
300750.SZ,2020-03-31,120.39,119.31,0.009052,194851,2350421.157,庚子,己卯,癸酉,2,2020,3,1,0.009011325059226106,1,癸,酉,水,金,己,卯,土,木,False,True,0.00504160382226637,2020-W14,2020-03
300750.SZ,2020-04-01,120.4,120.39,8.3e-05,298950,3664714.147,庚子,己卯,甲戌,3,2020,4,1,8.305992778566507e-05,1,甲,戌,木,土,己,卯,土,木,True,False,0.009011325059226106,2020-W14,2020-04
300750.SZ,2020-04-02,123.6,120.4,0.026578,209588,2523168.23,庚子,己卯,乙亥,4,2020,4,1,0.026231012148869685,1,乙,亥,木,水,己,卯,土,木,True,False,8.305992778566507e-05,2020-W14,2020-04
300750.SZ,2020-04-03,121.0,123.6,-0.021036,182204,2225897.354,庚子,己卯,丙子,5,2020,4,1,-0.021259999426849224,0,丙,子,火,水,己,卯,土,木,True,False,0.026231012148869685,2020-W14,2020-04
300750.SZ,2020-04-07,124.7,121.0,0.030579,183728,2284706.364,庚子,庚辰,庚辰,2,2020,4,1,0.030120307089249645,1,庚,辰,金,土,庚,辰,金,土,False,False,-0.021259999426849224,2020-W15,2020-04
300750.SZ,2020-04-08,123.0,124.7,-0.013633,119469,1479285.37,庚子,庚辰,辛巳,3,2020,4,1,-0.013726497313573257,0,辛,巳,金,火,庚,辰,金,土,False,False,0.030120307089249645,2020-W15,2020-04
300750.SZ,2020-04-09,120.21,123.0,-0.022683,160527,1944405.072,庚子,庚辰,壬午,4,2020,4,1,-0.022944142056254637,0,壬,午,水,火,庚,辰,金,土,False,False,-0.013726497313573257,2020-W15,2020-04
300750.SZ,2020-04-10,118.46,120.21,-0.014558,145695,1748457.124,庚子,庚辰,癸未,5,2020,4,1,-0.014664862467343715,0,癸,未,水,土,庚,辰,金,土,False,False,-0.022944142056254637,2020-W15,2020-04
300750.SZ,2020-04-13,114.69,118.46,-0.031825,124581,1432291.941,庚子,庚辰,丙戌,1,2020,4,1,-0.032342514472387986,0,丙,戌,火,土,庚,辰,金,土,False,False,-0.014664862467343715,2020-W16,2020-04
300750.SZ,2020-04-14,126.16,114.69,0.100009,388938,4803638.073,庚子,庚辰,丁亥,2,2020,4,1,0.09531810627835187,1,丁,亥,火,水,庚,辰,金,土,False,False,-0.032342514472387986,2020-W16,2020-04
300750.SZ,2020-04-15,128.0,126.16,0.014585,325644,4226641.423,庚子,庚辰,戊子,3,2020,4,1,0.014479321264834344,1,戊,子,土,水,庚,辰,金,土,False,False,0.09531810627835187,2020-W16,2020-04
300750.SZ,2020-04-16,132.95,128.0,0.038672,216381,2835377.036,庚子,庚辰,己丑,4,2020,4,1,0.03794285376941157,1,己,丑,土,土,庚,辰,金,土,False,False,0.014479321264834344,2020-W16,2020-04
300750.SZ,2020-04-17,136.95,132.95,0.030086,292521,4024198.915,庚子,庚辰,庚寅,5,2020,4,1,0.029642778020058377,1,庚,寅,金,木,庚,辰,金,土,False,False,0.03794285376941157,2020-W16,2020-04
300750.SZ,2020-04-20,134.51,136.95,-0.017817,187002,2507578.389,庚子,庚辰,癸巳,1,2020,4,1,-0.01797734998859702,0,癸,巳,水,火,庚,辰,金,土,False,False,0.029642778020058377,2020-W17,2020-04
300750.SZ,2020-04-21,130.52,134.51,-0.029663,193917,2519303.194,庚子,庚辰,甲午,2,2020,4,1,-0.030112073995370175,0,甲,午,木,火,庚,辰,金,土,False,False,-0.01797734998859702,2020-W17,2020-04
300750.SZ,2020-04-22,130.85,130.52,0.002528,146868,1904011.483,庚子,庚辰,乙未,3,2020,4,1,0.0025251572510349546,1,乙,未,木,土,庚,辰,金,土,False,False,-0.030112073995370175,2020-W17,2020-04
300750.SZ,2020-04-23,129.9,130.85,-0.00726,125378,1635621.701,庚子,庚辰,丙申,4,2020,4,1,-0.0072867052996009275,0,丙,申,火,金,庚,辰,金,土,False,False,0.0025251572510349546,2020-W17,2020-04
300750.SZ,2020-04-24,131.69,129.9,0.01378,169916,2263542.699,庚子,庚辰,丁酉,5,2020,4,1,0.013685752045574795,1,丁,酉,火,金,庚,辰,金,土,False,False,-0.0072867052996009275,2020-W17,2020-04
300750.SZ,2020-04-27,133.91,131.69,0.016858,143654,1933994.988,庚子,庚辰,庚子,1,2020,4,1,0.016717256785346114,1,庚,子,金,水,庚,辰,金,土,False,True,0.013685752045574795,2020-W18,2020-04
300750.SZ,2020-04-28,138.3,133.91,0.032783,226916,3115997.363,庚子,庚辰,辛丑,2,2020,4,1,0.03225730616323787,1,辛,丑,金,土,庚,辰,金,土,False,True,0.016717256785346114,2020-W18,2020-04
300750.SZ,2020-04-29,138.72,138.3,0.003037,119544,1659513.004,庚子,庚辰,壬寅,3,2020,4,1,0.0030322743615190536,1,壬,寅,水,木,庚,辰,金,土,False,True,0.03225730616323787,2020-W18,2020-04
300750.SZ,2020-04-30,144.38,138.72,0.040802,233385,3409837.973,庚子,庚辰,癸卯,4,2020,4,1,0.03999119967878313,1,癸,卯,水,木,庚,辰,金,土,False,True,0.0030322743615190536,2020-W18,2020-04
300750.SZ,2020-05-06,145.79,144.38,0.009766,191463,2769607.852,庚子,辛巳,己酉,3,2020,5,1,0.009718517405715638,1,己,酉,土,金,辛,巳,金,火,False,False,0.03999119967878313,2020-W19,2020-05
300750.SZ,2020-05-07,143.2,145.79,-0.017765,160786,2302059.541,庚子,辛巳,庚戌,4,2020,5,1,-0.017924975590185317,0,庚,戌,金,土,辛,巳,金,火,False,False,0.009718517405715638,2020-W19,2020-05
300750.SZ,2020-05-08,144.08,143.2,0.006145,141338,2024998.124,庚子,辛巳,辛亥,5,2020,5,1,0.006126446341155585,1,辛,亥,金,水,辛,巳,金,火,False,False,-0.017924975590185317,2020-W19,2020-05
300750.SZ,2020-05-11,137.62,144.08,-0.044836,285364,3959234.289,庚子,辛巳,甲寅,1,2020,5,1,-0.04587243709336691,0,甲,寅,木,木,辛,巳,金,火,False,False,0.006126446341155585,2020-W20,2020-05
300750.SZ,2020-05-12,139.0,137.62,0.010028,160276,2208624.438,庚子,辛巳,乙卯,2,2020,5,1,0.009977669356357967,1,乙,卯,木,木,辛,巳,金,火,False,False,-0.04587243709336691,2020-W20,2020-05
300750.SZ,2020-05-13,138.26,139.0,-0.005324,121542,1678255.895,庚子,辛巳,丙辰,3,2020,5,1,-0.005337962613572916,0,丙,辰,火,土,辛,巳,金,火,False,False,0.009977669356357967,2020-W20,2020-05
300750.SZ,2020-05-14,135.6,138.26,-0.019239,114334,1560698.259,庚子,辛巳,丁巳,4,2020,5,1,-0.019426595010823736,0,丁,巳,火,火,辛,巳,金,火,False,False,-0.005337962613572916,2020-W20,2020-05
300750.SZ,2020-05-15,145.48,135.6,0.072861,322121,4605864.489,庚子,辛巳,戊午,5,2020,5,1,0.07032924461249315,1,戊,午,土,火,辛,巳,金,火,False,False,-0.019426595010823736,2020-W20,2020-05
300750.SZ,2020-05-18,141.81,145.48,-0.025227,160889,2287442.333,庚子,辛巳,辛酉,1,2020,5,1,-0.025550486645533516,0,辛,酉,金,金,辛,巳,金,火,False,False,0.07032924461249315,2020-W21,2020-05
300750.SZ,2020-05-19,143.26,141.81,0.010225,104251,1499320.586,庚子,辛巳,壬戌,2,2020,5,1,0.010173027713050349,1,壬,戌,水,土,辛,巳,金,火,False,False,-0.025550486645533516,2020-W21,2020-05
300750.SZ,2020-05-20,149.3,143.26,0.042161,329692,5027432.242,庚子,辛巳,癸亥,3,2020,5,1,0.04129654335883976,1,癸,亥,水,水,辛,巳,金,火,False,False,0.010173027713050349,2020-W21,2020-05
300750.SZ,2020-05-21,147.46,149.3,-0.012324,154876,2328717.775,庚子,辛巳,甲子,4,2020,5,1,-0.012400751983640247,0,甲,子,木,水,辛,巳,金,火,False,False,0.04129654335883976,2020-W21,2020-05
300750.SZ,2020-05-22,142.81,147.46,-0.031534,148172,2127136.883,庚子,辛巳,乙丑,5,2020,5,1,-0.03204187709666273,0,乙,丑,木,土,辛,巳,金,火,False,False,-0.012400751983640247,2020-W21,2020-05
300750.SZ,2020-05-25,144.3,142.81,0.010433,103782,1482241.104,庚子,辛巳,戊辰,1,2020,5,1,0.010379390314983541,1,戊,辰,土,土,辛,巳,金,火,False,False,-0.03204187709666273,2020-W22,2020-05
300750.SZ,2020-05-26,150.03,144.3,0.039709,174865,2596292.602,庚子,辛巳,己巳,2,2020,5,1,0.03894080831909675,1,己,巳,土,火,辛,巳,金,火,False,False,0.010379390314983541,2020-W22,2020-05
300750.SZ,2020-05-27,151.5,150.03,0.009798,181049,2763780.108,庚子,辛巳,庚午,3,2020,5,1,0.009750350850501759,1,庚,午,金,火,辛,巳,金,火,False,True,0.03894080831909675,2020-W22,2020-05
300750.SZ,2020-05-28,147.84,151.5,-0.024158,174247,2553996.974,庚子,辛巳,辛未,4,2020,5,1,-0.024455017056049827,0,辛,未,金,土,辛,巳,金,火,False,True,0.009750350850501759,2020-W22,2020-05
300750.SZ,2020-05-29,145.53,147.84,-0.015625,141427,2060033.605,庚子,辛巳,壬申,5,2020,5,1,-0.015748356968139168,0,壬,申,水,金,辛,巳,金,火,False,True,-0.024455017056049827,2020-W22,2020-05
300750.SZ,2020-06-01,150.95,145.53,0.037243,151765,2284037.537,庚子,辛巳,乙亥,1,2020,6,1,0.036566405227612786,1,乙,亥,木,水,辛,巳,金,火,True,False,-0.015748356968139168,2020-W23,2020-06
300750.SZ,2020-06-02,149.46,150.95,-0.009871,137030,2055312.032,庚子,辛巳,丙子,2,2020,6,1,-0.009919857650703653,0,丙,子,火,水,辛,巳,金,火,True,False,0.036566405227612786,2020-W23,2020-06
300750.SZ,2020-06-03,148.5,149.46,-0.006423,113635,1693882.301,庚子,辛巳,丁丑,3,2020,6,1,-0.006443840259389839,0,丁,丑,火,土,辛,巳,金,火,True,False,-0.009919857650703653,2020-W23,2020-06
300750.SZ,2020-06-04,150.0,148.28,0.0116,137573,2082248.431,庚子,辛巳,戊寅,4,2020,6,1,0.011532915813724297,1,戊,寅,土,木,辛,巳,金,火,True,False,-0.006443840259389839,2020-W23,2020-06
300750.SZ,2020-06-05,151.2,150.0,0.008,98627,1475831.34,庚子,壬午,己卯,5,2020,6,1,0.007968169649176881,1,己,卯,土,木,壬,午,水,火,True,False,0.011532915813724297,2020-W23,2020-06
300750.SZ,2020-06-08,151.4,151.2,0.001323,105603,1605995.418,庚子,壬午,壬午,1,2020,6,1,0.0013218772579158475,1,壬,午,水,火,壬,午,水,火,False,False,0.007968169649176881,2020-W24,2020-06
300750.SZ,2020-06-09,153.96,151.4,0.016909,150699,2325730.459,庚子,壬午,癸未,2,2020,6,1,0.016767487412197024,1,癸,未,水,土,壬,午,水,火,False,False,0.0013218772579158475,2020-W24,2020-06
300750.SZ,2020-06-10,156.68,153.96,0.017667,198210,3097487.314,庚子,壬午,甲申,3,2020,6,1,0.017512680382085175,1,甲,申,木,金,壬,午,水,火,False,False,0.016767487412197024,2020-W24,2020-06
300750.SZ,2020-06-11,163.98,156.68,0.046592,368177,6056179.35,庚子,壬午,乙酉,4,2020,6,1,0.04553896037040099,1,乙,酉,木,金,壬,午,水,火,False,False,0.017512680382085175,2020-W24,2020-06
300750.SZ,2020-06-12,159.3,163.98,-0.02854,252445,4038133.987,庚子,壬午,丙戌,5,2020,6,1,-0.028955252252028683,0,丙,戌,火,土,壬,午,水,火,False,False,0.04553896037040099,2020-W24,2020-06
300750.SZ,2020-06-15,157.7,159.3,-0.010044,159452,2526289.032,庚子,壬午,己丑,1,2020,6,1,-0.010094722947010247,0,己,丑,土,土,壬,午,水,火,False,False,-0.028955252252028683,2020-W25,2020-06
300750.SZ,2020-06-16,160.0,157.7,0.014585,131297,2107390.563,庚子,壬午,庚寅,2,2020,6,1,0.014479321264834344,1,庚,寅,金,木,壬,午,水,火,False,False,-0.010094722947010247,2020-W25,2020-06
300750.SZ,2020-06-17,157.8,160.0,-0.01375,125291,1973464.261,庚子,壬午,辛卯,3,2020,6,1,-0.013845406822052982,0,辛,卯,金,木,壬,午,水,火,False,False,0.014479321264834344,2020-W25,2020-06
300750.SZ,2020-06-18,158.95,157.8,0.007288,96562,1526258.395,庚子,壬午,壬辰,4,2020,6,1,0.007261278945037785,1,壬,辰,水,土,壬,午,水,火,False,False,-0.013845406822052982,2020-W25,2020-06
300750.SZ,2020-06-19,165.9,158.95,0.043724,250193,4137793.351,庚子,壬午,癸巳,5,2020,6,1,0.04279550983958714,1,癸,巳,水,火,壬,午,水,火,False,False,0.007261278945037785,2020-W25,2020-06
300750.SZ,2020-06-22,165.0,165.9,-0.005425,190412,3191062.036,庚子,壬午,丙申,1,2020,6,1,-0.00543972329581821,0,丙,申,火,金,壬,午,水,火,False,False,0.04279550983958714,2020-W26,2020-06
300750.SZ,2020-06-23,168.89,165.0,0.023576,159475,2662217.15,庚子,壬午,丁酉,2,2020,6,1,0.023302141529249327,1,丁,酉,火,金,壬,午,水,火,False,False,-0.00543972329581821,2020-W26,2020-06
300750.SZ,2020-06-24,171.5,168.89,0.015454,146604,2515400.581,庚子,壬午,戊戌,3,2020,6,1,0.015335651176164814,1,戊,戌,土,土,壬,午,水,火,False,False,0.023302141529249327,2020-W26,2020-06
300750.SZ,2020-06-29,171.04,171.5,-0.002682,116040,1980641.413,庚子,壬午,癸卯,1,2020,6,1,-0.0026858193292595748,0,癸,卯,水,木,壬,午,水,火,False,True,0.015335651176164814,2020-W27,2020-06
300750.SZ,2020-06-30,174.36,171.04,0.019411,162514,2849476.587,庚子,壬午,甲辰,2,2020,6,1,0.019224680093456938,1,甲,辰,木,土,壬,午,水,火,False,True,-0.0026858193292595748,2020-W27,2020-06
300750.SZ,2020-07-01,169.4,174.36,-0.028447,286574,4991087.872,庚子,壬午,乙巳,3,2020,7,1,-0.02885934515223793,0,乙,巳,木,火,壬,午,水,火,True,False,0.019224680093456938,2020-W27,2020-07
300750.SZ,2020-07-02,167.2,169.4,-0.012987,270479,4535545.521,庚子,壬午,丙午,4,2020,7,1,-0.013072081567352888,0,丙,午,火,火,壬,午,水,火,True,False,-0.02885934515223793,2020-W27,2020-07
300750.SZ,2020-07-03,167.6,167.2,0.002392,240264,4054240.06,庚子,壬午,丁未,5,2020,7,1,0.0023894873973814854,1,丁,未,火,土,壬,午,水,火,True,False,-0.013072081567352888,2020-W27,2020-07
300750.SZ,2020-07-06,177.8,167.6,0.060859,307152,5324573.165,庚子,癸未,庚戌,1,2020,7,1,0.05907913503182174,1,庚,戌,金,土,癸,未,水,土,False,False,0.0023894873973814854,2020-W28,2020-07
300750.SZ,2020-07-07,195.58,177.8,0.1,253604,4915716.571,庚子,癸未,辛亥,2,2020,7,1,0.09531017980432493,1,辛,亥,金,水,癸,未,水,土,False,False,0.05907913503182174,2020-W28,2020-07
300750.SZ,2020-07-08,197.57,195.58,0.010175,288890,5645451.323,庚子,癸未,壬子,3,2020,7,1,0.010123449041184498,1,壬,子,水,水,癸,未,水,土,False,False,0.09531017980432493,2020-W28,2020-07
300750.SZ,2020-07-09,205.02,197.57,0.037708,279035,5622121.4,庚子,癸未,癸丑,4,2020,7,1,0.037014583429941864,1,癸,丑,水,土,癸,未,水,土,False,False,0.010123449041184498,2020-W28,2020-07
300750.SZ,2020-07-10,203.9,205.02,-0.005463,168293,3436550.911,庚子,癸未,甲寅,5,2020,7,1,-0.005477857774846026,0,甲,寅,木,木,癸,未,水,土,False,False,0.037014583429941864,2020-W28,2020-07
300750.SZ,2020-07-13,224.11,203.9,0.099117,303268,6609862.26,庚子,癸未,丁巳,1,2020,7,1,0.09450732516708746,1,丁,巳,火,火,癸,未,水,土,False,False,-0.005477857774846026,2020-W29,2020-07
300750.SZ,2020-07-14,215.95,224.11,-0.036411,333296,7129824.248,庚子,癸未,戊午,2,2020,7,1,-0.03709010334078695,0,戊,午,土,火,癸,未,水,土,False,False,0.09450732516708746,2020-W29,2020-07
300750.SZ,2020-07-15,207.03,215.95,-0.041306,274350,5785551.114,庚子,癸未,己未,3,2020,7,1,-0.04218318910608992,0,己,未,土,土,癸,未,水,土,False,False,-0.03709010334078695,2020-W29,2020-07
300750.SZ,2020-07-16,196.77,207.03,-0.049558,272549,5596500.616,庚子,癸未,庚申,4,2020,7,1,-0.05082817632686634,0,庚,申,金,金,癸,未,水,土,False,False,-0.04218318910608992,2020-W29,2020-07
300750.SZ,2020-07-17,195.7,196.77,-0.005438,303785,5903627.257,庚子,癸未,辛酉,5,2020,7,1,-0.005452659571723383,0,辛,酉,金,金,癸,未,水,土,False,False,-0.05082817632686634,2020-W29,2020-07
300750.SZ,2020-07-20,205.3,195.7,0.049055,289999,5919664.189,庚子,癸未,甲子,1,2020,7,1,0.04788944962285755,1,甲,子,木,水,癸,未,水,土,False,False,-0.005452659571723383,2020-W30,2020-07
300750.SZ,2020-07-21,207.0,205.3,0.008281,186565,3855792.321,庚子,癸未,乙丑,2,2020,7,1,0.00824646924048121,1,乙,丑,木,土,癸,未,水,土,False,False,0.04788944962285755,2020-W30,2020-07
300750.SZ,2020-07-22,207.89,207.0,0.0043,191657,3992449.598,庚子,癸未,丙寅,3,2020,7,1,0.004290300393653656,1,丙,寅,火,木,癸,未,水,土,False,False,0.00824646924048121,2020-W30,2020-07
300750.SZ,2020-07-23,213.5,207.89,0.026985,255899,5395410.864,庚子,癸未,丁卯,4,2020,7,1,0.026627739009656575,1,丁,卯,火,木,癸,未,水,土,False,False,0.004290300393653656,2020-W30,2020-07
300750.SZ,2020-07-24,198.68,213.5,-0.069415,343983,6943402.672,庚子,癸未,戊辰,5,2020,7,1,-0.07194134242952949,0,戊,辰,土,土,癸,未,水,土,False,False,0.026627739009656575,2020-W30,2020-07
300750.SZ,2020-07-27,191.3,198.68,-0.037145,251555,4870628.815,庚子,癸未,辛未,1,2020,7,1,-0.037852613792942594,0,辛,未,金,土,癸,未,水,土,False,True,-0.07194134242952949,2020-W31,2020-07
300750.SZ,2020-07-28,197.52,191.3,0.032514,201489,3988264.848,庚子,癸未,壬申,2,2020,7,1,0.03199696859071677,1,壬,申,水,金,癸,未,水,土,False,True,-0.037852613792942594,2020-W31,2020-07
300750.SZ,2020-07-29,204.18,197.52,0.033718,189985,3844683.433,庚子,癸未,癸酉,3,2020,7,1,0.03316211270394533,1,癸,酉,水,金,癸,未,水,土,False,True,0.03199696859071677,2020-W31,2020-07
300750.SZ,2020-07-30,205.35,204.18,0.00573,143530,2944644.012,庚子,癸未,甲戌,4,2020,7,1,0.0057138826616981355,1,甲,戌,木,土,癸,未,水,土,False,True,0.03316211270394533,2020-W31,2020-07
300750.SZ,2020-07-31,212.17,205.35,0.033212,207049,4378422.256,庚子,癸未,乙亥,5,2020,7,1,0.0326719997224575,1,乙,亥,木,水,癸,未,水,土,False,True,0.0057138826616981355,2020-W31,2020-07
300750.SZ,2020-08-03,215.6,212.17,0.016166,151061,3216865.097,庚子,癸未,戊寅,1,2020,8,1,0.016036998909817104,1,戊,寅,土,木,癸,未,水,土,True,False,0.0326719997224575,2020-W32,2020-08
300750.SZ,2020-08-04,210.69,215.6,-0.022774,199580,4309494.88,庚子,癸未,己卯,2,2020,8,1,-0.023036980195803313,0,己,卯,土,木,癸,未,水,土,True,False,0.016036998909817104,2020-W32,2020-08
300750.SZ,2020-08-05,210.35,210.69,-0.001614,127300,2664523.682,庚子,癸未,庚辰,3,2020,8,1,-0.0016150488025089278,0,庚,辰,金,土,癸,未,水,土,True,False,-0.023036980195803313,2020-W32,2020-08
300750.SZ,2020-08-06,211.5,210.35,0.005467,145656,3082282.259,庚子,癸未,辛巳,4,2020,8,1,0.005452188449802859,1,辛,巳,金,火,癸,未,水,土,False,False,-0.0016150488025089278,2020-W32,2020-08
300750.SZ,2020-08-07,204.29,211.5,-0.03409,180552,3733669.851,庚子,甲申,壬午,5,2020,8,1,-0.034684445486770646,0,壬,午,水,火,甲,申,木,金,False,False,0.005452188449802859,2020-W32,2020-08
300750.SZ,2020-08-10,200.68,204.29,-0.017671,130787,2629646.475,庚子,甲申,乙酉,1,2020,8,1,-0.017828953383509757,0,乙,酉,木,金,甲,申,木,金,False,False,-0.034684445486770646,2020-W33,2020-08
300750.SZ,2020-08-11,198.42,200.68,-0.011262,122332,2468198.212,庚子,甲申,丙戌,2,2020,8,1,-0.011325603394295879,0,丙,戌,火,土,甲,申,木,金,False,False,-0.017828953383509757,2020-W33,2020-08
300750.SZ,2020-08-12,195.73,198.42,-0.013557,252727,4855191.798,庚子,甲申,丁亥,3,2020,8,1,-0.01364983770732397,0,丁,亥,火,水,甲,申,木,金,False,False,-0.011325603394295879,2020-W33,2020-08
300750.SZ,2020-08-13,195.99,195.73,0.001328,130612,2581164.116,庚子,甲申,戊子,4,2020,8,1,0.001327479006336312,1,戊,子,土,水,甲,申,木,金,False,False,-0.01364983770732397,2020-W33,2020-08
300750.SZ,2020-08-14,200.37,195.99,0.022348,119700,2373752.13,庚子,甲申,己丑,5,2020,8,1,0.02210201988488569,1,己,丑,土,土,甲,申,木,金,False,False,0.001327479006336312,2020-W33,2020-08
300750.SZ,2020-08-17,196.62,200.37,-0.018715,197074,3866925.434,庚子,甲申,壬辰,1,2020,8,1,-0.01889272546687611,0,壬,辰,水,土,甲,申,木,金,False,False,0.02210201988488569,2020-W34,2020-08
300750.SZ,2020-08-18,199.28,196.62,0.013529,221223,4415130.04,庚子,甲申,癸巳,2,2020,8,1,0.013437939015146793,1,癸,巳,水,火,甲,申,木,金,False,False,-0.01889272546687611,2020-W34,2020-08
300750.SZ,2020-08-19,190.19,199.28,-0.045614,187146,3610137.183,庚子,甲申,甲午,3,2020,8,1,-0.04668729846035528,0,甲,午,木,火,甲,申,木,金,False,False,0.013437939015146793,2020-W34,2020-08
300750.SZ,2020-08-20,188.42,190.19,-0.009306,130201,2444311.254,庚子,甲申,乙未,4,2020,8,1,-0.009350058873048054,0,乙,未,木,土,甲,申,木,金,False,False,-0.04668729846035528,2020-W34,2020-08
300750.SZ,2020-08-21,192.23,188.42,0.020221,146552,2815939.72,庚子,甲申,丙申,5,2020,8,1,0.020019058144247374,1,丙,申,火,金,甲,申,木,金,False,False,-0.009350058873048054,2020-W34,2020-08
300750.SZ,2020-08-24,202.01,192.23,0.050877,258069,5156579.057,庚子,甲申,己亥,1,2020,8,1,0.049624629361601294,1,己,亥,土,水,甲,申,木,金,False,False,0.020019058144247374,2020-W35,2020-08
300750.SZ,2020-08-25,199.92,202.01,-0.010346,145490,2935647.68,庚子,甲申,庚子,2,2020,8,1,-0.010399914599673266,0,庚,子,金,水,甲,申,木,金,False,False,0.049624629361601294,2020-W35,2020-08
300750.SZ,2020-08-26,194.4,199.92,-0.027611,152402,2985718.224,庚子,甲申,辛丑,3,2020,8,1,-0.027999394500358207,0,辛,丑,金,土,甲,申,木,金,False,False,-0.010399914599673266,2020-W35,2020-08
300750.SZ,2020-08-27,204.95,194.4,0.05427,283977,5799779.573,庚子,甲申,壬寅,4,2020,8,1,0.05284815492400769,1,壬,寅,水,木,甲,申,木,金,False,True,-0.027999394500358207,2020-W35,2020-08
300750.SZ,2020-08-28,208.3,204.95,0.016345,169671,3510925.235,庚子,甲申,癸卯,5,2020,8,1,0.01621330131657992,1,癸,卯,水,木,甲,申,木,金,False,True,0.05284815492400769,2020-W35,2020-08
300750.SZ,2020-08-31,206.35,208.3,-0.009361,135144,2797718.777,庚子,甲申,丙午,1,2020,8,1,-0.009405592068335597,0,丙,午,火,火,甲,申,木,金,False,True,0.01621330131657992,2020-W36,2020-08
300750.SZ,2020-09-01,214.25,206.35,0.038284,197161,4175644.975,庚子,甲申,丁未,2,2020,9,1,0.037569801279298314,1,丁,未,火,土,甲,申,木,金,True,False,-0.009405592068335597,2020-W36,2020-09
300750.SZ,2020-09-02,211.31,214.25,-0.013722,146086,3084140.607,庚子,甲申,戊申,3,2020,9,1,-0.013817307899053324,0,戊,申,土,金,甲,申,木,金,True,False,0.037569801279298314,2020-W36,2020-09
300750.SZ,2020-09-03,209.9,211.31,-0.006673,124528,2600401.902,庚子,甲申,己酉,4,2020,9,1,-0.006695022752248557,0,己,酉,土,金,甲,申,木,金,True,False,-0.013817307899053324,2020-W36,2020-09
300750.SZ,2020-09-04,204.26,209.9,-0.02687,147736,2993649.066,庚子,甲申,庚戌,5,2020,9,1,-0.02723753467663449,0,庚,戌,金,土,甲,申,木,金,True,False,-0.006695022752248557,2020-W36,2020-09
300750.SZ,2020-09-07,186.4,204.26,-0.087438,447896,8540774.209,庚子,乙酉,癸丑,1,2020,9,1,-0.09149878989846205,0,癸,丑,水,土,乙,酉,木,金,False,False,-0.02723753467663449,2020-W37,2020-09
300750.SZ,2020-09-08,186.9,186.4,0.002682,220732,4063178.479,庚子,乙酉,甲寅,2,2020,9,1,0.002678812210026423,1,甲,寅,木,木,乙,酉,木,金,False,False,-0.09149878989846205,2020-W37,2020-09
300750.SZ,2020-09-09,184.32,186.9,-0.013804,189343,3444737.254,庚子,乙酉,乙卯,3,2020,9,1,-0.013900336953990854,0,乙,卯,木,木,乙,酉,木,金,False,False,0.002678812210026423,2020-W37,2020-09
300750.SZ,2020-09-10,184.96,184.32,0.003472,148264,2775741.169,庚子,乙酉,丙辰,4,2020,9,1,0.003466207976486329,1,丙,辰,火,土,乙,酉,木,金,False,False,-0.013900336953990854,2020-W37,2020-09
300750.SZ,2020-09-11,187.3,184.96,0.012651,117650,2188559.588,庚子,乙酉,丁巳,5,2020,9,1,0.012572023966030091,1,丁,巳,火,火,乙,酉,木,金,False,False,0.003466207976486329,2020-W37,2020-09
300750.SZ,2020-09-14,192.78,187.3,0.029258,142896,2755344.741,庚子,乙酉,庚申,1,2020,9,1,0.028838032905779236,1,庚,申,金,金,乙,酉,木,金,False,False,0.012572023966030091,2020-W38,2020-09
300750.SZ,2020-09-15,194.7,192.78,0.00996,117036,2283119.874,庚子,乙酉,辛酉,2,2020,9,1,0.009910270022331948,1,辛,酉,金,金,乙,酉,木,金,False,False,0.028838032905779236,2020-W38,2020-09
300750.SZ,2020-09-16,192.26,194.7,-0.012532,118378,2289962.853,庚子,乙酉,壬戌,3,2020,9,1,-0.012611289740483844,0,壬,戌,水,土,乙,酉,木,金,False,False,0.009910270022331948,2020-W38,2020-09
300750.SZ,2020-09-17,198.4,192.26,0.031936,181307,3567477.518,庚子,乙酉,癸亥,4,2020,9,1,0.03143657221310228,1,癸,亥,水,水,乙,酉,木,金,False,False,-0.012611289740483844,2020-W38,2020-09
300750.SZ,2020-09-18,198.03,198.4,-0.001865,105486,2089777.817,庚子,乙酉,甲子,5,2020,9,1,-0.0018666604819832643,0,甲,子,木,水,乙,酉,木,金,False,False,0.03143657221310228,2020-W38,2020-09
300750.SZ,2020-09-21,197.93,198.03,-0.000505,160683,3253235.561,庚子,乙酉,丁卯,1,2020,9,1,-0.0005051015361453744,0,丁,卯,火,木,乙,酉,木,金,False,False,-0.0018666604819832643,2020-W39,2020-09
300750.SZ,2020-09-22,200.5,197.93,0.012984,123393,2486477.01,庚子,乙酉,戊辰,2,2020,9,1,0.012900813913980194,1,戊,辰,土,土,乙,酉,木,金,False,False,-0.0005051015361453744,2020-W39,2020-09
300750.SZ,2020-09-23,197.0,200.5,-0.017456,157194,3068479.262,庚子,乙酉,己巳,3,2020,9,1,-0.017610518008635393,0,己,巳,土,火,乙,酉,木,金,False,False,0.012900813913980194,2020-W39,2020-09
300750.SZ,2020-09-24,190.82,197.0,-0.031371,106680,2053506.543,庚子,乙酉,庚午,4,2020,9,1,-0.031873153414288646,0,庚,午,金,火,乙,酉,木,金,False,False,-0.017610518008635393,2020-W39,2020-09
300750.SZ,2020-09-25,191.5,190.82,0.003564,68012,1308079.227,庚子,乙酉,辛未,5,2020,9,1,0.003557233297000811,1,辛,未,金,土,乙,酉,木,金,False,False,-0.031873153414288646,2020-W39,2020-09
300750.SZ,2020-09-28,192.91,191.5,0.007363,82331,1600223.953,庚子,乙酉,甲戌,1,2020,9,1,0.007335950279097314,1,甲,戌,木,土,乙,酉,木,金,False,True,0.003557233297000811,2020-W40,2020-09
300750.SZ,2020-09-29,204.99,192.91,0.06262,202435,4072131.575,庚子,乙酉,乙亥,2,2020,9,1,0.06073743856099864,1,乙,亥,木,水,乙,酉,木,金,False,True,0.007335950279097314,2020-W40,2020-09
300750.SZ,2020-09-30,209.2,204.99,0.020538,159908,3336273.48,庚子,乙酉,丙子,3,2020,9,1,0.02032953472997102,1,丙,子,火,水,乙,酉,木,金,False,True,0.06073743856099864,2020-W40,2020-09
300750.SZ,2020-10-09,224.87,209.2,0.074904,239592,5376329.911,庚子,丙戌,乙酉,5,2020,10,1,0.07223172525797385,1,乙,酉,木,金,丙,戌,火,土,False,False,0.02032953472997102,2020-W41,2020-10
300750.SZ,2020-10-12,234.78,224.87,0.04407,189382,4398493.906,庚子,丙戌,戊子,1,2020,10,1,0.043126448001634426,1,戊,子,土,水,丙,戌,火,土,False,False,0.07223172525797385,2020-W42,2020-10
300750.SZ,2020-10-13,235.67,234.78,0.003791,107466,2516817.784,庚子,丙戌,己丑,2,2020,10,1,0.0037836159496277585,1,己,丑,土,土,丙,戌,火,土,False,False,0.043126448001634426,2020-W42,2020-10
300750.SZ,2020-10-14,237.3,235.67,0.006916,137701,3291861.335,庚子,丙戌,庚寅,3,2020,10,1,0.006892642041714236,1,庚,寅,金,木,丙,戌,火,土,False,False,0.0037836159496277585,2020-W42,2020-10
300750.SZ,2020-10-15,238.6,237.3,0.005478,99535,2390083.998,庚子,丙戌,辛卯,4,2020,10,1,0.005463346222097887,1,辛,卯,金,木,丙,戌,火,土,False,False,0.006892642041714236,2020-W42,2020-10
300750.SZ,2020-10-16,228.1,238.6,-0.044007,203040,4680601.973,庚子,丙戌,壬辰,5,2020,10,1,-0.04500438037347336,0,壬,辰,水,土,丙,戌,火,土,False,False,0.005463346222097887,2020-W42,2020-10
300750.SZ,2020-10-19,229.41,228.1,0.005743,130024,3013473.695,庚子,丙戌,乙未,1,2020,10,1,0.005726666433901011,1,乙,未,木,土,丙,戌,火,土,False,False,-0.04500438037347336,2020-W43,2020-10
300750.SZ,2020-10-20,241.6,229.41,0.053136,135966,3215157.955,庚子,丙戌,丙申,2,2020,10,1,0.05177267033641652,1,丙,申,火,金,丙,戌,火,土,False,False,0.005726666433901011,2020-W43,2020-10
300750.SZ,2020-10-21,232.33,241.6,-0.038369,161679,3765707.374,庚子,丙戌,丁酉,3,2020,10,1,-0.039124691273463214,0,丁,酉,火,金,丙,戌,火,土,False,False,0.05177267033641652,2020-W43,2020-10
300750.SZ,2020-10-22,231.88,232.33,-0.001937,90551,2083319.77,庚子,丙戌,戊戌,4,2020,10,1,-0.001938778315664475,0,戊,戌,土,土,丙,戌,火,土,False,False,-0.039124691273463214,2020-W43,2020-10
300750.SZ,2020-10-23,225.0,231.88,-0.029671,115938,2675565.182,庚子,丙戌,己亥,5,2020,10,1,-0.03011959426711198,0,己,亥,土,水,丙,戌,火,土,False,False,-0.001938778315664475,2020-W43,2020-10
300750.SZ,2020-10-26,233.15,225.0,0.036222,108027,2483444.489,庚子,丙戌,壬寅,1,2020,10,1,0.03558162104990967,1,壬,寅,水,木,丙,戌,火,土,False,False,-0.03011959426711198,2020-W44,2020-10
300750.SZ,2020-10-27,237.21,233.15,0.017414,91015,2142729.17,庚子,丙戌,癸卯,2,2020,10,1,0.017263801496615543,1,癸,卯,水,木,丙,戌,火,土,False,True,0.03558162104990967,2020-W44,2020-10
300750.SZ,2020-10-28,240.26,237.21,0.012858,224158,5333295.829,庚子,丙戌,甲辰,3,2020,10,1,0.012775845542283695,1,甲,辰,木,土,丙,戌,火,土,False,True,0.017263801496615543,2020-W44,2020-10
300750.SZ,2020-10-29,240.0,240.26,-0.001082,174352,4141992.876,庚子,丙戌,乙巳,4,2020,10,1,-0.0010827469512376905,0,乙,巳,木,火,丙,戌,火,土,False,True,0.012775845542283695,2020-W44,2020-10
300750.SZ,2020-10-30,247.17,240.0,0.029875,229587,5697363.353,庚子,丙戌,丙午,5,2020,10,1,0.02943743565361692,1,丙,午,火,火,丙,戌,火,土,False,True,-0.0010827469512376905,2020-W44,2020-10
300750.SZ,2020-11-02,260.14,247.17,0.052474,189461,4851443.507,庚子,丙戌,己酉,1,2020,11,1,0.05114358863998629,1,己,酉,土,金,丙,戌,火,土,True,False,0.02943743565361692,2020-W45,2020-11
300750.SZ,2020-11-03,256.02,260.14,-0.015838,184566,4678655.503,庚子,丙戌,庚戌,2,2020,11,1,-0.015964381207631086,0,庚,戌,金,土,丙,戌,火,土,True,False,0.05114358863998629,2020-W45,2020-11
300750.SZ,2020-11-04,255.55,256.02,-0.001836,110616,2823450.164,庚子,丙戌,辛亥,3,2020,11,1,-0.0018374812136748874,0,辛,亥,金,水,丙,戌,火,土,True,False,-0.015964381207631086,2020-W45,2020-11
300750.SZ,2020-11-05,268.5,255.55,0.050675,157959,4183384.889,庚子,丙戌,壬子,4,2020,11,1,0.04943282873463083,1,壬,子,水,水,丙,戌,火,土,True,False,-0.0018374812136748874,2020-W45,2020-11
300750.SZ,2020-11-06,263.5,268.5,-0.018622,156583,4181642.685,庚子,丙戌,癸丑,5,2020,11,1,-0.01879754596750234,0,癸,丑,水,土,丙,戌,火,土,False,False,0.04943282873463083,2020-W45,2020-11
300750.SZ,2020-11-09,266.43,263.5,0.01112,132285,3519918.484,庚子,丁亥,丙辰,1,2020,11,1,0.011058176957105504,1,丙,辰,火,土,丁,亥,火,水,False,False,-0.01879754596750234,2020-W46,2020-11
300750.SZ,2020-11-10,265.92,266.43,-0.001914,144175,3798315.741,庚子,丁亥,丁巳,2,2020,11,1,-0.001916033271439058,0,丁,巳,火,火,丁,亥,火,水,False,False,0.011058176957105504,2020-W46,2020-11
300750.SZ,2020-11-11,250.84,265.92,-0.056709,157583,4067832.842,庚子,丁亥,戊午,3,2020,11,1,-0.058380225992263286,0,戊,午,土,火,丁,亥,火,水,False,False,-0.001916033271439058,2020-W46,2020-11
300750.SZ,2020-11-12,254.25,250.84,0.013594,97168,2484194.228,庚子,丁亥,己未,4,2020,11,1,0.013502749253849202,1,己,未,土,土,丁,亥,火,水,False,False,-0.058380225992263286,2020-W46,2020-11
300750.SZ,2020-11-13,253.21,254.25,-0.00409,113776,2916695.926,庚子,丁亥,庚申,5,2020,11,1,-0.004098850967760166,0,庚,申,金,金,丁,亥,火,水,False,False,0.013502749253849202,2020-W46,2020-11
300750.SZ,2020-11-16,254.9,253.21,0.006674,123120,3117461.904,庚子,丁亥,癸亥,1,2020,11,1,0.006652127421160668,1,癸,亥,水,水,丁,亥,火,水,False,False,-0.004098850967760166,2020-W47,2020-11
300750.SZ,2020-11-17,250.68,254.9,-0.016556,136748,3446644.846,庚子,丁亥,甲子,2,2020,11,1,-0.016694086025595037,0,甲,子,木,水,丁,亥,火,水,False,False,0.006652127421160668,2020-W47,2020-11
300750.SZ,2020-11-18,240.5,250.68,-0.04061,192833,4666571.941,庚子,丁亥,乙丑,3,2020,11,1,-0.04145713581065893,0,乙,丑,木,土,丁,亥,火,水,False,False,-0.016694086025595037,2020-W47,2020-11
300750.SZ,2020-11-19,242.1,240.5,0.006653,97580,2347767.353,庚子,丁亥,丙寅,4,2020,11,1,0.0066307743981969345,1,丙,寅,火,木,丁,亥,火,水,False,False,-0.04145713581065893,2020-W47,2020-11
300750.SZ,2020-11-20,252.08,242.1,0.041223,123034,3074188.105,庚子,丁亥,丁卯,5,2020,11,1,0.04039563350500654,1,丁,卯,火,木,丁,亥,火,水,False,False,0.0066307743981969345,2020-W47,2020-11
300750.SZ,2020-11-23,253.0,252.08,0.00365,120912,3074248.59,庚子,丁亥,庚午,1,2020,11,1,0.0036429912785010087,1,庚,午,金,火,丁,亥,火,水,False,False,0.04039563350500654,2020-W48,2020-11
300750.SZ,2020-11-24,254.7,253.0,0.006719,97919,2493964.413,庚子,丁亥,辛未,2,2020,11,1,0.00669689325789105,1,辛,未,金,土,丁,亥,火,水,False,False,0.0036429912785010087,2020-W48,2020-11
300750.SZ,2020-11-25,246.22,254.7,-0.033294,117098,2919290.534,庚子,丁亥,壬申,3,2020,11,1,-0.03386093676594233,0,壬,申,水,金,丁,亥,火,水,False,False,0.00669689325789105,2020-W48,2020-11
300750.SZ,2020-11-26,245.34,246.22,-0.003574,86294,2093179.753,庚子,丁亥,癸酉,4,2020,11,1,-0.003580441614863009,0,癸,酉,水,金,丁,亥,火,水,False,True,-0.03386093676594233,2020-W48,2020-11
300750.SZ,2020-11-27,242.0,245.34,-0.013614,84332,2042276.835,庚子,丁亥,甲戌,5,2020,11,1,-0.013707277447919506,0,甲,戌,木,土,丁,亥,火,水,False,True,-0.003580441614863009,2020-W48,2020-11
300750.SZ,2020-11-30,242.8,242.0,0.003306,126662,3027343.94,庚子,丁亥,丁丑,1,2020,11,1,0.0033003330286569214,1,丁,丑,火,土,丁,亥,火,水,False,True,-0.013707277447919506,2020-W49,2020-11
300750.SZ,2020-12-01,246.17,242.8,0.01388,94919,2313881.357,庚子,丁亥,戊寅,2,2020,12,1,0.0137842949877117,1,戊,寅,土,木,丁,亥,火,水,True,False,0.0033003330286569214,2020-W49,2020-12
300750.SZ,2020-12-02,243.69,246.17,-0.010074,119653,2878299.332,庚子,丁亥,己卯,3,2020,12,1,-0.010125428442082881,0,己,卯,土,木,丁,亥,火,水,True,False,0.0137842949877117,2020-W49,2020-12
300750.SZ,2020-12-03,245.99,243.69,0.009438,106885,2599398.532,庚子,丁亥,庚辰,4,2020,12,1,0.00939395896863648,1,庚,辰,金,土,丁,亥,火,水,True,False,-0.010125428442082881,2020-W49,2020-12
300750.SZ,2020-12-04,249.72,245.99,0.015163,92337,2301628.558,庚子,丁亥,辛巳,5,2020,12,1,0.01504940549393473,1,辛,巳,金,火,丁,亥,火,水,True,False,0.00939395896863648,2020-W49,2020-12
300750.SZ,2020-12-07,261.46,249.72,0.047013,171129,4455396.83,庚子,戊子,甲申,1,2020,12,1,0.04594101794017065,1,甲,申,木,金,戊,子,土,水,False,False,0.01504940549393473,2020-W50,2020-12
300750.SZ,2020-12-08,266.03,261.46,0.017479,116361,3104188.969,庚子,戊子,乙酉,2,2020,12,1,0.0173277762434658,1,乙,酉,木,金,戊,子,土,水,False,False,0.04594101794017065,2020-W50,2020-12
300750.SZ,2020-12-09,266.0,266.03,-0.000113,153636,4118082.968,庚子,戊子,丙戌,3,2020,12,1,-0.00011277559548054556,0,丙,戌,火,土,戊,子,土,水,False,False,0.0173277762434658,2020-W50,2020-12
300750.SZ,2020-12-10,264.82,266.0,-0.004436,99856,2632528.799,庚子,戊子,丁亥,4,2020,12,1,-0.004445958870088298,0,丁,亥,火,水,戊,子,土,水,False,False,-0.00011277559548054556,2020-W50,2020-12
300750.SZ,2020-12-11,266.56,264.82,0.006571,128936,3422455.576,庚子,戊子,戊子,5,2020,12,1,0.006549009066867193,1,戊,子,土,水,戊,子,土,水,False,False,-0.004445958870088298,2020-W50,2020-12
300750.SZ,2020-12-14,266.0,266.56,-0.002101,107241,2853628.548,庚子,戊子,辛卯,1,2020,12,1,-0.0021030501967787877,0,辛,卯,金,木,戊,子,土,水,False,False,0.006549009066867193,2020-W51,2020-12
300750.SZ,2020-12-15,278.5,266.0,0.046992,177812,4843902.027,庚子,戊子,壬辰,2,2020,12,1,0.0459217505856397,1,壬,辰,水,土,戊,子,土,水,False,False,-0.0021030501967787877,2020-W51,2020-12
300750.SZ,2020-12-16,286.06,278.5,0.027145,142888,4031211.462,庚子,戊子,癸巳,3,2020,12,1,0.02678351965941526,1,癸,巳,水,火,戊,子,土,水,False,False,0.0459217505856397,2020-W51,2020-12
300750.SZ,2020-12-17,284.81,286.06,-0.00437,88123,2508931.372,庚子,戊子,甲午,4,2020,12,1,-0.0043792877458071824,0,甲,午,木,火,戊,子,土,水,False,False,0.02678351965941526,2020-W51,2020-12
300750.SZ,2020-12-18,289.99,284.81,0.018188,95126,2747669.766,庚子,戊子,乙未,5,2020,12,1,0.018024148346408333,1,乙,未,木,土,戊,子,土,水,False,False,-0.0043792877458071824,2020-W51,2020-12
300750.SZ,2020-12-21,325.0,289.99,0.120728,198103,6099782.514,庚子,戊子,戊戌,1,2020,12,1,0.11397874270238244,1,戊,戌,土,土,戊,子,土,水,False,False,0.018024148346408333,2020-W52,2020-12
300750.SZ,2020-12-22,313.64,325.0,-0.034954,168744,5377597.576,庚子,戊子,己亥,2,2020,12,1,-0.03557935096701636,0,己,亥,土,水,戊,子,土,水,False,False,0.11397874270238244,2020-W52,2020-12
300750.SZ,2020-12-23,318.0,313.64,0.013901,173903,5538718.908,庚子,戊子,庚子,3,2020,12,1,0.01380555141745577,1,庚,子,金,水,戊,子,土,水,False,False,-0.03557935096701636,2020-W52,2020-12
300750.SZ,2020-12-24,311.0,318.0,-0.022013,94785,2959419.425,庚子,戊子,辛丑,4,2020,12,1,-0.022258470600942697,0,辛,丑,金,土,戊,子,土,水,False,False,0.01380555141745577,2020-W52,2020-12
300750.SZ,2020-12-25,312.79,311.0,0.005756,95399,2967552.613,庚子,戊子,壬寅,5,2020,12,1,0.005739126671429778,1,壬,寅,水,木,戊,子,土,水,False,False,-0.022258470600942697,2020-W52,2020-12
300750.SZ,2020-12-28,316.78,312.79,0.012756,119730,3782275.235,庚子,戊子,乙巳,1,2020,12,1,0.012675487783610311,1,乙,巳,木,火,戊,子,土,水,False,True,0.005739126671429778,2020-W53,2020-12
300750.SZ,2020-12-29,308.0,316.78,-0.027716,121747,3759197.905,庚子,戊子,丙午,2,2020,12,1,-0.028107743660699663,0,丙,午,火,火,戊,子,土,水,False,True,0.012675487783610311,2020-W53,2020-12
300750.SZ,2020-12-30,340.0,308.0,0.103896,228816,7648664.797,庚子,戊子,丁未,3,2020,12,1,0.09884583463663264,1,丁,未,火,土,戊,子,土,水,False,True,-0.028107743660699663,2020-W53,2020-12
300750.SZ,2020-12-31,351.11,340.0,0.032676,152005,5283669.711,庚子,戊子,戊申,4,2020,12,1,0.032153947072562215,1,戊,申,土,金,戊,子,土,水,False,True,0.09884583463663264,2020-W53,2020-12
300750.SZ,2021-01-04,404.1,351.11,0.150921,224808,8687099.006,庚子,戊子,壬子,1,2021,1,1,0.1405628074016589,1,壬,子,水,水,戊,子,土,水,True,False,0.032153947072562215,2021-W01,2021-01
300750.SZ,2021-01-05,402.0,404.1,-0.005197,227452,9014539.649,庚子,己丑,癸丑,2,2021,1,1,-0.005210283465406988,0,癸,丑,水,土,己,丑,土,土,True,False,0.1405628074016589,2021-W01,2021-01
300750.SZ,2021-01-06,406.77,402.0,0.011866,186681,7476239.865,庚子,己丑,甲寅,3,2021,1,1,0.011795826523306487,1,甲,寅,木,木,己,丑,土,土,False,False,-0.005210283465406988,2021-W01,2021-01
300750.SZ,2021-01-07,413.23,406.77,0.015881,173894,7064219.721,庚子,己丑,乙卯,4,2021,1,1,0.015756423533436176,1,乙,卯,木,木,己,丑,土,土,False,False,0.011795826523306487,2021-W01,2021-01
300750.SZ,2021-01-08,404.5,413.23,-0.021126,210066,8534719.468,庚子,己丑,丙辰,5,2021,1,1,-0.021352602177217163,0,丙,辰,火,土,己,丑,土,土,False,False,0.015756423533436176,2021-W01,2021-01
300750.SZ,2021-01-11,390.0,404.5,-0.035847,230050,9098694.885,庚子,己丑,己未,1,2021,1,1,-0.036504997374854214,0,己,未,土,土,己,丑,土,土,False,False,-0.021352602177217163,2021-W02,2021-01
300750.SZ,2021-01-12,401.17,390.0,0.028641,165596,6519876.504,庚子,己丑,庚申,2,2021,1,1,0.02823853849526731,1,庚,申,金,金,己,丑,土,土,False,False,-0.036504997374854214,2021-W02,2021-01
300750.SZ,2021-01-13,385.0,401.17,-0.040307,272619,10634079.156,庚子,己丑,辛酉,3,2021,1,1,-0.041141943331175185,0,辛,酉,金,金,己,丑,土,土,False,False,0.02823853849526731,2021-W02,2021-01
300750.SZ,2021-01-14,369.01,385.0,-0.041532,196065,7315308.913,庚子,己丑,壬戌,4,2021,1,1,-0.04241959034346004,0,壬,戌,水,土,己,丑,土,土,False,False,-0.041141943331175185,2021-W02,2021-01
300750.SZ,2021-01-15,380.55,369.01,0.031273,198229,7439894.398,庚子,己丑,癸亥,5,2021,1,1,0.030793830769076515,1,癸,亥,水,水,己,丑,土,土,False,False,-0.04241959034346004,2021-W02,2021-01
300750.SZ,2021-01-18,383.9,380.55,0.008803,142011,5471186.934,庚子,己丑,丙寅,1,2021,1,1,0.008764527293351332,1,丙,寅,火,木,己,丑,土,土,False,False,0.030793830769076515,2021-W03,2021-01
300750.SZ,2021-01-19,366.11,383.9,-0.04634,162866,6085692.761,庚子,己丑,丁卯,2,2021,1,1,-0.04744826731233471,0,丁,卯,火,木,己,丑,土,土,False,False,0.008764527293351332,2021-W03,2021-01
300750.SZ,2021-01-20,391.4,366.11,0.069078,213416,8254525.726,庚子,己丑,戊辰,3,2021,1,1,0.06679622026755862,1,戊,辰,土,土,己,丑,土,土,False,False,-0.04744826731233471,2021-W03,2021-01
300750.SZ,2021-01-21,391.3,391.4,-0.000255,174791,6831720.356,庚子,己丑,己巳,4,2021,1,1,-0.0002555257456089761,0,己,巳,土,火,己,丑,土,土,False,False,0.06679622026755862,2021-W03,2021-01
300750.SZ,2021-01-22,408.0,391.3,0.042678,190441,7637563.994,庚子,己丑,庚午,5,2021,1,1,0.041792645187794866,1,庚,午,金,火,己,丑,土,土,False,False,-0.0002555257456089761,2021-W03,2021-01
300750.SZ,2021-01-25,396.95,408.0,-0.027083,217414,8762929.073,庚子,己丑,癸酉,1,2021,1,1,-0.027456846233039317,0,癸,酉,水,金,己,丑,土,土,False,False,0.041792645187794866,2021-W04,2021-01
300750.SZ,2021-01-26,385.5,396.95,-0.028845,151043,5853513.769,庚子,己丑,甲戌,2,2021,1,1,-0.029269135167738228,0,甲,戌,木,土,己,丑,土,土,False,False,-0.027456846233039317,2021-W04,2021-01
300750.SZ,2021-01-27,390.52,385.5,0.013022,148385,5705898.439,庚子,己丑,乙亥,3,2021,1,1,0.012937991354086461,1,乙,亥,木,水,己,丑,土,土,False,True,-0.029269135167738228,2021-W04,2021-01
300750.SZ,2021-01-28,369.9,390.52,-0.052801,181820,6792412.556,庚子,己丑,丙子,4,2021,1,1,-0.05424648551906246,0,丙,子,火,水,己,丑,土,土,False,True,0.012937991354086461,2021-W04,2021-01
300750.SZ,2021-01-29,354.11,369.9,-0.042687,276013,9896345.998,庚子,己丑,丁丑,5,2021,1,1,-0.04362509950931151,0,丁,丑,火,土,己,丑,土,土,False,True,-0.05424648551906246,2021-W04,2021-01
300750.SZ,2021-02-01,350.33,354.11,-0.010675,175250,6170654.212,庚子,己丑,庚辰,1,2021,2,1,-0.010732031913380007,0,庚,辰,金,土,己,丑,土,土,True,False,-0.04362509950931151,2021-W05,2021-02
300750.SZ,2021-02-02,367.8,350.33,0.049867,250864,8919403.723,庚子,己丑,辛巳,2,2021,2,1,0.048663744754503975,1,辛,巳,金,火,己,丑,土,土,True,False,-0.010732031913380007,2021-W05,2021-02
300750.SZ,2021-02-03,380.98,367.8,0.035835,211072,8082621.707,辛丑,庚寅,壬午,3,2021,2,1,0.03520756814033129,1,壬,午,水,火,庚,寅,金,木,True,False,0.048663744754503975,2021-W05,2021-02
300750.SZ,2021-02-04,388.5,380.98,0.019739,216301,8354708.667,辛丑,庚寅,癸未,4,2021,2,1,0.01954628949715009,1,癸,未,水,土,庚,寅,金,木,True,False,0.03520756814033129,2021-W05,2021-02
300750.SZ,2021-02-05,373.45,388.5,-0.038739,184116,7036248.026,辛丑,庚寅,甲申,5,2021,2,1,-0.0395090430046265,0,甲,申,木,金,庚,寅,金,木,True,False,0.01954628949715009,2021-W05,2021-02
300750.SZ,2021-02-08,404.0,373.45,0.081805,244026,9586610.901,辛丑,庚寅,丁亥,1,2021,2,1,0.0786307511580745,1,丁,亥,火,水,庚,寅,金,木,False,False,-0.0395090430046265,2021-W06,2021-02
300750.SZ,2021-02-09,410.2,404.0,0.015347,162037,6632109.518,辛丑,庚寅,戊子,2,2021,2,1,0.01522996767713018,1,戊,子,土,水,庚,寅,金,木,False,False,0.0786307511580745,2021-W06,2021-02
300750.SZ,2021-02-10,412.66,410.2,0.005997,162829,6704613.974,辛丑,庚寅,己丑,3,2021,2,1,0.005979163718803784,1,己,丑,土,土,庚,寅,金,木,False,False,0.01522996767713018,2021-W06,2021-02
300750.SZ,2021-02-18,397.0,412.66,-0.037949,238249,9491493.857,辛丑,庚寅,丁酉,4,2021,2,1,-0.038687728669893486,0,丁,酉,火,金,庚,寅,金,木,False,False,0.005979163718803784,2021-W07,2021-02
300750.SZ,2021-02-19,387.5,397.0,-0.023929,186903,7159858.378,辛丑,庚寅,戊戌,5,2021,2,1,-0.0242204318937887,0,戊,戌,土,土,庚,寅,金,木,False,False,-0.038687728669893486,2021-W07,2021-02
300750.SZ,2021-02-22,375.0,387.5,-0.032258,167203,6411239.336,辛丑,庚寅,辛丑,1,2021,2,1,-0.03278982282299084,0,辛,丑,金,土,庚,寅,金,木,False,False,-0.0242204318937887,2021-W08,2021-02
300750.SZ,2021-02-23,376.54,375.0,0.004107,136047,5027757.786,辛丑,庚寅,壬寅,2,2021,2,1,0.004098257326154987,1,壬,寅,水,木,庚,寅,金,木,False,False,-0.03278982282299084,2021-W08,2021-02
300750.SZ,2021-02-24,347.0,376.54,-0.078451,302720,10682015.85,辛丑,庚寅,癸卯,3,2021,2,1,-0.08169950334970658,0,癸,卯,水,木,庚,寅,金,木,False,True,0.004098257326154987,2021-W08,2021-02
300750.SZ,2021-02-25,337.1,347.0,-0.02853,245757,8445690.07,辛丑,庚寅,甲辰,4,2021,2,1,-0.028945157706844093,0,甲,辰,木,土,庚,寅,金,木,False,True,-0.08169950334970658,2021-W08,2021-02
300750.SZ,2021-02-26,322.23,337.1,-0.044112,229506,7449904.802,辛丑,庚寅,乙巳,5,2021,2,1,-0.045114045961949685,0,乙,巳,木,火,庚,寅,金,木,False,True,-0.028945157706844093,2021-W08,2021-02
300750.SZ,2021-03-01,344.6,322.23,0.069422,205394,6964880.536,辛丑,庚寅,戊申,1,2021,3,1,0.0671187478157639,1,戊,申,土,金,庚,寅,金,木,True,False,-0.045114045961949685,2021-W09,2021-03
300750.SZ,2021-03-02,349.6,344.6,0.01451,152811,5308970.364,辛丑,庚寅,己酉,2,2021,3,1,0.014405319687551233,1,己,酉,土,金,庚,寅,金,木,True,False,0.0671187478157639,2021-W09,2021-03
300750.SZ,2021-03-03,349.63,349.6,8.6e-05,104644,3617077.585,辛丑,庚寅,庚戌,3,2021,3,1,8.580867530966857e-05,1,庚,戌,金,土,庚,寅,金,木,True,False,0.014405319687551233,2021-W09,2021-03
300750.SZ,2021-03-04,325.57,349.63,-0.068816,181034,5984259.54,辛丑,庚寅,辛亥,4,2021,3,1,-0.07129796016537113,0,辛,亥,金,水,庚,寅,金,木,True,False,8.580867530966857e-05,2021-W09,2021-03
300750.SZ,2021-03-05,320.0,325.57,-0.017108,173073,5511104.28,辛丑,辛卯,壬子,5,2021,3,1,-0.017256496497546656,0,壬,子,水,水,辛,卯,金,木,True,False,-0.07129796016537113,2021-W09,2021-03
300750.SZ,2021-03-08,305.0,320.0,-0.046875,212955,6751702.325,辛丑,辛卯,乙卯,1,2021,3,1,-0.048009219186360606,0,乙,卯,木,木,辛,卯,金,木,False,False,-0.017256496497546656,2021-W10,2021-03
300750.SZ,2021-03-09,300.0,305.0,-0.016393,273577,8235734.794,辛丑,辛卯,丙辰,2,2021,3,1,-0.016529301951210582,0,丙,辰,火,土,辛,卯,金,木,False,False,-0.048009219186360606,2021-W10,2021-03
300750.SZ,2021-03-10,314.5,300.0,0.048333,237637,7542999.117,辛丑,辛卯,丁巳,3,2021,3,1,0.04720160148429416,1,丁,巳,火,火,辛,卯,金,木,False,False,-0.016529301951210582,2021-W10,2021-03
300750.SZ,2021-03-11,331.28,314.5,0.053355,209642,6829108.561,辛丑,辛卯,戊午,4,2021,3,1,0.051979863096816493,1,戊,午,土,火,辛,卯,金,木,False,False,0.04720160148429416,2021-W10,2021-03
300750.SZ,2021-03-12,341.46,331.28,0.030729,189520,6424536.234,辛丑,辛卯,己未,5,2021,3,1,0.030266602605775742,1,己,未,土,土,辛,卯,金,木,False,False,0.051979863096816493,2021-W10,2021-03
300750.SZ,2021-03-15,312.3,341.46,-0.085398,230403,7361113.706,辛丑,辛卯,壬戌,1,2021,3,1,-0.08926627755405453,0,壬,戌,水,土,辛,卯,金,木,False,False,0.030266602605775742,2021-W11,2021-03
300750.SZ,2021-03-16,323.0,312.3,0.034262,137123,4384184.142,辛丑,辛卯,癸亥,2,2021,3,1,0.03368805893362361,1,癸,亥,水,水,辛,卯,金,木,False,False,-0.08926627755405453,2021-W11,2021-03
300750.SZ,2021-03-17,333.0,323.0,0.03096,146725,4829807.794,辛丑,辛卯,甲子,3,2021,3,1,0.030490166757787204,1,甲,子,木,水,辛,卯,金,木,False,False,0.03368805893362361,2021-W11,2021-03
300750.SZ,2021-03-18,335.8,333.0,0.008408,113669,3840901.084,辛丑,辛卯,乙丑,4,2021,3,1,0.008373254662996606,1,乙,丑,木,土,辛,卯,金,木,False,False,0.030490166757787204,2021-W11,2021-03
300750.SZ,2021-03-19,316.5,335.8,-0.057475,189715,6051504.889,辛丑,辛卯,丙寅,5,2021,3,1,-0.05919250305920966,0,丙,寅,火,木,辛,卯,金,木,False,False,0.008373254662996606,2021-W11,2021-03
300750.SZ,2021-03-22,307.8,316.5,-0.027488,231718,7137600.231,辛丑,辛卯,己巳,1,2021,3,1,-0.027873020179451976,0,己,巳,土,火,辛,卯,金,木,False,False,-0.05919250305920966,2021-W12,2021-03
300750.SZ,2021-03-23,303.91,307.8,-0.012638,151169,4603584.945,辛丑,辛卯,庚午,2,2021,3,1,-0.012718616462367651,0,庚,午,金,火,辛,卯,金,木,False,False,-0.027873020179451976,2021-W12,2021-03
300750.SZ,2021-03-24,288.79,303.91,-0.049752,252081,7334176.816,辛丑,辛卯,辛未,3,2021,3,1,-0.051031824562016194,0,辛,未,金,土,辛,卯,金,木,False,False,-0.012718616462367651,2021-W12,2021-03
300750.SZ,2021-03-25,291.55,288.79,0.009557,184398,5281518.749,辛丑,辛卯,壬申,4,2021,3,1,0.009511737287770161,1,壬,申,水,金,辛,卯,金,木,False,False,-0.051031824562016194,2021-W12,2021-03
300750.SZ,2021-03-26,313.62,291.55,0.075699,237102,7292443.31,辛丑,辛卯,癸酉,5,2021,3,1,0.07297054428472037,1,癸,酉,水,金,辛,卯,金,木,False,False,0.009511737287770161,2021-W12,2021-03
300750.SZ,2021-03-29,311.6,313.62,-0.006441,155632,4871068.353,辛丑,辛卯,丙子,1,2021,3,1,-0.0064617479562921664,0,丙,子,火,水,辛,卯,金,木,False,True,0.07297054428472037,2021-W13,2021-03
300750.SZ,2021-03-30,318.98,311.6,0.023684,126403,4003150.838,辛丑,辛卯,丁丑,2,2021,3,1,0.023408090898014804,1,丁,丑,火,土,辛,卯,金,木,False,True,-0.0064617479562921664,2021-W13,2021-03
300750.SZ,2021-03-31,322.17,318.98,0.010001,160545,5133802.498,辛丑,辛卯,戊寅,3,2021,3,1,0.00995095164362685,1,戊,寅,土,木,辛,卯,金,木,False,True,0.023408090898014804,2021-W13,2021-03
300750.SZ,2021-04-01,329.99,322.17,0.024273,113338,3741712.771,辛丑,辛卯,己卯,4,2021,4,1,0.023982994432841933,1,己,卯,土,木,辛,卯,金,木,True,False,0.00995095164362685,2021-W13,2021-04
300750.SZ,2021-04-02,332.4,329.99,0.007303,92628,3074575.828,辛丑,辛卯,庚辰,5,2021,4,1,0.007276712010216131,1,庚,辰,金,土,辛,卯,金,木,True,False,0.023982994432841933,2021-W13,2021-04
300750.SZ,2021-04-06,325.8,332.4,-0.019856,104638,3421873.64,辛丑,壬辰,甲申,2,2021,4,1,-0.02005536681334832,0,甲,申,木,金,壬,辰,水,土,False,False,0.007276712010216131,2021-W14,2021-04
300750.SZ,2021-04-07,320.0,325.8,-0.017802,133931,4245479.57,辛丑,壬辰,乙酉,3,2021,4,1,-0.01796270037417259,0,乙,酉,木,金,壬,辰,水,土,False,False,-0.02005536681334832,2021-W14,2021-04
300750.SZ,2021-04-08,319.85,320.0,-0.000469,78709,2507089.321,辛丑,壬辰,丙戌,4,2021,4,1,-0.00046885989762550655,0,丙,戌,火,土,壬,辰,水,土,False,False,-0.01796270037417259,2021-W14,2021-04
300750.SZ,2021-04-09,312.0,319.85,-0.024543,93236,2918718.12,辛丑,壬辰,丁亥,5,2021,4,1,-0.02484894808666434,0,丁,亥,火,水,壬,辰,水,土,False,False,-0.00046885989762550655,2021-W14,2021-04
300750.SZ,2021-04-12,315.01,312.0,0.009647,140595,4483570.206,辛丑,壬辰,庚寅,1,2021,4,1,0.009601196544002126,1,庚,寅,金,木,壬,辰,水,土,False,False,-0.02484894808666434,2021-W15,2021-04
300750.SZ,2021-04-13,324.76,315.01,0.030951,140210,4558191.605,辛丑,壬辰,辛卯,2,2021,4,1,0.030482063640761295,1,辛,卯,金,木,壬,辰,水,土,False,False,0.009601196544002126,2021-W15,2021-04
300750.SZ,2021-04-14,346.0,324.76,0.065402,185043,6295708.676,辛丑,壬辰,壬辰,3,2021,4,1,0.06335232706347858,1,壬,辰,水,土,壬,辰,水,土,False,False,0.030482063640761295,2021-W15,2021-04
300750.SZ,2021-04-15,337.0,346.0,-0.026012,124741,4202803.202,辛丑,壬辰,癸巳,4,2021,4,1,-0.026355844705362546,0,癸,巳,水,火,壬,辰,水,土,False,False,0.06335232706347858,2021-W15,2021-04
300750.SZ,2021-04-16,333.84,337.0,-0.009377,115362,3834287.11,辛丑,壬辰,甲午,5,2021,4,1,-0.009421094069064662,0,甲,午,木,火,壬,辰,水,土,False,False,-0.026355844705362546,2021-W15,2021-04
300750.SZ,2021-04-19,364.0,333.84,0.090343,205476,7250923.622,辛丑,壬辰,丁酉,1,2021,4,1,0.0864920313534436,1,丁,酉,火,金,壬,辰,水,土,False,False,-0.009421094069064662,2021-W16,2021-04
300750.SZ,2021-04-20,359.0,364.0,-0.013736,142834,5154523.734,辛丑,壬辰,戊戌,2,2021,4,1,-0.013831479148461738,0,戊,戌,土,土,壬,辰,水,土,False,False,0.0864920313534436,2021-W16,2021-04
300750.SZ,2021-04-21,355.69,359.0,-0.00922,123996,4373022.068,辛丑,壬辰,己亥,3,2021,4,1,-0.009262823507921979,0,己,亥,土,水,壬,辰,水,土,False,False,-0.013831479148461738,2021-W16,2021-04
300750.SZ,2021-04-22,362.36,355.69,0.018752,107913,3907120.259,辛丑,壬辰,庚子,4,2021,4,1,0.01857862782073015,1,庚,子,金,水,壬,辰,水,土,False,False,-0.009262823507921979,2021-W16,2021-04
300750.SZ,2021-04-23,371.5,362.36,0.025224,115365,4255126.795,辛丑,壬辰,辛丑,5,2021,4,1,0.02491067135672675,1,辛,丑,金,土,壬,辰,水,土,False,False,0.01857862782073015,2021-W16,2021-04
300750.SZ,2021-04-26,349.0,371.5,-0.060565,256236,9238754.935,辛丑,壬辰,甲辰,1,2021,4,1,-0.06247694195538671,0,甲,辰,木,土,壬,辰,水,土,False,True,0.02491067135672675,2021-W17,2021-04
300750.SZ,2021-04-27,348.6,349.0,-0.001146,151809,5243699.574,辛丑,壬辰,乙巳,2,2021,4,1,-0.0011467891165065712,0,乙,巳,木,火,壬,辰,水,土,False,True,-0.06247694195538671,2021-W17,2021-04
300750.SZ,2021-04-28,367.03,348.6,0.052869,236326,8597828.977,辛丑,壬辰,丙午,3,2021,4,1,0.051518455497011416,1,丙,午,火,火,壬,辰,水,土,False,True,-0.0011467891165065712,2021-W17,2021-04
300750.SZ,2021-04-29,379.99,367.03,0.03531,180863,6806129.765,辛丑,壬辰,丁未,4,2021,4,1,0.03470134800175936,1,丁,未,火,土,壬,辰,水,土,False,True,0.051518455497011416,2021-W17,2021-04
300750.SZ,2021-04-30,388.17,379.99,0.021527,258651,9896566.189,辛丑,壬辰,戊申,5,2021,4,1,0.02129845141127978,1,戊,申,土,金,壬,辰,水,土,False,True,0.03470134800175936,2021-W17,2021-04
300750.SZ,2021-05-06,384.0,388.17,-0.010743,189680,7198512.557,辛丑,癸巳,甲寅,4,2021,5,1,-0.010800835408244312,0,甲,寅,木,木,癸,巳,水,火,False,False,0.02129845141127978,2021-W18,2021-05
300750.SZ,2021-05-07,367.28,384.0,-0.043542,151385,5685506.805,辛丑,癸巳,乙卯,5,2021,5,1,-0.04451805264676029,0,乙,卯,木,木,癸,巳,水,火,False,False,-0.010800835408244312,2021-W18,2021-05
300750.SZ,2021-05-10,368.21,367.28,0.002532,124552,4573789.55,辛丑,癸巳,戊午,1,2021,5,1,0.0025289276418421457,1,戊,午,土,火,癸,巳,水,火,False,False,-0.04451805264676029,2021-W19,2021-05
300750.SZ,2021-05-11,366.6,368.21,-0.004373,114120,4142445.89,辛丑,癸巳,己未,2,2021,5,1,-0.004382092177204075,0,己,未,土,土,癸,巳,水,火,False,False,0.0025289276418421457,2021-W19,2021-05
300750.SZ,2021-05-12,361.5,366.6,-0.013912,133601,4812795.101,辛丑,癸巳,庚申,3,2021,5,1,-0.01400929380678527,0,庚,申,金,金,癸,巳,水,火,False,False,-0.004382092177204075,2021-W19,2021-05
300750.SZ,2021-05-13,351.1,361.5,-0.028769,113476,4017576.452,辛丑,癸巳,辛酉,4,2021,5,1,-0.029190958424432714,0,辛,酉,金,金,癸,巳,水,火,False,False,-0.01400929380678527,2021-W19,2021-05
300750.SZ,2021-05-14,359.0,351.1,0.022501,176576,6228877.398,辛丑,癸巳,壬戌,5,2021,5,1,0.022251305313892238,1,壬,戌,水,土,癸,巳,水,火,False,False,-0.029190958424432714,2021-W19,2021-05
300750.SZ,2021-05-17,373.18,359.0,0.039499,193309,7172265.166,辛丑,癸巳,乙丑,1,2021,5,1,0.038738488480824014,1,乙,丑,木,土,癸,巳,水,火,False,False,0.022251305313892238,2021-W20,2021-05
300750.SZ,2021-05-18,369.1,373.18,-0.010933,89620,3323751.525,辛丑,癸巳,丙寅,2,2021,5,1,-0.010993266933150045,0,丙,寅,火,木,癸,巳,水,火,False,False,0.038738488480824014,2021-W20,2021-05
300750.SZ,2021-05-19,375.05,369.1,0.01612,117464,4407782.455,辛丑,癸巳,丁卯,3,2021,5,1,0.015991740379692313,1,丁,卯,火,木,癸,巳,水,火,False,False,-0.010993266933150045,2021-W20,2021-05
300750.SZ,2021-05-20,377.74,375.05,0.007172,128439,4839062.724,辛丑,癸巳,戊辰,4,2021,5,1,0.007146777852054734,1,戊,辰,土,土,癸,巳,水,火,False,False,0.015991740379692313,2021-W20,2021-05
300750.SZ,2021-05-21,375.57,377.74,-0.005745,140565,5316782.152,辛丑,癸巳,己巳,5,2021,5,1,-0.00576125632801944,0,己,巳,土,火,癸,巳,水,火,False,False,0.007146777852054734,2021-W20,2021-05
300750.SZ,2021-05-24,387.96,375.57,0.03299,169611,6535959.08,辛丑,癸巳,壬申,1,2021,5,1,0.0324573695856613,1,壬,申,水,金,癸,巳,水,火,False,False,-0.00576125632801944,2021-W21,2021-05
300750.SZ,2021-05-25,395.53,387.96,0.019512,149577,5881748.189,辛丑,癸巳,癸酉,2,2021,5,1,0.01932439615583617,1,癸,酉,水,金,癸,巳,水,火,False,False,0.0324573695856613,2021-W21,2021-05
300750.SZ,2021-05-26,385.42,395.53,-0.025561,126988,4932244.991,辛丑,癸巳,甲戌,3,2021,5,1,-0.02589298891140367,0,甲,戌,木,土,癸,巳,水,火,False,False,0.01932439615583617,2021-W21,2021-05
300750.SZ,2021-05-27,384.0,385.42,-0.003684,79598,3073473.014,辛丑,癸巳,乙亥,4,2021,5,1,-0.0036910961820477077,0,乙,亥,木,水,癸,巳,水,火,False,True,-0.02589298891140367,2021-W21,2021-05
300750.SZ,2021-05-28,409.6,384.0,0.066667,277150,11346592.533,辛丑,癸巳,丙子,5,2021,5,1,0.06453852113757116,1,丙,子,火,水,癸,巳,水,火,False,True,-0.0036910961820477077,2021-W21,2021-05
300750.SZ,2021-05-31,434.1,409.6,0.059814,200063,8540083.588,辛丑,癸巳,己卯,1,2021,5,1,0.05809384858024984,1,己,卯,土,木,癸,巳,水,火,False,True,0.06453852113757116,2021-W22,2021-05
300750.SZ,2021-06-01,425.34,434.1,-0.02018,158753,6727933.26,辛丑,癸巳,庚辰,2,2021,6,1,-0.020386073210566787,0,庚,辰,金,土,癸,巳,水,火,True,False,0.05809384858024984,2021-W22,2021-06
300750.SZ,2021-06-02,424.5,425.34,-0.001975,115712,4933369.539,辛丑,癸巳,辛巳,3,2021,6,1,-0.0019768433435790904,0,辛,巳,金,火,癸,巳,水,火,True,False,-0.020386073210566787,2021-W22,2021-06
300750.SZ,2021-06-03,414.78,424.5,-0.022898,123759,5164432.66,辛丑,癸巳,壬午,4,2021,6,1,-0.02316374656617338,0,壬,午,水,火,癸,巳,水,火,True,False,-0.0019768433435790904,2021-W22,2021-06
300750.SZ,2021-06-04,432.21,414.78,0.042022,180101,7765736.027,辛丑,癸巳,癸未,5,2021,6,1,0.04116332205626268,1,癸,未,水,土,癸,巳,水,火,True,False,-0.02316374656617338,2021-W22,2021-06
300750.SZ,2021-06-07,407.5,432.21,-0.057171,215294,8812647.425,辛丑,甲午,丙戌,1,2021,6,1,-0.058870648560573904,0,丙,戌,火,土,甲,午,木,火,False,False,0.04116332205626268,2021-W23,2021-06
300750.SZ,2021-06-08,409.59,407.5,0.005129,166316,6887633.928,辛丑,甲午,丁亥,2,2021,6,1,0.0051157266838525615,1,丁,亥,火,水,甲,午,木,火,False,False,-0.058870648560573904,2021-W23,2021-06
300750.SZ,2021-06-09,409.37,409.59,-0.000537,93582,3829137.54,辛丑,甲午,戊子,3,2021,6,1,-0.0005372667902998628,0,戊,子,土,水,甲,午,木,火,False,False,0.0051157266838525615,2021-W23,2021-06
300750.SZ,2021-06-10,434.63,409.37,0.061705,193502,8400201.736,辛丑,甲午,己丑,4,2021,6,1,0.05987570185764463,1,己,丑,土,土,甲,午,木,火,False,False,-0.0005372667902998628,2021-W23,2021-06
300750.SZ,2021-06-11,451.98,434.63,0.039919,197960,8816469.19,辛丑,甲午,庚寅,5,2021,6,1,0.039142836633543565,1,庚,寅,金,木,甲,午,木,火,False,False,0.05987570185764463,2021-W23,2021-06
300750.SZ,2021-06-15,445.0,451.98,-0.015443,102521,4562143.371,辛丑,甲午,甲午,2,2021,6,1,-0.01556364889941813,0,甲,午,木,火,甲,午,木,火,False,False,0.039142836633543565,2021-W24,2021-06
300750.SZ,2021-06-16,420.18,445.0,-0.055775,139693,5989483.516,辛丑,甲午,乙未,3,2021,6,1,-0.05739109127075885,0,乙,未,木,土,甲,午,木,火,False,False,-0.01556364889941813,2021-W24,2021-06
300750.SZ,2021-06-17,434.51,420.18,0.034104,102723,4433456.914,辛丑,甲午,丙申,4,2021,6,1,0.03353576850484901,1,丙,申,火,金,甲,午,木,火,False,False,-0.05739109127075885,2021-W24,2021-06
300750.SZ,2021-06-18,450.0,434.51,0.035649,156000,7001105.223,辛丑,甲午,丁酉,5,2021,6,1,0.03502862336403502,1,丁,酉,火,金,甲,午,木,火,False,False,0.03353576850484901,2021-W24,2021-06
300750.SZ,2021-06-21,452.8,450.0,0.006222,120823,5452180.813,辛丑,甲午,庚子,1,2021,6,1,0.006202944124607865,1,庚,子,金,水,甲,午,木,火,False,False,0.03502862336403502,2021-W25,2021-06
300750.SZ,2021-06-22,450.23,452.8,-0.005676,88470,3966367.403,辛丑,甲午,辛丑,2,2021,6,1,-0.005691963586290996,0,辛,丑,金,土,甲,午,木,火,False,False,0.006202944124607865,2021-W25,2021-06
300750.SZ,2021-06-23,468.45,450.23,0.040468,124456,5774145.63,辛丑,甲午,壬寅,3,2021,6,1,0.039670809094515036,1,壬,寅,水,木,甲,午,木,火,False,False,-0.005691963586290996,2021-W25,2021-06
300750.SZ,2021-06-24,467.3,468.45,-0.002455,92132,4302188.924,辛丑,甲午,癸卯,4,2021,6,1,-0.0024579226908167883,0,癸,卯,水,木,甲,午,木,火,False,False,0.039670809094515036,2021-W25,2021-06
300750.SZ,2021-06-25,476.23,467.3,0.01911,99555,4686222.357,辛丑,甲午,甲辰,5,2021,6,1,0.018929481102069864,1,甲,辰,木,土,甲,午,木,火,False,False,-0.0024579226908167883,2021-W25,2021-06
300750.SZ,2021-06-28,493.9,476.23,0.037104,146439,7224070.341,辛丑,甲午,丁未,1,2021,6,1,0.036432136738128784,1,丁,未,火,土,甲,午,木,火,False,True,0.018929481102069864,2021-W26,2021-06
300750.SZ,2021-06-29,508.51,493.9,0.029581,153401,7834685.995,辛丑,甲午,戊申,2,2021,6,1,0.02915181343205104,1,戊,申,土,金,甲,午,木,火,False,True,0.036432136738128784,2021-W26,2021-06
300750.SZ,2021-06-30,534.8,508.51,0.0517,144556,7574604.647,辛丑,甲午,己酉,3,2021,6,1,0.050407964249157895,1,己,酉,土,金,甲,午,木,火,False,True,0.02915181343205104,2021-W26,2021-06
300750.SZ,2021-07-01,529.5,534.8,-0.00991,113247,5996925.819,辛丑,甲午,庚戌,4,2021,7,1,-0.009959680186326907,0,庚,戌,金,土,甲,午,木,火,True,False,0.050407964249157895,2021-W26,2021-07
300750.SZ,2021-07-02,519.59,529.5,-0.018716,138717,7242849.769,辛丑,甲午,辛亥,5,2021,7,1,-0.018893126003733118,0,辛,亥,金,水,甲,午,木,火,True,False,-0.009959680186326907,2021-W26,2021-07
300750.SZ,2021-07-05,519.27,519.35,-0.000154,143514,7406241.681,辛丑,甲午,甲寅,1,2021,7,1,-0.00015405056740334027,0,甲,寅,木,木,甲,午,木,火,True,False,-0.018893126003733118,2021-W27,2021-07
300750.SZ,2021-07-06,515.23,519.27,-0.00778,180555,9395935.106,辛丑,甲午,乙卯,2,2021,7,1,-0.0078105761978983215,0,乙,卯,木,木,甲,午,木,火,False,False,-0.00015405056740334027,2021-W27,2021-07
300750.SZ,2021-07-07,542.5,515.23,0.052928,181456,9654261.557,辛丑,乙未,丙辰,3,2021,7,1,0.05157468250609593,1,丙,辰,火,土,乙,未,木,土,False,False,-0.0078105761978983215,2021-W27,2021-07
300750.SZ,2021-07-08,559.16,542.5,0.03071,158790,8888330.054,辛丑,乙未,丁巳,4,2021,7,1,0.03024757218831303,1,丁,巳,火,火,乙,未,木,土,False,False,0.05157468250609593,2021-W27,2021-07
300750.SZ,2021-07-09,545.88,559.16,-0.02375,156607,8521226.651,辛丑,乙未,戊午,5,2021,7,1,-0.024036486233014645,0,戊,午,土,火,乙,未,木,土,False,False,0.03024757218831303,2021-W27,2021-07
300750.SZ,2021-07-12,565.79,545.88,0.036473,154763,8772503.853,辛丑,乙未,辛酉,1,2021,7,1,0.03582381325158081,1,辛,酉,金,金,乙,未,木,土,False,False,-0.024036486233014645,2021-W28,2021-07
300750.SZ,2021-07-13,563.01,565.79,-0.004913,136370,7678988.306,辛丑,乙未,壬戌,2,2021,7,1,-0.004925594650202852,0,壬,戌,水,土,乙,未,木,土,False,False,0.03582381325158081,2021-W28,2021-07
300750.SZ,2021-07-14,551.37,563.01,-0.020675,125878,6965504.6,辛丑,乙未,癸亥,3,2021,7,1,-0.02089129982579846,0,癸,亥,水,水,乙,未,木,土,False,False,-0.004925594650202852,2021-W28,2021-07
300750.SZ,2021-07-15,568.0,551.37,0.030161,137333,7628510.59,辛丑,乙未,甲子,4,2021,7,1,0.02971532857565896,1,甲,子,木,水,乙,未,木,土,False,False,-0.02089129982579846,2021-W28,2021-07
300750.SZ,2021-07-16,531.0,568.0,-0.065141,178494,9719489.197,辛丑,乙未,乙丑,5,2021,7,1,-0.06735939747921248,0,乙,丑,木,土,乙,未,木,土,False,False,0.02971532857565896,2021-W28,2021-07
300750.SZ,2021-07-19,523.5,531.0,-0.014124,180129,9474773.727,辛丑,乙未,戊辰,1,2021,7,1,-0.014224990931347326,0,戊,辰,土,土,乙,未,木,土,False,False,-0.06735939747921248,2021-W29,2021-07
300750.SZ,2021-07-20,528.04,523.5,0.008672,130005,6869197.468,辛丑,乙未,己巳,2,2021,7,1,0.00863500810196719,1,己,巳,土,火,乙,未,木,土,False,False,-0.014224990931347326,2021-W29,2021-07
300750.SZ,2021-07-21,555.78,528.04,0.052534,182049,9878628.606,辛丑,乙未,庚午,3,2021,7,1,0.051200494081432256,1,庚,午,金,火,乙,未,木,土,False,False,0.00863500810196719,2021-W29,2021-07
300750.SZ,2021-07-22,557.08,555.78,0.002339,108835,6027459.316,辛丑,乙未,辛未,4,2021,7,1,0.002336323690900088,1,辛,未,金,土,乙,未,木,土,False,False,0.051200494081432256,2021-W29,2021-07
300750.SZ,2021-07-23,547.01,557.08,-0.018076,93328,5157401.634,辛丑,乙未,壬申,5,2021,7,1,-0.018241772394366338,0,壬,申,水,金,乙,未,木,土,False,False,0.002336323690900088,2021-W29,2021-07
300750.SZ,2021-07-26,539.78,547.01,-0.013217,127289,6852321.74,辛丑,乙未,乙亥,1,2021,7,1,-0.013305434652557608,0,乙,亥,木,水,乙,未,木,土,False,False,-0.018241772394366338,2021-W30,2021-07
300750.SZ,2021-07-27,495.0,539.78,-0.08296,178460,9419312.665,辛丑,乙未,丙子,2,2021,7,1,-0.08660388656927702,0,丙,子,火,水,乙,未,木,土,False,True,-0.013305434652557608,2021-W30,2021-07
300750.SZ,2021-07-28,525.05,495.0,0.060707,217247,11221667.797,辛丑,乙未,丁丑,3,2021,7,1,0.058935733583312076,1,丁,丑,火,土,乙,未,木,土,False,True,-0.08660388656927702,2021-W30,2021-07
300750.SZ,2021-07-29,556.8,525.05,0.06047,186202,10167714.631,辛丑,乙未,戊寅,4,2021,7,1,0.05871261286820748,1,戊,寅,土,木,乙,未,木,土,False,True,0.058935733583312076,2021-W30,2021-07
300750.SZ,2021-07-30,550.4,556.8,-0.011494,201810,11332846.398,辛丑,乙未,己卯,5,2021,7,1,-0.011560822401075971,0,己,卯,土,木,乙,未,木,土,False,True,0.05871261286820748,2021-W30,2021-07
300750.SZ,2021-08-02,552.0,550.4,0.002907,182972,10131832.068,辛丑,乙未,壬午,1,2021,8,1,0.00290275965796141,1,壬,午,水,火,乙,未,木,土,True,False,-0.011560822401075971,2021-W31,2021-08
300750.SZ,2021-08-03,531.0,552.0,-0.038043,122383,6535093.739,辛丑,乙未,癸未,2,2021,8,1,-0.03878602503515642,0,癸,未,水,土,乙,未,木,土,True,False,0.00290275965796141,2021-W31,2021-08
300750.SZ,2021-08-04,569.0,531.0,0.071563,174004,9647161.978,辛丑,乙未,甲申,3,2021,8,1,0.06911841288439216,1,甲,申,木,金,乙,未,木,土,True,False,-0.03878602503515642,2021-W31,2021-08
300750.SZ,2021-08-05,557.0,569.0,-0.02109,129792,7197921.132,辛丑,乙未,乙酉,4,2021,8,1,-0.021315194199046858,0,乙,酉,木,金,乙,未,木,土,True,False,0.06911841288439216,2021-W31,2021-08
300750.SZ,2021-08-06,543.88,557.0,-0.023555,143712,7918384.463,辛丑,乙未,丙戌,5,2021,8,1,-0.02383660563979875,0,丙,戌,火,土,乙,未,木,土,False,False,-0.021315194199046858,2021-W31,2021-08
300750.SZ,2021-08-09,516.0,543.88,-0.051261,185831,9534234.24,辛丑,丙申,己丑,1,2021,8,1,-0.05262186880592252,0,己,丑,土,土,丙,申,火,金,False,False,-0.02383660563979875,2021-W32,2021-08
300750.SZ,2021-08-10,510.5,516.0,-0.010659,180168,9152881.562,辛丑,丙申,庚寅,2,2021,8,1,-0.010716127876842507,0,庚,寅,金,木,丙,申,火,金,False,False,-0.05262186880592252,2021-W32,2021-08
300750.SZ,2021-08-11,517.25,510.5,0.013222,112364,5790098.627,辛丑,丙申,辛卯,3,2021,8,1,0.013135679020932198,1,辛,卯,金,木,丙,申,火,金,False,False,-0.010716127876842507,2021-W32,2021-08
300750.SZ,2021-08-12,502.0,517.25,-0.029483,171161,8599262.131,辛丑,丙申,壬辰,4,2021,8,1,-0.02992619693392327,0,壬,辰,水,土,丙,申,火,金,False,False,0.013135679020932198,2021-W32,2021-08
300750.SZ,2021-08-13,502.05,502.0,0.0001,277257,14085448.989,辛丑,丙申,癸巳,5,2021,8,1,9.959663371604546e-05,1,癸,巳,水,火,丙,申,火,金,False,False,-0.02992619693392327,2021-W32,2021-08
300750.SZ,2021-08-16,477.0,502.05,-0.049895,220439,10620462.84,辛丑,丙申,丙申,1,2021,8,1,-0.05118322543710407,0,丙,申,火,金,丙,申,火,金,False,False,9.959663371604546e-05,2021-W33,2021-08
300750.SZ,2021-08-17,480.0,477.0,0.006289,156106,7586087.133,辛丑,丙申,丁酉,2,2021,8,1,0.006269613013595395,1,丁,酉,火,金,丙,申,火,金,False,False,-0.05118322543710407,2021-W33,2021-08
300750.SZ,2021-08-18,495.0,480.0,0.03125,159574,7861906.061,辛丑,丙申,戊戌,3,2021,8,1,0.030771658666753687,1,戊,戌,土,土,丙,申,火,金,False,False,0.006269613013595395,2021-W33,2021-08
300750.SZ,2021-08-19,503.0,495.0,0.016162,144535,7215253.955,辛丑,丙申,己亥,4,2021,8,1,0.01603240753104901,1,己,亥,土,水,丙,申,火,金,False,False,0.030771658666753687,2021-W33,2021-08
300750.SZ,2021-08-20,494.11,503.0,-0.017674,125276,6160678.537,辛丑,丙申,庚子,5,2021,8,1,-0.01783200563478392,0,庚,子,金,水,丙,申,火,金,False,False,0.01603240753104901,2021-W33,2021-08
300750.SZ,2021-08-23,521.9,494.11,0.056243,162244,8359923.041,辛丑,丙申,癸卯,1,2021,8,1,0.054717834184412145,1,癸,卯,水,木,丙,申,火,金,False,False,-0.01783200563478392,2021-W34,2021-08
300750.SZ,2021-08-24,523.0,521.9,0.002108,133137,7011227.15,辛丑,丙申,甲辰,2,2021,8,1,0.0021054654155554303,1,甲,辰,木,土,丙,申,火,金,False,False,0.054717834184412145,2021-W34,2021-08
300750.SZ,2021-08-25,530.24,523.0,0.013843,95303,4963866.861,辛丑,丙申,乙巳,3,2021,8,1,0.013748270173275226,1,乙,巳,木,火,丙,申,火,金,False,False,0.0021054654155554303,2021-W34,2021-08
300750.SZ,2021-08-26,521.0,530.24,-0.017426,167982,8951110.526,辛丑,丙申,丙午,4,2021,8,1,-0.0175796924848312,0,丙,午,火,火,丙,申,火,金,False,False,0.013748270173275226,2021-W34,2021-08
300750.SZ,2021-08-27,507.5,521.0,-0.025912,119581,6098898.952,辛丑,丙申,丁未,5,2021,8,1,-0.026253330837424576,0,丁,未,火,土,丙,申,火,金,False,True,-0.0175796924848312,2021-W34,2021-08
300750.SZ,2021-08-30,505.24,507.5,-0.004453,157143,8036791.726,辛丑,丙申,庚戌,1,2021,8,1,-0.004463147010167851,0,庚,戌,金,土,丙,申,火,金,False,True,-0.026253330837424576,2021-W35,2021-08
300750.SZ,2021-08-31,494.87,505.24,-0.020525,147620,7288932.626,辛丑,丙申,辛亥,2,2021,8,1,-0.020738462092026542,0,辛,亥,金,水,丙,申,火,金,False,True,-0.004463147010167851,2021-W35,2021-08
300750.SZ,2021-09-01,488.71,494.87,-0.012448,144626,7006043.909,辛丑,丙申,壬子,3,2021,9,1,-0.012525835295590279,0,壬,子,水,水,丙,申,火,金,True,False,-0.020738462092026542,2021-W35,2021-09
300750.SZ,2021-09-02,493.5,488.71,0.009801,114648,5637614.465,辛丑,丙申,癸丑,4,2021,9,1,0.009753592355378584,1,癸,丑,水,土,丙,申,火,金,True,False,-0.012525835295590279,2021-W35,2021-09
300750.SZ,2021-09-03,486.5,493.5,-0.014184,112820,5523301.032,辛丑,丙申,甲寅,5,2021,9,1,-0.014285957247476541,0,甲,寅,木,木,丙,申,火,金,True,False,0.009753592355378584,2021-W35,2021-09
300750.SZ,2021-09-06,516.1,486.5,0.060843,147919,7471544.141,辛丑,丙申,丁巳,1,2021,9,1,0.05906364352862167,1,丁,巳,火,火,丙,申,火,金,False,False,-0.014285957247476541,2021-W36,2021-09
300750.SZ,2021-09-07,514.01,516.1,-0.00405,94222,4866454.172,辛丑,丁酉,戊午,2,2021,9,1,-0.004057824635849082,0,戊,午,土,火,丁,酉,火,金,False,False,0.05906364352862167,2021-W36,2021-09
300750.SZ,2021-09-08,503.0,514.01,-0.02142,97393,4960557.751,辛丑,丁酉,己未,3,2021,9,1,-0.02165255041909321,0,己,未,土,土,丁,酉,火,金,False,False,-0.004057824635849082,2021-W36,2021-09
300750.SZ,2021-09-09,507.2,503.0,0.00835,110162,5541869.353,辛丑,丁酉,庚申,4,2021,9,1,0.008315233023276868,1,庚,申,金,金,丁,酉,火,金,False,False,-0.02165255041909321,2021-W36,2021-09
300750.SZ,2021-09-10,502.1,507.2,-0.010055,112969,5625272.662,辛丑,丁酉,辛酉,5,2021,9,1,-0.010106100082356234,0,辛,酉,金,金,丁,酉,火,金,False,False,0.008315233023276868,2021-W36,2021-09
300750.SZ,2021-09-13,502.8,502.1,0.001394,89689,4498932.655,辛丑,丁酉,甲子,1,2021,9,1,0.0013931736754325171,1,甲,子,木,水,丁,酉,火,金,False,False,-0.010106100082356234,2021-W37,2021-09
300750.SZ,2021-09-14,529.9,502.8,0.053898,233836,12347086.768,辛丑,丁酉,乙丑,2,2021,9,1,0.052495832782623916,1,乙,丑,木,土,丁,酉,火,金,False,False,0.0013931736754325171,2021-W37,2021-09
300750.SZ,2021-09-15,525.35,529.9,-0.008587,105014,5470153.2,辛丑,丁酉,丙寅,3,2021,9,1,-0.008623602363932042,0,丙,寅,火,木,丁,酉,火,金,False,False,0.052495832782623916,2021-W37,2021-09
300750.SZ,2021-09-16,498.0,525.35,-0.052061,112604,5712849.969,辛丑,丁酉,丁卯,4,2021,9,1,-0.053464630110131396,0,丁,卯,火,木,丁,酉,火,金,False,False,-0.008623602363932042,2021-W37,2021-09
300750.SZ,2021-09-17,503.0,498.0,0.01004,81938,4095076.761,辛丑,丁酉,戊辰,5,2021,9,1,0.009990093075086186,1,戊,辰,土,土,丁,酉,火,金,False,False,-0.053464630110131396,2021-W37,2021-09
300750.SZ,2021-09-22,493.31,503.0,-0.019264,64239,3170987.21,辛丑,丁酉,癸酉,3,2021,9,1,-0.019452390425537838,0,癸,酉,水,金,丁,酉,火,金,False,False,0.009990093075086186,2021-W38,2021-09
300750.SZ,2021-09-23,492.99,493.31,-0.000649,79714,3955499.103,辛丑,丁酉,甲戌,4,2021,9,1,-0.0006488898128930103,0,甲,戌,木,土,丁,酉,火,金,False,False,-0.019452390425537838,2021-W38,2021-09
300750.SZ,2021-09-24,499.98,492.99,0.014179,102624,5155614.316,辛丑,丁酉,乙亥,5,2021,9,1,0.014079207760862134,1,乙,亥,木,水,丁,酉,火,金,False,False,-0.0006488898128930103,2021-W38,2021-09
300750.SZ,2021-09-27,513.5,499.98,0.027041,144962,7441411.134,辛丑,丁酉,戊寅,1,2021,9,1,0.026681931746442577,1,戊,寅,土,木,丁,酉,火,金,False,True,0.014079207760862134,2021-W39,2021-09
300750.SZ,2021-09-28,500.43,513.5,-0.025453,92225,4682091.359,辛丑,丁酉,己卯,2,2021,9,1,-0.025782300534539164,0,己,卯,土,木,丁,酉,火,金,False,True,0.026681931746442577,2021-W39,2021-09
300750.SZ,2021-09-29,502.51,500.43,0.004156,93954,4739177.462,辛丑,丁酉,庚辰,3,2021,9,1,0.004147811398657178,1,庚,辰,金,土,丁,酉,火,金,False,True,-0.025782300534539164,2021-W39,2021-09
300750.SZ,2021-09-30,525.73,502.51,0.046208,167142,8696962.248,辛丑,丁酉,辛巳,4,2021,9,1,0.045172232732544115,1,辛,巳,金,火,丁,酉,火,金,False,True,0.004147811398657178,2021-W39,2021-09
300750.SZ,2021-10-08,534.0,525.73,0.015731,125169,6710477.515,辛丑,戊戌,己丑,5,2021,10,1,0.015608065994919828,1,己,丑,土,土,戊,戌,土,土,False,False,0.045172232732544115,2021-W40,2021-10
300750.SZ,2021-10-11,521.0,534.0,-0.024345,78308,4112416.011,辛丑,戊戌,壬辰,1,2021,10,1,-0.024645797206827868,0,壬,辰,水,土,戊,戌,土,土,False,False,0.015608065994919828,2021-W41,2021-10
300750.SZ,2021-10-12,505.0,521.0,-0.03071,95906,4879529.812,辛丑,戊戌,癸巳,2,2021,10,1,-0.031191612478007055,0,癸,巳,水,火,戊,戌,土,土,False,False,-0.024645797206827868,2021-W41,2021-10
300750.SZ,2021-10-13,522.26,505.0,0.034178,76522,3950317.431,辛丑,戊戌,甲午,3,2021,10,1,0.03360711889566029,1,甲,午,木,火,戊,戌,土,土,False,False,-0.031191612478007055,2021-W41,2021-10
300750.SZ,2021-10-14,532.3,522.26,0.019224,78415,4161069.009,辛丑,戊戌,乙未,4,2021,10,1,0.019041692007691634,1,乙,未,木,土,戊,戌,土,土,False,False,0.03360711889566029,2021-W41,2021-10
300750.SZ,2021-10-15,569.0,532.3,0.068946,229512,12822713.734,辛丑,戊戌,丙申,5,2021,10,1,0.06667319394761931,1,丙,申,火,金,戊,戌,土,土,False,False,0.019041692007691634,2021-W41,2021-10
300750.SZ,2021-10-18,595.02,569.0,0.045729,186702,10933506.377,辛丑,戊戌,己亥,1,2021,10,1,0.04471458429975773,1,己,亥,土,水,戊,戌,土,土,False,False,0.06667319394761931,2021-W42,2021-10
300750.SZ,2021-10-19,590.6,595.02,-0.007428,150889,8990013.549,辛丑,戊戌,庚子,2,2021,10,1,-0.007456049116266362,0,庚,子,金,水,戊,戌,土,土,False,False,0.04471458429975773,2021-W42,2021-10
300750.SZ,2021-10-20,589.5,590.6,-0.001863,124665,7444464.95,辛丑,戊戌,辛丑,3,2021,10,1,-0.0018642493323966704,0,辛,丑,金,土,戊,戌,土,土,False,False,-0.007456049116266362,2021-W42,2021-10
300750.SZ,2021-10-21,596.0,589.5,0.011026,101422,6008461.971,辛丑,戊戌,壬寅,4,2021,10,1,0.010965947087924074,1,壬,寅,水,木,戊,戌,土,土,False,False,-0.0018642493323966704,2021-W42,2021-10
300750.SZ,2021-10-22,601.4,596.0,0.00906,110216,6612493.209,辛丑,戊戌,癸卯,5,2021,10,1,0.009019603489078936,1,癸,卯,水,木,戊,戌,土,土,False,False,0.010965947087924074,2021-W42,2021-10
300750.SZ,2021-10-25,610.77,601.4,0.01558,140520,8636989.621,辛丑,戊戌,丙午,1,2021,10,1,0.015460185670266755,1,丙,午,火,火,戊,戌,土,土,False,False,0.009019603489078936,2021-W43,2021-10
300750.SZ,2021-10-26,597.99,610.77,-0.020924,148276,9075608.784,辛丑,戊戌,丁未,2,2021,10,1,-0.021146424821911352,0,丁,未,火,土,戊,戌,土,土,False,False,0.015460185670266755,2021-W43,2021-10
300750.SZ,2021-10-27,615.04,597.99,0.028512,135485,8191755.889,辛丑,戊戌,戊申,3,2021,10,1,0.028113274939088887,1,戊,申,土,金,戊,戌,土,土,False,True,-0.021146424821911352,2021-W43,2021-10
300750.SZ,2021-10-28,607.2,615.04,-0.012747,172828,10650216.882,辛丑,戊戌,己酉,4,2021,10,1,-0.01282908026045273,0,己,酉,土,金,戊,戌,土,土,False,True,0.028113274939088887,2021-W43,2021-10
300750.SZ,2021-10-29,639.22,607.2,0.052734,202687,12687999.698,辛丑,戊戌,庚戌,5,2021,10,1,0.051390456992539954,1,庚,戌,金,土,戊,戌,土,土,False,True,-0.01282908026045273,2021-W43,2021-10
300750.SZ,2021-11-01,650.0,639.22,0.016864,221796,14502525.103,辛丑,戊戌,癸丑,1,2021,11,1,0.016723679815722592,1,癸,丑,水,土,戊,戌,土,土,True,False,0.051390456992539954,2021-W44,2021-11
300750.SZ,2021-11-02,658.0,650.0,0.012308,131407,8630072.694,辛丑,戊戌,甲寅,2,2021,11,1,0.012232568435634451,1,甲,寅,木,木,戊,戌,土,土,True,False,0.016723679815722592,2021-W44,2021-11
300750.SZ,2021-11-03,640.0,658.0,-0.027356,127606,8165156.864,辛丑,戊戌,乙卯,3,2021,11,1,-0.027736754971599636,0,乙,卯,木,木,戊,戌,土,土,True,False,0.012232568435634451,2021-W44,2021-11
300750.SZ,2021-11-04,646.85,640.0,0.010703,92010,5951843.6,辛丑,戊戌,丙辰,4,2021,11,1,0.010646252010193417,1,丙,辰,火,土,戊,戌,土,土,True,False,-0.027736754971599636,2021-W44,2021-11
300750.SZ,2021-11-05,634.09,646.85,-0.019726,85550,5465118.685,辛丑,戊戌,丁巳,5,2021,11,1,-0.01992352816549906,0,丁,巳,火,火,戊,戌,土,土,True,False,0.010646252010193417,2021-W44,2021-11
300750.SZ,2021-11-08,660.8,634.09,0.042123,122695,8026800.882,辛丑,己亥,庚申,1,2021,11,1,0.041260322008356415,1,庚,申,金,金,己,亥,土,水,False,False,-0.01992352816549906,2021-W45,2021-11
300750.SZ,2021-11-09,663.28,660.8,0.003753,66745,4413176.64,辛丑,己亥,辛酉,2,2021,11,1,0.0037460016011949824,1,辛,酉,金,金,己,亥,土,水,False,False,0.041260322008356415,2021-W45,2021-11
300750.SZ,2021-11-10,648.0,663.28,-0.023037,127398,8216658.651,辛丑,己亥,壬戌,3,2021,11,1,-0.02330652745568852,0,壬,戌,水,土,己,亥,土,水,False,False,0.0037460016011949824,2021-W45,2021-11
300750.SZ,2021-11-11,655.85,648.0,0.012114,77014,5069135.677,辛丑,己亥,癸亥,4,2021,11,1,0.012041407908880097,1,癸,亥,水,水,己,亥,土,水,False,False,-0.02330652745568852,2021-W45,2021-11
300750.SZ,2021-11-12,641.0,655.85,-0.022642,114201,7312301.472,辛丑,己亥,甲子,5,2021,11,1,-0.02290264734048469,0,甲,子,木,水,己,亥,土,水,False,False,0.012041407908880097,2021-W45,2021-11
300750.SZ,2021-11-15,620.0,641.0,-0.032761,140075,8684428.486,辛丑,己亥,丁卯,1,2021,11,1,-0.03330997888153285,0,丁,卯,火,木,己,亥,土,水,False,False,-0.02290264734048469,2021-W46,2021-11
300750.SZ,2021-11-16,614.97,620.0,-0.008113,84335,5202056.654,辛丑,己亥,戊辰,2,2021,11,1,-0.008145991910230861,0,戊,辰,土,土,己,亥,土,水,False,False,-0.03330997888153285,2021-W46,2021-11
300750.SZ,2021-11-17,625.88,614.97,0.017741,75616,4721304.801,辛丑,己亥,己巳,3,2021,11,1,0.017585173304950068,1,己,巳,土,火,己,亥,土,水,False,False,-0.008145991910230861,2021-W46,2021-11
300750.SZ,2021-11-18,626.0,625.88,0.000192,75272,4697499.805,辛丑,己亥,庚午,4,2021,11,1,0.00019171166624200873,1,庚,午,金,火,己,亥,土,水,False,False,0.017585173304950068,2021-W46,2021-11
300750.SZ,2021-11-19,639.0,626.0,0.020767,84567,5343617.369,辛丑,己亥,辛未,5,2021,11,1,0.02055408327743627,1,辛,未,金,土,己,亥,土,水,False,False,0.00019171166624200873,2021-W46,2021-11
300750.SZ,2021-11-22,681.0,639.0,0.065728,153089,10215261.575,辛丑,己亥,甲戌,1,2021,11,1,0.06365785177197762,1,甲,戌,木,土,己,亥,土,水,False,False,0.02055408327743627,2021-W47,2021-11
300750.SZ,2021-11-23,672.0,681.0,-0.013216,99311,6671378.514,辛丑,己亥,乙亥,2,2021,11,1,-0.013303965626362815,0,乙,亥,木,水,己,亥,土,水,False,False,0.06365785177197762,2021-W47,2021-11
300750.SZ,2021-11-24,658.8,672.0,-0.019643,85503,5653890.107,辛丑,己亥,丙子,3,2021,11,1,-0.019838342219664327,0,丙,子,火,水,己,亥,土,水,False,False,-0.013303965626362815,2021-W47,2021-11
300750.SZ,2021-11-25,654.0,658.8,-0.007286,58220,3798078.532,辛丑,己亥,丁丑,4,2021,11,1,-0.0073126468462864904,0,丁,丑,火,土,己,亥,土,水,False,False,-0.019838342219664327,2021-W47,2021-11
300750.SZ,2021-11-26,658.0,654.0,0.006116,58502,3865245.64,辛丑,己亥,戊寅,5,2021,11,1,0.006097579868118538,1,戊,寅,土,木,己,亥,土,水,False,True,-0.0073126468462864904,2021-W47,2021-11
300750.SZ,2021-11-29,679.8,658.0,0.033131,114652,7758115.212,辛丑,己亥,辛巳,1,2021,11,1,0.032593705936698456,1,辛,巳,金,火,己,亥,土,水,False,True,0.006097579868118538,2021-W48,2021-11
300750.SZ,2021-11-30,680.0,679.8,0.000294,71881,4874671.005,辛丑,己亥,壬午,2,2021,11,1,0.00029416090813685897,1,壬,午,水,火,己,亥,土,水,False,True,0.032593705936698456,2021-W48,2021-11
300750.SZ,2021-12-01,672.0,680.0,-0.011765,69845,4696868.393,辛丑,己亥,癸未,3,2021,12,1,-0.011834457647002796,0,癸,未,水,土,己,亥,土,水,True,False,0.00029416090813685897,2021-W48,2021-12
300750.SZ,2021-12-02,688.0,672.0,0.02381,91789,6268320.478,辛丑,己亥,甲申,4,2021,12,1,0.023530497410194036,1,甲,申,木,金,己,亥,土,水,True,False,-0.011834457647002796,2021-W48,2021-12
300750.SZ,2021-12-03,687.0,688.0,-0.001453,80781,5501798.477,辛丑,己亥,乙酉,5,2021,12,1,-0.001454545710994324,0,乙,酉,木,金,己,亥,土,水,True,False,0.023530497410194036,2021-W48,2021-12
300750.SZ,2021-12-06,657.28,687.0,-0.043261,112612,7509355.191,辛丑,己亥,戊子,1,2021,12,1,-0.044224184922210655,0,戊,子,土,水,己,亥,土,水,False,False,-0.001454545710994324,2021-W49,2021-12
300750.SZ,2021-12-07,629.0,657.28,-0.043026,221391,13913426.092,辛丑,庚子,己丑,2,2021,12,1,-0.04397885059969821,0,己,丑,土,土,庚,子,金,水,False,False,-0.044224184922210655,2021-W49,2021-12
300750.SZ,2021-12-08,639.0,629.0,0.015898,118866,7580712.087,辛丑,庚子,庚寅,3,2021,12,1,0.015773197677094314,1,庚,寅,金,木,庚,子,金,水,False,False,-0.04397885059969821,2021-W49,2021-12
300750.SZ,2021-12-09,633.8,639.0,-0.008138,134272,8443913.158,辛丑,庚子,辛卯,4,2021,12,1,-0.008171007120714485,0,辛,卯,金,木,庚,子,金,水,False,False,0.015773197677094314,2021-W49,2021-12
300750.SZ,2021-12-10,639.95,633.8,0.009703,213844,13738235.947,辛丑,庚子,壬辰,5,2021,12,1,0.009656601044980654,1,壬,辰,水,土,庚,子,金,水,False,False,-0.008171007120714485,2021-W49,2021-12
300750.SZ,2021-12-13,658.36,639.95,0.028768,160827,10409792.154,辛丑,庚子,乙未,1,2021,12,1,0.02836184587406643,1,乙,未,木,土,庚,子,金,水,False,False,0.009656601044980654,2021-W50,2021-12
300750.SZ,2021-12-14,651.01,658.36,-0.011164,87810,5704000.135,辛丑,庚子,丙申,2,2021,12,1,-0.011226891102173868,0,丙,申,火,金,庚,子,金,水,False,False,0.02836184587406643,2021-W50,2021-12
300750.SZ,2021-12-15,649.0,651.01,-0.003088,70480,4606545.054,辛丑,庚子,丁酉,3,2021,12,1,-0.00309228636960349,0,丁,酉,火,金,庚,子,金,水,False,False,-0.011226891102173868,2021-W50,2021-12
300750.SZ,2021-12-16,655.06,649.0,0.009337,61502,4018260.859,辛丑,庚子,戊戌,4,2021,12,1,0.009294117789293564,1,戊,戌,土,土,庚,子,金,水,False,False,-0.00309228636960349,2021-W50,2021-12
300750.SZ,2021-12-17,651.19,655.06,-0.005908,136490,8863377.8,辛丑,庚子,己亥,5,2021,12,1,-0.005925376188317752,0,己,亥,土,水,庚,子,金,水,False,False,0.009294117789293564,2021-W50,2021-12
300750.SZ,2021-12-20,610.21,651.19,-0.062931,155113,9648533.093,辛丑,庚子,壬寅,1,2021,12,1,-0.06499829808729395,0,壬,寅,水,木,庚,子,金,水,False,False,-0.005925376188317752,2021-W51,2021-12
300750.SZ,2021-12-21,604.07,610.21,-0.010062,125657,7553655.489,辛丑,庚子,癸卯,2,2021,12,1,-0.010113074958417118,0,癸,卯,水,木,庚,子,金,水,False,False,-0.06499829808729395,2021-W51,2021-12
300750.SZ,2021-12-22,610.24,604.07,0.010214,83618,5103433.201,辛丑,庚子,甲辰,3,2021,12,1,0.010162237152699576,1,甲,辰,木,土,庚,子,金,水,False,False,-0.010113074958417118,2021-W51,2021-12
300750.SZ,2021-12-23,622.07,610.24,0.019386,79718,4954754.967,辛丑,庚子,乙巳,4,2021,12,1,0.019200304187878978,1,乙,巳,木,火,庚,子,金,水,False,False,0.010162237152699576,2021-W51,2021-12
300750.SZ,2021-12-24,576.8,622.07,-0.072773,246080,14321299.32,辛丑,庚子,丙午,5,2021,12,1,-0.07555704062919384,0,丙,午,火,火,庚,子,金,水,False,False,0.019200304187878978,2021-W51,2021-12
300750.SZ,2021-12-27,578.6,576.8,0.003121,101835,5915820.121,辛丑,庚子,己酉,1,2021,12,1,0.0031158065712955096,1,己,酉,土,金,庚,子,金,水,False,True,-0.07555704062919384,2021-W52,2021-12
300750.SZ,2021-12-28,585.0,578.6,0.011061,96595,5589310.23,辛丑,庚子,庚戌,2,2021,12,1,0.011000454689821786,1,庚,戌,金,土,庚,子,金,水,False,True,0.0031158065712955096,2021-W52,2021-12
300750.SZ,2021-12-29,575.55,585.0,-0.016154,99639,5731323.286,辛丑,庚子,辛亥,3,2021,12,1,-0.016285741870785447,0,辛,亥,金,水,庚,子,金,水,False,True,0.011000454689821786,2021-W52,2021-12
300750.SZ,2021-12-30,590.0,575.55,0.025106,124209,7323088.709,辛丑,庚子,壬子,4,2021,12,1,0.02479643153869418,1,壬,子,水,水,庚,子,金,水,False,True,-0.016285741870785447,2021-W52,2021-12
300750.SZ,2021-12-31,588.0,590.0,-0.00339,93711,5540408.92,辛丑,庚子,癸丑,5,2021,12,1,-0.0033955890011381604,0,癸,丑,水,土,庚,子,金,水,False,True,0.02479643153869418,2021-W52,2021-12
300750.SZ,2022-01-04,568.88,588.0,-0.032517,174568,9975828.427,辛丑,庚子,丁巳,2,2022,1,1,-0.0330574323233644,0,丁,巳,火,火,庚,子,金,水,True,False,-0.0033955890011381604,2022-W01,2022-01
300750.SZ,2022-01-05,547.5,568.88,-0.037583,166578,9167983.226,辛丑,辛丑,戊午,3,2022,1,1,-0.0383070538846066,0,戊,午,土,火,辛,丑,金,土,True,False,-0.0330574323233644,2022-W01,2022-01
300750.SZ,2022-01-06,541.47,547.5,-0.011014,138826,7480050.944,辛丑,辛丑,己未,4,2022,1,1,-0.011074798446389126,0,己,未,土,土,辛,丑,金,土,False,False,-0.0383070538846066,2022-W01,2022-01
300750.SZ,2022-01-07,539.9,541.47,-0.0029,131694,7135966.663,辛丑,辛丑,庚申,5,2022,1,1,-0.0029037260200255144,0,庚,申,金,金,辛,丑,金,土,False,False,-0.011074798446389126,2022-W01,2022-01
300750.SZ,2022-01-10,538.4,539.9,-0.002778,148629,7964179.734,辛丑,辛丑,癸亥,1,2022,1,1,-0.002782158893723292,0,癸,亥,水,水,辛,丑,金,土,False,False,-0.0029037260200255144,2022-W02,2022-01
300750.SZ,2022-01-11,536.7,538.4,-0.003158,84722,4582697.695,辛丑,辛丑,甲子,2,2022,1,1,-0.003162499147734759,0,甲,子,木,水,辛,丑,金,土,False,False,-0.002782158893723292,2022-W02,2022-01
300750.SZ,2022-01-12,565.04,536.7,0.052804,191641,10752974.048,辛丑,辛丑,乙丑,3,2022,1,1,0.051457245917883414,1,乙,丑,木,土,辛,丑,金,土,False,False,-0.003162499147734759,2022-W02,2022-01
300750.SZ,2022-01-13,565.0,565.04,-7.1e-05,138997,7924626.26,辛丑,辛丑,丙寅,4,2022,1,1,-7.079395422579289e-05,0,丙,寅,火,木,辛,丑,金,土,False,False,0.051457245917883414,2022-W02,2022-01
300750.SZ,2022-01-14,577.4,565.0,0.021947,116128,6663124.572,辛丑,辛丑,丁卯,5,2022,1,1,0.021709536082393836,1,丁,卯,火,木,辛,丑,金,土,False,False,-7.079395422579289e-05,2022-W02,2022-01
300750.SZ,2022-01-17,606.85,577.4,0.051005,143528,8591412.091,辛丑,辛丑,庚午,1,2022,1,1,0.049746376323535756,1,庚,午,金,火,辛,丑,金,土,False,False,0.021709536082393836,2022-W03,2022-01
300750.SZ,2022-01-18,586.8,606.85,-0.033039,107016,6345099.027,辛丑,辛丑,辛未,2,2022,1,1,-0.03359759728354398,0,辛,未,金,土,辛,丑,金,土,False,False,0.049746376323535756,2022-W03,2022-01
300750.SZ,2022-01-19,569.99,586.8,-0.028647,144874,8273655.033,辛丑,辛丑,壬申,3,2022,1,1,-0.02906522945377512,0,壬,申,水,金,辛,丑,金,土,False,False,-0.03359759728354398,2022-W03,2022-01
300750.SZ,2022-01-20,569.13,569.99,-0.001509,80653,4600905.692,辛丑,辛丑,癸酉,4,2022,1,1,-0.0015099377824877493,0,癸,酉,水,金,辛,丑,金,土,False,False,-0.02906522945377512,2022-W03,2022-01
300750.SZ,2022-01-21,569.49,569.13,0.000633,99173,5620817.937,辛丑,辛丑,甲戌,5,2022,1,1,0.0006323444379964086,1,甲,戌,木,土,辛,丑,金,土,False,False,-0.0015099377824877493,2022-W03,2022-01
300750.SZ,2022-01-24,580.99,569.49,0.020194,115621,6686725.178,辛丑,辛丑,丁丑,1,2022,1,1,0.01999232152926935,1,丁,丑,火,土,辛,丑,金,土,False,False,0.0006323444379964086,2022-W04,2022-01
300750.SZ,2022-01-25,565.6,580.99,-0.026489,71992,4119696.709,辛丑,辛丑,戊寅,2,2022,1,1,-0.02684643041746648,0,戊,寅,土,木,辛,丑,金,土,False,False,0.01999232152926935,2022-W04,2022-01
300750.SZ,2022-01-26,587.5,565.6,0.03872,116036,6718821.593,辛丑,辛丑,己卯,3,2022,1,1,0.03798913143595104,1,己,卯,土,木,辛,丑,金,土,False,False,-0.02684643041746648,2022-W04,2022-01
300750.SZ,2022-01-27,574.99,587.5,-0.021294,129481,7546107.243,辛丑,辛丑,庚辰,4,2022,1,1,-0.02152359667654194,0,庚,辰,金,土,辛,丑,金,土,False,True,0.03798913143595104,2022-W04,2022-01
300750.SZ,2022-01-28,592.6,574.99,0.030627,243317,14395957.436,辛丑,辛丑,辛巳,5,2022,1,1,0.030166985797692704,1,辛,巳,金,火,辛,丑,金,土,False,True,-0.02152359667654194,2022-W04,2022-01
300750.SZ,2022-02-07,579.44,592.6,-0.022207,145288,8588397.059,壬寅,壬寅,辛卯,1,2022,2,1,-0.022457515252394214,0,辛,卯,金,木,壬,寅,水,木,False,False,0.030166985797692704,2022-W06,2022-02
300750.SZ,2022-02-08,540.86,579.44,-0.066582,206502,11166726.687,壬寅,壬寅,壬辰,2,2022,2,1,-0.06890165456688922,0,壬,辰,水,土,壬,寅,水,木,False,False,-0.022457515252394214,2022-W06,2022-02
300750.SZ,2022-02-09,547.2,540.86,0.011722,114947,6212329.182,壬寅,壬寅,癸巳,3,2022,2,1,0.011653900988159202,1,癸,巳,水,火,壬,寅,水,木,False,False,-0.06890165456688922,2022-W06,2022-02
300750.SZ,2022-02-10,518.1,547.2,-0.05318,292335,14959750.643,壬寅,壬寅,甲午,4,2022,2,1,-0.05464609248759817,0,甲,午,木,火,壬,寅,水,木,False,False,0.011653900988159202,2022-W06,2022-02
300750.SZ,2022-02-11,489.99,518.1,-0.054256,239798,11994983.924,壬寅,壬寅,乙未,5,2022,2,1,-0.05578329108758505,0,乙,未,木,土,壬,寅,水,木,False,False,-0.05464609248759817,2022-W06,2022-02
300750.SZ,2022-02-14,508.0,489.99,0.036756,196285,9914026.667,壬寅,壬寅,戊戌,1,2022,2,1,0.03609646484532437,1,戊,戌,土,土,壬,寅,水,木,False,False,-0.05578329108758505,2022-W07,2022-02
300750.SZ,2022-02-15,527.0,508.0,0.037402,151508,7915477.348,壬寅,壬寅,己亥,2,2022,2,1,0.03671910096288037,1,己,亥,土,水,壬,寅,水,木,False,False,0.03609646484532437,2022-W07,2022-02
300750.SZ,2022-02-16,530.8,527.0,0.007211,127067,6783859.294,壬寅,壬寅,庚子,3,2022,2,1,0.00718475391669,1,庚,子,金,水,壬,寅,水,木,False,False,0.03671910096288037,2022-W07,2022-02
300750.SZ,2022-02-17,535.0,530.8,0.007913,107472,5758516.46,壬寅,壬寅,辛丑,4,2022,2,1,0.007881444437954244,1,辛,丑,金,土,壬,寅,水,木,False,False,0.00718475391669,2022-W07,2022-02
300750.SZ,2022-02-18,527.5,535.0,-0.014019,113847,5993089.911,壬寅,壬寅,壬寅,5,2022,2,1,-0.014117881545784932,0,壬,寅,水,木,壬,寅,水,木,False,False,0.007881444437954244,2022-W07,2022-02
300750.SZ,2022-02-21,510.0,527.5,-0.033175,156306,8011219.92,壬寅,壬寅,乙巳,1,2022,2,1,-0.033738139631850114,0,乙,巳,木,火,壬,寅,水,木,False,False,-0.014117881545784932,2022-W08,2022-02
300750.SZ,2022-02-22,504.0,510.0,-0.011765,136328,6788745.089,壬寅,壬寅,丙午,2,2022,2,1,-0.011834457647002796,0,丙,午,火,火,壬,寅,水,木,False,False,-0.033738139631850114,2022-W08,2022-02
300750.SZ,2022-02-23,519.0,504.0,0.029762,154332,7922652.049,壬寅,壬寅,丁未,3,2022,2,1,0.02932761509451992,1,丁,未,火,土,壬,寅,水,木,False,False,-0.011834457647002796,2022-W08,2022-02
300750.SZ,2022-02-24,507.7,519.0,-0.021773,161600,8252994.692,壬寅,壬寅,戊申,4,2022,2,1,-0.022013161212539992,0,戊,申,土,金,壬,寅,水,木,False,True,0.02932761509451992,2022-W08,2022-02
300750.SZ,2022-02-25,528.8,507.7,0.04156,169672,8978907.317,壬寅,壬寅,己酉,5,2022,2,1,0.04071956658412784,1,己,酉,土,金,壬,寅,水,木,False,True,-0.022013161212539992,2022-W08,2022-02
300750.SZ,2022-02-28,533.36,528.8,0.008623,99657,5284369.459,壬寅,壬寅,壬子,1,2022,2,1,0.008586329772328132,1,壬,子,水,水,壬,寅,水,木,False,True,0.04071956658412784,2022-W09,2022-02
300750.SZ,2022-03-01,536.18,533.36,0.005287,97490,5244201.447,壬寅,壬寅,癸丑,2,2022,3,1,0.005273307281303607,1,癸,丑,水,土,壬,寅,水,木,True,False,0.008586329772328132,2022-W09,2022-03
300750.SZ,2022-03-02,513.84,536.18,-0.041665,134129,6925800.187,壬寅,壬寅,甲寅,3,2022,3,1,-0.04255799264157122,0,甲,寅,木,木,壬,寅,水,木,True,False,0.005273307281303607,2022-W09,2022-03
300750.SZ,2022-03-03,512.99,513.84,-0.001654,86989,4456406.594,壬寅,壬寅,乙卯,4,2022,3,1,-0.001655581146149962,0,乙,卯,木,木,壬,寅,水,木,True,False,-0.04255799264157122,2022-W09,2022-03
300750.SZ,2022-03-04,491.79,512.99,-0.041326,162833,8081812.311,壬寅,壬寅,丙辰,5,2022,3,1,-0.04220455569691259,0,丙,辰,火,土,壬,寅,水,木,True,False,-0.001655581146149962,2022-W09,2022-03
300750.SZ,2022-03-07,454.89,491.79,-0.075032,245992,11425969.374,壬寅,癸卯,己未,1,2022,3,1,-0.07799616462551708,0,己,未,土,土,癸,卯,水,木,False,False,-0.04220455569691259,2022-W10,2022-03
300750.SZ,2022-03-08,455.45,454.89,0.001231,227540,10355465.375,壬寅,癸卯,庚申,2,2022,3,1,0.0012303097098612613,1,庚,申,金,金,癸,卯,水,木,False,False,-0.07799616462551708,2022-W10,2022-03
300750.SZ,2022-03-09,473.47,455.45,0.039565,234574,10851981.839,壬寅,癸卯,辛酉,3,2022,3,1,0.03880261145556821,1,辛,酉,金,金,癸,卯,水,木,False,False,0.0012303097098612613,2022-W10,2022-03
300750.SZ,2022-03-10,490.81,473.47,0.036623,239616,11860996.849,壬寅,癸卯,壬戌,4,2022,3,1,0.03596853488092951,1,壬,戌,水,土,癸,卯,水,木,False,False,0.03880261145556821,2022-W10,2022-03
300750.SZ,2022-03-11,493.55,490.81,0.005583,171021,8275317.081,壬寅,癸卯,癸亥,5,2022,3,1,0.005567083336580477,1,癸,亥,水,水,癸,卯,水,木,False,False,0.03596853488092951,2022-W10,2022-03
300750.SZ,2022-03-14,463.0,493.55,-0.061898,162910,7715325.213,壬寅,癸卯,丙寅,1,2022,3,1,-0.06389711677766288,0,丙,寅,火,木,癸,卯,水,木,False,False,0.005567083336580477,2022-W11,2022-03
300750.SZ,2022-03-15,463.2,463.0,0.000432,212686,9944131.722,壬寅,癸卯,丁卯,2,2022,3,1,0.000431872172551305,1,丁,卯,火,木,癸,卯,水,木,False,False,-0.06389711677766288,2022-W11,2022-03
300750.SZ,2022-03-16,503.1,463.2,0.08614,282236,13816433.731,壬寅,癸卯,戊辰,3,2022,3,1,0.08263003123848744,1,戊,辰,土,土,癸,卯,水,木,False,False,0.000431872172551305,2022-W11,2022-03
300750.SZ,2022-03-17,524.5,503.1,0.042536,276300,14545565.578,壬寅,癸卯,己巳,4,2022,3,1,0.04165647033907887,1,己,巳,土,火,癸,卯,水,木,False,False,0.08263003123848744,2022-W11,2022-03
300750.SZ,2022-03-18,510.5,524.5,-0.026692,163918,8401871.659,壬寅,癸卯,庚午,5,2022,3,1,-0.02705479023163166,0,庚,午,金,火,癸,卯,水,木,False,False,0.04165647033907887,2022-W11,2022-03
300750.SZ,2022-03-21,520.0,510.5,0.018609,136340,7164824.307,壬寅,癸卯,癸酉,1,2022,3,1,0.018438173970752772,1,癸,酉,水,金,癸,卯,水,木,False,False,-0.02705479023163166,2022-W12,2022-03
300750.SZ,2022-03-22,513.0,520.0,-0.013462,102282,5229898.248,壬寅,癸卯,甲戌,2,2022,3,1,-0.013552966404703456,0,甲,戌,木,土,癸,卯,水,木,False,False,0.018438173970752772,2022-W12,2022-03
300750.SZ,2022-03-23,515.29,513.0,0.004464,84109,4336729.378,壬寅,癸卯,乙亥,3,2022,3,1,0.004454003803944371,1,乙,亥,木,水,癸,卯,水,木,False,False,-0.013552966404703456,2022-W12,2022-03
300750.SZ,2022-03-24,514.0,515.29,-0.002503,84805,4303359.299,壬寅,癸卯,丙子,4,2022,3,1,-0.002506583519548798,0,丙,子,火,水,癸,卯,水,木,False,False,0.004454003803944371,2022-W12,2022-03
300750.SZ,2022-03-25,502.07,514.0,-0.02321,92836,4724122.668,壬寅,癸卯,丁丑,5,2022,3,1,-0.02348371325352444,0,丁,丑,火,土,癸,卯,水,木,False,False,-0.002506583519548798,2022-W12,2022-03
300750.SZ,2022-03-28,487.0,502.07,-0.030016,149465,7277413.365,壬寅,癸卯,庚辰,1,2022,3,1,-0.03047542911905087,0,庚,辰,金,土,癸,卯,水,木,False,True,-0.02348371325352444,2022-W13,2022-03
300750.SZ,2022-03-29,486.9,487.0,-0.000205,112359,5508775.198,壬寅,癸卯,辛巳,2,2022,3,1,-0.0002053598939346123,0,辛,巳,金,火,癸,卯,水,木,False,True,-0.03047542911905087,2022-W13,2022-03
300750.SZ,2022-03-30,519.0,486.9,0.065927,162169,8276504.323,壬寅,癸卯,壬午,3,2022,3,1,0.06384511997723344,1,壬,午,水,火,癸,卯,水,木,False,True,-0.0002053598939346123,2022-W13,2022-03
300750.SZ,2022-03-31,512.3,519.0,-0.012909,96239,4899473.611,壬寅,癸卯,癸未,4,2022,3,1,-0.012993492220732131,0,癸,未,水,土,癸,卯,水,木,False,True,0.06384511997723344,2022-W13,2022-03
300750.SZ,2022-04-01,518.9,512.3,0.012883,95182,4923473.198,壬寅,癸卯,甲申,5,2022,4,1,0.012800795428537475,1,甲,申,木,金,癸,卯,水,木,True,False,-0.012993492220732131,2022-W13,2022-04
300750.SZ,2022-04-06,508.17,518.9,-0.020678,85428,4336158.375,壬寅,甲辰,己丑,3,2022,4,1,-0.020895149107293717,0,己,丑,土,土,甲,辰,木,土,False,False,0.012800795428537475,2022-W14,2022-04
300750.SZ,2022-04-07,495.22,508.17,-0.025484,119580,5909983.777,壬寅,甲辰,庚寅,4,2022,4,1,-0.025813928989443385,0,庚,寅,金,木,甲,辰,木,土,False,False,-0.020895149107293717,2022-W14,2022-04
300750.SZ,2022-04-08,495.0,495.22,-0.000444,93571,4635752.788,壬寅,甲辰,辛卯,5,2022,4,1,-0.00044434570826651674,0,辛,卯,金,木,甲,辰,木,土,False,False,-0.025813928989443385,2022-W14,2022-04
300750.SZ,2022-04-11,459.0,495.0,-0.072727,207382,9541686.135,壬寅,甲辰,甲午,1,2022,4,1,-0.07550755250814517,0,甲,午,木,火,甲,辰,木,土,False,False,-0.00044434570826651674,2022-W15,2022-04
300750.SZ,2022-04-12,472.0,459.0,0.028322,124982,5825410.117,壬寅,甲辰,乙未,2,2022,4,1,0.02792877552501027,1,乙,未,木,土,甲,辰,木,土,False,False,-0.07550755250814517,2022-W15,2022-04
300750.SZ,2022-04-13,466.0,472.0,-0.012712,95231,4479994.702,壬寅,甲辰,丙申,3,2022,4,1,-0.01279335145990947,0,丙,申,火,金,甲,辰,木,土,False,False,0.02792877552501027,2022-W15,2022-04
300750.SZ,2022-04-14,459.8,466.0,-0.013305,137523,6360122.75,壬寅,甲辰,丁酉,4,2022,4,1,-0.013394021796564659,0,丁,酉,火,金,甲,辰,木,土,False,False,-0.01279335145990947,2022-W15,2022-04
300750.SZ,2022-04-15,450.86,459.8,-0.019443,199891,8854163.487,壬寅,甲辰,戊戌,5,2022,4,1,-0.01963474230309452,0,戊,戌,土,土,甲,辰,木,土,False,False,-0.013394021796564659,2022-W15,2022-04
300750.SZ,2022-04-18,451.0,450.86,0.000311,119576,5318801.159,壬寅,甲辰,辛丑,1,2022,4,1,0.0003104694766915791,1,辛,丑,金,土,甲,辰,木,土,False,False,-0.01963474230309452,2022-W16,2022-04
300750.SZ,2022-04-19,440.26,451.0,-0.023814,143821,6429594.317,壬寅,甲辰,壬寅,2,2022,4,1,-0.024101878017493118,0,壬,寅,水,木,甲,辰,木,土,False,False,0.0003104694766915791,2022-W16,2022-04
300750.SZ,2022-04-20,407.0,440.26,-0.075546,311996,12923538.889,壬寅,甲辰,癸卯,3,2022,4,1,-0.07855227604259024,0,癸,卯,水,木,甲,辰,木,土,False,False,-0.024101878017493118,2022-W16,2022-04
300750.SZ,2022-04-21,409.11,407.0,0.005184,211165,8609961.842,壬寅,甲辰,甲辰,4,2022,4,1,0.005170883095257284,1,甲,辰,木,土,甲,辰,木,土,False,False,-0.07855227604259024,2022-W16,2022-04
300750.SZ,2022-04-22,415.34,409.11,0.015228,201366,8387810.458,壬寅,甲辰,乙巳,5,2022,4,1,0.01511339337698072,1,乙,巳,木,火,甲,辰,木,土,False,False,0.005170883095257284,2022-W16,2022-04
300750.SZ,2022-04-25,390.1,415.34,-0.060769,213165,8439172.173,壬寅,甲辰,戊申,1,2022,4,1,-0.06269434540222199,0,戊,申,土,金,甲,辰,木,土,False,False,0.01511339337698072,2022-W17,2022-04
300750.SZ,2022-04-26,377.0,390.1,-0.033581,185105,7103865.395,壬寅,甲辰,己酉,2,2022,4,1,-0.03415792906460016,0,己,酉,土,金,甲,辰,木,土,False,True,-0.06269434540222199,2022-W17,2022-04
300750.SZ,2022-04-27,407.05,377.0,0.079708,316124,12266669.602,壬寅,甲辰,庚戌,3,2022,4,1,0.0766908405719761,1,庚,戌,金,土,甲,辰,木,土,False,True,-0.03415792906460016,2022-W17,2022-04
300750.SZ,2022-04-28,387.5,407.05,-0.048028,259177,10137614.863,壬寅,甲辰,辛亥,4,2022,4,1,-0.049220179226585066,0,辛,亥,金,水,甲,辰,木,土,False,True,0.0766908405719761,2022-W17,2022-04
300750.SZ,2022-04-29,409.35,387.5,0.056387,336476,13205553.635,壬寅,甲辰,壬子,5,2022,4,1,0.05485468702905545,1,壬,子,水,水,甲,辰,木,土,False,True,-0.049220179226585066,2022-W17,2022-04
300750.SZ,2022-05-05,376.0,409.35,-0.081471,602772,22255526.266,壬寅,乙巳,戊午,4,2022,5,1,-0.08498139243256267,0,戊,午,土,火,乙,巳,木,火,True,False,0.05485468702905545,2022-W18,2022-05
300750.SZ,2022-05-06,375.99,376.0,-2.7e-05,240800,9064522.986,壬寅,乙巳,己未,5,2022,5,1,-2.6596098353868006e-05,0,己,未,土,土,乙,巳,木,火,False,False,-0.08498139243256267,2022-W18,2022-05
300750.SZ,2022-05-09,368.5,375.99,-0.019921,166680,6152776.454,壬寅,乙巳,壬戌,1,2022,5,1,-0.020121835662149253,0,壬,戌,水,土,乙,巳,木,火,False,False,-2.6596098353868006e-05,2022-W19,2022-05
300750.SZ,2022-05-10,379.17,368.5,0.028955,244377,9143581.643,壬寅,乙巳,癸亥,2,2022,5,1,0.028543941697753254,1,癸,亥,水,水,乙,巳,木,火,False,False,-0.020121835662149253,2022-W19,2022-05
300750.SZ,2022-05-11,409.75,379.17,0.08065,317539,12827256.128,壬寅,乙巳,甲子,3,2022,5,1,0.07756256429679438,1,甲,子,木,水,乙,巳,木,火,False,False,0.028543941697753254,2022-W19,2022-05
300750.SZ,2022-05-12,403.51,409.75,-0.015229,134208,5425822.344,壬寅,乙巳,乙丑,4,2022,5,1,-0.015345947073573013,0,乙,丑,木,土,乙,巳,木,火,False,False,0.07756256429679438,2022-W19,2022-05
300750.SZ,2022-05-13,414.8,403.51,0.027979,148546,6105079.498,壬寅,乙巳,丙寅,5,2022,5,1,0.027595205805006177,1,丙,寅,火,木,乙,巳,木,火,False,False,-0.015345947073573013,2022-W19,2022-05
300750.SZ,2022-05-16,407.01,414.8,-0.01878,143878,5996721.4,壬寅,乙巳,己巳,1,2022,5,1,-0.018958721190045436,0,己,巳,土,火,乙,巳,木,火,False,False,0.027595205805006177,2022-W20,2022-05
300750.SZ,2022-05-17,422.56,407.01,0.038205,138898,5834497.816,壬寅,乙巳,庚午,2,2022,5,1,0.03749369338349528,1,庚,午,金,火,乙,巳,木,火,False,False,-0.018958721190045436,2022-W20,2022-05
300750.SZ,2022-05-18,419.0,422.56,-0.008425,107120,4495183.512,壬寅,乙巳,辛未,3,2022,5,1,-0.008460528626684402,0,辛,未,金,土,乙,巳,木,火,False,False,0.03749369338349528,2022-W20,2022-05
300750.SZ,2022-05-19,419.0,419.0,0.0,126329,5249401.699,壬寅,乙巳,壬申,4,2022,5,1,0.0,0,壬,申,水,金,乙,巳,木,火,False,False,-0.008460528626684402,2022-W20,2022-05
300750.SZ,2022-05-20,426.9,419.0,0.018854,158267,6751273.074,壬寅,乙巳,癸酉,5,2022,5,1,0.018678873841778604,1,癸,酉,水,金,乙,巳,木,火,False,False,0.0,2022-W20,2022-05
300750.SZ,2022-05-23,416.7,426.9,-0.023893,137917,5750871.727,壬寅,乙巳,丙子,1,2022,5,1,-0.02418325533550862,0,丙,子,火,水,乙,巳,木,火,False,False,0.018678873841778604,2022-W21,2022-05
300750.SZ,2022-05-24,402.04,416.7,-0.035181,150126,6109883.602,壬寅,乙巳,丁丑,2,2022,5,1,-0.03581495227186856,0,丁,丑,火,土,乙,巳,木,火,False,False,-0.02418325533550862,2022-W21,2022-05
300750.SZ,2022-05-25,398.98,402.04,-0.007611,139348,5567079.615,壬寅,乙巳,戊寅,3,2022,5,1,-0.007640295836274398,0,戊,寅,土,木,乙,巳,木,火,False,False,-0.03581495227186856,2022-W21,2022-05
300750.SZ,2022-05-26,390.01,398.98,-0.022482,140598,5535883.499,壬寅,乙巳,己卯,4,2022,5,1,-0.022738910499657115,0,己,卯,土,木,乙,巳,木,火,False,False,-0.007640295836274398,2022-W21,2022-05
300750.SZ,2022-05-27,394.4,390.01,0.011256,187801,7541807.254,壬寅,乙巳,庚辰,5,2022,5,1,0.011193242907872762,1,庚,辰,金,土,乙,巳,木,火,False,True,-0.022738910499657115,2022-W21,2022-05
300750.SZ,2022-05-30,401.8,394.4,0.018763,125295,5046715.321,壬寅,乙巳,癸未,1,2022,5,1,0.018588829652353773,1,癸,未,水,土,乙,巳,木,火,False,True,0.011193242907872762,2022-W22,2022-05
300750.SZ,2022-05-31,408.0,401.8,0.015431,177995,7205121.141,壬寅,乙巳,甲申,2,2022,5,1,0.015312722023327629,1,甲,申,木,金,乙,巳,木,火,False,True,0.018588829652353773,2022-W22,2022-05
300750.SZ,2022-06-01,425.03,408.0,0.04174,191784,8078892.456,壬寅,乙巳,乙酉,3,2022,6,1,0.040892580264317004,1,乙,酉,木,金,乙,巳,木,火,True,False,0.015312722023327629,2022-W22,2022-06
300750.SZ,2022-06-02,436.8,425.03,0.027692,174477,7640886.792,壬寅,乙巳,丙戌,4,2022,6,1,0.027315669762216735,1,丙,戌,火,土,乙,巳,木,火,True,False,0.040892580264317004,2022-W22,2022-06
300750.SZ,2022-06-06,465.99,436.8,0.066827,190378,8745175.35,壬寅,丙午,庚寅,1,2022,6,1,0.06468875023723035,1,庚,寅,金,木,丙,午,火,火,False,False,0.027315669762216735,2022-W23,2022-06
300750.SZ,2022-06-07,459.0,465.99,-0.015,127595,5850493.85,壬寅,丙午,辛卯,2,2022,6,1,-0.015113964607380386,0,辛,卯,金,木,丙,午,火,火,False,False,0.06468875023723035,2022-W23,2022-06
300750.SZ,2022-06-08,460.0,459.0,0.002179,405414,17870045.928,壬寅,丙午,壬辰,3,2022,6,1,0.0021762794225954484,1,壬,辰,水,土,丙,午,火,火,False,False,-0.015113964607380386,2022-W23,2022-06
300750.SZ,2022-06-09,431.35,460.0,-0.062283,202557,8867551.604,壬寅,丙午,癸巳,4,2022,6,1,-0.06430666396055289,0,癸,巳,水,火,丙,午,火,火,False,False,0.0021762794225954484,2022-W23,2022-06
300750.SZ,2022-06-10,454.0,431.35,0.05251,247663,11049948.03,壬寅,丙午,甲午,5,2022,6,1,0.05117737251876008,1,甲,午,木,火,丙,午,火,火,False,False,-0.06430666396055289,2022-W23,2022-06
300750.SZ,2022-06-13,443.03,454.0,-0.024163,186215,8285211.256,壬寅,丙午,丁酉,1,2022,6,1,-0.024459710198820723,0,丁,酉,火,金,丙,午,火,火,False,False,0.05117737251876008,2022-W24,2022-06
300750.SZ,2022-06-14,441.82,443.03,-0.002731,174810,7624999.753,壬寅,丙午,戊戌,2,2022,6,1,-0.0027349285284884385,0,戊,戌,土,土,丙,午,火,火,False,False,-0.024459710198820723,2022-W24,2022-06
300750.SZ,2022-06-15,465.66,441.82,0.053959,378619,17488407.041,壬寅,丙午,己亥,3,2022,6,1,0.05255319478006368,1,己,亥,土,水,丙,午,火,火,False,False,-0.0027349285284884385,2022-W24,2022-06
300750.SZ,2022-06-16,460.3,465.66,-0.011511,240202,11103375.0,壬寅,丙午,庚子,4,2022,6,1,-0.011577303270906718,0,庚,子,金,水,丙,午,火,火,False,False,0.05255319478006368,2022-W24,2022-06
300750.SZ,2022-06-17,486.06,460.3,0.055964,282938,13595198.658,壬寅,丙午,辛丑,5,2022,6,1,0.05445362224725909,1,辛,丑,金,土,丙,午,火,火,False,False,-0.011577303270906718,2022-W24,2022-06
300750.SZ,2022-06-20,506.52,486.06,0.042094,251142,12753850.233,壬寅,丙午,甲辰,1,2022,6,1,0.041231736511952846,1,甲,辰,木,土,丙,午,火,火,False,False,0.05445362224725909,2022-W25,2022-06
300750.SZ,2022-06-21,507.85,506.52,0.002626,145666,7338298.828,壬寅,丙午,乙巳,2,2022,6,1,0.0026223188031025396,1,乙,巳,木,火,丙,午,火,火,False,False,0.041231736511952846,2022-W25,2022-06
300750.SZ,2022-06-22,507.0,507.85,-0.001674,146631,7542601.019,壬寅,丙午,丙午,3,2022,6,1,-0.0016751247943270341,0,丙,午,火,火,丙,午,火,火,False,False,0.0026223188031025396,2022-W25,2022-06
300750.SZ,2022-06-23,536.97,507.0,0.059112,177138,9275986.878,壬寅,丙午,丁未,4,2022,6,1,0.057431223435335056,1,丁,未,火,土,丙,午,火,火,False,False,-0.0016751247943270341,2022-W25,2022-06
300750.SZ,2022-06-24,563.5,536.97,0.049407,193012,10593589.951,壬寅,丙午,戊申,5,2022,6,1,0.04822510645331275,1,戊,申,土,金,丙,午,火,火,False,False,0.057431223435335056,2022-W25,2022-06
300750.SZ,2022-06-27,549.0,563.5,-0.025732,166239,9200423.08,壬寅,丙午,辛亥,1,2022,6,1,-0.026068891970300344,0,辛,亥,金,水,丙,午,火,火,False,True,0.04822510645331275,2022-W26,2022-06
300750.SZ,2022-06-28,544.0,549.0,-0.009107,186432,9996283.502,壬寅,丙午,壬子,2,2022,6,1,-0.009149194653587977,0,壬,子,水,水,丙,午,火,火,False,True,-0.026068891970300344,2022-W26,2022-06
300750.SZ,2022-06-29,532.54,544.0,-0.021066,145829,7781239.268,壬寅,丙午,癸丑,3,2022,6,1,-0.021291234722638906,0,癸,丑,水,土,丙,午,火,火,False,True,-0.009149194653587977,2022-W26,2022-06
300750.SZ,2022-06-30,534.0,532.54,0.002742,130761,6974435.836,壬寅,丙午,甲寅,4,2022,6,1,0.0027378268268911953,1,甲,寅,木,木,丙,午,火,火,False,True,-0.021291234722638906,2022-W26,2022-06
300750.SZ,2022-07-01,522.64,534.0,-0.021273,122927,6449278.118,壬寅,丙午,乙卯,5,2022,7,1,-0.021502948427699925,0,乙,卯,木,木,丙,午,火,火,True,False,0.0027378268268911953,2022-W26,2022-07
300750.SZ,2022-07-04,522.0,522.64,-0.001225,121932,6343210.12,壬寅,丙午,戊午,1,2022,7,1,-0.0012253026498561914,0,戊,午,土,火,丙,午,火,火,True,False,-0.021502948427699925,2022-W27,2022-07
300750.SZ,2022-07-05,523.87,522.0,0.003582,154594,8098493.521,壬寅,丙午,己未,2,2022,7,1,0.0035759740555373963,1,己,未,土,土,丙,午,火,火,True,False,-0.0012253026498561914,2022-W27,2022-07
300750.SZ,2022-07-06,522.0,523.87,-0.00357,130813,6860550.182,壬寅,丙午,庚申,3,2022,7,1,-0.0035759740555374006,0,庚,申,金,金,丙,午,火,火,False,False,0.0035759740555373963,2022-W27,2022-07
300750.SZ,2022-07-07,550.0,522.0,0.05364,246014,13437832.045,壬寅,丁未,辛酉,4,2022,7,1,0.052250690343877894,1,辛,酉,金,金,丁,未,火,土,False,False,-0.0035759740555374006,2022-W27,2022-07
300750.SZ,2022-07-08,541.0,550.0,-0.016364,165770,9078792.373,壬寅,丁未,壬戌,5,2022,7,1,-0.016498999380035077,0,壬,戌,水,土,丁,未,火,土,False,False,0.052250690343877894,2022-W27,2022-07
300750.SZ,2022-07-11,518.5,541.0,-0.04159,138070,7190790.422,壬寅,丁未,乙丑,1,2022,7,1,-0.04247925117689947,0,乙,丑,木,土,丁,未,火,土,False,False,-0.016498999380035077,2022-W28,2022-07
300750.SZ,2022-07-12,503.69,518.5,-0.028563,151302,7699493.189,壬寅,丁未,丙寅,2,2022,7,1,-0.028979028202207394,0,丙,寅,火,木,丁,未,火,土,False,False,-0.04247925117689947,2022-W28,2022-07
300750.SZ,2022-07-13,539.0,503.69,0.070103,245644,12933672.94,壬寅,丁未,丁卯,3,2022,7,1,0.06775457144162261,1,丁,卯,火,木,丁,未,火,土,False,False,-0.028979028202207394,2022-W28,2022-07
300750.SZ,2022-07-14,556.01,539.0,0.031558,199556,10980995.202,壬寅,丁未,戊辰,4,2022,7,1,0.031070708791356847,1,戊,辰,土,土,丁,未,火,土,False,False,0.06775457144162261,2022-W28,2022-07
300750.SZ,2022-07-15,533.0,556.01,-0.041384,158628,8689665.142,壬寅,丁未,己巳,5,2022,7,1,-0.042264855534509475,0,己,巳,土,火,丁,未,火,土,False,False,0.031070708791356847,2022-W28,2022-07
300750.SZ,2022-07-18,551.66,533.0,0.035009,143710,7799775.032,壬寅,丁未,壬申,1,2022,7,1,0.03441049031204475,1,壬,申,水,金,丁,未,火,土,False,False,-0.042264855534509475,2022-W29,2022-07
300750.SZ,2022-07-19,524.61,551.66,-0.049034,163087,8687404.439,壬寅,丁未,癸酉,2,2022,7,1,-0.050276785084211434,0,癸,酉,水,金,丁,未,火,土,False,False,0.03441049031204475,2022-W29,2022-07
300750.SZ,2022-07-20,526.0,524.61,0.00265,78359,4141353.786,壬寅,丁未,甲戌,3,2022,7,1,0.002646083344031983,1,甲,戌,木,土,丁,未,火,土,False,False,-0.050276785084211434,2022-W29,2022-07
300750.SZ,2022-07-21,521.0,526.0,-0.009506,88070,4636560.562,壬寅,丁未,乙亥,4,2022,7,1,-0.009551170984342968,0,乙,亥,木,水,丁,未,火,土,False,False,0.002646083344031983,2022-W29,2022-07
300750.SZ,2022-07-22,532.0,521.0,0.021113,142817,7665508.993,壬寅,丁未,丙子,5,2022,7,1,0.020893447588277388,1,丙,子,火,水,丁,未,火,土,False,False,-0.009551170984342968,2022-W29,2022-07
300750.SZ,2022-07-25,521.75,532.0,-0.019267,86488,4524233.836,壬寅,丁未,己卯,1,2022,7,1,-0.019454943384334213,0,己,卯,土,木,丁,未,火,土,False,False,0.020893447588277388,2022-W30,2022-07
300750.SZ,2022-07-26,522.0,521.75,0.000479,79692,4162433.402,壬寅,丁未,庚辰,2,2022,7,1,0.0004790419253285486,1,庚,辰,金,土,丁,未,火,土,False,False,-0.019454943384334213,2022-W30,2022-07
300750.SZ,2022-07-27,515.2,522.0,-0.013027,93355,4814402.386,壬寅,丁未,辛巳,3,2022,7,1,-0.013112413092494724,0,辛,巳,金,火,丁,未,火,土,False,True,0.0004790419253285486,2022-W30,2022-07
300750.SZ,2022-07-28,515.6,515.2,0.000776,92675,4813731.201,壬寅,丁未,壬午,4,2022,7,1,0.0007760962748884511,1,壬,午,水,火,丁,未,火,土,False,True,-0.013112413092494724,2022-W30,2022-07
300750.SZ,2022-07-29,508.6,515.6,-0.013576,119124,6111548.922,壬寅,丁未,癸未,5,2022,7,1,-0.013669418077013005,0,癸,未,水,土,丁,未,火,土,False,True,0.0007760962748884511,2022-W30,2022-07
300750.SZ,2022-08-01,534.92,508.6,0.05175,162992,8555439.34,壬寅,丁未,丙戌,1,2022,8,1,0.05045535001657651,1,丙,戌,火,土,丁,未,火,土,True,False,-0.013669418077013005,2022-W31,2022-08
300750.SZ,2022-08-02,523.87,534.92,-0.020657,121430,6378119.035,壬寅,丁未,丁亥,2,2022,8,1,-0.020873641066419632,0,丁,亥,火,水,丁,未,火,土,True,False,0.05045535001657651,2022-W31,2022-08
300750.SZ,2022-08-03,504.0,523.87,-0.037929,170255,8730930.401,壬寅,丁未,戊子,3,2022,8,1,-0.038667293866807464,0,戊,子,土,水,丁,未,火,土,True,False,-0.020873641066419632,2022-W31,2022-08
300750.SZ,2022-08-04,500.9,504.0,-0.006151,113650,5688825.507,壬寅,丁未,己丑,4,2022,8,1,-0.00616978770779759,0,己,丑,土,土,丁,未,火,土,True,False,-0.038667293866807464,2022-W31,2022-08
300750.SZ,2022-08-05,505.65,500.9,0.009483,121830,6150342.343,壬寅,丁未,庚寅,5,2022,8,1,0.009438249984608287,1,庚,寅,金,木,丁,未,火,土,True,False,-0.00616978770779759,2022-W31,2022-08
300750.SZ,2022-08-08,501.5,505.65,-0.008207,89646,4476021.798,壬寅,戊申,癸巳,1,2022,8,1,-0.008241122946189191,0,癸,巳,水,火,戊,申,土,金,False,False,0.009438249984608287,2022-W32,2022-08
300750.SZ,2022-08-09,511.56,501.5,0.02006,113078,5783358.776,壬寅,戊申,甲午,2,2022,8,1,0.019861273163129047,1,甲,午,木,火,戊,申,土,金,False,False,-0.008241122946189191,2022-W32,2022-08
300750.SZ,2022-08-10,503.98,511.56,-0.014817,80490,4052412.586,壬寅,戊申,乙未,3,2022,8,1,-0.014928295820805987,0,乙,未,木,土,戊,申,土,金,False,False,0.019861273163129047,2022-W32,2022-08
300750.SZ,2022-08-11,510.0,503.98,0.011945,98007,4937131.682,壬寅,戊申,丙申,4,2022,8,1,0.011874140974058074,1,丙,申,火,金,戊,申,土,金,False,False,-0.014928295820805987,2022-W32,2022-08
300750.SZ,2022-08-12,502.0,510.0,-0.015686,73838,3710909.399,壬寅,戊申,丁酉,5,2022,8,1,-0.015810606026642315,0,丁,酉,火,金,戊,申,土,金,False,False,0.011874140974058074,2022-W32,2022-08
300750.SZ,2022-08-15,516.1,502.0,0.028088,137575,7097079.972,壬寅,戊申,庚子,1,2022,8,1,0.02770042546295233,1,庚,子,金,水,戊,申,土,金,False,False,-0.015810606026642315,2022-W33,2022-08
300750.SZ,2022-08-16,523.8,516.1,0.01492,160973,8515873.353,壬寅,戊申,辛丑,2,2022,8,1,0.014809386918929895,1,辛,丑,金,土,戊,申,土,金,False,False,0.02770042546295233,2022-W33,2022-08
300750.SZ,2022-08-17,547.0,523.8,0.044292,183506,9888546.881,壬寅,戊申,壬寅,3,2022,8,1,0.043338870348369675,1,壬,寅,水,木,戊,申,土,金,False,False,0.014809386918929895,2022-W33,2022-08
300750.SZ,2022-08-18,544.8,547.0,-0.004022,142800,7867922.33,壬寅,戊申,癸卯,4,2022,8,1,-0.004030047586678624,0,癸,卯,水,木,戊,申,土,金,False,False,0.043338870348369675,2022-W33,2022-08
300750.SZ,2022-08-19,532.0,544.8,-0.023495,107696,5767786.049,壬寅,戊申,甲辰,5,2022,8,1,-0.023775265493658188,0,甲,辰,木,土,戊,申,土,金,False,False,-0.004030047586678624,2022-W33,2022-08
300750.SZ,2022-08-22,551.53,532.0,0.036711,143053,7811232.13,壬寅,戊申,丁未,1,2022,8,1,0.036052744971265586,1,丁,未,火,土,戊,申,土,金,False,False,-0.023775265493658188,2022-W34,2022-08
300750.SZ,2022-08-23,556.89,551.53,0.009718,131561,7304906.011,壬寅,戊申,戊申,2,2022,8,1,0.009671499576331555,1,戊,申,土,金,戊,申,土,金,False,False,0.036052744971265586,2022-W34,2022-08
300750.SZ,2022-08-24,524.0,556.89,-0.05906,300683,16294721.095,壬寅,戊申,己酉,3,2022,8,1,-0.06087604956819933,0,己,酉,土,金,戊,申,土,金,False,False,0.009671499576331555,2022-W34,2022-08
300750.SZ,2022-08-25,514.0,524.0,-0.019084,180175,9216432.422,壬寅,戊申,庚戌,4,2022,8,1,-0.019268418865877032,0,庚,戌,金,土,戊,申,土,金,False,False,-0.06087604956819933,2022-W34,2022-08
300750.SZ,2022-08-26,506.78,514.0,-0.014047,122169,6216728.235,壬寅,戊申,辛亥,5,2022,8,1,-0.01414628108600949,0,辛,亥,金,水,戊,申,土,金,False,False,-0.019268418865877032,2022-W34,2022-08
300750.SZ,2022-08-29,502.0,506.78,-0.009432,112609,5635359.01,壬寅,戊申,甲寅,1,2022,8,1,-0.009476864677426488,0,甲,寅,木,木,戊,申,土,金,False,True,-0.01414628108600949,2022-W35,2022-08
300750.SZ,2022-08-30,491.5,502.0,-0.020916,156160,7672805.177,壬寅,戊申,乙卯,2,2022,8,1,-0.021138180104507933,0,乙,卯,木,木,戊,申,土,金,False,True,-0.009476864677426488,2022-W35,2022-08
300750.SZ,2022-08-31,483.0,491.5,-0.017294,174501,8386004.45,壬寅,戊申,丙辰,3,2022,8,1,-0.01744528593464853,0,丙,辰,火,土,戊,申,土,金,False,True,-0.021138180104507933,2022-W35,2022-08
300750.SZ,2022-09-01,467.54,483.0,-0.032008,154765,7331268.726,壬寅,戊申,丁巳,4,2022,9,1,-0.03253174708668085,0,丁,巳,火,火,戊,申,土,金,True,False,-0.01744528593464853,2022-W35,2022-09
300750.SZ,2022-09-02,466.26,467.54,-0.002738,115608,5408298.592,壬寅,戊申,戊午,5,2022,9,1,-0.002741488116686022,0,戊,午,土,火,戊,申,土,金,True,False,-0.03253174708668085,2022-W35,2022-09
300750.SZ,2022-09-05,468.36,466.26,0.004504,91100,4237267.563,壬寅,戊申,辛酉,1,2022,9,1,0.004493812531318064,1,辛,酉,金,金,戊,申,土,金,True,False,-0.002741488116686022,2022-W36,2022-09
300750.SZ,2022-09-06,455.2,468.36,-0.028098,275245,12407748.956,壬寅,戊申,壬戌,2,2022,9,1,-0.028500348168402766,0,壬,戌,水,土,戊,申,土,金,False,False,0.004493812531318064,2022-W36,2022-09
300750.SZ,2022-09-07,473.92,455.2,0.041125,216777,10095265.237,壬寅,己酉,癸亥,3,2022,9,1,0.04030164826731292,1,癸,亥,水,水,己,酉,土,金,False,False,-0.028500348168402766,2022-W36,2022-09
300750.SZ,2022-09-08,449.5,473.92,-0.051528,215526,9838886.097,壬寅,己酉,甲子,4,2022,9,1,-0.052902677167758996,0,甲,子,木,水,己,酉,土,金,False,False,0.04030164826731292,2022-W36,2022-09
300750.SZ,2022-09-09,452.22,449.5,0.006051,122467,5523516.959,壬寅,己酉,乙丑,5,2022,9,1,0.006032933171758523,1,乙,丑,木,土,己,酉,土,金,False,False,-0.052902677167758996,2022-W36,2022-09
300750.SZ,2022-09-13,456.91,452.22,0.010371,102028,4632953.568,壬寅,己酉,己巳,2,2022,9,1,0.010317647873554277,1,己,巳,土,火,己,酉,土,金,False,False,0.006032933171758523,2022-W37,2022-09
300750.SZ,2022-09-14,434.3,456.91,-0.049485,258937,11348915.618,壬寅,己酉,庚午,3,2022,9,1,-0.050750895416211673,0,庚,午,金,火,己,酉,土,金,False,False,0.010317647873554277,2022-W37,2022-09
300750.SZ,2022-09-15,414.35,434.3,-0.045936,253835,10651219.57,壬寅,己酉,辛未,4,2022,9,1,-0.04702451224572471,0,辛,未,金,土,己,酉,土,金,False,False,-0.050750895416211673,2022-W37,2022-09
300750.SZ,2022-09-16,410.0,414.35,-0.010498,149632,6192462.42,壬寅,己酉,壬申,5,2022,9,1,-0.010553867596698026,0,壬,申,水,金,己,酉,土,金,False,False,-0.04702451224572471,2022-W37,2022-09
300750.SZ,2022-09-19,413.67,410.0,0.008951,139643,5802232.518,壬寅,己酉,乙亥,1,2022,9,1,0.008911394823406136,1,乙,亥,木,水,己,酉,土,金,False,False,-0.010553867596698026,2022-W38,2022-09
300750.SZ,2022-09-20,421.01,413.67,0.017744,165690,7024157.607,壬寅,己酉,丙子,2,2022,9,1,0.017588031847645597,1,丙,子,火,水,己,酉,土,金,False,False,0.008911394823406136,2022-W38,2022-09
300750.SZ,2022-09-21,420.3,421.01,-0.001686,88098,3695152.639,壬寅,己酉,丁丑,3,2022,9,1,-0.0016878443583342433,0,丁,丑,火,土,己,酉,土,金,False,False,0.017588031847645597,2022-W38,2022-09
300750.SZ,2022-09-22,414.99,420.3,-0.012634,96420,3992662.501,壬寅,己酉,戊寅,4,2022,9,1,-0.012714318456237427,0,戊,寅,土,木,己,酉,土,金,False,False,-0.0016878443583342433,2022-W38,2022-09
300750.SZ,2022-09-23,417.34,414.99,0.005663,120184,5009444.373,壬寅,己酉,己卯,5,2022,9,1,0.005646813750404949,1,己,卯,土,木,己,酉,土,金,False,False,-0.012714318456237427,2022-W38,2022-09
300750.SZ,2022-09-26,428.66,417.34,0.027124,188351,8081168.715,壬寅,己酉,壬午,1,2022,9,1,0.02676282660374793,1,壬,午,水,火,己,酉,土,金,False,True,0.005646813750404949,2022-W39,2022-09
300750.SZ,2022-09-27,429.5,428.66,0.00196,115619,4948766.643,壬寅,己酉,癸未,2,2022,9,1,0.0019576775153235253,1,癸,未,水,土,己,酉,土,金,False,True,0.02676282660374793,2022-W39,2022-09
300750.SZ,2022-09-28,416.79,428.85,-0.028122,106974,4464647.186,壬寅,己酉,甲申,3,2022,9,1,-0.028524709607550512,0,甲,申,木,金,己,酉,土,金,False,True,0.0019576775153235253,2022-W39,2022-09
300750.SZ,2022-09-29,419.0,416.79,0.005302,88947,3723447.021,壬寅,己酉,乙酉,4,2022,9,1,0.005288422093257775,1,乙,酉,木,金,己,酉,土,金,False,True,-0.028524709607550512,2022-W39,2022-09
300750.SZ,2022-09-30,400.89,419.0,-0.043222,118140,4808089.72,壬寅,己酉,丙戌,5,2022,9,1,-0.04418384446105855,0,丙,戌,火,土,己,酉,土,金,False,True,0.005288422093257775,2022-W39,2022-09
300750.SZ,2022-10-10,392.86,400.89,-0.02003,114653,4534844.088,壬寅,庚戌,丙申,1,2022,10,1,-0.020233761154948966,0,丙,申,火,金,庚,戌,金,土,False,False,-0.04418384446105855,2022-W41,2022-10
300750.SZ,2022-10-11,416.3,392.86,0.059665,184441,7582938.838,壬寅,庚戌,丁酉,2,2022,10,1,0.05795283989479945,1,丁,酉,火,金,庚,戌,金,土,False,False,-0.020233761154948966,2022-W41,2022-10
300750.SZ,2022-10-12,437.83,416.3,0.051718,185147,7894831.67,壬寅,庚戌,戊戌,3,2022,10,1,0.05042455298052427,1,戊,戌,土,土,庚,戌,金,土,False,False,0.05795283989479945,2022-W41,2022-10
300750.SZ,2022-10-13,432.0,437.83,-0.013316,104434,4521426.256,壬寅,庚戌,己亥,4,2022,10,1,-0.013405118937343714,0,己,亥,土,水,庚,戌,金,土,False,False,0.05042455298052427,2022-W41,2022-10
300750.SZ,2022-10-14,436.91,432.0,0.011366,135653,5900627.938,壬寅,庚戌,庚子,5,2022,10,1,0.01130163598418653,1,庚,子,金,水,庚,戌,金,土,False,False,-0.013405118937343714,2022-W41,2022-10
300750.SZ,2022-10-17,429.35,436.91,-0.017303,105372,4492096.855,壬寅,庚戌,癸卯,1,2022,10,1,-0.017454787109803024,0,癸,卯,水,木,庚,戌,金,土,False,False,0.01130163598418653,2022-W42,2022-10
300750.SZ,2022-10-18,429.54,429.35,0.000443,91019,3937490.987,壬寅,庚戌,甲辰,2,2022,10,1,0.0004424315176548934,1,甲,辰,木,土,庚,戌,金,土,False,False,-0.017454787109803024,2022-W42,2022-10
300750.SZ,2022-10-19,431.34,429.54,0.004191,123330,5381599.274,壬寅,庚戌,乙巳,3,2022,10,1,0.0041817735876863455,1,乙,巳,木,火,庚,戌,金,土,False,False,0.0004424315176548934,2022-W42,2022-10
300750.SZ,2022-10-20,415.0,431.34,-0.037882,171201,7066412.983,壬寅,庚戌,丙午,4,2022,10,1,-0.038618121993136814,0,丙,午,火,火,庚,戌,金,土,False,False,0.0041817735876863455,2022-W42,2022-10
300750.SZ,2022-10-21,413.0,415.0,-0.004819,82598,3412503.681,壬寅,庚戌,丁未,5,2022,10,1,-0.00483092726966558,0,丁,未,火,土,庚,戌,金,土,False,False,-0.038618121993136814,2022-W42,2022-10
300750.SZ,2022-10-24,404.02,413.0,-0.021743,145327,5885833.136,壬寅,庚戌,庚戌,1,2022,10,1,-0.021983211274717314,0,庚,戌,金,土,庚,戌,金,土,False,False,-0.00483092726966558,2022-W43,2022-10
300750.SZ,2022-10-25,401.7,404.02,-0.005742,140390,5599142.147,壬寅,庚戌,辛亥,2,2022,10,1,-0.005758840321079008,0,辛,亥,金,水,庚,戌,金,土,False,False,-0.021983211274717314,2022-W43,2022-10
300750.SZ,2022-10-26,401.06,401.7,-0.001593,140723,5666134.369,壬寅,庚戌,壬子,3,2022,10,1,-0.0015944993163489378,0,壬,子,水,水,庚,戌,金,土,False,False,-0.005758840321079008,2022-W43,2022-10
300750.SZ,2022-10-27,390.3,401.06,-0.026829,152817,6026009.209,壬寅,庚戌,癸丑,4,2022,10,1,-0.027195367862318173,0,癸,丑,水,土,庚,戌,金,土,False,True,-0.0015944993163489378,2022-W43,2022-10
300750.SZ,2022-10-28,365.5,390.3,-0.063541,240712,8960919.233,壬寅,庚戌,甲寅,5,2022,10,1,-0.06564939499673611,0,甲,寅,木,木,庚,戌,金,土,False,True,-0.027195367862318173,2022-W43,2022-10
300750.SZ,2022-10-31,372.88,365.5,0.020192,165546,6168694.637,壬寅,庚戌,丁巳,1,2022,10,1,0.01999037287465233,1,丁,巳,火,火,庚,戌,金,土,False,True,-0.06564939499673611,2022-W44,2022-10
300750.SZ,2022-11-01,386.2,372.88,0.035722,199164,7598072.35,壬寅,庚戌,戊午,2,2022,11,1,0.03509871792992858,1,戊,午,土,火,庚,戌,金,土,True,False,0.01999037287465233,2022-W44,2022-11
300750.SZ,2022-11-02,391.5,386.2,0.013723,142669,5554821.785,壬寅,庚戌,己未,3,2022,11,1,0.013630145436443796,1,己,未,土,土,庚,戌,金,土,True,False,0.03509871792992858,2022-W44,2022-11
300750.SZ,2022-11-03,384.12,391.5,-0.018851,147174,5672637.394,壬寅,庚戌,庚申,4,2022,11,1,-0.01903051166108573,0,庚,申,金,金,庚,戌,金,土,True,False,0.013630145436443796,2022-W44,2022-11
300750.SZ,2022-11-04,404.4,384.12,0.052796,209711,8386135.001,壬寅,庚戌,辛酉,5,2022,11,1,0.05144948337654423,1,辛,酉,金,金,庚,戌,金,土,True,False,-0.01903051166108573,2022-W44,2022-11
300750.SZ,2022-11-07,410.5,404.4,0.015084,147781,6063354.15,壬寅,辛亥,甲子,1,2022,11,1,0.014971441746166683,1,甲,子,木,水,辛,亥,金,水,False,False,0.05144948337654423,2022-W45,2022-11
300750.SZ,2022-11-08,409.8,410.5,-0.001705,120808,4982583.901,壬寅,辛亥,乙丑,2,2022,11,1,-0.00170669308768353,0,乙,丑,木,土,辛,亥,金,水,False,False,0.014971441746166683,2022-W45,2022-11
300750.SZ,2022-11-09,397.06,409.8,-0.031088,109410,4370881.067,壬寅,辛亥,丙寅,3,2022,11,1,-0.03158183303586656,0,丙,寅,火,木,辛,亥,金,水,False,False,-0.00170669308768353,2022-W45,2022-11
300750.SZ,2022-11-10,385.3,397.06,-0.029618,129241,4995761.138,壬寅,辛亥,丁卯,4,2022,11,1,-0.030065151136820872,0,丁,卯,火,木,辛,亥,金,水,False,False,-0.03158183303586656,2022-W45,2022-11
300750.SZ,2022-11-11,402.48,385.3,0.044589,194819,7814365.729,壬寅,辛亥,戊辰,5,2022,11,1,0.043623154550951115,1,戊,辰,土,土,辛,亥,金,水,False,False,-0.030065151136820872,2022-W45,2022-11
300750.SZ,2022-11-14,387.18,402.48,-0.038014,184817,7242184.172,壬寅,辛亥,辛未,1,2022,11,1,-0.03875570500725973,0,辛,未,金,土,辛,亥,金,水,False,False,0.043623154550951115,2022-W46,2022-11
300750.SZ,2022-11-15,396.18,387.18,0.023245,172739,6711717.38,壬寅,辛亥,壬申,2,2022,11,1,0.022978952258731714,1,壬,申,水,金,辛,亥,金,水,False,False,-0.03875570500725973,2022-W46,2022-11
300750.SZ,2022-11-16,384.07,396.18,-0.030567,136036,5261351.647,壬寅,辛亥,癸酉,3,2022,11,1,-0.031043825793248395,0,癸,酉,水,金,辛,亥,金,水,False,False,0.022978952258731714,2022-W46,2022-11
300750.SZ,2022-11-17,375.12,384.07,-0.023303,142171,5314975.792,壬寅,辛亥,甲戌,4,2022,11,1,-0.02357885285995568,0,甲,戌,木,土,辛,亥,金,水,False,False,-0.031043825793248395,2022-W46,2022-11
300750.SZ,2022-11-18,380.79,375.12,0.015115,164073,6269734.686,壬寅,辛亥,乙亥,5,2022,11,1,0.015002067286864741,1,乙,亥,木,水,辛,亥,金,水,False,False,-0.02357885285995568,2022-W46,2022-11
300750.SZ,2022-11-21,382.4,380.79,0.004228,80387,3060476.256,壬寅,辛亥,戊寅,1,2022,11,1,0.004219139109050696,1,戊,寅,土,木,辛,亥,金,水,False,False,0.015002067286864741,2022-W47,2022-11
300750.SZ,2022-11-22,375.0,382.4,-0.019351,98362,3701483.129,壬寅,辛亥,己卯,2,2022,11,1,-0.019541155206835307,0,己,卯,土,木,辛,亥,金,水,False,False,0.004219139109050696,2022-W47,2022-11
300750.SZ,2022-11-23,379.52,375.0,0.012053,88294,3343581.161,壬寅,辛亥,庚辰,3,2022,11,1,0.011981270398895042,1,庚,辰,金,土,辛,亥,金,水,False,False,-0.019541155206835307,2022-W47,2022-11
300750.SZ,2022-11-24,376.62,379.52,-0.007641,85465,3229088.1,壬寅,辛亥,辛巳,4,2022,11,1,-0.00767057481181055,0,辛,巳,金,火,辛,亥,金,水,False,False,0.011981270398895042,2022-W47,2022-11
300750.SZ,2022-11-25,372.2,376.62,-0.011736,61389,2286870.203,壬寅,辛亥,壬午,5,2022,11,1,-0.011805377349345048,0,壬,午,水,火,辛,亥,金,水,False,False,-0.00767057481181055,2022-W47,2022-11
300750.SZ,2022-11-28,370.31,372.2,-0.005078,111140,4052491.292,壬寅,辛亥,乙酉,1,2022,11,1,-0.0050908515222404735,0,乙,酉,木,金,辛,亥,金,水,False,True,-0.011805377349345048,2022-W48,2022-11
300750.SZ,2022-11-29,377.9,370.31,0.020496,117172,4394005.282,壬寅,辛亥,丙戌,2,2022,11,1,0.020289117669533323,1,丙,戌,火,土,辛,亥,金,水,False,True,-0.0050908515222404735,2022-W48,2022-11
300750.SZ,2022-11-30,385.0,377.9,0.018788,140419,5331830.946,壬寅,辛亥,丁亥,3,2022,11,1,0.018613723932340998,1,丁,亥,火,水,辛,亥,金,水,False,True,0.020289117669533323,2022-W48,2022-11
300750.SZ,2022-12-01,395.25,385.0,0.026623,209374,8341109.691,壬寅,辛亥,戊子,4,2022,12,1,0.026275141801797103,1,戊,子,土,水,辛,亥,金,水,True,False,0.018613723932340998,2022-W48,2022-12
300750.SZ,2022-12-02,391.88,395.25,-0.008526,82925,3280784.282,壬寅,辛亥,己丑,5,2022,12,1,-0.008562805613139893,0,己,丑,土,土,辛,亥,金,水,True,False,0.026275141801797103,2022-W48,2022-12
300750.SZ,2022-12-05,392.31,391.88,0.001097,120984,4739442.184,壬寅,辛亥,壬辰,1,2022,12,1,0.0010966731100791305,1,壬,辰,水,土,辛,亥,金,水,True,False,-0.008562805613139893,2022-W49,2022-12
300750.SZ,2022-12-06,400.02,392.31,0.019653,136611,5426417.623,壬寅,辛亥,癸巳,2,2022,12,1,0.019462202271502943,1,癸,巳,水,火,辛,亥,金,水,False,False,0.0010966731100791305,2022-W49,2022-12
300750.SZ,2022-12-07,418.31,400.02,0.045723,244108,10135126.0,壬寅,壬子,甲午,3,2022,12,1,0.04470823859173196,1,甲,午,木,火,壬,子,水,水,False,False,0.019462202271502943,2022-W49,2022-12
300750.SZ,2022-12-08,420.47,418.31,0.005164,104337,4388660.431,壬寅,壬子,乙未,4,2022,12,1,0.005150348779643314,1,乙,未,木,土,壬,子,水,水,False,False,0.04470823859173196,2022-W49,2022-12
300750.SZ,2022-12-09,424.6,420.47,0.009822,93539,3960316.859,壬寅,壬子,丙申,5,2022,12,1,0.009774416039757039,1,丙,申,火,金,壬,子,水,水,False,False,0.005150348779643314,2022-W49,2022-12
300750.SZ,2022-12-12,414.35,424.6,-0.02414,87899,3671244.196,壬寅,壬子,己亥,1,2022,12,1,-0.02443652197410424,0,己,亥,土,水,壬,子,水,水,False,False,0.009774416039757039,2022-W50,2022-12
300750.SZ,2022-12-13,405.41,414.35,-0.021576,112707,4592141.158,壬寅,壬子,庚子,2,2022,12,1,-0.021812126585817212,0,庚,子,金,水,壬,子,水,水,False,False,-0.02443652197410424,2022-W50,2022-12
300750.SZ,2022-12-14,402.3,405.41,-0.007671,91972,3697346.495,壬寅,壬子,辛丑,3,2022,12,1,-0.007700821753491764,0,辛,丑,金,土,壬,子,水,水,False,False,-0.021812126585817212,2022-W50,2022-12
300750.SZ,2022-12-15,423.8,402.3,0.053443,172987,7174962.345,壬寅,壬子,壬寅,4,2022,12,1,0.0520635668784562,1,壬,寅,水,木,壬,子,水,水,False,False,-0.007700821753491764,2022-W50,2022-12
300750.SZ,2022-12-16,418.01,423.8,-0.013662,89422,3733194.676,壬寅,壬子,癸卯,5,2022,12,1,-0.013756290150627393,0,癸,卯,水,木,壬,子,水,水,False,False,0.0520635668784562,2022-W50,2022-12
300750.SZ,2022-12-19,420.4,418.01,0.005718,101058,4284899.628,壬寅,壬子,丙午,1,2022,12,1,0.005701283319224783,1,丙,午,火,火,壬,子,水,水,False,False,-0.013756290150627393,2022-W51,2022-12
300750.SZ,2022-12-20,409.52,420.4,-0.02588,81207,3362795.549,壬寅,壬子,丁未,2,2022,12,1,-0.026220896853468276,0,丁,未,火,土,壬,子,水,水,False,False,0.005701283319224783,2022-W51,2022-12
300750.SZ,2022-12-21,406.82,409.52,-0.006593,54030,2201256.4,壬寅,壬子,戊申,3,2022,12,1,-0.006614914974986787,0,戊,申,土,金,壬,子,水,水,False,False,-0.026220896853468276,2022-W51,2022-12
300750.SZ,2022-12-22,402.0,406.82,-0.011848,73904,2976952.977,壬寅,壬子,己酉,4,2022,12,1,-0.011918738555319911,0,己,酉,土,金,壬,子,水,水,False,False,-0.006614914974986787,2022-W51,2022-12
300750.SZ,2022-12-23,398.48,402.0,-0.008756,73857,2939594.066,壬寅,壬子,庚戌,5,2022,12,1,-0.008794779853993101,0,庚,戌,金,土,壬,子,水,水,False,False,-0.011918738555319911,2022-W51,2022-12
300750.SZ,2022-12-26,403.92,398.48,0.013652,115123,4606937.09,壬寅,壬子,癸丑,1,2022,12,1,0.013559529785632294,1,癸,丑,水,土,壬,子,水,水,False,False,-0.008794779853993101,2022-W52,2022-12
300750.SZ,2022-12-27,403.57,403.92,-0.000867,81397,3268646.819,壬寅,壬子,甲寅,2,2022,12,1,-0.0008668838547063346,0,甲,寅,木,木,壬,子,水,水,False,True,0.013559529785632294,2022-W52,2022-12
300750.SZ,2022-12-28,394.0,403.57,-0.023713,185293,7206541.527,壬寅,壬子,乙卯,3,2022,12,1,-0.023999045398020145,0,乙,卯,木,木,壬,子,水,水,False,True,-0.0008668838547063346,2022-W52,2022-12
300750.SZ,2022-12-29,393.96,394.0,-0.000102,98974,3909060.456,壬寅,壬子,丙辰,4,2022,12,1,-0.0001015279964322555,0,丙,辰,火,土,壬,子,水,水,False,True,-0.023999045398020145,2022-W52,2022-12
300750.SZ,2022-12-30,393.42,393.96,-0.001371,74052,2943110.662,壬寅,壬子,丁巳,5,2022,12,1,-0.0013716377979184453,0,丁,巳,火,火,壬,子,水,水,False,True,-0.0001015279964322555,2022-W52,2022-12
300750.SZ,2023-01-03,389.64,393.42,-0.009608,104820,4056787.274,壬寅,壬子,辛酉,2,2023,1,1,-0.00965450760082819,0,辛,酉,金,金,壬,子,水,水,True,False,-0.0013716377979184453,2023-W01,2023-01
300750.SZ,2023-01-04,384.01,389.64,-0.014449,196022,7527791.631,壬寅,壬子,壬戌,3,2023,1,1,-0.014554641987439701,0,壬,戌,水,土,壬,子,水,水,True,False,-0.00965450760082819,2023-W01,2023-01
300750.SZ,2023-01-05,407.51,384.01,0.061196,260432,10371713.858,壬寅,癸丑,癸亥,4,2023,1,1,0.0593968783418049,1,癸,亥,水,水,癸,丑,水,土,True,False,-0.014554641987439701,2023-W01,2023-01
300750.SZ,2023-01-06,416.66,407.51,0.022453,183924,7641585.134,壬寅,癸丑,甲子,5,2023,1,1,0.02220506924311564,1,甲,子,木,水,癸,丑,水,土,False,False,0.0593968783418049,2023-W01,2023-01
300750.SZ,2023-01-09,416.6,416.66,-0.000144,128403,5373244.036,壬寅,癸丑,丁卯,1,2023,1,1,-0.00014401267336415044,0,丁,卯,火,木,癸,丑,水,土,False,False,0.02220506924311564,2023-W02,2023-01
300750.SZ,2023-01-10,432.0,416.6,0.036966,182606,7781973.49,壬寅,癸丑,戊辰,2,2023,1,1,0.03629905941723854,1,戊,辰,土,土,癸,丑,水,土,False,False,-0.00014401267336415044,2023-W02,2023-01
300750.SZ,2023-01-11,427.86,432.0,-0.009583,122418,5252326.721,壬寅,癸丑,己巳,3,2023,1,1,-0.009629548975843007,0,己,巳,土,火,癸,丑,水,土,False,False,0.03629905941723854,2023-W02,2023-01
300750.SZ,2023-01-12,433.5,427.86,0.013182,111367,4837460.193,壬寅,癸丑,庚午,4,2023,1,1,0.013095756952329188,1,庚,午,金,火,癸,丑,水,土,False,False,-0.009629548975843007,2023-W02,2023-01
300750.SZ,2023-01-13,439.5,433.5,0.013841,207574,9140635.814,壬寅,癸丑,辛未,5,2023,1,1,0.013745920904635136,1,辛,未,金,土,癸,丑,水,土,False,False,0.013095756952329188,2023-W02,2023-01
300750.SZ,2023-01-16,446.63,439.5,0.016223,168090,7451169.295,壬寅,癸丑,甲戌,1,2023,1,1,0.01609279422984507,1,甲,戌,木,土,癸,丑,水,土,False,False,0.013745920904635136,2023-W03,2023-01
300750.SZ,2023-01-17,445.61,446.63,-0.002284,98958,4416180.658,壬寅,癸丑,乙亥,2,2023,1,1,-0.0022863813421071396,0,乙,亥,木,水,癸,丑,水,土,False,False,0.01609279422984507,2023-W03,2023-01
300750.SZ,2023-01-18,448.5,445.61,0.006485,73443,3292955.688,壬寅,癸丑,丙子,3,2023,1,1,0.0064645514858810696,1,丙,子,火,水,癸,丑,水,土,False,False,-0.0022863813421071396,2023-W03,2023-01
300750.SZ,2023-01-19,446.77,448.5,-0.003857,73099,3254123.919,壬寅,癸丑,丁丑,4,2023,1,1,-0.003864760694152379,0,丁,丑,火,土,癸,丑,水,土,False,False,0.0064645514858810696,2023-W03,2023-01
300750.SZ,2023-01-20,452.0,446.77,0.011706,107656,4841543.971,壬寅,癸丑,戊寅,5,2023,1,1,0.011638259027532821,1,戊,寅,土,木,癸,丑,水,土,False,False,-0.003864760694152379,2023-W03,2023-01
300750.SZ,2023-01-30,470.65,452.0,0.041261,211743,10102385.367,壬寅,癸丑,戊子,1,2023,1,1,0.0404325381609981,1,戊,子,土,水,癸,丑,水,土,False,True,0.011638259027532821,2023-W05,2023-01
300750.SZ,2023-01-31,465.2,470.65,-0.01158,139540,6565989.151,壬寅,癸丑,己丑,2,2023,1,1,-0.011647297348719901,0,己,丑,土,土,癸,丑,水,土,False,True,0.0404325381609981,2023-W05,2023-01
300750.SZ,2023-02-01,476.8,465.2,0.024936,115021,5464594.494,壬寅,癸丑,庚寅,3,2023,2,1,0.024629695106630697,1,庚,寅,金,木,癸,丑,水,土,True,False,-0.011647297348719901,2023-W05,2023-02
300750.SZ,2023-02-02,466.1,476.8,-0.022441,134557,6339908.128,壬寅,癸丑,辛卯,4,2023,2,1,-0.022696912372444665,0,辛,卯,金,木,癸,丑,水,土,True,False,0.024629695106630697,2023-W05,2023-02
300750.SZ,2023-02-03,456.2,466.1,-0.02124,120200,5495174.744,壬寅,癸丑,壬辰,5,2023,2,1,-0.02146889352840767,0,壬,辰,水,土,癸,丑,水,土,True,False,-0.022696912372444665,2023-W05,2023-02
300750.SZ,2023-02-06,450.6,456.2,-0.012275,107529,4811799.061,癸卯,甲寅,乙未,1,2023,2,1,-0.012351281852143549,0,乙,未,木,土,甲,寅,木,木,False,False,-0.02146889352840767,2023-W06,2023-02
300750.SZ,2023-02-07,448.1,450.6,-0.005548,72112,3231274.19,癸卯,甲寅,丙申,2,2023,2,1,-0.005563606206046733,0,丙,申,火,金,甲,寅,木,木,False,False,-0.012351281852143549,2023-W06,2023-02
300750.SZ,2023-02-08,447.21,448.1,-0.001986,73298,3293742.444,癸卯,甲寅,丁酉,3,2023,2,1,-0.0019881388416487953,0,丁,酉,火,金,甲,寅,木,木,False,False,-0.005563606206046733,2023-W06,2023-02
300750.SZ,2023-02-09,452.99,447.21,0.012925,80314,3627030.215,癸卯,甲寅,戊戌,4,2023,2,1,0.012841767233740297,1,戊,戌,土,土,甲,寅,木,木,False,False,-0.0019881388416487953,2023-W06,2023-02
300750.SZ,2023-02-10,445.95,452.99,-0.015541,83977,3773477.539,癸卯,甲寅,己亥,5,2023,2,1,-0.01566321207197238,0,己,亥,土,水,甲,寅,木,木,False,False,0.012841767233740297,2023-W06,2023-02
300750.SZ,2023-02-13,460.0,445.95,0.031506,134185,6143224.997,癸卯,甲寅,壬寅,1,2023,2,1,0.03101965137092431,1,壬,寅,水,木,甲,寅,木,木,False,False,-0.01566321207197238,2023-W07,2023-02
300750.SZ,2023-02-14,451.05,460.0,-0.019457,128121,5816558.282,癸卯,甲寅,癸卯,2,2023,2,1,-0.019648291380492854,0,癸,卯,水,木,甲,寅,木,木,False,False,0.03101965137092431,2023-W07,2023-02
300750.SZ,2023-02-15,448.6,451.05,-0.005432,77733,3508461.573,癸卯,甲寅,甲辰,3,2023,2,1,-0.0054465760165398214,0,甲,辰,木,土,甲,寅,木,木,False,False,-0.019648291380492854,2023-W07,2023-02
300750.SZ,2023-02-16,443.2,448.6,-0.012037,100910,4514542.232,癸卯,甲寅,乙巳,4,2023,2,1,-0.012110486653033953,0,乙,巳,木,火,甲,寅,木,木,False,False,-0.0054465760165398214,2023-W07,2023-02
300750.SZ,2023-02-17,420.19,443.2,-0.051918,214695,9171648.847,癸卯,甲寅,丙午,5,2023,2,1,-0.053314145496692875,0,丙,午,火,火,甲,寅,木,木,False,False,-0.012110486653033953,2023-W07,2023-02
300750.SZ,2023-02-20,420.47,420.19,0.000666,168298,6992852.567,癸卯,甲寅,己酉,1,2023,2,1,0.0006661432930175852,1,己,酉,土,金,甲,寅,木,木,False,False,-0.053314145496692875,2023-W08,2023-02
300750.SZ,2023-02-21,415.01,420.47,-0.012985,131845,5490561.031,癸卯,甲寅,庚戌,2,2023,2,1,-0.01307051690347165,0,庚,戌,金,土,甲,寅,木,木,False,False,0.0006661432930175852,2023-W08,2023-02
300750.SZ,2023-02-22,409.47,415.01,-0.013349,123639,5069312.344,癸卯,甲寅,辛亥,3,2023,2,1,-0.013438975789713316,0,辛,亥,金,水,甲,寅,木,木,False,False,-0.01307051690347165,2023-W08,2023-02
300750.SZ,2023-02-23,413.23,409.47,0.009183,95372,3922375.682,癸卯,甲寅,壬子,4,2023,2,1,0.009140698139549612,1,壬,子,水,水,甲,寅,木,木,False,False,-0.013438975789713316,2023-W08,2023-02
300750.SZ,2023-02-24,405.4,413.23,-0.018948,99893,4060495.07,癸卯,甲寅,癸丑,5,2023,2,1,-0.019130104657863998,0,癸,丑,水,土,甲,寅,木,木,False,True,0.009140698139549612,2023-W08,2023-02
300750.SZ,2023-02-27,401.1,405.4,-0.010607,92206,3705001.334,癸卯,甲寅,丙辰,1,2023,2,1,-0.010663461241892342,0,丙,辰,火,土,甲,寅,木,木,False,True,-0.019130104657863998,2023-W09,2023-02
300750.SZ,2023-02-28,403.9,401.1,0.006981,93230,3769996.772,癸卯,甲寅,丁巳,2,2023,2,1,0.006956549793359931,1,丁,巳,火,火,甲,寅,木,木,False,True,-0.010663461241892342,2023-W09,2023-02
300750.SZ,2023-03-01,411.78,403.9,0.01951,126020,5166296.898,癸卯,甲寅,戊午,3,2023,3,1,0.019321903579231102,1,戊,午,土,火,甲,寅,木,木,True,False,0.006956549793359931,2023-W09,2023-03
300750.SZ,2023-03-02,400.8,411.78,-0.026665,161452,6483446.93,癸卯,甲寅,己未,4,2023,3,1,-0.027026676377943138,0,己,未,土,土,甲,寅,木,木,True,False,0.019321903579231102,2023-W09,2023-03
300750.SZ,2023-03-03,402.32,400.8,0.003792,82030,3300669.921,癸卯,甲寅,庚申,5,2023,3,1,0.003785242093054267,1,庚,申,金,金,甲,寅,木,木,True,False,-0.027026676377943138,2023-W09,2023-03
300750.SZ,2023-03-06,408.42,402.32,0.015162,166266,6674565.924,癸卯,乙卯,癸亥,1,2023,3,1,0.015048264824205768,1,癸,亥,水,水,乙,卯,木,木,False,False,0.003785242093054267,2023-W10,2023-03
300750.SZ,2023-03-07,402.2,408.42,-0.015229,99183,4014218.859,癸卯,乙卯,甲子,2,2023,3,1,-0.015346579349363414,0,甲,子,木,水,乙,卯,木,木,False,False,0.015048264824205768,2023-W10,2023-03
300750.SZ,2023-03-08,397.73,402.2,-0.011114,81293,3231604.462,癸卯,乙卯,乙丑,3,2023,3,1,-0.0111760942258603,0,乙,丑,木,土,乙,卯,木,木,False,False,-0.015346579349363414,2023-W10,2023-03
300750.SZ,2023-03-09,397.01,397.73,-0.00181,81366,3228769.655,癸卯,乙卯,丙寅,4,2023,3,1,-0.0018119138258598352,0,丙,寅,火,木,乙,卯,木,木,False,False,-0.0111760942258603,2023-W10,2023-03
300750.SZ,2023-03-10,405.79,397.01,0.022115,191425,7722447.89,癸卯,乙卯,丁卯,5,2023,3,1,0.021874315120123368,1,丁,卯,火,木,乙,卯,木,木,False,False,-0.0018119138258598352,2023-W10,2023-03
300750.SZ,2023-03-13,392.0,405.79,-0.033983,188331,7424578.06,癸卯,乙卯,庚午,1,2023,3,1,-0.03457394461649234,0,庚,午,金,火,乙,卯,木,木,False,False,0.021874315120123368,2023-W11,2023-03
300750.SZ,2023-03-14,387.23,392.0,-0.012168,184846,7095007.8,癸卯,乙卯,辛未,2,2023,3,1,-0.012243008050566495,0,辛,未,金,土,乙,卯,木,木,False,False,-0.03457394461649234,2023-W11,2023-03
300750.SZ,2023-03-15,388.0,387.23,0.001988,129682,5046344.791,癸卯,乙卯,壬申,3,2023,3,1,0.001986507883377404,1,壬,申,水,金,乙,卯,木,木,False,False,-0.012243008050566495,2023-W11,2023-03
300750.SZ,2023-03-16,385.11,388.0,-0.007448,101131,3897781.768,癸卯,乙卯,癸酉,4,2023,3,1,-0.0074763318583285845,0,癸,酉,水,金,乙,卯,木,木,False,False,0.001986507883377404,2023-W11,2023-03
300750.SZ,2023-03-17,375.98,385.11,-0.023708,201447,7641555.518,癸卯,乙卯,甲戌,5,2023,3,1,-0.023993057279129437,0,甲,戌,木,土,乙,卯,木,木,False,False,-0.0074763318583285845,2023-W11,2023-03
300750.SZ,2023-03-20,379.95,375.98,0.010559,158369,6002000.932,癸卯,乙卯,丁丑,1,2023,3,1,0.010503714629978561,1,丁,丑,火,土,乙,卯,木,木,False,False,-0.023993057279129437,2023-W12,2023-03
300750.SZ,2023-03-21,393.78,379.95,0.0364,172923,6720740.862,癸卯,乙卯,戊寅,2,2023,3,1,0.0357527125978925,1,戊,寅,土,木,乙,卯,木,木,False,False,0.010503714629978561,2023-W12,2023-03
300750.SZ,2023-03-22,399.2,393.78,0.013764,176872,7125770.901,癸卯,乙卯,己卯,3,2023,3,1,0.01367016672362266,1,己,卯,土,木,乙,卯,木,木,False,False,0.0357527125978925,2023-W12,2023-03
300750.SZ,2023-03-23,398.38,399.2,-0.002054,100288,3981184.718,癸卯,乙卯,庚辰,4,2023,3,1,-0.0020562207901810353,0,庚,辰,金,土,乙,卯,木,木,False,False,0.01367016672362266,2023-W12,2023-03
300750.SZ,2023-03-24,393.58,398.38,-0.012049,117652,4645723.682,癸卯,乙卯,辛巳,5,2023,3,1,-0.012121972768184164,0,辛,巳,金,火,乙,卯,木,木,False,False,-0.0020562207901810353,2023-W12,2023-03
300750.SZ,2023-03-27,396.5,393.58,0.007419,161157,6311744.703,癸卯,乙卯,甲申,1,2023,3,1,0.007391690195959156,1,甲,申,木,金,乙,卯,木,木,False,True,-0.012121972768184164,2023-W13,2023-03
300750.SZ,2023-03-28,392.6,396.5,-0.009836,75905,2976678.086,癸卯,乙卯,乙酉,2,2023,3,1,-0.009884759232541973,0,乙,酉,木,金,乙,卯,木,木,False,True,0.007391690195959156,2023-W13,2023-03
300750.SZ,2023-03-29,400.18,392.6,0.019307,137546,5508159.641,癸卯,乙卯,丙戌,3,2023,3,1,0.019123164045985994,1,丙,戌,火,土,乙,卯,木,木,False,True,-0.009884759232541973,2023-W13,2023-03
300750.SZ,2023-03-30,400.11,400.18,-0.000175,86819,3465633.465,癸卯,乙卯,丁亥,4,2023,3,1,-0.00017493658593384392,0,丁,亥,火,水,乙,卯,木,木,False,True,0.019123164045985994,2023-W13,2023-03
300750.SZ,2023-03-31,406.05,400.11,0.014846,196075,8033742.42,癸卯,乙卯,戊子,5,2023,3,1,0.014736795426006982,1,戊,子,土,水,乙,卯,木,木,False,True,-0.00017493658593384392,2023-W13,2023-03
300750.SZ,2023-04-03,398.71,406.05,-0.018077,167632,6698371.581,癸卯,乙卯,辛卯,1,2023,4,1,-0.018241969140723076,0,辛,卯,金,木,乙,卯,木,木,True,False,0.014736795426006982,2023-W14,2023-04
300750.SZ,2023-04-04,388.0,398.71,-0.026862,200897,7782699.959,癸卯,乙卯,壬辰,2,2023,4,1,-0.027228995964423373,0,壬,辰,水,土,乙,卯,木,木,True,False,-0.018241969140723076,2023-W14,2023-04
300750.SZ,2023-04-10,402.01,390.51,0.029449,172379,6844475.287,癸卯,丙辰,戊戌,1,2023,4,1,0.029023386785039733,1,戊,戌,土,土,丙,辰,火,土,False,False,-0.027228995964423373,2023-W15,2023-04
300750.SZ,2023-04-11,399.95,402.01,-0.005124,143662,5785418.238,癸卯,丙辰,己亥,2,2023,4,1,-0.00513742463668759,0,己,亥,土,水,丙,辰,火,土,False,False,0.029023386785039733,2023-W15,2023-04
300750.SZ,2023-04-12,392.01,399.95,-0.019852,87367,3443470.021,癸卯,丙辰,庚子,3,2023,4,1,-0.020052189625666447,0,庚,子,金,水,丙,辰,火,土,False,False,-0.00513742463668759,2023-W15,2023-04
300750.SZ,2023-04-13,388.26,392.01,-0.009566,100464,3896072.549,癸卯,丙辰,辛丑,4,2023,4,1,-0.009612131371934762,0,辛,丑,金,土,丙,辰,火,土,False,False,-0.020052189625666447,2023-W15,2023-04
300750.SZ,2023-04-14,397.29,388.26,0.023258,159236,6337229.777,癸卯,丙辰,壬寅,5,2023,4,1,0.022991274309752948,1,壬,寅,水,木,丙,辰,火,土,False,False,-0.009612131371934762,2023-W15,2023-04
300750.SZ,2023-04-17,407.88,397.29,0.026656,176631,7173869.979,癸卯,丙辰,乙巳,1,2023,4,1,0.026306520889042118,1,乙,巳,木,火,丙,辰,火,土,False,False,0.022991274309752948,2023-W16,2023-04
300750.SZ,2023-04-18,409.0,407.88,0.002746,140605,5793046.444,癸卯,丙辰,丙午,2,2023,4,1,0.0027421425467768386,1,丙,午,火,火,丙,辰,火,土,False,False,0.026306520889042118,2023-W16,2023-04
300750.SZ,2023-04-19,410.37,409.0,0.00335,116223,4770263.895,癸卯,丙辰,丁未,3,2023,4,1,0.0033440357266608356,1,丁,未,火,土,丙,辰,火,土,False,False,0.0027421425467768386,2023-W16,2023-04
300750.SZ,2023-04-20,396.0,410.37,-0.035017,158437,6335888.039,癸卯,丙辰,戊申,4,2023,4,1,-0.03564498051498206,0,戊,申,土,金,丙,辰,火,土,False,False,0.0033440357266608356,2023-W16,2023-04
300750.SZ,2023-04-21,404.99,396.0,0.022702,252759,10288953.392,癸卯,丙辰,己酉,5,2023,4,1,0.02244816418919738,1,己,酉,土,金,丙,辰,火,土,False,False,-0.03564498051498206,2023-W16,2023-04
300750.SZ,2023-04-24,396.88,404.99,-0.020025,173773,6922771.298,癸卯,丙辰,壬子,1,2023,4,1,-0.02022840745088447,0,壬,子,水,水,丙,辰,火,土,False,False,0.02244816418919738,2023-W17,2023-04
300750.SZ,2023-04-25,385.9,396.88,-0.027666,168989,6532955.962,癸卯,丙辰,癸丑,2,2023,4,1,-0.028055699449220473,0,癸,丑,水,土,丙,辰,火,土,False,False,-0.02022840745088447,2023-W17,2023-04
300750.SZ,2023-04-26,224.5,212.99,0.05404,397075,8801110.231,癸卯,丙辰,甲寅,3,2023,4,1,0.0526304909317999,1,甲,寅,木,木,丙,辰,火,土,False,True,-0.028055699449220473,2023-W17,2023-04
300750.SZ,2023-04-27,231.0,224.5,0.028953,339690,7764148.296,癸卯,丙辰,乙卯,4,2023,4,1,0.02854200333948449,1,乙,卯,木,木,丙,辰,火,土,False,True,0.0526304909317999,2023-W17,2023-04
300750.SZ,2023-04-28,230.85,231.0,-0.000649,271048,6269727.389,癸卯,丙辰,丙辰,5,2023,4,1,-0.000649561568795645,0,丙,辰,火,土,丙,辰,火,土,False,True,0.02854200333948449,2023-W17,2023-04
300750.SZ,2023-05-04,225.52,230.85,-0.023089,194090,4416464.195,癸卯,丙辰,壬戌,4,2023,5,1,-0.02335930214714077,0,壬,戌,水,土,丙,辰,火,土,True,False,-0.000649561568795645,2023-W18,2023-05
300750.SZ,2023-05-05,227.0,225.52,0.006563,167408,3793534.213,癸卯,丙辰,癸亥,5,2023,5,1,0.00654117067554553,1,癸,亥,水,水,丙,辰,火,土,True,False,-0.02335930214714077,2023-W18,2023-05
300750.SZ,2023-05-08,230.81,227.0,0.016784,227531,5237667.345,癸卯,丁巳,丙寅,1,2023,5,1,0.016644843770256112,1,丙,寅,火,木,丁,巳,火,火,False,False,0.00654117067554553,2023-W19,2023-05
300750.SZ,2023-05-09,225.83,230.81,-0.021576,196537,4447695.098,癸卯,丁巳,丁卯,2,2023,5,1,-0.021812357422446086,0,丁,卯,火,木,丁,巳,火,火,False,False,0.016644843770256112,2023-W19,2023-05
300750.SZ,2023-05-10,232.52,225.83,0.029624,289568,6637247.354,癸卯,丁巳,戊辰,3,2023,5,1,0.029193739003937003,1,戊,辰,土,土,丁,巳,火,火,False,False,-0.021812357422446086,2023-W19,2023-05
300750.SZ,2023-05-11,240.4,232.52,0.03389,347473,8292776.227,癸卯,丁巳,己巳,4,2023,5,1,0.03332795982790274,1,己,巳,土,火,丁,巳,火,火,False,False,0.029193739003937003,2023-W19,2023-05
300750.SZ,2023-05-12,237.98,240.4,-0.010067,223099,5363787.91,癸卯,丁巳,庚午,5,2023,5,1,-0.01011756613404519,0,庚,午,金,火,丁,巳,火,火,False,False,0.03332795982790274,2023-W19,2023-05
300750.SZ,2023-05-15,238.29,237.98,0.001303,267064,6408351.582,癸卯,丁巳,癸酉,1,2023,5,1,0.0013017827861429095,1,癸,酉,水,金,丁,巳,火,火,False,False,-0.01011756613404519,2023-W20,2023-05
300750.SZ,2023-05-16,239.0,238.29,0.00298,139739,3336944.402,癸卯,丁巳,甲戌,2,2023,5,1,0.0029751326183603093,1,甲,戌,木,土,丁,巳,火,火,False,False,0.0013017827861429095,2023-W20,2023-05
300750.SZ,2023-05-17,240.0,239.0,0.004184,182464,4350981.987,癸卯,丁巳,乙亥,3,2023,5,1,0.004175371410480592,1,乙,亥,木,水,丁,巳,火,火,False,False,0.0029751326183603093,2023-W20,2023-05
300750.SZ,2023-05-18,232.4,240.0,-0.031667,241238,5653225.269,癸卯,丁巳,丙子,4,2023,5,1,-0.03217889836423509,0,丙,子,火,水,丁,巳,火,火,False,False,0.004175371410480592,2023-W20,2023-05
300750.SZ,2023-05-19,230.0,232.4,-0.010327,194721,4503095.903,癸卯,丁巳,丁丑,5,2023,5,1,-0.010380716054560854,0,丁,丑,火,土,丁,巳,火,火,False,False,-0.03217889836423509,2023-W20,2023-05
300750.SZ,2023-05-22,230.3,230.0,0.001304,146791,3373155.581,癸卯,丁巳,庚辰,1,2023,5,1,0.0013034979034441973,1,庚,辰,金,土,丁,巳,火,火,False,False,-0.010380716054560854,2023-W21,2023-05
300750.SZ,2023-05-23,225.42,230.3,-0.02119,196131,4466450.819,癸卯,丁巳,辛巳,2,2023,5,1,-0.021417478012707093,0,辛,巳,金,火,丁,巳,火,火,False,False,0.0013034979034441973,2023-W21,2023-05
300750.SZ,2023-05-24,225.25,225.42,-0.000754,147857,3347225.922,癸卯,丁巳,壬午,3,2023,5,1,-0.0007544323254852311,0,壬,午,水,火,丁,巳,火,火,False,False,-0.021417478012707093,2023-W21,2023-05
300750.SZ,2023-05-25,224.09,225.25,-0.00515,137532,3096261.721,癸卯,丁巳,癸未,4,2023,5,1,-0.005163139613388029,0,癸,未,水,土,丁,巳,火,火,False,False,-0.0007544323254852311,2023-W21,2023-05
300750.SZ,2023-05-26,220.0,224.09,-0.018252,182116,4001016.009,癸卯,丁巳,甲申,5,2023,5,1,-0.01842021052269778,0,甲,申,木,金,丁,巳,火,火,False,False,-0.005163139613388029,2023-W21,2023-05
300750.SZ,2023-05-29,217.06,220.0,-0.013364,165371,3599743.504,癸卯,丁巳,丁亥,1,2023,5,1,-0.013453733334492637,0,丁,亥,火,水,丁,巳,火,火,False,True,-0.01842021052269778,2023-W22,2023-05
300750.SZ,2023-05-30,224.99,217.06,0.036534,264670,5890767.209,癸卯,丁巳,戊子,2,2023,5,1,0.03588214375442324,1,戊,子,土,水,丁,巳,火,火,False,True,-0.013453733334492637,2023-W22,2023-05
300750.SZ,2023-05-31,221.17,224.99,-0.016979,188697,4194067.555,癸卯,丁巳,己丑,3,2023,5,1,-0.017124320191662244,0,己,丑,土,土,丁,巳,火,火,False,True,0.03588214375442324,2023-W22,2023-05
300750.SZ,2023-06-01,222.9,221.17,0.007822,159410,3583431.679,癸卯,丁巳,庚寅,4,2023,6,1,0.007791603811193306,1,庚,寅,金,木,丁,巳,火,火,True,False,-0.017124320191662244,2023-W22,2023-06
300750.SZ,2023-06-02,228.44,222.9,0.024854,231814,5283702.827,癸卯,丁巳,辛卯,5,2023,6,1,0.02455035340483899,1,辛,卯,金,木,丁,巳,火,火,True,False,0.007791603811193306,2023-W22,2023-06
300750.SZ,2023-06-05,219.8,228.44,-0.037822,335951,7357059.963,癸卯,丁巳,甲午,1,2023,6,1,-0.038555551827141175,0,甲,午,木,火,丁,巳,火,火,True,False,0.02455035340483899,2023-W23,2023-06
300750.SZ,2023-06-06,219.28,219.8,-0.002366,172425,3782524.816,癸卯,戊午,乙未,2,2023,6,1,-0.0023685899749906676,0,乙,未,木,土,戊,午,土,火,False,False,-0.038555551827141175,2023-W23,2023-06
300750.SZ,2023-06-07,207.3,219.28,-0.054633,500939,10438080.445,癸卯,戊午,丙申,3,2023,6,1,-0.05618243255279638,0,丙,申,火,金,戊,午,土,火,False,False,-0.0023685899749906676,2023-W23,2023-06
300750.SZ,2023-06-08,208.01,207.3,0.003425,238579,5007821.21,癸卯,戊午,丁酉,4,2023,6,1,0.003419136027002768,1,丁,酉,火,金,戊,午,土,火,False,False,-0.05618243255279638,2023-W23,2023-06
300750.SZ,2023-06-09,212.04,208.01,0.019374,242617,5126984.498,癸卯,戊午,戊戌,5,2023,6,1,0.01918878065086863,1,戊,戌,土,土,戊,午,土,火,False,False,0.003419136027002768,2023-W23,2023-06
300750.SZ,2023-06-12,211.95,212.04,-0.000424,181316,3835654.849,癸卯,戊午,辛丑,1,2023,6,1,-0.0004245383209591776,0,辛,丑,金,土,戊,午,土,火,False,False,0.01918878065086863,2023-W24,2023-06
300750.SZ,2023-06-13,213.1,211.95,0.005426,132436,2813381.281,癸卯,戊午,壬寅,2,2023,6,1,0.005411141305925364,1,壬,寅,水,木,戊,午,土,火,False,False,-0.0004245383209591776,2023-W24,2023-06
300750.SZ,2023-06-14,213.4,213.1,0.001408,163629,3508630.636,癸卯,戊午,癸卯,3,2023,6,1,0.0014067997630815956,1,癸,卯,水,木,戊,午,土,火,False,False,0.005411141305925364,2023-W24,2023-06
300750.SZ,2023-06-15,230.88,213.4,0.081912,504956,11301760.757,癸卯,戊午,甲辰,4,2023,6,1,0.07872975615790763,1,甲,辰,木,土,戊,午,土,火,False,False,0.0014067997630815956,2023-W24,2023-06
300750.SZ,2023-06-16,231.1,230.88,0.000953,296398,6849470.34,癸卯,戊午,乙巳,5,2023,6,1,0.000952422254774202,1,乙,巳,木,火,戊,午,土,火,False,False,0.07872975615790763,2023-W24,2023-06
300750.SZ,2023-06-19,227.88,231.1,-0.013933,187070,4271126.762,癸卯,戊午,戊申,1,2023,6,1,-0.014031342668140184,0,戊,申,土,金,戊,午,土,火,False,False,0.000952422254774202,2023-W25,2023-06
300750.SZ,2023-06-20,228.0,227.88,0.000527,179605,4094614.886,癸卯,戊午,己酉,2,2023,6,1,0.0005264543422460413,1,己,酉,土,金,戊,午,土,火,False,False,-0.014031342668140184,2023-W25,2023-06
300750.SZ,2023-06-21,224.91,228.0,-0.013553,171184,3897370.633,癸卯,戊午,庚戌,3,2023,6,1,-0.013645306771360378,0,庚,戌,金,土,戊,午,土,火,False,False,0.0005264543422460413,2023-W25,2023-06
300750.SZ,2023-06-26,225.17,224.91,0.001156,159106,3564403.987,癸卯,戊午,乙卯,1,2023,6,1,0.00115535028848822,1,乙,卯,木,木,戊,午,土,火,False,True,-0.013645306771360378,2023-W26,2023-06
300750.SZ,2023-06-27,223.47,225.17,-0.00755,134206,2996519.807,癸卯,戊午,丙辰,2,2023,6,1,-0.007578495615273995,0,丙,辰,火,土,戊,午,土,火,False,True,0.00115535028848822,2023-W26,2023-06
300750.SZ,2023-06-28,224.5,223.47,0.004609,135586,3044798.943,癸卯,戊午,丁巳,3,2023,6,1,0.004598530326014385,1,丁,巳,火,火,戊,午,土,火,False,True,-0.007578495615273995,2023-W26,2023-06
300750.SZ,2023-06-29,222.5,224.5,-0.008909,99302,2228285.745,癸卯,戊午,戊午,4,2023,6,1,-0.008948605576014033,0,戊,午,土,火,戊,午,土,火,False,True,0.004598530326014385,2023-W26,2023-06
300750.SZ,2023-06-30,228.79,222.5,0.02827,215515,4901528.28,癸卯,戊午,己未,5,2023,6,1,0.027877450650493796,1,己,未,土,土,戊,午,土,火,False,True,-0.008948605576014033,2023-W26,2023-06
300750.SZ,2023-07-03,229.88,228.79,0.004764,155543,3592766.61,癸卯,戊午,壬戌,1,2023,7,1,0.004752881382752082,1,壬,戌,水,土,戊,午,土,火,True,False,0.027877450650493796,2023-W27,2023-07
300750.SZ,2023-07-04,229.25,229.88,-0.002741,101556,2322971.862,癸卯,戊午,癸亥,2,2023,7,1,-0.002744322502966504,0,癸,亥,水,水,戊,午,土,火,True,False,0.004752881382752082,2023-W27,2023-07
300750.SZ,2023-07-05,227.51,229.25,-0.00759,86364,1968738.617,癸卯,戊午,甲子,3,2023,7,1,-0.007618917667651698,0,甲,子,木,水,戊,午,土,火,True,False,-0.002744322502966504,2023-W27,2023-07
300750.SZ,2023-07-06,224.85,227.51,-0.011692,102835,2323630.149,癸卯,戊午,乙丑,4,2023,7,1,-0.011760680252206116,0,乙,丑,木,土,戊,午,土,火,False,False,-0.007618917667651698,2023-W27,2023-07
300750.SZ,2023-07-07,222.25,224.85,-0.011563,98083,2186457.551,癸卯,己未,丙寅,5,2023,7,1,-0.011630638822702433,0,丙,寅,火,木,己,未,土,土,False,False,-0.011760680252206116,2023-W27,2023-07
300750.SZ,2023-07-10,228.8,222.25,0.029471,160938,3674535.625,癸卯,己未,己巳,1,2023,7,1,0.02904538511162892,1,己,巳,土,火,己,未,土,土,False,False,-0.011630638822702433,2023-W28,2023-07
300750.SZ,2023-07-11,229.09,228.8,0.001267,91587,2094183.189,癸卯,己未,庚午,2,2023,7,1,0.0012666799396138441,1,庚,午,金,火,己,未,土,土,False,False,0.02904538511162892,2023-W28,2023-07
300750.SZ,2023-07-12,226.99,229.09,-0.009167,86932,1976029.055,癸卯,己未,辛未,3,2023,7,1,-0.009208975797645954,0,辛,未,金,土,己,未,土,土,False,False,0.0012666799396138441,2023-W28,2023-07
300750.SZ,2023-07-13,230.0,226.99,0.01326,222576,5166809.846,癸卯,己未,壬申,4,2023,7,1,0.01317334527558469,1,壬,申,水,金,己,未,土,土,False,False,-0.009208975797645954,2023-W28,2023-07
300750.SZ,2023-07-14,228.28,230.0,-0.007478,130040,2971007.806,癸卯,己未,癸酉,5,2023,7,1,-0.007506363254688089,0,癸,酉,水,金,己,未,土,土,False,False,0.01317334527558469,2023-W28,2023-07
300750.SZ,2023-07-17,225.65,228.28,-0.011521,104525,2354412.854,癸卯,己未,丙子,1,2023,7,1,-0.011587819395497126,0,丙,子,火,水,己,未,土,土,False,False,-0.007506363254688089,2023-W29,2023-07
300750.SZ,2023-07-18,225.5,225.65,-0.000665,85757,1934097.474,癸卯,己未,丁丑,2,2023,7,1,-0.0006649673302771507,0,丁,丑,火,土,己,未,土,土,False,False,-0.011587819395497126,2023-W29,2023-07
300750.SZ,2023-07-19,219.5,225.5,-0.026608,176001,3880774.172,癸卯,己未,戊寅,3,2023,7,1,-0.026967926427507,0,戊,寅,土,木,己,未,土,土,False,False,-0.0006649673302771507,2023-W29,2023-07
300750.SZ,2023-07-20,221.05,219.5,0.007062,144416,3226693.428,癸卯,己未,己卯,4,2023,7,1,0.007036687757026308,1,己,卯,土,木,己,未,土,土,False,False,-0.026967926427507,2023-W29,2023-07
300750.SZ,2023-07-21,221.59,221.05,0.002443,83935,1858027.959,癸卯,己未,庚辰,5,2023,7,1,0.0024399072288613893,1,庚,辰,金,土,己,未,土,土,False,False,0.007036687757026308,2023-W29,2023-07
300750.SZ,2023-07-24,218.98,221.59,-0.011779,137193,2990356.787,癸卯,己未,癸未,1,2023,7,1,-0.011848426055834768,0,癸,未,水,土,己,未,土,土,False,False,0.0024399072288613893,2023-W30,2023-07
300750.SZ,2023-07-25,226.35,218.98,0.033656,192862,4336672.444,癸卯,己未,甲申,2,2023,7,1,0.03310207243668872,1,甲,申,木,金,己,未,土,土,False,False,-0.011848426055834768,2023-W30,2023-07
300750.SZ,2023-07-26,226.66,226.35,0.00137,154567,3484702.635,癸卯,己未,乙酉,3,2023,7,1,0.00136862342283485,1,乙,酉,木,金,己,未,土,土,False,False,0.03310207243668872,2023-W30,2023-07
300750.SZ,2023-07-27,226.98,226.66,0.001412,208592,4786800.628,癸卯,己未,丙戌,4,2023,7,1,0.0014108105681904317,1,丙,戌,火,土,己,未,土,土,False,True,0.00136862342283485,2023-W30,2023-07
300750.SZ,2023-07-28,230.05,226.98,0.013525,188030,4304001.295,癸卯,己未,丁亥,5,2023,7,1,0.013434768728484892,1,丁,亥,火,水,己,未,土,土,False,True,0.0014108105681904317,2023-W30,2023-07
300750.SZ,2023-07-31,237.75,230.05,0.033471,299027,7103701.375,癸卯,己未,庚寅,1,2023,7,1,0.03292302482402193,1,庚,寅,金,木,己,未,土,土,False,True,0.013434768728484892,2023-W31,2023-07
300750.SZ,2023-08-01,235.5,237.75,-0.009464,156151,3695389.757,癸卯,己未,辛卯,2,2023,8,1,-0.0095087879690273,0,辛,卯,金,木,己,未,土,土,True,False,0.03292302482402193,2023-W31,2023-08
300750.SZ,2023-08-02,236.5,235.5,0.004246,141471,3350493.845,癸卯,己未,壬辰,3,2023,8,1,0.0042372944755152174,1,壬,辰,水,土,己,未,土,土,True,False,-0.0095087879690273,2023-W31,2023-08
300750.SZ,2023-08-03,239.14,236.5,0.011163,161805,3859823.089,癸卯,己未,癸巳,4,2023,8,1,0.011100946559446193,1,癸,巳,水,火,己,未,土,土,True,False,0.0042372944755152174,2023-W31,2023-08
300750.SZ,2023-08-04,245.51,239.14,0.026637,315696,7737835.221,癸卯,己未,甲午,5,2023,8,1,0.026288525111123097,1,甲,午,木,火,己,未,土,土,True,False,0.011100946559446193,2023-W31,2023-08
300750.SZ,2023-08-07,246.49,245.51,0.003992,149277,3665507.786,癸卯,己未,丁酉,1,2023,8,1,0.0039837451059677445,1,丁,酉,火,金,己,未,土,土,False,False,0.026288525111123097,2023-W32,2023-08
300750.SZ,2023-08-08,247.14,246.49,0.002637,150666,3733050.029,癸卯,庚申,戊戌,2,2023,8,1,0.0026335529675194824,1,戊,戌,土,土,庚,申,金,金,False,False,0.0039837451059677445,2023-W32,2023-08
300750.SZ,2023-08-09,247.0,247.14,-0.000566,116846,2873152.335,癸卯,庚申,己亥,3,2023,8,1,-0.0005666410480671275,0,己,亥,土,水,庚,申,金,金,False,False,0.0026335529675194824,2023-W32,2023-08
300750.SZ,2023-08-10,246.5,247.0,-0.002024,140409,3469375.411,癸卯,庚申,庚子,4,2023,8,1,-0.0020263431452323616,0,庚,子,金,水,庚,申,金,金,False,False,-0.0005666410480671275,2023-W32,2023-08
300750.SZ,2023-08-11,241.5,246.5,-0.020284,172040,4212036.44,癸卯,庚申,辛丑,5,2023,8,1,-0.02049252039011745,0,辛,丑,金,土,庚,申,金,金,False,False,-0.0020263431452323616,2023-W32,2023-08
300750.SZ,2023-08-14,232.9,241.5,-0.035611,256932,6000203.547,癸卯,庚申,甲辰,1,2023,8,1,-0.03626029620233199,0,甲,辰,木,土,庚,申,金,金,False,False,-0.02049252039011745,2023-W33,2023-08
300750.SZ,2023-08-15,231.3,232.9,-0.00687,146100,3378905.588,癸卯,庚申,乙巳,2,2023,8,1,-0.006893607652901832,0,乙,巳,木,火,庚,申,金,金,False,False,-0.03626029620233199,2023-W33,2023-08
300750.SZ,2023-08-16,232.6,231.3,0.00562,140090,3263663.519,癸卯,庚申,丙午,3,2023,8,1,0.005604670847170533,1,丙,午,火,火,庚,申,金,金,False,False,-0.006893607652901832,2023-W33,2023-08
300750.SZ,2023-08-17,235.25,232.6,0.011393,204427,4767790.092,癸卯,庚申,丁未,4,2023,8,1,0.011328538380925,1,丁,未,火,土,庚,申,金,金,False,False,0.005604670847170533,2023-W33,2023-08
300750.SZ,2023-08-18,235.87,235.25,0.002635,167699,3977909.566,癸卯,庚申,戊申,5,2023,8,1,0.002632027330295016,1,戊,申,土,金,庚,申,金,金,False,False,0.011328538380925,2023-W33,2023-08
300750.SZ,2023-08-21,232.96,235.87,-0.012337,107804,2524111.214,癸卯,庚申,辛亥,1,2023,8,1,-0.012414040787462855,0,辛,亥,金,水,庚,申,金,金,False,False,0.002632027330295016,2023-W34,2023-08
300750.SZ,2023-08-22,230.75,232.96,-0.009487,151889,3507619.5,癸卯,庚申,壬子,2,2023,8,1,-0.009531891625359674,0,壬,子,水,水,庚,申,金,金,False,False,-0.012414040787462855,2023-W34,2023-08
300750.SZ,2023-08-23,227.5,230.75,-0.014085,118749,2721026.998,癸卯,庚申,癸丑,3,2023,8,1,-0.014184634991956413,0,癸,丑,水,土,庚,申,金,金,False,False,-0.009531891625359674,2023-W34,2023-08
300750.SZ,2023-08-24,228.95,227.5,0.006374,141577,3254958.7,癸卯,庚申,甲寅,4,2023,8,1,0.006353400712099245,1,甲,寅,木,木,庚,申,金,金,False,False,-0.014184634991956413,2023-W34,2023-08
300750.SZ,2023-08-25,228.34,228.95,-0.002664,111851,2549494.197,癸卯,庚申,乙卯,5,2023,8,1,-0.0026678928549232887,0,乙,卯,木,木,庚,申,金,金,False,False,0.006353400712099245,2023-W34,2023-08
300750.SZ,2023-08-28,230.5,228.34,0.00946,223115,5230083.38,癸卯,庚申,戊午,1,2023,8,1,0.009415116188522017,1,戊,午,土,火,庚,申,金,金,False,True,-0.0026678928549232887,2023-W35,2023-08
300750.SZ,2023-08-29,238.5,230.5,0.034707,291749,6966379.986,癸卯,庚申,己未,2,2023,8,1,0.034118447891692744,1,己,未,土,土,庚,申,金,金,False,True,0.009415116188522017,2023-W35,2023-08
300750.SZ,2023-08-30,237.5,238.5,-0.004193,145916,3492477.898,癸卯,庚申,庚申,3,2023,8,1,-0.00420168685369997,0,庚,申,金,金,庚,申,金,金,False,True,0.034118447891692744,2023-W35,2023-08
300750.SZ,2023-08-31,236.55,237.5,-0.004,96715,2294576.162,癸卯,庚申,辛酉,4,2023,8,1,-0.004008021397538822,0,辛,酉,金,金,庚,申,金,金,False,True,-0.00420168685369997,2023-W35,2023-08
300750.SZ,2023-09-01,236.4,236.55,-0.000634,91011,2157778.481,癸卯,庚申,壬戌,5,2023,9,1,-0.0006343165452139972,0,壬,戌,水,土,庚,申,金,金,True,False,-0.004008021397538822,2023-W35,2023-09
300750.SZ,2023-09-04,237.65,236.4,0.005288,140523,3327817.522,癸卯,庚申,乙丑,1,2023,9,1,0.00527371752807529,1,乙,丑,木,土,庚,申,金,金,True,False,-0.0006343165452139972,2023-W36,2023-09
300750.SZ,2023-09-05,236.82,237.65,-0.003493,115816,2752197.345,癸卯,庚申,丙寅,2,2023,9,1,-0.003498644157207745,0,丙,寅,火,木,庚,申,金,金,True,False,0.00527371752807529,2023-W36,2023-09
300750.SZ,2023-09-06,234.42,236.82,-0.010134,124747,2921536.582,癸卯,庚申,丁卯,3,2023,9,1,-0.0101859806077765,0,丁,卯,火,木,庚,申,金,金,False,False,-0.003498644157207745,2023-W36,2023-09
300750.SZ,2023-09-07,226.51,234.42,-0.033743,192660,4405103.044,癸卯,庚申,戊辰,4,2023,9,1,-0.0343252842361576,0,戊,辰,土,土,庚,申,金,金,False,False,-0.0101859806077765,2023-W36,2023-09
300750.SZ,2023-09-08,222.94,226.51,-0.015761,164994,3670618.815,癸卯,辛酉,己巳,5,2023,9,1,-0.015886417097399148,0,己,巳,土,火,辛,酉,金,金,False,False,-0.0343252842361576,2023-W36,2023-09
300750.SZ,2023-09-11,221.53,222.94,-0.006325,170608,3774798.959,癸卯,辛酉,壬申,1,2023,9,1,-0.00634465646689339,0,壬,申,水,金,辛,酉,金,金,False,False,-0.015886417097399148,2023-W37,2023-09
300750.SZ,2023-09-12,217.93,221.53,-0.016251,182312,3994776.422,癸卯,辛酉,癸酉,2,2023,9,1,-0.016384110186864267,0,癸,酉,水,金,辛,酉,金,金,False,False,-0.00634465646689339,2023-W37,2023-09
300750.SZ,2023-09-13,216.6,217.93,-0.006103,151356,3278699.755,癸卯,辛酉,甲戌,3,2023,9,1,-0.006121575740829613,0,甲,戌,木,土,辛,酉,金,金,False,False,-0.016384110186864267,2023-W37,2023-09
300750.SZ,2023-09-14,214.93,216.6,-0.00771,182941,3919045.406,癸卯,辛酉,乙亥,4,2023,9,1,-0.007739940847705772,0,乙,亥,木,水,辛,酉,金,金,False,False,-0.006121575740829613,2023-W37,2023-09
300750.SZ,2023-09-15,207.76,214.93,-0.03336,336799,7033151.411,癸卯,辛酉,丙子,5,2023,9,1,-0.0339288263646915,0,丙,子,火,水,辛,酉,金,金,False,False,-0.007739940847705772,2023-W37,2023-09
300750.SZ,2023-09-18,213.06,207.76,0.02551,265934,5645065.103,癸卯,辛酉,己卯,1,2023,9,1,0.025190248828558495,1,己,卯,土,木,辛,酉,金,金,False,False,-0.0339288263646915,2023-W38,2023-09
300750.SZ,2023-09-19,212.32,213.06,-0.003473,150243,3183848.137,癸卯,辛酉,庚辰,2,2023,9,1,-0.00347924559915418,0,庚,辰,金,土,辛,酉,金,金,False,False,0.025190248828558495,2023-W38,2023-09
300750.SZ,2023-09-20,209.9,212.32,-0.011398,130874,2750166.643,癸卯,辛酉,辛巳,3,2023,9,1,-0.011463343757310009,0,辛,巳,金,火,辛,酉,金,金,False,False,-0.00347924559915418,2023-W38,2023-09
300750.SZ,2023-09-21,206.73,209.9,-0.015102,162149,3368171.87,癸卯,辛酉,壬午,4,2023,9,1,-0.01521763278936115,0,壬,午,水,火,辛,酉,金,金,False,False,-0.011463343757310009,2023-W38,2023-09
300750.SZ,2023-09-22,210.93,206.73,0.020316,225090,4696859.644,癸卯,辛酉,癸未,5,2023,9,1,0.02011273084195351,1,癸,未,水,土,辛,酉,金,金,False,False,-0.01521763278936115,2023-W38,2023-09
300750.SZ,2023-09-25,209.28,210.93,-0.007823,136053,2864421.9,癸卯,辛酉,丙戌,1,2023,9,1,-0.007853256610345773,0,丙,戌,火,土,辛,酉,金,金,False,False,0.02011273084195351,2023-W39,2023-09
300750.SZ,2023-09-26,204.5,209.28,-0.02284,202537,4150919.715,癸卯,辛酉,丁亥,2,2023,9,1,-0.023105092785977475,0,丁,亥,火,水,辛,酉,金,金,False,True,-0.007853256610345773,2023-W39,2023-09
300750.SZ,2023-09-27,203.66,204.5,-0.004108,218489,4470658.973,癸卯,辛酉,戊子,3,2023,9,1,-0.004116038739337094,0,戊,子,土,水,辛,酉,金,金,False,True,-0.023105092785977475,2023-W39,2023-09
300750.SZ,2023-09-28,203.03,203.66,-0.003093,158095,3223265.861,癸卯,辛酉,己丑,4,2023,9,1,-0.0030981853693694728,0,己,丑,土,土,辛,酉,金,金,False,True,-0.004116038739337094,2023-W39,2023-09
300750.SZ,2023-10-09,195.5,203.03,-0.037088,337428,6617775.154,癸卯,壬戌,庚子,1,2023,10,1,-0.037793371948729455,0,庚,子,金,水,壬,戌,水,土,False,False,-0.0030981853693694728,2023-W41,2023-10
300750.SZ,2023-10-10,194.72,195.5,-0.00399,198654,3895932.692,癸卯,壬戌,辛丑,2,2023,10,1,-0.00399775018620343,0,辛,丑,金,土,壬,戌,水,土,False,False,-0.037793371948729455,2023-W41,2023-10
300750.SZ,2023-10-11,194.77,194.72,0.000257,202482,3964353.023,癸卯,壬戌,壬寅,3,2023,10,1,0.00025674600259142466,1,壬,寅,水,木,壬,戌,水,土,False,False,-0.00399775018620343,2023-W41,2023-10
300750.SZ,2023-10-12,195.94,194.77,0.006007,242059,4744179.131,癸卯,壬戌,癸卯,4,2023,10,1,0.005989114674687613,1,癸,卯,水,木,壬,戌,水,土,False,False,0.00025674600259142466,2023-W41,2023-10
300750.SZ,2023-10-13,190.6,195.94,-0.027253,284222,5429864.563,癸卯,壬戌,甲辰,5,2023,10,1,-0.027631498696394443,0,甲,辰,木,土,壬,戌,水,土,False,False,0.005989114674687613,2023-W41,2023-10
300750.SZ,2023-10-16,184.76,190.6,-0.03064,246836,4603170.883,癸卯,壬戌,丁未,1,2023,10,1,-0.031119305657697126,0,丁,未,火,土,壬,戌,水,土,False,False,-0.027631498696394443,2023-W42,2023-10
300750.SZ,2023-10-17,185.44,184.76,0.00368,215583,4027297.388,癸卯,壬戌,戊申,2,2023,10,1,0.0036736940290369034,1,戊,申,土,金,壬,戌,水,土,False,False,-0.031119305657697126,2023-W42,2023-10
300750.SZ,2023-10-18,186.3,185.44,0.004638,176519,3284047.971,癸卯,壬戌,己酉,3,2023,10,1,0.004626898016101195,1,己,酉,土,金,壬,戌,水,土,False,False,0.0036736940290369034,2023-W42,2023-10
300750.SZ,2023-10-19,182.7,186.3,-0.019324,174541,3209465.7,癸卯,壬戌,庚戌,4,2023,10,1,-0.01951281422358183,0,庚,戌,金,土,壬,戌,水,土,False,False,0.004626898016101195,2023-W42,2023-10
300750.SZ,2023-10-20,181.0,182.7,-0.009305,300268,5478351.217,癸卯,壬戌,辛亥,5,2023,10,1,-0.009348432118135235,0,辛,亥,金,水,壬,戌,水,土,False,False,-0.01951281422358183,2023-W42,2023-10
300750.SZ,2023-10-23,177.26,181.0,-0.020663,202233,3597554.198,癸卯,壬戌,甲寅,1,2023,10,1,-0.02087944995557388,0,甲,寅,木,木,壬,戌,水,土,False,False,-0.009348432118135235,2023-W43,2023-10
300750.SZ,2023-10-24,176.42,177.26,-0.004739,243794,4310104.361,癸卯,壬戌,乙卯,2,2023,10,1,-0.004750065479631077,0,乙,卯,木,木,壬,戌,水,土,False,False,-0.02087944995557388,2023-W43,2023-10
300750.SZ,2023-10-25,175.98,176.42,-0.002494,215341,3818928.277,癸卯,壬戌,丙辰,3,2023,10,1,-0.0024971636132062247,0,丙,辰,火,土,壬,戌,水,土,False,False,-0.004750065479631077,2023-W43,2023-10
300750.SZ,2023-10-26,178.07,175.98,0.011876,414205,7175542.947,癸卯,壬戌,丁巳,4,2023,10,1,0.011806379195808363,1,丁,巳,火,火,壬,戌,水,土,False,False,-0.0024971636132062247,2023-W43,2023-10
300750.SZ,2023-10-27,184.72,178.07,0.037345,477952,8729936.698,癸卯,壬戌,戊午,5,2023,10,1,0.03666443363301688,1,戊,午,土,火,壬,戌,水,土,False,True,0.011806379195808363,2023-W43,2023-10
300750.SZ,2023-10-30,188.02,184.72,0.017865,322594,6050993.029,癸卯,壬戌,辛酉,1,2023,10,1,0.017707175104165047,1,辛,酉,金,金,壬,戌,水,土,False,True,0.03666443363301688,2023-W44,2023-10
300750.SZ,2023-10-31,185.6,188.02,-0.012871,181525,3369355.372,癸卯,壬戌,壬戌,2,2023,10,1,-0.012954519798304694,0,壬,戌,水,土,壬,戌,水,土,False,True,0.017707175104165047,2023-W44,2023-10
300750.SZ,2023-11-01,187.54,185.6,0.010453,197272,3695120.176,癸卯,壬戌,癸亥,3,2023,11,1,0.010398335639378847,1,癸,亥,水,水,壬,戌,水,土,True,False,-0.012954519798304694,2023-W44,2023-11
300750.SZ,2023-11-02,185.57,187.54,-0.010504,137626,2577685.559,癸卯,壬戌,甲子,4,2023,11,1,-0.010559986635231638,0,甲,子,木,水,壬,戌,水,土,True,False,0.010398335639378847,2023-W44,2023-11
300750.SZ,2023-11-03,187.44,185.57,0.010077,143654,2683301.612,癸卯,壬戌,乙丑,5,2023,11,1,0.010026624843292704,1,乙,丑,木,土,壬,戌,水,土,True,False,-0.010559986635231638,2023-W44,2023-11
300750.SZ,2023-11-06,197.08,187.44,0.05143,349684,6798069.247,癸卯,壬戌,戊辰,1,2023,11,1,0.05015094347622227,1,戊,辰,土,土,壬,戌,水,土,False,False,0.010026624843292704,2023-W45,2023-11
300750.SZ,2023-11-07,191.24,197.08,-0.029633,260802,5008846.046,癸卯,壬戌,己巳,2,2023,11,1,-0.030080553917859708,0,己,巳,土,火,壬,戌,水,土,False,False,0.05015094347622227,2023-W45,2023-11
300750.SZ,2023-11-08,191.84,191.24,0.003137,146521,2809047.605,癸卯,癸亥,庚午,3,2023,11,1,0.0031325075213014435,1,庚,午,金,火,癸,亥,水,水,False,False,-0.030080553917859708,2023-W45,2023-11
300750.SZ,2023-11-09,191.45,191.84,-0.002033,109970,2104229.338,癸卯,癸亥,辛未,4,2023,11,1,-0.0020350133559006466,0,辛,未,金,土,癸,亥,水,水,False,False,0.0031325075213014435,2023-W45,2023-11
300750.SZ,2023-11-10,189.03,191.45,-0.01264,116099,2189830.819,癸卯,癸亥,壬申,5,2023,11,1,-0.012720945301229648,0,壬,申,水,金,癸,亥,水,水,False,False,-0.0020350133559006466,2023-W45,2023-11
300750.SZ,2023-11-13,187.85,189.03,-0.006242,125195,2362258.976,癸卯,癸亥,乙亥,1,2023,11,1,-0.006261960602095987,0,乙,亥,木,水,癸,亥,水,水,False,False,-0.012720945301229648,2023-W46,2023-11
300750.SZ,2023-11-14,183.68,187.85,-0.022199,234882,4346598.777,癸卯,癸亥,丙子,2,2023,11,1,-0.02244865888877625,0,丙,子,火,水,癸,亥,水,水,False,False,-0.006261960602095987,2023-W46,2023-11
300750.SZ,2023-11-15,184.48,183.68,0.004355,238071,4423251.195,癸卯,癸亥,丁丑,3,2023,11,1,0.0043459433895472075,1,丁,丑,火,土,癸,亥,水,水,False,False,-0.02244865888877625,2023-W46,2023-11
300750.SZ,2023-11-16,181.15,184.48,-0.018051,174662,3180032.495,癸卯,癸亥,戊寅,4,2023,11,1,-0.01821563917966254,0,戊,寅,土,木,癸,亥,水,水,False,False,0.0043459433895472075,2023-W46,2023-11
300750.SZ,2023-11-17,180.73,181.15,-0.002319,110840,2000359.414,癸卯,癸亥,己卯,5,2023,11,1,-0.0023212124935390625,0,己,卯,土,木,癸,亥,水,水,False,False,-0.01821563917966254,2023-W46,2023-11
300750.SZ,2023-11-20,180.3,180.73,-0.002379,124087,2235037.633,癸卯,癸亥,壬午,1,2023,11,1,-0.00238207463827556,0,壬,午,水,火,癸,亥,水,水,False,False,-0.0023212124935390625,2023-W47,2023-11
300750.SZ,2023-11-21,180.61,180.3,0.001719,197662,3601130.91,癸卯,癸亥,癸未,2,2023,11,1,0.0017178802263004746,1,癸,未,水,土,癸,亥,水,水,False,False,-0.00238207463827556,2023-W47,2023-11
300750.SZ,2023-11-22,177.0,180.61,-0.019988,186885,3332638.164,癸卯,癸亥,甲申,3,2023,11,1,-0.020190277861743027,0,甲,申,木,金,癸,亥,水,水,False,False,0.0017178802263004746,2023-W47,2023-11
300750.SZ,2023-11-23,177.7,177.0,0.003955,157202,2771265.525,癸卯,癸亥,乙酉,4,2023,11,1,0.003947002586776482,1,乙,酉,木,金,癸,亥,水,水,False,False,-0.020190277861743027,2023-W47,2023-11
300750.SZ,2023-11-24,175.0,177.7,-0.015194,166212,2918741.661,癸卯,癸亥,丙戌,5,2023,11,1,-0.015310761237091568,0,丙,戌,火,土,癸,亥,水,水,False,False,0.003947002586776482,2023-W47,2023-11
300750.SZ,2023-11-27,170.7,175.0,-0.024571,184220,3161041.988,癸卯,癸亥,己丑,1,2023,11,1,-0.024878344123119244,0,己,丑,土,土,癸,亥,水,水,False,True,-0.015310761237091568,2023-W48,2023-11
300750.SZ,2023-11-28,171.92,170.7,0.007147,202107,3443539.75,癸卯,癸亥,庚寅,2,2023,11,1,0.007121622533860017,1,庚,寅,金,木,癸,亥,水,水,False,True,-0.024878344123119244,2023-W48,2023-11
300750.SZ,2023-11-29,166.85,171.92,-0.02949,251885,4235346.582,癸卯,癸亥,辛卯,3,2023,11,1,-0.02993404713687201,0,辛,卯,金,木,癸,亥,水,水,False,True,0.007121622533860017,2023-W48,2023-11
300750.SZ,2023-11-30,167.0,166.85,0.000899,230271,3834512.349,癸卯,癸亥,壬辰,4,2023,11,1,0.0008986072193722236,1,壬,辰,水,土,癸,亥,水,水,False,True,-0.02993404713687201,2023-W48,2023-11
300750.SZ,2023-12-01,165.5,167.0,-0.008982,169622,2816101.715,癸卯,癸亥,癸巳,5,2023,12,1,-0.00902261759963753,0,癸,巳,水,火,癸,亥,水,水,True,False,0.0008986072193722236,2023-W48,2023-12
300750.SZ,2023-12-04,161.65,165.5,-0.023263,239304,3892529.225,癸卯,癸亥,丙申,1,2023,12,1,-0.02353769064567543,0,丙,申,火,金,癸,亥,水,水,True,False,-0.00902261759963753,2023-W49,2023-12
300750.SZ,2023-12-05,158.81,161.65,-0.017569,248077,3978910.664,癸卯,癸亥,丁酉,2,2023,12,1,-0.017724985048886838,0,丁,酉,火,金,癸,亥,水,水,True,False,-0.02353769064567543,2023-W49,2023-12
300750.SZ,2023-12-06,162.88,158.81,0.025628,367692,6024339.62,癸卯,癸亥,戊戌,3,2023,12,1,0.025305214239602556,1,戊,戌,土,土,癸,亥,水,水,False,False,-0.017724985048886838,2023-W49,2023-12
300750.SZ,2023-12-07,164.49,162.88,0.009885,269084,4410841.808,癸卯,甲子,己亥,4,2023,12,1,0.009836044721908984,1,己,亥,土,水,甲,子,木,水,False,False,0.025305214239602556,2023-W49,2023-12
300750.SZ,2023-12-08,163.59,164.49,-0.005471,245020,4030383.347,癸卯,甲子,庚子,5,2023,12,1,-0.005486480477986964,0,庚,子,金,水,甲,子,木,水,False,False,0.009836044721908984,2023-W49,2023-12
300750.SZ,2023-12-11,165.35,163.59,0.010759,214895,3497265.74,癸卯,甲子,癸卯,1,2023,12,1,0.010701141821721752,1,癸,卯,水,木,甲,子,木,水,False,False,-0.005486480477986964,2023-W50,2023-12
300750.SZ,2023-12-12,163.63,165.35,-0.010402,147338,2415527.909,癸卯,甲子,甲辰,2,2023,12,1,-0.010456657986997577,0,甲,辰,木,土,甲,子,木,水,False,False,0.010701141821721752,2023-W50,2023-12
300750.SZ,2023-12-13,159.35,163.63,-0.026157,252593,4045085.654,癸卯,甲子,乙巳,3,2023,12,1,-0.026504740577458722,0,乙,巳,木,火,甲,子,木,水,False,False,-0.010456657986997577,2023-W50,2023-12
300750.SZ,2023-12-14,156.63,159.35,-0.017069,227514,3596263.196,癸卯,甲子,丙午,4,2023,12,1,-0.01721670477277472,0,丙,午,火,火,甲,子,木,水,False,False,-0.026504740577458722,2023-W50,2023-12
300750.SZ,2023-12-15,155.0,156.63,-0.010407,202046,3158101.585,癸卯,甲子,丁未,5,2023,12,1,-0.010461219171324034,0,丁,未,火,土,甲,子,木,水,False,False,-0.01721670477277472,2023-W50,2023-12
300750.SZ,2023-12-18,146.97,155.0,-0.051806,429129,6398809.829,癸卯,甲子,庚戌,1,2023,12,1,-0.05319663260065347,0,庚,戌,金,土,甲,子,木,水,False,False,-0.010461219171324034,2023-W51,2023-12
300750.SZ,2023-12-19,149.0,146.97,0.013812,251851,3734066.913,癸卯,甲子,辛亥,2,2023,12,1,0.013717821626866087,1,辛,亥,金,水,甲,子,木,水,False,False,-0.05319663260065347,2023-W51,2023-12
300750.SZ,2023-12-20,148.45,149.0,-0.003691,212493,3174602.188,癸卯,甲子,壬子,3,2023,12,1,-0.0036981047356904324,0,壬,子,水,水,甲,子,木,水,False,False,0.013717821626866087,2023-W51,2023-12
300750.SZ,2023-12-21,154.39,148.45,0.040013,421315,6433383.993,癸卯,甲子,癸丑,4,2023,12,1,0.039233667444066325,1,癸,丑,水,土,甲,子,木,水,False,False,-0.0036981047356904324,2023-W51,2023-12
300750.SZ,2023-12-22,156.29,154.39,0.012306,280321,4359921.762,癸卯,甲子,甲寅,5,2023,12,1,0.012231387200266989,1,甲,寅,木,木,甲,子,木,水,False,False,0.039233667444066325,2023-W51,2023-12
300750.SZ,2023-12-25,157.54,156.29,0.007998,130056,2036117.775,癸卯,甲子,丁巳,1,2023,12,1,0.007966138421076041,1,丁,巳,火,火,甲,子,木,水,False,False,0.012231387200266989,2023-W52,2023-12
300750.SZ,2023-12-26,156.13,157.54,-0.00895,127672,1994477.782,癸卯,甲子,戊午,2,2023,12,1,-0.008990400721749349,0,戊,午,土,火,甲,子,木,水,False,False,0.007966138421076041,2023-W52,2023-12
300750.SZ,2023-12-27,154.33,156.13,-0.011529,173564,2686313.989,癸卯,甲子,己未,3,2023,12,1,-0.011595826640688632,0,己,未,土,土,甲,子,木,水,False,True,-0.008990400721749349,2023-W52,2023-12
300750.SZ,2023-12-28,162.99,154.33,0.056114,378501,6079407.755,癸卯,甲子,庚申,4,2023,12,1,0.054595682318801256,1,庚,申,金,金,甲,子,木,水,False,True,-0.011595826640688632,2023-W52,2023-12
300750.SZ,2023-12-29,163.26,162.99,0.001657,226837,3707101.874,癸卯,甲子,辛酉,5,2023,12,1,0.0016551727916684252,1,辛,酉,金,金,甲,子,木,水,False,True,0.054595682318801256,2023-W52,2023-12
300750.SZ,2024-01-02,156.83,163.26,-0.039385,214032,3390080.35,癸卯,甲子,乙丑,2,2024,1,1,-0.04018160587687646,0,乙,丑,木,土,甲,子,木,水,True,False,0.0016551727916684252,2024-W01,2024-01
300750.SZ,2024-01-03,155.8,156.83,-0.006568,197575,3070016.674,癸卯,甲子,丙寅,3,2024,1,1,-0.006589282709685363,0,丙,寅,火,木,甲,子,木,水,True,False,-0.04018160587687646,2024-W01,2024-01
300750.SZ,2024-01-04,151.2,155.8,-0.029525,272417,4114835.335,癸卯,甲子,丁卯,4,2024,1,1,-0.029969669691215377,0,丁,卯,火,木,甲,子,木,水,True,False,-0.006589282709685363,2024-W01,2024-01
300750.SZ,2024-01-05,150.9,151.2,-0.001984,210353,3195235.677,癸卯,甲子,戊辰,5,2024,1,1,-0.0019860979716292914,0,戊,辰,土,土,甲,子,木,水,True,False,-0.029969669691215377,2024-W01,2024-01
300750.SZ,2024-01-08,150.0,150.9,-0.005964,193854,2926528.362,癸卯,乙丑,辛未,1,2024,1,1,-0.00598207167754754,0,辛,未,金,土,乙,丑,木,土,False,False,-0.0019860979716292914,2024-W02,2024-01
300750.SZ,2024-01-09,148.7,150.0,-0.008667,233916,3473507.46,癸卯,乙丑,壬申,2,2024,1,1,-0.008704440630146406,0,壬,申,水,金,乙,丑,木,土,False,False,-0.00598207167754754,2024-W02,2024-01
300750.SZ,2024-01-10,150.66,148.7,0.013181,232119,3500326.62,癸卯,乙丑,癸酉,3,2024,1,1,0.01309478893143938,1,癸,酉,水,金,乙,丑,木,土,False,False,-0.008704440630146406,2024-W02,2024-01
300750.SZ,2024-01-11,154.82,150.66,0.027612,328018,5037065.544,癸卯,乙丑,甲戌,4,2024,1,1,0.027237509379018646,1,甲,戌,木,土,乙,丑,木,土,False,False,0.01309478893143938,2024-W02,2024-01
300750.SZ,2024-01-12,154.63,154.82,-0.001227,254622,3943737.151,癸卯,乙丑,乙亥,5,2024,1,1,-0.0012279852892282486,0,乙,亥,木,水,乙,丑,木,土,False,False,0.027237509379018646,2024-W02,2024-01
300750.SZ,2024-01-15,151.7,154.63,-0.018948,172721,2618158.008,癸卯,乙丑,戊寅,1,2024,1,1,-0.019130280132852624,0,戊,寅,土,木,乙,丑,木,土,False,False,-0.0012279852892282486,2024-W03,2024-01
300750.SZ,2024-01-16,156.95,151.7,0.034608,284692,4421625.829,癸卯,乙丑,己卯,2,2024,1,1,0.03402239693347592,1,己,卯,土,木,乙,丑,木,土,False,False,-0.019130280132852624,2024-W03,2024-01
300750.SZ,2024-01-17,152.24,156.95,-0.03001,217615,3343384.132,癸卯,乙丑,庚辰,3,2024,1,1,-0.030469060300068372,0,庚,辰,金,土,乙,丑,木,土,False,False,0.03402239693347592,2024-W03,2024-01
300750.SZ,2024-01-18,154.61,152.24,0.015568,307787,4688436.698,癸卯,乙丑,辛巳,4,2024,1,1,0.015447594126609286,1,辛,巳,金,火,乙,丑,木,土,False,False,-0.030469060300068372,2024-W03,2024-01
300750.SZ,2024-01-19,154.9,154.61,0.001876,265949,4136034.233,癸卯,乙丑,壬午,5,2024,1,1,0.001873930308319686,1,壬,午,水,火,乙,丑,木,土,False,False,0.015447594126609286,2024-W03,2024-01
300750.SZ,2024-01-22,155.66,154.9,0.004906,404888,6323471.153,癸卯,乙丑,乙酉,1,2024,1,1,0.004894394108419053,1,乙,酉,木,金,乙,丑,木,土,False,False,0.001873930308319686,2024-W04,2024-01
300750.SZ,2024-01-23,153.91,155.66,-0.011242,323058,5033058.276,癸卯,乙丑,丙戌,2,2024,1,1,-0.011306125539379428,0,丙,戌,火,土,乙,丑,木,土,False,False,0.004894394108419053,2024-W04,2024-01
300750.SZ,2024-01-24,153.48,153.91,-0.002794,248709,3776131.708,癸卯,乙丑,丁亥,3,2024,1,1,-0.002797750613111118,0,丁,亥,火,水,乙,丑,木,土,False,False,-0.011306125539379428,2024-W04,2024-01
300750.SZ,2024-01-25,155.0,153.48,0.009904,294796,4503492.568,癸卯,乙丑,戊子,4,2024,1,1,0.009854851540495046,1,戊,子,土,水,乙,丑,木,土,False,False,-0.002797750613111118,2024-W04,2024-01
300750.SZ,2024-01-26,150.0,155.0,-0.032258,271812,4118576.148,癸卯,乙丑,己丑,5,2024,1,1,-0.03278982282299084,0,己,丑,土,土,乙,丑,木,土,False,False,0.009854851540495046,2024-W04,2024-01
300750.SZ,2024-01-29,147.02,150.0,-0.019867,217675,3235910.043,癸卯,乙丑,壬辰,1,2024,1,1,-0.020066662150314097,0,壬,辰,水,土,乙,丑,木,土,False,True,-0.03278982282299084,2024-W05,2024-01
300750.SZ,2024-01-30,140.75,147.02,-0.042647,327274,4680164.654,癸卯,乙丑,癸巳,2,2024,1,1,-0.043583364926141926,0,癸,巳,水,火,乙,丑,木,土,False,True,-0.020066662150314097,2024-W05,2024-01
300750.SZ,2024-01-31,151.59,140.75,0.077016,595221,8943013.793,癸卯,乙丑,甲午,3,2024,1,1,0.0741942409521271,1,甲,午,木,火,乙,丑,木,土,False,True,-0.043583364926141926,2024-W05,2024-01
300750.SZ,2024-02-01,149.02,151.59,-0.016954,279688,4197978.843,癸卯,乙丑,乙未,4,2024,2,1,-0.0170989828463454,0,乙,未,木,土,乙,丑,木,土,True,False,0.0741942409521271,2024-W05,2024-02
300750.SZ,2024-02-02,146.0,149.02,-0.020266,307060,4494266.568,癸卯,乙丑,丙申,5,2024,2,1,-0.02047390341724508,0,丙,申,火,金,乙,丑,木,土,True,False,-0.0170989828463454,2024-W05,2024-02
300750.SZ,2024-02-05,151.94,146.0,0.040685,471326,7035622.773,甲辰,丙寅,己亥,1,2024,2,1,0.039879084366739155,1,己,亥,土,水,丙,寅,火,木,True,False,-0.02047390341724508,2024-W06,2024-02
300750.SZ,2024-02-06,158.33,151.94,0.042056,437459,6828296.924,甲辰,丙寅,庚子,2,2024,2,1,0.04119575643826733,1,庚,子,金,水,丙,寅,火,木,False,False,0.039879084366739155,2024-W06,2024-02
300750.SZ,2024-02-07,159.6,158.33,0.008021,366070,5800699.416,甲辰,丙寅,辛丑,3,2024,2,1,0.00798922250236536,1,辛,丑,金,土,丙,寅,火,木,False,False,0.04119575643826733,2024-W06,2024-02
300750.SZ,2024-02-08,162.84,159.6,0.020301,309011,5016344.779,甲辰,丙寅,壬寅,4,2024,2,1,0.020097438619069815,1,壬,寅,水,木,丙,寅,火,木,False,False,0.00798922250236536,2024-W06,2024-02
300750.SZ,2024-02-19,160.09,162.84,-0.016888,270924,4355156.563,甲辰,丙寅,癸丑,1,2024,2,1,-0.017031966544775033,0,癸,丑,水,土,丙,寅,火,木,False,False,0.020097438619069815,2024-W08,2024-02
300750.SZ,2024-02-20,158.33,160.09,-0.010994,221947,3506366.283,甲辰,丙寅,甲寅,2,2024,2,1,-0.011054694576660189,0,甲,寅,木,木,丙,寅,火,木,False,False,-0.017031966544775033,2024-W08,2024-02
300750.SZ,2024-02-21,161.2,158.33,0.018127,257826,4135575.624,甲辰,丙寅,乙卯,3,2024,2,1,0.017964367559184857,1,乙,卯,木,木,丙,寅,火,木,False,False,-0.011054694576660189,2024-W08,2024-02
300750.SZ,2024-02-22,160.35,161.2,-0.005273,209559,3349275.887,甲辰,丙寅,丙辰,4,2024,2,1,-0.005286903933363946,0,丙,辰,火,土,丙,寅,火,木,False,False,0.017964367559184857,2024-W08,2024-02
300750.SZ,2024-02-23,160.5,160.35,0.000935,210176,3368773.226,甲辰,丙寅,丁巳,5,2024,2,1,0.0009350164309066464,1,丁,巳,火,火,丙,寅,火,木,False,False,-0.005286903933363946,2024-W08,2024-02
300750.SZ,2024-02-26,156.0,160.5,-0.028037,360664,5638931.754,甲辰,丙寅,庚申,1,2024,2,1,-0.028437935320533514,0,庚,申,金,金,丙,寅,火,木,False,True,0.0009350164309066464,2024-W09,2024-02
300750.SZ,2024-02-27,157.83,156.0,0.011731,290400,4531078.101,甲辰,丙寅,辛酉,2,2024,2,1,0.011662497161288594,1,辛,酉,金,金,丙,寅,火,木,False,True,-0.028437935320533514,2024-W09,2024-02
300750.SZ,2024-02-28,157.01,157.83,-0.005195,400917,6423464.926,甲辰,丙寅,壬戌,3,2024,2,1,-0.005209006823395417,0,壬,戌,水,土,丙,寅,火,木,False,True,0.011662497161288594,2024-W09,2024-02
300750.SZ,2024-02-29,163.51,157.01,0.041399,391675,6315294.345,甲辰,丙寅,癸亥,4,2024,2,1,0.04056465295906478,1,癸,亥,水,水,丙,寅,火,木,False,True,-0.005209006823395417,2024-W09,2024-02
300750.SZ,2024-03-01,164.55,163.51,0.00636,281013,4610970.231,甲辰,丙寅,甲子,5,2024,3,1,0.006340324842854116,1,甲,子,木,水,丙,寅,火,木,True,False,0.04056465295906478,2024-W09,2024-03
300750.SZ,2024-03-04,163.9,164.55,-0.00395,268085,4424835.39,甲辰,丙寅,丁卯,1,2024,3,1,-0.003957989639564979,0,丁,卯,火,木,丙,寅,火,木,True,False,0.006340324842854116,2024-W10,2024-03
300750.SZ,2024-03-05,164.65,163.9,0.004576,275495,4478109.344,甲辰,丁卯,戊辰,2,2024,3,1,0.004565523072589317,1,戊,辰,土,土,丁,卯,火,木,True,False,-0.003957989639564979,2024-W10,2024-03
300750.SZ,2024-03-06,163.64,164.65,-0.006134,187180,3067856.205,甲辰,丁卯,己巳,3,2024,3,1,-0.006153115761175623,0,己,巳,土,火,丁,卯,火,木,False,False,0.004565523072589317,2024-W10,2024-03
300750.SZ,2024-03-07,160.15,163.64,-0.021327,221450,3568786.297,甲辰,丁卯,庚午,4,2024,3,1,-0.02155801700603049,0,庚,午,金,火,丁,卯,火,木,False,False,-0.006153115761175623,2024-W10,2024-03
300750.SZ,2024-03-08,158.0,160.15,-0.013425,202170,3194520.067,甲辰,丁卯,辛未,5,2024,3,1,-0.013515843028200364,0,辛,未,金,土,丁,卯,火,木,False,False,-0.02155801700603049,2024-W10,2024-03
300750.SZ,2024-03-11,180.85,158.0,0.14462,763350,13248182.793,甲辰,丁卯,甲戌,1,2024,3,1,0.13507292537114005,1,甲,戌,木,土,丁,卯,火,木,False,False,-0.013515843028200364,2024-W11,2024-03
300750.SZ,2024-03-12,185.84,180.85,0.027592,621649,11428112.945,甲辰,丁卯,乙亥,2,2024,3,1,0.02721813006404678,1,乙,亥,木,水,丁,卯,火,木,False,False,0.13507292537114005,2024-W11,2024-03
300750.SZ,2024-03-13,185.18,185.84,-0.003551,347957,6444102.062,甲辰,丁卯,丙子,3,2024,3,1,-0.0035577634422526263,0,丙,子,火,水,丁,卯,火,木,False,False,0.02721813006404678,2024-W11,2024-03
300750.SZ,2024-03-14,183.81,185.18,-0.007398,305356,5642924.971,甲辰,丁卯,丁丑,4,2024,3,1,-0.007425709614228169,0,丁,丑,火,土,丁,卯,火,木,False,False,-0.0035577634422526263,2024-W11,2024-03
300750.SZ,2024-03-15,181.0,183.81,-0.015288,354836,6371462.215,甲辰,丁卯,戊寅,5,2024,3,1,-0.015405584139847175,0,戊,寅,土,木,丁,卯,火,木,False,False,-0.007425709614228169,2024-W11,2024-03
300750.SZ,2024-03-18,190.96,181.0,0.055028,483051,9229188.79,甲辰,丁卯,辛巳,1,2024,3,1,0.05356695076474898,1,辛,巳,金,火,丁,卯,火,木,False,False,-0.015405584139847175,2024-W12,2024-03
300750.SZ,2024-03-19,187.25,190.96,-0.019428,269575,5099068.939,甲辰,丁卯,壬午,2,2024,3,1,-0.019619359633245893,0,壬,午,水,火,丁,卯,火,木,False,False,0.05356695076474898,2024-W12,2024-03
300750.SZ,2024-03-20,189.48,187.25,0.011909,210315,3987105.282,甲辰,丁卯,癸未,3,2024,3,1,0.011838855658222095,1,癸,未,水,土,丁,卯,火,木,False,False,-0.019619359633245893,2024-W12,2024-03
300750.SZ,2024-03-21,189.08,189.48,-0.002111,187567,3571619.014,甲辰,丁卯,甲申,4,2024,3,1,-0.002113272130515291,0,甲,申,木,金,丁,卯,火,木,False,False,0.011838855658222095,2024-W12,2024-03
300750.SZ,2024-03-22,186.51,189.08,-0.013592,191033,3563063.417,甲辰,丁卯,乙酉,5,2024,3,1,-0.013685348975679827,0,乙,酉,木,金,丁,卯,火,木,False,False,-0.002113272130515291,2024-W12,2024-03
300750.SZ,2024-03-25,184.8,186.51,-0.009168,164133,3046334.226,甲辰,丁卯,戊子,1,2024,3,1,-0.009210697741771941,0,戊,子,土,水,丁,卯,火,木,False,False,-0.013685348975679827,2024-W13,2024-03
300750.SZ,2024-03-26,191.8,184.8,0.037879,302473,5746016.496,甲辰,丁卯,己丑,2,2024,3,1,0.03717900324175403,1,己,丑,土,土,丁,卯,火,木,False,False,-0.009210697741771941,2024-W13,2024-03
300750.SZ,2024-03-27,188.0,191.8,-0.019812,206457,3910050.276,甲辰,丁卯,庚寅,3,2024,3,1,-0.020011199619388728,0,庚,寅,金,木,丁,卯,火,木,False,True,0.03717900324175403,2024-W13,2024-03
300750.SZ,2024-03-28,188.78,188.0,0.004149,200367,3792149.245,甲辰,丁卯,辛卯,4,2024,3,1,0.004140353066849104,1,辛,卯,金,木,丁,卯,火,木,False,True,-0.020011199619388728,2024-W13,2024-03
300750.SZ,2024-03-29,190.16,188.78,0.00731,164648,3154024.729,甲辰,丁卯,壬辰,5,2024,3,1,0.0072835071551400465,1,壬,辰,水,土,丁,卯,火,木,False,True,0.004140353066849104,2024-W13,2024-03
300750.SZ,2024-04-01,197.84,190.16,0.040387,275131,5438688.735,甲辰,丁卯,乙未,1,2024,4,1,0.039592800161222366,1,乙,未,木,土,丁,卯,火,木,True,False,0.0072835071551400465,2024-W14,2024-04
300750.SZ,2024-04-02,199.7,197.84,0.009402,240381,4793028.387,甲辰,丁卯,丙申,2,2024,4,1,0.009357617208608764,1,丙,申,火,金,丁,卯,火,木,True,False,0.039592800161222366,2024-W14,2024-04
300750.SZ,2024-04-03,197.65,199.7,-0.010265,234890,4635543.376,甲辰,丁卯,丁酉,3,2024,4,1,-0.010318450679074958,0,丁,酉,火,金,丁,卯,火,木,True,False,0.009357617208608764,2024-W14,2024-04
300750.SZ,2024-04-08,194.6,197.65,-0.015431,189575,3729974.587,甲辰,戊辰,壬寅,1,2024,4,1,-0.015551619990789908,0,壬,寅,水,木,戊,辰,土,土,False,False,-0.010318450679074958,2024-W15,2024-04
300750.SZ,2024-04-09,196.0,194.6,0.007194,145700,2845224.467,甲辰,戊辰,癸卯,2,2024,4,1,0.007168489478612497,1,癸,卯,水,木,戊,辰,土,土,False,False,-0.015551619990789908,2024-W15,2024-04
300750.SZ,2024-04-10,192.74,196.0,-0.016633,179614,3459617.611,甲辰,戊辰,甲辰,3,2024,4,1,-0.016772528807375786,0,甲,辰,木,土,戊,辰,土,土,False,False,0.007168489478612497,2024-W15,2024-04
300750.SZ,2024-04-11,192.6,192.74,-0.000726,192954,3681659.228,甲辰,戊辰,乙巳,4,2024,4,1,-0.0007266310591162693,0,乙,巳,木,火,戊,辰,土,土,False,False,-0.016772528807375786,2024-W15,2024-04
300750.SZ,2024-04-12,188.39,192.6,-0.021859,166256,3153751.599,甲辰,戊辰,丙午,5,2024,4,1,-0.022101217186742274,0,丙,午,火,火,戊,辰,土,土,False,False,-0.0007266310591162693,2024-W15,2024-04
300750.SZ,2024-04-15,197.14,188.39,0.046446,305482,5978911.501,甲辰,戊辰,己酉,1,2024,4,1,0.045399854060009986,1,己,酉,土,金,戊,辰,土,土,False,False,-0.022101217186742274,2024-W16,2024-04
300750.SZ,2024-04-16,197.15,197.14,5.1e-05,276231,5450235.801,甲辰,戊辰,庚戌,2,2024,4,1,5.072408634346408e-05,1,庚,戌,金,土,戊,辰,土,土,False,False,0.045399854060009986,2024-W16,2024-04
300750.SZ,2024-04-17,195.99,197.15,-0.005884,216191,4211033.978,甲辰,戊辰,辛亥,3,2024,4,1,-0.005901222802867546,0,辛,亥,金,水,戊,辰,土,土,False,False,5.072408634346408e-05,2024-W16,2024-04
300750.SZ,2024-04-18,195.56,195.99,-0.002194,195395,3808772.287,甲辰,戊辰,壬子,4,2024,4,1,-0.0021963998103238453,0,壬,子,水,水,戊,辰,土,土,False,False,-0.005901222802867546,2024-W16,2024-04
300750.SZ,2024-04-19,190.8,195.56,-0.02434,184914,3533488.436,甲辰,戊辰,癸丑,5,2024,4,1,-0.024641478696258656,0,癸,丑,水,土,戊,辰,土,土,False,False,-0.0021963998103238453,2024-W16,2024-04
300750.SZ,2024-04-22,190.6,190.8,-0.001048,150987,2903026.006,甲辰,戊辰,丙辰,1,2024,4,1,-0.001048767794084488,0,丙,辰,火,土,戊,辰,土,土,False,False,-0.024641478696258656,2024-W17,2024-04
300750.SZ,2024-04-23,189.93,190.6,-0.003515,111137,2113386.95,甲辰,戊辰,丁巳,2,2024,4,1,-0.0035214079959567744,0,丁,巳,火,火,戊,辰,土,土,False,False,-0.001048767794084488,2024-W17,2024-04
300750.SZ,2024-04-24,189.6,189.93,-0.001737,151542,2865374.635,甲辰,戊辰,戊午,3,2024,4,1,-0.0017389934032235102,0,戊,午,土,火,戊,辰,土,土,False,False,-0.0035214079959567744,2024-W17,2024-04
300750.SZ,2024-04-25,193.2,189.6,0.018987,164183,3150746.112,甲辰,戊辰,己未,4,2024,4,1,0.018809331957496074,1,己,未,土,土,戊,辰,土,土,False,False,-0.0017389934032235102,2024-W17,2024-04
300750.SZ,2024-04-26,198.48,193.2,0.027329,224880,4413524.313,甲辰,戊辰,庚申,5,2024,4,1,0.026962417605128037,1,庚,申,金,金,戊,辰,土,土,False,True,0.018809331957496074,2024-W17,2024-04
300750.SZ,2024-04-29,209.63,198.48,0.056177,438630,9119637.969,甲辰,戊辰,癸亥,1,2024,4,1,0.05465573259224563,1,癸,亥,水,水,戊,辰,土,土,False,True,0.026962417605128037,2024-W18,2024-04
300750.SZ,2024-04-30,202.6,204.62,-0.009872,214330,4377316.692,甲辰,戊辰,甲子,2,2024,4,1,-0.009921008636211004,0,甲,子,木,水,戊,辰,土,土,False,True,0.05465573259224563,2024-W18,2024-04
300750.SZ,2024-05-06,206.98,202.6,0.021619,270998,5634660.01,甲辰,己巳,庚午,1,2024,5,1,0.021388578425444057,1,庚,午,金,火,己,巳,土,火,False,False,-0.009921008636211004,2024-W19,2024-05
300750.SZ,2024-05-07,206.88,206.98,-0.000483,131799,2722386.148,甲辰,己巳,辛未,2,2024,5,1,-0.0004832552164795614,0,辛,未,金,土,己,巳,土,火,False,False,0.021388578425444057,2024-W19,2024-05
300750.SZ,2024-05-08,203.23,206.88,-0.017643,124329,2544539.626,甲辰,己巳,壬申,3,2024,5,1,-0.01780057242133173,0,壬,申,水,金,己,巳,土,火,False,False,-0.0004832552164795614,2024-W19,2024-05
300750.SZ,2024-05-09,209.4,203.23,0.03036,219216,4575999.96,甲辰,己巳,癸酉,4,2024,5,1,0.02990795583422093,1,癸,酉,水,金,己,巳,土,火,False,False,-0.01780057242133173,2024-W19,2024-05
300750.SZ,2024-05-10,203.5,209.4,-0.028176,228011,4675581.9,甲辰,己巳,甲戌,5,2024,5,1,-0.02858029355378678,0,甲,戌,木,土,己,巳,土,火,False,False,0.02990795583422093,2024-W19,2024-05
300750.SZ,2024-05-13,199.35,203.5,-0.020393,221967,4425713.328,甲辰,己巳,丁丑,1,2024,5,1,-0.020603931055285726,0,丁,丑,火,土,己,巳,土,火,False,False,-0.02858029355378678,2024-W20,2024-05
300750.SZ,2024-05-14,199.01,199.35,-0.001706,106947,2131826.964,甲辰,己巳,戊寅,2,2024,5,1,-0.001706999109142297,0,戊,寅,土,木,己,巳,土,火,False,False,-0.020603931055285726,2024-W20,2024-05
300750.SZ,2024-05-15,197.89,199.01,-0.005628,130741,2607766.832,甲辰,己巳,己卯,3,2024,5,1,-0.00564375395740948,0,己,卯,土,木,己,巳,土,火,False,False,-0.001706999109142297,2024-W20,2024-05
300750.SZ,2024-05-16,199.67,197.89,0.008995,153782,3065019.509,甲辰,己巳,庚辰,4,2024,5,1,0.008954683037993995,1,庚,辰,金,土,己,巳,土,火,False,False,-0.00564375395740948,2024-W20,2024-05
300750.SZ,2024-05-17,203.0,199.67,0.016678,184962,3727316.446,甲辰,己巳,辛巳,5,2024,5,1,0.016539975242981245,1,辛,巳,金,火,己,巳,土,火,False,False,0.008954683037993995,2024-W20,2024-05
300750.SZ,2024-05-20,203.45,203.0,0.002217,199171,4083626.153,甲辰,己巳,甲申,1,2024,5,1,0.002214295405911497,1,甲,申,木,金,己,巳,土,火,False,False,0.016539975242981245,2024-W21,2024-05
300750.SZ,2024-05-21,201.56,203.45,-0.00929,122963,2480343.31,甲辰,己巳,乙酉,2,2024,5,1,-0.009333170635301554,0,乙,酉,木,金,己,巳,土,火,False,False,0.002214295405911497,2024-W21,2024-05
300750.SZ,2024-05-22,204.89,201.56,0.016521,252365,5153120.079,甲辰,己巳,丙戌,3,2024,5,1,0.016386145946710458,1,丙,戌,火,土,己,巳,土,火,False,False,-0.009333170635301554,2024-W21,2024-05
300750.SZ,2024-05-23,204.34,204.89,-0.002684,176548,3602986.569,甲辰,己巳,丁亥,4,2024,5,1,-0.0026879765958301278,0,丁,亥,火,水,己,巳,土,火,False,False,0.016386145946710458,2024-W21,2024-05
300750.SZ,2024-05-24,200.98,204.34,-0.016443,155106,3136303.497,甲辰,己巳,戊子,5,2024,5,1,-0.016579872542465,0,戊,子,土,水,己,巳,土,火,False,False,-0.0026879765958301278,2024-W21,2024-05
300750.SZ,2024-05-27,200.01,200.98,-0.004826,163617,3261446.783,甲辰,己巳,辛卯,1,2024,5,1,-0.0048380353227342665,0,辛,卯,金,木,己,巳,土,火,False,True,-0.016579872542465,2024-W22,2024-05
300750.SZ,2024-05-28,197.8,200.01,-0.011049,126899,2517505.166,甲辰,己巳,壬辰,2,2024,5,1,-0.011110946109466472,0,壬,辰,水,土,己,巳,土,火,False,True,-0.0048380353227342665,2024-W22,2024-05
300750.SZ,2024-05-29,198.79,197.8,0.005005,133387,2663801.635,甲辰,己巳,癸巳,3,2024,5,1,0.004992571957818122,1,癸,巳,水,火,己,巳,土,火,False,True,-0.011110946109466472,2024-W22,2024-05
300750.SZ,2024-05-30,199.35,198.79,0.002817,127840,2548445.865,甲辰,己巳,甲午,4,2024,5,1,0.0028130826809341473,1,甲,午,木,火,己,巳,土,火,False,True,0.004992571957818122,2024-W22,2024-05
300750.SZ,2024-05-31,197.76,199.35,-0.007976,138086,2760668.471,甲辰,己巳,乙未,5,2024,5,1,-0.008007899558038047,0,乙,未,木,土,己,巳,土,火,False,True,0.0028130826809341473,2024-W22,2024-05
300750.SZ,2024-06-03,202.5,197.76,0.023968,187180,3757638.84,甲辰,己巳,戊戌,1,2024,6,1,0.02368571227726799,1,戊,戌,土,土,己,巳,土,火,True,False,-0.008007899558038047,2024-W23,2024-06
300750.SZ,2024-06-04,205.97,202.5,0.017136,177149,3639805.938,甲辰,己巳,己亥,2,2024,6,1,0.016990640569792367,1,己,亥,土,水,己,巳,土,火,True,False,0.02368571227726799,2024-W23,2024-06
300750.SZ,2024-06-05,204.12,205.97,-0.008982,117773,2420867.502,甲辰,庚午,庚子,3,2024,6,1,-0.0090224709206156,0,庚,子,金,水,庚,午,金,火,True,False,0.016990640569792367,2024-W23,2024-06
300750.SZ,2024-06-06,204.79,204.12,0.003282,124125,2544442.658,甲辰,庚午,辛丑,4,2024,6,1,0.003277007652450321,1,辛,丑,金,土,庚,午,金,火,False,False,-0.0090224709206156,2024-W23,2024-06
300750.SZ,2024-06-07,193.2,204.79,-0.056595,516867,10008885.041,甲辰,庚午,壬寅,5,2024,6,1,-0.05825914206980341,0,壬,寅,水,木,庚,午,金,火,False,False,0.003277007652450321,2024-W23,2024-06
300750.SZ,2024-06-11,188.77,193.2,-0.02293,420723,7876263.876,甲辰,庚午,丙午,2,2024,6,1,-0.023196578997775084,0,丙,午,火,火,庚,午,金,火,False,False,-0.05825914206980341,2024-W24,2024-06
300750.SZ,2024-06-12,185.6,188.77,-0.016793,203103,3788449.182,甲辰,庚午,丁未,3,2024,6,1,-0.01693552242854233,0,丁,未,火,土,庚,午,金,火,False,False,-0.023196578997775084,2024-W24,2024-06
300750.SZ,2024-06-13,185.18,185.6,-0.002263,221176,4134985.666,甲辰,庚午,戊申,4,2024,6,1,-0.002265495332199124,0,戊,申,土,金,庚,午,金,火,False,False,-0.01693552242854233,2024-W24,2024-06
300750.SZ,2024-06-14,184.89,185.18,-0.001566,371849,6764196.086,甲辰,庚午,己酉,5,2024,6,1,-0.00156727137763966,0,己,酉,土,金,庚,午,金,火,False,False,-0.002265495332199124,2024-W24,2024-06
300750.SZ,2024-06-17,188.2,184.89,0.017903,269293,5044213.365,甲辰,庚午,壬子,1,2024,6,1,0.01774417350901777,1,壬,子,水,水,庚,午,金,火,False,False,-0.00156727137763966,2024-W25,2024-06
300750.SZ,2024-06-18,190.33,188.2,0.011318,156529,2959271.843,甲辰,庚午,癸丑,2,2024,6,1,0.0112541805484135,1,癸,丑,水,土,庚,午,金,火,False,False,0.01774417350901777,2024-W25,2024-06
300750.SZ,2024-06-19,189.01,190.33,-0.006935,107539,2030697.6,甲辰,庚午,甲寅,3,2024,6,1,-0.006959483986827832,0,甲,寅,木,木,庚,午,金,火,False,False,0.0112541805484135,2024-W25,2024-06
300750.SZ,2024-06-20,187.99,189.01,-0.005397,115623,2172637.229,甲辰,庚午,乙卯,4,2024,6,1,-0.005411153786994814,0,乙,卯,木,木,庚,午,金,火,False,False,-0.006959483986827832,2024-W25,2024-06
300750.SZ,2024-06-21,185.16,187.99,-0.015054,184677,3416688.22,甲辰,庚午,丙辰,5,2024,6,1,-0.0151684537628003,0,丙,辰,火,土,庚,午,金,火,False,False,-0.005411153786994814,2024-W25,2024-06
300750.SZ,2024-06-24,186.98,185.16,0.009829,180354,3363422.626,甲辰,庚午,己未,1,2024,6,1,0.009781343100099886,1,己,未,土,土,庚,午,金,火,False,False,-0.0151684537628003,2024-W26,2024-06
300750.SZ,2024-06-25,186.32,186.98,-0.00353,144144,2696969.882,甲辰,庚午,庚申,2,2024,6,1,-0.003536033687084088,0,庚,申,金,金,庚,午,金,火,False,False,0.009781343100099886,2024-W26,2024-06
300750.SZ,2024-06-26,185.51,186.32,-0.004347,104813,1940490.559,甲辰,庚午,辛酉,3,2024,6,1,-0.0043568366258038204,0,辛,酉,金,金,庚,午,金,火,False,True,-0.003536033687084088,2024-W26,2024-06
300750.SZ,2024-06-27,185.0,185.51,-0.002749,126535,2330478.211,甲辰,庚午,壬戌,4,2024,6,1,-0.0027529638719569318,0,壬,戌,水,土,庚,午,金,火,False,True,-0.0043568366258038204,2024-W26,2024-06
300750.SZ,2024-06-28,180.03,185.0,-0.026865,194205,3539244.333,甲辰,庚午,癸亥,5,2024,6,1,-0.027232321408793617,0,癸,亥,水,水,庚,午,金,火,False,True,-0.0027529638719569318,2024-W26,2024-06
300750.SZ,2024-07-01,176.07,180.03,-0.021996,269957,4709620.521,甲辰,庚午,丙寅,1,2024,7,1,-0.022241860431178376,0,丙,寅,火,木,庚,午,金,火,True,False,-0.027232321408793617,2024-W27,2024-07
300750.SZ,2024-07-02,176.08,176.07,5.7e-05,144155,2529552.189,甲辰,庚午,丁卯,2,2024,7,1,5.679397985342268e-05,1,丁,卯,火,木,庚,午,金,火,True,False,-0.022241860431178376,2024-W27,2024-07
300750.SZ,2024-07-03,179.5,176.08,0.019423,162053,2906473.774,甲辰,庚午,戊辰,3,2024,7,1,0.01923677071012716,1,戊,辰,土,土,庚,午,金,火,True,False,5.679397985342268e-05,2024-W27,2024-07
300750.SZ,2024-07-04,179.6,179.5,0.000557,118346,2137596.47,甲辰,庚午,己巳,4,2024,7,1,0.0005569479397655673,1,己,巳,土,火,庚,午,金,火,True,False,0.01923677071012716,2024-W27,2024-07
300750.SZ,2024-07-05,177.62,179.6,-0.011024,135247,2414693.954,甲辰,庚午,庚午,5,2024,7,1,-0.01108571903774115,0,庚,午,金,火,庚,午,金,火,True,False,0.0005569479397655673,2024-W27,2024-07
300750.SZ,2024-07-08,175.91,177.62,-0.009627,108063,1907514.42,甲辰,辛未,癸酉,1,2024,7,1,-0.009673936219543974,0,癸,酉,水,金,辛,未,金,土,False,False,-0.01108571903774115,2024-W28,2024-07
300750.SZ,2024-07-09,175.77,175.91,-0.000796,164439,2876833.39,甲辰,辛未,甲戌,2,2024,7,1,-0.0007961783860071387,0,甲,戌,木,土,辛,未,金,土,False,False,-0.009673936219543974,2024-W28,2024-07
300750.SZ,2024-07-10,173.05,175.77,-0.015475,177729,3123226.777,甲辰,辛未,乙亥,3,2024,7,1,-0.015595752143453729,0,乙,亥,木,水,辛,未,金,土,False,False,-0.0007961783860071387,2024-W28,2024-07
300750.SZ,2024-07-11,177.01,173.05,0.022884,208111,3678618.34,甲辰,辛未,丙子,4,2024,7,1,0.02262565807171177,1,丙,子,火,水,辛,未,金,土,False,False,-0.015595752143453729,2024-W28,2024-07
300750.SZ,2024-07-12,179.8,177.01,0.015762,195504,3523525.354,甲辰,辛未,丁丑,5,2024,7,1,0.015638893884454948,1,丁,丑,火,土,辛,未,金,土,False,False,0.02262565807171177,2024-W28,2024-07
300750.SZ,2024-07-15,178.12,179.8,-0.009344,114696,2041627.402,甲辰,辛未,庚辰,1,2024,7,1,-0.009387641584018325,0,庚,辰,金,土,辛,未,金,土,False,False,0.015638893884454948,2024-W29,2024-07
300750.SZ,2024-07-16,179.3,178.12,0.006625,151487,2710034.963,甲辰,辛未,辛巳,2,2024,7,1,0.0066029001575855775,1,辛,巳,金,火,辛,未,金,土,False,False,-0.009387641584018325,2024-W29,2024-07
300750.SZ,2024-07-17,180.89,179.3,0.008868,185901,3346445.646,甲辰,辛未,壬午,3,2024,7,1,0.008828731102456373,1,壬,午,水,火,辛,未,金,土,False,False,0.0066029001575855775,2024-W29,2024-07
300750.SZ,2024-07-18,188.35,180.89,0.041241,319944,5957621.426,甲辰,辛未,癸未,4,2024,7,1,0.04041282242450641,1,癸,未,水,土,辛,未,金,土,False,False,0.008828731102456373,2024-W29,2024-07
300750.SZ,2024-07-19,189.44,188.35,0.005787,208476,3929663.335,甲辰,辛未,甲申,5,2024,7,1,0.005770417557590759,1,甲,申,木,金,辛,未,金,土,False,False,0.04041282242450641,2024-W29,2024-07
300750.SZ,2024-07-22,189.52,189.44,0.000422,171682,3259890.053,甲辰,辛未,丁亥,1,2024,7,1,0.0004222081548892327,1,丁,亥,火,水,辛,未,金,土,False,False,0.005770417557590759,2024-W30,2024-07
300750.SZ,2024-07-23,186.2,189.52,-0.017518,119031,2233862.306,甲辰,辛未,戊子,2,2024,7,1,-0.017673195007563456,0,戊,子,土,水,辛,未,金,土,False,False,0.0004222081548892327,2024-W30,2024-07
300750.SZ,2024-07-24,186.32,186.2,0.000644,144681,2708577.543,甲辰,辛未,己丑,3,2024,7,1,0.000644260733118903,1,己,丑,土,土,辛,未,金,土,False,False,-0.017673195007563456,2024-W30,2024-07
300750.SZ,2024-07-25,187.73,186.32,0.007568,205958,3863507.112,甲辰,辛未,庚寅,4,2024,7,1,0.007539134760185137,1,庚,寅,金,木,辛,未,金,土,False,False,0.000644260733118903,2024-W30,2024-07
300750.SZ,2024-07-26,189.35,187.73,0.008629,233477,4436931.315,甲辰,辛未,辛卯,5,2024,7,1,0.0085923940115331,1,辛,卯,金,木,辛,未,金,土,False,False,0.007539134760185137,2024-W30,2024-07
300750.SZ,2024-07-29,184.53,189.35,-0.025456,213623,3918833.598,甲辰,辛未,甲午,1,2024,7,1,-0.025785102459417238,0,甲,午,木,火,辛,未,金,土,False,True,0.0085923940115331,2024-W31,2024-07
300750.SZ,2024-07-30,184.89,184.53,0.001951,127251,2349179.518,甲辰,辛未,乙未,2,2024,7,1,0.0019490017538747774,1,乙,未,木,土,辛,未,金,土,False,True,-0.025785102459417238,2024-W31,2024-07
300750.SZ,2024-07-31,186.31,184.89,0.00768,198969,3690880.179,甲辰,辛未,丙申,3,2024,7,1,0.007650899390001165,1,丙,申,火,金,辛,未,金,土,False,True,0.0019490017538747774,2024-W31,2024-07
300750.SZ,2024-08-01,180.3,186.31,-0.032258,230126,4180640.118,甲辰,辛未,丁酉,4,2024,8,1,-0.03278982282299084,0,丁,酉,火,金,辛,未,金,土,True,False,0.007650899390001165,2024-W31,2024-08
300750.SZ,2024-08-02,177.09,180.3,-0.017804,154936,2753866.402,甲辰,辛未,戊戌,5,2024,8,1,-0.017964052288563903,0,戊,戌,土,土,辛,未,金,土,True,False,-0.03278982282299084,2024-W31,2024-08
300750.SZ,2024-08-05,177.0,177.09,-0.000508,193476,3451887.572,甲辰,辛未,辛丑,1,2024,8,1,-0.0005083453468785633,0,辛,丑,金,土,辛,未,金,土,True,False,-0.017964052288563903,2024-W32,2024-08
300750.SZ,2024-08-06,174.95,177.0,-0.011582,157687,2771240.102,甲辰,辛未,壬寅,2,2024,8,1,-0.01164951376013213,0,壬,寅,水,木,辛,未,金,土,False,False,-0.0005083453468785633,2024-W32,2024-08
300750.SZ,2024-08-07,173.67,174.95,-0.007316,127539,2230380.711,甲辰,壬申,癸卯,3,2024,8,1,-0.007343272054674093,0,癸,卯,水,木,壬,申,水,金,False,False,-0.01164951376013213,2024-W32,2024-08
300750.SZ,2024-08-08,172.4,173.67,-0.007313,146589,2520197.34,甲辰,壬申,甲辰,4,2024,8,1,-0.007339588529430085,0,甲,辰,木,土,壬,申,水,金,False,False,-0.007343272054674093,2024-W32,2024-08
300750.SZ,2024-08-09,170.0,172.4,-0.013921,154129,2646422.84,甲辰,壬申,乙巳,5,2024,8,1,-0.014018921179331041,0,乙,巳,木,火,壬,申,水,金,False,False,-0.007339588529430085,2024-W32,2024-08
300750.SZ,2024-08-12,169.0,170.0,-0.005882,174155,2934605.438,甲辰,壬申,戊申,1,2024,8,1,-0.005899722127188271,0,戊,申,土,金,壬,申,水,金,False,False,-0.014018921179331041,2024-W33,2024-08
300750.SZ,2024-08-13,173.78,169.0,0.028284,193892,3336604.796,甲辰,壬申,己酉,2,2024,8,1,0.02789141648798643,1,己,酉,土,金,壬,申,水,金,False,False,-0.005899722127188271,2024-W33,2024-08
300750.SZ,2024-08-14,172.21,173.78,-0.009034,99662,1720375.362,甲辰,壬申,庚戌,3,2024,8,1,-0.009075469094251786,0,庚,戌,金,土,壬,申,水,金,False,False,0.02789141648798643,2024-W33,2024-08
300750.SZ,2024-08-15,173.4,172.21,0.00691,144812,2511442.939,甲辰,壬申,辛亥,4,2024,8,1,0.006886402029633262,1,辛,亥,金,水,壬,申,水,金,False,False,-0.009075469094251786,2024-W33,2024-08
300750.SZ,2024-08-16,173.62,173.4,0.001269,111506,1941327.489,甲辰,壬申,壬子,5,2024,8,1,0.0012679386172204236,1,壬,子,水,水,壬,申,水,金,False,False,0.006886402029633262,2024-W33,2024-08
300750.SZ,2024-08-19,175.6,173.62,0.011404,140358,2473581.501,甲辰,壬申,乙卯,1,2024,8,1,0.011339678237354343,1,乙,卯,木,木,壬,申,水,金,False,False,0.0012679386172204236,2024-W34,2024-08
300750.SZ,2024-08-20,174.87,175.6,-0.004157,84369,1475662.466,甲辰,壬申,丙辰,2,2024,8,1,-0.004165840475448176,0,丙,辰,火,土,壬,申,水,金,False,False,0.011339678237354343,2024-W34,2024-08
300750.SZ,2024-08-21,174.01,174.87,-0.004918,111474,1940113.038,甲辰,壬申,丁巳,3,2024,8,1,-0.004930071898081208,0,丁,巳,火,火,壬,申,水,金,False,False,-0.004165840475448176,2024-W34,2024-08
300750.SZ,2024-08-22,178.8,174.01,0.027527,199011,3536569.764,甲辰,壬申,戊午,4,2024,8,1,0.027155093911926907,1,戊,午,土,火,壬,申,水,金,False,False,-0.004930071898081208,2024-W34,2024-08
300750.SZ,2024-08-23,181.8,178.8,0.016779,184151,3332172.741,甲辰,壬申,己未,5,2024,8,1,0.016639319003964724,1,己,未,土,土,壬,申,水,金,False,False,0.027155093911926907,2024-W34,2024-08
300750.SZ,2024-08-26,183.92,181.8,0.011661,148387,2717728.514,甲辰,壬申,壬戌,1,2024,8,1,0.011593698711547489,1,壬,戌,水,土,壬,申,水,金,False,False,0.016639319003964724,2024-W35,2024-08
300750.SZ,2024-08-27,183.5,183.92,-0.002284,99769,1827225.122,甲辰,壬申,癸亥,2,2024,8,1,-0.0022862129603010593,0,癸,亥,水,水,壬,申,水,金,False,True,0.011593698711547489,2024-W35,2024-08
300750.SZ,2024-08-28,182.82,183.5,-0.003706,106390,1940292.275,甲辰,壬申,甲子,3,2024,8,1,-0.0037126052689523403,0,甲,子,木,水,壬,申,水,金,False,True,-0.0022862129603010593,2024-W35,2024-08
300750.SZ,2024-08-29,180.8,182.82,-0.011049,156702,2839993.927,甲辰,壬申,乙丑,4,2024,8,1,-0.0111106142675964,0,乙,丑,木,土,壬,申,水,金,False,True,-0.0037126052689523403,2024-W35,2024-08
300750.SZ,2024-08-30,184.34,180.8,0.01958,254291,4689604.094,甲辰,壬申,丙寅,5,2024,8,1,0.019390430607442066,1,丙,寅,火,木,壬,申,水,金,False,True,-0.0111106142675964,2024-W35,2024-08
300750.SZ,2024-09-02,181.19,184.34,-0.017088,129851,2371406.002,甲辰,壬申,己巳,1,2024,9,1,-0.017235674117502108,0,己,巳,土,火,壬,申,水,金,True,False,0.019390430607442066,2024-W36,2024-09
300750.SZ,2024-09-03,185.65,181.19,0.024615,181968,3362146.073,甲辰,壬申,庚午,2,2024,9,1,0.024316976175073092,1,庚,午,金,火,壬,申,水,金,True,False,-0.017235674117502108,2024-W36,2024-09
300750.SZ,2024-09-04,187.15,185.65,0.00808,165645,3101382.415,甲辰,壬申,辛未,3,2024,9,1,0.008047253727348873,1,辛,未,金,土,壬,申,水,金,True,False,0.024316976175073092,2024-W36,2024-09
300750.SZ,2024-09-05,186.8,187.15,-0.00187,123182,2302962.597,甲辰,壬申,壬申,4,2024,9,1,-0.0018719085556957384,0,壬,申,水,金,壬,申,水,金,True,False,0.008047253727348873,2024-W36,2024-09
300750.SZ,2024-09-06,185.95,186.8,-0.00455,75254,1404159.125,甲辰,壬申,癸酉,5,2024,9,1,-0.004560705423663287,0,癸,酉,水,金,壬,申,水,金,False,False,-0.0018719085556957384,2024-W36,2024-09
300750.SZ,2024-09-09,185.15,185.95,-0.004302,134753,2494206.446,甲辰,癸酉,丙子,1,2024,9,1,-0.0043115130114573155,0,丙,子,火,水,癸,酉,水,金,False,False,-0.004560705423663287,2024-W37,2024-09
300750.SZ,2024-09-10,181.16,185.15,-0.02155,154244,2809100.737,甲辰,癸酉,丁丑,2,2024,9,1,-0.02178568867160858,0,丁,丑,火,土,癸,酉,水,金,False,False,-0.0043115130114573155,2024-W37,2024-09
300750.SZ,2024-09-11,186.56,181.16,0.029808,211970,3938430.663,甲辰,癸酉,戊寅,3,2024,9,1,0.029372284474114486,1,戊,寅,土,木,癸,酉,水,金,False,False,-0.02178568867160858,2024-W37,2024-09
300750.SZ,2024-09-12,189.35,186.56,0.014955,207099,3931885.573,甲辰,癸酉,己卯,4,2024,9,1,0.014844251185676269,1,己,卯,土,木,癸,酉,水,金,False,False,0.029372284474114486,2024-W37,2024-09
300750.SZ,2024-09-13,183.5,189.35,-0.030895,172872,3202147.524,甲辰,癸酉,庚辰,5,2024,9,1,-0.0313824868531788,0,庚,辰,金,土,癸,酉,水,金,False,False,0.014844251185676269,2024-W37,2024-09
300750.SZ,2024-09-18,186.4,183.5,0.015804,113778,2116044.596,甲辰,癸酉,乙酉,3,2024,9,1,0.015680234756865967,1,乙,酉,木,金,癸,酉,水,金,False,False,-0.0313824868531788,2024-W38,2024-09
300750.SZ,2024-09-19,186.9,186.4,0.002682,157694,2940618.897,甲辰,癸酉,丙戌,4,2024,9,1,0.002678812210026423,1,丙,戌,火,土,癸,酉,水,金,False,False,0.015680234756865967,2024-W38,2024-09
300750.SZ,2024-09-20,185.6,186.9,-0.006956,155027,2874252.972,甲辰,癸酉,丁亥,5,2024,9,1,-0.006979894109417048,0,丁,亥,火,水,癸,酉,水,金,False,False,0.002678812210026423,2024-W38,2024-09
300750.SZ,2024-09-23,188.2,185.6,0.014009,157925,2968348.168,甲辰,癸酉,庚寅,1,2024,9,1,0.013911406799179135,1,庚,寅,金,木,癸,酉,水,金,False,False,-0.006979894109417048,2024-W39,2024-09
300750.SZ,2024-09-24,197.52,188.2,0.049522,354517,6891613.102,甲辰,癸酉,辛卯,2,2024,9,1,0.04833461788564502,1,辛,卯,金,木,癸,酉,水,金,False,False,0.013911406799179135,2024-W39,2024-09
300750.SZ,2024-09-25,203.1,197.52,0.02825,420101,8606648.806,甲辰,癸酉,壬辰,3,2024,9,1,0.02785862354941478,1,壬,辰,水,土,癸,酉,水,金,False,False,0.04833461788564502,2024-W39,2024-09
300750.SZ,2024-09-26,205.51,203.1,0.011866,354893,7190132.217,甲辰,癸酉,癸巳,4,2024,9,1,0.011796225966489904,1,癸,巳,水,火,癸,酉,水,金,False,True,0.02785862354941478,2024-W39,2024-09
300750.SZ,2024-09-27,226.81,205.51,0.103645,701813,15567947.397,甲辰,癸酉,甲午,5,2024,9,1,0.09861796803951563,1,甲,午,木,火,癸,酉,水,金,False,True,0.011796225966489904,2024-W39,2024-09
300750.SZ,2024-09-30,251.89,226.81,0.110577,913611,22246725.636,甲辰,癸酉,丁酉,1,2024,9,1,0.1048798216852485,1,丁,酉,火,金,癸,酉,水,金,False,True,0.09861796803951563,2024-W40,2024-09
300750.SZ,2024-10-08,299.0,251.89,0.187026,1376464,39285155.658,甲辰,甲戌,乙巳,2,2024,10,1,0.17145108911309342,1,乙,巳,木,火,甲,戌,木,土,False,False,0.1048798216852485,2024-W41,2024-10
300750.SZ,2024-10-09,255.0,299.0,-0.147157,1086915,29017394.645,甲辰,甲戌,丙午,3,2024,10,1,-0.1591800282322603,0,丙,午,火,火,甲,戌,木,土,False,False,0.17145108911309342,2024-W41,2024-10
300750.SZ,2024-10-10,258.0,255.0,0.011765,608338,15786972.611,甲辰,甲戌,丁未,4,2024,10,1,0.011696039763191236,1,丁,未,火,土,甲,戌,木,土,False,False,-0.1591800282322603,2024-W41,2024-10
300750.SZ,2024-10-11,241.79,258.0,-0.062829,476402,11668275.358,甲辰,甲戌,戊申,5,2024,10,1,-0.06489000408909786,0,戊,申,土,金,甲,戌,木,土,False,False,0.011696039763191236,2024-W41,2024-10
300750.SZ,2024-10-14,249.72,241.79,0.032797,467598,11671765.786,甲辰,甲戌,辛亥,1,2024,10,1,0.032270709361023886,1,辛,亥,金,水,甲,戌,木,土,False,False,-0.06489000408909786,2024-W42,2024-10
300750.SZ,2024-10-15,241.22,249.72,-0.034038,327653,8057930.637,甲辰,甲戌,壬子,2,2024,10,1,-0.03463091003844651,0,壬,子,水,水,甲,戌,木,土,False,False,0.032270709361023886,2024-W42,2024-10
300750.SZ,2024-10-16,233.85,241.22,-0.030553,335859,7918107.276,甲辰,甲戌,癸丑,3,2024,10,1,-0.03102949598320169,0,癸,丑,水,土,甲,戌,木,土,False,False,-0.03463091003844651,2024-W42,2024-10
300750.SZ,2024-10-17,231.5,233.85,-0.010049,261646,6135626.737,甲辰,甲戌,甲寅,4,2024,10,1,-0.010100010645606465,0,甲,寅,木,木,甲,戌,木,土,False,False,-0.03102949598320169,2024-W42,2024-10
300750.SZ,2024-10-18,249.89,231.5,0.079438,680137,16734812.13,甲辰,甲戌,乙卯,5,2024,10,1,0.07644094750755348,1,乙,卯,木,木,甲,戌,木,土,False,False,-0.010100010645606465,2024-W42,2024-10
300750.SZ,2024-10-21,253.36,249.89,0.013886,584558,14972853.36,甲辰,甲戌,戊午,1,2024,10,1,0.013790581196542017,1,戊,午,土,火,甲,戌,木,土,False,False,0.07644094750755348,2024-W43,2024-10
300750.SZ,2024-10-22,250.55,253.36,-0.011091,278760,6986426.719,甲辰,甲戌,己未,2,2024,10,1,-0.011152900824650668,0,己,未,土,土,甲,戌,木,土,False,False,0.013790581196542017,2024-W43,2024-10
300750.SZ,2024-10-23,249.3,250.55,-0.004989,321541,8076690.148,甲辰,甲戌,庚申,3,2024,10,1,-0.005001510876221438,0,庚,申,金,金,甲,戌,木,土,False,False,-0.011152900824650668,2024-W43,2024-10
300750.SZ,2024-10-24,246.16,249.3,-0.012595,214657,5297733.386,甲辰,甲戌,辛酉,4,2024,10,1,-0.012675259515725892,0,辛,酉,金,金,甲,戌,木,土,False,False,-0.005001510876221438,2024-W43,2024-10
300750.SZ,2024-10-25,258.88,246.16,0.051674,578985,14887536.978,甲辰,甲戌,壬戌,5,2024,10,1,0.05038290285634041,1,壬,戌,水,土,甲,戌,木,土,False,False,-0.012675259515725892,2024-W43,2024-10
300750.SZ,2024-10-28,256.24,258.88,-0.010198,276019,7053002.72,甲辰,甲戌,乙丑,1,2024,10,1,-0.01025012856922406,0,乙,丑,木,土,甲,戌,木,土,False,True,0.05038290285634041,2024-W44,2024-10
300750.SZ,2024-10-29,251.78,256.24,-0.017406,269948,6853075.171,甲辰,甲戌,丙寅,2,2024,10,1,-0.017558814962789472,0,丙,寅,火,木,甲,戌,木,土,False,True,-0.01025012856922406,2024-W44,2024-10
300750.SZ,2024-10-30,248.03,251.78,-0.014894,271343,6734690.047,甲辰,甲戌,丁卯,3,2024,10,1,-0.015005983747202833,0,丁,卯,火,木,甲,戌,木,土,False,True,-0.017558814962789472,2024-W44,2024-10
300750.SZ,2024-10-31,245.98,248.03,-0.008265,255002,6286268.643,甲辰,甲戌,戊辰,4,2024,10,1,-0.008299474776645933,0,戊,辰,土,土,甲,戌,木,土,False,True,-0.015005983747202833,2024-W44,2024-10
300750.SZ,2024-11-01,246.2,245.98,0.000894,259158,6418140.473,甲辰,甲戌,己巳,5,2024,11,1,0.000893981936088661,1,己,巳,土,火,甲,戌,木,土,True,False,-0.008299474776645933,2024-W44,2024-11
300750.SZ,2024-11-04,251.2,246.2,0.020309,242472,6074686.403,甲辰,甲戌,壬申,1,2024,11,1,0.020105220843690583,1,壬,申,水,金,甲,戌,木,土,True,False,0.000893981936088661,2024-W45,2024-11
300750.SZ,2024-11-05,261.39,251.2,0.040565,484820,12547431.635,甲辰,甲戌,癸酉,2,2024,11,1,0.039764110317261604,1,癸,酉,水,金,甲,戌,木,土,True,False,0.020105220843690583,2024-W45,2024-11
300750.SZ,2024-11-06,256.5,261.39,-0.018708,452393,11840068.81,甲辰,甲戌,甲戌,3,2024,11,1,-0.01888488030048085,0,甲,戌,木,土,甲,戌,木,土,False,False,0.039764110317261604,2024-W45,2024-11
300750.SZ,2024-11-07,262.8,256.5,0.024561,335710,8698717.049,甲辰,乙亥,乙亥,4,2024,11,1,0.024264621999631298,1,乙,亥,木,水,乙,亥,木,水,False,False,-0.01888488030048085,2024-W45,2024-11
300750.SZ,2024-11-08,257.5,262.8,-0.020167,402941,10612727.375,甲辰,乙亥,丙子,5,2024,11,1,-0.02037356650666468,0,丙,子,火,水,乙,亥,木,水,False,False,0.024264621999631298,2024-W45,2024-11
300750.SZ,2024-11-11,267.5,257.5,0.038835,491539,12844920.272,甲辰,乙亥,己卯,1,2024,11,1,0.03809984623227038,1,己,卯,土,木,乙,亥,木,水,False,False,-0.02037356650666468,2024-W46,2024-11
300750.SZ,2024-11-12,273.02,267.5,0.020636,744030,20764206.51,甲辰,乙亥,庚辰,2,2024,11,1,0.020425486238770437,1,庚,辰,金,土,乙,亥,木,水,False,False,0.03809984623227038,2024-W46,2024-11
300750.SZ,2024-11-13,282.0,273.02,0.032891,557736,15410247.018,甲辰,乙亥,辛巳,3,2024,11,1,0.03236201836328202,1,辛,巳,金,火,乙,亥,木,水,False,False,0.020425486238770437,2024-W46,2024-11
300750.SZ,2024-11-14,275.0,282.0,-0.024823,426572,11940874.424,甲辰,乙亥,壬午,4,2024,11,1,-0.025135973271542274,0,壬,午,水,火,乙,亥,木,水,False,False,0.03236201836328202,2024-W46,2024-11
300750.SZ,2024-11-15,265.56,275.0,-0.034327,351983,9488134.618,甲辰,乙亥,癸未,5,2024,11,1,-0.03493029381561273,0,癸,未,水,土,乙,亥,木,水,False,False,-0.025135973271542274,2024-W46,2024-11
300750.SZ,2024-11-18,262.92,265.56,-0.009941,306500,8135717.136,甲辰,乙亥,丙戌,1,2024,11,1,-0.009991000455583125,0,丙,戌,火,土,乙,亥,木,水,False,False,-0.03493029381561273,2024-W47,2024-11
300750.SZ,2024-11-19,268.72,262.92,0.02206,348128,9211079.121,甲辰,乙亥,丁亥,2,2024,11,1,0.021820141908661786,1,丁,亥,火,水,乙,亥,木,水,False,False,-0.009991000455583125,2024-W47,2024-11
300750.SZ,2024-11-20,267.55,268.72,-0.004354,227087,6060616.029,甲辰,乙亥,戊子,3,2024,11,1,-0.0043634805467236935,0,戊,子,土,水,乙,亥,木,水,False,False,0.021820141908661786,2024-W47,2024-11
300750.SZ,2024-11-21,268.26,267.55,0.002654,205508,5510533.65,甲辰,乙亥,己丑,4,2024,11,1,0.002650194716630508,1,己,丑,土,土,乙,亥,木,水,False,False,-0.0043634805467236935,2024-W47,2024-11
300750.SZ,2024-11-22,259.1,268.26,-0.034146,225551,5937579.845,甲辰,乙亥,庚寅,5,2024,11,1,-0.034742571905879864,0,庚,寅,金,木,乙,亥,木,水,False,False,0.002650194716630508,2024-W47,2024-11
300750.SZ,2024-11-25,264.1,259.1,0.019298,262390,6923644.963,甲辰,乙亥,癸巳,1,2024,11,1,0.01911373173502215,1,癸,巳,水,火,乙,亥,木,水,False,False,-0.034742571905879864,2024-W48,2024-11
300750.SZ,2024-11-26,256.72,264.1,-0.027944,273604,7076484.876,甲辰,乙亥,甲午,2,2024,11,1,-0.028341822501485127,0,甲,午,木,火,乙,亥,木,水,False,True,0.01911373173502215,2024-W48,2024-11
300750.SZ,2024-11-27,259.9,256.72,0.012387,274006,7033615.362,甲辰,乙亥,乙未,3,2024,11,1,0.012310944845842867,1,乙,未,木,土,乙,亥,木,水,False,True,-0.028341822501485127,2024-W48,2024-11
300750.SZ,2024-11-28,254.7,259.9,-0.020008,223555,5728197.56,甲辰,乙亥,丙申,4,2024,11,1,-0.02021055966203324,0,丙,申,火,金,乙,亥,木,水,False,True,0.012310944845842867,2024-W48,2024-11
300750.SZ,2024-11-29,261.24,254.7,0.025677,313662,8192074.188,甲辰,乙亥,丁酉,5,2024,11,1,0.025353143049045106,1,丁,酉,火,金,乙,亥,木,水,False,True,-0.02021055966203324,2024-W48,2024-11
300750.SZ,2024-12-02,262.19,261.24,0.003637,206475,5387882.834,甲辰,乙亥,庚子,1,2024,12,1,0.003629906742515266,1,庚,子,金,水,乙,亥,木,水,True,False,0.025353143049045106,2024-W49,2024-12
300750.SZ,2024-12-03,261.84,262.19,-0.001335,173107,4514867.562,甲辰,乙亥,辛丑,2,2024,12,1,-0.001335801584046834,0,辛,丑,金,土,乙,亥,木,水,True,False,0.003629906742515266,2024-W49,2024-12
300750.SZ,2024-12-04,258.97,261.84,-0.010961,161813,4186965.339,甲辰,乙亥,壬寅,3,2024,12,1,-0.011021405318043118,0,壬,寅,水,木,乙,亥,木,水,True,False,-0.001335801584046834,2024-W49,2024-12
300750.SZ,2024-12-05,256.0,258.97,-0.011469,160215,4109014.222,甲辰,乙亥,癸卯,4,2024,12,1,-0.011534780395319367,0,癸,卯,水,木,乙,亥,木,水,True,False,-0.011021405318043118,2024-W49,2024-12
300750.SZ,2024-12-06,266.55,256.0,0.041211,330381,8719647.874,甲辰,丙子,甲辰,5,2024,12,1,0.0403843987892076,1,甲,辰,木,土,丙,子,火,水,False,False,-0.011534780395319367,2024-W49,2024-12
300750.SZ,2024-12-09,268.05,266.55,0.005627,224560,6005103.479,甲辰,丙子,丁未,1,2024,12,1,0.005611687004776796,1,丁,未,火,土,丙,子,火,水,False,False,0.0403843987892076,2024-W50,2024-12
300750.SZ,2024-12-10,270.57,268.05,0.009401,329044,9035442.04,甲辰,丙子,戊申,2,2024,12,1,0.009357314572179788,1,戊,申,土,金,丙,子,火,水,False,False,0.005611687004776796,2024-W50,2024-12
300750.SZ,2024-12-11,267.1,270.57,-0.012825,194008,5262014.872,甲辰,丙子,己酉,3,2024,12,1,-0.012907724729811207,0,己,酉,土,金,丙,子,火,水,False,False,0.009357314572179788,2024-W50,2024-12
300750.SZ,2024-12-12,273.71,267.1,0.024747,223295,6055502.392,甲辰,丙子,庚戌,4,2024,12,1,0.024446031616953693,1,庚,戌,金,土,丙,子,火,水,False,False,-0.012907724729811207,2024-W50,2024-12
300750.SZ,2024-12-13,267.03,273.71,-0.024405,283164,7596460.115,甲辰,丙子,辛亥,5,2024,12,1,-0.02470814009391915,0,辛,亥,金,水,丙,子,火,水,False,False,0.024446031616953693,2024-W50,2024-12
300750.SZ,2024-12-16,267.2,267.03,0.000637,162575,4333963.457,甲辰,丙子,甲寅,1,2024,12,1,0.0006364300235409981,1,甲,寅,木,木,丙,子,火,水,False,False,-0.02470814009391915,2024-W51,2024-12
300750.SZ,2024-12-17,273.8,267.2,0.024701,282146,7746201.691,甲辰,丙子,乙卯,2,2024,12,1,0.02440047119185803,1,乙,卯,木,木,丙,子,火,水,False,False,0.0006364300235409981,2024-W51,2024-12
300750.SZ,2024-12-18,271.41,273.8,-0.008729,150853,4110472.403,甲辰,丙子,丙辰,3,2024,12,1,-0.008767320148588494,0,丙,辰,火,土,丙,子,火,水,False,False,0.02440047119185803,2024-W51,2024-12
300750.SZ,2024-12-19,269.79,271.41,-0.005969,153460,4137668.599,甲辰,丙子,丁巳,4,2024,12,1,-0.005986714111226126,0,丁,巳,火,火,丙,子,火,水,False,False,-0.008767320148588494,2024-W51,2024-12
300750.SZ,2024-12-20,262.71,269.79,-0.026243,277400,7313368.051,甲辰,丙子,戊午,5,2024,12,1,-0.026593116392291154,0,戊,午,土,火,丙,子,火,水,False,False,-0.005986714111226126,2024-W51,2024-12
300750.SZ,2024-12-23,263.5,262.71,0.003007,206393,5482614.221,甲辰,丙子,辛酉,1,2024,12,1,0.003002605779174423,1,辛,酉,金,金,丙,子,火,水,False,False,-0.026593116392291154,2024-W52,2024-12
300750.SZ,2024-12-24,268.23,263.5,0.017951,196153,5229920.632,甲辰,丙子,壬戌,2,2024,12,1,0.017791453433919475,1,壬,戌,水,土,丙,子,火,水,False,False,0.003002605779174423,2024-W52,2024-12
300750.SZ,2024-12-25,267.97,268.23,-0.000969,114138,3058526.68,甲辰,丙子,癸亥,3,2024,12,1,-0.0009697874687699344,0,癸,亥,水,水,丙,子,火,水,False,False,0.017791453433919475,2024-W52,2024-12
300750.SZ,2024-12-26,261.25,267.97,-0.025077,224437,5898437.344,甲辰,丙子,甲子,4,2024,12,1,-0.025397230667545692,0,甲,子,木,水,丙,子,火,水,False,False,-0.0009697874687699344,2024-W52,2024-12
300750.SZ,2024-12-27,262.0,261.25,0.002871,243519,6338085.457,甲辰,丙子,乙丑,5,2024,12,1,0.002866700482076042,1,乙,丑,木,土,丙,子,火,水,False,True,-0.025397230667545692,2024-W52,2024-12
300750.SZ,2024-12-30,266.58,262.0,0.017481,226313,6013633.017,甲辰,丙子,戊辰,1,2024,12,1,0.01732988241477516,1,戊,辰,土,土,丙,子,火,水,False,True,0.002866700482076042,2025-W01,2024-12
300750.SZ,2024-12-31,266.0,266.58,-0.002176,249339,6694555.731,甲辰,丙子,己巳,2,2024,12,1,-0.002178077394172935,0,己,巳,土,火,丙,子,火,水,False,True,0.01732988241477516,2025-W01,2024-12
300750.SZ,2025-01-02,258.78,266.0,-0.027143,233545,6090661.831,甲辰,丙子,辛未,4,2025,1,1,-0.02751802889389241,0,辛,未,金,土,丙,子,火,水,True,False,-0.002178077394172935,2025-W01,2025-01
300750.SZ,2025-01-03,257.63,258.78,-0.004444,185237,4812148.522,甲辰,丙子,壬申,5,2025,1,1,-0.004453832811174927,0,壬,申,水,金,丙,子,火,水,True,False,-0.02751802889389241,2025-W01,2025-01
300750.SZ,2025-01-06,256.75,257.63,-0.003416,172890,4433101.113,甲辰,丁丑,乙亥,1,2025,1,1,-0.003421598267964166,0,乙,亥,木,水,丁,丑,火,土,False,False,-0.004453832811174927,2025-W02,2025-01
300750.SZ,2025-01-07,249.45,256.75,-0.028432,401035,9934923.664,甲辰,丁丑,丙子,2,2025,1,1,-0.028844354501621313,0,丙,子,火,水,丁,丑,火,土,False,False,-0.003421598267964166,2025-W02,2025-01
300750.SZ,2025-01-08,245.34,249.45,-0.016476,271857,6681628.785,甲辰,丁丑,丁丑,3,2025,1,1,-0.016613490702440323,0,丁,丑,火,土,丁,丑,火,土,False,False,-0.028844354501621313,2025-W02,2025-01
300750.SZ,2025-01-09,247.33,245.34,0.008111,169328,4168600.176,甲辰,丁丑,戊寅,4,2025,1,1,0.008078473714899195,1,戊,寅,土,木,丁,丑,火,土,False,False,-0.016613490702440323,2025-W02,2025-01
300750.SZ,2025-01-10,246.0,247.33,-0.005377,147294,3643092.329,甲辰,丁丑,己卯,5,2025,1,1,-0.005391941387142455,0,己,卯,土,木,丁,丑,火,土,False,False,0.008078473714899195,2025-W02,2025-01
300750.SZ,2025-01-13,246.91,246.0,0.003699,180922,4467775.091,甲辰,丁丑,壬午,1,2025,1,1,0.0036923618262004253,1,壬,午,水,火,丁,丑,火,土,False,False,-0.005391941387142455,2025-W03,2025-01
300750.SZ,2025-01-14,256.2,246.91,0.037625,202467,5108567.635,甲辰,丁丑,癸未,2,2025,1,1,0.03693449170407054,1,癸,未,水,土,丁,丑,火,土,False,False,0.0036923618262004253,2025-W03,2025-01
300750.SZ,2025-01-15,250.87,256.2,-0.020804,150626,3798504.6,甲辰,丁丑,甲申,3,2025,1,1,-0.021023512788887092,0,甲,申,木,金,丁,丑,火,土,False,False,0.03693449170407054,2025-W03,2025-01
300750.SZ,2025-01-16,249.93,250.87,-0.003747,161883,4056598.314,甲辰,丁丑,乙酉,4,2025,1,1,-0.0037539980188192024,0,乙,酉,木,金,丁,丑,火,土,False,False,-0.021023512788887092,2025-W03,2025-01
300750.SZ,2025-01-17,251.5,249.93,0.006282,111066,2786220.135,甲辰,丁丑,丙戌,5,2025,1,1,0.0062621108848663785,1,丙,戌,火,土,丁,丑,火,土,False,False,-0.0037539980188192024,2025-W03,2025-01
300750.SZ,2025-01-20,265.52,251.5,0.055746,342834,9048642.227,甲辰,丁丑,己丑,1,2025,1,1,0.05424717787192524,1,己,丑,土,土,丁,丑,火,土,False,False,0.0062621108848663785,2025-W04,2025-01
300750.SZ,2025-01-21,264.18,265.52,-0.005047,138933,3681448.144,甲辰,丁丑,庚寅,2,2025,1,1,-0.005059478416001562,0,庚,寅,金,木,丁,丑,火,土,False,False,0.05424717787192524,2025-W04,2025-01
300750.SZ,2025-01-22,258.0,264.18,-0.023393,250407,6440345.376,甲辰,丁丑,辛卯,3,2025,1,1,-0.023671104074100023,0,辛,卯,金,木,丁,丑,火,土,False,False,-0.005059478416001562,2025-W04,2025-01
300750.SZ,2025-01-23,257.5,258.0,-0.001938,165536,4291744.662,甲辰,丁丑,壬辰,4,2025,1,1,-0.0019398648178265917,0,壬,辰,水,土,丁,丑,火,土,False,False,-0.023671104074100023,2025-W04,2025-01
300750.SZ,2025-01-24,260.62,256.27,0.016974,224397,5876198.26,甲辰,丁丑,癸巳,5,2025,1,1,0.01683183152930195,1,癸,巳,水,火,丁,丑,火,土,False,False,-0.0019398648178265917,2025-W04,2025-01
300750.SZ,2025-01-27,257.0,260.62,-0.01389,171026,4460049.869,甲辰,丁丑,丙申,1,2025,1,1,-0.013987322821540088,0,丙,申,火,金,丁,丑,火,土,False,True,0.01683183152930195,2025-W05,2025-01
300750.SZ,2025-02-05,252.12,257.0,-0.018988,240481,6141794.779,乙巳,戊寅,乙巳,3,2025,2,1,-0.01917092025031044,0,乙,巳,木,火,戊,寅,土,木,True,False,-0.013987322821540088,2025-W06,2025-02
300750.SZ,2025-02-06,253.1,252.12,0.003887,248961,6261792.98,乙巳,戊寅,丙午,4,2025,2,1,0.003879502906168943,1,丙,午,火,火,戊,寅,土,木,False,False,-0.01917092025031044,2025-W06,2025-02
300750.SZ,2025-02-07,261.28,253.1,0.032319,344412,8922582.684,乙巳,戊寅,丁未,5,2025,2,1,0.031807961671076454,1,丁,未,火,土,戊,寅,土,木,False,False,0.003879502906168943,2025-W06,2025-02
300750.SZ,2025-02-10,258.45,261.28,-0.010831,229267,5928297.101,乙巳,戊寅,庚戌,1,2025,2,1,-0.01089037758010655,0,庚,戌,金,土,戊,寅,土,木,False,False,0.031807961671076454,2025-W07,2025-02
300750.SZ,2025-02-11,251.8,258.45,-0.02573,247919,6268157.35,乙巳,戊寅,辛亥,2,2025,2,1,-0.026067130031801472,0,辛,亥,金,水,戊,寅,土,木,False,False,-0.01089037758010655,2025-W07,2025-02
300750.SZ,2025-02-12,255.3,251.8,0.0139,273822,6902713.445,乙巳,戊寅,壬子,3,2025,2,1,0.013804202637191289,1,壬,子,水,水,戊,寅,土,木,False,False,-0.026067130031801472,2025-W07,2025-02
300750.SZ,2025-02-13,261.39,255.3,0.023854,375349,9803005.761,乙巳,戊寅,癸丑,4,2025,2,1,0.023574220663866823,1,癸,丑,水,土,戊,寅,土,木,False,False,0.013804202637191289,2025-W07,2025-02
300750.SZ,2025-02-14,269.71,261.39,0.03183,387800,10409880.413,乙巳,戊寅,甲寅,5,2025,2,1,0.03133376278207427,1,甲,寅,木,木,戊,寅,土,木,False,False,0.023574220663866823,2025-W07,2025-02
300750.SZ,2025-02-17,269.4,269.71,-0.001149,241829,6513084.026,乙巳,戊寅,丁巳,1,2025,2,1,-0.0011500437171159668,0,丁,巳,火,火,戊,寅,土,木,False,False,0.03133376278207427,2025-W08,2025-02
300750.SZ,2025-02-18,270.77,269.4,0.005085,238457,6497674.093,乙巳,戊寅,戊午,2,2025,2,1,0.0050724880593980655,1,戊,午,土,火,戊,寅,土,木,False,False,-0.0011500437171159668,2025-W08,2025-02
300750.SZ,2025-02-19,273.55,270.77,0.010267,204455,5580141.096,乙巳,戊寅,己未,3,2025,2,1,0.01021466847417345,1,己,未,土,土,戊,寅,土,木,False,False,0.0050724880593980655,2025-W08,2025-02
300750.SZ,2025-02-20,270.2,273.55,-0.012246,195890,5267400.819,乙巳,戊寅,庚申,4,2025,2,1,-0.01232199498373655,0,庚,申,金,金,戊,寅,土,木,False,False,0.01021466847417345,2025-W08,2025-02
300750.SZ,2025-02-21,275.55,270.2,0.0198,309519,8443562.273,乙巳,戊寅,辛酉,5,2025,2,1,0.01960667480314603,1,辛,酉,金,金,戊,寅,土,木,False,False,-0.01232199498373655,2025-W08,2025-02
300750.SZ,2025-02-24,271.5,275.55,-0.014698,277537,7510840.228,乙巳,戊寅,甲子,1,2025,2,1,-0.014806960955254286,0,甲,子,木,水,戊,寅,土,木,False,True,0.01960667480314603,2025-W09,2025-02
300750.SZ,2025-02-25,269.48,271.5,-0.00744,232093,6243748.571,乙巳,戊寅,乙丑,2,2025,2,1,-0.007467963281530977,0,乙,丑,木,土,戊,寅,土,木,False,True,-0.014806960955254286,2025-W09,2025-02
300750.SZ,2025-02-26,268.62,269.48,-0.003191,211730,5698649.75,乙巳,戊寅,丙寅,3,2025,2,1,-0.0031964346115299427,0,丙,寅,火,木,戊,寅,土,木,False,True,-0.007467963281530977,2025-W09,2025-02
300750.SZ,2025-02-27,270.0,268.62,0.005137,231851,6250587.95,乙巳,戊寅,丁卯,4,2025,2,1,0.00512421751744557,1,丁,卯,火,木,戊,寅,土,木,False,True,-0.0031964346115299427,2025-W09,2025-02
300750.SZ,2025-02-28,264.3,270.0,-0.021111,222654,5935077.345,乙巳,戊寅,戊辰,5,2025,2,1,-0.02133713738813121,0,戊,辰,土,土,戊,寅,土,木,False,True,0.00512421751744557,2025-W09,2025-02
300750.SZ,2025-03-03,273.53,264.3,0.034922,387364,10603328.988,乙巳,戊寅,辛未,1,2025,3,1,0.03432648345026424,1,辛,未,金,土,戊,寅,土,木,True,False,-0.02133713738813121,2025-W10,2025-03
300750.SZ,2025-03-04,263.0,273.53,-0.038497,268365,7115460.892,乙巳,戊寅,壬申,2,2025,3,1,-0.039257272882743235,0,壬,申,水,金,戊,寅,土,木,True,False,0.03432648345026424,2025-W10,2025-03
300750.SZ,2025-03-05,260.99,263.0,-0.007643,208696,5438997.026,乙巳,己卯,癸酉,3,2025,3,1,-0.007671939765323146,0,癸,酉,水,金,己,卯,土,木,True,False,-0.039257272882743235,2025-W10,2025-03
300750.SZ,2025-03-06,264.31,260.99,0.012721,250273,6601078.272,乙巳,己卯,甲戌,4,2025,3,1,0.012640564274706454,1,甲,戌,木,土,己,卯,土,木,False,False,-0.007671939765323146,2025-W10,2025-03
300750.SZ,2025-03-07,260.76,264.31,-0.013431,222871,5812794.649,乙巳,己卯,乙亥,5,2025,3,1,-0.013522212630809322,0,乙,亥,木,水,己,卯,土,木,False,False,0.012640564274706454,2025-W10,2025-03
300750.SZ,2025-03-10,256.5,260.76,-0.016337,286750,7355227.161,乙巳,己卯,戊寅,1,2025,3,1,-0.01647177944551433,0,戊,寅,土,木,己,卯,土,木,False,False,-0.013522212630809322,2025-W11,2025-03
300750.SZ,2025-03-11,255.2,256.5,-0.005068,171350,4355529.583,乙巳,己卯,己卯,2,2025,3,1,-0.005081113140189487,0,己,卯,土,木,己,卯,土,木,False,False,-0.01647177944551433,2025-W11,2025-03
300750.SZ,2025-03-12,254.5,255.2,-0.002743,199146,5058919.204,乙巳,己卯,庚辰,3,2025,3,1,-0.002746715480057299,0,庚,辰,金,土,己,卯,土,木,False,False,-0.005081113140189487,2025-W11,2025-03
300750.SZ,2025-03-13,253.22,254.5,-0.005029,168851,4316530.459,乙巳,己卯,辛巳,4,2025,3,1,-0.005042159898470256,0,辛,巳,金,火,己,卯,土,木,False,False,-0.002746715480057299,2025-W11,2025-03
300750.SZ,2025-03-14,262.0,253.22,0.034673,351089,9148092.797,乙巳,己卯,壬午,5,2025,3,1,0.0340858276689898,1,壬,午,水,火,己,卯,土,木,False,False,-0.005042159898470256,2025-W11,2025-03
300750.SZ,2025-03-17,256.0,262.0,-0.022901,335154,8685706.367,乙巳,己卯,乙酉,1,2025,3,1,-0.023167059281534418,0,乙,酉,木,金,己,卯,土,木,False,False,0.0340858276689898,2025-W12,2025-03
300750.SZ,2025-03-18,257.0,256.0,0.003906,225767,5817534.421,乙巳,己卯,丙戌,2,2025,3,1,0.003898640415657323,1,丙,戌,火,土,己,卯,土,木,False,False,-0.023167059281534418,2025-W12,2025-03
300750.SZ,2025-03-19,265.39,257.0,0.032646,369541,9737109.379,乙巳,己卯,丁亥,3,2025,3,1,0.032124357317885016,1,丁,亥,火,水,己,卯,土,木,False,False,0.003898640415657323,2025-W12,2025-03
300750.SZ,2025-03-20,262.15,265.39,-0.012208,144246,3794188.02,乙巳,己卯,戊子,4,2025,3,1,-0.012283583194563056,0,戊,子,土,水,己,卯,土,木,False,False,0.032124357317885016,2025-W12,2025-03
300750.SZ,2025-03-21,256.0,262.15,-0.02346,194320,5026360.932,乙巳,己卯,己丑,5,2025,3,1,-0.02373941453897926,0,己,丑,土,土,己,卯,土,木,False,False,-0.012283583194563056,2025-W12,2025-03
300750.SZ,2025-03-24,258.16,256.0,0.008438,167302,4311680.873,乙巳,己卯,壬辰,1,2025,3,1,0.008402103264144005,1,壬,辰,水,土,己,卯,土,木,False,False,-0.02373941453897926,2025-W13,2025-03
300750.SZ,2025-03-25,259.48,258.16,0.005113,127857,3303477.32,乙巳,己卯,癸巳,2,2025,3,1,0.00510008060114821,1,癸,巳,水,火,己,卯,土,木,False,False,0.008402103264144005,2025-W13,2025-03
300750.SZ,2025-03-26,256.92,259.48,-0.009866,129046,3336108.308,乙巳,己卯,甲午,3,2025,3,1,-0.009914875955262949,0,甲,午,木,火,己,卯,土,木,False,False,0.00510008060114821,2025-W13,2025-03
300750.SZ,2025-03-27,258.88,256.92,0.007629,141792,3675726.42,乙巳,己卯,乙未,4,2025,3,1,0.007599881480535066,1,乙,未,木,土,己,卯,土,木,False,True,-0.009914875955262949,2025-W13,2025-03
300750.SZ,2025-03-28,256.8,258.88,-0.008035,112420,2888588.258,乙巳,己卯,丙申,5,2025,3,1,-0.008067062054320739,0,丙,申,火,金,己,卯,土,木,False,True,0.007599881480535066,2025-W13,2025-03
300750.SZ,2025-03-31,252.94,256.8,-0.015031,194633,4951863.266,乙巳,己卯,己亥,1,2025,3,1,-0.015145265363975875,0,己,亥,土,水,己,卯,土,木,False,True,-0.008067062054320739,2025-W14,2025-03
300750.SZ,2025-04-01,249.06,252.94,-0.01534,194162,4862442.756,乙巳,己卯,庚子,2,2025,4,1,-0.015458475158827888,0,庚,子,金,水,己,卯,土,木,True,False,-0.015145265363975875,2025-W14,2025-04
300750.SZ,2025-04-02,249.14,249.06,0.000321,137321,3433096.886,乙巳,己卯,辛丑,3,2025,4,1,0.0003211561649442278,1,辛,丑,金,土,己,卯,土,木,True,False,-0.015458475158827888,2025-W14,2025-04
300750.SZ,2025-04-03,243.08,249.14,-0.024324,232816,5693962.717,乙巳,己卯,壬寅,4,2025,4,1,-0.024624380190792064,0,壬,寅,水,木,己,卯,土,木,True,False,0.0003211561649442278,2025-W14,2025-04
300750.SZ,2025-04-07,215.22,243.08,-0.114612,723645,15811389.636,乙巳,庚辰,丙午,1,2025,4,1,-0.12172984649490838,0,丙,午,火,火,庚,辰,金,土,False,False,-0.024624380190792064,2025-W15,2025-04
300750.SZ,2025-04-08,219.05,215.22,0.017796,476594,10471952.816,乙巳,庚辰,丁未,2,2025,4,1,0.017639253487661388,1,丁,未,火,土,庚,辰,金,土,False,False,-0.12172984649490838,2025-W15,2025-04
300750.SZ,2025-04-09,211.39,219.05,-0.034969,536023,11459705.354,乙巳,庚辰,戊申,3,2025,4,1,-0.035595245632312957,0,戊,申,土,金,庚,辰,金,土,False,False,0.017639253487661388,2025-W15,2025-04
300750.SZ,2025-04-10,217.98,211.39,0.031175,372741,8168675.412,乙巳,庚辰,己酉,4,2025,4,1,0.030698546833570955,1,己,酉,土,金,庚,辰,金,土,False,False,-0.035595245632312957,2025-W15,2025-04
300750.SZ,2025-04-11,224.0,217.98,0.027617,302991,6696905.325,乙巳,庚辰,庚戌,5,2025,4,1,0.027242736393874378,1,庚,戌,金,土,庚,辰,金,土,False,False,0.030698546833570955,2025-W15,2025-04
300750.SZ,2025-04-14,224.0,224.0,0.0,206965,4642121.045,乙巳,庚辰,癸丑,1,2025,4,1,0.0,0,癸,丑,水,土,庚,辰,金,土,False,False,0.027242736393874378,2025-W16,2025-04
300750.SZ,2025-04-15,228.15,224.0,0.018527,266865,6087451.73,乙巳,庚辰,甲寅,2,2025,4,1,0.018357255518371664,1,甲,寅,木,木,庚,辰,金,土,False,False,0.0,2025-W16,2025-04
300750.SZ,2025-04-16,224.89,228.15,-0.014289,216550,4838764.472,乙巳,庚辰,乙卯,3,2025,4,1,-0.014391913603017698,0,乙,卯,木,木,庚,辰,金,土,False,False,0.018357255518371664,2025-W16,2025-04
300750.SZ,2025-04-17,226.0,224.89,0.004936,157376,3551280.611,乙巳,庚辰,丙辰,4,2025,4,1,0.004923605501892001,1,丙,辰,火,土,庚,辰,金,土,False,False,-0.014391913603017698,2025-W16,2025-04
300750.SZ,2025-04-18,225.46,226.0,-0.002389,115127,2588857.715,乙巳,庚辰,丁巳,5,2025,4,1,-0.00239223965590056,0,丁,巳,火,火,庚,辰,金,土,False,False,0.004923605501892001,2025-W16,2025-04
300750.SZ,2025-04-21,231.36,225.46,0.026169,220081,5088523.082,乙巳,庚辰,庚申,1,2025,4,1,0.025832179354014596,1,庚,申,金,金,庚,辰,金,土,False,False,-0.00239223965590056,2025-W17,2025-04
300750.SZ,2025-04-22,230.69,226.82,0.017062,169354,3885729.764,乙巳,庚辰,辛酉,2,2025,4,1,0.016918066515809453,1,辛,酉,金,金,庚,辰,金,土,False,False,0.025832179354014596,2025-W17,2025-04
300750.SZ,2025-04-23,233.35,230.69,0.011531,191979,4507058.716,乙巳,庚辰,壬戌,3,2025,4,1,0.011464654492830724,1,壬,戌,水,土,庚,辰,金,土,False,False,0.016918066515809453,2025-W17,2025-04
300750.SZ,2025-04-24,236.87,233.35,0.015085,181554,4297351.278,乙巳,庚辰,癸亥,4,2025,4,1,0.01497199503866598,1,癸,亥,水,水,庚,辰,金,土,False,False,0.011464654492830724,2025-W17,2025-04
300750.SZ,2025-04-25,236.6,236.87,-0.00114,127619,3016796.565,乙巳,庚辰,甲子,5,2025,4,1,-0.0011405158902041642,0,甲,子,木,水,庚,辰,金,土,False,False,0.01497199503866598,2025-W17,2025-04
300750.SZ,2025-04-28,234.85,236.6,-0.007396,143124,3357178.149,乙巳,庚辰,丁卯,1,2025,4,1,-0.0074239390712822805,0,丁,卯,火,木,庚,辰,金,土,False,True,-0.0011405158902041642,2025-W18,2025-04
300750.SZ,2025-04-29,232.03,234.85,-0.012008,167424,3892978.724,乙巳,庚辰,戊辰,2,2025,4,1,-0.01208033882172845,0,戊,辰,土,土,庚,辰,金,土,False,True,-0.0074239390712822805,2025-W18,2025-04
300750.SZ,2025-04-30,231.5,232.03,-0.002284,156328,3635403.837,乙巳,庚辰,己巳,3,2025,4,1,-0.002286800124986822,0,己,巳,土,火,庚,辰,金,土,False,True,-0.01208033882172845,2025-W18,2025-04
300750.SZ,2025-05-06,231.63,231.5,0.000562,196876,4591289.27,乙巳,辛巳,乙亥,2,2025,5,1,0.0005613974625453487,1,乙,亥,木,水,辛,巳,金,火,False,False,-0.002286800124986822,2025-W19,2025-05
300750.SZ,2025-05-07,238.61,231.63,0.030134,312809,7444719.327,乙巳,辛巳,丙子,3,2025,5,1,0.02968914894509948,1,丙,子,火,水,辛,巳,金,火,False,False,0.0005613974625453487,2025-W19,2025-05
300750.SZ,2025-05-08,244.57,238.61,0.024978,312856,7666995.082,乙巳,辛巳,丁丑,4,2025,5,1,0.024671146573885756,1,丁,丑,火,土,辛,巳,金,火,False,False,0.02968914894509948,2025-W19,2025-05
300750.SZ,2025-05-09,248.27,244.57,0.015129,236933,5858468.264,乙巳,辛巳,戊寅,5,2025,5,1,0.015015297119995653,1,戊,寅,土,木,辛,巳,金,火,False,False,0.024671146573885756,2025-W19,2025-05
300750.SZ,2025-05-12,257.0,248.27,0.035163,302315,7731591.601,乙巳,辛巳,辛巳,1,2025,5,1,0.034559221267404856,1,辛,巳,金,火,辛,巳,金,火,False,False,0.015015297119995653,2025-W20,2025-05
300750.SZ,2025-05-13,258.77,257.0,0.006887,204805,5281511.475,乙巳,辛巳,壬午,2,2025,5,1,0.006863551383269071,1,壬,午,水,火,辛,巳,金,火,False,False,0.034559221267404856,2025-W20,2025-05
300750.SZ,2025-05-14,262.6,258.77,0.014801,231463,6020688.165,乙巳,辛巳,癸未,3,2025,5,1,0.014692325590207153,1,癸,未,水,土,辛,巳,金,火,False,False,0.006863551383269071,2025-W20,2025-05
300750.SZ,2025-05-15,260.18,262.6,-0.009216,141118,3685574.614,乙巳,辛巳,甲申,4,2025,5,1,-0.009258262695282848,0,甲,申,木,金,辛,巳,金,火,False,False,0.014692325590207153,2025-W20,2025-05
300750.SZ,2025-05-16,259.36,260.18,-0.003152,189000,4904611.048,乙巳,辛巳,乙酉,5,2025,5,1,-0.0031566411860469413,0,乙,酉,木,金,辛,巳,金,火,False,False,-0.009258262695282848,2025-W20,2025-05
300750.SZ,2025-05-19,260.0,259.36,0.002468,169740,4399897.903,乙巳,辛巳,戊子,1,2025,5,1,0.002464573028161772,1,戊,子,土,水,辛,巳,金,火,False,False,-0.0031566411860469413,2025-W21,2025-05
300750.SZ,2025-05-20,263.0,260.0,0.011538,346423,9053425.367,乙巳,辛巳,己丑,2,2025,5,1,0.011472401162236781,1,己,丑,土,土,辛,巳,金,火,False,False,0.002464573028161772,2025-W21,2025-05
300750.SZ,2025-05-21,274.08,263.0,0.042129,565245,15470587.405,乙巳,辛巳,庚寅,3,2025,5,1,0.04126600239804514,1,庚,寅,金,木,辛,巳,金,火,False,False,0.011472401162236781,2025-W21,2025-05
300750.SZ,2025-05-22,270.37,274.08,-0.013536,276081,7470701.467,乙巳,辛巳,辛卯,4,2025,5,1,-0.013628643307608273,0,辛,卯,金,木,辛,巳,金,火,False,False,0.04126600239804514,2025-W21,2025-05
300750.SZ,2025-05-23,266.99,270.37,-0.012501,230003,6218224.097,乙巳,辛巳,壬辰,5,2025,5,1,-0.012580186752860526,0,壬,辰,水,土,辛,巳,金,火,False,False,-0.013628643307608273,2025-W21,2025-05
300750.SZ,2025-05-26,255.9,266.99,-0.041537,330122,8477228.63,乙巳,辛巳,乙未,1,2025,5,1,-0.042424461349597854,0,乙,未,木,土,辛,巳,金,火,False,False,-0.012580186752860526,2025-W22,2025-05
300750.SZ,2025-05-27,253.99,255.9,-0.007464,176679,4491281.266,乙巳,辛巳,丙申,2,2025,5,1,-0.007491847000968613,0,丙,申,火,金,辛,巳,金,火,False,True,-0.042424461349597854,2025-W22,2025-05
300750.SZ,2025-05-28,253.6,253.99,-0.001535,154562,3946773.465,乙巳,辛巳,丁酉,3,2025,5,1,-0.0015366736017037395,0,丁,酉,火,金,辛,巳,金,火,False,True,-0.007491847000968613,2025-W22,2025-05
300750.SZ,2025-05-29,251.85,253.6,-0.006901,217882,5487937.548,乙巳,辛巳,戊戌,4,2025,5,1,-0.006924550371411353,0,戊,戌,土,土,辛,巳,金,火,False,True,-0.0015366736017037395,2025-W22,2025-05
300750.SZ,2025-05-30,250.0,251.85,-0.007346,204337,5107325.148,乙巳,辛巳,己亥,5,2025,5,1,-0.007372754329413062,0,己,亥,土,水,辛,巳,金,火,False,True,-0.006924550371411353,2025-W22,2025-05
300750.SZ,2025-06-03,251.15,250.0,0.0046,158411,3989341.996,乙巳,辛巳,癸卯,2,2025,6,1,0.004589452333807224,1,癸,卯,水,木,辛,巳,金,火,True,False,-0.007372754329413062,2025-W23,2025-06
300750.SZ,2025-06-04,251.05,251.15,-0.000398,130401,3285855.859,乙巳,辛巳,甲辰,3,2025,6,1,-0.00039824771533920954,0,甲,辰,木,土,辛,巳,金,火,True,False,0.004589452333807224,2025-W23,2025-06
300750.SZ,2025-06-05,251.5,251.05,0.001792,135258,3386751.735,乙巳,壬午,乙巳,4,2025,6,1,0.0017908670590792955,1,乙,巳,木,火,壬,午,水,火,True,False,-0.00039824771533920954,2025-W23,2025-06
300750.SZ,2025-06-06,248.88,251.5,-0.010417,165514,4138221.07,乙巳,壬午,丙午,5,2025,6,1,-0.010472136950412388,0,丙,午,火,火,壬,午,水,火,False,False,0.0017908670590792955,2025-W23,2025-06
300750.SZ,2025-06-09,245.58,248.88,-0.013259,185497,4593124.638,乙巳,壬午,己酉,1,2025,6,1,-0.013348092857014831,0,己,酉,土,金,壬,午,水,火,False,False,-0.010472136950412388,2025-W24,2025-06
300750.SZ,2025-06-10,243.14,245.58,-0.009936,139324,3406606.343,乙巳,壬午,庚戌,2,2025,6,1,-0.009985350604718843,0,庚,戌,金,土,壬,午,水,火,False,False,-0.013348092857014831,2025-W24,2025-06
300750.SZ,2025-06-11,250.5,243.14,0.030271,279934,7006354.613,乙巳,壬午,辛亥,3,2025,6,1,0.029821511397271627,1,辛,亥,金,水,壬,午,水,火,False,False,-0.009985350604718843,2025-W24,2025-06
300750.SZ,2025-06-12,249.81,250.5,-0.002754,175696,4386403.721,乙巳,壬午,壬子,4,2025,6,1,-0.002758291609081874,0,壬,子,水,水,壬,午,水,火,False,False,0.029821511397271627,2025-W24,2025-06
300750.SZ,2025-06-13,248.2,249.81,-0.006445,174032,4322411.796,乙巳,壬午,癸丑,5,2025,6,1,-0.00646575614533086,0,癸,丑,水,土,壬,午,水,火,False,False,-0.002758291609081874,2025-W24,2025-06
300750.SZ,2025-06-16,246.66,248.2,-0.006205,122175,3013514.215,乙巳,壬午,丙辰,1,2025,6,1,-0.006224002632664749,0,丙,辰,火,土,壬,午,水,火,False,False,-0.00646575614533086,2025-W25,2025-06
300750.SZ,2025-06-17,246.26,246.66,-0.001622,97650,2407928.75,乙巳,壬午,丁巳,2,2025,6,1,-0.0016229817731166908,0,丁,巳,火,火,壬,午,水,火,False,False,-0.006224002632664749,2025-W25,2025-06
300750.SZ,2025-06-18,245.57,246.26,-0.002802,104605,2586543.839,乙巳,壬午,戊午,3,2025,6,1,-0.0028058493897704603,0,戊,午,土,火,壬,午,水,火,False,False,-0.0016229817731166908,2025-W25,2025-06
300750.SZ,2025-06-19,242.1,245.57,-0.01413,147984,3604508.604,乙巳,壬午,己未,4,2025,6,1,-0.01423117503094209,0,己,未,土,土,壬,午,水,火,False,False,-0.0028058493897704603,2025-W25,2025-06
300750.SZ,2025-06-20,240.26,242.1,-0.0076,136883,3293985.957,乙巳,壬午,庚申,5,2025,6,1,-0.007629193650783746,0,庚,申,金,金,壬,午,水,火,False,False,-0.01423117503094209,2025-W25,2025-06
300750.SZ,2025-06-23,239.61,240.26,-0.002705,127099,3040680.713,乙巳,壬午,癸亥,1,2025,6,1,-0.002709068695821696,0,癸,亥,水,水,壬,午,水,火,False,False,-0.007629193650783746,2025-W26,2025-06
300750.SZ,2025-06-24,245.92,239.61,0.026334,235010,5767361.454,乙巳,壬午,甲子,2,2025,6,1,0.025993678192878344,1,甲,子,木,水,壬,午,水,火,False,False,-0.002709068695821696,2025-W26,2025-06
300750.SZ,2025-06-25,254.9,245.92,0.036516,315377,7930320.892,乙巳,壬午,乙丑,3,2025,6,1,0.03586503159178413,1,乙,丑,木,土,壬,午,水,火,False,False,0.025993678192878344,2025-W26,2025-06
300750.SZ,2025-06-26,252.79,254.9,-0.008278,199145,5062386.537,乙巳,壬午,丙寅,4,2025,6,1,-0.008312206853790033,0,丙,寅,火,木,壬,午,水,火,False,True,0.03586503159178413,2025-W26,2025-06
300750.SZ,2025-06-27,250.99,252.79,-0.007121,236200,5985026.676,乙巳,壬午,丁卯,5,2025,6,1,-0.007146006827605324,0,丁,卯,火,木,壬,午,水,火,False,True,-0.008312206853790033,2025-W26,2025-06
300750.SZ,2025-06-30,252.22,250.99,0.004901,176233,4434817.078,乙巳,壬午,庚午,1,2025,6,1,0.004888624827053947,1,庚,午,金,火,壬,午,水,火,False,True,-0.007146006827605324,2025-W27,2025-06
300750.SZ,2025-07-01,251.5,252.22,-0.002855,95322,2395104.336,乙巳,壬午,辛未,2,2025,7,1,-0.002858732987934502,0,辛,未,金,土,壬,午,水,火,True,False,0.004888624827053947,2025-W27,2025-07
300750.SZ,2025-07-02,250.45,251.5,-0.004175,115713,2897311.834,乙巳,壬午,壬申,3,2025,7,1,-0.004183689736168155,0,壬,申,水,金,壬,午,水,火,True,False,-0.002858732987934502,2025-W27,2025-07
300750.SZ,2025-07-03,262.59,250.45,0.048473,338037,8746803.693,乙巳,壬午,癸酉,4,2025,7,1,0.04733458060883054,1,癸,酉,水,金,壬,午,水,火,True,False,-0.004183689736168155,2025-W27,2025-07
300750.SZ,2025-07-04,265.8,262.59,0.012224,272060,7214227.943,乙巳,壬午,甲戌,5,2025,7,1,0.012150265866688667,1,甲,戌,木,土,壬,午,水,火,True,False,0.04733458060883054,2025-W27,2025-07
300750.SZ,2025-07-07,260.89,265.8,-0.018473,174664,4568972.965,乙巳,癸未,丁丑,1,2025,7,1,-0.018645283732664653,0,丁,丑,火,土,癸,未,水,土,False,False,0.012150265866688667,2025-W28,2025-07
300750.SZ,2025-07-08,263.31,260.89,0.009276,155922,4104293.094,乙巳,癸未,戊寅,2,2025,7,1,0.009233182725655606,1,戊,寅,土,木,癸,未,水,土,False,False,-0.018645283732664653,2025-W28,2025-07
300750.SZ,2025-07-09,270.8,263.31,0.028446,293883,7948423.739,乙巳,癸未,己卯,3,2025,7,1,0.02804849576598413,1,己,卯,土,木,癸,未,水,土,False,False,0.009233182725655606,2025-W28,2025-07
300750.SZ,2025-07-10,272.0,270.8,0.004431,242393,6594201.202,乙巳,癸未,庚辰,4,2025,7,1,0.004421525257877256,1,庚,辰,金,土,癸,未,水,土,False,False,0.02804849576598413,2025-W28,2025-07
300750.SZ,2025-07-11,271.5,272.0,-0.001838,213281,5798544.034,乙巳,癸未,辛巳,5,2025,7,1,-0.0018399269220071826,0,辛,巳,金,火,癸,未,水,土,False,False,0.004421525257877256,2025-W28,2025-07
300750.SZ,2025-07-14,268.5,271.5,-0.01105,149788,4013693.003,乙巳,癸未,甲申,1,2025,7,1,-0.011111225425070722,0,甲,申,木,金,癸,未,水,土,False,False,-0.0018399269220071826,2025-W29,2025-07
300750.SZ,2025-07-15,267.75,268.5,-0.002793,169526,4553827.628,乙巳,癸未,乙酉,2,2025,7,1,-0.002797204621061254,0,乙,酉,木,金,癸,未,水,土,False,False,-0.011111225425070722,2025-W29,2025-07
300750.SZ,2025-07-16,264.4,267.75,-0.012512,156264,4135841.242,乙巳,癸未,丙戌,3,2025,7,1,-0.012590601350326996,0,丙,戌,火,土,癸,未,水,土,False,False,-0.002797204621061254,2025-W29,2025-07
300750.SZ,2025-07-17,265.5,264.4,0.00416,145110,3852746.251,乙巳,癸未,丁亥,4,2025,7,1,0.0041517327044623435,1,丁,亥,火,水,癸,未,水,土,False,False,-0.012590601350326996,2025-W29,2025-07
300750.SZ,2025-07-18,271.2,265.5,0.021469,221865,5981601.235,乙巳,癸未,戊子,5,2025,7,1,0.021241715384246938,1,戊,子,土,水,癸,未,水,土,False,False,0.0041517327044623435,2025-W29,2025-07
300750.SZ,2025-07-21,279.66,271.2,0.031195,324862,9047295.149,乙巳,癸未,辛卯,1,2025,7,1,0.030718023546464277,1,辛,卯,金,木,癸,未,水,土,False,False,0.021241715384246938,2025-W30,2025-07
300750.SZ,2025-07-22,286.66,279.66,0.02503,333090,9468912.161,乙巳,癸未,壬辰,2,2025,7,1,0.024722264882364963,1,壬,辰,水,土,癸,未,水,土,False,False,0.030718023546464277,2025-W30,2025-07
300750.SZ,2025-07-23,287.02,286.66,0.001256,200189,5772653.126,乙巳,癸未,癸巳,3,2025,7,1,0.0012550552477161212,1,癸,巳,水,火,癸,未,水,土,False,False,0.024722264882364963,2025-W30,2025-07
300750.SZ,2025-07-24,285.2,287.02,-0.006341,223891,6394082.072,乙巳,癸未,甲午,4,2025,7,1,-0.006361211202644869,0,甲,午,木,火,癸,未,水,土,False,False,0.0012550552477161212,2025-W30,2025-07
300750.SZ,2025-07-25,282.8,285.2,-0.008415,134326,3802835.26,乙巳,癸未,乙未,5,2025,7,1,-0.008450754517723124,0,乙,未,木,土,癸,未,水,土,False,False,-0.006361211202644869,2025-W30,2025-07
300750.SZ,2025-07-28,286.3,282.8,0.012376,238973,6830867.029,乙巳,癸未,戊戌,1,2025,7,1,0.012300278081651687,1,戊,戌,土,土,癸,未,水,土,False,True,-0.008450754517723124,2025-W31,2025-07
300750.SZ,2025-07-29,291.82,286.3,0.01928,233945,6785427.583,乙巳,癸未,己亥,2,2025,7,1,0.019096961731807027,1,己,亥,土,水,癸,未,水,土,False,True,0.012300278081651687,2025-W31,2025-07
300750.SZ,2025-07-30,277.09,291.82,-0.050476,415943,11712764.593,乙巳,癸未,庚子,3,2025,7,1,-0.05179481067298707,0,庚,子,金,水,癸,未,水,土,False,True,0.019096961731807027,2025-W31,2025-07
300750.SZ,2025-07-31,264.62,277.09,-0.045003,447103,12088514.551,乙巳,癸未,辛丑,4,2025,7,1,-0.04604752854862427,0,辛,丑,金,土,癸,未,水,土,False,True,-0.05179481067298707,2025-W31,2025-07
300750.SZ,2025-08-01,263.07,264.62,-0.005857,252500,6682814.646,乙巳,癸未,壬寅,5,2025,8,1,-0.005874678154891075,0,壬,寅,水,木,癸,未,水,土,True,False,-0.04604752854862427,2025-W31,2025-08
300750.SZ,2025-08-04,266.48,263.07,0.012962,237681,6286238.371,乙巳,癸未,乙巳,1,2025,8,1,0.012879037426050302,1,乙,巳,木,火,癸,未,水,土,True,False,-0.005874678154891075,2025-W32,2025-08
300750.SZ,2025-08-05,265.7,266.48,-0.002927,219760,5844478.67,乙巳,癸未,丙午,2,2025,8,1,-0.002931341119656521,0,丙,午,火,火,癸,未,水,土,True,False,0.012879037426050302,2025-W32,2025-08
300750.SZ,2025-08-06,265.0,265.7,-0.002635,153233,4058482.396,乙巳,癸未,丁未,3,2025,8,1,-0.002638026779545572,0,丁,未,火,土,癸,未,水,土,False,False,-0.002931341119656521,2025-W32,2025-08
300750.SZ,2025-08-07,263.05,265.0,-0.007358,165481,4363462.114,乙巳,甲申,戊申,4,2025,8,1,-0.007385697809405896,0,戊,申,土,金,甲,申,木,金,False,False,-0.002638026779545572,2025-W32,2025-08
300750.SZ,2025-08-08,263.48,263.05,0.001635,174282,4604736.203,乙巳,甲申,己酉,5,2025,8,1,0.00163333559567592,1,己,酉,土,金,甲,申,木,金,False,False,-0.007385697809405896,2025-W32,2025-08
300750.SZ,2025-08-11,263.66,263.48,0.000683,213308,5627553.11,乙巳,甲申,壬子,1,2025,8,1,0.0006829305573316181,1,壬,子,水,水,甲,申,木,金,False,False,0.00163333559567592,2025-W33,2025-08
300750.SZ,2025-08-12,263.25,263.66,-0.001555,222407,5829140.856,乙巳,甲申,癸丑,2,2025,8,1,-0.001556243315739087,0,癸,丑,水,土,甲,申,木,金,False,False,0.0006829305573316181,2025-W33,2025-08
300750.SZ,2025-08-13,273.6,263.25,0.039316,394667,10661084.797,乙巳,甲申,甲寅,3,2025,8,1,0.038563034734310594,1,甲,寅,木,木,甲,申,木,金,False,False,-0.001556243315739087,2025-W33,2025-08
300750.SZ,2025-08-14,279.89,273.6,0.02299,371707,10378442.059,乙巳,甲申,乙卯,4,2025,8,1,0.02272948308941286,1,乙,卯,木,木,甲,申,木,金,False,False,0.038563034734310594,2025-W33,2025-08
300750.SZ,2025-08-15,280.67,279.89,0.002787,241091,6735591.187,乙巳,甲申,丙辰,5,2025,8,1,0.002782933150444455,1,丙,辰,火,土,甲,申,木,金,False,False,0.02272948308941286,2025-W33,2025-08
300750.SZ,2025-08-18,283.0,280.67,0.008302,285287,8056186.542,乙巳,甲申,己未,1,2025,8,1,0.008267295654984843,1,己,未,土,土,甲,申,木,金,False,False,0.002782933150444455,2025-W34,2025-08
300750.SZ,2025-08-19,277.8,283.0,-0.018375,244285,6816442.573,乙巳,甲申,庚申,2,2025,8,1,-0.018545467322994207,0,庚,申,金,金,甲,申,木,金,False,False,0.008267295654984843,2025-W34,2025-08
300750.SZ,2025-08-20,279.2,276.8,0.008671,233534,6414344.337,乙巳,甲申,辛酉,3,2025,8,1,0.008633147144702875,1,辛,酉,金,金,甲,申,木,金,False,False,-0.018545467322994207,2025-W34,2025-08
300750.SZ,2025-08-21,279.0,279.2,-0.000716,182698,5103914.721,乙巳,甲申,壬戌,4,2025,8,1,-0.0007165890668517218,0,壬,戌,水,土,甲,申,木,金,False,False,0.008633147144702875,2025-W34,2025-08
300750.SZ,2025-08-22,287.18,279.0,0.029319,264218,7543698.628,乙巳,甲申,癸亥,5,2025,8,1,0.02889741504486531,1,癸,亥,水,水,甲,申,木,金,False,False,-0.0007165890668517218,2025-W34,2025-08
300750.SZ,2025-08-25,290.28,287.18,0.010795,312297,9046692.965,乙巳,甲申,丙寅,1,2025,8,1,0.010736777543705294,1,丙,寅,火,木,甲,申,木,金,False,False,0.02889741504486531,2025-W35,2025-08
300750.SZ,2025-08-26,289.5,290.28,-0.002687,230244,6648848.315,乙巳,甲申,丁卯,2,2025,8,1,-0.0026906773968861635,0,丁,卯,火,木,甲,申,木,金,False,False,0.010736777543705294,2025-W35,2025-08
300750.SZ,2025-08-27,278.3,289.5,-0.038687,382584,10859010.3,乙巳,甲申,戊辰,3,2025,8,1,-0.03945562848120474,0,戊,辰,土,土,甲,申,木,金,False,True,-0.0026906773968861635,2025-W35,2025-08
300750.SZ,2025-08-28,277.41,278.3,-0.003198,304664,8407974.991,乙巳,甲申,己巳,4,2025,8,1,-0.003203112274188109,0,己,巳,土,火,甲,申,木,金,False,True,-0.03945562848120474,2025-W35,2025-08
300750.SZ,2025-08-29,306.18,277.41,0.103709,780138,23482893.637,乙巳,甲申,庚午,5,2025,8,1,0.09867660804627801,1,庚,午,金,火,甲,申,木,金,False,True,-0.003203112274188109,2025-W35,2025-08
300750.SZ,2025-09-01,304.0,306.18,-0.00712,429964,13012795.663,乙巳,甲申,癸酉,1,2025,9,1,-0.0071454628977134236,0,癸,酉,水,金,甲,申,木,金,True,False,0.09867660804627801,2025-W36,2025-09
300750.SZ,2025-09-02,302.87,304.0,-0.003717,371168,11289093.083,乙巳,甲申,甲戌,2,2025,9,1,-0.0037240308663840115,0,甲,戌,木,土,甲,申,木,金,True,False,-0.0071454628977134236,2025-W36,2025-09
300750.SZ,2025-09-03,309.0,302.87,0.02024,508974,15640548.986,乙巳,甲申,乙亥,3,2025,9,1,0.020037606357907887,1,乙,亥,木,水,甲,申,木,金,True,False,-0.0037240308663840115,2025-W36,2025-09
300750.SZ,2025-09-04,304.03,309.0,-0.016084,657547,20442631.453,乙巳,甲申,丙子,4,2025,9,1,-0.016214896149963968,0,丙,子,火,水,甲,申,木,金,True,False,0.020037606357907887,2025-W36,2025-09
300750.SZ,2025-09-05,325.11,304.03,0.069335,708197,22440211.716,乙巳,甲申,丁丑,5,2025,9,1,0.06703720585523196,1,丁,丑,火,土,甲,申,木,金,True,False,-0.016214896149963968,2025-W36,2025-09
300750.SZ,2025-09-08,325.37,325.11,0.0008,588345,19349632.049,乙巳,乙酉,庚辰,1,2025,9,1,0.0007994097092799028,1,庚,辰,金,土,乙,酉,木,金,False,False,0.06703720585523196,2025-W37,2025-09
300750.SZ,2025-09-09,320.0,325.37,-0.016504,434023,14085497.658,乙巳,乙酉,辛巳,2,2025,9,1,-0.016642000518521268,0,辛,巳,金,火,乙,酉,木,金,False,False,0.0007994097092799028,2025-W37,2025-09
300750.SZ,2025-09-10,316.04,320.0,-0.012375,367526,11649703.595,乙巳,乙酉,壬午,3,2025,9,1,-0.012452207939239616,0,壬,午,水,火,乙,酉,木,金,False,False,-0.016642000518521268,2025-W37,2025-09
300750.SZ,2025-09-11,322.55,316.04,0.020599,380344,12060756.827,乙巳,乙酉,癸未,4,2025,9,1,0.020389375123718134,1,癸,未,水,土,乙,酉,木,金,False,False,-0.012452207939239616,2025-W37,2025-09
300750.SZ,2025-09-12,325.0,322.55,0.007596,338713,11031032.653,乙巳,乙酉,甲申,5,2025,9,1,0.007567019351486794,1,甲,申,木,金,乙,酉,木,金,False,False,0.020389375123718134,2025-W37,2025-09
300750.SZ,2025-09-15,354.7,325.0,0.091385,718410,25586615.241,乙巳,乙酉,丁亥,1,2025,9,1,0.08744717944983868,1,丁,亥,火,水,乙,酉,木,金,False,False,0.007567019351486794,2025-W38,2025-09
300750.SZ,2025-09-16,353.42,354.7,-0.003609,377444,13325722.242,乙巳,乙酉,戊子,2,2025,9,1,-0.0036152103996665735,0,戊,子,土,水,乙,酉,木,金,False,False,0.08744717944983868,2025-W38,2025-09
300750.SZ,2025-09-17,377.1,353.42,0.067002,543771,20113064.234,乙巳,乙酉,己丑,3,2025,9,1,0.06485325288440186,1,己,丑,土,土,乙,酉,木,金,False,False,-0.0036152103996665735,2025-W38,2025-09
300750.SZ,2025-09-18,366.89,377.1,-0.027075,518896,19308545.614,乙巳,乙酉,庚寅,4,2025,9,1,-0.02744832865744795,0,庚,寅,金,木,乙,酉,木,金,False,False,0.06485325288440186,2025-W38,2025-09
300750.SZ,2025-09-19,368.49,366.89,0.004361,339148,12515443.887,乙巳,乙酉,辛卯,5,2025,9,1,0.004351498612249285,1,辛,卯,金,木,乙,酉,木,金,False,False,-0.02744832865744795,2025-W38,2025-09
300750.SZ,2025-09-22,370.05,368.49,0.004233,285277,10474484.764,乙巳,乙酉,甲午,1,2025,9,1,0.00422455742436269,1,甲,午,木,火,乙,酉,木,金,False,False,0.004351498612249285,2025-W39,2025-09
300750.SZ,2025-09-23,368.15,370.05,-0.005134,348493,12813882.35,乙巳,乙酉,乙未,2,2025,9,1,-0.0051476678287496885,0,乙,未,木,土,乙,酉,木,金,False,False,0.00422455742436269,2025-W39,2025-09
300750.SZ,2025-09-24,379.93,368.15,0.031998,383145,14311189.086,乙巳,乙酉,丙申,3,2025,9,1,0.031496561410547026,1,丙,申,火,金,乙,酉,木,金,False,False,-0.0051476678287496885,2025-W39,2025-09
300750.SZ,2025-09-25,392.85,379.93,0.034006,466393,18251421.708,乙巳,乙酉,丁酉,4,2025,9,1,0.03344083439655799,1,丁,酉,火,金,乙,酉,木,金,False,False,0.031496561410547026,2025-W39,2025-09
300750.SZ,2025-09-26,380.4,392.85,-0.031691,362633,14106499.742,乙巳,乙酉,戊戌,5,2025,9,1,-0.03220452895059551,0,戊,戌,土,土,乙,酉,木,金,False,True,0.03344083439655799,2025-W39,2025-09
300750.SZ,2025-09-29,397.37,380.4,0.044611,389647,15381134.07,乙巳,乙酉,辛丑,1,2025,9,1,0.04364450590743406,1,辛,丑,金,土,乙,酉,木,金,False,True,-0.03220452895059551,2025-W40,2025-09
300750.SZ,2025-09-30,402.0,397.37,0.011652,330313,13278445.667,乙巳,乙酉,壬寅,2,2025,9,1,0.011584252040351751,1,壬,寅,水,木,乙,酉,木,金,False,True,0.04364450590743406,2025-W40,2025-09
300750.SZ,2025-10-09,409.89,402.0,0.019627,412088,16989122.538,乙巳,丙戌,辛亥,4,2025,10,1,0.019436742399485177,1,辛,亥,金,水,丙,戌,火,土,False,False,0.011584252040351751,2025-W41,2025-10
300750.SZ,2025-10-10,381.95,409.89,-0.068165,533117,20684330.795,乙巳,丙戌,壬子,5,2025,10,1,-0.07059912103113747,0,壬,子,水,水,丙,戌,火,土,False,False,0.019436742399485177,2025-W41,2025-10
300750.SZ,2025-10-13,374.5,381.95,-0.019505,471509,17618650.277,乙巳,丙戌,乙卯,1,2025,10,1,-0.019697907030094462,0,乙,卯,木,木,丙,戌,火,土,False,False,-0.07059912103113747,2025-W42,2025-10
300750.SZ,2025-10-14,358.0,374.5,-0.044059,496399,18319370.881,乙巳,丙戌,丙辰,2,2025,10,1,-0.04505881655657384,0,丙,辰,火,土,丙,戌,火,土,False,False,-0.019697907030094462,2025-W42,2025-10
300750.SZ,2025-10-15,369.3,358.0,0.031564,369933,13383852.917,乙巳,丙戌,丁巳,3,2025,10,1,0.03107633545781714,1,丁,巳,火,火,丙,戌,火,土,False,False,-0.04505881655657384,2025-W42,2025-10
300750.SZ,2025-10-16,368.5,369.3,-0.002166,276294,10185159.269,乙巳,丙戌,戊午,4,2025,10,1,-0.0021686102291262736,0,戊,午,土,火,丙,戌,火,土,False,False,0.03107633545781714,2025-W42,2025-10
300750.SZ,2025-10-17,358.14,368.5,-0.028114,319057,11588825.855,乙巳,丙戌,己未,5,2025,10,1,-0.028516740220777836,0,己,未,土,土,丙,戌,火,土,False,False,-0.0021686102291262736,2025-W42,2025-10
300750.SZ,2025-10-20,366.5,358.14,0.023343,284324,10372513.059,乙巳,丙戌,壬戌,1,2025,10,1,0.023074549918092838,1,壬,戌,水,土,丙,戌,火,土,False,False,-0.028516740220777836,2025-W43,2025-10
300750.SZ,2025-10-21,375.9,366.5,0.025648,446328,16784956.526,乙巳,丙戌,癸亥,2,2025,10,1,0.025324629243426103,1,癸,亥,水,水,丙,戌,火,土,False,False,0.023074549918092838,2025-W43,2025-10
300750.SZ,2025-10-22,372.86,375.9,-0.008087,219458,8178934.535,乙巳,丙戌,甲子,3,2025,10,1,-0.008120136502816714,0,甲,子,木,水,丙,戌,火,土,False,False,0.025324629243426103,2025-W43,2025-10
300750.SZ,2025-10-23,376.45,372.86,0.009628,239980,8982628.027,乙巳,丙戌,乙丑,4,2025,10,1,0.009582222228815846,1,乙,丑,木,土,丙,戌,火,土,False,False,-0.008120136502816714,2025-W43,2025-10
300750.SZ,2025-10-24,385.77,376.45,0.024758,320415,12276721.104,乙巳,丙戌,丙寅,5,2025,10,1,0.02445610065432596,1,丙,寅,火,木,丙,戌,火,土,False,False,0.009582222228815846,2025-W43,2025-10
300750.SZ,2025-10-27,386.18,385.77,0.001063,404510,15542852.577,乙巳,丙戌,己巳,1,2025,10,1,0.0010622450639353723,1,己,巳,土,火,丙,戌,火,土,False,True,0.02445610065432596,2025-W44,2025-10
300750.SZ,2025-10-28,386.48,386.18,0.000777,287082,11160796.766,乙巳,丙戌,庚午,2,2025,10,1,0.0007765382317585955,1,庚,午,金,火,丙,戌,火,土,False,True,0.0010622450639353723,2025-W44,2025-10
300750.SZ,2025-10-29,400.0,386.48,0.034982,344740,13644645.226,乙巳,丙戌,辛未,3,2025,10,1,0.03438442686183074,1,辛,未,金,土,丙,戌,火,土,False,True,0.0007765382317585955,2025-W44,2025-10
300750.SZ,2025-10-30,398.29,400.0,-0.004275,343060,13797530.229,乙巳,丙戌,壬申,4,2025,10,1,-0.004284163939051749,0,壬,申,水,金,丙,戌,火,土,False,True,0.03438442686183074,2025-W44,2025-10
300750.SZ,2025-10-31,388.77,398.29,-0.023902,340483,13515773.431,乙巳,丙戌,癸酉,5,2025,10,1,-0.024192474053497445,0,癸,酉,水,金,丙,戌,火,土,False,True,-0.004284163939051749,2025-W44,2025-10
300750.SZ,2025-11-03,386.86,388.77,-0.004913,263681,10106566.781,乙巳,丙戌,丙子,1,2025,11,1,-0.0049250386414809956,0,丙,子,火,水,丙,戌,火,土,True,False,-0.024192474053497445,2025-W45,2025-11
300750.SZ,2025-11-04,378.95,386.86,-0.020447,239390,9091842.153,乙巳,丙戌,丁丑,2,2025,11,1,-0.020658600215913606,0,丁,丑,火,土,丙,戌,火,土,True,False,-0.0049250386414809956,2025-W45,2025-11
300750.SZ,2025-11-05,388.7,378.95,0.025729,311425,11937586.811,乙巳,丙戌,戊寅,3,2025,11,1,0.025403567600139253,1,戊,寅,土,木,丙,戌,火,土,True,False,-0.020658600215913606,2025-W45,2025-11
300750.SZ,2025-11-06,394.68,388.7,0.015385,234474,9261688.312,乙巳,丙戌,己卯,4,2025,11,1,0.01526747213078838,1,己,卯,土,木,丙,戌,火,土,False,False,0.025403567600139253,2025-W45,2025-11
300750.SZ,2025-11-07,395.37,394.68,0.001748,165548,6516185.371,乙巳,丁亥,庚辰,5,2025,11,1,0.0017467253349415786,1,庚,辰,金,土,丁,亥,火,水,False,False,0.01526747213078838,2025-W45,2025-11
300750.SZ,2025-11-10,384.51,395.37,-0.027468,238959,9267204.047,乙巳,丁亥,癸未,1,2025,11,1,-0.02785223891406525,0,癸,未,水,土,丁,亥,火,水,False,False,0.0017467253349415786,2025-W46,2025-11
300750.SZ,2025-11-11,385.6,384.51,0.002835,193031,7500041.113,乙巳,丁亥,甲申,2,2025,11,1,0.0028307663265482183,1,甲,申,木,金,丁,亥,火,水,False,False,-0.02785223891406525,2025-W46,2025-11
300750.SZ,2025-11-12,386.38,385.6,0.002023,212998,8261238.197,乙巳,丁亥,乙酉,3,2025,11,1,0.0020207784280173936,1,乙,酉,木,金,丁,亥,火,水,False,False,0.0028307663265482183,2025-W46,2025-11
300750.SZ,2025-11-13,415.6,386.38,0.075625,562654,22945441.956,乙巳,丁亥,丙戌,4,2025,11,1,0.07290191806066441,1,丙,戌,火,土,丁,亥,火,水,False,False,0.0020207784280173936,2025-W46,2025-11
300750.SZ,2025-11-14,404.12,415.6,-0.027623,241721,9879119.548,乙巳,丁亥,丁亥,5,2025,11,1,-0.028011395665540863,0,丁,亥,火,水,丁,亥,火,水,False,False,0.07290191806066441,2025-W46,2025-11
300750.SZ,2025-11-17,390.78,404.12,-0.03301,476855,18542294.255,乙巳,丁亥,庚寅,1,2025,11,1,-0.03356712177316642,0,庚,寅,金,木,丁,亥,火,水,False,False,-0.028011395665540863,2025-W47,2025-11
300750.SZ,2025-11-18,385.0,390.78,-0.014791,395658,15353867.657,乙巳,丁亥,辛卯,2,2025,11,1,-0.01490140749858083,0,辛,卯,金,木,丁,亥,火,水,False,False,-0.03356712177316642,2025-W47,2025-11
300750.SZ,2025-11-19,391.1,385.0,0.015844,292666,11462348.543,乙巳,丁亥,壬辰,3,2025,11,1,0.015719947473684357,1,壬,辰,水,土,丁,亥,火,水,False,False,-0.01490140749858083,2025-W47,2025-11
300750.SZ,2025-11-20,379.39,391.1,-0.029941,336742,12895238.923,乙巳,丁亥,癸巳,4,2025,11,1,-0.03039858201434839,0,癸,巳,水,火,丁,亥,火,水,False,False,0.015719947473684357,2025-W47,2025-11
300750.SZ,2025-11-21,370.0,379.39,-0.02475,316313,11850710.342,乙巳,丁亥,甲午,5,2025,11,1,-0.025061694108849873,0,甲,午,木,火,丁,亥,火,水,False,False,-0.03039858201434839,2025-W47,2025-11
300750.SZ,2025-11-24,370.55,370.0,0.001486,228458,8464724.008,乙巳,丁亥,丁酉,1,2025,11,1,0.001485382759097788,1,丁,酉,火,金,丁,亥,火,水,False,False,-0.025061694108849873,2025-W48,2025-11
300750.SZ,2025-11-25,372.36,370.55,0.004885,206332,7733117.132,乙巳,丁亥,戊戌,2,2025,11,1,0.00487273985092134,1,戊,戌,土,土,丁,亥,火,水,False,False,0.001485382759097788,2025-W48,2025-11
300750.SZ,2025-11-26,372.82,372.36,0.001235,189106,7048903.988,乙巳,丁亥,己亥,3,2025,11,1,0.0012346011928102373,1,己,亥,土,水,丁,亥,火,水,False,True,0.00487273985092134,2025-W48,2025-11
300750.SZ,2025-11-27,371.2,372.82,-0.004345,222002,8289124.681,乙巳,丁亥,庚子,4,2025,11,1,-0.004354728529053989,0,庚,子,金,水,丁,亥,火,水,False,True,0.0012346011928102373,2025-W48,2025-11
300750.SZ,2025-11-28,373.2,371.2,0.005388,203402,7542337.298,乙巳,丁亥,辛丑,5,2025,11,1,0.0053734680611431445,1,辛,丑,金,土,丁,亥,火,水,False,True,-0.004354728529053989,2025-W48,2025-11
300750.SZ,2025-12-01,382.97,373.2,0.026179,267510,10120862.871,乙巳,丁亥,甲辰,1,2025,12,1,0.02584218815785921,1,甲,辰,木,土,丁,亥,火,水,True,False,0.0053734680611431445,2025-W49,2025-12
300750.SZ,2025-12-02,380.08,382.97,-0.007546,163484,6220569.502,乙巳,丁亥,乙巳,2,2025,12,1,-0.007574900252382114,0,乙,巳,木,火,丁,亥,火,水,True,False,0.02584218815785921,2025-W49,2025-12
300750.SZ,2025-12-03,376.08,380.08,-0.010524,139911,5294871.743,乙巳,丁亥,丙午,3,2025,12,1,-0.01057987016279084,0,丙,午,火,火,丁,亥,火,水,True,False,-0.007574900252382114,2025-W49,2025-12
300750.SZ,2025-12-04,383.35,376.08,0.019331,191658,7299943.081,乙巳,丁亥,丁未,4,2025,12,1,0.019146523289028453,1,丁,未,火,土,丁,亥,火,水,True,False,-0.01057987016279084,2025-W49,2025-12
300750.SZ,2025-12-05,389.09,383.35,0.014973,232915,9004580.816,乙巳,丁亥,戊申,5,2025,12,1,0.014862269321240794,1,戊,申,土,金,丁,亥,火,水,True,False,0.019146523289028453,2025-W49,2025-12
300750.SZ,2025-12-08,392.5,389.09,0.008764,216597,8476698.7,乙巳,戊子,辛亥,1,2025,12,1,0.008725857896318925,1,辛,亥,金,水,戊,子,土,水,False,False,0.014862269321240794,2025-W50,2025-12
300750.SZ,2025-12-09,387.59,392.5,-0.01251,186917,7255076.087,乙巳,戊子,壬子,2,2025,12,1,-0.012588457332274063,0,壬,子,水,水,戊,子,土,水,False,False,0.008725857896318925,2025-W50,2025-12
300750.SZ,2025-12-10,382.38,387.59,-0.013442,194334,7399361.241,乙巳,戊子,癸丑,3,2025,12,1,-0.013533201335931284,0,癸,丑,水,土,戊,子,土,水,False,False,-0.012588457332274063,2025-W50,2025-12
300750.SZ,2025-12-11,388.99,382.38,0.017286,282153,11089031.995,乙巳,戊子,甲寅,4,2025,12,1,0.017138757792885536,1,甲,寅,木,木,戊,子,土,水,False,False,-0.013533201335931284,2025-W50,2025-12
300750.SZ,2025-12-12,391.8,388.99,0.007224,240020,9355490.916,乙巳,戊子,乙卯,5,2025,12,1,0.007197869163297085,1,乙,卯,木,木,戊,子,土,水,False,False,0.017138757792885536,2025-W50,2025-12
300750.SZ,2025-12-15,385.5,391.8,-0.01608,182749,7099251.459,乙巳,戊子,戊午,1,2025,12,1,-0.016210312507056224,0,戊,午,土,火,戊,子,土,水,False,False,0.007197869163297085,2025-W51,2025-12
300750.SZ,2025-12-16,378.41,385.5,-0.018392,191216,7292054.835,乙巳,戊子,己未,2,2025,12,1,-0.018562929113538774,0,己,未,土,土,戊,子,土,水,False,False,-0.016210312507056224,2025-W51,2025-12
300750.SZ,2025-12-17,383.42,378.41,0.01324,222574,8453303.234,乙巳,戊子,庚申,3,2025,12,1,0.013152730202057913,1,庚,申,金,金,戊,子,土,水,False,False,-0.018562929113538774,2025-W51,2025-12
300750.SZ,2025-12-18,372.0,383.42,-0.029785,296392,11079385.459,乙巳,戊子,辛酉,4,2025,12,1,-0.03023713981875679,0,辛,酉,金,金,戊,子,土,水,False,False,0.013152730202057913,2025-W51,2025-12
300750.SZ,2025-12-19,374.0,372.0,0.005376,175599,6572807.89,乙巳,戊子,壬戌,5,2025,12,1,0.005361943141385373,1,壬,戌,水,土,戊,子,土,水,False,False,-0.03023713981875679,2025-W51,2025-12
300750.SZ,2025-12-22,371.84,374.0,-0.005775,254935,9489773.616,乙巳,戊子,乙丑,1,2025,12,1,-0.005792143191040293,0,乙,丑,木,土,戊,子,土,水,False,False,0.005361943141385373,2025-W52,2025-12
300750.SZ,2025-12-23,378.1,371.84,0.016835,236040,8879315.764,乙巳,戊子,丙寅,2,2025,12,1,0.016695056673395683,1,丙,寅,火,木,戊,子,土,水,False,False,-0.005792143191040293,2025-W52,2025-12
300750.SZ,2025-12-24,375.6,378.1,-0.006612,210883,7902857.946,乙巳,戊子,丁卯,3,2025,12,1,-0.006633963562779351,0,丁,卯,火,木,戊,子,土,水,False,False,0.016695056673395683,2025-W52,2025-12
300750.SZ,2025-12-25,373.01,375.6,-0.006896,203431,7559336.244,乙巳,戊子,戊辰,4,2025,12,1,-0.0069195183981901,0,戊,辰,土,土,戊,子,土,水,False,False,-0.006633963562779351,2025-W52,2025-12
300750.SZ,2025-12-26,374.43,373.01,0.003807,257236,9616116.053,乙巳,戊子,己巳,5,2025,12,1,0.0037996406625542207,1,己,巳,土,火,戊,子,土,水,False,False,-0.0069195183981901,2025-W52,2025-12
300750.SZ,2025-12-29,369.31,374.43,-0.013674,241240,8924502.783,乙巳,戊子,壬申,1,2025,12,1,-0.013768469850403621,0,壬,申,水,金,戊,子,土,水,False,True,0.0037996406625542207,2026-W01,2025-12
300750.SZ,2025-12-30,369.2,369.31,-0.000298,190308,7014015.794,乙巳,戊子,癸酉,2,2025,12,1,-0.00029789711937137746,0,癸,酉,水,金,戊,子,土,水,False,True,-0.013768469850403621,2026-W01,2025-12
300750.SZ,2025-12-31,367.26,369.2,-0.005255,160265,5920431.545,乙巳,戊子,甲戌,3,2025,12,1,-0.005268458537663603,0,甲,戌,木,土,戊,子,土,水,False,True,-0.00029789711937137746,2026-W01,2025-12
300750.SZ,2026-01-05,377.5,367.26,0.027882,336881,12583419.574,乙巳,己丑,己卯,1,2026,1,1,0.027500524598045962,1,己,卯,土,木,己,丑,土,土,True,False,-0.005268458537663603,2026-W02,2026-01
300750.SZ,2026-01-06,373.99,377.5,-0.009298,341477,12764795.667,乙巳,己丑,庚辰,2,2026,1,1,-0.009341509599927722,0,庚,辰,金,土,己,丑,土,土,False,False,0.027500524598045962,2026-W02,2026-01
300750.SZ,2026-01-07,371.01,373.99,-0.007968,262285,9730943.679,乙巳,己丑,辛巳,3,2026,1,1,-0.008000042667076376,0,辛,巳,金,火,己,丑,土,土,False,False,-0.009341509599927722,2026-W02,2026-01
300750.SZ,2026-01-08,369.21,371.01,-0.004852,269590,9962397.48,乙巳,己丑,壬午,4,2026,1,1,-0.004863428569720409,0,壬,午,水,火,己,丑,土,土,False,False,-0.008000042667076376,2026-W02,2026-01
300750.SZ,2026-01-09,369.23,369.21,5.4e-05,314771,11681035.309,乙巳,己丑,癸未,5,2026,1,1,5.416824658712185e-05,1,癸,未,水,土,己,丑,土,土,False,False,-0.004863428569720409,2026-W02,2026-01
300750.SZ,2026-01-12,361.68,369.23,-0.020448,488307,17505537.199,乙巳,己丑,丙戌,1,2026,1,1,-0.0206599131125924,0,丙,戌,火,土,己,丑,土,土,False,False,5.416824658712185e-05,2026-W03,2026-01
300750.SZ,2026-01-13,359.0,361.68,-0.00741,296709,10745692.37,乙巳,己丑,丁亥,2,2026,1,1,-0.007437454498070875,0,丁,亥,火,水,己,丑,土,土,False,False,-0.0206599131125924,2026-W03,2026-01
300750.SZ,2026-01-14,353.98,359.0,-0.013983,380833,13553362.724,乙巳,己丑,戊子,3,2026,1,1,-0.014081974125671113,0,戊,子,土,水,己,丑,土,土,False,False,-0.007437454498070875,2026-W03,2026-01
300750.SZ,2026-01-15,353.75,353.98,-0.00065,323709,11474019.06,乙巳,己丑,己丑,4,2026,1,1,-0.0006499654051603834,0,己,丑,土,土,己,丑,土,土,False,False,-0.014081974125671113,2026-W03,2026-01
300750.SZ,2026-01-16,352.32,353.75,-0.004042,319818,11350569.563,乙巳,己丑,庚寅,5,2026,1,1,-0.004050595423132311,0,庚,寅,金,木,己,丑,土,土,False,False,-0.0006499654051603834,2026-W03,2026-01
300750.SZ,2026-01-19,348.9,352.32,-0.009707,338642,11842421.264,乙巳,己丑,癸巳,1,2026,1,1,-0.00975450534158672,0,癸,巳,水,火,己,丑,土,土,False,False,-0.004050595423132311,2026-W04,2026-01
300750.SZ,2026-01-20,349.6,348.9,0.002006,354405,12466608.9,乙巳,己丑,甲午,2,2026,1,1,0.0020042955886520235,1,甲,午,木,火,己,丑,土,土,False,False,-0.00975450534158672,2026-W04,2026-01
300750.SZ,2026-01-21,349.81,349.6,0.000601,393935,13919426.405,乙巳,己丑,乙未,3,2026,1,1,0.0006005061589356317,1,乙,未,木,土,己,丑,土,土,False,False,0.0020042955886520235,2026-W04,2026-01
300750.SZ,2026-01-22,345.8,349.81,-0.011463,459948,15851213.229,乙巳,己丑,丙申,4,2026,1,1,-0.011529576691126064,0,丙,申,火,金,己,丑,土,土,False,False,0.0006005061589356317,2026-W04,2026-01
300750.SZ,2026-01-23,347.0,345.8,0.00347,339761,11775914.386,乙巳,己丑,丁酉,5,2026,1,1,0.003464206697668972,1,丁,酉,火,金,己,丑,土,土,False,False,-0.011529576691126064,2026-W04,2026-01
300750.SZ,2026-01-26,342.05,347.0,-0.014265,332913,11468681.279,乙巳,己丑,庚子,1,2026,1,1,-0.014367854739852155,0,庚,子,金,水,己,丑,土,土,False,False,0.003464206697668972,2026-W05,2026-01
300750.SZ,2026-01-27,339.4,342.05,-0.007747,322948,10953698.562,乙巳,己丑,辛丑,2,2026,1,1,-0.00777757240688116,0,辛,丑,金,土,己,丑,土,土,False,True,-0.014367854739852155,2026-W05,2026-01
300750.SZ,2026-01-28,339.99,339.4,0.001738,463081,15638344.009,乙巳,己丑,壬寅,3,2026,1,1,0.0017368526128410094,1,壬,寅,水,木,己,丑,土,土,False,True,-0.00777757240688116,2026-W05,2026-01
300750.SZ,2026-01-29,341.89,339.99,0.005588,338444,11569006.794,乙巳,己丑,癸卯,4,2026,1,1,0.005572842486326773,1,癸,卯,水,木,己,丑,土,土,False,True,0.0017368526128410094,2026-W05,2026-01
300750.SZ,2026-01-30,350.0,341.89,0.023721,486501,17048600.0,乙巳,己丑,甲辰,5,2026,1,1,0.023444106584165805,1,甲,辰,木,土,己,丑,土,土,False,True,0.005572842486326773,2026-W05,2026-01
300750.SZ,2026-02-02,348.98,350.0,-0.002914,391917,13766144.458,乙巳,己丑,丁未,1,2026,2,1,-0.0029185405133753915,0,丁,未,火,土,己,丑,土,土,True,False,0.023444106584165805,2026-W06,2026-02
300750.SZ,2026-02-03,347.91,348.98,-0.003066,265163,9220045.792,乙巳,己丑,戊申,2,2026,2,1,-0.003070788333362268,0,戊,申,土,金,己,丑,土,土,True,False,-0.0029185405133753915,2026-W06,2026-02
300750.SZ,2026-02-04,365.03,347.91,0.049208,485316,17369398.062,丙午,庚寅,己酉,3,2026,2,1,0.04803571634903236,1,己,酉,土,金,庚,寅,金,木,True,False,-0.003070788333362268,2026-W06,2026-02
300750.SZ,2026-02-05,362.94,365.03,-0.005726,284271,10268243.283,丙午,庚寅,庚戌,4,2026,2,1,-0.005742010638876164,0,庚,戌,金,土,庚,寅,金,木,True,False,0.04803571634903236,2026-W06,2026-02
300750.SZ,2026-02-06,369.11,362.94,0.017,393726,14514523.059,丙午,庚寅,辛亥,5,2026,2,1,0.016857171250813915,1,辛,亥,金,水,庚,寅,金,木,False,False,-0.005742010638876164,2026-W06,2026-02
300750.SZ,2026-02-09,368.82,369.11,-0.000786,274486,10080946.319,丙午,庚寅,甲寅,1,2026,2,1,-0.0007859824507186764,0,甲,寅,木,木,庚,寅,金,木,False,False,0.016857171250813915,2026-W07,2026-02
300750.SZ,2026-02-10,364.97,368.82,-0.010439,185634,6798020.174,丙午,庚寅,乙卯,2,2026,2,1,-0.010493561723232903,0,乙,卯,木,木,庚,寅,金,木,False,False,-0.0007859824507186764,2026-W07,2026-02
300750.SZ,2026-02-11,368.0,364.97,0.008302,196534,7239804.071,丙午,庚寅,丙辰,3,2026,2,1,0.00826777974519068,1,丙,辰,火,土,庚,寅,金,木,False,False,-0.010493561723232903,2026-W07,2026-02
300750.SZ,2026-02-12,375.87,368.0,0.021386,277545,10410892.196,丙午,庚寅,丁巳,4,2026,2,1,0.021160400756640062,1,丁,巳,火,火,庚,寅,金,木,False,False,0.00826777974519068,2026-W07,2026-02
300750.SZ,2026-02-13,365.34,375.87,-0.028015,223145,8229700.941,丙午,庚寅,戊午,5,2026,2,1,-0.028414912077033335,0,戊,午,土,火,庚,寅,金,木,False,False,0.021160400756640062,2026-W07,2026-02
300750.SZ,2026-02-24,361.95,365.34,-0.009279,226951,8316534.693,丙午,庚寅,己巳,2,2026,2,1,-0.00932234610938722,0,己,巳,土,火,庚,寅,金,木,False,True,-0.028414912077033335,2026-W09,2026-02
300750.SZ,2026-02-25,362.18,361.95,0.000635,187166,6802110.619,丙午,庚寅,庚午,3,2026,2,1,0.0006352450740460922,1,庚,午,金,火,庚,寅,金,木,False,True,-0.00932234610938722,2026-W09,2026-02
300750.SZ,2026-02-26,346.0,362.18,-0.044674,435413,15108143.01,丙午,庚寅,辛未,4,2026,2,1,-0.04570255075547211,0,辛,未,金,土,庚,寅,金,木,False,True,0.0006352450740460922,2026-W09,2026-02
300750.SZ,2026-02-27,342.01,346.0,-0.011532,254466,8775054.149,丙午,庚寅,壬申,5,2026,2,1,-0.011598798656510931,0,壬,申,水,金,庚,寅,金,木,False,True,-0.04570255075547211,2026-W09,2026-02
300750.SZ,2026-03-02,340.22,342.01,-0.005234,283513,9643254.984,丙午,庚寅,乙亥,1,2026,3,1,-0.005247509219776482,0,乙,亥,木,水,庚,寅,金,木,True,False,-0.011598798656510931,2026-W10,2026-03
300750.SZ,2026-03-03,344.07,340.22,0.011316,400074,13919957.238,丙午,庚寅,丙子,2,2026,3,1,0.011252657863103905,1,丙,子,火,水,庚,寅,金,木,True,False,-0.005247509219776482,2026-W10,2026-03
300750.SZ,2026-03-04,338.9,344.07,-0.015026,250804,8468604.902,丙午,庚寅,丁丑,3,2026,3,1,-0.015140046431535187,0,丁,丑,火,土,庚,寅,金,木,True,False,0.011252657863103905,2026-W10,2026-03
300750.SZ,2026-03-05,350.25,338.9,0.033491,310060,10819502.021,丙午,辛卯,戊寅,4,2026,3,1,0.03294210660411089,1,戊,寅,土,木,辛,卯,金,木,True,False,-0.015140046431535187,2026-W10,2026-03
300750.SZ,2026-03-06,354.77,350.25,0.012905,209631,7388868.682,丙午,辛卯,己卯,5,2026,3,1,0.012822506964667317,1,己,卯,土,木,辛,卯,金,木,False,False,0.03294210660411089,2026-W10,2026-03
300750.SZ,2026-03-09,357.5,354.77,0.007695,317976,11217996.825,丙午,辛卯,壬午,1,2026,3,1,0.007665669952278548,1,壬,午,水,火,辛,卯,金,木,False,False,0.012822506964667317,2026-W11,2026-03
300750.SZ,2026-03-10,376.3,357.5,0.052587,507417,19049080.513,丙午,辛卯,癸未,2,2026,3,1,0.051251335465329256,1,癸,未,水,土,辛,卯,金,木,False,False,0.007665669952278548,2026-W11,2026-03
300750.SZ,2026-03-11,396.8,376.3,0.054478,575986,22642696.276,丙午,辛卯,甲申,3,2026,3,1,0.05304567781132609,1,甲,申,木,金,辛,卯,金,木,False,False,0.051251335465329256,2026-W11,2026-03
300750.SZ,2026-03-12,395.5,396.8,-0.003276,291503,11537671.607,丙午,辛卯,乙酉,4,2026,3,1,-0.0032815882030091813,0,乙,酉,木,金,辛,卯,金,木,False,False,0.05304567781132609,2026-W11,2026-03
300750.SZ,2026-03-13,397.0,395.5,0.003793,355826,14201304.444,丙午,辛卯,丙戌,5,2026,3,1,0.0037854934794818865,1,丙,戌,火,土,辛,卯,金,木,False,False,-0.0032815882030091813,2026-W11,2026-03
300750.SZ,2026-03-16,408.4,397.0,0.028715,373521,15195015.005,丙午,辛卯,己丑,1,2026,3,1,0.028310805603320003,1,己,丑,土,土,辛,卯,金,木,False,False,0.0037854934794818865,2026-W12,2026-03
300750.SZ,2026-03-17,405.0,408.4,-0.008325,359806,14787230.79,丙午,辛卯,庚寅,2,2026,3,1,-0.00836001918397133,0,庚,寅,金,木,辛,卯,金,木,False,False,0.028310805603320003,2026-W12,2026-03
300750.SZ,2026-03-18,402.02,405.0,-0.007358,265299,10653633.584,丙午,辛卯,辛卯,3,2026,3,1,-0.007385228481289088,0,辛,卯,金,木,辛,卯,金,木,False,False,-0.00836001918397133,2026-W12,2026-03
300750.SZ,2026-03-19,400.5,402.02,-0.003781,292866,11867380.765,丙午,辛卯,壬辰,4,2026,3,1,-0.0037880721168361297,0,壬,辰,水,土,辛,卯,金,木,False,False,-0.007385228481289088,2026-W12,2026-03
300750.SZ,2026-03-20,413.0,400.5,0.031211,537296,22252017.693,丙午,辛卯,癸巳,5,2026,3,1,0.030733826452618917,1,癸,巳,水,火,辛,卯,金,木,False,False,-0.0037880721168361297,2026-W12,2026-03
300750.SZ,2026-03-23,401.99,413.0,-0.026659,446141,18193336.487,丙午,辛卯,丙申,1,2026,3,1,-0.027020380273305687,0,丙,申,火,金,辛,卯,金,木,False,False,0.030733826452618917,2026-W13,2026-03
300750.SZ,2026-03-24,396.99,401.99,-0.012438,364105,14439124.61,丙午,辛卯,丁酉,2,2026,3,1,-0.012516121234659304,0,丁,酉,火,金,辛,卯,金,木,False,False,-0.027020380273305687,2026-W13,2026-03
300750.SZ,2026-03-25,397.81,396.99,0.002066,267528,10553996.247,丙午,辛卯,戊戌,3,2026,3,1,0.0020634129112755716,1,戊,戌,土,土,辛,卯,金,木,False,False,-0.012516121234659304,2026-W13,2026-03
300750.SZ,2026-03-26,402.5,397.81,0.01179,267636,10811439.764,丙午,辛卯,己亥,4,2026,3,1,0.011720592494274684,1,己,亥,土,水,辛,卯,金,木,False,False,0.0020634129112755716,2026-W13,2026-03
300750.SZ,2026-03-27,416.18,402.5,0.033988,302580,12465856.864,丙午,辛卯,庚子,5,2026,3,1,0.03342276212601549,1,庚,子,金,水,辛,卯,金,木,False,True,0.011720592494274684,2026-W13,2026-03
300750.SZ,2026-03-30,413.0,416.18,-0.007641,253484,10440376.424,丙午,辛卯,癸卯,1,2026,3,1,-0.007670266023600758,0,癸,卯,水,木,辛,卯,金,木,False,True,0.03342276212601549,2026-W14,2026-03
300750.SZ,2026-03-31,401.7,413.0,-0.027361,249256,10159878.346,丙午,辛卯,甲辰,2,2026,3,1,-0.02774205159579624,0,甲,辰,木,土,辛,卯,金,木,False,True,-0.007670266023600758,2026-W14,2026-03
300750.SZ,2026-04-01,405.71,401.7,0.009983,231700,9384266.504,丙午,辛卯,乙巳,3,2026,4,1,0.0099330772986273,1,乙,巳,木,火,辛,卯,金,木,True,False,-0.02774205159579624,2026-W14,2026-04
300750.SZ,2026-04-02,401.17,405.71,-0.01119,223056,8988161.794,丙午,辛卯,丙午,4,2026,4,1,-0.011253341044904388,0,丙,午,火,火,辛,卯,金,木,True,False,0.0099330772986273,2026-W14,2026-04
300750.SZ,2026-04-03,386.46,401.17,-0.036668,247515,9640031.385,丙午,辛卯,丁未,5,2026,4,1,-0.037356907832105164,0,丁,未,火,土,辛,卯,金,木,True,False,-0.011253341044904388,2026-W14,2026-04
300750.SZ,2026-04-07,384.59,386.46,-0.004839,172576,6675632.984,丙午,壬辰,辛亥,2,2026,4,1,-0.0048505380102495076,0,辛,亥,金,水,壬,辰,水,土,False,False,-0.037356907832105164,2026-W15,2026-04
300750.SZ,2026-04-08,391.3,384.59,0.017447,364184,14315333.338,丙午,壬辰,壬子,3,2026,4,1,0.01729669743976196,1,壬,子,水,水,壬,辰,水,土,False,False,-0.0048505380102495076,2026-W15,2026-04
300750.SZ,2026-04-09,389.99,391.3,-0.003348,259551,10132744.607,丙午,壬辰,癸丑,4,2026,4,1,-0.0033534314470524676,0,癸,丑,水,土,壬,辰,水,土,False,False,0.01729669743976196,2026-W15,2026-04
300750.SZ,2026-04-10,416.0,389.99,0.066694,507887,20752496.341,丙午,壬辰,甲寅,5,2026,4,1,0.06456416249194896,1,甲,寅,木,木,壬,辰,水,土,False,False,-0.0033534314470524676,2026-W15,2026-04
300750.SZ,2026-04-13,427.13,416.0,0.026755,412399,17625505.878,丙午,壬辰,丁巳,1,2026,4,1,0.02640315628068316,1,丁,巳,火,火,壬,辰,水,土,False,False,0.06456416249194896,2026-W16,2026-04
300750.SZ,2026-04-14,430.79,427.13,0.008569,442208,18663656.303,丙午,壬辰,戊午,2,2026,4,1,0.008532315843200473,1,戊,午,土,火,壬,辰,水,土,False,False,0.02640315628068316,2026-W16,2026-04
300750.SZ,2026-04-15,431.0,430.79,0.000487,373536,16122379.46,丙午,壬辰,己未,3,2026,4,1,0.00048735771860095587,1,己,未,土,土,壬,辰,水,土,False,False,0.008532315843200473,2026-W16,2026-04
300750.SZ,2026-04-16,453.98,431.0,0.053318,635062,28517416.468,丙午,壬辰,庚申,4,2026,4,1,0.05194505410380818,1,庚,申,金,金,壬,辰,水,土,False,False,0.00048735771860095587,2026-W16,2026-04
300750.SZ,2026-04-17,444.2,453.98,-0.021543,365358,16290232.436,丙午,壬辰,辛酉,5,2026,4,1,-0.021778232747228978,0,辛,酉,金,金,壬,辰,水,土,False,False,0.05194505410380818,2026-W16,2026-04
300750.SZ,2026-04-20,432.5,444.2,-0.026339,529278,22768028.85,丙午,壬辰,甲子,1,2026,4,1,-0.026692585088393027,0,甲,子,木,水,壬,辰,水,土,False,False,-0.021778232747228978,2026-W17,2026-04
300750.SZ,2026-04-21,447.6,432.5,0.034913,577745,25412275.749,丙午,壬辰,乙丑,2,2026,4,1,0.0343176500658363,1,乙,丑,木,土,壬,辰,水,土,False,False,-0.026692585088393027,2026-W17,2026-04
300750.SZ,2026-04-22,436.35,440.69,-0.009848,460254,20173924.648,丙午,壬辰,丙寅,3,2026,4,1,-0.009897006808038672,0,丙,寅,火,木,壬,辰,水,土,False,False,0.0343176500658363,2026-W17,2026-04
300750.SZ,2026-04-23,438.9,436.35,0.005844,354309,15566836.621,丙午,壬辰,丁卯,4,2026,4,1,0.00582692308486781,1,丁,卯,火,木,壬,辰,水,土,False,False,-0.009897006808038672,2026-W17,2026-04
300750.SZ,2026-04-24,444.9,438.9,0.013671,395424,17517374.359,丙午,壬辰,戊辰,5,2026,4,1,0.013577941117807826,1,戊,辰,土,土,壬,辰,水,土,False,False,0.00582692308486781,2026-W17,2026-04
300750.SZ,2026-04-27,434.88,444.9,-0.022522,330612,14514326.132,丙午,壬辰,辛未,1,2026,4,1,-0.022779406849217115,0,辛,未,金,土,壬,辰,水,土,False,True,0.013577941117807826,2026-W18,2026-04
300750.SZ,2026-04-28,427.67,434.88,-0.016579,350121,14992134.063,丙午,壬辰,壬申,2,2026,4,1,-0.01671826081335889,0,壬,申,水,金,壬,辰,水,土,False,True,-0.022779406849217115,2026-W18,2026-04
300750.SZ,2026-04-29,445.0,427.67,0.040522,376335,16473164.318,丙午,壬辰,癸酉,3,2026,4,1,0.03972241201682024,1,癸,酉,水,金,壬,辰,水,土,False,True,-0.01671826081335889,2026-W18,2026-04
300750.SZ,2026-04-30,436.0,445.0,-0.020225,298120,13127297.982,丙午,壬辰,甲戌,4,2026,4,1,-0.020432038817205855,0,甲,戌,木,土,壬,辰,水,土,False,True,0.03972241201682024,2026-W18,2026-04
300750.SZ,2026-05-06,460.0,436.0,0.055046,473727,21679900.613,丙午,癸巳,庚辰,3,2026,5,1,0.05358424613410626,1,庚,辰,金,土,癸,巳,水,火,False,False,-0.020432038817205855,2026-W19,2026-05
300750.SZ,2026-05-07,451.64,460.0,-0.018174,386212,17551196.925,丙午,癸巳,辛巳,4,2026,5,1,-0.018341087170819267,0,辛,巳,金,火,癸,巳,水,火,False,False,0.05358424613410626,2026-W19,2026-05
300750.SZ,2026-05-08,437.0,451.64,-0.032415,366048,16224287.222,丙午,癸巳,壬午,5,2026,5,1,-0.032952207216731276,0,壬,午,水,火,癸,巳,水,火,False,False,-0.018341087170819267,2026-W19,2026-05
300750.SZ,2026-05-11,446.11,437.0,0.020847,341901,15198345.088,丙午,癸巳,乙酉,1,2026,5,1,0.020632363285925964,1,乙,酉,木,金,癸,巳,水,火,False,False,-0.032952207216731276,2026-W20,2026-05
300750.SZ,2026-05-12,431.25,446.11,-0.03331,341514,14869224.128,丙午,癸巳,丙戌,2,2026,5,1,-0.033877590035946606,0,丙,戌,火,土,癸,巳,水,火,False,False,0.020632363285925964,2026-W20,2026-05
300750.SZ,2026-05-13,434.05,431.25,0.006493,316858,13668347.814,丙午,癸巳,丁亥,3,2026,5,1,0.006471766492247528,1,丁,亥,火,水,癸,巳,水,火,False,False,-0.033877590035946606,2026-W20,2026-05
