ts_code,trade_date,close_price,pre_close,pct_chg,volume,amount,year_ganzhi,month_ganzhi,day_ganzhi,weekday,year,month,is_trading_day,log_return,direction,day_tian_gan,day_di_zhi,day_tg_wuxing,day_dz_wuxing,month_tian_gan,month_di_zhi,month_tg_wuxing,month_dz_wuxing,is_month_start,is_month_end,prev_log_return,week_number,year_month
601288.SH,2010-07-15,2.7,2.68,0.0075,40397251,10949613.782,庚寅,癸未,丙寅,4,2010,7,1,0.007434978487517991,1,丙,寅,火,木,癸,未,水,土,False,False,,2010-W28,2010-07
601288.SH,2010-07-16,2.69,2.7,-0.0037,13789551,3707551.294,庚寅,癸未,丁卯,5,2010,7,1,-0.003710579396535713,0,丁,卯,火,木,癸,未,水,土,False,False,0.007434978487517991,2010-W28,2010-07
601288.SH,2010-07-19,2.71,2.69,0.0074,11467383,3088010.379,庚寅,癸未,庚午,1,2010,7,1,0.007407441277861818,1,庚,午,金,火,癸,未,水,土,False,False,-0.003710579396535713,2010-W29,2010-07
601288.SH,2010-07-20,2.71,2.71,0.0,8442260,2278829.237,庚寅,癸未,辛未,2,2010,7,1,0.0,0,辛,未,金,土,癸,未,水,土,False,False,0.007407441277861818,2010-W29,2010-07
601288.SH,2010-07-21,2.71,2.71,0.0,6220943,1678918.049,庚寅,癸未,壬申,3,2010,7,1,0.0,0,壬,申,水,金,癸,未,水,土,False,False,0.0,2010-W29,2010-07
601288.SH,2010-07-22,2.73,2.71,0.0074,10651225,2895029.118,庚寅,癸未,癸酉,4,2010,7,1,0.007352974305258733,1,癸,酉,水,金,癸,未,水,土,False,False,0.0,2010-W29,2010-07
601288.SH,2010-07-23,2.81,2.73,0.0293,17927829,5001163.717,庚寅,癸未,甲戌,5,2010,7,1,0.028882874148786146,1,甲,戌,木,土,癸,未,水,土,False,False,0.007352974305258733,2010-W29,2010-07
601288.SH,2010-07-26,2.8,2.81,-0.0036,7046938,1974873.434,庚寅,癸未,丁丑,1,2010,7,1,-0.003565066164496257,0,丁,丑,火,土,癸,未,水,土,False,False,0.028882874148786146,2010-W30,2010-07
601288.SH,2010-07-27,2.78,2.8,-0.0071,3844839,1070439.99,庚寅,癸未,戊寅,2,2010,7,1,-0.007168489478612516,0,戊,寅,土,木,癸,未,水,土,False,True,-0.003565066164496257,2010-W30,2010-07
601288.SH,2010-07-28,2.84,2.78,0.0216,7969171,2248740.081,庚寅,癸未,己卯,3,2010,7,1,0.02135312447056906,1,己,卯,土,木,癸,未,水,土,False,True,-0.007168489478612516,2010-W30,2010-07
601288.SH,2010-07-29,2.83,2.84,-0.0035,8945883,2542991.631,庚寅,癸未,庚辰,4,2010,7,1,-0.0035273405179682992,0,庚,辰,金,土,癸,未,水,土,False,True,0.02135312447056906,2010-W30,2010-07
601288.SH,2010-07-30,2.79,2.83,-0.0141,5106245,1423707.806,庚寅,癸未,辛巳,5,2010,7,1,-0.014235115821871985,0,辛,巳,金,火,癸,未,水,土,False,True,-0.0035273405179682992,2010-W30,2010-07
601288.SH,2010-08-02,2.8,2.79,0.0036,5215746,1454410.936,庚寅,癸未,甲申,1,2010,8,1,0.0035778213478839024,1,甲,申,木,金,癸,未,水,土,True,False,-0.014235115821871985,2010-W31,2010-08
601288.SH,2010-08-03,2.73,2.8,-0.025,5667042,1568202.174,庚寅,癸未,乙酉,2,2010,8,1,-0.025317807984289783,0,乙,酉,木,金,癸,未,水,土,True,False,0.0035778213478839024,2010-W31,2010-08
601288.SH,2010-08-04,2.73,2.73,0.0,4138634,1127311.96,庚寅,癸未,丙戌,3,2010,8,1,0.0,0,丙,戌,火,土,癸,未,水,土,True,False,-0.025317807984289783,2010-W31,2010-08
601288.SH,2010-08-05,2.72,2.73,-0.0037,3355002,911158.946,庚寅,癸未,丁亥,4,2010,8,1,-0.00366972888896229,0,丁,亥,火,水,癸,未,水,土,True,False,0.0,2010-W31,2010-08
601288.SH,2010-08-06,2.72,2.72,0.0,3280149,891315.216,庚寅,癸未,戊子,5,2010,8,1,0.0,0,戊,子,土,水,癸,未,水,土,False,False,-0.00366972888896229,2010-W31,2010-08
601288.SH,2010-08-09,2.72,2.72,0.0,4598875,1246015.558,庚寅,甲申,辛卯,1,2010,8,1,0.0,0,辛,卯,金,木,甲,申,木,金,False,False,0.0,2010-W32,2010-08
601288.SH,2010-08-10,2.69,2.72,-0.011,5066835,1364669.77,庚寅,甲申,壬辰,2,2010,8,1,-0.011090686694158284,0,壬,辰,水,土,甲,申,木,金,False,False,0.0,2010-W32,2010-08
601288.SH,2010-08-11,2.69,2.69,0.0,4681193,1258909.839,庚寅,甲申,癸巳,3,2010,8,1,0.0,0,癸,巳,水,火,甲,申,木,金,False,False,-0.011090686694158284,2010-W32,2010-08
601288.SH,2010-08-12,2.68,2.69,-0.0037,5115667,1372025.969,庚寅,甲申,甲午,4,2010,8,1,-0.003724399090982328,0,甲,午,木,火,甲,申,木,金,False,False,0.0,2010-W32,2010-08
601288.SH,2010-08-13,2.69,2.68,0.0037,6615541,1774477.668,庚寅,甲申,乙未,5,2010,8,1,0.0037243990909822727,1,乙,未,木,土,甲,申,木,金,False,False,-0.003724399090982328,2010-W32,2010-08
601288.SH,2010-08-16,2.71,2.69,0.0074,3865491,1043020.826,庚寅,甲申,戊戌,1,2010,8,1,0.007407441277861818,1,戊,戌,土,土,甲,申,木,金,False,False,0.0037243990909822727,2010-W33,2010-08
601288.SH,2010-08-17,2.69,2.71,-0.0074,3327280,894785.929,庚寅,甲申,己亥,2,2010,8,1,-0.007407441277861805,0,己,亥,土,水,甲,申,木,金,False,False,0.007407441277861818,2010-W33,2010-08
601288.SH,2010-08-18,2.69,2.69,0.0,3959870,1065636.651,庚寅,甲申,庚子,3,2010,8,1,0.0,0,庚,子,金,水,甲,申,木,金,False,False,-0.007407441277861805,2010-W33,2010-08
601288.SH,2010-08-19,2.69,2.69,0.0,4142537,1113238.225,庚寅,甲申,辛丑,4,2010,8,1,0.0,0,辛,丑,金,土,甲,申,木,金,False,False,0.0,2010-W33,2010-08
601288.SH,2010-08-20,2.68,2.69,-0.0037,4295121,1151677.302,庚寅,甲申,壬寅,5,2010,8,1,-0.003724399090982328,0,壬,寅,水,木,甲,申,木,金,False,False,0.0,2010-W33,2010-08
601288.SH,2010-08-23,2.68,2.68,0.0,1466815,393475.945,庚寅,甲申,乙巳,1,2010,8,1,0.0,0,乙,巳,木,火,甲,申,木,金,False,False,-0.003724399090982328,2010-W34,2010-08
601288.SH,2010-08-24,2.69,2.68,0.0037,2563052,688912.741,庚寅,甲申,丙午,2,2010,8,1,0.0037243990909822727,1,丙,午,火,火,甲,申,木,金,False,False,0.0,2010-W34,2010-08
601288.SH,2010-08-25,2.68,2.69,-0.0037,3366945,902581.625,庚寅,甲申,丁未,3,2010,8,1,-0.003724399090982328,0,丁,未,火,土,甲,申,木,金,False,False,0.0037243990909822727,2010-W34,2010-08
601288.SH,2010-08-26,2.69,2.68,0.0037,1727320,463500.799,庚寅,甲申,戊申,4,2010,8,1,0.0037243990909822727,1,戊,申,土,金,甲,申,木,金,False,False,-0.003724399090982328,2010-W34,2010-08
601288.SH,2010-08-27,2.69,2.69,0.0,1534878,411906.555,庚寅,甲申,己酉,5,2010,8,1,0.0,0,己,酉,土,金,甲,申,木,金,False,True,0.0037243990909822727,2010-W34,2010-08
601288.SH,2010-08-30,2.7,2.69,0.0037,3661373,986902.618,庚寅,甲申,壬子,1,2010,8,1,0.0037105793965357746,1,壬,子,水,水,甲,申,木,金,False,True,0.0,2010-W35,2010-08
601288.SH,2010-08-31,2.69,2.7,-0.0037,2288977,615761.228,庚寅,甲申,癸丑,2,2010,8,1,-0.003710579396535713,0,癸,丑,水,土,甲,申,木,金,False,True,0.0037105793965357746,2010-W35,2010-08
601288.SH,2010-09-01,2.68,2.69,-0.0037,3136429,842476.714,庚寅,甲申,甲寅,3,2010,9,1,-0.003724399090982328,0,甲,寅,木,木,甲,申,木,金,True,False,-0.003710579396535713,2010-W35,2010-09
601288.SH,2010-09-02,2.69,2.68,0.0037,1676088,449766.181,庚寅,甲申,乙卯,4,2010,9,1,0.0037243990909822727,1,乙,卯,木,木,甲,申,木,金,True,False,-0.003724399090982328,2010-W35,2010-09
601288.SH,2010-09-03,2.69,2.69,0.0,2825240,758869.045,庚寅,甲申,丙辰,5,2010,9,1,0.0,0,丙,辰,火,土,甲,申,木,金,True,False,0.0037243990909822727,2010-W35,2010-09
601288.SH,2010-09-06,2.7,2.69,0.0037,2439620,656577.623,庚寅,甲申,己未,1,2010,9,1,0.0037105793965357746,1,己,未,土,土,甲,申,木,金,False,False,0.0,2010-W36,2010-09
601288.SH,2010-09-07,2.69,2.7,-0.0037,1712861,460782.492,庚寅,甲申,庚申,2,2010,9,1,-0.003710579396535713,0,庚,申,金,金,甲,申,木,金,False,False,0.0037105793965357746,2010-W36,2010-09
601288.SH,2010-09-08,2.7,2.69,0.0037,2253965,605671.724,庚寅,乙酉,辛酉,3,2010,9,1,0.0037105793965357746,1,辛,酉,金,金,乙,酉,木,金,False,False,-0.003710579396535713,2010-W36,2010-09
601288.SH,2010-09-09,2.69,2.7,-0.0037,2232502,599339.497,庚寅,乙酉,壬戌,4,2010,9,1,-0.003710579396535713,0,壬,戌,水,土,乙,酉,木,金,False,False,0.0037105793965357746,2010-W36,2010-09
601288.SH,2010-09-10,2.69,2.69,0.0,2849695,765617.295,庚寅,乙酉,癸亥,5,2010,9,1,0.0,0,癸,亥,水,水,乙,酉,木,金,False,False,-0.003710579396535713,2010-W36,2010-09
601288.SH,2010-09-13,2.7,2.69,0.0037,2973850,800205.139,庚寅,乙酉,丙寅,1,2010,9,1,0.0037105793965357746,1,丙,寅,火,木,乙,酉,木,金,False,False,0.0,2010-W37,2010-09
601288.SH,2010-09-14,2.69,2.7,-0.0037,2182471,587166.568,庚寅,乙酉,丁卯,2,2010,9,1,-0.003710579396535713,0,丁,卯,火,木,乙,酉,木,金,False,False,0.0037105793965357746,2010-W37,2010-09
601288.SH,2010-09-15,2.68,2.69,-0.0037,1797044,481997.209,庚寅,乙酉,戊辰,3,2010,9,1,-0.003724399090982328,0,戊,辰,土,土,乙,酉,木,金,False,False,-0.003710579396535713,2010-W37,2010-09
601288.SH,2010-09-16,2.63,2.68,-0.0187,5433750,1437568.886,庚寅,乙酉,己巳,4,2010,9,1,-0.01883294833309224,0,己,巳,土,火,乙,酉,木,金,False,False,-0.003724399090982328,2010-W37,2010-09
601288.SH,2010-09-17,2.6,2.63,-0.0114,2606874,676648.55,庚寅,乙酉,庚午,5,2010,9,1,-0.011472401162236696,0,庚,午,金,火,乙,酉,木,金,False,False,-0.01883294833309224,2010-W37,2010-09
601288.SH,2010-09-20,2.6,2.6,0.0,1653958,429141.735,庚寅,乙酉,癸酉,1,2010,9,1,0.0,0,癸,酉,水,金,乙,酉,木,金,False,False,-0.011472401162236696,2010-W38,2010-09
601288.SH,2010-09-21,2.59,2.6,-0.0038,752218,195137.107,庚寅,乙酉,甲戌,2,2010,9,1,-0.0038535693159900777,0,甲,戌,木,土,乙,酉,木,金,False,False,0.0,2010-W38,2010-09
601288.SH,2010-09-27,2.59,2.59,0.0,961037,248183.687,庚寅,乙酉,庚辰,1,2010,9,1,0.0,0,庚,辰,金,土,乙,酉,木,金,False,True,-0.0038535693159900777,2010-W39,2010-09
601288.SH,2010-09-28,2.57,2.59,-0.0077,888310,228960.485,庚寅,乙酉,辛巳,2,2010,9,1,-0.007751976804317936,0,辛,巳,金,火,乙,酉,木,金,False,True,0.0,2010-W39,2010-09
601288.SH,2010-09-29,2.53,2.57,-0.0156,1394755,355972.075,庚寅,乙酉,壬午,3,2010,9,1,-0.01568659616769962,0,壬,午,水,火,乙,酉,木,金,False,True,-0.007751976804317936,2010-W39,2010-09
601288.SH,2010-09-30,2.61,2.53,0.0316,2524757,657088.029,庚寅,乙酉,癸未,4,2010,9,1,0.031130918595173213,1,癸,未,水,土,乙,酉,木,金,False,True,-0.01568659616769962,2010-W39,2010-09
601288.SH,2010-10-08,2.67,2.61,0.023,3442118,916298.558,庚寅,丙戌,辛卯,5,2010,10,1,0.02272825107755609,1,辛,卯,金,木,丙,戌,火,土,False,False,0.031130918595173213,2010-W40,2010-10
601288.SH,2010-10-11,2.7,2.67,0.0112,5725404,1543154.227,庚寅,丙戌,甲午,1,2010,10,1,0.011173300598125255,1,甲,午,木,火,丙,戌,火,土,False,False,0.02272825107755609,2010-W41,2010-10
601288.SH,2010-10-12,2.68,2.7,-0.0074,2194685,587754.681,庚寅,丙戌,乙未,2,2010,10,1,-0.00743497848751809,0,乙,未,木,土,丙,戌,火,土,False,False,0.011173300598125255,2010-W41,2010-10
601288.SH,2010-10-13,2.71,2.68,0.0112,5141264,1383467.291,庚寅,丙戌,丙申,3,2010,10,1,0.011131840368844199,1,丙,申,火,金,丙,戌,火,土,False,False,-0.00743497848751809,2010-W41,2010-10
601288.SH,2010-10-14,2.79,2.71,0.0295,13279412,3700757.084,庚寅,丙戌,丁酉,4,2010,10,1,0.02909296094166477,1,丁,酉,火,金,丙,戌,火,土,False,False,0.011131840368844199,2010-W41,2010-10
601288.SH,2010-10-15,2.95,2.79,0.0573,16637922,4798576.292,庚寅,丙戌,戊戌,5,2010,10,1,0.05576357451845429,1,戊,戌,土,土,丙,戌,火,土,False,False,0.02909296094166477,2010-W41,2010-10
601288.SH,2010-10-18,2.95,2.95,0.0,11178601,3365090.057,庚寅,丙戌,辛丑,1,2010,10,1,0.0,0,辛,丑,金,土,丙,戌,火,土,False,False,0.05576357451845429,2010-W42,2010-10
601288.SH,2010-10-19,2.94,2.95,-0.0034,4996673,1455175.014,庚寅,丙戌,壬寅,2,2010,10,1,-0.003395589001138272,0,壬,寅,水,木,丙,戌,火,土,False,False,0.0,2010-W42,2010-10
601288.SH,2010-10-20,2.94,2.94,0.0,6381942,1884762.943,庚寅,丙戌,癸卯,3,2010,10,1,0.0,0,癸,卯,水,木,丙,戌,火,土,False,False,-0.003395589001138272,2010-W42,2010-10
601288.SH,2010-10-21,2.84,2.94,-0.034,6273212,1782841.374,庚寅,丙戌,甲辰,4,2010,10,1,-0.03460552917747561,0,甲,辰,木,土,丙,戌,火,土,False,False,0.0,2010-W42,2010-10
601288.SH,2010-10-22,2.81,2.84,-0.0106,4060103,1136434.091,庚寅,丙戌,乙巳,5,2010,10,1,-0.010619568827460261,0,乙,巳,木,火,丙,戌,火,土,False,False,-0.03460552917747561,2010-W42,2010-10
601288.SH,2010-10-25,2.83,2.81,0.0071,4699433,1319910.859,庚寅,丙戌,戊申,1,2010,10,1,0.007092228309491837,1,戊,申,土,金,丙,戌,火,土,False,False,-0.010619568827460261,2010-W43,2010-10
601288.SH,2010-10-26,2.76,2.83,-0.0247,4858251,1351903.655,庚寅,丙戌,己酉,2,2010,10,1,-0.02504603192608769,0,己,酉,土,金,丙,戌,火,土,False,False,0.007092228309491837,2010-W43,2010-10
601288.SH,2010-10-27,2.76,2.76,0.0,4591104,1273020.738,庚寅,丙戌,庚戌,3,2010,10,1,0.0,0,庚,戌,金,土,丙,戌,火,土,False,True,-0.02504603192608769,2010-W43,2010-10
601288.SH,2010-10-28,2.8,2.76,0.0145,3165194,879640.063,庚寅,丙戌,辛亥,4,2010,10,1,0.01438873745209967,1,辛,亥,金,水,丙,戌,火,土,False,True,0.0,2010-W43,2010-10
601288.SH,2010-10-29,2.76,2.8,-0.0143,2512908,693182.379,庚寅,丙戌,壬子,5,2010,10,1,-0.014388737452099669,0,壬,子,水,水,丙,戌,火,土,False,True,0.01438873745209967,2010-W43,2010-10
601288.SH,2010-11-01,2.78,2.76,0.0072,3553336,981577.566,庚寅,丙戌,乙卯,1,2010,11,1,0.007220247973487097,1,乙,卯,木,木,丙,戌,火,土,True,False,-0.014388737452099669,2010-W44,2010-11
601288.SH,2010-11-02,2.77,2.78,-0.0036,3613033,993981.015,庚寅,丙戌,丙辰,2,2010,11,1,-0.0036036075032985443,0,丙,辰,火,土,丙,戌,火,土,True,False,0.007220247973487097,2010-W44,2010-11
601288.SH,2010-11-03,2.82,2.77,0.0181,6291963,1762488.399,庚寅,丙戌,丁巳,3,2010,11,1,0.017889564750775123,1,丁,巳,火,火,丙,戌,火,土,True,False,-0.0036036075032985443,2010-W44,2010-11
601288.SH,2010-11-04,2.84,2.82,0.0071,4349136,1234006.24,庚寅,丙戌,戊午,4,2010,11,1,0.007067167223092353,1,戊,午,土,火,丙,戌,火,土,True,False,0.017889564750775123,2010-W44,2010-11
601288.SH,2010-11-05,2.89,2.84,0.0176,5199553,1494552.902,庚寅,丙戌,己未,5,2010,11,1,0.017452449951226207,1,己,未,土,土,丙,戌,火,土,True,False,0.007067167223092353,2010-W44,2010-11
601288.SH,2010-11-08,2.89,2.89,0.0,3869731,1116586.112,庚寅,丁亥,壬戌,1,2010,11,1,0.0,0,壬,戌,水,土,丁,亥,火,水,False,False,0.017452449951226207,2010-W45,2010-11
601288.SH,2010-11-09,2.83,2.89,-0.0208,4494430,1278537.896,庚寅,丁亥,癸亥,2,2010,11,1,-0.02097979046919452,0,癸,亥,水,水,丁,亥,火,水,False,False,0.0,2010-W45,2010-11
601288.SH,2010-11-10,2.77,2.83,-0.0212,4778430,1323713.062,庚寅,丁亥,甲子,3,2010,11,1,-0.021429391455899165,0,甲,子,木,水,丁,亥,火,水,False,False,-0.02097979046919452,2010-W45,2010-11
601288.SH,2010-11-11,2.8,2.77,0.0108,3725950,1034785.775,庚寅,丁亥,乙丑,4,2010,11,1,0.01077209698191104,1,乙,丑,木,土,丁,亥,火,水,False,False,-0.021429391455899165,2010-W45,2010-11
601288.SH,2010-11-12,2.72,2.8,-0.0286,5373640,1467717.55,庚寅,丁亥,丙寅,5,2010,11,1,-0.028987536873252187,0,丙,寅,火,木,丁,亥,火,水,False,False,0.01077209698191104,2010-W45,2010-11
601288.SH,2010-11-15,2.75,2.72,0.011,2963727,801901.8,庚寅,丁亥,己巳,1,2010,11,1,0.010969031370573937,1,己,巳,土,火,丁,亥,火,水,False,False,-0.028987536873252187,2010-W46,2010-11
601288.SH,2010-11-16,2.67,2.75,-0.0291,3656204,984648.11,庚寅,丁亥,庚午,2,2010,11,1,-0.029522439266321844,0,庚,午,金,火,丁,亥,火,水,False,False,0.010969031370573937,2010-W46,2010-11
601288.SH,2010-11-17,2.67,2.67,0.0,1849582,492908.128,庚寅,丁亥,辛未,3,2010,11,1,0.0,0,辛,未,金,土,丁,亥,火,水,False,False,-0.029522439266321844,2010-W46,2010-11
601288.SH,2010-11-18,2.67,2.67,0.0,1714570,457764.441,庚寅,丁亥,壬申,4,2010,11,1,0.0,0,壬,申,水,金,丁,亥,火,水,False,False,0.0,2010-W46,2010-11
601288.SH,2010-11-19,2.68,2.67,0.0037,2501484,663721.45,庚寅,丁亥,癸酉,5,2010,11,1,0.003738322110607158,1,癸,酉,水,金,丁,亥,火,水,False,False,0.0,2010-W46,2010-11
601288.SH,2010-11-22,2.65,2.68,-0.0112,1597644,422875.202,庚寅,丁亥,丙子,1,2010,11,1,-0.011257154524634558,0,丙,子,火,水,丁,亥,火,水,False,False,0.003738322110607158,2010-W47,2010-11
601288.SH,2010-11-23,2.62,2.65,-0.0113,1925677,502820.753,庚寅,丁亥,丁丑,2,2010,11,1,-0.011385322225125241,0,丁,丑,火,土,丁,亥,火,水,False,False,-0.011257154524634558,2010-W47,2010-11
601288.SH,2010-11-24,2.64,2.62,0.0076,1330595,350644.715,庚寅,丁亥,戊寅,3,2010,11,1,0.0076045993852192125,1,戊,寅,土,木,丁,亥,火,水,False,False,-0.011385322225125241,2010-W47,2010-11
601288.SH,2010-11-25,2.66,2.64,0.0076,1680156,445511.218,庚寅,丁亥,己卯,4,2010,11,1,0.007547205635382904,1,己,卯,土,木,丁,亥,火,水,False,False,0.0076045993852192125,2010-W47,2010-11
601288.SH,2010-11-26,2.64,2.66,-0.0075,1503070,395513.748,庚寅,丁亥,庚辰,5,2010,11,1,-0.007547205635382966,0,庚,辰,金,土,丁,亥,火,水,False,True,0.007547205635382904,2010-W47,2010-11
601288.SH,2010-11-29,2.63,2.64,-0.0038,1642973,431283.839,庚寅,丁亥,癸未,1,2010,11,1,-0.003795070968551721,0,癸,未,水,土,丁,亥,火,水,False,True,-0.007547205635382966,2010-W48,2010-11
601288.SH,2010-11-30,2.61,2.63,-0.0076,2000388,521835.841,庚寅,丁亥,甲申,2,2010,11,1,-0.007633624855071095,0,甲,申,木,金,丁,亥,火,水,False,True,-0.003795070968551721,2010-W48,2010-11
601288.SH,2010-12-01,2.63,2.61,0.0077,1136119,296564.508,庚寅,丁亥,乙酉,3,2010,12,1,0.007633624855071205,1,乙,酉,木,金,丁,亥,火,水,True,False,-0.007633624855071095,2010-W48,2010-12
601288.SH,2010-12-02,2.68,2.63,0.019,3072605,818634.594,庚寅,丁亥,丙戌,4,2010,12,1,0.018832948333092178,1,丙,戌,火,土,丁,亥,火,水,True,False,0.007633624855071205,2010-W48,2010-12
601288.SH,2010-12-03,2.66,2.68,-0.0075,1382434,367390.882,庚寅,丁亥,丁亥,5,2010,12,1,-0.007490671729157626,0,丁,亥,火,水,丁,亥,火,水,True,False,0.018832948333092178,2010-W48,2010-12
601288.SH,2010-12-06,2.66,2.66,0.0,1359016,361355.99,庚寅,丁亥,庚寅,1,2010,12,1,0.0,0,庚,寅,金,木,丁,亥,火,水,False,False,-0.007490671729157626,2010-W49,2010-12
601288.SH,2010-12-07,2.66,2.66,0.0,1397172,370037.342,庚寅,戊子,辛卯,2,2010,12,1,0.0,0,辛,卯,金,木,戊,子,土,水,False,False,0.0,2010-W49,2010-12
601288.SH,2010-12-08,2.63,2.66,-0.0113,1788172,472845.198,庚寅,戊子,壬辰,3,2010,12,1,-0.011342276603934607,0,壬,辰,水,土,戊,子,土,水,False,False,0.0,2010-W49,2010-12
601288.SH,2010-12-09,2.62,2.63,-0.0038,1265679,331966.538,庚寅,戊子,癸巳,4,2010,12,1,-0.0038095284166676188,0,癸,巳,水,火,戊,子,土,水,False,False,-0.011342276603934607,2010-W49,2010-12
601288.SH,2010-12-10,2.63,2.62,0.0038,2440774,637472.646,庚寅,戊子,甲午,5,2010,12,1,0.0038095284166676487,1,甲,午,木,火,戊,子,土,水,False,False,-0.0038095284166676188,2010-W49,2010-12
601288.SH,2010-12-13,2.66,2.63,0.0114,2454731,646737.718,庚寅,戊子,丁酉,1,2010,12,1,0.01134227660393451,1,丁,酉,火,金,戊,子,土,水,False,False,0.0038095284166676487,2010-W50,2010-12
601288.SH,2010-12-14,2.65,2.66,-0.0038,1576827,417096.514,庚寅,戊子,戊戌,2,2010,12,1,-0.003766482795477005,0,戊,戌,土,土,戊,子,土,水,False,False,0.01134227660393451,2010-W50,2010-12
601288.SH,2010-12-15,2.64,2.65,-0.0038,1607818,425025.959,庚寅,戊子,己亥,3,2010,12,1,-0.003780722839905933,0,己,亥,土,水,戊,子,土,水,False,False,-0.003766482795477005,2010-W50,2010-12
601288.SH,2010-12-16,2.63,2.64,-0.0038,755098,198668.866,庚寅,戊子,庚子,4,2010,12,1,-0.003795070968551721,0,庚,子,金,水,戊,子,土,水,False,False,-0.003780722839905933,2010-W50,2010-12
601288.SH,2010-12-17,2.63,2.63,0.0,823840,215932.792,庚寅,戊子,辛丑,5,2010,12,1,0.0,0,辛,丑,金,土,戊,子,土,水,False,False,-0.003795070968551721,2010-W50,2010-12
601288.SH,2010-12-20,2.61,2.63,-0.0076,1683324,438968.656,庚寅,戊子,甲辰,1,2010,12,1,-0.007633624855071095,0,甲,辰,木,土,戊,子,土,水,False,False,0.0,2010-W51,2010-12
601288.SH,2010-12-21,2.65,2.61,0.0153,2168492,571284.647,庚寅,戊子,乙巳,2,2010,12,1,0.015209418663528707,1,乙,巳,木,火,戊,子,土,水,False,False,-0.007633624855071095,2010-W51,2010-12
601288.SH,2010-12-22,2.62,2.65,-0.0113,982001,258469.268,庚寅,戊子,丙午,3,2010,12,1,-0.011385322225125241,0,丙,午,火,火,戊,子,土,水,False,False,0.015209418663528707,2010-W51,2010-12
601288.SH,2010-12-23,2.63,2.62,0.0038,1865999,490913.813,庚寅,戊子,丁未,4,2010,12,1,0.0038095284166676487,1,丁,未,火,土,戊,子,土,水,False,False,-0.011385322225125241,2010-W51,2010-12
601288.SH,2010-12-24,2.63,2.63,0.0,1623116,426395.89,庚寅,戊子,戊申,5,2010,12,1,0.0,0,戊,申,土,金,戊,子,土,水,False,False,0.0038095284166676487,2010-W51,2010-12
601288.SH,2010-12-27,2.61,2.63,-0.0076,1500502,393704.623,庚寅,戊子,辛亥,1,2010,12,1,-0.007633624855071095,0,辛,亥,金,水,戊,子,土,水,False,True,0.0,2010-W52,2010-12
601288.SH,2010-12-28,2.56,2.61,-0.0192,2296398,594633.733,庚寅,戊子,壬子,2,2010,12,1,-0.019342962843130872,0,壬,子,水,水,戊,子,土,水,False,True,-0.007633624855071095,2010-W52,2010-12
601288.SH,2010-12-29,2.58,2.56,0.0078,1159717,298438.322,庚寅,戊子,癸丑,3,2010,12,1,0.007782140442054949,1,癸,丑,水,土,戊,子,土,水,False,True,-0.019342962843130872,2010-W52,2010-12
601288.SH,2010-12-30,2.6,2.58,0.0078,2150939,554586.615,庚寅,戊子,甲寅,4,2010,12,1,0.0077220460939103185,1,甲,寅,木,木,戊,子,土,水,False,True,0.007782140442054949,2010-W52,2010-12
601288.SH,2010-12-31,2.68,2.6,0.0308,3876899,1022164.921,庚寅,戊子,乙卯,5,2010,12,1,0.030305349495329058,1,乙,卯,木,木,戊,子,土,水,False,True,0.0077220460939103185,2010-W52,2010-12
601288.SH,2011-01-04,2.67,2.68,-0.0037,1323679,351364.754,庚寅,戊子,己未,2,2011,1,1,-0.0037383221106072153,0,己,未,土,土,戊,子,土,水,True,False,0.030305349495329058,2011-W01,2011-01
601288.SH,2011-01-05,2.63,2.67,-0.015,1367133,362070.945,庚寅,戊子,庚申,3,2011,1,1,-0.015094626222485016,0,庚,申,金,金,戊,子,土,水,True,False,-0.0037383221106072153,2011-W01,2011-01
601288.SH,2011-01-06,2.61,2.63,-0.0076,1141087,299025.575,庚寅,己丑,辛酉,4,2011,1,1,-0.007633624855071095,0,辛,酉,金,金,己,丑,土,土,False,False,-0.015094626222485016,2011-W01,2011-01
601288.SH,2011-01-07,2.65,2.61,0.0153,3071530,814806.205,庚寅,己丑,壬戌,5,2011,1,1,0.015209418663528707,1,壬,戌,水,土,己,丑,土,土,False,False,-0.007633624855071095,2011-W01,2011-01
601288.SH,2011-01-10,2.63,2.65,-0.0075,1684955,445055.262,庚寅,己丑,乙丑,1,2011,1,1,-0.007575793808457656,0,乙,丑,木,土,己,丑,土,土,False,False,0.015209418663528707,2011-W02,2011-01
601288.SH,2011-01-11,2.63,2.63,0.0,1474421,388071.378,庚寅,己丑,丙寅,2,2011,1,1,0.0,0,丙,寅,火,木,己,丑,土,土,False,False,-0.007575793808457656,2011-W02,2011-01
601288.SH,2011-01-12,2.66,2.63,0.0114,2481910,657342.808,庚寅,己丑,丁卯,3,2011,1,1,0.01134227660393451,1,丁,卯,火,木,己,丑,土,土,False,False,0.0,2011-W02,2011-01
601288.SH,2011-01-13,2.67,2.66,0.0038,1540896,410088.385,庚寅,己丑,戊辰,4,2011,1,1,0.0037523496185503723,1,戊,辰,土,土,己,丑,土,土,False,False,0.01134227660393451,2011-W02,2011-01
601288.SH,2011-01-14,2.65,2.67,-0.0075,1085556,287917.756,庚寅,己丑,己巳,5,2011,1,1,-0.007518832414027339,0,己,巳,土,火,己,丑,土,土,False,False,0.0037523496185503723,2011-W02,2011-01
601288.SH,2011-01-17,2.59,2.65,-0.0226,1811750,472577.285,庚寅,己丑,壬申,1,2011,1,1,-0.022901764286684455,0,壬,申,水,金,己,丑,土,土,False,False,-0.007518832414027339,2011-W03,2011-01
601288.SH,2011-01-18,2.6,2.59,0.0039,1170404,303898.135,庚寅,己丑,癸酉,2,2011,1,1,0.0038535693159899723,1,癸,酉,水,金,己,丑,土,土,False,False,-0.022901764286684455,2011-W03,2011-01
601288.SH,2011-01-19,2.61,2.6,0.0038,1165735,303377.49,庚寅,己丑,甲戌,3,2011,1,1,0.003838776307165667,1,甲,戌,木,土,己,丑,土,土,False,False,0.0038535693159899723,2011-W03,2011-01
601288.SH,2011-01-20,2.58,2.61,-0.0115,1183235,306775.074,庚寅,己丑,乙亥,4,2011,1,1,-0.011560822401075858,0,乙,亥,木,水,己,丑,土,土,False,False,0.003838776307165667,2011-W03,2011-01
601288.SH,2011-01-21,2.62,2.58,0.0155,1321215,345327.512,庚寅,己丑,丙子,5,2011,1,1,0.015384918839479456,1,丙,子,火,水,己,丑,土,土,False,False,-0.011560822401075858,2011-W03,2011-01
601288.SH,2011-01-24,2.59,2.62,-0.0115,1280184,332233.917,庚寅,己丑,己卯,1,2011,1,1,-0.01151644206155918,0,己,卯,土,木,己,丑,土,土,False,False,0.015384918839479456,2011-W04,2011-01
601288.SH,2011-01-25,2.6,2.59,0.0039,858093,222379.364,庚寅,己丑,庚辰,2,2011,1,1,0.0038535693159899723,1,庚,辰,金,土,己,丑,土,土,False,False,-0.01151644206155918,2011-W04,2011-01
601288.SH,2011-01-26,2.61,2.6,0.0038,503516,131027.786,庚寅,己丑,辛巳,3,2011,1,1,0.003838776307165667,1,辛,巳,金,火,己,丑,土,土,False,False,0.0038535693159899723,2011-W04,2011-01
601288.SH,2011-01-27,2.62,2.61,0.0038,1400617,363989.919,庚寅,己丑,壬午,4,2011,1,1,0.0038240964384034758,1,壬,午,水,火,己,丑,土,土,False,True,0.003838776307165667,2011-W04,2011-01
601288.SH,2011-01-28,2.61,2.62,-0.0038,742712,193194.262,庚寅,己丑,癸未,5,2011,1,1,-0.0038240964384035057,0,癸,未,水,土,己,丑,土,土,False,True,0.0038240964384034758,2011-W04,2011-01
601288.SH,2011-01-31,2.62,2.61,0.0038,829197,216339.386,庚寅,己丑,丙戌,1,2011,1,1,0.0038240964384034758,1,丙,戌,火,土,己,丑,土,土,False,True,-0.0038240964384035057,2011-W05,2011-01
601288.SH,2011-02-01,2.62,2.62,0.0,836640,218845.856,庚寅,己丑,丁亥,2,2011,2,1,0.0,0,丁,亥,火,水,己,丑,土,土,True,False,0.0038240964384034758,2011-W05,2011-02
601288.SH,2011-02-09,2.6,2.62,-0.0076,740177,193027.511,辛卯,庚寅,乙未,3,2011,2,1,-0.007662872745569137,0,乙,未,木,土,庚,寅,金,木,False,False,0.0,2011-W06,2011-02
601288.SH,2011-02-10,2.61,2.6,0.0038,837792,218682.795,辛卯,庚寅,丙申,4,2011,2,1,0.003838776307165667,1,丙,申,火,金,庚,寅,金,木,False,False,-0.007662872745569137,2011-W06,2011-02
601288.SH,2011-02-11,2.61,2.61,0.0,1515437,394979.7,辛卯,庚寅,丁酉,5,2011,2,1,0.0,0,丁,酉,火,金,庚,寅,金,木,False,False,0.003838776307165667,2011-W06,2011-02
601288.SH,2011-02-14,2.68,2.61,0.0268,3939676,1044478.324,辛卯,庚寅,庚子,1,2011,2,1,0.026466573188163273,1,庚,子,金,水,庚,寅,金,木,False,False,0.0,2011-W07,2011-02
601288.SH,2011-02-15,2.66,2.68,-0.0075,2019884,539440.683,辛卯,庚寅,辛丑,2,2011,2,1,-0.007490671729157626,0,辛,丑,金,土,庚,寅,金,木,False,False,0.026466573188163273,2011-W07,2011-02
601288.SH,2011-02-16,2.67,2.66,0.0038,1423772,377158.437,辛卯,庚寅,壬寅,3,2011,2,1,0.0037523496185503723,1,壬,寅,水,木,庚,寅,金,木,False,False,-0.007490671729157626,2011-W07,2011-02
601288.SH,2011-02-17,2.67,2.67,0.0,968294,257848.054,辛卯,庚寅,癸卯,4,2011,2,1,0.0,0,癸,卯,水,木,庚,寅,金,木,False,False,0.0037523496185503723,2011-W07,2011-02
601288.SH,2011-02-18,2.65,2.67,-0.0075,986433,261419.127,辛卯,庚寅,甲辰,5,2011,2,1,-0.007518832414027339,0,甲,辰,木,土,庚,寅,金,木,False,False,0.0,2011-W07,2011-02
601288.SH,2011-02-21,2.65,2.65,0.0,1444819,380484.893,辛卯,庚寅,丁未,1,2011,2,1,0.0,0,丁,未,火,土,庚,寅,金,木,False,False,-0.007518832414027339,2011-W08,2011-02
601288.SH,2011-02-22,2.6,2.65,-0.0189,2638608,688278.977,辛卯,庚寅,戊申,2,2011,2,1,-0.019048194970694363,0,戊,申,土,金,庚,寅,金,木,False,False,0.0,2011-W08,2011-02
601288.SH,2011-02-23,2.6,2.6,0.0,1033949,268385.39,辛卯,庚寅,己酉,3,2011,2,1,0.0,0,己,酉,土,金,庚,寅,金,木,False,False,-0.019048194970694363,2011-W08,2011-02
601288.SH,2011-02-24,2.6,2.6,0.0,870947,226025.949,辛卯,庚寅,庚戌,4,2011,2,1,0.0,0,庚,戌,金,土,庚,寅,金,木,False,True,0.0,2011-W08,2011-02
601288.SH,2011-02-25,2.61,2.6,0.0038,867237,225918.629,辛卯,庚寅,辛亥,5,2011,2,1,0.003838776307165667,1,辛,亥,金,水,庚,寅,金,木,False,True,0.0,2011-W08,2011-02
601288.SH,2011-02-28,2.61,2.61,0.0,802046,209170.133,辛卯,庚寅,甲寅,1,2011,2,1,0.0,0,甲,寅,木,木,庚,寅,金,木,False,True,0.003838776307165667,2011-W09,2011-02
601288.SH,2011-03-01,2.62,2.61,0.0038,1443762,377775.415,辛卯,庚寅,乙卯,2,2011,3,1,0.0038240964384034758,1,乙,卯,木,木,庚,寅,金,木,True,False,0.0,2011-W09,2011-03
601288.SH,2011-03-03,2.67,2.62,0.0191,5524782,1471257.232,辛卯,庚寅,丁巳,4,2011,3,1,0.018904154639152654,1,丁,巳,火,火,庚,寅,金,木,True,False,0.0038240964384034758,2011-W09,2011-03
601288.SH,2011-03-04,2.68,2.67,0.0037,2234217,597488.808,辛卯,庚寅,戊午,5,2011,3,1,0.003738322110607158,1,戊,午,土,火,庚,寅,金,木,True,False,0.018904154639152654,2011-W09,2011-03
601288.SH,2011-03-07,2.7,2.68,0.0075,3591180,968748.389,辛卯,辛卯,辛酉,1,2011,3,1,0.007434978487517991,1,辛,酉,金,金,辛,卯,金,木,False,False,0.003738322110607158,2011-W10,2011-03
601288.SH,2011-03-08,2.7,2.7,0.0,1493080,402090.85,辛卯,辛卯,壬戌,2,2011,3,1,0.0,0,壬,戌,水,土,辛,卯,金,木,False,False,0.007434978487517991,2011-W10,2011-03
601288.SH,2011-03-09,2.69,2.7,-0.0037,1786576,482920.396,辛卯,辛卯,癸亥,3,2011,3,1,-0.003710579396535713,0,癸,亥,水,水,辛,卯,金,木,False,False,0.0,2011-W10,2011-03
601288.SH,2011-03-10,2.66,2.69,-0.0112,1346640,359229.116,辛卯,辛卯,甲子,4,2011,3,1,-0.011215070820139957,0,甲,子,木,水,辛,卯,金,木,False,False,-0.003710579396535713,2011-W10,2011-03
601288.SH,2011-03-11,2.64,2.66,-0.0075,1242635,329569.091,辛卯,辛卯,乙丑,5,2011,3,1,-0.007547205635382966,0,乙,丑,木,土,辛,卯,金,木,False,False,-0.011215070820139957,2011-W10,2011-03
601288.SH,2011-03-14,2.63,2.64,-0.0038,1350938,355687.52,辛卯,辛卯,戊辰,1,2011,3,1,-0.003795070968551721,0,戊,辰,土,土,辛,卯,金,木,False,False,-0.007547205635382966,2011-W11,2011-03
601288.SH,2011-03-15,2.63,2.63,0.0,1922296,503268.029,辛卯,辛卯,己巳,2,2011,3,1,0.0,0,己,巳,土,火,辛,卯,金,木,False,False,-0.003795070968551721,2011-W11,2011-03
601288.SH,2011-03-16,2.64,2.63,0.0038,1104822,290647.692,辛卯,辛卯,庚午,3,2011,3,1,0.0037950709685517555,1,庚,午,金,火,辛,卯,金,木,False,False,0.0,2011-W11,2011-03
601288.SH,2011-03-17,2.62,2.64,-0.0076,1231157,322148.659,辛卯,辛卯,辛未,4,2011,3,1,-0.007604599385219304,0,辛,未,金,土,辛,卯,金,木,False,False,0.0037950709685517555,2011-W11,2011-03
601288.SH,2011-03-18,2.63,2.62,0.0038,1188837,312710.993,辛卯,辛卯,壬申,5,2011,3,1,0.0038095284166676487,1,壬,申,水,金,辛,卯,金,木,False,False,-0.007604599385219304,2011-W11,2011-03
601288.SH,2011-03-21,2.65,2.63,0.0076,1207222,317872.137,辛卯,辛卯,乙亥,1,2011,3,1,0.007575793808457723,1,乙,亥,木,水,辛,卯,金,木,False,False,0.0038095284166676487,2011-W12,2011-03
601288.SH,2011-03-22,2.66,2.65,0.0038,1545546,409820.125,辛卯,辛卯,丙子,2,2011,3,1,0.003766482795476865,1,丙,子,火,水,辛,卯,金,木,False,False,0.007575793808457723,2011-W12,2011-03
601288.SH,2011-03-23,2.67,2.66,0.0038,1387978,370386.139,辛卯,辛卯,丁丑,3,2011,3,1,0.0037523496185503723,1,丁,丑,火,土,辛,卯,金,木,False,False,0.003766482795476865,2011-W12,2011-03
601288.SH,2011-03-24,2.68,2.67,0.0037,1170446,312496.256,辛卯,辛卯,戊寅,4,2011,3,1,0.003738322110607158,1,戊,寅,土,木,辛,卯,金,木,False,False,0.0037523496185503723,2011-W12,2011-03
601288.SH,2011-03-25,2.7,2.68,0.0075,3103717,836316.617,辛卯,辛卯,己卯,5,2011,3,1,0.007434978487517991,1,己,卯,土,木,辛,卯,金,木,False,False,0.003738322110607158,2011-W12,2011-03
601288.SH,2011-03-28,2.72,2.7,0.0074,3634283,990547.371,辛卯,辛卯,壬午,1,2011,3,1,0.00738010729762246,1,壬,午,水,火,辛,卯,金,木,False,True,0.007434978487517991,2011-W13,2011-03
601288.SH,2011-03-29,2.74,2.72,0.0074,3499668,959689.716,辛卯,辛卯,癸未,2,2011,3,1,0.007326040092072881,1,癸,未,水,土,辛,卯,金,木,False,True,0.00738010729762246,2011-W13,2011-03
601288.SH,2011-03-30,2.75,2.74,0.0037,2378171,653972.483,辛卯,辛卯,甲申,3,2011,3,1,0.0036429912785010087,1,甲,申,木,金,辛,卯,金,木,False,True,0.007326040092072881,2011-W13,2011-03
601288.SH,2011-03-31,2.76,2.75,0.0036,2241261,617135.13,辛卯,辛卯,乙酉,4,2011,3,1,0.003629768050578731,1,乙,酉,木,金,辛,卯,金,木,False,True,0.0036429912785010087,2011-W13,2011-03
601288.SH,2011-04-01,2.79,2.76,0.0109,2107750,585497.247,辛卯,辛卯,丙戌,5,2011,4,1,0.010810916104215675,1,丙,戌,火,土,辛,卯,金,木,True,False,0.003629768050578731,2011-W13,2011-04
601288.SH,2011-04-06,2.86,2.79,0.0251,5912804,1680666.121,辛卯,壬辰,辛卯,3,2011,4,1,0.02478002899848687,1,辛,卯,金,木,壬,辰,水,土,False,False,0.010810916104215675,2011-W14,2011-04
601288.SH,2011-04-07,2.87,2.86,0.0035,3390760,976058.746,辛卯,壬辰,壬辰,4,2011,4,1,0.0034904049397685676,1,壬,辰,水,土,壬,辰,水,土,False,False,0.02478002899848687,2011-W14,2011-04
601288.SH,2011-04-08,2.86,2.87,-0.0035,1335508,380314.486,辛卯,壬辰,癸巳,5,2011,4,1,-0.0034904049397686022,0,癸,巳,水,火,壬,辰,水,土,False,False,0.0034904049397685676,2011-W14,2011-04
601288.SH,2011-04-11,2.87,2.86,0.0035,2406111,693642.559,辛卯,壬辰,丙申,1,2011,4,1,0.0034904049397685676,1,丙,申,火,金,壬,辰,水,土,False,False,-0.0034904049397686022,2011-W15,2011-04
601288.SH,2011-04-12,2.84,2.87,-0.0105,1331157,380423.792,辛卯,壬辰,丁酉,2,2011,4,1,-0.010507977598415206,0,丁,酉,火,金,壬,辰,水,土,False,False,0.0034904049397685676,2011-W15,2011-04
601288.SH,2011-04-13,2.9,2.84,0.0211,1627407,464399.202,辛卯,壬辰,戊戌,3,2011,4,1,0.020906684819313643,1,戊,戌,土,土,壬,辰,水,土,False,False,-0.010507977598415206,2011-W15,2011-04
601288.SH,2011-04-14,2.96,2.9,0.0207,4833727,1434704.345,辛卯,壬辰,己亥,4,2011,4,1,0.0204785313435407,1,己,亥,土,水,壬,辰,水,土,False,False,0.020906684819313643,2011-W15,2011-04
601288.SH,2011-04-15,2.98,2.96,0.0068,2332770,694725.981,辛卯,壬辰,庚子,5,2011,4,1,0.0067340321813441194,1,庚,子,金,水,壬,辰,水,土,False,False,0.0204785313435407,2011-W15,2011-04
601288.SH,2011-04-18,2.98,2.98,0.0,2529961,755336.375,辛卯,壬辰,癸卯,1,2011,4,1,0.0,0,癸,卯,水,木,壬,辰,水,土,False,False,0.0067340321813441194,2011-W16,2011-04
601288.SH,2011-04-19,2.91,2.98,-0.0235,1604530,470493.047,辛卯,壬辰,甲辰,2,2011,4,1,-0.023770219333911845,0,甲,辰,木,土,壬,辰,水,土,False,False,0.0,2011-W16,2011-04
601288.SH,2011-04-20,2.94,2.91,0.0103,1671886,488434.31,辛卯,壬辰,乙巳,3,2011,4,1,0.010256500167189061,1,乙,巳,木,火,壬,辰,水,土,False,False,-0.023770219333911845,2011-W16,2011-04
601288.SH,2011-04-21,2.92,2.94,-0.0068,1704166,499617.528,辛卯,壬辰,丙午,4,2011,4,1,-0.006825965070399871,0,丙,午,火,火,壬,辰,水,土,False,False,0.010256500167189061,2011-W16,2011-04
601288.SH,2011-04-22,2.88,2.92,-0.0137,1152072,333473.578,辛卯,壬辰,丁未,5,2011,4,1,-0.013793322132335873,0,丁,未,火,土,壬,辰,水,土,False,False,-0.006825965070399871,2011-W16,2011-04
601288.SH,2011-04-25,2.88,2.88,0.0,1389487,400896.619,辛卯,壬辰,庚戌,1,2011,4,1,0.0,0,庚,戌,金,土,壬,辰,水,土,False,False,-0.013793322132335873,2011-W17,2011-04
601288.SH,2011-04-26,2.88,2.88,0.0,1116716,321634.634,辛卯,壬辰,辛亥,2,2011,4,1,0.0,0,辛,亥,金,水,壬,辰,水,土,False,True,0.0,2011-W17,2011-04
601288.SH,2011-04-27,2.9,2.88,0.0069,2266405,661362.508,辛卯,壬辰,壬子,3,2011,4,1,0.006920442844573757,1,壬,子,水,水,壬,辰,水,土,False,True,0.0,2011-W17,2011-04
601288.SH,2011-04-28,2.96,2.9,0.0207,3979120,1183250.554,辛卯,壬辰,癸丑,4,2011,4,1,0.0204785313435407,1,癸,丑,水,土,壬,辰,水,土,False,True,0.006920442844573757,2011-W17,2011-04
601288.SH,2011-04-29,2.94,2.96,-0.0068,2245556,652935.511,辛卯,壬辰,甲寅,5,2011,4,1,-0.006779686985378804,0,甲,寅,木,木,壬,辰,水,土,False,True,0.0204785313435407,2011-W17,2011-04
601288.SH,2011-05-03,2.92,2.94,-0.0068,1103649,321157.466,辛卯,壬辰,戊午,2,2011,5,1,-0.006825965070399871,0,戊,午,土,火,壬,辰,水,土,True,False,-0.006779686985378804,2011-W18,2011-05
601288.SH,2011-05-04,2.86,2.92,-0.0205,1563440,450222.439,辛卯,壬辰,己未,3,2011,5,1,-0.020761991448429128,0,己,未,土,土,壬,辰,水,土,True,False,-0.006825965070399871,2011-W18,2011-05
601288.SH,2011-05-05,2.93,2.86,0.0245,2316342,670348.59,辛卯,壬辰,庚申,4,2011,5,1,0.024180798197214828,1,庚,申,金,金,壬,辰,水,土,True,False,-0.020761991448429128,2011-W18,2011-05
601288.SH,2011-05-06,2.92,2.93,-0.0034,1373928,401458.945,辛卯,癸巳,辛酉,5,2011,5,1,-0.003418806748785609,0,辛,酉,金,金,癸,巳,水,火,False,False,0.024180798197214828,2011-W18,2011-05
601288.SH,2011-05-09,2.89,2.92,-0.0103,725817,210632.272,辛卯,癸巳,甲子,1,2011,5,1,-0.010327114155849517,0,甲,子,木,水,癸,巳,水,火,False,False,-0.003418806748785609,2011-W19,2011-05
601288.SH,2011-05-10,2.93,2.89,0.0138,663426,192236.738,辛卯,癸巳,乙丑,2,2011,5,1,0.013745920904635136,1,乙,丑,木,土,癸,巳,水,火,False,False,-0.010327114155849517,2011-W19,2011-05
601288.SH,2011-05-11,2.91,2.93,-0.0068,682417,198725.023,辛卯,癸巳,丙寅,3,2011,5,1,-0.006849341845574783,0,丙,寅,火,木,癸,巳,水,火,False,False,0.013745920904635136,2011-W19,2011-05
601288.SH,2011-05-12,2.88,2.91,-0.0103,702661,203040.272,辛卯,癸巳,丁卯,4,2011,5,1,-0.01036278703554666,0,丁,卯,火,木,癸,巳,水,火,False,False,-0.006849341845574783,2011-W19,2011-05
601288.SH,2011-05-13,2.9,2.88,0.0069,1026696,294965.672,辛卯,癸巳,戊辰,5,2011,5,1,0.006920442844573757,1,戊,辰,土,土,癸,巳,水,火,False,False,-0.01036278703554666,2011-W19,2011-05
601288.SH,2011-05-16,2.88,2.9,-0.0069,1065197,307041.198,辛卯,癸巳,辛未,1,2011,5,1,-0.006920442844573795,0,辛,未,金,土,癸,巳,水,火,False,False,0.006920442844573757,2011-W20,2011-05
601288.SH,2011-05-17,2.89,2.88,0.0035,1273192,365756.281,辛卯,癸巳,壬申,2,2011,5,1,0.003466207976486329,1,壬,申,水,金,癸,巳,水,火,False,False,-0.006920442844573795,2011-W20,2011-05
601288.SH,2011-05-18,2.92,2.89,0.0104,989160,287402.008,辛卯,癸巳,癸酉,3,2011,5,1,0.010327114155849524,1,癸,酉,水,金,癸,巳,水,火,False,False,0.003466207976486329,2011-W20,2011-05
601288.SH,2011-05-19,2.92,2.92,0.0,892481,261508.902,辛卯,癸巳,甲戌,4,2011,5,1,0.0,0,甲,戌,木,土,癸,巳,水,火,False,False,0.010327114155849524,2011-W20,2011-05
601288.SH,2011-05-20,2.93,2.92,0.0034,727419,212983.608,辛卯,癸巳,乙亥,5,2011,5,1,0.0034188067487856823,1,乙,亥,木,水,癸,巳,水,火,False,False,0.0,2011-W20,2011-05
601288.SH,2011-05-23,2.87,2.93,-0.0205,1039396,299716.941,辛卯,癸巳,戊寅,1,2011,5,1,-0.020690393257446166,0,戊,寅,土,木,癸,巳,水,火,False,False,0.0034188067487856823,2011-W21,2011-05
601288.SH,2011-05-24,2.85,2.87,-0.007,1041047,297517.078,辛卯,癸巳,己卯,2,2011,5,1,-0.006993035490970637,0,己,卯,土,木,癸,巳,水,火,False,False,-0.020690393257446166,2011-W21,2011-05
601288.SH,2011-05-25,2.78,2.85,-0.0246,1682566,471437.883,辛卯,癸巳,庚辰,3,2011,5,1,-0.024868066578013538,0,庚,辰,金,土,癸,巳,水,火,False,False,-0.006993035490970637,2011-W21,2011-05
601288.SH,2011-05-26,2.8,2.78,0.0072,1632968,457262.24,辛卯,癸巳,辛巳,4,2011,5,1,0.007168489478612497,1,辛,巳,金,火,癸,巳,水,火,False,False,-0.024868066578013538,2011-W21,2011-05
601288.SH,2011-05-27,2.78,2.8,-0.0071,1284910,359145.397,辛卯,癸巳,壬午,5,2011,5,1,-0.007168489478612516,0,壬,午,水,火,癸,巳,水,火,False,True,0.007168489478612497,2011-W21,2011-05
601288.SH,2011-05-30,2.84,2.78,0.0216,1350593,381157.587,辛卯,癸巳,乙酉,1,2011,5,1,0.02135312447056906,1,乙,酉,木,金,癸,巳,水,火,False,True,-0.007168489478612516,2011-W22,2011-05
601288.SH,2011-05-31,2.84,2.84,0.0,1289882,365306.913,辛卯,癸巳,丙戌,2,2011,5,1,0.0,0,丙,戌,火,土,癸,巳,水,火,False,True,0.02135312447056906,2011-W22,2011-05
601288.SH,2011-06-01,2.84,2.84,0.0,1322910,375967.942,辛卯,癸巳,丁亥,3,2011,6,1,0.0,0,丁,亥,火,水,癸,巳,水,火,True,False,0.0,2011-W22,2011-06
601288.SH,2011-06-02,2.77,2.84,-0.0246,2146052,593849.152,辛卯,癸巳,戊子,4,2011,6,1,-0.024956731973867507,0,戊,子,土,水,癸,巳,水,火,True,False,0.0,2011-W22,2011-06
601288.SH,2011-06-03,2.8,2.77,0.0108,1726215,480962.888,辛卯,癸巳,己丑,5,2011,6,1,0.01077209698191104,1,己,丑,土,土,癸,巳,水,火,True,False,-0.024956731973867507,2011-W22,2011-06
601288.SH,2011-06-07,2.78,2.8,-0.0071,981179,272271.807,辛卯,甲午,癸巳,2,2011,6,1,-0.007168489478612516,0,癸,巳,水,火,甲,午,木,火,False,False,0.01077209698191104,2011-W23,2011-06
601288.SH,2011-06-09,2.73,2.78,-0.018,1960664,535193.856,辛卯,甲午,乙未,4,2011,6,1,-0.01814931850567722,0,乙,未,木,土,甲,午,木,火,False,False,-0.007168489478612516,2011-W23,2011-06
601288.SH,2011-06-10,2.73,2.73,0.0,999070,271763.426,辛卯,甲午,丙申,5,2011,6,1,0.0,0,丙,申,火,金,甲,午,木,火,False,False,-0.01814931850567722,2011-W23,2011-06
601288.SH,2011-06-13,2.73,2.73,0.0,1077365,291790.177,辛卯,甲午,己亥,1,2011,6,1,0.0,0,己,亥,土,水,甲,午,木,火,False,False,0.0,2011-W24,2011-06
601288.SH,2011-06-14,2.73,2.73,0.0,1707907,466514.281,辛卯,甲午,庚子,2,2011,6,1,0.0,0,庚,子,金,水,甲,午,木,火,False,False,0.0,2011-W24,2011-06
601288.SH,2011-06-15,2.71,2.73,-0.0073,789187,214590.862,辛卯,甲午,辛丑,3,2011,6,1,-0.007352974305258806,0,辛,丑,金,土,甲,午,木,火,False,False,0.0,2011-W24,2011-06
601288.SH,2011-06-16,2.71,2.71,0.0,1052824,284479.196,辛卯,甲午,壬寅,4,2011,6,1,0.0,0,壬,寅,水,木,甲,午,木,火,False,False,-0.007352974305258806,2011-W24,2011-06
601288.SH,2011-06-17,2.64,2.66,-0.0075,486190,129117.666,辛卯,甲午,癸卯,5,2011,6,1,-0.007547205635382966,0,癸,卯,水,木,甲,午,木,火,False,False,0.0,2011-W24,2011-06
601288.SH,2011-06-20,2.64,2.64,0.0,1265210,332456.025,辛卯,甲午,丙午,1,2011,6,1,0.0,0,丙,午,火,火,甲,午,木,火,False,False,-0.007547205635382966,2011-W25,2011-06
601288.SH,2011-06-21,2.65,2.64,0.0038,1037443,274929.532,辛卯,甲午,丁未,2,2011,6,1,0.003780722839905931,1,丁,未,火,土,甲,午,木,火,False,False,0.0,2011-W25,2011-06
601288.SH,2011-06-22,2.7,2.65,0.0189,1399572,375587.069,辛卯,甲午,戊申,3,2011,6,1,0.018692133012152546,1,戊,申,土,金,甲,午,木,火,False,False,0.003780722839905931,2011-W25,2011-06
601288.SH,2011-06-23,2.73,2.7,0.0111,891160,241031.112,辛卯,甲午,己酉,4,2011,6,1,0.011049836186584935,1,己,酉,土,金,甲,午,木,火,False,False,0.018692133012152546,2011-W25,2011-06
601288.SH,2011-06-24,2.79,2.73,0.022,1683211,466503.02,辛卯,甲午,庚戌,5,2011,6,1,0.02173998663640582,1,庚,戌,金,土,甲,午,木,火,False,False,0.011049836186584935,2011-W25,2011-06
601288.SH,2011-06-27,2.8,2.79,0.0036,1072792,299312.973,辛卯,甲午,癸丑,1,2011,6,1,0.0035778213478839024,1,癸,丑,水,土,甲,午,木,火,False,True,0.02173998663640582,2011-W26,2011-06
601288.SH,2011-06-28,2.79,2.8,-0.0036,1160874,323670.424,辛卯,甲午,甲寅,2,2011,6,1,-0.003577821347883855,0,甲,寅,木,木,甲,午,木,火,False,True,0.0035778213478839024,2011-W26,2011-06
601288.SH,2011-06-29,2.78,2.79,-0.0036,1423433,395380.662,辛卯,甲午,乙卯,3,2011,6,1,-0.003590668130728596,0,乙,卯,木,木,甲,午,木,火,False,True,-0.003577821347883855,2011-W26,2011-06
601288.SH,2011-06-30,2.8,2.78,0.0072,1100242,306652.247,辛卯,甲午,丙辰,4,2011,6,1,0.007168489478612497,1,丙,辰,火,土,甲,午,木,火,False,True,-0.003590668130728596,2011-W26,2011-06
601288.SH,2011-07-01,2.74,2.8,-0.0214,1614900,445271.811,辛卯,甲午,丁巳,5,2011,7,1,-0.021661496781179193,0,丁,巳,火,火,甲,午,木,火,True,False,0.007168489478612497,2011-W26,2011-07
601288.SH,2011-07-04,2.77,2.74,0.0109,1334706,367823.257,辛卯,甲午,庚申,1,2011,7,1,0.010889399799268097,1,庚,申,金,金,甲,午,木,火,True,False,-0.021661496781179193,2011-W27,2011-07
601288.SH,2011-07-05,2.74,2.77,-0.0108,1106417,304055.492,辛卯,甲午,辛酉,2,2011,7,1,-0.010889399799268206,0,辛,酉,金,金,甲,午,木,火,True,False,0.010889399799268097,2011-W27,2011-07
601288.SH,2011-07-06,2.7,2.74,-0.0146,2171117,584537.159,辛卯,甲午,壬戌,3,2011,7,1,-0.014706147389695449,0,壬,戌,水,土,甲,午,木,火,False,False,-0.010889399799268206,2011-W27,2011-07
601288.SH,2011-07-07,2.67,2.7,-0.0111,2852780,763537.48,辛卯,乙未,癸亥,4,2011,7,1,-0.011173300598125302,0,癸,亥,水,水,乙,未,木,土,False,False,-0.014706147389695449,2011-W27,2011-07
601288.SH,2011-07-08,2.69,2.67,0.0075,1476434,395555.035,辛卯,乙未,甲子,5,2011,7,1,0.007462721201589595,1,甲,子,木,水,乙,未,木,土,False,False,-0.011173300598125302,2011-W27,2011-07
601288.SH,2011-07-11,2.68,2.69,-0.0037,845126,226337.074,辛卯,乙未,丁卯,1,2011,7,1,-0.003724399090982328,0,丁,卯,火,木,乙,未,木,土,False,False,0.007462721201589595,2011-W28,2011-07
601288.SH,2011-07-12,2.66,2.68,-0.0075,1927685,510497.781,辛卯,乙未,戊辰,2,2011,7,1,-0.007490671729157626,0,戊,辰,土,土,乙,未,木,土,False,False,-0.003724399090982328,2011-W28,2011-07
601288.SH,2011-07-13,2.71,2.66,0.0188,2047256,550570.068,辛卯,乙未,己巳,3,2011,7,1,0.01862251209800185,1,己,巳,土,火,乙,未,木,土,False,False,-0.007490671729157626,2011-W28,2011-07
601288.SH,2011-07-14,2.7,2.71,-0.0037,1487218,400973.579,辛卯,乙未,庚午,4,2011,7,1,-0.0036968618813260916,0,庚,午,金,火,乙,未,木,土,False,False,0.01862251209800185,2011-W28,2011-07
601288.SH,2011-07-15,2.7,2.7,0.0,1683323,454436.272,辛卯,乙未,辛未,5,2011,7,1,0.0,0,辛,未,金,土,乙,未,木,土,False,False,-0.0036968618813260916,2011-W28,2011-07
601288.SH,2011-07-18,2.73,2.7,0.0111,2437299,661308.969,辛卯,乙未,甲戌,1,2011,7,1,0.011049836186584935,1,甲,戌,木,土,乙,未,木,土,False,False,0.0,2011-W29,2011-07
601288.SH,2011-07-19,2.72,2.73,-0.0037,1326586,360476.287,辛卯,乙未,乙亥,2,2011,7,1,-0.00366972888896229,0,乙,亥,木,水,乙,未,木,土,False,False,0.011049836186584935,2011-W29,2011-07
601288.SH,2011-07-20,2.72,2.72,0.0,1291157,350683.43,辛卯,乙未,丙子,3,2011,7,1,0.0,0,丙,子,火,水,乙,未,木,土,False,False,-0.00366972888896229,2011-W29,2011-07
601288.SH,2011-07-21,2.71,2.72,-0.0037,1554564,418908.968,辛卯,乙未,丁丑,4,2011,7,1,-0.0036832454162965163,0,丁,丑,火,土,乙,未,木,土,False,False,0.0,2011-W29,2011-07
601288.SH,2011-07-22,2.69,2.71,-0.0074,1028604,276592.93,辛卯,乙未,戊寅,5,2011,7,1,-0.007407441277861805,0,戊,寅,土,木,乙,未,木,土,False,False,-0.0036832454162965163,2011-W29,2011-07
601288.SH,2011-07-25,2.64,2.69,-0.0186,1347858,358015.664,辛卯,乙未,辛巳,1,2011,7,1,-0.01876227645552289,0,辛,巳,金,火,乙,未,木,土,False,False,-0.007407441277861805,2011-W30,2011-07
601288.SH,2011-07-26,2.65,2.64,0.0038,1492801,394957.781,辛卯,乙未,壬午,2,2011,7,1,0.003780722839905931,1,壬,午,水,火,乙,未,木,土,False,False,-0.01876227645552289,2011-W30,2011-07
601288.SH,2011-07-27,2.65,2.65,0.0,737222,195043.837,辛卯,乙未,癸未,3,2011,7,1,0.0,0,癸,未,水,土,乙,未,木,土,False,True,0.003780722839905931,2011-W30,2011-07
601288.SH,2011-07-28,2.64,2.65,-0.0038,589935,155565.295,辛卯,乙未,甲申,4,2011,7,1,-0.003780722839905933,0,甲,申,木,金,乙,未,木,土,False,True,0.0,2011-W30,2011-07
601288.SH,2011-07-29,2.68,2.64,0.0152,1341140,358571.449,辛卯,乙未,乙酉,5,2011,7,1,0.015037877364540502,1,乙,酉,木,金,乙,未,木,土,False,True,-0.003780722839905933,2011-W30,2011-07
601288.SH,2011-08-01,2.68,2.68,0.0,574264,153636.347,辛卯,乙未,戊子,1,2011,8,1,0.0,0,戊,子,土,水,乙,未,木,土,True,False,0.015037877364540502,2011-W31,2011-08
601288.SH,2011-08-02,2.65,2.68,-0.0112,336750,89295.36,辛卯,乙未,己丑,2,2011,8,1,-0.011257154524634558,0,己,丑,土,土,乙,未,木,土,True,False,0.0,2011-W31,2011-08
601288.SH,2011-08-03,2.67,2.65,0.0075,963881,255751.593,辛卯,乙未,庚寅,3,2011,8,1,0.007518832414027319,1,庚,寅,金,木,乙,未,木,土,True,False,-0.011257154524634558,2011-W31,2011-08
601288.SH,2011-08-04,2.66,2.67,-0.0037,239029,63458.062,辛卯,乙未,辛卯,4,2011,8,1,-0.0037523496185503527,0,辛,卯,金,木,乙,未,木,土,True,False,0.007518832414027319,2011-W31,2011-08
601288.SH,2011-08-05,2.62,2.66,-0.015,836354,219373.201,辛卯,乙未,壬辰,5,2011,8,1,-0.01515180502060222,0,壬,辰,水,土,乙,未,木,土,True,False,-0.0037523496185503527,2011-W31,2011-08
601288.SH,2011-08-08,2.58,2.62,-0.0153,1343831,348849.41,辛卯,丙申,乙未,1,2011,8,1,-0.015384918839479456,0,乙,未,木,土,丙,申,火,金,False,False,-0.01515180502060222,2011-W32,2011-08
601288.SH,2011-08-09,2.59,2.58,0.0039,1393853,356557.919,辛卯,丙申,丙申,2,2011,8,1,0.003868476777920332,1,丙,申,火,金,丙,申,火,金,False,False,-0.015384918839479456,2011-W32,2011-08
601288.SH,2011-08-10,2.59,2.59,0.0,1315276,342178.641,辛卯,丙申,丁酉,3,2011,8,1,0.0,0,丁,酉,火,金,丙,申,火,金,False,False,0.003868476777920332,2011-W32,2011-08
601288.SH,2011-08-11,2.62,2.59,0.0116,1304436,339673.208,辛卯,丙申,戊戌,4,2011,8,1,0.011516442061559301,1,戊,戌,土,土,丙,申,火,金,False,False,0.0,2011-W32,2011-08
601288.SH,2011-08-12,2.62,2.62,0.0,908207,237620.016,辛卯,丙申,己亥,5,2011,8,1,0.0,0,己,亥,土,水,丙,申,火,金,False,False,0.011516442061559301,2011-W32,2011-08
601288.SH,2011-08-15,2.64,2.62,0.0076,1445159,379242.982,辛卯,丙申,壬寅,1,2011,8,1,0.0076045993852192125,1,壬,寅,水,木,丙,申,火,金,False,False,0.0,2011-W33,2011-08
601288.SH,2011-08-16,2.63,2.64,-0.0038,875285,231019.449,辛卯,丙申,癸卯,2,2011,8,1,-0.003795070968551721,0,癸,卯,水,木,丙,申,火,金,False,False,0.0076045993852192125,2011-W33,2011-08
601288.SH,2011-08-17,2.63,2.63,0.0,599649,157957.164,辛卯,丙申,甲辰,3,2011,8,1,0.0,0,甲,辰,木,土,丙,申,火,金,False,False,-0.003795070968551721,2011-W33,2011-08
601288.SH,2011-08-18,2.59,2.63,-0.0152,823760,214913.485,辛卯,丙申,乙巳,4,2011,8,1,-0.01532597047822682,0,乙,巳,木,火,丙,申,火,金,False,False,0.0,2011-W33,2011-08
601288.SH,2011-08-19,2.57,2.59,-0.0077,865120,221871.072,辛卯,丙申,丙午,5,2011,8,1,-0.007751976804317936,0,丙,午,火,火,丙,申,火,金,False,False,-0.01532597047822682,2011-W33,2011-08
601288.SH,2011-08-22,2.57,2.57,0.0,649274,167085.427,辛卯,丙申,己酉,1,2011,8,1,0.0,0,己,酉,土,金,丙,申,火,金,False,False,-0.007751976804317936,2011-W34,2011-08
601288.SH,2011-08-23,2.6,2.57,0.0117,492172,127054.851,辛卯,丙申,庚戌,2,2011,8,1,0.01160554612030811,1,庚,戌,金,土,丙,申,火,金,False,False,0.0,2011-W34,2011-08
601288.SH,2011-08-24,2.58,2.6,-0.0077,452655,117625.271,辛卯,丙申,辛亥,3,2011,8,1,-0.007722046093910278,0,辛,亥,金,水,丙,申,火,金,False,False,0.01160554612030811,2011-W34,2011-08
601288.SH,2011-08-25,2.64,2.58,0.0233,2118756,558981.683,辛卯,丙申,壬子,4,2011,8,1,0.02298951822469878,1,壬,子,水,水,丙,申,火,金,False,False,-0.007722046093910278,2011-W34,2011-08
601288.SH,2011-08-26,2.62,2.64,-0.0076,1346825,353725.587,辛卯,丙申,癸丑,5,2011,8,1,-0.007604599385219304,0,癸,丑,水,土,丙,申,火,金,False,False,0.02298951822469878,2011-W34,2011-08
601288.SH,2011-08-29,2.6,2.62,-0.0076,1139258,295869.638,辛卯,丙申,丙辰,1,2011,8,1,-0.007662872745569137,0,丙,辰,火,土,丙,申,火,金,False,True,-0.007604599385219304,2011-W35,2011-08
601288.SH,2011-08-30,2.6,2.6,0.0,1471883,384754.526,辛卯,丙申,丁巳,2,2011,8,1,0.0,0,丁,巳,火,火,丙,申,火,金,False,True,-0.007662872745569137,2011-W35,2011-08
601288.SH,2011-08-31,2.61,2.6,0.0038,894447,232158.2,辛卯,丙申,戊午,3,2011,8,1,0.003838776307165667,1,戊,午,土,火,丙,申,火,金,False,True,0.0,2011-W35,2011-08
601288.SH,2011-09-01,2.6,2.61,-0.0038,560964,145877.523,辛卯,丙申,己未,4,2011,9,1,-0.0038387763071656015,0,己,未,土,土,丙,申,火,金,True,False,0.003838776307165667,2011-W35,2011-09
601288.SH,2011-09-02,2.58,2.6,-0.0077,702327,181338.704,辛卯,丙申,庚申,5,2011,9,1,-0.007722046093910278,0,庚,申,金,金,丙,申,火,金,True,False,-0.0038387763071656015,2011-W35,2011-09
601288.SH,2011-09-05,2.55,2.58,-0.0116,1152727,295776.037,辛卯,丙申,癸亥,1,2011,9,1,-0.011696039763191411,0,癸,亥,水,水,丙,申,火,金,True,False,-0.007722046093910278,2011-W36,2011-09
601288.SH,2011-09-06,2.56,2.55,0.0039,1132088,288070.469,辛卯,丙申,甲子,2,2011,9,1,0.003913899321136316,1,甲,子,木,水,丙,申,火,金,False,False,-0.011696039763191411,2011-W36,2011-09
601288.SH,2011-09-07,2.58,2.56,0.0078,1042332,267757.386,辛卯,丙申,乙丑,3,2011,9,1,0.007782140442054949,1,乙,丑,木,土,丙,申,火,金,False,False,0.003913899321136316,2011-W36,2011-09
601288.SH,2011-09-08,2.58,2.58,0.0,537840,138618.768,辛卯,丁酉,丙寅,4,2011,9,1,0.0,0,丙,寅,火,木,丁,酉,火,金,False,False,0.007782140442054949,2011-W36,2011-09
601288.SH,2011-09-09,2.58,2.58,0.0,674590,174213.765,辛卯,丁酉,丁卯,5,2011,9,1,0.0,0,丁,卯,火,木,丁,酉,火,金,False,False,0.0,2011-W36,2011-09
601288.SH,2011-09-13,2.57,2.58,-0.0039,549688,140773.338,辛卯,丁酉,辛未,2,2011,9,1,-0.0038835000263977445,0,辛,未,金,土,丁,酉,火,金,False,False,0.0,2011-W37,2011-09
601288.SH,2011-09-14,2.56,2.57,-0.0039,1136283,289610.446,辛卯,丁酉,壬申,3,2011,9,1,-0.0038986404156571976,0,壬,申,水,金,丁,酉,火,金,False,False,-0.0038835000263977445,2011-W37,2011-09
601288.SH,2011-09-15,2.54,2.56,-0.0078,906802,230868.453,辛卯,丁酉,癸酉,4,2011,9,1,-0.007843177461025893,0,癸,酉,水,金,丁,酉,火,金,False,False,-0.0038986404156571976,2011-W37,2011-09
601288.SH,2011-09-16,2.55,2.54,0.0039,824129,210017.702,辛卯,丁酉,甲戌,5,2011,9,1,0.003929278139889557,1,甲,戌,木,土,丁,酉,火,金,False,False,-0.007843177461025893,2011-W37,2011-09
601288.SH,2011-09-19,2.52,2.55,-0.0118,949230,239747.229,辛卯,丁酉,丁丑,1,2011,9,1,-0.011834457647002796,0,丁,丑,火,土,丁,酉,火,金,False,False,0.003929278139889557,2011-W38,2011-09
601288.SH,2011-09-20,2.53,2.52,0.004,547312,138046.919,辛卯,丁酉,戊寅,2,2011,9,1,0.003960401216096914,1,戊,寅,土,木,丁,酉,火,金,False,False,-0.011834457647002796,2011-W38,2011-09
601288.SH,2011-09-21,2.56,2.53,0.0119,1410005,360258.04,辛卯,丁酉,己卯,3,2011,9,1,0.011787955752042393,1,己,卯,土,木,丁,酉,火,金,False,False,0.003960401216096914,2011-W38,2011-09
601288.SH,2011-09-22,2.52,2.56,-0.0156,1024580,258935.486,辛卯,丁酉,庚辰,4,2011,9,1,-0.015748356968139168,0,庚,辰,金,土,丁,酉,火,金,False,False,0.011787955752042393,2011-W38,2011-09
601288.SH,2011-09-23,2.51,2.52,-0.004,1617727,402610.82,辛卯,丁酉,辛巳,5,2011,9,1,-0.003976148379639517,0,辛,巳,金,火,丁,酉,火,金,False,False,-0.015748356968139168,2011-W38,2011-09
601288.SH,2011-09-26,2.48,2.51,-0.012,830002,206298.056,辛卯,丁酉,甲申,1,2011,9,1,-0.01202419296680159,0,甲,申,木,金,丁,酉,火,金,False,True,-0.003976148379639517,2011-W39,2011-09
601288.SH,2011-09-27,2.48,2.48,0.0,941887,233429.892,辛卯,丁酉,乙酉,2,2011,9,1,0.0,0,乙,酉,木,金,丁,酉,火,金,False,True,-0.01202419296680159,2011-W39,2011-09
601288.SH,2011-09-28,2.47,2.48,-0.004,842694,208091.246,辛卯,丁酉,丙戌,3,2011,9,1,-0.004040409537004863,0,丙,戌,火,土,丁,酉,火,金,False,True,0.0,2011-W39,2011-09
601288.SH,2011-09-29,2.46,2.47,-0.004,751900,184776.23,辛卯,丁酉,丁亥,4,2011,9,1,-0.00405680069561443,0,丁,亥,火,水,丁,酉,火,金,False,True,-0.004040409537004863,2011-W39,2011-09
601288.SH,2011-09-30,2.46,2.46,0.0,1309441,322135.13,辛卯,丁酉,戊子,5,2011,9,1,0.0,0,戊,子,土,水,丁,酉,火,金,False,True,-0.00405680069561443,2011-W39,2011-09
601288.SH,2011-10-10,2.47,2.46,0.0041,1111131,272211.048,辛卯,戊戌,戊戌,1,2011,10,1,0.004056800695614469,1,戊,戌,土,土,戊,戌,土,土,False,False,0.0,2011-W41,2011-10
601288.SH,2011-10-11,2.52,2.47,0.0202,2147530,543984.011,辛卯,戊戌,己亥,2,2011,10,1,0.020040750883445972,1,己,亥,土,水,戊,戌,土,土,False,False,0.004056800695614469,2011-W41,2011-10
601288.SH,2011-10-12,2.58,2.52,0.0238,2997826,768931.131,辛卯,戊戌,庚子,3,2011,10,1,0.023530497410194036,1,庚,子,金,水,戊,戌,土,土,False,False,0.020040750883445972,2011-W41,2011-10
601288.SH,2011-10-13,2.59,2.58,0.0039,1518818,389246.925,辛卯,戊戌,辛丑,4,2011,10,1,0.003868476777920332,1,辛,丑,金,土,戊,戌,土,土,False,False,0.023530497410194036,2011-W41,2011-10
601288.SH,2011-10-14,2.6,2.59,0.0039,1659998,426718.91,辛卯,戊戌,壬寅,5,2011,10,1,0.0038535693159899723,1,壬,寅,水,木,戊,戌,土,土,False,False,0.003868476777920332,2011-W41,2011-10
601288.SH,2011-10-17,2.61,2.6,0.0038,1291117,335204.355,辛卯,戊戌,乙巳,1,2011,10,1,0.003838776307165667,1,乙,巳,木,火,戊,戌,土,土,False,False,0.0038535693159899723,2011-W42,2011-10
601288.SH,2011-10-18,2.62,2.61,0.0038,2167123,561545.574,辛卯,戊戌,丙午,2,2011,10,1,0.0038240964384034758,1,丙,午,火,火,戊,戌,土,土,False,False,0.003838776307165667,2011-W42,2011-10
601288.SH,2011-10-19,2.59,2.62,-0.0115,777991,202397.768,辛卯,戊戌,丁未,3,2011,10,1,-0.01151644206155918,0,丁,未,火,土,戊,戌,土,土,False,False,0.0038240964384034758,2011-W42,2011-10
601288.SH,2011-10-20,2.55,2.59,-0.0154,757627,194318.035,辛卯,戊戌,戊申,4,2011,10,1,-0.015564516541111573,0,戊,申,土,金,戊,戌,土,土,False,False,-0.01151644206155918,2011-W42,2011-10
601288.SH,2011-10-21,2.58,2.55,0.0118,765121,196758.855,辛卯,戊戌,己酉,5,2011,10,1,0.011696039763191456,1,己,酉,土,金,戊,戌,土,土,False,False,-0.015564516541111573,2011-W42,2011-10
601288.SH,2011-10-24,2.63,2.58,0.0194,1797251,470987.876,辛卯,戊戌,壬子,1,2011,10,1,0.01919444725614716,1,壬,子,水,水,戊,戌,土,土,False,False,0.011696039763191456,2011-W43,2011-10
601288.SH,2011-10-25,2.66,2.63,0.0114,1424169,377086.08,辛卯,戊戌,癸丑,2,2011,10,1,0.01134227660393451,1,癸,丑,水,土,戊,戌,土,土,False,False,0.01919444725614716,2011-W43,2011-10
601288.SH,2011-10-26,2.65,2.66,-0.0038,1432028,381972.542,辛卯,戊戌,甲寅,3,2011,10,1,-0.003766482795477005,0,甲,寅,木,木,戊,戌,土,土,False,False,0.01134227660393451,2011-W43,2011-10
601288.SH,2011-10-27,2.68,2.65,0.0113,964786,257687.21,辛卯,戊戌,乙卯,4,2011,10,1,0.011257154524634468,1,乙,卯,木,木,戊,戌,土,土,False,True,-0.003766482795477005,2011-W43,2011-10
601288.SH,2011-10-28,2.68,2.68,0.0,1882423,507374.872,辛卯,戊戌,丙辰,5,2011,10,1,0.0,0,丙,辰,火,土,戊,戌,土,土,False,True,0.011257154524634468,2011-W43,2011-10
601288.SH,2011-10-31,2.68,2.68,0.0,959299,257103.697,辛卯,戊戌,己未,1,2011,10,1,0.0,0,己,未,土,土,戊,戌,土,土,False,True,0.0,2011-W44,2011-10
601288.SH,2011-11-01,2.67,2.68,-0.0037,943031,251323.57,辛卯,戊戌,庚申,2,2011,11,1,-0.0037383221106072153,0,庚,申,金,金,戊,戌,土,土,True,False,0.0,2011-W44,2011-11
601288.SH,2011-11-02,2.68,2.67,0.0037,865833,229497.109,辛卯,戊戌,辛酉,3,2011,11,1,0.003738322110607158,1,辛,酉,金,金,戊,戌,土,土,True,False,-0.0037383221106072153,2011-W44,2011-11
601288.SH,2011-11-03,2.66,2.68,-0.0075,1687365,449649.751,辛卯,戊戌,壬戌,4,2011,11,1,-0.007490671729157626,0,壬,戌,水,土,戊,戌,土,土,True,False,0.003738322110607158,2011-W44,2011-11
601288.SH,2011-11-04,2.67,2.66,0.0038,1237157,329377.493,辛卯,戊戌,癸亥,5,2011,11,1,0.0037523496185503723,1,癸,亥,水,水,戊,戌,土,土,True,False,-0.007490671729157626,2011-W44,2011-11
601288.SH,2011-11-07,2.64,2.67,-0.0112,576657,152757.015,辛卯,戊戌,丙寅,1,2011,11,1,-0.011299555253933282,0,丙,寅,火,木,戊,戌,土,土,False,False,0.0037523496185503723,2011-W45,2011-11
601288.SH,2011-11-08,2.64,2.64,0.0,691759,182232.813,辛卯,己亥,丁卯,2,2011,11,1,0.0,0,丁,卯,火,木,己,亥,土,水,False,False,-0.011299555253933282,2011-W45,2011-11
601288.SH,2011-11-09,2.66,2.64,0.0076,902772,238965.038,辛卯,己亥,戊辰,3,2011,11,1,0.007547205635382904,1,戊,辰,土,土,己,亥,土,水,False,False,0.0,2011-W45,2011-11
601288.SH,2011-11-10,2.63,2.66,-0.0113,719835,189202.813,辛卯,己亥,己巳,4,2011,11,1,-0.011342276603934607,0,己,巳,土,火,己,亥,土,水,False,False,0.007547205635382904,2011-W45,2011-11
601288.SH,2011-11-11,2.65,2.63,0.0076,480400,126538.363,辛卯,己亥,庚午,5,2011,11,1,0.007575793808457723,1,庚,午,金,火,己,亥,土,水,False,False,-0.011342276603934607,2011-W45,2011-11
601288.SH,2011-11-14,2.66,2.65,0.0038,932314,248127.802,辛卯,己亥,癸酉,1,2011,11,1,0.003766482795476865,1,癸,酉,水,金,己,亥,土,水,False,False,0.007575793808457723,2011-W46,2011-11
601288.SH,2011-11-15,2.64,2.66,-0.0075,627080,165232.247,辛卯,己亥,甲戌,2,2011,11,1,-0.007547205635382966,0,甲,戌,木,土,己,亥,土,水,False,False,0.003766482795476865,2011-W46,2011-11
601288.SH,2011-11-16,2.59,2.64,-0.0189,738191,192623.335,辛卯,己亥,乙亥,3,2011,11,1,-0.019121041446778512,0,乙,亥,木,水,己,亥,土,水,False,False,-0.007547205635382966,2011-W46,2011-11
601288.SH,2011-11-17,2.59,2.59,0.0,327042,84691.038,辛卯,己亥,丙子,4,2011,11,1,0.0,0,丙,子,火,水,己,亥,土,水,False,False,-0.019121041446778512,2011-W46,2011-11
601288.SH,2011-11-18,2.55,2.59,-0.0154,506803,130042.201,辛卯,己亥,丁丑,5,2011,11,1,-0.015564516541111573,0,丁,丑,火,土,己,亥,土,水,False,False,0.0,2011-W46,2011-11
601288.SH,2011-11-21,2.54,2.55,-0.0039,289326,73492.39,辛卯,己亥,庚辰,1,2011,11,1,-0.003929278139889438,0,庚,辰,金,土,己,亥,土,水,False,False,-0.015564516541111573,2011-W47,2011-11
601288.SH,2011-11-22,2.54,2.54,0.0,313025,79482.39,辛卯,己亥,辛巳,2,2011,11,1,0.0,0,辛,巳,金,火,己,亥,土,水,False,False,-0.003929278139889438,2011-W47,2011-11
601288.SH,2011-11-23,2.56,2.54,0.0079,486043,123468.07,辛卯,己亥,壬午,3,2011,11,1,0.007843177461025879,1,壬,午,水,火,己,亥,土,水,False,False,0.0,2011-W47,2011-11
601288.SH,2011-11-24,2.57,2.56,0.0039,475862,121835.764,辛卯,己亥,癸未,4,2011,11,1,0.003898640415657323,1,癸,未,水,土,己,亥,土,水,False,False,0.007843177461025879,2011-W47,2011-11
601288.SH,2011-11-25,2.54,2.57,-0.0117,271756,69178.508,辛卯,己亥,甲申,5,2011,11,1,-0.011741817876683174,0,甲,申,木,金,己,亥,土,水,False,False,0.003898640415657323,2011-W47,2011-11
601288.SH,2011-11-28,2.55,2.54,0.0039,244541,62251.081,辛卯,己亥,丁亥,1,2011,11,1,0.003929278139889557,1,丁,亥,火,水,己,亥,土,水,False,True,-0.011741817876683174,2011-W48,2011-11
601288.SH,2011-11-29,2.57,2.55,0.0078,412914,105813.707,辛卯,己亥,戊子,2,2011,11,1,0.007812539736793625,1,戊,子,土,水,己,亥,土,水,False,True,0.003929278139889557,2011-W48,2011-11
601288.SH,2011-11-30,2.54,2.57,-0.0117,689297,176132.141,辛卯,己亥,己丑,3,2011,11,1,-0.011741817876683174,0,己,丑,土,土,己,亥,土,水,False,True,0.007812539736793625,2011-W48,2011-11
601288.SH,2011-12-01,2.6,2.54,0.0236,1155583,299696.321,辛卯,己亥,庚寅,4,2011,12,1,0.023347363996991107,1,庚,寅,金,木,己,亥,土,水,True,False,-0.011741817876683174,2011-W48,2011-12
601288.SH,2011-12-02,2.58,2.6,-0.0077,442450,113682.074,辛卯,己亥,辛卯,5,2011,12,1,-0.007722046093910278,0,辛,卯,金,木,己,亥,土,水,True,False,0.023347363996991107,2011-W48,2011-12
601288.SH,2011-12-05,2.6,2.58,0.0078,670929,173882.794,辛卯,己亥,甲午,1,2011,12,1,0.0077220460939103185,1,甲,午,木,火,己,亥,土,水,True,False,-0.007722046093910278,2011-W49,2011-12
601288.SH,2011-12-06,2.56,2.6,-0.0154,469445,120574.305,辛卯,己亥,乙未,2,2011,12,1,-0.015504186535965312,0,乙,未,木,土,己,亥,土,水,False,False,0.0077220460939103185,2011-W49,2011-12
601288.SH,2011-12-07,2.57,2.56,0.0039,264147,67834.126,辛卯,庚子,丙申,3,2011,12,1,0.003898640415657323,1,丙,申,火,金,庚,子,金,水,False,False,-0.015504186535965312,2011-W49,2011-12
601288.SH,2011-12-08,2.58,2.57,0.0039,408195,105039.177,辛卯,庚子,丁酉,4,2011,12,1,0.003883500026397612,1,丁,酉,火,金,庚,子,金,水,False,False,0.003898640415657323,2011-W49,2011-12
601288.SH,2011-12-09,2.59,2.58,0.0039,438893,113578.681,辛卯,庚子,戊戌,5,2011,12,1,0.003868476777920332,1,戊,戌,土,土,庚,子,金,水,False,False,0.003883500026397612,2011-W49,2011-12
601288.SH,2011-12-12,2.57,2.59,-0.0077,236463,61025.038,辛卯,庚子,辛丑,1,2011,12,1,-0.007751976804317936,0,辛,丑,金,土,庚,子,金,水,False,False,0.003868476777920332,2011-W50,2011-12
601288.SH,2011-12-13,2.54,2.57,-0.0117,720106,185134.836,辛卯,庚子,壬寅,2,2011,12,1,-0.011741817876683174,0,壬,寅,水,木,庚,子,金,水,False,False,-0.007751976804317936,2011-W50,2011-12
601288.SH,2011-12-14,2.54,2.54,0.0,317520,80564.939,辛卯,庚子,癸卯,3,2011,12,1,0.0,0,癸,卯,水,木,庚,子,金,水,False,False,-0.011741817876683174,2011-W50,2011-12
601288.SH,2011-12-15,2.53,2.54,-0.0039,447536,113002.312,辛卯,庚子,甲辰,4,2011,12,1,-0.003944778291016452,0,甲,辰,木,土,庚,子,金,水,False,False,0.0,2011-W50,2011-12
601288.SH,2011-12-16,2.57,2.53,0.0158,987821,251193.228,辛卯,庚子,乙巳,5,2011,12,1,0.015686596167699473,1,乙,巳,木,火,庚,子,金,水,False,False,-0.003944778291016452,2011-W50,2011-12
601288.SH,2011-12-19,2.56,2.57,-0.0039,775536,197608.794,辛卯,庚子,戊申,1,2011,12,1,-0.0038986404156571976,0,戊,申,土,金,庚,子,金,水,False,False,0.015686596167699473,2011-W51,2011-12
601288.SH,2011-12-20,2.58,2.56,0.0078,575518,147816.907,辛卯,庚子,己酉,2,2011,12,1,0.007782140442054949,1,己,酉,土,金,庚,子,金,水,False,False,-0.0038986404156571976,2011-W51,2011-12
601288.SH,2011-12-21,2.6,2.58,0.0078,1105751,286884.027,辛卯,庚子,庚戌,3,2011,12,1,0.0077220460939103185,1,庚,戌,金,土,庚,子,金,水,False,False,0.007782140442054949,2011-W51,2011-12
601288.SH,2011-12-22,2.6,2.6,0.0,1273378,330566.325,辛卯,庚子,辛亥,4,2011,12,1,0.0,0,辛,亥,金,水,庚,子,金,水,False,False,0.0077220460939103185,2011-W51,2011-12
601288.SH,2011-12-23,2.58,2.6,-0.0077,757727,196594.507,辛卯,庚子,壬子,5,2011,12,1,-0.007722046093910278,0,壬,子,水,水,庚,子,金,水,False,False,0.0,2011-W51,2011-12
601288.SH,2011-12-26,2.58,2.58,0.0,441242,113750.448,辛卯,庚子,乙卯,1,2011,12,1,0.0,0,乙,卯,木,木,庚,子,金,水,False,False,-0.007722046093910278,2011-W52,2011-12
601288.SH,2011-12-27,2.59,2.58,0.0039,493991,127537.99,辛卯,庚子,丙辰,2,2011,12,1,0.003868476777920332,1,丙,辰,火,土,庚,子,金,水,False,True,0.0,2011-W52,2011-12
601288.SH,2011-12-28,2.59,2.59,0.0,771802,198844.256,辛卯,庚子,丁巳,3,2011,12,1,0.0,0,丁,巳,火,火,庚,子,金,水,False,True,0.003868476777920332,2011-W52,2011-12
601288.SH,2011-12-29,2.6,2.59,0.0039,477046,123674.98,辛卯,庚子,戊午,4,2011,12,1,0.0038535693159899723,1,戊,午,土,火,庚,子,金,水,False,True,0.0,2011-W52,2011-12
601288.SH,2011-12-30,2.62,2.6,0.0077,1018920,265189.591,辛卯,庚子,己未,5,2011,12,1,0.007662872745569097,1,己,未,土,土,庚,子,金,水,False,True,0.0038535693159899723,2011-W52,2011-12
601288.SH,2012-01-04,2.6,2.62,-0.0076,799008,208896.539,辛卯,庚子,甲子,3,2012,1,1,-0.007662872745569137,0,甲,子,木,水,庚,子,金,水,True,False,0.007662872745569097,2012-W01,2012-01
601288.SH,2012-01-05,2.65,2.6,0.0192,1431808,378868.148,辛卯,庚子,乙丑,4,2012,1,1,0.01904819497069441,1,乙,丑,木,土,庚,子,金,水,True,False,-0.007662872745569137,2012-W01,2012-01
601288.SH,2012-01-06,2.66,2.65,0.0038,797697,211840.164,辛卯,辛丑,丙寅,5,2012,1,1,0.003766482795476865,1,丙,寅,火,木,辛,丑,金,土,False,False,0.01904819497069441,2012-W01,2012-01
601288.SH,2012-01-09,2.68,2.66,0.0075,899182,239344.888,辛卯,辛丑,己巳,1,2012,1,1,0.007490671729157659,1,己,巳,土,火,辛,丑,金,土,False,False,0.003766482795476865,2012-W02,2012-01
601288.SH,2012-01-10,2.69,2.68,0.0037,871977,233754.7,辛卯,辛丑,庚午,2,2012,1,1,0.0037243990909822727,1,庚,午,金,火,辛,丑,金,土,False,False,0.007490671729157659,2012-W02,2012-01
601288.SH,2012-01-11,2.67,2.69,-0.0074,767996,206008.079,辛卯,辛丑,辛未,3,2012,1,1,-0.0074627212015896,0,辛,未,金,土,辛,丑,金,土,False,False,0.0037243990909822727,2012-W02,2012-01
601288.SH,2012-01-12,2.65,2.67,-0.0075,936822,249596.586,辛卯,辛丑,壬申,4,2012,1,1,-0.007518832414027339,0,壬,申,水,金,辛,丑,金,土,False,False,-0.0074627212015896,2012-W02,2012-01
601288.SH,2012-01-13,2.65,2.65,0.0,692651,183878.408,辛卯,辛丑,癸酉,5,2012,1,1,0.0,0,癸,酉,水,金,辛,丑,金,土,False,False,-0.007518832414027339,2012-W02,2012-01
601288.SH,2012-01-17,2.69,2.65,0.0151,1223837,326730.921,辛卯,辛丑,丁丑,2,2012,1,1,0.014981553615616894,1,丁,丑,火,土,辛,丑,金,土,False,False,0.0,2012-W03,2012-01
601288.SH,2012-01-18,2.69,2.69,0.0,1264056,339461.958,辛卯,辛丑,戊寅,3,2012,1,1,0.0,0,戊,寅,土,木,辛,丑,金,土,False,False,0.014981553615616894,2012-W03,2012-01
601288.SH,2012-01-19,2.7,2.69,0.0037,940046,253916.832,辛卯,辛丑,己卯,4,2012,1,1,0.0037105793965357746,1,己,卯,土,木,辛,丑,金,土,False,False,0.0,2012-W03,2012-01
601288.SH,2012-01-20,2.72,2.7,0.0074,1522521,412517.349,辛卯,辛丑,庚辰,5,2012,1,1,0.00738010729762246,1,庚,辰,金,土,辛,丑,金,土,False,False,0.0037105793965357746,2012-W03,2012-01
601288.SH,2012-01-30,2.68,2.72,-0.0147,1161107,312947.751,辛卯,辛丑,庚寅,1,2012,1,1,-0.0148150857851407,0,庚,寅,金,木,辛,丑,金,土,False,True,0.00738010729762246,2012-W05,2012-01
601288.SH,2012-01-31,2.7,2.68,0.0075,1087843,291857.143,辛卯,辛丑,辛卯,2,2012,1,1,0.007434978487517991,1,辛,卯,金,木,辛,丑,金,土,False,True,-0.0148150857851407,2012-W05,2012-01
601288.SH,2012-02-01,2.68,2.7,-0.0074,684075,184259.15,辛卯,辛丑,壬辰,3,2012,2,1,-0.00743497848751809,0,壬,辰,水,土,辛,丑,金,土,True,False,0.007434978487517991,2012-W05,2012-02
601288.SH,2012-02-02,2.73,2.68,0.0187,1094227,296519.844,辛卯,辛丑,癸巳,4,2012,2,1,0.018484814674102942,1,癸,巳,水,火,辛,丑,金,土,True,False,-0.00743497848751809,2012-W05,2012-02
601288.SH,2012-02-03,2.75,2.73,0.0073,1315928,360612.314,辛卯,辛丑,甲午,5,2012,2,1,0.007299302481611535,1,甲,午,木,火,辛,丑,金,土,True,False,0.018484814674102942,2012-W05,2012-02
601288.SH,2012-02-06,2.75,2.75,0.0,655166,179869.831,壬辰,壬寅,丁酉,1,2012,2,1,0.0,0,丁,酉,火,金,壬,寅,水,木,False,False,0.007299302481611535,2012-W06,2012-02
601288.SH,2012-02-07,2.72,2.75,-0.0109,549971,149949.704,壬辰,壬寅,戊戌,2,2012,2,1,-0.010969031370573933,0,戊,戌,土,土,壬,寅,水,木,False,False,0.0,2012-W06,2012-02
601288.SH,2012-02-08,2.75,2.72,0.011,725506,199172.576,壬辰,壬寅,己亥,3,2012,2,1,0.010969031370573937,1,己,亥,土,水,壬,寅,水,木,False,False,-0.010969031370573933,2012-W06,2012-02
601288.SH,2012-02-09,2.73,2.75,-0.0073,511266,139719.16,壬辰,壬寅,庚子,4,2012,2,1,-0.007299302481611608,0,庚,子,金,水,壬,寅,水,木,False,False,0.010969031370573937,2012-W06,2012-02
601288.SH,2012-02-10,2.72,2.73,-0.0037,820189,223715.722,壬辰,壬寅,辛丑,5,2012,2,1,-0.00366972888896229,0,辛,丑,金,土,壬,寅,水,木,False,False,-0.007299302481611608,2012-W06,2012-02
601288.SH,2012-02-13,2.71,2.72,-0.0037,605652,164014.633,壬辰,壬寅,甲辰,1,2012,2,1,-0.0036832454162965163,0,甲,辰,木,土,壬,寅,水,木,False,False,-0.00366972888896229,2012-W07,2012-02
601288.SH,2012-02-14,2.7,2.71,-0.0037,573868,154930.015,壬辰,壬寅,乙巳,2,2012,2,1,-0.0036968618813260916,0,乙,巳,木,火,壬,寅,水,木,False,False,-0.0036832454162965163,2012-W07,2012-02
601288.SH,2012-02-15,2.7,2.7,0.0,719773,194801.01,壬辰,壬寅,丙午,3,2012,2,1,0.0,0,丙,午,火,火,壬,寅,水,木,False,False,-0.0036968618813260916,2012-W07,2012-02
601288.SH,2012-02-16,2.69,2.7,-0.0037,556566,150089.127,壬辰,壬寅,丁未,4,2012,2,1,-0.003710579396535713,0,丁,未,火,土,壬,寅,水,木,False,False,0.0,2012-W07,2012-02
601288.SH,2012-02-17,2.7,2.69,0.0037,418418,113204.5,壬辰,壬寅,戊申,5,2012,2,1,0.0037105793965357746,1,戊,申,土,金,壬,寅,水,木,False,False,-0.003710579396535713,2012-W07,2012-02
601288.SH,2012-02-20,2.72,2.7,0.0074,792685,216279.241,壬辰,壬寅,辛亥,1,2012,2,1,0.00738010729762246,1,辛,亥,金,水,壬,寅,水,木,False,False,0.0037105793965357746,2012-W08,2012-02
601288.SH,2012-02-21,2.72,2.72,0.0,330522,89963.692,壬辰,壬寅,壬子,2,2012,2,1,0.0,0,壬,子,水,水,壬,寅,水,木,False,False,0.00738010729762246,2012-W08,2012-02
601288.SH,2012-02-22,2.72,2.72,0.0,807483,218980.187,壬辰,壬寅,癸丑,3,2012,2,1,0.0,0,癸,丑,水,土,壬,寅,水,木,False,False,0.0,2012-W08,2012-02
601288.SH,2012-02-23,2.71,2.72,-0.0037,597189,162052.725,壬辰,壬寅,甲寅,4,2012,2,1,-0.0036832454162965163,0,甲,寅,木,木,壬,寅,水,木,False,False,0.0,2012-W08,2012-02
601288.SH,2012-02-24,2.74,2.71,0.0111,1276668,347006.531,壬辰,壬寅,乙卯,5,2012,2,1,0.011009285508369396,1,乙,卯,木,木,壬,寅,水,木,False,False,-0.0036832454162965163,2012-W08,2012-02
601288.SH,2012-02-27,2.74,2.74,0.0,1489393,407709.742,壬辰,壬寅,戊午,1,2012,2,1,0.0,0,戊,午,土,火,壬,寅,水,木,False,True,0.011009285508369396,2012-W09,2012-02
601288.SH,2012-02-28,2.76,2.74,0.0073,1124726,309419.796,壬辰,壬寅,己未,2,2012,2,1,0.007272759329079657,1,己,未,土,土,壬,寅,水,木,False,True,0.0,2012-W09,2012-02
601288.SH,2012-02-29,2.75,2.76,-0.0036,597754,164003.936,壬辰,壬寅,庚申,3,2012,2,1,-0.0036297680505786123,0,庚,申,金,金,壬,寅,水,木,False,True,0.007272759329079657,2012-W09,2012-02
601288.SH,2012-03-01,2.74,2.75,-0.0036,354280,97169.678,壬辰,壬寅,辛酉,4,2012,3,1,-0.0036429912785009805,0,辛,酉,金,金,壬,寅,水,木,True,False,-0.0036297680505786123,2012-W09,2012-03
601288.SH,2012-03-02,2.74,2.74,0.0,742825,203751.216,壬辰,壬寅,壬戌,5,2012,3,1,0.0,0,壬,戌,水,土,壬,寅,水,木,True,False,-0.0036429912785009805,2012-W09,2012-03
601288.SH,2012-03-05,2.73,2.74,-0.0037,1088134,297624.969,壬辰,癸卯,乙丑,1,2012,3,1,-0.0036563112031105433,0,乙,丑,木,土,癸,卯,水,木,True,False,0.0,2012-W10,2012-03
601288.SH,2012-03-06,2.71,2.73,-0.0073,750215,203736.491,壬辰,癸卯,丙寅,2,2012,3,1,-0.007352974305258806,0,丙,寅,火,木,癸,卯,水,木,False,False,-0.0036563112031105433,2012-W10,2012-03
601288.SH,2012-03-07,2.69,2.71,-0.0074,863970,232791.569,壬辰,癸卯,丁卯,3,2012,3,1,-0.007407441277861805,0,丁,卯,火,木,癸,卯,水,木,False,False,-0.007352974305258806,2012-W10,2012-03
601288.SH,2012-03-08,2.71,2.69,0.0074,774023,209339.599,壬辰,癸卯,戊辰,4,2012,3,1,0.007407441277861818,1,戊,辰,土,土,癸,卯,水,木,False,False,-0.007407441277861805,2012-W10,2012-03
601288.SH,2012-03-09,2.71,2.71,0.0,892407,241321.744,壬辰,癸卯,己巳,5,2012,3,1,0.0,0,己,巳,土,火,癸,卯,水,木,False,False,0.007407441277861818,2012-W10,2012-03
601288.SH,2012-03-12,2.7,2.71,-0.0037,768103,206918.305,壬辰,癸卯,壬申,1,2012,3,1,-0.0036968618813260916,0,壬,申,水,金,癸,卯,水,木,False,False,0.0,2012-W11,2012-03
601288.SH,2012-03-13,2.71,2.7,0.0037,693445,187976.928,壬辰,癸卯,癸酉,2,2012,3,1,0.0036968618813259814,1,癸,酉,水,金,癸,卯,水,木,False,False,-0.0036968618813260916,2012-W11,2012-03
601288.SH,2012-03-14,2.7,2.71,-0.0037,1577189,428756.712,壬辰,癸卯,甲戌,3,2012,3,1,-0.0036968618813260916,0,甲,戌,木,土,癸,卯,水,木,False,False,0.0036968618813259814,2012-W11,2012-03
601288.SH,2012-03-15,2.67,2.7,-0.0111,2303732,621654.471,壬辰,癸卯,乙亥,4,2012,3,1,-0.011173300598125302,0,乙,亥,木,水,癸,卯,水,木,False,False,-0.0036968618813260916,2012-W11,2012-03
601288.SH,2012-03-16,2.68,2.67,0.0037,1196188,319721.288,壬辰,癸卯,丙子,5,2012,3,1,0.003738322110607158,1,丙,子,火,水,癸,卯,水,木,False,False,-0.011173300598125302,2012-W11,2012-03
601288.SH,2012-03-19,2.65,2.68,-0.0112,1335596,354730.85,壬辰,癸卯,己卯,1,2012,3,1,-0.011257154524634558,0,己,卯,土,木,癸,卯,水,木,False,False,0.003738322110607158,2012-W12,2012-03
601288.SH,2012-03-20,2.62,2.65,-0.0113,1293739,340791.936,壬辰,癸卯,庚辰,2,2012,3,1,-0.011385322225125241,0,庚,辰,金,土,癸,卯,水,木,False,False,-0.011257154524634558,2012-W12,2012-03
601288.SH,2012-03-21,2.62,2.62,0.0,1357604,355773.432,壬辰,癸卯,辛巳,3,2012,3,1,0.0,0,辛,巳,金,火,癸,卯,水,木,False,False,-0.011385322225125241,2012-W12,2012-03
601288.SH,2012-03-22,2.65,2.62,0.0115,1694366,446258.708,壬辰,癸卯,壬午,4,2012,3,1,0.01138532222512521,1,壬,午,水,火,癸,卯,水,木,False,False,0.0,2012-W12,2012-03
601288.SH,2012-03-23,2.64,2.65,-0.0038,1095889,289625.217,壬辰,癸卯,癸未,5,2012,3,1,-0.003780722839905933,0,癸,未,水,土,癸,卯,水,木,False,False,0.01138532222512521,2012-W12,2012-03
601288.SH,2012-03-26,2.66,2.64,0.0076,999129,264515.988,壬辰,癸卯,丙戌,1,2012,3,1,0.007547205635382904,1,丙,戌,火,土,癸,卯,水,木,False,False,-0.003780722839905933,2012-W13,2012-03
601288.SH,2012-03-27,2.65,2.66,-0.0038,689225,182779.358,壬辰,癸卯,丁亥,2,2012,3,1,-0.003766482795477005,0,丁,亥,火,水,癸,卯,水,木,False,True,0.007547205635382904,2012-W13,2012-03
601288.SH,2012-03-28,2.65,2.65,0.0,952921,253326.955,壬辰,癸卯,戊子,3,2012,3,1,0.0,0,戊,子,土,水,癸,卯,水,木,False,True,-0.003766482795477005,2012-W13,2012-03
601288.SH,2012-03-29,2.65,2.65,0.0,815700,215946.454,壬辰,癸卯,己丑,4,2012,3,1,0.0,0,己,丑,土,土,癸,卯,水,木,False,True,0.0,2012-W13,2012-03
601288.SH,2012-03-30,2.68,2.65,0.0113,962161,255435.905,壬辰,癸卯,庚寅,5,2012,3,1,0.011257154524634468,1,庚,寅,金,木,癸,卯,水,木,False,True,0.0,2012-W13,2012-03
601288.SH,2012-04-05,2.65,2.68,-0.0112,1403061,371017.397,壬辰,甲辰,丙申,4,2012,4,1,-0.011257154524634558,0,丙,申,火,金,甲,辰,木,土,True,False,0.011257154524634468,2012-W14,2012-04
601288.SH,2012-04-06,2.64,2.65,-0.0038,444639,117426.058,壬辰,甲辰,丁酉,5,2012,4,1,-0.003780722839905933,0,丁,酉,火,金,甲,辰,木,土,False,False,-0.011257154524634558,2012-W14,2012-04
601288.SH,2012-04-09,2.63,2.64,-0.0038,257655,67821.834,壬辰,甲辰,庚子,1,2012,4,1,-0.003795070968551721,0,庚,子,金,水,甲,辰,木,土,False,False,-0.003780722839905933,2012-W15,2012-04
601288.SH,2012-04-10,2.64,2.63,0.0038,330857,87320.151,壬辰,甲辰,辛丑,2,2012,4,1,0.0037950709685517555,1,辛,丑,金,土,甲,辰,木,土,False,False,-0.003795070968551721,2012-W15,2012-04
601288.SH,2012-04-11,2.64,2.64,0.0,735892,194501.599,壬辰,甲辰,壬寅,3,2012,4,1,0.0,0,壬,寅,水,木,甲,辰,木,土,False,False,0.0037950709685517555,2012-W15,2012-04
601288.SH,2012-04-12,2.68,2.64,0.0152,909915,242298.715,壬辰,甲辰,癸卯,4,2012,4,1,0.015037877364540502,1,癸,卯,水,木,甲,辰,木,土,False,False,0.0,2012-W15,2012-04
601288.SH,2012-04-13,2.68,2.68,0.0,621696,166614.38,壬辰,甲辰,甲辰,5,2012,4,1,0.0,0,甲,辰,木,土,甲,辰,木,土,False,False,0.015037877364540502,2012-W15,2012-04
601288.SH,2012-04-16,2.66,2.68,-0.0075,499994,133489.639,壬辰,甲辰,丁未,1,2012,4,1,-0.007490671729157626,0,丁,未,火,土,甲,辰,木,土,False,False,0.0,2012-W16,2012-04
601288.SH,2012-04-17,2.68,2.66,0.0075,527584,140902.297,壬辰,甲辰,戊申,2,2012,4,1,0.007490671729157659,1,戊,申,土,金,甲,辰,木,土,False,False,-0.007490671729157626,2012-W16,2012-04
601288.SH,2012-04-18,2.71,2.68,0.0112,1089413,294550.404,壬辰,甲辰,己酉,3,2012,4,1,0.011131840368844199,1,己,酉,土,金,甲,辰,木,土,False,False,0.007490671729157659,2012-W16,2012-04
601288.SH,2012-04-19,2.71,2.71,0.0,595536,161329.936,壬辰,甲辰,庚戌,4,2012,4,1,0.0,0,庚,戌,金,土,甲,辰,木,土,False,False,0.011131840368844199,2012-W16,2012-04
601288.SH,2012-04-20,2.73,2.71,0.0074,780286,212170.231,壬辰,甲辰,辛亥,5,2012,4,1,0.007352974305258733,1,辛,亥,金,水,甲,辰,木,土,False,False,0.0,2012-W16,2012-04
601288.SH,2012-04-23,2.71,2.73,-0.0073,478122,130024.694,壬辰,甲辰,甲寅,1,2012,4,1,-0.007352974305258806,0,甲,寅,木,木,甲,辰,木,土,False,False,0.007352974305258733,2012-W17,2012-04
601288.SH,2012-04-24,2.74,2.71,0.0111,916455,250534.976,壬辰,甲辰,乙卯,2,2012,4,1,0.011009285508369396,1,乙,卯,木,木,甲,辰,木,土,False,False,-0.007352974305258806,2012-W17,2012-04
601288.SH,2012-04-25,2.74,2.74,0.0,471601,128911.236,壬辰,甲辰,丙辰,3,2012,4,1,0.0,0,丙,辰,火,土,甲,辰,木,土,False,False,0.011009285508369396,2012-W17,2012-04
601288.SH,2012-04-26,2.73,2.74,-0.0037,489346,133423.549,壬辰,甲辰,丁巳,4,2012,4,1,-0.0036563112031105433,0,丁,巳,火,火,甲,辰,木,土,False,True,0.0,2012-W17,2012-04
601288.SH,2012-04-27,2.72,2.73,-0.0037,536522,146129.877,壬辰,甲辰,戊午,5,2012,4,1,-0.00366972888896229,0,戊,午,土,火,甲,辰,木,土,False,True,-0.0036563112031105433,2012-W17,2012-04
601288.SH,2012-05-02,2.73,2.72,0.0037,1241895,339059.863,壬辰,甲辰,癸亥,3,2012,5,1,0.0036697288889624017,1,癸,亥,水,水,甲,辰,木,土,True,False,-0.00366972888896229,2012-W18,2012-05
601288.SH,2012-05-03,2.73,2.73,0.0,613998,167023.368,壬辰,甲辰,甲子,4,2012,5,1,0.0,0,甲,子,木,水,甲,辰,木,土,True,False,0.0036697288889624017,2012-W18,2012-05
601288.SH,2012-05-04,2.73,2.73,0.0,993280,271352.848,壬辰,甲辰,乙丑,5,2012,5,1,0.0,0,乙,丑,木,土,甲,辰,木,土,True,False,0.0,2012-W18,2012-05
601288.SH,2012-05-07,2.73,2.73,0.0,811409,221749.628,壬辰,乙巳,戊辰,1,2012,5,1,0.0,0,戊,辰,土,土,乙,巳,木,火,False,False,0.0,2012-W19,2012-05
601288.SH,2012-05-08,2.76,2.73,0.011,1041314,285364.284,壬辰,乙巳,己巳,2,2012,5,1,0.01092907053219023,1,己,巳,土,火,乙,巳,木,火,False,False,0.0,2012-W19,2012-05
601288.SH,2012-05-09,2.72,2.76,-0.0145,753350,205883.945,壬辰,乙巳,庚午,3,2012,5,1,-0.014598799421152523,0,庚,午,金,火,乙,巳,木,火,False,False,0.01092907053219023,2012-W19,2012-05
601288.SH,2012-05-10,2.74,2.72,0.0074,557573,152488.405,壬辰,乙巳,辛未,4,2012,5,1,0.007326040092072881,1,辛,未,金,土,乙,巳,木,火,False,False,-0.014598799421152523,2012-W19,2012-05
601288.SH,2012-05-11,2.73,2.74,-0.0037,657249,179589.997,壬辰,乙巳,壬申,5,2012,5,1,-0.0036563112031105433,0,壬,申,水,金,乙,巳,木,火,False,False,0.007326040092072881,2012-W19,2012-05
601288.SH,2012-05-14,2.69,2.73,-0.0147,797919,215838.834,壬辰,乙巳,乙亥,1,2012,5,1,-0.014760415583120686,0,乙,亥,木,水,乙,巳,木,火,False,False,-0.0036563112031105433,2012-W20,2012-05
601288.SH,2012-05-15,2.69,2.69,0.0,648277,173923.094,壬辰,乙巳,丙子,2,2012,5,1,0.0,0,丙,子,火,水,乙,巳,木,火,False,False,-0.014760415583120686,2012-W20,2012-05
601288.SH,2012-05-16,2.67,2.69,-0.0074,738934,197565.247,壬辰,乙巳,丁丑,3,2012,5,1,-0.0074627212015896,0,丁,丑,火,土,乙,巳,木,火,False,False,0.0,2012-W20,2012-05
601288.SH,2012-05-17,2.7,2.67,0.0112,568698,152741.016,壬辰,乙巳,戊寅,4,2012,5,1,0.011173300598125255,1,戊,寅,土,木,乙,巳,木,火,False,False,-0.0074627212015896,2012-W20,2012-05
601288.SH,2012-05-18,2.65,2.7,-0.0185,869981,231640.36,壬辰,乙巳,己卯,5,2012,5,1,-0.018692133012152633,0,己,卯,土,木,乙,巳,木,火,False,False,0.011173300598125255,2012-W20,2012-05
601288.SH,2012-05-21,2.65,2.65,0.0,607312,161301.125,壬辰,乙巳,壬午,1,2012,5,1,0.0,0,壬,午,水,火,乙,巳,木,火,False,False,-0.018692133012152633,2012-W21,2012-05
601288.SH,2012-05-22,2.66,2.65,0.0038,358150,95100.413,壬辰,乙巳,癸未,2,2012,5,1,0.003766482795476865,1,癸,未,水,土,乙,巳,木,火,False,False,0.0,2012-W21,2012-05
601288.SH,2012-05-23,2.65,2.66,-0.0038,267765,71126.86,壬辰,乙巳,甲申,3,2012,5,1,-0.003766482795477005,0,甲,申,木,金,乙,巳,木,火,False,False,0.003766482795476865,2012-W21,2012-05
601288.SH,2012-05-24,2.65,2.65,0.0,357095,94628.32,壬辰,乙巳,乙酉,4,2012,5,1,0.0,0,乙,酉,木,金,乙,巳,木,火,False,False,-0.003766482795477005,2012-W21,2012-05
601288.SH,2012-05-25,2.64,2.65,-0.0038,303392,80460.661,壬辰,乙巳,丙戌,5,2012,5,1,-0.003780722839905933,0,丙,戌,火,土,乙,巳,木,火,False,False,0.0,2012-W21,2012-05
601288.SH,2012-05-28,2.66,2.64,0.0076,599692,159273.508,壬辰,乙巳,己丑,1,2012,5,1,0.007547205635382904,1,己,丑,土,土,乙,巳,木,火,False,True,-0.003780722839905933,2012-W22,2012-05
601288.SH,2012-05-29,2.69,2.66,0.0113,560489,149678.909,壬辰,乙巳,庚寅,2,2012,5,1,0.011215070820140003,1,庚,寅,金,木,乙,巳,木,火,False,True,0.007547205635382904,2012-W22,2012-05
601288.SH,2012-05-30,2.69,2.69,0.0,525532,140802.33,壬辰,乙巳,辛卯,3,2012,5,1,0.0,0,辛,卯,金,木,乙,巳,木,火,False,True,0.011215070820140003,2012-W22,2012-05
601288.SH,2012-05-31,2.64,2.69,-0.0186,740934,196877.215,壬辰,乙巳,壬辰,4,2012,5,1,-0.01876227645552289,0,壬,辰,水,土,乙,巳,木,火,False,True,0.0,2012-W22,2012-05
601288.SH,2012-06-01,2.65,2.64,0.0038,384165,102195.307,壬辰,乙巳,癸巳,5,2012,6,1,0.003780722839905931,1,癸,巳,水,火,乙,巳,木,火,True,False,-0.01876227645552289,2012-W22,2012-06
601288.SH,2012-06-04,2.61,2.65,-0.0151,727540,191653.548,壬辰,乙巳,丙申,1,2012,6,1,-0.015209418663528795,0,丙,申,火,金,乙,巳,木,火,True,False,0.003780722839905931,2012-W23,2012-06
601288.SH,2012-06-05,2.62,2.61,0.0038,373050,97795.43,壬辰,丙午,丁酉,2,2012,6,1,0.0038240964384034758,1,丁,酉,火,金,丙,午,火,火,True,False,-0.015209418663528795,2012-W23,2012-06
601288.SH,2012-06-06,2.64,2.62,0.0076,283506,74669.77,壬辰,丙午,戊戌,3,2012,6,1,0.0076045993852192125,1,戊,戌,土,土,丙,午,火,火,False,False,0.0038240964384034758,2012-W23,2012-06
601288.SH,2012-06-07,2.63,2.64,-0.0038,362827,95696.111,壬辰,丙午,己亥,4,2012,6,1,-0.003795070968551721,0,己,亥,土,水,丙,午,火,火,False,False,0.0076045993852192125,2012-W23,2012-06
601288.SH,2012-06-11,2.62,2.63,-0.0038,1014209,265645.494,壬辰,丙午,癸卯,1,2012,6,1,-0.0038095284166676188,0,癸,卯,水,木,丙,午,火,火,False,False,-0.003795070968551721,2012-W24,2012-06
601288.SH,2012-06-12,2.61,2.62,-0.0038,576055,150400.65,壬辰,丙午,甲辰,2,2012,6,1,-0.0038240964384035057,0,甲,辰,木,土,丙,午,火,火,False,False,-0.0038095284166676188,2012-W24,2012-06
601288.SH,2012-06-13,2.62,2.61,0.0038,766522,200400.562,壬辰,丙午,乙巳,3,2012,6,1,0.0038240964384034758,1,乙,巳,木,火,丙,午,火,火,False,False,-0.0038240964384035057,2012-W24,2012-06
601288.SH,2012-06-14,2.62,2.62,0.0,647593,169062.847,壬辰,丙午,丙午,4,2012,6,1,0.0,0,丙,午,火,火,丙,午,火,火,False,False,0.0038240964384034758,2012-W24,2012-06
601288.SH,2012-06-15,2.65,2.62,0.0115,921047,243480.358,壬辰,丙午,丁未,5,2012,6,1,0.01138532222512521,1,丁,未,火,土,丙,午,火,火,False,False,0.0,2012-W24,2012-06
601288.SH,2012-06-18,2.67,2.65,0.0075,515677,137480.252,壬辰,丙午,庚戌,1,2012,6,1,0.007518832414027319,1,庚,戌,金,土,丙,午,火,火,False,False,0.01138532222512521,2012-W25,2012-06
601288.SH,2012-06-19,2.67,2.67,0.0,623490,166439.593,壬辰,丙午,辛亥,2,2012,6,1,0.0,0,辛,亥,金,水,丙,午,火,火,False,False,0.007518832414027319,2012-W25,2012-06
601288.SH,2012-06-20,2.55,2.54,0.0039,453398,115849.371,壬辰,丙午,壬子,3,2012,6,1,0.003929278139889557,1,壬,子,水,水,丙,午,火,火,False,False,0.0,2012-W25,2012-06
601288.SH,2012-06-21,2.54,2.55,-0.0039,736937,187559.372,壬辰,丙午,癸丑,4,2012,6,1,-0.003929278139889438,0,癸,丑,水,土,丙,午,火,火,False,False,0.003929278139889557,2012-W25,2012-06
601288.SH,2012-06-25,2.54,2.54,0.0,523618,133621.93,壬辰,丙午,丁巳,1,2012,6,1,0.0,0,丁,巳,火,火,丙,午,火,火,False,False,-0.003929278139889438,2012-W26,2012-06
601288.SH,2012-06-26,2.55,2.54,0.0039,354178,90227.069,壬辰,丙午,戊午,2,2012,6,1,0.003929278139889557,1,戊,午,土,火,丙,午,火,火,False,True,0.0,2012-W26,2012-06
601288.SH,2012-06-27,2.56,2.55,0.0039,374289,95468.928,壬辰,丙午,己未,3,2012,6,1,0.003913899321136316,1,己,未,土,土,丙,午,火,火,False,True,0.003929278139889557,2012-W26,2012-06
601288.SH,2012-06-28,2.55,2.56,-0.0039,365294,93616.962,壬辰,丙午,庚申,4,2012,6,1,-0.0039138993211364406,0,庚,申,金,金,丙,午,火,火,False,True,0.003913899321136316,2012-W26,2012-06
601288.SH,2012-06-29,2.59,2.55,0.0157,662791,170797.978,壬辰,丙午,辛酉,5,2012,6,1,0.015564516541111548,1,辛,酉,金,金,丙,午,火,火,False,True,-0.0039138993211364406,2012-W26,2012-06
601288.SH,2012-07-02,2.58,2.59,-0.0039,502919,129756.123,壬辰,丙午,甲子,1,2012,7,1,-0.003868476777920206,0,甲,子,木,水,丙,午,火,火,True,False,0.015564516541111548,2012-W27,2012-07
601288.SH,2012-07-03,2.57,2.58,-0.0039,299592,77208.381,壬辰,丙午,乙丑,2,2012,7,1,-0.0038835000263977445,0,乙,丑,木,土,丙,午,火,火,True,False,-0.003868476777920206,2012-W27,2012-07
601288.SH,2012-07-04,2.57,2.57,0.0,368931,94729.541,壬辰,丙午,丙寅,3,2012,7,1,0.0,0,丙,寅,火,木,丙,午,火,火,True,False,-0.0038835000263977445,2012-W27,2012-07
601288.SH,2012-07-05,2.57,2.57,0.0,356870,91615.913,壬辰,丙午,丁卯,4,2012,7,1,0.0,0,丁,卯,火,木,丙,午,火,火,True,False,0.0,2012-W27,2012-07
601288.SH,2012-07-06,2.55,2.57,-0.0078,336544,85901.116,壬辰,丙午,戊辰,5,2012,7,1,-0.007812539736793625,0,戊,辰,土,土,丙,午,火,火,False,False,0.0,2012-W27,2012-07
601288.SH,2012-07-09,2.51,2.55,-0.0157,772002,196074.047,壬辰,丁未,辛未,1,2012,7,1,-0.015810606026642315,0,辛,未,金,土,丁,未,火,土,False,False,-0.007812539736793625,2012-W28,2012-07
601288.SH,2012-07-10,2.5,2.51,-0.004,455831,114142.759,壬辰,丁未,壬申,2,2012,7,1,-0.003992021269537338,0,壬,申,水,金,丁,未,火,土,False,False,-0.015810606026642315,2012-W28,2012-07
601288.SH,2012-07-11,2.48,2.5,-0.008,501957,124921.514,壬辰,丁未,癸酉,3,2012,7,1,-0.008032171697264267,0,癸,酉,水,金,丁,未,火,土,False,False,-0.003992021269537338,2012-W28,2012-07
601288.SH,2012-07-12,2.46,2.48,-0.0081,775421,191233.988,壬辰,丁未,甲戌,4,2012,7,1,-0.008097210232619362,0,甲,戌,木,土,丁,未,火,土,False,False,-0.008032171697264267,2012-W28,2012-07
601288.SH,2012-07-13,2.47,2.46,0.0041,351682,86780.165,壬辰,丁未,乙亥,5,2012,7,1,0.004056800695614469,1,乙,亥,木,水,丁,未,火,土,False,False,-0.008097210232619362,2012-W28,2012-07
601288.SH,2012-07-16,2.48,2.47,0.004,607064,150161.735,壬辰,丁未,戊寅,1,2012,7,1,0.004040409537004906,1,戊,寅,土,木,丁,未,火,土,False,False,0.004056800695614469,2012-W29,2012-07
601288.SH,2012-07-17,2.49,2.48,0.004,447816,111298.218,壬辰,丁未,己卯,2,2012,7,1,0.004024150299725548,1,己,卯,土,木,丁,未,火,土,False,False,0.004040409537004906,2012-W29,2012-07
601288.SH,2012-07-18,2.49,2.49,0.0,379635,94859.773,壬辰,丁未,庚辰,3,2012,7,1,0.0,0,庚,辰,金,土,丁,未,火,土,False,False,0.004024150299725548,2012-W29,2012-07
601288.SH,2012-07-19,2.49,2.49,0.0,317751,79383.847,壬辰,丁未,辛巳,4,2012,7,1,0.0,0,辛,巳,金,火,丁,未,火,土,False,False,0.0,2012-W29,2012-07
601288.SH,2012-07-20,2.49,2.49,0.0,298114,74093.531,壬辰,丁未,壬午,5,2012,7,1,0.0,0,壬,午,水,火,丁,未,火,土,False,False,0.0,2012-W29,2012-07
601288.SH,2012-07-23,2.46,2.49,-0.012,343129,84743.016,壬辰,丁未,乙酉,1,2012,7,1,-0.012121360532344963,0,乙,酉,木,金,丁,未,火,土,False,False,0.0,2012-W30,2012-07
601288.SH,2012-07-24,2.44,2.46,-0.0081,425784,104499.624,壬辰,丁未,丙戌,2,2012,7,1,-0.008163310639160981,0,丙,戌,火,土,丁,未,火,土,False,False,-0.012121360532344963,2012-W30,2012-07
601288.SH,2012-07-25,2.45,2.44,0.0041,210082,51371.213,壬辰,丁未,丁亥,3,2012,7,1,0.0040899852515252876,1,丁,亥,火,水,丁,未,火,土,False,False,-0.008163310639160981,2012-W30,2012-07
601288.SH,2012-07-26,2.45,2.45,0.0,244777,60068.584,壬辰,丁未,戊子,4,2012,7,1,0.0,0,戊,子,土,水,丁,未,火,土,False,False,0.0040899852515252876,2012-W30,2012-07
601288.SH,2012-07-27,2.48,2.45,0.0122,391187,96730.217,壬辰,丁未,己丑,5,2012,7,1,0.012170535620255114,1,己,丑,土,土,丁,未,火,土,False,True,0.0,2012-W30,2012-07
601288.SH,2012-07-30,2.49,2.48,0.004,421100,105079.698,壬辰,丁未,壬辰,1,2012,7,1,0.004024150299725548,1,壬,辰,水,土,丁,未,火,土,False,True,0.012170535620255114,2012-W31,2012-07
601288.SH,2012-07-31,2.52,2.49,0.012,418067,104970.954,壬辰,丁未,癸巳,2,2012,7,1,0.01197619104671562,1,癸,巳,水,火,丁,未,火,土,False,True,0.004024150299725548,2012-W31,2012-07
601288.SH,2012-08-01,2.5,2.52,-0.0079,293447,73745.454,壬辰,丁未,甲午,3,2012,8,1,-0.007968169649176845,0,甲,午,木,火,丁,未,火,土,True,False,0.01197619104671562,2012-W31,2012-08
601288.SH,2012-08-02,2.51,2.5,0.004,239735,60150.165,壬辰,丁未,乙未,4,2012,8,1,0.003992021269537457,1,乙,未,木,土,丁,未,火,土,True,False,-0.007968169649176845,2012-W31,2012-08
601288.SH,2012-08-03,2.52,2.51,0.004,220082,55523.391,壬辰,丁未,丙申,5,2012,8,1,0.003976148379639417,1,丙,申,火,金,丁,未,火,土,True,False,0.003992021269537457,2012-W31,2012-08
601288.SH,2012-08-06,2.5,2.52,-0.0079,419063,105235.857,壬辰,丁未,己亥,1,2012,8,1,-0.007968169649176845,0,己,亥,土,水,丁,未,火,土,False,False,0.003976148379639417,2012-W32,2012-08
601288.SH,2012-08-07,2.5,2.5,0.0,302722,75807.269,壬辰,戊申,庚子,2,2012,8,1,0.0,0,庚,子,金,水,戊,申,土,金,False,False,-0.007968169649176845,2012-W32,2012-08
601288.SH,2012-08-08,2.51,2.5,0.004,483055,121856.674,壬辰,戊申,辛丑,3,2012,8,1,0.003992021269537457,1,辛,丑,金,土,戊,申,土,金,False,False,0.0,2012-W32,2012-08
601288.SH,2012-08-09,2.53,2.51,0.008,344231,86869.965,壬辰,戊申,壬寅,4,2012,8,1,0.007936549595736342,1,壬,寅,水,木,戊,申,土,金,False,False,0.003992021269537457,2012-W32,2012-08
601288.SH,2012-08-10,2.53,2.53,0.0,310226,78647.175,壬辰,戊申,癸卯,5,2012,8,1,0.0,0,癸,卯,水,木,戊,申,土,金,False,False,0.007936549595736342,2012-W32,2012-08
601288.SH,2012-08-13,2.53,2.53,0.0,447446,113574.333,壬辰,戊申,丙午,1,2012,8,1,0.0,0,丙,午,火,火,戊,申,土,金,False,False,0.0,2012-W33,2012-08
601288.SH,2012-08-14,2.54,2.53,0.004,662670,168674.459,壬辰,戊申,丁未,2,2012,8,1,0.003944778291016546,1,丁,未,火,土,戊,申,土,金,False,False,0.0,2012-W33,2012-08
601288.SH,2012-08-15,2.51,2.54,-0.0118,348357,88009.99,壬辰,戊申,戊申,3,2012,8,1,-0.011881327886752788,0,戊,申,土,金,戊,申,土,金,False,False,0.003944778291016546,2012-W33,2012-08
601288.SH,2012-08-16,2.52,2.51,0.004,146740,36929.575,壬辰,戊申,己酉,4,2012,8,1,0.003976148379639417,1,己,酉,土,金,戊,申,土,金,False,False,-0.011881327886752788,2012-W33,2012-08
601288.SH,2012-08-17,2.51,2.52,-0.004,390859,98199.514,壬辰,戊申,庚戌,5,2012,8,1,-0.003976148379639517,0,庚,戌,金,土,戊,申,土,金,False,False,0.003976148379639417,2012-W33,2012-08
601288.SH,2012-08-20,2.5,2.51,-0.004,303001,75585.704,壬辰,戊申,癸丑,1,2012,8,1,-0.003992021269537338,0,癸,丑,水,土,戊,申,土,金,False,False,-0.003976148379639517,2012-W34,2012-08
601288.SH,2012-08-21,2.48,2.5,-0.008,533740,132665.12,壬辰,戊申,甲寅,2,2012,8,1,-0.008032171697264267,0,甲,寅,木,木,戊,申,土,金,False,False,-0.003992021269537338,2012-W34,2012-08
601288.SH,2012-08-22,2.49,2.48,0.004,396450,98186.312,壬辰,戊申,乙卯,3,2012,8,1,0.004024150299725548,1,乙,卯,木,木,戊,申,土,金,False,False,-0.008032171697264267,2012-W34,2012-08
601288.SH,2012-08-23,2.48,2.49,-0.004,552910,137063.633,壬辰,戊申,丙辰,4,2012,8,1,-0.004024150299725491,0,丙,辰,火,土,戊,申,土,金,False,False,0.004024150299725548,2012-W34,2012-08
601288.SH,2012-08-24,2.48,2.48,0.0,490996,121555.02,壬辰,戊申,丁巳,5,2012,8,1,0.0,0,丁,巳,火,火,戊,申,土,金,False,False,-0.004024150299725491,2012-W34,2012-08
601288.SH,2012-08-27,2.49,2.48,0.004,531571,132158.667,壬辰,戊申,庚申,1,2012,8,1,0.004024150299725548,1,庚,申,金,金,戊,申,土,金,False,True,0.0,2012-W35,2012-08
601288.SH,2012-08-28,2.49,2.49,0.0,308478,77043.989,壬辰,戊申,辛酉,2,2012,8,1,0.0,0,辛,酉,金,金,戊,申,土,金,False,True,0.004024150299725548,2012-W35,2012-08
601288.SH,2012-08-29,2.5,2.49,0.004,203373,50627.681,壬辰,戊申,壬戌,3,2012,8,1,0.004008021397538647,1,壬,戌,水,土,戊,申,土,金,False,True,0.0,2012-W35,2012-08
601288.SH,2012-08-30,2.49,2.5,-0.004,627005,156143.462,壬辰,戊申,癸亥,4,2012,8,1,-0.004008021397538711,0,癸,亥,水,水,戊,申,土,金,False,True,0.004008021397538647,2012-W35,2012-08
601288.SH,2012-08-31,2.48,2.49,-0.004,411675,102074.501,壬辰,戊申,甲子,5,2012,8,1,-0.004024150299725491,0,甲,子,木,水,戊,申,土,金,False,True,-0.004008021397538711,2012-W35,2012-08
601288.SH,2012-09-03,2.45,2.48,-0.0121,496761,122287.489,壬辰,戊申,丁卯,1,2012,9,1,-0.012170535620255066,0,丁,卯,火,木,戊,申,土,金,True,False,-0.004024150299725491,2012-W36,2012-09
601288.SH,2012-09-04,2.45,2.45,0.0,467642,114482.283,壬辰,戊申,戊辰,2,2012,9,1,0.0,0,戊,辰,土,土,戊,申,土,金,True,False,-0.012170535620255066,2012-W36,2012-09
601288.SH,2012-09-05,2.42,2.45,-0.0122,664459,161032.5,壬辰,戊申,己巳,3,2012,9,1,-0.012320484388040736,0,己,巳,土,火,戊,申,土,金,True,False,0.0,2012-W36,2012-09
601288.SH,2012-09-06,2.43,2.42,0.0041,356867,86172.925,壬辰,戊申,庚午,4,2012,9,1,0.004123717183862156,1,庚,午,金,火,戊,申,土,金,False,False,-0.012320484388040736,2012-W36,2012-09
601288.SH,2012-09-07,2.49,2.43,0.0247,1413177,348722.915,壬辰,己酉,辛未,5,2012,9,1,0.024391453124159267,1,辛,未,金,土,己,酉,土,金,False,False,0.004123717183862156,2012-W36,2012-09
601288.SH,2012-09-10,2.48,2.49,-0.004,567568,140452.236,壬辰,己酉,甲戌,1,2012,9,1,-0.004024150299725491,0,甲,戌,木,土,己,酉,土,金,False,False,0.024391453124159267,2012-W37,2012-09
601288.SH,2012-09-11,2.47,2.48,-0.004,389357,95517.164,壬辰,己酉,乙亥,2,2012,9,1,-0.004040409537004863,0,乙,亥,木,水,己,酉,土,金,False,False,-0.004024150299725491,2012-W37,2012-09
601288.SH,2012-09-12,2.46,2.47,-0.004,403047,98985.514,壬辰,己酉,丙子,3,2012,9,1,-0.00405680069561443,0,丙,子,火,水,己,酉,土,金,False,False,-0.004040409537004863,2012-W37,2012-09
601288.SH,2012-09-13,2.45,2.46,-0.0041,306642,75332.417,壬辰,己酉,丁丑,4,2012,9,1,-0.004073325387635786,0,丁,丑,火,土,己,酉,土,金,False,False,-0.00405680069561443,2012-W37,2012-09
601288.SH,2012-09-14,2.48,2.45,0.0122,623671,154088.049,壬辰,己酉,戊寅,5,2012,9,1,0.012170535620255114,1,戊,寅,土,木,己,酉,土,金,False,False,-0.004073325387635786,2012-W37,2012-09
601288.SH,2012-09-17,2.46,2.48,-0.0081,521931,128960.174,壬辰,己酉,辛巳,1,2012,9,1,-0.008097210232619362,0,辛,巳,金,火,己,酉,土,金,False,False,0.012170535620255114,2012-W38,2012-09
601288.SH,2012-09-18,2.44,2.46,-0.0081,275451,67379.737,壬辰,己酉,壬午,2,2012,9,1,-0.008163310639160981,0,壬,午,水,火,己,酉,土,金,False,False,-0.008097210232619362,2012-W38,2012-09
601288.SH,2012-09-19,2.44,2.44,0.0,561596,136685.492,壬辰,己酉,癸未,3,2012,9,1,0.0,0,癸,未,水,土,己,酉,土,金,False,False,-0.008163310639160981,2012-W38,2012-09
601288.SH,2012-09-20,2.43,2.44,-0.0041,541029,131155.719,壬辰,己酉,甲申,4,2012,9,1,-0.004106781952653359,0,甲,申,木,金,己,酉,土,金,False,False,0.0,2012-W38,2012-09
601288.SH,2012-09-21,2.41,2.43,-0.0082,622897,150625.252,壬辰,己酉,乙酉,5,2012,9,1,-0.008264509849893424,0,乙,酉,木,金,己,酉,土,金,False,False,-0.004106781952653359,2012-W38,2012-09
601288.SH,2012-09-24,2.41,2.41,0.0,581309,140051.221,壬辰,己酉,戊子,1,2012,9,1,0.0,0,戊,子,土,水,己,酉,土,金,False,False,-0.008264509849893424,2012-W39,2012-09
601288.SH,2012-09-25,2.41,2.41,0.0,229521,55224.983,壬辰,己酉,己丑,2,2012,9,1,0.0,0,己,丑,土,土,己,酉,土,金,False,False,0.0,2012-W39,2012-09
601288.SH,2012-09-26,2.4,2.41,-0.0041,359195,86034.43,壬辰,己酉,庚寅,3,2012,9,1,-0.004158010148663788,0,庚,寅,金,木,己,酉,土,金,False,True,0.0,2012-W39,2012-09
601288.SH,2012-09-27,2.45,2.4,0.0208,896599,218146.515,壬辰,己酉,辛卯,4,2012,9,1,0.020619287202735825,1,辛,卯,金,木,己,酉,土,金,False,True,-0.004158010148663788,2012-W39,2012-09
601288.SH,2012-09-28,2.46,2.45,0.0041,729860,178359.947,壬辰,己酉,壬辰,5,2012,9,1,0.004073325387635648,1,壬,辰,水,土,己,酉,土,金,False,True,0.020619287202735825,2012-W39,2012-09
601288.SH,2012-10-08,2.47,2.46,0.0041,459625,112792.49,壬辰,庚戌,壬寅,1,2012,10,1,0.004056800695614469,1,壬,寅,水,木,庚,戌,金,土,False,False,0.004073325387635648,2012-W41,2012-10
601288.SH,2012-10-09,2.49,2.47,0.0081,747256,186064.573,壬辰,庚戌,癸卯,2,2012,10,1,0.008064559836730495,1,癸,卯,水,木,庚,戌,金,土,False,False,0.004056800695614469,2012-W41,2012-10
601288.SH,2012-10-10,2.48,2.49,-0.004,442813,109675.026,壬辰,庚戌,甲辰,3,2012,10,1,-0.004024150299725491,0,甲,辰,木,土,庚,戌,金,土,False,False,0.008064559836730495,2012-W41,2012-10
601288.SH,2012-10-11,2.49,2.48,0.004,484361,119885.064,壬辰,庚戌,乙巳,4,2012,10,1,0.004024150299725548,1,乙,巳,木,火,庚,戌,金,土,False,False,-0.004024150299725491,2012-W41,2012-10
601288.SH,2012-10-12,2.5,2.49,0.004,622896,156021.01,壬辰,庚戌,丙午,5,2012,10,1,0.004008021397538647,1,丙,午,火,火,庚,戌,金,土,False,False,0.004024150299725548,2012-W41,2012-10
601288.SH,2012-10-15,2.51,2.5,0.004,426454,106985.962,壬辰,庚戌,己酉,1,2012,10,1,0.003992021269537457,1,己,酉,土,金,庚,戌,金,土,False,False,0.004008021397538647,2012-W42,2012-10
601288.SH,2012-10-16,2.5,2.51,-0.004,317060,79218.749,壬辰,庚戌,庚戌,2,2012,10,1,-0.003992021269537338,0,庚,戌,金,土,庚,戌,金,土,False,False,0.003992021269537457,2012-W42,2012-10
601288.SH,2012-10-17,2.51,2.5,0.004,358322,89947.661,壬辰,庚戌,辛亥,3,2012,10,1,0.003992021269537457,1,辛,亥,金,水,庚,戌,金,土,False,False,-0.003992021269537338,2012-W42,2012-10
601288.SH,2012-10-18,2.51,2.51,0.0,626360,157733.387,壬辰,庚戌,壬子,4,2012,10,1,0.0,0,壬,子,水,水,庚,戌,金,土,False,False,0.003992021269537457,2012-W42,2012-10
601288.SH,2012-10-19,2.52,2.51,0.004,483597,121613.028,壬辰,庚戌,癸丑,5,2012,10,1,0.003976148379639417,1,癸,丑,水,土,庚,戌,金,土,False,False,0.0,2012-W42,2012-10
601288.SH,2012-10-22,2.52,2.52,0.0,399217,100669.473,壬辰,庚戌,丙辰,1,2012,10,1,0.0,0,丙,辰,火,土,庚,戌,金,土,False,False,0.003976148379639417,2012-W43,2012-10
601288.SH,2012-10-23,2.51,2.52,-0.004,204174,51423.392,壬辰,庚戌,丁巳,2,2012,10,1,-0.003976148379639517,0,丁,巳,火,火,庚,戌,金,土,False,False,0.0,2012-W43,2012-10
601288.SH,2012-10-24,2.51,2.51,0.0,282755,70945.333,壬辰,庚戌,戊午,3,2012,10,1,0.0,0,戊,午,土,火,庚,戌,金,土,False,False,-0.003976148379639517,2012-W43,2012-10
601288.SH,2012-10-25,2.5,2.51,-0.004,305650,76598.306,壬辰,庚戌,己未,4,2012,10,1,-0.003992021269537338,0,己,未,土,土,庚,戌,金,土,False,False,0.0,2012-W43,2012-10
601288.SH,2012-10-26,2.47,2.5,-0.012,417160,103694.02,壬辰,庚戌,庚申,5,2012,10,1,-0.012072581234269136,0,庚,申,金,金,庚,戌,金,土,False,False,-0.003992021269537338,2012-W43,2012-10
601288.SH,2012-10-29,2.47,2.47,0.0,322312,79662.802,壬辰,庚戌,癸亥,1,2012,10,1,0.0,0,癸,亥,水,水,庚,戌,金,土,False,True,-0.012072581234269136,2012-W44,2012-10
601288.SH,2012-10-30,2.48,2.47,0.004,468233,115817.762,壬辰,庚戌,甲子,2,2012,10,1,0.004040409537004906,1,甲,子,木,水,庚,戌,金,土,False,True,0.0,2012-W44,2012-10
601288.SH,2012-10-31,2.5,2.48,0.0081,347476,86516.205,壬辰,庚戌,乙丑,3,2012,10,1,0.008032171697264253,1,乙,丑,木,土,庚,戌,金,土,False,True,0.004040409537004906,2012-W44,2012-10
601288.SH,2012-11-01,2.53,2.5,0.012,723127,182520.99,壬辰,庚戌,丙寅,4,2012,11,1,0.011928570865273812,1,丙,寅,火,木,庚,戌,金,土,True,False,0.008032171697264253,2012-W44,2012-11
601288.SH,2012-11-02,2.55,2.53,0.0079,881866,224221.703,壬辰,庚戌,丁卯,5,2012,11,1,0.007874056430905866,1,丁,卯,火,木,庚,戌,金,土,True,False,0.011928570865273812,2012-W44,2012-11
601288.SH,2012-11-05,2.56,2.55,0.0039,480544,122566.472,壬辰,庚戌,庚午,1,2012,11,1,0.003913899321136316,1,庚,午,金,火,庚,戌,金,土,True,False,0.007874056430905866,2012-W45,2012-11
601288.SH,2012-11-06,2.57,2.56,0.0039,664080,169617.252,壬辰,庚戌,辛未,2,2012,11,1,0.003898640415657323,1,辛,未,金,土,庚,戌,金,土,False,False,0.003913899321136316,2012-W45,2012-11
601288.SH,2012-11-07,2.57,2.57,0.0,347925,89354.328,壬辰,辛亥,壬申,3,2012,11,1,0.0,0,壬,申,水,金,辛,亥,金,水,False,False,0.003898640415657323,2012-W45,2012-11
601288.SH,2012-11-08,2.57,2.57,0.0,515907,131693.314,壬辰,辛亥,癸酉,4,2012,11,1,0.0,0,癸,酉,水,金,辛,亥,金,水,False,False,0.0,2012-W45,2012-11
601288.SH,2012-11-09,2.58,2.57,0.0039,652931,167540.436,壬辰,辛亥,甲戌,5,2012,11,1,0.003883500026397612,1,甲,戌,木,土,辛,亥,金,水,False,False,0.0,2012-W45,2012-11
601288.SH,2012-11-12,2.58,2.58,0.0,746183,192478.909,壬辰,辛亥,丁丑,1,2012,11,1,0.0,0,丁,丑,火,土,辛,亥,金,水,False,False,0.003883500026397612,2012-W46,2012-11
601288.SH,2012-11-13,2.57,2.58,-0.0039,742740,190646.337,壬辰,辛亥,戊寅,2,2012,11,1,-0.0038835000263977445,0,戊,寅,土,木,辛,亥,金,水,False,False,0.0,2012-W46,2012-11
601288.SH,2012-11-14,2.58,2.57,0.0039,715845,184864.265,壬辰,辛亥,己卯,3,2012,11,1,0.003883500026397612,1,己,卯,土,木,辛,亥,金,水,False,False,-0.0038835000263977445,2012-W46,2012-11
601288.SH,2012-11-15,2.58,2.58,0.0,622015,160295.805,壬辰,辛亥,庚辰,4,2012,11,1,0.0,0,庚,辰,金,土,辛,亥,金,水,False,False,0.003883500026397612,2012-W46,2012-11
601288.SH,2012-11-16,2.58,2.58,0.0,765162,195627.977,壬辰,辛亥,辛巳,5,2012,11,1,0.0,0,辛,巳,金,火,辛,亥,金,水,False,False,0.0,2012-W46,2012-11
601288.SH,2012-11-19,2.56,2.58,-0.0078,399474,102256.025,壬辰,辛亥,甲申,1,2012,11,1,-0.007782140442054963,0,甲,申,木,金,辛,亥,金,水,False,False,0.0,2012-W47,2012-11
601288.SH,2012-11-20,2.57,2.56,0.0039,337557,86347.925,壬辰,辛亥,乙酉,2,2012,11,1,0.003898640415657323,1,乙,酉,木,金,辛,亥,金,水,False,False,-0.007782140442054963,2012-W47,2012-11
601288.SH,2012-11-21,2.58,2.57,0.0039,385298,99283.08,壬辰,辛亥,丙戌,3,2012,11,1,0.003883500026397612,1,丙,戌,火,土,辛,亥,金,水,False,False,0.003898640415657323,2012-W47,2012-11
601288.SH,2012-11-22,2.58,2.58,0.0,269064,69414.378,壬辰,辛亥,丁亥,4,2012,11,1,0.0,0,丁,亥,火,水,辛,亥,金,水,False,False,0.003883500026397612,2012-W47,2012-11
601288.SH,2012-11-23,2.58,2.58,0.0,560003,144810.934,壬辰,辛亥,戊子,5,2012,11,1,0.0,0,戊,子,土,水,辛,亥,金,水,False,False,0.0,2012-W47,2012-11
601288.SH,2012-11-26,2.61,2.58,0.0116,492694,127556.733,壬辰,辛亥,辛卯,1,2012,11,1,0.011560822401076006,1,辛,卯,金,木,辛,亥,金,水,False,True,0.0,2012-W48,2012-11
601288.SH,2012-11-27,2.61,2.61,0.0,540745,141082.215,壬辰,辛亥,壬辰,2,2012,11,1,0.0,0,壬,辰,水,土,辛,亥,金,水,False,True,0.011560822401076006,2012-W48,2012-11
601288.SH,2012-11-28,2.64,2.61,0.0115,787485,206354.723,壬辰,辛亥,癸巳,3,2012,11,1,0.01142869582362285,1,癸,巳,水,火,辛,亥,金,水,False,True,0.0,2012-W48,2012-11
601288.SH,2012-11-29,2.64,2.64,0.0,667608,176335.001,壬辰,辛亥,甲午,4,2012,11,1,0.0,0,甲,午,木,火,辛,亥,金,水,False,True,0.01142869582362285,2012-W48,2012-11
601288.SH,2012-11-30,2.6,2.64,-0.0152,515480,135805.293,壬辰,辛亥,乙未,5,2012,11,1,-0.01526747213078842,0,乙,未,木,土,辛,亥,金,水,False,True,0.0,2012-W48,2012-11
601288.SH,2012-12-03,2.61,2.6,0.0038,447196,115975.126,壬辰,辛亥,戊戌,1,2012,12,1,0.003838776307165667,1,戊,戌,土,土,辛,亥,金,水,True,False,-0.01526747213078842,2012-W49,2012-12
601288.SH,2012-12-04,2.58,2.61,-0.0115,589500,153184.544,壬辰,辛亥,己亥,2,2012,12,1,-0.011560822401075858,0,己,亥,土,水,辛,亥,金,水,True,False,0.003838776307165667,2012-W49,2012-12
601288.SH,2012-12-05,2.62,2.58,0.0155,1288078,336307.07,壬辰,辛亥,庚子,3,2012,12,1,0.015384918839479456,1,庚,子,金,水,辛,亥,金,水,True,False,-0.011560822401075858,2012-W49,2012-12
601288.SH,2012-12-06,2.62,2.62,0.0,773405,202659.777,壬辰,辛亥,辛丑,4,2012,12,1,0.0,0,辛,丑,金,土,辛,亥,金,水,False,False,0.015384918839479456,2012-W49,2012-12
601288.SH,2012-12-07,2.62,2.62,0.0,1946804,511144.115,壬辰,壬子,壬寅,5,2012,12,1,0.0,0,壬,寅,水,木,壬,子,水,水,False,False,0.0,2012-W49,2012-12
601288.SH,2012-12-10,2.67,2.62,0.0191,1440237,380876.433,壬辰,壬子,乙巳,1,2012,12,1,0.018904154639152654,1,乙,巳,木,火,壬,子,水,水,False,False,0.0,2012-W50,2012-12
601288.SH,2012-12-11,2.67,2.67,0.0,753004,201508.494,壬辰,壬子,丙午,2,2012,12,1,0.0,0,丙,午,火,火,壬,子,水,水,False,False,0.018904154639152654,2012-W50,2012-12
601288.SH,2012-12-12,2.68,2.67,0.0037,936139,250756.169,壬辰,壬子,丁未,3,2012,12,1,0.003738322110607158,1,丁,未,火,土,壬,子,水,水,False,False,0.0,2012-W50,2012-12
601288.SH,2012-12-13,2.68,2.68,0.0,610813,163479.449,壬辰,壬子,戊申,4,2012,12,1,0.0,0,戊,申,土,金,壬,子,水,水,False,False,0.003738322110607158,2012-W50,2012-12
601288.SH,2012-12-14,2.79,2.68,0.041,1919042,530947.597,壬辰,壬子,己酉,5,2012,12,1,0.0402248013105088,1,己,酉,土,金,壬,子,水,水,False,False,0.0,2012-W50,2012-12
601288.SH,2012-12-17,2.74,2.79,-0.0179,1588318,437070.944,壬辰,壬子,壬子,1,2012,12,1,-0.01808367543329535,0,壬,子,水,水,壬,子,水,水,False,False,0.0402248013105088,2012-W51,2012-12
601288.SH,2012-12-18,2.77,2.74,0.0109,1911910,526175.29,壬辰,壬子,癸丑,2,2012,12,1,0.010889399799268097,1,癸,丑,水,土,壬,子,水,水,False,False,-0.01808367543329535,2012-W51,2012-12
601288.SH,2012-12-19,2.75,2.77,-0.0072,995470,274450.535,壬辰,壬子,甲寅,3,2012,12,1,-0.007246408520767198,0,甲,寅,木,木,壬,子,水,水,False,False,0.010889399799268097,2012-W51,2012-12
601288.SH,2012-12-20,2.74,2.75,-0.0036,608276,166533.263,壬辰,壬子,乙卯,4,2012,12,1,-0.0036429912785009805,0,乙,卯,木,木,壬,子,水,水,False,False,-0.007246408520767198,2012-W51,2012-12
601288.SH,2012-12-21,2.71,2.74,-0.0109,1127596,307656.218,壬辰,壬子,丙辰,5,2012,12,1,-0.011009285508369368,0,丙,辰,火,土,壬,子,水,水,False,False,-0.0036429912785009805,2012-W51,2012-12
601288.SH,2012-12-24,2.73,2.71,0.0074,548385,149795.994,壬辰,壬子,己未,1,2012,12,1,0.007352974305258733,1,己,未,土,土,壬,子,水,水,False,False,-0.011009285508369368,2012-W52,2012-12
601288.SH,2012-12-25,2.8,2.73,0.0256,1436198,400844.184,壬辰,壬子,庚申,2,2012,12,1,0.025317807984289786,1,庚,申,金,金,壬,子,水,水,False,False,0.007352974305258733,2012-W52,2012-12
601288.SH,2012-12-26,2.77,2.8,-0.0107,1071265,296052.396,壬辰,壬子,辛酉,3,2012,12,1,-0.01077209698191107,0,辛,酉,金,金,壬,子,水,水,False,False,0.025317807984289786,2012-W52,2012-12
601288.SH,2012-12-27,2.74,2.77,-0.0108,1096882,301428.731,壬辰,壬子,壬戌,4,2012,12,1,-0.010889399799268206,0,壬,戌,水,土,壬,子,水,水,False,True,-0.01077209698191107,2012-W52,2012-12
601288.SH,2012-12-28,2.76,2.74,0.0073,1655376,455348.632,壬辰,壬子,癸亥,5,2012,12,1,0.007272759329079657,1,癸,亥,水,水,壬,子,水,水,False,True,-0.010889399799268206,2012-W52,2012-12
601288.SH,2012-12-31,2.8,2.76,0.0145,1781086,495313.779,壬辰,壬子,丙寅,1,2012,12,1,0.01438873745209967,1,丙,寅,火,木,壬,子,水,水,False,True,0.007272759329079657,2013-W01,2012-12
601288.SH,2013-01-04,2.89,2.8,0.0321,3680172,1055235.89,壬辰,壬子,庚午,5,2013,1,1,0.03163708494318266,1,庚,午,金,火,壬,子,水,水,True,False,0.01438873745209967,2013-W01,2013-01
601288.SH,2013-01-07,2.87,2.89,-0.0069,1391158,400317.173,壬辰,癸丑,癸酉,1,2013,1,1,-0.006944472352811046,0,癸,酉,水,金,癸,丑,水,土,False,False,0.03163708494318266,2013-W02,2013-01
601288.SH,2013-01-08,2.84,2.87,-0.0105,1038673,295654.598,壬辰,癸丑,甲戌,2,2013,1,1,-0.010507977598415206,0,甲,戌,木,土,癸,丑,水,土,False,False,-0.006944472352811046,2013-W02,2013-01
601288.SH,2013-01-09,2.82,2.84,-0.007,1017743,287554.357,壬辰,癸丑,乙亥,3,2013,1,1,-0.007067167223092443,0,乙,亥,木,水,癸,丑,水,土,False,False,-0.010507977598415206,2013-W02,2013-01
601288.SH,2013-01-10,2.82,2.82,0.0,1246764,351421.848,壬辰,癸丑,丙子,4,2013,1,1,0.0,0,丙,子,火,水,癸,丑,水,土,False,False,-0.007067167223092443,2013-W02,2013-01
601288.SH,2013-01-11,2.79,2.82,-0.0106,983375,274844.02,壬辰,癸丑,丁丑,5,2013,1,1,-0.010695289116747919,0,丁,丑,火,土,癸,丑,水,土,False,False,0.0,2013-W02,2013-01
601288.SH,2013-01-14,2.84,2.79,0.0179,2010388,567769.06,壬辰,癸丑,庚辰,1,2013,1,1,0.01776245633984025,1,庚,辰,金,土,癸,丑,水,土,False,False,-0.010695289116747919,2013-W03,2013-01
601288.SH,2013-01-15,2.84,2.84,0.0,1815495,513996.578,壬辰,癸丑,辛巳,2,2013,1,1,0.0,0,辛,巳,金,火,癸,丑,水,土,False,False,0.01776245633984025,2013-W03,2013-01
601288.SH,2013-01-16,2.78,2.84,-0.0211,1476534,411938.29,壬辰,癸丑,壬午,3,2013,1,1,-0.021353124470568946,0,壬,午,水,火,癸,丑,水,土,False,False,0.0,2013-W03,2013-01
601288.SH,2013-01-17,2.77,2.78,-0.0036,837812,231529.892,壬辰,癸丑,癸未,4,2013,1,1,-0.0036036075032985443,0,癸,未,水,土,癸,丑,水,土,False,False,-0.021353124470568946,2013-W03,2013-01
601288.SH,2013-01-18,2.8,2.77,0.0108,932512,260399.015,壬辰,癸丑,甲申,5,2013,1,1,0.01077209698191104,1,甲,申,木,金,癸,丑,水,土,False,False,-0.0036036075032985443,2013-W03,2013-01
601288.SH,2013-01-21,2.78,2.8,-0.0071,1493966,414922.801,壬辰,癸丑,丁亥,1,2013,1,1,-0.007168489478612516,0,丁,亥,火,水,癸,丑,水,土,False,False,0.01077209698191104,2013-W04,2013-01
601288.SH,2013-01-22,2.81,2.78,0.0108,3003670,844795.025,壬辰,癸丑,戊子,2,2013,1,1,0.010733555643108851,1,戊,子,土,水,癸,丑,水,土,False,False,-0.007168489478612516,2013-W04,2013-01
601288.SH,2013-01-23,2.83,2.81,0.0071,2319538,653407.438,壬辰,癸丑,己丑,3,2013,1,1,0.007092228309491837,1,己,丑,土,土,癸,丑,水,土,False,False,0.010733555643108851,2013-W04,2013-01
601288.SH,2013-01-24,2.86,2.83,0.0106,4247465,1217478.206,壬辰,癸丑,庚寅,4,2013,1,1,0.01054491317661482,1,庚,寅,金,木,癸,丑,水,土,False,False,0.007092228309491837,2013-W04,2013-01
601288.SH,2013-01-25,2.82,2.86,-0.014,1816205,514305.868,壬辰,癸丑,辛卯,5,2013,1,1,-0.014084739881738972,0,辛,卯,金,木,癸,丑,水,土,False,False,0.01054491317661482,2013-W04,2013-01
601288.SH,2013-01-28,2.91,2.82,0.0319,3909469,1124930.197,壬辰,癸丑,甲午,1,2013,1,1,0.03141619623337913,1,甲,午,木,火,癸,丑,水,土,False,True,-0.014084739881738972,2013-W05,2013-01
601288.SH,2013-01-29,2.91,2.91,0.0,3136019,908397.238,壬辰,癸丑,乙未,2,2013,1,1,0.0,0,乙,未,木,土,癸,丑,水,土,False,True,0.03141619623337913,2013-W05,2013-01
601288.SH,2013-01-30,3.01,2.91,0.0344,5585647,1661433.098,壬辰,癸丑,丙申,3,2013,1,1,0.0337869975773831,1,丙,申,火,金,癸,丑,水,土,False,True,0.0,2013-W05,2013-01
601288.SH,2013-01-31,3.08,3.01,0.0233,5027889,1542566.119,壬辰,癸丑,丁酉,4,2013,1,1,0.02298951822469878,1,丁,酉,火,金,癸,丑,水,土,False,True,0.0337869975773831,2013-W05,2013-01
601288.SH,2013-02-01,3.14,3.08,0.0195,3881292,1202759.195,壬辰,癸丑,戊戌,5,2013,2,1,0.01929320293467885,1,戊,戌,土,土,癸,丑,水,土,True,False,0.02298951822469878,2013-W05,2013-02
601288.SH,2013-02-04,3.23,3.14,0.0287,5018729,1614986.608,癸巳,甲寅,辛丑,1,2013,2,1,0.028259337314403058,1,辛,丑,金,土,甲,寅,木,木,True,False,0.01929320293467885,2013-W06,2013-02
601288.SH,2013-02-05,3.19,3.23,-0.0124,3431873,1093831.078,癸巳,甲寅,壬寅,2,2013,2,1,-0.012461220437812002,0,壬,寅,水,木,甲,寅,木,木,True,False,0.028259337314403058,2013-W06,2013-02
601288.SH,2013-02-06,3.2,3.19,0.0031,2331707,745610.481,癸巳,甲寅,癸卯,3,2013,2,1,0.003129893008927787,1,癸,卯,水,木,甲,寅,木,木,False,False,-0.012461220437812002,2013-W06,2013-02
601288.SH,2013-02-07,3.14,3.2,-0.0188,3154620,990458.073,癸巳,甲寅,甲辰,4,2013,2,1,-0.01892800988551891,0,甲,辰,木,土,甲,寅,木,木,False,False,0.003129893008927787,2013-W06,2013-02
601288.SH,2013-02-08,3.1,3.14,-0.0127,2331586,725853.082,癸巳,甲寅,乙巳,5,2013,2,1,-0.012820688429061434,0,乙,巳,木,火,甲,寅,木,木,False,False,-0.01892800988551891,2013-W06,2013-02
601288.SH,2013-02-18,3.09,3.1,-0.0032,2536389,794786.152,癸巳,甲寅,乙卯,1,2013,2,1,-0.003231020581446532,0,乙,卯,木,木,甲,寅,木,木,False,False,-0.012820688429061434,2013-W08,2013-02
601288.SH,2013-02-19,3.07,3.09,-0.0065,1536959,471430.359,癸巳,甲寅,丙辰,2,2013,2,1,-0.006493529310548343,0,丙,辰,火,土,甲,寅,木,木,False,False,-0.003231020581446532,2013-W08,2013-02
601288.SH,2013-02-20,3.05,3.07,-0.0065,1826879,555142.895,癸巳,甲寅,丁巳,3,2013,2,1,-0.006535970979785533,0,丁,巳,火,火,甲,寅,木,木,False,False,-0.006493529310548343,2013-W08,2013-02
601288.SH,2013-02-21,2.95,3.05,-0.0328,3045387,899360.838,癸巳,甲寅,戊午,4,2013,2,1,-0.03333642026759172,0,戊,午,土,火,甲,寅,木,木,False,False,-0.006535970979785533,2013-W08,2013-02
601288.SH,2013-02-22,2.91,2.95,-0.0136,1408400,410501.27,癸巳,甲寅,己未,5,2013,2,1,-0.01365208916832732,0,己,未,土,土,甲,寅,木,木,False,False,-0.03333642026759172,2013-W08,2013-02
601288.SH,2013-02-25,2.9,2.91,-0.0034,1134465,330343.082,癸巳,甲寅,壬戌,1,2013,2,1,-0.0034423441909729015,0,壬,戌,水,土,甲,寅,木,木,False,True,-0.01365208916832732,2013-W09,2013-02
601288.SH,2013-02-26,2.87,2.9,-0.0103,2108107,618109.147,癸巳,甲寅,癸亥,2,2013,2,1,-0.010398707220898511,0,癸,亥,水,水,甲,寅,木,木,False,True,-0.0034423441909729015,2013-W09,2013-02
601288.SH,2013-02-27,2.93,2.87,0.0209,1821345,530276.582,癸巳,甲寅,甲子,3,2013,2,1,0.020690393257446246,1,甲,子,木,水,甲,寅,木,木,False,True,-0.010398707220898511,2013-W09,2013-02
601288.SH,2013-02-28,3.0,2.93,0.0239,2243033,666391.21,癸巳,甲寅,乙丑,4,2013,2,1,0.023609865639133667,1,乙,丑,木,土,甲,寅,木,木,False,True,0.020690393257446246,2013-W09,2013-02
601288.SH,2013-03-01,2.95,3.0,-0.0167,1437112,425484.929,癸巳,甲寅,丙寅,5,2013,3,1,-0.016807118316381174,0,丙,寅,火,木,甲,寅,木,木,True,False,0.023609865639133667,2013-W09,2013-03
601288.SH,2013-03-04,2.85,2.95,-0.0339,2521333,722470.535,癸巳,甲寅,己巳,1,2013,3,1,-0.03448617607116932,0,己,巳,土,火,甲,寅,木,木,True,False,-0.016807118316381174,2013-W10,2013-03
601288.SH,2013-03-05,2.97,2.85,0.0421,2848666,828992.107,癸巳,乙卯,庚午,2,2013,3,1,0.04124295853404922,1,庚,午,金,火,乙,卯,木,木,True,False,-0.03448617607116932,2013-W10,2013-03
601288.SH,2013-03-06,2.94,2.97,-0.0101,1980330,582177.825,癸巳,乙卯,辛未,3,2013,3,1,-0.010152371464018073,0,辛,未,金,土,乙,卯,木,木,False,False,0.04124295853404922,2013-W10,2013-03
601288.SH,2013-03-07,2.87,2.94,-0.0238,1519929,439762.745,癸巳,乙卯,壬申,4,2013,3,1,-0.024097551579060416,0,壬,申,水,金,乙,卯,木,木,False,False,-0.010152371464018073,2013-W10,2013-03
601288.SH,2013-03-08,2.87,2.87,0.0,1060029,304208.702,癸巳,乙卯,癸酉,5,2013,3,1,0.0,0,癸,酉,水,金,乙,卯,木,木,False,False,-0.024097551579060416,2013-W10,2013-03
601288.SH,2013-03-11,2.85,2.87,-0.007,1134219,322332.164,癸巳,乙卯,丙子,1,2013,3,1,-0.006993035490970637,0,丙,子,火,水,乙,卯,木,木,False,False,0.0,2013-W11,2013-03
601288.SH,2013-03-12,2.82,2.85,-0.0105,1474140,418276.922,癸巳,乙卯,丁丑,2,2013,3,1,-0.010582109330536972,0,丁,丑,火,土,乙,卯,木,木,False,False,-0.006993035490970637,2013-W11,2013-03
601288.SH,2013-03-13,2.8,2.82,-0.0071,1370568,383820.688,癸巳,乙卯,戊寅,3,2013,3,1,-0.0071174677688639896,0,戊,寅,土,木,乙,卯,木,木,False,False,-0.010582109330536972,2013-W11,2013-03
601288.SH,2013-03-14,2.84,2.8,0.0143,1253300,352081.398,癸巳,乙卯,己卯,4,2013,3,1,0.014184634991956381,1,己,卯,土,木,乙,卯,木,木,False,False,-0.0071174677688639896,2013-W11,2013-03
601288.SH,2013-03-15,2.87,2.84,0.0106,1974684,564087.641,癸巳,乙卯,庚辰,5,2013,3,1,0.010507977598415165,1,庚,辰,金,土,乙,卯,木,木,False,False,0.014184634991956381,2013-W11,2013-03
601288.SH,2013-03-18,2.8,2.87,-0.0244,1220969,344937.117,癸巳,乙卯,癸未,1,2013,3,1,-0.024692612590371636,0,癸,未,水,土,乙,卯,木,木,False,False,0.010507977598415165,2013-W12,2013-03
601288.SH,2013-03-19,2.81,2.8,0.0036,1156647,324261.836,癸巳,乙卯,甲申,2,2013,3,1,0.0035650661644961446,1,甲,申,木,金,乙,卯,木,木,False,False,-0.024692612590371636,2013-W12,2013-03
601288.SH,2013-03-20,2.89,2.81,0.0285,2179338,626229.134,癸巳,乙卯,乙酉,3,2013,3,1,0.028072018778686522,1,乙,酉,木,金,乙,卯,木,木,False,False,0.0035650661644961446,2013-W12,2013-03
601288.SH,2013-03-21,2.88,2.89,-0.0035,948539,273727.249,癸巳,乙卯,丙戌,4,2013,3,1,-0.003466207976486284,0,丙,戌,火,土,乙,卯,木,木,False,False,0.028072018778686522,2013-W12,2013-03
601288.SH,2013-03-22,2.88,2.88,0.0,630323,181191.428,癸巳,乙卯,丁亥,5,2013,3,1,0.0,0,丁,亥,火,水,乙,卯,木,木,False,False,-0.003466207976486284,2013-W12,2013-03
601288.SH,2013-03-25,2.9,2.88,0.0069,737212,213916.266,癸巳,乙卯,庚寅,1,2013,3,1,0.006920442844573757,1,庚,寅,金,木,乙,卯,木,木,False,False,0.0,2013-W13,2013-03
601288.SH,2013-03-26,2.86,2.9,-0.0138,1070998,306508.657,癸巳,乙卯,辛卯,2,2013,3,1,-0.01388911216066715,0,辛,卯,金,木,乙,卯,木,木,False,False,0.006920442844573757,2013-W13,2013-03
601288.SH,2013-03-27,2.82,2.86,-0.014,1741730,495851.409,癸巳,乙卯,壬辰,3,2013,3,1,-0.014084739881738972,0,壬,辰,水,土,乙,卯,木,木,False,True,-0.01388911216066715,2013-W13,2013-03
601288.SH,2013-03-28,2.7,2.82,-0.0426,3964462,1067750.991,癸巳,乙卯,癸巳,4,2013,3,1,-0.04348511193973866,0,癸,巳,水,火,乙,卯,木,木,False,True,-0.014084739881738972,2013-W13,2013-03
601288.SH,2013-03-29,2.7,2.7,0.0,901652,244257.096,癸巳,乙卯,甲午,5,2013,3,1,0.0,0,甲,午,木,火,乙,卯,木,木,False,True,-0.04348511193973866,2013-W13,2013-03
601288.SH,2013-04-01,2.68,2.7,-0.0074,830337,223221.998,癸巳,乙卯,丁酉,1,2013,4,1,-0.00743497848751809,0,丁,酉,火,金,乙,卯,木,木,True,False,0.0,2013-W14,2013-04
601288.SH,2013-04-02,2.69,2.68,0.0037,865062,232918.337,癸巳,乙卯,戊戌,2,2013,4,1,0.0037243990909822727,1,戊,戌,土,土,乙,卯,木,木,True,False,-0.00743497848751809,2013-W14,2013-04
601288.SH,2013-04-03,2.73,2.69,0.0149,1293044,352956.656,癸巳,乙卯,己亥,3,2013,4,1,0.014760415583120674,1,己,亥,土,水,乙,卯,木,木,True,False,0.0037243990909822727,2013-W14,2013-04
601288.SH,2013-04-08,2.71,2.73,-0.0073,1001157,270890.526,癸巳,丙辰,甲辰,1,2013,4,1,-0.007352974305258806,0,甲,辰,木,土,丙,辰,火,土,False,False,0.014760415583120674,2013-W15,2013-04
601288.SH,2013-04-09,2.72,2.71,0.0037,840664,229251.037,癸巳,丙辰,乙巳,2,2013,4,1,0.003683245416296589,1,乙,巳,木,火,丙,辰,火,土,False,False,-0.007352974305258806,2013-W15,2013-04
601288.SH,2013-04-10,2.71,2.72,-0.0037,749641,203995.571,癸巳,丙辰,丙午,3,2013,4,1,-0.0036832454162965163,0,丙,午,火,火,丙,辰,火,土,False,False,0.003683245416296589,2013-W15,2013-04
601288.SH,2013-04-11,2.7,2.71,-0.0037,624441,169528.495,癸巳,丙辰,丁未,4,2013,4,1,-0.0036968618813260916,0,丁,未,火,土,丙,辰,火,土,False,False,-0.0036832454162965163,2013-W15,2013-04
601288.SH,2013-04-12,2.71,2.7,0.0037,480957,130242.385,癸巳,丙辰,戊申,5,2013,4,1,0.0036968618813259814,1,戊,申,土,金,丙,辰,火,土,False,False,-0.0036968618813260916,2013-W15,2013-04
601288.SH,2013-04-15,2.72,2.71,0.0037,985616,268210.998,癸巳,丙辰,辛亥,1,2013,4,1,0.003683245416296589,1,辛,亥,金,水,丙,辰,火,土,False,False,0.0036968618813259814,2013-W16,2013-04
601288.SH,2013-04-16,2.71,2.72,-0.0037,640647,173837.531,癸巳,丙辰,壬子,2,2013,4,1,-0.0036832454162965163,0,壬,子,水,水,丙,辰,火,土,False,False,0.003683245416296589,2013-W16,2013-04
601288.SH,2013-04-17,2.69,2.71,-0.0074,712368,191983.581,癸巳,丙辰,癸丑,3,2013,4,1,-0.007407441277861805,0,癸,丑,水,土,丙,辰,火,土,False,False,-0.0036832454162965163,2013-W16,2013-04
601288.SH,2013-04-18,2.69,2.69,0.0,591910,159070.033,癸巳,丙辰,甲寅,4,2013,4,1,0.0,0,甲,寅,木,木,丙,辰,火,土,False,False,-0.007407441277861805,2013-W16,2013-04
601288.SH,2013-04-19,2.74,2.69,0.0186,1283260,350434.888,癸巳,丙辰,乙卯,5,2013,4,1,0.018416726786231286,1,乙,卯,木,木,丙,辰,火,土,False,False,0.0,2013-W16,2013-04
601288.SH,2013-04-22,2.73,2.74,-0.0037,708384,193668.913,癸巳,丙辰,戊午,1,2013,4,1,-0.0036563112031105433,0,戊,午,土,火,丙,辰,火,土,False,False,0.018416726786231286,2013-W17,2013-04
601288.SH,2013-04-23,2.69,2.73,-0.0147,751540,202884.857,癸巳,丙辰,己未,2,2013,4,1,-0.014760415583120686,0,己,未,土,土,丙,辰,火,土,False,False,-0.0036563112031105433,2013-W17,2013-04
601288.SH,2013-04-24,2.74,2.69,0.0186,1148333,312241.668,癸巳,丙辰,庚申,3,2013,4,1,0.018416726786231286,1,庚,申,金,金,丙,辰,火,土,False,False,-0.014760415583120686,2013-W17,2013-04
601288.SH,2013-04-25,2.71,2.74,-0.0109,1161322,314680.473,癸巳,丙辰,辛酉,4,2013,4,1,-0.011009285508369368,0,辛,酉,金,金,丙,辰,火,土,False,False,0.018416726786231286,2013-W17,2013-04
601288.SH,2013-04-26,2.69,2.71,-0.0074,985264,265189.434,癸巳,丙辰,壬戌,5,2013,4,1,-0.007407441277861805,0,壬,戌,水,土,丙,辰,火,土,False,True,-0.011009285508369368,2013-W17,2013-04
601288.SH,2013-05-02,2.7,2.69,0.0037,1163259,311891.214,癸巳,丙辰,戊辰,4,2013,5,1,0.0037105793965357746,1,戊,辰,土,土,丙,辰,火,土,True,False,-0.007407441277861805,2013-W18,2013-05
601288.SH,2013-05-03,2.72,2.7,0.0074,1047087,285196.832,癸巳,丙辰,己巳,5,2013,5,1,0.00738010729762246,1,己,巳,土,火,丙,辰,火,土,True,False,0.0037105793965357746,2013-W18,2013-05
601288.SH,2013-05-06,2.72,2.72,0.0,908230,247971.809,癸巳,丁巳,壬申,1,2013,5,1,0.0,0,壬,申,水,金,丁,巳,火,火,False,False,0.00738010729762246,2013-W19,2013-05
601288.SH,2013-05-07,2.73,2.72,0.0037,636287,173651.111,癸巳,丁巳,癸酉,2,2013,5,1,0.0036697288889624017,1,癸,酉,水,金,丁,巳,火,火,False,False,0.0,2013-W19,2013-05
601288.SH,2013-05-08,2.75,2.73,0.0073,858030,235798.431,癸巳,丁巳,甲戌,3,2013,5,1,0.007299302481611535,1,甲,戌,木,土,丁,巳,火,火,False,False,0.0036697288889624017,2013-W19,2013-05
601288.SH,2013-05-09,2.74,2.75,-0.0036,599612,164517.797,癸巳,丁巳,乙亥,4,2013,5,1,-0.0036429912785009805,0,乙,亥,木,水,丁,巳,火,火,False,False,0.007299302481611535,2013-W19,2013-05
601288.SH,2013-05-10,2.74,2.74,0.0,1021023,279260.866,癸巳,丁巳,丙子,5,2013,5,1,0.0,0,丙,子,火,水,丁,巳,火,火,False,False,-0.0036429912785009805,2013-W19,2013-05
601288.SH,2013-05-13,2.73,2.74,-0.0037,681283,185628.26,癸巳,丁巳,己卯,1,2013,5,1,-0.0036563112031105433,0,己,卯,土,木,丁,巳,火,火,False,False,0.0,2013-W20,2013-05
601288.SH,2013-05-14,2.7,2.73,-0.011,831401,225070.255,癸巳,丁巳,庚辰,2,2013,5,1,-0.011049836186584935,0,庚,辰,金,土,丁,巳,火,火,False,False,-0.0036563112031105433,2013-W20,2013-05
601288.SH,2013-05-15,2.71,2.7,0.0037,265666,71793.422,癸巳,丁巳,辛巳,3,2013,5,1,0.0036968618813259814,1,辛,巳,金,火,丁,巳,火,火,False,False,-0.011049836186584935,2013-W20,2013-05
601288.SH,2013-05-16,2.72,2.71,0.0037,745005,202233.258,癸巳,丁巳,壬午,4,2013,5,1,0.003683245416296589,1,壬,午,水,火,丁,巳,火,火,False,False,0.0036968618813259814,2013-W20,2013-05
601288.SH,2013-05-17,2.75,2.72,0.011,1661202,454307.598,癸巳,丁巳,癸未,5,2013,5,1,0.010969031370573937,1,癸,未,水,土,丁,巳,火,火,False,False,0.003683245416296589,2013-W20,2013-05
601288.SH,2013-05-20,2.76,2.75,0.0036,1121608,311214.692,癸巳,丁巳,丙戌,1,2013,5,1,0.003629768050578731,1,丙,戌,火,土,丁,巳,火,火,False,False,0.010969031370573937,2013-W21,2013-05
601288.SH,2013-05-21,2.76,2.76,0.0,691719,190779.821,癸巳,丁巳,丁亥,2,2013,5,1,0.0,0,丁,亥,火,水,丁,巳,火,火,False,False,0.003629768050578731,2013-W21,2013-05
601288.SH,2013-05-22,2.76,2.76,0.0,606040,167257.985,癸巳,丁巳,戊子,3,2013,5,1,0.0,0,戊,子,土,水,丁,巳,火,火,False,False,0.0,2013-W21,2013-05
601288.SH,2013-05-23,2.73,2.76,-0.0109,1097184,299669.265,癸巳,丁巳,己丑,4,2013,5,1,-0.010929070532190204,0,己,丑,土,土,丁,巳,火,火,False,False,0.0,2013-W21,2013-05
601288.SH,2013-05-24,2.73,2.73,0.0,958624,261342.048,癸巳,丁巳,庚寅,5,2013,5,1,0.0,0,庚,寅,金,木,丁,巳,火,火,False,False,-0.010929070532190204,2013-W21,2013-05
601288.SH,2013-05-27,2.72,2.73,-0.0037,878057,238780.721,癸巳,丁巳,癸巳,1,2013,5,1,-0.00366972888896229,0,癸,巳,水,火,丁,巳,火,火,False,True,0.0,2013-W22,2013-05
601288.SH,2013-05-28,2.74,2.72,0.0074,1559114,424869.428,癸巳,丁巳,甲午,2,2013,5,1,0.007326040092072881,1,甲,午,木,火,丁,巳,火,火,False,True,-0.00366972888896229,2013-W22,2013-05
601288.SH,2013-05-29,2.74,2.74,0.0,1357664,372133.629,癸巳,丁巳,乙未,3,2013,5,1,0.0,0,乙,未,木,土,丁,巳,火,火,False,True,0.007326040092072881,2013-W22,2013-05
601288.SH,2013-05-30,2.73,2.74,-0.0037,1276805,349311.898,癸巳,丁巳,丙申,4,2013,5,1,-0.0036563112031105433,0,丙,申,火,金,丁,巳,火,火,False,True,0.0,2013-W22,2013-05
601288.SH,2013-05-31,2.73,2.73,0.0,830026,227337.328,癸巳,丁巳,丁酉,5,2013,5,1,0.0,0,丁,酉,火,金,丁,巳,火,火,False,True,-0.0036563112031105433,2013-W22,2013-05
601288.SH,2013-06-03,2.74,2.73,0.0037,1095320,300406.327,癸巳,丁巳,庚子,1,2013,6,1,0.003656311203110479,1,庚,子,金,水,丁,巳,火,火,True,False,0.0,2013-W23,2013-06
601288.SH,2013-06-04,2.73,2.74,-0.0037,1091288,298943.838,癸巳,丁巳,辛丑,2,2013,6,1,-0.0036563112031105433,0,辛,丑,金,土,丁,巳,火,火,True,False,0.003656311203110479,2013-W23,2013-06
601288.SH,2013-06-05,2.74,2.73,0.0037,963192,263784.974,癸巳,戊午,壬寅,3,2013,6,1,0.003656311203110479,1,壬,寅,水,木,戊,午,土,火,True,False,-0.0036563112031105433,2013-W23,2013-06
601288.SH,2013-06-06,2.72,2.74,-0.0073,708823,193927.283,癸巳,戊午,癸卯,4,2013,6,1,-0.007326040092072898,0,癸,卯,水,木,戊,午,土,火,False,False,0.003656311203110479,2013-W23,2013-06
601288.SH,2013-06-07,2.7,2.72,-0.0074,738334,200550.107,癸巳,戊午,甲辰,5,2013,6,1,-0.007380107297622534,0,甲,辰,木,土,戊,午,土,火,False,False,-0.007326040092072898,2013-W23,2013-06
601288.SH,2013-06-13,2.69,2.7,-0.0037,1671068,445669.366,癸巳,戊午,庚戌,4,2013,6,1,-0.003710579396535713,0,庚,戌,金,土,戊,午,土,火,False,False,-0.007380107297622534,2013-W24,2013-06
601288.SH,2013-06-14,2.71,2.69,0.0074,1279955,344050.863,癸巳,戊午,辛亥,5,2013,6,1,0.007407441277861818,1,辛,亥,金,水,戊,午,土,火,False,False,-0.003710579396535713,2013-W24,2013-06
601288.SH,2013-06-17,2.67,2.71,-0.0148,753110,202839.187,癸巳,戊午,甲寅,1,2013,6,1,-0.014870162479451393,0,甲,寅,木,木,戊,午,土,火,False,False,0.007407441277861818,2013-W25,2013-06
601288.SH,2013-06-18,2.69,2.67,0.0075,662927,178215.897,癸巳,戊午,乙卯,2,2013,6,1,0.007462721201589595,1,乙,卯,木,木,戊,午,土,火,False,False,-0.014870162479451393,2013-W25,2013-06
601288.SH,2013-06-19,2.67,2.69,-0.0074,575374,153832.188,癸巳,戊午,丙辰,3,2013,6,1,-0.0074627212015896,0,丙,辰,火,土,戊,午,土,火,False,False,0.007462721201589595,2013-W25,2013-06
601288.SH,2013-06-20,2.6,2.67,-0.0262,1173885,307844.162,癸巳,戊午,丁巳,4,2013,6,1,-0.02656702738472175,0,丁,巳,火,火,戊,午,土,火,False,False,-0.0074627212015896,2013-W25,2013-06
601288.SH,2013-06-21,2.57,2.6,-0.0115,974624,251967.498,癸巳,戊午,戊午,5,2013,6,1,-0.011605546120308003,0,戊,午,土,火,戊,午,土,火,False,False,-0.02656702738472175,2013-W25,2013-06
601288.SH,2013-06-24,2.48,2.57,-0.035,1746314,436416.729,癸巳,戊午,辛酉,1,2013,6,1,-0.03564733873023761,0,辛,酉,金,金,戊,午,土,火,False,False,-0.011605546120308003,2013-W26,2013-06
601288.SH,2013-06-25,2.51,2.48,0.0121,1803706,446450.064,癸巳,戊午,壬戌,2,2013,6,1,0.012024192966801591,1,壬,戌,水,土,戊,午,土,火,False,False,-0.03564733873023761,2013-W26,2013-06
601288.SH,2013-06-26,2.52,2.51,0.004,1563769,390549.309,癸巳,戊午,癸亥,3,2013,6,1,0.003976148379639417,1,癸,亥,水,水,戊,午,土,火,False,True,0.012024192966801591,2013-W26,2013-06
601288.SH,2013-06-27,2.56,2.52,0.0159,1899082,484874.258,癸巳,戊午,甲子,4,2013,6,1,0.015748356968139112,1,甲,子,木,水,戊,午,土,火,False,True,0.003976148379639417,2013-W26,2013-06
601288.SH,2013-06-28,2.46,2.4,0.025,2155810,525116.503,癸巳,戊午,乙丑,5,2013,6,1,0.024692612590371633,1,乙,丑,木,土,戊,午,土,火,False,True,0.015748356968139112,2013-W26,2013-06
601288.SH,2013-07-01,2.49,2.46,0.0122,1236240,303264.675,癸巳,戊午,戊辰,1,2013,7,1,0.01212136053234482,1,戊,辰,土,土,戊,午,土,火,True,False,0.024692612590371633,2013-W27,2013-07
601288.SH,2013-07-02,2.5,2.49,0.004,1249373,311567.411,癸巳,戊午,己巳,2,2013,7,1,0.004008021397538647,1,己,巳,土,火,戊,午,土,火,True,False,0.01212136053234482,2013-W27,2013-07
601288.SH,2013-07-03,2.47,2.5,-0.012,1114858,274387.8,癸巳,戊午,庚午,3,2013,7,1,-0.012072581234269136,0,庚,午,金,火,戊,午,土,火,True,False,0.004008021397538647,2013-W27,2013-07
601288.SH,2013-07-04,2.47,2.47,0.0,678187,167596.211,癸巳,戊午,辛未,4,2013,7,1,0.0,0,辛,未,金,土,戊,午,土,火,True,False,-0.012072581234269136,2013-W27,2013-07
601288.SH,2013-07-05,2.48,2.47,0.004,352141,87140.032,癸巳,戊午,壬申,5,2013,7,1,0.004040409537004906,1,壬,申,水,金,戊,午,土,火,True,False,0.0,2013-W27,2013-07
601288.SH,2013-07-08,2.49,2.48,0.004,830337,205588.306,癸巳,己未,乙亥,1,2013,7,1,0.004024150299725548,1,乙,亥,木,水,己,未,土,土,False,False,0.004040409537004906,2013-W28,2013-07
601288.SH,2013-07-09,2.49,2.49,0.0,520905,129861.132,癸巳,己未,丙子,2,2013,7,1,0.0,0,丙,子,火,水,己,未,土,土,False,False,0.004024150299725548,2013-W28,2013-07
601288.SH,2013-07-10,2.51,2.49,0.008,739869,185032.105,癸巳,己未,丁丑,3,2013,7,1,0.00800004266707615,1,丁,丑,火,土,己,未,土,土,False,False,0.0,2013-W28,2013-07
601288.SH,2013-07-11,2.57,2.51,0.0239,1265136,323263.925,癸巳,己未,戊寅,4,2013,7,1,0.023623145763435893,1,戊,寅,土,木,己,未,土,土,False,False,0.00800004266707615,2013-W28,2013-07
601288.SH,2013-07-12,2.51,2.57,-0.0233,1243409,316190.239,癸巳,己未,己卯,5,2013,7,1,-0.02362314576343594,0,己,卯,土,木,己,未,土,土,False,False,0.023623145763435893,2013-W28,2013-07
601288.SH,2013-07-15,2.52,2.51,0.004,1036862,261112.184,癸巳,己未,壬午,1,2013,7,1,0.003976148379639417,1,壬,午,水,火,己,未,土,土,False,False,-0.02362314576343594,2013-W29,2013-07
601288.SH,2013-07-16,2.53,2.52,0.004,820718,206333.473,癸巳,己未,癸未,2,2013,7,1,0.003960401216096914,1,癸,未,水,土,己,未,土,土,False,False,0.003976148379639417,2013-W29,2013-07
601288.SH,2013-07-17,2.54,2.53,0.004,688614,175598.668,癸巳,己未,甲申,3,2013,7,1,0.003944778291016546,1,甲,申,木,金,己,未,土,土,False,False,0.003960401216096914,2013-W29,2013-07
601288.SH,2013-07-18,2.52,2.54,-0.0079,811182,205767.733,癸巳,己未,乙酉,4,2013,7,1,-0.007905179507113261,0,乙,酉,木,金,己,未,土,土,False,False,0.003944778291016546,2013-W29,2013-07
601288.SH,2013-07-19,2.52,2.52,0.0,803424,203265.921,癸巳,己未,丙戌,5,2013,7,1,0.0,0,丙,戌,火,土,己,未,土,土,False,False,-0.007905179507113261,2013-W29,2013-07
601288.SH,2013-07-22,2.52,2.52,0.0,785056,197446.102,癸巳,己未,己丑,1,2013,7,1,0.0,0,己,丑,土,土,己,未,土,土,False,False,0.0,2013-W30,2013-07
601288.SH,2013-07-23,2.53,2.52,0.004,794730,201591.239,癸巳,己未,庚寅,2,2013,7,1,0.003960401216096914,1,庚,寅,金,木,己,未,土,土,False,False,0.0,2013-W30,2013-07
601288.SH,2013-07-24,2.52,2.53,-0.004,773980,194974.702,癸巳,己未,辛卯,3,2013,7,1,-0.003960401216096794,0,辛,卯,金,木,己,未,土,土,False,False,0.003960401216096914,2013-W30,2013-07
601288.SH,2013-07-25,2.51,2.52,-0.004,588008,148111.466,癸巳,己未,壬辰,4,2013,7,1,-0.003976148379639517,0,壬,辰,水,土,己,未,土,土,False,False,-0.003960401216096794,2013-W30,2013-07
601288.SH,2013-07-26,2.48,2.51,-0.012,580164,145019.971,癸巳,己未,癸巳,5,2013,7,1,-0.01202419296680159,0,癸,巳,水,火,己,未,土,土,False,False,-0.003976148379639517,2013-W30,2013-07
601288.SH,2013-07-29,2.44,2.48,-0.0161,664688,162960.945,癸巳,己未,丙申,1,2013,7,1,-0.01626052087178029,0,丙,申,火,金,己,未,土,土,False,True,-0.01202419296680159,2013-W31,2013-07
601288.SH,2013-07-30,2.45,2.44,0.0041,798407,196396.888,癸巳,己未,丁酉,2,2013,7,1,0.0040899852515252876,1,丁,酉,火,金,己,未,土,土,False,True,-0.01626052087178029,2013-W31,2013-07
601288.SH,2013-07-31,2.45,2.45,0.0,417187,102439.393,癸巳,己未,戊戌,3,2013,7,1,0.0,0,戊,戌,土,土,己,未,土,土,False,True,0.0040899852515252876,2013-W31,2013-07
601288.SH,2013-08-01,2.48,2.45,0.0122,703287,173541.705,癸巳,己未,己亥,4,2013,8,1,0.012170535620255114,1,己,亥,土,水,己,未,土,土,True,False,0.0,2013-W31,2013-08
601288.SH,2013-08-02,2.46,2.48,-0.0081,568255,140840.693,癸巳,己未,庚子,5,2013,8,1,-0.008097210232619362,0,庚,子,金,水,己,未,土,土,True,False,0.012170535620255114,2013-W31,2013-08
601288.SH,2013-08-05,2.47,2.46,0.0041,348225,85716.758,癸巳,己未,癸卯,1,2013,8,1,0.004056800695614469,1,癸,卯,水,木,己,未,土,土,True,False,-0.008097210232619362,2013-W32,2013-08
601288.SH,2013-08-06,2.47,2.47,0.0,547468,134721.406,癸巳,己未,甲辰,2,2013,8,1,0.0,0,甲,辰,木,土,己,未,土,土,False,False,0.004056800695614469,2013-W32,2013-08
601288.SH,2013-08-07,2.45,2.47,-0.0081,534566,131546.007,癸巳,庚申,乙巳,3,2013,8,1,-0.008130126083250176,0,乙,巳,木,火,庚,申,金,金,False,False,0.0,2013-W32,2013-08
601288.SH,2013-08-08,2.45,2.45,0.0,507882,124712.244,癸巳,庚申,丙午,4,2013,8,1,0.0,0,丙,午,火,火,庚,申,金,金,False,False,-0.008130126083250176,2013-W32,2013-08
601288.SH,2013-08-09,2.46,2.45,0.0041,513680,125916.12,癸巳,庚申,丁未,5,2013,8,1,0.004073325387635648,1,丁,未,火,土,庚,申,金,金,False,False,0.0,2013-W32,2013-08
601288.SH,2013-08-12,2.49,2.46,0.0122,823497,203885.645,癸巳,庚申,庚戌,1,2013,8,1,0.01212136053234482,1,庚,戌,金,土,庚,申,金,金,False,False,0.004073325387635648,2013-W33,2013-08
601288.SH,2013-08-13,2.49,2.49,0.0,960021,238523.568,癸巳,庚申,辛亥,2,2013,8,1,0.0,0,辛,亥,金,水,庚,申,金,金,False,False,0.01212136053234482,2013-W33,2013-08
601288.SH,2013-08-14,2.49,2.49,0.0,667268,166918.281,癸巳,庚申,壬子,3,2013,8,1,0.0,0,壬,子,水,水,庚,申,金,金,False,False,0.0,2013-W33,2013-08
601288.SH,2013-08-15,2.48,2.49,-0.004,552772,137947.031,癸巳,庚申,癸丑,4,2013,8,1,-0.004024150299725491,0,癸,丑,水,土,庚,申,金,金,False,False,0.0,2013-W33,2013-08
601288.SH,2013-08-16,2.5,2.48,0.0081,2277178,575640.316,癸巳,庚申,甲寅,5,2013,8,1,0.008032171697264253,1,甲,寅,木,木,庚,申,金,金,False,False,-0.004024150299725491,2013-W33,2013-08
601288.SH,2013-08-19,2.5,2.5,0.0,737509,184801.179,癸巳,庚申,丁巳,1,2013,8,1,0.0,0,丁,巳,火,火,庚,申,金,金,False,False,0.008032171697264253,2013-W34,2013-08
601288.SH,2013-08-20,2.51,2.5,0.004,809986,202904.675,癸巳,庚申,戊午,2,2013,8,1,0.003992021269537457,1,戊,午,土,火,庚,申,金,金,False,False,0.0,2013-W34,2013-08
601288.SH,2013-08-21,2.49,2.51,-0.008,543025,135696.012,癸巳,庚申,己未,3,2013,8,1,-0.008000042667076152,0,己,未,土,土,庚,申,金,金,False,False,0.003992021269537457,2013-W34,2013-08
601288.SH,2013-08-22,2.48,2.49,-0.004,635018,157868.927,癸巳,庚申,庚申,4,2013,8,1,-0.004024150299725491,0,庚,申,金,金,庚,申,金,金,False,False,-0.008000042667076152,2013-W34,2013-08
601288.SH,2013-08-23,2.47,2.48,-0.004,751959,185354.61,癸巳,庚申,辛酉,5,2013,8,1,-0.004040409537004863,0,辛,酉,金,金,庚,申,金,金,False,False,-0.004024150299725491,2013-W34,2013-08
601288.SH,2013-08-26,2.48,2.47,0.004,743018,183589.365,癸巳,庚申,甲子,1,2013,8,1,0.004040409537004906,1,甲,子,木,水,庚,申,金,金,False,False,-0.004040409537004863,2013-W35,2013-08
601288.SH,2013-08-27,2.47,2.48,-0.004,593435,146308.849,癸巳,庚申,乙丑,2,2013,8,1,-0.004040409537004863,0,乙,丑,木,土,庚,申,金,金,False,True,0.004040409537004906,2013-W35,2013-08
601288.SH,2013-08-28,2.45,2.47,-0.0081,681467,167559.075,癸巳,庚申,丙寅,3,2013,8,1,-0.008130126083250176,0,丙,寅,火,木,庚,申,金,金,False,True,-0.004040409537004863,2013-W35,2013-08
601288.SH,2013-08-29,2.46,2.45,0.0041,592288,145486.706,癸巳,庚申,丁卯,4,2013,8,1,0.004073325387635648,1,丁,卯,火,木,庚,申,金,金,False,True,-0.008130126083250176,2013-W35,2013-08
601288.SH,2013-08-30,2.47,2.46,0.0041,673338,165540.082,癸巳,庚申,戊辰,5,2013,8,1,0.004056800695614469,1,戊,辰,土,土,庚,申,金,金,False,True,0.004073325387635648,2013-W35,2013-08
601288.SH,2013-09-02,2.46,2.47,-0.004,879870,216555.206,癸巳,庚申,辛未,1,2013,9,1,-0.00405680069561443,0,辛,未,金,土,庚,申,金,金,True,False,0.004056800695614469,2013-W36,2013-09
601288.SH,2013-09-03,2.49,2.46,0.0122,816389,202103.822,癸巳,庚申,壬申,2,2013,9,1,0.01212136053234482,1,壬,申,水,金,庚,申,金,金,True,False,-0.00405680069561443,2013-W36,2013-09
601288.SH,2013-09-04,2.48,2.49,-0.004,672476,166480.408,癸巳,庚申,癸酉,3,2013,9,1,-0.004024150299725491,0,癸,酉,水,金,庚,申,金,金,True,False,0.01212136053234482,2013-W36,2013-09
601288.SH,2013-09-05,2.47,2.48,-0.004,545779,134620.03,癸巳,庚申,甲戌,4,2013,9,1,-0.004040409537004863,0,甲,戌,木,土,庚,申,金,金,True,False,-0.004024150299725491,2013-W36,2013-09
601288.SH,2013-09-06,2.47,2.47,0.0,733392,181157.409,癸巳,庚申,乙亥,5,2013,9,1,0.0,0,乙,亥,木,水,庚,申,金,金,False,False,-0.004040409537004863,2013-W36,2013-09
601288.SH,2013-09-09,2.72,2.47,0.1012,6526572,1724344.334,癸巳,辛酉,戊寅,1,2013,9,1,0.09641372966802009,1,戊,寅,土,木,辛,酉,金,金,False,False,0.0,2013-W37,2013-09
601288.SH,2013-09-10,2.68,2.72,-0.0147,4344232,1160276.69,癸巳,辛酉,己卯,2,2013,9,1,-0.0148150857851407,0,己,卯,土,木,辛,酉,金,金,False,False,0.09641372966802009,2013-W37,2013-09
601288.SH,2013-09-11,2.64,2.68,-0.0149,2539002,671314.375,癸巳,辛酉,庚辰,3,2013,9,1,-0.015037877364540559,0,庚,辰,金,土,辛,酉,金,金,False,False,-0.0148150857851407,2013-W37,2013-09
601288.SH,2013-09-12,2.67,2.64,0.0114,4985359,1332753.57,癸巳,辛酉,辛巳,4,2013,9,1,0.011299555253933247,1,辛,巳,金,火,辛,酉,金,金,False,False,-0.015037877364540559,2013-W37,2013-09
601288.SH,2013-09-13,2.63,2.67,-0.015,2124791,560167.867,癸巳,辛酉,壬午,5,2013,9,1,-0.015094626222485016,0,壬,午,水,火,辛,酉,金,金,False,False,0.011299555253933247,2013-W37,2013-09
601288.SH,2013-09-16,2.63,2.63,0.0,1372798,360898.532,癸巳,辛酉,乙酉,1,2013,9,1,0.0,0,乙,酉,木,金,辛,酉,金,金,False,False,-0.015094626222485016,2013-W38,2013-09
601288.SH,2013-09-17,2.55,2.63,-0.0304,1508377,389683.368,癸巳,辛酉,丙戌,2,2013,9,1,-0.030890487019338445,0,丙,戌,火,土,辛,酉,金,金,False,False,0.0,2013-W38,2013-09
601288.SH,2013-09-18,2.54,2.55,-0.0039,1071763,273063.777,癸巳,辛酉,丁亥,3,2013,9,1,-0.003929278139889438,0,丁,亥,火,水,辛,酉,金,金,False,False,-0.030890487019338445,2013-W38,2013-09
601288.SH,2013-09-23,2.56,2.54,0.0079,870586,222987.512,癸巳,辛酉,壬辰,1,2013,9,1,0.007843177461025879,1,壬,辰,水,土,辛,酉,金,金,False,False,-0.003929278139889438,2013-W39,2013-09
601288.SH,2013-09-24,2.52,2.56,-0.0156,1581775,399175.601,癸巳,辛酉,癸巳,2,2013,9,1,-0.015748356968139168,0,癸,巳,水,火,辛,酉,金,金,False,False,0.007843177461025879,2013-W39,2013-09
601288.SH,2013-09-25,2.52,2.52,0.0,747295,188472.284,癸巳,辛酉,甲午,3,2013,9,1,0.0,0,甲,午,木,火,辛,酉,金,金,False,False,-0.015748356968139168,2013-W39,2013-09
601288.SH,2013-09-26,2.49,2.52,-0.0119,1134126,282394.126,癸巳,辛酉,乙未,4,2013,9,1,-0.01197619104671565,0,乙,未,木,土,辛,酉,金,金,False,True,0.0,2013-W39,2013-09
601288.SH,2013-09-27,2.49,2.49,0.0,673367,167810.388,癸巳,辛酉,丙申,5,2013,9,1,0.0,0,丙,申,火,金,辛,酉,金,金,False,True,-0.01197619104671565,2013-W39,2013-09
601288.SH,2013-09-30,2.5,2.49,0.004,517352,129242.74,癸巳,辛酉,己亥,1,2013,9,1,0.004008021397538647,1,己,亥,土,水,辛,酉,金,金,False,True,0.0,2013-W40,2013-09
601288.SH,2013-10-08,2.51,2.5,0.004,1025113,255282.644,癸巳,壬戌,丁未,2,2013,10,1,0.003992021269537457,1,丁,未,火,土,壬,戌,水,土,False,False,0.004008021397538647,2013-W41,2013-10
601288.SH,2013-10-09,2.51,2.51,0.0,702546,175723.111,癸巳,壬戌,戊申,3,2013,10,1,0.0,0,戊,申,土,金,壬,戌,水,土,False,False,0.003992021269537457,2013-W41,2013-10
601288.SH,2013-10-10,2.48,2.51,-0.012,869917,216421.413,癸巳,壬戌,己酉,4,2013,10,1,-0.01202419296680159,0,己,酉,土,金,壬,戌,水,土,False,False,0.0,2013-W41,2013-10
601288.SH,2013-10-11,2.51,2.48,0.0121,1560528,389718.514,癸巳,壬戌,庚戌,5,2013,10,1,0.012024192966801591,1,庚,戌,金,土,壬,戌,水,土,False,False,-0.01202419296680159,2013-W41,2013-10
601288.SH,2013-10-14,2.51,2.51,0.0,966170,241764.509,癸巳,壬戌,癸丑,1,2013,10,1,0.0,0,癸,丑,水,土,壬,戌,水,土,False,False,0.012024192966801591,2013-W42,2013-10
601288.SH,2013-10-15,2.49,2.51,-0.008,671687,167618.689,癸巳,壬戌,甲寅,2,2013,10,1,-0.008000042667076152,0,甲,寅,木,木,壬,戌,水,土,False,False,0.0,2013-W42,2013-10
601288.SH,2013-10-16,2.49,2.49,0.0,763993,190001.749,癸巳,壬戌,乙卯,3,2013,10,1,0.0,0,乙,卯,木,木,壬,戌,水,土,False,False,-0.008000042667076152,2013-W42,2013-10
601288.SH,2013-10-17,2.49,2.49,0.0,632162,158074.285,癸巳,壬戌,丙辰,4,2013,10,1,0.0,0,丙,辰,火,土,壬,戌,水,土,False,False,0.0,2013-W42,2013-10
601288.SH,2013-10-18,2.49,2.49,0.0,707402,176430.005,癸巳,壬戌,丁巳,5,2013,10,1,0.0,0,丁,巳,火,火,壬,戌,水,土,False,False,0.0,2013-W42,2013-10
601288.SH,2013-10-21,2.51,2.49,0.008,930501,232863.137,癸巳,壬戌,庚申,1,2013,10,1,0.00800004266707615,1,庚,申,金,金,壬,戌,水,土,False,False,0.0,2013-W43,2013-10
601288.SH,2013-10-22,2.5,2.51,-0.004,609785,152406.747,癸巳,壬戌,辛酉,2,2013,10,1,-0.003992021269537338,0,辛,酉,金,金,壬,戌,水,土,False,False,0.00800004266707615,2013-W43,2013-10
601288.SH,2013-10-23,2.5,2.5,0.0,1002318,251555.937,癸巳,壬戌,壬戌,3,2013,10,1,0.0,0,壬,戌,水,土,壬,戌,水,土,False,False,-0.003992021269537338,2013-W43,2013-10
601288.SH,2013-10-24,2.48,2.5,-0.008,885374,220122.184,癸巳,壬戌,癸亥,4,2013,10,1,-0.008032171697264267,0,癸,亥,水,水,壬,戌,水,土,False,False,0.0,2013-W43,2013-10
601288.SH,2013-10-25,2.48,2.48,0.0,1578991,394393.61,癸巳,壬戌,甲子,5,2013,10,1,0.0,0,甲,子,木,水,壬,戌,水,土,False,False,-0.008032171697264267,2013-W43,2013-10
601288.SH,2013-10-28,2.49,2.48,0.004,838749,208838.022,癸巳,壬戌,丁卯,1,2013,10,1,0.004024150299725548,1,丁,卯,火,木,壬,戌,水,土,False,True,0.0,2013-W44,2013-10
601288.SH,2013-10-29,2.54,2.49,0.0201,2461506,624805.041,癸巳,壬戌,戊辰,2,2013,10,1,0.019881370553828995,1,戊,辰,土,土,壬,戌,水,土,False,True,0.004024150299725548,2013-W44,2013-10
601288.SH,2013-10-30,2.57,2.54,0.0118,1431116,365371.337,癸巳,壬戌,己巳,3,2013,10,1,0.011741817876683195,1,己,巳,土,火,壬,戌,水,土,False,True,0.019881370553828995,2013-W44,2013-10
601288.SH,2013-10-31,2.55,2.57,-0.0078,928302,236716.534,癸巳,壬戌,庚午,4,2013,10,1,-0.007812539736793625,0,庚,午,金,火,壬,戌,水,土,False,True,0.011741817876683195,2013-W44,2013-10
601288.SH,2013-11-01,2.56,2.55,0.0039,1439698,368032.172,癸巳,壬戌,辛未,5,2013,11,1,0.003913899321136316,1,辛,未,金,土,壬,戌,水,土,True,False,-0.007812539736793625,2013-W44,2013-11
601288.SH,2013-11-04,2.56,2.56,0.0,777653,199245.804,癸巳,壬戌,甲戌,1,2013,11,1,0.0,0,甲,戌,木,土,壬,戌,水,土,True,False,0.003913899321136316,2013-W45,2013-11
601288.SH,2013-11-05,2.56,2.56,0.0,845733,214826.178,癸巳,壬戌,乙亥,2,2013,11,1,0.0,0,乙,亥,木,水,壬,戌,水,土,True,False,0.0,2013-W45,2013-11
601288.SH,2013-11-06,2.53,2.56,-0.0117,609662,154817.849,癸巳,壬戌,丙子,3,2013,11,1,-0.011787955752042353,0,丙,子,火,水,壬,戌,水,土,False,False,0.0,2013-W45,2013-11
601288.SH,2013-11-07,2.55,2.53,0.0079,623017,158200.374,癸巳,癸亥,丁丑,4,2013,11,1,0.007874056430905866,1,丁,丑,火,土,癸,亥,水,水,False,False,-0.011787955752042353,2013-W45,2013-11
601288.SH,2013-11-08,2.55,2.55,0.0,757636,193307.341,癸巳,癸亥,戊寅,5,2013,11,1,0.0,0,戊,寅,土,木,癸,亥,水,水,False,False,0.007874056430905866,2013-W45,2013-11
601288.SH,2013-11-11,2.55,2.55,0.0,605396,154460.13,癸巳,癸亥,辛巳,1,2013,11,1,0.0,0,辛,巳,金,火,癸,亥,水,水,False,False,0.0,2013-W46,2013-11
601288.SH,2013-11-12,2.55,2.55,0.0,623353,159559.624,癸巳,癸亥,壬午,2,2013,11,1,0.0,0,壬,午,水,火,癸,亥,水,水,False,False,0.0,2013-W46,2013-11
601288.SH,2013-11-13,2.52,2.55,-0.0118,792859,200576.653,癸巳,癸亥,癸未,3,2013,11,1,-0.011834457647002796,0,癸,未,水,土,癸,亥,水,水,False,False,0.0,2013-W46,2013-11
601288.SH,2013-11-14,2.52,2.52,0.0,699845,176398.846,癸巳,癸亥,甲申,4,2013,11,1,0.0,0,甲,申,木,金,癸,亥,水,水,False,False,-0.011834457647002796,2013-W46,2013-11
601288.SH,2013-11-15,2.54,2.52,0.0079,858826,217816.399,癸巳,癸亥,乙酉,5,2013,11,1,0.007905179507113247,1,乙,酉,木,金,癸,亥,水,水,False,False,0.0,2013-W46,2013-11
601288.SH,2013-11-18,2.59,2.54,0.0197,1687111,433184.587,癸巳,癸亥,戊子,1,2013,11,1,0.019493794681001132,1,戊,子,土,水,癸,亥,水,水,False,False,0.007905179507113247,2013-W47,2013-11
601288.SH,2013-11-19,2.58,2.59,-0.0039,1180132,303988.295,癸巳,癸亥,己丑,2,2013,11,1,-0.003868476777920206,0,己,丑,土,土,癸,亥,水,水,False,False,0.019493794681001132,2013-W47,2013-11
601288.SH,2013-11-20,2.59,2.58,0.0039,826307,213083.98,癸巳,癸亥,庚寅,3,2013,11,1,0.003868476777920332,1,庚,寅,金,木,癸,亥,水,水,False,False,-0.003868476777920206,2013-W47,2013-11
601288.SH,2013-11-21,2.62,2.59,0.0116,1451500,375905.107,癸巳,癸亥,辛卯,4,2013,11,1,0.011516442061559301,1,辛,卯,金,木,癸,亥,水,水,False,False,0.003868476777920332,2013-W47,2013-11
601288.SH,2013-11-22,2.6,2.62,-0.0076,1030530,269630.958,癸巳,癸亥,壬辰,5,2013,11,1,-0.007662872745569137,0,壬,辰,水,土,癸,亥,水,水,False,False,0.011516442061559301,2013-W47,2013-11
601288.SH,2013-11-25,2.6,2.6,0.0,697306,181951.687,癸巳,癸亥,乙未,1,2013,11,1,0.0,0,乙,未,木,土,癸,亥,水,水,False,False,-0.007662872745569137,2013-W48,2013-11
601288.SH,2013-11-26,2.59,2.6,-0.0038,397873,103504.684,癸巳,癸亥,丙申,2,2013,11,1,-0.0038535693159900777,0,丙,申,火,金,癸,亥,水,水,False,True,0.0,2013-W48,2013-11
601288.SH,2013-11-27,2.59,2.59,0.0,501186,130225.485,癸巳,癸亥,丁酉,3,2013,11,1,0.0,0,丁,酉,火,金,癸,亥,水,水,False,True,-0.0038535693159900777,2013-W48,2013-11
601288.SH,2013-11-28,2.62,2.59,0.0116,785156,205361.268,癸巳,癸亥,戊戌,4,2013,11,1,0.011516442061559301,1,戊,戌,土,土,癸,亥,水,水,False,True,0.0,2013-W48,2013-11
601288.SH,2013-11-29,2.62,2.62,0.0,648963,170112.216,癸巳,癸亥,己亥,5,2013,11,1,0.0,0,己,亥,土,水,癸,亥,水,水,False,True,0.011516442061559301,2013-W48,2013-11
601288.SH,2013-12-02,2.67,2.62,0.0191,1627318,431870.302,癸巳,癸亥,壬寅,1,2013,12,1,0.018904154639152654,1,壬,寅,水,木,癸,亥,水,水,True,False,0.0,2013-W49,2013-12
601288.SH,2013-12-03,2.66,2.67,-0.0037,1022049,271403.947,癸巳,癸亥,癸卯,2,2013,12,1,-0.0037523496185503527,0,癸,卯,水,木,癸,亥,水,水,True,False,0.018904154639152654,2013-W49,2013-12
601288.SH,2013-12-04,2.66,2.66,0.0,994247,264133.93,癸巳,癸亥,甲辰,3,2013,12,1,0.0,0,甲,辰,木,土,癸,亥,水,水,True,False,-0.0037523496185503527,2013-W49,2013-12
601288.SH,2013-12-05,2.64,2.66,-0.0075,826544,217680.654,癸巳,癸亥,乙巳,4,2013,12,1,-0.007547205635382966,0,乙,巳,木,火,癸,亥,水,水,True,False,0.0,2013-W49,2013-12
601288.SH,2013-12-06,2.64,2.64,0.0,906722,238073.656,癸巳,癸亥,丙午,5,2013,12,1,0.0,0,丙,午,火,火,癸,亥,水,水,False,False,-0.007547205635382966,2013-W49,2013-12
601288.SH,2013-12-09,2.61,2.64,-0.0114,740807,194118.756,癸巳,甲子,己酉,1,2013,12,1,-0.011428695823622857,0,己,酉,土,金,甲,子,木,水,False,False,0.0,2013-W50,2013-12
601288.SH,2013-12-10,2.61,2.61,0.0,554778,144976.305,癸巳,甲子,庚戌,2,2013,12,1,0.0,0,庚,戌,金,土,甲,子,木,水,False,False,-0.011428695823622857,2013-W50,2013-12
601288.SH,2013-12-11,2.57,2.61,-0.0153,956461,246098.165,癸巳,甲子,辛亥,3,2013,12,1,-0.015444322427473631,0,辛,亥,金,水,甲,子,木,水,False,False,0.0,2013-W50,2013-12
601288.SH,2013-12-12,2.55,2.57,-0.0078,810031,206430.736,癸巳,甲子,壬子,4,2013,12,1,-0.007812539736793625,0,壬,子,水,水,甲,子,木,水,False,False,-0.015444322427473631,2013-W50,2013-12
601288.SH,2013-12-13,2.53,2.55,-0.0078,825968,209322.15,癸巳,甲子,癸丑,5,2013,12,1,-0.007874056430905883,0,癸,丑,水,土,甲,子,木,水,False,False,-0.007812539736793625,2013-W50,2013-12
601288.SH,2013-12-16,2.53,2.53,0.0,645500,163572.853,癸巳,甲子,丙辰,1,2013,12,1,0.0,0,丙,辰,火,土,甲,子,木,水,False,False,-0.007874056430905883,2013-W51,2013-12
601288.SH,2013-12-17,2.54,2.53,0.004,939016,236937.877,癸巳,甲子,丁巳,2,2013,12,1,0.003944778291016546,1,丁,巳,火,火,甲,子,木,水,False,False,0.0,2013-W51,2013-12
601288.SH,2013-12-18,2.53,2.54,-0.0039,460349,116151.123,癸巳,甲子,戊午,3,2013,12,1,-0.003944778291016452,0,戊,午,土,火,甲,子,木,水,False,False,0.003944778291016546,2013-W51,2013-12
601288.SH,2013-12-19,2.52,2.53,-0.004,801127,201692.224,癸巳,甲子,己未,4,2013,12,1,-0.003960401216096794,0,己,未,土,土,甲,子,木,水,False,False,-0.003944778291016452,2013-W51,2013-12
601288.SH,2013-12-20,2.45,2.52,-0.0278,1425699,354088.761,癸巳,甲子,庚申,5,2013,12,1,-0.02817087696669622,0,庚,申,金,金,甲,子,木,水,False,False,-0.003960401216096794,2013-W51,2013-12
601288.SH,2013-12-23,2.47,2.45,0.0082,679869,167878.332,癸巳,甲子,癸亥,1,2013,12,1,0.008130126083250309,1,癸,亥,水,水,甲,子,木,水,False,False,-0.02817087696669622,2013-W52,2013-12
601288.SH,2013-12-24,2.46,2.47,-0.004,528625,130463.274,癸巳,甲子,甲子,2,2013,12,1,-0.00405680069561443,0,甲,子,木,水,甲,子,木,水,False,False,0.008130126083250309,2013-W52,2013-12
601288.SH,2013-12-25,2.47,2.46,0.0041,386408,95292.444,癸巳,甲子,乙丑,3,2013,12,1,0.004056800695614469,1,乙,丑,木,土,甲,子,木,水,False,False,-0.00405680069561443,2013-W52,2013-12
601288.SH,2013-12-26,2.44,2.47,-0.0121,693209,169672.694,癸巳,甲子,丙寅,4,2013,12,1,-0.012220111334775444,0,丙,寅,火,木,甲,子,木,水,False,False,0.004056800695614469,2013-W52,2013-12
601288.SH,2013-12-27,2.46,2.44,0.0082,991977,243832.917,癸巳,甲子,丁卯,5,2013,12,1,0.008163310639160835,1,丁,卯,火,木,甲,子,木,水,False,True,-0.012220111334775444,2013-W52,2013-12
601288.SH,2013-12-30,2.46,2.46,0.0,677453,166797.687,癸巳,甲子,庚午,1,2013,12,1,0.0,0,庚,午,金,火,甲,子,木,水,False,True,0.008163310639160835,2014-W01,2013-12
601288.SH,2013-12-31,2.48,2.46,0.0081,772044,191125.644,癸巳,甲子,辛未,2,2013,12,1,0.008097210232619303,1,辛,未,金,土,甲,子,木,水,False,True,0.0,2014-W01,2013-12
601288.SH,2014-01-02,2.47,2.48,-0.004,580071,143059.493,癸巳,甲子,癸酉,4,2014,1,1,-0.004040409537004863,0,癸,酉,水,金,甲,子,木,水,True,False,0.008097210232619303,2014-W01,2014-01
601288.SH,2014-01-03,2.46,2.47,-0.004,653190,160306.372,癸巳,甲子,甲戌,5,2014,1,1,-0.00405680069561443,0,甲,戌,木,土,甲,子,木,水,True,False,-0.004040409537004863,2014-W01,2014-01
601288.SH,2014-01-06,2.44,2.46,-0.0081,1036282,251799.955,癸巳,乙丑,丁丑,1,2014,1,1,-0.008163310639160981,0,丁,丑,火,土,乙,丑,木,土,False,False,-0.00405680069561443,2014-W02,2014-01
601288.SH,2014-01-07,2.43,2.44,-0.0041,625783,151461.182,癸巳,乙丑,戊寅,2,2014,1,1,-0.004106781952653359,0,戊,寅,土,木,乙,丑,木,土,False,False,-0.008163310639160981,2014-W02,2014-01
601288.SH,2014-01-08,2.42,2.43,-0.0041,807067,195345.38,癸巳,乙丑,己卯,3,2014,1,1,-0.004123717183862152,0,己,卯,土,木,乙,丑,木,土,False,False,-0.004106781952653359,2014-W02,2014-01
601288.SH,2014-01-09,2.41,2.42,-0.0041,629095,151940.698,癸巳,乙丑,庚辰,4,2014,1,1,-0.004140792666031277,0,庚,辰,金,土,乙,丑,木,土,False,False,-0.004123717183862152,2014-W02,2014-01
601288.SH,2014-01-10,2.41,2.41,0.0,913877,219846.247,癸巳,乙丑,辛巳,5,2014,1,1,0.0,0,辛,巳,金,火,乙,丑,木,土,False,False,-0.004140792666031277,2014-W02,2014-01
601288.SH,2014-01-13,2.41,2.41,0.0,670922,161369.669,癸巳,乙丑,甲申,1,2014,1,1,0.0,0,甲,申,木,金,乙,丑,木,土,False,False,0.0,2014-W03,2014-01
601288.SH,2014-01-14,2.41,2.41,0.0,608047,146415.017,癸巳,乙丑,乙酉,2,2014,1,1,0.0,0,乙,酉,木,金,乙,丑,木,土,False,False,0.0,2014-W03,2014-01
601288.SH,2014-01-15,2.39,2.41,-0.0083,615731,147586.356,癸巳,乙丑,丙戌,3,2014,1,1,-0.0083333815591443,0,丙,戌,火,土,乙,丑,木,土,False,False,0.0,2014-W03,2014-01
601288.SH,2014-01-16,2.38,2.39,-0.0042,1210630,287050.446,癸巳,乙丑,丁亥,4,2014,1,1,-0.004192878260036038,0,丁,亥,火,水,乙,丑,木,土,False,False,-0.0083333815591443,2014-W03,2014-01
601288.SH,2014-01-17,2.36,2.38,-0.0084,676013,159441.337,癸巳,乙丑,戊子,5,2014,1,1,-0.008438868645864595,0,戊,子,土,水,乙,丑,木,土,False,False,-0.004192878260036038,2014-W03,2014-01
601288.SH,2014-01-20,2.36,2.36,0.0,592630,140303.675,癸巳,乙丑,辛卯,1,2014,1,1,0.0,0,辛,卯,金,木,乙,丑,木,土,False,False,-0.008438868645864595,2014-W04,2014-01
601288.SH,2014-01-21,2.37,2.36,0.0042,520020,123117.936,癸巳,乙丑,壬辰,2,2014,1,1,0.004228336109521105,1,壬,辰,水,土,乙,丑,木,土,False,False,0.0,2014-W04,2014-01
601288.SH,2014-01-22,2.39,2.37,0.0084,1183875,282175.305,癸巳,乙丑,癸巳,3,2014,1,1,0.00840341079637938,1,癸,巳,水,火,乙,丑,木,土,False,False,0.004228336109521105,2014-W04,2014-01
601288.SH,2014-01-23,2.36,2.39,-0.0126,801769,190007.572,癸巳,乙丑,甲午,4,2014,1,1,-0.012631746905900687,0,甲,午,木,火,乙,丑,木,土,False,False,0.00840341079637938,2014-W04,2014-01
601288.SH,2014-01-24,2.37,2.36,0.0042,667196,158055.727,癸巳,乙丑,乙未,5,2014,1,1,0.004228336109521105,1,乙,未,木,土,乙,丑,木,土,False,False,-0.012631746905900687,2014-W04,2014-01
601288.SH,2014-01-27,2.36,2.37,-0.0042,486720,114855.268,癸巳,乙丑,戊戌,1,2014,1,1,-0.004228336109521176,0,戊,戌,土,土,乙,丑,木,土,False,True,0.004228336109521105,2014-W05,2014-01
601288.SH,2014-01-28,2.37,2.36,0.0042,726207,172146.869,癸巳,乙丑,己亥,2,2014,1,1,0.004228336109521105,1,己,亥,土,水,乙,丑,木,土,False,True,-0.004228336109521176,2014-W05,2014-01
601288.SH,2014-01-29,2.4,2.37,0.0127,683473,163177.032,癸巳,乙丑,庚子,3,2014,1,1,0.012578782206859965,1,庚,子,金,水,乙,丑,木,土,False,True,0.004228336109521105,2014-W05,2014-01
601288.SH,2014-02-07,2.37,2.38,-0.0042,522864,123542.059,甲午,丙寅,己酉,5,2014,2,1,-0.004210532536343382,0,己,酉,土,金,丙,寅,火,木,False,False,0.012578782206859965,2014-W06,2014-02
601288.SH,2014-02-10,2.38,2.37,0.0042,940724,223925.513,甲午,丙寅,壬子,1,2014,2,1,0.004210532536343458,1,壬,子,水,水,丙,寅,火,木,False,False,-0.004210532536343382,2014-W07,2014-02
601288.SH,2014-02-11,2.41,2.38,0.0126,1759770,422409.663,甲午,丙寅,癸丑,2,2014,2,1,0.012526259819180475,1,癸,丑,水,土,丙,寅,火,木,False,False,0.004210532536343458,2014-W07,2014-02
601288.SH,2014-02-12,2.41,2.41,0.0,923374,222048.949,甲午,丙寅,甲寅,3,2014,2,1,0.0,0,甲,寅,木,木,丙,寅,火,木,False,False,0.012526259819180475,2014-W07,2014-02
601288.SH,2014-02-13,2.41,2.41,0.0,1196293,288029.377,甲午,丙寅,乙卯,4,2014,2,1,0.0,0,乙,卯,木,木,丙,寅,火,木,False,False,0.0,2014-W07,2014-02
601288.SH,2014-02-14,2.41,2.41,0.0,667363,160181.57,甲午,丙寅,丙辰,5,2014,2,1,0.0,0,丙,辰,火,土,丙,寅,火,木,False,False,0.0,2014-W07,2014-02
601288.SH,2014-02-17,2.4,2.41,-0.0041,614907,147881.297,甲午,丙寅,己未,1,2014,2,1,-0.004158010148663788,0,己,未,土,土,丙,寅,火,木,False,False,0.0,2014-W08,2014-02
601288.SH,2014-02-18,2.38,2.4,-0.0083,665234,158780.587,甲午,丙寅,庚申,2,2014,2,1,-0.00836824967051658,0,庚,申,金,金,丙,寅,火,木,False,False,-0.004158010148663788,2014-W08,2014-02
601288.SH,2014-02-19,2.41,2.38,0.0126,1436125,344063.423,甲午,丙寅,辛酉,3,2014,2,1,0.012526259819180475,1,辛,酉,金,金,丙,寅,火,木,False,False,-0.00836824967051658,2014-W08,2014-02
601288.SH,2014-02-20,2.38,2.41,-0.0124,1207607,289235.236,甲午,丙寅,壬戌,4,2014,2,1,-0.012526259819180369,0,壬,戌,水,土,丙,寅,火,木,False,False,0.012526259819180475,2014-W08,2014-02
601288.SH,2014-02-21,2.38,2.38,0.0,613465,145904.97,甲午,丙寅,癸亥,5,2014,2,1,0.0,0,癸,亥,水,水,丙,寅,火,木,False,False,-0.012526259819180369,2014-W08,2014-02
601288.SH,2014-02-24,2.35,2.38,-0.0126,1086326,255211.393,甲午,丙寅,丙寅,1,2014,2,1,-0.012685159527315687,0,丙,寅,火,木,丙,寅,火,木,False,True,0.0,2014-W09,2014-02
601288.SH,2014-02-25,2.34,2.35,-0.0043,987932,231436.035,甲午,丙寅,丁卯,2,2014,2,1,-0.004264398786457651,0,丁,卯,火,木,丙,寅,火,木,False,True,-0.012685159527315687,2014-W09,2014-02
601288.SH,2014-02-26,2.34,2.34,0.0,691476,161699.007,甲午,丙寅,戊辰,3,2014,2,1,0.0,0,戊,辰,土,土,丙,寅,火,木,False,True,-0.004264398786457651,2014-W09,2014-02
601288.SH,2014-02-27,2.34,2.34,0.0,967866,226151.4,甲午,丙寅,己巳,4,2014,2,1,0.0,0,己,巳,土,火,丙,寅,火,木,False,True,0.0,2014-W09,2014-02
601288.SH,2014-02-28,2.33,2.34,-0.0043,753201,175688.844,甲午,丙寅,庚午,5,2014,2,1,-0.004282661792000736,0,庚,午,金,火,丙,寅,火,木,False,True,0.0,2014-W09,2014-02
601288.SH,2014-03-03,2.33,2.33,0.0,1044706,243347.526,甲午,丙寅,癸酉,1,2014,3,1,0.0,0,癸,酉,水,金,丙,寅,火,木,True,False,-0.004282661792000736,2014-W10,2014-03
601288.SH,2014-03-04,2.34,2.33,0.0043,1062432,247214.875,甲午,丙寅,甲戌,2,2014,3,1,0.004282661792000728,1,甲,戌,木,土,丙,寅,火,木,True,False,0.0,2014-W10,2014-03
601288.SH,2014-03-05,2.32,2.34,-0.0085,533519,124000.507,甲午,丙寅,乙亥,3,2014,3,1,-0.008583743691391442,0,乙,亥,木,水,丙,寅,火,木,True,False,0.004282661792000728,2014-W10,2014-03
601288.SH,2014-03-06,2.32,2.32,0.0,557069,129327.054,甲午,丁卯,丙子,4,2014,3,1,0.0,0,丙,子,火,水,丁,卯,火,木,False,False,-0.008583743691391442,2014-W10,2014-03
601288.SH,2014-03-07,2.33,2.32,0.0043,710832,165369.433,甲午,丁卯,丁丑,5,2014,3,1,0.004301081899390702,1,丁,丑,火,土,丁,卯,火,木,False,False,0.0,2014-W10,2014-03
601288.SH,2014-03-10,2.29,2.33,-0.0172,890454,204907.7,甲午,丁卯,庚辰,1,2014,3,1,-0.01731645001146093,0,庚,辰,金,土,丁,卯,火,木,False,False,0.004301081899390702,2014-W11,2014-03
601288.SH,2014-03-11,2.29,2.29,0.0,644905,147325.552,甲午,丁卯,辛巳,2,2014,3,1,0.0,0,辛,巳,金,火,丁,卯,火,木,False,False,-0.01731645001146093,2014-W11,2014-03
601288.SH,2014-03-12,2.29,2.29,0.0,906091,206872.216,甲午,丁卯,壬午,3,2014,3,1,0.0,0,壬,午,水,火,丁,卯,火,木,False,False,0.0,2014-W11,2014-03
601288.SH,2014-03-13,2.36,2.29,0.0306,2730613,645265.725,甲午,丁卯,癸未,4,2014,3,1,0.030109801471370382,1,癸,未,水,土,丁,卯,火,木,False,False,0.0,2014-W11,2014-03
601288.SH,2014-03-14,2.36,2.36,0.0,1849762,433875.476,甲午,丁卯,甲申,5,2014,3,1,0.0,0,甲,申,木,金,丁,卯,火,木,False,False,0.030109801471370382,2014-W11,2014-03
601288.SH,2014-03-17,2.34,2.36,-0.0085,949741,222266.699,甲午,丁卯,丁亥,1,2014,3,1,-0.00851068966790862,0,丁,亥,火,水,丁,卯,火,木,False,False,0.0,2014-W12,2014-03
601288.SH,2014-03-18,2.34,2.34,0.0,931412,217275.646,甲午,丁卯,戊子,2,2014,3,1,0.0,0,戊,子,土,水,丁,卯,火,木,False,False,-0.00851068966790862,2014-W12,2014-03
601288.SH,2014-03-19,2.33,2.34,-0.0043,567938,132144.672,甲午,丁卯,己丑,3,2014,3,1,-0.004282661792000736,0,己,丑,土,土,丁,卯,火,木,False,False,0.0,2014-W12,2014-03
601288.SH,2014-03-20,2.33,2.33,0.0,964722,225817.36,甲午,丁卯,庚寅,4,2014,3,1,0.0,0,庚,寅,金,木,丁,卯,火,木,False,False,-0.004282661792000736,2014-W12,2014-03
601288.SH,2014-03-21,2.4,2.33,0.03,3061115,729938.905,甲午,丁卯,辛卯,5,2014,3,1,0.029600469776290682,1,辛,卯,金,木,丁,卯,火,木,False,False,0.0,2014-W12,2014-03
601288.SH,2014-03-24,2.4,2.4,0.0,1720795,412987.477,甲午,丁卯,甲午,1,2014,3,1,0.0,0,甲,午,木,火,丁,卯,火,木,False,False,0.029600469776290682,2014-W13,2014-03
601288.SH,2014-03-25,2.4,2.4,0.0,917155,219660.241,甲午,丁卯,乙未,2,2014,3,1,0.0,0,乙,未,木,土,丁,卯,火,木,False,False,0.0,2014-W13,2014-03
601288.SH,2014-03-26,2.4,2.4,0.0,1014735,243881.526,甲午,丁卯,丙申,3,2014,3,1,0.0,0,丙,申,火,金,丁,卯,火,木,False,False,0.0,2014-W13,2014-03
601288.SH,2014-03-27,2.4,2.4,0.0,1161358,279295.399,甲午,丁卯,丁酉,4,2014,3,1,0.0,0,丁,酉,火,金,丁,卯,火,木,False,True,0.0,2014-W13,2014-03
601288.SH,2014-03-28,2.43,2.4,0.0125,1366444,331737.082,甲午,丁卯,戊戌,5,2014,3,1,0.012422519998557329,1,戊,戌,土,土,丁,卯,火,木,False,True,0.0,2014-W13,2014-03
601288.SH,2014-03-31,2.42,2.43,-0.0041,954154,231781.986,甲午,丁卯,辛丑,1,2014,3,1,-0.004123717183862152,0,辛,丑,金,土,丁,卯,火,木,False,True,0.012422519998557329,2014-W14,2014-03
601288.SH,2014-04-01,2.42,2.42,0.0,557922,135405.457,甲午,丁卯,壬寅,2,2014,4,1,0.0,0,壬,寅,水,木,丁,卯,火,木,True,False,-0.004123717183862152,2014-W14,2014-04
601288.SH,2014-04-02,2.44,2.42,0.0083,643830,156321.119,甲午,丁卯,癸卯,3,2014,4,1,0.008230499136515444,1,癸,卯,水,木,丁,卯,火,木,True,False,0.0,2014-W14,2014-04
601288.SH,2014-04-03,2.39,2.44,-0.0205,1901239,455949.63,甲午,丁卯,甲辰,4,2014,4,1,-0.020704673361691166,0,甲,辰,木,土,丁,卯,火,木,True,False,0.008230499136515444,2014-W14,2014-04
601288.SH,2014-04-04,2.4,2.39,0.0042,656255,157119.08,甲午,丁卯,乙巳,5,2014,4,1,0.004175371410480592,1,乙,巳,木,火,丁,卯,火,木,True,False,-0.020704673361691166,2014-W14,2014-04
601288.SH,2014-04-08,2.44,2.4,0.0167,1725730,419845.142,甲午,戊辰,己酉,2,2014,4,1,0.016529301951210506,1,己,酉,土,金,戊,辰,土,土,False,False,0.004175371410480592,2014-W15,2014-04
601288.SH,2014-04-09,2.45,2.44,0.0041,768971,187962.223,甲午,戊辰,庚戌,3,2014,4,1,0.0040899852515252876,1,庚,戌,金,土,戊,辰,土,土,False,False,0.016529301951210506,2014-W15,2014-04
601288.SH,2014-04-10,2.46,2.45,0.0041,1603229,393646.781,甲午,戊辰,辛亥,4,2014,4,1,0.004073325387635648,1,辛,亥,金,水,戊,辰,土,土,False,False,0.0040899852515252876,2014-W15,2014-04
601288.SH,2014-04-11,2.47,2.46,0.0041,1340097,330214.033,甲午,戊辰,壬子,5,2014,4,1,0.004056800695614469,1,壬,子,水,水,戊,辰,土,土,False,False,0.004073325387635648,2014-W15,2014-04
601288.SH,2014-04-14,2.47,2.47,0.0,613667,151045.731,甲午,戊辰,乙卯,1,2014,4,1,0.0,0,乙,卯,木,木,戊,辰,土,土,False,False,0.004056800695614469,2014-W16,2014-04
601288.SH,2014-04-15,2.43,2.47,-0.0162,685129,167110.666,甲午,戊辰,丙辰,2,2014,4,1,-0.01632689328742878,0,丙,辰,火,土,戊,辰,土,土,False,False,0.0,2014-W16,2014-04
601288.SH,2014-04-16,2.44,2.43,0.0041,541251,131841.779,甲午,戊辰,丁巳,3,2014,4,1,0.004106781952653281,1,丁,巳,火,火,戊,辰,土,土,False,False,-0.01632689328742878,2014-W16,2014-04
601288.SH,2014-04-17,2.44,2.44,0.0,407728,99412.075,甲午,戊辰,戊午,4,2014,4,1,0.0,0,戊,午,土,火,戊,辰,土,土,False,False,0.004106781952653281,2014-W16,2014-04
601288.SH,2014-04-18,2.42,2.44,-0.0082,760944,183960.474,甲午,戊辰,己未,5,2014,4,1,-0.00823049913651548,0,己,未,土,土,戊,辰,土,土,False,False,0.0,2014-W16,2014-04
601288.SH,2014-04-21,2.4,2.42,-0.0083,675480,163600.23,甲午,戊辰,壬戌,1,2014,4,1,-0.008298802814695066,0,壬,戌,水,土,戊,辰,土,土,False,False,-0.00823049913651548,2014-W17,2014-04
601288.SH,2014-04-22,2.41,2.4,0.0042,556241,133921.658,甲午,戊辰,癸亥,2,2014,4,1,0.004158010148663898,1,癸,亥,水,水,戊,辰,土,土,False,False,-0.008298802814695066,2014-W17,2014-04
601288.SH,2014-04-23,2.42,2.41,0.0041,545814,131324.736,甲午,戊辰,甲子,3,2014,4,1,0.004140792666031387,1,甲,子,木,水,戊,辰,土,土,False,False,0.004158010148663898,2014-W17,2014-04
601288.SH,2014-04-24,2.4,2.42,-0.0083,515590,124134.225,甲午,戊辰,乙丑,4,2014,4,1,-0.008298802814695066,0,乙,丑,木,土,戊,辰,土,土,False,False,0.004140792666031387,2014-W17,2014-04
601288.SH,2014-04-25,2.41,2.4,0.0042,864338,208540.177,甲午,戊辰,丙寅,5,2014,4,1,0.004158010148663898,1,丙,寅,火,木,戊,辰,土,土,False,False,-0.008298802814695066,2014-W17,2014-04
601288.SH,2014-04-28,2.42,2.41,0.0041,928141,224233.081,甲午,戊辰,己巳,1,2014,4,1,0.004140792666031387,1,己,巳,土,火,戊,辰,土,土,False,True,0.004158010148663898,2014-W18,2014-04
601288.SH,2014-04-29,2.43,2.42,0.0041,858452,207904.662,甲午,戊辰,庚午,2,2014,4,1,0.004123717183862156,1,庚,午,金,火,戊,辰,土,土,False,True,0.004140792666031387,2014-W18,2014-04
601288.SH,2014-04-30,2.42,2.43,-0.0041,478729,115707.335,甲午,戊辰,辛未,3,2014,4,1,-0.004123717183862152,0,辛,未,金,土,戊,辰,土,土,False,True,0.004123717183862156,2014-W18,2014-04
601288.SH,2014-05-05,2.39,2.42,-0.0124,1062937,254313.055,甲午,己巳,丙子,1,2014,5,1,-0.012474174225175688,0,丙,子,火,水,己,巳,土,火,True,False,-0.004123717183862152,2014-W19,2014-05
601288.SH,2014-05-06,2.39,2.39,0.0,639548,152813.245,甲午,己巳,丁丑,2,2014,5,1,0.0,0,丁,丑,火,土,己,巳,土,火,False,False,-0.012474174225175688,2014-W19,2014-05
601288.SH,2014-05-07,2.38,2.39,-0.0042,463988,110709.629,甲午,己巳,戊寅,3,2014,5,1,-0.004192878260036038,0,戊,寅,土,木,己,巳,土,火,False,False,0.0,2014-W19,2014-05
601288.SH,2014-05-08,2.39,2.38,0.0042,514410,123195.397,甲午,己巳,己卯,4,2014,5,1,0.004192878260036178,1,己,卯,土,木,己,巳,土,火,False,False,-0.004192878260036038,2014-W19,2014-05
601288.SH,2014-05-09,2.4,2.39,0.0042,780576,187861.761,甲午,己巳,庚辰,5,2014,5,1,0.004175371410480592,1,庚,辰,金,土,己,巳,土,火,False,False,0.004192878260036178,2014-W19,2014-05
601288.SH,2014-05-12,2.42,2.4,0.0083,937790,227191.45,甲午,己巳,癸未,1,2014,5,1,0.008298802814695064,1,癸,未,水,土,己,巳,土,火,False,False,0.004175371410480592,2014-W20,2014-05
601288.SH,2014-05-13,2.43,2.42,0.0041,631405,153562.005,甲午,己巳,甲申,2,2014,5,1,0.004123717183862156,1,甲,申,木,金,己,巳,土,火,False,False,0.008298802814695064,2014-W20,2014-05
601288.SH,2014-05-14,2.43,2.43,0.0,382931,93116.537,甲午,己巳,乙酉,3,2014,5,1,0.0,0,乙,酉,木,金,己,巳,土,火,False,False,0.004123717183862156,2014-W20,2014-05
601288.SH,2014-05-15,2.44,2.43,0.0041,448068,109172.708,甲午,己巳,丙戌,4,2014,5,1,0.004106781952653281,1,丙,戌,火,土,己,巳,土,火,False,False,0.0,2014-W20,2014-05
601288.SH,2014-05-16,2.45,2.44,0.0041,733143,179277.105,甲午,己巳,丁亥,5,2014,5,1,0.0040899852515252876,1,丁,亥,火,水,己,巳,土,火,False,False,0.004106781952653281,2014-W20,2014-05
601288.SH,2014-05-19,2.44,2.45,-0.0041,579904,141172.046,甲午,己巳,庚寅,1,2014,5,1,-0.004089985251525166,0,庚,寅,金,木,己,巳,土,火,False,False,0.0040899852515252876,2014-W21,2014-05
601288.SH,2014-05-20,2.45,2.44,0.0041,696636,170000.337,甲午,己巳,辛卯,2,2014,5,1,0.0040899852515252876,1,辛,卯,金,木,己,巳,土,火,False,False,-0.004089985251525166,2014-W21,2014-05
601288.SH,2014-05-21,2.46,2.45,0.0041,487947,119346.617,甲午,己巳,壬辰,3,2014,5,1,0.004073325387635648,1,壬,辰,水,土,己,巳,土,火,False,False,0.0040899852515252876,2014-W21,2014-05
601288.SH,2014-05-22,2.46,2.46,0.0,520635,128238.945,甲午,己巳,癸巳,4,2014,5,1,0.0,0,癸,巳,水,火,己,巳,土,火,False,False,0.004073325387635648,2014-W21,2014-05
601288.SH,2014-05-23,2.47,2.46,0.0041,317642,78182.804,甲午,己巳,甲午,5,2014,5,1,0.004056800695614469,1,甲,午,木,火,己,巳,土,火,False,False,0.0,2014-W21,2014-05
601288.SH,2014-05-26,2.46,2.47,-0.004,431549,106464.514,甲午,己巳,丁酉,1,2014,5,1,-0.00405680069561443,0,丁,酉,火,金,己,巳,土,火,False,False,0.004056800695614469,2014-W22,2014-05
601288.SH,2014-05-27,2.47,2.46,0.0041,560668,138503.475,甲午,己巳,戊戌,2,2014,5,1,0.004056800695614469,1,戊,戌,土,土,己,巳,土,火,False,True,-0.00405680069561443,2014-W22,2014-05
601288.SH,2014-05-28,2.48,2.47,0.004,662131,164321.482,甲午,己巳,己亥,3,2014,5,1,0.004040409537004906,1,己,亥,土,水,己,巳,土,火,False,True,0.004056800695614469,2014-W22,2014-05
601288.SH,2014-05-29,2.49,2.48,0.004,441965,110132.923,甲午,己巳,庚子,4,2014,5,1,0.004024150299725548,1,庚,子,金,水,己,巳,土,火,False,True,0.004040409537004906,2014-W22,2014-05
601288.SH,2014-05-30,2.49,2.49,0.0,457852,114062.08,甲午,己巳,辛丑,5,2014,5,1,0.0,0,辛,丑,金,土,己,巳,土,火,False,True,0.004024150299725548,2014-W22,2014-05
601288.SH,2014-06-03,2.51,2.49,0.008,607766,151914.854,甲午,己巳,乙巳,2,2014,6,1,0.00800004266707615,1,乙,巳,木,火,己,巳,土,火,True,False,0.0,2014-W23,2014-06
601288.SH,2014-06-04,2.48,2.51,-0.012,617289,153772.6,甲午,己巳,丙午,3,2014,6,1,-0.01202419296680159,0,丙,午,火,火,己,巳,土,火,True,False,0.00800004266707615,2014-W23,2014-06
601288.SH,2014-06-05,2.52,2.48,0.0161,689291,172840.682,甲午,己巳,丁未,4,2014,6,1,0.016000341346441117,1,丁,未,火,土,己,巳,土,火,True,False,-0.01202419296680159,2014-W23,2014-06
601288.SH,2014-06-06,2.51,2.52,-0.004,797219,200538.206,甲午,庚午,戊申,5,2014,6,1,-0.003976148379639517,0,戊,申,土,金,庚,午,金,火,False,False,0.016000341346441117,2014-W23,2014-06
601288.SH,2014-06-09,2.52,2.51,0.004,622535,156987.879,甲午,庚午,辛亥,1,2014,6,1,0.003976148379639417,1,辛,亥,金,水,庚,午,金,火,False,False,-0.003976148379639517,2014-W24,2014-06
601288.SH,2014-06-10,2.55,2.52,0.0119,808698,204846.332,甲午,庚午,壬子,2,2014,6,1,0.011834457647002798,1,壬,子,水,水,庚,午,金,火,False,False,0.003976148379639417,2014-W24,2014-06
601288.SH,2014-06-11,2.55,2.55,0.0,618255,157335.371,甲午,庚午,癸丑,3,2014,6,1,0.0,0,癸,丑,水,土,庚,午,金,火,False,False,0.011834457647002798,2014-W24,2014-06
601288.SH,2014-06-12,2.55,2.55,0.0,466012,118639.032,甲午,庚午,甲寅,4,2014,6,1,0.0,0,甲,寅,木,木,庚,午,金,火,False,False,0.0,2014-W24,2014-06
601288.SH,2014-06-13,2.58,2.55,0.0118,1072044,274615.855,甲午,庚午,乙卯,5,2014,6,1,0.011696039763191456,1,乙,卯,木,木,庚,午,金,火,False,False,0.0,2014-W24,2014-06
601288.SH,2014-06-16,2.58,2.58,0.0,1266001,324848.981,甲午,庚午,戊午,1,2014,6,1,0.0,0,戊,午,土,火,庚,午,金,火,False,False,0.011696039763191456,2014-W25,2014-06
601288.SH,2014-06-17,2.57,2.58,-0.0039,878234,224914.375,甲午,庚午,己未,2,2014,6,1,-0.0038835000263977445,0,己,未,土,土,庚,午,金,火,False,False,0.0,2014-W25,2014-06
601288.SH,2014-06-18,2.52,2.57,-0.0195,1221767,309148.585,甲午,庚午,庚申,3,2014,6,1,-0.01964699738379642,0,庚,申,金,金,庚,午,金,火,False,False,-0.0038835000263977445,2014-W25,2014-06
601288.SH,2014-06-19,2.49,2.52,-0.0119,861493,215339.159,甲午,庚午,辛酉,4,2014,6,1,-0.01197619104671565,0,辛,酉,金,金,庚,午,金,火,False,False,-0.01964699738379642,2014-W25,2014-06
601288.SH,2014-06-20,2.51,2.49,0.008,576604,144374.087,甲午,庚午,壬戌,5,2014,6,1,0.00800004266707615,1,壬,戌,水,土,庚,午,金,火,False,False,-0.01197619104671565,2014-W25,2014-06
601288.SH,2014-06-23,2.5,2.51,-0.004,582058,145764.578,甲午,庚午,乙丑,1,2014,6,1,-0.003992021269537338,0,乙,丑,木,土,庚,午,金,火,False,False,0.00800004266707615,2014-W26,2014-06
601288.SH,2014-06-24,2.5,2.5,0.0,340263,85230.401,甲午,庚午,丙寅,2,2014,6,1,0.0,0,丙,寅,火,木,庚,午,金,火,False,False,-0.003992021269537338,2014-W26,2014-06
601288.SH,2014-06-25,2.51,2.5,0.004,362460,90796.212,甲午,庚午,丁卯,3,2014,6,1,0.003992021269537457,1,丁,卯,火,木,庚,午,金,火,False,False,0.0,2014-W26,2014-06
601288.SH,2014-06-26,2.53,2.51,0.008,531358,134067.848,甲午,庚午,戊辰,4,2014,6,1,0.007936549595736342,1,戊,辰,土,土,庚,午,金,火,False,True,0.003992021269537457,2014-W26,2014-06
601288.SH,2014-06-27,2.52,2.53,-0.004,452027,114066.128,甲午,庚午,己巳,5,2014,6,1,-0.003960401216096794,0,己,巳,土,火,庚,午,金,火,False,True,0.007936549595736342,2014-W26,2014-06
601288.SH,2014-06-30,2.52,2.52,0.0,596976,150746.842,甲午,庚午,壬申,1,2014,6,1,0.0,0,壬,申,水,金,庚,午,金,火,False,True,-0.003960401216096794,2014-W27,2014-06
601288.SH,2014-07-01,2.53,2.52,0.004,748363,188721.009,甲午,庚午,癸酉,2,2014,7,1,0.003960401216096914,1,癸,酉,水,金,庚,午,金,火,True,False,0.0,2014-W27,2014-07
601288.SH,2014-07-02,2.52,2.53,-0.004,1154973,291701.545,甲午,庚午,甲戌,3,2014,7,1,-0.003960401216096794,0,甲,戌,木,土,庚,午,金,火,True,False,0.003960401216096914,2014-W27,2014-07
601288.SH,2014-07-03,2.36,2.34,0.0085,965062,227454.497,甲午,庚午,乙亥,4,2014,7,1,0.00851068966790861,1,乙,亥,木,水,庚,午,金,火,True,False,-0.003960401216096794,2014-W27,2014-07
601288.SH,2014-07-04,2.36,2.36,0.0,516298,121876.386,甲午,庚午,丙子,5,2014,7,1,0.0,0,丙,子,火,水,庚,午,金,火,True,False,0.00851068966790861,2014-W27,2014-07
601288.SH,2014-07-07,2.37,2.36,0.0042,877804,207422.871,甲午,辛未,己卯,1,2014,7,1,0.004228336109521105,1,己,卯,土,木,辛,未,金,土,False,False,0.0,2014-W28,2014-07
601288.SH,2014-07-08,2.37,2.37,0.0,679365,160722.879,甲午,辛未,庚辰,2,2014,7,1,0.0,0,庚,辰,金,土,辛,未,金,土,False,False,0.004228336109521105,2014-W28,2014-07
601288.SH,2014-07-09,2.35,2.37,-0.0084,677001,159685.063,甲午,辛未,辛巳,3,2014,7,1,-0.008474626990972232,0,辛,巳,金,火,辛,未,金,土,False,False,0.0,2014-W28,2014-07
601288.SH,2014-07-10,2.36,2.35,0.0043,456148,107414.916,甲午,辛未,壬午,4,2014,7,1,0.004246290881451004,1,壬,午,水,火,辛,未,金,土,False,False,-0.008474626990972232,2014-W28,2014-07
601288.SH,2014-07-11,2.35,2.36,-0.0042,546110,128745.29,甲午,辛未,癸未,5,2014,7,1,-0.004246290881450985,0,癸,未,水,土,辛,未,金,土,False,False,0.004246290881451004,2014-W28,2014-07
601288.SH,2014-07-14,2.36,2.35,0.0043,836305,196895.198,甲午,辛未,丙戌,1,2014,7,1,0.004246290881451004,1,丙,戌,火,土,辛,未,金,土,False,False,-0.004246290881450985,2014-W29,2014-07
601288.SH,2014-07-15,2.37,2.36,0.0042,690948,163346.256,甲午,辛未,丁亥,2,2014,7,1,0.004228336109521105,1,丁,亥,火,水,辛,未,金,土,False,False,0.004246290881451004,2014-W29,2014-07
601288.SH,2014-07-16,2.37,2.37,0.0,872820,206409.047,甲午,辛未,戊子,3,2014,7,1,0.0,0,戊,子,土,水,辛,未,金,土,False,False,0.004228336109521105,2014-W29,2014-07
601288.SH,2014-07-17,2.37,2.37,0.0,653061,154285.98,甲午,辛未,己丑,4,2014,7,1,0.0,0,己,丑,土,土,辛,未,金,土,False,False,0.0,2014-W29,2014-07
601288.SH,2014-07-18,2.36,2.37,-0.0042,630664,148953.62,甲午,辛未,庚寅,5,2014,7,1,-0.004228336109521176,0,庚,寅,金,木,辛,未,金,土,False,False,0.0,2014-W29,2014-07
601288.SH,2014-07-21,2.36,2.36,0.0,574220,135363.656,甲午,辛未,癸巳,1,2014,7,1,0.0,0,癸,巳,水,火,辛,未,金,土,False,False,-0.004228336109521176,2014-W30,2014-07
601288.SH,2014-07-22,2.36,2.36,0.0,1282717,302632.1,甲午,辛未,甲午,2,2014,7,1,0.0,0,甲,午,木,火,辛,未,金,土,False,False,0.0,2014-W30,2014-07
601288.SH,2014-07-23,2.36,2.36,0.0,1400373,331037.087,甲午,辛未,乙未,3,2014,7,1,0.0,0,乙,未,木,土,辛,未,金,土,False,False,0.0,2014-W30,2014-07
601288.SH,2014-07-24,2.4,2.36,0.0169,1819434,434659.677,甲午,辛未,丙申,4,2014,7,1,0.016807118316381188,1,丙,申,火,金,辛,未,金,土,False,False,0.0,2014-W30,2014-07
601288.SH,2014-07-25,2.45,2.4,0.0208,1457038,354514.436,甲午,辛未,丁酉,5,2014,7,1,0.020619287202735825,1,丁,酉,火,金,辛,未,金,土,False,False,0.016807118316381188,2014-W30,2014-07
601288.SH,2014-07-28,2.53,2.45,0.0327,2963831,744034.952,甲午,辛未,庚子,1,2014,7,1,0.032131278182793196,1,庚,子,金,水,辛,未,金,土,False,True,0.020619287202735825,2014-W31,2014-07
601288.SH,2014-07-29,2.52,2.53,-0.004,1794291,452431.01,甲午,辛未,辛丑,2,2014,7,1,-0.003960401216096794,0,辛,丑,金,土,辛,未,金,土,False,True,0.032131278182793196,2014-W31,2014-07
601288.SH,2014-07-30,2.49,2.52,-0.0119,1934249,485527.619,甲午,辛未,壬寅,3,2014,7,1,-0.01197619104671565,0,壬,寅,水,木,辛,未,金,土,False,True,-0.003960401216096794,2014-W31,2014-07
601288.SH,2014-07-31,2.52,2.49,0.012,1831751,456023.356,甲午,辛未,癸卯,4,2014,7,1,0.01197619104671562,1,癸,卯,水,木,辛,未,金,土,False,True,-0.01197619104671565,2014-W31,2014-07
601288.SH,2014-08-01,2.52,2.52,0.0,2401680,609343.799,甲午,辛未,甲辰,5,2014,8,1,0.0,0,甲,辰,木,土,辛,未,金,土,True,False,0.01197619104671562,2014-W31,2014-08
601288.SH,2014-08-04,2.53,2.52,0.004,1541139,390031.145,甲午,辛未,丁未,1,2014,8,1,0.003960401216096914,1,丁,未,火,土,辛,未,金,土,True,False,0.0,2014-W32,2014-08
601288.SH,2014-08-05,2.53,2.53,0.0,1346529,341018.837,甲午,辛未,戊申,2,2014,8,1,0.0,0,戊,申,土,金,辛,未,金,土,True,False,0.003960401216096914,2014-W32,2014-08
601288.SH,2014-08-06,2.53,2.53,0.0,1378258,347621.627,甲午,辛未,己酉,3,2014,8,1,0.0,0,己,酉,土,金,辛,未,金,土,False,False,0.0,2014-W32,2014-08
601288.SH,2014-08-07,2.49,2.53,-0.0158,1254129,314622.185,甲午,壬申,庚戌,4,2014,8,1,-0.015936592262812414,0,庚,戌,金,土,壬,申,水,金,False,False,0.0,2014-W32,2014-08
601288.SH,2014-08-08,2.5,2.49,0.004,1088729,271338.094,甲午,壬申,辛亥,5,2014,8,1,0.004008021397538647,1,辛,亥,金,水,壬,申,水,金,False,False,-0.015936592262812414,2014-W32,2014-08
601288.SH,2014-08-11,2.52,2.5,0.008,803857,202147.209,甲午,壬申,甲寅,1,2014,8,1,0.007968169649176881,1,甲,寅,木,木,壬,申,水,金,False,False,0.004008021397538647,2014-W33,2014-08
601288.SH,2014-08-12,2.51,2.52,-0.004,779728,195597.431,甲午,壬申,乙卯,2,2014,8,1,-0.003976148379639517,0,乙,卯,木,木,壬,申,水,金,False,False,0.007968169649176881,2014-W33,2014-08
601288.SH,2014-08-13,2.51,2.51,0.0,1285074,322007.356,甲午,壬申,丙辰,3,2014,8,1,0.0,0,丙,辰,火,土,壬,申,水,金,False,False,-0.003976148379639517,2014-W33,2014-08
601288.SH,2014-08-14,2.5,2.51,-0.004,1239492,311071.55,甲午,壬申,丁巳,4,2014,8,1,-0.003992021269537338,0,丁,巳,火,火,壬,申,水,金,False,False,0.0,2014-W33,2014-08
601288.SH,2014-08-15,2.52,2.5,0.008,950626,238190.876,甲午,壬申,戊午,5,2014,8,1,0.007968169649176881,1,戊,午,土,火,壬,申,水,金,False,False,-0.003992021269537338,2014-W33,2014-08
601288.SH,2014-08-18,2.5,2.52,-0.0079,967148,242418.28,甲午,壬申,辛酉,1,2014,8,1,-0.007968169649176845,0,辛,酉,金,金,壬,申,水,金,False,False,0.007968169649176881,2014-W34,2014-08
601288.SH,2014-08-19,2.51,2.5,0.004,1522617,381490.78,甲午,壬申,壬戌,2,2014,8,1,0.003992021269537457,1,壬,戌,水,土,壬,申,水,金,False,False,-0.007968169649176845,2014-W34,2014-08
601288.SH,2014-08-20,2.5,2.51,-0.004,699617,175113.22,甲午,壬申,癸亥,3,2014,8,1,-0.003992021269537338,0,癸,亥,水,水,壬,申,水,金,False,False,0.003992021269537457,2014-W34,2014-08
601288.SH,2014-08-21,2.48,2.5,-0.008,1195626,296747.408,甲午,壬申,甲子,4,2014,8,1,-0.008032171697264267,0,甲,子,木,水,壬,申,水,金,False,False,-0.003992021269537338,2014-W34,2014-08
601288.SH,2014-08-22,2.48,2.48,0.0,1126423,278974.229,甲午,壬申,乙丑,5,2014,8,1,0.0,0,乙,丑,木,土,壬,申,水,金,False,False,-0.008032171697264267,2014-W34,2014-08
601288.SH,2014-08-25,2.46,2.48,-0.0081,986122,243214.56,甲午,壬申,戊辰,1,2014,8,1,-0.008097210232619362,0,戊,辰,土,土,壬,申,水,金,False,False,0.0,2014-W35,2014-08
601288.SH,2014-08-26,2.46,2.46,0.0,954958,234537.083,甲午,壬申,己巳,2,2014,8,1,0.0,0,己,巳,土,火,壬,申,水,金,False,False,-0.008097210232619362,2014-W35,2014-08
601288.SH,2014-08-27,2.45,2.46,-0.0041,554488,135819.642,甲午,壬申,庚午,3,2014,8,1,-0.004073325387635786,0,庚,午,金,火,壬,申,水,金,False,True,0.0,2014-W35,2014-08
601288.SH,2014-08-28,2.41,2.45,-0.0163,756576,183771.528,甲午,壬申,辛未,4,2014,8,1,-0.016461277054071962,0,辛,未,金,土,壬,申,水,金,False,True,-0.004073325387635786,2014-W35,2014-08
601288.SH,2014-08-29,2.43,2.41,0.0083,903230,219073.347,甲午,壬申,壬申,5,2014,8,1,0.008264509849893433,1,壬,申,水,金,壬,申,水,金,False,True,-0.016461277054071962,2014-W35,2014-08
601288.SH,2014-09-01,2.44,2.43,0.0041,1102010,268739.99,甲午,壬申,乙亥,1,2014,9,1,0.004106781952653281,1,乙,亥,木,水,壬,申,水,金,True,False,0.008264509849893433,2014-W36,2014-09
601288.SH,2014-09-02,2.47,2.44,0.0123,1467454,360034.054,甲午,壬申,丙子,2,2014,9,1,0.012220111334775397,1,丙,子,火,水,壬,申,水,金,True,False,0.004106781952653281,2014-W36,2014-09
601288.SH,2014-09-03,2.5,2.47,0.0121,1407603,351110.495,甲午,壬申,丁丑,3,2014,9,1,0.01207258123426924,1,丁,丑,火,土,壬,申,水,金,True,False,0.012220111334775397,2014-W36,2014-09
601288.SH,2014-09-04,2.51,2.5,0.004,954345,238804.004,甲午,壬申,戊寅,4,2014,9,1,0.003992021269537457,1,戊,寅,土,木,壬,申,水,金,True,False,0.01207258123426924,2014-W36,2014-09
601288.SH,2014-09-05,2.52,2.51,0.004,1110972,280200.978,甲午,壬申,己卯,5,2014,9,1,0.003976148379639417,1,己,卯,土,木,壬,申,水,金,True,False,0.003992021269537457,2014-W36,2014-09
601288.SH,2014-09-09,2.51,2.52,-0.004,879434,221355.752,甲午,癸酉,癸未,2,2014,9,1,-0.003976148379639517,0,癸,未,水,土,癸,酉,水,金,False,False,0.003976148379639417,2014-W37,2014-09
601288.SH,2014-09-10,2.49,2.51,-0.008,1184725,295283.592,甲午,癸酉,甲申,3,2014,9,1,-0.008000042667076152,0,甲,申,木,金,癸,酉,水,金,False,False,-0.003976148379639517,2014-W37,2014-09
601288.SH,2014-09-11,2.48,2.49,-0.004,1563341,389347.288,甲午,癸酉,乙酉,4,2014,9,1,-0.004024150299725491,0,乙,酉,木,金,癸,酉,水,金,False,False,-0.008000042667076152,2014-W37,2014-09
601288.SH,2014-09-12,2.5,2.48,0.0081,742914,184589.145,甲午,癸酉,丙戌,5,2014,9,1,0.008032171697264253,1,丙,戌,火,土,癸,酉,水,金,False,False,-0.004024150299725491,2014-W37,2014-09
601288.SH,2014-09-15,2.48,2.5,-0.008,1139399,282818.159,甲午,癸酉,己丑,1,2014,9,1,-0.008032171697264267,0,己,丑,土,土,癸,酉,水,金,False,False,0.008032171697264253,2014-W38,2014-09
601288.SH,2014-09-16,2.5,2.48,0.0081,2719382,681078.295,甲午,癸酉,庚寅,2,2014,9,1,0.008032171697264253,1,庚,寅,金,木,癸,酉,水,金,False,False,-0.008032171697264267,2014-W38,2014-09
601288.SH,2014-09-17,2.49,2.5,-0.004,1745923,434954.275,甲午,癸酉,辛卯,3,2014,9,1,-0.004008021397538711,0,辛,卯,金,木,癸,酉,水,金,False,False,0.008032171697264253,2014-W38,2014-09
601288.SH,2014-09-18,2.5,2.49,0.004,1763639,439395.955,甲午,癸酉,壬辰,4,2014,9,1,0.004008021397538647,1,壬,辰,水,土,癸,酉,水,金,False,False,-0.004008021397538711,2014-W38,2014-09
601288.SH,2014-09-19,2.5,2.5,0.0,1269368,316308.89,甲午,癸酉,癸巳,5,2014,9,1,0.0,0,癸,巳,水,火,癸,酉,水,金,False,False,0.004008021397538647,2014-W38,2014-09
601288.SH,2014-09-22,2.45,2.5,-0.02,1216348,299989.219,甲午,癸酉,丙申,1,2014,9,1,-0.020202707317519355,0,丙,申,火,金,癸,酉,水,金,False,False,0.0,2014-W39,2014-09
601288.SH,2014-09-23,2.46,2.45,0.0041,887116,218136.716,甲午,癸酉,丁酉,2,2014,9,1,0.004073325387635648,1,丁,酉,火,金,癸,酉,水,金,False,False,-0.020202707317519355,2014-W39,2014-09
601288.SH,2014-09-24,2.48,2.46,0.0081,1815872,450154.956,甲午,癸酉,戊戌,3,2014,9,1,0.008097210232619303,1,戊,戌,土,土,癸,酉,水,金,False,False,0.004073325387635648,2014-W39,2014-09
601288.SH,2014-09-25,2.49,2.48,0.004,1562372,390265.5,甲午,癸酉,己亥,4,2014,9,1,0.004024150299725548,1,己,亥,土,水,癸,酉,水,金,False,False,0.008097210232619303,2014-W39,2014-09
601288.SH,2014-09-26,2.49,2.49,0.0,830871,206939.205,甲午,癸酉,庚子,5,2014,9,1,0.0,0,庚,子,金,水,癸,酉,水,金,False,True,0.004024150299725548,2014-W39,2014-09
601288.SH,2014-09-29,2.48,2.49,-0.004,1435071,356577.73,甲午,癸酉,癸卯,1,2014,9,1,-0.004024150299725491,0,癸,卯,水,木,癸,酉,水,金,False,True,0.0,2014-W40,2014-09
601288.SH,2014-09-30,2.49,2.48,0.004,1363279,338154.632,甲午,癸酉,甲辰,2,2014,9,1,0.004024150299725548,1,甲,辰,木,土,癸,酉,水,金,False,True,-0.004024150299725491,2014-W40,2014-09
601288.SH,2014-10-08,2.49,2.49,0.0,1257328,312015.833,甲午,甲戌,壬子,3,2014,10,1,0.0,0,壬,子,水,水,甲,戌,木,土,False,False,0.004024150299725548,2014-W41,2014-10
601288.SH,2014-10-09,2.49,2.49,0.0,1089672,271100.418,甲午,甲戌,癸丑,4,2014,10,1,0.0,0,癸,丑,水,土,甲,戌,木,土,False,False,0.0,2014-W41,2014-10
601288.SH,2014-10-10,2.48,2.49,-0.004,1249695,309615.517,甲午,甲戌,甲寅,5,2014,10,1,-0.004024150299725491,0,甲,寅,木,木,甲,戌,木,土,False,False,0.0,2014-W41,2014-10
601288.SH,2014-10-13,2.46,2.48,-0.0081,1303432,320408.518,甲午,甲戌,丁巳,1,2014,10,1,-0.008097210232619362,0,丁,巳,火,火,甲,戌,木,土,False,False,-0.004024150299725491,2014-W42,2014-10
601288.SH,2014-10-14,2.46,2.46,0.0,1330295,327593.831,甲午,甲戌,戊午,2,2014,10,1,0.0,0,戊,午,土,火,甲,戌,木,土,False,False,-0.008097210232619362,2014-W42,2014-10
601288.SH,2014-10-15,2.47,2.46,0.0041,1349716,333146.601,甲午,甲戌,己未,3,2014,10,1,0.004056800695614469,1,己,未,土,土,甲,戌,木,土,False,False,0.0,2014-W42,2014-10
601288.SH,2014-10-16,2.48,2.47,0.004,1964602,487185.734,甲午,甲戌,庚申,4,2014,10,1,0.004040409537004906,1,庚,申,金,金,甲,戌,木,土,False,False,0.004056800695614469,2014-W42,2014-10
601288.SH,2014-10-17,2.46,2.48,-0.0081,1653561,407595.171,甲午,甲戌,辛酉,5,2014,10,1,-0.008097210232619362,0,辛,酉,金,金,甲,戌,木,土,False,False,0.004040409537004906,2014-W42,2014-10
601288.SH,2014-10-20,2.47,2.46,0.0041,1172151,289533.074,甲午,甲戌,甲子,1,2014,10,1,0.004056800695614469,1,甲,子,木,水,甲,戌,木,土,False,False,-0.008097210232619362,2014-W43,2014-10
601288.SH,2014-10-21,2.46,2.47,-0.004,1571411,386993.987,甲午,甲戌,乙丑,2,2014,10,1,-0.00405680069561443,0,乙,丑,木,土,甲,戌,木,土,False,False,0.004056800695614469,2014-W43,2014-10
601288.SH,2014-10-22,2.47,2.46,0.0041,1209858,298254.498,甲午,甲戌,丙寅,3,2014,10,1,0.004056800695614469,1,丙,寅,火,木,甲,戌,木,土,False,False,-0.00405680069561443,2014-W43,2014-10
601288.SH,2014-10-23,2.45,2.47,-0.0081,1255774,308833.34,甲午,甲戌,丁卯,4,2014,10,1,-0.008130126083250176,0,丁,卯,火,木,甲,戌,木,土,False,False,0.004056800695614469,2014-W43,2014-10
601288.SH,2014-10-24,2.45,2.45,0.0,723852,177480.756,甲午,甲戌,戊辰,5,2014,10,1,0.0,0,戊,辰,土,土,甲,戌,木,土,False,False,-0.008130126083250176,2014-W43,2014-10
601288.SH,2014-10-27,2.43,2.45,-0.0082,1166328,284057.922,甲午,甲戌,辛未,1,2014,10,1,-0.008196767204178515,0,辛,未,金,土,甲,戌,木,土,False,True,0.0,2014-W44,2014-10
601288.SH,2014-10-28,2.45,2.43,0.0082,1085014,264768.861,甲午,甲戌,壬申,2,2014,10,1,0.00819676720417849,1,壬,申,水,金,甲,戌,木,土,False,True,-0.008196767204178515,2014-W44,2014-10
601288.SH,2014-10-29,2.48,2.45,0.0122,1822752,448913.207,甲午,甲戌,癸酉,3,2014,10,1,0.012170535620255114,1,癸,酉,水,金,甲,戌,木,土,False,True,0.00819676720417849,2014-W44,2014-10
601288.SH,2014-10-30,2.5,2.48,0.0081,2932952,729196.743,甲午,甲戌,甲戌,4,2014,10,1,0.008032171697264253,1,甲,戌,木,土,甲,戌,木,土,False,True,0.012170535620255114,2014-W44,2014-10
601288.SH,2014-10-31,2.56,2.5,0.024,6360797,1613815.83,甲午,甲戌,乙亥,5,2014,10,1,0.023716526617316065,1,乙,亥,木,水,甲,戌,木,土,False,True,0.008032171697264253,2014-W44,2014-10
601288.SH,2014-11-03,2.54,2.56,-0.0078,3175165,808566.606,甲午,甲戌,戊寅,1,2014,11,1,-0.007843177461025893,0,戊,寅,土,木,甲,戌,木,土,True,False,0.023716526617316065,2014-W45,2014-11
601288.SH,2014-11-04,2.54,2.54,0.0,2208683,558848.93,甲午,甲戌,己卯,2,2014,11,1,0.0,0,己,卯,土,木,甲,戌,木,土,True,False,-0.007843177461025893,2014-W45,2014-11
601288.SH,2014-11-05,2.5,2.54,-0.0157,3325318,833384.49,甲午,甲戌,庚辰,3,2014,11,1,-0.01587334915629012,0,庚,辰,金,土,甲,戌,木,土,True,False,0.0,2014-W45,2014-11
601288.SH,2014-11-06,2.5,2.5,0.0,1559348,389878.724,甲午,甲戌,辛巳,4,2014,11,1,0.0,0,辛,巳,金,火,甲,戌,木,土,False,False,-0.01587334915629012,2014-W45,2014-11
601288.SH,2014-11-07,2.49,2.5,-0.004,3462612,868852.946,甲午,乙亥,壬午,5,2014,11,1,-0.004008021397538711,0,壬,午,水,火,乙,亥,木,水,False,False,0.0,2014-W45,2014-11
601288.SH,2014-11-10,2.55,2.49,0.0241,4943056,1251339.083,甲午,乙亥,乙酉,1,2014,11,1,0.023810648693718392,1,乙,酉,木,金,乙,亥,木,水,False,False,-0.004008021397538711,2014-W46,2014-11
601288.SH,2014-11-11,2.69,2.55,0.0549,12881039,3440600.531,甲午,乙亥,丙戌,2,2014,11,1,0.053447834443412987,1,丙,戌,火,土,乙,亥,木,水,False,False,0.023810648693718392,2014-W46,2014-11
601288.SH,2014-11-12,2.65,2.69,-0.0149,4528923,1193759.258,甲午,乙亥,丁亥,3,2014,11,1,-0.014981553615616946,0,丁,亥,火,水,乙,亥,木,水,False,False,0.053447834443412987,2014-W46,2014-11
601288.SH,2014-11-13,2.64,2.65,-0.0038,5069190,1352212.623,甲午,乙亥,戊子,4,2014,11,1,-0.003780722839905933,0,戊,子,土,水,乙,亥,木,水,False,False,-0.014981553615616946,2014-W46,2014-11
601288.SH,2014-11-14,2.67,2.64,0.0114,3505164,927565.032,甲午,乙亥,己丑,5,2014,11,1,0.011299555253933247,1,己,丑,土,土,乙,亥,木,水,False,False,-0.003780722839905933,2014-W46,2014-11
601288.SH,2014-11-17,2.61,2.67,-0.0225,3615879,959668.29,甲午,乙亥,壬辰,1,2014,11,1,-0.022728251077556175,0,壬,辰,水,土,乙,亥,木,水,False,False,0.011299555253933247,2014-W47,2014-11
601288.SH,2014-11-18,2.54,2.61,-0.0268,4380782,1126491.74,甲午,乙亥,癸巳,2,2014,11,1,-0.027186140304156718,0,癸,巳,水,火,乙,亥,木,水,False,False,-0.022728251077556175,2014-W47,2014-11
601288.SH,2014-11-19,2.54,2.54,0.0,1976569,501369.47,甲午,乙亥,甲午,3,2014,11,1,0.0,0,甲,午,木,火,乙,亥,木,水,False,False,-0.027186140304156718,2014-W47,2014-11
601288.SH,2014-11-20,2.54,2.54,0.0,2203686,558325.193,甲午,乙亥,乙未,4,2014,11,1,0.0,0,乙,未,木,土,乙,亥,木,水,False,False,0.0,2014-W47,2014-11
601288.SH,2014-11-21,2.57,2.54,0.0118,2787774,709691.005,甲午,乙亥,丙申,5,2014,11,1,0.011741817876683195,1,丙,申,火,金,乙,亥,木,水,False,False,0.0,2014-W47,2014-11
601288.SH,2014-11-24,2.56,2.57,-0.0039,5023578,1283593.94,甲午,乙亥,己亥,1,2014,11,1,-0.0038986404156571976,0,己,亥,土,水,乙,亥,木,水,False,False,0.011741817876683195,2014-W48,2014-11
601288.SH,2014-11-25,2.61,2.56,0.0195,4363835,1126493.52,甲午,乙亥,庚子,2,2014,11,1,0.019342962843130935,1,庚,子,金,水,乙,亥,木,水,False,False,-0.0038986404156571976,2014-W48,2014-11
601288.SH,2014-11-26,2.66,2.61,0.0192,4569338,1210393.204,甲午,乙亥,辛丑,3,2014,11,1,0.018975901459005823,1,辛,丑,金,土,乙,亥,木,水,False,True,0.019342962843130935,2014-W48,2014-11
601288.SH,2014-11-27,2.69,2.66,0.0113,5946087,1592453.558,甲午,乙亥,壬寅,4,2014,11,1,0.011215070820140003,1,壬,寅,水,木,乙,亥,木,水,False,True,0.018975901459005823,2014-W48,2014-11
601288.SH,2014-11-28,2.85,2.69,0.0595,14868541,4124558.774,甲午,乙亥,癸卯,5,2014,11,1,0.05777780066681139,1,癸,卯,水,木,乙,亥,木,水,False,True,0.011215070820140003,2014-W48,2014-11
601288.SH,2014-12-01,2.82,2.85,-0.0105,10695368,3064508.947,甲午,乙亥,丙午,1,2014,12,1,-0.010582109330536972,0,丙,午,火,火,乙,亥,木,水,True,False,0.05777780066681139,2014-W49,2014-12
601288.SH,2014-12-02,2.96,2.82,0.0496,11003451,3168654.885,甲午,乙亥,丁未,2,2014,12,1,0.04845238338594675,1,丁,未,火,土,乙,亥,木,水,True,False,-0.010582109330536972,2014-W49,2014-12
601288.SH,2014-12-03,2.92,2.96,-0.0135,12151751,3592873.373,甲午,乙亥,戊申,3,2014,12,1,-0.013605652055778598,0,戊,申,土,金,乙,亥,木,水,True,False,0.04845238338594675,2014-W49,2014-12
601288.SH,2014-12-04,3.05,2.92,0.0445,10797022,3216189.485,甲午,乙亥,己酉,4,2014,12,1,0.04355797433912994,1,己,酉,土,金,乙,亥,木,水,True,False,-0.013605652055778598,2014-W49,2014-12
601288.SH,2014-12-05,3.31,3.05,0.0852,18027286,5726925.87,甲午,乙亥,庚戌,5,2014,12,1,0.08180659876965132,1,庚,戌,金,土,乙,亥,木,水,True,False,0.04355797433912994,2014-W49,2014-12
601288.SH,2014-12-08,3.36,3.31,0.0151,15083357,4945467.157,甲午,丙子,癸丑,1,2014,12,1,0.014992784586141318,1,癸,丑,水,土,丙,子,火,水,False,False,0.08180659876965132,2014-W50,2014-12
601288.SH,2014-12-09,3.05,3.36,-0.0923,18294919,5916902.484,甲午,丙子,甲寅,2,2014,12,1,-0.09679938335579262,0,甲,寅,木,木,丙,子,火,水,False,False,0.014992784586141318,2014-W50,2014-12
601288.SH,2014-12-10,3.1,3.05,0.0164,11909557,3594745.678,甲午,丙子,乙卯,3,2014,12,1,0.016260520871780326,1,乙,卯,木,木,丙,子,火,水,False,False,-0.09679938335579262,2014-W50,2014-12
601288.SH,2014-12-11,3.05,3.1,-0.0161,7388012,2253379.094,甲午,丙子,丙辰,4,2014,12,1,-0.016260520871780405,0,丙,辰,火,土,丙,子,火,水,False,False,0.016260520871780326,2014-W50,2014-12
601288.SH,2014-12-12,3.04,3.05,-0.0033,5374037,1644183.351,甲午,丙子,丁巳,5,2014,12,1,-0.0032840752011898846,0,丁,巳,火,火,丙,子,火,水,False,False,-0.016260520871780405,2014-W50,2014-12
601288.SH,2014-12-15,3.0,3.04,-0.0132,5026331,1498517.826,甲午,丙子,庚申,1,2014,12,1,-0.01324522675002068,0,庚,申,金,金,丙,子,火,水,False,False,-0.0032840752011898846,2014-W51,2014-12
601288.SH,2014-12-16,3.1,3.0,0.0333,7299799,2228124.798,甲午,丙子,辛酉,2,2014,12,1,0.03278982282299097,1,辛,酉,金,金,丙,子,火,水,False,False,-0.01324522675002068,2014-W51,2014-12
601288.SH,2014-12-17,3.24,3.1,0.0452,16112481,5128502.608,甲午,丙子,壬戌,3,2014,12,1,0.04417121831313746,1,壬,戌,水,土,丙,子,火,水,False,False,0.03278982282299097,2014-W51,2014-12
601288.SH,2014-12-18,3.16,3.24,-0.0247,8023692,2558192.386,甲午,丙子,癸亥,4,2014,12,1,-0.02500130220541727,0,癸,亥,水,水,丙,子,火,水,False,False,0.04417121831313746,2014-W51,2014-12
601288.SH,2014-12-19,3.24,3.16,0.0253,9470066,3042794.216,甲午,丙子,甲子,5,2014,12,1,0.025001302205417186,1,甲,子,木,水,丙,子,火,水,False,False,-0.02500130220541727,2014-W51,2014-12
601288.SH,2014-12-22,3.56,3.24,0.0988,23626923,8248902.87,甲午,丙子,丁卯,1,2014,12,1,0.09418721505970107,1,丁,卯,火,木,丙,子,火,水,False,False,0.025001302205417186,2014-W52,2014-12
601288.SH,2014-12-23,3.36,3.56,-0.0562,14338438,4931225.146,甲午,丙子,戊辰,2,2014,12,1,-0.05781957088882625,0,戊,辰,土,土,丙,子,火,水,False,False,0.09418721505970107,2014-W52,2014-12
601288.SH,2014-12-24,3.21,3.36,-0.0446,9221132,2994357.466,甲午,丙子,己巳,3,2014,12,1,-0.04567003683318832,0,己,巳,土,火,丙,子,火,水,False,False,-0.05781957088882625,2014-W52,2014-12
601288.SH,2014-12-25,3.34,3.21,0.0405,9365370,3085447.136,甲午,丙子,庚午,4,2014,12,1,0.03969986984668445,1,庚,午,金,火,丙,子,火,水,False,False,-0.04567003683318832,2014-W52,2014-12
601288.SH,2014-12-26,3.46,3.34,0.0359,9506748,3222118.614,甲午,丙子,辛未,5,2014,12,1,0.035297782081023896,1,辛,未,金,土,丙,子,火,水,False,False,0.03969986984668445,2014-W52,2014-12
601288.SH,2014-12-29,3.44,3.46,-0.0058,12273695,4328634.691,甲午,丙子,甲戌,1,2014,12,1,-0.005797117684325957,0,甲,戌,木,土,丙,子,火,水,False,True,0.035297782081023896,2015-W01,2014-12
601288.SH,2014-12-30,3.54,3.44,0.0291,9340922,3281640.758,甲午,丙子,乙亥,2,2014,12,1,0.02865525576037615,1,乙,亥,木,水,丙,子,火,水,False,True,-0.005797117684325957,2015-W01,2014-12
601288.SH,2014-12-31,3.71,3.54,0.048,13637367,4973496.186,甲午,丙子,丙子,3,2014,12,1,0.04690514947366064,1,丙,子,火,水,丙,子,火,水,False,True,0.02865525576037615,2015-W01,2014-12
601288.SH,2015-01-05,3.89,3.71,0.0485,14404796,5486170.796,甲午,丙子,辛巳,1,2015,1,1,0.047377281011011116,1,辛,巳,金,火,丙,子,火,水,True,False,0.04690514947366064,2015-W02,2015-01
601288.SH,2015-01-06,3.95,3.89,0.0154,15092859,5975994.849,甲午,丁丑,壬午,2,2015,1,1,0.015306421282675507,1,壬,午,水,火,丁,丑,火,土,False,False,0.047377281011011116,2015-W02,2015-01
601288.SH,2015-01-07,3.89,3.95,-0.0152,9633187,3760354.654,甲午,丁丑,癸未,3,2015,1,1,-0.015306421282675545,0,癸,未,水,土,丁,丑,火,土,False,False,0.015306421282675507,2015-W02,2015-01
601288.SH,2015-01-08,3.73,3.89,-0.0411,8456808,3190135.133,甲午,丁丑,甲申,4,2015,1,1,-0.04200092397463083,0,甲,申,木,金,丁,丑,火,土,False,False,-0.015306421282675545,2015-W02,2015-01
601288.SH,2015-01-09,3.76,3.73,0.008,16490177,6249768.775,甲午,丁丑,乙酉,5,2015,1,1,0.008010723746078979,1,乙,酉,木,金,丁,丑,火,土,False,False,-0.04200092397463083,2015-W02,2015-01
601288.SH,2015-01-12,3.67,3.76,-0.0239,8255471,3037866.101,甲午,丁丑,戊子,1,2015,1,1,-0.024227295335324237,0,戊,子,土,水,丁,丑,火,土,False,False,0.008010723746078979,2015-W03,2015-01
601288.SH,2015-01-13,3.66,3.67,-0.0027,4375984,1603502.133,甲午,丁丑,己丑,2,2015,1,1,-0.002728514653203951,0,己,丑,土,土,丁,丑,火,土,False,False,-0.024227295335324237,2015-W03,2015-01
601288.SH,2015-01-14,3.73,3.66,0.0191,6501409,2427109.298,甲午,丁丑,庚寅,3,2015,1,1,0.018945086242449203,1,庚,寅,金,木,丁,丑,火,土,False,False,-0.002728514653203951,2015-W03,2015-01
601288.SH,2015-01-15,3.86,3.73,0.0349,8002042,3024979.991,甲午,丁丑,辛卯,4,2015,1,1,0.03425894982101534,1,辛,卯,金,木,丁,丑,火,土,False,False,0.018945086242449203,2015-W03,2015-01
601288.SH,2015-01-16,3.94,3.86,0.0207,10038200,3950040.328,甲午,丁丑,壬辰,5,2015,1,1,0.02051353983310303,1,壬,辰,水,土,丁,丑,火,土,False,False,0.03425894982101534,2015-W03,2015-01
601288.SH,2015-01-19,3.55,3.94,-0.099,10241361,3735646.996,甲午,丁丑,乙未,1,2015,1,1,-0.10423311982251804,0,乙,未,木,土,丁,丑,火,土,False,False,0.02051353983310303,2015-W04,2015-01
601288.SH,2015-01-20,3.57,3.55,0.0056,7506245,2672988.844,甲午,丁丑,丙申,2,2015,1,1,0.005617992304223274,1,丙,申,火,金,丁,丑,火,土,False,False,-0.10423311982251804,2015-W04,2015-01
601288.SH,2015-01-21,3.77,3.57,0.056,10120540,3720674.894,甲午,丁丑,丁酉,3,2015,1,1,0.05450940566837171,1,丁,酉,火,金,丁,丑,火,土,False,False,0.005617992304223274,2015-W04,2015-01
601288.SH,2015-01-22,3.73,3.77,-0.0106,7062514,2627961.94,甲午,丁丑,戊戌,4,2015,1,1,-0.010666767804195192,0,戊,戌,土,土,丁,丑,火,土,False,False,0.05450940566837171,2015-W04,2015-01
601288.SH,2015-01-23,3.74,3.73,0.0027,8969481,3374609.117,甲午,丁丑,己亥,5,2015,1,1,0.0026773777707163942,1,己,亥,土,水,丁,丑,火,土,False,False,-0.010666767804195192,2015-W04,2015-01
601288.SH,2015-01-26,3.71,3.74,-0.008,5391732,1988524.394,甲午,丁丑,壬寅,1,2015,1,1,-0.008053734807096827,0,壬,寅,水,木,丁,丑,火,土,False,False,0.0026773777707163942,2015-W05,2015-01
601288.SH,2015-01-27,3.62,3.71,-0.0243,6660680,2413402.917,甲午,丁丑,癸卯,2,2015,1,1,-0.024557850781664062,0,癸,卯,水,木,丁,丑,火,土,False,True,-0.008053734807096827,2015-W05,2015-01
601288.SH,2015-01-28,3.58,3.62,-0.0111,3768611,1355516.55,甲午,丁丑,甲辰,3,2015,1,1,-0.011111225425070722,0,甲,辰,木,土,丁,丑,火,土,False,True,-0.024557850781664062,2015-W05,2015-01
601288.SH,2015-01-29,3.5,3.58,-0.0223,5251510,1841374.149,甲午,丁丑,乙巳,4,2015,1,1,-0.022599831917240916,0,乙,巳,木,火,丁,丑,火,土,False,True,-0.011111225425070722,2015-W05,2015-01
601288.SH,2015-01-30,3.46,3.5,-0.0114,3655587,1278243.183,甲午,丁丑,丙午,5,2015,1,1,-0.011494379425735134,0,丙,午,火,火,丁,丑,火,土,False,True,-0.022599831917240916,2015-W05,2015-01
601288.SH,2015-02-02,3.33,3.46,-0.0376,4155746,1401030.256,甲午,丁丑,己酉,1,2015,2,1,-0.03829628507728044,0,己,酉,土,金,丁,丑,火,土,True,False,-0.011494379425735134,2015-W06,2015-02
601288.SH,2015-02-03,3.4,3.33,0.021,3725064,1255367.596,甲午,丁丑,庚戌,2,2015,2,1,0.020803127629763107,1,庚,戌,金,土,丁,丑,火,土,True,False,-0.03829628507728044,2015-W06,2015-02
601288.SH,2015-02-04,3.36,3.4,-0.0118,3158059,1074703.506,乙未,戊寅,辛亥,3,2015,2,1,-0.011834457647002796,0,辛,亥,金,水,戊,寅,土,木,True,False,0.020803127629763107,2015-W06,2015-02
601288.SH,2015-02-05,3.32,3.36,-0.0119,11612718,4001022.812,乙未,戊寅,壬子,4,2015,2,1,-0.01197619104671565,0,壬,子,水,水,戊,寅,土,木,True,False,-0.011834457647002796,2015-W06,2015-02
601288.SH,2015-02-06,3.22,3.32,-0.0301,5691605,1853260.509,乙未,戊寅,癸丑,5,2015,2,1,-0.030583423372080164,0,癸,丑,水,土,戊,寅,土,木,False,False,-0.01197619104671565,2015-W06,2015-02
601288.SH,2015-02-09,3.23,3.22,0.0031,5022979,1606961.724,乙未,戊寅,丙辰,1,2015,2,1,0.0031007776782481854,1,丙,辰,火,土,戊,寅,土,木,False,False,-0.030583423372080164,2015-W07,2015-02
601288.SH,2015-02-10,3.27,3.23,0.0124,4775457,1553913.396,乙未,戊寅,丁巳,2,2015,2,1,0.012307847674596773,1,丁,巳,火,火,戊,寅,土,木,False,False,0.0031007776782481854,2015-W07,2015-02
601288.SH,2015-02-11,3.26,3.27,-0.0031,2678052,872335.545,乙未,戊寅,戊午,3,2015,2,1,-0.003062789530545767,0,戊,午,土,火,戊,寅,土,木,False,False,0.012307847674596773,2015-W07,2015-02
601288.SH,2015-02-12,3.25,3.26,-0.0031,2653541,859453.403,乙未,戊寅,己未,4,2015,2,1,-0.0030721990369701403,0,己,未,土,土,戊,寅,土,木,False,False,-0.003062789530545767,2015-W07,2015-02
601288.SH,2015-02-13,3.31,3.25,0.0185,8491970,2797239.947,乙未,戊寅,庚申,5,2015,2,1,0.018293193047325483,1,庚,申,金,金,戊,寅,土,木,False,False,-0.0030721990369701403,2015-W07,2015-02
601288.SH,2015-02-16,3.29,3.31,-0.006,3204728,1053116.176,乙未,戊寅,癸亥,1,2015,2,1,-0.00606062461169107,0,癸,亥,水,水,戊,寅,土,木,False,False,0.018293193047325483,2015-W08,2015-02
601288.SH,2015-02-17,3.31,3.29,0.0061,3697342,1223977.444,乙未,戊寅,甲子,2,2015,2,1,0.0060606246116909545,1,甲,子,木,水,戊,寅,土,木,False,False,-0.00606062461169107,2015-W08,2015-02
601288.SH,2015-02-25,3.29,3.31,-0.006,3443647,1133252.315,乙未,戊寅,壬申,3,2015,2,1,-0.00606062461169107,0,壬,申,水,金,戊,寅,土,木,False,True,0.0060606246116909545,2015-W09,2015-02
601288.SH,2015-02-26,3.35,3.29,0.0182,5798578,1922318.71,乙未,戊寅,癸酉,4,2015,2,1,0.0180727810596946,1,癸,酉,水,金,戊,寅,土,木,False,True,-0.00606062461169107,2015-W09,2015-02
601288.SH,2015-02-27,3.34,3.35,-0.003,4331353,1448644.452,乙未,戊寅,甲戌,5,2015,2,1,-0.0029895388483660483,0,甲,戌,木,土,戊,寅,土,木,False,True,0.0180727810596946,2015-W09,2015-02
601288.SH,2015-03-02,3.36,3.34,0.006,5229235,1747305.536,乙未,戊寅,丁丑,1,2015,3,1,0.005970166986503754,1,丁,丑,火,土,戊,寅,土,木,True,False,-0.0029895388483660483,2015-W10,2015-03
601288.SH,2015-03-03,3.24,3.36,-0.0357,5742485,1886501.149,乙未,戊寅,戊寅,2,2015,3,1,-0.036367644170874715,0,戊,寅,土,木,戊,寅,土,木,True,False,0.005970166986503754,2015-W10,2015-03
601288.SH,2015-03-04,3.22,3.24,-0.0062,4745769,1529228.94,乙未,戊寅,己卯,3,2015,3,1,-0.006191970247921107,0,己,卯,土,木,戊,寅,土,木,True,False,-0.036367644170874715,2015-W10,2015-03
601288.SH,2015-03-05,3.14,3.22,-0.0248,6108914,1922215.578,乙未,戊寅,庚辰,4,2015,3,1,-0.025158559636154987,0,庚,辰,金,土,戊,寅,土,木,True,False,-0.006191970247921107,2015-W10,2015-03
601288.SH,2015-03-06,3.15,3.14,0.0032,4439682,1396009.907,乙未,己卯,辛巳,5,2015,3,1,0.0031796529173795844,1,辛,巳,金,火,己,卯,土,木,False,False,-0.025158559636154987,2015-W10,2015-03
601288.SH,2015-03-09,3.29,3.15,0.0444,11759543,3775232.747,乙未,己卯,甲申,1,2015,3,1,0.04348511193973889,1,甲,申,木,金,己,卯,土,木,False,False,0.0031796529173795844,2015-W11,2015-03
601288.SH,2015-03-10,3.2,3.29,-0.0274,7226501,2324410.331,乙未,己卯,乙酉,2,2015,3,1,-0.027736754971599636,0,乙,酉,木,金,己,卯,土,木,False,False,0.04348511193973889,2015-W11,2015-03
601288.SH,2015-03-11,3.22,3.2,0.0063,6663940,2152089.561,乙未,己卯,丙戌,3,2015,3,1,0.006230549750636163,1,丙,戌,火,土,己,卯,土,木,False,False,-0.027736754971599636,2015-W11,2015-03
601288.SH,2015-03-12,3.32,3.22,0.0311,12376324,4087800.364,乙未,己卯,丁亥,4,2015,3,1,0.030583423372080185,1,丁,亥,火,水,己,卯,土,木,False,False,0.006230549750636163,2015-W11,2015-03
601288.SH,2015-03-13,3.32,3.32,0.0,9230464,3081767.519,乙未,己卯,戊子,5,2015,3,1,0.0,0,戊,子,土,水,己,卯,土,木,False,False,0.030583423372080185,2015-W11,2015-03
601288.SH,2015-03-16,3.36,3.32,0.012,8261171,2759869.549,乙未,己卯,辛卯,1,2015,3,1,0.01197619104671562,1,辛,卯,金,木,己,卯,土,木,False,False,0.0,2015-W12,2015-03
601288.SH,2015-03-17,3.4,3.36,0.0119,10023481,3391451.917,乙未,己卯,壬辰,2,2015,3,1,0.011834457647002798,1,壬,辰,水,土,己,卯,土,木,False,False,0.01197619104671562,2015-W12,2015-03
601288.SH,2015-03-18,3.52,3.4,0.0353,13394131,4641740.621,乙未,己卯,癸巳,3,2015,3,1,0.03468555798789011,1,癸,巳,水,火,己,卯,土,木,False,False,0.011834457647002798,2015-W12,2015-03
601288.SH,2015-03-19,3.48,3.52,-0.0114,10537686,3677978.674,乙未,己卯,甲午,4,2015,3,1,-0.011428695823622744,0,甲,午,木,火,己,卯,土,木,False,False,0.03468555798789011,2015-W12,2015-03
601288.SH,2015-03-20,3.56,3.48,0.023,12656460,4464006.791,乙未,己卯,乙未,5,2015,3,1,0.02272825107755609,1,乙,未,木,土,己,卯,土,木,False,False,-0.011428695823622744,2015-W12,2015-03
601288.SH,2015-03-23,3.62,3.56,0.0169,11862623,4271454.657,乙未,己卯,戊戌,1,2015,3,1,0.016713480973740532,1,戊,戌,土,土,己,卯,土,木,False,False,0.02272825107755609,2015-W13,2015-03
601288.SH,2015-03-24,3.73,3.62,0.0304,21212404,7820087.414,乙未,己卯,己亥,2,2015,3,1,0.029934207818044463,1,己,亥,土,水,己,卯,土,木,False,False,0.016713480973740532,2015-W13,2015-03
601288.SH,2015-03-25,3.64,3.73,-0.0241,17699620,6535026.218,乙未,己卯,庚子,3,2015,3,1,-0.0244245520070749,0,庚,子,金,水,己,卯,土,木,False,False,0.029934207818044463,2015-W13,2015-03
601288.SH,2015-03-26,3.65,3.64,0.0027,12647544,4588904.621,乙未,己卯,辛丑,4,2015,3,1,0.002743485945750834,1,辛,丑,金,土,己,卯,土,木,False,False,-0.0244245520070749,2015-W13,2015-03
601288.SH,2015-03-27,3.64,3.65,-0.0027,10071004,3658351.098,乙未,己卯,壬寅,5,2015,3,1,-0.002743485945750832,0,壬,寅,水,木,己,卯,土,木,False,True,0.002743485945750834,2015-W13,2015-03
601288.SH,2015-03-30,3.74,3.64,0.0275,16120008,5965906.222,乙未,己卯,乙巳,1,2015,3,1,0.027101929777791394,1,乙,巳,木,火,己,卯,土,木,False,True,-0.002743485945750832,2015-W14,2015-03
601288.SH,2015-03-31,3.67,3.74,-0.0187,15501343,5785938.488,乙未,己卯,丙午,2,2015,3,1,-0.018893949359961738,0,丙,午,火,火,己,卯,土,木,False,True,0.027101929777791394,2015-W14,2015-03
601288.SH,2015-04-01,3.69,3.67,0.0055,10222806,3761058.933,乙未,己卯,丁未,3,2015,4,1,0.005434795985956995,1,丁,未,火,土,己,卯,土,木,True,False,-0.018893949359961738,2015-W14,2015-04
601288.SH,2015-04-02,3.65,3.69,-0.0108,10345083,3783034.475,乙未,己卯,戊申,4,2015,4,1,-0.010899290458035742,0,戊,申,土,金,己,卯,土,木,True,False,0.005434795985956995,2015-W14,2015-04
601288.SH,2015-04-03,3.66,3.65,0.0027,9365862,3407118.701,乙未,己卯,己酉,5,2015,4,1,0.0027359798188748455,1,己,酉,土,金,己,卯,土,木,True,False,-0.010899290458035742,2015-W14,2015-04
601288.SH,2015-04-07,3.77,3.66,0.0301,17188756,6411085.998,乙未,庚辰,癸丑,2,2015,4,1,0.02961185404664444,1,癸,丑,水,土,庚,辰,金,土,False,False,0.0027359798188748455,2015-W15,2015-04
601288.SH,2015-04-08,3.81,3.77,0.0106,16229811,6114279.686,乙未,庚辰,甲寅,3,2015,4,1,0.010554187678690171,1,甲,寅,木,木,庚,辰,金,土,False,False,0.02961185404664444,2015-W15,2015-04
601288.SH,2015-04-09,3.77,3.81,-0.0105,16118984,6122229.803,乙未,庚辰,乙卯,4,2015,4,1,-0.010554187678690256,0,乙,卯,木,木,庚,辰,金,土,False,False,0.010554187678690171,2015-W15,2015-04
601288.SH,2015-04-10,3.81,3.77,0.0106,13397760,5066602.224,乙未,庚辰,丙辰,5,2015,4,1,0.010554187678690171,1,丙,辰,火,土,庚,辰,金,土,False,False,-0.010554187678690256,2015-W15,2015-04
601288.SH,2015-04-13,3.92,3.81,0.0289,24740382,9601556.889,乙未,庚辰,己未,1,2015,4,1,0.028462464663761452,1,己,未,土,土,庚,辰,金,土,False,False,0.010554187678690171,2015-W16,2015-04
601288.SH,2015-04-14,3.87,3.92,-0.0128,15300560,5920128.903,乙未,庚辰,庚申,2,2015,4,1,-0.012837146760680719,0,庚,申,金,金,庚,辰,金,土,False,False,0.028462464663761452,2015-W16,2015-04
601288.SH,2015-04-15,3.9,3.87,0.0078,23912761,9340788.242,乙未,庚辰,辛酉,3,2015,4,1,0.0077220460939103185,1,辛,酉,金,金,庚,辰,金,土,False,False,-0.012837146760680719,2015-W16,2015-04
601288.SH,2015-04-16,3.97,3.9,0.0179,17919011,6996960.452,乙未,庚辰,壬戌,4,2015,4,1,0.017789541563498455,1,壬,戌,水,土,庚,辰,金,土,False,False,0.0077220460939103185,2015-W16,2015-04
601288.SH,2015-04-17,4.03,3.97,0.0151,22043098,8858037.011,乙未,庚辰,癸亥,5,2015,4,1,0.015000281259492597,1,癸,亥,水,水,庚,辰,金,土,False,False,0.017789541563498455,2015-W16,2015-04
601288.SH,2015-04-20,3.95,4.03,-0.0199,28469285,11478212.604,乙未,庚辰,丙寅,1,2015,4,1,-0.020050797045561078,0,丙,寅,火,木,庚,辰,金,土,False,False,0.015000281259492597,2015-W17,2015-04
601288.SH,2015-04-21,3.99,3.95,0.0101,12621943,4987734.271,乙未,庚辰,丁卯,2,2015,4,1,0.01007565198874164,1,丁,卯,火,木,庚,辰,金,土,False,False,-0.020050797045561078,2015-W17,2015-04
601288.SH,2015-04-22,4.04,3.99,0.0125,15926381,6386851.104,乙未,庚辰,戊辰,3,2015,4,1,0.012453461071286557,1,戊,辰,土,土,庚,辰,金,土,False,False,0.01007565198874164,2015-W17,2015-04
601288.SH,2015-04-23,4.01,4.04,-0.0074,13015679,5214445.924,乙未,庚辰,己巳,4,2015,4,1,-0.007453450654580891,0,己,巳,土,火,庚,辰,金,土,False,False,0.012453461071286557,2015-W17,2015-04
601288.SH,2015-04-24,3.92,4.01,-0.0224,13805123,5413919.183,乙未,庚辰,庚午,5,2015,4,1,-0.02269958751610658,0,庚,午,金,火,庚,辰,金,土,False,False,-0.007453450654580891,2015-W17,2015-04
601288.SH,2015-04-27,4.0,3.92,0.0204,15067520,5999519.433,乙未,庚辰,癸酉,1,2015,4,1,0.02020270731751947,1,癸,酉,水,金,庚,辰,金,土,False,True,-0.02269958751610658,2015-W18,2015-04
601288.SH,2015-04-28,4.11,4.0,0.0275,30045236,12330604.333,乙未,庚辰,甲戌,2,2015,4,1,0.027128667388252696,1,甲,戌,木,土,庚,辰,金,土,False,True,0.02020270731751947,2015-W18,2015-04
601288.SH,2015-04-29,4.02,4.11,-0.0219,13543729,5434724.492,乙未,庚辰,乙亥,3,2015,4,1,-0.022141125877213747,0,乙,亥,木,水,庚,辰,金,土,False,True,0.027128667388252696,2015-W18,2015-04
601288.SH,2015-04-30,3.96,4.02,-0.0149,11393627,4540166.505,乙未,庚辰,丙子,4,2015,4,1,-0.015037877364540446,0,丙,子,火,水,庚,辰,金,土,False,True,-0.022141125877213747,2015-W18,2015-04
601288.SH,2015-05-04,3.95,3.96,-0.0025,9552547,3758818.649,乙未,庚辰,庚辰,1,2015,5,1,-0.0025284463533586377,0,庚,辰,金,土,庚,辰,金,土,True,False,-0.015037877364540446,2015-W19,2015-05
601288.SH,2015-05-05,3.77,3.95,-0.0456,13404008,5159307.19,乙未,庚辰,辛巳,2,2015,5,1,-0.04664057745311113,0,辛,巳,金,火,庚,辰,金,土,True,False,-0.0025284463533586377,2015-W19,2015-05
601288.SH,2015-05-06,3.72,3.77,-0.0133,10258128,3879876.131,乙未,辛巳,壬午,3,2015,5,1,-0.013351333174864113,0,壬,午,水,火,辛,巳,金,火,False,False,-0.04664057745311113,2015-W19,2015-05
601288.SH,2015-05-07,3.65,3.72,-0.0188,8974439,3300842.379,乙未,辛巳,癸未,4,2015,5,1,-0.018996500690655147,0,癸,未,水,土,辛,巳,金,火,False,False,-0.013351333174864113,2015-W19,2015-05
601288.SH,2015-05-08,3.7,3.65,0.0137,7133417,2623303.073,乙未,辛巳,甲申,5,2015,5,1,0.013605652055778678,1,甲,申,木,金,辛,巳,金,火,False,False,-0.018996500690655147,2015-W19,2015-05
601288.SH,2015-05-11,3.74,3.7,0.0108,10168319,3756128.582,乙未,辛巳,丁亥,1,2015,5,1,0.010752791776261915,1,丁,亥,火,水,辛,巳,金,火,False,False,0.013605652055778678,2015-W20,2015-05
601288.SH,2015-05-12,3.75,3.74,0.0027,8899649,3325401.86,乙未,辛巳,戊子,2,2015,5,1,0.002670228555878892,1,戊,子,土,水,辛,巳,金,火,False,False,0.010752791776261915,2015-W20,2015-05
601288.SH,2015-05-13,3.72,3.75,-0.008,8116952,3035582.827,乙未,辛巳,己丑,3,2015,5,1,-0.008032171697264154,0,己,丑,土,土,辛,巳,金,火,False,False,0.002670228555878892,2015-W20,2015-05
601288.SH,2015-05-14,3.71,3.72,-0.0027,6607738,2457321.504,乙未,辛巳,庚寅,4,2015,5,1,-0.0026917916657115256,0,庚,寅,金,木,辛,巳,金,火,False,False,-0.008032171697264154,2015-W20,2015-05
601288.SH,2015-05-15,3.66,3.71,-0.0135,7066818,2589704.086,乙未,辛巳,辛卯,5,2015,5,1,-0.01356872920606879,0,辛,卯,金,木,辛,巳,金,火,False,False,-0.0026917916657115256,2015-W20,2015-05
601288.SH,2015-05-18,3.61,3.66,-0.0137,5967311,2162340.944,乙未,辛巳,甲午,1,2015,5,1,-0.013755375068485457,0,甲,午,木,火,辛,巳,金,火,False,False,-0.01356872920606879,2015-W21,2015-05
601288.SH,2015-05-19,3.7,3.61,0.0249,7861318,2884874.033,乙未,辛巳,乙未,2,2015,5,1,0.024625047305389194,1,乙,未,木,土,辛,巳,金,火,False,False,-0.013755375068485457,2015-W21,2015-05
601288.SH,2015-05-20,3.69,3.7,-0.0027,9094012,3363989.502,乙未,辛巳,丙申,3,2015,5,1,-0.0027063615977430252,0,丙,申,火,金,辛,巳,金,火,False,False,0.024625047305389194,2015-W21,2015-05
601288.SH,2015-05-21,3.68,3.69,-0.0027,6931553,2548179.624,乙未,辛巳,丁酉,4,2015,5,1,-0.0027137058715961614,0,丁,酉,火,金,辛,巳,金,火,False,False,-0.0027063615977430252,2015-W21,2015-05
601288.SH,2015-05-22,3.79,3.68,0.0299,12098921,4532768.831,乙未,辛巳,戊戌,5,2015,5,1,0.029453266913495278,1,戊,戌,土,土,辛,巳,金,火,False,False,-0.0027137058715961614,2015-W21,2015-05
601288.SH,2015-05-25,3.89,3.79,0.0264,12287216,4733161.671,乙未,辛巳,辛丑,1,2015,5,1,0.026043138536019875,1,辛,丑,金,土,辛,巳,金,火,False,False,0.029453266913495278,2015-W22,2015-05
601288.SH,2015-05-26,3.9,3.89,0.0026,10237897,3975272.197,乙未,辛巳,壬寅,2,2015,5,1,0.0025673955052457334,1,壬,寅,水,木,辛,巳,金,火,False,False,0.026043138536019875,2015-W22,2015-05
601288.SH,2015-05-27,3.87,3.9,-0.0077,9563471,3702639.291,乙未,辛巳,癸卯,3,2015,5,1,-0.007722046093910278,0,癸,卯,水,木,辛,巳,金,火,False,True,0.0025673955052457334,2015-W22,2015-05
601288.SH,2015-05-28,3.67,3.87,-0.0517,16542930,6262442.108,乙未,辛巳,甲辰,4,2015,5,1,-0.053062844975211555,0,甲,辰,木,土,辛,巳,金,火,False,True,-0.007722046093910278,2015-W22,2015-05
601288.SH,2015-05-29,3.64,3.67,-0.0082,11631271,4229698.336,乙未,辛巳,乙巳,5,2015,5,1,-0.008207980417829509,0,乙,巳,木,火,辛,巳,金,火,False,True,-0.053062844975211555,2015-W22,2015-05
601288.SH,2015-06-01,3.77,3.64,0.0357,13328463,4934180.549,乙未,辛巳,戊申,1,2015,6,1,0.03509131981126998,1,戊,申,土,金,辛,巳,金,火,True,False,-0.008207980417829509,2015-W23,2015-06
601288.SH,2015-06-02,3.76,3.77,-0.0027,12042724,4501666.817,乙未,辛巳,己酉,2,2015,6,1,-0.0026560440581162963,0,己,酉,土,金,辛,巳,金,火,True,False,0.03509131981126998,2015-W23,2015-06
601288.SH,2015-06-03,3.74,3.76,-0.0053,9834876,3673114.27,乙未,辛巳,庚戌,3,2015,6,1,-0.005333345975362505,0,庚,戌,金,土,辛,巳,金,火,True,False,-0.0026560440581162963,2015-W23,2015-06
601288.SH,2015-06-04,3.85,3.74,0.0294,19913672,7579292.89,乙未,辛巳,辛亥,4,2015,6,1,0.028987536873252187,1,辛,亥,金,水,辛,巳,金,火,True,False,-0.005333345975362505,2015-W23,2015-06
601288.SH,2015-06-05,3.85,3.85,0.0,15718947,6059918.247,乙未,辛巳,壬子,5,2015,6,1,0.0,0,壬,子,水,水,辛,巳,金,火,True,False,0.028987536873252187,2015-W23,2015-06
601288.SH,2015-06-08,4.12,3.85,0.0701,36023743,14449962.435,乙未,壬午,乙卯,1,2015,6,1,0.06778001506174208,1,乙,卯,木,木,壬,午,水,火,False,False,0.0,2015-W24,2015-06
601288.SH,2015-06-09,4.04,4.12,-0.0194,24860295,10124687.537,乙未,壬午,丙辰,2,2015,6,1,-0.019608471388376313,0,丙,辰,火,土,壬,午,水,火,False,False,0.06778001506174208,2015-W24,2015-06
601288.SH,2015-06-10,3.99,4.04,-0.0124,14376929,5729672.732,乙未,壬午,丁巳,3,2015,6,1,-0.012453461071286625,0,丁,巳,火,火,壬,午,水,火,False,False,-0.019608471388376313,2015-W24,2015-06
601288.SH,2015-06-11,3.95,3.99,-0.01,11852490,4680097.3,乙未,壬午,戊午,4,2015,6,1,-0.010075651988741587,0,戊,午,土,火,壬,午,水,火,False,False,-0.012453461071286625,2015-W24,2015-06
601288.SH,2015-06-12,3.97,3.95,0.0051,12345316,4865945.832,乙未,壬午,己未,5,2015,6,1,0.0050505157860685716,1,己,未,土,土,壬,午,水,火,False,False,-0.010075651988741587,2015-W24,2015-06
601288.SH,2015-06-15,3.87,3.97,-0.0252,12395746,4857626.377,乙未,壬午,壬戌,1,2015,6,1,-0.02551158765740862,0,壬,戌,水,土,壬,午,水,火,False,False,0.0050505157860685716,2015-W25,2015-06
601288.SH,2015-06-16,3.82,3.87,-0.0129,11932472,4593277.399,乙未,壬午,癸亥,2,2015,6,1,-0.013004084423206684,0,癸,亥,水,水,壬,午,水,火,False,False,-0.02551158765740862,2015-W25,2015-06
601288.SH,2015-06-17,3.86,3.82,0.0105,11594869,4458039.975,乙未,壬午,甲子,3,2015,6,1,0.01041676085825558,1,甲,子,木,水,壬,午,水,火,False,False,-0.013004084423206684,2015-W25,2015-06
601288.SH,2015-06-18,3.74,3.86,-0.0311,9983861,3777946.237,乙未,壬午,乙丑,4,2015,6,1,-0.031581572050298816,0,乙,丑,木,土,壬,午,水,火,False,False,0.01041676085825558,2015-W25,2015-06
601288.SH,2015-06-19,3.56,3.74,-0.0481,10177211,3726162.073,乙未,壬午,丙寅,5,2015,6,1,-0.04932506656250156,0,丙,寅,火,木,壬,午,水,火,False,False,-0.031581572050298816,2015-W25,2015-06
601288.SH,2015-06-23,3.7,3.56,0.0393,10041876,3634878.781,乙未,壬午,庚午,2,2015,6,1,0.03857227478623966,1,庚,午,金,火,壬,午,水,火,False,False,-0.04932506656250156,2015-W26,2015-06
601288.SH,2015-06-24,3.75,3.7,0.0135,9639952,3575187.944,乙未,壬午,辛未,3,2015,6,1,0.01342302033214055,1,辛,未,金,土,壬,午,水,火,False,False,0.03857227478623966,2015-W26,2015-06
601288.SH,2015-06-25,3.69,3.75,-0.016,11082280,4173775.932,乙未,壬午,壬申,4,2015,6,1,-0.016129381929883644,0,壬,申,水,金,壬,午,水,火,False,False,0.01342302033214055,2015-W26,2015-06
601288.SH,2015-06-26,3.53,3.69,-0.0434,14346964,5154144.547,乙未,壬午,癸酉,5,2015,6,1,-0.044328587107230435,0,癸,酉,水,金,壬,午,水,火,False,True,-0.016129381929883644,2015-W26,2015-06
601288.SH,2015-06-29,3.54,3.53,0.0028,16197002,5728415.624,乙未,壬午,丙子,1,2015,6,1,0.0028288562004778446,1,丙,子,火,水,壬,午,水,火,False,True,-0.044328587107230435,2015-W27,2015-06
601288.SH,2015-06-30,3.71,3.54,0.048,16761552,6054932.896,乙未,壬午,丁丑,2,2015,6,1,0.04690514947366064,1,丁,丑,火,土,壬,午,水,火,False,True,0.0028288562004778446,2015-W27,2015-06
601288.SH,2015-07-01,3.59,3.71,-0.0323,11320600,4125991.413,乙未,壬午,戊寅,3,2015,7,1,-0.03287967411915627,0,戊,寅,土,木,壬,午,水,火,True,False,0.04690514947366064,2015-W27,2015-07
601288.SH,2015-07-02,3.63,3.59,0.0111,14161723,5063489.658,乙未,壬午,己卯,4,2015,7,1,0.011080445776571959,1,己,卯,土,木,壬,午,水,火,True,False,-0.03287967411915627,2015-W27,2015-07
601288.SH,2015-07-03,3.51,3.63,-0.0331,14075134,5004755.759,乙未,壬午,庚辰,5,2015,7,1,-0.033616610798984974,0,庚,辰,金,土,壬,午,水,火,True,False,0.011080445776571959,2015-W27,2015-07
601288.SH,2015-07-06,3.86,3.51,0.0997,43720880,16565088.14,乙未,壬午,癸未,1,2015,7,1,0.09505114599896507,1,癸,未,水,土,壬,午,水,火,False,False,-0.033616610798984974,2015-W28,2015-07
601288.SH,2015-07-07,4.12,3.86,0.0674,37410993,15103792.589,乙未,癸未,甲申,2,2015,7,1,0.06518597988469554,1,甲,申,木,金,癸,未,水,土,False,False,0.09505114599896507,2015-W28,2015-07
601288.SH,2015-07-08,3.93,4.12,-0.0461,39753651,15730203.861,乙未,癸未,乙酉,3,2015,7,1,-0.04721373748026513,0,乙,酉,木,金,癸,未,水,土,False,False,0.06518597988469554,2015-W28,2015-07
601288.SH,2015-07-09,4.13,3.93,0.0509,30284787,12172961.502,乙未,癸未,丙戌,4,2015,7,1,0.04963798109177153,1,丙,戌,火,土,癸,未,水,土,False,False,-0.04721373748026513,2015-W28,2015-07
601288.SH,2015-07-10,3.94,3.95,-0.0025,34273560,13750051.15,乙未,癸未,丁亥,5,2015,7,1,-0.0025348556031880663,0,丁,亥,火,水,癸,未,水,土,False,False,0.04963798109177153,2015-W28,2015-07
601288.SH,2015-07-13,3.78,3.94,-0.0406,21408176,8130583.273,乙未,癸未,庚寅,1,2015,7,1,-0.041456713678346135,0,庚,寅,金,木,癸,未,水,土,False,False,-0.0025348556031880663,2015-W29,2015-07
601288.SH,2015-07-14,3.71,3.78,-0.0185,15191145,5630058.031,乙未,癸未,辛卯,2,2015,7,1,-0.01869213301215252,0,辛,卯,金,木,癸,未,水,土,False,False,-0.041456713678346135,2015-W29,2015-07
601288.SH,2015-07-15,3.8,3.71,0.0243,15519691,5826074.77,乙未,癸未,壬辰,3,2015,7,1,0.023969190112996187,1,壬,辰,水,土,癸,未,水,土,False,False,-0.01869213301215252,2015-W29,2015-07
601288.SH,2015-07-16,3.76,3.8,-0.0105,12166289,4605125.977,乙未,癸未,癸巳,4,2015,7,1,-0.010582109330536972,0,癸,巳,水,火,癸,未,水,土,False,False,0.023969190112996187,2015-W29,2015-07
601288.SH,2015-07-17,3.76,3.76,0.0,8132723,3047237.105,乙未,癸未,甲午,5,2015,7,1,0.0,0,甲,午,木,火,癸,未,水,土,False,False,-0.010582109330536972,2015-W29,2015-07
601288.SH,2015-07-20,3.73,3.76,-0.008,7318529,2730769.268,乙未,癸未,丁酉,1,2015,7,1,-0.008010723746078972,0,丁,酉,火,金,癸,未,水,土,False,False,0.0,2015-W30,2015-07
601288.SH,2015-07-21,3.7,3.73,-0.008,7298551,2695851.165,乙未,癸未,戊戌,2,2015,7,1,-0.008075414005545307,0,戊,戌,土,土,癸,未,水,土,False,False,-0.008010723746078972,2015-W30,2015-07
601288.SH,2015-07-22,3.67,3.7,-0.0081,5475865,2013604.849,乙未,癸未,己亥,3,2015,7,1,-0.008141157583699885,0,己,亥,土,水,癸,未,水,土,False,False,-0.008075414005545307,2015-W30,2015-07
601288.SH,2015-07-23,3.7,3.67,0.0082,6343240,2339719.589,乙未,癸未,庚子,4,2015,7,1,0.008141157583699866,1,庚,子,金,水,癸,未,水,土,False,False,-0.008141157583699885,2015-W30,2015-07
601288.SH,2015-07-24,3.65,3.7,-0.0135,6416679,2357488.139,乙未,癸未,辛丑,5,2015,7,1,-0.013605652055778709,0,辛,丑,金,土,癸,未,水,土,False,False,0.008141157583699866,2015-W30,2015-07
601288.SH,2015-07-27,3.41,3.65,-0.0658,10372234,3668295.11,乙未,癸未,甲辰,1,2015,7,1,-0.06801487629897467,0,甲,辰,木,土,癸,未,水,土,False,True,-0.013605652055778709,2015-W31,2015-07
601288.SH,2015-07-28,3.45,3.41,0.0117,8613455,2975242.871,乙未,癸未,乙巳,2,2015,7,1,0.011661939747842957,1,乙,巳,木,火,癸,未,水,土,False,True,-0.06801487629897467,2015-W31,2015-07
601288.SH,2015-07-29,3.46,3.45,0.0029,5218662,1792869.155,乙未,癸未,丙午,3,2015,7,1,0.0028943580263643353,1,丙,午,火,火,癸,未,水,土,False,True,0.011661939747842957,2015-W31,2015-07
601288.SH,2015-07-30,3.41,3.46,-0.0145,4251320,1457605.552,乙未,癸未,丁未,4,2015,7,1,-0.014556297774207375,0,丁,未,火,土,癸,未,水,土,False,True,0.0028943580263643353,2015-W31,2015-07
601288.SH,2015-07-31,3.44,3.41,0.0088,5434694,1853947.129,乙未,癸未,戊申,5,2015,7,1,0.008759180089881554,1,戊,申,土,金,癸,未,水,土,False,True,-0.014556297774207375,2015-W31,2015-07
601288.SH,2015-08-03,3.51,3.44,0.0203,8788136,3050816.265,乙未,癸未,辛亥,1,2015,8,1,0.020144566092467495,1,辛,亥,金,水,癸,未,水,土,True,False,0.008759180089881554,2015-W32,2015-08
601288.SH,2015-08-04,3.52,3.51,0.0028,3326680,1164673.434,乙未,癸未,壬子,2,2015,8,1,0.0028449521322313448,1,壬,子,水,水,癸,未,水,土,True,False,0.020144566092467495,2015-W32,2015-08
601288.SH,2015-08-05,3.45,3.52,-0.0199,2810820,977560.007,乙未,癸未,癸丑,3,2015,8,1,-0.02008675856673723,0,癸,丑,水,土,癸,未,水,土,True,False,0.0028449521322313448,2015-W32,2015-08
601288.SH,2015-08-06,3.43,3.45,-0.0058,2208076,760566.747,乙未,癸未,甲寅,4,2015,8,1,-0.005813969865419845,0,甲,寅,木,木,癸,未,水,土,False,False,-0.02008675856673723,2015-W32,2015-08
601288.SH,2015-08-07,3.45,3.43,0.0058,2481477,857078.507,乙未,癸未,乙卯,5,2015,8,1,0.005813969865419816,1,乙,卯,木,木,癸,未,水,土,False,False,-0.005813969865419845,2015-W32,2015-08
601288.SH,2015-08-10,3.51,3.45,0.0174,5563078,1933286.324,乙未,甲申,戊午,1,2015,8,1,0.017241806434505954,1,戊,午,土,火,甲,申,木,金,False,False,0.005813969865419816,2015-W33,2015-08
601288.SH,2015-08-11,3.48,3.51,-0.0085,4297869,1493925.29,乙未,甲申,己未,2,2015,8,1,-0.008583743691391442,0,己,未,土,土,甲,申,木,金,False,False,0.017241806434505954,2015-W33,2015-08
601288.SH,2015-08-12,3.44,3.48,-0.0115,2980200,1027993.447,乙未,甲申,庚申,3,2015,8,1,-0.011560822401075971,0,庚,申,金,金,甲,申,木,金,False,False,-0.008583743691391442,2015-W33,2015-08
601288.SH,2015-08-13,3.45,3.44,0.0029,3371451,1156421.643,乙未,甲申,辛酉,4,2015,8,1,0.00290275965796141,1,辛,酉,金,金,甲,申,木,金,False,False,-0.011560822401075971,2015-W33,2015-08
601288.SH,2015-08-14,3.43,3.45,-0.0058,2922408,1002360.666,乙未,甲申,壬戌,5,2015,8,1,-0.005813969865419845,0,壬,戌,水,土,甲,申,木,金,False,False,0.00290275965796141,2015-W33,2015-08
601288.SH,2015-08-17,3.41,3.43,-0.0058,3891158,1323575.331,乙未,甲申,乙丑,1,2015,8,1,-0.0058479698824231,0,乙,丑,木,土,甲,申,木,金,False,False,-0.005813969865419845,2015-W34,2015-08
601288.SH,2015-08-18,3.36,3.41,-0.0147,5593676,1897134.667,乙未,甲申,丙寅,2,2015,8,1,-0.014771317320312656,0,丙,寅,火,木,甲,申,木,金,False,False,-0.0058479698824231,2015-W34,2015-08
601288.SH,2015-08-19,3.34,3.36,-0.006,6154987,2041158.903,乙未,甲申,丁卯,3,2015,8,1,-0.005970166986503796,0,丁,卯,火,木,甲,申,木,金,False,False,-0.014771317320312656,2015-W34,2015-08
601288.SH,2015-08-20,3.32,3.34,-0.006,3839435,1288910.28,乙未,甲申,戊辰,4,2015,8,1,-0.006006024060211922,0,戊,辰,土,土,甲,申,木,金,False,False,-0.005970166986503796,2015-W34,2015-08
601288.SH,2015-08-21,3.32,3.32,0.0,5980791,1985216.667,乙未,甲申,己巳,5,2015,8,1,0.0,0,己,巳,土,火,甲,申,木,金,False,False,-0.006006024060211922,2015-W34,2015-08
601288.SH,2015-08-24,3.01,3.32,-0.0934,9739097,3015321.262,乙未,甲申,壬申,1,2015,8,1,-0.09802470416761287,0,壬,申,水,金,甲,申,木,金,False,False,0.0,2015-W35,2015-08
601288.SH,2015-08-25,2.74,3.01,-0.0897,9344377,2676473.796,乙未,甲申,癸酉,2,2015,8,1,-0.0939821583608053,0,癸,酉,水,金,甲,申,木,金,False,False,-0.09802470416761287,2015-W35,2015-08
601288.SH,2015-08-26,2.83,2.74,0.0328,8507678,2390387.149,乙未,甲申,甲戌,3,2015,8,1,0.03231879125516731,1,甲,戌,木,土,甲,申,木,金,False,False,-0.0939821583608053,2015-W35,2015-08
601288.SH,2015-08-27,2.98,2.83,0.053,7999607,2298336.593,乙未,甲申,乙亥,4,2015,8,1,0.05164658886216676,1,乙,亥,木,水,甲,申,木,金,False,True,0.03231879125516731,2015-W35,2015-08
601288.SH,2015-08-28,3.01,2.98,0.0101,6911073,2057450.253,乙未,甲申,丙子,5,2015,8,1,0.010016778243471209,1,丙,子,火,水,甲,申,木,金,False,True,0.05164658886216676,2015-W35,2015-08
601288.SH,2015-08-31,2.99,3.01,-0.0066,5528972,1632999.7,乙未,甲申,己卯,1,2015,8,1,-0.006666691358189122,0,己,卯,土,木,甲,申,木,金,False,True,0.010016778243471209,2015-W36,2015-08
601288.SH,2015-09-01,3.16,2.99,0.0569,14490299,4502529.16,乙未,甲申,庚辰,2,2015,9,1,0.05529864019622565,1,庚,辰,金,土,甲,申,木,金,True,False,-0.006666691358189122,2015-W36,2015-09
601288.SH,2015-09-02,3.37,3.16,0.0665,19956688,6450391.241,乙未,甲申,辛巳,3,2015,9,1,0.06434071676544953,1,辛,巳,金,火,甲,申,木,金,True,False,0.05529864019622565,2015-W36,2015-09
601288.SH,2015-09-07,3.12,3.37,-0.0742,6443335,2055250.6,乙未,甲申,丙戌,1,2015,9,1,-0.07707974254287937,0,丙,戌,火,土,甲,申,木,金,False,False,0.06434071676544953,2015-W37,2015-09
601288.SH,2015-09-08,3.15,3.12,0.0096,4299557,1346175.595,乙未,乙酉,丁亥,2,2015,9,1,0.009569451016150672,1,丁,亥,火,水,乙,酉,木,金,False,False,-0.07707974254287937,2015-W37,2015-09
601288.SH,2015-09-09,3.17,3.15,0.0063,4042052,1272402.656,乙未,乙酉,戊子,3,2015,9,1,0.00632913505164753,1,戊,子,土,水,乙,酉,木,金,False,False,0.009569451016150672,2015-W37,2015-09
601288.SH,2015-09-10,3.17,3.17,0.0,2796673,885797.508,乙未,乙酉,己丑,4,2015,9,1,0.0,0,己,丑,土,土,乙,酉,木,金,False,False,0.00632913505164753,2015-W37,2015-09
601288.SH,2015-09-11,3.14,3.17,-0.0095,1840525,579384.275,乙未,乙酉,庚寅,5,2015,9,1,-0.009508787969027188,0,庚,寅,金,木,乙,酉,木,金,False,False,0.0,2015-W37,2015-09
601288.SH,2015-09-14,3.14,3.14,0.0,5216798,1643864.959,乙未,乙酉,癸巳,1,2015,9,1,0.0,0,癸,巳,水,火,乙,酉,木,金,False,False,-0.009508787969027188,2015-W38,2015-09
601288.SH,2015-09-15,3.16,3.14,0.0064,4869509,1530771.576,乙未,乙酉,甲午,2,2015,9,1,0.0063492276786587445,1,甲,午,木,火,乙,酉,木,金,False,False,0.0,2015-W38,2015-09
601288.SH,2015-09-16,3.17,3.16,0.0032,3363860,1057267.739,乙未,乙酉,乙未,3,2015,9,1,0.003159560290368518,1,乙,未,木,土,乙,酉,木,金,False,False,0.0063492276786587445,2015-W38,2015-09
601288.SH,2015-09-17,3.15,3.17,-0.0063,2558660,809539.551,乙未,乙酉,丙申,4,2015,9,1,-0.006329135051647512,0,丙,申,火,金,乙,酉,木,金,False,False,0.003159560290368518,2015-W38,2015-09
601288.SH,2015-09-18,3.14,3.15,-0.0032,2543587,801314.998,乙未,乙酉,丁酉,5,2015,9,1,-0.0031796529173795727,0,丁,酉,火,金,乙,酉,木,金,False,False,-0.006329135051647512,2015-W38,2015-09
601288.SH,2015-09-21,3.12,3.14,-0.0064,2630961,820965.733,乙未,乙酉,庚子,1,2015,9,1,-0.00638979809877101,0,庚,子,金,水,乙,酉,木,金,False,False,-0.0031796529173795727,2015-W39,2015-09
601288.SH,2015-09-22,3.14,3.12,0.0064,1910815,599526.955,乙未,乙酉,辛丑,2,2015,9,1,0.006389798098770988,1,辛,丑,金,土,乙,酉,木,金,False,False,-0.00638979809877101,2015-W39,2015-09
601288.SH,2015-09-23,3.1,3.14,-0.0127,1824137,567271.77,乙未,乙酉,壬寅,3,2015,9,1,-0.012820688429061434,0,壬,寅,水,木,乙,酉,木,金,False,False,0.006389798098770988,2015-W39,2015-09
601288.SH,2015-09-24,3.09,3.1,-0.0032,1410323,436291.562,乙未,乙酉,癸卯,4,2015,9,1,-0.003231020581446532,0,癸,卯,水,木,乙,酉,木,金,False,False,-0.012820688429061434,2015-W39,2015-09
601288.SH,2015-09-25,3.11,3.09,0.0065,2065469,636519.714,乙未,乙酉,甲辰,5,2015,9,1,0.006451635281488595,1,甲,辰,木,土,乙,酉,木,金,False,False,-0.003231020581446532,2015-W39,2015-09
601288.SH,2015-09-29,3.03,3.08,-0.0162,1943152,589769.822,乙未,乙酉,戊申,2,2015,9,1,-0.01636697746420536,0,戊,申,土,金,乙,酉,木,金,False,True,0.006451635281488595,2015-W40,2015-09
601288.SH,2015-09-30,3.03,3.03,0.0,1470617,447049.288,乙未,乙酉,己酉,3,2015,9,1,0.0,0,己,酉,土,金,乙,酉,木,金,False,True,-0.01636697746420536,2015-W40,2015-09
601288.SH,2015-10-08,3.08,3.03,0.0165,2175893,670450.588,乙未,丙戌,丁巳,4,2015,10,1,0.01636697746420541,1,丁,巳,火,火,丙,戌,火,土,False,False,0.0,2015-W41,2015-10
601288.SH,2015-10-09,3.09,3.08,0.0032,1837100,567440.942,乙未,丙戌,戊午,5,2015,10,1,0.003241493924171023,1,戊,午,土,火,丙,戌,火,土,False,False,0.01636697746420541,2015-W41,2015-10
601288.SH,2015-10-12,3.15,3.09,0.0194,3300399,1033755.543,乙未,丙戌,辛酉,1,2015,10,1,0.019231361927887592,1,辛,酉,金,金,丙,戌,火,土,False,False,0.003241493924171023,2015-W42,2015-10
601288.SH,2015-10-13,3.13,3.15,-0.0063,1624295,508734.67,乙未,丙戌,壬戌,2,2015,10,1,-0.006369448285479823,0,壬,戌,水,土,丙,戌,火,土,False,False,0.019231361927887592,2015-W42,2015-10
601288.SH,2015-10-14,3.1,3.13,-0.0096,1624365,505713.713,乙未,丙戌,癸亥,3,2015,10,1,-0.009630893060961189,0,癸,亥,水,水,丙,戌,火,土,False,False,-0.006369448285479823,2015-W42,2015-10
601288.SH,2015-10-15,3.13,3.1,0.0097,1704404,531347.704,乙未,丙戌,甲子,4,2015,10,1,0.009630893060961146,1,甲,子,木,水,丙,戌,火,土,False,False,-0.009630893060961189,2015-W42,2015-10
601288.SH,2015-10-16,3.14,3.13,0.0032,2463336,772920.995,乙未,丙戌,乙丑,5,2015,10,1,0.003189795368100302,1,乙,丑,木,土,丙,戌,火,土,False,False,0.009630893060961146,2015-W42,2015-10
601288.SH,2015-10-19,3.13,3.14,-0.0032,2827198,886733.51,乙未,丙戌,戊辰,1,2015,10,1,-0.003189795368100261,0,戊,辰,土,土,丙,戌,火,土,False,False,0.003189795368100302,2015-W43,2015-10
601288.SH,2015-10-20,3.14,3.13,0.0032,1881134,588837.026,乙未,丙戌,己巳,2,2015,10,1,0.003189795368100302,1,己,巳,土,火,丙,戌,火,土,False,False,-0.003189795368100261,2015-W43,2015-10
601288.SH,2015-10-21,3.19,3.14,0.0159,6068205,1915113.215,乙未,丙戌,庚午,3,2015,10,1,0.015798116876591092,1,庚,午,金,火,丙,戌,火,土,False,False,0.003189795368100302,2015-W43,2015-10
601288.SH,2015-10-22,3.15,3.19,-0.0125,3127832,985771.074,乙未,丙戌,辛未,4,2015,10,1,-0.012618463959211575,0,辛,未,金,土,丙,戌,火,土,False,False,0.015798116876591092,2015-W43,2015-10
601288.SH,2015-10-23,3.16,3.15,0.0032,2599485,819079.968,乙未,丙戌,壬申,5,2015,10,1,0.0031695747612790395,1,壬,申,水,金,丙,戌,火,土,False,False,-0.012618463959211575,2015-W43,2015-10
601288.SH,2015-10-26,3.17,3.16,0.0032,2685701,851196.641,乙未,丙戌,乙亥,1,2015,10,1,0.003159560290368518,1,乙,亥,木,水,丙,戌,火,土,False,False,0.0031695747612790395,2015-W44,2015-10
601288.SH,2015-10-27,3.15,3.17,-0.0063,2264562,714450.382,乙未,丙戌,丙子,2,2015,10,1,-0.006329135051647512,0,丙,子,火,水,丙,戌,火,土,False,True,0.003159560290368518,2015-W44,2015-10
601288.SH,2015-10-28,3.15,3.15,0.0,1965505,618862.339,乙未,丙戌,丁丑,3,2015,10,1,0.0,0,丁,丑,火,土,丙,戌,火,土,False,True,-0.006329135051647512,2015-W44,2015-10
601288.SH,2015-10-29,3.13,3.15,-0.0063,1488403,467279.561,乙未,丙戌,戊寅,4,2015,10,1,-0.006369448285479823,0,戊,寅,土,木,丙,戌,火,土,False,True,0.0,2015-W44,2015-10
601288.SH,2015-10-30,3.14,3.13,0.0032,1615416,507044.2,乙未,丙戌,己卯,5,2015,10,1,0.003189795368100302,1,己,卯,土,木,丙,戌,火,土,False,True,-0.006369448285479823,2015-W44,2015-10
601288.SH,2015-11-02,3.11,3.14,-0.0096,2156399,675040.678,乙未,丙戌,壬午,1,2015,11,1,-0.009600073729019342,0,壬,午,水,火,丙,戌,火,土,True,False,0.003189795368100302,2015-W45,2015-11
601288.SH,2015-11-03,3.07,3.11,-0.0129,2167451,668600.194,乙未,丙戌,癸未,2,2015,11,1,-0.012945164592036963,0,癸,未,水,土,丙,戌,火,土,True,False,-0.009600073729019342,2015-W45,2015-11
601288.SH,2015-11-04,3.15,3.07,0.0261,4067193,1263851.468,乙未,丙戌,甲申,3,2015,11,1,0.02572489123843592,1,甲,申,木,金,丙,戌,火,土,True,False,-0.012945164592036963,2015-W45,2015-11
601288.SH,2015-11-05,3.2,3.15,0.0159,8125184,2599442.729,乙未,丙戌,乙酉,4,2015,11,1,0.01574835696813933,1,乙,酉,木,金,丙,戌,火,土,True,False,0.02572489123843592,2015-W45,2015-11
601288.SH,2015-11-06,3.2,3.2,0.0,4894290,1558232.709,乙未,丙戌,丙戌,5,2015,11,1,0.0,0,丙,戌,火,土,丙,戌,火,土,False,False,0.01574835696813933,2015-W45,2015-11
601288.SH,2015-11-09,3.33,3.2,0.0406,10167794,3385888.193,乙未,丁亥,己丑,1,2015,11,1,0.03982149418667151,1,己,丑,土,土,丁,亥,火,水,False,False,0.0,2015-W46,2015-11
601288.SH,2015-11-10,3.29,3.33,-0.012,4645924,1531133.594,乙未,丁亥,庚寅,2,2015,11,1,-0.012084739215071999,0,庚,寅,金,木,丁,亥,火,水,False,False,0.03982149418667151,2015-W46,2015-11
601288.SH,2015-11-11,3.27,3.29,-0.0061,3622909,1182061.069,乙未,丁亥,辛卯,3,2015,11,1,-0.006097579868118557,0,辛,卯,金,木,丁,亥,火,水,False,False,-0.012084739215071999,2015-W46,2015-11
601288.SH,2015-11-12,3.23,3.27,-0.0122,2219998,719395.315,乙未,丁亥,壬辰,4,2015,11,1,-0.012307847674596814,0,壬,辰,水,土,丁,亥,火,水,False,False,-0.006097579868118557,2015-W46,2015-11
601288.SH,2015-11-13,3.21,3.23,-0.0062,2327907,749385.272,乙未,丁亥,癸巳,5,2015,11,1,-0.006211200092640636,0,癸,巳,水,火,丁,亥,火,水,False,False,-0.012307847674596814,2015-W46,2015-11
601288.SH,2015-11-16,3.23,3.21,0.0062,2051500,658117.209,乙未,丁亥,丙申,1,2015,11,1,0.0062112000926406764,1,丙,申,火,金,丁,亥,火,水,False,False,-0.006211200092640636,2015-W47,2015-11
601288.SH,2015-11-17,3.24,3.23,0.0031,3874938,1259699.748,乙未,丁亥,丁酉,2,2015,11,1,0.00309119256967288,1,丁,酉,火,金,丁,亥,火,水,False,False,0.0062112000926406764,2015-W47,2015-11
601288.SH,2015-11-18,3.25,3.24,0.0031,3615938,1170345.277,乙未,丁亥,戊戌,3,2015,11,1,0.0030816665374081144,1,戊,戌,土,土,丁,亥,火,水,False,False,0.00309119256967288,2015-W47,2015-11
601288.SH,2015-11-19,3.24,3.25,-0.0031,2646567,854566.937,乙未,丁亥,己亥,4,2015,11,1,-0.0030816665374080007,0,己,亥,土,水,丁,亥,火,水,False,False,0.0030816665374081144,2015-W47,2015-11
601288.SH,2015-11-20,3.23,3.24,-0.0031,3126107,1007683.996,乙未,丁亥,庚子,5,2015,11,1,-0.0030911925696729694,0,庚,子,金,水,丁,亥,火,水,False,False,-0.0030816665374080007,2015-W47,2015-11
601288.SH,2015-11-23,3.21,3.23,-0.0062,2226004,715854.903,乙未,丁亥,癸卯,1,2015,11,1,-0.006211200092640636,0,癸,卯,水,木,丁,亥,火,水,False,False,-0.0030911925696729694,2015-W48,2015-11
601288.SH,2015-11-24,3.2,3.21,-0.0031,3080582,983831.826,乙未,丁亥,甲辰,2,2015,11,1,-0.0031201273362435225,0,甲,辰,木,土,丁,亥,火,水,False,False,-0.006211200092640636,2015-W48,2015-11
601288.SH,2015-11-25,3.23,3.2,0.0094,2744332,880851.52,乙未,丁亥,乙巳,3,2015,11,1,0.009331327428884222,1,乙,巳,木,火,丁,亥,火,水,False,False,-0.0031201273362435225,2015-W48,2015-11
601288.SH,2015-11-26,3.22,3.23,-0.0031,1986038,640015.917,乙未,丁亥,丙午,4,2015,11,1,-0.0031007776782481593,0,丙,午,火,火,丁,亥,火,水,False,True,0.009331327428884222,2015-W48,2015-11
601288.SH,2015-11-27,3.13,3.22,-0.028,3049232,963799.558,乙未,丁亥,丁未,5,2015,11,1,-0.0283483550042552,0,丁,未,火,土,丁,亥,火,水,False,True,-0.0031007776782481593,2015-W48,2015-11
601288.SH,2015-11-30,3.15,3.13,0.0064,3271239,1027774.781,乙未,丁亥,庚戌,1,2015,11,1,0.0063694482854799285,1,庚,戌,金,土,丁,亥,火,水,False,True,-0.0283483550042552,2015-W49,2015-11
601288.SH,2015-12-01,3.12,3.15,-0.0095,2052914,641232.514,乙未,丁亥,辛亥,2,2015,12,1,-0.009569451016150672,0,辛,亥,金,水,丁,亥,火,水,True,False,0.0063694482854799285,2015-W49,2015-12
601288.SH,2015-12-02,3.24,3.12,0.0385,6635767,2119992.635,乙未,丁亥,壬子,3,2015,12,1,0.03774032798284711,1,壬,子,水,水,丁,亥,火,水,True,False,-0.009569451016150672,2015-W49,2015-12
601288.SH,2015-12-03,3.34,3.24,0.0309,10640564,3523961.513,乙未,丁亥,癸丑,4,2015,12,1,0.030397477184370948,1,癸,丑,水,土,丁,亥,火,水,True,False,0.03774032798284711,2015-W49,2015-12
601288.SH,2015-12-04,3.3,3.34,-0.012,5498624,1817714.405,乙未,丁亥,甲寅,5,2015,12,1,-0.01204833851617448,0,甲,寅,木,木,丁,亥,火,水,True,False,0.030397477184370948,2015-W49,2015-12
601288.SH,2015-12-07,3.27,3.3,-0.0091,1779331,582602.711,乙未,戊子,丁巳,1,2015,12,1,-0.009132483563272474,0,丁,巳,火,火,戊,子,土,水,False,False,-0.01204833851617448,2015-W50,2015-12
601288.SH,2015-12-08,3.21,3.27,-0.0183,2396198,770157.214,乙未,戊子,戊午,2,2015,12,1,-0.018519047767237527,0,戊,午,土,火,戊,子,土,水,False,False,-0.009132483563272474,2015-W50,2015-12
601288.SH,2015-12-09,3.23,3.21,0.0062,1607812,518588.911,乙未,戊子,己未,3,2015,12,1,0.0062112000926406764,1,己,未,土,土,戊,子,土,水,False,False,-0.018519047767237527,2015-W50,2015-12
601288.SH,2015-12-10,3.23,3.23,0.0,1756656,567761.254,乙未,戊子,庚申,4,2015,12,1,0.0,0,庚,申,金,金,戊,子,土,水,False,False,0.0062112000926406764,2015-W50,2015-12
601288.SH,2015-12-11,3.23,3.23,0.0,2423985,778045.932,乙未,戊子,辛酉,5,2015,12,1,0.0,0,辛,酉,金,金,戊,子,土,水,False,False,0.0,2015-W50,2015-12
601288.SH,2015-12-14,3.28,3.23,0.0155,2777256,901848.931,乙未,戊子,甲子,1,2015,12,1,0.015361285161487149,1,甲,子,木,水,戊,子,土,水,False,False,0.0,2015-W51,2015-12
601288.SH,2015-12-15,3.24,3.28,-0.0122,1279827,416591.852,乙未,戊子,乙丑,2,2015,12,1,-0.012270092591814247,0,乙,丑,木,土,戊,子,土,水,False,False,0.015361285161487149,2015-W51,2015-12
601288.SH,2015-12-16,3.24,3.24,0.0,1129360,366282.348,乙未,戊子,丙寅,3,2015,12,1,0.0,0,丙,寅,火,木,戊,子,土,水,False,False,-0.012270092591814247,2015-W51,2015-12
601288.SH,2015-12-17,3.27,3.24,0.0093,2112740,688339.449,乙未,戊子,丁卯,4,2015,12,1,0.009216655104924048,1,丁,卯,火,木,戊,子,土,水,False,False,0.0,2015-W51,2015-12
601288.SH,2015-12-18,3.28,3.27,0.0031,2713387,892574.006,乙未,戊子,戊辰,5,2015,12,1,0.003053437486890248,1,戊,辰,土,土,戊,子,土,水,False,False,0.009216655104924048,2015-W51,2015-12
601288.SH,2015-12-21,3.31,3.28,0.0091,3571994,1180666.19,乙未,戊子,辛未,1,2015,12,1,0.009104766992919287,1,辛,未,金,土,戊,子,土,水,False,False,0.003053437486890248,2015-W52,2015-12
601288.SH,2015-12-22,3.31,3.31,0.0,1816912,599348.479,乙未,戊子,壬申,2,2015,12,1,0.0,0,壬,申,水,金,戊,子,土,水,False,False,0.009104766992919287,2015-W52,2015-12
601288.SH,2015-12-23,3.3,3.31,-0.003,2635338,870971.558,乙未,戊子,癸酉,3,2015,12,1,-0.0030257209165370676,0,癸,酉,水,金,戊,子,土,水,False,False,0.0,2015-W52,2015-12
601288.SH,2015-12-24,3.28,3.3,-0.0061,2470539,809165.187,乙未,戊子,甲戌,4,2015,12,1,-0.006079046076382226,0,甲,戌,木,土,戊,子,土,水,False,False,-0.0030257209165370676,2015-W52,2015-12
601288.SH,2015-12-25,3.27,3.28,-0.003,1219166,399167.787,乙未,戊子,乙亥,5,2015,12,1,-0.0030534374868902317,0,乙,亥,木,水,戊,子,土,水,False,False,-0.006079046076382226,2015-W52,2015-12
601288.SH,2015-12-28,3.2,3.27,-0.0214,2546599,825957.691,乙未,戊子,戊寅,1,2015,12,1,-0.021639175103481068,0,戊,寅,土,木,戊,子,土,水,False,True,-0.0030534374868902317,2015-W53,2015-12
601288.SH,2015-12-29,3.24,3.2,0.0125,1459282,469657.579,乙未,戊子,己卯,2,2015,12,1,0.01242251999855711,1,己,卯,土,木,戊,子,土,水,False,True,-0.021639175103481068,2015-W53,2015-12
601288.SH,2015-12-30,3.23,3.24,-0.0031,1268803,408871.376,乙未,戊子,庚辰,3,2015,12,1,-0.0030911925696729694,0,庚,辰,金,土,戊,子,土,水,False,True,0.01242251999855711,2015-W53,2015-12
601288.SH,2015-12-31,3.23,3.23,0.0,1582481,511938.664,乙未,戊子,辛巳,4,2015,12,1,0.0,0,辛,巳,金,火,戊,子,土,水,False,True,-0.0030911925696729694,2015-W53,2015-12
601288.SH,2016-01-04,3.12,3.23,-0.0341,1913127,609918.488,乙未,戊子,乙酉,1,2016,1,1,-0.03464913541317413,0,乙,酉,木,金,戊,子,土,水,True,False,0.0,2016-W01,2016-01
601288.SH,2016-01-05,3.16,3.12,0.0128,3215456,1010967.56,乙未,戊子,丙戌,2,2016,1,1,0.012739025777429712,1,丙,戌,火,土,戊,子,土,水,True,False,-0.03464913541317413,2016-W01,2016-01
601288.SH,2016-01-06,3.18,3.16,0.0063,1684199,534016.66,乙未,己丑,丁亥,3,2016,1,1,0.006309169193264756,1,丁,亥,火,水,己,丑,土,土,False,False,0.012739025777429712,2016-W01,2016-01
601288.SH,2016-01-07,3.11,3.18,-0.022,676930,213026.028,乙未,己丑,戊子,4,2016,1,1,-0.02225847060094281,0,戊,子,土,水,己,丑,土,土,False,False,0.006309169193264756,2016-W01,2016-01
601288.SH,2016-01-08,3.16,3.11,0.0161,2696910,848424.984,乙未,己丑,己丑,5,2016,1,1,0.01594930140767804,1,己,丑,土,土,己,丑,土,土,False,False,-0.02225847060094281,2016-W01,2016-01
601288.SH,2016-01-11,3.09,3.16,-0.0222,2863885,896360.974,乙未,己丑,壬辰,1,2016,1,1,-0.022400936689166772,0,壬,辰,水,土,己,丑,土,土,False,False,0.01594930140767804,2016-W02,2016-01
601288.SH,2016-01-12,3.13,3.09,0.0129,1763419,549730.284,乙未,己丑,癸巳,2,2016,1,1,0.012861913642407822,1,癸,巳,水,火,己,丑,土,土,False,False,-0.022400936689166772,2016-W02,2016-01
601288.SH,2016-01-13,3.12,3.13,-0.0032,1536207,481542.859,乙未,己丑,甲午,3,2016,1,1,-0.003200002730670791,0,甲,午,木,火,己,丑,土,土,False,False,0.012861913642407822,2016-W02,2016-01
601288.SH,2016-01-14,3.12,3.12,0.0,2738626,847415.495,乙未,己丑,乙未,4,2016,1,1,0.0,0,乙,未,木,土,己,丑,土,土,False,False,-0.003200002730670791,2016-W02,2016-01
601288.SH,2016-01-15,3.07,3.12,-0.016,2146738,662801.858,乙未,己丑,丙申,5,2016,1,1,-0.016155440222285256,0,丙,申,火,金,己,丑,土,土,False,False,0.0,2016-W02,2016-01
601288.SH,2016-01-18,3.07,3.07,0.0,2139644,658513.766,乙未,己丑,己亥,1,2016,1,1,0.0,0,己,亥,土,水,己,丑,土,土,False,False,-0.016155440222285256,2016-W03,2016-01
601288.SH,2016-01-19,3.11,3.07,0.013,1434957,444661.212,乙未,己丑,庚子,2,2016,1,1,0.012945164592036986,1,庚,子,金,水,己,丑,土,土,False,False,0.0,2016-W03,2016-01
601288.SH,2016-01-20,3.11,3.11,0.0,1884368,583696.285,乙未,己丑,辛丑,3,2016,1,1,0.0,0,辛,丑,金,土,己,丑,土,土,False,False,0.012945164592036986,2016-W03,2016-01
601288.SH,2016-01-21,3.09,3.11,-0.0064,1727071,536059.056,乙未,己丑,壬寅,4,2016,1,1,-0.006451635281488719,0,壬,寅,水,木,己,丑,土,土,False,False,0.0,2016-W03,2016-01
601288.SH,2016-01-22,3.11,3.09,0.0065,1515520,468537.718,乙未,己丑,癸卯,5,2016,1,1,0.006451635281488595,1,癸,卯,水,木,己,丑,土,土,False,False,-0.006451635281488719,2016-W03,2016-01
601288.SH,2016-01-25,3.1,3.11,-0.0032,1613665,497810.325,乙未,己丑,丙午,1,2016,1,1,-0.003220614700042172,0,丙,午,火,火,己,丑,土,土,False,False,0.006451635281488595,2016-W04,2016-01
601288.SH,2016-01-26,2.95,3.1,-0.0484,2207486,666917.439,乙未,己丑,丁未,2,2016,1,1,-0.04959694113937206,0,丁,未,火,土,己,丑,土,土,False,False,-0.003220614700042172,2016-W04,2016-01
601288.SH,2016-01-27,2.95,2.95,0.0,2399650,706129.895,乙未,己丑,戊申,3,2016,1,1,0.0,0,戊,申,土,金,己,丑,土,土,False,True,-0.04959694113937206,2016-W04,2016-01
601288.SH,2016-01-28,2.91,2.95,-0.0136,1590225,466818.216,乙未,己丑,己酉,4,2016,1,1,-0.01365208916832732,0,己,酉,土,金,己,丑,土,土,False,True,0.0,2016-W04,2016-01
601288.SH,2016-01-29,2.99,2.91,0.0275,1987770,589150.158,乙未,己丑,庚戌,5,2016,1,1,0.027120306219194035,1,庚,戌,金,土,己,丑,土,土,False,True,-0.01365208916832732,2016-W04,2016-01
601288.SH,2016-02-01,2.94,2.99,-0.0167,1007929,297433.564,乙未,己丑,癸丑,1,2016,2,1,-0.016863806052004916,0,癸,丑,水,土,己,丑,土,土,True,False,0.027120306219194035,2016-W05,2016-02
601288.SH,2016-02-02,2.96,2.94,0.0068,1189785,351511.338,乙未,己丑,甲寅,2,2016,2,1,0.006779686985378769,1,甲,寅,木,木,己,丑,土,土,True,False,-0.016863806052004916,2016-W05,2016-02
601288.SH,2016-02-03,2.92,2.96,-0.0135,1043089,304478.321,乙未,己丑,乙卯,3,2016,2,1,-0.013605652055778598,0,乙,卯,木,木,己,丑,土,土,True,False,0.006779686985378769,2016-W05,2016-02
601288.SH,2016-02-04,2.93,2.92,0.0034,864651,253707.501,丙申,庚寅,丙辰,4,2016,2,1,0.0034188067487856823,1,丙,辰,火,土,庚,寅,金,木,True,False,-0.013605652055778598,2016-W05,2016-02
601288.SH,2016-02-05,2.92,2.93,-0.0034,656930,192073.205,丙申,庚寅,丁巳,5,2016,2,1,-0.003418806748785609,0,丁,巳,火,火,庚,寅,金,木,True,False,0.0034188067487856823,2016-W05,2016-02
601288.SH,2016-02-15,2.89,2.92,-0.0103,912311,262813.137,丙申,庚寅,丁卯,1,2016,2,1,-0.010327114155849517,0,丁,卯,火,木,庚,寅,金,木,False,False,-0.003418806748785609,2016-W07,2016-02
601288.SH,2016-02-16,2.94,2.89,0.0173,1280652,375299.48,丙申,庚寅,戊辰,2,2016,2,1,0.017153079226249493,1,戊,辰,土,土,庚,寅,金,木,False,False,-0.010327114155849517,2016-W07,2016-02
601288.SH,2016-02-17,2.97,2.94,0.0102,1380607,407818.892,丙申,庚寅,己巳,3,2016,2,1,0.010152371464018128,1,己,巳,土,火,庚,寅,金,木,False,False,0.017153079226249493,2016-W07,2016-02
601288.SH,2016-02-18,2.97,2.97,0.0,1463013,433664.671,丙申,庚寅,庚午,4,2016,2,1,0.0,0,庚,午,金,火,庚,寅,金,木,False,False,0.010152371464018128,2016-W07,2016-02
601288.SH,2016-02-19,2.95,2.97,-0.0067,1223877,361889.195,丙申,庚寅,辛未,5,2016,2,1,-0.006756782462879762,0,辛,未,金,土,庚,寅,金,木,False,False,0.0,2016-W07,2016-02
601288.SH,2016-02-22,3.0,2.95,0.0169,1677229,501775.828,丙申,庚寅,甲戌,1,2016,2,1,0.016807118316381188,1,甲,戌,木,土,庚,寅,金,木,False,False,-0.006756782462879762,2016-W08,2016-02
601288.SH,2016-02-23,2.98,3.0,-0.0067,1263811,375741.974,丙申,庚寅,乙亥,2,2016,2,1,-0.006688988150796652,0,乙,亥,木,水,庚,寅,金,木,False,False,0.016807118316381188,2016-W08,2016-02
601288.SH,2016-02-24,2.98,2.98,0.0,952478,283044.317,丙申,庚寅,丙子,3,2016,2,1,0.0,0,丙,子,火,水,庚,寅,金,木,False,False,-0.006688988150796652,2016-W08,2016-02
601288.SH,2016-02-25,2.92,2.98,-0.0201,2315151,684747.427,丙申,庚寅,丁丑,4,2016,2,1,-0.020339684237122672,0,丁,丑,火,土,庚,寅,金,木,False,True,0.0,2016-W08,2016-02
601288.SH,2016-02-26,2.96,2.92,0.0137,1405324,414976.642,丙申,庚寅,戊寅,5,2016,2,1,0.013605652055778678,1,戊,寅,土,木,庚,寅,金,木,False,True,-0.020339684237122672,2016-W08,2016-02
601288.SH,2016-02-29,2.99,2.96,0.0101,2605846,768176.78,丙申,庚寅,辛巳,1,2016,2,1,0.010084119066626226,1,辛,巳,金,火,庚,寅,金,木,False,True,0.013605652055778678,2016-W09,2016-02
601288.SH,2016-03-01,2.99,2.99,0.0,1426632,425758.795,丙申,庚寅,壬午,2,2016,3,1,0.0,0,壬,午,水,火,庚,寅,金,木,True,False,0.010084119066626226,2016-W09,2016-03
601288.SH,2016-03-02,3.05,2.99,0.0201,2205801,667956.178,丙申,庚寅,癸未,3,2016,3,1,0.019868203216724965,1,癸,未,水,土,庚,寅,金,木,True,False,0.0,2016-W09,2016-03
601288.SH,2016-03-03,3.08,3.05,0.0098,1868188,570413.782,丙申,庚寅,甲申,4,2016,3,1,0.009788006366162944,1,甲,申,木,金,庚,寅,金,木,True,False,0.019868203216724965,2016-W09,2016-03
601288.SH,2016-03-04,3.2,3.08,0.039,5271311,1659320.328,丙申,庚寅,乙酉,5,2016,3,1,0.03822121282019788,1,乙,酉,木,金,庚,寅,金,木,True,False,0.009788006366162944,2016-W09,2016-03
601288.SH,2016-03-07,3.18,3.2,-0.0063,1700295,539430.703,丙申,辛卯,戊子,1,2016,3,1,-0.006269613013595373,0,戊,子,土,水,辛,卯,金,木,False,False,0.03822121282019788,2016-W10,2016-03
601288.SH,2016-03-08,3.18,3.18,0.0,2249407,705773.304,丙申,辛卯,己丑,2,2016,3,1,0.0,0,己,丑,土,土,辛,卯,金,木,False,False,-0.006269613013595373,2016-W10,2016-03
601288.SH,2016-03-09,3.21,3.18,0.0094,2315883,735275.22,丙申,辛卯,庚寅,3,2016,3,1,0.009389740349838917,1,庚,寅,金,木,辛,卯,金,木,False,False,0.0,2016-W10,2016-03
601288.SH,2016-03-10,3.15,3.21,-0.0187,1179985,374240.11,丙申,辛卯,辛卯,4,2016,3,1,-0.018868484304382805,0,辛,卯,金,木,辛,卯,金,木,False,False,0.009389740349838917,2016-W10,2016-03
601288.SH,2016-03-11,3.19,3.15,0.0127,1382085,437020.684,丙申,辛卯,壬辰,5,2016,3,1,0.012618463959211464,1,壬,辰,水,土,辛,卯,金,木,False,False,-0.018868484304382805,2016-W10,2016-03
601288.SH,2016-03-14,3.19,3.19,0.0,1471446,468904.398,丙申,辛卯,乙未,1,2016,3,1,0.0,0,乙,未,木,土,辛,卯,金,木,False,False,0.012618463959211464,2016-W11,2016-03
601288.SH,2016-03-15,3.19,3.19,0.0,1787681,567050.112,丙申,辛卯,丙申,2,2016,3,1,0.0,0,丙,申,火,金,辛,卯,金,木,False,False,0.0,2016-W11,2016-03
601288.SH,2016-03-16,3.25,3.19,0.0188,4521615,1459107.021,丙申,辛卯,丁酉,3,2016,3,1,0.01863407954489301,1,丁,酉,火,金,辛,卯,金,木,False,False,0.0,2016-W11,2016-03
601288.SH,2016-03-17,3.21,3.25,-0.0123,1789543,575115.936,丙申,辛卯,戊戌,4,2016,3,1,-0.012384059199721666,0,戊,戌,土,土,辛,卯,金,木,False,False,0.01863407954489301,2016-W11,2016-03
601288.SH,2016-03-18,3.22,3.21,0.0031,2296704,735884.594,丙申,辛卯,己亥,5,2016,3,1,0.003110422414392552,1,己,亥,土,水,辛,卯,金,木,False,False,-0.012384059199721666,2016-W11,2016-03
601288.SH,2016-03-21,3.21,3.22,-0.0031,2444573,785307.574,丙申,辛卯,壬寅,1,2016,3,1,-0.0031104224143925024,0,壬,寅,水,木,辛,卯,金,木,False,False,0.003110422414392552,2016-W12,2016-03
601288.SH,2016-03-22,3.18,3.21,-0.0093,1206303,385505.502,丙申,辛卯,癸卯,2,2016,3,1,-0.009389740349838919,0,癸,卯,水,木,辛,卯,金,木,False,False,-0.0031104224143925024,2016-W12,2016-03
601288.SH,2016-03-23,3.18,3.18,0.0,924696,294433.437,丙申,辛卯,甲辰,3,2016,3,1,0.0,0,甲,辰,木,土,辛,卯,金,木,False,False,-0.009389740349838919,2016-W12,2016-03
601288.SH,2016-03-24,3.16,3.18,-0.0063,809723,256274.605,丙申,辛卯,乙巳,4,2016,3,1,-0.00630916919326472,0,乙,巳,木,火,辛,卯,金,木,False,False,0.0,2016-W12,2016-03
601288.SH,2016-03-25,3.16,3.16,0.0,562644,177930.54,丙申,辛卯,丙午,5,2016,3,1,0.0,0,丙,午,火,火,辛,卯,金,木,False,False,-0.00630916919326472,2016-W12,2016-03
601288.SH,2016-03-28,3.15,3.16,-0.0032,855934,271224.817,丙申,辛卯,己酉,1,2016,3,1,-0.0031695747612791787,0,己,酉,土,金,辛,卯,金,木,False,True,0.0,2016-W13,2016-03
601288.SH,2016-03-29,3.15,3.15,0.0,1073904,338801.454,丙申,辛卯,庚戌,2,2016,3,1,0.0,0,庚,戌,金,土,辛,卯,金,木,False,True,-0.0031695747612791787,2016-W13,2016-03
601288.SH,2016-03-30,3.2,3.15,0.0159,1251288,398683.149,丙申,辛卯,辛亥,3,2016,3,1,0.01574835696813933,1,辛,亥,金,水,辛,卯,金,木,False,True,0.0,2016-W13,2016-03
601288.SH,2016-03-31,3.2,3.2,0.0,820844,262022.897,丙申,辛卯,壬子,4,2016,3,1,0.0,0,壬,子,水,水,辛,卯,金,木,False,True,0.01574835696813933,2016-W13,2016-03
601288.SH,2016-04-01,3.2,3.2,0.0,1155405,367538.427,丙申,辛卯,癸丑,5,2016,4,1,0.0,0,癸,丑,水,土,辛,卯,金,木,True,False,0.0,2016-W13,2016-04
601288.SH,2016-04-05,3.21,3.2,0.0031,1542619,492795.197,丙申,壬辰,丁巳,2,2016,4,1,0.0031201273362434566,1,丁,巳,火,火,壬,辰,水,土,True,False,0.0,2016-W14,2016-04
601288.SH,2016-04-06,3.18,3.21,-0.0093,805776,256831.966,丙申,壬辰,戊午,3,2016,4,1,-0.009389740349838919,0,戊,午,土,火,壬,辰,水,土,False,False,0.0031201273362434566,2016-W14,2016-04
601288.SH,2016-04-07,3.16,3.18,-0.0063,852654,270220.564,丙申,壬辰,己未,4,2016,4,1,-0.00630916919326472,0,己,未,土,土,壬,辰,水,土,False,False,-0.009389740349838919,2016-W14,2016-04
601288.SH,2016-04-08,3.16,3.16,0.0,777714,245251.873,丙申,壬辰,庚申,5,2016,4,1,0.0,0,庚,申,金,金,壬,辰,水,土,False,False,-0.00630916919326472,2016-W14,2016-04
601288.SH,2016-04-11,3.17,3.16,0.0032,986950,313141.157,丙申,壬辰,癸亥,1,2016,4,1,0.003159560290368518,1,癸,亥,水,水,壬,辰,水,土,False,False,0.0,2016-W15,2016-04
601288.SH,2016-04-12,3.16,3.17,-0.0032,617992,195532.773,丙申,壬辰,甲子,2,2016,4,1,-0.0031595602903684815,0,甲,子,木,水,壬,辰,水,土,False,False,0.003159560290368518,2016-W15,2016-04
601288.SH,2016-04-13,3.19,3.16,0.0095,1908483,609347.47,丙申,壬辰,乙丑,3,2016,4,1,0.009448889197932289,1,乙,丑,木,土,壬,辰,水,土,False,False,-0.0031595602903684815,2016-W15,2016-04
601288.SH,2016-04-14,3.19,3.19,0.0,747041,238319.17,丙申,壬辰,丙寅,4,2016,4,1,0.0,0,丙,寅,火,木,壬,辰,水,土,False,False,0.009448889197932289,2016-W15,2016-04
601288.SH,2016-04-15,3.18,3.19,-0.0031,728665,231944.337,丙申,壬辰,丁卯,5,2016,4,1,-0.003139720004667641,0,丁,卯,火,木,壬,辰,水,土,False,False,0.0,2016-W15,2016-04
601288.SH,2016-04-18,3.16,3.18,-0.0063,774496,244885.719,丙申,壬辰,庚午,1,2016,4,1,-0.00630916919326472,0,庚,午,金,火,壬,辰,水,土,False,False,-0.003139720004667641,2016-W16,2016-04
601288.SH,2016-04-19,3.16,3.16,0.0,680667,214976.04,丙申,壬辰,辛未,2,2016,4,1,0.0,0,辛,未,金,土,壬,辰,水,土,False,False,-0.00630916919326472,2016-W16,2016-04
601288.SH,2016-04-20,3.14,3.16,-0.0063,2384006,744209.576,丙申,壬辰,壬申,3,2016,4,1,-0.00634922767865878,0,壬,申,水,金,壬,辰,水,土,False,False,0.0,2016-W16,2016-04
601288.SH,2016-04-21,3.11,3.14,-0.0096,775425,242419.876,丙申,壬辰,癸酉,4,2016,4,1,-0.009600073729019342,0,癸,酉,水,金,壬,辰,水,土,False,False,-0.00634922767865878,2016-W16,2016-04
601288.SH,2016-04-22,3.13,3.11,0.0064,840423,262848.76,丙申,壬辰,甲戌,5,2016,4,1,0.006410278360919019,1,甲,戌,木,土,壬,辰,水,土,False,False,-0.009600073729019342,2016-W16,2016-04
601288.SH,2016-04-25,3.13,3.13,0.0,807158,251872.828,丙申,壬辰,丁丑,1,2016,4,1,0.0,0,丁,丑,火,土,壬,辰,水,土,False,False,0.006410278360919019,2016-W17,2016-04
601288.SH,2016-04-26,3.13,3.13,0.0,553558,173221.573,丙申,壬辰,戊寅,2,2016,4,1,0.0,0,戊,寅,土,木,壬,辰,水,土,False,True,0.0,2016-W17,2016-04
601288.SH,2016-04-27,3.12,3.13,-0.0032,407739,127478.572,丙申,壬辰,己卯,3,2016,4,1,-0.003200002730670791,0,己,卯,土,木,壬,辰,水,土,False,True,0.0,2016-W17,2016-04
601288.SH,2016-04-28,3.13,3.12,0.0032,607284,189872.524,丙申,壬辰,庚辰,4,2016,4,1,0.0032000027306708497,1,庚,辰,金,土,壬,辰,水,土,False,True,-0.003200002730670791,2016-W17,2016-04
601288.SH,2016-04-29,3.12,3.13,-0.0032,708406,220888.435,丙申,壬辰,辛巳,5,2016,4,1,-0.003200002730670791,0,辛,巳,金,火,壬,辰,水,土,False,True,0.0032000027306708497,2016-W17,2016-04
601288.SH,2016-05-03,3.14,3.12,0.0064,1081403,338916.445,丙申,壬辰,乙酉,2,2016,5,1,0.006389798098770988,1,乙,酉,木,金,壬,辰,水,土,True,False,-0.003200002730670791,2016-W18,2016-05
601288.SH,2016-05-04,3.13,3.14,-0.0032,708878,221774.529,丙申,壬辰,丙戌,3,2016,5,1,-0.003189795368100261,0,丙,戌,火,土,壬,辰,水,土,True,False,0.006389798098770988,2016-W18,2016-05
601288.SH,2016-05-05,3.13,3.13,0.0,679529,212122.276,丙申,癸巳,丁亥,4,2016,5,1,0.0,0,丁,亥,火,水,癸,巳,水,火,True,False,-0.003189795368100261,2016-W18,2016-05
601288.SH,2016-05-06,3.1,3.13,-0.0096,1144285,355918.336,丙申,癸巳,戊子,5,2016,5,1,-0.009630893060961189,0,戊,子,土,水,癸,巳,水,火,False,False,0.0,2016-W18,2016-05
601288.SH,2016-05-09,3.07,3.1,-0.0097,972347,299759.243,丙申,癸巳,辛卯,1,2016,5,1,-0.009724549891994857,0,辛,卯,金,木,癸,巳,水,火,False,False,-0.009630893060961189,2016-W19,2016-05
601288.SH,2016-05-10,3.07,3.07,0.0,850977,260850.517,丙申,癸巳,壬辰,2,2016,5,1,0.0,0,壬,辰,水,土,癸,巳,水,火,False,False,-0.009724549891994857,2016-W19,2016-05
601288.SH,2016-05-11,3.07,3.07,0.0,946720,289997.062,丙申,癸巳,癸巳,3,2016,5,1,0.0,0,癸,巳,水,火,癸,巳,水,火,False,False,0.0,2016-W19,2016-05
601288.SH,2016-05-12,3.05,3.07,-0.0065,839045,256352.91,丙申,癸巳,甲午,4,2016,5,1,-0.006535970979785533,0,甲,午,木,火,癸,巳,水,火,False,False,0.0,2016-W19,2016-05
601288.SH,2016-05-13,3.05,3.05,0.0,699742,213618.831,丙申,癸巳,乙未,5,2016,5,1,0.0,0,乙,未,木,土,癸,巳,水,火,False,False,-0.006535970979785533,2016-W19,2016-05
601288.SH,2016-05-16,3.06,3.05,0.0033,471212,143851.711,丙申,癸巳,戊戌,1,2016,5,1,0.0032733253449693297,1,戊,戌,土,土,癸,巳,水,火,False,False,0.0,2016-W20,2016-05
601288.SH,2016-05-17,3.06,3.06,0.0,579095,176906.292,丙申,癸巳,己亥,2,2016,5,1,0.0,0,己,亥,土,水,癸,巳,水,火,False,False,0.0032733253449693297,2016-W20,2016-05
601288.SH,2016-05-18,3.06,3.06,0.0,1374487,419347.273,丙申,癸巳,庚子,3,2016,5,1,0.0,0,庚,子,金,水,癸,巳,水,火,False,False,0.0,2016-W20,2016-05
601288.SH,2016-05-19,3.07,3.06,0.0033,906080,278206.057,丙申,癸巳,辛丑,4,2016,5,1,0.0032626456348163694,1,辛,丑,金,土,癸,巳,水,火,False,False,0.0,2016-W20,2016-05
601288.SH,2016-05-20,3.08,3.07,0.0033,768284,236177.895,丙申,癸巳,壬寅,5,2016,5,1,0.003252035386377316,1,壬,寅,水,木,癸,巳,水,火,False,False,0.0032626456348163694,2016-W20,2016-05
601288.SH,2016-05-23,3.09,3.08,0.0032,844634,261191.72,丙申,癸巳,乙巳,1,2016,5,1,0.003241493924171023,1,乙,巳,木,火,癸,巳,水,火,False,False,0.003252035386377316,2016-W21,2016-05
601288.SH,2016-05-24,3.09,3.09,0.0,550334,170037.803,丙申,癸巳,丙午,2,2016,5,1,0.0,0,丙,午,火,火,癸,巳,水,火,False,False,0.003241493924171023,2016-W21,2016-05
601288.SH,2016-05-25,3.1,3.09,0.0032,444186,137575.577,丙申,癸巳,丁未,3,2016,5,1,0.00323102058144654,1,丁,未,火,土,癸,巳,水,火,False,False,0.0,2016-W21,2016-05
601288.SH,2016-05-26,3.1,3.1,0.0,704419,218462.674,丙申,癸巳,戊申,4,2016,5,1,0.0,0,戊,申,土,金,癸,巳,水,火,False,False,0.00323102058144654,2016-W21,2016-05
601288.SH,2016-05-27,3.1,3.1,0.0,665333,206348.354,丙申,癸巳,己酉,5,2016,5,1,0.0,0,己,酉,土,金,癸,巳,水,火,False,True,0.0,2016-W21,2016-05
601288.SH,2016-05-30,3.13,3.1,0.0097,780858,243241.363,丙申,癸巳,壬子,1,2016,5,1,0.009630893060961146,1,壬,子,水,水,癸,巳,水,火,False,True,0.0,2016-W22,2016-05
601288.SH,2016-05-31,3.19,3.13,0.0192,1533157,486419.574,丙申,癸巳,癸丑,2,2016,5,1,0.01898791224469138,1,癸,丑,水,土,癸,巳,水,火,False,True,0.009630893060961146,2016-W22,2016-05
601288.SH,2016-06-01,3.16,3.19,-0.0094,1104516,350670.738,丙申,癸巳,甲寅,3,2016,6,1,-0.009448889197932396,0,甲,寅,木,木,癸,巳,水,火,True,False,0.01898791224469138,2016-W22,2016-06
601288.SH,2016-06-02,3.16,3.16,0.0,634001,200569.093,丙申,癸巳,乙卯,4,2016,6,1,0.0,0,乙,卯,木,木,癸,巳,水,火,True,False,-0.009448889197932396,2016-W22,2016-06
601288.SH,2016-06-03,3.19,3.16,0.0095,835986,265104.432,丙申,癸巳,丙辰,5,2016,6,1,0.009448889197932289,1,丙,辰,火,土,癸,巳,水,火,True,False,0.0,2016-W22,2016-06
601288.SH,2016-06-06,3.18,3.19,-0.0031,672879,213730.363,丙申,甲午,己未,1,2016,6,1,-0.003139720004667641,0,己,未,土,土,甲,午,木,火,False,False,0.009448889197932289,2016-W23,2016-06
601288.SH,2016-06-07,3.17,3.18,-0.0031,499123,158483.687,丙申,甲午,庚申,2,2016,6,1,-0.0031496089028963314,0,庚,申,金,金,甲,午,木,火,False,False,-0.003139720004667641,2016-W23,2016-06
601288.SH,2016-06-08,3.18,3.17,0.0032,617744,195863.978,丙申,甲午,辛酉,3,2016,6,1,0.0031496089028962013,1,辛,酉,金,金,甲,午,木,火,False,False,-0.0031496089028963314,2016-W23,2016-06
601288.SH,2016-06-13,3.15,3.18,-0.0094,954339,301915.68,丙申,甲午,丙寅,1,2016,6,1,-0.009478743954543883,0,丙,寅,火,木,甲,午,木,火,False,False,0.0031496089028962013,2016-W24,2016-06
601288.SH,2016-06-14,3.16,3.15,0.0032,887281,280555.862,丙申,甲午,丁卯,2,2016,6,1,0.0031695747612790395,1,丁,卯,火,木,甲,午,木,火,False,False,-0.009478743954543883,2016-W24,2016-06
601288.SH,2016-06-15,3.16,3.16,0.0,758424,239639.523,丙申,甲午,戊辰,3,2016,6,1,0.0,0,戊,辰,土,土,甲,午,木,火,False,False,0.0031695747612790395,2016-W24,2016-06
601288.SH,2016-06-16,3.16,3.16,0.0,595619,187998.531,丙申,甲午,己巳,4,2016,6,1,0.0,0,己,巳,土,火,甲,午,木,火,False,False,0.0,2016-W24,2016-06
601288.SH,2016-06-17,3.17,3.16,0.0032,679231,215253.67,丙申,甲午,庚午,5,2016,6,1,0.003159560290368518,1,庚,午,金,火,甲,午,木,火,False,False,0.0,2016-W24,2016-06
601288.SH,2016-06-20,3.18,3.17,0.0032,405585,128543.958,丙申,甲午,癸酉,1,2016,6,1,0.0031496089028962013,1,癸,酉,水,金,甲,午,木,火,False,False,0.003159560290368518,2016-W25,2016-06
601288.SH,2016-06-21,3.17,3.18,-0.0031,553782,175749.933,丙申,甲午,甲戌,2,2016,6,1,-0.0031496089028963314,0,甲,戌,木,土,甲,午,木,火,False,False,0.0031496089028962013,2016-W25,2016-06
601288.SH,2016-06-22,3.17,3.17,0.0,715364,227194.904,丙申,甲午,乙亥,3,2016,6,1,0.0,0,乙,亥,木,水,甲,午,木,火,False,False,-0.0031496089028963314,2016-W25,2016-06
601288.SH,2016-06-23,3.18,3.17,0.0032,568924,180926.474,丙申,甲午,丙子,4,2016,6,1,0.0031496089028962013,1,丙,子,火,水,甲,午,木,火,False,False,0.0,2016-W25,2016-06
601288.SH,2016-06-24,3.17,3.18,-0.0031,826459,261932.182,丙申,甲午,丁丑,5,2016,6,1,-0.0031496089028963314,0,丁,丑,火,土,甲,午,木,火,False,False,0.0031496089028962013,2016-W25,2016-06
601288.SH,2016-06-27,3.17,3.17,0.0,569437,180061.384,丙申,甲午,庚辰,1,2016,6,1,0.0,0,庚,辰,金,土,甲,午,木,火,False,True,-0.0031496089028963314,2016-W26,2016-06
601288.SH,2016-06-28,3.17,3.17,0.0,498431,157481.336,丙申,甲午,辛巳,2,2016,6,1,0.0,0,辛,巳,金,火,甲,午,木,火,False,True,0.0,2016-W26,2016-06
601288.SH,2016-06-29,3.18,3.17,0.0032,688684,218727.825,丙申,甲午,壬午,3,2016,6,1,0.0031496089028962013,1,壬,午,水,火,甲,午,木,火,False,True,0.0,2016-W26,2016-06
601288.SH,2016-06-30,3.2,3.18,0.0063,1080193,345820.917,丙申,甲午,癸未,4,2016,6,1,0.006269613013595395,1,癸,未,水,土,甲,午,木,火,False,True,0.0031496089028962013,2016-W26,2016-06
601288.SH,2016-07-01,3.22,3.2,0.0063,808962,260182.89,丙申,甲午,甲申,5,2016,7,1,0.006230549750636163,1,甲,申,木,金,甲,午,木,火,True,False,0.006269613013595395,2016-W26,2016-07
601288.SH,2016-07-04,3.27,3.22,0.0155,1096848,356835.446,丙申,甲午,丁亥,1,2016,7,1,0.015408625352845061,1,丁,亥,火,水,甲,午,木,火,True,False,0.006230549750636163,2016-W27,2016-07
601288.SH,2016-07-05,3.27,3.27,0.0,895469,292457.665,丙申,甲午,戊子,2,2016,7,1,0.0,0,戊,子,土,水,甲,午,木,火,True,False,0.015408625352845061,2016-W27,2016-07
601288.SH,2016-07-06,3.28,3.27,0.0031,1537895,502353.577,丙申,甲午,己丑,3,2016,7,1,0.003053437486890248,1,己,丑,土,土,甲,午,木,火,False,False,0.0,2016-W27,2016-07
601288.SH,2016-07-07,3.1,3.11,-0.0032,1593078,493495.044,丙申,乙未,庚寅,4,2016,7,1,-0.003220614700042172,0,庚,寅,金,木,乙,未,木,土,False,False,0.003053437486890248,2016-W27,2016-07
601288.SH,2016-07-08,3.07,3.1,-0.0097,865606,266268.999,丙申,乙未,辛卯,5,2016,7,1,-0.009724549891994857,0,辛,卯,金,木,乙,未,木,土,False,False,-0.003220614700042172,2016-W27,2016-07
601288.SH,2016-07-11,3.08,3.07,0.0033,760332,234514.869,丙申,乙未,甲午,1,2016,7,1,0.003252035386377316,1,甲,午,木,火,乙,未,木,土,False,False,-0.009724549891994857,2016-W28,2016-07
601288.SH,2016-07-12,3.13,3.08,0.0162,1478779,459801.499,丙申,乙未,乙未,2,2016,7,1,0.016103407566578673,1,乙,未,木,土,乙,未,木,土,False,False,0.003252035386377316,2016-W28,2016-07
601288.SH,2016-07-13,3.15,3.13,0.0064,1772607,556056.006,丙申,乙未,丙申,3,2016,7,1,0.0063694482854799285,1,丙,申,火,金,乙,未,木,土,False,False,0.016103407566578673,2016-W28,2016-07
601288.SH,2016-07-14,3.12,3.15,-0.0095,1040131,324395.502,丙申,乙未,丁酉,4,2016,7,1,-0.009569451016150672,0,丁,酉,火,金,乙,未,木,土,False,False,0.0063694482854799285,2016-W28,2016-07
601288.SH,2016-07-15,3.12,3.12,0.0,889914,277159.289,丙申,乙未,戊戌,5,2016,7,1,0.0,0,戊,戌,土,土,乙,未,木,土,False,False,-0.009569451016150672,2016-W28,2016-07
601288.SH,2016-07-18,3.12,3.12,0.0,1220830,381092.0,丙申,乙未,辛丑,1,2016,7,1,0.0,0,辛,丑,金,土,乙,未,木,土,False,False,0.0,2016-W29,2016-07
601288.SH,2016-07-19,3.1,3.12,-0.0064,955791,296970.696,丙申,乙未,壬寅,2,2016,7,1,-0.0064308903302904025,0,壬,寅,水,木,乙,未,木,土,False,False,0.0,2016-W29,2016-07
601288.SH,2016-07-20,3.09,3.1,-0.0032,674667,208466.75,丙申,乙未,癸卯,3,2016,7,1,-0.003231020581446532,0,癸,卯,水,木,乙,未,木,土,False,False,-0.0064308903302904025,2016-W29,2016-07
601288.SH,2016-07-21,3.1,3.09,0.0032,656740,203489.938,丙申,乙未,甲辰,4,2016,7,1,0.00323102058144654,1,甲,辰,木,土,乙,未,木,土,False,False,-0.003231020581446532,2016-W29,2016-07
601288.SH,2016-07-22,3.09,3.1,-0.0032,596559,184198.452,丙申,乙未,乙巳,5,2016,7,1,-0.003231020581446532,0,乙,巳,木,火,乙,未,木,土,False,False,0.00323102058144654,2016-W29,2016-07
601288.SH,2016-07-25,3.1,3.09,0.0032,726086,224610.884,丙申,乙未,戊申,1,2016,7,1,0.00323102058144654,1,戊,申,土,金,乙,未,木,土,False,False,-0.003231020581446532,2016-W30,2016-07
601288.SH,2016-07-26,3.12,3.1,0.0065,725613,225438.783,丙申,乙未,己酉,2,2016,7,1,0.006430890330290332,1,己,酉,土,金,乙,未,木,土,False,False,0.00323102058144654,2016-W30,2016-07
601288.SH,2016-07-27,3.12,3.12,0.0,1611620,500079.966,丙申,乙未,庚戌,3,2016,7,1,0.0,0,庚,戌,金,土,乙,未,木,土,False,True,0.006430890330290332,2016-W30,2016-07
601288.SH,2016-07-28,3.1,3.12,-0.0064,628277,195008.215,丙申,乙未,辛亥,4,2016,7,1,-0.0064308903302904025,0,辛,亥,金,水,乙,未,木,土,False,True,0.0,2016-W30,2016-07
601288.SH,2016-07-29,3.11,3.1,0.0032,482038,149674.065,丙申,乙未,壬子,5,2016,7,1,0.003220614700042157,1,壬,子,水,水,乙,未,木,土,False,True,-0.0064308903302904025,2016-W30,2016-07
601288.SH,2016-08-01,3.12,3.11,0.0032,1115964,346705.844,丙申,乙未,乙卯,1,2016,8,1,0.0032102756302481894,1,乙,卯,木,木,乙,未,木,土,True,False,0.003220614700042157,2016-W31,2016-08
601288.SH,2016-08-02,3.12,3.12,0.0,615009,191685.57,丙申,乙未,丙辰,2,2016,8,1,0.0,0,丙,辰,火,土,乙,未,木,土,True,False,0.0032102756302481894,2016-W31,2016-08
601288.SH,2016-08-03,3.11,3.12,-0.0032,455423,141817.615,丙申,乙未,丁巳,3,2016,8,1,-0.0032102756302483213,0,丁,巳,火,火,乙,未,木,土,True,False,0.0,2016-W31,2016-08
601288.SH,2016-08-04,3.12,3.11,0.0032,920005,285953.301,丙申,乙未,戊午,4,2016,8,1,0.0032102756302481894,1,戊,午,土,火,乙,未,木,土,True,False,-0.0032102756302483213,2016-W31,2016-08
601288.SH,2016-08-05,3.12,3.12,0.0,625730,194770.477,丙申,乙未,己未,5,2016,8,1,0.0,0,己,未,土,土,乙,未,木,土,True,False,0.0032102756302481894,2016-W31,2016-08
601288.SH,2016-08-08,3.12,3.12,0.0,749354,233256.9,丙申,丙申,壬戌,1,2016,8,1,0.0,0,壬,戌,水,土,丙,申,火,金,False,False,0.0,2016-W32,2016-08
601288.SH,2016-08-09,3.13,3.12,0.0032,1342069,419161.278,丙申,丙申,癸亥,2,2016,8,1,0.0032000027306708497,1,癸,亥,水,水,丙,申,火,金,False,False,0.0,2016-W32,2016-08
601288.SH,2016-08-10,3.14,3.13,0.0032,719292,225299.052,丙申,丙申,甲子,3,2016,8,1,0.003189795368100302,1,甲,子,木,水,丙,申,火,金,False,False,0.0032000027306708497,2016-W32,2016-08
601288.SH,2016-08-11,3.16,3.14,0.0064,2042573,646227.992,丙申,丙申,乙丑,4,2016,8,1,0.0063492276786587445,1,乙,丑,木,土,丙,申,火,金,False,False,0.003189795368100302,2016-W32,2016-08
601288.SH,2016-08-12,3.21,3.16,0.0158,2228816,711113.7,丙申,丙申,丙寅,5,2016,8,1,0.015698909543103615,1,丙,寅,火,木,丙,申,火,金,False,False,0.0063492276786587445,2016-W32,2016-08
601288.SH,2016-08-15,3.25,3.21,0.0125,2689056,875524.979,丙申,丙申,己巳,1,2016,8,1,0.012384059199721622,1,己,巳,土,火,丙,申,火,金,False,False,0.015698909543103615,2016-W33,2016-08
601288.SH,2016-08-16,3.2,3.25,-0.0154,3199686,1026235.824,丙申,丙申,庚午,2,2016,8,1,-0.015504186535965199,0,庚,午,金,火,丙,申,火,金,False,False,0.012384059199721622,2016-W33,2016-08
601288.SH,2016-08-17,3.18,3.2,-0.0063,951220,302882.14,丙申,丙申,辛未,3,2016,8,1,-0.006269613013595373,0,辛,未,金,土,丙,申,火,金,False,False,-0.015504186535965199,2016-W33,2016-08
601288.SH,2016-08-18,3.18,3.18,0.0,914536,291081.89,丙申,丙申,壬申,4,2016,8,1,0.0,0,壬,申,水,金,丙,申,火,金,False,False,-0.006269613013595373,2016-W33,2016-08
601288.SH,2016-08-19,3.18,3.18,0.0,607766,193290.018,丙申,丙申,癸酉,5,2016,8,1,0.0,0,癸,酉,水,金,丙,申,火,金,False,False,0.0,2016-W33,2016-08
601288.SH,2016-08-22,3.2,3.18,0.0063,1518314,484234.938,丙申,丙申,丙子,1,2016,8,1,0.006269613013595395,1,丙,子,火,水,丙,申,火,金,False,False,0.0,2016-W34,2016-08
601288.SH,2016-08-23,3.21,3.2,0.0031,1273775,409479.463,丙申,丙申,丁丑,2,2016,8,1,0.0031201273362434566,1,丁,丑,火,土,丙,申,火,金,False,False,0.006269613013595395,2016-W34,2016-08
601288.SH,2016-08-24,3.21,3.21,0.0,850730,272762.911,丙申,丙申,戊寅,3,2016,8,1,0.0,0,戊,寅,土,木,丙,申,火,金,False,False,0.0031201273362434566,2016-W34,2016-08
601288.SH,2016-08-25,3.22,3.21,0.0031,901566,288929.334,丙申,丙申,己卯,4,2016,8,1,0.003110422414392552,1,己,卯,土,木,丙,申,火,金,False,False,0.0,2016-W34,2016-08
601288.SH,2016-08-26,3.2,3.22,-0.0062,556907,178849.778,丙申,丙申,庚辰,5,2016,8,1,-0.0062305497506360856,0,庚,辰,金,土,丙,申,火,金,False,False,0.003110422414392552,2016-W34,2016-08
601288.SH,2016-08-29,3.18,3.2,-0.0063,956119,304310.095,丙申,丙申,癸未,1,2016,8,1,-0.006269613013595373,0,癸,未,水,土,丙,申,火,金,False,True,-0.0062305497506360856,2016-W35,2016-08
601288.SH,2016-08-30,3.21,3.18,0.0094,1061560,338987.741,丙申,丙申,甲申,2,2016,8,1,0.009389740349838917,1,甲,申,木,金,丙,申,火,金,False,True,-0.006269613013595373,2016-W35,2016-08
601288.SH,2016-08-31,3.21,3.21,0.0,616479,197342.605,丙申,丙申,乙酉,3,2016,8,1,0.0,0,乙,酉,木,金,丙,申,火,金,False,True,0.009389740349838917,2016-W35,2016-08
601288.SH,2016-09-01,3.18,3.21,-0.0093,1155876,369546.668,丙申,丙申,丙戌,4,2016,9,1,-0.009389740349838919,0,丙,戌,火,土,丙,申,火,金,True,False,0.0,2016-W35,2016-09
601288.SH,2016-09-02,3.19,3.18,0.0031,1229367,392450.616,丙申,丙申,丁亥,5,2016,9,1,0.003139720004667625,1,丁,亥,火,水,丙,申,火,金,True,False,-0.009389740349838919,2016-W35,2016-09
601288.SH,2016-09-05,3.19,3.19,0.0,1017592,325155.391,丙申,丙申,庚寅,1,2016,9,1,0.0,0,庚,寅,金,木,丙,申,火,金,True,False,0.003139720004667625,2016-W36,2016-09
601288.SH,2016-09-06,3.2,3.19,0.0031,1122876,359619.359,丙申,丙申,辛卯,2,2016,9,1,0.003129893008927787,1,辛,卯,金,木,丙,申,火,金,False,False,0.0,2016-W36,2016-09
601288.SH,2016-09-07,3.2,3.2,0.0,957026,306391.623,丙申,丁酉,壬辰,3,2016,9,1,0.0,0,壬,辰,水,土,丁,酉,火,金,False,False,0.003129893008927787,2016-W36,2016-09
601288.SH,2016-09-08,3.2,3.2,0.0,818243,261475.968,丙申,丁酉,癸巳,4,2016,9,1,0.0,0,癸,巳,水,火,丁,酉,火,金,False,False,0.0,2016-W36,2016-09
601288.SH,2016-09-09,3.19,3.2,-0.0031,685683,218915.294,丙申,丁酉,甲午,5,2016,9,1,-0.0031298930089277044,0,甲,午,木,火,丁,酉,火,金,False,False,0.0,2016-W36,2016-09
601288.SH,2016-09-12,3.14,3.19,-0.0157,1607206,506920.114,丙申,丁酉,丁酉,1,2016,9,1,-0.015798116876591176,0,丁,酉,火,金,丁,酉,火,金,False,False,-0.0031298930089277044,2016-W37,2016-09
601288.SH,2016-09-13,3.15,3.14,0.0032,856343,268934.144,丙申,丁酉,戊戌,2,2016,9,1,0.0031796529173795844,1,戊,戌,土,土,丁,酉,火,金,False,False,-0.015798116876591176,2016-W37,2016-09
601288.SH,2016-09-14,3.11,3.15,-0.0127,935117,291772.781,丙申,丁酉,己亥,3,2016,9,1,-0.012779726646398995,0,己,亥,土,水,丁,酉,火,金,False,False,0.0031796529173795844,2016-W37,2016-09
601288.SH,2016-09-19,3.12,3.11,0.0032,691437,215504.662,丙申,丁酉,甲辰,1,2016,9,1,0.0032102756302481894,1,甲,辰,木,土,丁,酉,火,金,False,False,-0.012779726646398995,2016-W38,2016-09
601288.SH,2016-09-20,3.12,3.12,0.0,711210,222096.246,丙申,丁酉,乙巳,2,2016,9,1,0.0,0,乙,巳,木,火,丁,酉,火,金,False,False,0.0032102756302481894,2016-W38,2016-09
601288.SH,2016-09-21,3.13,3.12,0.0032,752931,235646.26,丙申,丁酉,丙午,3,2016,9,1,0.0032000027306708497,1,丙,午,火,火,丁,酉,火,金,False,False,0.0,2016-W38,2016-09
601288.SH,2016-09-22,3.14,3.13,0.0032,628998,197707.126,丙申,丁酉,丁未,4,2016,9,1,0.003189795368100302,1,丁,未,火,土,丁,酉,火,金,False,False,0.0032000027306708497,2016-W38,2016-09
601288.SH,2016-09-23,3.15,3.14,0.0032,405699,127601.455,丙申,丁酉,戊申,5,2016,9,1,0.0031796529173795844,1,戊,申,土,金,丁,酉,火,金,False,False,0.003189795368100302,2016-W38,2016-09
601288.SH,2016-09-26,3.12,3.15,-0.0095,847751,265509.385,丙申,丁酉,辛亥,1,2016,9,1,-0.009569451016150672,0,辛,亥,金,水,丁,酉,火,金,False,True,0.0031796529173795844,2016-W39,2016-09
601288.SH,2016-09-27,3.15,3.12,0.0096,863415,270228.298,丙申,丁酉,壬子,2,2016,9,1,0.009569451016150672,1,壬,子,水,水,丁,酉,火,金,False,True,-0.009569451016150672,2016-W39,2016-09
601288.SH,2016-09-28,3.13,3.15,-0.0063,475698,149038.826,丙申,丁酉,癸丑,3,2016,9,1,-0.006369448285479823,0,癸,丑,水,土,丁,酉,火,金,False,True,0.009569451016150672,2016-W39,2016-09
601288.SH,2016-09-29,3.14,3.13,0.0032,450600,141277.815,丙申,丁酉,甲寅,4,2016,9,1,0.003189795368100302,1,甲,寅,木,木,丁,酉,火,金,False,True,-0.006369448285479823,2016-W39,2016-09
601288.SH,2016-09-30,3.13,3.14,-0.0032,339622,106403.593,丙申,丁酉,乙卯,5,2016,9,1,-0.003189795368100261,0,乙,卯,木,木,丁,酉,火,金,False,True,0.003189795368100302,2016-W39,2016-09
601288.SH,2016-10-10,3.15,3.13,0.0064,1147618,360419.573,丙申,戊戌,乙丑,1,2016,10,1,0.0063694482854799285,1,乙,丑,木,土,戊,戌,土,土,False,False,-0.003189795368100261,2016-W41,2016-10
601288.SH,2016-10-11,3.14,3.15,-0.0032,653991,205828.949,丙申,戊戌,丙寅,2,2016,10,1,-0.0031796529173795727,0,丙,寅,火,木,戊,戌,土,土,False,False,0.0063694482854799285,2016-W41,2016-10
601288.SH,2016-10-12,3.14,3.14,0.0,594528,186797.806,丙申,戊戌,丁卯,3,2016,10,1,0.0,0,丁,卯,火,木,戊,戌,土,土,False,False,-0.0031796529173795727,2016-W41,2016-10
601288.SH,2016-10-13,3.14,3.14,0.0,643814,202120.106,丙申,戊戌,戊辰,4,2016,10,1,0.0,0,戊,辰,土,土,戊,戌,土,土,False,False,0.0,2016-W41,2016-10
601288.SH,2016-10-14,3.14,3.14,0.0,394496,123676.42,丙申,戊戌,己巳,5,2016,10,1,0.0,0,己,巳,土,火,戊,戌,土,土,False,False,0.0,2016-W41,2016-10
601288.SH,2016-10-17,3.13,3.14,-0.0032,643333,201414.677,丙申,戊戌,壬申,1,2016,10,1,-0.003189795368100261,0,壬,申,水,金,戊,戌,土,土,False,False,0.0,2016-W42,2016-10
601288.SH,2016-10-18,3.14,3.13,0.0032,963810,302068.091,丙申,戊戌,癸酉,2,2016,10,1,0.003189795368100302,1,癸,酉,水,金,戊,戌,土,土,False,False,-0.003189795368100261,2016-W42,2016-10
601288.SH,2016-10-19,3.14,3.14,0.0,514613,161886.997,丙申,戊戌,甲戌,3,2016,10,1,0.0,0,甲,戌,木,土,戊,戌,土,土,False,False,0.003189795368100302,2016-W42,2016-10
601288.SH,2016-10-20,3.14,3.14,0.0,359788,113091.127,丙申,戊戌,乙亥,4,2016,10,1,0.0,0,乙,亥,木,水,戊,戌,土,土,False,False,0.0,2016-W42,2016-10
601288.SH,2016-10-21,3.14,3.14,0.0,616940,193750.132,丙申,戊戌,丙子,5,2016,10,1,0.0,0,丙,子,火,水,戊,戌,土,土,False,False,0.0,2016-W42,2016-10
601288.SH,2016-10-24,3.17,3.14,0.0096,1580858,500307.377,丙申,戊戌,己卯,1,2016,10,1,0.009508787969027136,1,己,卯,土,木,戊,戌,土,土,False,False,0.0,2016-W43,2016-10
601288.SH,2016-10-25,3.18,3.17,0.0032,1226882,390123.161,丙申,戊戌,庚辰,2,2016,10,1,0.0031496089028962013,1,庚,辰,金,土,戊,戌,土,土,False,False,0.009508787969027136,2016-W43,2016-10
601288.SH,2016-10-26,3.16,3.18,-0.0063,583868,185014.005,丙申,戊戌,辛巳,3,2016,10,1,-0.00630916919326472,0,辛,巳,金,火,戊,戌,土,土,False,False,0.0031496089028962013,2016-W43,2016-10
601288.SH,2016-10-27,3.15,3.16,-0.0032,600765,189496.695,丙申,戊戌,壬午,4,2016,10,1,-0.0031695747612791787,0,壬,午,水,火,戊,戌,土,土,False,True,-0.00630916919326472,2016-W43,2016-10
601288.SH,2016-10-28,3.17,3.15,0.0063,753428,238358.003,丙申,戊戌,癸未,5,2016,10,1,0.00632913505164753,1,癸,未,水,土,戊,戌,土,土,False,True,-0.0031695747612791787,2016-W43,2016-10
601288.SH,2016-10-31,3.16,3.17,-0.0032,587930,185447.48,丙申,戊戌,丙戌,1,2016,10,1,-0.0031595602903684815,0,丙,戌,火,土,戊,戌,土,土,False,True,0.00632913505164753,2016-W44,2016-10
601288.SH,2016-11-01,3.17,3.16,0.0032,589707,186457.55,丙申,戊戌,丁亥,2,2016,11,1,0.003159560290368518,1,丁,亥,火,水,戊,戌,土,土,True,False,-0.0031595602903684815,2016-W44,2016-11
601288.SH,2016-11-02,3.16,3.17,-0.0032,562213,177332.083,丙申,戊戌,戊子,3,2016,11,1,-0.0031595602903684815,0,戊,子,土,水,戊,戌,土,土,True,False,0.003159560290368518,2016-W44,2016-11
601288.SH,2016-11-03,3.15,3.16,-0.0032,613703,193382.311,丙申,戊戌,己丑,4,2016,11,1,-0.0031695747612791787,0,己,丑,土,土,戊,戌,土,土,True,False,-0.0031595602903684815,2016-W44,2016-11
601288.SH,2016-11-04,3.15,3.15,0.0,785850,247542.0,丙申,戊戌,庚寅,5,2016,11,1,0.0,0,庚,寅,金,木,戊,戌,土,土,True,False,-0.0031695747612791787,2016-W44,2016-11
601288.SH,2016-11-07,3.16,3.15,0.0032,845757,266365.15,丙申,己亥,癸巳,1,2016,11,1,0.0031695747612790395,1,癸,巳,水,火,己,亥,土,水,False,False,0.0,2016-W45,2016-11
601288.SH,2016-11-08,3.18,3.16,0.0063,1627493,516092.905,丙申,己亥,甲午,2,2016,11,1,0.006309169193264756,1,甲,午,木,火,己,亥,土,水,False,False,0.0031695747612790395,2016-W45,2016-11
601288.SH,2016-11-09,3.15,3.18,-0.0094,1597853,503668.32,丙申,己亥,乙未,3,2016,11,1,-0.009478743954543883,0,乙,未,木,土,己,亥,土,水,False,False,0.006309169193264756,2016-W45,2016-11
601288.SH,2016-11-10,3.17,3.15,0.0063,664842,210425.18,丙申,己亥,丙申,4,2016,11,1,0.00632913505164753,1,丙,申,火,金,己,亥,土,水,False,False,-0.009478743954543883,2016-W45,2016-11
601288.SH,2016-11-11,3.17,3.17,0.0,1187553,375127.59,丙申,己亥,丁酉,5,2016,11,1,0.0,0,丁,酉,火,金,己,亥,土,水,False,False,0.00632913505164753,2016-W45,2016-11
601288.SH,2016-11-14,3.17,3.17,0.0,1128986,357509.103,丙申,己亥,庚子,1,2016,11,1,0.0,0,庚,子,金,水,己,亥,土,水,False,False,0.0,2016-W46,2016-11
601288.SH,2016-11-15,3.16,3.17,-0.0032,1216915,385049.347,丙申,己亥,辛丑,2,2016,11,1,-0.0031595602903684815,0,辛,丑,金,土,己,亥,土,水,False,False,0.0,2016-W46,2016-11
601288.SH,2016-11-16,3.16,3.16,0.0,701280,221892.443,丙申,己亥,壬寅,3,2016,11,1,0.0,0,壬,寅,水,木,己,亥,土,水,False,False,-0.0031595602903684815,2016-W46,2016-11
601288.SH,2016-11-17,3.16,3.16,0.0,611585,193096.475,丙申,己亥,癸卯,4,2016,11,1,0.0,0,癸,卯,水,木,己,亥,土,水,False,False,0.0,2016-W46,2016-11
601288.SH,2016-11-18,3.17,3.16,0.0032,611436,193339.235,丙申,己亥,甲辰,5,2016,11,1,0.003159560290368518,1,甲,辰,木,土,己,亥,土,水,False,False,0.0,2016-W46,2016-11
601288.SH,2016-11-21,3.18,3.17,0.0032,1654741,524742.014,丙申,己亥,丁未,1,2016,11,1,0.0031496089028962013,1,丁,未,火,土,己,亥,土,水,False,False,0.003159560290368518,2016-W47,2016-11
601288.SH,2016-11-22,3.19,3.18,0.0031,2051529,653396.458,丙申,己亥,戊申,2,2016,11,1,0.003139720004667625,1,戊,申,土,金,己,亥,土,水,False,False,0.0031496089028962013,2016-W47,2016-11
601288.SH,2016-11-23,3.21,3.19,0.0063,3825951,1225589.488,丙申,己亥,己酉,3,2016,11,1,0.006250020345171326,1,己,酉,土,金,己,亥,土,水,False,False,0.003139720004667625,2016-W47,2016-11
601288.SH,2016-11-24,3.19,3.21,-0.0062,1304237,416597.874,丙申,己亥,庚戌,4,2016,11,1,-0.006250020345171294,0,庚,戌,金,土,己,亥,土,水,False,False,0.006250020345171326,2016-W47,2016-11
601288.SH,2016-11-25,3.22,3.19,0.0094,2176574,698011.144,丙申,己亥,辛亥,5,2016,11,1,0.009360442759563893,1,辛,亥,金,水,己,亥,土,水,False,False,-0.006250020345171294,2016-W47,2016-11
601288.SH,2016-11-28,3.22,3.22,0.0,5763080,1862053.66,丙申,己亥,甲寅,1,2016,11,1,0.0,0,甲,寅,木,木,己,亥,土,水,False,True,0.009360442759563893,2016-W48,2016-11
601288.SH,2016-11-29,3.23,3.22,0.0031,2359992,760254.547,丙申,己亥,乙卯,2,2016,11,1,0.0031007776782481854,1,乙,卯,木,木,己,亥,土,水,False,True,0.0,2016-W48,2016-11
601288.SH,2016-11-30,3.21,3.23,-0.0062,1921966,618284.773,丙申,己亥,丙辰,3,2016,11,1,-0.006211200092640636,0,丙,辰,火,土,己,亥,土,水,False,True,0.0031007776782481854,2016-W48,2016-11
601288.SH,2016-12-01,3.22,3.21,0.0031,1883863,606668.073,丙申,己亥,丁巳,4,2016,12,1,0.003110422414392552,1,丁,巳,火,火,己,亥,土,水,True,False,-0.006211200092640636,2016-W48,2016-12
601288.SH,2016-12-02,3.22,3.22,0.0,3284665,1054982.996,丙申,己亥,戊午,5,2016,12,1,0.0,0,戊,午,土,火,己,亥,土,水,True,False,0.003110422414392552,2016-W48,2016-12
601288.SH,2016-12-05,3.24,3.22,0.0062,2691412,867532.401,丙申,己亥,辛酉,1,2016,12,1,0.00619197024792098,1,辛,酉,金,金,己,亥,土,水,True,False,0.0,2016-W49,2016-12
601288.SH,2016-12-06,3.25,3.24,0.0031,1903806,616778.409,丙申,己亥,壬戌,2,2016,12,1,0.0030816665374081144,1,壬,戌,水,土,己,亥,土,水,False,False,0.00619197024792098,2016-W49,2016-12
601288.SH,2016-12-07,3.24,3.25,-0.0031,1146155,370593.417,丙申,庚子,癸亥,3,2016,12,1,-0.0030816665374080007,0,癸,亥,水,水,庚,子,金,水,False,False,0.0030816665374081144,2016-W49,2016-12
601288.SH,2016-12-08,3.24,3.24,0.0,1593783,514993.649,丙申,庚子,甲子,4,2016,12,1,0.0,0,甲,子,木,水,庚,子,金,水,False,False,-0.0030816665374080007,2016-W49,2016-12
601288.SH,2016-12-09,3.27,3.24,0.0093,4067371,1328464.009,丙申,庚子,乙丑,5,2016,12,1,0.009216655104924048,1,乙,丑,木,土,庚,子,金,水,False,False,0.0,2016-W49,2016-12
601288.SH,2016-12-12,3.26,3.27,-0.0031,5298455,1726650.755,丙申,庚子,戊辰,1,2016,12,1,-0.003062789530545767,0,戊,辰,土,土,庚,子,金,水,False,False,0.009216655104924048,2016-W50,2016-12
601288.SH,2016-12-13,3.21,3.26,-0.0153,3174172,1019685.721,丙申,庚子,己巳,2,2016,12,1,-0.01545625823669169,0,己,巳,土,火,庚,子,金,水,False,False,-0.003062789530545767,2016-W50,2016-12
601288.SH,2016-12-14,3.21,3.21,0.0,2622731,843580.46,丙申,庚子,庚午,3,2016,12,1,0.0,0,庚,午,金,火,庚,子,金,水,False,False,-0.01545625823669169,2016-W50,2016-12
601288.SH,2016-12-15,3.17,3.21,-0.0125,2797455,887614.384,丙申,庚子,辛未,4,2016,12,1,-0.012539349252735251,0,辛,未,金,土,庚,子,金,水,False,False,0.0,2016-W50,2016-12
601288.SH,2016-12-16,3.15,3.17,-0.0063,2224005,700680.408,丙申,庚子,壬申,5,2016,12,1,-0.006329135051647512,0,壬,申,水,金,庚,子,金,水,False,False,-0.012539349252735251,2016-W50,2016-12
601288.SH,2016-12-19,3.14,3.15,-0.0032,1318275,414247.2,丙申,庚子,乙亥,1,2016,12,1,-0.0031796529173795727,0,乙,亥,木,水,庚,子,金,水,False,False,-0.006329135051647512,2016-W51,2016-12
601288.SH,2016-12-20,3.12,3.14,-0.0064,1864919,581996.919,丙申,庚子,丙子,2,2016,12,1,-0.00638979809877101,0,丙,子,火,水,庚,子,金,水,False,False,-0.0031796529173795727,2016-W51,2016-12
601288.SH,2016-12-21,3.13,3.12,0.0032,1537417,480680.855,丙申,庚子,丁丑,3,2016,12,1,0.0032000027306708497,1,丁,丑,火,土,庚,子,金,水,False,False,-0.00638979809877101,2016-W51,2016-12
601288.SH,2016-12-22,3.13,3.13,0.0,775497,242055.442,丙申,庚子,戊寅,4,2016,12,1,0.0,0,戊,寅,土,木,庚,子,金,水,False,False,0.0032000027306708497,2016-W51,2016-12
601288.SH,2016-12-23,3.12,3.13,-0.0032,928722,289653.736,丙申,庚子,己卯,5,2016,12,1,-0.003200002730670791,0,己,卯,土,木,庚,子,金,水,False,False,0.0,2016-W51,2016-12
601288.SH,2016-12-26,3.13,3.12,0.0032,1501796,467041.033,丙申,庚子,壬午,1,2016,12,1,0.0032000027306708497,1,壬,午,水,火,庚,子,金,水,False,False,-0.003200002730670791,2016-W52,2016-12
601288.SH,2016-12-27,3.11,3.13,-0.0064,694130,216126.238,丙申,庚子,癸未,2,2016,12,1,-0.006410278360919054,0,癸,未,水,土,庚,子,金,水,False,True,0.0032000027306708497,2016-W52,2016-12
601288.SH,2016-12-28,3.1,3.11,-0.0032,1294946,401771.768,丙申,庚子,甲申,3,2016,12,1,-0.003220614700042172,0,甲,申,木,金,庚,子,金,水,False,True,-0.006410278360919054,2016-W52,2016-12
601288.SH,2016-12-29,3.09,3.1,-0.0032,1659229,513537.181,丙申,庚子,乙酉,4,2016,12,1,-0.003231020581446532,0,乙,酉,木,金,庚,子,金,水,False,True,-0.003220614700042172,2016-W52,2016-12
601288.SH,2016-12-30,3.1,3.09,0.0032,2089576,646713.172,丙申,庚子,丙戌,5,2016,12,1,0.00323102058144654,1,丙,戌,火,土,庚,子,金,水,False,True,-0.003231020581446532,2016-W52,2016-12
601288.SH,2017-01-03,3.12,3.1,0.0065,1967451,612871.31,丙申,庚子,庚寅,2,2017,1,1,0.006430890330290332,1,庚,寅,金,木,庚,子,金,水,True,False,0.00323102058144654,2017-W01,2017-01
601288.SH,2017-01-04,3.12,3.12,0.0,1706902,533118.732,丙申,庚子,辛卯,3,2017,1,1,0.0,0,辛,卯,金,木,庚,子,金,水,True,False,0.006430890330290332,2017-W01,2017-01
601288.SH,2017-01-05,3.13,3.12,0.0032,1094379,342385.656,丙申,辛丑,壬辰,4,2017,1,1,0.0032000027306708497,1,壬,辰,水,土,辛,丑,金,土,True,False,0.0,2017-W01,2017-01
601288.SH,2017-01-06,3.13,3.13,0.0,1022967,319656.733,丙申,辛丑,癸巳,5,2017,1,1,0.0,0,癸,巳,水,火,辛,丑,金,土,False,False,0.0032000027306708497,2017-W01,2017-01
601288.SH,2017-01-09,3.13,3.13,0.0,1195327,373443.668,丙申,辛丑,丙申,1,2017,1,1,0.0,0,丙,申,火,金,辛,丑,金,土,False,False,0.0,2017-W02,2017-01
601288.SH,2017-01-10,3.13,3.13,0.0,1116094,348515.073,丙申,辛丑,丁酉,2,2017,1,1,0.0,0,丁,酉,火,金,辛,丑,金,土,False,False,0.0,2017-W02,2017-01
601288.SH,2017-01-11,3.12,3.13,-0.0032,1337041,417271.612,丙申,辛丑,戊戌,3,2017,1,1,-0.003200002730670791,0,戊,戌,土,土,辛,丑,金,土,False,False,0.0,2017-W02,2017-01
601288.SH,2017-01-12,3.12,3.12,0.0,700754,218353.375,丙申,辛丑,己亥,4,2017,1,1,0.0,0,己,亥,土,水,辛,丑,金,土,False,False,-0.003200002730670791,2017-W02,2017-01
601288.SH,2017-01-13,3.12,3.12,0.0,1915918,598121.455,丙申,辛丑,庚子,5,2017,1,1,0.0,0,庚,子,金,水,辛,丑,金,土,False,False,0.0,2017-W02,2017-01
601288.SH,2017-01-16,3.16,3.12,0.0128,5915837,1860811.367,丙申,辛丑,癸卯,1,2017,1,1,0.012739025777429712,1,癸,卯,水,木,辛,丑,金,土,False,False,0.0,2017-W03,2017-01
601288.SH,2017-01-17,3.15,3.16,-0.0032,1095138,344443.214,丙申,辛丑,甲辰,2,2017,1,1,-0.0031695747612791787,0,甲,辰,木,土,辛,丑,金,土,False,False,0.012739025777429712,2017-W03,2017-01
601288.SH,2017-01-18,3.15,3.15,0.0,1298143,408892.1,丙申,辛丑,乙巳,3,2017,1,1,0.0,0,乙,巳,木,火,辛,丑,金,土,False,False,-0.0031695747612791787,2017-W03,2017-01
601288.SH,2017-01-19,3.16,3.15,0.0032,1671129,527737.334,丙申,辛丑,丙午,4,2017,1,1,0.0031695747612790395,1,丙,午,火,火,辛,丑,金,土,False,False,0.0,2017-W03,2017-01
601288.SH,2017-01-20,3.16,3.16,0.0,1042379,329419.595,丙申,辛丑,丁未,5,2017,1,1,0.0,0,丁,未,火,土,辛,丑,金,土,False,False,0.0031695747612790395,2017-W03,2017-01
601288.SH,2017-01-23,3.17,3.16,0.0032,1193719,377792.811,丙申,辛丑,庚戌,1,2017,1,1,0.003159560290368518,1,庚,戌,金,土,辛,丑,金,土,False,False,0.0,2017-W04,2017-01
601288.SH,2017-01-24,3.18,3.17,0.0032,1445298,458756.984,丙申,辛丑,辛亥,2,2017,1,1,0.0031496089028962013,1,辛,亥,金,水,辛,丑,金,土,False,False,0.003159560290368518,2017-W04,2017-01
601288.SH,2017-01-25,3.19,3.18,0.0031,847750,270061.288,丙申,辛丑,壬子,3,2017,1,1,0.003139720004667625,1,壬,子,水,水,辛,丑,金,土,False,False,0.0031496089028962013,2017-W04,2017-01
601288.SH,2017-01-26,3.21,3.19,0.0063,989478,316891.174,丙申,辛丑,癸丑,4,2017,1,1,0.006250020345171326,1,癸,丑,水,土,辛,丑,金,土,False,False,0.003139720004667625,2017-W04,2017-01
601288.SH,2017-02-03,3.18,3.21,-0.0093,886525,282798.926,丁酉,壬寅,辛酉,5,2017,2,1,-0.009389740349838919,0,辛,酉,金,金,壬,寅,水,木,True,False,0.006250020345171326,2017-W05,2017-02
601288.SH,2017-02-06,3.18,3.18,0.0,1063060,338270.754,丁酉,壬寅,甲子,1,2017,2,1,0.0,0,甲,子,木,水,壬,寅,水,木,False,False,-0.009389740349838919,2017-W06,2017-02
601288.SH,2017-02-07,3.17,3.18,-0.0031,919809,292144.056,丁酉,壬寅,乙丑,2,2017,2,1,-0.0031496089028963314,0,乙,丑,木,土,壬,寅,水,木,False,False,0.0,2017-W06,2017-02
601288.SH,2017-02-08,3.18,3.17,0.0032,1165061,369554.117,丁酉,壬寅,丙寅,3,2017,2,1,0.0031496089028962013,1,丙,寅,火,木,壬,寅,水,木,False,False,-0.0031496089028963314,2017-W06,2017-02
601288.SH,2017-02-09,3.18,3.18,0.0,1131999,360295.335,丁酉,壬寅,丁卯,4,2017,2,1,0.0,0,丁,卯,火,木,壬,寅,水,木,False,False,0.0031496089028962013,2017-W06,2017-02
601288.SH,2017-02-10,3.2,3.18,0.0063,1492707,476614.943,丁酉,壬寅,戊辰,5,2017,2,1,0.006269613013595395,1,戊,辰,土,土,壬,寅,水,木,False,False,0.0,2017-W06,2017-02
601288.SH,2017-02-13,3.22,3.2,0.0063,1761288,566727.877,丁酉,壬寅,辛未,1,2017,2,1,0.006230549750636163,1,辛,未,金,土,壬,寅,水,木,False,False,0.006269613013595395,2017-W07,2017-02
601288.SH,2017-02-14,3.22,3.22,0.0,866731,278732.905,丁酉,壬寅,壬申,2,2017,2,1,0.0,0,壬,申,水,金,壬,寅,水,木,False,False,0.006230549750636163,2017-W07,2017-02
601288.SH,2017-02-15,3.29,3.22,0.0217,4971439,1622176.472,丁酉,壬寅,癸酉,3,2017,2,1,0.021506205220963463,1,癸,酉,水,金,壬,寅,水,木,False,False,0.0,2017-W07,2017-02
601288.SH,2017-02-16,3.29,3.29,0.0,2438042,800442.505,丁酉,壬寅,甲戌,4,2017,2,1,0.0,0,甲,戌,木,土,壬,寅,水,木,False,False,0.021506205220963463,2017-W07,2017-02
601288.SH,2017-02-17,3.26,3.29,-0.0091,2148699,702251.98,丁酉,壬寅,乙亥,5,2017,2,1,-0.009160369398664278,0,乙,亥,木,水,壬,寅,水,木,False,False,0.0,2017-W07,2017-02
601288.SH,2017-02-20,3.26,3.26,0.0,9122102,2979528.099,丁酉,壬寅,戊寅,1,2017,2,1,0.0,0,戊,寅,土,木,壬,寅,水,木,False,False,-0.009160369398664278,2017-W08,2017-02
601288.SH,2017-02-21,3.27,3.26,0.0031,3500567,1145646.642,丁酉,壬寅,己卯,2,2017,2,1,0.003062789530545731,1,己,卯,土,木,壬,寅,水,木,False,False,0.0,2017-W08,2017-02
601288.SH,2017-02-22,3.27,3.27,0.0,2213983,722512.616,丁酉,壬寅,庚辰,3,2017,2,1,0.0,0,庚,辰,金,土,壬,寅,水,木,False,False,0.003062789530545731,2017-W08,2017-02
601288.SH,2017-02-23,3.28,3.27,0.0031,2024387,663106.83,丁酉,壬寅,辛巳,4,2017,2,1,0.003053437486890248,1,辛,巳,金,火,壬,寅,水,木,False,False,0.0,2017-W08,2017-02
601288.SH,2017-02-24,3.27,3.28,-0.003,1251033,408741.061,丁酉,壬寅,壬午,5,2017,2,1,-0.0030534374868902317,0,壬,午,水,火,壬,寅,水,木,False,True,0.003053437486890248,2017-W08,2017-02
601288.SH,2017-02-27,3.25,3.27,-0.0061,1582221,514586.437,丁酉,壬寅,乙酉,1,2017,2,1,-0.006134988567515944,0,乙,酉,木,金,壬,寅,水,木,False,True,-0.0030534374868902317,2017-W09,2017-02
601288.SH,2017-02-28,3.25,3.25,0.0,1447999,471085.736,丁酉,壬寅,丙戌,2,2017,2,1,0.0,0,丙,戌,火,土,壬,寅,水,木,False,True,-0.006134988567515944,2017-W09,2017-02
601288.SH,2017-03-01,3.26,3.25,0.0031,1749622,570124.907,丁酉,壬寅,丁亥,3,2017,3,1,0.003072199036970059,1,丁,亥,火,水,壬,寅,水,木,True,False,0.0,2017-W09,2017-03
601288.SH,2017-03-02,3.26,3.26,0.0,1133703,369043.891,丁酉,壬寅,戊子,4,2017,3,1,0.0,0,戊,子,土,水,壬,寅,水,木,True,False,0.003072199036970059,2017-W09,2017-03
601288.SH,2017-03-03,3.24,3.26,-0.0061,1169404,378675.892,丁酉,壬寅,己丑,5,2017,3,1,-0.006153865574378112,0,己,丑,土,土,壬,寅,水,木,True,False,0.0,2017-W09,2017-03
601288.SH,2017-03-06,3.24,3.24,0.0,1350166,437901.816,丁酉,癸卯,壬辰,1,2017,3,1,0.0,0,壬,辰,水,土,癸,卯,水,木,False,False,-0.006153865574378112,2017-W10,2017-03
601288.SH,2017-03-07,3.24,3.24,0.0,1130735,365734.056,丁酉,癸卯,癸巳,2,2017,3,1,0.0,0,癸,巳,水,火,癸,卯,水,木,False,False,0.0,2017-W10,2017-03
601288.SH,2017-03-08,3.25,3.24,0.0031,1169284,379157.941,丁酉,癸卯,甲午,3,2017,3,1,0.0030816665374081144,1,甲,午,木,火,癸,卯,水,木,False,False,0.0,2017-W10,2017-03
601288.SH,2017-03-09,3.23,3.25,-0.0062,1711834,554045.259,丁酉,癸卯,乙未,4,2017,3,1,-0.0061728591070809675,0,乙,未,木,土,癸,卯,水,木,False,False,0.0030816665374081144,2017-W10,2017-03
601288.SH,2017-03-10,3.24,3.23,0.0031,1302138,420649.183,丁酉,癸卯,丙申,5,2017,3,1,0.00309119256967288,1,丙,申,火,金,癸,卯,水,木,False,False,-0.0061728591070809675,2017-W10,2017-03
601288.SH,2017-03-13,3.26,3.24,0.0062,1502928,486671.355,丁酉,癸卯,己亥,1,2017,3,1,0.006153865574378066,1,己,亥,土,水,癸,卯,水,木,False,False,0.00309119256967288,2017-W11,2017-03
601288.SH,2017-03-14,3.26,3.26,0.0,1219869,397921.017,丁酉,癸卯,庚子,2,2017,3,1,0.0,0,庚,子,金,水,癸,卯,水,木,False,False,0.006153865574378066,2017-W11,2017-03
601288.SH,2017-03-15,3.26,3.26,0.0,1187791,386271.763,丁酉,癸卯,辛丑,3,2017,3,1,0.0,0,辛,丑,金,土,癸,卯,水,木,False,False,0.0,2017-W11,2017-03
601288.SH,2017-03-16,3.28,3.26,0.0061,2571937,840401.012,丁酉,癸卯,壬寅,4,2017,3,1,0.006116227017436054,1,壬,寅,水,木,癸,卯,水,木,False,False,0.0,2017-W11,2017-03
601288.SH,2017-03-17,3.26,3.28,-0.0061,1783060,581361.24,丁酉,癸卯,癸卯,5,2017,3,1,-0.006116227017436094,0,癸,卯,水,木,癸,卯,水,木,False,False,0.006116227017436054,2017-W11,2017-03
601288.SH,2017-03-20,3.26,3.26,0.0,1505390,489726.706,丁酉,癸卯,丙午,1,2017,3,1,0.0,0,丙,午,火,火,癸,卯,水,木,False,False,-0.006116227017436094,2017-W12,2017-03
601288.SH,2017-03-21,3.25,3.26,-0.0031,1530490,498060.851,丁酉,癸卯,丁未,2,2017,3,1,-0.0030721990369701403,0,丁,未,火,土,癸,卯,水,木,False,False,0.0,2017-W12,2017-03
601288.SH,2017-03-22,3.24,3.25,-0.0031,1805040,583535.549,丁酉,癸卯,戊申,3,2017,3,1,-0.0030816665374080007,0,戊,申,土,金,癸,卯,水,木,False,False,-0.0030721990369701403,2017-W12,2017-03
601288.SH,2017-03-23,3.24,3.24,0.0,1674563,541951.341,丁酉,癸卯,己酉,4,2017,3,1,0.0,0,己,酉,土,金,癸,卯,水,木,False,False,-0.0030816665374080007,2017-W12,2017-03
601288.SH,2017-03-24,3.25,3.24,0.0031,1494266,483890.447,丁酉,癸卯,庚戌,5,2017,3,1,0.0030816665374081144,1,庚,戌,金,土,癸,卯,水,木,False,False,0.0,2017-W12,2017-03
601288.SH,2017-03-27,3.28,3.25,0.0092,3003512,981747.767,丁酉,癸卯,癸丑,1,2017,3,1,0.00918842605440617,1,癸,丑,水,土,癸,卯,水,木,False,True,0.0030816665374081144,2017-W13,2017-03
601288.SH,2017-03-28,3.28,3.28,0.0,1131155,370795.593,丁酉,癸卯,甲寅,2,2017,3,1,0.0,0,甲,寅,木,木,癸,卯,水,木,False,True,0.00918842605440617,2017-W13,2017-03
601288.SH,2017-03-29,3.29,3.28,0.003,2848784,937769.817,丁酉,癸卯,乙卯,3,2017,3,1,0.003044142381228273,1,乙,卯,木,木,癸,卯,水,木,False,True,0.0,2017-W13,2017-03
601288.SH,2017-03-30,3.29,3.29,0.0,2698495,884358.887,丁酉,癸卯,丙辰,4,2017,3,1,0.0,0,丙,辰,火,土,癸,卯,水,木,False,True,0.003044142381228273,2017-W13,2017-03
601288.SH,2017-03-31,3.34,3.29,0.0152,4181305,1387281.482,丁酉,癸卯,丁巳,5,2017,3,1,0.0150832422113285,1,丁,巳,火,火,癸,卯,水,木,False,True,0.0,2017-W13,2017-03
601288.SH,2017-04-05,3.35,3.34,0.003,2521206,840554.341,丁酉,甲辰,壬戌,3,2017,4,1,0.002989538848365986,1,壬,戌,水,土,甲,辰,木,土,True,False,0.0150832422113285,2017-W14,2017-04
601288.SH,2017-04-06,3.34,3.35,-0.003,1876541,625583.754,丁酉,甲辰,癸亥,4,2017,4,1,-0.0029895388483660483,0,癸,亥,水,水,甲,辰,木,土,False,False,0.002989538848365986,2017-W14,2017-04
601288.SH,2017-04-07,3.36,3.34,0.006,2675818,894763.408,丁酉,甲辰,甲子,5,2017,4,1,0.005970166986503754,1,甲,子,木,水,甲,辰,木,土,False,False,-0.0029895388483660483,2017-W14,2017-04
601288.SH,2017-04-10,3.34,3.36,-0.006,1774057,593621.513,丁酉,甲辰,丁卯,1,2017,4,1,-0.005970166986503796,0,丁,卯,火,木,甲,辰,木,土,False,False,0.005970166986503754,2017-W15,2017-04
601288.SH,2017-04-11,3.34,3.34,0.0,1455698,484191.407,丁酉,甲辰,戊辰,2,2017,4,1,0.0,0,戊,辰,土,土,甲,辰,木,土,False,False,-0.005970166986503796,2017-W15,2017-04
601288.SH,2017-04-12,3.32,3.34,-0.006,2214044,734138.606,丁酉,甲辰,己巳,3,2017,4,1,-0.006006024060211922,0,己,巳,土,火,甲,辰,木,土,False,False,0.0,2017-W15,2017-04
601288.SH,2017-04-13,3.32,3.32,0.0,1572607,521740.42,丁酉,甲辰,庚午,4,2017,4,1,0.0,0,庚,午,金,火,甲,辰,木,土,False,False,-0.006006024060211922,2017-W15,2017-04
601288.SH,2017-04-14,3.31,3.32,-0.003,1887071,622558.934,丁酉,甲辰,辛未,5,2017,4,1,-0.0030165935394255677,0,辛,未,金,土,甲,辰,木,土,False,False,0.0,2017-W15,2017-04
601288.SH,2017-04-17,3.3,3.31,-0.003,2266744,745123.584,丁酉,甲辰,甲戌,1,2017,4,1,-0.0030257209165370676,0,甲,戌,木,土,甲,辰,木,土,False,False,-0.0030165935394255677,2017-W16,2017-04
601288.SH,2017-04-18,3.27,3.3,-0.0091,1289584,423039.099,丁酉,甲辰,乙亥,2,2017,4,1,-0.009132483563272474,0,乙,亥,木,水,甲,辰,木,土,False,False,-0.0030257209165370676,2017-W16,2017-04
601288.SH,2017-04-19,3.25,3.27,-0.0061,2742287,890876.406,丁酉,甲辰,丙子,3,2017,4,1,-0.006134988567515944,0,丙,子,火,水,甲,辰,木,土,False,False,-0.009132483563272474,2017-W16,2017-04
601288.SH,2017-04-20,3.26,3.25,0.0031,1448019,471469.359,丁酉,甲辰,丁丑,4,2017,4,1,0.003072199036970059,1,丁,丑,火,土,甲,辰,木,土,False,False,-0.006134988567515944,2017-W16,2017-04
601288.SH,2017-04-21,3.29,3.26,0.0092,3277923,1076741.662,丁酉,甲辰,戊寅,5,2017,4,1,0.009160369398664416,1,戊,寅,土,木,甲,辰,木,土,False,False,0.003072199036970059,2017-W16,2017-04
601288.SH,2017-04-24,3.32,3.29,0.0091,2575190,851249.367,丁酉,甲辰,辛巳,1,2017,4,1,0.00907721815111668,1,辛,巳,金,火,甲,辰,木,土,False,False,0.009160369398664416,2017-W17,2017-04
601288.SH,2017-04-25,3.33,3.32,0.003,1501615,497906.049,丁酉,甲辰,壬午,2,2017,4,1,0.0030075210639553224,1,壬,午,水,火,甲,辰,木,土,False,False,0.00907721815111668,2017-W17,2017-04
601288.SH,2017-04-26,3.35,3.33,0.006,2797945,934723.078,丁酉,甲辰,癸未,3,2017,4,1,0.005988041844622693,1,癸,未,水,土,甲,辰,木,土,False,True,0.0030075210639553224,2017-W17,2017-04
601288.SH,2017-04-27,3.38,3.35,0.009,3056399,1027246.254,丁酉,甲辰,甲申,4,2017,4,1,0.008915363657952329,1,甲,申,木,金,甲,辰,木,土,False,True,0.005988041844622693,2017-W17,2017-04
601288.SH,2017-04-28,3.38,3.38,0.0,1639821,551495.891,丁酉,甲辰,乙酉,5,2017,4,1,0.0,0,乙,酉,木,金,甲,辰,木,土,False,True,0.008915363657952329,2017-W17,2017-04
601288.SH,2017-05-02,3.33,3.38,-0.0148,1468888,491426.257,丁酉,甲辰,己丑,2,2017,5,1,-0.014903405502574919,0,己,丑,土,土,甲,辰,木,土,True,False,0.0,2017-W18,2017-05
601288.SH,2017-05-03,3.31,3.33,-0.006,1028426,341014.337,丁酉,甲辰,庚寅,3,2017,5,1,-0.006024114603380902,0,庚,寅,金,木,甲,辰,木,土,True,False,-0.014903405502574919,2017-W18,2017-05
601288.SH,2017-05-04,3.32,3.31,0.003,856428,283634.115,丁酉,甲辰,辛卯,4,2017,5,1,0.0030165935394255057,1,辛,卯,金,木,甲,辰,木,土,True,False,-0.006024114603380902,2017-W18,2017-05
601288.SH,2017-05-05,3.33,3.32,0.003,1687091,558892.151,丁酉,乙巳,壬辰,5,2017,5,1,0.0030075210639553224,1,壬,辰,水,土,乙,巳,木,火,True,False,0.0030165935394255057,2017-W18,2017-05
601288.SH,2017-05-08,3.37,3.33,0.012,2671585,895536.091,丁酉,乙巳,乙未,1,2017,5,1,0.011940440371917849,1,乙,未,木,土,乙,巳,木,火,False,False,0.0030075210639553224,2017-W19,2017-05
601288.SH,2017-05-09,3.36,3.37,-0.003,1110722,372929.967,丁酉,乙巳,丙申,2,2017,5,1,-0.002971770389157593,0,丙,申,火,金,乙,巳,木,火,False,False,0.011940440371917849,2017-W19,2017-05
601288.SH,2017-05-10,3.38,3.36,0.006,1740728,586779.512,丁酉,乙巳,丁酉,3,2017,5,1,0.0059347355198145265,1,丁,酉,火,金,乙,巳,木,火,False,False,-0.002971770389157593,2017-W19,2017-05
601288.SH,2017-05-11,3.41,3.38,0.0089,2135152,727267.021,丁酉,乙巳,戊戌,4,2017,5,1,0.008836581800498164,1,戊,戌,土,土,乙,巳,木,火,False,False,0.0059347355198145265,2017-W19,2017-05
601288.SH,2017-05-12,3.46,3.41,0.0147,2864838,983341.311,丁酉,乙巳,己亥,5,2017,5,1,0.014556297774207453,1,己,亥,土,水,乙,巳,木,火,False,False,0.008836581800498164,2017-W19,2017-05
601288.SH,2017-05-15,3.44,3.46,-0.0058,1506005,520017.548,丁酉,乙巳,壬寅,1,2017,5,1,-0.005797117684325957,0,壬,寅,水,木,乙,巳,木,火,False,False,0.014556297774207453,2017-W20,2017-05
601288.SH,2017-05-16,3.41,3.44,-0.0087,1999430,681753.373,丁酉,乙巳,癸卯,2,2017,5,1,-0.008759180089881465,0,癸,卯,水,木,乙,巳,木,火,False,False,-0.005797117684325957,2017-W20,2017-05
601288.SH,2017-05-17,3.41,3.41,0.0,1877483,638709.059,丁酉,乙巳,甲辰,3,2017,5,1,0.0,0,甲,辰,木,土,乙,巳,木,火,False,False,-0.008759180089881465,2017-W20,2017-05
601288.SH,2017-05-18,3.42,3.41,0.0029,1367624,466499.711,丁酉,乙巳,乙巳,4,2017,5,1,0.0029282597790883597,1,乙,巳,木,火,乙,巳,木,火,False,False,0.0,2017-W20,2017-05
601288.SH,2017-05-19,3.43,3.42,0.0029,1017881,349190.127,丁酉,乙巳,丙午,5,2017,5,1,0.002919710103334846,1,丙,午,火,火,乙,巳,木,火,False,False,0.0029282597790883597,2017-W20,2017-05
601288.SH,2017-05-22,3.45,3.43,0.0058,1280555,441265.672,丁酉,乙巳,己酉,1,2017,5,1,0.005813969865419816,1,己,酉,土,金,乙,巳,木,火,False,False,0.002919710103334846,2017-W21,2017-05
601288.SH,2017-05-23,3.5,3.45,0.0145,2391768,832326.321,丁酉,乙巳,庚戌,2,2017,5,1,0.014388737452099452,1,庚,戌,金,土,乙,巳,木,火,False,False,0.005813969865419816,2017-W21,2017-05
601288.SH,2017-05-24,3.5,3.5,0.0,1611395,562239.423,丁酉,乙巳,辛亥,3,2017,5,1,0.0,0,辛,亥,金,水,乙,巳,木,火,False,False,0.014388737452099452,2017-W21,2017-05
601288.SH,2017-05-25,3.48,3.5,-0.0057,5486726,1931159.584,丁酉,乙巳,壬子,4,2017,5,1,-0.005730674708984983,0,壬,子,水,水,乙,巳,木,火,False,False,0.0,2017-W21,2017-05
601288.SH,2017-05-26,3.51,3.48,0.0086,2225964,778812.032,丁酉,乙巳,癸丑,5,2017,5,1,0.008583743691391435,1,癸,丑,水,土,乙,巳,木,火,False,False,-0.005730674708984983,2017-W21,2017-05
601288.SH,2017-05-31,3.54,3.51,0.0085,2494346,885255.755,丁酉,乙巳,戊午,3,2017,5,1,0.00851068966790861,1,戊,午,土,火,乙,巳,木,火,False,True,0.008583743691391435,2017-W22,2017-05
601288.SH,2017-06-01,3.58,3.54,0.0113,1938491,690342.707,丁酉,乙巳,己未,4,2017,6,1,0.01123607326692597,1,己,未,土,土,乙,巳,木,火,True,False,0.00851068966790861,2017-W22,2017-06
601288.SH,2017-06-02,3.57,3.58,-0.0028,1633382,585238.056,丁酉,乙巳,庚申,5,2017,6,1,-0.002797204621061254,0,庚,申,金,金,乙,巳,木,火,True,False,0.01123607326692597,2017-W22,2017-06
601288.SH,2017-06-05,3.46,3.57,-0.0308,3698737,1288701.998,丁酉,丙午,癸亥,1,2017,6,1,-0.03129700672191482,0,癸,亥,水,水,丙,午,火,火,True,False,-0.002797204621061254,2017-W23,2017-06
601288.SH,2017-06-06,3.47,3.46,0.0029,1470430,509141.782,丁酉,丙午,甲子,2,2017,6,1,0.002886004889135073,1,甲,子,木,水,丙,午,火,火,False,False,-0.03129700672191482,2017-W23,2017-06
601288.SH,2017-06-07,3.51,3.47,0.0115,2248119,785677.99,丁酉,丙午,乙丑,3,2017,6,1,0.011461443519006598,1,乙,丑,木,土,丙,午,火,火,False,False,0.002886004889135073,2017-W23,2017-06
601288.SH,2017-06-08,3.51,3.51,0.0,1504939,525481.336,丁酉,丙午,丙寅,4,2017,6,1,0.0,0,丙,寅,火,木,丙,午,火,火,False,False,0.011461443519006598,2017-W23,2017-06
601288.SH,2017-06-09,3.5,3.51,-0.0028,2663143,936179.086,丁酉,丙午,丁卯,5,2017,6,1,-0.002853068982406399,0,丁,卯,火,木,丙,午,火,火,False,False,0.0,2017-W23,2017-06
601288.SH,2017-06-12,3.48,3.5,-0.0057,1907044,665646.994,丁酉,丙午,庚午,1,2017,6,1,-0.005730674708984983,0,庚,午,金,火,丙,午,火,火,False,False,-0.002853068982406399,2017-W24,2017-06
601288.SH,2017-06-13,3.49,3.48,0.0029,1357015,472332.437,丁酉,丙午,辛未,2,2017,6,1,0.0028694424279529607,1,辛,未,金,土,丙,午,火,火,False,False,-0.005730674708984983,2017-W24,2017-06
601288.SH,2017-06-14,3.48,3.49,-0.0029,1159989,403374.066,丁酉,丙午,壬申,3,2017,6,1,-0.002869442427952931,0,壬,申,水,金,丙,午,火,火,False,False,0.0028694424279529607,2017-W24,2017-06
601288.SH,2017-06-15,3.44,3.48,-0.0115,1712849,591038.96,丁酉,丙午,癸酉,4,2017,6,1,-0.011560822401075971,0,癸,酉,水,金,丙,午,火,火,False,False,-0.002869442427952931,2017-W24,2017-06
601288.SH,2017-06-16,3.45,3.44,0.0029,1145312,394857.894,丁酉,丙午,甲戌,5,2017,6,1,0.00290275965796141,1,甲,戌,木,土,丙,午,火,火,False,False,-0.011560822401075971,2017-W24,2017-06
601288.SH,2017-06-19,3.43,3.45,-0.0058,2171127,747571.779,丁酉,丙午,丁丑,1,2017,6,1,-0.005813969865419845,0,丁,丑,火,土,丙,午,火,火,False,False,0.00290275965796141,2017-W25,2017-06
601288.SH,2017-06-20,3.47,3.43,0.0117,1527058,527539.314,丁酉,丙午,戊寅,2,2017,6,1,0.011594332780919227,1,戊,寅,土,木,丙,午,火,火,False,False,-0.005813969865419845,2017-W25,2017-06
601288.SH,2017-06-21,3.47,3.47,0.0,1164291,404100.906,丁酉,丙午,己卯,3,2017,6,1,0.0,0,己,卯,土,木,丙,午,火,火,False,False,0.011594332780919227,2017-W25,2017-06
601288.SH,2017-06-22,3.5,3.47,0.0086,3556516,1243702.519,丁酉,丙午,庚辰,4,2017,6,1,0.008608374536600101,1,庚,辰,金,土,丙,午,火,火,False,False,0.0,2017-W25,2017-06
601288.SH,2017-06-23,3.51,3.5,0.0029,2379700,832859.516,丁酉,丙午,辛巳,5,2017,6,1,0.0028530689824064807,1,辛,巳,金,火,丙,午,火,火,False,False,0.008608374536600101,2017-W25,2017-06
601288.SH,2017-06-26,3.5,3.51,-0.0028,3359070,1185554.999,丁酉,丙午,甲申,1,2017,6,1,-0.002853068982406399,0,甲,申,木,金,丙,午,火,火,False,True,0.0028530689824064807,2017-W26,2017-06
601288.SH,2017-06-27,3.49,3.5,-0.0029,2746461,956043.277,丁酉,丙午,乙酉,2,2017,6,1,-0.0028612322810321234,0,乙,酉,木,金,丙,午,火,火,False,True,-0.002853068982406399,2017-W26,2017-06
601288.SH,2017-06-28,3.47,3.49,-0.0057,1915373,668180.115,丁酉,丙午,丙戌,3,2017,6,1,-0.005747142255567959,0,丙,戌,火,土,丙,午,火,火,False,True,-0.0028612322810321234,2017-W26,2017-06
601288.SH,2017-06-29,3.5,3.47,0.0086,1219920,425856.276,丁酉,丙午,丁亥,4,2017,6,1,0.008608374536600101,1,丁,亥,火,水,丙,午,火,火,False,True,-0.005747142255567959,2017-W26,2017-06
601288.SH,2017-06-30,3.52,3.5,0.0057,1458829,511661.651,丁酉,丙午,戊子,5,2017,6,1,0.005698021114637796,1,戊,子,土,水,丙,午,火,火,False,True,0.008608374536600101,2017-W26,2017-06
601288.SH,2017-07-03,3.52,3.52,0.0,1531216,538454.598,丁酉,丙午,辛卯,1,2017,7,1,0.0,0,辛,卯,金,木,丙,午,火,火,True,False,0.005698021114637796,2017-W27,2017-07
601288.SH,2017-07-04,3.52,3.52,0.0,2092521,735924.731,丁酉,丙午,壬辰,2,2017,7,1,0.0,0,壬,辰,水,土,丙,午,火,火,True,False,0.0,2017-W27,2017-07
601288.SH,2017-07-05,3.52,3.52,0.0,1623873,570060.273,丁酉,丙午,癸巳,3,2017,7,1,0.0,0,癸,巳,水,火,丙,午,火,火,True,False,0.0,2017-W27,2017-07
601288.SH,2017-07-06,3.53,3.52,0.0028,1758883,619484.796,丁酉,丙午,甲午,4,2017,7,1,0.0028368813351995355,1,甲,午,木,火,丙,午,火,火,False,False,0.0,2017-W27,2017-07
601288.SH,2017-07-07,3.54,3.53,0.0028,1197315,422703.228,丁酉,丁未,乙未,5,2017,7,1,0.0028288562004778446,1,乙,未,木,土,丁,未,火,土,False,False,0.0028368813351995355,2017-W27,2017-07
601288.SH,2017-07-10,3.53,3.54,-0.0028,1346110,475218.153,丁酉,丁未,戊戌,1,2017,7,1,-0.0028288562004777137,0,戊,戌,土,土,丁,未,火,土,False,False,0.0028288562004778446,2017-W28,2017-07
601288.SH,2017-07-11,3.58,3.53,0.0142,2788896,989757.556,丁酉,丁未,己亥,2,2017,7,1,0.014064929467403675,1,己,亥,土,水,丁,未,火,土,False,False,-0.0028288562004777137,2017-W28,2017-07
601288.SH,2017-07-12,3.59,3.58,0.0028,3596889,1295239.908,丁酉,丁未,庚子,3,2017,7,1,0.0027894020875785922,1,庚,子,金,水,丁,未,火,土,False,False,0.014064929467403675,2017-W28,2017-07
601288.SH,2017-07-13,3.47,3.42,0.0146,3122948,1080649.369,丁酉,丁未,辛丑,4,2017,7,1,0.014514042884254012,1,辛,丑,金,土,丁,未,火,土,False,False,0.0027894020875785922,2017-W28,2017-07
601288.SH,2017-07-14,3.49,3.47,0.0058,2097201,730028.243,丁酉,丁未,壬寅,5,2017,7,1,0.005747142255568071,1,壬,寅,水,木,丁,未,火,土,False,False,0.014514042884254012,2017-W28,2017-07
601288.SH,2017-07-17,3.6,3.49,0.0315,5294292,1886160.368,丁酉,丁未,乙巳,1,2017,7,1,0.03103210924772846,1,乙,巳,木,火,丁,未,火,土,False,False,0.005747142255568071,2017-W29,2017-07
601288.SH,2017-07-18,3.57,3.6,-0.0083,3193217,1141525.627,丁酉,丁未,丙午,2,2017,7,1,-0.00836824967051669,0,丙,午,火,火,丁,未,火,土,False,False,0.03103210924772846,2017-W29,2017-07
601288.SH,2017-07-19,3.56,3.57,-0.0028,3004781,1075526.219,丁酉,丁未,丁未,3,2017,7,1,-0.0028050509276086096,0,丁,未,火,土,丁,未,火,土,False,False,-0.00836824967051669,2017-W29,2017-07
601288.SH,2017-07-20,3.59,3.56,0.0084,1848577,660266.618,丁酉,丁未,戊申,4,2017,7,1,0.00839165763624838,1,戊,申,土,金,丁,未,火,土,False,False,-0.0028050509276086096,2017-W29,2017-07
601288.SH,2017-07-21,3.6,3.59,0.0028,1940296,697965.928,丁酉,丁未,己酉,5,2017,7,1,0.0027816429618767705,1,己,酉,土,金,丁,未,火,土,False,False,0.00839165763624838,2017-W29,2017-07
601288.SH,2017-07-24,3.61,3.6,0.0028,2357677,855815.084,丁酉,丁未,壬子,1,2017,7,1,0.0027739268827252244,1,壬,子,水,水,丁,未,火,土,False,False,0.0027816429618767705,2017-W30,2017-07
601288.SH,2017-07-25,3.69,3.61,0.0222,3441090,1265641.659,丁酉,丁未,癸丑,2,2017,7,1,0.021918685707646275,1,癸,丑,水,土,丁,未,火,土,False,False,0.0027739268827252244,2017-W30,2017-07
601288.SH,2017-07-26,3.74,3.69,0.0136,3094875,1159126.994,丁酉,丁未,甲寅,3,2017,7,1,0.01345915337400471,1,甲,寅,木,木,丁,未,火,土,False,False,0.021918685707646275,2017-W30,2017-07
601288.SH,2017-07-27,3.72,3.74,-0.0053,1978380,734429.546,丁酉,丁未,乙卯,4,2017,7,1,-0.005361943141385399,0,乙,卯,木,木,丁,未,火,土,False,True,0.01345915337400471,2017-W30,2017-07
601288.SH,2017-07-28,3.72,3.72,0.0,1460752,541058.047,丁酉,丁未,丙辰,5,2017,7,1,0.0,0,丙,辰,火,土,丁,未,火,土,False,True,-0.005361943141385399,2017-W30,2017-07
601288.SH,2017-07-31,3.71,3.72,-0.0027,1592437,593983.709,丁酉,丁未,己未,1,2017,7,1,-0.0026917916657115256,0,己,未,土,土,丁,未,火,土,False,True,0.0,2017-W31,2017-07
601288.SH,2017-08-01,3.74,3.71,0.0081,1613288,601004.294,丁酉,丁未,庚申,2,2017,8,1,0.008053734807096825,1,庚,申,金,金,丁,未,火,土,True,False,-0.0026917916657115256,2017-W31,2017-08
601288.SH,2017-08-02,3.79,3.74,0.0134,2697351,1020910.592,丁酉,丁未,辛酉,3,2017,8,1,0.013280407667894466,1,辛,酉,金,金,丁,未,火,土,True,False,0.008053734807096825,2017-W31,2017-08
601288.SH,2017-08-03,3.76,3.79,-0.0079,2167602,820778.635,丁酉,丁未,壬戌,4,2017,8,1,-0.007947061692531945,0,壬,戌,水,土,丁,未,火,土,True,False,0.013280407667894466,2017-W31,2017-08
601288.SH,2017-08-04,3.76,3.76,0.0,1414574,531899.637,丁酉,丁未,癸亥,5,2017,8,1,0.0,0,癸,亥,水,水,丁,未,火,土,True,False,-0.007947061692531945,2017-W31,2017-08
601288.SH,2017-08-07,3.73,3.76,-0.008,2077498,773488.308,丁酉,戊申,丙寅,1,2017,8,1,-0.008010723746078972,0,丙,寅,火,木,戊,申,土,金,False,False,0.0,2017-W32,2017-08
601288.SH,2017-08-08,3.72,3.73,-0.0027,2079546,771416.994,丁酉,戊申,丁卯,2,2017,8,1,-0.0026845653706688757,0,丁,卯,火,木,戊,申,土,金,False,False,-0.008010723746078972,2017-W32,2017-08
601288.SH,2017-08-09,3.65,3.72,-0.0188,2106677,774064.593,丁酉,戊申,戊辰,3,2017,8,1,-0.018996500690655147,0,戊,辰,土,土,戊,申,土,金,False,False,-0.0026845653706688757,2017-W32,2017-08
601288.SH,2017-08-10,3.64,3.65,-0.0027,1937453,703484.537,丁酉,戊申,己巳,4,2017,8,1,-0.002743485945750832,0,己,巳,土,火,戊,申,土,金,False,False,-0.018996500690655147,2017-W32,2017-08
601288.SH,2017-08-11,3.65,3.64,0.0027,3203619,1156620.395,丁酉,戊申,庚午,5,2017,8,1,0.002743485945750834,1,庚,午,金,火,戊,申,土,金,False,False,-0.002743485945750832,2017-W32,2017-08
601288.SH,2017-08-14,3.61,3.65,-0.011,1915946,691841.173,丁酉,戊申,癸酉,1,2017,8,1,-0.011019395249610538,0,癸,酉,水,金,戊,申,土,金,False,False,0.002743485945750834,2017-W33,2017-08
601288.SH,2017-08-15,3.65,3.61,0.0111,3588194,1317423.514,丁酉,戊申,甲戌,2,2017,8,1,0.011019395249610698,1,甲,戌,木,土,戊,申,土,金,False,False,-0.011019395249610538,2017-W33,2017-08
601288.SH,2017-08-16,3.63,3.65,-0.0055,1843525,670815.996,丁酉,戊申,乙亥,3,2017,8,1,-0.005494519317640702,0,乙,亥,木,水,戊,申,土,金,False,False,0.011019395249610698,2017-W33,2017-08
601288.SH,2017-08-17,3.65,3.63,0.0055,1061430,386224.067,丁酉,戊申,丙子,4,2017,8,1,0.00549451931764078,1,丙,子,火,水,戊,申,土,金,False,False,-0.005494519317640702,2017-W33,2017-08
601288.SH,2017-08-18,3.64,3.65,-0.0027,1077583,392090.391,丁酉,戊申,丁丑,5,2017,8,1,-0.002743485945750832,0,丁,丑,火,土,戊,申,土,金,False,False,0.00549451931764078,2017-W33,2017-08
601288.SH,2017-08-21,3.65,3.64,0.0027,1393321,506765.29,丁酉,戊申,庚辰,1,2017,8,1,0.002743485945750834,1,庚,辰,金,土,戊,申,土,金,False,False,-0.002743485945750832,2017-W34,2017-08
601288.SH,2017-08-22,3.69,3.65,0.011,1246432,457479.423,丁酉,戊申,辛巳,2,2017,8,1,0.010899290458035638,1,辛,巳,金,火,戊,申,土,金,False,False,0.002743485945750834,2017-W34,2017-08
601288.SH,2017-08-23,3.75,3.69,0.0163,1729809,646617.487,丁酉,戊申,壬午,3,2017,8,1,0.016129381929883717,1,壬,午,水,火,戊,申,土,金,False,False,0.010899290458035638,2017-W34,2017-08
601288.SH,2017-08-24,3.79,3.75,0.0107,2031899,767177.138,丁酉,戊申,癸未,4,2017,8,1,0.010610179112015469,1,癸,未,水,土,戊,申,土,金,False,False,0.016129381929883717,2017-W34,2017-08
601288.SH,2017-08-25,3.91,3.79,0.0317,3915572,1506461.489,丁酉,戊申,甲申,5,2017,8,1,0.031171354902939426,1,甲,申,木,金,戊,申,土,金,False,False,0.010610179112015469,2017-W34,2017-08
601288.SH,2017-08-28,3.86,3.91,-0.0128,3368391,1311405.629,丁酉,戊申,丁亥,1,2017,8,1,-0.01287019052053502,0,丁,亥,火,水,戊,申,土,金,False,True,0.031171354902939426,2017-W35,2017-08
601288.SH,2017-08-29,3.9,3.86,0.0104,1591943,616739.765,丁酉,戊申,戊子,2,2017,8,1,0.010309369658861287,1,戊,子,土,水,戊,申,土,金,False,True,-0.01287019052053502,2017-W35,2017-08
601288.SH,2017-08-30,3.85,3.9,-0.0128,2057647,796773.432,丁酉,戊申,己丑,3,2017,8,1,-0.012903404835907841,0,己,丑,土,土,戊,申,土,金,False,True,0.010309369658861287,2017-W35,2017-08
601288.SH,2017-08-31,3.77,3.85,-0.0208,4933725,1868739.015,丁酉,戊申,庚寅,4,2017,8,1,-0.02099814683977347,0,庚,寅,金,木,戊,申,土,金,False,True,-0.012903404835907841,2017-W35,2017-08
601288.SH,2017-09-01,3.7,3.77,-0.0186,4710519,1762167.87,丁酉,戊申,辛卯,5,2017,9,1,-0.01874218180974064,0,辛,卯,金,木,戊,申,土,金,True,False,-0.02099814683977347,2017-W35,2017-09
601288.SH,2017-09-04,3.75,3.7,0.0135,2414361,902794.328,丁酉,戊申,甲午,1,2017,9,1,0.01342302033214055,1,甲,午,木,火,戊,申,土,金,True,False,-0.01874218180974064,2017-W36,2017-09
601288.SH,2017-09-05,3.85,3.75,0.0267,2995179,1144843.348,丁酉,戊申,乙未,2,2017,9,1,0.02631730831737336,1,乙,未,木,土,戊,申,土,金,True,False,0.01342302033214055,2017-W36,2017-09
601288.SH,2017-09-06,3.85,3.85,0.0,1572803,604062.218,丁酉,戊申,丙申,3,2017,9,1,0.0,0,丙,申,火,金,戊,申,土,金,False,False,0.02631730831737336,2017-W36,2017-09
601288.SH,2017-09-07,3.83,3.85,-0.0052,1216728,465094.895,丁酉,己酉,丁酉,4,2017,9,1,-0.005208345107138235,0,丁,酉,火,金,己,酉,土,金,False,False,0.0,2017-W36,2017-09
601288.SH,2017-09-08,3.8,3.83,-0.0078,1317261,501670.84,丁酉,己酉,戊戌,5,2017,9,1,-0.007863736460214576,0,戊,戌,土,土,己,酉,土,金,False,False,-0.005208345107138235,2017-W36,2017-09
601288.SH,2017-09-11,3.82,3.8,0.0053,2557973,981765.661,丁酉,己酉,辛丑,1,2017,9,1,0.005249355886143745,1,辛,丑,金,土,己,酉,土,金,False,False,-0.007863736460214576,2017-W37,2017-09
601288.SH,2017-09-12,3.84,3.82,0.0052,1595378,609746.98,丁酉,己酉,壬寅,2,2017,9,1,0.005221943981151625,1,壬,寅,水,木,己,酉,土,金,False,False,0.005249355886143745,2017-W37,2017-09
601288.SH,2017-09-13,3.82,3.84,-0.0052,1627260,624443.311,丁酉,己酉,癸卯,3,2017,9,1,-0.0052219439811517126,0,癸,卯,水,木,己,酉,土,金,False,False,0.005221943981151625,2017-W37,2017-09
601288.SH,2017-09-14,3.79,3.82,-0.0079,1917879,729945.479,丁酉,己酉,甲辰,4,2017,9,1,-0.007884403524148759,0,甲,辰,木,土,己,酉,土,金,False,False,-0.0052219439811517126,2017-W37,2017-09
601288.SH,2017-09-15,3.76,3.79,-0.0079,1973829,739975.252,丁酉,己酉,乙巳,5,2017,9,1,-0.007947061692531945,0,乙,巳,木,火,己,酉,土,金,False,False,-0.007884403524148759,2017-W37,2017-09
601288.SH,2017-09-18,3.7,3.76,-0.016,2114885,791539.316,丁酉,己酉,戊申,1,2017,9,1,-0.01608613775162427,0,戊,申,土,金,己,酉,土,金,False,False,-0.007947061692531945,2017-W38,2017-09
601288.SH,2017-09-19,3.72,3.7,0.0054,3263389,1207160.636,丁酉,己酉,己酉,2,2017,9,1,0.005390848634876373,1,己,酉,土,金,己,酉,土,金,False,False,-0.01608613775162427,2017-W38,2017-09
601288.SH,2017-09-20,3.71,3.72,-0.0027,1898056,707463.237,丁酉,己酉,庚戌,3,2017,9,1,-0.0026917916657115256,0,庚,戌,金,土,己,酉,土,金,False,False,0.005390848634876373,2017-W38,2017-09
601288.SH,2017-09-21,3.77,3.71,0.0162,1819815,681354.871,丁酉,己酉,辛亥,4,2017,9,1,0.016043124840575684,1,辛,亥,金,水,己,酉,土,金,False,False,-0.0026917916657115256,2017-W38,2017-09
601288.SH,2017-09-22,3.79,3.77,0.0053,1737749,657691.572,丁酉,己酉,壬子,5,2017,9,1,0.00529101763441568,1,壬,子,水,水,己,酉,土,金,False,False,0.016043124840575684,2017-W38,2017-09
601288.SH,2017-09-25,3.85,3.79,0.0158,2485807,948472.67,丁酉,己酉,乙卯,1,2017,9,1,0.015707129205357877,1,乙,卯,木,木,己,酉,土,金,False,False,0.00529101763441568,2017-W39,2017-09
601288.SH,2017-09-26,3.85,3.85,0.0,1526696,588754.819,丁酉,己酉,丙辰,2,2017,9,1,0.0,0,丙,辰,火,土,己,酉,土,金,False,True,0.015707129205357877,2017-W39,2017-09
601288.SH,2017-09-27,3.82,3.85,-0.0078,1232950,471370.77,丁酉,己酉,丁巳,3,2017,9,1,-0.007822725681209156,0,丁,巳,火,火,己,酉,土,金,False,True,0.0,2017-W39,2017-09
601288.SH,2017-09-28,3.84,3.82,0.0052,1375980,524104.636,丁酉,己酉,戊午,4,2017,9,1,0.005221943981151625,1,戊,午,土,火,己,酉,土,金,False,True,-0.007822725681209156,2017-W39,2017-09
601288.SH,2017-09-29,3.82,3.84,-0.0052,1188309,454450.116,丁酉,己酉,己未,5,2017,9,1,-0.0052219439811517126,0,己,未,土,土,己,酉,土,金,False,True,0.005221943981151625,2017-W39,2017-09
601288.SH,2017-10-09,3.79,3.82,-0.0079,5703902,2185634.411,丁酉,庚戌,己巳,1,2017,10,1,-0.007884403524148759,0,己,巳,土,火,庚,戌,金,土,False,False,-0.0052219439811517126,2017-W41,2017-10
601288.SH,2017-10-10,3.78,3.79,-0.0026,3131817,1182039.917,丁酉,庚戌,庚午,2,2017,10,1,-0.0026420094628386965,0,庚,午,金,火,庚,戌,金,土,False,False,-0.007884403524148759,2017-W41,2017-10
601288.SH,2017-10-11,3.84,3.78,0.0159,2600607,991211.4,丁酉,庚戌,辛未,3,2017,10,1,0.015748356968139112,1,辛,未,金,土,庚,戌,金,土,False,False,-0.0026420094628386965,2017-W41,2017-10
601288.SH,2017-10-12,3.8,3.84,-0.0104,2879075,1101956.967,丁酉,庚戌,壬申,4,2017,10,1,-0.010471299867295366,0,壬,申,水,金,庚,戌,金,土,False,False,0.015748356968139112,2017-W41,2017-10
601288.SH,2017-10-13,3.76,3.8,-0.0105,2412867,913638.088,丁酉,庚戌,癸酉,5,2017,10,1,-0.010582109330536972,0,癸,酉,水,金,庚,戌,金,土,False,False,-0.010471299867295366,2017-W41,2017-10
601288.SH,2017-10-16,3.8,3.76,0.0106,2056550,779222.078,丁酉,庚戌,丙子,1,2017,10,1,0.010582109330537008,1,丙,子,火,水,庚,戌,金,土,False,False,-0.010582109330536972,2017-W42,2017-10
601288.SH,2017-10-17,3.76,3.8,-0.0105,2014053,761728.684,丁酉,庚戌,丁丑,2,2017,10,1,-0.010582109330536972,0,丁,丑,火,土,庚,戌,金,土,False,False,0.010582109330537008,2017-W42,2017-10
601288.SH,2017-10-18,3.82,3.76,0.016,2831809,1073955.714,丁酉,庚戌,戊寅,3,2017,10,1,0.015831465216680662,1,戊,寅,土,木,庚,戌,金,土,False,False,-0.010582109330536972,2017-W42,2017-10
601288.SH,2017-10-19,3.85,3.82,0.0079,2134620,817873.097,丁酉,庚戌,己卯,4,2017,10,1,0.007822725681209078,1,己,卯,土,木,庚,戌,金,土,False,False,0.015831465216680662,2017-W42,2017-10
601288.SH,2017-10-20,3.83,3.85,-0.0052,1672086,641058.387,丁酉,庚戌,庚辰,5,2017,10,1,-0.005208345107138235,0,庚,辰,金,土,庚,戌,金,土,False,False,0.007822725681209078,2017-W42,2017-10
601288.SH,2017-10-23,3.78,3.83,-0.0131,1830686,697334.122,丁酉,庚戌,癸未,1,2017,10,1,-0.013140793561058368,0,癸,未,水,土,庚,戌,金,土,False,False,-0.005208345107138235,2017-W43,2017-10
601288.SH,2017-10-24,3.8,3.78,0.0053,1516744,575895.601,丁酉,庚戌,甲申,2,2017,10,1,0.005277057100843819,1,甲,申,木,金,庚,戌,金,土,False,False,-0.013140793561058368,2017-W43,2017-10
601288.SH,2017-10-25,3.77,3.8,-0.0079,1676109,632567.673,丁酉,庚戌,乙酉,3,2017,10,1,-0.007926065272420603,0,乙,酉,木,金,庚,戌,金,土,False,False,0.005277057100843819,2017-W43,2017-10
601288.SH,2017-10-26,3.7,3.77,-0.0186,4645126,1720552.193,丁酉,庚戌,丙戌,4,2017,10,1,-0.01874218180974064,0,丙,戌,火,土,庚,戌,金,土,False,False,-0.007926065272420603,2017-W43,2017-10
601288.SH,2017-10-27,3.72,3.7,0.0054,4336945,1612201.89,丁酉,庚戌,丁亥,5,2017,10,1,0.005390848634876373,1,丁,亥,火,水,庚,戌,金,土,False,True,-0.01874218180974064,2017-W43,2017-10
601288.SH,2017-10-30,3.74,3.72,0.0054,3524719,1317859.998,丁酉,庚戌,庚寅,1,2017,10,1,0.005361943141385373,1,庚,寅,金,木,庚,戌,金,土,False,True,0.005390848634876373,2017-W44,2017-10
601288.SH,2017-10-31,3.74,3.74,0.0,2552215,960555.351,丁酉,庚戌,辛卯,2,2017,10,1,0.0,0,辛,卯,金,木,庚,戌,金,土,False,True,0.005361943141385373,2017-W44,2017-10
601288.SH,2017-11-01,3.73,3.74,-0.0027,2662549,988864.446,丁酉,庚戌,壬辰,3,2017,11,1,-0.002677377770716403,0,壬,辰,水,土,庚,戌,金,土,True,False,0.0,2017-W44,2017-11
601288.SH,2017-11-02,3.72,3.73,-0.0027,2537027,939266.905,丁酉,庚戌,癸巳,4,2017,11,1,-0.0026845653706688757,0,癸,巳,水,火,庚,戌,金,土,True,False,-0.002677377770716403,2017-W44,2017-11
601288.SH,2017-11-03,3.72,3.72,0.0,2815646,1043007.281,丁酉,庚戌,甲午,5,2017,11,1,0.0,0,甲,午,木,火,庚,戌,金,土,True,False,-0.0026845653706688757,2017-W44,2017-11
601288.SH,2017-11-06,3.68,3.72,-0.0108,2118381,779819.113,丁酉,庚戌,丁酉,1,2017,11,1,-0.010810916104215617,0,丁,酉,火,金,庚,戌,金,土,False,False,0.0,2017-W45,2017-11
601288.SH,2017-11-07,3.71,3.68,0.0082,3098003,1142444.1,丁酉,辛亥,戊戌,2,2017,11,1,0.008119124438504191,1,戊,戌,土,土,辛,亥,金,水,False,False,-0.010810916104215617,2017-W45,2017-11
601288.SH,2017-11-08,3.71,3.71,0.0,2883015,1067408.094,丁酉,辛亥,己亥,3,2017,11,1,0.0,0,己,亥,土,水,辛,亥,金,水,False,False,0.008119124438504191,2017-W45,2017-11
601288.SH,2017-11-09,3.68,3.71,-0.0081,1798935,663025.521,丁酉,辛亥,庚子,4,2017,11,1,-0.008119124438504129,0,庚,子,金,水,辛,亥,金,水,False,False,0.0,2017-W45,2017-11
601288.SH,2017-11-10,3.63,3.68,-0.0136,2804353,1019758.965,丁酉,辛亥,辛丑,5,2017,11,1,-0.013680103904080266,0,辛,丑,金,土,辛,亥,金,水,False,False,-0.008119124438504129,2017-W45,2017-11
601288.SH,2017-11-13,3.64,3.63,0.0028,6214725,2254873.792,丁酉,辛亥,甲辰,1,2017,11,1,0.002751033371890019,1,甲,辰,木,土,辛,亥,金,水,False,False,-0.013680103904080266,2017-W46,2017-11
601288.SH,2017-11-14,3.61,3.64,-0.0082,1795618,648693.255,丁酉,辛亥,乙巳,2,2017,11,1,-0.008275909303859822,0,乙,巳,木,火,辛,亥,金,水,False,False,0.002751033371890019,2017-W46,2017-11
601288.SH,2017-11-15,3.61,3.61,0.0,2620142,944492.741,丁酉,辛亥,丙午,3,2017,11,1,0.0,0,丙,午,火,火,辛,亥,金,水,False,False,-0.008275909303859822,2017-W46,2017-11
601288.SH,2017-11-16,3.57,3.61,-0.0111,2166882,775063.718,丁酉,辛亥,丁未,4,2017,11,1,-0.011142176553241848,0,丁,未,火,土,辛,亥,金,水,False,False,0.0,2017-W46,2017-11
601288.SH,2017-11-17,3.66,3.57,0.0252,5864140,2119303.19,丁酉,辛亥,戊申,5,2017,11,1,0.024897551621727302,1,戊,申,土,金,辛,亥,金,水,False,False,-0.011142176553241848,2017-W46,2017-11
601288.SH,2017-11-20,3.67,3.66,0.0027,3327769,1216118.095,丁酉,辛亥,辛亥,1,2017,11,1,0.0027285146532039146,1,辛,亥,金,水,辛,亥,金,水,False,False,0.024897551621727302,2017-W47,2017-11
601288.SH,2017-11-21,3.66,3.67,-0.0027,5284486,1945353.033,丁酉,辛亥,壬子,2,2017,11,1,-0.002728514653203951,0,壬,子,水,水,辛,亥,金,水,False,False,0.0027285146532039146,2017-W47,2017-11
601288.SH,2017-11-22,3.8,3.66,0.0383,5927299,2225047.332,丁酉,辛亥,癸丑,3,2017,11,1,0.037537919319065034,1,癸,丑,水,土,辛,亥,金,水,False,False,-0.002728514653203951,2017-W47,2017-11
601288.SH,2017-11-23,3.79,3.8,-0.0026,5796859,2218887.917,丁酉,辛亥,甲寅,4,2017,11,1,-0.0026350476380050023,0,甲,寅,木,木,辛,亥,金,水,False,False,0.037537919319065034,2017-W47,2017-11
601288.SH,2017-11-24,3.8,3.79,0.0026,2665175,1010581.386,丁酉,辛亥,乙卯,5,2017,11,1,0.0026350476380050322,1,乙,卯,木,木,辛,亥,金,水,False,False,-0.0026350476380050023,2017-W47,2017-11
601288.SH,2017-11-27,3.8,3.8,0.0,4424698,1666859.95,丁酉,辛亥,戊午,1,2017,11,1,0.0,0,戊,午,土,火,辛,亥,金,水,False,True,0.0026350476380050322,2017-W48,2017-11
601288.SH,2017-11-28,3.75,3.8,-0.0132,1943564,728022.361,丁酉,辛亥,己未,2,2017,11,1,-0.013245226750020567,0,己,未,土,土,辛,亥,金,水,False,True,0.0,2017-W48,2017-11
601288.SH,2017-11-29,3.75,3.75,0.0,1703672,638845.882,丁酉,辛亥,庚申,3,2017,11,1,0.0,0,庚,申,金,金,辛,亥,金,水,False,True,-0.013245226750020567,2017-W48,2017-11
601288.SH,2017-11-30,3.74,3.75,-0.0027,2001574,752065.225,丁酉,辛亥,辛酉,4,2017,11,1,-0.0026702285558788097,0,辛,酉,金,金,辛,亥,金,水,False,True,0.0,2017-W48,2017-11
601288.SH,2017-12-01,3.74,3.74,0.0,2741050,1023099.056,丁酉,辛亥,壬戌,5,2017,12,1,0.0,0,壬,戌,水,土,辛,亥,金,水,True,False,-0.0026702285558788097,2017-W48,2017-12
601288.SH,2017-12-04,3.74,3.74,0.0,1396798,521297.796,丁酉,辛亥,乙丑,1,2017,12,1,0.0,0,乙,丑,木,土,辛,亥,金,水,True,False,0.0,2017-W49,2017-12
601288.SH,2017-12-05,3.81,3.74,0.0187,4702996,1782744.776,丁酉,辛亥,丙寅,2,2017,12,1,0.018543577712168885,1,丙,寅,火,木,辛,亥,金,水,True,False,0.0,2017-W49,2017-12
601288.SH,2017-12-06,3.8,3.81,-0.0026,2685232,1018528.919,丁酉,辛亥,丁卯,3,2017,12,1,-0.0026281224062695806,0,丁,卯,火,木,辛,亥,金,水,False,False,0.018543577712168885,2017-W49,2017-12
601288.SH,2017-12-07,3.78,3.8,-0.0053,1968366,740074.696,丁酉,壬子,戊辰,4,2017,12,1,-0.005277057100843781,0,戊,辰,土,土,壬,子,水,水,False,False,-0.0026281224062695806,2017-W49,2017-12
601288.SH,2017-12-08,3.74,3.78,-0.0106,2191477,819907.922,丁酉,壬子,己巳,5,2017,12,1,-0.010638398205055643,0,己,巳,土,火,壬,子,水,水,False,False,-0.005277057100843781,2017-W49,2017-12
601288.SH,2017-12-11,3.73,3.74,-0.0027,1853311,690067.058,丁酉,壬子,壬申,1,2017,12,1,-0.002677377770716403,0,壬,申,水,金,壬,子,水,水,False,False,-0.010638398205055643,2017-W50,2017-12
601288.SH,2017-12-12,3.7,3.73,-0.008,1470308,546576.313,丁酉,壬子,癸酉,2,2017,12,1,-0.008075414005545307,0,癸,酉,水,金,壬,子,水,水,False,False,-0.002677377770716403,2017-W50,2017-12
601288.SH,2017-12-13,3.71,3.7,0.0027,1510632,558933.012,丁酉,壬子,甲戌,3,2017,12,1,0.0026990569691649835,1,甲,戌,木,土,壬,子,水,水,False,False,-0.008075414005545307,2017-W50,2017-12
601288.SH,2017-12-14,3.71,3.71,0.0,1733037,644235.323,丁酉,壬子,乙亥,4,2017,12,1,0.0,0,乙,亥,木,水,壬,子,水,水,False,False,0.0026990569691649835,2017-W50,2017-12
601288.SH,2017-12-15,3.67,3.71,-0.0108,2014829,740607.329,丁酉,壬子,丙子,5,2017,12,1,-0.010840214552864833,0,丙,子,火,水,壬,子,水,水,False,False,0.0,2017-W50,2017-12
601288.SH,2017-12-18,3.67,3.67,0.0,1633539,599373.108,丁酉,壬子,己卯,1,2017,12,1,0.0,0,己,卯,土,木,壬,子,水,水,False,False,-0.010840214552864833,2017-W51,2017-12
601288.SH,2017-12-19,3.71,3.67,0.0109,2074206,763993.783,丁酉,壬子,庚辰,2,2017,12,1,0.010840214552864807,1,庚,辰,金,土,壬,子,水,水,False,False,0.0,2017-W51,2017-12
601288.SH,2017-12-20,3.71,3.71,0.0,2019680,747292.778,丁酉,壬子,辛巳,3,2017,12,1,0.0,0,辛,巳,金,火,壬,子,水,水,False,False,0.010840214552864807,2017-W51,2017-12
601288.SH,2017-12-21,3.7,3.71,-0.0027,1810896,670453.091,丁酉,壬子,壬午,4,2017,12,1,-0.0026990569691649467,0,壬,午,水,火,壬,子,水,水,False,False,0.0,2017-W51,2017-12
601288.SH,2017-12-22,3.67,3.7,-0.0081,1542766,567833.877,丁酉,壬子,癸未,5,2017,12,1,-0.008141157583699885,0,癸,未,水,土,壬,子,水,水,False,False,-0.0026990569691649467,2017-W51,2017-12
601288.SH,2017-12-25,3.68,3.67,0.0027,2035946,751869.001,丁酉,壬子,丙戌,1,2017,12,1,0.0027210901143608075,1,丙,戌,火,土,壬,子,水,水,False,False,-0.008141157583699885,2017-W52,2017-12
601288.SH,2017-12-26,3.76,3.68,0.0217,2848255,1062487.115,丁酉,壬子,丁亥,2,2017,12,1,0.021506205220963463,1,丁,亥,火,水,壬,子,水,水,False,False,0.0027210901143608075,2017-W52,2017-12
601288.SH,2017-12-27,3.75,3.76,-0.0027,3085492,1162208.824,丁酉,壬子,戊子,3,2017,12,1,-0.002663117419483662,0,戊,子,土,水,壬,子,水,水,False,True,0.021506205220963463,2017-W52,2017-12
601288.SH,2017-12-28,3.78,3.75,0.008,3035240,1144477.308,丁酉,壬子,己丑,4,2017,12,1,0.007968169649176881,1,己,丑,土,土,壬,子,水,水,False,True,-0.002663117419483662,2017-W52,2017-12
601288.SH,2017-12-29,3.83,3.78,0.0132,3160217,1210267.267,丁酉,壬子,庚寅,5,2017,12,1,0.013140793561058328,1,庚,寅,金,木,壬,子,水,水,False,True,0.007968169649176881,2017-W52,2017-12
601288.SH,2018-01-02,3.85,3.83,0.0052,7985191,3073323.622,丁酉,壬子,甲午,2,2018,1,1,0.00520834510713826,1,甲,午,木,火,壬,子,水,水,True,False,0.013140793561058328,2018-W01,2018-01
601288.SH,2018-01-03,3.88,3.85,0.0078,3073498,1189311.775,丁酉,壬子,乙未,3,2018,1,1,0.007762005335489109,1,乙,未,木,土,壬,子,水,水,True,False,0.00520834510713826,2018-W01,2018-01
601288.SH,2018-01-04,3.87,3.88,-0.0026,3151427,1221849.043,丁酉,壬子,丙申,4,2018,1,1,-0.0025806465934916254,0,丙,申,火,金,壬,子,水,水,True,False,0.007762005335489109,2018-W01,2018-01
601288.SH,2018-01-05,3.87,3.87,0.0,2454164,950348.793,丁酉,癸丑,丁酉,5,2018,1,1,0.0,0,丁,酉,火,金,癸,丑,水,土,True,False,-0.0025806465934916254,2018-W01,2018-01
601288.SH,2018-01-08,3.86,3.87,-0.0026,2326323,899692.716,丁酉,癸丑,庚子,1,2018,1,1,-0.0025873235649510238,0,庚,子,金,水,癸,丑,水,土,False,False,0.0,2018-W02,2018-01
601288.SH,2018-01-09,3.83,3.86,-0.0078,2526695,973208.742,丁酉,癸丑,辛丑,2,2018,1,1,-0.007802380284184787,0,辛,丑,金,土,癸,丑,水,土,False,False,-0.0025873235649510238,2018-W02,2018-01
601288.SH,2018-01-10,3.91,3.83,0.0209,4192770,1627388.329,丁酉,癸丑,壬寅,3,2018,1,1,0.020672570804719882,1,壬,寅,水,木,癸,丑,水,土,False,False,-0.007802380284184787,2018-W02,2018-01
601288.SH,2018-01-11,3.99,3.91,0.0205,4006490,1588690.559,丁酉,癸丑,癸卯,4,2018,1,1,0.020253856904497596,1,癸,卯,水,木,癸,丑,水,土,False,False,0.020672570804719882,2018-W02,2018-01
601288.SH,2018-01-12,4.01,3.99,0.005,3452961,1387864.269,丁酉,癸丑,甲辰,5,2018,1,1,0.005000010416705619,1,甲,辰,木,土,癸,丑,水,土,False,False,0.020253856904497596,2018-W02,2018-01
601288.SH,2018-01-15,4.12,4.01,0.0274,5515164,2262276.471,丁酉,癸丑,丁未,1,2018,1,1,0.02706192204295738,1,丁,未,火,土,癸,丑,水,土,False,False,0.005000010416705619,2018-W03,2018-01
601288.SH,2018-01-16,4.15,4.12,0.0073,8429619,3454334.129,丁酉,癸丑,戊申,2,2018,1,1,0.007255170881172016,1,戊,申,土,金,癸,丑,水,土,False,False,0.02706192204295738,2018-W03,2018-01
601288.SH,2018-01-17,4.22,4.15,0.0169,8547128,3620705.013,丁酉,癸丑,己酉,3,2018,1,1,0.016726793805313365,1,己,酉,土,金,癸,丑,水,土,False,False,0.007255170881172016,2018-W03,2018-01
601288.SH,2018-01-18,4.37,4.22,0.0355,8076568,3480417.181,丁酉,癸丑,庚戌,4,2018,1,1,0.03492788105957843,1,庚,戌,金,土,癸,丑,水,土,False,False,0.016726793805313365,2018-W03,2018-01
601288.SH,2018-01-19,4.47,4.37,0.0229,6059788,2687820.89,丁酉,癸丑,辛亥,5,2018,1,1,0.02262539951797861,1,辛,亥,金,水,癸,丑,水,土,False,False,0.03492788105957843,2018-W03,2018-01
601288.SH,2018-01-22,4.36,4.47,-0.0246,8013254,3545959.686,丁酉,癸丑,甲寅,1,2018,1,1,-0.02491635126453444,0,甲,寅,木,木,癸,丑,水,土,False,False,0.02262539951797861,2018-W04,2018-01
601288.SH,2018-01-23,4.48,4.36,0.0275,16348061,7219026.017,丁酉,癸丑,乙卯,2,2018,1,1,0.027150989065950898,1,乙,卯,木,木,癸,丑,水,土,False,False,-0.02491635126453444,2018-W04,2018-01
601288.SH,2018-01-24,4.53,4.48,0.0112,12098990,5515567.723,丁酉,癸丑,丙辰,3,2018,1,1,0.011098893068048765,1,丙,辰,火,土,癸,丑,水,土,False,False,0.027150989065950898,2018-W04,2018-01
601288.SH,2018-01-25,4.54,4.53,0.0022,7431980,3347409.136,丁酉,癸丑,丁巳,4,2018,1,1,0.0022050725583139755,1,丁,巳,火,火,癸,丑,水,土,False,False,0.011098893068048765,2018-W04,2018-01
601288.SH,2018-01-26,4.48,4.54,-0.0132,18722998,8467111.235,丁酉,癸丑,戊午,5,2018,1,1,-0.013303965626362702,0,戊,午,土,火,癸,丑,水,土,False,False,0.0022050725583139755,2018-W04,2018-01
601288.SH,2018-01-29,4.51,4.48,0.0067,9272793,4201461.26,丁酉,癸丑,辛酉,1,2018,1,1,0.006674107087692997,1,辛,酉,金,金,癸,丑,水,土,False,True,-0.013303965626362702,2018-W05,2018-01
601288.SH,2018-01-30,4.42,4.51,-0.02,5415752,2410301.768,丁酉,癸丑,壬戌,2,2018,1,1,-0.02015745742498017,0,壬,戌,水,土,癸,丑,水,土,False,True,0.006674107087692997,2018-W05,2018-01
601288.SH,2018-01-31,4.46,4.42,0.0091,5016716,2221010.869,丁酉,癸丑,癸亥,3,2018,1,1,0.00900906994236591,1,癸,亥,水,水,癸,丑,水,土,False,True,-0.02015745742498017,2018-W05,2018-01
601288.SH,2018-02-01,4.51,4.46,0.0112,7231629,3247557.851,丁酉,癸丑,甲子,4,2018,2,1,0.011148387482614201,1,甲,子,木,水,癸,丑,水,土,True,False,0.00900906994236591,2018-W05,2018-02
601288.SH,2018-02-02,4.51,4.51,0.0,4897905,2187841.224,丁酉,癸丑,乙丑,5,2018,2,1,0.0,0,乙,丑,木,土,癸,丑,水,土,True,False,0.011148387482614201,2018-W05,2018-02
601288.SH,2018-02-05,4.75,4.51,0.0532,9886598,4551366.284,戊戌,甲寅,戊辰,1,2018,2,1,0.051847464531962865,1,戊,辰,土,土,甲,寅,木,木,True,False,0.0,2018-W06,2018-02
601288.SH,2018-02-06,4.71,4.75,-0.0084,10942621,5108326.637,戊戌,甲寅,己巳,2,2018,2,1,-0.008456710018223509,0,己,巳,土,火,甲,寅,木,木,False,False,0.051847464531962865,2018-W06,2018-02
601288.SH,2018-02-07,4.46,4.71,-0.0531,11218485,5173766.266,戊戌,甲寅,庚午,3,2018,2,1,-0.054539141996353666,0,庚,午,金,火,甲,寅,木,木,False,False,-0.008456710018223509,2018-W06,2018-02
601288.SH,2018-02-08,4.31,4.46,-0.0336,9495951,4081431.869,戊戌,甲寅,辛未,4,2018,2,1,-0.03421086191631638,0,辛,未,金,土,甲,寅,木,木,False,False,-0.054539141996353666,2018-W06,2018-02
601288.SH,2018-02-09,4.16,4.31,-0.0348,10430730,4287138.581,戊戌,甲寅,壬申,5,2018,2,1,-0.03542282984248443,0,壬,申,水,金,甲,寅,木,木,False,False,-0.03421086191631638,2018-W06,2018-02
601288.SH,2018-02-12,4.09,4.16,-0.0168,5683728,2329221.743,戊戌,甲寅,乙亥,1,2018,2,1,-0.01697010421846159,0,乙,亥,木,水,甲,寅,木,木,False,False,-0.03542282984248443,2018-W07,2018-02
601288.SH,2018-02-13,4.15,4.09,0.0147,6433021,2680564.566,戊戌,甲寅,丙子,2,2018,2,1,0.014563364187896728,1,丙,子,火,水,甲,寅,木,木,False,False,-0.01697010421846159,2018-W07,2018-02
601288.SH,2018-02-14,4.16,4.15,0.0024,2636217,1092055.792,戊戌,甲寅,丁丑,3,2018,2,1,0.0024067400305648376,1,丁,丑,火,土,甲,寅,木,木,False,False,0.014563364187896728,2018-W07,2018-02
601288.SH,2018-02-22,4.31,4.16,0.0361,5380012,2307025.364,戊戌,甲寅,乙酉,4,2018,2,1,0.03542282984248427,1,乙,酉,木,金,甲,寅,木,木,False,False,0.0024067400305648376,2018-W08,2018-02
601288.SH,2018-02-23,4.34,4.31,0.007,3367814,1451094.946,戊戌,甲寅,丙戌,5,2018,2,1,0.006936443996657169,1,丙,戌,火,土,甲,寅,木,木,False,False,0.03542282984248427,2018-W08,2018-02
601288.SH,2018-02-26,4.32,4.34,-0.0046,6781887,2932758.951,戊戌,甲寅,己丑,1,2018,2,1,-0.004618945856294417,0,己,丑,土,土,甲,寅,木,木,False,True,0.006936443996657169,2018-W09,2018-02
601288.SH,2018-02-27,4.2,4.32,-0.0278,6379448,2697143.396,戊戌,甲寅,庚寅,2,2018,2,1,-0.028170876966696335,0,庚,寅,金,木,甲,寅,木,木,False,True,-0.004618945856294417,2018-W09,2018-02
601288.SH,2018-02-28,4.13,4.2,-0.0167,3983068,1646072.271,戊戌,甲寅,辛卯,3,2018,2,1,-0.01680711831638129,0,辛,卯,金,木,甲,寅,木,木,False,True,-0.028170876966696335,2018-W09,2018-02
601288.SH,2018-03-01,4.13,4.13,0.0,3413249,1410150.148,戊戌,甲寅,壬辰,4,2018,3,1,0.0,0,壬,辰,水,土,甲,寅,木,木,True,False,-0.01680711831638129,2018-W09,2018-03
601288.SH,2018-03-02,4.11,4.13,-0.0048,2825757,1158641.592,戊戌,甲寅,癸巳,5,2018,3,1,-0.004854378464798088,0,癸,巳,水,火,甲,寅,木,木,True,False,0.0,2018-W09,2018-03
601288.SH,2018-03-05,4.07,4.11,-0.0097,3822804,1556840.957,戊戌,乙卯,丙申,1,2018,3,1,-0.009780029053639606,0,丙,申,火,金,乙,卯,木,木,True,False,-0.004854378464798088,2018-W10,2018-03
601288.SH,2018-03-06,4.04,4.07,-0.0074,10748248,4338624.022,戊戌,乙卯,丁酉,2,2018,3,1,-0.0073983074814449245,0,丁,酉,火,金,乙,卯,木,木,False,False,-0.009780029053639606,2018-W10,2018-03
601288.SH,2018-03-07,4.05,4.04,0.0025,6061359,2469408.07,戊戌,乙卯,戊戌,3,2018,3,1,0.002472189145389073,1,戊,戌,土,土,乙,卯,木,木,False,False,-0.0073983074814449245,2018-W10,2018-03
601288.SH,2018-03-08,4.02,4.05,-0.0074,5146952,2074853.609,戊戌,乙卯,己亥,4,2018,3,1,-0.00743497848751809,0,己,亥,土,水,乙,卯,木,木,False,False,0.002472189145389073,2018-W10,2018-03
601288.SH,2018-03-09,4.02,4.02,0.0,3805173,1527722.768,戊戌,乙卯,庚子,5,2018,3,1,0.0,0,庚,子,金,水,乙,卯,木,木,False,False,-0.00743497848751809,2018-W10,2018-03
601288.SH,2018-03-12,4.03,4.02,0.0025,6418260,2588505.414,戊戌,乙卯,癸卯,1,2018,3,1,0.002484473327662187,1,癸,卯,水,木,乙,卯,木,木,False,False,0.0,2018-W11,2018-03
601288.SH,2018-03-13,4.13,4.03,0.0248,10351929,4270441.788,戊戌,乙卯,甲辰,2,2018,3,1,0.024511031014349784,1,甲,辰,木,土,乙,卯,木,木,False,False,0.002484473327662187,2018-W11,2018-03
601288.SH,2018-03-14,4.09,4.13,-0.0097,3980799,1630078.37,戊戌,乙卯,乙巳,3,2018,3,1,-0.009732436918231,0,乙,巳,木,火,乙,卯,木,木,False,False,0.024511031014349784,2018-W11,2018-03
601288.SH,2018-03-15,4.13,4.09,0.0098,3858217,1587712.807,戊戌,乙卯,丙午,4,2018,3,1,0.009732436918231054,1,丙,午,火,火,乙,卯,木,木,False,False,-0.009732436918231,2018-W11,2018-03
601288.SH,2018-03-16,4.07,4.13,-0.0145,3556187,1453850.865,戊戌,乙卯,丁未,5,2018,3,1,-0.014634407518437696,0,丁,未,火,土,乙,卯,木,木,False,False,0.009732436918231054,2018-W11,2018-03
601288.SH,2018-03-19,4.08,4.07,0.0025,2837586,1150696.031,戊戌,乙卯,庚戌,1,2018,3,1,0.002453988961566566,1,庚,戌,金,土,乙,卯,木,木,False,False,-0.014634407518437696,2018-W12,2018-03
601288.SH,2018-03-20,4.1,4.08,0.0049,3098355,1265184.059,戊戌,乙卯,辛亥,2,2018,3,1,0.004889985294191771,1,辛,亥,金,水,乙,卯,木,木,False,False,0.002453988961566566,2018-W12,2018-03
601288.SH,2018-03-21,4.1,4.1,0.0,4292399,1765375.928,戊戌,乙卯,壬子,3,2018,3,1,0.0,0,壬,子,水,水,乙,卯,木,木,False,False,0.004889985294191771,2018-W12,2018-03
601288.SH,2018-03-22,4.06,4.1,-0.0098,4183705,1697211.574,戊戌,乙卯,癸丑,4,2018,3,1,-0.009804000096620856,0,癸,丑,水,土,乙,卯,木,木,False,False,0.0,2018-W12,2018-03
601288.SH,2018-03-23,3.95,4.06,-0.0271,7439769,2933802.975,戊戌,乙卯,甲寅,5,2018,3,1,-0.027467394700610683,0,甲,寅,木,木,乙,卯,木,木,False,False,-0.009804000096620856,2018-W12,2018-03
601288.SH,2018-03-26,3.82,3.95,-0.0329,6338633,2438461.127,戊戌,乙卯,丁巳,1,2018,3,1,-0.03346515629454675,0,丁,巳,火,火,乙,卯,木,木,False,False,-0.027467394700610683,2018-W13,2018-03
601288.SH,2018-03-27,3.84,3.82,0.0052,4987732,1916506.366,戊戌,乙卯,戊午,2,2018,3,1,0.005221943981151625,1,戊,午,土,火,乙,卯,木,木,False,True,-0.03346515629454675,2018-W13,2018-03
601288.SH,2018-03-28,3.86,3.84,0.0052,4860143,1878739.837,戊戌,乙卯,己未,3,2018,3,1,0.00519481687710393,1,己,未,土,土,乙,卯,木,木,False,True,0.005221943981151625,2018-W13,2018-03
601288.SH,2018-03-29,3.96,3.86,0.0259,5004730,1951364.916,戊戌,乙卯,庚申,4,2018,3,1,0.025576841789649776,1,庚,申,金,金,乙,卯,木,木,False,True,0.00519481687710393,2018-W13,2018-03
601288.SH,2018-03-30,3.91,3.96,-0.0126,2966040,1166737.444,戊戌,乙卯,辛酉,5,2018,3,1,-0.012706651269114688,0,辛,酉,金,金,乙,卯,木,木,False,True,0.025576841789649776,2018-W13,2018-03
601288.SH,2018-04-02,3.84,3.91,-0.0179,3864427,1494678.733,戊戌,乙卯,甲子,1,2018,4,1,-0.018065007397639003,0,甲,子,木,水,乙,卯,木,木,True,False,-0.012706651269114688,2018-W14,2018-04
601288.SH,2018-04-03,3.83,3.84,-0.0026,3416619,1307374.982,戊戌,乙卯,乙丑,2,2018,4,1,-0.0026075634070808302,0,乙,丑,木,土,乙,卯,木,木,True,False,-0.018065007397639003,2018-W14,2018-04
601288.SH,2018-04-04,3.81,3.83,-0.0052,2894061,1109491.617,戊戌,乙卯,丙寅,3,2018,4,1,-0.005235614053945052,0,丙,寅,火,木,乙,卯,木,木,True,False,-0.0026075634070808302,2018-W14,2018-04
601288.SH,2018-04-09,3.83,3.81,0.0052,2210682,844269.206,戊戌,丙辰,辛未,1,2018,4,1,0.005235614053944943,1,辛,未,金,土,丙,辰,火,土,False,False,-0.005235614053945052,2018-W15,2018-04
601288.SH,2018-04-10,3.94,3.83,0.0287,4625275,1794284.604,戊戌,丙辰,壬申,2,2018,4,1,0.028315920117287858,1,壬,申,水,金,丙,辰,火,土,False,False,0.005235614053944943,2018-W15,2018-04
601288.SH,2018-04-11,3.99,3.94,0.0127,5064446,2008746.413,戊戌,丙辰,癸酉,3,2018,4,1,0.012610507591929733,1,癸,酉,水,金,丙,辰,火,土,False,False,0.028315920117287858,2018-W15,2018-04
601288.SH,2018-04-12,3.9,3.99,-0.0226,3032962,1191961.555,戊戌,丙辰,甲戌,4,2018,4,1,-0.0228146777661714,0,甲,戌,木,土,丙,辰,火,土,False,False,0.012610507591929733,2018-W15,2018-04
601288.SH,2018-04-13,3.87,3.9,-0.0077,2589944,1007392.421,戊戌,丙辰,乙亥,5,2018,4,1,-0.007722046093910278,0,乙,亥,木,水,丙,辰,火,土,False,False,-0.0228146777661714,2018-W15,2018-04
601288.SH,2018-04-16,3.75,3.87,-0.031,6021860,2280826.252,戊戌,丙辰,戊寅,1,2018,4,1,-0.03149866705937105,0,戊,寅,土,木,丙,辰,火,土,False,False,-0.007722046093910278,2018-W16,2018-04
601288.SH,2018-04-17,3.73,3.75,-0.0053,3263887,1222250.736,戊戌,丙辰,己卯,2,2018,4,1,-0.005347606326595242,0,己,卯,土,木,丙,辰,火,土,False,False,-0.03149866705937105,2018-W16,2018-04
601288.SH,2018-04-18,3.77,3.73,0.0107,3674283,1380132.078,戊戌,丙辰,庚辰,3,2018,4,1,0.010666767804195228,1,庚,辰,金,土,丙,辰,火,土,False,False,-0.005347606326595242,2018-W16,2018-04
601288.SH,2018-04-19,3.78,3.77,0.0027,3108492,1174626.249,戊戌,丙辰,辛巳,4,2018,4,1,0.0026490081715768625,1,辛,巳,金,火,丙,辰,火,土,False,False,0.010666767804195228,2018-W16,2018-04
601288.SH,2018-04-20,3.74,3.78,-0.0106,3092581,1156097.572,戊戌,丙辰,壬午,5,2018,4,1,-0.010638398205055643,0,壬,午,水,火,丙,辰,火,土,False,False,0.0026490081715768625,2018-W16,2018-04
601288.SH,2018-04-23,3.76,3.74,0.0053,2324395,870895.231,戊戌,丙辰,乙酉,1,2018,4,1,0.005333345975362382,1,乙,酉,木,金,丙,辰,火,土,False,False,-0.010638398205055643,2018-W17,2018-04
601288.SH,2018-04-24,3.84,3.76,0.0213,4552732,1742952.481,戊戌,丙辰,丙戌,2,2018,4,1,0.021053409197832263,1,丙,戌,火,土,丙,辰,火,土,False,False,0.005333345975362382,2018-W17,2018-04
601288.SH,2018-04-25,3.81,3.84,-0.0078,1762515,671518.044,戊戌,丙辰,丁亥,3,2018,4,1,-0.007843177461025893,0,丁,亥,火,水,丙,辰,火,土,False,False,0.021053409197832263,2018-W17,2018-04
601288.SH,2018-04-26,3.79,3.81,-0.0052,2094667,792297.733,戊戌,丙辰,戊子,4,2018,4,1,-0.005263170044274644,0,戊,子,土,水,丙,辰,火,土,False,True,-0.007843177461025893,2018-W17,2018-04
601288.SH,2018-04-27,3.81,3.79,0.0053,1754450,665337.676,戊戌,丙辰,己丑,5,2018,4,1,0.005263170044274691,1,己,丑,土,土,丙,辰,火,土,False,True,-0.005263170044274644,2018-W17,2018-04
601288.SH,2018-05-02,3.86,3.81,0.0131,2915207,1124863.895,戊戌,丙辰,甲午,3,2018,5,1,0.0130379943381298,1,甲,午,木,火,丙,辰,火,土,True,False,0.005263170044274691,2018-W18,2018-05
601288.SH,2018-05-03,3.84,3.86,-0.0052,1998100,769484.932,戊戌,丙辰,乙未,4,2018,5,1,-0.005194816877104023,0,乙,未,木,土,丙,辰,火,土,True,False,0.0130379943381298,2018-W18,2018-05
601288.SH,2018-05-04,3.83,3.84,-0.0026,1623540,621039.12,戊戌,丙辰,丙申,5,2018,5,1,-0.0026075634070808302,0,丙,申,火,金,丙,辰,火,土,True,False,-0.005194816877104023,2018-W18,2018-05
601288.SH,2018-05-07,3.86,3.83,0.0078,2365475,910243.503,戊戌,丁巳,己亥,1,2018,5,1,0.0078023802841848,1,己,亥,土,水,丁,巳,火,火,False,False,-0.0026075634070808302,2018-W19,2018-05
601288.SH,2018-05-08,3.9,3.86,0.0104,2945746,1148087.662,戊戌,丁巳,庚子,2,2018,5,1,0.010309369658861287,1,庚,子,金,水,丁,巳,火,火,False,False,0.0078023802841848,2018-W19,2018-05
601288.SH,2018-05-09,3.9,3.9,0.0,1683194,653707.819,戊戌,丁巳,辛丑,3,2018,5,1,0.0,0,辛,丑,金,土,丁,巳,火,火,False,False,0.010309369658861287,2018-W19,2018-05
601288.SH,2018-05-10,3.89,3.9,-0.0026,1585320,616719.103,戊戌,丁巳,壬寅,4,2018,5,1,-0.0025673955052458093,0,壬,寅,水,木,丁,巳,火,火,False,False,0.0,2018-W19,2018-05
601288.SH,2018-05-11,3.91,3.89,0.0051,2256160,882037.572,戊戌,丁巳,癸卯,5,2018,5,1,0.005128216366919529,1,癸,卯,水,木,丁,巳,火,火,False,False,-0.0025673955052458093,2018-W19,2018-05
601288.SH,2018-05-14,3.94,3.91,0.0077,2460567,970220.677,戊戌,丁巳,丙午,1,2018,5,1,0.007643349312568066,1,丙,午,火,火,丁,巳,火,火,False,False,0.005128216366919529,2018-W20,2018-05
601288.SH,2018-05-15,3.92,3.94,-0.0051,2574006,1006940.266,戊戌,丁巳,丁未,2,2018,5,1,-0.005089069507471293,0,丁,未,火,土,丁,巳,火,火,False,False,0.007643349312568066,2018-W20,2018-05
601288.SH,2018-05-16,3.85,3.92,-0.0179,2723970,1054382.923,戊戌,丁巳,戊申,3,2018,5,1,-0.01801850550267825,0,戊,申,土,金,丁,巳,火,火,False,False,-0.005089069507471293,2018-W20,2018-05
601288.SH,2018-05-17,3.85,3.85,0.0,1591980,612022.589,戊戌,丁巳,己酉,4,2018,5,1,0.0,0,己,酉,土,金,丁,巳,火,火,False,False,-0.01801850550267825,2018-W20,2018-05
601288.SH,2018-05-18,3.9,3.85,0.013,2421181,933856.382,戊戌,丁巳,庚戌,5,2018,5,1,0.012903404835907782,1,庚,戌,金,土,丁,巳,火,火,False,False,0.0,2018-W20,2018-05
601288.SH,2018-05-21,3.92,3.9,0.0051,2724701,1066366.652,戊戌,丁巳,癸丑,1,2018,5,1,0.005115100666770409,1,癸,丑,水,土,丁,巳,火,火,False,False,0.012903404835907782,2018-W21,2018-05
601288.SH,2018-05-22,3.89,3.92,-0.0077,2502037,969874.48,戊戌,丁巳,甲寅,2,2018,5,1,-0.00768249617201617,0,甲,寅,木,木,丁,巳,火,火,False,False,0.005115100666770409,2018-W21,2018-05
601288.SH,2018-05-23,3.83,3.89,-0.0154,2699196,1039300.394,戊戌,丁巳,乙卯,3,2018,5,1,-0.015544354437800344,0,乙,卯,木,木,丁,巳,火,火,False,False,-0.00768249617201617,2018-W21,2018-05
601288.SH,2018-05-24,3.79,3.83,-0.0104,2840829,1082557.589,戊戌,丁巳,丙辰,4,2018,5,1,-0.010498784098219695,0,丙,辰,火,土,丁,巳,火,火,False,False,-0.015544354437800344,2018-W21,2018-05
601288.SH,2018-05-25,3.63,3.61,0.0055,2140187,777477.973,戊戌,丁巳,丁巳,5,2018,5,1,0.005524875931969807,1,丁,巳,火,火,丁,巳,火,火,False,False,-0.010498784098219695,2018-W21,2018-05
601288.SH,2018-05-28,3.61,3.63,-0.0055,1656986,598636.113,戊戌,丁巳,庚申,1,2018,5,1,-0.005524875931969916,0,庚,申,金,金,丁,巳,火,火,False,True,0.005524875931969807,2018-W22,2018-05
601288.SH,2018-05-29,3.62,3.61,0.0028,2795215,1002061.033,戊戌,丁巳,辛酉,2,2018,5,1,0.00276625349289011,1,辛,酉,金,金,丁,巳,火,火,False,True,-0.005524875931969916,2018-W22,2018-05
601288.SH,2018-05-30,3.56,3.62,-0.0166,1886217,674377.646,戊戌,丁巳,壬戌,3,2018,5,1,-0.01671348097374067,0,壬,戌,水,土,丁,巳,火,火,False,True,0.00276625349289011,2018-W22,2018-05
601288.SH,2018-05-31,3.59,3.56,0.0084,2308158,826234.81,戊戌,丁巳,癸亥,4,2018,5,1,0.00839165763624838,1,癸,亥,水,水,丁,巳,火,火,False,True,-0.01671348097374067,2018-W22,2018-05
601288.SH,2018-06-01,3.6,3.59,0.0028,2005514,721807.233,戊戌,丁巳,甲子,5,2018,6,1,0.0027816429618767705,1,甲,子,木,水,丁,巳,火,火,True,False,0.00839165763624838,2018-W22,2018-06
601288.SH,2018-06-04,3.66,3.6,0.0167,2614902,953994.757,戊戌,丁巳,丁卯,1,2018,6,1,0.016529301951210506,1,丁,卯,火,木,丁,巳,火,火,True,False,0.0027816429618767705,2018-W23,2018-06
601288.SH,2018-06-05,3.67,3.66,0.0027,1893778,694336.461,戊戌,丁巳,戊辰,2,2018,6,1,0.0027285146532039146,1,戊,辰,土,土,丁,巳,火,火,True,False,0.016529301951210506,2018-W23,2018-06
601288.SH,2018-06-06,3.64,3.67,-0.0082,1834993,668233.261,戊戌,戊午,己巳,3,2018,6,1,-0.008207980417829509,0,己,巳,土,火,戊,午,土,火,False,False,0.0027285146532039146,2018-W23,2018-06
601288.SH,2018-06-07,3.66,3.64,0.0055,1705524,622611.521,戊戌,戊午,庚午,4,2018,6,1,0.0054794657646255705,1,庚,午,金,火,戊,午,土,火,False,False,-0.008207980417829509,2018-W23,2018-06
601288.SH,2018-06-08,3.59,3.66,-0.0191,2060445,742394.438,戊戌,戊午,辛未,5,2018,6,1,-0.019310944913087512,0,辛,未,金,土,戊,午,土,火,False,False,0.0054794657646255705,2018-W23,2018-06
601288.SH,2018-06-11,3.6,3.59,0.0028,1999832,714308.396,戊戌,戊午,甲戌,1,2018,6,1,0.0027816429618767705,1,甲,戌,木,土,戊,午,土,火,False,False,-0.019310944913087512,2018-W24,2018-06
601288.SH,2018-06-12,3.6,3.6,0.0,1236175,444362.487,戊戌,戊午,乙亥,2,2018,6,1,0.0,0,乙,亥,木,水,戊,午,土,火,False,False,0.0027816429618767705,2018-W24,2018-06
601288.SH,2018-06-13,3.59,3.6,-0.0028,1664307,595061.892,戊戌,戊午,丙子,3,2018,6,1,-0.002781642961876914,0,丙,子,火,水,戊,午,土,火,False,False,0.0,2018-W24,2018-06
601288.SH,2018-06-14,3.61,3.59,0.0056,2210587,794744.73,戊戌,戊午,丁丑,4,2018,6,1,0.005555569844601964,1,丁,丑,火,土,戊,午,土,火,False,False,-0.002781642961876914,2018-W24,2018-06
601288.SH,2018-06-15,3.63,3.61,0.0055,2401626,872612.885,戊戌,戊午,戊寅,5,2018,6,1,0.005524875931969807,1,戊,寅,土,木,戊,午,土,火,False,False,0.005555569844601964,2018-W24,2018-06
601288.SH,2018-06-19,3.63,3.63,0.0,6221790,2252600.483,戊戌,戊午,壬午,2,2018,6,1,0.0,0,壬,午,水,火,戊,午,土,火,False,False,0.005524875931969807,2018-W25,2018-06
601288.SH,2018-06-20,3.58,3.63,-0.0138,1946871,698903.01,戊戌,戊午,癸未,3,2018,6,1,-0.01386984786415039,0,癸,未,水,土,戊,午,土,火,False,False,0.0,2018-W25,2018-06
601288.SH,2018-06-21,3.59,3.58,0.0028,2014547,723569.933,戊戌,戊午,甲申,4,2018,6,1,0.0027894020875785922,1,甲,申,木,金,戊,午,土,火,False,False,-0.01386984786415039,2018-W25,2018-06
601288.SH,2018-06-22,3.58,3.59,-0.0028,1745337,622454.327,戊戌,戊午,乙酉,5,2018,6,1,-0.0027894020875785254,0,乙,酉,木,金,戊,午,土,火,False,False,0.0027894020875785922,2018-W25,2018-06
601288.SH,2018-06-25,3.53,3.58,-0.014,2010404,714982.838,戊戌,戊午,戊子,1,2018,6,1,-0.014064929467403665,0,戊,子,土,水,戊,午,土,火,False,False,-0.0027894020875785254,2018-W26,2018-06
601288.SH,2018-06-26,3.46,3.53,-0.0198,2868053,992423.739,戊戌,戊午,己丑,2,2018,6,1,-0.020029281875572416,0,己,丑,土,土,戊,午,土,火,False,True,-0.014064929467403665,2018-W26,2018-06
601288.SH,2018-06-27,3.43,3.46,-0.0087,2930275,1003286.679,戊戌,戊午,庚寅,3,2018,6,1,-0.008708327891784308,0,庚,寅,金,木,戊,午,土,火,False,True,-0.020029281875572416,2018-W26,2018-06
601288.SH,2018-06-28,3.39,3.43,-0.0117,2072589,705239.088,戊戌,戊午,辛卯,4,2018,6,1,-0.011730339785489716,0,辛,卯,金,木,戊,午,土,火,False,True,-0.008708327891784308,2018-W26,2018-06
601288.SH,2018-06-29,3.44,3.39,0.0147,2037466,696418.007,戊戌,戊午,壬辰,5,2018,6,1,0.014641549992947969,1,壬,辰,水,土,戊,午,土,火,False,True,-0.011730339785489716,2018-W26,2018-06
601288.SH,2018-07-02,3.32,3.44,-0.0349,2749616,927034.118,戊戌,戊午,乙未,1,2018,7,1,-0.03550668845690987,0,乙,未,木,土,戊,午,土,火,True,False,0.014641549992947969,2018-W27,2018-07
601288.SH,2018-07-03,3.31,3.32,-0.003,3577015,1174574.427,戊戌,戊午,丙申,2,2018,7,1,-0.0030165935394255677,0,丙,申,火,金,戊,午,土,火,True,False,-0.03550668845690987,2018-W27,2018-07
601288.SH,2018-07-04,3.32,3.31,0.003,2716146,905174.959,戊戌,戊午,丁酉,3,2018,7,1,0.0030165935394255057,1,丁,酉,火,金,戊,午,土,火,True,False,-0.0030165935394255677,2018-W27,2018-07
601288.SH,2018-07-05,3.36,3.32,0.012,3164035,1054451.733,戊戌,戊午,戊戌,4,2018,7,1,0.01197619104671562,1,戊,戌,土,土,戊,午,土,火,True,False,0.0030165935394255057,2018-W27,2018-07
601288.SH,2018-07-06,3.39,3.36,0.0089,2977449,1002629.795,戊戌,戊午,己亥,5,2018,7,1,0.008888947417245994,1,己,亥,土,水,戊,午,土,火,False,False,0.01197619104671562,2018-W27,2018-07
601288.SH,2018-07-09,3.52,3.39,0.0383,3372784,1169149.351,戊戌,己未,壬寅,1,2018,7,1,0.037631068217646814,1,壬,寅,水,木,己,未,土,土,False,False,0.008888947417245994,2018-W28,2018-07
601288.SH,2018-07-10,3.5,3.52,-0.0057,1977952,690714.857,戊戌,己未,癸卯,2,2018,7,1,-0.005698021114637778,0,癸,卯,水,木,己,未,土,土,False,False,0.037631068217646814,2018-W28,2018-07
601288.SH,2018-07-11,3.46,3.5,-0.0114,1994194,688430.018,戊戌,己未,甲辰,3,2018,7,1,-0.011494379425735134,0,甲,辰,木,土,己,未,土,土,False,False,-0.005698021114637778,2018-W28,2018-07
601288.SH,2018-07-12,3.53,3.46,0.0202,2432661,857313.173,戊戌,己未,乙巳,4,2018,7,1,0.020029281875572364,1,乙,巳,木,火,己,未,土,土,False,False,-0.011494379425735134,2018-W28,2018-07
601288.SH,2018-07-13,3.5,3.53,-0.0085,1372584,481429.786,戊戌,己未,丙午,5,2018,7,1,-0.008534902449837331,0,丙,午,火,火,己,未,土,土,False,False,0.020029281875572364,2018-W28,2018-07
601288.SH,2018-07-16,3.42,3.5,-0.0229,1984569,682197.639,戊戌,己未,己酉,1,2018,7,1,-0.023122417420854264,0,己,酉,土,金,己,未,土,土,False,False,-0.008534902449837331,2018-W29,2018-07
601288.SH,2018-07-17,3.41,3.42,-0.0029,1333221,453804.805,戊戌,己未,庚戌,2,2018,7,1,-0.002928259779088334,0,庚,戌,金,土,己,未,土,土,False,False,-0.023122417420854264,2018-W29,2018-07
601288.SH,2018-07-18,3.41,3.41,0.0,1719877,591851.99,戊戌,己未,辛亥,3,2018,7,1,0.0,0,辛,亥,金,水,己,未,土,土,False,False,-0.002928259779088334,2018-W29,2018-07
601288.SH,2018-07-19,3.37,3.41,-0.0117,2154908,728824.361,戊戌,己未,壬子,4,2018,7,1,-0.011799546931155055,0,壬,子,水,水,己,未,土,土,False,False,0.0,2018-W29,2018-07
601288.SH,2018-07-20,3.54,3.37,0.050445,4547298,1577430.26,戊戌,己未,癸丑,5,2018,7,1,0.0492139827814128,1,癸,丑,水,土,己,未,土,土,False,False,-0.011799546931155055,2018-W29,2018-07
601288.SH,2018-07-23,3.6,3.54,0.016949,4780787,1714898.65,戊戌,己未,丙辰,1,2018,7,1,0.016807118316381188,1,丙,辰,火,土,己,未,土,土,False,False,0.0492139827814128,2018-W30,2018-07
601288.SH,2018-07-24,3.62,3.6,0.005556,3647713,1322356.394,戊戌,己未,丁巳,2,2018,7,1,0.005540180375615351,1,丁,巳,火,火,己,未,土,土,False,False,0.016807118316381188,2018-W30,2018-07
601288.SH,2018-07-25,3.64,3.62,0.005525,2082470,756201.3,戊戌,己未,戊午,3,2018,7,1,0.0055096558109697,1,戊,午,土,火,己,未,土,土,False,False,0.005540180375615351,2018-W30,2018-07
601288.SH,2018-07-26,3.59,3.64,-0.013736,2343609,845817.195,戊戌,己未,己未,4,2018,7,1,-0.01383147914846185,0,己,未,土,土,己,未,土,土,False,False,0.0055096558109697,2018-W30,2018-07
601288.SH,2018-07-27,3.59,3.59,0.0,1499939,536185.186,戊戌,己未,庚申,5,2018,7,1,0.0,0,庚,申,金,金,己,未,土,土,False,True,-0.01383147914846185,2018-W30,2018-07
601288.SH,2018-07-30,3.61,3.59,0.005571,2272240,818543.463,戊戌,己未,癸亥,1,2018,7,1,0.005555569844601964,1,癸,亥,水,水,己,未,土,土,False,True,0.0,2018-W31,2018-07
601288.SH,2018-07-31,3.64,3.61,0.00831,1779429,642991.389,戊戌,己未,甲子,2,2018,7,1,0.008275909303859881,1,甲,子,木,水,己,未,土,土,False,True,0.005555569844601964,2018-W31,2018-07
601288.SH,2018-08-01,3.6,3.64,-0.010989,2495806,909676.996,戊戌,己未,乙丑,3,2018,8,1,-0.011049836186584935,0,乙,丑,木,土,己,未,土,土,True,False,0.008275909303859881,2018-W31,2018-08
601288.SH,2018-08-02,3.5,3.6,-0.027778,2866342,1011259.248,戊戌,己未,丙寅,4,2018,8,1,-0.028170876966696335,0,丙,寅,火,木,己,未,土,土,True,False,-0.011049836186584935,2018-W31,2018-08
601288.SH,2018-08-03,3.53,3.5,0.008571,2913086,1032874.506,戊戌,己未,丁卯,5,2018,8,1,0.008534902449837286,1,丁,卯,火,木,己,未,土,土,True,False,-0.028170876966696335,2018-W31,2018-08
601288.SH,2018-08-06,3.56,3.53,0.008499,3702266,1332767.673,戊戌,己未,庚午,1,2018,8,1,0.008462673918733728,1,庚,午,金,火,己,未,土,土,False,False,0.008534902449837286,2018-W32,2018-08
601288.SH,2018-08-07,3.63,3.56,0.019663,2191736,786158.724,戊戌,庚申,辛未,2,2018,8,1,0.019472103412820314,1,辛,未,金,土,庚,申,金,金,False,False,0.008462673918733728,2018-W32,2018-08
601288.SH,2018-08-08,3.58,3.63,-0.013774,1518534,546121.316,戊戌,庚申,壬申,3,2018,8,1,-0.01386984786415039,0,壬,申,水,金,庚,申,金,金,False,False,0.019472103412820314,2018-W32,2018-08
601288.SH,2018-08-09,3.63,3.58,0.013966,2021615,731146.6,戊戌,庚申,癸酉,4,2018,8,1,0.013869847864150377,1,癸,酉,水,金,庚,申,金,金,False,False,-0.01386984786415039,2018-W32,2018-08
601288.SH,2018-08-10,3.61,3.63,-0.00551,1411560,509255.964,戊戌,庚申,甲戌,5,2018,8,1,-0.005524875931969916,0,甲,戌,木,土,庚,申,金,金,False,False,0.013869847864150377,2018-W32,2018-08
601288.SH,2018-08-13,3.56,3.61,-0.01385,2264691,803003.349,戊戌,庚申,丁丑,1,2018,8,1,-0.013947227480850442,0,丁,丑,火,土,庚,申,金,金,False,False,-0.005524875931969916,2018-W33,2018-08
601288.SH,2018-08-14,3.55,3.56,-0.002809,1510397,533788.221,戊戌,庚申,戊寅,2,2018,8,1,-0.0028129413766147236,0,戊,寅,土,木,庚,申,金,金,False,False,-0.013947227480850442,2018-W33,2018-08
601288.SH,2018-08-15,3.49,3.55,-0.016901,1859556,653161.39,戊戌,庚申,己卯,3,2018,8,1,-0.017045867272988496,0,己,卯,土,木,庚,申,金,金,False,False,-0.0028129413766147236,2018-W33,2018-08
601288.SH,2018-08-16,3.51,3.49,0.005731,2177830,757197.366,戊戌,庚申,庚辰,4,2018,8,1,0.005714301263438415,1,庚,辰,金,土,庚,申,金,金,False,False,-0.017045867272988496,2018-W33,2018-08
601288.SH,2018-08-17,3.5,3.51,-0.002849,1780544,626711.465,戊戌,庚申,辛巳,5,2018,8,1,-0.002853068982406399,0,辛,巳,金,火,庚,申,金,金,False,False,0.005714301263438415,2018-W33,2018-08
601288.SH,2018-08-20,3.57,3.5,0.02,1737295,615448.186,戊戌,庚申,甲申,1,2018,8,1,0.01980262729617973,1,甲,申,木,金,庚,申,金,金,False,False,-0.002853068982406399,2018-W34,2018-08
601288.SH,2018-08-21,3.59,3.57,0.005602,1748023,629329.732,戊戌,庚申,乙酉,2,2018,8,1,0.005586606708639776,1,乙,酉,木,金,庚,申,金,金,False,False,0.01980262729617973,2018-W34,2018-08
601288.SH,2018-08-22,3.57,3.59,-0.005571,1057462,377234.924,戊戌,庚申,丙戌,3,2018,8,1,-0.005586606708639823,0,丙,戌,火,土,庚,申,金,金,False,False,0.005586606708639776,2018-W34,2018-08
601288.SH,2018-08-23,3.57,3.57,0.0,1327319,474486.542,戊戌,庚申,丁亥,4,2018,8,1,0.0,0,丁,亥,火,水,庚,申,金,金,False,False,-0.005586606708639823,2018-W34,2018-08
601288.SH,2018-08-24,3.61,3.57,0.011204,2173324,780965.015,戊戌,庚申,戊子,5,2018,8,1,0.011142176553241803,1,戊,子,土,水,庚,申,金,金,False,False,0.0,2018-W34,2018-08
601288.SH,2018-08-27,3.64,3.61,0.00831,2224352,804944.833,戊戌,庚申,辛卯,1,2018,8,1,0.008275909303859881,1,辛,卯,金,木,庚,申,金,金,False,True,0.011142176553241803,2018-W35,2018-08
601288.SH,2018-08-28,3.62,3.64,-0.005495,1190027,432253.68,戊戌,庚申,壬辰,2,2018,8,1,-0.0055096558109695845,0,壬,辰,水,土,庚,申,金,金,False,True,0.008275909303859881,2018-W35,2018-08
601288.SH,2018-08-29,3.64,3.62,0.005525,1674760,608283.785,戊戌,庚申,癸巳,3,2018,8,1,0.0055096558109697,1,癸,巳,水,火,庚,申,金,金,False,True,-0.0055096558109695845,2018-W35,2018-08
601288.SH,2018-08-30,3.6,3.64,-0.010989,1330696,481383.163,戊戌,庚申,甲午,4,2018,8,1,-0.011049836186584935,0,甲,午,木,火,庚,申,金,金,False,True,0.0055096558109697,2018-W35,2018-08
601288.SH,2018-08-31,3.63,3.6,0.008333,2096313,759973.636,戊戌,庚申,乙未,5,2018,8,1,0.008298802814695064,1,乙,未,木,土,庚,申,金,金,False,True,-0.011049836186584935,2018-W35,2018-08
601288.SH,2018-09-03,3.64,3.63,0.002755,1480814,538766.209,戊戌,庚申,戊戌,1,2018,9,1,0.002751033371890019,1,戊,戌,土,土,庚,申,金,金,True,False,0.008298802814695064,2018-W36,2018-09
601288.SH,2018-09-04,3.65,3.64,0.002747,1773349,645012.805,戊戌,庚申,己亥,2,2018,9,1,0.002743485945750834,1,己,亥,土,水,庚,申,金,金,True,False,0.002751033371890019,2018-W36,2018-09
601288.SH,2018-09-05,3.6,3.65,-0.013699,1707489,617880.738,戊戌,庚申,庚子,3,2018,9,1,-0.01379332213233576,0,庚,子,金,水,庚,申,金,金,True,False,0.002743485945750834,2018-W36,2018-09
601288.SH,2018-09-06,3.57,3.6,-0.008333,1536553,552103.949,戊戌,庚申,辛丑,4,2018,9,1,-0.00836824967051669,0,辛,丑,金,土,庚,申,金,金,False,False,-0.01379332213233576,2018-W36,2018-09
601288.SH,2018-09-07,3.59,3.57,0.005602,1052135,377530.168,戊戌,庚申,壬寅,5,2018,9,1,0.005586606708639776,1,壬,寅,水,木,庚,申,金,金,False,False,-0.00836824967051669,2018-W36,2018-09
601288.SH,2018-09-10,3.6,3.59,0.002786,1501858,539932.284,戊戌,辛酉,乙巳,1,2018,9,1,0.0027816429618767705,1,乙,巳,木,火,辛,酉,金,金,False,False,0.005586606708639776,2018-W37,2018-09
601288.SH,2018-09-11,3.59,3.6,-0.002778,1049783,378567.367,戊戌,辛酉,丙午,2,2018,9,1,-0.002781642961876914,0,丙,午,火,火,辛,酉,金,金,False,False,0.0027816429618767705,2018-W37,2018-09
601288.SH,2018-09-12,3.57,3.59,-0.005571,929218,331851.657,戊戌,辛酉,丁未,3,2018,9,1,-0.005586606708639823,0,丁,未,火,土,辛,酉,金,金,False,False,-0.002781642961876914,2018-W37,2018-09
601288.SH,2018-09-13,3.63,3.57,0.016807,1512021,545321.66,戊戌,辛酉,戊申,4,2018,9,1,0.016667052485211643,1,戊,申,土,金,辛,酉,金,金,False,False,-0.005586606708639823,2018-W37,2018-09
601288.SH,2018-09-14,3.63,3.63,0.0,1370083,497232.222,戊戌,辛酉,己酉,5,2018,9,1,0.0,0,己,酉,土,金,辛,酉,金,金,False,False,0.016667052485211643,2018-W37,2018-09
601288.SH,2018-09-17,3.62,3.63,-0.002755,875448,316633.305,戊戌,辛酉,壬子,1,2018,9,1,-0.00275862243907964,0,壬,子,水,水,辛,酉,金,金,False,False,0.0,2018-W38,2018-09
601288.SH,2018-09-18,3.64,3.62,0.005525,1523711,552884.764,戊戌,辛酉,癸丑,2,2018,9,1,0.0055096558109697,1,癸,丑,水,土,辛,酉,金,金,False,False,-0.00275862243907964,2018-W38,2018-09
601288.SH,2018-09-19,3.65,3.64,0.002747,2368213,865116.227,戊戌,辛酉,甲寅,3,2018,9,1,0.002743485945750834,1,甲,寅,木,木,辛,酉,金,金,False,False,0.0055096558109697,2018-W38,2018-09
601288.SH,2018-09-20,3.67,3.65,0.005479,2145600,788894.134,戊戌,辛酉,乙卯,4,2018,9,1,0.005464494472078745,1,乙,卯,木,木,辛,酉,金,金,False,False,0.002743485945750834,2018-W38,2018-09
601288.SH,2018-09-21,3.93,3.67,0.070845,6346063,2416146.768,戊戌,辛酉,丙辰,5,2018,9,1,0.06844776381469111,1,丙,辰,火,土,辛,酉,金,金,False,False,0.005464494472078745,2018-W38,2018-09
601288.SH,2018-09-25,3.86,3.93,-0.017812,3033685,1168792.548,戊戌,辛酉,庚申,2,2018,9,1,-0.01797224240443048,0,庚,申,金,金,辛,酉,金,金,False,False,0.06844776381469111,2018-W39,2018-09
601288.SH,2018-09-26,3.85,3.86,-0.002591,4435859,1717691.886,戊戌,辛酉,辛酉,3,2018,9,1,-0.0025940351770465356,0,辛,酉,金,金,辛,酉,金,金,False,True,-0.01797224240443048,2018-W39,2018-09
601288.SH,2018-09-27,3.84,3.85,-0.002597,3012595,1152842.443,戊戌,辛酉,壬戌,4,2018,9,1,-0.0026007817000574785,0,壬,戌,水,土,辛,酉,金,金,False,True,-0.0025940351770465356,2018-W39,2018-09
601288.SH,2018-09-28,3.89,3.84,0.013021,3461350,1346751.326,戊戌,辛酉,癸亥,5,2018,9,1,0.012936791030719581,1,癸,亥,水,水,辛,酉,金,金,False,True,-0.0026007817000574785,2018-W39,2018-09
601288.SH,2018-10-08,3.79,3.89,-0.025707,3011259,1141005.073,戊戌,壬戌,癸酉,1,2018,10,1,-0.02604313853601998,0,癸,酉,水,金,壬,戌,水,土,False,False,0.012936791030719581,2018-W41,2018-10
601288.SH,2018-10-09,3.75,3.79,-0.010554,1898498,712987.989,戊戌,壬戌,甲戌,2,2018,10,1,-0.010610179112015571,0,甲,戌,木,土,壬,戌,水,土,False,False,-0.02604313853601998,2018-W41,2018-10
601288.SH,2018-10-10,3.76,3.75,0.002667,1967473,738722.064,戊戌,壬戌,乙亥,3,2018,10,1,0.0026631174194836284,1,乙,亥,木,水,壬,戌,水,土,False,False,-0.010610179112015571,2018-W41,2018-10
601288.SH,2018-10-11,3.65,3.76,-0.029255,3197570,1177383.392,戊戌,壬戌,丙子,4,2018,10,1,-0.029691789807402925,0,丙,子,火,水,壬,戌,水,土,False,False,0.0026631174194836284,2018-W41,2018-10
601288.SH,2018-10-12,3.74,3.65,0.024658,2792808,1031217.031,戊戌,壬戌,丁丑,5,2018,10,1,0.02435844383204044,1,丁,丑,火,土,壬,戌,水,土,False,False,-0.029691789807402925,2018-W41,2018-10
601288.SH,2018-10-15,3.7,3.74,-0.010695,2003000,740616.822,戊戌,壬戌,庚辰,1,2018,10,1,-0.01075279177626185,0,庚,辰,金,土,壬,戌,水,土,False,False,0.02435844383204044,2018-W42,2018-10
601288.SH,2018-10-16,3.74,3.7,0.010811,1880431,702479.72,戊戌,壬戌,辛巳,2,2018,10,1,0.010752791776261915,1,辛,巳,金,火,壬,戌,水,土,False,False,-0.01075279177626185,2018-W42,2018-10
601288.SH,2018-10-17,3.77,3.74,0.008021,2564520,963513.726,戊戌,壬戌,壬午,3,2018,10,1,0.007989390033478861,1,壬,午,水,火,壬,戌,水,土,False,False,0.010752791776261915,2018-W42,2018-10
601288.SH,2018-10-18,3.68,3.77,-0.023873,1988488,738715.924,戊戌,壬戌,癸未,4,2018,10,1,-0.024162249279079822,0,癸,未,水,土,壬,戌,水,土,False,False,0.007989390033478861,2018-W42,2018-10
601288.SH,2018-10-19,3.79,3.68,0.029891,3594117,1343377.784,戊戌,壬戌,甲申,5,2018,10,1,0.029453266913495278,1,甲,申,木,金,壬,戌,水,土,False,False,-0.024162249279079822,2018-W42,2018-10
601288.SH,2018-10-22,3.89,3.79,0.026385,4522420,1755086.633,戊戌,壬戌,丁亥,1,2018,10,1,0.026043138536019875,1,丁,亥,火,水,壬,戌,水,土,False,False,0.029453266913495278,2018-W43,2018-10
601288.SH,2018-10-23,3.81,3.89,-0.020566,2295292,882185.993,戊戌,壬戌,戊子,2,2018,10,1,-0.02077996849174531,0,戊,子,土,水,壬,戌,水,土,False,False,0.026043138536019875,2018-W43,2018-10
601288.SH,2018-10-24,3.87,3.81,0.015748,3546615,1371223.773,戊戌,壬戌,己丑,3,2018,10,1,0.015625317903080815,1,己,丑,土,土,壬,戌,水,土,False,False,-0.02077996849174531,2018-W43,2018-10
601288.SH,2018-10-25,3.88,3.87,0.002584,2438318,936227.863,戊戌,壬戌,庚寅,4,2018,10,1,0.0025806465934914914,1,庚,寅,金,木,壬,戌,水,土,False,False,0.015625317903080815,2018-W43,2018-10
601288.SH,2018-10-26,3.91,3.88,0.007732,2759112,1066834.9,戊戌,壬戌,辛卯,5,2018,10,1,0.007702220362092303,1,辛,卯,金,木,壬,戌,水,土,False,False,0.0025806465934914914,2018-W43,2018-10
601288.SH,2018-10-29,3.82,3.91,-0.023018,2738384,1055114.163,戊戌,壬戌,甲午,1,2018,10,1,-0.023286951378790652,0,甲,午,木,火,壬,戌,水,土,False,True,0.007702220362092303,2018-W44,2018-10
601288.SH,2018-10-30,3.84,3.82,0.005236,2673064,1027688.824,戊戌,壬戌,乙未,2,2018,10,1,0.005221943981151625,1,乙,未,木,土,壬,戌,水,土,False,True,-0.023286951378790652,2018-W44,2018-10
601288.SH,2018-10-31,3.87,3.84,0.007813,2519740,971634.638,戊戌,壬戌,丙申,3,2018,10,1,0.007782140442054949,1,丙,申,火,金,壬,戌,水,土,False,True,0.005221943981151625,2018-W44,2018-10
601288.SH,2018-11-01,3.82,3.87,-0.01292,2581878,992372.717,戊戌,壬戌,丁酉,4,2018,11,1,-0.013004084423206684,0,丁,酉,火,金,壬,戌,水,土,True,False,0.007782140442054949,2018-W44,2018-11
601288.SH,2018-11-02,3.87,3.82,0.013089,5169929,1989854.635,戊戌,壬戌,戊戌,5,2018,11,1,0.01300408442320661,1,戊,戌,土,土,壬,戌,水,土,True,False,-0.013004084423206684,2018-W44,2018-11
601288.SH,2018-11-05,3.82,3.87,-0.01292,2977318,1136522.936,戊戌,壬戌,辛丑,1,2018,11,1,-0.013004084423206684,0,辛,丑,金,土,壬,戌,水,土,True,False,0.01300408442320661,2018-W45,2018-11
601288.SH,2018-11-06,3.79,3.82,-0.007853,2189093,829144.906,戊戌,壬戌,壬寅,2,2018,11,1,-0.007884403524148759,0,壬,寅,水,木,壬,戌,水,土,False,False,-0.013004084423206684,2018-W45,2018-11
601288.SH,2018-11-07,3.78,3.79,-0.002639,1934982,732459.077,戊戌,癸亥,癸卯,3,2018,11,1,-0.0026420094628386965,0,癸,卯,水,木,癸,亥,水,水,False,False,-0.007884403524148759,2018-W45,2018-11
601288.SH,2018-11-08,3.79,3.78,0.002646,1650840,626390.643,戊戌,癸亥,甲辰,4,2018,11,1,0.0026420094628387975,1,甲,辰,木,土,癸,亥,水,水,False,False,-0.0026420094628386965,2018-W45,2018-11
601288.SH,2018-11-09,3.65,3.79,-0.036939,5125664,1877729.549,戊戌,癸亥,乙巳,5,2018,11,1,-0.03763885149993492,0,乙,巳,木,火,癸,亥,水,水,False,False,0.0026420094628387975,2018-W45,2018-11
601288.SH,2018-11-12,3.64,3.65,-0.00274,3102948,1126745.499,戊戌,癸亥,戊申,1,2018,11,1,-0.002743485945750832,0,戊,申,土,金,癸,亥,水,水,False,False,-0.03763885149993492,2018-W46,2018-11
601288.SH,2018-11-13,3.65,3.64,0.002747,2564127,931221.019,戊戌,癸亥,己酉,2,2018,11,1,0.002743485945750834,1,己,酉,土,金,癸,亥,水,水,False,False,-0.002743485945750832,2018-W46,2018-11
601288.SH,2018-11-14,3.59,3.65,-0.016438,3190158,1150340.039,戊戌,癸亥,庚戌,3,2018,11,1,-0.016574965094212676,0,庚,戌,金,土,癸,亥,水,水,False,False,0.002743485945750834,2018-W46,2018-11
601288.SH,2018-11-15,3.61,3.59,0.005571,2207327,794177.127,戊戌,癸亥,辛亥,4,2018,11,1,0.005555569844601964,1,辛,亥,金,水,癸,亥,水,水,False,False,-0.016574965094212676,2018-W46,2018-11
601288.SH,2018-11-16,3.6,3.61,-0.00277,2893044,1042756.525,戊戌,癸亥,壬子,5,2018,11,1,-0.002773926882725208,0,壬,子,水,水,癸,亥,水,水,False,False,0.005555569844601964,2018-W46,2018-11
601288.SH,2018-11-19,3.65,3.6,0.013889,2724815,990402.229,戊戌,癸亥,乙卯,1,2018,11,1,0.01379332213233577,1,乙,卯,木,木,癸,亥,水,水,False,False,-0.002773926882725208,2018-W47,2018-11
601288.SH,2018-11-20,3.6,3.65,-0.013699,2451051,884861.638,戊戌,癸亥,丙辰,2,2018,11,1,-0.01379332213233576,0,丙,辰,火,土,癸,亥,水,水,False,False,0.01379332213233577,2018-W47,2018-11
601288.SH,2018-11-21,3.62,3.6,0.005556,1620489,584314.315,戊戌,癸亥,丁巳,3,2018,11,1,0.005540180375615351,1,丁,巳,火,火,癸,亥,水,水,False,False,-0.01379332213233576,2018-W47,2018-11
601288.SH,2018-11-22,3.6,3.62,-0.005525,1048926,377587.76,戊戌,癸亥,戊午,4,2018,11,1,-0.005540180375615356,0,戊,午,土,火,癸,亥,水,水,False,False,0.005540180375615351,2018-W47,2018-11
601288.SH,2018-11-23,3.57,3.6,-0.008333,1859151,666022.971,戊戌,癸亥,己未,5,2018,11,1,-0.00836824967051669,0,己,未,土,土,癸,亥,水,水,False,False,-0.005540180375615356,2018-W47,2018-11
601288.SH,2018-11-26,3.59,3.57,0.005602,1646409,590280.336,戊戌,癸亥,壬戌,1,2018,11,1,0.005586606708639776,1,壬,戌,水,土,癸,亥,水,水,False,True,-0.00836824967051669,2018-W48,2018-11
601288.SH,2018-11-27,3.57,3.59,-0.005571,1153919,413222.979,戊戌,癸亥,癸亥,2,2018,11,1,-0.005586606708639823,0,癸,亥,水,水,癸,亥,水,水,False,True,0.005586606708639776,2018-W48,2018-11
601288.SH,2018-11-28,3.58,3.57,0.002801,1457028,521337.177,戊戌,癸亥,甲子,3,2018,11,1,0.002797204621061219,1,甲,子,木,水,癸,亥,水,水,False,True,-0.005586606708639823,2018-W48,2018-11
601288.SH,2018-11-29,3.55,3.58,-0.00838,1602727,572212.971,戊戌,癸亥,乙丑,4,2018,11,1,-0.008415196925284585,0,乙,丑,木,土,癸,亥,水,水,False,True,0.002797204621061219,2018-W48,2018-11
601288.SH,2018-11-30,3.57,3.55,0.005634,1645998,585552.787,戊戌,癸亥,丙寅,5,2018,11,1,0.005617992304223274,1,丙,寅,火,木,癸,亥,水,水,False,True,-0.008415196925284585,2018-W48,2018-11
601288.SH,2018-12-03,3.62,3.57,0.014006,3047202,1102419.447,戊戌,癸亥,己巳,1,2018,12,1,0.01390843004613215,1,己,巳,土,火,癸,亥,水,水,True,False,0.005617992304223274,2018-W49,2018-12
601288.SH,2018-12-04,3.61,3.62,-0.002762,1428432,515570.984,戊戌,癸亥,庚午,2,2018,12,1,-0.0027662534928901846,0,庚,午,金,火,癸,亥,水,水,True,False,0.01390843004613215,2018-W49,2018-12
601288.SH,2018-12-05,3.6,3.61,-0.00277,1592518,573391.69,戊戌,癸亥,辛未,3,2018,12,1,-0.002773926882725208,0,辛,未,金,土,癸,亥,水,水,True,False,-0.0027662534928901846,2018-W49,2018-12
601288.SH,2018-12-06,3.57,3.6,-0.008333,2335345,835142.007,戊戌,癸亥,壬申,4,2018,12,1,-0.00836824967051669,0,壬,申,水,金,癸,亥,水,水,False,False,-0.002773926882725208,2018-W49,2018-12
601288.SH,2018-12-07,3.58,3.57,0.002801,1190305,425767.063,戊戌,甲子,癸酉,5,2018,12,1,0.002797204621061219,1,癸,酉,水,金,甲,子,木,水,False,False,-0.00836824967051669,2018-W49,2018-12
601288.SH,2018-12-10,3.56,3.58,-0.005587,1221830,435129.286,戊戌,甲子,丙子,1,2018,12,1,-0.005602255548669898,0,丙,子,火,水,甲,子,木,水,False,False,0.002797204621061219,2018-W50,2018-12
601288.SH,2018-12-11,3.56,3.56,0.0,1084711,385923.252,戊戌,甲子,丁丑,2,2018,12,1,0.0,0,丁,丑,火,土,甲,子,木,水,False,False,-0.005602255548669898,2018-W50,2018-12
601288.SH,2018-12-12,3.57,3.56,0.002809,1085168,387118.625,戊戌,甲子,戊寅,3,2018,12,1,0.0028050509276084604,1,戊,寅,土,木,甲,子,木,水,False,False,0.0,2018-W50,2018-12
601288.SH,2018-12-13,3.59,3.57,0.005602,1674773,601135.349,戊戌,甲子,己卯,4,2018,12,1,0.005586606708639776,1,己,卯,土,木,甲,子,木,水,False,False,0.0028050509276084604,2018-W50,2018-12
601288.SH,2018-12-14,3.57,3.59,-0.005571,1630378,583258.91,戊戌,甲子,庚辰,5,2018,12,1,-0.005586606708639823,0,庚,辰,金,土,甲,子,木,水,False,False,0.005586606708639776,2018-W50,2018-12
601288.SH,2018-12-17,3.58,3.57,0.002801,2019174,719998.266,戊戌,甲子,癸未,1,2018,12,1,0.002797204621061219,1,癸,未,水,土,甲,子,木,水,False,False,-0.005586606708639823,2018-W51,2018-12
601288.SH,2018-12-18,3.55,3.58,-0.00838,1783177,633391.954,戊戌,甲子,甲申,2,2018,12,1,-0.008415196925284585,0,甲,申,木,金,甲,子,木,水,False,False,0.002797204621061219,2018-W51,2018-12
601288.SH,2018-12-19,3.53,3.55,-0.005634,1611010,570960.612,戊戌,甲子,乙酉,3,2018,12,1,-0.005649732542119021,0,乙,酉,木,金,甲,子,木,水,False,False,-0.008415196925284585,2018-W51,2018-12
601288.SH,2018-12-20,3.51,3.53,-0.005666,2889978,1009301.994,戊戌,甲子,丙戌,4,2018,12,1,-0.005681833467430946,0,丙,戌,火,土,甲,子,木,水,False,False,-0.005649732542119021,2018-W51,2018-12
601288.SH,2018-12-21,3.51,3.51,0.0,2817340,980590.958,戊戌,甲子,丁亥,5,2018,12,1,0.0,0,丁,亥,火,水,甲,子,木,水,False,False,-0.005681833467430946,2018-W51,2018-12
601288.SH,2018-12-24,3.53,3.51,0.005698,2200423,773518.462,戊戌,甲子,庚寅,1,2018,12,1,0.005681833467430864,1,庚,寅,金,木,甲,子,木,水,False,False,0.0,2018-W52,2018-12
601288.SH,2018-12-25,3.56,3.53,0.008499,3193008,1131610.999,戊戌,甲子,辛卯,2,2018,12,1,0.008462673918733728,1,辛,卯,金,木,甲,子,木,水,False,False,0.005681833467430864,2018-W52,2018-12
601288.SH,2018-12-26,3.59,3.56,0.008427,2160061,773461.051,戊戌,甲子,壬辰,3,2018,12,1,0.00839165763624838,1,壬,辰,水,土,甲,子,木,水,False,False,0.008462673918733728,2018-W52,2018-12
601288.SH,2018-12-27,3.6,3.59,0.002786,2686513,968539.454,戊戌,甲子,癸巳,4,2018,12,1,0.0027816429618767705,1,癸,巳,水,火,甲,子,木,水,False,True,0.00839165763624838,2018-W52,2018-12
601288.SH,2018-12-28,3.6,3.6,0.0,2056423,746424.19,戊戌,甲子,甲午,5,2018,12,1,0.0,0,甲,午,木,火,甲,子,木,水,False,True,0.0027816429618767705,2018-W52,2018-12
601288.SH,2019-01-02,3.52,3.6,-0.022222,1988996,704292.538,戊戌,甲子,己亥,3,2019,1,1,-0.02247285585205863,0,己,亥,土,水,甲,子,木,水,True,False,0.0,2019-W01,2019-01
601288.SH,2019-01-03,3.54,3.52,0.005682,1470488,518947.481,戊戌,甲子,庚子,4,2019,1,1,0.0056657375356773,1,庚,子,金,水,甲,子,木,水,True,False,-0.02247285585205863,2019-W01,2019-01
601288.SH,2019-01-04,3.59,3.54,0.014124,2049765,728741.218,戊戌,甲子,辛丑,5,2019,1,1,0.014025475354504458,1,辛,丑,金,土,甲,子,木,水,True,False,0.0056657375356773,2019-W01,2019-01
601288.SH,2019-01-07,3.57,3.59,-0.005571,2268774,809767.455,戊戌,乙丑,甲辰,1,2019,1,1,-0.005586606708639823,0,甲,辰,木,土,乙,丑,木,土,False,False,0.014025475354504458,2019-W02,2019-01
601288.SH,2019-01-08,3.53,3.57,-0.011204,1951065,689125.409,戊戌,乙丑,乙巳,2,2019,1,1,-0.011267724846342269,0,乙,巳,木,火,乙,丑,木,土,False,False,-0.005586606708639823,2019-W02,2019-01
601288.SH,2019-01-09,3.55,3.53,0.005666,2897081,1031939.364,戊戌,乙丑,丙午,3,2019,1,1,0.005649732542119128,1,丙,午,火,火,乙,丑,木,土,False,False,-0.011267724846342269,2019-W02,2019-01
601288.SH,2019-01-10,3.51,3.55,-0.011268,2737707,964822.777,戊戌,乙丑,丁未,4,2019,1,1,-0.01133156600954997,0,丁,未,火,土,乙,丑,木,土,False,False,0.005649732542119128,2019-W02,2019-01
601288.SH,2019-01-11,3.53,3.51,0.005698,2062165,725203.785,戊戌,乙丑,戊申,5,2019,1,1,0.005681833467430864,1,戊,申,土,金,乙,丑,木,土,False,False,-0.01133156600954997,2019-W02,2019-01
601288.SH,2019-01-14,3.5,3.53,-0.008499,1659132,581765.776,戊戌,乙丑,辛亥,1,2019,1,1,-0.008534902449837331,0,辛,亥,金,水,乙,丑,木,土,False,False,0.005681833467430864,2019-W03,2019-01
601288.SH,2019-01-15,3.53,3.5,0.008571,1730631,608349.348,戊戌,乙丑,壬子,2,2019,1,1,0.008534902449837286,1,壬,子,水,水,乙,丑,木,土,False,False,-0.008534902449837331,2019-W03,2019-01
601288.SH,2019-01-16,3.52,3.53,-0.002833,1489836,523314.379,戊戌,乙丑,癸丑,3,2019,1,1,-0.002836881335199615,0,癸,丑,水,土,乙,丑,木,土,False,False,0.008534902449837286,2019-W03,2019-01
601288.SH,2019-01-17,3.53,3.52,0.002841,2493697,881590.922,戊戌,乙丑,甲寅,4,2019,1,1,0.0028368813351995355,1,甲,寅,木,木,乙,丑,木,土,False,False,-0.002836881335199615,2019-W03,2019-01
601288.SH,2019-01-18,3.58,3.53,0.014164,3531703,1260595.51,戊戌,乙丑,乙卯,5,2019,1,1,0.014064929467403675,1,乙,卯,木,木,乙,丑,木,土,False,False,0.0028368813351995355,2019-W03,2019-01
601288.SH,2019-01-21,3.58,3.58,0.0,2913045,1047007.348,戊戌,乙丑,戊午,1,2019,1,1,0.0,0,戊,午,土,火,乙,丑,木,土,False,False,0.014064929467403675,2019-W04,2019-01
601288.SH,2019-01-22,3.57,3.58,-0.002793,1361119,485998.433,戊戌,乙丑,己未,2,2019,1,1,-0.002797204621061254,0,己,未,土,土,乙,丑,木,土,False,False,0.0,2019-W04,2019-01
601288.SH,2019-01-23,3.59,3.57,0.005602,1654534,593241.007,戊戌,乙丑,庚申,3,2019,1,1,0.005586606708639776,1,庚,申,金,金,乙,丑,木,土,False,False,-0.002797204621061254,2019-W04,2019-01
601288.SH,2019-01-24,3.61,3.59,0.005571,1558177,562125.153,戊戌,乙丑,辛酉,4,2019,1,1,0.005555569844601964,1,辛,酉,金,金,乙,丑,木,土,False,False,0.005586606708639776,2019-W04,2019-01
601288.SH,2019-01-25,3.67,3.61,0.01662,2761011,1010418.186,戊戌,乙丑,壬戌,5,2019,1,1,0.016483889721689415,1,壬,戌,水,土,乙,丑,木,土,False,False,0.005555569844601964,2019-W04,2019-01
601288.SH,2019-01-28,3.68,3.67,0.002725,2207072,816000.061,戊戌,乙丑,乙丑,1,2019,1,1,0.0027210901143608075,1,乙,丑,木,土,乙,丑,木,土,False,True,0.016483889721689415,2019-W05,2019-01
601288.SH,2019-01-29,3.69,3.68,0.002717,1652011,607016.143,戊戌,乙丑,丙寅,2,2019,1,1,0.002713705871596104,1,丙,寅,火,木,乙,丑,木,土,False,True,0.0027210901143608075,2019-W05,2019-01
601288.SH,2019-01-30,3.68,3.69,-0.00271,1599005,589541.813,戊戌,乙丑,丁卯,3,2019,1,1,-0.0027137058715961614,0,丁,卯,火,木,乙,丑,木,土,False,True,0.002713705871596104,2019-W05,2019-01
601288.SH,2019-01-31,3.72,3.68,0.01087,2513565,934017.917,戊戌,乙丑,戊辰,4,2019,1,1,0.010810916104215675,1,戊,辰,土,土,乙,丑,木,土,False,True,-0.0027137058715961614,2019-W05,2019-01
601288.SH,2019-02-01,3.72,3.72,0.0,1767724,656657.256,戊戌,乙丑,己巳,5,2019,2,1,0.0,0,己,巳,土,火,乙,丑,木,土,True,False,0.010810916104215675,2019-W05,2019-02
601288.SH,2019-02-11,3.7,3.72,-0.005376,2031410,750709.178,己亥,丙寅,己卯,1,2019,2,1,-0.005390848634876423,0,己,卯,土,木,丙,寅,火,木,False,False,0.0,2019-W07,2019-02
601288.SH,2019-02-12,3.72,3.7,0.005405,1868599,692541.914,己亥,丙寅,庚辰,2,2019,2,1,0.005390848634876373,1,庚,辰,金,土,丙,寅,火,木,False,False,-0.005390848634876423,2019-W07,2019-02
601288.SH,2019-02-13,3.76,3.72,0.010753,2467423,921640.141,己亥,丙寅,辛巳,3,2019,2,1,0.01069528911674795,1,辛,巳,金,火,丙,寅,火,木,False,False,0.005390848634876373,2019-W07,2019-02
601288.SH,2019-02-14,3.71,3.76,-0.013298,2200813,820136.608,己亥,丙寅,壬午,4,2019,2,1,-0.013387080782459296,0,壬,午,水,火,丙,寅,火,木,False,False,0.01069528911674795,2019-W07,2019-02
601288.SH,2019-02-15,3.65,3.71,-0.016173,2669147,979209.238,己亥,丙寅,癸未,5,2019,2,1,-0.016304709024943697,0,癸,未,水,土,丙,寅,火,木,False,False,-0.013387080782459296,2019-W07,2019-02
601288.SH,2019-02-18,3.7,3.65,0.013699,3497139,1291055.661,己亥,丙寅,丙戌,1,2019,2,1,0.013605652055778678,1,丙,戌,火,土,丙,寅,火,木,False,False,-0.016304709024943697,2019-W08,2019-02
601288.SH,2019-02-19,3.69,3.7,-0.002703,3024879,1117491.322,己亥,丙寅,丁亥,2,2019,2,1,-0.0027063615977430252,0,丁,亥,火,水,丙,寅,火,木,False,False,0.013605652055778678,2019-W08,2019-02
601288.SH,2019-02-20,3.7,3.69,0.00271,2010684,743050.055,己亥,丙寅,戊子,3,2019,2,1,0.0027063615977430673,1,戊,子,土,水,丙,寅,火,木,False,False,-0.0027063615977430252,2019-W08,2019-02
601288.SH,2019-02-21,3.68,3.7,-0.005405,2164284,799653.602,己亥,丙寅,己丑,4,2019,2,1,-0.005420067469339256,0,己,丑,土,土,丙,寅,火,木,False,False,0.0027063615977430673,2019-W08,2019-02
601288.SH,2019-02-22,3.68,3.68,0.0,3535105,1292181.771,己亥,丙寅,庚寅,5,2019,2,1,0.0,0,庚,寅,金,木,丙,寅,火,木,False,False,-0.005420067469339256,2019-W08,2019-02
601288.SH,2019-02-25,3.88,3.68,0.054348,9501898,3582437.09,己亥,丙寅,癸巳,1,2019,2,1,0.05292240145434253,1,癸,巳,水,火,丙,寅,火,木,False,True,0.0,2019-W09,2019-02
601288.SH,2019-02-26,3.79,3.88,-0.023196,7356004,2810293.681,己亥,丙寅,甲午,2,2019,2,1,-0.02346913454084701,0,甲,午,木,火,丙,寅,火,木,False,True,0.05292240145434253,2019-W09,2019-02
601288.SH,2019-02-27,3.82,3.79,0.007916,6040746,2310185.16,己亥,丙寅,乙未,3,2019,2,1,0.007884403524148835,1,乙,未,木,土,丙,寅,火,木,False,True,-0.02346913454084701,2019-W09,2019-02
601288.SH,2019-02-28,3.8,3.82,-0.005236,3472138,1321442.929,己亥,丙寅,丙申,4,2019,2,1,-0.005249355886143678,0,丙,申,火,金,丙,寅,火,木,False,True,0.007884403524148835,2019-W09,2019-02
601288.SH,2019-03-01,3.85,3.8,0.013158,5244326,1994732.136,己亥,丙寅,丁酉,5,2019,3,1,0.013072081567352921,1,丁,酉,火,金,丙,寅,火,木,True,False,-0.005249355886143678,2019-W09,2019-03
601288.SH,2019-03-04,3.87,3.85,0.005195,9146999,3546599.963,己亥,丙寅,庚子,1,2019,3,1,0.0051813587419975845,1,庚,子,金,水,丙,寅,火,木,True,False,0.013072081567352921,2019-W10,2019-03
601288.SH,2019-03-05,3.84,3.87,-0.007752,4608603,1768245.166,己亥,丙寅,辛丑,2,2019,3,1,-0.007782140442054963,0,辛,丑,金,土,丙,寅,火,木,True,False,0.0051813587419975845,2019-W10,2019-03
601288.SH,2019-03-06,3.85,3.84,0.002604,5403515,2074415.613,己亥,丁卯,壬寅,3,2019,3,1,0.0026007817000574403,1,壬,寅,水,木,丁,卯,火,木,False,False,-0.007782140442054963,2019-W10,2019-03
601288.SH,2019-03-07,3.8,3.85,-0.012987,5300423,2020204.223,己亥,丁卯,癸卯,4,2019,3,1,-0.013072081567352888,0,癸,卯,水,木,丁,卯,火,木,False,False,0.0026007817000574403,2019-W10,2019-03
601288.SH,2019-03-08,3.69,3.8,-0.028947,5567635,2077322.38,己亥,丁卯,甲辰,5,2019,3,1,-0.029374608679904244,0,甲,辰,木,土,丁,卯,火,木,False,False,-0.013072081567352888,2019-W10,2019-03
601288.SH,2019-03-11,3.71,3.69,0.00542,4308452,1592813.314,己亥,丁卯,丁未,1,2019,3,1,0.005405418566907982,1,丁,未,火,土,丁,卯,火,木,False,False,-0.029374608679904244,2019-W11,2019-03
601288.SH,2019-03-12,3.74,3.71,0.008086,4519019,1691736.304,己亥,丁卯,戊申,2,2019,3,1,0.008053734807096825,1,戊,申,土,金,丁,卯,火,木,False,False,0.005405418566907982,2019-W11,2019-03
601288.SH,2019-03-13,3.71,3.74,-0.008021,3671297,1361750.69,己亥,丁卯,己酉,3,2019,3,1,-0.008053734807096827,0,己,酉,土,金,丁,卯,火,木,False,False,0.008053734807096825,2019-W11,2019-03
601288.SH,2019-03-14,3.7,3.71,-0.002695,2997455,1112082.344,己亥,丁卯,庚戌,4,2019,3,1,-0.0026990569691649467,0,庚,戌,金,土,丁,卯,火,木,False,False,-0.008053734807096827,2019-W11,2019-03
601288.SH,2019-03-15,3.71,3.7,0.002703,2742606,1019270.502,己亥,丁卯,辛亥,5,2019,3,1,0.0026990569691649835,1,辛,亥,金,水,丁,卯,火,木,False,False,-0.0026990569691649467,2019-W11,2019-03
601288.SH,2019-03-18,3.75,3.71,0.010782,3747890,1398613.754,己亥,丁卯,甲寅,1,2019,3,1,0.010723963362975642,1,甲,寅,木,木,丁,卯,火,木,False,False,0.0026990569691649835,2019-W12,2019-03
601288.SH,2019-03-19,3.74,3.75,-0.002667,2402697,900121.44,己亥,丁卯,乙卯,2,2019,3,1,-0.0026702285558788097,0,乙,卯,木,木,丁,卯,火,木,False,False,0.010723963362975642,2019-W12,2019-03
601288.SH,2019-03-20,3.73,3.74,-0.002674,2390197,891184.055,己亥,丁卯,丙辰,3,2019,3,1,-0.002677377770716403,0,丙,辰,火,土,丁,卯,火,木,False,False,-0.0026702285558788097,2019-W12,2019-03
601288.SH,2019-03-21,3.71,3.73,-0.005362,2517453,937959.126,己亥,丁卯,丁巳,4,2019,3,1,-0.005376357036380406,0,丁,巳,火,火,丁,卯,火,木,False,False,-0.002677377770716403,2019-W12,2019-03
601288.SH,2019-03-22,3.72,3.71,0.002695,2285460,848079.474,己亥,丁卯,戊午,5,2019,3,1,0.0026917916657115746,1,戊,午,土,火,丁,卯,火,木,False,False,-0.005376357036380406,2019-W12,2019-03
601288.SH,2019-03-25,3.66,3.72,-0.016129,3398433,1251644.964,己亥,丁卯,辛酉,1,2019,3,1,-0.01626052087178029,0,辛,酉,金,金,丁,卯,火,木,False,False,0.0026917916657115746,2019-W13,2019-03
601288.SH,2019-03-26,3.67,3.66,0.002732,2464385,903353.79,己亥,丁卯,壬戌,2,2019,3,1,0.0027285146532039146,1,壬,戌,水,土,丁,卯,火,木,False,False,-0.01626052087178029,2019-W13,2019-03
601288.SH,2019-03-27,3.69,3.67,0.00545,2628925,969409.852,己亥,丁卯,癸亥,3,2019,3,1,0.005434795985956995,1,癸,亥,水,水,丁,卯,火,木,False,True,0.0027285146532039146,2019-W13,2019-03
601288.SH,2019-03-28,3.67,3.69,-0.00542,2068651,758626.075,己亥,丁卯,甲子,4,2019,3,1,-0.005434795985956945,0,甲,子,木,水,丁,卯,火,木,False,True,0.005434795985956995,2019-W13,2019-03
601288.SH,2019-03-29,3.73,3.67,0.016349,3901971,1448110.804,己亥,丁卯,乙丑,5,2019,3,1,0.016216571589245287,1,乙,丑,木,土,丁,卯,火,木,False,True,-0.005434795985956945,2019-W13,2019-03
601288.SH,2019-04-01,3.77,3.73,0.010724,5872666,2209430.219,己亥,丁卯,戊辰,1,2019,4,1,0.010666767804195228,1,戊,辰,土,土,丁,卯,火,木,True,False,0.016216571589245287,2019-W14,2019-04
601288.SH,2019-04-02,3.75,3.77,-0.005305,4958620,1862471.399,己亥,丁卯,己巳,2,2019,4,1,-0.005319161477599933,0,己,巳,土,火,丁,卯,火,木,True,False,0.010666767804195228,2019-W14,2019-04
601288.SH,2019-04-03,3.74,3.75,-0.002667,4463713,1660829.372,己亥,丁卯,庚午,3,2019,4,1,-0.0026702285558788097,0,庚,午,金,火,丁,卯,火,木,True,False,-0.005319161477599933,2019-W14,2019-04
601288.SH,2019-04-04,3.79,3.74,0.013369,6759445,2546212.67,己亥,丁卯,辛未,4,2019,4,1,0.013280407667894466,1,辛,未,金,土,丁,卯,火,木,True,False,-0.0026702285558788097,2019-W14,2019-04
601288.SH,2019-04-08,3.79,3.79,0.0,6278431,2395207.173,己亥,戊辰,乙亥,1,2019,4,1,0.0,0,乙,亥,木,水,戊,辰,土,土,False,False,0.013280407667894466,2019-W15,2019-04
601288.SH,2019-04-09,3.78,3.79,-0.002639,2700147,1019951.478,己亥,戊辰,丙子,2,2019,4,1,-0.0026420094628386965,0,丙,子,火,水,戊,辰,土,土,False,False,0.0,2019-W15,2019-04
601288.SH,2019-04-10,3.77,3.78,-0.002646,2557502,961966.854,己亥,戊辰,丁丑,3,2019,4,1,-0.0026490081715768417,0,丁,丑,火,土,戊,辰,土,土,False,False,-0.0026420094628386965,2019-W15,2019-04
601288.SH,2019-04-11,3.73,3.77,-0.01061,2773195,1041563.747,己亥,戊辰,戊寅,4,2019,4,1,-0.010666767804195192,0,戊,寅,土,木,戊,辰,土,土,False,False,-0.0026490081715768417,2019-W15,2019-04
601288.SH,2019-04-12,3.74,3.73,0.002681,2221906,829476.48,己亥,戊辰,己卯,5,2019,4,1,0.0026773777707163942,1,己,卯,土,木,戊,辰,土,土,False,False,-0.010666767804195192,2019-W15,2019-04
601288.SH,2019-04-15,3.78,3.74,0.010695,5508004,2094156.581,己亥,戊辰,壬午,1,2019,4,1,0.010638398205055577,1,壬,午,水,火,戊,辰,土,土,False,False,0.0026773777707163942,2019-W16,2019-04
601288.SH,2019-04-16,3.89,3.78,0.029101,7571674,2907947.114,己亥,戊辰,癸未,2,2019,4,1,0.028685147998858792,1,癸,未,水,土,戊,辰,土,土,False,False,0.010638398205055577,2019-W16,2019-04
601288.SH,2019-04-17,3.88,3.89,-0.002571,5028800,1953144.232,己亥,戊辰,甲申,3,2019,4,1,-0.0025740039951728773,0,甲,申,木,金,戊,辰,土,土,False,False,0.028685147998858792,2019-W16,2019-04
601288.SH,2019-04-18,3.84,3.88,-0.010309,2451283,943008.095,己亥,戊辰,乙酉,4,2019,4,1,-0.010362787035546547,0,乙,酉,木,金,戊,辰,土,土,False,False,-0.0025740039951728773,2019-W16,2019-04
601288.SH,2019-04-19,3.85,3.84,0.002604,2509753,966724.858,己亥,戊辰,丙戌,5,2019,4,1,0.0026007817000574403,1,丙,戌,火,土,戊,辰,土,土,False,False,-0.010362787035546547,2019-W16,2019-04
601288.SH,2019-04-22,3.78,3.85,-0.018182,3284562,1250717.19,己亥,戊辰,己丑,1,2019,4,1,-0.018349138668196655,0,己,丑,土,土,戊,辰,土,土,False,False,0.0026007817000574403,2019-W17,2019-04
601288.SH,2019-04-23,3.77,3.78,-0.002646,3018971,1140412.264,己亥,戊辰,庚寅,2,2019,4,1,-0.0026490081715768417,0,庚,寅,金,木,戊,辰,土,土,False,False,-0.018349138668196655,2019-W17,2019-04
601288.SH,2019-04-24,3.77,3.77,0.0,3298604,1243211.445,己亥,戊辰,辛卯,3,2019,4,1,0.0,0,辛,卯,金,木,戊,辰,土,土,False,False,-0.0026490081715768417,2019-W17,2019-04
601288.SH,2019-04-25,3.74,3.77,-0.007958,3066191,1148725.44,己亥,戊辰,壬辰,4,2019,4,1,-0.00798939003347875,0,壬,辰,水,土,戊,辰,土,土,False,False,0.0,2019-W17,2019-04
601288.SH,2019-04-26,3.72,3.74,-0.005348,2629237,979407.237,己亥,戊辰,癸巳,5,2019,4,1,-0.005361943141385399,0,癸,巳,水,火,戊,辰,土,土,False,True,-0.00798939003347875,2019-W17,2019-04
601288.SH,2019-04-29,3.74,3.72,0.005376,3247171,1214220.866,己亥,戊辰,丙申,1,2019,4,1,0.005361943141385373,1,丙,申,火,金,戊,辰,土,土,False,True,-0.005361943141385399,2019-W18,2019-04
601288.SH,2019-04-30,3.76,3.74,0.005348,2927606,1098346.536,己亥,戊辰,丁酉,2,2019,4,1,0.005333345975362382,1,丁,酉,火,金,戊,辰,土,土,False,True,0.005361943141385373,2019-W18,2019-04
601288.SH,2019-05-06,3.65,3.76,-0.029255,6101232,2238637.428,己亥,己巳,癸卯,1,2019,5,1,-0.029691789807402925,0,癸,卯,水,木,己,巳,土,火,False,False,0.005333345975362382,2019-W19,2019-05
601288.SH,2019-05-07,3.66,3.65,0.00274,2757619,1009782.207,己亥,己巳,甲辰,2,2019,5,1,0.0027359798188748455,1,甲,辰,木,土,己,巳,土,火,False,False,-0.029691789807402925,2019-W19,2019-05
601288.SH,2019-05-08,3.61,3.66,-0.013661,2456114,889276.151,己亥,己巳,乙巳,3,2019,5,1,-0.013755375068485457,0,乙,巳,木,火,己,巳,土,火,False,False,0.0027359798188748455,2019-W19,2019-05
601288.SH,2019-05-09,3.59,3.61,-0.00554,2393865,861096.841,己亥,己巳,丙午,4,2019,5,1,-0.005555569844602105,0,丙,午,火,火,己,巳,土,火,False,False,-0.013755375068485457,2019-W19,2019-05
601288.SH,2019-05-10,3.65,3.59,0.016713,3135705,1137771.485,己亥,己巳,丁未,5,2019,5,1,0.0165749650942126,1,丁,未,火,土,己,巳,土,火,False,False,-0.005555569844602105,2019-W19,2019-05
601288.SH,2019-05-13,3.6,3.65,-0.013699,1894966,683006.796,己亥,己巳,庚戌,1,2019,5,1,-0.01379332213233576,0,庚,戌,金,土,己,巳,土,火,False,False,0.0165749650942126,2019-W20,2019-05
601288.SH,2019-05-14,3.58,3.6,-0.005556,2274710,816498.843,己亥,己巳,辛亥,2,2019,5,1,-0.00557104504945536,0,辛,亥,金,水,己,巳,土,火,False,False,-0.01379332213233576,2019-W20,2019-05
601288.SH,2019-05-15,3.61,3.58,0.00838,2555841,920488.407,己亥,己巳,壬子,3,2019,5,1,0.008344971932180468,1,壬,子,水,水,己,巳,土,火,False,False,-0.00557104504945536,2019-W20,2019-05
601288.SH,2019-05-16,3.62,3.61,0.00277,2466123,891685.824,己亥,己巳,癸丑,4,2019,5,1,0.00276625349289011,1,癸,丑,水,土,己,巳,土,火,False,False,0.008344971932180468,2019-W20,2019-05
601288.SH,2019-05-17,3.61,3.62,-0.002762,2896358,1049746.466,己亥,己巳,甲寅,5,2019,5,1,-0.0027662534928901846,0,甲,寅,木,木,己,巳,土,火,False,False,0.00276625349289011,2019-W20,2019-05
601288.SH,2019-05-20,3.65,3.61,0.01108,3123310,1137925.425,己亥,己巳,丁巳,1,2019,5,1,0.011019395249610698,1,丁,巳,火,火,己,巳,土,火,False,False,-0.0027662534928901846,2019-W21,2019-05
601288.SH,2019-05-21,3.67,3.65,0.005479,2275406,834813.442,己亥,己巳,戊午,2,2019,5,1,0.005464494472078745,1,戊,午,土,火,己,巳,土,火,False,False,0.011019395249610698,2019-W21,2019-05
601288.SH,2019-05-22,3.67,3.67,0.0,1659859,610510.274,己亥,己巳,己未,3,2019,5,1,0.0,0,己,未,土,土,己,巳,土,火,False,False,0.005464494472078745,2019-W21,2019-05
601288.SH,2019-05-23,3.68,3.67,0.002725,2403209,882344.374,己亥,己巳,庚申,4,2019,5,1,0.0027210901143608075,1,庚,申,金,金,己,巳,土,火,False,False,0.0,2019-W21,2019-05
601288.SH,2019-05-24,3.69,3.68,0.002717,2090797,772260.075,己亥,己巳,辛酉,5,2019,5,1,0.002713705871596104,1,辛,酉,金,金,己,巳,土,火,False,False,0.0027210901143608075,2019-W21,2019-05
601288.SH,2019-05-27,3.7,3.69,0.00271,2300336,848980.854,己亥,己巳,甲子,1,2019,5,1,0.0027063615977430673,1,甲,子,木,水,己,巳,土,火,False,True,0.002713705871596104,2019-W22,2019-05
601288.SH,2019-05-28,3.72,3.7,0.005405,3215281,1194350.256,己亥,己巳,乙丑,2,2019,5,1,0.005390848634876373,1,乙,丑,木,土,己,巳,土,火,False,True,0.0027063615977430673,2019-W22,2019-05
601288.SH,2019-05-29,3.68,3.72,-0.010753,2285576,843866.6,己亥,己巳,丙寅,3,2019,5,1,-0.010810916104215617,0,丙,寅,火,木,己,巳,土,火,False,True,0.005390848634876373,2019-W22,2019-05
601288.SH,2019-05-30,3.71,3.68,0.008152,2043511,754138.264,己亥,己巳,丁卯,4,2019,5,1,0.008119124438504191,1,丁,卯,火,木,己,巳,土,火,False,True,-0.010810916104215617,2019-W22,2019-05
601288.SH,2019-05-31,3.68,3.71,-0.008086,2071238,764866.598,己亥,己巳,戊辰,5,2019,5,1,-0.008119124438504129,0,戊,辰,土,土,己,巳,土,火,False,True,0.008119124438504191,2019-W22,2019-05
601288.SH,2019-06-03,3.73,3.68,0.013587,2460188,912694.46,己亥,己巳,辛未,1,2019,6,1,0.013495481474884509,1,辛,未,金,土,己,巳,土,火,True,False,-0.008119124438504129,2019-W23,2019-06
601288.SH,2019-06-04,3.75,3.73,0.005362,2129093,795835.03,己亥,己巳,壬申,2,2019,6,1,0.005347606326595277,1,壬,申,水,金,己,巳,土,火,True,False,0.013495481474884509,2019-W23,2019-06
601288.SH,2019-06-05,3.77,3.75,0.005333,2552371,964493.513,己亥,己巳,癸酉,3,2019,6,1,0.005319161477600027,1,癸,酉,水,金,己,巳,土,火,True,False,0.005347606326595277,2019-W23,2019-06
601288.SH,2019-06-06,3.77,3.77,0.0,1436831,540935.087,己亥,庚午,甲戌,4,2019,6,1,0.0,0,甲,戌,木,土,庚,午,金,火,False,False,0.005319161477600027,2019-W23,2019-06
601288.SH,2019-06-10,3.79,3.77,0.005305,2277941,862129.142,己亥,庚午,戊寅,1,2019,6,1,0.00529101763441568,1,戊,寅,土,木,庚,午,金,火,False,False,0.0,2019-W24,2019-06
601288.SH,2019-06-11,3.81,3.79,0.005277,2715991,1033547.8,己亥,庚午,己卯,2,2019,6,1,0.005263170044274691,1,己,卯,土,木,庚,午,金,火,False,False,0.00529101763441568,2019-W24,2019-06
601288.SH,2019-06-12,3.81,3.81,0.0,2200160,837916.344,己亥,庚午,庚辰,3,2019,6,1,0.0,0,庚,辰,金,土,庚,午,金,火,False,False,0.005263170044274691,2019-W24,2019-06
601288.SH,2019-06-13,3.78,3.81,-0.007874,1990225,754366.875,己亥,庚午,辛巳,4,2019,6,1,-0.007905179507113374,0,辛,巳,金,火,庚,午,金,火,False,False,0.0,2019-W24,2019-06
601288.SH,2019-06-14,3.76,3.78,-0.005291,2192162,826364.547,己亥,庚午,壬午,5,2019,6,1,-0.005305052229693229,0,壬,午,水,火,庚,午,金,火,False,False,-0.007905179507113374,2019-W24,2019-06
601288.SH,2019-06-17,3.8,3.76,0.010638,2404319,911372.46,己亥,庚午,乙酉,1,2019,6,1,0.010582109330537008,1,乙,酉,木,金,庚,午,金,火,False,False,-0.005305052229693229,2019-W25,2019-06
601288.SH,2019-06-18,3.82,3.8,0.005263,3201835,1221080.956,己亥,庚午,丙戌,2,2019,6,1,0.005249355886143745,1,丙,戌,火,土,庚,午,金,火,False,False,0.010582109330537008,2019-W25,2019-06
601288.SH,2019-06-19,3.65,3.65,0.0,4829202,1765824.684,己亥,庚午,丁亥,3,2019,6,1,0.0,0,丁,亥,火,水,庚,午,金,火,False,False,0.005249355886143745,2019-W25,2019-06
601288.SH,2019-06-20,3.67,3.65,0.005479,5573280,2039371.554,己亥,庚午,戊子,4,2019,6,1,0.005464494472078745,1,戊,子,土,水,庚,午,金,火,False,False,0.0,2019-W25,2019-06
601288.SH,2019-06-21,3.64,3.67,-0.008174,4187513,1527189.301,己亥,庚午,己丑,5,2019,6,1,-0.008207980417829509,0,己,丑,土,土,庚,午,金,火,False,False,0.005464494472078745,2019-W25,2019-06
601288.SH,2019-06-24,3.66,3.64,0.005495,2113891,770958.792,己亥,庚午,壬辰,1,2019,6,1,0.0054794657646255705,1,壬,辰,水,土,庚,午,金,火,False,False,-0.008207980417829509,2019-W26,2019-06
601288.SH,2019-06-25,3.64,3.66,-0.005464,3168505,1153432.515,己亥,庚午,癸巳,2,2019,6,1,-0.005479465764625596,0,癸,巳,水,火,庚,午,金,火,False,False,0.0054794657646255705,2019-W26,2019-06
601288.SH,2019-06-26,3.62,3.64,-0.005495,2416127,873957.556,己亥,庚午,甲午,3,2019,6,1,-0.0055096558109695845,0,甲,午,木,火,庚,午,金,火,False,True,-0.005479465764625596,2019-W26,2019-06
601288.SH,2019-06-27,3.62,3.62,0.0,2935329,1062950.858,己亥,庚午,乙未,4,2019,6,1,0.0,0,乙,未,木,土,庚,午,金,火,False,True,-0.0055096558109695845,2019-W26,2019-06
601288.SH,2019-06-28,3.6,3.62,-0.005525,2835837,1020321.794,己亥,庚午,丙申,5,2019,6,1,-0.005540180375615356,0,丙,申,火,金,庚,午,金,火,False,True,0.0,2019-W26,2019-06
601288.SH,2019-07-01,3.62,3.6,0.005556,3439892,1245433.995,己亥,庚午,己亥,1,2019,7,1,0.005540180375615351,1,己,亥,土,水,庚,午,金,火,True,False,-0.005540180375615356,2019-W27,2019-07
601288.SH,2019-07-02,3.64,3.62,0.005525,2971126,1077676.578,己亥,庚午,庚子,2,2019,7,1,0.0055096558109697,1,庚,子,金,水,庚,午,金,火,True,False,0.005540180375615351,2019-W27,2019-07
601288.SH,2019-07-03,3.66,3.64,0.005495,2924186,1065842.123,己亥,庚午,辛丑,3,2019,7,1,0.0054794657646255705,1,辛,丑,金,土,庚,午,金,火,True,False,0.0055096558109697,2019-W27,2019-07
601288.SH,2019-07-04,3.66,3.66,0.0,2255482,824233.467,己亥,庚午,壬寅,4,2019,7,1,0.0,0,壬,寅,水,木,庚,午,金,火,True,False,0.0054794657646255705,2019-W27,2019-07
601288.SH,2019-07-05,3.65,3.66,-0.002732,1596520,581968.132,己亥,庚午,癸卯,5,2019,7,1,-0.00273597981887486,0,癸,卯,水,木,庚,午,金,火,True,False,0.0,2019-W27,2019-07
601288.SH,2019-07-08,3.6,3.65,-0.013699,3154465,1137592.277,己亥,辛未,丙午,1,2019,7,1,-0.01379332213233576,0,丙,午,火,火,辛,未,金,土,False,False,-0.00273597981887486,2019-W28,2019-07
601288.SH,2019-07-09,3.58,3.6,-0.005556,1850498,663897.759,己亥,辛未,丁未,2,2019,7,1,-0.00557104504945536,0,丁,未,火,土,辛,未,金,土,False,False,-0.01379332213233576,2019-W28,2019-07
601288.SH,2019-07-10,3.59,3.58,0.002793,1223500,438552.289,己亥,辛未,戊申,3,2019,7,1,0.0027894020875785922,1,戊,申,土,金,辛,未,金,土,False,False,-0.00557104504945536,2019-W28,2019-07
601288.SH,2019-07-11,3.59,3.59,0.0,1289051,462915.218,己亥,辛未,己酉,4,2019,7,1,0.0,0,己,酉,土,金,辛,未,金,土,False,False,0.0027894020875785922,2019-W28,2019-07
601288.SH,2019-07-12,3.6,3.59,0.002786,1659001,596835.236,己亥,辛未,庚戌,5,2019,7,1,0.0027816429618767705,1,庚,戌,金,土,辛,未,金,土,False,False,0.0,2019-W28,2019-07
601288.SH,2019-07-15,3.59,3.6,-0.002778,2799219,1002448.228,己亥,辛未,癸丑,1,2019,7,1,-0.002781642961876914,0,癸,丑,水,土,辛,未,金,土,False,False,0.0027816429618767705,2019-W29,2019-07
601288.SH,2019-07-16,3.58,3.59,-0.002786,1271189,454757.508,己亥,辛未,甲寅,2,2019,7,1,-0.0027894020875785254,0,甲,寅,木,木,辛,未,金,土,False,False,-0.002781642961876914,2019-W29,2019-07
601288.SH,2019-07-17,3.57,3.58,-0.002793,1251890,446960.448,己亥,辛未,乙卯,3,2019,7,1,-0.002797204621061254,0,乙,卯,木,木,辛,未,金,土,False,False,-0.0027894020875785254,2019-W29,2019-07
601288.SH,2019-07-18,3.55,3.57,-0.005602,1838950,653650.698,己亥,辛未,丙辰,4,2019,7,1,-0.005617992304223261,0,丙,辰,火,土,辛,未,金,土,False,False,-0.002797204621061254,2019-W29,2019-07
601288.SH,2019-07-19,3.57,3.55,0.005634,1648216,587878.389,己亥,辛未,丁巳,5,2019,7,1,0.005617992304223274,1,丁,巳,火,火,辛,未,金,土,False,False,-0.005617992304223261,2019-W29,2019-07
601288.SH,2019-07-22,3.57,3.57,0.0,2173788,776691.853,己亥,辛未,庚申,1,2019,7,1,0.0,0,庚,申,金,金,辛,未,金,土,False,False,0.005617992304223274,2019-W30,2019-07
601288.SH,2019-07-23,3.59,3.57,0.005602,2100226,752749.895,己亥,辛未,辛酉,2,2019,7,1,0.005586606708639776,1,辛,酉,金,金,辛,未,金,土,False,False,0.0,2019-W30,2019-07
601288.SH,2019-07-24,3.59,3.59,0.0,2770585,995020.281,己亥,辛未,壬戌,3,2019,7,1,0.0,0,壬,戌,水,土,辛,未,金,土,False,False,0.005586606708639776,2019-W30,2019-07
601288.SH,2019-07-25,3.59,3.59,0.0,2158015,773177.384,己亥,辛未,癸亥,4,2019,7,1,0.0,0,癸,亥,水,水,辛,未,金,土,False,False,0.0,2019-W30,2019-07
601288.SH,2019-07-26,3.59,3.59,0.0,2021544,725407.514,己亥,辛未,甲子,5,2019,7,1,0.0,0,甲,子,木,水,辛,未,金,土,False,False,0.0,2019-W30,2019-07
601288.SH,2019-07-29,3.6,3.59,0.002786,2001204,719928.4,己亥,辛未,丁卯,1,2019,7,1,0.0027816429618767705,1,丁,卯,火,木,辛,未,金,土,False,True,0.0,2019-W31,2019-07
601288.SH,2019-07-30,3.61,3.6,0.002778,2297045,828801.719,己亥,辛未,戊辰,2,2019,7,1,0.0027739268827252244,1,戊,辰,土,土,辛,未,金,土,False,True,0.0027816429618767705,2019-W31,2019-07
601288.SH,2019-07-31,3.6,3.61,-0.00277,2362359,850440.196,己亥,辛未,己巳,3,2019,7,1,-0.002773926882725208,0,己,巳,土,火,辛,未,金,土,False,True,0.0027739268827252244,2019-W31,2019-07
601288.SH,2019-08-01,3.58,3.6,-0.005556,2122692,761097.721,己亥,辛未,庚午,4,2019,8,1,-0.00557104504945536,0,庚,午,金,火,辛,未,金,土,True,False,-0.002773926882725208,2019-W31,2019-08
601288.SH,2019-08-02,3.55,3.58,-0.00838,2649461,940406.384,己亥,辛未,辛未,5,2019,8,1,-0.008415196925284585,0,辛,未,金,土,辛,未,金,土,True,False,-0.00557104504945536,2019-W31,2019-08
601288.SH,2019-08-05,3.5,3.55,-0.014085,3038064,1067129.948,己亥,辛未,甲戌,1,2019,8,1,-0.014184634991956413,0,甲,戌,木,土,辛,未,金,土,True,False,-0.008415196925284585,2019-W32,2019-08
601288.SH,2019-08-06,3.46,3.5,-0.011429,2935396,1011962.014,己亥,辛未,乙亥,2,2019,8,1,-0.011494379425735134,0,乙,亥,木,水,辛,未,金,土,False,False,-0.014184634991956413,2019-W32,2019-08
601288.SH,2019-08-07,3.43,3.46,-0.008671,1847216,635453.792,己亥,辛未,丙子,3,2019,8,1,-0.008708327891784308,0,丙,子,火,水,辛,未,金,土,False,False,-0.011494379425735134,2019-W32,2019-08
601288.SH,2019-08-08,3.46,3.43,0.008746,2320951,800443.54,己亥,壬申,丁丑,4,2019,8,1,0.008708327891784193,1,丁,丑,火,土,壬,申,水,金,False,False,-0.008708327891784308,2019-W32,2019-08
601288.SH,2019-08-09,3.46,3.46,0.0,2090080,724502.766,己亥,壬申,戊寅,5,2019,8,1,0.0,0,戊,寅,土,木,壬,申,水,金,False,False,0.008708327891784193,2019-W32,2019-08
601288.SH,2019-08-12,3.48,3.46,0.00578,1799973,623460.668,己亥,壬申,辛巳,1,2019,8,1,0.005763704716750134,1,辛,巳,金,火,壬,申,水,金,False,False,0.0,2019-W33,2019-08
601288.SH,2019-08-13,3.45,3.48,-0.008621,1618078,558790.303,己亥,壬申,壬午,2,2019,8,1,-0.008658062743114541,0,壬,午,水,火,壬,申,水,金,False,False,0.005763704716750134,2019-W33,2019-08
601288.SH,2019-08-14,3.44,3.45,-0.002899,2733006,944194.246,己亥,壬申,癸未,3,2019,8,1,-0.0029027596579614626,0,癸,未,水,土,壬,申,水,金,False,False,-0.008658062743114541,2019-W33,2019-08
601288.SH,2019-08-15,3.43,3.44,-0.002907,2072571,707984.3,己亥,壬申,甲申,4,2019,8,1,-0.00291121020745833,0,甲,申,木,金,壬,申,水,金,False,False,-0.0029027596579614626,2019-W33,2019-08
601288.SH,2019-08-16,3.42,3.43,-0.002915,1993041,682761.844,己亥,壬申,乙酉,5,2019,8,1,-0.0029197101033348618,0,乙,酉,木,金,壬,申,水,金,False,False,-0.00291121020745833,2019-W33,2019-08
601288.SH,2019-08-19,3.43,3.42,0.002924,4619048,1572070.942,己亥,壬申,戊子,1,2019,8,1,0.002919710103334846,1,戊,子,土,水,壬,申,水,金,False,False,-0.0029197101033348618,2019-W34,2019-08
601288.SH,2019-08-20,3.43,3.43,0.0,1987323,681648.607,己亥,壬申,己丑,2,2019,8,1,0.0,0,己,丑,土,土,壬,申,水,金,False,False,0.002919710103334846,2019-W34,2019-08
601288.SH,2019-08-21,3.42,3.43,-0.002915,1084247,371366.758,己亥,壬申,庚寅,3,2019,8,1,-0.0029197101033348618,0,庚,寅,金,木,壬,申,水,金,False,False,0.0,2019-W34,2019-08
601288.SH,2019-08-22,3.41,3.42,-0.002924,1603240,546552.902,己亥,壬申,辛卯,4,2019,8,1,-0.002928259779088334,0,辛,卯,金,木,壬,申,水,金,False,False,-0.0029197101033348618,2019-W34,2019-08
601288.SH,2019-08-23,3.41,3.41,0.0,1348988,460119.83,己亥,壬申,壬辰,5,2019,8,1,0.0,0,壬,辰,水,土,壬,申,水,金,False,False,-0.002928259779088334,2019-W34,2019-08
601288.SH,2019-08-26,3.38,3.41,-0.008798,1962956,664712.272,己亥,壬申,乙未,1,2019,8,1,-0.008836581800498112,0,乙,未,木,土,壬,申,水,金,False,False,0.0,2019-W35,2019-08
601288.SH,2019-08-27,3.41,3.38,0.008876,2702405,922881.937,己亥,壬申,丙申,2,2019,8,1,0.008836581800498164,1,丙,申,火,金,壬,申,水,金,False,True,-0.008836581800498112,2019-W35,2019-08
601288.SH,2019-08-28,3.4,3.41,-0.002933,1568628,534005.477,己亥,壬申,丁酉,3,2019,8,1,-0.002936859673309825,0,丁,酉,火,金,壬,申,水,金,False,True,0.008836581800498164,2019-W35,2019-08
601288.SH,2019-08-29,3.39,3.4,-0.002941,1121916,380867.371,己亥,壬申,戊戌,4,2019,8,1,-0.002945510229756803,0,戊,戌,土,土,壬,申,水,金,False,True,-0.002936859673309825,2019-W35,2019-08
601288.SH,2019-08-30,3.4,3.39,0.00295,1794587,611382.263,己亥,壬申,己亥,5,2019,8,1,0.0029455102297567446,1,己,亥,土,水,壬,申,水,金,False,True,-0.002945510229756803,2019-W35,2019-08
601288.SH,2019-09-02,3.41,3.4,0.002941,2331254,793792.701,己亥,壬申,壬寅,1,2019,9,1,0.0029368596733097057,1,壬,寅,水,木,壬,申,水,金,True,False,0.0029455102297567446,2019-W36,2019-09
601288.SH,2019-09-03,3.41,3.41,0.0,1669965,568786.469,己亥,壬申,癸卯,2,2019,9,1,0.0,0,癸,卯,水,木,壬,申,水,金,True,False,0.0029368596733097057,2019-W36,2019-09
601288.SH,2019-09-04,3.45,3.41,0.01173,2488459,852846.903,己亥,壬申,甲辰,3,2019,9,1,0.011661939747842957,1,甲,辰,木,土,壬,申,水,金,True,False,0.0,2019-W36,2019-09
601288.SH,2019-09-05,3.48,3.45,0.008696,3580718,1246075.894,己亥,壬申,乙巳,4,2019,9,1,0.008658062743114531,1,乙,巳,木,火,壬,申,水,金,True,False,0.011661939747842957,2019-W36,2019-09
601288.SH,2019-09-06,3.49,3.48,0.002874,2143808,746846.728,己亥,壬申,丙午,5,2019,9,1,0.0028694424279529607,1,丙,午,火,火,壬,申,水,金,False,False,0.008658062743114531,2019-W36,2019-09
601288.SH,2019-09-09,3.49,3.49,0.0,3269488,1139491.086,己亥,癸酉,己酉,1,2019,9,1,0.0,0,己,酉,土,金,癸,酉,水,金,False,False,0.0028694424279529607,2019-W37,2019-09
601288.SH,2019-09-10,3.48,3.49,-0.002865,2683090,930804.738,己亥,癸酉,庚戌,2,2019,9,1,-0.002869442427952931,0,庚,戌,金,土,癸,酉,水,金,False,False,0.0,2019-W37,2019-09
601288.SH,2019-09-11,3.52,3.48,0.011494,2702190,947002.297,己亥,癸酉,辛亥,3,2019,9,1,0.01142869582362285,1,辛,亥,金,水,癸,酉,水,金,False,False,-0.002869442427952931,2019-W37,2019-09
601288.SH,2019-09-12,3.53,3.52,0.002841,1901307,671393.653,己亥,癸酉,壬子,4,2019,9,1,0.0028368813351995355,1,壬,子,水,水,癸,酉,水,金,False,False,0.01142869582362285,2019-W37,2019-09
601288.SH,2019-09-16,3.52,3.53,-0.002833,1318001,464418.08,己亥,癸酉,丙辰,1,2019,9,1,-0.002836881335199615,0,丙,辰,火,土,癸,酉,水,金,False,False,0.0028368813351995355,2019-W38,2019-09
601288.SH,2019-09-17,3.49,3.52,-0.008523,1984592,695113.654,己亥,癸酉,丁巳,2,2019,9,1,-0.008559253395669836,0,丁,巳,火,火,癸,酉,水,金,False,False,-0.002836881335199615,2019-W38,2019-09
601288.SH,2019-09-18,3.48,3.49,-0.002865,1385533,484246.586,己亥,癸酉,戊午,3,2019,9,1,-0.002869442427952931,0,戊,午,土,火,癸,酉,水,金,False,False,-0.008559253395669836,2019-W38,2019-09
601288.SH,2019-09-19,3.48,3.48,0.0,1271155,443315.035,己亥,癸酉,己未,4,2019,9,1,0.0,0,己,未,土,土,癸,酉,水,金,False,False,-0.002869442427952931,2019-W38,2019-09
601288.SH,2019-09-20,3.49,3.48,0.002874,2074736,723372.146,己亥,癸酉,庚申,5,2019,9,1,0.0028694424279529607,1,庚,申,金,金,癸,酉,水,金,False,False,0.0,2019-W38,2019-09
601288.SH,2019-09-23,3.47,3.49,-0.005731,1279520,444295.714,己亥,癸酉,癸亥,1,2019,9,1,-0.005747142255567959,0,癸,亥,水,水,癸,酉,水,金,False,False,0.0028694424279529607,2019-W39,2019-09
601288.SH,2019-09-24,3.47,3.47,0.0,1017625,353624.637,己亥,癸酉,甲子,2,2019,9,1,0.0,0,甲,子,木,水,癸,酉,水,金,False,False,-0.005747142255567959,2019-W39,2019-09
601288.SH,2019-09-25,3.46,3.47,-0.002882,1110017,385284.922,己亥,癸酉,乙丑,3,2019,9,1,-0.0028860048891349867,0,乙,丑,木,土,癸,酉,水,金,False,False,0.0,2019-W39,2019-09
601288.SH,2019-09-26,3.5,3.46,0.011561,2358635,823912.709,己亥,癸酉,丙寅,4,2019,9,1,0.011494379425735212,1,丙,寅,火,木,癸,酉,水,金,False,True,-0.0028860048891349867,2019-W39,2019-09
601288.SH,2019-09-27,3.49,3.5,-0.002857,2110097,734986.706,己亥,癸酉,丁卯,5,2019,9,1,-0.0028612322810321234,0,丁,卯,火,木,癸,酉,水,金,False,True,0.011494379425735212,2019-W39,2019-09
601288.SH,2019-09-30,3.46,3.49,-0.008596,1506468,524605.784,己亥,癸酉,庚午,1,2019,9,1,-0.008633147144703002,0,庚,午,金,火,癸,酉,水,金,False,True,-0.0028612322810321234,2019-W40,2019-09
601288.SH,2019-10-08,3.48,3.46,0.00578,1725077,599779.641,己亥,甲戌,戊寅,2,2019,10,1,0.005763704716750134,1,戊,寅,土,木,甲,戌,木,土,False,False,-0.008633147144703002,2019-W41,2019-10
601288.SH,2019-10-09,3.49,3.48,0.002874,2188909,763141.181,己亥,甲戌,己卯,3,2019,10,1,0.0028694424279529607,1,己,卯,土,木,甲,戌,木,土,False,False,0.005763704716750134,2019-W41,2019-10
601288.SH,2019-10-10,3.49,3.49,0.0,1914705,669202.369,己亥,甲戌,庚辰,4,2019,10,1,0.0,0,庚,辰,金,土,甲,戌,木,土,False,False,0.0028694424279529607,2019-W41,2019-10
601288.SH,2019-10-11,3.53,3.49,0.011461,2541839,894671.146,己亥,甲戌,辛巳,5,2019,10,1,0.011396134730869582,1,辛,巳,金,火,甲,戌,木,土,False,False,0.0,2019-W41,2019-10
601288.SH,2019-10-14,3.56,3.53,0.008499,4059276,1450354.244,己亥,甲戌,甲申,1,2019,10,1,0.008462673918733728,1,甲,申,木,金,甲,戌,木,土,False,False,0.011396134730869582,2019-W42,2019-10
601288.SH,2019-10-15,3.58,3.56,0.005618,2453349,878475.038,己亥,甲戌,乙酉,2,2019,10,1,0.0056022555486697516,1,乙,酉,木,金,甲,戌,木,土,False,False,0.008462673918733728,2019-W42,2019-10
601288.SH,2019-10-16,3.59,3.58,0.002793,2488733,895803.758,己亥,甲戌,丙戌,3,2019,10,1,0.0027894020875785922,1,丙,戌,火,土,甲,戌,木,土,False,False,0.0056022555486697516,2019-W42,2019-10
601288.SH,2019-10-17,3.59,3.59,0.0,1602132,575562.009,己亥,甲戌,丁亥,4,2019,10,1,0.0,0,丁,亥,火,水,甲,戌,木,土,False,False,0.0027894020875785922,2019-W42,2019-10
601288.SH,2019-10-18,3.57,3.59,-0.005571,2135127,766366.1,己亥,甲戌,戊子,5,2019,10,1,-0.005586606708639823,0,戊,子,土,水,甲,戌,木,土,False,False,0.0,2019-W42,2019-10
601288.SH,2019-10-21,3.6,3.57,0.008403,1896667,679747.461,己亥,甲戌,辛卯,1,2019,10,1,0.00836824967051658,1,辛,卯,金,木,甲,戌,木,土,False,False,-0.005586606708639823,2019-W43,2019-10
601288.SH,2019-10-22,3.61,3.6,0.002778,1867033,673046.772,己亥,甲戌,壬辰,2,2019,10,1,0.0027739268827252244,1,壬,辰,水,土,甲,戌,木,土,False,False,0.00836824967051658,2019-W43,2019-10
601288.SH,2019-10-23,3.64,3.61,0.00831,2707337,984142.33,己亥,甲戌,癸巳,3,2019,10,1,0.008275909303859881,1,癸,巳,水,火,甲,戌,木,土,False,False,0.0027739268827252244,2019-W43,2019-10
601288.SH,2019-10-24,3.65,3.64,0.002747,2797081,1024675.795,己亥,甲戌,甲午,4,2019,10,1,0.002743485945750834,1,甲,午,木,火,甲,戌,木,土,False,False,0.008275909303859881,2019-W43,2019-10
601288.SH,2019-10-25,3.66,3.65,0.00274,1915499,696798.119,己亥,甲戌,乙未,5,2019,10,1,0.0027359798188748455,1,乙,未,木,土,甲,戌,木,土,False,False,0.002743485945750834,2019-W43,2019-10
601288.SH,2019-10-28,3.65,3.66,-0.002732,2022778,738636.459,己亥,甲戌,戊戌,1,2019,10,1,-0.00273597981887486,0,戊,戌,土,土,甲,戌,木,土,False,True,0.0027359798188748455,2019-W44,2019-10
601288.SH,2019-10-29,3.61,3.65,-0.010959,2028999,734787.627,己亥,甲戌,己亥,2,2019,10,1,-0.011019395249610538,0,己,亥,土,水,甲,戌,木,土,False,True,-0.00273597981887486,2019-W44,2019-10
601288.SH,2019-10-30,3.62,3.61,0.00277,1517801,549863.364,己亥,甲戌,庚子,3,2019,10,1,0.00276625349289011,1,庚,子,金,水,甲,戌,木,土,False,True,-0.011019395249610538,2019-W44,2019-10
601288.SH,2019-10-31,3.64,3.62,0.005525,1851311,672228.241,己亥,甲戌,辛丑,4,2019,10,1,0.0055096558109697,1,辛,丑,金,土,甲,戌,木,土,False,True,0.00276625349289011,2019-W44,2019-10
601288.SH,2019-11-01,3.66,3.64,0.005495,1730210,631805.008,己亥,甲戌,壬寅,5,2019,11,1,0.0054794657646255705,1,壬,寅,水,木,甲,戌,木,土,True,False,0.0055096558109697,2019-W44,2019-11
601288.SH,2019-11-04,3.65,3.66,-0.002732,1340231,491428.495,己亥,甲戌,乙巳,1,2019,11,1,-0.00273597981887486,0,乙,巳,木,火,甲,戌,木,土,True,False,0.0054794657646255705,2019-W45,2019-11
601288.SH,2019-11-05,3.66,3.65,0.00274,2198587,806199.68,己亥,甲戌,丙午,2,2019,11,1,0.0027359798188748455,1,丙,午,火,火,甲,戌,木,土,True,False,-0.00273597981887486,2019-W45,2019-11
601288.SH,2019-11-06,3.68,3.66,0.005464,1385611,509271.02,己亥,甲戌,丁未,3,2019,11,1,0.005449604767564685,1,丁,未,火,土,甲,戌,木,土,False,False,0.0027359798188748455,2019-W45,2019-11
601288.SH,2019-11-07,3.66,3.68,-0.005435,1456726,535041.882,己亥,甲戌,戊申,4,2019,11,1,-0.005449604767564703,0,戊,申,土,金,甲,戌,木,土,False,False,0.005449604767564685,2019-W45,2019-11
601288.SH,2019-11-08,3.61,3.66,-0.013661,2043124,744468.567,己亥,乙亥,己酉,5,2019,11,1,-0.013755375068485457,0,己,酉,土,金,乙,亥,木,水,False,False,-0.005449604767564703,2019-W45,2019-11
601288.SH,2019-11-11,3.55,3.61,-0.01662,2608944,931220.402,己亥,乙亥,壬子,1,2019,11,1,-0.016760168857465188,0,壬,子,水,水,乙,亥,木,水,False,False,-0.013755375068485457,2019-W46,2019-11
601288.SH,2019-11-12,3.56,3.55,0.002817,1458279,519416.273,己亥,乙亥,癸丑,2,2019,11,1,0.0028129413766146577,1,癸,丑,水,土,乙,亥,木,水,False,False,-0.016760168857465188,2019-W46,2019-11
601288.SH,2019-11-13,3.57,3.56,0.002809,1728420,616486.719,己亥,乙亥,甲寅,3,2019,11,1,0.0028050509276084604,1,甲,寅,木,木,乙,亥,木,水,False,False,0.0028129413766146577,2019-W46,2019-11
601288.SH,2019-11-14,3.56,3.57,-0.002801,1747484,621983.036,己亥,乙亥,乙卯,4,2019,11,1,-0.0028050509276086096,0,乙,卯,木,木,乙,亥,木,水,False,False,0.0028050509276084604,2019-W46,2019-11
601288.SH,2019-11-15,3.57,3.56,0.002809,1386117,494270.616,己亥,乙亥,丙辰,5,2019,11,1,0.0028050509276084604,1,丙,辰,火,土,乙,亥,木,水,False,False,-0.0028050509276086096,2019-W46,2019-11
601288.SH,2019-11-18,3.59,3.57,0.005602,1697528,605886.87,己亥,乙亥,己未,1,2019,11,1,0.005586606708639776,1,己,未,土,土,乙,亥,木,水,False,False,0.0028050509276084604,2019-W47,2019-11
601288.SH,2019-11-19,3.6,3.59,0.002786,1486384,534375.038,己亥,乙亥,庚申,2,2019,11,1,0.0027816429618767705,1,庚,申,金,金,乙,亥,木,水,False,False,0.005586606708639776,2019-W47,2019-11
601288.SH,2019-11-20,3.58,3.6,-0.005556,1575929,564947.677,己亥,乙亥,辛酉,3,2019,11,1,-0.00557104504945536,0,辛,酉,金,金,乙,亥,木,水,False,False,0.0027816429618767705,2019-W47,2019-11
601288.SH,2019-11-21,3.59,3.58,0.002793,1899563,681485.282,己亥,乙亥,壬戌,4,2019,11,1,0.0027894020875785922,1,壬,戌,水,土,乙,亥,木,水,False,False,-0.00557104504945536,2019-W47,2019-11
601288.SH,2019-11-22,3.6,3.59,0.002786,1548681,559348.417,己亥,乙亥,癸亥,5,2019,11,1,0.0027816429618767705,1,癸,亥,水,水,乙,亥,木,水,False,False,0.0027894020875785922,2019-W47,2019-11
601288.SH,2019-11-25,3.64,3.6,0.011111,1948106,708803.374,己亥,乙亥,丙寅,1,2019,11,1,0.011049836186584935,1,丙,寅,火,木,乙,亥,木,水,False,False,0.0027816429618767705,2019-W48,2019-11
601288.SH,2019-11-26,3.64,3.64,0.0,2540886,927983.581,己亥,乙亥,丁卯,2,2019,11,1,0.0,0,丁,卯,火,木,乙,亥,木,水,False,True,0.011049836186584935,2019-W48,2019-11
601288.SH,2019-11-27,3.66,3.64,0.005495,1091212,398620.44,己亥,乙亥,戊辰,3,2019,11,1,0.0054794657646255705,1,戊,辰,土,土,乙,亥,木,水,False,True,0.0,2019-W48,2019-11
601288.SH,2019-11-28,3.64,3.66,-0.005464,1379384,503229.609,己亥,乙亥,己巳,4,2019,11,1,-0.005479465764625596,0,己,巳,土,火,乙,亥,木,水,False,True,0.0054794657646255705,2019-W48,2019-11
601288.SH,2019-11-29,3.62,3.64,-0.005495,2162408,787910.282,己亥,乙亥,庚午,5,2019,11,1,-0.0055096558109695845,0,庚,午,金,火,乙,亥,木,水,False,True,-0.005479465764625596,2019-W48,2019-11
601288.SH,2019-12-02,3.62,3.62,0.0,1203962,436889.17,己亥,乙亥,癸酉,1,2019,12,1,0.0,0,癸,酉,水,金,乙,亥,木,水,True,False,-0.0055096558109695845,2019-W49,2019-12
601288.SH,2019-12-03,3.63,3.62,0.002762,1263004,457965.705,己亥,乙亥,甲戌,2,2019,12,1,0.0027586224390796607,1,甲,戌,木,土,乙,亥,木,水,True,False,0.0,2019-W49,2019-12
601288.SH,2019-12-04,3.61,3.63,-0.00551,1165119,421969.317,己亥,乙亥,乙亥,3,2019,12,1,-0.005524875931969916,0,乙,亥,木,水,乙,亥,木,水,True,False,0.0027586224390796607,2019-W49,2019-12
601288.SH,2019-12-05,3.62,3.61,0.00277,1446622,524023.578,己亥,乙亥,丙子,4,2019,12,1,0.00276625349289011,1,丙,子,火,水,乙,亥,木,水,True,False,-0.005524875931969916,2019-W49,2019-12
601288.SH,2019-12-06,3.61,3.62,-0.002762,917378,331591.719,己亥,乙亥,丁丑,5,2019,12,1,-0.0027662534928901846,0,丁,丑,火,土,乙,亥,木,水,False,False,0.00276625349289011,2019-W49,2019-12
601288.SH,2019-12-09,3.61,3.61,0.0,1339847,483294.321,己亥,丙子,庚辰,1,2019,12,1,0.0,0,庚,辰,金,土,丙,子,火,水,False,False,-0.0027662534928901846,2019-W50,2019-12
601288.SH,2019-12-10,3.61,3.61,0.0,1527077,551363.339,己亥,丙子,辛巳,2,2019,12,1,0.0,0,辛,巳,金,火,丙,子,火,水,False,False,0.0,2019-W50,2019-12
601288.SH,2019-12-11,3.61,3.61,0.0,1574843,568755.885,己亥,丙子,壬午,3,2019,12,1,0.0,0,壬,午,水,火,丙,子,火,水,False,False,0.0,2019-W50,2019-12
601288.SH,2019-12-12,3.61,3.61,0.0,1961784,707307.067,己亥,丙子,癸未,4,2019,12,1,0.0,0,癸,未,水,土,丙,子,火,水,False,False,0.0,2019-W50,2019-12
601288.SH,2019-12-13,3.66,3.61,0.01385,2593158,944034.247,己亥,丙子,甲申,5,2019,12,1,0.013755375068485417,1,甲,申,木,金,丙,子,火,水,False,False,0.0,2019-W50,2019-12
601288.SH,2019-12-16,3.64,3.66,-0.005464,1526249,555984.379,己亥,丙子,丁亥,1,2019,12,1,-0.005479465764625596,0,丁,亥,火,水,丙,子,火,水,False,False,0.013755375068485417,2019-W51,2019-12
601288.SH,2019-12-17,3.66,3.64,0.005495,2077258,760747.304,己亥,丙子,戊子,2,2019,12,1,0.0054794657646255705,1,戊,子,土,水,丙,子,火,水,False,False,-0.005479465764625596,2019-W51,2019-12
601288.SH,2019-12-18,3.68,3.66,0.005464,1592269,584517.501,己亥,丙子,己丑,3,2019,12,1,0.005449604767564685,1,己,丑,土,土,丙,子,火,水,False,False,0.0054794657646255705,2019-W51,2019-12
601288.SH,2019-12-19,3.69,3.68,0.002717,1662331,613298.436,己亥,丙子,庚寅,4,2019,12,1,0.002713705871596104,1,庚,寅,金,木,丙,子,火,水,False,False,0.005449604767564685,2019-W51,2019-12
601288.SH,2019-12-20,3.71,3.69,0.00542,1320134,488142.707,己亥,丙子,辛卯,5,2019,12,1,0.005405418566907982,1,辛,卯,金,木,丙,子,火,水,False,False,0.002713705871596104,2019-W51,2019-12
601288.SH,2019-12-23,3.69,3.71,-0.005391,1842624,681410.396,己亥,丙子,甲午,1,2019,12,1,-0.005405418566907935,0,甲,午,木,火,丙,子,火,水,False,False,0.005405418566907982,2019-W52,2019-12
601288.SH,2019-12-24,3.68,3.69,-0.00271,769698,283456.597,己亥,丙子,乙未,2,2019,12,1,-0.0027137058715961614,0,乙,未,木,土,丙,子,火,水,False,False,-0.005405418566907935,2019-W52,2019-12
601288.SH,2019-12-25,3.67,3.68,-0.002717,975581,358254.137,己亥,丙子,丙申,3,2019,12,1,-0.0027210901143607247,0,丙,申,火,金,丙,子,火,水,False,False,-0.0027137058715961614,2019-W52,2019-12
601288.SH,2019-12-26,3.71,3.67,0.010899,1276176,470280.665,己亥,丙子,丁酉,4,2019,12,1,0.010840214552864807,1,丁,酉,火,金,丙,子,火,水,False,False,-0.0027210901143607247,2019-W52,2019-12
601288.SH,2019-12-27,3.73,3.71,0.005391,2160089,805405.646,己亥,丙子,戊戌,5,2019,12,1,0.005376357036380496,1,戊,戌,土,土,丙,子,火,水,False,True,0.010840214552864807,2019-W52,2019-12
601288.SH,2019-12-30,3.72,3.73,-0.002681,2160008,800089.493,己亥,丙子,辛丑,1,2019,12,1,-0.0026845653706688757,0,辛,丑,金,土,丙,子,火,水,False,True,0.005376357036380496,2020-W01,2019-12
601288.SH,2019-12-31,3.69,3.72,-0.008065,1967030,726579.621,己亥,丙子,壬寅,2,2019,12,1,-0.008097210232619475,0,壬,寅,水,木,丙,子,火,水,False,True,-0.0026845653706688757,2020-W01,2019-12
601288.SH,2020-01-02,3.73,3.69,0.01084,2055124,766905.878,己亥,丙子,甲辰,4,2020,1,1,0.010781775603288413,1,甲,辰,木,土,丙,子,火,水,True,False,-0.008097210232619475,2020-W01,2020-01
601288.SH,2020-01-03,3.72,3.73,-0.002681,1118142,416711.492,己亥,丙子,乙巳,5,2020,1,1,-0.0026845653706688757,0,乙,巳,木,火,丙,子,火,水,True,False,0.010781775603288413,2020-W01,2020-01
601288.SH,2020-01-06,3.69,3.72,-0.008065,2510802,928482.812,己亥,丁丑,戊申,1,2020,1,1,-0.008097210232619475,0,戊,申,土,金,丁,丑,火,土,False,False,-0.0026845653706688757,2020-W02,2020-01
601288.SH,2020-01-07,3.72,3.69,0.00813,2912949,1084517.48,己亥,丁丑,己酉,2,2020,1,1,0.008097210232619523,1,己,酉,土,金,丁,丑,火,土,False,False,-0.008097210232619475,2020-W02,2020-01
601288.SH,2020-01-08,3.69,3.72,-0.008065,1682148,621621.269,己亥,丁丑,庚戌,3,2020,1,1,-0.008097210232619475,0,庚,戌,金,土,丁,丑,火,土,False,False,0.008097210232619523,2020-W02,2020-01
601288.SH,2020-01-09,3.68,3.69,-0.00271,1290993,476337.098,己亥,丁丑,辛亥,4,2020,1,1,-0.0027137058715961614,0,辛,亥,金,水,丁,丑,火,土,False,False,-0.008097210232619475,2020-W02,2020-01
601288.SH,2020-01-10,3.68,3.68,0.0,1027248,378111.731,己亥,丁丑,壬子,5,2020,1,1,0.0,0,壬,子,水,水,丁,丑,火,土,False,False,-0.0027137058715961614,2020-W02,2020-01
601288.SH,2020-01-13,3.68,3.68,0.0,1662265,608708.756,己亥,丁丑,乙卯,1,2020,1,1,0.0,0,乙,卯,木,木,丁,丑,火,土,False,False,0.0,2020-W03,2020-01
601288.SH,2020-01-14,3.68,3.68,0.0,1314185,483396.754,己亥,丁丑,丙辰,2,2020,1,1,0.0,0,丙,辰,火,土,丁,丑,火,土,False,False,0.0,2020-W03,2020-01
601288.SH,2020-01-15,3.65,3.68,-0.008152,1033064,377725.946,己亥,丁丑,丁巳,3,2020,1,1,-0.008185584586439518,0,丁,巳,火,火,丁,丑,火,土,False,False,0.0,2020-W03,2020-01
601288.SH,2020-01-16,3.61,3.65,-0.010959,1820159,660037.502,己亥,丁丑,戊午,4,2020,1,1,-0.011019395249610538,0,戊,午,土,火,丁,丑,火,土,False,False,-0.008185584586439518,2020-W03,2020-01
601288.SH,2020-01-17,3.62,3.61,0.00277,992637,359412.85,己亥,丁丑,己未,5,2020,1,1,0.00276625349289011,1,己,未,土,土,丁,丑,火,土,False,False,-0.011019395249610538,2020-W03,2020-01
601288.SH,2020-01-20,3.62,3.62,0.0,872500,315896.931,己亥,丁丑,壬戌,1,2020,1,1,0.0,0,壬,戌,水,土,丁,丑,火,土,False,False,0.00276625349289011,2020-W04,2020-01
601288.SH,2020-01-21,3.58,3.62,-0.01105,1950674,700428.526,己亥,丁丑,癸亥,2,2020,1,1,-0.011111225425070722,0,癸,亥,水,水,丁,丑,火,土,False,False,0.0,2020-W04,2020-01
601288.SH,2020-01-22,3.57,3.58,-0.002793,1788009,637001.446,己亥,丁丑,甲子,3,2020,1,1,-0.002797204621061254,0,甲,子,木,水,丁,丑,火,土,False,False,-0.011111225425070722,2020-W04,2020-01
601288.SH,2020-01-23,3.52,3.57,-0.014006,2431274,857675.293,己亥,丁丑,乙丑,4,2020,1,1,-0.014104606181541935,0,乙,丑,木,土,丁,丑,火,土,False,False,-0.002797204621061254,2020-W04,2020-01
601288.SH,2020-02-03,3.37,3.52,-0.042614,4777265,1595441.033,己亥,丁丑,丙子,1,2020,2,1,-0.043548245245735355,0,丙,子,火,水,丁,丑,火,土,True,False,-0.014104606181541935,2020-W06,2020-02
601288.SH,2020-02-04,3.42,3.37,0.014837,3219481,1090924.298,庚子,戊寅,丁丑,2,2020,2,1,0.014727806710243384,1,丁,丑,火,土,戊,寅,土,木,True,False,-0.043548245245735355,2020-W06,2020-02
601288.SH,2020-02-05,3.42,3.42,0.0,2481941,848611.553,庚子,戊寅,戊寅,3,2020,2,1,0.0,0,戊,寅,土,木,戊,寅,土,木,True,False,0.014727806710243384,2020-W06,2020-02
601288.SH,2020-02-06,3.43,3.42,0.002924,1910762,653402.516,庚子,戊寅,己卯,4,2020,2,1,0.002919710103334846,1,己,卯,土,木,戊,寅,土,木,False,False,0.0,2020-W06,2020-02
601288.SH,2020-02-07,3.4,3.43,-0.008746,1991684,675907.245,庚子,戊寅,庚辰,5,2020,2,1,-0.008784829555732915,0,庚,辰,金,土,戊,寅,土,木,False,False,0.002919710103334846,2020-W06,2020-02
601288.SH,2020-02-10,3.39,3.4,-0.002941,1586097,537274.726,庚子,戊寅,癸未,1,2020,2,1,-0.002945510229756803,0,癸,未,水,土,戊,寅,土,木,False,False,-0.008784829555732915,2020-W07,2020-02
601288.SH,2020-02-11,3.42,3.39,0.00885,1791483,611598.369,庚子,戊寅,甲申,2,2020,2,1,0.008810629682154906,1,甲,申,木,金,戊,寅,土,木,False,False,-0.002945510229756803,2020-W07,2020-02
601288.SH,2020-02-12,3.43,3.42,0.002924,1232113,421327.484,庚子,戊寅,乙酉,3,2020,2,1,0.002919710103334846,1,乙,酉,木,金,戊,寅,土,木,False,False,0.008810629682154906,2020-W07,2020-02
601288.SH,2020-02-13,3.41,3.43,-0.005831,1232772,421511.186,庚子,戊寅,丙戌,4,2020,2,1,-0.0058479698824231,0,丙,戌,火,土,戊,寅,土,木,False,False,0.002919710103334846,2020-W07,2020-02
601288.SH,2020-02-14,3.43,3.41,0.005865,1123135,384310.498,庚子,戊寅,丁亥,5,2020,2,1,0.00584796988242312,1,丁,亥,火,水,戊,寅,土,木,False,False,-0.0058479698824231,2020-W07,2020-02
601288.SH,2020-02-17,3.47,3.43,0.011662,1895057,654233.739,庚子,戊寅,庚寅,1,2020,2,1,0.011594332780919227,1,庚,寅,金,木,戊,寅,土,木,False,False,0.00584796988242312,2020-W08,2020-02
601288.SH,2020-02-18,3.45,3.47,-0.005764,1593549,550310.896,庚子,戊寅,辛卯,2,2020,2,1,-0.005780362915499425,0,辛,卯,金,木,戊,寅,土,木,False,False,0.011594332780919227,2020-W08,2020-02
601288.SH,2020-02-19,3.48,3.45,0.008696,1582631,549791.442,庚子,戊寅,壬辰,3,2020,2,1,0.008658062743114531,1,壬,辰,水,土,戊,寅,土,木,False,False,-0.005780362915499425,2020-W08,2020-02
601288.SH,2020-02-20,3.51,3.48,0.008621,1994229,694356.259,庚子,戊寅,癸巳,4,2020,2,1,0.008583743691391435,1,癸,巳,水,火,戊,寅,土,木,False,False,0.008658062743114531,2020-W08,2020-02
601288.SH,2020-02-21,3.49,3.51,-0.005698,1432435,500496.622,庚子,戊寅,甲午,5,2020,2,1,-0.005714301263438552,0,甲,午,木,火,戊,寅,土,木,False,False,0.008583743691391435,2020-W08,2020-02
601288.SH,2020-02-24,3.46,3.49,-0.008596,1860105,646737.0,庚子,戊寅,丁酉,1,2020,2,1,-0.008633147144703002,0,丁,酉,火,金,戊,寅,土,木,False,False,-0.005714301263438552,2020-W09,2020-02
601288.SH,2020-02-25,3.43,3.46,-0.008671,2105790,722304.368,庚子,戊寅,戊戌,2,2020,2,1,-0.008708327891784308,0,戊,戌,土,土,戊,寅,土,木,False,True,-0.008633147144703002,2020-W09,2020-02
601288.SH,2020-02-26,3.45,3.43,0.005831,2189189,751298.878,庚子,戊寅,己亥,3,2020,2,1,0.005813969865419816,1,己,亥,土,水,戊,寅,土,木,False,True,-0.008708327891784308,2020-W09,2020-02
601288.SH,2020-02-27,3.46,3.45,0.002899,1700223,587500.586,庚子,戊寅,庚子,4,2020,2,1,0.0028943580263643353,1,庚,子,金,水,戊,寅,土,木,False,True,0.005813969865419816,2020-W09,2020-02
601288.SH,2020-02-28,3.41,3.46,-0.014451,2535858,873845.647,庚子,戊寅,辛丑,5,2020,2,1,-0.014556297774207375,0,辛,丑,金,土,戊,寅,土,木,False,True,0.0028943580263643353,2020-W09,2020-02
601288.SH,2020-03-02,3.46,3.41,0.014663,1812825,625109.75,庚子,戊寅,甲辰,1,2020,3,1,0.014556297774207453,1,甲,辰,木,土,戊,寅,土,木,True,False,-0.014556297774207375,2020-W10,2020-03
601288.SH,2020-03-03,3.48,3.46,0.00578,1907567,663521.382,庚子,戊寅,乙巳,2,2020,3,1,0.005763704716750134,1,乙,巳,木,火,戊,寅,土,木,True,False,0.014556297774207453,2020-W10,2020-03
601288.SH,2020-03-04,3.49,3.48,0.002874,1406807,490358.167,庚子,戊寅,丙午,3,2020,3,1,0.0028694424279529607,1,丙,午,火,火,戊,寅,土,木,True,False,0.005763704716750134,2020-W10,2020-03
601288.SH,2020-03-05,3.52,3.49,0.008596,2291823,805454.594,庚子,己卯,丁未,4,2020,3,1,0.008559253395669911,1,丁,未,火,土,己,卯,土,木,True,False,0.0028694424279529607,2020-W10,2020-03
601288.SH,2020-03-06,3.5,3.52,-0.005682,1519932,531961.833,庚子,己卯,戊申,5,2020,3,1,-0.005698021114637778,0,戊,申,土,金,己,卯,土,木,False,False,0.008559253395669911,2020-W10,2020-03
601288.SH,2020-03-09,3.43,3.5,-0.02,2821717,969290.056,庚子,己卯,辛亥,1,2020,3,1,-0.020202707317519355,0,辛,亥,金,水,己,卯,土,木,False,False,-0.005698021114637778,2020-W11,2020-03
601288.SH,2020-03-10,3.46,3.43,0.008746,2078093,717049.48,庚子,己卯,壬子,2,2020,3,1,0.008708327891784193,1,壬,子,水,水,己,卯,土,木,False,False,-0.020202707317519355,2020-W11,2020-03
601288.SH,2020-03-11,3.43,3.46,-0.008671,1583657,546167.911,庚子,己卯,癸丑,3,2020,3,1,-0.008708327891784308,0,癸,丑,水,土,己,卯,土,木,False,False,0.008708327891784193,2020-W11,2020-03
601288.SH,2020-03-12,3.43,3.43,0.0,1858719,635881.206,庚子,己卯,甲寅,4,2020,3,1,0.0,0,甲,寅,木,木,己,卯,土,木,False,False,-0.008708327891784308,2020-W11,2020-03
601288.SH,2020-03-13,3.4,3.43,-0.008746,2903983,982450.803,庚子,己卯,乙卯,5,2020,3,1,-0.008784829555732915,0,乙,卯,木,木,己,卯,土,木,False,False,0.0,2020-W11,2020-03
601288.SH,2020-03-16,3.37,3.4,-0.008824,2596026,882059.711,庚子,己卯,戊午,1,2020,3,1,-0.008862687257845317,0,戊,午,土,火,己,卯,土,木,False,False,-0.008784829555732915,2020-W12,2020-03
601288.SH,2020-03-17,3.4,3.37,0.008902,2792972,947833.294,庚子,己卯,己未,2,2020,3,1,0.008862687257845324,1,己,未,土,土,己,卯,土,木,False,False,-0.008862687257845317,2020-W12,2020-03
601288.SH,2020-03-18,3.36,3.4,-0.011765,2143309,724544.442,庚子,己卯,庚申,3,2020,3,1,-0.011834457647002796,0,庚,申,金,金,己,卯,土,木,False,False,0.008862687257845324,2020-W12,2020-03
601288.SH,2020-03-19,3.31,3.36,-0.014881,2535946,844013.965,庚子,己卯,辛酉,4,2020,3,1,-0.01499278458614128,0,辛,酉,金,金,己,卯,土,木,False,False,-0.011834457647002796,2020-W12,2020-03
601288.SH,2020-03-20,3.34,3.31,0.009063,2458266,819868.368,庚子,己卯,壬戌,5,2020,3,1,0.009022617599637552,1,壬,戌,水,土,己,卯,土,木,False,False,-0.01499278458614128,2020-W12,2020-03
601288.SH,2020-03-23,3.28,3.34,-0.017964,1763631,580377.844,庚子,己卯,乙丑,1,2020,3,1,-0.018127384592556715,0,乙,丑,木,土,己,卯,土,木,False,False,0.009022617599637552,2020-W13,2020-03
601288.SH,2020-03-24,3.35,3.28,0.021341,2137951,710821.941,庚子,己卯,丙寅,2,2020,3,1,0.02111692344092283,1,丙,寅,火,木,己,卯,土,木,False,False,-0.018127384592556715,2020-W13,2020-03
601288.SH,2020-03-25,3.37,3.35,0.00597,1674231,564134.458,庚子,己卯,丁卯,3,2020,3,1,0.005952398527295352,1,丁,卯,火,木,己,卯,土,木,False,False,0.02111692344092283,2020-W13,2020-03
601288.SH,2020-03-26,3.37,3.37,0.0,1357576,456921.085,庚子,己卯,戊辰,4,2020,3,1,0.0,0,戊,辰,土,土,己,卯,土,木,False,False,0.005952398527295352,2020-W13,2020-03
601288.SH,2020-03-27,3.39,3.37,0.005935,1683813,572400.859,庚子,己卯,己巳,5,2020,3,1,0.0059171770280885185,1,己,巳,土,火,己,卯,土,木,False,True,0.0,2020-W13,2020-03
601288.SH,2020-03-30,3.41,3.39,0.0059,2181046,741562.654,庚子,己卯,壬申,1,2020,3,1,0.005882369903066613,1,壬,申,水,金,己,卯,土,木,False,True,0.0059171770280885185,2020-W14,2020-03
601288.SH,2020-03-31,3.37,3.41,-0.01173,1651900,560225.312,庚子,己卯,癸酉,2,2020,3,1,-0.011799546931155055,0,癸,酉,水,金,己,卯,土,木,False,True,0.005882369903066613,2020-W14,2020-03
601288.SH,2020-04-01,3.38,3.37,0.002967,1116665,378709.988,庚子,己卯,甲戌,3,2020,4,1,0.0029629651306570487,1,甲,戌,木,土,己,卯,土,木,True,False,-0.011799546931155055,2020-W14,2020-04
601288.SH,2020-04-02,3.4,3.38,0.005917,1047867,354395.711,庚子,己卯,乙亥,4,2020,4,1,0.005899722127188322,1,乙,亥,木,水,己,卯,土,木,True,False,0.0029629651306570487,2020-W14,2020-04
601288.SH,2020-04-03,3.4,3.4,0.0,1157804,393195.603,庚子,己卯,丙子,5,2020,4,1,0.0,0,丙,子,火,水,己,卯,土,木,True,False,0.005899722127188322,2020-W14,2020-04
601288.SH,2020-04-07,3.42,3.4,0.005882,1220966,417633.426,庚子,庚辰,庚辰,2,2020,4,1,0.005865119452398058,1,庚,辰,金,土,庚,辰,金,土,False,False,0.0,2020-W15,2020-04
601288.SH,2020-04-08,3.4,3.42,-0.005848,966158,328551.72,庚子,庚辰,辛巳,3,2020,4,1,-0.005865119452398134,0,辛,巳,金,火,庚,辰,金,土,False,False,0.005865119452398058,2020-W15,2020-04
601288.SH,2020-04-09,3.4,3.4,0.0,722320,246074.441,庚子,庚辰,壬午,4,2020,4,1,0.0,0,壬,午,水,火,庚,辰,金,土,False,False,-0.005865119452398134,2020-W15,2020-04
601288.SH,2020-04-10,3.41,3.4,0.002941,907580,308890.893,庚子,庚辰,癸未,5,2020,4,1,0.0029368596733097057,1,癸,未,水,土,庚,辰,金,土,False,False,0.0,2020-W15,2020-04
601288.SH,2020-04-13,3.4,3.41,-0.002933,920479,313557.115,庚子,庚辰,丙戌,1,2020,4,1,-0.002936859673309825,0,丙,戌,火,土,庚,辰,金,土,False,False,0.0029368596733097057,2020-W16,2020-04
601288.SH,2020-04-14,3.42,3.4,0.005882,831783,283848.143,庚子,庚辰,丁亥,2,2020,4,1,0.005865119452398058,1,丁,亥,火,水,庚,辰,金,土,False,False,-0.002936859673309825,2020-W16,2020-04
601288.SH,2020-04-15,3.42,3.42,0.0,862672,294681.019,庚子,庚辰,戊子,3,2020,4,1,0.0,0,戊,子,土,水,庚,辰,金,土,False,False,0.005865119452398058,2020-W16,2020-04
601288.SH,2020-04-16,3.43,3.42,0.002924,1063711,364102.59,庚子,庚辰,己丑,4,2020,4,1,0.002919710103334846,1,己,丑,土,土,庚,辰,金,土,False,False,0.0,2020-W16,2020-04
601288.SH,2020-04-17,3.44,3.43,0.002915,1230781,422558.249,庚子,庚辰,庚寅,5,2020,4,1,0.002911210207458313,1,庚,寅,金,木,庚,辰,金,土,False,False,0.002919710103334846,2020-W16,2020-04
601288.SH,2020-04-20,3.42,3.44,-0.005814,1120274,383753.286,庚子,庚辰,癸巳,1,2020,4,1,-0.00583092031079321,0,癸,巳,水,火,庚,辰,金,土,False,False,0.002911210207458313,2020-W17,2020-04
601288.SH,2020-04-21,3.41,3.42,-0.002924,1039959,354646.092,庚子,庚辰,甲午,2,2020,4,1,-0.002928259779088334,0,甲,午,木,火,庚,辰,金,土,False,False,-0.00583092031079321,2020-W17,2020-04
601288.SH,2020-04-22,3.42,3.41,0.002933,848105,289662.295,庚子,庚辰,乙未,3,2020,4,1,0.0029282597790883597,1,乙,未,木,土,庚,辰,金,土,False,False,-0.002928259779088334,2020-W17,2020-04
601288.SH,2020-04-23,3.4,3.42,-0.005848,1179408,401006.107,庚子,庚辰,丙申,4,2020,4,1,-0.005865119452398134,0,丙,申,火,金,庚,辰,金,土,False,False,0.0029282597790883597,2020-W17,2020-04
601288.SH,2020-04-24,3.4,3.4,0.0,612445,207830.195,庚子,庚辰,丁酉,5,2020,4,1,0.0,0,丁,酉,火,金,庚,辰,金,土,False,False,-0.005865119452398134,2020-W17,2020-04
601288.SH,2020-04-27,3.41,3.4,0.002941,1378678,470462.195,庚子,庚辰,庚子,1,2020,4,1,0.0029368596733097057,1,庚,子,金,水,庚,辰,金,土,False,True,0.0,2020-W18,2020-04
601288.SH,2020-04-28,3.4,3.41,-0.002933,1229048,417684.598,庚子,庚辰,辛丑,2,2020,4,1,-0.002936859673309825,0,辛,丑,金,土,庚,辰,金,土,False,True,0.0029368596733097057,2020-W18,2020-04
601288.SH,2020-04-29,3.44,3.4,0.011765,1449932,496514.82,庚子,庚辰,壬寅,3,2020,4,1,0.011696039763191236,1,壬,寅,水,木,庚,辰,金,土,False,True,-0.002936859673309825,2020-W18,2020-04
601288.SH,2020-04-30,3.46,3.44,0.005814,1184735,409683.816,庚子,庚辰,癸卯,4,2020,4,1,0.005797117684325915,1,癸,卯,水,木,庚,辰,金,土,False,True,0.011696039763191236,2020-W18,2020-04
601288.SH,2020-05-06,3.42,3.46,-0.011561,2263613,772368.083,庚子,辛巳,己酉,3,2020,5,1,-0.011628037995119099,0,己,酉,土,金,辛,巳,金,火,False,False,0.005797117684325915,2020-W19,2020-05
601288.SH,2020-05-07,3.41,3.42,-0.002924,1314750,447967.324,庚子,辛巳,庚戌,4,2020,5,1,-0.002928259779088334,0,庚,戌,金,土,辛,巳,金,火,False,False,-0.011628037995119099,2020-W19,2020-05
601288.SH,2020-05-08,3.42,3.41,0.002933,1342731,458120.13,庚子,辛巳,辛亥,5,2020,5,1,0.0029282597790883597,1,辛,亥,金,水,辛,巳,金,火,False,False,-0.002928259779088334,2020-W19,2020-05
601288.SH,2020-05-11,3.42,3.42,0.0,1315827,450101.014,庚子,辛巳,甲寅,1,2020,5,1,0.0,0,甲,寅,木,木,辛,巳,金,火,False,False,0.0029282597790883597,2020-W20,2020-05
601288.SH,2020-05-12,3.41,3.42,-0.002924,788390,269083.214,庚子,辛巳,乙卯,2,2020,5,1,-0.002928259779088334,0,乙,卯,木,木,辛,巳,金,火,False,False,0.0,2020-W20,2020-05
601288.SH,2020-05-13,3.41,3.41,0.0,690121,234943.045,庚子,辛巳,丙辰,3,2020,5,1,0.0,0,丙,辰,火,土,辛,巳,金,火,False,False,-0.002928259779088334,2020-W20,2020-05
601288.SH,2020-05-14,3.39,3.41,-0.005865,794681,269921.486,庚子,辛巳,丁巳,4,2020,5,1,-0.0058823699030665245,0,丁,巳,火,火,辛,巳,金,火,False,False,0.0,2020-W20,2020-05
601288.SH,2020-05-15,3.39,3.39,0.0,936888,317917.521,庚子,辛巳,戊午,5,2020,5,1,0.0,0,戊,午,土,火,辛,巳,金,火,False,False,-0.0058823699030665245,2020-W20,2020-05
601288.SH,2020-05-18,3.39,3.39,0.0,962885,326556.313,庚子,辛巳,辛酉,1,2020,5,1,0.0,0,辛,酉,金,金,辛,巳,金,火,False,False,0.0,2020-W21,2020-05
601288.SH,2020-05-19,3.4,3.39,0.00295,897599,304941.062,庚子,辛巳,壬戌,2,2020,5,1,0.0029455102297567446,1,壬,戌,水,土,辛,巳,金,火,False,False,0.0,2020-W21,2020-05
601288.SH,2020-05-20,3.41,3.4,0.002941,968434,329110.65,庚子,辛巳,癸亥,3,2020,5,1,0.0029368596733097057,1,癸,亥,水,水,辛,巳,金,火,False,False,0.0029455102297567446,2020-W21,2020-05
601288.SH,2020-05-21,3.4,3.41,-0.002933,826316,281045.009,庚子,辛巳,甲子,4,2020,5,1,-0.002936859673309825,0,甲,子,木,水,辛,巳,金,火,False,False,0.0029368596733097057,2020-W21,2020-05
601288.SH,2020-05-22,3.37,3.4,-0.008824,1271629,430605.905,庚子,辛巳,乙丑,5,2020,5,1,-0.008862687257845317,0,乙,丑,木,土,辛,巳,金,火,False,False,-0.002936859673309825,2020-W21,2020-05
601288.SH,2020-05-25,3.39,3.37,0.005935,703112,237553.638,庚子,辛巳,戊辰,1,2020,5,1,0.0059171770280885185,1,戊,辰,土,土,辛,巳,金,火,False,False,-0.008862687257845317,2020-W22,2020-05
601288.SH,2020-05-26,3.38,3.39,-0.00295,832791,281915.956,庚子,辛巳,己巳,2,2020,5,1,-0.00295421189743152,0,己,巳,土,火,辛,巳,金,火,False,False,0.0059171770280885185,2020-W22,2020-05
601288.SH,2020-05-27,3.4,3.38,0.005917,1035891,351900.045,庚子,辛巳,庚午,3,2020,5,1,0.005899722127188322,1,庚,午,金,火,辛,巳,金,火,False,True,-0.00295421189743152,2020-W22,2020-05
601288.SH,2020-05-28,3.43,3.4,0.008824,1625057,555961.358,庚子,辛巳,辛未,4,2020,5,1,0.008784829555732811,1,辛,未,金,土,辛,巳,金,火,False,True,0.005899722127188322,2020-W22,2020-05
601288.SH,2020-05-29,3.4,3.43,-0.008746,1061256,361974.826,庚子,辛巳,壬申,5,2020,5,1,-0.008784829555732915,0,壬,申,水,金,辛,巳,金,火,False,True,0.008784829555732811,2020-W22,2020-05
601288.SH,2020-06-01,3.42,3.4,0.005882,1093454,374091.11,庚子,辛巳,乙亥,1,2020,6,1,0.005865119452398058,1,乙,亥,木,水,辛,巳,金,火,True,False,-0.008784829555732915,2020-W23,2020-06
601288.SH,2020-06-02,3.43,3.42,0.002924,903739,309272.978,庚子,辛巳,丙子,2,2020,6,1,0.002919710103334846,1,丙,子,火,水,辛,巳,金,火,True,False,0.005865119452398058,2020-W23,2020-06
601288.SH,2020-06-03,3.42,3.43,-0.002915,1489830,511561.1,庚子,辛巳,丁丑,3,2020,6,1,-0.0029197101033348618,0,丁,丑,火,土,辛,巳,金,火,True,False,0.002919710103334846,2020-W23,2020-06
601288.SH,2020-06-04,3.41,3.42,-0.002924,984787,336384.861,庚子,辛巳,戊寅,4,2020,6,1,-0.002928259779088334,0,戊,寅,土,木,辛,巳,金,火,True,False,-0.0029197101033348618,2020-W23,2020-06
601288.SH,2020-06-05,3.42,3.41,0.002933,730676,249401.187,庚子,壬午,己卯,5,2020,6,1,0.0029282597790883597,1,己,卯,土,木,壬,午,水,火,True,False,-0.002928259779088334,2020-W23,2020-06
601288.SH,2020-06-08,3.41,3.42,-0.002924,1174452,400272.454,庚子,壬午,壬午,1,2020,6,1,-0.002928259779088334,0,壬,午,水,火,壬,午,水,火,False,False,0.0029282597790883597,2020-W24,2020-06
601288.SH,2020-06-09,3.42,3.41,0.002933,1471207,502056.927,庚子,壬午,癸未,2,2020,6,1,0.0029282597790883597,1,癸,未,水,土,壬,午,水,火,False,False,-0.002928259779088334,2020-W24,2020-06
601288.SH,2020-06-10,3.4,3.42,-0.005848,1071199,364829.39,庚子,壬午,甲申,3,2020,6,1,-0.005865119452398134,0,甲,申,木,金,壬,午,水,火,False,False,0.0029282597790883597,2020-W24,2020-06
601288.SH,2020-06-11,3.38,3.4,-0.005882,1845071,625612.582,庚子,壬午,乙酉,4,2020,6,1,-0.005899722127188271,0,乙,酉,木,金,壬,午,水,火,False,False,-0.005865119452398134,2020-W24,2020-06
601288.SH,2020-06-12,3.38,3.38,0.0,3000637,1010857.257,庚子,壬午,丙戌,5,2020,6,1,0.0,0,丙,戌,火,土,壬,午,水,火,False,False,-0.005899722127188271,2020-W24,2020-06
601288.SH,2020-06-15,3.33,3.38,-0.014793,2346116,785210.857,庚子,壬午,己丑,1,2020,6,1,-0.014903405502574919,0,己,丑,土,土,壬,午,水,火,False,False,0.0,2020-W25,2020-06
601288.SH,2020-06-16,3.35,3.33,0.006006,1339180,448360.212,庚子,壬午,庚寅,2,2020,6,1,0.005988041844622693,1,庚,寅,金,木,壬,午,水,火,False,False,-0.014903405502574919,2020-W25,2020-06
601288.SH,2020-06-17,3.36,3.35,0.002985,909603,304841.342,庚子,壬午,辛卯,3,2020,6,1,0.00298062813813772,1,辛,卯,金,木,壬,午,水,火,False,False,0.005988041844622693,2020-W25,2020-06
601288.SH,2020-06-18,3.35,3.36,-0.002976,1684543,564152.597,庚子,壬午,壬辰,4,2020,6,1,-0.0029806281381377893,0,壬,辰,水,土,壬,午,水,火,False,False,0.00298062813813772,2020-W25,2020-06
601288.SH,2020-06-19,3.35,3.35,0.0,2011989,674556.626,庚子,壬午,癸巳,5,2020,6,1,0.0,0,癸,巳,水,火,壬,午,水,火,False,False,-0.0029806281381377893,2020-W25,2020-06
601288.SH,2020-06-22,3.36,3.35,0.002985,1999267,670955.061,庚子,壬午,丙申,1,2020,6,1,0.00298062813813772,1,丙,申,火,金,壬,午,水,火,False,False,0.0,2020-W26,2020-06
601288.SH,2020-06-23,3.35,3.36,-0.002976,1221076,409165.849,庚子,壬午,丁酉,2,2020,6,1,-0.0029806281381377893,0,丁,酉,火,金,壬,午,水,火,False,False,0.00298062813813772,2020-W26,2020-06
601288.SH,2020-06-24,3.37,3.35,0.00597,1712748,575751.018,庚子,壬午,戊戌,3,2020,6,1,0.005952398527295352,1,戊,戌,土,土,壬,午,水,火,False,False,-0.0029806281381377893,2020-W26,2020-06
601288.SH,2020-06-29,3.37,3.37,0.0,1645915,553830.166,庚子,壬午,癸卯,1,2020,6,1,0.0,0,癸,卯,水,木,壬,午,水,火,False,True,0.005952398527295352,2020-W27,2020-06
601288.SH,2020-06-30,3.38,3.37,0.002967,1529920,516158.076,庚子,壬午,甲辰,2,2020,6,1,0.0029629651306570487,1,甲,辰,木,土,壬,午,水,火,False,True,0.0,2020-W27,2020-06
601288.SH,2020-07-01,3.39,3.38,0.002959,1799746,608516.221,庚子,壬午,乙巳,3,2020,7,1,0.0029542118974316043,1,乙,巳,木,火,壬,午,水,火,True,False,0.0029629651306570487,2020-W27,2020-07
601288.SH,2020-07-02,3.45,3.39,0.017699,3276964,1119935.745,庚子,壬午,丙午,4,2020,7,1,0.017544309650909525,1,丙,午,火,火,壬,午,水,火,True,False,0.0029542118974316043,2020-W27,2020-07
601288.SH,2020-07-03,3.51,3.45,0.017391,3716922,1297519.102,庚子,壬午,丁未,5,2020,7,1,0.017241806434505954,1,丁,未,火,土,壬,午,水,火,True,False,0.017544309650909525,2020-W27,2020-07
601288.SH,2020-07-06,3.76,3.51,0.071225,6923825,2536366.328,庚子,癸未,庚戌,1,2020,7,1,0.06880291992402875,1,庚,戌,金,土,癸,未,水,土,False,False,0.017241806434505954,2020-W28,2020-07
601288.SH,2020-07-07,3.73,3.76,-0.007979,5011850,1890890.092,庚子,癸未,辛亥,2,2020,7,1,-0.008010723746078972,0,辛,亥,金,水,癸,未,水,土,False,False,0.06880291992402875,2020-W28,2020-07
601288.SH,2020-07-08,3.71,3.73,-0.005362,4612709,1716524.658,庚子,癸未,壬子,3,2020,7,1,-0.005376357036380406,0,壬,子,水,水,癸,未,水,土,False,False,-0.008010723746078972,2020-W28,2020-07
601288.SH,2020-07-09,3.64,3.71,-0.018868,5311726,1941304.587,庚子,癸未,癸丑,4,2020,7,1,-0.019048194970694474,0,癸,丑,水,土,癸,未,水,土,False,False,-0.005376357036380406,2020-W28,2020-07
601288.SH,2020-07-10,3.36,3.46,-0.028902,5489279,1871966.253,庚子,癸未,甲寅,5,2020,7,1,-0.029327615094520063,0,甲,寅,木,木,癸,未,水,土,False,False,-0.019048194970694474,2020-W28,2020-07
601288.SH,2020-07-13,3.35,3.36,-0.002976,6298933,2109860.548,庚子,癸未,丁巳,1,2020,7,1,-0.0029806281381377893,0,丁,巳,火,火,癸,未,水,土,False,False,-0.029327615094520063,2020-W29,2020-07
601288.SH,2020-07-14,3.31,3.35,-0.01194,4513475,1500919.718,庚子,癸未,戊午,2,2020,7,1,-0.012012156448003545,0,戊,午,土,火,癸,未,水,土,False,False,-0.0029806281381377893,2020-W29,2020-07
601288.SH,2020-07-15,3.28,3.31,-0.009063,4057866,1337402.699,庚子,癸未,己未,3,2020,7,1,-0.009104766992919204,0,己,未,土,土,癸,未,水,土,False,False,-0.012012156448003545,2020-W29,2020-07
601288.SH,2020-07-16,3.27,3.28,-0.003049,3956193,1301205.782,庚子,癸未,庚申,4,2020,7,1,-0.0030534374868902317,0,庚,申,金,金,癸,未,水,土,False,False,-0.009104766992919204,2020-W29,2020-07
601288.SH,2020-07-17,3.28,3.27,0.003058,2425786,793969.981,庚子,癸未,辛酉,5,2020,7,1,0.003053437486890248,1,辛,酉,金,金,癸,未,水,土,False,False,-0.0030534374868902317,2020-W29,2020-07
601288.SH,2020-07-20,3.32,3.28,0.012195,3502147,1157688.889,庚子,癸未,甲子,1,2020,7,1,0.01212136053234482,1,甲,子,木,水,癸,未,水,土,False,False,0.003053437486890248,2020-W30,2020-07
601288.SH,2020-07-21,3.3,3.32,-0.006024,2086229,689014.596,庚子,癸未,乙丑,2,2020,7,1,-0.006042314455962586,0,乙,丑,木,土,癸,未,水,土,False,False,0.01212136053234482,2020-W30,2020-07
601288.SH,2020-07-22,3.29,3.3,-0.00303,2589830,856429.964,庚子,癸未,丙寅,3,2020,7,1,-0.0030349036951539355,0,丙,寅,火,木,癸,未,水,土,False,False,-0.006042314455962586,2020-W30,2020-07
601288.SH,2020-07-23,3.27,3.29,-0.006079,3381775,1105252.625,庚子,癸未,丁卯,4,2020,7,1,-0.006097579868118557,0,丁,卯,火,木,癸,未,水,土,False,False,-0.0030349036951539355,2020-W30,2020-07
601288.SH,2020-07-24,3.23,3.27,-0.012232,3104504,1007868.215,庚子,癸未,戊辰,5,2020,7,1,-0.012307847674596814,0,戊,辰,土,土,癸,未,水,土,False,False,-0.006097579868118557,2020-W30,2020-07
601288.SH,2020-07-27,3.22,3.23,-0.003096,1813847,586004.785,庚子,癸未,辛未,1,2020,7,1,-0.0031007776782481593,0,辛,未,金,土,癸,未,水,土,False,True,-0.012307847674596814,2020-W31,2020-07
601288.SH,2020-07-28,3.23,3.22,0.003106,1664858,538053.646,庚子,癸未,壬申,2,2020,7,1,0.0031007776782481854,1,壬,申,水,金,癸,未,水,土,False,True,-0.0031007776782481593,2020-W31,2020-07
601288.SH,2020-07-29,3.25,3.23,0.006192,2010710,651657.711,庚子,癸未,癸酉,3,2020,7,1,0.006172859107081016,1,癸,酉,水,金,癸,未,水,土,False,True,0.0031007776782481854,2020-W31,2020-07
601288.SH,2020-07-30,3.23,3.25,-0.006154,2033999,657702.729,庚子,癸未,甲戌,4,2020,7,1,-0.0061728591070809675,0,甲,戌,木,土,癸,未,水,土,False,True,0.006172859107081016,2020-W31,2020-07
601288.SH,2020-07-31,3.23,3.23,0.0,2199505,710196.694,庚子,癸未,乙亥,5,2020,7,1,0.0,0,乙,亥,木,水,癸,未,水,土,False,True,-0.0061728591070809675,2020-W31,2020-07
601288.SH,2020-08-03,3.24,3.23,0.003096,2101908,679416.93,庚子,癸未,戊寅,1,2020,8,1,0.00309119256967288,1,戊,寅,土,木,癸,未,水,土,True,False,0.0,2020-W32,2020-08
601288.SH,2020-08-04,3.27,3.24,0.009259,3982557,1296351.433,庚子,癸未,己卯,2,2020,8,1,0.009216655104924048,1,己,卯,土,木,癸,未,水,土,True,False,0.00309119256967288,2020-W32,2020-08
601288.SH,2020-08-05,3.24,3.27,-0.009174,2036890,660015.714,庚子,癸未,庚辰,3,2020,8,1,-0.009216655104923952,0,庚,辰,金,土,癸,未,水,土,True,False,0.009216655104924048,2020-W32,2020-08
601288.SH,2020-08-06,3.25,3.24,0.003086,1908300,618619.104,庚子,癸未,辛巳,4,2020,8,1,0.0030816665374081144,1,辛,巳,金,火,癸,未,水,土,False,False,-0.009216655104923952,2020-W32,2020-08
601288.SH,2020-08-07,3.23,3.25,-0.006154,1782016,575845.444,庚子,甲申,壬午,5,2020,8,1,-0.0061728591070809675,0,壬,午,水,火,甲,申,木,金,False,False,0.0030816665374081144,2020-W32,2020-08
601288.SH,2020-08-10,3.23,3.23,0.0,1907100,616734.087,庚子,甲申,乙酉,1,2020,8,1,0.0,0,乙,酉,木,金,甲,申,木,金,False,False,-0.0061728591070809675,2020-W33,2020-08
601288.SH,2020-08-11,3.23,3.23,0.0,2319825,751648.645,庚子,甲申,丙戌,2,2020,8,1,0.0,0,丙,戌,火,土,甲,申,木,金,False,False,0.0,2020-W33,2020-08
601288.SH,2020-08-12,3.24,3.23,0.003096,1959183,633499.803,庚子,甲申,丁亥,3,2020,8,1,0.00309119256967288,1,丁,亥,火,水,甲,申,木,金,False,False,0.0,2020-W33,2020-08
601288.SH,2020-08-13,3.24,3.24,0.0,1546157,500882.225,庚子,甲申,戊子,4,2020,8,1,0.0,0,戊,子,土,水,甲,申,木,金,False,False,0.00309119256967288,2020-W33,2020-08
601288.SH,2020-08-14,3.25,3.24,0.003086,1685278,547064.589,庚子,甲申,己丑,5,2020,8,1,0.0030816665374081144,1,己,丑,土,土,甲,申,木,金,False,False,0.0,2020-W33,2020-08
601288.SH,2020-08-17,3.3,3.25,0.015385,4580693,1503856.805,庚子,甲申,壬辰,1,2020,8,1,0.01526747213078838,1,壬,辰,水,土,甲,申,木,金,False,False,0.0030816665374081144,2020-W34,2020-08
601288.SH,2020-08-18,3.27,3.3,-0.009091,2787921,911777.481,庚子,甲申,癸巳,2,2020,8,1,-0.009132483563272474,0,癸,巳,水,火,甲,申,木,金,False,False,0.01526747213078838,2020-W34,2020-08
601288.SH,2020-08-19,3.25,3.27,-0.006116,1983844,646751.427,庚子,甲申,甲午,3,2020,8,1,-0.006134988567515944,0,甲,午,木,火,甲,申,木,金,False,False,-0.009132483563272474,2020-W34,2020-08
601288.SH,2020-08-20,3.24,3.25,-0.003077,1598072,517432.664,庚子,甲申,乙未,4,2020,8,1,-0.0030816665374080007,0,乙,未,木,土,甲,申,木,金,False,False,-0.006134988567515944,2020-W34,2020-08
601288.SH,2020-08-21,3.24,3.24,0.0,1424771,462232.655,庚子,甲申,丙申,5,2020,8,1,0.0,0,丙,申,火,金,甲,申,木,金,False,False,-0.0030816665374080007,2020-W34,2020-08
601288.SH,2020-08-24,3.23,3.24,-0.003086,1296575,419885.076,庚子,甲申,己亥,1,2020,8,1,-0.0030911925696729694,0,己,亥,土,水,甲,申,木,金,False,False,0.0,2020-W35,2020-08
601288.SH,2020-08-25,3.23,3.23,0.0,1104871,357338.243,庚子,甲申,庚子,2,2020,8,1,0.0,0,庚,子,金,水,甲,申,木,金,False,False,-0.0030911925696729694,2020-W35,2020-08
601288.SH,2020-08-26,3.23,3.23,0.0,1416273,457418.101,庚子,甲申,辛丑,3,2020,8,1,0.0,0,辛,丑,金,土,甲,申,木,金,False,False,0.0,2020-W35,2020-08
601288.SH,2020-08-27,3.22,3.23,-0.003096,1941147,625207.071,庚子,甲申,壬寅,4,2020,8,1,-0.0031007776782481593,0,壬,寅,水,木,甲,申,木,金,False,True,0.0,2020-W35,2020-08
601288.SH,2020-08-28,3.23,3.22,0.003106,1738548,560958.154,庚子,甲申,癸卯,5,2020,8,1,0.0031007776782481854,1,癸,卯,水,木,甲,申,木,金,False,True,-0.0031007776782481593,2020-W35,2020-08
601288.SH,2020-08-31,3.21,3.23,-0.006192,2288935,738580.712,庚子,甲申,丙午,1,2020,8,1,-0.006211200092640636,0,丙,午,火,火,甲,申,木,金,False,True,0.0031007776782481854,2020-W36,2020-08
601288.SH,2020-09-01,3.21,3.21,0.0,1446094,464127.492,庚子,甲申,丁未,2,2020,9,1,0.0,0,丁,未,火,土,甲,申,木,金,True,False,-0.006211200092640636,2020-W36,2020-09
601288.SH,2020-09-02,3.19,3.21,-0.006231,2487030,793202.624,庚子,甲申,戊申,3,2020,9,1,-0.006250020345171294,0,戊,申,土,金,甲,申,木,金,True,False,0.0,2020-W36,2020-09
601288.SH,2020-09-03,3.17,3.19,-0.00627,1761717,560161.592,庚子,甲申,己酉,4,2020,9,1,-0.0062893289075639895,0,己,酉,土,金,甲,申,木,金,True,False,-0.006250020345171294,2020-W36,2020-09
601288.SH,2020-09-04,3.16,3.17,-0.003155,1589299,501555.801,庚子,甲申,庚戌,5,2020,9,1,-0.0031595602903684815,0,庚,戌,金,土,甲,申,木,金,True,False,-0.0062893289075639895,2020-W36,2020-09
601288.SH,2020-09-07,3.14,3.16,-0.006329,1332971,420761.767,庚子,乙酉,癸丑,1,2020,9,1,-0.00634922767865878,0,癸,丑,水,土,乙,酉,木,金,False,False,-0.0031595602903684815,2020-W37,2020-09
601288.SH,2020-09-08,3.18,3.14,0.012739,1543224,488188.785,庚子,乙酉,甲寅,2,2020,9,1,0.012658396871923465,1,甲,寅,木,木,乙,酉,木,金,False,False,-0.00634922767865878,2020-W37,2020-09
601288.SH,2020-09-09,3.17,3.18,-0.003145,1328930,421409.149,庚子,乙酉,乙卯,3,2020,9,1,-0.0031496089028963314,0,乙,卯,木,木,乙,酉,木,金,False,False,0.012658396871923465,2020-W37,2020-09
601288.SH,2020-09-10,3.16,3.17,-0.003155,1244344,393619.997,庚子,乙酉,丙辰,4,2020,9,1,-0.0031595602903684815,0,丙,辰,火,土,乙,酉,木,金,False,False,-0.0031496089028963314,2020-W37,2020-09
601288.SH,2020-09-11,3.16,3.16,0.0,1033232,326099.896,庚子,乙酉,丁巳,5,2020,9,1,0.0,0,丁,巳,火,火,乙,酉,木,金,False,False,-0.0031595602903684815,2020-W37,2020-09
601288.SH,2020-09-14,3.16,3.16,0.0,926041,292356.461,庚子,乙酉,庚申,1,2020,9,1,0.0,0,庚,申,金,金,乙,酉,木,金,False,False,0.0,2020-W38,2020-09
601288.SH,2020-09-15,3.16,3.16,0.0,861950,272191.011,庚子,乙酉,辛酉,2,2020,9,1,0.0,0,辛,酉,金,金,乙,酉,木,金,False,False,0.0,2020-W38,2020-09
601288.SH,2020-09-16,3.17,3.16,0.003165,1060709,335613.671,庚子,乙酉,壬戌,3,2020,9,1,0.003159560290368518,1,壬,戌,水,土,乙,酉,木,金,False,False,0.0,2020-W38,2020-09
601288.SH,2020-09-17,3.17,3.17,0.0,1079628,342011.01,庚子,乙酉,癸亥,4,2020,9,1,0.0,0,癸,亥,水,水,乙,酉,木,金,False,False,0.003159560290368518,2020-W38,2020-09
601288.SH,2020-09-18,3.2,3.17,0.009464,2041922,649979.706,庚子,乙酉,甲子,5,2020,9,1,0.009419221916491778,1,甲,子,木,水,乙,酉,木,金,False,False,0.0,2020-W38,2020-09
601288.SH,2020-09-21,3.19,3.2,-0.003125,1476060,471177.788,庚子,乙酉,丁卯,1,2020,9,1,-0.0031298930089277044,0,丁,卯,火,木,乙,酉,木,金,False,False,0.009419221916491778,2020-W39,2020-09
601288.SH,2020-09-22,3.17,3.19,-0.00627,1334951,424001.601,庚子,乙酉,戊辰,2,2020,9,1,-0.0062893289075639895,0,戊,辰,土,土,乙,酉,木,金,False,False,-0.0031298930089277044,2020-W39,2020-09
601288.SH,2020-09-23,3.16,3.17,-0.003155,947594,299938.744,庚子,乙酉,己巳,3,2020,9,1,-0.0031595602903684815,0,己,巳,土,火,乙,酉,木,金,False,False,-0.0062893289075639895,2020-W39,2020-09
601288.SH,2020-09-24,3.15,3.16,-0.003165,1356116,426824.412,庚子,乙酉,庚午,4,2020,9,1,-0.0031695747612791787,0,庚,午,金,火,乙,酉,木,金,False,False,-0.0031595602903684815,2020-W39,2020-09
601288.SH,2020-09-25,3.15,3.15,0.0,1701327,536114.252,庚子,乙酉,辛未,5,2020,9,1,0.0,0,辛,未,金,土,乙,酉,木,金,False,False,-0.0031695747612791787,2020-W39,2020-09
601288.SH,2020-09-28,3.19,3.15,0.012698,2342504,741824.972,庚子,乙酉,甲戌,1,2020,9,1,0.012618463959211464,1,甲,戌,木,土,乙,酉,木,金,False,True,0.0,2020-W40,2020-09
601288.SH,2020-09-29,3.17,3.19,-0.00627,965496,306809.422,庚子,乙酉,乙亥,2,2020,9,1,-0.0062893289075639895,0,乙,亥,木,水,乙,酉,木,金,False,True,0.012618463959211464,2020-W40,2020-09
601288.SH,2020-09-30,3.17,3.17,0.0,1868810,591727.862,庚子,乙酉,丙子,3,2020,9,1,0.0,0,丙,子,火,水,乙,酉,木,金,False,True,-0.0062893289075639895,2020-W40,2020-09
601288.SH,2020-10-09,3.17,3.17,0.0,1130315,358822.341,庚子,丙戌,乙酉,5,2020,10,1,0.0,0,乙,酉,木,金,丙,戌,火,土,False,False,0.0,2020-W41,2020-10
601288.SH,2020-10-12,3.19,3.17,0.006309,1976013,629606.3,庚子,丙戌,戊子,1,2020,10,1,0.006289328907563918,1,戊,子,土,水,丙,戌,火,土,False,False,0.0,2020-W42,2020-10
601288.SH,2020-10-13,3.17,3.19,-0.00627,1804094,572529.588,庚子,丙戌,己丑,2,2020,10,1,-0.0062893289075639895,0,己,丑,土,土,丙,戌,火,土,False,False,0.006289328907563918,2020-W42,2020-10
601288.SH,2020-10-14,3.17,3.17,0.0,2060250,650313.688,庚子,丙戌,庚寅,3,2020,10,1,0.0,0,庚,寅,金,木,丙,戌,火,土,False,False,-0.0062893289075639895,2020-W42,2020-10
601288.SH,2020-10-15,3.18,3.17,0.003155,1392775,442070.923,庚子,丙戌,辛卯,4,2020,10,1,0.0031496089028962013,1,辛,卯,金,木,丙,戌,火,土,False,False,0.0,2020-W42,2020-10
601288.SH,2020-10-16,3.19,3.18,0.003145,3660340,1169282.385,庚子,丙戌,壬辰,5,2020,10,1,0.003139720004667625,1,壬,辰,水,土,丙,戌,火,土,False,False,0.0031496089028962013,2020-W42,2020-10
601288.SH,2020-10-19,3.21,3.19,0.00627,4055852,1305690.501,庚子,丙戌,乙未,1,2020,10,1,0.006250020345171326,1,乙,未,木,土,丙,戌,火,土,False,False,0.003139720004667625,2020-W43,2020-10
601288.SH,2020-10-20,3.18,3.21,-0.009346,2108630,672656.889,庚子,丙戌,丙申,2,2020,10,1,-0.009389740349838919,0,丙,申,火,金,丙,戌,火,土,False,False,0.006250020345171326,2020-W43,2020-10
601288.SH,2020-10-21,3.21,3.18,0.009434,1920689,613255.826,庚子,丙戌,丁酉,3,2020,10,1,0.009389740349838917,1,丁,酉,火,金,丙,戌,火,土,False,False,-0.009389740349838919,2020-W43,2020-10
601288.SH,2020-10-22,3.21,3.21,0.0,2115674,680157.405,庚子,丙戌,戊戌,4,2020,10,1,0.0,0,戊,戌,土,土,丙,戌,火,土,False,False,0.009389740349838917,2020-W43,2020-10
601288.SH,2020-10-23,3.23,3.21,0.006231,2272667,733803.336,庚子,丙戌,己亥,5,2020,10,1,0.0062112000926406764,1,己,亥,土,水,丙,戌,火,土,False,False,0.0,2020-W43,2020-10
601288.SH,2020-10-26,3.23,3.23,0.0,1961924,633154.221,庚子,丙戌,壬寅,1,2020,10,1,0.0,0,壬,寅,水,木,丙,戌,火,土,False,False,0.0062112000926406764,2020-W44,2020-10
601288.SH,2020-10-27,3.21,3.23,-0.006192,1136152,364914.839,庚子,丙戌,癸卯,2,2020,10,1,-0.006211200092640636,0,癸,卯,水,木,丙,戌,火,土,False,True,0.0,2020-W44,2020-10
601288.SH,2020-10-28,3.18,3.21,-0.009346,1231307,392608.704,庚子,丙戌,甲辰,3,2020,10,1,-0.009389740349838919,0,甲,辰,木,土,丙,戌,火,土,False,True,-0.006211200092640636,2020-W44,2020-10
601288.SH,2020-10-29,3.15,3.18,-0.009434,1678500,530863.825,庚子,丙戌,乙巳,4,2020,10,1,-0.009478743954543883,0,乙,巳,木,火,丙,戌,火,土,False,True,-0.009389740349838919,2020-W44,2020-10
601288.SH,2020-10-30,3.15,3.15,0.0,1613912,510162.443,庚子,丙戌,丙午,5,2020,10,1,0.0,0,丙,午,火,火,丙,戌,火,土,False,True,-0.009478743954543883,2020-W44,2020-10
601288.SH,2020-11-02,3.17,3.15,0.006349,1448238,458994.265,庚子,丙戌,己酉,1,2020,11,1,0.00632913505164753,1,己,酉,土,金,丙,戌,火,土,True,False,0.0,2020-W45,2020-11
601288.SH,2020-11-03,3.18,3.17,0.003155,1609549,512433.6,庚子,丙戌,庚戌,2,2020,11,1,0.0031496089028962013,1,庚,戌,金,土,丙,戌,火,土,True,False,0.00632913505164753,2020-W45,2020-11
601288.SH,2020-11-04,3.17,3.18,-0.003145,1193757,379338.884,庚子,丙戌,辛亥,3,2020,11,1,-0.0031496089028963314,0,辛,亥,金,水,丙,戌,火,土,True,False,0.0031496089028962013,2020-W45,2020-11
601288.SH,2020-11-05,3.18,3.17,0.003155,1342035,427017.806,庚子,丙戌,壬子,4,2020,11,1,0.0031496089028962013,1,壬,子,水,水,丙,戌,火,土,True,False,-0.0031496089028963314,2020-W45,2020-11
601288.SH,2020-11-06,3.2,3.18,0.006289,1536008,489940.552,庚子,丙戌,癸丑,5,2020,11,1,0.006269613013595395,1,癸,丑,水,土,丙,戌,火,土,False,False,0.0031496089028962013,2020-W45,2020-11
601288.SH,2020-11-09,3.21,3.2,0.003125,1871922,600107.004,庚子,丁亥,丙辰,1,2020,11,1,0.0031201273362434566,1,丙,辰,火,土,丁,亥,火,水,False,False,0.006269613013595395,2020-W46,2020-11
601288.SH,2020-11-10,3.21,3.21,0.0,1575411,507299.556,庚子,丁亥,丁巳,2,2020,11,1,0.0,0,丁,巳,火,火,丁,亥,火,水,False,False,0.0031201273362434566,2020-W46,2020-11
601288.SH,2020-11-11,3.23,3.21,0.006231,2442814,787374.392,庚子,丁亥,戊午,3,2020,11,1,0.0062112000926406764,1,戊,午,土,火,丁,亥,火,水,False,False,0.0,2020-W46,2020-11
601288.SH,2020-11-12,3.21,3.23,-0.006192,1275841,410273.275,庚子,丁亥,己未,4,2020,11,1,-0.006211200092640636,0,己,未,土,土,丁,亥,火,水,False,False,0.0062112000926406764,2020-W46,2020-11
601288.SH,2020-11-13,3.18,3.21,-0.009346,1540934,491152.322,庚子,丁亥,庚申,5,2020,11,1,-0.009389740349838919,0,庚,申,金,金,丁,亥,火,水,False,False,-0.006211200092640636,2020-W46,2020-11
601288.SH,2020-11-16,3.19,3.18,0.003145,1089455,347353.225,庚子,丁亥,癸亥,1,2020,11,1,0.003139720004667625,1,癸,亥,水,水,丁,亥,火,水,False,False,-0.009389740349838919,2020-W47,2020-11
601288.SH,2020-11-17,3.19,3.19,0.0,1233465,393847.023,庚子,丁亥,甲子,2,2020,11,1,0.0,0,甲,子,木,水,丁,亥,火,水,False,False,0.003139720004667625,2020-W47,2020-11
601288.SH,2020-11-18,3.21,3.19,0.00627,2040921,655170.438,庚子,丁亥,乙丑,3,2020,11,1,0.006250020345171326,1,乙,丑,木,土,丁,亥,火,水,False,False,0.0,2020-W47,2020-11
601288.SH,2020-11-19,3.23,3.21,0.006231,1435003,461444.969,庚子,丁亥,丙寅,4,2020,11,1,0.0062112000926406764,1,丙,寅,火,木,丁,亥,火,水,False,False,0.006250020345171326,2020-W47,2020-11
601288.SH,2020-11-20,3.2,3.23,-0.009288,1279993,410750.753,庚子,丁亥,丁卯,5,2020,11,1,-0.009331327428884192,0,丁,卯,火,木,丁,亥,火,水,False,False,0.0062112000926406764,2020-W47,2020-11
601288.SH,2020-11-23,3.24,3.2,0.0125,2493232,803791.001,庚子,丁亥,庚午,1,2020,11,1,0.01242251999855711,1,庚,午,金,火,丁,亥,火,水,False,False,-0.009331327428884192,2020-W48,2020-11
601288.SH,2020-11-24,3.23,3.24,-0.003086,1286759,416519.385,庚子,丁亥,辛未,2,2020,11,1,-0.0030911925696729694,0,辛,未,金,土,丁,亥,火,水,False,False,0.01242251999855711,2020-W48,2020-11
601288.SH,2020-11-25,3.22,3.23,-0.003096,1532474,495838.256,庚子,丁亥,壬申,3,2020,11,1,-0.0031007776782481593,0,壬,申,水,金,丁,亥,火,水,False,False,-0.0030911925696729694,2020-W48,2020-11
601288.SH,2020-11-26,3.23,3.22,0.003106,1366312,440760.236,庚子,丁亥,癸酉,4,2020,11,1,0.0031007776782481854,1,癸,酉,水,金,丁,亥,火,水,False,True,-0.0031007776782481593,2020-W48,2020-11
601288.SH,2020-11-27,3.32,3.23,0.027864,5789340,1898792.19,庚子,丁亥,甲戌,5,2020,11,1,0.027482645693831884,1,甲,戌,木,土,丁,亥,火,水,False,True,0.0031007776782481854,2020-W48,2020-11
601288.SH,2020-11-30,3.29,3.32,-0.009036,7507052,2526251.853,庚子,丁亥,丁丑,1,2020,11,1,-0.00907721815111654,0,丁,丑,火,土,丁,亥,火,水,False,True,0.027482645693831884,2020-W49,2020-11
601288.SH,2020-12-01,3.36,3.29,0.021277,4099828,1362547.747,庚子,丁亥,戊寅,2,2020,12,1,0.021053409197832263,1,戊,寅,土,木,丁,亥,火,水,True,False,-0.00907721815111654,2020-W49,2020-12
601288.SH,2020-12-02,3.33,3.36,-0.008929,2441264,814366.338,庚子,丁亥,己卯,3,2020,12,1,-0.008968669982760375,0,己,卯,土,木,丁,亥,火,水,True,False,0.021053409197832263,2020-W49,2020-12
601288.SH,2020-12-03,3.31,3.33,-0.006006,2312807,766849.165,庚子,丁亥,庚辰,4,2020,12,1,-0.006024114603380902,0,庚,辰,金,土,丁,亥,火,水,True,False,-0.008968669982760375,2020-W49,2020-12
601288.SH,2020-12-04,3.27,3.31,-0.012085,2016990,660684.443,庚子,丁亥,辛巳,5,2020,12,1,-0.012158204479809519,0,辛,巳,金,火,丁,亥,火,水,True,False,-0.006024114603380902,2020-W49,2020-12
601288.SH,2020-12-07,3.24,3.27,-0.009174,2645755,858639.131,庚子,戊子,甲申,1,2020,12,1,-0.009216655104923952,0,甲,申,木,金,戊,子,土,水,False,False,-0.012158204479809519,2020-W50,2020-12
601288.SH,2020-12-08,3.22,3.24,-0.006173,1952234,630839.453,庚子,戊子,乙酉,2,2020,12,1,-0.006191970247921107,0,乙,酉,木,金,戊,子,土,水,False,False,-0.009216655104923952,2020-W50,2020-12
601288.SH,2020-12-09,3.23,3.22,0.003106,1433055,462833.678,庚子,戊子,丙戌,3,2020,12,1,0.0031007776782481854,1,丙,戌,火,土,戊,子,土,水,False,False,-0.006191970247921107,2020-W50,2020-12
601288.SH,2020-12-10,3.23,3.23,0.0,1934379,625492.581,庚子,戊子,丁亥,4,2020,12,1,0.0,0,丁,亥,火,水,戊,子,土,水,False,False,0.0031007776782481854,2020-W50,2020-12
601288.SH,2020-12-11,3.22,3.23,-0.003096,2085435,672289.962,庚子,戊子,戊子,5,2020,12,1,-0.0031007776782481593,0,戊,子,土,水,戊,子,土,水,False,False,0.0,2020-W50,2020-12
601288.SH,2020-12-14,3.22,3.22,0.0,1395903,450445.576,庚子,戊子,辛卯,1,2020,12,1,0.0,0,辛,卯,金,木,戊,子,土,水,False,False,-0.0031007776782481593,2020-W51,2020-12
601288.SH,2020-12-15,3.19,3.22,-0.009317,1878674,600478.013,庚子,戊子,壬辰,2,2020,12,1,-0.009360442759563808,0,壬,辰,水,土,戊,子,土,水,False,False,0.0,2020-W51,2020-12
601288.SH,2020-12-16,3.18,3.19,-0.003135,2096859,666185.672,庚子,戊子,癸巳,3,2020,12,1,-0.003139720004667641,0,癸,巳,水,火,戊,子,土,水,False,False,-0.009360442759563808,2020-W51,2020-12
601288.SH,2020-12-17,3.18,3.18,0.0,1763801,559778.695,庚子,戊子,甲午,4,2020,12,1,0.0,0,甲,午,木,火,戊,子,土,水,False,False,-0.003139720004667641,2020-W51,2020-12
601288.SH,2020-12-18,3.17,3.18,-0.003145,1632847,517815.228,庚子,戊子,乙未,5,2020,12,1,-0.0031496089028963314,0,乙,未,木,土,戊,子,土,水,False,False,0.0,2020-W51,2020-12
601288.SH,2020-12-21,3.17,3.17,0.0,1372059,434816.53,庚子,戊子,戊戌,1,2020,12,1,0.0,0,戊,戌,土,土,戊,子,土,水,False,False,-0.0031496089028963314,2020-W52,2020-12
601288.SH,2020-12-22,3.15,3.17,-0.006309,2663407,839956.525,庚子,戊子,己亥,2,2020,12,1,-0.006329135051647512,0,己,亥,土,水,戊,子,土,水,False,False,0.0,2020-W52,2020-12
601288.SH,2020-12-23,3.14,3.15,-0.003175,2340518,734506.875,庚子,戊子,庚子,3,2020,12,1,-0.0031796529173795727,0,庚,子,金,水,戊,子,土,水,False,False,-0.006329135051647512,2020-W52,2020-12
601288.SH,2020-12-24,3.14,3.14,0.0,891723,280258.47,庚子,戊子,辛丑,4,2020,12,1,0.0,0,辛,丑,金,土,戊,子,土,水,False,False,-0.0031796529173795727,2020-W52,2020-12
601288.SH,2020-12-25,3.15,3.14,0.003185,1201163,377372.917,庚子,戊子,壬寅,5,2020,12,1,0.0031796529173795844,1,壬,寅,水,木,戊,子,土,水,False,False,0.0,2020-W52,2020-12
601288.SH,2020-12-28,3.14,3.15,-0.003175,1628165,511158.067,庚子,戊子,乙巳,1,2020,12,1,-0.0031796529173795727,0,乙,巳,木,火,戊,子,土,水,False,True,0.0031796529173795844,2020-W53,2020-12
601288.SH,2020-12-29,3.14,3.14,0.0,1631336,511778.746,庚子,戊子,丙午,2,2020,12,1,0.0,0,丙,午,火,火,戊,子,土,水,False,True,-0.0031796529173795727,2020-W53,2020-12
601288.SH,2020-12-30,3.13,3.14,-0.003185,2441142,762922.29,庚子,戊子,丁未,3,2020,12,1,-0.003189795368100261,0,丁,未,火,土,戊,子,土,水,False,True,0.0,2020-W53,2020-12
601288.SH,2020-12-31,3.14,3.13,0.003195,2598223,815906.095,庚子,戊子,戊申,4,2020,12,1,0.003189795368100302,1,戊,申,土,金,戊,子,土,水,False,True,-0.003189795368100261,2020-W53,2020-12
601288.SH,2021-01-04,3.13,3.14,-0.003185,2537917,793752.014,庚子,戊子,壬子,1,2021,1,1,-0.003189795368100261,0,壬,子,水,水,戊,子,土,水,True,False,0.003189795368100302,2021-W01,2021-01
601288.SH,2021-01-05,3.13,3.13,0.0,2122005,662545.244,庚子,己丑,癸丑,2,2021,1,1,0.0,0,癸,丑,水,土,己,丑,土,土,True,False,-0.003189795368100261,2021-W01,2021-01
601288.SH,2021-01-06,3.13,3.13,0.0,2230770,697914.306,庚子,己丑,甲寅,3,2021,1,1,0.0,0,甲,寅,木,木,己,丑,土,土,False,False,0.0,2021-W01,2021-01
601288.SH,2021-01-07,3.14,3.13,0.003195,2651717,831256.699,庚子,己丑,乙卯,4,2021,1,1,0.003189795368100302,1,乙,卯,木,木,己,丑,土,土,False,False,0.0,2021-W01,2021-01
601288.SH,2021-01-08,3.14,3.14,0.0,1949690,612250.755,庚子,己丑,丙辰,5,2021,1,1,0.0,0,丙,辰,火,土,己,丑,土,土,False,False,0.003189795368100302,2021-W01,2021-01
601288.SH,2021-01-11,3.15,3.14,0.003185,2872075,905005.937,庚子,己丑,己未,1,2021,1,1,0.0031796529173795844,1,己,未,土,土,己,丑,土,土,False,False,0.0,2021-W02,2021-01
601288.SH,2021-01-12,3.15,3.15,0.0,2358456,741236.459,庚子,己丑,庚申,2,2021,1,1,0.0,0,庚,申,金,金,己,丑,土,土,False,False,0.0031796529173795844,2021-W02,2021-01
601288.SH,2021-01-13,3.16,3.15,0.003175,2351773,742591.646,庚子,己丑,辛酉,3,2021,1,1,0.0031695747612790395,1,辛,酉,金,金,己,丑,土,土,False,False,0.0,2021-W02,2021-01
601288.SH,2021-01-14,3.18,3.16,0.006329,2415659,767493.093,庚子,己丑,壬戌,4,2021,1,1,0.006309169193264756,1,壬,戌,水,土,己,丑,土,土,False,False,0.0031695747612790395,2021-W02,2021-01
601288.SH,2021-01-15,3.2,3.18,0.006289,4453895,1430323.153,庚子,己丑,癸亥,5,2021,1,1,0.006269613013595395,1,癸,亥,水,水,己,丑,土,土,False,False,0.006309169193264756,2021-W02,2021-01
601288.SH,2021-01-18,3.19,3.2,-0.003125,2988215,951438.081,庚子,己丑,丙寅,1,2021,1,1,-0.0031298930089277044,0,丙,寅,火,木,己,丑,土,土,False,False,0.006269613013595395,2021-W03,2021-01
601288.SH,2021-01-19,3.2,3.19,0.003135,3218256,1027603.183,庚子,己丑,丁卯,2,2021,1,1,0.003129893008927787,1,丁,卯,火,木,己,丑,土,土,False,False,-0.0031298930089277044,2021-W03,2021-01
601288.SH,2021-01-20,3.18,3.2,-0.00625,1930655,614986.566,庚子,己丑,戊辰,3,2021,1,1,-0.006269613013595373,0,戊,辰,土,土,己,丑,土,土,False,False,0.003129893008927787,2021-W03,2021-01
601288.SH,2021-01-21,3.16,3.18,-0.006289,1756110,556578.399,庚子,己丑,己巳,4,2021,1,1,-0.00630916919326472,0,己,巳,土,火,己,丑,土,土,False,False,-0.006269613013595373,2021-W03,2021-01
601288.SH,2021-01-22,3.14,3.16,-0.006329,1649041,518800.124,庚子,己丑,庚午,5,2021,1,1,-0.00634922767865878,0,庚,午,金,火,己,丑,土,土,False,False,-0.00630916919326472,2021-W03,2021-01
601288.SH,2021-01-25,3.14,3.14,0.0,1718584,538823.061,庚子,己丑,癸酉,1,2021,1,1,0.0,0,癸,酉,水,金,己,丑,土,土,False,False,-0.00634922767865878,2021-W04,2021-01
601288.SH,2021-01-26,3.13,3.14,-0.003185,1593959,500440.71,庚子,己丑,甲戌,2,2021,1,1,-0.003189795368100261,0,甲,戌,木,土,己,丑,土,土,False,False,0.0,2021-W04,2021-01
601288.SH,2021-01-27,3.15,3.13,0.00639,1673167,527768.283,庚子,己丑,乙亥,3,2021,1,1,0.0063694482854799285,1,乙,亥,木,水,己,丑,土,土,False,True,-0.003189795368100261,2021-W04,2021-01
601288.SH,2021-01-28,3.14,3.15,-0.003175,1376007,431267.936,庚子,己丑,丙子,4,2021,1,1,-0.0031796529173795727,0,丙,子,火,水,己,丑,土,土,False,True,0.0063694482854799285,2021-W04,2021-01
601288.SH,2021-01-29,3.15,3.14,0.003185,2348366,739558.156,庚子,己丑,丁丑,5,2021,1,1,0.0031796529173795844,1,丁,丑,火,土,己,丑,土,土,False,True,-0.0031796529173795727,2021-W04,2021-01
601288.SH,2021-02-01,3.17,3.15,0.006349,2121436,670585.614,庚子,己丑,庚辰,1,2021,2,1,0.00632913505164753,1,庚,辰,金,土,己,丑,土,土,True,False,0.0031796529173795844,2021-W05,2021-02
601288.SH,2021-02-02,3.15,3.17,-0.006309,1571961,497510.997,庚子,己丑,辛巳,2,2021,2,1,-0.006329135051647512,0,辛,巳,金,火,己,丑,土,土,True,False,0.00632913505164753,2021-W05,2021-02
601288.SH,2021-02-03,3.14,3.15,-0.003175,1520663,478646.957,辛丑,庚寅,壬午,3,2021,2,1,-0.0031796529173795727,0,壬,午,水,火,庚,寅,金,木,True,False,-0.006329135051647512,2021-W05,2021-02
601288.SH,2021-02-04,3.15,3.14,0.003185,1889949,594794.167,辛丑,庚寅,癸未,4,2021,2,1,0.0031796529173795844,1,癸,未,水,土,庚,寅,金,木,True,False,-0.0031796529173795727,2021-W05,2021-02
601288.SH,2021-02-05,3.19,3.15,0.012698,4373978,1392368.564,辛丑,庚寅,甲申,5,2021,2,1,0.012618463959211464,1,甲,申,木,金,庚,寅,金,木,True,False,0.0031796529173795844,2021-W05,2021-02
601288.SH,2021-02-08,3.18,3.19,-0.003135,2829753,900743.192,辛丑,庚寅,丁亥,1,2021,2,1,-0.003139720004667641,0,丁,亥,火,水,庚,寅,金,木,False,False,0.012618463959211464,2021-W06,2021-02
601288.SH,2021-02-09,3.16,3.18,-0.006289,3154992,995369.493,辛丑,庚寅,戊子,2,2021,2,1,-0.00630916919326472,0,戊,子,土,水,庚,寅,金,木,False,False,-0.003139720004667641,2021-W06,2021-02
601288.SH,2021-02-10,3.21,3.16,0.015823,3892936,1246597.464,辛丑,庚寅,己丑,3,2021,2,1,0.015698909543103615,1,己,丑,土,土,庚,寅,金,木,False,False,-0.00630916919326472,2021-W06,2021-02
601288.SH,2021-02-18,3.22,3.21,0.003115,3714033,1201778.128,辛丑,庚寅,丁酉,4,2021,2,1,0.003110422414392552,1,丁,酉,火,金,庚,寅,金,木,False,False,0.015698909543103615,2021-W07,2021-02
601288.SH,2021-02-19,3.23,3.22,0.003106,2358212,761089.423,辛丑,庚寅,戊戌,5,2021,2,1,0.0031007776782481854,1,戊,戌,土,土,庚,寅,金,木,False,False,0.003110422414392552,2021-W07,2021-02
601288.SH,2021-02-22,3.26,3.23,0.009288,4032663,1308227.166,辛丑,庚寅,辛丑,1,2021,2,1,0.00924505814405099,1,辛,丑,金,土,庚,寅,金,木,False,False,0.0031007776782481854,2021-W08,2021-02
601288.SH,2021-02-23,3.25,3.26,-0.003067,4059097,1325090.63,辛丑,庚寅,壬寅,2,2021,2,1,-0.0030721990369701403,0,壬,寅,水,木,庚,寅,金,木,False,False,0.00924505814405099,2021-W08,2021-02
601288.SH,2021-02-24,3.22,3.25,-0.009231,3175614,1028278.387,辛丑,庚寅,癸卯,3,2021,2,1,-0.009273636785329102,0,癸,卯,水,木,庚,寅,金,木,False,True,-0.0030721990369701403,2021-W08,2021-02
601288.SH,2021-02-25,3.27,3.22,0.015528,3097092,1006812.002,辛丑,庚寅,甲辰,4,2021,2,1,0.015408625352845061,1,甲,辰,木,土,庚,寅,金,木,False,True,-0.009273636785329102,2021-W08,2021-02
601288.SH,2021-02-26,3.26,3.27,-0.003058,3808858,1243933.932,辛丑,庚寅,乙巳,5,2021,2,1,-0.003062789530545767,0,乙,巳,木,火,庚,寅,金,木,False,True,0.015408625352845061,2021-W08,2021-02
601288.SH,2021-03-01,3.25,3.26,-0.003067,2157371,702767.266,辛丑,庚寅,戊申,1,2021,3,1,-0.0030721990369701403,0,戊,申,土,金,庚,寅,金,木,True,False,-0.003062789530545767,2021-W09,2021-03
601288.SH,2021-03-02,3.21,3.25,-0.012308,2561371,826614.804,辛丑,庚寅,己酉,2,2021,3,1,-0.012384059199721666,0,己,酉,土,金,庚,寅,金,木,True,False,-0.0030721990369701403,2021-W09,2021-03
601288.SH,2021-03-03,3.28,3.21,0.021807,3645786,1189810.854,辛丑,庚寅,庚戌,3,2021,3,1,0.021572485254127763,1,庚,戌,金,土,庚,寅,金,木,True,False,-0.012384059199721666,2021-W09,2021-03
601288.SH,2021-03-04,3.3,3.28,0.006098,4531854,1496531.107,辛丑,庚寅,辛亥,4,2021,3,1,0.0060790460763821925,1,辛,亥,金,水,庚,寅,金,木,True,False,0.021572485254127763,2021-W09,2021-03
601288.SH,2021-03-05,3.35,3.3,0.015152,4377773,1455744.993,辛丑,辛卯,壬子,5,2021,3,1,0.015037877364540502,1,壬,子,水,水,辛,卯,金,木,True,False,0.0060790460763821925,2021-W09,2021-03
601288.SH,2021-03-08,3.36,3.35,0.002985,4568227,1541819.601,辛丑,辛卯,乙卯,1,2021,3,1,0.00298062813813772,1,乙,卯,木,木,辛,卯,金,木,False,False,0.015037877364540502,2021-W10,2021-03
601288.SH,2021-03-09,3.33,3.36,-0.008929,3879302,1306684.002,辛丑,辛卯,丙辰,2,2021,3,1,-0.008968669982760375,0,丙,辰,火,土,辛,卯,金,木,False,False,0.00298062813813772,2021-W10,2021-03
601288.SH,2021-03-10,3.36,3.33,0.009009,2067067,690845.348,辛丑,辛卯,丁巳,3,2021,3,1,0.008968669982760316,1,丁,巳,火,火,辛,卯,金,木,False,False,-0.008968669982760375,2021-W10,2021-03
601288.SH,2021-03-11,3.38,3.36,0.005952,3986709,1351246.154,辛丑,辛卯,戊午,4,2021,3,1,0.0059347355198145265,1,戊,午,土,火,辛,卯,金,木,False,False,0.008968669982760316,2021-W10,2021-03
601288.SH,2021-03-12,3.38,3.38,0.0,2227469,750899.731,辛丑,辛卯,己未,5,2021,3,1,0.0,0,己,未,土,土,辛,卯,金,木,False,False,0.0059347355198145265,2021-W10,2021-03
601288.SH,2021-03-15,3.42,3.38,0.011834,3109147,1060902.772,辛丑,辛卯,壬戌,1,2021,3,1,0.01176484157958643,1,壬,戌,水,土,辛,卯,金,木,False,False,0.0,2021-W11,2021-03
601288.SH,2021-03-16,3.41,3.42,-0.002924,2180458,745458.059,辛丑,辛卯,癸亥,2,2021,3,1,-0.002928259779088334,0,癸,亥,水,水,辛,卯,金,木,False,False,0.01176484157958643,2021-W11,2021-03
601288.SH,2021-03-17,3.4,3.41,-0.002933,2241012,757567.094,辛丑,辛卯,甲子,3,2021,3,1,-0.002936859673309825,0,甲,子,木,水,辛,卯,金,木,False,False,-0.002928259779088334,2021-W11,2021-03
601288.SH,2021-03-18,3.39,3.4,-0.002941,1750022,594572.047,辛丑,辛卯,乙丑,4,2021,3,1,-0.002945510229756803,0,乙,丑,木,土,辛,卯,金,木,False,False,-0.002936859673309825,2021-W11,2021-03
601288.SH,2021-03-19,3.34,3.39,-0.014749,2695439,904510.479,辛丑,辛卯,丙寅,5,2021,3,1,-0.014859114403749941,0,丙,寅,火,木,辛,卯,金,木,False,False,-0.002945510229756803,2021-W11,2021-03
601288.SH,2021-03-22,3.39,3.34,0.01497,2098325,707819.484,辛丑,辛卯,己巳,1,2021,3,1,0.014859114403749905,1,己,巳,土,火,辛,卯,金,木,False,False,-0.014859114403749941,2021-W12,2021-03
601288.SH,2021-03-23,3.39,3.39,0.0,1768610,599073.412,辛丑,辛卯,庚午,2,2021,3,1,0.0,0,庚,午,金,火,辛,卯,金,木,False,False,0.014859114403749905,2021-W12,2021-03
601288.SH,2021-03-24,3.4,3.39,0.00295,2236547,756465.222,辛丑,辛卯,辛未,3,2021,3,1,0.0029455102297567446,1,辛,未,金,土,辛,卯,金,木,False,False,0.0,2021-W12,2021-03
601288.SH,2021-03-25,3.34,3.4,-0.017647,2326179,784273.781,辛丑,辛卯,壬申,4,2021,3,1,-0.017804624633506707,0,壬,申,水,金,辛,卯,金,木,False,False,0.0029455102297567446,2021-W12,2021-03
601288.SH,2021-03-26,3.33,3.34,-0.002994,2139060,712846.268,辛丑,辛卯,癸酉,5,2021,3,1,-0.0029985029962565574,0,癸,酉,水,金,辛,卯,金,木,False,False,-0.017804624633506707,2021-W12,2021-03
601288.SH,2021-03-29,3.38,3.33,0.015015,2520924,845565.819,辛丑,辛卯,丙子,1,2021,3,1,0.014903405502574948,1,丙,子,火,水,辛,卯,金,木,False,True,-0.0029985029962565574,2021-W13,2021-03
601288.SH,2021-03-30,3.38,3.38,0.0,2076788,699563.311,辛丑,辛卯,丁丑,2,2021,3,1,0.0,0,丁,丑,火,土,辛,卯,金,木,False,True,0.014903405502574948,2021-W13,2021-03
601288.SH,2021-03-31,3.4,3.38,0.005917,2156340,728751.728,辛丑,辛卯,戊寅,3,2021,3,1,0.005899722127188322,1,戊,寅,土,木,辛,卯,金,木,False,True,0.0,2021-W13,2021-03
601288.SH,2021-04-01,3.38,3.4,-0.005882,1319271,446595.992,辛丑,辛卯,己卯,4,2021,4,1,-0.005899722127188271,0,己,卯,土,木,辛,卯,金,木,True,False,0.005899722127188322,2021-W13,2021-04
601288.SH,2021-04-02,3.35,3.38,-0.008876,2228531,746448.64,辛丑,辛卯,庚辰,5,2021,4,1,-0.00891536365795228,0,庚,辰,金,土,辛,卯,金,木,True,False,-0.005899722127188271,2021-W13,2021-04
601288.SH,2021-04-06,3.34,3.35,-0.002985,989615,329969.715,辛丑,壬辰,甲申,2,2021,4,1,-0.0029895388483660483,0,甲,申,木,金,壬,辰,水,土,False,False,-0.00891536365795228,2021-W14,2021-04
601288.SH,2021-04-07,3.35,3.34,0.002994,1794959,597906.568,辛丑,壬辰,乙酉,3,2021,4,1,0.002989538848365986,1,乙,酉,木,金,壬,辰,水,土,False,False,-0.0029895388483660483,2021-W14,2021-04
601288.SH,2021-04-08,3.34,3.35,-0.002985,1368786,457078.811,辛丑,壬辰,丙戌,4,2021,4,1,-0.0029895388483660483,0,丙,戌,火,土,壬,辰,水,土,False,False,0.002989538848365986,2021-W14,2021-04
601288.SH,2021-04-09,3.36,3.34,0.005988,1689938,565661.118,辛丑,壬辰,丁亥,5,2021,4,1,0.005970166986503754,1,丁,亥,火,水,壬,辰,水,土,False,False,-0.0029895388483660483,2021-W14,2021-04
601288.SH,2021-04-12,3.4,3.36,0.011905,1926942,651566.893,辛丑,壬辰,庚寅,1,2021,4,1,0.011834457647002798,1,庚,寅,金,木,壬,辰,水,土,False,False,0.005970166986503754,2021-W15,2021-04
601288.SH,2021-04-13,3.39,3.4,-0.002941,1740652,589527.68,辛丑,壬辰,辛卯,2,2021,4,1,-0.002945510229756803,0,辛,卯,金,木,壬,辰,水,土,False,False,0.011834457647002798,2021-W15,2021-04
601288.SH,2021-04-14,3.35,3.39,-0.011799,1699211,570667.959,辛丑,壬辰,壬辰,3,2021,4,1,-0.011869575555383882,0,壬,辰,水,土,壬,辰,水,土,False,False,-0.002945510229756803,2021-W15,2021-04
601288.SH,2021-04-15,3.35,3.35,0.0,1291511,431303.914,辛丑,壬辰,癸巳,4,2021,4,1,0.0,0,癸,巳,水,火,壬,辰,水,土,False,False,-0.011869575555383882,2021-W15,2021-04
601288.SH,2021-04-16,3.35,3.35,0.0,867744,290948.499,辛丑,壬辰,甲午,5,2021,4,1,0.0,0,甲,午,木,火,壬,辰,水,土,False,False,0.0,2021-W15,2021-04
601288.SH,2021-04-19,3.35,3.35,0.0,1571886,526956.225,辛丑,壬辰,丁酉,1,2021,4,1,0.0,0,丁,酉,火,金,壬,辰,水,土,False,False,0.0,2021-W16,2021-04
601288.SH,2021-04-20,3.33,3.35,-0.00597,1609637,537071.339,辛丑,壬辰,戊戌,2,2021,4,1,-0.005988041844622557,0,戊,戌,土,土,壬,辰,水,土,False,False,0.0,2021-W16,2021-04
601288.SH,2021-04-21,3.33,3.33,0.0,1113390,370964.367,辛丑,壬辰,己亥,3,2021,4,1,0.0,0,己,亥,土,水,壬,辰,水,土,False,False,-0.005988041844622557,2021-W16,2021-04
601288.SH,2021-04-22,3.3,3.33,-0.009009,1922218,635994.446,辛丑,壬辰,庚子,4,2021,4,1,-0.009049835519917927,0,庚,子,金,水,壬,辰,水,土,False,False,0.0,2021-W16,2021-04
601288.SH,2021-04-23,3.26,3.3,-0.012121,2007128,657527.612,辛丑,壬辰,辛丑,5,2021,4,1,-0.012195273093818243,0,辛,丑,金,土,壬,辰,水,土,False,False,-0.009049835519917927,2021-W16,2021-04
601288.SH,2021-04-26,3.24,3.26,-0.006135,1834029,596824.727,辛丑,壬辰,甲辰,1,2021,4,1,-0.006153865574378112,0,甲,辰,木,土,壬,辰,水,土,False,True,-0.012195273093818243,2021-W17,2021-04
601288.SH,2021-04-27,3.23,3.24,-0.003086,1350030,436020.181,辛丑,壬辰,乙巳,2,2021,4,1,-0.0030911925696729694,0,乙,巳,木,火,壬,辰,水,土,False,True,-0.006153865574378112,2021-W17,2021-04
601288.SH,2021-04-28,3.22,3.23,-0.003096,1596444,513947.762,辛丑,壬辰,丙午,3,2021,4,1,-0.0031007776782481593,0,丙,午,火,火,壬,辰,水,土,False,True,-0.0030911925696729694,2021-W17,2021-04
601288.SH,2021-04-29,3.23,3.22,0.003106,2852282,920097.886,辛丑,壬辰,丁未,4,2021,4,1,0.0031007776782481854,1,丁,未,火,土,壬,辰,水,土,False,True,-0.0031007776782481593,2021-W17,2021-04
601288.SH,2021-04-30,3.2,3.23,-0.009288,2602852,834869.085,辛丑,壬辰,戊申,5,2021,4,1,-0.009331327428884192,0,戊,申,土,金,壬,辰,水,土,False,True,0.0031007776782481854,2021-W17,2021-04
601288.SH,2021-05-06,3.21,3.2,0.003125,1526100,490538.702,辛丑,癸巳,甲寅,4,2021,5,1,0.0031201273362434566,1,甲,寅,木,木,癸,巳,水,火,False,False,-0.009331327428884192,2021-W18,2021-05
601288.SH,2021-05-07,3.25,3.21,0.012461,2206651,713876.484,辛丑,癸巳,乙卯,5,2021,5,1,0.012384059199721622,1,乙,卯,木,木,癸,巳,水,火,False,False,0.0031201273362434566,2021-W18,2021-05
601288.SH,2021-05-10,3.24,3.25,-0.003077,1505542,487477.194,辛丑,癸巳,戊午,1,2021,5,1,-0.0030816665374080007,0,戊,午,土,火,癸,巳,水,火,False,False,0.012384059199721622,2021-W19,2021-05
601288.SH,2021-05-11,3.26,3.24,0.006173,1618162,526391.641,辛丑,癸巳,己未,2,2021,5,1,0.006153865574378066,1,己,未,土,土,癸,巳,水,火,False,False,-0.0030816665374080007,2021-W19,2021-05
601288.SH,2021-05-12,3.27,3.26,0.003067,1319707,430882.767,辛丑,癸巳,庚申,3,2021,5,1,0.003062789530545731,1,庚,申,金,金,癸,巳,水,火,False,False,0.006153865574378066,2021-W19,2021-05
601288.SH,2021-05-13,3.27,3.27,0.0,1058380,344811.777,辛丑,癸巳,辛酉,4,2021,5,1,0.0,0,辛,酉,金,金,癸,巳,水,火,False,False,0.003062789530545731,2021-W19,2021-05
601288.SH,2021-05-14,3.29,3.27,0.006116,1418803,464528.203,辛丑,癸巳,壬戌,5,2021,5,1,0.006097579868118538,1,壬,戌,水,土,癸,巳,水,火,False,False,0.0,2021-W19,2021-05
601288.SH,2021-05-17,3.27,3.29,-0.006079,1512399,495123.572,辛丑,癸巳,乙丑,1,2021,5,1,-0.006097579868118557,0,乙,丑,木,土,癸,巳,水,火,False,False,0.006097579868118538,2021-W20,2021-05
601288.SH,2021-05-18,3.25,3.27,-0.006116,1701609,552730.94,辛丑,癸巳,丙寅,2,2021,5,1,-0.006134988567515944,0,丙,寅,火,木,癸,巳,水,火,False,False,-0.006097579868118557,2021-W20,2021-05
601288.SH,2021-05-19,3.24,3.25,-0.003077,1553719,503004.286,辛丑,癸巳,丁卯,3,2021,5,1,-0.0030816665374080007,0,丁,卯,火,木,癸,巳,水,火,False,False,-0.006134988567515944,2021-W20,2021-05
601288.SH,2021-05-20,3.25,3.24,0.003086,1590669,516593.162,辛丑,癸巳,戊辰,4,2021,5,1,0.0030816665374081144,1,戊,辰,土,土,癸,巳,水,火,False,False,-0.0030816665374080007,2021-W20,2021-05
601288.SH,2021-05-21,3.24,3.25,-0.003077,1175337,381308.664,辛丑,癸巳,己巳,5,2021,5,1,-0.0030816665374080007,0,己,巳,土,火,癸,巳,水,火,False,False,0.0030816665374081144,2021-W20,2021-05
601288.SH,2021-05-24,3.24,3.24,0.0,930928,301950.239,辛丑,癸巳,壬申,1,2021,5,1,0.0,0,壬,申,水,金,癸,巳,水,火,False,False,-0.0030816665374080007,2021-W21,2021-05
601288.SH,2021-05-25,3.27,3.24,0.009259,3820642,1246905.946,辛丑,癸巳,癸酉,2,2021,5,1,0.009216655104924048,1,癸,酉,水,金,癸,巳,水,火,False,False,0.0,2021-W21,2021-05
601288.SH,2021-05-26,3.28,3.27,0.003058,2366460,774875.778,辛丑,癸巳,甲戌,3,2021,5,1,0.003053437486890248,1,甲,戌,木,土,癸,巳,水,火,False,False,0.009216655104924048,2021-W21,2021-05
601288.SH,2021-05-27,3.27,3.28,-0.003049,1729846,566782.069,辛丑,癸巳,乙亥,4,2021,5,1,-0.0030534374868902317,0,乙,亥,木,水,癸,巳,水,火,False,True,0.003053437486890248,2021-W21,2021-05
601288.SH,2021-05-28,3.28,3.27,0.003058,2095581,686023.46,辛丑,癸巳,丙子,5,2021,5,1,0.003053437486890248,1,丙,子,火,水,癸,巳,水,火,False,True,-0.0030534374868902317,2021-W21,2021-05
601288.SH,2021-05-31,3.26,3.28,-0.006098,1872459,610437.747,辛丑,癸巳,己卯,1,2021,5,1,-0.006116227017436094,0,己,卯,土,木,癸,巳,水,火,False,True,0.003053437486890248,2021-W22,2021-05
601288.SH,2021-06-01,3.25,3.26,-0.003067,1783100,578933.139,辛丑,癸巳,庚辰,2,2021,6,1,-0.0030721990369701403,0,庚,辰,金,土,癸,巳,水,火,True,False,-0.006116227017436094,2021-W22,2021-06
601288.SH,2021-06-02,3.29,3.25,0.012308,3614953,1178549.611,辛丑,癸巳,辛巳,3,2021,6,1,0.012232568435634451,1,辛,巳,金,火,癸,巳,水,火,True,False,-0.0030721990369701403,2021-W22,2021-06
601288.SH,2021-06-03,3.29,3.29,0.0,2674262,881657.465,辛丑,癸巳,壬午,4,2021,6,1,0.0,0,壬,午,水,火,癸,巳,水,火,True,False,0.012232568435634451,2021-W22,2021-06
601288.SH,2021-06-04,3.32,3.29,0.009119,2812085,929936.856,辛丑,癸巳,癸未,5,2021,6,1,0.00907721815111668,1,癸,未,水,土,癸,巳,水,火,True,False,0.0,2021-W22,2021-06
601288.SH,2021-06-07,3.32,3.32,0.0,2805174,929602.911,辛丑,甲午,丙戌,1,2021,6,1,0.0,0,丙,戌,火,土,甲,午,木,火,False,False,0.00907721815111668,2021-W23,2021-06
601288.SH,2021-06-08,3.35,3.32,0.009036,3681242,1224758.699,辛丑,甲午,丁亥,2,2021,6,1,0.008995562908578003,1,丁,亥,火,水,甲,午,木,火,False,False,0.0,2021-W23,2021-06
601288.SH,2021-06-09,3.35,3.35,0.0,2787430,935474.904,辛丑,甲午,戊子,3,2021,6,1,0.0,0,戊,子,土,水,甲,午,木,火,False,False,0.008995562908578003,2021-W23,2021-06
601288.SH,2021-06-10,3.32,3.35,-0.008955,2541243,848384.185,辛丑,甲午,己丑,4,2021,6,1,-0.008995562908577986,0,己,丑,土,土,甲,午,木,火,False,False,0.0,2021-W23,2021-06
601288.SH,2021-06-11,3.32,3.32,0.0,2011294,667013.066,辛丑,甲午,庚寅,5,2021,6,1,0.0,0,庚,寅,金,木,甲,午,木,火,False,False,-0.008995562908577986,2021-W23,2021-06
601288.SH,2021-06-15,3.28,3.32,-0.012048,2209725,726180.845,辛丑,甲午,甲午,2,2021,6,1,-0.01212136053234485,0,甲,午,木,火,甲,午,木,火,False,False,0.0,2021-W24,2021-06
601288.SH,2021-06-16,3.27,3.28,-0.003049,2246811,735860.554,辛丑,甲午,乙未,3,2021,6,1,-0.0030534374868902317,0,乙,未,木,土,甲,午,木,火,False,False,-0.01212136053234485,2021-W24,2021-06
601288.SH,2021-06-17,3.08,3.08,0.0,3092720,957602.9,辛丑,甲午,丙申,4,2021,6,1,0.0,0,丙,申,火,金,甲,午,木,火,False,False,-0.0030534374868902317,2021-W24,2021-06
601288.SH,2021-06-18,3.05,3.08,-0.00974,2602889,796759.284,辛丑,甲午,丁酉,5,2021,6,1,-0.009788006366162932,0,丁,酉,火,金,甲,午,木,火,False,False,0.0,2021-W24,2021-06
601288.SH,2021-06-21,3.03,3.05,-0.006557,2532134,768721.575,辛丑,甲午,庚子,1,2021,6,1,-0.006578971098042511,0,庚,子,金,水,甲,午,木,火,False,False,-0.009788006366162932,2021-W25,2021-06
601288.SH,2021-06-22,3.04,3.03,0.0033,1989144,603739.622,辛丑,甲午,辛丑,2,2021,6,1,0.0032948958968527058,1,辛,丑,金,土,甲,午,木,火,False,False,-0.006578971098042511,2021-W25,2021-06
601288.SH,2021-06-23,3.04,3.04,0.0,1774258,538371.845,辛丑,甲午,壬寅,3,2021,6,1,0.0,0,壬,寅,水,木,甲,午,木,火,False,False,0.0032948958968527058,2021-W25,2021-06
601288.SH,2021-06-24,3.06,3.04,0.006579,2070030,630475.766,辛丑,甲午,癸卯,4,2021,6,1,0.00655740054615904,1,癸,卯,水,木,甲,午,木,火,False,False,0.0,2021-W25,2021-06
601288.SH,2021-06-25,3.07,3.06,0.003268,1326846,407175.311,辛丑,甲午,甲辰,5,2021,6,1,0.0032626456348163694,1,甲,辰,木,土,甲,午,木,火,False,False,0.00655740054615904,2021-W25,2021-06
601288.SH,2021-06-28,3.05,3.07,-0.006515,1426092,435127.585,辛丑,甲午,丁未,1,2021,6,1,-0.006535970979785533,0,丁,未,火,土,甲,午,木,火,False,True,0.0032626456348163694,2021-W26,2021-06
601288.SH,2021-06-29,3.03,3.05,-0.006557,1329395,403513.909,辛丑,甲午,戊申,2,2021,6,1,-0.006578971098042511,0,戊,申,土,金,甲,午,木,火,False,True,-0.006535970979785533,2021-W26,2021-06
601288.SH,2021-06-30,3.03,3.03,0.0,1647993,500193.189,辛丑,甲午,己酉,3,2021,6,1,0.0,0,己,酉,土,金,甲,午,木,火,False,True,-0.006578971098042511,2021-W26,2021-06
601288.SH,2021-07-01,3.04,3.03,0.0033,1109275,337187.181,辛丑,甲午,庚戌,4,2021,7,1,0.0032948958968527058,1,庚,戌,金,土,甲,午,木,火,True,False,0.0,2021-W26,2021-07
601288.SH,2021-07-02,3.03,3.04,-0.003289,1305828,396332.635,辛丑,甲午,辛亥,5,2021,7,1,-0.0032948958968526494,0,辛,亥,金,水,甲,午,木,火,True,False,0.0032948958968527058,2021-W26,2021-07
601288.SH,2021-07-05,3.04,3.03,0.0033,1493881,453152.294,辛丑,甲午,甲寅,1,2021,7,1,0.0032948958968527058,1,甲,寅,木,木,甲,午,木,火,True,False,-0.0032948958968526494,2021-W27,2021-07
601288.SH,2021-07-06,3.05,3.04,0.003289,1310203,398330.191,辛丑,甲午,乙卯,2,2021,7,1,0.0032840752011897975,1,乙,卯,木,木,甲,午,木,火,False,False,0.0032948958968527058,2021-W27,2021-07
601288.SH,2021-07-07,3.03,3.05,-0.006557,1134286,345052.276,辛丑,乙未,丙辰,3,2021,7,1,-0.006578971098042511,0,丙,辰,火,土,乙,未,木,土,False,False,0.0032840752011897975,2021-W27,2021-07
601288.SH,2021-07-08,3.02,3.03,-0.0033,1763511,534833.016,辛丑,乙未,丁巳,4,2021,7,1,-0.003305788134499433,0,丁,巳,火,火,乙,未,木,土,False,False,-0.006578971098042511,2021-W27,2021-07
601288.SH,2021-07-09,3.03,3.02,0.003311,1956856,592508.6,辛丑,乙未,戊午,5,2021,7,1,0.0033057881344994103,1,戊,午,土,火,乙,未,木,土,False,False,-0.003305788134499433,2021-W27,2021-07
601288.SH,2021-07-12,3.02,3.03,-0.0033,2047292,619426.611,辛丑,乙未,辛酉,1,2021,7,1,-0.003305788134499433,0,辛,酉,金,金,乙,未,木,土,False,False,0.0033057881344994103,2021-W28,2021-07
601288.SH,2021-07-13,3.02,3.02,0.0,1855759,560973.042,辛丑,乙未,壬戌,2,2021,7,1,0.0,0,壬,戌,水,土,乙,未,木,土,False,False,-0.003305788134499433,2021-W28,2021-07
601288.SH,2021-07-14,2.99,3.02,-0.009934,2974130,891945.013,辛丑,乙未,癸亥,3,2021,7,1,-0.00998344398418315,0,癸,亥,水,水,乙,未,木,土,False,False,0.0,2021-W28,2021-07
601288.SH,2021-07-15,3.0,2.99,0.003344,1582344,475074.658,辛丑,乙未,甲子,4,2021,7,1,0.0033389012655146303,1,甲,子,木,水,乙,未,木,土,False,False,-0.00998344398418315,2021-W28,2021-07
601288.SH,2021-07-16,2.99,3.0,-0.003333,1350142,404410.282,辛丑,乙未,乙丑,5,2021,7,1,-0.003338901265514598,0,乙,丑,木,土,乙,未,木,土,False,False,0.0033389012655146303,2021-W28,2021-07
601288.SH,2021-07-19,3.0,2.99,0.003344,1338805,401263.608,辛丑,乙未,戊辰,1,2021,7,1,0.0033389012655146303,1,戊,辰,土,土,乙,未,木,土,False,False,-0.003338901265514598,2021-W29,2021-07
601288.SH,2021-07-20,3.0,3.0,0.0,1039303,311169.848,辛丑,乙未,己巳,2,2021,7,1,0.0,0,己,巳,土,火,乙,未,木,土,False,False,0.0033389012655146303,2021-W29,2021-07
601288.SH,2021-07-21,2.99,3.0,-0.003333,1876157,560996.122,辛丑,乙未,庚午,3,2021,7,1,-0.003338901265514598,0,庚,午,金,火,乙,未,木,土,False,False,0.0,2021-W29,2021-07
601288.SH,2021-07-22,3.0,2.99,0.003344,1295344,387639.237,辛丑,乙未,辛未,4,2021,7,1,0.0033389012655146303,1,辛,未,金,土,乙,未,木,土,False,False,-0.003338901265514598,2021-W29,2021-07
601288.SH,2021-07-23,2.99,3.0,-0.003333,1632418,487867.172,辛丑,乙未,壬申,5,2021,7,1,-0.003338901265514598,0,壬,申,水,金,乙,未,木,土,False,False,0.0033389012655146303,2021-W29,2021-07
601288.SH,2021-07-26,2.98,2.99,-0.003344,2198351,655192.32,辛丑,乙未,乙亥,1,2021,7,1,-0.0033500868852820854,0,乙,亥,木,水,乙,未,木,土,False,False,-0.003338901265514598,2021-W30,2021-07
601288.SH,2021-07-27,2.96,2.98,-0.006711,2279113,677285.857,辛丑,乙未,丙子,2,2021,7,1,-0.006734032181344068,0,丙,子,火,水,乙,未,木,土,False,True,-0.0033500868852820854,2021-W30,2021-07
601288.SH,2021-07-28,2.97,2.96,0.003378,3066469,910517.894,辛丑,乙未,丁丑,3,2021,7,1,0.003372684478639377,1,丁,丑,火,土,乙,未,木,土,False,True,-0.006734032181344068,2021-W30,2021-07
601288.SH,2021-07-29,2.95,2.97,-0.006734,1634062,483543.971,辛丑,乙未,戊寅,4,2021,7,1,-0.006756782462879762,0,戊,寅,土,木,乙,未,木,土,False,True,0.003372684478639377,2021-W30,2021-07
601288.SH,2021-07-30,2.93,2.95,-0.00678,1919688,562566.712,辛丑,乙未,己卯,5,2021,7,1,-0.006802747322752523,0,己,卯,土,木,乙,未,木,土,False,True,-0.006756782462879762,2021-W30,2021-07
601288.SH,2021-08-02,2.94,2.93,0.003413,2362337,691216.078,辛丑,乙未,壬午,1,2021,8,1,0.0034071583216141346,1,壬,午,水,火,乙,未,木,土,True,False,-0.006802747322752523,2021-W31,2021-08
601288.SH,2021-08-03,2.92,2.94,-0.006803,1595357,465289.282,辛丑,乙未,癸未,2,2021,8,1,-0.006825965070399871,0,癸,未,水,土,乙,未,木,土,True,False,0.0034071583216141346,2021-W31,2021-08
601288.SH,2021-08-04,2.92,2.92,0.0,1324488,386261.293,辛丑,乙未,甲申,3,2021,8,1,0.0,0,甲,申,木,金,乙,未,木,土,True,False,-0.006825965070399871,2021-W31,2021-08
601288.SH,2021-08-05,2.9,2.92,-0.006849,1521286,442859.839,辛丑,乙未,乙酉,4,2021,8,1,-0.006872879287762064,0,乙,酉,木,金,乙,未,木,土,True,False,0.0,2021-W31,2021-08
601288.SH,2021-08-06,2.91,2.9,0.003448,1024003,297518.448,辛丑,乙未,丙戌,5,2021,8,1,0.0034423441909729197,1,丙,戌,火,土,乙,未,木,土,False,False,-0.006872879287762064,2021-W31,2021-08
601288.SH,2021-08-09,2.92,2.91,0.003436,1678234,489971.753,辛丑,丙申,己丑,1,2021,8,1,0.0034305350967892222,1,己,丑,土,土,丙,申,火,金,False,False,0.0034423441909729197,2021-W32,2021-08
601288.SH,2021-08-10,2.92,2.92,0.0,1423640,415376.861,辛丑,丙申,庚寅,2,2021,8,1,0.0,0,庚,寅,金,木,丙,申,火,金,False,False,0.0034305350967892222,2021-W32,2021-08
601288.SH,2021-08-11,2.95,2.92,0.010274,3082059,907452.856,辛丑,丙申,辛卯,3,2021,8,1,0.010221554071538227,1,辛,卯,金,木,丙,申,火,金,False,False,0.0,2021-W32,2021-08
601288.SH,2021-08-12,2.94,2.95,-0.00339,1211603,355821.44,辛丑,丙申,壬辰,4,2021,8,1,-0.003395589001138272,0,壬,辰,水,土,丙,申,火,金,False,False,0.010221554071538227,2021-W32,2021-08
601288.SH,2021-08-13,2.93,2.94,-0.003401,901282,264155.209,辛丑,丙申,癸巳,5,2021,8,1,-0.0034071583216141975,0,癸,巳,水,火,丙,申,火,金,False,False,-0.003395589001138272,2021-W32,2021-08
601288.SH,2021-08-16,2.93,2.93,0.0,1012687,297216.636,辛丑,丙申,丙申,1,2021,8,1,0.0,0,丙,申,火,金,丙,申,火,金,False,False,-0.0034071583216141975,2021-W33,2021-08
601288.SH,2021-08-17,2.93,2.93,0.0,1780377,523495.107,辛丑,丙申,丁酉,2,2021,8,1,0.0,0,丁,酉,火,金,丙,申,火,金,False,False,0.0,2021-W33,2021-08
601288.SH,2021-08-18,2.96,2.93,0.010239,2365522,697692.525,辛丑,丙申,戊戌,3,2021,8,1,0.010186845306992997,1,戊,戌,土,土,丙,申,火,金,False,False,0.0,2021-W33,2021-08
601288.SH,2021-08-19,2.94,2.96,-0.006757,1511865,445044.156,辛丑,丙申,己亥,4,2021,8,1,-0.006779686985378804,0,己,亥,土,水,丙,申,火,金,False,False,0.010186845306992997,2021-W33,2021-08
601288.SH,2021-08-20,2.96,2.94,0.006803,2118413,624720.227,辛丑,丙申,庚子,5,2021,8,1,0.006779686985378769,1,庚,子,金,水,丙,申,火,金,False,False,-0.006779686985378804,2021-W33,2021-08
601288.SH,2021-08-23,2.95,2.96,-0.003378,1273690,376144.236,辛丑,丙申,癸卯,1,2021,8,1,-0.003384097984240457,0,癸,卯,水,木,丙,申,火,金,False,False,0.006779686985378769,2021-W34,2021-08
601288.SH,2021-08-24,2.94,2.95,-0.00339,1177603,346800.506,辛丑,丙申,甲辰,2,2021,8,1,-0.003395589001138272,0,甲,辰,木,土,丙,申,火,金,False,False,-0.003384097984240457,2021-W34,2021-08
601288.SH,2021-08-25,2.93,2.94,-0.003401,1099465,322486.139,辛丑,丙申,乙巳,3,2021,8,1,-0.0034071583216141975,0,乙,巳,木,火,丙,申,火,金,False,False,-0.003395589001138272,2021-W34,2021-08
601288.SH,2021-08-26,2.92,2.93,-0.003413,1222318,357327.494,辛丑,丙申,丙午,4,2021,8,1,-0.003418806748785609,0,丙,午,火,火,丙,申,火,金,False,False,-0.0034071583216141975,2021-W34,2021-08
601288.SH,2021-08-27,2.93,2.92,0.003425,1282525,375021.949,辛丑,丙申,丁未,5,2021,8,1,0.0034188067487856823,1,丁,未,火,土,丙,申,火,金,False,True,-0.003418806748785609,2021-W34,2021-08
601288.SH,2021-08-30,2.92,2.93,-0.003413,1972912,575297.465,辛丑,丙申,庚戌,1,2021,8,1,-0.003418806748785609,0,庚,戌,金,土,丙,申,火,金,False,True,0.0034188067487856823,2021-W35,2021-08
601288.SH,2021-08-31,2.96,2.92,0.013699,2664243,783608.128,辛丑,丙申,辛亥,2,2021,8,1,0.013605652055778678,1,辛,亥,金,水,丙,申,火,金,False,True,-0.003418806748785609,2021-W35,2021-08
601288.SH,2021-09-01,2.99,2.96,0.010135,3381567,1004927.62,辛丑,丙申,壬子,3,2021,9,1,0.010084119066626226,1,壬,子,水,水,丙,申,火,金,True,False,0.013605652055778678,2021-W35,2021-09
601288.SH,2021-09-02,2.98,2.99,-0.003344,1602181,477514.053,辛丑,丙申,癸丑,4,2021,9,1,-0.0033500868852820854,0,癸,丑,水,土,丙,申,火,金,True,False,0.010084119066626226,2021-W35,2021-09
601288.SH,2021-09-03,3.01,2.98,0.010067,2172751,651084.662,辛丑,丙申,甲寅,5,2021,9,1,0.010016778243471209,1,甲,寅,木,木,丙,申,火,金,True,False,-0.0033500868852820854,2021-W35,2021-09
601288.SH,2021-09-06,3.01,3.01,0.0,1601023,481247.254,辛丑,丙申,丁巳,1,2021,9,1,0.0,0,丁,巳,火,火,丙,申,火,金,False,False,0.010016778243471209,2021-W36,2021-09
601288.SH,2021-09-07,3.02,3.01,0.003322,2456223,739318.33,辛丑,丁酉,戊午,2,2021,9,1,0.003316752625994042,1,戊,午,土,火,丁,酉,火,金,False,False,0.0,2021-W36,2021-09
601288.SH,2021-09-08,3.04,3.02,0.006623,2088002,633163.5,辛丑,丁酉,己未,3,2021,9,1,0.0066006840313520936,1,己,未,土,土,丁,酉,火,金,False,False,0.003316752625994042,2021-W36,2021-09
601288.SH,2021-09-09,3.04,3.04,0.0,1716369,521023.459,辛丑,丁酉,庚申,4,2021,9,1,0.0,0,庚,申,金,金,丁,酉,火,金,False,False,0.0066006840313520936,2021-W36,2021-09
601288.SH,2021-09-10,3.04,3.04,0.0,3263723,996707.802,辛丑,丁酉,辛酉,5,2021,9,1,0.0,0,辛,酉,金,金,丁,酉,火,金,False,False,0.0,2021-W36,2021-09
601288.SH,2021-09-13,3.03,3.04,-0.003289,2331395,706945.44,辛丑,丁酉,甲子,1,2021,9,1,-0.0032948958968526494,0,甲,子,木,水,丁,酉,火,金,False,False,0.0,2021-W37,2021-09
601288.SH,2021-09-14,2.99,3.03,-0.013201,2836145,855457.651,辛丑,丁酉,乙丑,2,2021,9,1,-0.01328923211868254,0,乙,丑,木,土,丁,酉,火,金,False,False,-0.0032948958968526494,2021-W37,2021-09
601288.SH,2021-09-15,2.98,2.99,-0.003344,2007711,599470.14,辛丑,丁酉,丙寅,3,2021,9,1,-0.0033500868852820854,0,丙,寅,火,木,丁,酉,火,金,False,False,-0.01328923211868254,2021-W37,2021-09
601288.SH,2021-09-16,2.97,2.98,-0.003356,2632774,785118.731,辛丑,丁酉,丁卯,4,2021,9,1,-0.0033613477027047717,0,丁,卯,火,木,丁,酉,火,金,False,False,-0.0033500868852820854,2021-W37,2021-09
601288.SH,2021-09-17,2.98,2.97,0.003367,1895274,564732.417,辛丑,丁酉,戊辰,5,2021,9,1,0.0033613477027047063,1,戊,辰,土,土,丁,酉,火,金,False,False,-0.0033613477027047717,2021-W37,2021-09
601288.SH,2021-09-22,2.95,2.98,-0.010067,2319195,684075.436,辛丑,丁酉,癸酉,3,2021,9,1,-0.010118130165584554,0,癸,酉,水,金,丁,酉,火,金,False,False,0.0033613477027047063,2021-W38,2021-09
601288.SH,2021-09-23,2.96,2.95,0.00339,1984368,588201.53,辛丑,丁酉,甲戌,4,2021,9,1,0.003384097984240494,1,甲,戌,木,土,丁,酉,火,金,False,False,-0.010118130165584554,2021-W38,2021-09
601288.SH,2021-09-24,2.94,2.96,-0.006757,1728572,510736.359,辛丑,丁酉,乙亥,5,2021,9,1,-0.006779686985378804,0,乙,亥,木,水,丁,酉,火,金,False,False,0.003384097984240494,2021-W38,2021-09
601288.SH,2021-09-27,2.93,2.94,-0.003401,2304529,675746.28,辛丑,丁酉,戊寅,1,2021,9,1,-0.0034071583216141975,0,戊,寅,土,木,丁,酉,火,金,False,True,-0.006779686985378804,2021-W39,2021-09
601288.SH,2021-09-28,2.95,2.93,0.006826,2160211,636695.31,辛丑,丁酉,己卯,2,2021,9,1,0.00680274732275262,1,己,卯,土,木,丁,酉,火,金,False,True,-0.0034071583216141975,2021-W39,2021-09
601288.SH,2021-09-29,2.96,2.95,0.00339,2480507,731292.488,辛丑,丁酉,庚辰,3,2021,9,1,0.003384097984240494,1,庚,辰,金,土,丁,酉,火,金,False,True,0.00680274732275262,2021-W39,2021-09
601288.SH,2021-09-30,2.94,2.96,-0.006757,2060522,606750.339,辛丑,丁酉,辛巳,4,2021,9,1,-0.006779686985378804,0,辛,巳,金,火,丁,酉,火,金,False,True,0.003384097984240494,2021-W39,2021-09
601288.SH,2021-10-08,2.96,2.94,0.006803,2600396,768969.528,辛丑,戊戌,己丑,5,2021,10,1,0.006779686985378769,1,己,丑,土,土,戊,戌,土,土,False,False,-0.006779686985378804,2021-W40,2021-10
601288.SH,2021-10-11,2.99,2.96,0.010135,3084897,920163.173,辛丑,戊戌,壬辰,1,2021,10,1,0.010084119066626226,1,壬,辰,水,土,戊,戌,土,土,False,False,0.006779686985378769,2021-W41,2021-10
601288.SH,2021-10-12,2.98,2.99,-0.003344,2406114,716972.18,辛丑,戊戌,癸巳,2,2021,10,1,-0.0033500868852820854,0,癸,巳,水,火,戊,戌,土,土,False,False,0.010084119066626226,2021-W41,2021-10
601288.SH,2021-10-13,2.96,2.98,-0.006711,1423437,422339.01,辛丑,戊戌,甲午,3,2021,10,1,-0.006734032181344068,0,甲,午,木,火,戊,戌,土,土,False,False,-0.0033500868852820854,2021-W41,2021-10
601288.SH,2021-10-14,2.95,2.96,-0.003378,1332778,393993.683,辛丑,戊戌,乙未,4,2021,10,1,-0.003384097984240457,0,乙,未,木,土,戊,戌,土,土,False,False,-0.006734032181344068,2021-W41,2021-10
601288.SH,2021-10-15,2.95,2.95,0.0,1612849,476510.435,辛丑,戊戌,丙申,5,2021,10,1,0.0,0,丙,申,火,金,戊,戌,土,土,False,False,-0.003384097984240457,2021-W41,2021-10
601288.SH,2021-10-18,2.96,2.95,0.00339,2012591,594658.945,辛丑,戊戌,己亥,1,2021,10,1,0.003384097984240494,1,己,亥,土,水,戊,戌,土,土,False,False,0.0,2021-W42,2021-10
601288.SH,2021-10-19,2.95,2.96,-0.003378,1485276,438564.134,辛丑,戊戌,庚子,2,2021,10,1,-0.003384097984240457,0,庚,子,金,水,戊,戌,土,土,False,False,0.003384097984240494,2021-W42,2021-10
601288.SH,2021-10-20,2.95,2.95,0.0,1482814,437032.269,辛丑,戊戌,辛丑,3,2021,10,1,0.0,0,辛,丑,金,土,戊,戌,土,土,False,False,-0.003384097984240457,2021-W42,2021-10
601288.SH,2021-10-21,2.97,2.95,0.00678,2357274,697813.563,辛丑,戊戌,壬寅,4,2021,10,1,0.006756782462879907,1,壬,寅,水,木,戊,戌,土,土,False,False,0.0,2021-W42,2021-10
601288.SH,2021-10-22,2.96,2.97,-0.003367,1671062,495329.577,辛丑,戊戌,癸卯,5,2021,10,1,-0.0033726844786393416,0,癸,卯,水,木,戊,戌,土,土,False,False,0.006756782462879907,2021-W42,2021-10
601288.SH,2021-10-25,2.96,2.96,0.0,1439506,425766.332,辛丑,戊戌,丙午,1,2021,10,1,0.0,0,丙,午,火,火,戊,戌,土,土,False,False,-0.0033726844786393416,2021-W43,2021-10
601288.SH,2021-10-26,2.94,2.96,-0.006757,2177354,641859.772,辛丑,戊戌,丁未,2,2021,10,1,-0.006779686985378804,0,丁,未,火,土,戊,戌,土,土,False,False,0.0,2021-W43,2021-10
601288.SH,2021-10-27,2.94,2.94,0.0,1617751,474975.183,辛丑,戊戌,戊申,3,2021,10,1,0.0,0,戊,申,土,金,戊,戌,土,土,False,True,-0.006779686985378804,2021-W43,2021-10
601288.SH,2021-10-28,2.93,2.94,-0.003401,1586692,465108.127,辛丑,戊戌,己酉,4,2021,10,1,-0.0034071583216141975,0,己,酉,土,金,戊,戌,土,土,False,True,0.0,2021-W43,2021-10
601288.SH,2021-10-29,2.94,2.93,0.003413,1487462,436756.066,辛丑,戊戌,庚戌,5,2021,10,1,0.0034071583216141346,1,庚,戌,金,土,戊,戌,土,土,False,True,-0.0034071583216141975,2021-W43,2021-10
601288.SH,2021-11-01,2.96,2.94,0.006803,2672993,788766.136,辛丑,戊戌,癸丑,1,2021,11,1,0.006779686985378769,1,癸,丑,水,土,戊,戌,土,土,True,False,0.0034071583216141346,2021-W44,2021-11
601288.SH,2021-11-02,2.93,2.96,-0.010135,3040744,894058.696,辛丑,戊戌,甲寅,2,2021,11,1,-0.010186845306993018,0,甲,寅,木,木,戊,戌,土,土,True,False,0.006779686985378769,2021-W44,2021-11
601288.SH,2021-11-03,2.93,2.93,0.0,1752127,513769.663,辛丑,戊戌,乙卯,3,2021,11,1,0.0,0,乙,卯,木,木,戊,戌,土,土,True,False,-0.010186845306993018,2021-W44,2021-11
601288.SH,2021-11-04,2.92,2.93,-0.003413,1757474,514137.107,辛丑,戊戌,丙辰,4,2021,11,1,-0.003418806748785609,0,丙,辰,火,土,戊,戌,土,土,True,False,0.0,2021-W44,2021-11
601288.SH,2021-11-05,2.92,2.92,0.0,1400457,409354.619,辛丑,戊戌,丁巳,5,2021,11,1,0.0,0,丁,巳,火,火,戊,戌,土,土,True,False,-0.003418806748785609,2021-W44,2021-11
601288.SH,2021-11-08,2.92,2.92,0.0,1334760,390205.928,辛丑,己亥,庚申,1,2021,11,1,0.0,0,庚,申,金,金,己,亥,土,水,False,False,0.0,2021-W45,2021-11
601288.SH,2021-11-09,2.92,2.92,0.0,1220665,356870.671,辛丑,己亥,辛酉,2,2021,11,1,0.0,0,辛,酉,金,金,己,亥,土,水,False,False,0.0,2021-W45,2021-11
601288.SH,2021-11-10,2.91,2.92,-0.003425,1849563,539373.113,辛丑,己亥,壬戌,3,2021,11,1,-0.0034305350967891368,0,壬,戌,水,土,己,亥,土,水,False,False,0.0,2021-W45,2021-11
601288.SH,2021-11-11,2.94,2.91,0.010309,2288790,670116.515,辛丑,己亥,癸亥,4,2021,11,1,0.010256500167189061,1,癸,亥,水,水,己,亥,土,水,False,False,-0.0034305350967891368,2021-W45,2021-11
601288.SH,2021-11-12,2.93,2.94,-0.003401,1507437,441395.622,辛丑,己亥,甲子,5,2021,11,1,-0.0034071583216141975,0,甲,子,木,水,己,亥,土,水,False,False,0.010256500167189061,2021-W45,2021-11
601288.SH,2021-11-15,2.93,2.93,0.0,1420809,416384.79,辛丑,己亥,丁卯,1,2021,11,1,0.0,0,丁,卯,火,木,己,亥,土,水,False,False,-0.0034071583216141975,2021-W46,2021-11
601288.SH,2021-11-16,2.93,2.93,0.0,1444860,423157.648,辛丑,己亥,戊辰,2,2021,11,1,0.0,0,戊,辰,土,土,己,亥,土,水,False,False,0.0,2021-W46,2021-11
601288.SH,2021-11-17,2.93,2.93,0.0,1778329,520597.5,辛丑,己亥,己巳,3,2021,11,1,0.0,0,己,巳,土,火,己,亥,土,水,False,False,0.0,2021-W46,2021-11
601288.SH,2021-11-18,2.93,2.93,0.0,1448098,424794.807,辛丑,己亥,庚午,4,2021,11,1,0.0,0,庚,午,金,火,己,亥,土,水,False,False,0.0,2021-W46,2021-11
601288.SH,2021-11-19,2.95,2.93,0.006826,2314892,680471.885,辛丑,己亥,辛未,5,2021,11,1,0.00680274732275262,1,辛,未,金,土,己,亥,土,水,False,False,0.0,2021-W46,2021-11
601288.SH,2021-11-22,2.94,2.95,-0.00339,1842326,541779.989,辛丑,己亥,甲戌,1,2021,11,1,-0.003395589001138272,0,甲,戌,木,土,己,亥,土,水,False,False,0.00680274732275262,2021-W47,2021-11
601288.SH,2021-11-23,2.94,2.94,0.0,1454401,426858.421,辛丑,己亥,乙亥,2,2021,11,1,0.0,0,乙,亥,木,水,己,亥,土,水,False,False,-0.003395589001138272,2021-W47,2021-11
601288.SH,2021-11-24,2.94,2.94,0.0,1277551,375007.912,辛丑,己亥,丙子,3,2021,11,1,0.0,0,丙,子,火,水,己,亥,土,水,False,False,0.0,2021-W47,2021-11
601288.SH,2021-11-25,2.92,2.94,-0.006803,1473214,431653.114,辛丑,己亥,丁丑,4,2021,11,1,-0.006825965070399871,0,丁,丑,火,土,己,亥,土,水,False,False,0.0,2021-W47,2021-11
601288.SH,2021-11-26,2.92,2.92,0.0,2041048,596008.249,辛丑,己亥,戊寅,5,2021,11,1,0.0,0,戊,寅,土,木,己,亥,土,水,False,True,-0.006825965070399871,2021-W47,2021-11
601288.SH,2021-11-29,2.92,2.92,0.0,2426868,707234.678,辛丑,己亥,辛巳,1,2021,11,1,0.0,0,辛,巳,金,火,己,亥,土,水,False,True,0.0,2021-W48,2021-11
601288.SH,2021-11-30,2.91,2.92,-0.003425,1969398,573780.632,辛丑,己亥,壬午,2,2021,11,1,-0.0034305350967891368,0,壬,午,水,火,己,亥,土,水,False,True,0.0,2021-W48,2021-11
601288.SH,2021-12-01,2.93,2.91,0.006873,1810932,529354.121,辛丑,己亥,癸未,3,2021,12,1,0.006849341845574768,1,癸,未,水,土,己,亥,土,水,True,False,-0.0034305350967891368,2021-W48,2021-12
601288.SH,2021-12-02,2.93,2.93,0.0,1802016,526986.742,辛丑,己亥,甲申,4,2021,12,1,0.0,0,甲,申,木,金,己,亥,土,水,True,False,0.006849341845574768,2021-W48,2021-12
601288.SH,2021-12-03,2.93,2.93,0.0,1576915,461163.779,辛丑,己亥,乙酉,5,2021,12,1,0.0,0,乙,酉,木,金,己,亥,土,水,True,False,0.0,2021-W48,2021-12
601288.SH,2021-12-06,2.93,2.93,0.0,2165852,635246.465,辛丑,己亥,戊子,1,2021,12,1,0.0,0,戊,子,土,水,己,亥,土,水,False,False,0.0,2021-W49,2021-12
601288.SH,2021-12-07,2.94,2.93,0.003413,3022806,888732.615,辛丑,庚子,己丑,2,2021,12,1,0.0034071583216141346,1,己,丑,土,土,庚,子,金,水,False,False,0.0,2021-W49,2021-12
601288.SH,2021-12-08,2.93,2.94,-0.003401,2561223,751441.425,辛丑,庚子,庚寅,3,2021,12,1,-0.0034071583216141975,0,庚,寅,金,木,庚,子,金,水,False,False,0.0034071583216141346,2021-W49,2021-12
601288.SH,2021-12-09,2.95,2.93,0.006826,3287483,967615.114,辛丑,庚子,辛卯,4,2021,12,1,0.00680274732275262,1,辛,卯,金,木,庚,子,金,水,False,False,-0.0034071583216141975,2021-W49,2021-12
601288.SH,2021-12-10,2.94,2.95,-0.00339,3422934,1008094.285,辛丑,庚子,壬辰,5,2021,12,1,-0.003395589001138272,0,壬,辰,水,土,庚,子,金,水,False,False,0.00680274732275262,2021-W49,2021-12
601288.SH,2021-12-13,2.93,2.94,-0.003401,2575867,757737.433,辛丑,庚子,乙未,1,2021,12,1,-0.0034071583216141975,0,乙,未,木,土,庚,子,金,水,False,False,-0.003395589001138272,2021-W50,2021-12
601288.SH,2021-12-14,2.93,2.93,0.0,2424295,711139.283,辛丑,庚子,丙申,2,2021,12,1,0.0,0,丙,申,火,金,庚,子,金,水,False,False,-0.0034071583216141975,2021-W50,2021-12
601288.SH,2021-12-15,2.93,2.93,0.0,2405472,703990.435,辛丑,庚子,丁酉,3,2021,12,1,0.0,0,丁,酉,火,金,庚,子,金,水,False,False,0.0,2021-W50,2021-12
601288.SH,2021-12-16,2.94,2.93,0.003413,2524123,740494.978,辛丑,庚子,戊戌,4,2021,12,1,0.0034071583216141346,1,戊,戌,土,土,庚,子,金,水,False,False,0.0,2021-W50,2021-12
601288.SH,2021-12-17,2.93,2.94,-0.003401,2102581,616808.822,辛丑,庚子,己亥,5,2021,12,1,-0.0034071583216141975,0,己,亥,土,水,庚,子,金,水,False,False,0.0034071583216141346,2021-W50,2021-12
601288.SH,2021-12-20,2.94,2.93,0.003413,1757761,516219.775,辛丑,庚子,壬寅,1,2021,12,1,0.0034071583216141346,1,壬,寅,水,木,庚,子,金,水,False,False,-0.0034071583216141975,2021-W51,2021-12
601288.SH,2021-12-21,2.94,2.94,0.0,2765155,814104.655,辛丑,庚子,癸卯,2,2021,12,1,0.0,0,癸,卯,水,木,庚,子,金,水,False,False,0.0034071583216141346,2021-W51,2021-12
601288.SH,2021-12-22,2.94,2.94,0.0,2350068,692520.59,辛丑,庚子,甲辰,3,2021,12,1,0.0,0,甲,辰,木,土,庚,子,金,水,False,False,0.0,2021-W51,2021-12
601288.SH,2021-12-23,2.94,2.94,0.0,1640132,482534.694,辛丑,庚子,乙巳,4,2021,12,1,0.0,0,乙,巳,木,火,庚,子,金,水,False,False,0.0,2021-W51,2021-12
601288.SH,2021-12-24,2.94,2.94,0.0,1331792,391172.26,辛丑,庚子,丙午,5,2021,12,1,0.0,0,丙,午,火,火,庚,子,金,水,False,False,0.0,2021-W51,2021-12
601288.SH,2021-12-27,2.94,2.94,0.0,1310715,384839.281,辛丑,庚子,己酉,1,2021,12,1,0.0,0,己,酉,土,金,庚,子,金,水,False,True,0.0,2021-W52,2021-12
601288.SH,2021-12-28,2.95,2.94,0.003401,2946584,868094.785,辛丑,庚子,庚戌,2,2021,12,1,0.0033955890011383287,1,庚,戌,金,土,庚,子,金,水,False,True,0.0,2021-W52,2021-12
601288.SH,2021-12-29,2.94,2.95,-0.00339,1619991,476009.268,辛丑,庚子,辛亥,3,2021,12,1,-0.003395589001138272,0,辛,亥,金,水,庚,子,金,水,False,True,0.0033955890011383287,2021-W52,2021-12
601288.SH,2021-12-30,2.94,2.94,0.0,1830234,537349.469,辛丑,庚子,壬子,4,2021,12,1,0.0,0,壬,子,水,水,庚,子,金,水,False,True,-0.003395589001138272,2021-W52,2021-12
601288.SH,2021-12-31,2.94,2.94,0.0,1073074,315010.03,辛丑,庚子,癸丑,5,2021,12,1,0.0,0,癸,丑,水,土,庚,子,金,水,False,True,0.0,2021-W52,2021-12
601288.SH,2022-01-04,2.94,2.94,0.0,2310244,679017.95,辛丑,庚子,丁巳,2,2022,1,1,0.0,0,丁,巳,火,火,庚,子,金,水,True,False,0.0,2022-W01,2022-01
601288.SH,2022-01-05,2.97,2.94,0.010204,4724650,1398675.655,辛丑,辛丑,戊午,3,2022,1,1,0.010152371464018128,1,戊,午,土,火,辛,丑,金,土,True,False,0.0,2022-W01,2022-01
601288.SH,2022-01-06,2.96,2.97,-0.003367,2214268,656735.414,辛丑,辛丑,己未,4,2022,1,1,-0.0033726844786393416,0,己,未,土,土,辛,丑,金,土,False,False,0.010152371464018128,2022-W01,2022-01
601288.SH,2022-01-07,2.99,2.96,0.010135,4190490,1249574.466,辛丑,辛丑,庚申,5,2022,1,1,0.010084119066626226,1,庚,申,金,金,辛,丑,金,土,False,False,-0.0033726844786393416,2022-W01,2022-01
601288.SH,2022-01-10,2.99,2.99,0.0,3135206,938625.586,辛丑,辛丑,癸亥,1,2022,1,1,0.0,0,癸,亥,水,水,辛,丑,金,土,False,False,0.010084119066626226,2022-W02,2022-01
601288.SH,2022-01-11,3.0,2.99,0.003344,2427763,728641.238,辛丑,辛丑,甲子,2,2022,1,1,0.0033389012655146303,1,甲,子,木,水,辛,丑,金,土,False,False,0.0,2022-W02,2022-01
601288.SH,2022-01-12,2.98,3.0,-0.006667,2532623,755871.613,辛丑,辛丑,乙丑,3,2022,1,1,-0.006688988150796652,0,乙,丑,木,土,辛,丑,金,土,False,False,0.0033389012655146303,2022-W02,2022-01
601288.SH,2022-01-13,3.01,2.98,0.010067,3369837,1011846.583,辛丑,辛丑,丙寅,4,2022,1,1,0.010016778243471209,1,丙,寅,火,木,辛,丑,金,土,False,False,-0.006688988150796652,2022-W02,2022-01
601288.SH,2022-01-14,2.97,3.01,-0.013289,3132315,934219.573,辛丑,辛丑,丁卯,5,2022,1,1,-0.013378125946175974,0,丁,卯,火,木,辛,丑,金,土,False,False,0.010016778243471209,2022-W02,2022-01
601288.SH,2022-01-17,2.95,2.97,-0.006734,2017546,596789.939,辛丑,辛丑,庚午,1,2022,1,1,-0.006756782462879762,0,庚,午,金,火,辛,丑,金,土,False,False,-0.013378125946175974,2022-W03,2022-01
601288.SH,2022-01-18,2.99,2.95,0.013559,2973020,882677.889,辛丑,辛丑,辛未,2,2022,1,1,0.013468217050866609,1,辛,未,金,土,辛,丑,金,土,False,False,-0.006756782462879762,2022-W03,2022-01
601288.SH,2022-01-19,2.98,2.99,-0.003344,2155923,643322.952,辛丑,辛丑,壬申,3,2022,1,1,-0.0033500868852820854,0,壬,申,水,金,辛,丑,金,土,False,False,0.013468217050866609,2022-W03,2022-01
601288.SH,2022-01-20,3.0,2.98,0.006711,3611030,1083894.311,辛丑,辛丑,癸酉,4,2022,1,1,0.00668898815079671,1,癸,酉,水,金,辛,丑,金,土,False,False,-0.0033500868852820854,2022-W03,2022-01
601288.SH,2022-01-21,3.0,3.0,0.0,2287637,683519.554,辛丑,辛丑,甲戌,5,2022,1,1,0.0,0,甲,戌,木,土,辛,丑,金,土,False,False,0.00668898815079671,2022-W03,2022-01
601288.SH,2022-01-24,2.99,3.0,-0.003333,2873471,858239.146,辛丑,辛丑,丁丑,1,2022,1,1,-0.003338901265514598,0,丁,丑,火,土,辛,丑,金,土,False,False,0.0,2022-W04,2022-01
601288.SH,2022-01-25,2.95,2.99,-0.013378,2748279,815030.119,辛丑,辛丑,戊寅,2,2022,1,1,-0.013468217050866593,0,戊,寅,土,木,辛,丑,金,土,False,False,-0.003338901265514598,2022-W04,2022-01
601288.SH,2022-01-26,2.96,2.95,0.00339,2319472,685802.151,辛丑,辛丑,己卯,3,2022,1,1,0.003384097984240494,1,己,卯,土,木,辛,丑,金,土,False,False,-0.013468217050866593,2022-W04,2022-01
601288.SH,2022-01-27,2.95,2.96,-0.003378,3112173,919160.094,辛丑,辛丑,庚辰,4,2022,1,1,-0.003384097984240457,0,庚,辰,金,土,辛,丑,金,土,False,True,0.003384097984240494,2022-W04,2022-01
601288.SH,2022-01-28,2.96,2.95,0.00339,3668890,1088860.12,辛丑,辛丑,辛巳,5,2022,1,1,0.003384097984240494,1,辛,巳,金,火,辛,丑,金,土,False,True,-0.003384097984240457,2022-W04,2022-01
601288.SH,2022-02-07,3.0,2.96,0.013514,3503654,1049043.069,壬寅,壬寅,辛卯,1,2022,2,1,0.013423020332140769,1,辛,卯,金,木,壬,寅,水,木,False,False,0.003384097984240494,2022-W06,2022-02
601288.SH,2022-02-08,3.06,3.0,0.02,5738496,1747192.482,壬寅,壬寅,壬辰,2,2022,2,1,0.01980262729617973,1,壬,辰,水,土,壬,寅,水,木,False,False,0.013423020332140769,2022-W06,2022-02
601288.SH,2022-02-09,3.05,3.06,-0.003268,4156029,1271945.214,壬寅,壬寅,癸巳,3,2022,2,1,-0.003273325344969249,0,癸,巳,水,火,壬,寅,水,木,False,False,0.01980262729617973,2022-W06,2022-02
601288.SH,2022-02-10,3.08,3.05,0.009836,3321913,1017759.229,壬寅,壬寅,甲午,4,2022,2,1,0.009788006366162944,1,甲,午,木,火,壬,寅,水,木,False,False,-0.003273325344969249,2022-W06,2022-02
601288.SH,2022-02-11,3.08,3.08,0.0,3387087,1042018.814,壬寅,壬寅,乙未,5,2022,2,1,0.0,0,乙,未,木,土,壬,寅,水,木,False,False,0.009788006366162944,2022-W06,2022-02
601288.SH,2022-02-14,3.04,3.08,-0.012987,3397755,1036194.895,壬寅,壬寅,戊戌,1,2022,2,1,-0.013072081567352775,0,戊,戌,土,土,壬,寅,水,木,False,False,0.0,2022-W07,2022-02
601288.SH,2022-02-15,3.02,3.04,-0.006579,3123907,948451.793,壬寅,壬寅,己亥,2,2022,2,1,-0.006600684031352024,0,己,亥,土,水,壬,寅,水,木,False,False,-0.013072081567352775,2022-W07,2022-02
601288.SH,2022-02-16,3.04,3.02,0.006623,1845041,560434.318,壬寅,壬寅,庚子,3,2022,2,1,0.0066006840313520936,1,庚,子,金,水,壬,寅,水,木,False,False,-0.006600684031352024,2022-W07,2022-02
601288.SH,2022-02-17,3.04,3.04,0.0,2678942,815437.965,壬寅,壬寅,辛丑,4,2022,2,1,0.0,0,辛,丑,金,土,壬,寅,水,木,False,False,0.0066006840313520936,2022-W07,2022-02
601288.SH,2022-02-18,3.05,3.04,0.003289,1879300,571265.356,壬寅,壬寅,壬寅,5,2022,2,1,0.0032840752011897975,1,壬,寅,水,木,壬,寅,水,木,False,False,0.0,2022-W07,2022-02
601288.SH,2022-02-21,3.03,3.05,-0.006557,1853321,562213.437,壬寅,壬寅,乙巳,1,2022,2,1,-0.006578971098042511,0,乙,巳,木,火,壬,寅,水,木,False,False,0.0032840752011897975,2022-W08,2022-02
601288.SH,2022-02-22,3.01,3.03,-0.006601,1966749,593734.791,壬寅,壬寅,丙午,2,2022,2,1,-0.006622540760493382,0,丙,午,火,火,壬,寅,水,木,False,False,-0.006578971098042511,2022-W08,2022-02
601288.SH,2022-02-23,3.01,3.01,0.0,2427223,729779.727,壬寅,壬寅,丁未,3,2022,2,1,0.0,0,丁,未,火,土,壬,寅,水,木,False,False,-0.006622540760493382,2022-W08,2022-02
601288.SH,2022-02-24,2.97,3.01,-0.013289,3393577,1014393.167,壬寅,壬寅,戊申,4,2022,2,1,-0.013378125946175974,0,戊,申,土,金,壬,寅,水,木,False,True,0.0,2022-W08,2022-02
601288.SH,2022-02-25,2.97,2.97,0.0,3150082,936673.846,壬寅,壬寅,己酉,5,2022,2,1,0.0,0,己,酉,土,金,壬,寅,水,木,False,True,-0.013378125946175974,2022-W08,2022-02
601288.SH,2022-02-28,2.98,2.97,0.003367,2508246,745574.453,壬寅,壬寅,壬子,1,2022,2,1,0.0033613477027047063,1,壬,子,水,水,壬,寅,水,木,False,True,0.0,2022-W09,2022-02
601288.SH,2022-03-01,3.0,2.98,0.006711,2117196,632665.208,壬寅,壬寅,癸丑,2,2022,3,1,0.00668898815079671,1,癸,丑,水,土,壬,寅,水,木,True,False,0.0033613477027047063,2022-W09,2022-03
601288.SH,2022-03-02,3.0,3.0,0.0,1900071,569001.159,壬寅,壬寅,甲寅,3,2022,3,1,0.0,0,甲,寅,木,木,壬,寅,水,木,True,False,0.00668898815079671,2022-W09,2022-03
601288.SH,2022-03-03,3.01,3.0,0.003333,2239996,674048.873,壬寅,壬寅,乙卯,4,2022,3,1,0.0033277900926745245,1,乙,卯,木,木,壬,寅,水,木,True,False,0.0,2022-W09,2022-03
601288.SH,2022-03-04,3.0,3.01,-0.003322,2518340,755122.373,壬寅,壬寅,丙辰,5,2022,3,1,-0.0033277900926745796,0,丙,辰,火,土,壬,寅,水,木,True,False,0.0033277900926745245,2022-W09,2022-03
601288.SH,2022-03-07,2.97,3.0,-0.01,3256040,971876.343,壬寅,癸卯,己未,1,2022,3,1,-0.010050335853501338,0,己,未,土,土,癸,卯,水,木,False,False,-0.0033277900926745796,2022-W10,2022-03
601288.SH,2022-03-08,2.97,2.97,0.0,3376255,1002979.905,壬寅,癸卯,庚申,2,2022,3,1,0.0,0,庚,申,金,金,癸,卯,水,木,False,False,-0.010050335853501338,2022-W10,2022-03
601288.SH,2022-03-09,2.94,2.97,-0.010101,4369285,1292044.697,壬寅,癸卯,辛酉,3,2022,3,1,-0.010152371464018073,0,辛,酉,金,金,癸,卯,水,木,False,False,0.0,2022-W10,2022-03
601288.SH,2022-03-10,2.94,2.94,0.0,2222318,656136.81,壬寅,癸卯,壬戌,4,2022,3,1,0.0,0,壬,戌,水,土,癸,卯,水,木,False,False,-0.010152371464018073,2022-W10,2022-03
601288.SH,2022-03-11,2.97,2.94,0.010204,3726251,1098998.923,壬寅,癸卯,癸亥,5,2022,3,1,0.010152371464018128,1,癸,亥,水,水,癸,卯,水,木,False,False,0.0,2022-W10,2022-03
601288.SH,2022-03-14,2.97,2.97,0.0,3993175,1190179.365,壬寅,癸卯,丙寅,1,2022,3,1,0.0,0,丙,寅,火,木,癸,卯,水,木,False,False,0.010152371464018128,2022-W11,2022-03
601288.SH,2022-03-15,2.93,2.97,-0.013468,4766698,1402847.296,壬寅,癸卯,丁卯,2,2022,3,1,-0.013559529785632362,0,丁,卯,火,木,癸,卯,水,木,False,False,0.0,2022-W11,2022-03
601288.SH,2022-03-16,2.94,2.93,0.003413,4194328,1226601.593,壬寅,癸卯,戊辰,3,2022,3,1,0.0034071583216141346,1,戊,辰,土,土,癸,卯,水,木,False,False,-0.013559529785632362,2022-W11,2022-03
601288.SH,2022-03-17,2.93,2.94,-0.003401,4070341,1193908.457,壬寅,癸卯,己巳,4,2022,3,1,-0.0034071583216141975,0,己,巳,土,火,癸,卯,水,木,False,False,0.0034071583216141346,2022-W11,2022-03
601288.SH,2022-03-18,2.96,2.93,0.010239,4126359,1217035.716,壬寅,癸卯,庚午,5,2022,3,1,0.010186845306992997,1,庚,午,金,火,癸,卯,水,木,False,False,-0.0034071583216141975,2022-W11,2022-03
601288.SH,2022-03-21,2.94,2.96,-0.006757,2114648,624082.62,壬寅,癸卯,癸酉,1,2022,3,1,-0.006779686985378804,0,癸,酉,水,金,癸,卯,水,木,False,False,0.010186845306992997,2022-W12,2022-03
601288.SH,2022-03-22,2.99,2.94,0.017007,3911381,1163591.856,壬寅,癸卯,甲戌,2,2022,3,1,0.016863806052004944,1,甲,戌,木,土,癸,卯,水,木,False,False,-0.006779686985378804,2022-W12,2022-03
601288.SH,2022-03-23,2.99,2.99,0.0,2324451,692924.579,壬寅,癸卯,乙亥,3,2022,3,1,0.0,0,乙,亥,木,水,癸,卯,水,木,False,False,0.016863806052004944,2022-W12,2022-03
601288.SH,2022-03-24,2.99,2.99,0.0,1941442,579873.824,壬寅,癸卯,丙子,4,2022,3,1,0.0,0,丙,子,火,水,癸,卯,水,木,False,False,0.0,2022-W12,2022-03
601288.SH,2022-03-25,2.98,2.99,-0.003344,2021454,603601.82,壬寅,癸卯,丁丑,5,2022,3,1,-0.0033500868852820854,0,丁,丑,火,土,癸,卯,水,木,False,False,0.0,2022-W12,2022-03
601288.SH,2022-03-28,3.02,2.98,0.013423,3580567,1072064.444,壬寅,癸卯,庚辰,1,2022,3,1,0.013333530869465168,1,庚,辰,金,土,癸,卯,水,木,False,True,-0.0033500868852820854,2022-W13,2022-03
601288.SH,2022-03-29,3.03,3.02,0.003311,2120655,640843.422,壬寅,癸卯,辛巳,2,2022,3,1,0.0033057881344994103,1,辛,巳,金,火,癸,卯,水,木,False,True,0.013333530869465168,2022-W13,2022-03
601288.SH,2022-03-30,3.05,3.03,0.006601,3934578,1195879.519,壬寅,癸卯,壬午,3,2022,3,1,0.0065789710980425605,1,壬,午,水,火,癸,卯,水,木,False,True,0.0033057881344994103,2022-W13,2022-03
601288.SH,2022-03-31,3.08,3.05,0.009836,5375238,1652024.736,壬寅,癸卯,癸未,4,2022,3,1,0.009788006366162944,1,癸,未,水,土,癸,卯,水,木,False,True,0.0065789710980425605,2022-W13,2022-03
601288.SH,2022-04-01,3.08,3.08,0.0,3264421,1004120.543,壬寅,癸卯,甲申,5,2022,4,1,0.0,0,甲,申,木,金,癸,卯,水,木,True,False,0.009788006366162944,2022-W13,2022-04
601288.SH,2022-04-06,3.1,3.08,0.006494,4731533,1463006.102,壬寅,甲辰,己丑,3,2022,4,1,0.00647251450561752,1,己,丑,土,土,甲,辰,木,土,False,False,0.0,2022-W14,2022-04
601288.SH,2022-04-07,3.09,3.1,-0.003226,3794811,1174165.397,壬寅,甲辰,庚寅,4,2022,4,1,-0.003231020581446532,0,庚,寅,金,木,甲,辰,木,土,False,False,0.00647251450561752,2022-W14,2022-04
601288.SH,2022-04-08,3.1,3.09,0.003236,2871153,887205.985,壬寅,甲辰,辛卯,5,2022,4,1,0.00323102058144654,1,辛,卯,金,木,甲,辰,木,土,False,False,-0.003231020581446532,2022-W14,2022-04
601288.SH,2022-04-11,3.07,3.1,-0.009677,3480357,1073167.281,壬寅,甲辰,甲午,1,2022,4,1,-0.009724549891994857,0,甲,午,木,火,甲,辰,木,土,False,False,0.00323102058144654,2022-W15,2022-04
601288.SH,2022-04-12,3.08,3.07,0.003257,4010616,1232481.326,壬寅,甲辰,乙未,2,2022,4,1,0.003252035386377316,1,乙,未,木,土,甲,辰,木,土,False,False,-0.009724549891994857,2022-W15,2022-04
601288.SH,2022-04-13,3.07,3.08,-0.003247,3466609,1067402.107,壬寅,甲辰,丙申,3,2022,4,1,-0.0032520353863773432,0,丙,申,火,金,甲,辰,木,土,False,False,0.003252035386377316,2022-W15,2022-04
601288.SH,2022-04-14,3.07,3.07,0.0,3300502,1016159.964,壬寅,甲辰,丁酉,4,2022,4,1,0.0,0,丁,酉,火,金,甲,辰,木,土,False,False,-0.0032520353863773432,2022-W15,2022-04
601288.SH,2022-04-15,3.07,3.07,0.0,3495086,1074233.555,壬寅,甲辰,戊戌,5,2022,4,1,0.0,0,戊,戌,土,土,甲,辰,木,土,False,False,0.0,2022-W15,2022-04
601288.SH,2022-04-18,3.04,3.07,-0.009772,2740758,836206.691,壬寅,甲辰,辛丑,1,2022,4,1,-0.009820046180975348,0,辛,丑,金,土,甲,辰,木,土,False,False,0.0,2022-W16,2022-04
601288.SH,2022-04-19,3.06,3.04,0.006579,2482612,756312.711,壬寅,甲辰,壬寅,2,2022,4,1,0.00655740054615904,1,壬,寅,水,木,甲,辰,木,土,False,False,-0.009820046180975348,2022-W16,2022-04
601288.SH,2022-04-20,3.06,3.06,0.0,3002546,920536.209,壬寅,甲辰,癸卯,3,2022,4,1,0.0,0,癸,卯,水,木,甲,辰,木,土,False,False,0.00655740054615904,2022-W16,2022-04
601288.SH,2022-04-21,3.07,3.06,0.003268,4155648,1279543.48,壬寅,甲辰,甲辰,4,2022,4,1,0.0032626456348163694,1,甲,辰,木,土,甲,辰,木,土,False,False,0.0,2022-W16,2022-04
601288.SH,2022-04-22,3.09,3.07,0.006515,3320529,1026526.656,壬寅,甲辰,乙巳,5,2022,4,1,0.0064935293105483115,1,乙,巳,木,火,甲,辰,木,土,False,False,0.0032626456348163694,2022-W16,2022-04
601288.SH,2022-04-25,3.06,3.09,-0.009709,5281444,1629370.812,壬寅,甲辰,戊申,1,2022,4,1,-0.009756174945364572,0,戊,申,土,金,甲,辰,木,土,False,False,0.0064935293105483115,2022-W17,2022-04
601288.SH,2022-04-26,3.07,3.06,0.003268,4623295,1417173.943,壬寅,甲辰,己酉,2,2022,4,1,0.0032626456348163694,1,己,酉,土,金,甲,辰,木,土,False,True,-0.009756174945364572,2022-W17,2022-04
601288.SH,2022-04-27,3.03,3.07,-0.013029,4625165,1402604.985,壬寅,甲辰,庚戌,3,2022,4,1,-0.013114942077828018,0,庚,戌,金,土,甲,辰,木,土,False,True,0.0032626456348163694,2022-W17,2022-04
601288.SH,2022-04-28,3.06,3.03,0.009901,4536610,1383331.667,壬寅,甲辰,辛亥,4,2022,4,1,0.00985229644301164,1,辛,亥,金,水,甲,辰,木,土,False,True,-0.013114942077828018,2022-W17,2022-04
601288.SH,2022-04-29,3.06,3.06,0.0,3994061,1221337.974,壬寅,甲辰,壬子,5,2022,4,1,0.0,0,壬,子,水,水,甲,辰,木,土,False,True,0.00985229644301164,2022-W17,2022-04
601288.SH,2022-05-05,3.08,3.06,0.006536,3769362,1158006.906,壬寅,乙巳,戊午,4,2022,5,1,0.006514681021193672,1,戊,午,土,火,乙,巳,木,火,True,False,0.0,2022-W18,2022-05
601288.SH,2022-05-06,3.05,3.08,-0.00974,2397381,733640.207,壬寅,乙巳,己未,5,2022,5,1,-0.009788006366162932,0,己,未,土,土,乙,巳,木,火,False,False,0.006514681021193672,2022-W18,2022-05
601288.SH,2022-05-09,3.07,3.05,0.006557,2180898,668322.007,壬寅,乙巳,壬戌,1,2022,5,1,0.006535970979785449,1,壬,戌,水,土,乙,巳,木,火,False,False,-0.009788006366162932,2022-W19,2022-05
601288.SH,2022-05-10,3.09,3.07,0.006515,3897461,1199441.362,壬寅,乙巳,癸亥,2,2022,5,1,0.0064935293105483115,1,癸,亥,水,水,乙,巳,木,火,False,False,0.006535970979785449,2022-W19,2022-05
601288.SH,2022-05-11,3.05,3.09,-0.012945,4317287,1320956.827,壬寅,乙巳,甲子,3,2022,5,1,-0.013029500290333796,0,甲,子,木,水,乙,巳,木,火,False,False,0.0064935293105483115,2022-W19,2022-05
601288.SH,2022-05-12,3.03,3.05,-0.006557,2288677,695171.188,壬寅,乙巳,乙丑,4,2022,5,1,-0.006578971098042511,0,乙,丑,木,土,乙,巳,木,火,False,False,-0.013029500290333796,2022-W19,2022-05
601288.SH,2022-05-13,3.05,3.03,0.006601,2025606,616478.999,壬寅,乙巳,丙寅,5,2022,5,1,0.0065789710980425605,1,丙,寅,火,木,乙,巳,木,火,False,False,-0.006578971098042511,2022-W19,2022-05
601288.SH,2022-05-16,3.04,3.05,-0.003279,3102146,943003.613,壬寅,乙巳,己巳,1,2022,5,1,-0.0032840752011898846,0,己,巳,土,火,乙,巳,木,火,False,False,0.0065789710980425605,2022-W20,2022-05
601288.SH,2022-05-17,3.02,3.04,-0.006579,4593532,1391228.679,壬寅,乙巳,庚午,2,2022,5,1,-0.006600684031352024,0,庚,午,金,火,乙,巳,木,火,False,False,-0.0032840752011898846,2022-W20,2022-05
601288.SH,2022-05-18,3.02,3.02,0.0,1965474,592678.325,壬寅,乙巳,辛未,3,2022,5,1,0.0,0,辛,未,金,土,乙,巳,木,火,False,False,-0.006600684031352024,2022-W20,2022-05
601288.SH,2022-05-19,3.02,3.02,0.0,2840914,855967.119,壬寅,乙巳,壬申,4,2022,5,1,0.0,0,壬,申,水,金,乙,巳,木,火,False,False,0.0,2022-W20,2022-05
601288.SH,2022-05-20,3.02,3.02,0.0,3626823,1095165.725,壬寅,乙巳,癸酉,5,2022,5,1,0.0,0,癸,酉,水,金,乙,巳,木,火,False,False,0.0,2022-W20,2022-05
601288.SH,2022-05-23,3.01,3.02,-0.003311,2725284,821570.266,壬寅,乙巳,丙子,1,2022,5,1,-0.003316752625994038,0,丙,子,火,水,乙,巳,木,火,False,False,0.0,2022-W21,2022-05
601288.SH,2022-05-24,3.03,3.01,0.006645,3960478,1195759.81,壬寅,乙巳,丁丑,2,2022,5,1,0.006622540760493457,1,丁,丑,火,土,乙,巳,木,火,False,False,-0.003316752625994038,2022-W21,2022-05
601288.SH,2022-05-25,3.03,3.03,0.0,2540751,768892.277,壬寅,乙巳,戊寅,3,2022,5,1,0.0,0,戊,寅,土,木,乙,巳,木,火,False,False,0.006622540760493457,2022-W21,2022-05
601288.SH,2022-05-26,3.04,3.03,0.0033,2993351,907548.402,壬寅,乙巳,己卯,4,2022,5,1,0.0032948958968527058,1,己,卯,土,木,乙,巳,木,火,False,False,0.0,2022-W21,2022-05
601288.SH,2022-05-27,3.04,3.04,0.0,2236788,679071.594,壬寅,乙巳,庚辰,5,2022,5,1,0.0,0,庚,辰,金,土,乙,巳,木,火,False,True,0.0032948958968527058,2022-W21,2022-05
601288.SH,2022-05-30,3.02,3.04,-0.006579,3605474,1091736.012,壬寅,乙巳,癸未,1,2022,5,1,-0.006600684031352024,0,癸,未,水,土,乙,巳,木,火,False,True,0.0,2022-W22,2022-05
601288.SH,2022-05-31,3.03,3.02,0.003311,3742772,1131819.167,壬寅,乙巳,甲申,2,2022,5,1,0.0033057881344994103,1,甲,申,木,金,乙,巳,木,火,False,True,-0.006600684031352024,2022-W22,2022-05
601288.SH,2022-06-01,3.01,3.03,-0.006601,2550564,770212.666,壬寅,乙巳,乙酉,3,2022,6,1,-0.006622540760493382,0,乙,酉,木,金,乙,巳,木,火,True,False,0.0033057881344994103,2022-W22,2022-06
601288.SH,2022-06-02,3.01,3.01,0.0,2487739,749808.324,壬寅,乙巳,丙戌,4,2022,6,1,0.0,0,丙,戌,火,土,乙,巳,木,火,True,False,-0.006622540760493382,2022-W22,2022-06
601288.SH,2022-06-06,2.99,3.01,-0.006645,4856099,1455457.067,壬寅,丙午,庚寅,1,2022,6,1,-0.006666691358189122,0,庚,寅,金,木,丙,午,火,火,False,False,0.0,2022-W23,2022-06
601288.SH,2022-06-07,2.99,2.99,0.0,2876002,860823.004,壬寅,丙午,辛卯,2,2022,6,1,0.0,0,辛,卯,金,木,丙,午,火,火,False,False,-0.006666691358189122,2022-W23,2022-06
601288.SH,2022-06-08,2.99,2.99,0.0,3349121,1001564.838,壬寅,丙午,壬辰,3,2022,6,1,0.0,0,壬,辰,水,土,丙,午,火,火,False,False,0.0,2022-W23,2022-06
601288.SH,2022-06-09,3.0,2.99,0.003344,3069064,918840.145,壬寅,丙午,癸巳,4,2022,6,1,0.0033389012655146303,1,癸,巳,水,火,丙,午,火,火,False,False,0.0,2022-W23,2022-06
601288.SH,2022-06-10,3.02,3.0,0.006667,5745917,1727560.399,壬寅,丙午,甲午,5,2022,6,1,0.006644542718668511,1,甲,午,木,火,丙,午,火,火,False,False,0.0033389012655146303,2022-W23,2022-06
601288.SH,2022-06-13,3.0,3.02,-0.006623,3444409,1033130.134,壬寅,丙午,丁酉,1,2022,6,1,-0.006644542718668613,0,丁,酉,火,金,丙,午,火,火,False,False,0.006644542718668511,2022-W24,2022-06
601288.SH,2022-06-14,3.02,3.0,0.006667,3682059,1104823.288,壬寅,丙午,戊戌,2,2022,6,1,0.006644542718668511,1,戊,戌,土,土,丙,午,火,火,False,False,-0.006644542718668613,2022-W24,2022-06
601288.SH,2022-06-15,3.03,3.02,0.003311,5268336,1598234.403,壬寅,丙午,己亥,3,2022,6,1,0.0033057881344994103,1,己,亥,土,水,丙,午,火,火,False,False,0.006644542718668511,2022-W24,2022-06
601288.SH,2022-06-16,3.0,3.03,-0.009901,3736591,1128270.109,壬寅,丙午,庚子,4,2022,6,1,-0.00995033085316798,0,庚,子,金,水,丙,午,火,火,False,False,0.0033057881344994103,2022-W24,2022-06
601288.SH,2022-06-17,3.01,3.0,0.003333,3048673,917163.06,壬寅,丙午,辛丑,5,2022,6,1,0.0033277900926745245,1,辛,丑,金,土,丙,午,火,火,False,False,-0.00995033085316798,2022-W24,2022-06
601288.SH,2022-06-20,3.0,3.01,-0.003322,2840486,853305.443,壬寅,丙午,甲辰,1,2022,6,1,-0.0033277900926745796,0,甲,辰,木,土,丙,午,火,火,False,False,0.0033277900926745245,2022-W25,2022-06
601288.SH,2022-06-21,3.01,3.0,0.003333,3437953,1033304.696,壬寅,丙午,乙巳,2,2022,6,1,0.0033277900926745245,1,乙,巳,木,火,丙,午,火,火,False,False,-0.0033277900926745796,2022-W25,2022-06
601288.SH,2022-06-22,3.01,3.01,0.0,3141313,947542.218,壬寅,丙午,丙午,3,2022,6,1,0.0,0,丙,午,火,火,丙,午,火,火,False,False,0.0033277900926745245,2022-W25,2022-06
601288.SH,2022-06-23,3.02,3.01,0.003322,3416264,1030959.186,壬寅,丙午,丁未,4,2022,6,1,0.003316752625994042,1,丁,未,火,土,丙,午,火,火,False,False,0.0,2022-W25,2022-06
601288.SH,2022-06-24,3.01,3.02,-0.003311,3437100,1036856.773,壬寅,丙午,戊申,5,2022,6,1,-0.003316752625994038,0,戊,申,土,金,丙,午,火,火,False,False,0.003316752625994042,2022-W25,2022-06
601288.SH,2022-06-27,3.01,3.01,0.0,4717935,1420665.638,壬寅,丙午,辛亥,1,2022,6,1,0.0,0,辛,亥,金,水,丙,午,火,火,False,True,-0.003316752625994038,2022-W26,2022-06
601288.SH,2022-06-28,3.01,3.01,0.0,2750028,827478.32,壬寅,丙午,壬子,2,2022,6,1,0.0,0,壬,子,水,水,丙,午,火,火,False,True,0.0,2022-W26,2022-06
601288.SH,2022-06-29,3.02,3.01,0.003322,3616084,1091487.006,壬寅,丙午,癸丑,3,2022,6,1,0.003316752625994042,1,癸,丑,水,土,丙,午,火,火,False,True,0.0,2022-W26,2022-06
601288.SH,2022-06-30,3.02,3.02,0.0,3342373,1009274.319,壬寅,丙午,甲寅,4,2022,6,1,0.0,0,甲,寅,木,木,丙,午,火,火,False,True,0.003316752625994042,2022-W26,2022-06
601288.SH,2022-07-01,3.01,3.02,-0.003311,2082977,627873.839,壬寅,丙午,乙卯,5,2022,7,1,-0.003316752625994038,0,乙,卯,木,木,丙,午,火,火,True,False,0.0,2022-W26,2022-07
601288.SH,2022-07-04,3.02,3.01,0.003322,2747384,828596.522,壬寅,丙午,戊午,1,2022,7,1,0.003316752625994042,1,戊,午,土,火,丙,午,火,火,True,False,-0.003316752625994038,2022-W27,2022-07
601288.SH,2022-07-05,3.03,3.02,0.003311,2599479,786466.975,壬寅,丙午,己未,2,2022,7,1,0.0033057881344994103,1,己,未,土,土,丙,午,火,火,True,False,0.003316752625994042,2022-W27,2022-07
601288.SH,2022-07-06,3.02,3.03,-0.0033,4472487,1351265.413,壬寅,丙午,庚申,3,2022,7,1,-0.003305788134499433,0,庚,申,金,金,丙,午,火,火,False,False,0.0033057881344994103,2022-W27,2022-07
601288.SH,2022-07-07,3.02,3.02,0.0,2573362,778468.589,壬寅,丁未,辛酉,4,2022,7,1,0.0,0,辛,酉,金,金,丁,未,火,土,False,False,-0.003305788134499433,2022-W27,2022-07
601288.SH,2022-07-08,3.03,3.02,0.003311,3012419,912173.053,壬寅,丁未,壬戌,5,2022,7,1,0.0033057881344994103,1,壬,戌,水,土,丁,未,火,土,False,False,0.0,2022-W27,2022-07
601288.SH,2022-07-11,3.04,3.03,0.0033,5057243,1539172.472,壬寅,丁未,乙丑,1,2022,7,1,0.0032948958968527058,1,乙,丑,木,土,丁,未,火,土,False,False,0.0033057881344994103,2022-W28,2022-07
601288.SH,2022-07-12,3.04,3.04,0.0,5364534,1634804.404,壬寅,丁未,丙寅,2,2022,7,1,0.0,0,丙,寅,火,木,丁,未,火,土,False,False,0.0032948958968527058,2022-W28,2022-07
601288.SH,2022-07-13,3.01,3.04,-0.009868,6306656,1905757.573,壬寅,丁未,丁卯,3,2022,7,1,-0.009917436657346028,0,丁,卯,火,木,丁,未,火,土,False,False,0.0,2022-W28,2022-07
601288.SH,2022-07-14,2.95,3.01,-0.019934,8702018,2578368.894,壬寅,丁未,戊辰,4,2022,7,1,-0.02013490840905581,0,戊,辰,土,土,丁,未,火,土,False,False,-0.009917436657346028,2022-W28,2022-07
601288.SH,2022-07-15,2.76,2.74,0.007299,5725633,1588375.525,壬寅,丁未,己巳,5,2022,7,1,0.007272759329079657,1,己,巳,土,火,丁,未,火,土,False,False,-0.02013490840905581,2022-W28,2022-07
601288.SH,2022-07-18,2.8,2.76,0.014493,2874599,801102.948,壬寅,丁未,壬申,1,2022,7,1,0.01438873745209967,1,壬,申,水,金,丁,未,火,土,False,False,0.007272759329079657,2022-W29,2022-07
601288.SH,2022-07-19,2.84,2.8,0.014286,3625976,1023270.401,壬寅,丁未,癸酉,2,2022,7,1,0.014184634991956381,1,癸,酉,水,金,丁,未,火,土,False,False,0.01438873745209967,2022-W29,2022-07
601288.SH,2022-07-20,2.85,2.84,0.003521,2660880,758516.854,壬寅,丁未,甲戌,3,2022,7,1,0.003514942107444592,1,甲,戌,木,土,丁,未,火,土,False,False,0.014184634991956381,2022-W29,2022-07
601288.SH,2022-07-21,2.82,2.85,-0.010526,2732961,775087.033,壬寅,丁未,乙亥,4,2022,7,1,-0.010582109330536972,0,乙,亥,木,水,丁,未,火,土,False,False,0.003514942107444592,2022-W29,2022-07
601288.SH,2022-07-22,2.85,2.82,0.010638,3022449,859447.727,壬寅,丁未,丙子,5,2022,7,1,0.010582109330537008,1,丙,子,火,水,丁,未,火,土,False,False,-0.010582109330536972,2022-W29,2022-07
601288.SH,2022-07-25,2.86,2.85,0.003509,1677339,477884.537,壬寅,丁未,己卯,1,2022,7,1,0.0035026305512020745,1,己,卯,土,木,丁,未,火,土,False,False,0.010582109330537008,2022-W30,2022-07
601288.SH,2022-07-26,2.86,2.86,0.0,2526238,724980.747,壬寅,丁未,庚辰,2,2022,7,1,0.0,0,庚,辰,金,土,丁,未,火,土,False,False,0.0035026305512020745,2022-W30,2022-07
601288.SH,2022-07-27,2.84,2.86,-0.006993,1925604,549318.76,壬寅,丁未,辛巳,3,2022,7,1,-0.007017572658646535,0,辛,巳,金,火,丁,未,火,土,False,True,0.0,2022-W30,2022-07
601288.SH,2022-07-28,2.85,2.84,0.003521,2375320,676696.811,壬寅,丁未,壬午,4,2022,7,1,0.003514942107444592,1,壬,午,水,火,丁,未,火,土,False,True,-0.007017572658646535,2022-W30,2022-07
601288.SH,2022-07-29,2.85,2.85,0.0,2308259,656880.48,壬寅,丁未,癸未,5,2022,7,1,0.0,0,癸,未,水,土,丁,未,火,土,False,True,0.003514942107444592,2022-W30,2022-07
601288.SH,2022-08-01,2.84,2.85,-0.003509,2049073,581970.679,壬寅,丁未,丙戌,1,2022,8,1,-0.003514942107444608,0,丙,戌,火,土,丁,未,火,土,True,False,0.0,2022-W31,2022-08
601288.SH,2022-08-02,2.81,2.84,-0.010563,2976613,837946.01,壬寅,丁未,丁亥,2,2022,8,1,-0.010619568827460261,0,丁,亥,火,水,丁,未,火,土,True,False,-0.003514942107444608,2022-W31,2022-08
601288.SH,2022-08-03,2.8,2.81,-0.003559,2159804,607736.268,壬寅,丁未,戊子,3,2022,8,1,-0.003565066164496257,0,戊,子,土,水,丁,未,火,土,True,False,-0.010619568827460261,2022-W31,2022-08
601288.SH,2022-08-04,2.86,2.8,0.021429,4110166,1167201.245,壬寅,丁未,己丑,4,2022,8,1,0.021202207650602906,1,己,丑,土,土,丁,未,火,土,True,False,-0.003565066164496257,2022-W31,2022-08
601288.SH,2022-08-05,2.86,2.86,0.0,1914576,546637.333,壬寅,丁未,庚寅,5,2022,8,1,0.0,0,庚,寅,金,木,丁,未,火,土,True,False,0.021202207650602906,2022-W31,2022-08
601288.SH,2022-08-08,2.84,2.86,-0.006993,2444495,695614.123,壬寅,戊申,癸巳,1,2022,8,1,-0.007017572658646535,0,癸,巳,水,火,戊,申,土,金,False,False,0.0,2022-W32,2022-08
601288.SH,2022-08-09,2.84,2.84,0.0,1500987,426255.48,壬寅,戊申,甲午,2,2022,8,1,0.0,0,甲,午,木,火,戊,申,土,金,False,False,-0.007017572658646535,2022-W32,2022-08
601288.SH,2022-08-10,2.84,2.84,0.0,1178082,333681.764,壬寅,戊申,乙未,3,2022,8,1,0.0,0,乙,未,木,土,戊,申,土,金,False,False,0.0,2022-W32,2022-08
601288.SH,2022-08-11,2.85,2.84,0.003521,2028097,576780.649,壬寅,戊申,丙申,4,2022,8,1,0.003514942107444592,1,丙,申,火,金,戊,申,土,金,False,False,0.0,2022-W32,2022-08
601288.SH,2022-08-12,2.83,2.85,-0.007018,2705041,765825.256,壬寅,戊申,丁酉,5,2022,8,1,-0.007042282625412923,0,丁,酉,火,金,戊,申,土,金,False,False,0.003514942107444592,2022-W32,2022-08
601288.SH,2022-08-15,2.83,2.83,0.0,1757602,497234.869,壬寅,戊申,庚子,1,2022,8,1,0.0,0,庚,子,金,水,戊,申,土,金,False,False,-0.007042282625412923,2022-W33,2022-08
601288.SH,2022-08-16,2.82,2.83,-0.003534,1172028,331231.054,壬寅,戊申,辛丑,2,2022,8,1,-0.0035398267051241737,0,辛,丑,金,土,戊,申,土,金,False,False,0.0,2022-W33,2022-08
601288.SH,2022-08-17,2.83,2.82,0.003546,2551289,720864.621,壬寅,戊申,壬寅,3,2022,8,1,0.003539826705124208,1,壬,寅,水,木,戊,申,土,金,False,False,-0.0035398267051241737,2022-W33,2022-08
601288.SH,2022-08-18,2.82,2.83,-0.003534,1552135,438081.583,壬寅,戊申,癸卯,4,2022,8,1,-0.0035398267051241737,0,癸,卯,水,木,戊,申,土,金,False,False,0.003539826705124208,2022-W33,2022-08
601288.SH,2022-08-19,2.83,2.82,0.003546,1335138,377226.17,壬寅,戊申,甲辰,5,2022,8,1,0.003539826705124208,1,甲,辰,木,土,戊,申,土,金,False,False,-0.0035398267051241737,2022-W33,2022-08
601288.SH,2022-08-22,2.82,2.83,-0.003534,1401750,395939.385,壬寅,戊申,丁未,1,2022,8,1,-0.0035398267051241737,0,丁,未,火,土,戊,申,土,金,False,False,0.003539826705124208,2022-W34,2022-08
601288.SH,2022-08-23,2.82,2.82,0.0,1229922,347123.716,壬寅,戊申,戊申,2,2022,8,1,0.0,0,戊,申,土,金,戊,申,土,金,False,False,-0.0035398267051241737,2022-W34,2022-08
601288.SH,2022-08-24,2.82,2.82,0.0,1813911,511994.625,壬寅,戊申,己酉,3,2022,8,1,0.0,0,己,酉,土,金,戊,申,土,金,False,False,0.0,2022-W34,2022-08
601288.SH,2022-08-25,2.83,2.82,0.003546,1725369,486313.582,壬寅,戊申,庚戌,4,2022,8,1,0.003539826705124208,1,庚,戌,金,土,戊,申,土,金,False,False,0.0,2022-W34,2022-08
601288.SH,2022-08-26,2.82,2.83,-0.003534,1267749,358123.121,壬寅,戊申,辛亥,5,2022,8,1,-0.0035398267051241737,0,辛,亥,金,水,戊,申,土,金,False,False,0.003539826705124208,2022-W34,2022-08
601288.SH,2022-08-29,2.82,2.82,0.0,1826871,515428.189,壬寅,戊申,甲寅,1,2022,8,1,0.0,0,甲,寅,木,木,戊,申,土,金,False,True,-0.0035398267051241737,2022-W35,2022-08
601288.SH,2022-08-30,2.82,2.82,0.0,1522845,429963.728,壬寅,戊申,乙卯,2,2022,8,1,0.0,0,乙,卯,木,木,戊,申,土,金,False,True,0.0,2022-W35,2022-08
601288.SH,2022-08-31,2.85,2.82,0.010638,4342195,1232398.695,壬寅,戊申,丙辰,3,2022,8,1,0.010582109330537008,1,丙,辰,火,土,戊,申,土,金,False,True,0.0,2022-W35,2022-08
601288.SH,2022-09-01,2.83,2.85,-0.007018,1504962,427048.412,壬寅,戊申,丁巳,4,2022,9,1,-0.007042282625412923,0,丁,巳,火,火,戊,申,土,金,True,False,0.010582109330537008,2022-W35,2022-09
601288.SH,2022-09-02,2.83,2.83,0.0,1906547,541420.351,壬寅,戊申,戊午,5,2022,9,1,0.0,0,戊,午,土,火,戊,申,土,金,True,False,-0.007042282625412923,2022-W35,2022-09
601288.SH,2022-09-05,2.84,2.83,0.003534,1539691,435926.278,壬寅,戊申,辛酉,1,2022,9,1,0.0035273405179684406,1,辛,酉,金,金,戊,申,土,金,True,False,0.0,2022-W36,2022-09
601288.SH,2022-09-06,2.84,2.84,0.0,1681325,478353.867,壬寅,戊申,壬戌,2,2022,9,1,0.0,0,壬,戌,水,土,戊,申,土,金,False,False,0.0035273405179684406,2022-W36,2022-09
601288.SH,2022-09-07,2.83,2.84,-0.003521,2039585,577674.037,壬寅,己酉,癸亥,3,2022,9,1,-0.0035273405179682992,0,癸,亥,水,水,己,酉,土,金,False,False,0.0,2022-W36,2022-09
601288.SH,2022-09-08,2.83,2.83,0.0,1664764,471693.37,壬寅,己酉,甲子,4,2022,9,1,0.0,0,甲,子,木,水,己,酉,土,金,False,False,-0.0035273405179682992,2022-W36,2022-09
601288.SH,2022-09-09,2.84,2.83,0.003534,3081362,876153.302,壬寅,己酉,乙丑,5,2022,9,1,0.0035273405179684406,1,乙,丑,木,土,己,酉,土,金,False,False,0.0,2022-W36,2022-09
601288.SH,2022-09-13,2.85,2.84,0.003521,3144044,897026.846,壬寅,己酉,己巳,2,2022,9,1,0.003514942107444592,1,己,巳,土,火,己,酉,土,金,False,False,0.0035273405179684406,2022-W37,2022-09
601288.SH,2022-09-14,2.85,2.85,0.0,2950859,842657.817,壬寅,己酉,庚午,3,2022,9,1,0.0,0,庚,午,金,火,己,酉,土,金,False,False,0.003514942107444592,2022-W37,2022-09
601288.SH,2022-09-15,2.87,2.85,0.007018,3971217,1137006.551,壬寅,己酉,辛未,4,2022,9,1,0.006993035490970604,1,辛,未,金,土,己,酉,土,金,False,False,0.0,2022-W37,2022-09
601288.SH,2022-09-16,2.85,2.87,-0.006969,4191390,1201158.569,壬寅,己酉,壬申,5,2022,9,1,-0.006993035490970637,0,壬,申,水,金,己,酉,土,金,False,False,0.006993035490970604,2022-W37,2022-09
601288.SH,2022-09-19,2.87,2.85,0.007018,2921358,835643.35,壬寅,己酉,乙亥,1,2022,9,1,0.006993035490970604,1,乙,亥,木,水,己,酉,土,金,False,False,-0.006993035490970637,2022-W38,2022-09
601288.SH,2022-09-20,2.84,2.87,-0.010453,2693825,769139.943,壬寅,己酉,丙子,2,2022,9,1,-0.010507977598415206,0,丙,子,火,水,己,酉,土,金,False,False,0.006993035490970604,2022-W38,2022-09
601288.SH,2022-09-21,2.86,2.84,0.007042,2532441,722591.81,壬寅,己酉,丁丑,3,2022,9,1,0.00701757265864654,1,丁,丑,火,土,己,酉,土,金,False,False,-0.010507977598415206,2022-W38,2022-09
601288.SH,2022-09-22,2.86,2.86,0.0,1960000,560198.264,壬寅,己酉,戊寅,4,2022,9,1,0.0,0,戊,寅,土,木,己,酉,土,金,False,False,0.00701757265864654,2022-W38,2022-09
601288.SH,2022-09-23,2.88,2.86,0.006993,4191163,1204906.084,壬寅,己酉,己卯,5,2022,9,1,0.006968669316093436,1,己,卯,土,木,己,酉,土,金,False,False,0.0,2022-W38,2022-09
601288.SH,2022-09-26,2.85,2.88,-0.010417,3667546,1051482.364,壬寅,己酉,壬午,1,2022,9,1,-0.010471299867295366,0,壬,午,水,火,己,酉,土,金,False,True,0.006968669316093436,2022-W39,2022-09
601288.SH,2022-09-27,2.83,2.85,-0.007018,2391624,679122.344,壬寅,己酉,癸未,2,2022,9,1,-0.007042282625412923,0,癸,未,水,土,己,酉,土,金,False,True,-0.010471299867295366,2022-W39,2022-09
601288.SH,2022-09-28,2.85,2.83,0.007067,2512076,714893.532,壬寅,己酉,甲申,3,2022,9,1,0.007042282625412951,1,甲,申,木,金,己,酉,土,金,False,True,-0.007042282625412923,2022-W39,2022-09
601288.SH,2022-09-29,2.82,2.85,-0.010526,2513124,712655.391,壬寅,己酉,乙酉,4,2022,9,1,-0.010582109330536972,0,乙,酉,木,金,己,酉,土,金,False,True,0.007042282625412951,2022-W39,2022-09
601288.SH,2022-09-30,2.86,2.82,0.014184,2602100,741591.561,壬寅,己酉,丙戌,5,2022,9,1,0.014084739881739023,1,丙,戌,火,土,己,酉,土,金,False,True,-0.010582109330536972,2022-W39,2022-09
601288.SH,2022-10-10,2.87,2.86,0.003497,6209579,1782084.992,壬寅,庚戌,丙申,1,2022,10,1,0.0034904049397685676,1,丙,申,火,金,庚,戌,金,土,False,False,0.014084739881739023,2022-W41,2022-10
601288.SH,2022-10-11,2.87,2.87,0.0,3930747,1129394.774,壬寅,庚戌,丁酉,2,2022,10,1,0.0,0,丁,酉,火,金,庚,戌,金,土,False,False,0.0034904049397685676,2022-W41,2022-10
601288.SH,2022-10-12,2.86,2.87,-0.003484,2984197,855499.375,壬寅,庚戌,戊戌,3,2022,10,1,-0.0034904049397686022,0,戊,戌,土,土,庚,戌,金,土,False,False,0.0,2022-W41,2022-10
601288.SH,2022-10-13,2.86,2.86,0.0,2193883,626478.244,壬寅,庚戌,己亥,4,2022,10,1,0.0,0,己,亥,土,水,庚,戌,金,土,False,False,-0.0034904049397686022,2022-W41,2022-10
601288.SH,2022-10-14,2.85,2.86,-0.003497,4427677,1264372.113,壬寅,庚戌,庚子,5,2022,10,1,-0.0035026305512020003,0,庚,子,金,水,庚,戌,金,土,False,False,0.0,2022-W41,2022-10
601288.SH,2022-10-17,2.85,2.85,0.0,1758097,500341.936,壬寅,庚戌,癸卯,1,2022,10,1,0.0,0,癸,卯,水,木,庚,戌,金,土,False,False,-0.0035026305512020003,2022-W42,2022-10
601288.SH,2022-10-18,2.85,2.85,0.0,2120570,603017.402,壬寅,庚戌,甲辰,2,2022,10,1,0.0,0,甲,辰,木,土,庚,戌,金,土,False,False,0.0,2022-W42,2022-10
601288.SH,2022-10-19,2.84,2.85,-0.003509,1763817,501767.938,壬寅,庚戌,乙巳,3,2022,10,1,-0.003514942107444608,0,乙,巳,木,火,庚,戌,金,土,False,False,0.0,2022-W42,2022-10
601288.SH,2022-10-20,2.85,2.84,0.003521,2183253,621303.866,壬寅,庚戌,丙午,4,2022,10,1,0.003514942107444592,1,丙,午,火,火,庚,戌,金,土,False,False,-0.003514942107444608,2022-W42,2022-10
601288.SH,2022-10-21,2.86,2.85,0.003509,3338061,953727.146,壬寅,庚戌,丁未,5,2022,10,1,0.0035026305512020745,1,丁,未,火,土,庚,戌,金,土,False,False,0.003514942107444592,2022-W42,2022-10
601288.SH,2022-10-24,2.85,2.86,-0.003497,4429839,1265635.083,壬寅,庚戌,庚戌,1,2022,10,1,-0.0035026305512020003,0,庚,戌,金,土,庚,戌,金,土,False,False,0.0035026305512020745,2022-W43,2022-10
601288.SH,2022-10-25,2.85,2.85,0.0,3202700,913068.026,壬寅,庚戌,辛亥,2,2022,10,1,0.0,0,辛,亥,金,水,庚,戌,金,土,False,False,-0.0035026305512020003,2022-W43,2022-10
601288.SH,2022-10-26,2.83,2.85,-0.007018,5359026,1521253.731,壬寅,庚戌,壬子,3,2022,10,1,-0.007042282625412923,0,壬,子,水,水,庚,戌,金,土,False,False,0.0,2022-W43,2022-10
601288.SH,2022-10-27,2.8,2.83,-0.010601,5815664,1634359.318,壬寅,庚戌,癸丑,4,2022,10,1,-0.010657294473988093,0,癸,丑,水,土,庚,戌,金,土,False,True,-0.007042282625412923,2022-W43,2022-10
601288.SH,2022-10-28,2.8,2.8,0.0,3067466,858092.862,壬寅,庚戌,甲寅,5,2022,10,1,0.0,0,甲,寅,木,木,庚,戌,金,土,False,True,-0.010657294473988093,2022-W43,2022-10
601288.SH,2022-10-31,2.76,2.8,-0.014286,4235208,1178214.201,壬寅,庚戌,丁巳,1,2022,10,1,-0.014388737452099669,0,丁,巳,火,火,庚,戌,金,土,False,True,0.0,2022-W44,2022-10
601288.SH,2022-11-01,2.73,2.76,-0.01087,8534810,2333726.522,壬寅,庚戌,戊午,2,2022,11,1,-0.010929070532190204,0,戊,午,土,火,庚,戌,金,土,True,False,-0.014388737452099669,2022-W44,2022-11
601288.SH,2022-11-02,2.72,2.73,-0.003663,5364922,1455440.912,壬寅,庚戌,己未,3,2022,11,1,-0.00366972888896229,0,己,未,土,土,庚,戌,金,土,True,False,-0.010929070532190204,2022-W44,2022-11
601288.SH,2022-11-03,2.72,2.72,0.0,1874573,510679.784,壬寅,庚戌,庚申,4,2022,11,1,0.0,0,庚,申,金,金,庚,戌,金,土,True,False,-0.00366972888896229,2022-W44,2022-11
601288.SH,2022-11-04,2.75,2.72,0.011029,4020349,1101790.747,壬寅,庚戌,辛酉,5,2022,11,1,0.010969031370573937,1,辛,酉,金,金,庚,戌,金,土,True,False,0.0,2022-W44,2022-11
601288.SH,2022-11-07,2.75,2.75,0.0,2867222,786734.236,壬寅,辛亥,甲子,1,2022,11,1,0.0,0,甲,子,木,水,辛,亥,金,水,False,False,0.010969031370573937,2022-W45,2022-11
601288.SH,2022-11-08,2.73,2.75,-0.007273,2715505,742702.619,壬寅,辛亥,乙丑,2,2022,11,1,-0.007299302481611608,0,乙,丑,木,土,辛,亥,金,水,False,False,0.0,2022-W45,2022-11
601288.SH,2022-11-09,2.75,2.73,0.007326,1608438,441416.88,壬寅,辛亥,丙寅,3,2022,11,1,0.007299302481611535,1,丙,寅,火,木,辛,亥,金,水,False,False,-0.007299302481611608,2022-W45,2022-11
601288.SH,2022-11-10,2.76,2.75,0.003636,3345455,920157.587,壬寅,辛亥,丁卯,4,2022,11,1,0.003629768050578731,1,丁,卯,火,木,辛,亥,金,水,False,False,0.007299302481611535,2022-W45,2022-11
601288.SH,2022-11-11,2.79,2.76,0.01087,4084083,1133491.211,壬寅,辛亥,戊辰,5,2022,11,1,0.010810916104215675,1,戊,辰,土,土,辛,亥,金,水,False,False,0.003629768050578731,2022-W45,2022-11
601288.SH,2022-11-14,2.8,2.79,0.003584,3303145,926483.591,壬寅,辛亥,辛未,1,2022,11,1,0.0035778213478839024,1,辛,未,金,土,辛,亥,金,水,False,False,0.010810916104215675,2022-W46,2022-11
601288.SH,2022-11-15,2.8,2.8,0.0,1868999,523859.485,壬寅,辛亥,壬申,2,2022,11,1,0.0,0,壬,申,水,金,辛,亥,金,水,False,False,0.0035778213478839024,2022-W46,2022-11
601288.SH,2022-11-16,2.79,2.8,-0.003571,1801133,503590.379,壬寅,辛亥,癸酉,3,2022,11,1,-0.003577821347883855,0,癸,酉,水,金,辛,亥,金,水,False,False,0.0,2022-W46,2022-11
601288.SH,2022-11-17,2.79,2.79,0.0,1960051,547569.193,壬寅,辛亥,甲戌,4,2022,11,1,0.0,0,甲,戌,木,土,辛,亥,金,水,False,False,-0.003577821347883855,2022-W46,2022-11
601288.SH,2022-11-18,2.79,2.79,0.0,2719239,761038.387,壬寅,辛亥,乙亥,5,2022,11,1,0.0,0,乙,亥,木,水,辛,亥,金,水,False,False,0.0,2022-W46,2022-11
601288.SH,2022-11-21,2.79,2.79,0.0,1923287,536961.129,壬寅,辛亥,戊寅,1,2022,11,1,0.0,0,戊,寅,土,木,辛,亥,金,水,False,False,0.0,2022-W47,2022-11
601288.SH,2022-11-22,2.81,2.79,0.007168,3258203,916859.518,壬寅,辛亥,己卯,2,2022,11,1,0.007142887512380204,1,己,卯,土,木,辛,亥,金,水,False,False,0.0,2022-W47,2022-11
601288.SH,2022-11-23,2.84,2.81,0.010676,3457234,982132.415,壬寅,辛亥,庚辰,3,2022,11,1,0.010619568827460131,1,庚,辰,金,土,辛,亥,金,水,False,False,0.007142887512380204,2022-W47,2022-11
601288.SH,2022-11-24,2.83,2.84,-0.003521,1658552,471382.293,壬寅,辛亥,辛巳,4,2022,11,1,-0.0035273405179682992,0,辛,巳,金,火,辛,亥,金,水,False,False,0.010619568827460131,2022-W47,2022-11
601288.SH,2022-11-25,2.87,2.83,0.014134,5097654,1459594.992,壬寅,辛亥,壬午,5,2022,11,1,0.014035318116383583,1,壬,午,水,火,辛,亥,金,水,False,False,-0.0035273405179682992,2022-W47,2022-11
601288.SH,2022-11-28,2.86,2.87,-0.003484,3465155,986215.588,壬寅,辛亥,乙酉,1,2022,11,1,-0.0034904049397686022,0,乙,酉,木,金,辛,亥,金,水,False,True,0.014035318116383583,2022-W48,2022-11
601288.SH,2022-11-29,2.88,2.86,0.006993,4993833,1436056.647,壬寅,辛亥,丙戌,2,2022,11,1,0.006968669316093436,1,丙,戌,火,土,辛,亥,金,水,False,True,-0.0034904049397686022,2022-W48,2022-11
601288.SH,2022-11-30,2.88,2.88,0.0,3499783,1008145.647,壬寅,辛亥,丁亥,3,2022,11,1,0.0,0,丁,亥,火,水,辛,亥,金,水,False,True,0.006968669316093436,2022-W48,2022-11
601288.SH,2022-12-01,2.86,2.88,-0.006944,2946808,846958.385,壬寅,辛亥,戊子,4,2022,12,1,-0.006968669316093316,0,戊,子,土,水,辛,亥,金,水,True,False,0.0,2022-W48,2022-12
601288.SH,2022-12-02,2.86,2.86,0.0,2396544,684474.53,壬寅,辛亥,己丑,5,2022,12,1,0.0,0,己,丑,土,土,辛,亥,金,水,True,False,-0.006968669316093316,2022-W48,2022-12
601288.SH,2022-12-05,2.89,2.86,0.01049,4114257,1183107.671,壬寅,辛亥,壬辰,1,2022,12,1,0.010434877292579714,1,壬,辰,水,土,辛,亥,金,水,True,False,0.0,2022-W49,2022-12
601288.SH,2022-12-06,2.89,2.89,0.0,3238564,936197.272,壬寅,辛亥,癸巳,2,2022,12,1,0.0,0,癸,巳,水,火,辛,亥,金,水,False,False,0.010434877292579714,2022-W49,2022-12
601288.SH,2022-12-07,2.88,2.89,-0.00346,2952956,852680.269,壬寅,壬子,甲午,3,2022,12,1,-0.003466207976486284,0,甲,午,木,火,壬,子,水,水,False,False,0.0,2022-W49,2022-12
601288.SH,2022-12-08,2.9,2.88,0.006944,2053809,593727.428,壬寅,壬子,乙未,4,2022,12,1,0.006920442844573757,1,乙,未,木,土,壬,子,水,水,False,False,-0.003466207976486284,2022-W49,2022-12
601288.SH,2022-12-09,2.89,2.9,-0.003448,2280345,659684.094,壬寅,壬子,丙申,5,2022,12,1,-0.003454234868087446,0,丙,申,火,金,壬,子,水,水,False,False,0.006920442844573757,2022-W49,2022-12
601288.SH,2022-12-12,2.86,2.89,-0.010381,3482973,1000917.803,壬寅,壬子,己亥,1,2022,12,1,-0.010434877292579619,0,己,亥,土,水,壬,子,水,水,False,False,-0.003454234868087446,2022-W50,2022-12
601288.SH,2022-12-13,2.88,2.86,0.006993,2672123,769713.265,壬寅,壬子,庚子,2,2022,12,1,0.006968669316093436,1,庚,子,金,水,壬,子,水,水,False,False,-0.010434877292579619,2022-W50,2022-12
601288.SH,2022-12-14,2.89,2.88,0.003472,1833949,529354.02,壬寅,壬子,辛丑,3,2022,12,1,0.003466207976486329,1,辛,丑,金,土,壬,子,水,水,False,False,0.006968669316093436,2022-W50,2022-12
601288.SH,2022-12-15,2.88,2.89,-0.00346,1627742,468320.612,壬寅,壬子,壬寅,4,2022,12,1,-0.003466207976486284,0,壬,寅,水,木,壬,子,水,水,False,False,0.003466207976486329,2022-W50,2022-12
601288.SH,2022-12-16,2.9,2.88,0.006944,2697098,779143.73,壬寅,壬子,癸卯,5,2022,12,1,0.006920442844573757,1,癸,卯,水,木,壬,子,水,水,False,False,-0.003466207976486284,2022-W50,2022-12
601288.SH,2022-12-19,2.88,2.9,-0.006897,2628156,757784.766,壬寅,壬子,丙午,1,2022,12,1,-0.006920442844573795,0,丙,午,火,火,壬,子,水,水,False,False,0.006920442844573757,2022-W51,2022-12
601288.SH,2022-12-20,2.85,2.88,-0.010417,2365620,678632.169,壬寅,壬子,丁未,2,2022,12,1,-0.010471299867295366,0,丁,未,火,土,壬,子,水,水,False,False,-0.006920442844573795,2022-W51,2022-12
601288.SH,2022-12-21,2.85,2.85,0.0,1248251,356822.308,壬寅,壬子,戊申,3,2022,12,1,0.0,0,戊,申,土,金,壬,子,水,水,False,False,-0.010471299867295366,2022-W51,2022-12
601288.SH,2022-12-22,2.86,2.85,0.003509,1386535,396880.824,壬寅,壬子,己酉,4,2022,12,1,0.0035026305512020745,1,己,酉,土,金,壬,子,水,水,False,False,0.0,2022-W51,2022-12
601288.SH,2022-12-23,2.87,2.86,0.003497,1895851,544130.11,壬寅,壬子,庚戌,5,2022,12,1,0.0034904049397685676,1,庚,戌,金,土,壬,子,水,水,False,False,0.0035026305512020745,2022-W51,2022-12
601288.SH,2022-12-26,2.85,2.87,-0.006969,2107888,602629.561,壬寅,壬子,癸丑,1,2022,12,1,-0.006993035490970637,0,癸,丑,水,土,壬,子,水,水,False,False,0.0034904049397685676,2022-W52,2022-12
601288.SH,2022-12-27,2.89,2.85,0.014035,3566586,1028579.686,壬寅,壬子,甲寅,2,2022,12,1,0.013937507843781678,1,甲,寅,木,木,壬,子,水,水,False,True,-0.006993035490970637,2022-W52,2022-12
601288.SH,2022-12-28,2.9,2.89,0.00346,3510243,1019012.164,壬寅,壬子,乙卯,3,2022,12,1,0.0034542348680873824,1,乙,卯,木,木,壬,子,水,水,False,True,0.013937507843781678,2022-W52,2022-12
601288.SH,2022-12-29,2.88,2.9,-0.006897,2374403,684870.642,壬寅,壬子,丙辰,4,2022,12,1,-0.006920442844573795,0,丙,辰,火,土,壬,子,水,水,False,True,0.0034542348680873824,2022-W52,2022-12
601288.SH,2022-12-30,2.91,2.88,0.010417,3854639,1120357.221,壬寅,壬子,丁巳,5,2022,12,1,0.010362787035546658,1,丁,巳,火,火,壬,子,水,水,False,True,-0.006920442844573795,2022-W52,2022-12
601288.SH,2023-01-03,2.9,2.91,-0.003436,2987681,865794.642,壬寅,壬子,辛酉,2,2023,1,1,-0.0034423441909729015,0,辛,酉,金,金,壬,子,水,水,True,False,0.010362787035546658,2023-W01,2023-01
601288.SH,2023-01-04,2.93,2.9,0.010345,3972458,1160297.953,壬寅,壬子,壬戌,3,2023,1,1,0.010291686036547724,1,壬,戌,水,土,壬,子,水,水,True,False,-0.0034423441909729015,2023-W01,2023-01
601288.SH,2023-01-05,2.93,2.93,0.0,2972184,871739.563,壬寅,癸丑,癸亥,4,2023,1,1,0.0,0,癸,亥,水,水,癸,丑,水,土,True,False,0.010291686036547724,2023-W01,2023-01
601288.SH,2023-01-06,2.92,2.93,-0.003413,3621642,1056426.678,壬寅,癸丑,甲子,5,2023,1,1,-0.003418806748785609,0,甲,子,木,水,癸,丑,水,土,False,False,0.0,2023-W01,2023-01
601288.SH,2023-01-09,2.92,2.92,0.0,2251798,657844.201,壬寅,癸丑,丁卯,1,2023,1,1,0.0,0,丁,卯,火,木,癸,丑,水,土,False,False,-0.003418806748785609,2023-W02,2023-01
601288.SH,2023-01-10,2.91,2.92,-0.003425,2634670,765535.627,壬寅,癸丑,戊辰,2,2023,1,1,-0.0034305350967891368,0,戊,辰,土,土,癸,丑,水,土,False,False,0.0,2023-W02,2023-01
601288.SH,2023-01-11,2.91,2.91,0.0,1981617,577413.644,壬寅,癸丑,己巳,3,2023,1,1,0.0,0,己,巳,土,火,癸,丑,水,土,False,False,-0.0034305350967891368,2023-W02,2023-01
601288.SH,2023-01-12,2.92,2.91,0.003436,2863624,834309.536,壬寅,癸丑,庚午,4,2023,1,1,0.0034305350967892222,1,庚,午,金,火,癸,丑,水,土,False,False,0.0,2023-W02,2023-01
601288.SH,2023-01-13,2.94,2.92,0.006849,3083283,904597.202,壬寅,癸丑,辛未,5,2023,1,1,0.006825965070399891,1,辛,未,金,土,癸,丑,水,土,False,False,0.0034305350967892222,2023-W02,2023-01
601288.SH,2023-01-16,2.91,2.94,-0.010204,5611539,1641445.615,壬寅,癸丑,甲戌,1,2023,1,1,-0.010256500167188997,0,甲,戌,木,土,癸,丑,水,土,False,False,0.006825965070399891,2023-W03,2023-01
601288.SH,2023-01-17,2.91,2.91,0.0,2234449,650261.778,壬寅,癸丑,乙亥,2,2023,1,1,0.0,0,乙,亥,木,水,癸,丑,水,土,False,False,-0.010256500167188997,2023-W03,2023-01
601288.SH,2023-01-18,2.92,2.91,0.003436,2228855,651005.844,壬寅,癸丑,丙子,3,2023,1,1,0.0034305350967892222,1,丙,子,火,水,癸,丑,水,土,False,False,0.0,2023-W03,2023-01
601288.SH,2023-01-19,2.92,2.92,0.0,1949922,568826.257,壬寅,癸丑,丁丑,4,2023,1,1,0.0,0,丁,丑,火,土,癸,丑,水,土,False,False,0.0034305350967892222,2023-W03,2023-01
601288.SH,2023-01-20,2.92,2.92,0.0,3064832,893420.491,壬寅,癸丑,戊寅,5,2023,1,1,0.0,0,戊,寅,土,木,癸,丑,水,土,False,False,0.0,2023-W03,2023-01
601288.SH,2023-01-30,2.92,2.92,0.0,3779496,1104270.71,壬寅,癸丑,戊子,1,2023,1,1,0.0,0,戊,子,土,水,癸,丑,水,土,False,True,0.0,2023-W05,2023-01
601288.SH,2023-01-31,2.91,2.92,-0.003425,2316895,675999.716,壬寅,癸丑,己丑,2,2023,1,1,-0.0034305350967891368,0,己,丑,土,土,癸,丑,水,土,False,True,0.0,2023-W05,2023-01
601288.SH,2023-02-01,2.92,2.91,0.003436,2606570,759218.438,壬寅,癸丑,庚寅,3,2023,2,1,0.0034305350967892222,1,庚,寅,金,木,癸,丑,水,土,True,False,-0.0034305350967891368,2023-W05,2023-02
601288.SH,2023-02-02,2.92,2.92,0.0,2739866,799695.519,壬寅,癸丑,辛卯,4,2023,2,1,0.0,0,辛,卯,金,木,癸,丑,水,土,True,False,0.0034305350967892222,2023-W05,2023-02
601288.SH,2023-02-03,2.91,2.92,-0.003425,2598663,757665.566,壬寅,癸丑,壬辰,5,2023,2,1,-0.0034305350967891368,0,壬,辰,水,土,癸,丑,水,土,True,False,0.0,2023-W05,2023-02
601288.SH,2023-02-06,2.92,2.91,0.003436,1934542,563298.376,癸卯,甲寅,乙未,1,2023,2,1,0.0034305350967892222,1,乙,未,木,土,甲,寅,木,木,False,False,-0.0034305350967891368,2023-W06,2023-02
601288.SH,2023-02-07,2.92,2.92,0.0,1118938,326171.67,癸卯,甲寅,丙申,2,2023,2,1,0.0,0,丙,申,火,金,甲,寅,木,木,False,False,0.0034305350967892222,2023-W06,2023-02
601288.SH,2023-02-08,2.92,2.92,0.0,2275742,664816.985,癸卯,甲寅,丁酉,3,2023,2,1,0.0,0,丁,酉,火,金,甲,寅,木,木,False,False,0.0,2023-W06,2023-02
601288.SH,2023-02-09,2.93,2.92,0.003425,1417005,414671.95,癸卯,甲寅,戊戌,4,2023,2,1,0.0034188067487856823,1,戊,戌,土,土,甲,寅,木,木,False,False,0.0,2023-W06,2023-02
601288.SH,2023-02-10,2.93,2.93,0.0,1304854,381696.608,癸卯,甲寅,己亥,5,2023,2,1,0.0,0,己,亥,土,水,甲,寅,木,木,False,False,0.0034188067487856823,2023-W06,2023-02
601288.SH,2023-02-13,2.92,2.93,-0.003413,2882647,840725.082,癸卯,甲寅,壬寅,1,2023,2,1,-0.003418806748785609,0,壬,寅,水,木,甲,寅,木,木,False,False,0.0,2023-W07,2023-02
601288.SH,2023-02-14,2.91,2.92,-0.003425,1170387,341099.022,癸卯,甲寅,癸卯,2,2023,2,1,-0.0034305350967891368,0,癸,卯,水,木,甲,寅,木,木,False,False,-0.003418806748785609,2023-W07,2023-02
601288.SH,2023-02-15,2.91,2.91,0.0,1941542,565761.918,癸卯,甲寅,甲辰,3,2023,2,1,0.0,0,甲,辰,木,土,甲,寅,木,木,False,False,-0.0034305350967891368,2023-W07,2023-02
601288.SH,2023-02-16,2.91,2.91,0.0,1807870,526940.816,癸卯,甲寅,乙巳,4,2023,2,1,0.0,0,乙,巳,木,火,甲,寅,木,木,False,False,0.0,2023-W07,2023-02
601288.SH,2023-02-17,2.92,2.91,0.003436,3563911,1040774.951,癸卯,甲寅,丙午,5,2023,2,1,0.0034305350967892222,1,丙,午,火,火,甲,寅,木,木,False,False,0.0,2023-W07,2023-02
601288.SH,2023-02-20,2.94,2.92,0.006849,3390376,993787.516,癸卯,甲寅,己酉,1,2023,2,1,0.006825965070399891,1,己,酉,土,金,甲,寅,木,木,False,False,0.0034305350967892222,2023-W08,2023-02
601288.SH,2023-02-21,2.94,2.94,0.0,2383318,700090.187,癸卯,甲寅,庚戌,2,2023,2,1,0.0,0,庚,戌,金,土,甲,寅,木,木,False,False,0.006825965070399891,2023-W08,2023-02
601288.SH,2023-02-22,2.93,2.94,-0.003401,1571123,461138.737,癸卯,甲寅,辛亥,3,2023,2,1,-0.0034071583216141975,0,辛,亥,金,水,甲,寅,木,木,False,False,0.0,2023-W08,2023-02
601288.SH,2023-02-23,2.93,2.93,0.0,2846116,836739.868,癸卯,甲寅,壬子,4,2023,2,1,0.0,0,壬,子,水,水,甲,寅,木,木,False,False,-0.0034071583216141975,2023-W08,2023-02
601288.SH,2023-02-24,2.92,2.93,-0.003413,2635366,771959.882,癸卯,甲寅,癸丑,5,2023,2,1,-0.003418806748785609,0,癸,丑,水,土,甲,寅,木,木,False,True,0.0,2023-W08,2023-02
601288.SH,2023-02-27,2.92,2.92,0.0,2361757,689974.487,癸卯,甲寅,丙辰,1,2023,2,1,0.0,0,丙,辰,火,土,甲,寅,木,木,False,True,-0.003418806748785609,2023-W09,2023-02
601288.SH,2023-02-28,2.93,2.92,0.003425,1856981,543098.945,癸卯,甲寅,丁巳,2,2023,2,1,0.0034188067487856823,1,丁,巳,火,火,甲,寅,木,木,False,True,0.0,2023-W09,2023-02
601288.SH,2023-03-01,2.93,2.93,0.0,3386190,991818.946,癸卯,甲寅,戊午,3,2023,3,1,0.0,0,戊,午,土,火,甲,寅,木,木,True,False,0.0034188067487856823,2023-W09,2023-03
601288.SH,2023-03-02,2.93,2.93,0.0,2226700,653172.788,癸卯,甲寅,己未,4,2023,3,1,0.0,0,己,未,土,土,甲,寅,木,木,True,False,0.0,2023-W09,2023-03
601288.SH,2023-03-03,2.97,2.93,0.013652,5837474,1721726.935,癸卯,甲寅,庚申,5,2023,3,1,0.013559529785632294,1,庚,申,金,金,甲,寅,木,木,True,False,0.0,2023-W09,2023-03
601288.SH,2023-03-06,2.96,2.97,-0.003367,4597401,1367879.111,癸卯,乙卯,癸亥,1,2023,3,1,-0.0033726844786393416,0,癸,亥,水,水,乙,卯,木,木,False,False,0.013559529785632294,2023-W10,2023-03
601288.SH,2023-03-07,3.01,2.96,0.016892,8555751,2584704.025,癸卯,乙卯,甲子,2,2023,3,1,0.01675081042481535,1,甲,子,木,水,乙,卯,木,木,False,False,-0.0033726844786393416,2023-W10,2023-03
601288.SH,2023-03-08,3.02,3.01,0.003322,3370718,1010284.084,癸卯,乙卯,乙丑,3,2023,3,1,0.003316752625994042,1,乙,丑,木,土,乙,卯,木,木,False,False,0.01675081042481535,2023-W10,2023-03
601288.SH,2023-03-09,3.01,3.02,-0.003311,4091318,1239268.101,癸卯,乙卯,丙寅,4,2023,3,1,-0.003316752625994038,0,丙,寅,火,木,乙,卯,木,木,False,False,0.003316752625994042,2023-W10,2023-03
601288.SH,2023-03-10,2.98,3.01,-0.009967,3417305,1023816.042,癸卯,乙卯,丁卯,5,2023,3,1,-0.010016778243471232,0,丁,卯,火,木,乙,卯,木,木,False,False,-0.003316752625994038,2023-W10,2023-03
601288.SH,2023-03-13,3.01,2.98,0.010067,2788041,834695.884,癸卯,乙卯,庚午,1,2023,3,1,0.010016778243471209,1,庚,午,金,火,乙,卯,木,木,False,False,-0.010016778243471232,2023-W11,2023-03
601288.SH,2023-03-14,3.01,3.01,0.0,2836817,854900.545,癸卯,乙卯,辛未,2,2023,3,1,0.0,0,辛,未,金,土,乙,卯,木,木,False,False,0.010016778243471209,2023-W11,2023-03
601288.SH,2023-03-15,3.04,3.01,0.009967,3476943,1054554.042,癸卯,乙卯,壬申,3,2023,3,1,0.009917436657346144,1,壬,申,水,金,乙,卯,木,木,False,False,0.0,2023-W11,2023-03
601288.SH,2023-03-16,3.07,3.04,0.009868,6762034,2082029.866,癸卯,乙卯,癸酉,4,2023,3,1,0.009820046180975294,1,癸,酉,水,金,乙,卯,木,木,False,False,0.009917436657346144,2023-W11,2023-03
601288.SH,2023-03-17,3.08,3.07,0.003257,5038061,1553999.211,癸卯,乙卯,甲戌,5,2023,3,1,0.003252035386377316,1,甲,戌,木,土,乙,卯,木,木,False,False,0.009820046180975294,2023-W11,2023-03
601288.SH,2023-03-20,3.1,3.08,0.006494,5575066,1735218.903,癸卯,乙卯,丁丑,1,2023,3,1,0.00647251450561752,1,丁,丑,火,土,乙,卯,木,木,False,False,0.003252035386377316,2023-W12,2023-03
601288.SH,2023-03-21,3.05,3.1,-0.016129,4474987,1374486.652,癸卯,乙卯,戊寅,2,2023,3,1,-0.016260520871780405,0,戊,寅,土,木,乙,卯,木,木,False,False,0.00647251450561752,2023-W12,2023-03
601288.SH,2023-03-22,3.09,3.05,0.013115,2935809,903031.349,癸卯,乙卯,己卯,3,2023,3,1,0.013029500290333897,1,己,卯,土,木,乙,卯,木,木,False,False,-0.016260520871780405,2023-W12,2023-03
601288.SH,2023-03-23,3.1,3.09,0.003236,2594430,801215.454,癸卯,乙卯,庚辰,4,2023,3,1,0.00323102058144654,1,庚,辰,金,土,乙,卯,木,木,False,False,0.013029500290333897,2023-W12,2023-03
601288.SH,2023-03-24,3.05,3.1,-0.016129,2938509,900157.336,癸卯,乙卯,辛巳,5,2023,3,1,-0.016260520871780405,0,辛,巳,金,火,乙,卯,木,木,False,False,0.00323102058144654,2023-W12,2023-03
601288.SH,2023-03-27,3.05,3.05,0.0,4345280,1322524.448,癸卯,乙卯,甲申,1,2023,3,1,0.0,0,甲,申,木,金,乙,卯,木,木,False,True,-0.016260520871780405,2023-W13,2023-03
601288.SH,2023-03-28,3.09,3.05,0.013115,2787788,856846.036,癸卯,乙卯,乙酉,2,2023,3,1,0.013029500290333897,1,乙,酉,木,金,乙,卯,木,木,False,True,0.0,2023-W13,2023-03
601288.SH,2023-03-29,3.1,3.09,0.003236,3593162,1114497.88,癸卯,乙卯,丙戌,3,2023,3,1,0.00323102058144654,1,丙,戌,火,土,乙,卯,木,木,False,True,0.013029500290333897,2023-W13,2023-03
601288.SH,2023-03-30,3.09,3.1,-0.003226,2642463,818427.374,癸卯,乙卯,丁亥,4,2023,3,1,-0.003231020581446532,0,丁,亥,火,水,乙,卯,木,木,False,True,0.00323102058144654,2023-W13,2023-03
601288.SH,2023-03-31,3.11,3.09,0.006472,2996115,932554.031,癸卯,乙卯,戊子,5,2023,3,1,0.006451635281488595,1,戊,子,土,水,乙,卯,木,木,False,True,-0.003231020581446532,2023-W13,2023-03
601288.SH,2023-04-03,3.1,3.11,-0.003215,3669634,1135401.956,癸卯,乙卯,辛卯,1,2023,4,1,-0.003220614700042172,0,辛,卯,金,木,乙,卯,木,木,True,False,0.006451635281488595,2023-W14,2023-04
601288.SH,2023-04-04,3.15,3.1,0.016129,4266797,1332738.749,癸卯,乙卯,壬辰,2,2023,4,1,0.016000341346441117,1,壬,辰,水,土,乙,卯,木,木,True,False,-0.003220614700042172,2023-W14,2023-04
601288.SH,2023-04-10,3.17,3.17,0.0,3534604,1118639.745,癸卯,丙辰,戊戌,1,2023,4,1,0.0,0,戊,戌,土,土,丙,辰,火,土,False,False,0.016000341346441117,2023-W15,2023-04
601288.SH,2023-04-11,3.21,3.17,0.012618,3567007,1138864.46,癸卯,丙辰,己亥,2,2023,4,1,0.012539349252735173,1,己,亥,土,水,丙,辰,火,土,False,False,0.0,2023-W15,2023-04
601288.SH,2023-04-12,3.23,3.21,0.006231,4116730,1330442.644,癸卯,丙辰,庚子,3,2023,4,1,0.0062112000926406764,1,庚,子,金,水,丙,辰,火,土,False,False,0.012539349252735173,2023-W15,2023-04
601288.SH,2023-04-13,3.24,3.23,0.003096,2817564,913971.583,癸卯,丙辰,辛丑,4,2023,4,1,0.00309119256967288,1,辛,丑,金,土,丙,辰,火,土,False,False,0.0062112000926406764,2023-W15,2023-04
601288.SH,2023-04-14,3.23,3.24,-0.003086,2098955,679849.631,癸卯,丙辰,壬寅,5,2023,4,1,-0.0030911925696729694,0,壬,寅,水,木,丙,辰,火,土,False,False,0.00309119256967288,2023-W15,2023-04
601288.SH,2023-04-17,3.3,3.23,0.021672,4241776,1384073.546,癸卯,丙辰,乙巳,1,2023,4,1,0.021440331237869408,1,乙,巳,木,火,丙,辰,火,土,False,False,-0.0030911925696729694,2023-W16,2023-04
601288.SH,2023-04-18,3.35,3.3,0.015152,5171505,1728311.882,癸卯,丙辰,丙午,2,2023,4,1,0.015037877364540502,1,丙,午,火,火,丙,辰,火,土,False,False,0.021440331237869408,2023-W16,2023-04
601288.SH,2023-04-19,3.37,3.35,0.00597,4631170,1560777.115,癸卯,丙辰,丁未,3,2023,4,1,0.005952398527295352,1,丁,未,火,土,丙,辰,火,土,False,False,0.015037877364540502,2023-W16,2023-04
601288.SH,2023-04-20,3.37,3.37,0.0,4441968,1489634.77,癸卯,丙辰,戊申,4,2023,4,1,0.0,0,戊,申,土,金,丙,辰,火,土,False,False,0.005952398527295352,2023-W16,2023-04
601288.SH,2023-04-21,3.33,3.37,-0.011869,4659767,1570885.16,癸卯,丙辰,己酉,5,2023,4,1,-0.011940440371917863,0,己,酉,土,金,丙,辰,火,土,False,False,0.0,2023-W16,2023-04
601288.SH,2023-04-24,3.36,3.33,0.009009,4620333,1552568.739,癸卯,丙辰,壬子,1,2023,4,1,0.008968669982760316,1,壬,子,水,水,丙,辰,火,土,False,False,-0.011940440371917863,2023-W17,2023-04
601288.SH,2023-04-25,3.42,3.36,0.017857,6235941,2122710.749,癸卯,丙辰,癸丑,2,2023,4,1,0.017699577099400857,1,癸,丑,水,土,丙,辰,火,土,False,False,0.008968669982760316,2023-W17,2023-04
601288.SH,2023-04-26,3.39,3.42,-0.008772,6709347,2262418.204,癸卯,丙辰,甲寅,3,2023,4,1,-0.008810629682154807,0,甲,寅,木,木,丙,辰,火,土,False,True,0.017699577099400857,2023-W17,2023-04
601288.SH,2023-04-27,3.42,3.39,0.00885,4553592,1553766.738,癸卯,丙辰,乙卯,4,2023,4,1,0.008810629682154906,1,乙,卯,木,木,丙,辰,火,土,False,True,-0.008810629682154807,2023-W17,2023-04
601288.SH,2023-04-28,3.42,3.42,0.0,3909952,1336343.715,癸卯,丙辰,丙辰,5,2023,4,1,0.0,0,丙,辰,火,土,丙,辰,火,土,False,True,0.008810629682154906,2023-W17,2023-04
601288.SH,2023-05-04,3.58,3.42,0.046784,7483260,2634857.143,癸卯,丙辰,壬戌,4,2023,5,1,0.04572224933809515,1,壬,戌,水,土,丙,辰,火,土,True,False,0.0,2023-W18,2023-05
601288.SH,2023-05-05,3.62,3.58,0.011173,7119307,2592118.181,癸卯,丙辰,癸亥,5,2023,5,1,0.011111225425070849,1,癸,亥,水,水,丙,辰,火,土,True,False,0.04572224933809515,2023-W18,2023-05
601288.SH,2023-05-08,3.89,3.62,0.074586,11798484,4488097.555,癸卯,丁巳,丙寅,1,2023,5,1,0.07193513179267531,1,丙,寅,火,木,丁,巳,火,火,False,False,0.011111225425070849,2023-W19,2023-05
601288.SH,2023-05-09,3.83,3.89,-0.015424,11171400,4318860.344,癸卯,丁巳,丁卯,2,2023,5,1,-0.015544354437800344,0,丁,卯,火,木,丁,巳,火,火,False,False,0.07193513179267531,2023-W19,2023-05
601288.SH,2023-05-10,3.61,3.83,-0.057441,11708213,4288929.214,癸卯,丁巳,戊辰,3,2023,5,1,-0.05915703084776514,0,戊,辰,土,土,丁,巳,火,火,False,False,-0.015544354437800344,2023-W19,2023-05
601288.SH,2023-05-11,3.59,3.61,-0.00554,5440429,1954602.33,癸卯,丁巳,己巳,4,2023,5,1,-0.005555569844602105,0,己,巳,土,火,丁,巳,火,火,False,False,-0.05915703084776514,2023-W19,2023-05
601288.SH,2023-05-12,3.56,3.59,-0.008357,4581378,1635370.951,癸卯,丁巳,庚午,5,2023,5,1,-0.0083916576362484,0,庚,午,金,火,丁,巳,火,火,False,False,-0.005555569844602105,2023-W19,2023-05
601288.SH,2023-05-15,3.58,3.56,0.005618,10027081,3497048.121,癸卯,丁巳,癸酉,1,2023,5,1,0.0056022555486697516,1,癸,酉,水,金,丁,巳,火,火,False,False,-0.0083916576362484,2023-W20,2023-05
601288.SH,2023-05-16,3.6,3.58,0.005587,6593667,2390572.266,癸卯,丁巳,甲戌,2,2023,5,1,0.0055710450494554295,1,甲,戌,木,土,丁,巳,火,火,False,False,0.0056022555486697516,2023-W20,2023-05
601288.SH,2023-05-17,3.58,3.6,-0.005556,3651205,1305657.283,癸卯,丁巳,乙亥,3,2023,5,1,-0.00557104504945536,0,乙,亥,木,水,丁,巳,火,火,False,False,0.0055710450494554295,2023-W20,2023-05
601288.SH,2023-05-18,3.69,3.58,0.030726,5839255,2139786.745,癸卯,丁巳,丙子,4,2023,5,1,0.03026365763982693,1,丙,子,火,水,丁,巳,火,火,False,False,-0.00557104504945536,2023-W20,2023-05
601288.SH,2023-05-19,3.62,3.69,-0.01897,4290298,1562464.629,癸卯,丁巳,丁丑,5,2023,5,1,-0.019152432214756123,0,丁,丑,火,土,丁,巳,火,火,False,False,0.03026365763982693,2023-W20,2023-05
601288.SH,2023-05-22,3.61,3.62,-0.002762,3908962,1412535.484,癸卯,丁巳,庚辰,1,2023,5,1,-0.0027662534928901846,0,庚,辰,金,土,丁,巳,火,火,False,False,-0.019152432214756123,2023-W21,2023-05
601288.SH,2023-05-23,3.5,3.61,-0.030471,5971727,2112775.582,癸卯,丁巳,辛巳,2,2023,5,1,-0.030944803849421484,0,辛,巳,金,火,丁,巳,火,火,False,False,-0.0027662534928901846,2023-W21,2023-05
601288.SH,2023-05-24,3.41,3.5,-0.025714,6852447,2347364.423,癸卯,丁巳,壬午,3,2023,5,1,-0.02605067719994255,0,壬,午,水,火,丁,巳,火,火,False,False,-0.030944803849421484,2023-W21,2023-05
601288.SH,2023-05-25,3.44,3.41,0.008798,4345079,1484090.053,癸卯,丁巳,癸未,4,2023,5,1,0.008759180089881554,1,癸,未,水,土,丁,巳,火,火,False,False,-0.02605067719994255,2023-W21,2023-05
601288.SH,2023-05-26,3.5,3.44,0.017442,3067482,1068124.416,癸卯,丁巳,甲申,5,2023,5,1,0.017291497110061043,1,甲,申,木,金,丁,巳,火,火,False,False,0.008759180089881554,2023-W21,2023-05
601288.SH,2023-05-29,3.56,3.5,0.017143,3429752,1214171.786,癸卯,丁巳,丁亥,1,2023,5,1,0.016997576368571077,1,丁,亥,火,水,丁,巳,火,火,False,True,0.017291497110061043,2023-W22,2023-05
601288.SH,2023-05-30,3.5,3.56,-0.016854,3975398,1395363.866,癸卯,丁巳,戊子,2,2023,5,1,-0.016997576368571136,0,戊,子,土,水,丁,巳,火,火,False,True,0.016997576368571077,2023-W22,2023-05
601288.SH,2023-05-31,3.52,3.5,0.005714,3825941,1333953.359,癸卯,丁巳,己丑,3,2023,5,1,0.005698021114637796,1,己,丑,土,土,丁,巳,火,火,False,True,-0.016997576368571136,2023-W22,2023-05
601288.SH,2023-06-01,3.46,3.52,-0.017045,5065227,1752201.927,癸卯,丁巳,庚寅,4,2023,6,1,-0.017192400540372875,0,庚,寅,金,木,丁,巳,火,火,True,False,0.005698021114637796,2023-W22,2023-06
601288.SH,2023-06-02,3.46,3.46,0.0,3437543,1189530.652,癸卯,丁巳,辛卯,5,2023,6,1,0.0,0,辛,卯,金,木,丁,巳,火,火,True,False,-0.017192400540372875,2023-W22,2023-06
601288.SH,2023-06-05,3.56,3.46,0.028902,4353772,1535155.182,癸卯,丁巳,甲午,1,2023,6,1,0.02849195579430624,1,甲,午,木,火,丁,巳,火,火,True,False,0.0,2023-W23,2023-06
601288.SH,2023-06-06,3.56,3.56,0.0,3742619,1344927.931,癸卯,戊午,乙未,2,2023,6,1,0.0,0,乙,未,木,土,戊,午,土,火,False,False,0.02849195579430624,2023-W23,2023-06
601288.SH,2023-06-07,3.62,3.56,0.016854,3468997,1254425.004,癸卯,戊午,丙申,3,2023,6,1,0.016713480973740532,1,丙,申,火,金,戊,午,土,火,False,False,0.0,2023-W23,2023-06
601288.SH,2023-06-08,3.71,3.62,0.024862,5036105,1848285.77,癸卯,戊午,丁酉,4,2023,6,1,0.024557850781663965,1,丁,酉,火,金,戊,午,土,火,False,False,0.016713480973740532,2023-W23,2023-06
601288.SH,2023-06-09,3.68,3.71,-0.008086,3425195,1263742.206,癸卯,戊午,戊戌,5,2023,6,1,-0.008119124438504129,0,戊,戌,土,土,戊,午,土,火,False,False,0.024557850781663965,2023-W23,2023-06
601288.SH,2023-06-12,3.66,3.68,-0.005435,4409832,1609092.228,癸卯,戊午,辛丑,1,2023,6,1,-0.005449604767564703,0,辛,丑,金,土,戊,午,土,火,False,False,-0.008119124438504129,2023-W24,2023-06
601288.SH,2023-06-13,3.67,3.66,0.002732,3465550,1272014.732,癸卯,戊午,壬寅,2,2023,6,1,0.0027285146532039146,1,壬,寅,水,木,戊,午,土,火,False,False,-0.005449604767564703,2023-W24,2023-06
601288.SH,2023-06-14,3.56,3.67,-0.029973,5493499,1976711.806,癸卯,戊午,癸卯,3,2023,6,1,-0.030431117202539812,0,癸,卯,水,木,戊,午,土,火,False,False,0.0027285146532039146,2023-W24,2023-06
601288.SH,2023-06-15,3.6,3.56,0.011236,3626137,1303477.971,癸卯,戊午,甲辰,4,2023,6,1,0.011173300598125255,1,甲,辰,木,土,戊,午,土,火,False,False,-0.030431117202539812,2023-W24,2023-06
601288.SH,2023-06-16,3.58,3.6,-0.005556,2853378,1025485.345,癸卯,戊午,乙巳,5,2023,6,1,-0.00557104504945536,0,乙,巳,木,火,戊,午,土,火,False,False,0.011173300598125255,2023-W24,2023-06
601288.SH,2023-06-19,3.52,3.58,-0.01676,4399209,1551884.975,癸卯,戊午,戊申,1,2023,6,1,-0.016901810802603254,0,戊,申,土,金,戊,午,土,火,False,False,-0.00557104504945536,2023-W25,2023-06
601288.SH,2023-06-20,3.5,3.52,-0.005682,3054839,1072938.55,癸卯,戊午,己酉,2,2023,6,1,-0.005698021114637778,0,己,酉,土,金,戊,午,土,火,False,False,-0.016901810802603254,2023-W25,2023-06
601288.SH,2023-06-21,3.53,3.5,0.008571,2998189,1062249.754,癸卯,戊午,庚戌,3,2023,6,1,0.008534902449837286,1,庚,戌,金,土,戊,午,土,火,False,False,-0.005698021114637778,2023-W25,2023-06
601288.SH,2023-06-26,3.47,3.53,-0.016997,4029036,1405460.73,癸卯,戊午,乙卯,1,2023,6,1,-0.017143276986437427,0,乙,卯,木,木,戊,午,土,火,False,True,0.008534902449837286,2023-W26,2023-06
601288.SH,2023-06-27,3.53,3.47,0.017291,4113941,1436267.388,癸卯,戊午,丙辰,2,2023,6,1,0.017143276986437438,1,丙,辰,火,土,戊,午,土,火,False,True,-0.017143276986437427,2023-W26,2023-06
601288.SH,2023-06-28,3.52,3.53,-0.002833,3252509,1142132.203,癸卯,戊午,丁巳,3,2023,6,1,-0.002836881335199615,0,丁,巳,火,火,戊,午,土,火,False,True,0.017143276986437438,2023-W26,2023-06
601288.SH,2023-06-29,3.49,3.52,-0.008523,2864259,1002394.799,癸卯,戊午,戊午,4,2023,6,1,-0.008559253395669836,0,戊,午,土,火,戊,午,土,火,False,True,-0.002836881335199615,2023-W26,2023-06
601288.SH,2023-06-30,3.53,3.49,0.011461,2803102,986257.031,癸卯,戊午,己未,5,2023,6,1,0.011396134730869582,1,己,未,土,土,戊,午,土,火,False,True,-0.008559253395669836,2023-W26,2023-06
601288.SH,2023-07-03,3.62,3.53,0.025496,3586926,1289108.447,癸卯,戊午,壬戌,1,2023,7,1,0.025176154892474403,1,壬,戌,水,土,戊,午,土,火,True,False,0.011396134730869582,2023-W27,2023-07
601288.SH,2023-07-04,3.56,3.62,-0.016575,3729326,1333704.757,癸卯,戊午,癸亥,2,2023,7,1,-0.01671348097374067,0,癸,亥,水,水,戊,午,土,火,True,False,0.025176154892474403,2023-W27,2023-07
601288.SH,2023-07-05,3.55,3.56,-0.002809,2116226,750196.677,癸卯,戊午,甲子,3,2023,7,1,-0.0028129413766147236,0,甲,子,木,水,戊,午,土,火,True,False,-0.01671348097374067,2023-W27,2023-07
601288.SH,2023-07-06,3.51,3.55,-0.011268,3439896,1209534.378,癸卯,戊午,乙丑,4,2023,7,1,-0.01133156600954997,0,乙,丑,木,土,戊,午,土,火,False,False,-0.0028129413766147236,2023-W27,2023-07
601288.SH,2023-07-07,3.52,3.51,0.002849,1805379,635699.663,癸卯,己未,丙寅,5,2023,7,1,0.0028449521322313448,1,丙,寅,火,木,己,未,土,土,False,False,-0.01133156600954997,2023-W27,2023-07
601288.SH,2023-07-10,3.51,3.52,-0.002841,1797165,631549.193,癸卯,己未,己巳,1,2023,7,1,-0.0028449521322313617,0,己,巳,土,火,己,未,土,土,False,False,0.0028449521322313448,2023-W28,2023-07
601288.SH,2023-07-11,3.53,3.51,0.005698,1845016,651229.506,癸卯,己未,庚午,2,2023,7,1,0.005681833467430864,1,庚,午,金,火,己,未,土,土,False,False,-0.0028449521322313617,2023-W28,2023-07
601288.SH,2023-07-12,3.55,3.53,0.005666,2209462,782525.524,癸卯,己未,辛未,3,2023,7,1,0.005649732542119128,1,辛,未,金,土,己,未,土,土,False,False,0.005681833467430864,2023-W28,2023-07
601288.SH,2023-07-13,3.61,3.55,0.016901,3171887,1137487.358,癸卯,己未,壬申,4,2023,7,1,0.0167601688574651,1,壬,申,水,金,己,未,土,土,False,False,0.005649732542119128,2023-W28,2023-07
601288.SH,2023-07-14,3.61,3.61,0.0,2954278,1066540.158,癸卯,己未,癸酉,5,2023,7,1,0.0,0,癸,酉,水,金,己,未,土,土,False,False,0.0167601688574651,2023-W28,2023-07
601288.SH,2023-07-17,3.62,3.61,0.00277,4323828,1561075.059,癸卯,己未,丙子,1,2023,7,1,0.00276625349289011,1,丙,子,火,水,己,未,土,土,False,False,0.0,2023-W29,2023-07
601288.SH,2023-07-18,3.4,3.4,0.0,4001720,1368897.286,癸卯,己未,丁丑,2,2023,7,1,0.0,0,丁,丑,火,土,己,未,土,土,False,False,0.00276625349289011,2023-W29,2023-07
601288.SH,2023-07-19,3.4,3.4,0.0,2728502,923560.813,癸卯,己未,戊寅,3,2023,7,1,0.0,0,戊,寅,土,木,己,未,土,土,False,False,0.0,2023-W29,2023-07
601288.SH,2023-07-20,3.42,3.4,0.005882,2087402,713587.887,癸卯,己未,己卯,4,2023,7,1,0.005865119452398058,1,己,卯,土,木,己,未,土,土,False,False,0.0,2023-W29,2023-07
601288.SH,2023-07-21,3.41,3.42,-0.002924,1494400,510819.856,癸卯,己未,庚辰,5,2023,7,1,-0.002928259779088334,0,庚,辰,金,土,己,未,土,土,False,False,0.005865119452398058,2023-W29,2023-07
601288.SH,2023-07-24,3.43,3.41,0.005865,1561232,532977.052,癸卯,己未,癸未,1,2023,7,1,0.00584796988242312,1,癸,未,水,土,己,未,土,土,False,False,-0.002928259779088334,2023-W30,2023-07
601288.SH,2023-07-25,3.49,3.43,0.017493,3195089,1104864.187,癸卯,己未,甲申,2,2023,7,1,0.017341475036487173,1,甲,申,木,金,己,未,土,土,False,False,0.00584796988242312,2023-W30,2023-07
601288.SH,2023-07-26,3.48,3.49,-0.002865,1784601,619755.83,癸卯,己未,乙酉,3,2023,7,1,-0.002869442427952931,0,乙,酉,木,金,己,未,土,土,False,False,0.017341475036487173,2023-W30,2023-07
601288.SH,2023-07-27,3.54,3.48,0.017241,3004812,1063454.678,癸卯,己未,丙戌,4,2023,7,1,0.01709443335930004,1,丙,戌,火,土,己,未,土,土,False,True,-0.002869442427952931,2023-W30,2023-07
601288.SH,2023-07-28,3.61,3.54,0.019774,3274326,1174131.754,癸卯,己未,丁亥,5,2023,7,1,0.019581045199106344,1,丁,亥,火,水,己,未,土,土,False,True,0.01709443335930004,2023-W30,2023-07
601288.SH,2023-07-31,3.62,3.61,0.00277,4413073,1601084.217,癸卯,己未,庚寅,1,2023,7,1,0.00276625349289011,1,庚,寅,金,木,己,未,土,土,False,True,0.019581045199106344,2023-W31,2023-07
601288.SH,2023-08-01,3.63,3.62,0.002762,2148569,778557.012,癸卯,己未,辛卯,2,2023,8,1,0.0027586224390796607,1,辛,卯,金,木,己,未,土,土,True,False,0.00276625349289011,2023-W31,2023-08
601288.SH,2023-08-02,3.51,3.63,-0.033058,5010064,1776340.995,癸卯,己未,壬辰,3,2023,8,1,-0.033616610798984974,0,壬,辰,水,土,己,未,土,土,True,False,0.0027586224390796607,2023-W31,2023-08
601288.SH,2023-08-03,3.55,3.51,0.011396,3225276,1136708.753,癸卯,己未,癸巳,4,2023,8,1,0.011331566009550018,1,癸,巳,水,火,己,未,土,土,True,False,-0.033616610798984974,2023-W31,2023-08
601288.SH,2023-08-04,3.55,3.55,0.0,2805904,1001266.097,癸卯,己未,甲午,5,2023,8,1,0.0,0,甲,午,木,火,己,未,土,土,True,False,0.011331566009550018,2023-W31,2023-08
601288.SH,2023-08-07,3.53,3.55,-0.005634,2673237,940723.937,癸卯,己未,丁酉,1,2023,8,1,-0.005649732542119021,0,丁,酉,火,金,己,未,土,土,False,False,0.0,2023-W32,2023-08
601288.SH,2023-08-08,3.51,3.53,-0.005666,1973530,694947.563,癸卯,庚申,戊戌,2,2023,8,1,-0.005681833467430946,0,戊,戌,土,土,庚,申,金,金,False,False,-0.005649732542119021,2023-W32,2023-08
601288.SH,2023-08-09,3.52,3.51,0.002849,2064024,727010.3,癸卯,庚申,己亥,3,2023,8,1,0.0028449521322313448,1,己,亥,土,水,庚,申,金,金,False,False,-0.005681833467430946,2023-W32,2023-08
601288.SH,2023-08-10,3.52,3.52,0.0,1831225,644034.853,癸卯,庚申,庚子,4,2023,8,1,0.0,0,庚,子,金,水,庚,申,金,金,False,False,0.0028449521322313448,2023-W32,2023-08
601288.SH,2023-08-11,3.46,3.52,-0.017045,3022920,1053335.192,癸卯,庚申,辛丑,5,2023,8,1,-0.017192400540372875,0,辛,丑,金,土,庚,申,金,金,False,False,0.0,2023-W32,2023-08
601288.SH,2023-08-14,3.42,3.46,-0.011561,2794160,954197.204,癸卯,庚申,甲辰,1,2023,8,1,-0.011628037995119099,0,甲,辰,木,土,庚,申,金,金,False,False,-0.017192400540372875,2023-W33,2023-08
601288.SH,2023-08-15,3.49,3.42,0.020468,3195440,1105858.122,癸卯,庚申,乙巳,2,2023,8,1,0.020261185139822144,1,乙,巳,木,火,庚,申,金,金,False,False,-0.011628037995119099,2023-W33,2023-08
601288.SH,2023-08-16,3.49,3.49,0.0,2132165,741998.271,癸卯,庚申,丙午,3,2023,8,1,0.0,0,丙,午,火,火,庚,申,金,金,False,False,0.020261185139822144,2023-W33,2023-08
601288.SH,2023-08-17,3.47,3.49,-0.005731,2455254,850902.317,癸卯,庚申,丁未,4,2023,8,1,-0.005747142255567959,0,丁,未,火,土,庚,申,金,金,False,False,0.0,2023-W33,2023-08
601288.SH,2023-08-18,3.49,3.47,0.005764,2857721,1000306.434,癸卯,庚申,戊申,5,2023,8,1,0.005747142255568071,1,戊,申,土,金,庚,申,金,金,False,False,-0.005747142255567959,2023-W33,2023-08
601288.SH,2023-08-21,3.43,3.49,-0.017192,3175587,1094981.703,癸卯,庚申,辛亥,1,2023,8,1,-0.017341475036487215,0,辛,亥,金,水,庚,申,金,金,False,False,0.005747142255568071,2023-W34,2023-08
601288.SH,2023-08-22,3.48,3.43,0.014577,3163270,1093284.617,癸卯,庚申,壬子,2,2023,8,1,0.014472032608534469,1,壬,子,水,水,庚,申,金,金,False,False,-0.017341475036487215,2023-W34,2023-08
601288.SH,2023-08-23,3.48,3.48,0.0,2510814,877055.262,癸卯,庚申,癸丑,3,2023,8,1,0.0,0,癸,丑,水,土,庚,申,金,金,False,False,0.014472032608534469,2023-W34,2023-08
601288.SH,2023-08-24,3.47,3.48,-0.002874,2763578,958730.83,癸卯,庚申,甲寅,4,2023,8,1,-0.002877699827615058,0,甲,寅,木,木,庚,申,金,金,False,False,0.0,2023-W34,2023-08
601288.SH,2023-08-25,3.48,3.47,0.002882,2606606,907437.537,癸卯,庚申,乙卯,5,2023,8,1,0.002877699827614974,1,乙,卯,木,木,庚,申,金,金,False,False,-0.002877699827615058,2023-W34,2023-08
601288.SH,2023-08-28,3.54,3.48,0.017241,4526725,1604036.617,癸卯,庚申,戊午,1,2023,8,1,0.01709443335930004,1,戊,午,土,火,庚,申,金,金,False,True,0.002877699827614974,2023-W35,2023-08
601288.SH,2023-08-29,3.48,3.54,-0.016949,3975237,1386098.518,癸卯,庚申,己未,2,2023,8,1,-0.017094433359300183,0,己,未,土,土,庚,申,金,金,False,True,0.01709443335930004,2023-W35,2023-08
601288.SH,2023-08-30,3.48,3.48,0.0,2191173,759035.653,癸卯,庚申,庚申,3,2023,8,1,0.0,0,庚,申,金,金,庚,申,金,金,False,True,-0.017094433359300183,2023-W35,2023-08
601288.SH,2023-08-31,3.46,3.48,-0.005747,2067045,718086.877,癸卯,庚申,辛酉,4,2023,8,1,-0.0057637047167501294,0,辛,酉,金,金,庚,申,金,金,False,True,0.0,2023-W35,2023-08
601288.SH,2023-09-01,3.44,3.46,-0.00578,2133388,735846.002,癸卯,庚申,壬戌,5,2023,9,1,-0.005797117684325957,0,壬,戌,水,土,庚,申,金,金,True,False,-0.0057637047167501294,2023-W35,2023-09
601288.SH,2023-09-04,3.48,3.44,0.011628,2322133,804988.987,癸卯,庚申,乙丑,1,2023,9,1,0.011560822401076006,1,乙,丑,木,土,庚,申,金,金,True,False,-0.005797117684325957,2023-W36,2023-09
601288.SH,2023-09-05,3.45,3.48,-0.008621,1346521,465650.715,癸卯,庚申,丙寅,2,2023,9,1,-0.008658062743114541,0,丙,寅,火,木,庚,申,金,金,True,False,0.011560822401076006,2023-W36,2023-09
601288.SH,2023-09-06,3.46,3.45,0.002899,1299551,449351.79,癸卯,庚申,丁卯,3,2023,9,1,0.0028943580263643353,1,丁,卯,火,木,庚,申,金,金,False,False,-0.008658062743114541,2023-W36,2023-09
601288.SH,2023-09-07,3.46,3.46,0.0,2006402,693324.228,癸卯,庚申,戊辰,4,2023,9,1,0.0,0,戊,辰,土,土,庚,申,金,金,False,False,0.0028943580263643353,2023-W36,2023-09
601288.SH,2023-09-08,3.45,3.46,-0.00289,1327145,457246.274,癸卯,辛酉,己巳,5,2023,9,1,-0.0028943580263644146,0,己,巳,土,火,辛,酉,金,金,False,False,0.0,2023-W36,2023-09
601288.SH,2023-09-11,3.44,3.45,-0.002899,2200491,757315.263,癸卯,辛酉,壬申,1,2023,9,1,-0.0029027596579614626,0,壬,申,水,金,辛,酉,金,金,False,False,-0.0028943580263644146,2023-W37,2023-09
601288.SH,2023-09-12,3.44,3.44,0.0,1160455,398843.512,癸卯,辛酉,癸酉,2,2023,9,1,0.0,0,癸,酉,水,金,辛,酉,金,金,False,False,-0.0029027596579614626,2023-W37,2023-09
601288.SH,2023-09-13,3.45,3.44,0.002907,2058957,709864.302,癸卯,辛酉,甲戌,3,2023,9,1,0.00290275965796141,1,甲,戌,木,土,辛,酉,金,金,False,False,0.0,2023-W37,2023-09
601288.SH,2023-09-14,3.5,3.45,0.014493,4552913,1586495.086,癸卯,辛酉,乙亥,4,2023,9,1,0.014388737452099452,1,乙,亥,木,水,辛,酉,金,金,False,False,0.00290275965796141,2023-W37,2023-09
601288.SH,2023-09-15,3.47,3.5,-0.008571,3555350,1243775.08,癸卯,辛酉,丙子,5,2023,9,1,-0.008608374536600164,0,丙,子,火,水,辛,酉,金,金,False,False,0.014388737452099452,2023-W37,2023-09
601288.SH,2023-09-18,3.47,3.47,0.0,2634991,912502.512,癸卯,辛酉,己卯,1,2023,9,1,0.0,0,己,卯,土,木,辛,酉,金,金,False,False,-0.008608374536600164,2023-W38,2023-09
601288.SH,2023-09-19,3.53,3.47,0.017291,3635733,1275073.721,癸卯,辛酉,庚辰,2,2023,9,1,0.017143276986437438,1,庚,辰,金,土,辛,酉,金,金,False,False,0.0,2023-W38,2023-09
601288.SH,2023-09-20,3.58,3.53,0.014164,4177440,1489849.87,癸卯,辛酉,辛巳,3,2023,9,1,0.014064929467403675,1,辛,巳,金,火,辛,酉,金,金,False,False,0.017143276986437438,2023-W38,2023-09
601288.SH,2023-09-21,3.56,3.58,-0.005587,2805875,1002973.676,癸卯,辛酉,壬午,4,2023,9,1,-0.005602255548669898,0,壬,午,水,火,辛,酉,金,金,False,False,0.014064929467403675,2023-W38,2023-09
601288.SH,2023-09-22,3.59,3.56,0.008427,3714281,1325632.094,癸卯,辛酉,癸未,5,2023,9,1,0.00839165763624838,1,癸,未,水,土,辛,酉,金,金,False,False,-0.005602255548669898,2023-W38,2023-09
601288.SH,2023-09-25,3.62,3.59,0.008357,3291333,1189721.524,癸卯,辛酉,丙戌,1,2023,9,1,0.008321823337492278,1,丙,戌,火,土,辛,酉,金,金,False,False,0.00839165763624838,2023-W39,2023-09
601288.SH,2023-09-26,3.62,3.62,0.0,2586036,935691.977,癸卯,辛酉,丁亥,2,2023,9,1,0.0,0,丁,亥,火,水,辛,酉,金,金,False,True,0.008321823337492278,2023-W39,2023-09
601288.SH,2023-09-27,3.56,3.62,-0.016575,3154589,1128500.817,癸卯,辛酉,戊子,3,2023,9,1,-0.01671348097374067,0,戊,子,土,水,辛,酉,金,金,False,True,0.0,2023-W39,2023-09
601288.SH,2023-09-28,3.6,3.56,0.011236,2631104,948110.745,癸卯,辛酉,己丑,4,2023,9,1,0.011173300598125255,1,己,丑,土,土,辛,酉,金,金,False,True,-0.01671348097374067,2023-W39,2023-09
601288.SH,2023-10-09,3.6,3.6,0.0,3022637,1084480.392,癸卯,壬戌,庚子,1,2023,10,1,0.0,0,庚,子,金,水,壬,戌,水,土,False,False,0.011173300598125255,2023-W41,2023-10
601288.SH,2023-10-10,3.61,3.6,0.002778,2670485,966978.603,癸卯,壬戌,辛丑,2,2023,10,1,0.0027739268827252244,1,辛,丑,金,土,壬,戌,水,土,False,False,0.0,2023-W41,2023-10
601288.SH,2023-10-11,3.65,3.61,0.01108,3707038,1346890.04,癸卯,壬戌,壬寅,3,2023,10,1,0.011019395249610698,1,壬,寅,水,木,壬,戌,水,土,False,False,0.0027739268827252244,2023-W41,2023-10
601288.SH,2023-10-12,3.67,3.65,0.005479,5954786,2196869.546,癸卯,壬戌,癸卯,4,2023,10,1,0.005464494472078745,1,癸,卯,水,木,壬,戌,水,土,False,False,0.011019395249610698,2023-W41,2023-10
601288.SH,2023-10-13,3.72,3.67,0.013624,5072833,1885921.591,癸卯,壬戌,甲辰,5,2023,10,1,0.013532006218576373,1,甲,辰,木,土,壬,戌,水,土,False,False,0.005464494472078745,2023-W41,2023-10
601288.SH,2023-10-16,3.71,3.72,-0.002688,3292025,1217621.566,癸卯,壬戌,丁未,1,2023,10,1,-0.0026917916657115256,0,丁,未,火,土,壬,戌,水,土,False,False,0.013532006218576373,2023-W42,2023-10
601288.SH,2023-10-17,3.72,3.71,0.002695,2029201,753748.25,癸卯,壬戌,戊申,2,2023,10,1,0.0026917916657115746,1,戊,申,土,金,壬,戌,水,土,False,False,-0.0026917916657115256,2023-W42,2023-10
601288.SH,2023-10-18,3.74,3.72,0.005376,3137931,1171667.945,癸卯,壬戌,己酉,3,2023,10,1,0.005361943141385373,1,己,酉,土,金,壬,戌,水,土,False,False,0.0026917916657115746,2023-W42,2023-10
601288.SH,2023-10-19,3.67,3.74,-0.018717,4718541,1739653.364,癸卯,壬戌,庚戌,4,2023,10,1,-0.018893949359961738,0,庚,戌,金,土,壬,戌,水,土,False,False,0.005361943141385373,2023-W42,2023-10
601288.SH,2023-10-20,3.66,3.67,-0.002725,4207668,1533676.955,癸卯,壬戌,辛亥,5,2023,10,1,-0.002728514653203951,0,辛,亥,金,水,壬,戌,水,土,False,False,-0.018893949359961738,2023-W42,2023-10
601288.SH,2023-10-23,3.65,3.66,-0.002732,2919950,1068895.096,癸卯,壬戌,甲寅,1,2023,10,1,-0.00273597981887486,0,甲,寅,木,木,壬,戌,水,土,False,False,-0.002728514653203951,2023-W43,2023-10
601288.SH,2023-10-24,3.6,3.65,-0.013699,4029147,1455109.268,癸卯,壬戌,乙卯,2,2023,10,1,-0.01379332213233576,0,乙,卯,木,木,壬,戌,水,土,False,False,-0.00273597981887486,2023-W43,2023-10
601288.SH,2023-10-25,3.56,3.6,-0.011111,5401327,1923114.228,癸卯,壬戌,丙辰,3,2023,10,1,-0.011173300598125189,0,丙,辰,火,土,壬,戌,水,土,False,False,-0.01379332213233576,2023-W43,2023-10
601288.SH,2023-10-26,3.62,3.56,0.016854,4237219,1521222.799,癸卯,壬戌,丁巳,4,2023,10,1,0.016713480973740532,1,丁,巳,火,火,壬,戌,水,土,False,False,-0.011173300598125189,2023-W43,2023-10
601288.SH,2023-10-27,3.63,3.62,0.002762,4198135,1524581.31,癸卯,壬戌,戊午,5,2023,10,1,0.0027586224390796607,1,戊,午,土,火,壬,戌,水,土,False,True,0.016713480973740532,2023-W43,2023-10
601288.SH,2023-10-30,3.56,3.63,-0.019284,6038786,2155433.075,癸卯,壬戌,辛酉,1,2023,10,1,-0.019472103412820296,0,辛,酉,金,金,壬,戌,水,土,False,True,0.0027586224390796607,2023-W44,2023-10
601288.SH,2023-10-31,3.59,3.56,0.008427,3210902,1148219.512,癸卯,壬戌,壬戌,2,2023,10,1,0.00839165763624838,1,壬,戌,水,土,壬,戌,水,土,False,True,-0.019472103412820296,2023-W44,2023-10
601288.SH,2023-11-01,3.62,3.59,0.008357,3092760,1115819.962,癸卯,壬戌,癸亥,3,2023,11,1,0.008321823337492278,1,癸,亥,水,水,壬,戌,水,土,True,False,0.00839165763624838,2023-W44,2023-11
601288.SH,2023-11-02,3.66,3.62,0.01105,2971691,1088144.162,癸卯,壬戌,甲子,4,2023,11,1,0.010989121575595165,1,甲,子,木,水,壬,戌,水,土,True,False,0.008321823337492278,2023-W44,2023-11
601288.SH,2023-11-03,3.62,3.66,-0.010929,2936573,1064833.946,癸卯,壬戌,乙丑,5,2023,11,1,-0.010989121575595206,0,乙,丑,木,土,壬,戌,水,土,True,False,0.010989121575595165,2023-W44,2023-11
601288.SH,2023-11-06,3.58,3.62,-0.01105,3742103,1340139.726,癸卯,壬戌,戊辰,1,2023,11,1,-0.011111225425070722,0,戊,辰,土,土,壬,戌,水,土,False,False,-0.010989121575595206,2023-W45,2023-11
601288.SH,2023-11-07,3.61,3.58,0.00838,2615548,937615.58,癸卯,壬戌,己巳,2,2023,11,1,0.008344971932180468,1,己,巳,土,火,壬,戌,水,土,False,False,-0.011111225425070722,2023-W45,2023-11
601288.SH,2023-11-08,3.6,3.61,-0.00277,1626710,586120.061,癸卯,癸亥,庚午,3,2023,11,1,-0.002773926882725208,0,庚,午,金,火,癸,亥,水,水,False,False,0.008344971932180468,2023-W45,2023-11
601288.SH,2023-11-09,3.63,3.6,0.008333,2547629,922574.412,癸卯,癸亥,辛未,4,2023,11,1,0.008298802814695064,1,辛,未,金,土,癸,亥,水,水,False,False,-0.002773926882725208,2023-W45,2023-11
601288.SH,2023-11-10,3.63,3.63,0.0,3074486,1119030.976,癸卯,癸亥,壬申,5,2023,11,1,0.0,0,壬,申,水,金,癸,亥,水,水,False,False,0.008298802814695064,2023-W45,2023-11
601288.SH,2023-11-13,3.62,3.63,-0.002755,1951944,704198.233,癸卯,癸亥,乙亥,1,2023,11,1,-0.00275862243907964,0,乙,亥,木,水,癸,亥,水,水,False,False,0.0,2023-W46,2023-11
601288.SH,2023-11-14,3.63,3.62,0.002762,2498937,904981.577,癸卯,癸亥,丙子,2,2023,11,1,0.0027586224390796607,1,丙,子,火,水,癸,亥,水,水,False,False,-0.00275862243907964,2023-W46,2023-11
601288.SH,2023-11-15,3.62,3.63,-0.002755,2246594,814809.703,癸卯,癸亥,丁丑,3,2023,11,1,-0.00275862243907964,0,丁,丑,火,土,癸,亥,水,水,False,False,0.0027586224390796607,2023-W46,2023-11
601288.SH,2023-11-16,3.65,3.62,0.008287,3115452,1133457.576,癸卯,癸亥,戊寅,4,2023,11,1,0.008253141756720482,1,戊,寅,土,木,癸,亥,水,水,False,False,-0.00275862243907964,2023-W46,2023-11
601288.SH,2023-11-17,3.63,3.65,-0.005479,1927914,700094.155,癸卯,癸亥,己卯,5,2023,11,1,-0.005494519317640702,0,己,卯,土,木,癸,亥,水,水,False,False,0.008253141756720482,2023-W46,2023-11
601288.SH,2023-11-20,3.65,3.63,0.00551,2274335,829937.46,癸卯,癸亥,壬午,1,2023,11,1,0.00549451931764078,1,壬,午,水,火,癸,亥,水,水,False,False,-0.005494519317640702,2023-W47,2023-11
601288.SH,2023-11-21,3.67,3.65,0.005479,2748102,1006632.716,癸卯,癸亥,癸未,2,2023,11,1,0.005464494472078745,1,癸,未,水,土,癸,亥,水,水,False,False,0.00549451931764078,2023-W47,2023-11
601288.SH,2023-11-22,3.66,3.67,-0.002725,1633432,599085.744,癸卯,癸亥,甲申,3,2023,11,1,-0.002728514653203951,0,甲,申,木,金,癸,亥,水,水,False,False,0.005464494472078745,2023-W47,2023-11
601288.SH,2023-11-23,3.66,3.66,0.0,1755174,642053.952,癸卯,癸亥,乙酉,4,2023,11,1,0.0,0,乙,酉,木,金,癸,亥,水,水,False,False,-0.002728514653203951,2023-W47,2023-11
601288.SH,2023-11-24,3.66,3.66,0.0,2222330,813881.311,癸卯,癸亥,丙戌,5,2023,11,1,0.0,0,丙,戌,火,土,癸,亥,水,水,False,False,0.0,2023-W47,2023-11
601288.SH,2023-11-27,3.63,3.66,-0.008197,3098687,1125865.694,癸卯,癸亥,己丑,1,2023,11,1,-0.008230499136515591,0,己,丑,土,土,癸,亥,水,水,False,True,0.0,2023-W48,2023-11
601288.SH,2023-11-28,3.64,3.63,0.002755,1859984,676591.033,癸卯,癸亥,庚寅,2,2023,11,1,0.002751033371890019,1,庚,寅,金,木,癸,亥,水,水,False,True,-0.008230499136515591,2023-W48,2023-11
601288.SH,2023-11-29,3.63,3.64,-0.002747,2153748,782885.206,癸卯,癸亥,辛卯,3,2023,11,1,-0.002751033371889982,0,辛,卯,金,木,癸,亥,水,水,False,True,0.002751033371890019,2023-W48,2023-11
601288.SH,2023-11-30,3.66,3.63,0.008264,2785039,1014186.834,癸卯,癸亥,壬辰,4,2023,11,1,0.008230499136515444,1,壬,辰,水,土,癸,亥,水,水,False,True,-0.002751033371889982,2023-W48,2023-11
601288.SH,2023-12-01,3.65,3.66,-0.002732,3190755,1168896.032,癸卯,癸亥,癸巳,5,2023,12,1,-0.00273597981887486,0,癸,巳,水,火,癸,亥,水,水,True,False,0.008230499136515444,2023-W48,2023-12
601288.SH,2023-12-04,3.64,3.65,-0.00274,1876127,685266.28,癸卯,癸亥,丙申,1,2023,12,1,-0.002743485945750832,0,丙,申,火,金,癸,亥,水,水,True,False,-0.00273597981887486,2023-W49,2023-12
601288.SH,2023-12-05,3.61,3.64,-0.008242,2717832,986911.647,癸卯,癸亥,丁酉,2,2023,12,1,-0.008275909303859822,0,丁,酉,火,金,癸,亥,水,水,True,False,-0.002743485945750832,2023-W49,2023-12
601288.SH,2023-12-06,3.53,3.61,-0.022161,5169956,1839405.663,癸卯,癸亥,戊戌,3,2023,12,1,-0.022409901399584164,0,戊,戌,土,土,癸,亥,水,水,False,False,-0.008275909303859822,2023-W49,2023-12
601288.SH,2023-12-07,3.56,3.53,0.008499,3530056,1249696.218,癸卯,甲子,己亥,4,2023,12,1,0.008462673918733728,1,己,亥,土,水,甲,子,木,水,False,False,-0.022409901399584164,2023-W49,2023-12
601288.SH,2023-12-08,3.57,3.56,0.002809,3156025,1126716.717,癸卯,甲子,庚子,5,2023,12,1,0.0028050509276084604,1,庚,子,金,水,甲,子,木,水,False,False,0.008462673918733728,2023-W49,2023-12
601288.SH,2023-12-11,3.55,3.57,-0.005602,3964809,1400588.956,癸卯,甲子,癸卯,1,2023,12,1,-0.005617992304223261,0,癸,卯,水,木,甲,子,木,水,False,False,0.0028050509276084604,2023-W50,2023-12
601288.SH,2023-12-12,3.62,3.55,0.019718,4118896,1484260.798,癸卯,甲子,甲辰,2,2023,12,1,0.019526422350355236,1,甲,辰,木,土,甲,子,木,水,False,False,-0.005617992304223261,2023-W50,2023-12
601288.SH,2023-12-13,3.62,3.62,0.0,3069810,1113434.723,癸卯,甲子,乙巳,3,2023,12,1,0.0,0,乙,巳,木,火,甲,子,木,水,False,False,0.019526422350355236,2023-W50,2023-12
601288.SH,2023-12-14,3.62,3.62,0.0,2160570,783680.96,癸卯,甲子,丙午,4,2023,12,1,0.0,0,丙,午,火,火,甲,子,木,水,False,False,0.0,2023-W50,2023-12
601288.SH,2023-12-15,3.58,3.62,-0.01105,2661979,958747.021,癸卯,甲子,丁未,5,2023,12,1,-0.011111225425070722,0,丁,未,火,土,甲,子,木,水,False,False,0.0,2023-W50,2023-12
601288.SH,2023-12-18,3.62,3.58,0.011173,3086827,1114228.634,癸卯,甲子,庚戌,1,2023,12,1,0.011111225425070849,1,庚,戌,金,土,甲,子,木,水,False,False,-0.011111225425070722,2023-W51,2023-12
601288.SH,2023-12-19,3.64,3.62,0.005525,2621205,951332.797,癸卯,甲子,辛亥,2,2023,12,1,0.0055096558109697,1,辛,亥,金,水,甲,子,木,水,False,False,0.011111225425070849,2023-W51,2023-12
601288.SH,2023-12-20,3.63,3.64,-0.002747,3037652,1109151.396,癸卯,甲子,壬子,3,2023,12,1,-0.002751033371889982,0,壬,子,水,水,甲,子,木,水,False,False,0.0055096558109697,2023-W51,2023-12
601288.SH,2023-12-21,3.61,3.63,-0.00551,3221251,1163852.063,癸卯,甲子,癸丑,4,2023,12,1,-0.005524875931969916,0,癸,丑,水,土,甲,子,木,水,False,False,-0.002751033371889982,2023-W51,2023-12
601288.SH,2023-12-22,3.63,3.61,0.00554,2851835,1035125.815,癸卯,甲子,甲寅,5,2023,12,1,0.005524875931969807,1,甲,寅,木,木,甲,子,木,水,False,False,-0.005524875931969916,2023-W51,2023-12
601288.SH,2023-12-25,3.66,3.63,0.008264,2092689,763818.525,癸卯,甲子,丁巳,1,2023,12,1,0.008230499136515444,1,丁,巳,火,火,甲,子,木,水,False,False,0.005524875931969807,2023-W52,2023-12
601288.SH,2023-12-26,3.67,3.66,0.002732,2307493,847127.167,癸卯,甲子,戊午,2,2023,12,1,0.0027285146532039146,1,戊,午,土,火,甲,子,木,水,False,False,0.008230499136515444,2023-W52,2023-12
601288.SH,2023-12-27,3.69,3.67,0.00545,3410897,1251600.24,癸卯,甲子,己未,3,2023,12,1,0.005434795985956995,1,己,未,土,土,甲,子,木,水,False,True,0.0027285146532039146,2023-W52,2023-12
601288.SH,2023-12-28,3.63,3.69,-0.01626,5655405,2062528.819,癸卯,甲子,庚申,4,2023,12,1,-0.016393809775676383,0,庚,申,金,金,甲,子,木,水,False,True,0.005434795985956995,2023-W52,2023-12
601288.SH,2023-12-29,3.64,3.63,0.002755,3237253,1178848.279,癸卯,甲子,辛酉,5,2023,12,1,0.002751033371890019,1,辛,酉,金,金,甲,子,木,水,False,True,-0.016393809775676383,2023-W52,2023-12
601288.SH,2024-01-02,3.66,3.64,0.005495,3479088,1274151.353,癸卯,甲子,乙丑,2,2024,1,1,0.0054794657646255705,1,乙,丑,木,土,甲,子,木,水,True,False,0.002751033371890019,2024-W01,2024-01
601288.SH,2024-01-03,3.72,3.66,0.016393,4784762,1771869.233,癸卯,甲子,丙寅,3,2024,1,1,0.016260520871780326,1,丙,寅,火,木,甲,子,木,水,True,False,0.0054794657646255705,2024-W01,2024-01
601288.SH,2024-01-04,3.77,3.72,0.013441,3886243,1454184.045,癸卯,甲子,丁卯,4,2024,1,1,0.013351333174864196,1,丁,卯,火,木,甲,子,木,水,True,False,0.016260520871780326,2024-W01,2024-01
601288.SH,2024-01-05,3.73,3.77,-0.01061,4927900,1847519.653,癸卯,甲子,戊辰,5,2024,1,1,-0.010666767804195192,0,戊,辰,土,土,甲,子,木,水,True,False,0.013351333174864196,2024-W01,2024-01
601288.SH,2024-01-08,3.72,3.73,-0.002681,3932484,1464032.236,癸卯,乙丑,辛未,1,2024,1,1,-0.0026845653706688757,0,辛,未,金,土,乙,丑,木,土,False,False,-0.010666767804195192,2024-W02,2024-01
601288.SH,2024-01-09,3.72,3.72,0.0,3837285,1420139.141,癸卯,乙丑,壬申,2,2024,1,1,0.0,0,壬,申,水,金,乙,丑,木,土,False,False,-0.0026845653706688757,2024-W02,2024-01
601288.SH,2024-01-10,3.71,3.72,-0.002688,2595812,963526.51,癸卯,乙丑,癸酉,3,2024,1,1,-0.0026917916657115256,0,癸,酉,水,金,乙,丑,木,土,False,False,0.0,2024-W02,2024-01
601288.SH,2024-01-11,3.65,3.71,-0.016173,3754085,1377137.183,癸卯,乙丑,甲戌,4,2024,1,1,-0.016304709024943697,0,甲,戌,木,土,乙,丑,木,土,False,False,-0.0026917916657115256,2024-W02,2024-01
601288.SH,2024-01-12,3.7,3.65,0.013699,3295817,1215614.529,癸卯,乙丑,乙亥,5,2024,1,1,0.013605652055778678,1,乙,亥,木,水,乙,丑,木,土,False,False,-0.016304709024943697,2024-W02,2024-01
601288.SH,2024-01-15,3.71,3.7,0.002703,2236255,829550.054,癸卯,乙丑,戊寅,1,2024,1,1,0.0026990569691649835,1,戊,寅,土,木,乙,丑,木,土,False,False,0.013605652055778678,2024-W03,2024-01
601288.SH,2024-01-16,3.74,3.71,0.008086,3449265,1287591.552,癸卯,乙丑,己卯,2,2024,1,1,0.008053734807096825,1,己,卯,土,木,乙,丑,木,土,False,False,0.0026990569691649835,2024-W03,2024-01
601288.SH,2024-01-17,3.7,3.74,-0.010695,3333685,1242736.214,癸卯,乙丑,庚辰,3,2024,1,1,-0.01075279177626185,0,庚,辰,金,土,乙,丑,木,土,False,False,0.008053734807096825,2024-W03,2024-01
601288.SH,2024-01-18,3.69,3.7,-0.002703,7456928,2714205.689,癸卯,乙丑,辛巳,4,2024,1,1,-0.0027063615977430252,0,辛,巳,金,火,乙,丑,木,土,False,False,-0.01075279177626185,2024-W03,2024-01
601288.SH,2024-01-19,3.68,3.69,-0.00271,4059314,1487986.038,癸卯,乙丑,壬午,5,2024,1,1,-0.0027137058715961614,0,壬,午,水,火,乙,丑,木,土,False,False,-0.0027063615977430252,2024-W03,2024-01
601288.SH,2024-01-22,3.68,3.68,0.0,5440686,2010661.385,癸卯,乙丑,乙酉,1,2024,1,1,0.0,0,乙,酉,木,金,乙,丑,木,土,False,False,-0.0027137058715961614,2024-W04,2024-01
601288.SH,2024-01-23,3.68,3.68,0.0,4014667,1471040.578,癸卯,乙丑,丙戌,2,2024,1,1,0.0,0,丙,戌,火,土,乙,丑,木,土,False,False,0.0,2024-W04,2024-01
601288.SH,2024-01-24,3.75,3.68,0.019022,4903047,1823679.966,癸卯,乙丑,丁亥,3,2024,1,1,0.018843087801479915,1,丁,亥,火,水,乙,丑,木,土,False,False,0.0,2024-W04,2024-01
601288.SH,2024-01-25,3.8,3.75,0.013333,4491321,1701376.51,癸卯,乙丑,戊子,4,2024,1,1,0.013245226750020503,1,戊,子,土,水,乙,丑,木,土,False,False,0.018843087801479915,2024-W04,2024-01
601288.SH,2024-01-26,3.86,3.8,0.015789,4760958,1826158.852,癸卯,乙丑,己丑,5,2024,1,1,0.015666116744399456,1,己,丑,土,土,乙,丑,木,土,False,False,0.013245226750020503,2024-W04,2024-01
601288.SH,2024-01-29,3.91,3.86,0.012953,4506840,1758615.338,癸卯,乙丑,壬辰,1,2024,1,1,0.012870190520534956,1,壬,辰,水,土,乙,丑,木,土,False,True,0.015666116744399456,2024-W05,2024-01
601288.SH,2024-01-30,3.88,3.91,-0.007673,3542950,1380846.981,癸卯,乙丑,癸巳,2,2024,1,1,-0.007702220362092351,0,癸,巳,水,火,乙,丑,木,土,False,True,0.012870190520534956,2024-W05,2024-01
601288.SH,2024-01-31,3.89,3.88,0.002577,3806679,1480634.617,癸卯,乙丑,甲午,3,2024,1,1,0.0025740039951728426,1,甲,午,木,火,乙,丑,木,土,False,True,-0.007702220362092351,2024-W05,2024-01
601288.SH,2024-02-01,3.89,3.89,0.0,3280502,1278540.695,癸卯,乙丑,乙未,4,2024,2,1,0.0,0,乙,未,木,土,乙,丑,木,土,True,False,0.0025740039951728426,2024-W05,2024-02
601288.SH,2024-02-02,3.94,3.89,0.012853,5576294,2194008.232,癸卯,乙丑,丙申,5,2024,2,1,0.01277156567948754,1,丙,申,火,金,乙,丑,木,土,True,False,0.0,2024-W05,2024-02
601288.SH,2024-02-05,4.02,3.94,0.020305,6618512,2639773.212,甲辰,丙寅,己亥,1,2024,2,1,0.020101179321087088,1,己,亥,土,水,丙,寅,火,木,True,False,0.01277156567948754,2024-W06,2024-02
601288.SH,2024-02-06,4.09,4.02,0.017413,6878237,2801658.789,甲辰,丙寅,庚子,2,2024,2,1,0.01726306742378077,1,庚,子,金,水,丙,寅,火,木,False,False,0.020101179321087088,2024-W06,2024-02
601288.SH,2024-02-07,4.02,4.09,-0.017115,7487103,2990817.712,甲辰,丙寅,辛丑,3,2024,2,1,-0.01726306742378071,0,辛,丑,金,土,丙,寅,火,木,False,False,0.01726306742378077,2024-W06,2024-02
601288.SH,2024-02-08,3.96,4.02,-0.014925,4956839,1954106.619,甲辰,丙寅,壬寅,4,2024,2,1,-0.015037877364540446,0,壬,寅,水,木,丙,寅,火,木,False,False,-0.01726306742378071,2024-W06,2024-02
601288.SH,2024-02-19,4.08,3.96,0.030303,5729908,2296077.028,甲辰,丙寅,癸丑,1,2024,2,1,0.02985296314968113,1,癸,丑,水,土,丙,寅,火,木,False,False,-0.015037877364540446,2024-W08,2024-02
601288.SH,2024-02-20,4.15,4.08,0.017157,3971185,1636737.599,甲辰,丙寅,甲寅,2,2024,2,1,0.017011345826536756,1,甲,寅,木,木,丙,寅,火,木,False,False,0.02985296314968113,2024-W08,2024-02
601288.SH,2024-02-21,4.18,4.15,0.007229,4329099,1814081.86,甲辰,丙寅,乙卯,3,2024,2,1,0.007202912294057796,1,乙,卯,木,木,丙,寅,火,木,False,False,0.017011345826536756,2024-W08,2024-02
601288.SH,2024-02-22,4.2,4.18,0.004785,2908760,1218833.348,甲辰,丙寅,丙辰,4,2024,2,1,0.004773278752657812,1,丙,辰,火,土,丙,寅,火,木,False,False,0.007202912294057796,2024-W08,2024-02
601288.SH,2024-02-23,4.26,4.2,0.014286,3694256,1579071.128,甲辰,丙寅,丁巳,5,2024,2,1,0.014184634991956381,1,丁,巳,火,火,丙,寅,火,木,False,False,0.004773278752657812,2024-W08,2024-02
601288.SH,2024-02-26,4.14,4.26,-0.028169,4270768,1791318.633,甲辰,丙寅,庚申,1,2024,2,1,-0.028573372444056114,0,庚,申,金,金,丙,寅,火,木,False,True,0.014184634991956381,2024-W09,2024-02
601288.SH,2024-02-27,4.16,4.14,0.004831,3106965,1290574.571,甲辰,丙寅,辛酉,2,2024,2,1,0.004819286435948922,1,辛,酉,金,金,丙,寅,火,木,False,True,-0.028573372444056114,2024-W09,2024-02
601288.SH,2024-02-28,4.16,4.16,0.0,3903360,1619867.325,甲辰,丙寅,壬戌,3,2024,2,1,0.0,0,壬,戌,水,土,丙,寅,火,木,False,True,0.004819286435948922,2024-W09,2024-02
601288.SH,2024-02-29,4.19,4.16,0.007212,2956966,1234552.381,甲辰,丙寅,癸亥,4,2024,2,1,0.007185659660874533,1,癸,亥,水,水,丙,寅,火,木,False,True,0.0,2024-W09,2024-02
601288.SH,2024-03-01,4.24,4.19,0.011933,3674741,1550829.382,甲辰,丙寅,甲子,5,2024,3,1,0.011862535309819946,1,甲,子,木,水,丙,寅,火,木,True,False,0.007185659660874533,2024-W09,2024-03
601288.SH,2024-03-04,4.24,4.24,0.0,3598371,1523035.622,甲辰,丙寅,丁卯,1,2024,3,1,0.0,0,丁,卯,火,木,丙,寅,火,木,True,False,0.011862535309819946,2024-W10,2024-03
601288.SH,2024-03-05,4.34,4.24,0.023585,4325301,1862385.367,甲辰,丁卯,戊辰,2,2024,3,1,0.02331107886844693,1,戊,辰,土,土,丁,卯,火,木,True,False,0.0,2024-W10,2024-03
601288.SH,2024-03-06,4.26,4.34,-0.018433,4257836,1839088.466,甲辰,丁卯,己巳,3,2024,3,1,-0.01860518783103447,0,己,巳,土,火,丁,卯,火,木,False,False,0.02331107886844693,2024-W10,2024-03
601288.SH,2024-03-07,4.28,4.26,0.004695,3273286,1397976.211,甲辰,丁卯,庚午,4,2024,3,1,0.0046838493124264375,1,庚,午,金,火,丁,卯,火,木,False,False,-0.01860518783103447,2024-W10,2024-03
601288.SH,2024-03-08,4.27,4.28,-0.002336,3357413,1436604.267,甲辰,丁卯,辛未,5,2024,3,1,-0.0023391823531723776,0,辛,未,金,土,丁,卯,火,木,False,False,0.0046838493124264375,2024-W10,2024-03
601288.SH,2024-03-11,4.24,4.27,-0.007026,3742059,1584687.96,甲辰,丁卯,甲戌,1,2024,3,1,-0.007050557996666687,0,甲,戌,木,土,丁,卯,火,木,False,False,-0.0023391823531723776,2024-W11,2024-03
601288.SH,2024-03-12,4.14,4.24,-0.023585,4728140,1974566.625,甲辰,丁卯,乙亥,2,2024,3,1,-0.023867481406643545,0,乙,亥,木,水,丁,卯,火,木,False,False,-0.007050557996666687,2024-W11,2024-03
601288.SH,2024-03-13,4.12,4.14,-0.004831,2833143,1170633.443,甲辰,丁卯,丙子,3,2024,3,1,-0.004842624475787903,0,丙,子,火,水,丁,卯,火,木,False,False,-0.023867481406643545,2024-W11,2024-03
601288.SH,2024-03-14,4.16,4.12,0.009709,2418454,1004642.449,甲辰,丁卯,丁丑,4,2024,3,1,0.00966191091173689,1,丁,丑,火,土,丁,卯,火,木,False,False,-0.004842624475787903,2024-W11,2024-03
601288.SH,2024-03-15,4.16,4.16,0.0,3038043,1268598.638,甲辰,丁卯,戊寅,5,2024,3,1,0.0,0,戊,寅,土,木,丁,卯,火,木,False,False,0.00966191091173689,2024-W11,2024-03
601288.SH,2024-03-18,4.13,4.16,-0.007212,2960729,1223286.589,甲辰,丁卯,辛巳,1,2024,3,1,-0.0072376673002306135,0,辛,巳,金,火,丁,卯,火,木,False,False,0.0,2024-W12,2024-03
601288.SH,2024-03-19,4.09,4.13,-0.009685,3828059,1563180.159,甲辰,丁卯,壬午,2,2024,3,1,-0.009732436918231,0,壬,午,水,火,丁,卯,火,木,False,False,-0.0072376673002306135,2024-W12,2024-03
601288.SH,2024-03-20,4.13,4.09,0.00978,3046036,1251154.388,甲辰,丁卯,癸未,3,2024,3,1,0.009732436918231054,1,癸,未,水,土,丁,卯,火,木,False,False,-0.009732436918231,2024-W12,2024-03
601288.SH,2024-03-21,4.14,4.13,0.002421,2898266,1200471.712,甲辰,丁卯,甲申,4,2024,3,1,0.0024183808642816527,1,甲,申,木,金,丁,卯,火,木,False,False,0.009732436918231054,2024-W12,2024-03
601288.SH,2024-03-22,4.18,4.14,0.009662,3310881,1374940.93,甲辰,丁卯,乙酉,5,2024,3,1,0.009615458699441973,1,乙,酉,木,金,丁,卯,火,木,False,False,0.0024183808642816527,2024-W12,2024-03
601288.SH,2024-03-25,4.21,4.18,0.007177,3701609,1552753.89,甲辰,丁卯,戊子,1,2024,3,1,0.0071514011576250865,1,戊,子,土,水,丁,卯,火,木,False,False,0.009615458699441973,2024-W13,2024-03
601288.SH,2024-03-26,4.23,4.21,0.004751,3665462,1544659.425,甲辰,丁卯,己丑,2,2024,3,1,0.004739345363896568,1,己,丑,土,土,丁,卯,火,木,False,False,0.0071514011576250865,2024-W13,2024-03
601288.SH,2024-03-27,4.28,4.23,0.01182,3899335,1667670.256,甲辰,丁卯,庚寅,3,2024,3,1,0.01175101653551873,1,庚,寅,金,木,丁,卯,火,木,False,True,0.004739345363896568,2024-W13,2024-03
601288.SH,2024-03-28,4.17,4.28,-0.025701,5065248,2118649.135,甲辰,丁卯,辛卯,4,2024,3,1,-0.02603697378299543,0,辛,卯,金,木,丁,卯,火,木,False,True,0.01175101653551873,2024-W13,2024-03
601288.SH,2024-03-29,4.23,4.17,0.014388,3631581,1539840.259,甲辰,丁卯,壬辰,5,2024,3,1,0.014285957247476652,1,壬,辰,水,土,丁,卯,火,木,False,True,-0.02603697378299543,2024-W13,2024-03
601288.SH,2024-04-01,4.23,4.23,0.0,2538393,1073735.556,甲辰,丁卯,乙未,1,2024,4,1,0.0,0,乙,未,木,土,丁,卯,火,木,True,False,0.014285957247476652,2024-W14,2024-04
601288.SH,2024-04-02,4.27,4.23,0.009456,3727012,1593456.753,甲辰,丁卯,丙申,2,2024,4,1,0.009411834182346378,1,丙,申,火,金,丁,卯,火,木,True,False,0.0,2024-W14,2024-04
601288.SH,2024-04-03,4.29,4.27,0.004684,2420209,1035695.556,甲辰,丁卯,丁酉,3,2024,4,1,0.004672905699392423,1,丁,酉,火,金,丁,卯,火,木,True,False,0.009411834182346378,2024-W14,2024-04
601288.SH,2024-04-08,4.34,4.29,0.011655,3499291,1514681.895,甲辰,戊辰,壬寅,1,2024,4,1,0.011587615172387829,1,壬,寅,水,木,戊,辰,土,土,False,False,0.004672905699392423,2024-W15,2024-04
601288.SH,2024-04-09,4.28,4.34,-0.013825,3908223,1681091.395,甲辰,戊辰,癸卯,2,2024,4,1,-0.013921338518608007,0,癸,卯,水,木,戊,辰,土,土,False,False,0.011587615172387829,2024-W15,2024-04
601288.SH,2024-04-10,4.29,4.28,0.002336,2856389,1229018.748,甲辰,戊辰,甲辰,3,2024,4,1,0.0023337233462200966,1,甲,辰,木,土,戊,辰,土,土,False,False,-0.013921338518608007,2024-W15,2024-04
601288.SH,2024-04-11,4.27,4.29,-0.004662,2584904,1104473.514,甲辰,戊辰,乙巳,4,2024,4,1,-0.004672905699392482,0,乙,巳,木,火,戊,辰,土,土,False,False,0.0023337233462200966,2024-W15,2024-04
601288.SH,2024-04-12,4.28,4.27,0.002342,2960298,1265963.363,甲辰,戊辰,丙午,5,2024,4,1,0.0023391823531724626,1,丙,午,火,火,戊,辰,土,土,False,False,-0.004672905699392482,2024-W15,2024-04
601288.SH,2024-04-15,4.37,4.28,0.021028,4049082,1754551.326,甲辰,戊辰,己酉,1,2024,4,1,0.020809999513793278,1,己,酉,土,金,戊,辰,土,土,False,False,0.0023391823531724626,2024-W16,2024-04
601288.SH,2024-04-16,4.43,4.37,0.01373,5002801,2202511.469,甲辰,戊辰,庚戌,2,2024,4,1,0.013636574949545444,1,庚,戌,金,土,戊,辰,土,土,False,False,0.020809999513793278,2024-W16,2024-04
601288.SH,2024-04-17,4.46,4.43,0.006772,4297922,1894236.133,甲辰,戊辰,辛亥,3,2024,4,1,0.00674918197492855,1,辛,亥,金,水,戊,辰,土,土,False,False,0.013636574949545444,2024-W16,2024-04
601288.SH,2024-04-18,4.49,4.46,0.006726,4989038,2251952.573,甲辰,戊辰,壬子,4,2024,4,1,0.006703935722190355,1,壬,子,水,水,戊,辰,土,土,False,False,0.00674918197492855,2024-W16,2024-04
601288.SH,2024-04-19,4.54,4.49,0.011136,3030853,1369853.179,甲辰,戊辰,癸丑,5,2024,4,1,0.011074310299093715,1,癸,丑,水,土,戊,辰,土,土,False,False,0.006703935722190355,2024-W16,2024-04
601288.SH,2024-04-22,4.5,4.54,-0.008811,3990693,1814080.656,甲辰,戊辰,丙辰,1,2024,4,1,-0.0088496152769825,0,丙,辰,火,土,戊,辰,土,土,False,False,0.011074310299093715,2024-W17,2024-04
601288.SH,2024-04-23,4.5,4.5,0.0,3398348,1532253.661,甲辰,戊辰,丁巳,2,2024,4,1,0.0,0,丁,巳,火,火,戊,辰,土,土,False,False,-0.0088496152769825,2024-W17,2024-04
601288.SH,2024-04-24,4.49,4.5,-0.002222,2797185,1257078.39,甲辰,戊辰,戊午,3,2024,4,1,-0.0022246950221110513,0,戊,午,土,火,戊,辰,土,土,False,False,0.0,2024-W17,2024-04
601288.SH,2024-04-25,4.55,4.49,0.013363,3059281,1378191.735,甲辰,戊辰,己未,4,2024,4,1,0.013274531208696106,1,己,未,土,土,戊,辰,土,土,False,False,-0.0022246950221110513,2024-W17,2024-04
601288.SH,2024-04-26,4.45,4.55,-0.021978,5351659,2407175.984,甲辰,戊辰,庚申,5,2024,4,1,-0.022223136784710124,0,庚,申,金,金,戊,辰,土,土,False,True,0.013274531208696106,2024-W17,2024-04
601288.SH,2024-04-29,4.41,4.45,-0.008989,4218751,1866746.118,甲辰,戊辰,癸亥,1,2024,4,1,-0.009029406719394265,0,癸,亥,水,水,戊,辰,土,土,False,True,-0.022223136784710124,2024-W18,2024-04
601288.SH,2024-04-30,4.4,4.41,-0.002268,3190006,1408189.213,甲辰,戊辰,甲子,2,2024,4,1,-0.0022701485345390745,0,甲,子,木,水,戊,辰,土,土,False,True,-0.009029406719394265,2024-W18,2024-04
601288.SH,2024-05-06,4.35,4.4,-0.011364,4524351,1975339.294,甲辰,己巳,庚午,1,2024,5,1,-0.011428695823622968,0,庚,午,金,火,己,巳,土,火,False,False,-0.0022701485345390745,2024-W19,2024-05
601288.SH,2024-05-07,4.38,4.35,0.006897,4183247,1816980.133,甲辰,己巳,辛未,2,2024,5,1,0.0068728792877620504,1,辛,未,金,土,己,巳,土,火,False,False,-0.011428695823622968,2024-W19,2024-05
601288.SH,2024-05-08,4.43,4.38,0.011416,3882372,1715040.063,甲辰,己巳,壬申,3,2024,5,1,0.01135085966868948,1,壬,申,水,金,己,巳,土,火,False,False,0.0068728792877620504,2024-W19,2024-05
601288.SH,2024-05-09,4.38,4.43,-0.011287,3904115,1710036.345,甲辰,己巳,癸酉,4,2024,5,1,-0.01135085966868945,0,癸,酉,水,金,己,巳,土,火,False,False,0.01135085966868948,2024-W19,2024-05
601288.SH,2024-05-10,4.37,4.38,-0.002283,2917494,1276994.494,甲辰,己巳,甲戌,5,2024,5,1,-0.002285715280855951,0,甲,戌,木,土,己,巳,土,火,False,False,-0.01135085966868945,2024-W19,2024-05
601288.SH,2024-05-13,4.38,4.37,0.002288,3028943,1322053.573,甲辰,己巳,丁丑,1,2024,5,1,0.002285715280855861,1,丁,丑,火,土,己,巳,土,火,False,False,-0.002285715280855951,2024-W20,2024-05
601288.SH,2024-05-14,4.34,4.38,-0.009132,2629608,1144379.963,甲辰,己巳,戊寅,2,2024,5,1,-0.00917437627604127,0,戊,寅,土,木,己,巳,土,火,False,False,0.002285715280855861,2024-W20,2024-05
601288.SH,2024-05-15,4.34,4.34,0.0,1710065,742463.727,甲辰,己巳,己卯,3,2024,5,1,0.0,0,己,卯,土,木,己,巳,土,火,False,False,-0.00917437627604127,2024-W20,2024-05
601288.SH,2024-05-16,4.35,4.34,0.002304,2736564,1190682.668,甲辰,己巳,庚辰,4,2024,5,1,0.0023014969882791674,1,庚,辰,金,土,己,巳,土,火,False,False,0.0,2024-W20,2024-05
601288.SH,2024-05-17,4.38,4.35,0.006897,2939952,1283184.19,甲辰,己巳,辛巳,5,2024,5,1,0.0068728792877620504,1,辛,巳,金,火,己,巳,土,火,False,False,0.0023014969882791674,2024-W20,2024-05
601288.SH,2024-05-20,4.37,4.38,-0.002283,3790477,1664232.691,甲辰,己巳,甲申,1,2024,5,1,-0.002285715280855951,0,甲,申,木,金,己,巳,土,火,False,False,0.0068728792877620504,2024-W21,2024-05
601288.SH,2024-05-21,4.41,4.37,0.009153,3052812,1340701.229,甲辰,己巳,乙酉,2,2024,5,1,0.009111680351255813,1,乙,酉,木,金,己,巳,土,火,False,False,-0.002285715280855951,2024-W21,2024-05
601288.SH,2024-05-22,4.42,4.41,0.002268,2684609,1187388.524,甲辰,己巳,丙戌,3,2024,5,1,0.0022650066308520615,1,丙,戌,火,土,己,巳,土,火,False,False,0.009111680351255813,2024-W21,2024-05
601288.SH,2024-05-23,4.4,4.42,-0.004525,2696494,1188901.061,甲辰,己巳,丁亥,4,2024,5,1,-0.004535155165391151,0,丁,亥,火,水,己,巳,土,火,False,False,0.0022650066308520615,2024-W21,2024-05
601288.SH,2024-05-24,4.39,4.4,-0.002273,2695364,1188633.455,甲辰,己巳,戊子,5,2024,5,1,-0.0022753138371356505,0,戊,子,土,水,己,巳,土,火,False,False,-0.004535155165391151,2024-W21,2024-05
601288.SH,2024-05-27,4.45,4.39,0.013667,3911691,1734130.314,甲辰,己巳,辛卯,1,2024,5,1,0.013574869091069069,1,辛,卯,金,木,己,巳,土,火,False,True,-0.0022753138371356505,2024-W22,2024-05
601288.SH,2024-05-28,4.46,4.45,0.002247,2523083,1125359.396,甲辰,己巳,壬辰,2,2024,5,1,0.002244669853823728,1,壬,辰,水,土,己,巳,土,火,False,True,0.013574869091069069,2024-W22,2024-05
601288.SH,2024-05-29,4.43,4.46,-0.006726,3307220,1470812.602,甲辰,己巳,癸巳,3,2024,5,1,-0.0067491819749284495,0,癸,巳,水,火,己,巳,土,火,False,True,0.002244669853823728,2024-W22,2024-05
601288.SH,2024-05-30,4.39,4.43,-0.009029,3269760,1443792.91,甲辰,己巳,甲午,4,2024,5,1,-0.009070356969964265,0,甲,午,木,火,己,巳,土,火,False,True,-0.0067491819749284495,2024-W22,2024-05
601288.SH,2024-05-31,4.39,4.39,0.0,2166887,952060.306,甲辰,己巳,乙未,5,2024,5,1,0.0,0,乙,未,木,土,己,巳,土,火,False,True,-0.009070356969964265,2024-W22,2024-05
601288.SH,2024-06-03,4.41,4.39,0.004556,3201183,1406835.706,甲辰,己巳,戊戌,1,2024,6,1,0.004545462371674638,1,戊,戌,土,土,己,巳,土,火,True,False,0.0,2024-W23,2024-06
601288.SH,2024-06-04,4.41,4.41,0.0,2457818,1083695.807,甲辰,己巳,己亥,2,2024,6,1,0.0,0,己,亥,土,水,己,巳,土,火,True,False,0.004545462371674638,2024-W23,2024-06
601288.SH,2024-06-05,4.44,4.41,0.006803,3310843,1463696.854,甲辰,庚午,庚子,3,2024,6,1,0.006779686985378769,1,庚,子,金,水,庚,午,金,火,True,False,0.0,2024-W23,2024-06
601288.SH,2024-06-06,4.43,4.44,-0.002252,3998562,1773884.923,甲辰,庚午,辛丑,4,2024,6,1,-0.002254792387089316,0,辛,丑,金,土,庚,午,金,火,False,False,0.006779686985378769,2024-W23,2024-06
601288.SH,2024-06-07,4.26,4.2,0.014286,4989685,2120701.228,甲辰,庚午,壬寅,5,2024,6,1,0.014184634991956381,1,壬,寅,水,木,庚,午,金,火,False,False,-0.002254792387089316,2024-W23,2024-06
601288.SH,2024-06-11,4.17,4.26,-0.021127,5328434,2244516.491,甲辰,庚午,丙午,2,2024,6,1,-0.021353124470568946,0,丙,午,火,火,庚,午,金,火,False,False,0.014184634991956381,2024-W24,2024-06
601288.SH,2024-06-12,4.16,4.17,-0.002398,4103131,1694646.287,甲辰,庚午,丁未,3,2024,6,1,-0.0024009615375381503,0,丁,未,火,土,庚,午,金,火,False,False,-0.021353124470568946,2024-W24,2024-06
601288.SH,2024-06-13,4.22,4.16,0.014423,3678462,1544684.257,甲辰,庚午,戊申,4,2024,6,1,0.014320053774748471,1,戊,申,土,金,庚,午,金,火,False,False,-0.0024009615375381503,2024-W24,2024-06
601288.SH,2024-06-14,4.25,4.22,0.007109,3630992,1540242.334,甲辰,庚午,己酉,5,2024,6,1,0.007083854888405042,1,己,酉,土,金,庚,午,金,火,False,False,0.014320053774748471,2024-W24,2024-06
601288.SH,2024-06-17,4.17,4.25,-0.018824,4235149,1770818.525,甲辰,庚午,壬子,1,2024,6,1,-0.019002947125615358,0,壬,子,水,水,庚,午,金,火,False,False,0.007083854888405042,2024-W25,2024-06
601288.SH,2024-06-18,4.18,4.17,0.002398,3085889,1281934.522,甲辰,庚午,癸丑,2,2024,6,1,0.00239521072595485,1,癸,丑,水,土,庚,午,金,火,False,False,-0.019002947125615358,2024-W25,2024-06
601288.SH,2024-06-19,4.22,4.18,0.009569,2954153,1242927.756,甲辰,庚午,甲寅,3,2024,6,1,0.009523881511255541,1,甲,寅,木,木,庚,午,金,火,False,False,0.00239521072595485,2024-W25,2024-06
601288.SH,2024-06-20,4.24,4.22,0.004739,2530040,1070410.798,甲辰,庚午,乙卯,4,2024,6,1,0.004728141195946117,1,乙,卯,木,木,庚,午,金,火,False,False,0.009523881511255541,2024-W25,2024-06
601288.SH,2024-06-21,4.19,4.24,-0.011792,3407348,1434953.739,甲辰,庚午,丙辰,5,2024,6,1,-0.011862535309819944,0,丙,辰,火,土,庚,午,金,火,False,False,0.004728141195946117,2024-W25,2024-06
601288.SH,2024-06-24,4.25,4.19,0.01432,3685223,1558582.521,甲辰,庚午,己未,1,2024,6,1,0.014218249002278954,1,己,未,土,土,庚,午,金,火,False,False,-0.011862535309819944,2024-W26,2024-06
601288.SH,2024-06-25,4.26,4.25,0.002353,3312466,1410132.256,甲辰,庚午,庚申,2,2024,6,1,0.0023501773449534514,1,庚,申,金,金,庚,午,金,火,False,False,0.014218249002278954,2024-W26,2024-06
601288.SH,2024-06-26,4.28,4.26,0.004695,2915743,1249425.442,甲辰,庚午,辛酉,3,2024,6,1,0.0046838493124264375,1,辛,酉,金,金,庚,午,金,火,False,True,0.0023501773449534514,2024-W26,2024-06
601288.SH,2024-06-27,4.32,4.28,0.009346,3900845,1683104.558,甲辰,庚午,壬戌,4,2024,6,1,0.00930239266231363,1,壬,戌,水,土,庚,午,金,火,False,True,0.0046838493124264375,2024-W26,2024-06
601288.SH,2024-06-28,4.36,4.32,0.009259,3727756,1616702.196,甲辰,庚午,癸亥,5,2024,6,1,0.009216655104924048,1,癸,亥,水,水,庚,午,金,火,False,True,0.00930239266231363,2024-W26,2024-06
601288.SH,2024-07-01,4.44,4.36,0.018349,3474874,1534396.362,甲辰,庚午,丙寅,1,2024,7,1,0.018182319083190544,1,丙,寅,火,木,庚,午,金,火,True,False,0.009216655104924048,2024-W27,2024-07
601288.SH,2024-07-02,4.52,4.44,0.018018,4098263,1842545.831,甲辰,庚午,丁卯,2,2024,7,1,0.017857617400006253,1,丁,卯,火,木,庚,午,金,火,True,False,0.018182319083190544,2024-W27,2024-07
601288.SH,2024-07-03,4.49,4.52,-0.006637,3463649,1551679.212,甲辰,庚午,戊辰,3,2024,7,1,-0.006659292089976737,0,戊,辰,土,土,庚,午,金,火,True,False,0.017857617400006253,2024-W27,2024-07
601288.SH,2024-07-04,4.53,4.49,0.008909,2945320,1334485.167,甲辰,庚午,己巳,4,2024,7,1,0.00886923774077979,1,己,巳,土,火,庚,午,金,火,True,False,-0.006659292089976737,2024-W27,2024-07
601288.SH,2024-07-05,4.46,4.53,-0.015453,4203380,1880915.698,甲辰,庚午,庚午,5,2024,7,1,-0.015573173462970033,0,庚,午,金,火,庚,午,金,火,True,False,0.00886923774077979,2024-W27,2024-07
601288.SH,2024-07-08,4.5,4.46,0.008969,3195237,1438499.666,甲辰,辛未,癸酉,1,2024,7,1,0.008928630744301398,1,癸,酉,水,金,辛,未,金,土,False,False,-0.015573173462970033,2024-W28,2024-07
601288.SH,2024-07-09,4.53,4.5,0.006667,3752905,1685758.194,甲辰,辛未,甲戌,2,2024,7,1,0.006644542718668732,1,甲,戌,木,土,辛,未,金,土,False,False,0.008928630744301398,2024-W28,2024-07
601288.SH,2024-07-10,4.55,4.53,0.004415,2749870,1249084.923,甲辰,辛未,乙亥,3,2024,7,1,0.004405293467916197,1,乙,亥,木,水,辛,未,金,土,False,False,0.006644542718668732,2024-W28,2024-07
601288.SH,2024-07-11,4.51,4.55,-0.008791,3003717,1353980.394,甲辰,辛未,丙子,4,2024,7,1,-0.008830079448272037,0,丙,子,火,水,辛,未,金,土,False,False,0.004405293467916197,2024-W28,2024-07
601288.SH,2024-07-12,4.6,4.51,0.019956,3755893,1719585.43,甲辰,辛未,丁丑,5,2024,7,1,0.019759149980462392,1,丁,丑,火,土,辛,未,金,土,False,False,-0.008830079448272037,2024-W28,2024-07
601288.SH,2024-07-15,4.72,4.6,0.026087,4053993,1896670.201,甲辰,辛未,庚辰,1,2024,7,1,0.025752496102414764,1,庚,辰,金,土,辛,未,金,土,False,False,0.019759149980462392,2024-W29,2024-07
601288.SH,2024-07-16,4.71,4.72,-0.002119,3582600,1686678.884,甲辰,辛未,辛巳,2,2024,7,1,-0.0021208915691376244,0,辛,巳,金,火,辛,未,金,土,False,False,0.025752496102414764,2024-W29,2024-07
601288.SH,2024-07-17,4.72,4.71,0.002123,2773647,1310132.55,甲辰,辛未,壬午,3,2024,7,1,0.0021208915691376296,1,壬,午,水,火,辛,未,金,土,False,False,-0.0021208915691376244,2024-W29,2024-07
601288.SH,2024-07-18,4.72,4.72,0.0,2947507,1386156.802,甲辰,辛未,癸未,4,2024,7,1,0.0,0,癸,未,水,土,辛,未,金,土,False,False,0.0021208915691376296,2024-W29,2024-07
601288.SH,2024-07-19,4.71,4.72,-0.002119,4087714,1908279.41,甲辰,辛未,甲申,5,2024,7,1,-0.0021208915691376244,0,甲,申,木,金,辛,未,金,土,False,False,0.0,2024-W29,2024-07
601288.SH,2024-07-22,4.64,4.71,-0.014862,4571347,2117988.721,甲辰,辛未,丁亥,1,2024,7,1,-0.014973541790162593,0,丁,亥,火,水,辛,未,金,土,False,False,-0.0021208915691376244,2024-W30,2024-07
601288.SH,2024-07-23,4.74,4.64,0.021552,4889129,2312413.38,甲辰,辛未,戊子,2,2024,7,1,0.021322769468821244,1,戊,子,土,水,辛,未,金,土,False,False,-0.014973541790162593,2024-W30,2024-07
601288.SH,2024-07-24,4.77,4.74,0.006329,4472340,2132900.636,甲辰,辛未,己丑,3,2024,7,1,0.0063091691932645345,1,己,丑,土,土,辛,未,金,土,False,False,0.021322769468821244,2024-W30,2024-07
601288.SH,2024-07-25,4.72,4.77,-0.010482,4249397,2004491.743,甲辰,辛未,庚寅,4,2024,7,1,-0.010537505302785799,0,庚,寅,金,木,辛,未,金,土,False,False,0.0063091691932645345,2024-W30,2024-07
601288.SH,2024-07-26,4.62,4.72,-0.021186,4877457,2248999.047,甲辰,辛未,辛卯,5,2024,7,1,-0.021414094503816473,0,辛,卯,金,木,辛,未,金,土,False,False,-0.010537505302785799,2024-W30,2024-07
601288.SH,2024-07-29,4.7,4.62,0.017316,3878614,1811591.471,甲辰,辛未,甲午,1,2024,7,1,0.017167803622365498,1,甲,午,木,火,辛,未,金,土,False,True,-0.021414094503816473,2024-W31,2024-07
601288.SH,2024-07-30,4.7,4.7,0.0,2906896,1365994.122,甲辰,辛未,乙未,2,2024,7,1,0.0,0,乙,未,木,土,辛,未,金,土,False,True,0.017167803622365498,2024-W31,2024-07
601288.SH,2024-07-31,4.59,4.7,-0.023404,5154914,2378347.371,甲辰,辛未,丙申,3,2024,7,1,-0.023682484643559206,0,丙,申,火,金,辛,未,金,土,False,True,0.0,2024-W31,2024-07
601288.SH,2024-08-01,4.63,4.59,0.008715,4323911,1989065.571,甲辰,辛未,丁酉,4,2024,8,1,0.008676844025689035,1,丁,酉,火,金,辛,未,金,土,True,False,-0.023682484643559206,2024-W31,2024-08
601288.SH,2024-08-02,4.65,4.63,0.00432,3203657,1487193.108,甲辰,辛未,戊戌,5,2024,8,1,0.004310351501122263,1,戊,戌,土,土,辛,未,金,土,True,False,0.008676844025689035,2024-W31,2024-08
601288.SH,2024-08-05,4.63,4.65,-0.004301,4117573,1910451.916,甲辰,辛未,辛丑,1,2024,8,1,-0.004310351501122323,0,辛,丑,金,土,辛,未,金,土,True,False,0.004310351501122263,2024-W32,2024-08
601288.SH,2024-08-06,4.57,4.63,-0.012959,3567590,1633599.566,甲辰,辛未,壬寅,2,2024,8,1,-0.013043663192029339,0,壬,寅,水,木,辛,未,金,土,False,False,-0.004310351501122323,2024-W32,2024-08
601288.SH,2024-08-07,4.55,4.57,-0.004376,2572005,1176517.365,甲辰,壬申,癸卯,3,2024,8,1,-0.00438597194325444,0,癸,卯,水,木,壬,申,水,金,False,False,-0.013043663192029339,2024-W32,2024-08
601288.SH,2024-08-08,4.57,4.55,0.004396,1932056,882152.584,甲辰,壬申,甲辰,4,2024,8,1,0.004385971943254489,1,甲,辰,木,土,壬,申,水,金,False,False,-0.00438597194325444,2024-W32,2024-08
601288.SH,2024-08-09,4.61,4.57,0.008753,2386186,1097379.024,甲辰,壬申,乙巳,5,2024,8,1,0.008714652102443909,1,乙,巳,木,火,壬,申,水,金,False,False,0.004385971943254489,2024-W32,2024-08
601288.SH,2024-08-12,4.64,4.61,0.006508,2618556,1214114.199,甲辰,壬申,戊申,1,2024,8,1,0.006486509229606632,1,戊,申,土,金,壬,申,水,金,False,False,0.008714652102443909,2024-W33,2024-08
601288.SH,2024-08-13,4.66,4.64,0.00431,2930700,1366129.81,甲辰,壬申,己酉,2,2024,8,1,0.004301081899390702,1,己,酉,土,金,壬,申,水,金,False,False,0.006486509229606632,2024-W33,2024-08
601288.SH,2024-08-14,4.66,4.66,0.0,2200468,1026107.164,甲辰,壬申,庚戌,3,2024,8,1,0.0,0,庚,戌,金,土,壬,申,水,金,False,False,0.004301081899390702,2024-W33,2024-08
601288.SH,2024-08-15,4.68,4.66,0.004292,2797481,1306291.551,甲辰,壬申,辛亥,4,2024,8,1,0.004282661792000728,1,辛,亥,金,水,壬,申,水,金,False,False,0.0,2024-W33,2024-08
601288.SH,2024-08-16,4.76,4.68,0.017094,3732286,1766047.987,甲辰,壬申,壬子,5,2024,8,1,0.016949558313773205,1,壬,子,水,水,壬,申,水,金,False,False,0.004282661792000728,2024-W33,2024-08
601288.SH,2024-08-19,4.89,4.76,0.027311,4164773,2012372.782,甲辰,壬申,乙卯,1,2024,8,1,0.026944635243451927,1,乙,卯,木,木,壬,申,水,金,False,False,0.016949558313773205,2024-W34,2024-08
601288.SH,2024-08-20,4.92,4.89,0.006135,4158269,2039455.379,甲辰,壬申,丙辰,2,2024,8,1,0.006116227017436054,1,丙,辰,火,土,壬,申,水,金,False,False,0.026944635243451927,2024-W34,2024-08
601288.SH,2024-08-21,4.87,4.92,-0.010163,3910822,1899024.402,甲辰,壬申,丁巳,3,2024,8,1,-0.010214593409718295,0,丁,巳,火,火,壬,申,水,金,False,False,0.006116227017436054,2024-W34,2024-08
601288.SH,2024-08-22,4.91,4.87,0.008214,4023360,1974984.762,甲辰,壬申,戊午,4,2024,8,1,0.00818000471193069,1,戊,午,土,火,壬,申,水,金,False,False,-0.010214593409718295,2024-W34,2024-08
601288.SH,2024-08-23,4.92,4.91,0.002037,3453711,1687332.645,甲辰,壬申,己未,5,2024,8,1,0.0020345886977874567,1,己,未,土,土,壬,申,水,金,False,False,0.00818000471193069,2024-W34,2024-08
601288.SH,2024-08-26,4.92,4.92,0.0,2734023,1340854.619,甲辰,壬申,壬戌,1,2024,8,1,0.0,0,壬,戌,水,土,壬,申,水,金,False,False,0.0020345886977874567,2024-W35,2024-08
601288.SH,2024-08-27,4.98,4.92,0.012195,3817026,1895568.752,甲辰,壬申,癸亥,2,2024,8,1,0.01212136053234482,1,癸,亥,水,水,壬,申,水,金,False,True,0.0,2024-W35,2024-08
601288.SH,2024-08-28,4.94,4.98,-0.008032,3570929,1769421.943,甲辰,壬申,甲子,3,2024,8,1,-0.008064559836730408,0,甲,子,木,水,壬,申,水,金,False,True,0.01212136053234482,2024-W35,2024-08
601288.SH,2024-08-29,4.71,4.94,-0.046559,6468569,3091178.18,甲辰,壬申,乙丑,4,2024,8,1,-0.04767742317150481,0,乙,丑,木,土,壬,申,水,金,False,True,-0.008064559836730408,2024-W35,2024-08
601288.SH,2024-08-30,4.52,4.71,-0.04034,8888083,4067361.725,甲辰,壬申,丙寅,5,2024,8,1,-0.04117591418418667,0,丙,寅,火,木,壬,申,水,金,False,True,-0.04767742317150481,2024-W35,2024-08
601288.SH,2024-09-02,4.69,4.52,0.037611,6832835,3176595.332,甲辰,壬申,己巳,1,2024,9,1,0.03692058861404829,1,己,巳,土,火,壬,申,水,金,True,False,-0.04117591418418667,2024-W36,2024-09
601288.SH,2024-09-03,4.48,4.69,-0.044776,7005030,3161268.035,甲辰,壬申,庚午,2,2024,9,1,-0.04580953603129422,0,庚,午,金,火,壬,申,水,金,True,False,0.03692058861404829,2024-W36,2024-09
601288.SH,2024-09-04,4.52,4.48,0.008929,4929748,2220956.634,甲辰,壬申,辛未,3,2024,9,1,0.008888947417245774,1,辛,未,金,土,壬,申,水,金,True,False,-0.04580953603129422,2024-W36,2024-09
601288.SH,2024-09-05,4.5,4.52,-0.004425,3456481,1559020.522,甲辰,壬申,壬申,4,2024,9,1,-0.004434597067865641,0,壬,申,水,金,壬,申,水,金,True,False,0.008888947417245774,2024-W36,2024-09
601288.SH,2024-09-06,4.51,4.5,0.002222,2823346,1282641.618,甲辰,壬申,癸酉,5,2024,9,1,0.00221975673831281,1,癸,酉,水,金,壬,申,水,金,False,False,-0.004434597067865641,2024-W36,2024-09
601288.SH,2024-09-09,4.52,4.51,0.002217,3523875,1586832.808,甲辰,癸酉,丙子,1,2024,9,1,0.0022148403295528213,1,丙,子,火,水,癸,酉,水,金,False,False,0.00221975673831281,2024-W37,2024-09
601288.SH,2024-09-10,4.6,4.52,0.017699,3912874,1794528.986,甲辰,癸酉,丁丑,2,2024,9,1,0.017544309650909525,1,丁,丑,火,土,癸,酉,水,金,False,False,0.0022148403295528213,2024-W37,2024-09
601288.SH,2024-09-11,4.46,4.6,-0.030435,4583072,2060811.207,甲辰,癸酉,戊寅,3,2024,9,1,-0.030907537463076548,0,戊,寅,土,木,癸,酉,水,金,False,False,0.017544309650909525,2024-W37,2024-09
601288.SH,2024-09-12,4.48,4.46,0.004484,3664332,1629378.411,甲辰,癸酉,己卯,4,2024,9,1,0.004474280394921107,1,己,卯,土,木,癸,酉,水,金,False,False,-0.030907537463076548,2024-W37,2024-09
601288.SH,2024-09-13,4.44,4.48,-0.008929,3326105,1479707.8,甲辰,癸酉,庚辰,5,2024,9,1,-0.008968669982760375,0,庚,辰,金,土,癸,酉,水,金,False,False,0.004474280394921107,2024-W37,2024-09
601288.SH,2024-09-18,4.5,4.44,0.013514,2831117,1267274.924,甲辰,癸酉,乙酉,3,2024,9,1,0.01342302033214055,1,乙,酉,木,金,癸,酉,水,金,False,False,-0.008968669982760375,2024-W38,2024-09
601288.SH,2024-09-19,4.5,4.5,0.0,3852501,1723907.245,甲辰,癸酉,丙戌,4,2024,9,1,0.0,0,丙,戌,火,土,癸,酉,水,金,False,False,0.01342302033214055,2024-W38,2024-09
601288.SH,2024-09-20,4.54,4.5,0.008889,4325988,1957951.622,甲辰,癸酉,丁亥,5,2024,9,1,0.0088496152769826,1,丁,亥,火,水,癸,酉,水,金,False,False,0.0,2024-W38,2024-09
601288.SH,2024-09-23,4.62,4.54,0.017621,3140679,1440471.519,甲辰,癸酉,庚寅,1,2024,9,1,0.01746769304039078,1,庚,寅,金,木,癸,酉,水,金,False,False,0.0088496152769826,2024-W39,2024-09
601288.SH,2024-09-24,4.8,4.62,0.038961,5961475,2812463.058,甲辰,癸酉,辛卯,2,2024,9,1,0.03822121282019767,1,辛,卯,金,木,癸,酉,水,金,False,False,0.01746769304039078,2024-W39,2024-09
601288.SH,2024-09-25,4.84,4.8,0.008333,6108474,2972679.602,甲辰,癸酉,壬辰,3,2024,9,1,0.008298802814695064,1,壬,辰,水,土,癸,酉,水,金,False,False,0.03822121282019767,2024-W39,2024-09
601288.SH,2024-09-26,4.89,4.84,0.010331,5470694,2655323.233,甲辰,癸酉,癸巳,4,2024,9,1,0.01027758275824023,1,癸,巳,水,火,癸,酉,水,金,False,True,0.008298802814695064,2024-W39,2024-09
601288.SH,2024-09-27,4.7,4.89,-0.038855,8258820,3903521.211,甲辰,癸酉,甲午,5,2024,9,1,-0.0396297947707676,0,甲,午,木,火,癸,酉,水,金,False,True,0.01027758275824023,2024-W39,2024-09
601288.SH,2024-09-30,4.8,4.7,0.021277,17676902,8293258.729,甲辰,癸酉,丁酉,1,2024,9,1,0.021053409197832263,1,丁,酉,火,金,癸,酉,水,金,False,True,-0.0396297947707676,2024-W40,2024-09
601288.SH,2024-10-08,4.76,4.8,-0.008333,16541298,8075753.358,甲辰,甲戌,乙巳,2,2024,10,1,-0.00836824967051658,0,乙,巳,木,火,甲,戌,木,土,False,False,0.021053409197832263,2024-W41,2024-10
601288.SH,2024-10-09,4.67,4.76,-0.018908,10397871,4895959.513,甲辰,甲戌,丙午,3,2024,10,1,-0.019088596562522625,0,丙,午,火,火,甲,戌,木,土,False,False,-0.00836824967051658,2024-W41,2024-10
601288.SH,2024-10-10,4.82,4.67,0.03212,10799282,5189021.07,甲辰,甲戌,丁未,4,2024,10,1,0.03161485638170301,1,丁,未,火,土,甲,戌,木,土,False,False,-0.019088596562522625,2024-W41,2024-10
601288.SH,2024-10-11,4.83,4.82,0.002075,7265854,3538844.119,甲辰,甲戌,戊申,5,2024,10,1,0.002072539601972375,1,戊,申,土,金,甲,戌,木,土,False,False,0.03161485638170301,2024-W41,2024-10
601288.SH,2024-10-14,5.03,4.83,0.041408,9569347,4771269.085,甲辰,甲戌,辛亥,1,2024,10,1,0.040573516447166454,1,辛,亥,金,水,甲,戌,木,土,False,False,0.002072539601972375,2024-W42,2024-10
601288.SH,2024-10-15,4.92,5.03,-0.021869,5972496,2973252.225,甲辰,甲戌,壬子,2,2024,10,1,-0.02211145360743115,0,壬,子,水,水,甲,戌,木,土,False,False,0.040573516447166454,2024-W42,2024-10
601288.SH,2024-10-16,5.02,4.92,0.020325,5589521,2797490.475,甲辰,甲戌,癸丑,3,2024,10,1,0.020121403199421028,1,癸,丑,水,土,甲,戌,木,土,False,False,-0.02211145360743115,2024-W42,2024-10
601288.SH,2024-10-17,4.98,5.02,-0.007968,4230908,2120595.508,甲辰,甲戌,甲寅,4,2024,10,1,-0.008000042667076152,0,甲,寅,木,木,甲,戌,木,土,False,False,0.020121403199421028,2024-W42,2024-10
601288.SH,2024-10-18,4.96,4.98,-0.004016,6994598,3451194.377,甲辰,甲戌,乙卯,5,2024,10,1,-0.004024150299725491,0,乙,卯,木,木,甲,戌,木,土,False,False,-0.008000042667076152,2024-W42,2024-10
601288.SH,2024-10-21,4.84,4.96,-0.024194,7186844,3482311.207,甲辰,甲戌,戊午,1,2024,10,1,-0.024491020008295755,0,戊,午,土,火,甲,戌,木,土,False,False,-0.004024150299725491,2024-W43,2024-10
601288.SH,2024-10-22,4.86,4.84,0.004132,4957197,2399362.095,甲辰,甲戌,己未,2,2024,10,1,0.004123717183862156,1,己,未,土,土,甲,戌,木,土,False,False,-0.024491020008295755,2024-W43,2024-10
601288.SH,2024-10-23,4.85,4.86,-0.002058,3790487,1837406.498,甲辰,甲戌,庚申,3,2024,10,1,-0.002059732963010727,0,庚,申,金,金,甲,戌,木,土,False,False,0.004123717183862156,2024-W43,2024-10
601288.SH,2024-10-24,4.87,4.85,0.004124,3282840,1597904.936,甲辰,甲戌,辛酉,4,2024,10,1,0.0041152321451065794,1,辛,酉,金,金,甲,戌,木,土,False,False,-0.002059732963010727,2024-W43,2024-10
601288.SH,2024-10-25,4.82,4.87,-0.010267,3824150,1846864.873,甲辰,甲戌,壬戌,5,2024,10,1,-0.010320009031989472,0,壬,戌,水,土,甲,戌,木,土,False,False,0.0041152321451065794,2024-W43,2024-10
601288.SH,2024-10-28,4.76,4.82,-0.012448,5463791,2594001.813,甲辰,甲戌,乙丑,1,2024,10,1,-0.012526259819180369,0,乙,丑,木,土,甲,戌,木,土,False,True,-0.010320009031989472,2024-W44,2024-10
601288.SH,2024-10-29,4.79,4.76,0.006303,4288483,2047035.344,甲辰,甲戌,丙寅,2,2024,10,1,0.006282743179495209,1,丙,寅,火,木,甲,戌,木,土,False,True,-0.012526259819180369,2024-W44,2024-10
601288.SH,2024-10-30,4.71,4.79,-0.016701,3867745,1831560.686,甲辰,甲戌,丁卯,3,2024,10,1,-0.016842503394497464,0,丁,卯,火,木,甲,戌,木,土,False,True,0.006282743179495209,2024-W44,2024-10
601288.SH,2024-10-31,4.73,4.71,0.004246,3795837,1794205.039,甲辰,甲戌,戊辰,4,2024,10,1,0.0042372944755152174,1,戊,辰,土,土,甲,戌,木,土,False,True,-0.016842503394497464,2024-W44,2024-10
601288.SH,2024-11-01,4.78,4.73,0.010571,4554258,2169204.804,甲辰,甲戌,己巳,5,2024,11,1,0.010515343999522907,1,己,巳,土,火,甲,戌,木,土,True,False,0.0042372944755152174,2024-W44,2024-11
601288.SH,2024-11-04,4.78,4.78,0.0,3784116,1795958.399,甲辰,甲戌,壬申,1,2024,11,1,0.0,0,壬,申,水,金,甲,戌,木,土,True,False,0.010515343999522907,2024-W45,2024-11
601288.SH,2024-11-05,4.8,4.78,0.004184,3642398,1741594.887,甲辰,甲戌,癸酉,2,2024,11,1,0.004175371410480592,1,癸,酉,水,金,甲,戌,木,土,True,False,0.0,2024-W45,2024-11
601288.SH,2024-11-06,4.77,4.8,-0.00625,3236393,1545769.938,甲辰,甲戌,甲戌,3,2024,11,1,-0.006269613013595485,0,甲,戌,木,土,甲,戌,木,土,False,False,0.004175371410480592,2024-W45,2024-11
601288.SH,2024-11-07,4.8,4.77,0.006289,4414664,2105362.94,甲辰,乙亥,乙亥,4,2024,11,1,0.006269613013595395,1,乙,亥,木,水,乙,亥,木,水,False,False,-0.006269613013595485,2024-W45,2024-11
601288.SH,2024-11-08,4.76,4.8,-0.008333,4641518,2214104.975,甲辰,乙亥,丙子,5,2024,11,1,-0.00836824967051658,0,丙,子,火,水,乙,亥,木,水,False,False,0.006269613013595395,2024-W45,2024-11
601288.SH,2024-11-11,4.69,4.76,-0.014706,4960115,2333128.901,甲辰,乙亥,己卯,1,2024,11,1,-0.014815085785140474,0,己,卯,土,木,乙,亥,木,水,False,False,-0.00836824967051658,2024-W46,2024-11
601288.SH,2024-11-12,4.65,4.69,-0.008529,4527653,2115787.157,甲辰,乙亥,庚辰,2,2024,11,1,-0.008565362858923046,0,庚,辰,金,土,乙,亥,木,水,False,False,-0.014815085785140474,2024-W46,2024-11
601288.SH,2024-11-13,4.66,4.65,0.002151,3366148,1569033.564,甲辰,乙亥,辛巳,3,2024,11,1,0.002148228538289605,1,辛,巳,金,火,乙,亥,木,水,False,False,-0.008565362858923046,2024-W46,2024-11
601288.SH,2024-11-14,4.69,4.66,0.006438,4517015,2121665.775,甲辰,乙亥,壬午,4,2024,11,1,0.006417134320633509,1,壬,午,水,火,乙,亥,木,水,False,False,0.002148228538289605,2024-W46,2024-11
601288.SH,2024-11-15,4.7,4.69,0.002132,5136855,2421716.445,甲辰,乙亥,癸未,5,2024,11,1,0.002129926257824849,1,癸,未,水,土,乙,亥,木,水,False,False,0.006417134320633509,2024-W46,2024-11
601288.SH,2024-11-18,4.8,4.7,0.021277,7050667,3377855.459,甲辰,乙亥,丙戌,1,2024,11,1,0.021053409197832263,1,丙,戌,火,土,乙,亥,木,水,False,False,0.002129926257824849,2024-W47,2024-11
601288.SH,2024-11-19,4.75,4.8,-0.010417,5684594,2708267.165,甲辰,乙亥,丁亥,2,2024,11,1,-0.010471299867295366,0,丁,亥,火,水,乙,亥,木,水,False,False,0.021053409197832263,2024-W47,2024-11
601288.SH,2024-11-20,4.77,4.75,0.004211,3619546,1725711.317,甲辰,乙亥,戊子,3,2024,11,1,0.004201686853699977,1,戊,子,土,水,乙,亥,木,水,False,False,-0.010471299867295366,2024-W47,2024-11
601288.SH,2024-11-21,4.77,4.77,0.0,2186033,1041078.305,甲辰,乙亥,己丑,4,2024,11,1,0.0,0,己,丑,土,土,乙,亥,木,水,False,False,0.004201686853699977,2024-W47,2024-11
601288.SH,2024-11-22,4.7,4.77,-0.014675,3192658,1513295.0,甲辰,乙亥,庚寅,5,2024,11,1,-0.014783796184236867,0,庚,寅,金,木,乙,亥,木,水,False,False,0.0,2024-W47,2024-11
601288.SH,2024-11-25,4.73,4.7,0.006383,3310716,1567610.887,甲辰,乙亥,癸巳,1,2024,11,1,0.00636269378782865,1,癸,巳,水,火,乙,亥,木,水,False,False,-0.014783796184236867,2024-W48,2024-11
601288.SH,2024-11-26,4.81,4.73,0.016913,5055429,2416670.303,甲辰,乙亥,甲午,2,2024,11,1,0.016771881613827963,1,甲,午,木,火,乙,亥,木,水,False,True,0.00636269378782865,2024-W48,2024-11
601288.SH,2024-11-27,4.83,4.81,0.004158,4272565,2060642.417,甲辰,乙亥,乙未,3,2024,11,1,0.004149383546811618,1,乙,未,木,土,乙,亥,木,水,False,True,0.016771881613827963,2024-W48,2024-11
601288.SH,2024-11-28,4.85,4.83,0.004141,4014822,1945257.35,甲辰,乙亥,丙申,4,2024,11,1,0.00413223728491037,1,丙,申,火,金,乙,亥,木,水,False,True,0.004149383546811618,2024-W48,2024-11
601288.SH,2024-11-29,4.81,4.85,-0.008247,4284121,2073798.801,甲辰,乙亥,丁酉,5,2024,11,1,-0.008281620831721986,0,丁,酉,火,金,乙,亥,木,水,False,True,0.00413223728491037,2024-W48,2024-11
601288.SH,2024-12-02,4.82,4.81,0.002079,3545076,1701339.234,甲辰,乙亥,庚子,1,2024,12,1,0.0020768439448392907,1,庚,子,金,水,乙,亥,木,水,True,False,-0.008281620831721986,2024-W49,2024-12
601288.SH,2024-12-03,4.89,4.82,0.014523,4676731,2271131.514,甲辰,乙亥,辛丑,2,2024,12,1,0.014418375424271669,1,辛,丑,金,土,乙,亥,木,水,True,False,0.0020768439448392907,2024-W49,2024-12
601288.SH,2024-12-04,4.91,4.89,0.00409,3806477,1865150.832,甲辰,乙亥,壬寅,3,2024,12,1,0.004081638319648678,1,壬,寅,水,木,乙,亥,木,水,True,False,0.014418375424271669,2024-W49,2024-12
601288.SH,2024-12-05,4.92,4.91,0.002037,2779118,1367102.074,甲辰,乙亥,癸卯,4,2024,12,1,0.0020345886977874567,1,癸,卯,水,木,乙,亥,木,水,True,False,0.004081638319648678,2024-W49,2024-12
601288.SH,2024-12-06,4.95,4.92,0.006098,5104518,2532918.132,甲辰,丙子,甲辰,5,2024,12,1,0.0060790460763821925,1,甲,辰,木,土,丙,子,火,水,False,False,0.0020345886977874567,2024-W49,2024-12
601288.SH,2024-12-09,5.01,4.95,0.012121,5055622,2528957.699,甲辰,丙子,丁未,1,2024,12,1,0.012048338516174355,1,丁,未,火,土,丙,子,火,水,False,False,0.0060790460763821925,2024-W50,2024-12
601288.SH,2024-12-10,5.05,5.01,0.007984,6229465,3126319.108,甲辰,丙子,戊申,2,2024,12,1,0.007952328190495015,1,戊,申,土,金,丙,子,火,水,False,False,0.012048338516174355,2024-W50,2024-12
601288.SH,2024-12-11,4.97,5.05,-0.015842,4695042,2350122.021,甲辰,丙子,己酉,3,2024,12,1,-0.015968403178731112,0,己,酉,土,金,丙,子,火,水,False,False,0.007952328190495015,2024-W50,2024-12
601288.SH,2024-12-12,5.03,4.97,0.012072,4199125,2098175.081,甲辰,丙子,庚戌,4,2024,12,1,0.012000144003110558,1,庚,戌,金,土,丙,子,火,水,False,False,-0.015968403178731112,2024-W50,2024-12
601288.SH,2024-12-13,5.0,5.03,-0.005964,4875659,2442767.759,甲辰,丙子,辛亥,5,2024,12,1,-0.00598207167754754,0,辛,亥,金,水,丙,子,火,水,False,False,0.012000144003110558,2024-W50,2024-12
601288.SH,2024-12-16,5.11,5.0,0.022,5667160,2881011.781,甲辰,丙子,甲寅,1,2024,12,1,0.02176149178151271,1,甲,寅,木,木,丙,子,火,水,False,False,-0.00598207167754754,2024-W51,2024-12
601288.SH,2024-12-17,5.1,5.11,-0.001957,4282423,2200438.055,甲辰,丙子,乙卯,2,2024,12,1,-0.0019588644853331455,0,乙,卯,木,木,丙,子,火,水,False,False,0.02176149178151271,2024-W51,2024-12
601288.SH,2024-12-18,5.1,5.1,0.0,5445083,2789248.905,甲辰,丙子,丙辰,3,2024,12,1,0.0,0,丙,辰,火,土,丙,子,火,水,False,False,-0.0019588644853331455,2024-W51,2024-12
601288.SH,2024-12-19,5.04,5.1,-0.011765,4821700,2441451.621,甲辰,丙子,丁巳,4,2024,12,1,-0.011834457647002796,0,丁,巳,火,火,丙,子,火,水,False,False,0.0,2024-W51,2024-12
601288.SH,2024-12-20,5.04,5.04,0.0,5047986,2551785.325,甲辰,丙子,戊午,5,2024,12,1,0.0,0,戊,午,土,火,丙,子,火,水,False,False,-0.011834457647002796,2024-W51,2024-12
601288.SH,2024-12-23,5.19,5.04,0.029762,6959877,3585169.517,甲辰,丙子,辛酉,1,2024,12,1,0.029327615094520136,1,辛,酉,金,金,丙,子,火,水,False,False,0.0,2024-W52,2024-12
601288.SH,2024-12-24,5.25,5.19,0.011561,4329040,2256538.387,甲辰,丙子,壬戌,2,2024,12,1,0.011494379425734991,1,壬,戌,水,土,丙,子,火,水,False,False,0.029327615094520136,2024-W52,2024-12
601288.SH,2024-12-25,5.31,5.25,0.011429,5665600,3014540.717,甲辰,丙子,癸亥,3,2024,12,1,0.011363758650315003,1,癸,亥,水,水,丙,子,火,水,False,False,0.011494379425734991,2024-W52,2024-12
601288.SH,2024-12-26,5.3,5.31,-0.001883,4301401,2265639.362,甲辰,丙子,甲子,4,2024,12,1,-0.0018850146957712238,0,甲,子,木,水,丙,子,火,水,False,False,0.011363758650315003,2024-W52,2024-12
601288.SH,2024-12-27,5.31,5.3,0.001887,5136807,2697504.399,甲辰,丙子,乙丑,5,2024,12,1,0.001885014695771204,1,乙,丑,木,土,丙,子,火,水,False,True,-0.0018850146957712238,2024-W52,2024-12
601288.SH,2024-12-30,5.37,5.31,0.011299,4207177,2249306.805,甲辰,丙子,戊辰,1,2024,12,1,0.01123607326692597,1,戊,辰,土,土,丙,子,火,水,False,True,0.001885014695771204,2025-W01,2024-12
601288.SH,2024-12-31,5.34,5.37,-0.005587,4630191,2495023.167,甲辰,丙子,己巳,2,2024,12,1,-0.005602255548669898,0,己,巳,土,火,丙,子,火,水,False,True,0.01123607326692597,2025-W01,2024-12
601288.SH,2025-01-02,5.2,5.34,-0.026217,6404374,3368830.351,甲辰,丙子,辛未,4,2025,1,1,-0.02656702738472175,0,辛,未,金,土,丙,子,火,水,True,False,-0.005602255548669898,2025-W01,2025-01
601288.SH,2025-01-03,5.15,5.2,-0.009615,5330975,2745987.063,甲辰,丙子,壬申,5,2025,1,1,-0.009661910911736859,0,壬,申,水,金,丙,子,火,水,True,False,-0.02656702738472175,2025-W01,2025-01
601288.SH,2025-01-06,5.19,5.15,0.007767,4945205,2545070.499,甲辰,丁丑,乙亥,1,2025,1,1,0.007736982502152401,1,乙,亥,木,水,丁,丑,火,土,False,False,-0.009661910911736859,2025-W02,2025-01
601288.SH,2025-01-07,5.26,5.19,0.013487,5267161,2733842.079,甲辰,丁丑,丙子,2,2025,1,1,0.013397329571821125,1,丙,子,火,水,丁,丑,火,土,False,False,0.007736982502152401,2025-W02,2025-01
601288.SH,2025-01-08,5.18,5.14,0.007782,5331964,2763161.806,甲辰,丁丑,丁丑,3,2025,1,1,0.007751976804317924,1,丁,丑,火,土,丁,丑,火,土,False,False,0.013397329571821125,2025-W02,2025-01
601288.SH,2025-01-09,5.14,5.18,-0.007722,4047900,2081123.639,甲辰,丁丑,戊寅,4,2025,1,1,-0.007751976804317936,0,戊,寅,土,木,丁,丑,火,土,False,False,0.007751976804317924,2025-W02,2025-01
601288.SH,2025-01-10,5.1,5.14,-0.007782,3544959,1811152.318,甲辰,丁丑,己卯,5,2025,1,1,-0.007812539736793625,0,己,卯,土,木,丁,丑,火,土,False,False,-0.007751976804317936,2025-W02,2025-01
601288.SH,2025-01-13,5.03,5.1,-0.013725,4287159,2153668.607,甲辰,丁丑,壬午,1,2025,1,1,-0.013820555618632087,0,壬,午,水,火,丁,丑,火,土,False,False,-0.007812539736793625,2025-W03,2025-01
601288.SH,2025-01-14,5.05,5.03,0.003976,4564823,2306057.898,甲辰,丁丑,癸未,2,2025,1,1,0.003968259175620449,1,癸,未,水,土,丁,丑,火,土,False,False,-0.013820555618632087,2025-W03,2025-01
601288.SH,2025-01-15,5.07,5.05,0.00396,4742621,2420481.997,甲辰,丁丑,甲申,3,2025,1,1,0.003952574315823342,1,甲,申,木,金,丁,丑,火,土,False,False,0.003968259175620449,2025-W03,2025-01
601288.SH,2025-01-16,5.1,5.07,0.005917,3517482,1787483.507,甲辰,丁丑,乙酉,4,2025,1,1,0.005899722127188102,1,乙,酉,木,金,丁,丑,火,土,False,False,0.003952574315823342,2025-W03,2025-01
601288.SH,2025-01-17,5.05,5.1,-0.009804,3396981,1721481.436,甲辰,丁丑,丙戌,5,2025,1,1,-0.009852296443011594,0,丙,戌,火,土,丁,丑,火,土,False,False,0.005899722127188102,2025-W03,2025-01
601288.SH,2025-01-20,5.01,5.05,-0.007921,3489046,1752911.601,甲辰,丁丑,己丑,1,2025,1,1,-0.007952328190495035,0,己,丑,土,土,丁,丑,火,土,False,False,-0.009852296443011594,2025-W04,2025-01
601288.SH,2025-01-21,5.01,5.01,0.0,3074393,1541776.282,甲辰,丁丑,庚寅,2,2025,1,1,0.0,0,庚,寅,金,木,丁,丑,火,土,False,False,-0.007952328190495035,2025-W04,2025-01
601288.SH,2025-01-22,4.93,5.01,-0.015968,4745271,2347048.793,甲辰,丁丑,辛卯,3,2025,1,1,-0.01609692704217467,0,辛,卯,金,木,丁,丑,火,土,False,False,0.0,2025-W04,2025-01
601288.SH,2025-01-23,5.06,4.93,0.026369,6564899,3305326.86,甲辰,丁丑,壬辰,4,2025,1,1,0.02602749524477545,1,壬,辰,水,土,丁,丑,火,土,False,False,-0.01609692704217467,2025-W04,2025-01
601288.SH,2025-01-24,5.04,5.06,-0.003953,4276489,2152748.096,甲辰,丁丑,癸巳,5,2025,1,1,-0.003960401216096794,0,癸,巳,水,火,丁,丑,火,土,False,False,0.02602749524477545,2025-W04,2025-01
601288.SH,2025-01-27,5.16,5.04,0.02381,5647885,2902113.57,甲辰,丁丑,丙申,1,2025,1,1,0.023530497410194036,1,丙,申,火,金,丁,丑,火,土,False,True,-0.003960401216096794,2025-W05,2025-01
601288.SH,2025-02-05,5.05,5.16,-0.021318,4994575,2537287.331,乙巳,戊寅,乙巳,3,2025,2,1,-0.02154833620620295,0,乙,巳,木,火,戊,寅,土,木,True,False,0.023530497410194036,2025-W06,2025-02
601288.SH,2025-02-06,5.04,5.05,-0.00198,3486912,1755583.016,乙巳,戊寅,丙午,4,2025,2,1,-0.001982161203991211,0,丙,午,火,火,戊,寅,土,木,False,False,-0.02154833620620295,2025-W06,2025-02
601288.SH,2025-02-07,5.02,5.04,-0.003968,4760287,2383650.927,乙巳,戊寅,丁未,5,2025,2,1,-0.003976148379639517,0,丁,未,火,土,戊,寅,土,木,False,False,-0.001982161203991211,2025-W06,2025-02
601288.SH,2025-02-10,5.02,5.02,0.0,3283176,1649828.119,乙巳,戊寅,庚戌,1,2025,2,1,0.0,0,庚,戌,金,土,戊,寅,土,木,False,False,-0.003976148379639517,2025-W07,2025-02
601288.SH,2025-02-11,5.11,5.02,0.017928,4821723,2450542.461,乙巳,戊寅,辛亥,2,2025,2,1,0.01776947051197544,1,辛,亥,金,水,戊,寅,土,木,False,False,0.0,2025-W07,2025-02
601288.SH,2025-02-12,5.14,5.11,0.005871,3808088,1947113.779,乙巳,戊寅,壬子,3,2025,2,1,0.005853675251460508,1,壬,子,水,水,戊,寅,土,木,False,False,0.01776947051197544,2025-W07,2025-02
601288.SH,2025-02-13,5.16,5.14,0.003891,3777676,1951630.255,乙巳,戊寅,癸丑,4,2025,2,1,0.003883500026397612,1,癸,丑,水,土,戊,寅,土,木,False,False,0.005853675251460508,2025-W07,2025-02
601288.SH,2025-02-14,5.21,5.16,0.00969,3599212,1862561.761,乙巳,戊寅,甲寅,5,2025,2,1,0.009643276271804202,1,甲,寅,木,木,戊,寅,土,木,False,False,0.003883500026397612,2025-W07,2025-02
601288.SH,2025-02-17,5.24,5.21,0.005758,3930422,2045429.681,乙巳,戊寅,丁巳,1,2025,2,1,0.005741642567675183,1,丁,巳,火,火,戊,寅,土,木,False,False,0.009643276271804202,2025-W08,2025-02
601288.SH,2025-02-18,5.29,5.24,0.009542,4592009,2430271.469,乙巳,戊寅,戊午,2,2025,2,1,0.009496747537257207,1,戊,午,土,火,戊,寅,土,木,False,False,0.005741642567675183,2025-W08,2025-02
601288.SH,2025-02-19,5.25,5.29,-0.007561,3505724,1848642.9,乙巳,戊寅,己未,3,2025,2,1,-0.0075901692666755964,0,己,未,土,土,戊,寅,土,木,False,False,0.009496747537257207,2025-W08,2025-02
601288.SH,2025-02-20,5.27,5.25,0.00381,2575061,1357245.208,乙巳,戊寅,庚申,4,2025,2,1,0.0038022859497384787,1,庚,申,金,金,戊,寅,土,木,False,False,-0.0075901692666755964,2025-W08,2025-02
601288.SH,2025-02-21,5.18,5.27,-0.017078,4947170,2578359.116,乙巳,戊寅,辛酉,5,2025,2,1,-0.01722530628187928,0,辛,酉,金,金,戊,寅,土,木,False,False,0.0038022859497384787,2025-W08,2025-02
601288.SH,2025-02-24,5.14,5.18,-0.007722,4382258,2255477.743,乙巳,戊寅,甲子,1,2025,2,1,-0.007751976804317936,0,甲,子,木,水,戊,寅,土,木,False,True,-0.01722530628187928,2025-W09,2025-02
601288.SH,2025-02-25,5.11,5.14,-0.005837,4131691,2117910.825,乙巳,戊寅,乙丑,2,2025,2,1,-0.005853675251460541,0,乙,丑,木,土,戊,寅,土,木,False,True,-0.007751976804317936,2025-W09,2025-02
601288.SH,2025-02-26,5.12,5.11,0.001957,4490481,2309036.564,乙巳,戊寅,丙寅,3,2025,2,1,0.001955034835803295,1,丙,寅,火,木,戊,寅,土,木,False,True,-0.005853675251460541,2025-W09,2025-02
601288.SH,2025-02-27,5.16,5.12,0.007813,4297279,2204493.628,乙巳,戊寅,丁卯,4,2025,2,1,0.007782140442054949,1,丁,卯,火,木,戊,寅,土,木,False,True,0.001955034835803295,2025-W09,2025-02
601288.SH,2025-02-28,5.13,5.16,-0.005814,5264313,2719745.63,乙巳,戊寅,戊辰,5,2025,2,1,-0.00583092031079321,0,戊,辰,土,土,戊,寅,土,木,False,True,0.007782140442054949,2025-W09,2025-02
601288.SH,2025-03-03,5.11,5.13,-0.003899,4551973,2324643.486,乙巳,戊寅,辛未,1,2025,3,1,-0.0039062549670649885,0,辛,未,金,土,戊,寅,土,木,True,False,-0.00583092031079321,2025-W10,2025-03
601288.SH,2025-03-04,5.08,5.11,-0.005871,4142611,2109785.951,乙巳,戊寅,壬申,2,2025,3,1,-0.0058881426252225975,0,壬,申,水,金,戊,寅,土,木,True,False,-0.0039062549670649885,2025-W10,2025-03
601288.SH,2025-03-05,5.16,5.08,0.015748,6320382,3250651.702,乙巳,己卯,癸酉,3,2025,3,1,0.015625317903080815,1,癸,酉,水,金,己,卯,土,木,True,False,-0.0058881426252225975,2025-W10,2025-03
601288.SH,2025-03-06,5.11,5.16,-0.00969,6063525,3101279.405,乙巳,己卯,甲戌,4,2025,3,1,-0.009737175277858317,0,甲,戌,木,土,己,卯,土,木,False,False,0.015625317903080815,2025-W10,2025-03
601288.SH,2025-03-07,5.1,5.11,-0.001957,3636986,1856290.633,乙巳,己卯,乙亥,5,2025,3,1,-0.0019588644853331455,0,乙,亥,木,水,己,卯,土,木,False,False,-0.009737175277858317,2025-W10,2025-03
601288.SH,2025-03-10,5.06,5.1,-0.007843,4715746,2388029.586,乙巳,己卯,戊寅,1,2025,3,1,-0.007874056430905883,0,戊,寅,土,木,己,卯,土,木,False,False,-0.0019588644853331455,2025-W11,2025-03
601288.SH,2025-03-11,5.09,5.06,0.005929,4339330,2197131.278,乙巳,己卯,己卯,2,2025,3,1,0.0059113472630571645,1,己,卯,土,木,己,卯,土,木,False,False,-0.007874056430905883,2025-W11,2025-03
601288.SH,2025-03-12,5.05,5.09,-0.007859,4136446,2085780.918,乙巳,己卯,庚辰,3,2025,3,1,-0.007889587275162932,0,庚,辰,金,土,己,卯,土,木,False,False,0.0059113472630571645,2025-W11,2025-03
601288.SH,2025-03-13,5.08,5.05,0.005941,3835347,1948207.196,乙巳,己卯,辛巳,4,2025,3,1,0.005923018303122072,1,辛,巳,金,火,己,卯,土,木,False,False,-0.007889587275162932,2025-W11,2025-03
601288.SH,2025-03-14,5.09,5.08,0.001969,5176360,2639636.094,乙巳,己卯,壬午,5,2025,3,1,0.0019665689720408477,1,壬,午,水,火,己,卯,土,木,False,False,0.005923018303122072,2025-W11,2025-03
601288.SH,2025-03-17,5.13,5.09,0.007859,3804463,1948775.511,乙巳,己卯,乙酉,1,2025,3,1,0.007827828620246696,1,乙,酉,木,金,己,卯,土,木,False,False,0.0019665689720408477,2025-W12,2025-03
601288.SH,2025-03-18,5.12,5.13,-0.001949,2738082,1403313.347,乙巳,己卯,丙戌,2,2025,3,1,-0.0019512201312616936,0,丙,戌,火,土,己,卯,土,木,False,False,0.007827828620246696,2025-W12,2025-03
601288.SH,2025-03-19,5.17,5.12,0.009766,4235753,2185952.585,乙巳,己卯,丁亥,3,2025,3,1,0.009718249468921346,1,丁,亥,火,水,己,卯,土,木,False,False,-0.0019512201312616936,2025-W12,2025-03
601288.SH,2025-03-20,5.14,5.17,-0.005803,2890629,1487461.842,乙巳,己卯,戊子,4,2025,3,1,-0.0058196090532640415,0,戊,子,土,水,己,卯,土,木,False,False,0.009718249468921346,2025-W12,2025-03
601288.SH,2025-03-21,5.09,5.14,-0.009728,3336366,1704161.131,乙巳,己卯,己丑,5,2025,3,1,-0.00977524890464233,0,己,丑,土,土,己,卯,土,木,False,False,-0.0058196090532640415,2025-W12,2025-03
601288.SH,2025-03-24,5.14,5.09,0.009823,3894007,1997091.518,乙巳,己卯,壬辰,1,2025,3,1,0.009775248904642247,1,壬,辰,水,土,己,卯,土,木,False,False,-0.00977524890464233,2025-W13,2025-03
601288.SH,2025-03-25,5.17,5.14,0.005837,2561609,1321135.17,乙巳,己卯,癸巳,2,2025,3,1,0.0058196090532640025,1,癸,巳,水,火,己,卯,土,木,False,False,0.009775248904642247,2025-W13,2025-03
601288.SH,2025-03-26,5.15,5.17,-0.003868,2525386,1301188.691,乙巳,己卯,甲午,3,2025,3,1,-0.003875973844692849,0,甲,午,木,火,己,卯,土,木,False,False,0.0058196090532640025,2025-W13,2025-03
601288.SH,2025-03-27,5.15,5.15,0.0,3514142,1815696.022,乙巳,己卯,乙未,4,2025,3,1,0.0,0,乙,未,木,土,己,卯,土,木,False,True,-0.003875973844692849,2025-W13,2025-03
601288.SH,2025-03-28,5.1,5.15,-0.009709,3156481,1613748.647,乙巳,己卯,丙申,5,2025,3,1,-0.009756174945364798,0,丙,申,火,金,己,卯,土,木,False,True,0.0,2025-W13,2025-03
601288.SH,2025-03-31,5.18,5.1,0.015686,5601122,2891701.297,乙巳,己卯,己亥,1,2025,3,1,0.015564516541111548,1,己,亥,土,水,己,卯,土,木,False,True,-0.009756174945364798,2025-W14,2025-03
601288.SH,2025-04-01,5.13,5.18,-0.009653,4794328,2458033.237,乙巳,己卯,庚子,2,2025,4,1,-0.009699397088713506,0,庚,子,金,水,己,卯,土,木,True,False,0.015564516541111548,2025-W14,2025-04
601288.SH,2025-04-02,5.17,5.13,0.007797,3860854,1989944.95,乙巳,己卯,辛丑,3,2025,4,1,0.007767029337659596,1,辛,丑,金,土,己,卯,土,木,True,False,-0.009699397088713506,2025-W14,2025-04
601288.SH,2025-04-03,5.22,5.17,0.009671,5004421,2597099.711,乙巳,己卯,壬寅,4,2025,4,1,0.009624713374209472,1,壬,寅,水,木,己,卯,土,木,True,False,0.007767029337659596,2025-W14,2025-04
601288.SH,2025-04-07,5.03,5.22,-0.036398,10993627,5559714.273,乙巳,庚辰,丙午,1,2025,4,1,-0.03707741778289937,0,丙,午,火,火,庚,辰,金,土,False,False,0.009624713374209472,2025-W15,2025-04
601288.SH,2025-04-08,5.11,5.03,0.015905,7405590,3761019.087,乙巳,庚辰,丁未,2,2025,4,1,0.01577942010396521,1,丁,未,火,土,庚,辰,金,土,False,False,-0.03707741778289937,2025-W15,2025-04
601288.SH,2025-04-09,5.08,5.11,-0.005871,5793546,2938660.333,乙巳,庚辰,戊申,3,2025,4,1,-0.0058881426252225975,0,戊,申,土,金,庚,辰,金,土,False,False,0.01577942010396521,2025-W15,2025-04
601288.SH,2025-04-10,5.08,5.08,0.0,4709640,2389180.889,乙巳,庚辰,己酉,4,2025,4,1,0.0,0,己,酉,土,金,庚,辰,金,土,False,False,-0.0058881426252225975,2025-W15,2025-04
601288.SH,2025-04-11,5.13,5.08,0.009843,4860434,2477601.436,乙巳,庚辰,庚戌,5,2025,4,1,0.009794397592287625,1,庚,戌,金,土,庚,辰,金,土,False,False,0.0,2025-W15,2025-04
601288.SH,2025-04-14,5.18,5.13,0.009747,4573363,2366083.009,乙巳,庚辰,癸丑,1,2025,4,1,0.009699397088713578,1,癸,丑,水,土,庚,辰,金,土,False,False,0.009794397592287625,2025-W16,2025-04
601288.SH,2025-04-15,5.3,5.18,0.023166,6038486,3178125.422,乙巳,庚辰,甲寅,2,2025,4,1,0.022901764286684414,1,甲,寅,木,木,庚,辰,金,土,False,False,0.009699397088713578,2025-W16,2025-04
601288.SH,2025-04-16,5.37,5.3,0.013208,5025547,2677975.122,乙巳,庚辰,乙卯,3,2025,4,1,0.013121087962697276,1,乙,卯,木,木,庚,辰,金,土,False,False,0.022901764286684414,2025-W16,2025-04
601288.SH,2025-04-17,5.37,5.37,0.0,3462211,1850574.675,乙巳,庚辰,丙辰,4,2025,4,1,0.0,0,丙,辰,火,土,庚,辰,金,土,False,False,0.013121087962697276,2025-W16,2025-04
601288.SH,2025-04-18,5.42,5.37,0.009311,3559332,1924964.705,乙巳,庚辰,丁巳,5,2025,4,1,0.009267906930781456,1,丁,巳,火,火,庚,辰,金,土,False,False,0.0,2025-W16,2025-04
601288.SH,2025-04-21,5.37,5.42,-0.009225,4439583,2411877.272,乙巳,庚辰,庚申,1,2025,4,1,-0.009267906930781509,0,庚,申,金,金,庚,辰,金,土,False,False,0.009267906930781456,2025-W17,2025-04
601288.SH,2025-04-22,5.5,5.37,0.024209,4887731,2678068.003,乙巳,庚辰,辛酉,2,2025,4,1,0.023920183717651835,1,辛,酉,金,金,庚,辰,金,土,False,False,-0.009267906930781509,2025-W17,2025-04
601288.SH,2025-04-23,5.48,5.5,-0.003636,3117569,1711597.137,乙巳,庚辰,壬戌,3,2025,4,1,-0.0036429912785009805,0,壬,戌,水,土,庚,辰,金,土,False,False,0.023920183717651835,2025-W17,2025-04
601288.SH,2025-04-24,5.59,5.48,0.020073,3960388,2204899.037,乙巳,庚辰,癸亥,4,2025,4,1,0.01987418620708363,1,癸,亥,水,水,庚,辰,金,土,False,False,-0.0036429912785009805,2025-W17,2025-04
601288.SH,2025-04-25,5.55,5.59,-0.007156,4025215,2238535.15,乙巳,庚辰,甲子,5,2025,4,1,-0.007181359408664697,0,甲,子,木,水,庚,辰,金,土,False,False,0.01987418620708363,2025-W17,2025-04
601288.SH,2025-04-28,5.61,5.55,0.010811,3152022,1765433.88,乙巳,庚辰,丁卯,1,2025,4,1,0.010752791776261915,1,丁,卯,火,木,庚,辰,金,土,False,True,-0.007181359408664697,2025-W18,2025-04
601288.SH,2025-04-29,5.59,5.61,-0.003565,2982690,1666368.542,乙巳,庚辰,戊辰,2,2025,4,1,-0.0035714323675972446,0,戊,辰,土,土,庚,辰,金,土,False,True,0.010752791776261915,2025-W18,2025-04
601288.SH,2025-04-30,5.42,5.59,-0.030411,6559433,3556414.275,乙巳,庚辰,己巳,3,2025,4,1,-0.030883471715452925,0,己,巳,土,火,庚,辰,金,土,False,True,-0.0035714323675972446,2025-W18,2025-04
601288.SH,2025-05-06,5.38,5.42,-0.00738,4835623,2598219.463,乙巳,辛巳,乙亥,2,2025,5,1,-0.007407441277861805,0,乙,亥,木,水,辛,巳,金,火,False,False,-0.030883471715452925,2025-W19,2025-05
601288.SH,2025-05-07,5.46,5.38,0.01487,4988741,2706911.004,乙巳,辛巳,丙子,3,2025,5,1,0.014760415583120674,1,丙,子,火,水,辛,巳,金,火,False,False,-0.007407441277861805,2025-W19,2025-05
601288.SH,2025-05-08,5.44,5.46,-0.003663,3595511,1961037.42,乙巳,辛巳,丁丑,4,2025,5,1,-0.00366972888896229,0,丁,丑,火,土,辛,巳,金,火,False,False,0.014760415583120674,2025-W19,2025-05
601288.SH,2025-05-09,5.51,5.44,0.012868,3971027,2183767.533,乙巳,辛巳,戊寅,5,2025,5,1,0.012785562296971704,1,戊,寅,土,木,辛,巳,金,火,False,False,-0.00366972888896229,2025-W19,2025-05
601288.SH,2025-05-12,5.52,5.51,0.001815,3629025,2000386.59,乙巳,辛巳,辛巳,1,2025,5,1,0.001813237124180722,1,辛,巳,金,火,辛,巳,金,火,False,False,0.012785562296971704,2025-W20,2025-05
601288.SH,2025-05-13,5.63,5.52,0.019928,4040773,2259194.245,乙巳,辛巳,壬午,2,2025,5,1,0.01973158186259505,1,壬,午,水,火,辛,巳,金,火,False,False,0.001813237124180722,2025-W20,2025-05
601288.SH,2025-05-14,5.64,5.63,0.001776,4032809,2276243.66,乙巳,辛巳,癸未,3,2025,5,1,0.0017746233583684796,1,癸,未,水,土,辛,巳,金,火,False,False,0.01973158186259505,2025-W20,2025-05
601288.SH,2025-05-15,5.66,5.64,0.003546,4145149,2347503.088,乙巳,辛巳,甲申,4,2025,5,1,0.003539826705124208,1,甲,申,木,金,辛,巳,金,火,False,False,0.0017746233583684796,2025-W20,2025-05
601288.SH,2025-05-16,5.59,5.66,-0.012367,4106810,2293009.279,乙巳,辛巳,乙酉,5,2025,5,1,-0.012444605048083864,0,乙,酉,木,金,辛,巳,金,火,False,False,0.003539826705124208,2025-W20,2025-05
601288.SH,2025-05-19,5.56,5.59,-0.005367,3046830,1701416.799,乙巳,辛巳,戊子,1,2025,5,1,-0.0053811789045168186,0,戊,子,土,水,辛,巳,金,火,False,False,-0.012444605048083864,2025-W21,2025-05
601288.SH,2025-05-20,5.57,5.56,0.001799,2981515,1659489.244,乙巳,辛巳,己丑,2,2025,5,1,0.0017969456767018563,1,己,丑,土,土,辛,巳,金,火,False,False,-0.0053811789045168186,2025-W21,2025-05
601288.SH,2025-05-21,5.58,5.57,0.001795,2671126,1492689.97,乙巳,辛巳,庚寅,3,2025,5,1,0.0017937224540269007,1,庚,寅,金,木,辛,巳,金,火,False,False,0.0017969456767018563,2025-W21,2025-05
601288.SH,2025-05-22,5.61,5.58,0.005376,3125163,1747239.33,乙巳,辛巳,辛卯,4,2025,5,1,0.005361943141385373,1,辛,卯,金,木,辛,巳,金,火,False,False,0.0017937224540269007,2025-W21,2025-05
601288.SH,2025-05-23,5.54,5.61,-0.012478,4085398,2279497.273,乙巳,辛巳,壬辰,5,2025,5,1,-0.012556218775412594,0,壬,辰,水,土,辛,巳,金,火,False,False,0.005361943141385373,2025-W21,2025-05
601288.SH,2025-05-26,5.5,5.54,-0.00722,3284047,1811191.197,乙巳,辛巳,乙未,1,2025,5,1,-0.007246408520767198,0,乙,未,木,土,辛,巳,金,火,False,False,-0.012556218775412594,2025-W22,2025-05
601288.SH,2025-05-27,5.53,5.5,0.005455,2449882,1355685.744,乙巳,辛巳,丙申,2,2025,5,1,0.005439723295818342,1,丙,申,火,金,辛,巳,金,火,False,True,-0.007246408520767198,2025-W22,2025-05
601288.SH,2025-05-28,5.52,5.53,-0.001808,2464859,1360418.87,乙巳,辛巳,丁酉,3,2025,5,1,-0.0018099552452396416,0,丁,酉,火,金,辛,巳,金,火,False,True,0.005439723295818342,2025-W22,2025-05
601288.SH,2025-05-29,5.51,5.52,-0.001812,2454397,1351989.726,乙巳,辛巳,戊戌,4,2025,5,1,-0.0018132371241808313,0,戊,戌,土,土,辛,巳,金,火,False,True,-0.0018099552452396416,2025-W22,2025-05
601288.SH,2025-05-30,5.53,5.51,0.00363,4072226,2251623.255,乙巳,辛巳,己亥,5,2025,5,1,0.003623192369420331,1,己,亥,土,水,辛,巳,金,火,False,True,-0.0018132371241808313,2025-W22,2025-05
601288.SH,2025-06-03,5.57,5.53,0.007233,3619986,2008837.467,乙巳,辛巳,癸卯,2,2025,6,1,0.007207238404949167,1,癸,卯,水,木,辛,巳,金,火,True,False,0.003623192369420331,2025-W23,2025-06
601288.SH,2025-06-04,5.57,5.57,0.0,2549106,1421660.587,乙巳,辛巳,甲辰,3,2025,6,1,0.0,0,甲,辰,木,土,辛,巳,金,火,True,False,0.007207238404949167,2025-W23,2025-06
601288.SH,2025-06-05,5.57,5.57,0.0,3561174,1987878.507,乙巳,壬午,乙巳,4,2025,6,1,0.0,0,乙,巳,木,火,壬,午,水,火,True,False,0.0,2025-W23,2025-06
601288.SH,2025-06-06,5.61,5.57,0.007181,2801106,1567893.982,乙巳,壬午,丙午,5,2025,6,1,0.007155665595412232,1,丙,午,火,火,壬,午,水,火,False,False,0.0,2025-W23,2025-06
601288.SH,2025-06-09,5.59,5.61,-0.003565,4035431,2249735.937,乙巳,壬午,己酉,1,2025,6,1,-0.0035714323675972446,0,己,酉,土,金,壬,午,水,火,False,False,0.007155665595412232,2025-W24,2025-06
601288.SH,2025-06-10,5.62,5.59,0.005367,4192232,2359550.808,乙巳,壬午,庚戌,2,2025,6,1,0.005352376738592061,1,庚,戌,金,土,壬,午,水,火,False,False,-0.0035714323675972446,2025-W24,2025-06
601288.SH,2025-06-11,5.62,5.62,0.0,2372394,1331929.176,乙巳,壬午,辛亥,3,2025,6,1,0.0,0,辛,亥,金,水,壬,午,水,火,False,False,0.005352376738592061,2025-W24,2025-06
601288.SH,2025-06-12,5.63,5.62,0.001779,2367507,1332901.022,乙巳,壬午,壬子,4,2025,6,1,0.0017777782459993572,1,壬,子,水,水,壬,午,水,火,False,False,0.0,2025-W24,2025-06
601288.SH,2025-06-13,5.6,5.63,-0.005329,3055189,1716495.032,乙巳,壬午,癸丑,5,2025,6,1,-0.0053428444104954695,0,癸,丑,水,土,壬,午,水,火,False,False,0.0017777782459993572,2025-W24,2025-06
601288.SH,2025-06-16,5.63,5.6,0.005357,4219989,2356749.251,乙巳,壬午,丙辰,1,2025,6,1,0.005342844410495446,1,丙,辰,火,土,壬,午,水,火,False,False,-0.0053428444104954695,2025-W25,2025-06
601288.SH,2025-06-17,5.64,5.63,0.001776,2448687,1382040.092,乙巳,壬午,丁巳,2,2025,6,1,0.0017746233583684796,1,丁,巳,火,火,壬,午,水,火,False,False,0.005342844410495446,2025-W25,2025-06
601288.SH,2025-06-18,5.73,5.64,0.015957,3807239,2169312.855,乙巳,壬午,戊午,3,2025,6,1,0.01583146521668088,1,戊,午,土,火,壬,午,水,火,False,False,0.0017746233583684796,2025-W25,2025-06
601288.SH,2025-06-19,5.74,5.73,0.001745,3033383,1737452.625,乙巳,壬午,己未,4,2025,6,1,0.0017436796048268374,1,己,未,土,土,壬,午,水,火,False,False,0.01583146521668088,2025-W25,2025-06
601288.SH,2025-06-20,5.77,5.74,0.005226,3277999,1887045.413,乙巳,壬午,庚申,5,2025,6,1,0.00521287018853299,1,庚,申,金,金,壬,午,水,火,False,False,0.0017436796048268374,2025-W25,2025-06
601288.SH,2025-06-23,5.89,5.77,0.020797,4439806,2590508.263,乙巳,壬午,癸亥,1,2025,6,1,0.02058391714348719,1,癸,亥,水,水,壬,午,水,火,False,False,0.00521287018853299,2025-W26,2025-06
601288.SH,2025-06-24,5.96,5.89,0.011885,4508231,2672215.435,乙巳,壬午,甲子,2,2025,6,1,0.011814483413763056,1,甲,子,木,水,壬,午,水,火,False,False,0.02058391714348719,2025-W26,2025-06
601288.SH,2025-06-25,6.02,5.96,0.010067,4588500,2756476.005,乙巳,壬午,乙丑,3,2025,6,1,0.010016778243471209,1,乙,丑,木,土,壬,午,水,火,False,False,0.011814483413763056,2025-W26,2025-06
601288.SH,2025-06-26,6.08,6.02,0.009967,3454064,2086357.1,乙巳,壬午,丙寅,4,2025,6,1,0.009917436657346144,1,丙,寅,火,木,壬,午,水,火,False,True,0.010016778243471209,2025-W26,2025-06
601288.SH,2025-06-27,5.88,6.08,-0.032895,7328838,4355922.838,乙巳,壬午,丁卯,5,2025,6,1,-0.03344793406754013,0,丁,卯,火,木,壬,午,水,火,False,True,0.009917436657346144,2025-W26,2025-06
601288.SH,2025-06-30,5.88,5.88,0.0,3929370,2304487.884,乙巳,壬午,庚午,1,2025,6,1,0.0,0,庚,午,金,火,壬,午,水,火,False,True,-0.03344793406754013,2025-W27,2025-06
601288.SH,2025-07-01,5.96,5.88,0.013605,3145475,1873152.905,乙巳,壬午,辛未,2,2025,7,1,0.013513719166722855,1,辛,未,金,土,壬,午,水,火,True,False,0.0,2025-W27,2025-07
601288.SH,2025-07-02,5.98,5.96,0.003356,2753796,1649522.723,乙巳,壬午,壬申,3,2025,7,1,0.003350086885282027,1,壬,申,水,金,壬,午,水,火,True,False,0.013513719166722855,2025-W27,2025-07
601288.SH,2025-07-03,5.95,5.98,-0.005017,3099118,1845636.761,乙巳,壬午,癸酉,4,2025,7,1,-0.005029348405001973,0,癸,酉,水,金,壬,午,水,火,True,False,0.003350086885282027,2025-W27,2025-07
601288.SH,2025-07-04,6.03,5.95,0.013445,3746804,2254998.658,乙巳,壬午,甲戌,5,2025,7,1,0.013355791181555636,1,甲,戌,木,土,壬,午,水,火,True,False,-0.005029348405001973,2025-W27,2025-07
601288.SH,2025-07-07,6.08,6.03,0.008292,2679206,1623973.274,乙巳,癸未,丁丑,1,2025,7,1,0.008257685238981637,1,丁,丑,火,土,癸,未,水,土,False,False,0.013355791181555636,2025-W28,2025-07
601288.SH,2025-07-08,6.12,6.08,0.006579,2897308,1763855.137,乙巳,癸未,戊寅,2,2025,7,1,0.00655740054615904,1,戊,寅,土,木,癸,未,水,土,False,False,0.008257685238981637,2025-W28,2025-07
601288.SH,2025-07-09,6.2,6.12,0.013072,3834118,2376919.893,乙巳,癸未,己卯,3,2025,7,1,0.012987195526811112,1,己,卯,土,木,癸,未,水,土,False,False,0.00655740054615904,2025-W28,2025-07
601288.SH,2025-07-10,6.31,6.2,0.017742,5606004,3529574.218,乙巳,癸未,庚辰,4,2025,7,1,0.01758638450207577,1,庚,辰,金,土,癸,未,水,土,False,False,0.012987195526811112,2025-W28,2025-07
601288.SH,2025-07-11,6.32,6.31,0.001585,9899616,6343713.672,乙巳,癸未,辛巳,5,2025,7,1,0.001583531605644442,1,辛,巳,金,火,癸,未,水,土,False,False,0.01758638450207577,2025-W28,2025-07
601288.SH,2025-07-14,6.38,6.32,0.009494,5235676,3356945.091,乙巳,癸未,甲申,1,2025,7,1,0.009448889197932289,1,甲,申,木,金,癸,未,水,土,False,False,0.001583531605644442,2025-W29,2025-07
601288.SH,2025-07-15,6.33,6.38,-0.007837,4157867,2637998.505,乙巳,癸未,乙酉,2,2025,7,1,-0.007867861200613679,0,乙,酉,木,金,癸,未,水,土,False,False,0.009448889197932289,2025-W29,2025-07
601288.SH,2025-07-16,6.29,6.33,-0.006319,4478619,2810813.786,乙巳,癸未,丙戌,3,2025,7,1,-0.006339165443735654,0,丙,戌,火,土,癸,未,水,土,False,False,-0.007867861200613679,2025-W29,2025-07
601288.SH,2025-07-17,6.13,6.16,-0.00487,4046382,2490734.816,乙巳,癸未,丁亥,4,2025,7,1,-0.004882027597308421,0,丁,亥,火,水,癸,未,水,土,False,False,-0.006339165443735654,2025-W29,2025-07
601288.SH,2025-07-18,6.22,6.13,0.014682,4035515,2504186.14,乙巳,癸未,戊子,5,2025,7,1,0.014575156802968087,1,戊,子,土,水,癸,未,水,土,False,False,-0.004882027597308421,2025-W29,2025-07
601288.SH,2025-07-21,6.19,6.22,-0.004823,3743600,2316276.127,乙巳,癸未,辛卯,1,2025,7,1,-0.004834820054583293,0,辛,卯,金,木,癸,未,水,土,False,False,0.014575156802968087,2025-W30,2025-07
601288.SH,2025-07-22,6.1,6.19,-0.01454,5609283,3429760.548,乙巳,癸未,壬辰,2,2025,7,1,-0.014646315517239302,0,壬,辰,水,土,癸,未,水,土,False,False,-0.004834820054583293,2025-W30,2025-07
601288.SH,2025-07-23,6.25,6.1,0.02459,6278221,3903727.96,乙巳,癸未,癸巳,3,2025,7,1,0.0242926925690447,1,癸,巳,水,火,癸,未,水,土,False,False,-0.014646315517239302,2025-W30,2025-07
601288.SH,2025-07-24,6.2,6.25,-0.008,4388959,2732429.784,乙巳,癸未,甲午,4,2025,7,1,-0.008032171697264267,0,甲,午,木,火,癸,未,水,土,False,False,0.0242926925690447,2025-W30,2025-07
601288.SH,2025-07-25,6.18,6.2,-0.003226,3459340,2144477.037,乙巳,癸未,乙未,5,2025,7,1,-0.003231020581446532,0,乙,未,木,土,癸,未,水,土,False,False,-0.008032171697264267,2025-W30,2025-07
601288.SH,2025-07-28,6.19,6.18,0.001618,3173345,1964162.542,乙巳,癸未,戊戌,1,2025,7,1,0.0016168152269054777,1,戊,戌,土,土,癸,未,水,土,False,True,-0.003231020581446532,2025-W31,2025-07
601288.SH,2025-07-29,6.14,6.19,-0.008078,4179314,2585549.801,乙巳,癸未,己亥,2,2025,7,1,-0.008110344537453738,0,己,亥,土,水,癸,未,水,土,False,True,0.0016168152269054777,2025-W31,2025-07
601288.SH,2025-07-30,6.23,6.14,0.014658,5125785,3187505.669,乙巳,癸未,庚子,3,2025,7,1,0.014551590640310905,1,庚,子,金,水,癸,未,水,土,False,True,-0.008110344537453738,2025-W31,2025-07
601288.SH,2025-07-31,6.3,6.23,0.011236,5288060,3310091.942,乙巳,癸未,辛丑,4,2025,7,1,0.011173300598125036,1,辛,丑,金,土,癸,未,水,土,False,True,0.014551590640310905,2025-W31,2025-07
601288.SH,2025-08-01,6.33,6.3,0.004762,5370252,3404887.173,乙巳,癸未,壬寅,5,2025,8,1,0.004750602758597799,1,壬,寅,水,木,癸,未,水,土,True,False,0.011173300598125036,2025-W31,2025-08
601288.SH,2025-08-04,6.39,6.33,0.009479,5427492,3479649.345,乙巳,癸未,乙巳,1,2025,8,1,0.009434032233358494,1,乙,巳,木,火,癸,未,水,土,True,False,0.004750602758597799,2025-W32,2025-08
601288.SH,2025-08-05,6.54,6.39,0.023474,4910672,3189429.36,乙巳,癸未,丙午,2,2025,8,1,0.02320289707966401,1,丙,午,火,火,癸,未,水,土,True,False,0.009434032233358494,2025-W32,2025-08
601288.SH,2025-08-06,6.62,6.54,0.012232,4376045,2883879.126,乙巳,癸未,丁未,3,2025,8,1,0.012158204479809583,1,丁,未,火,土,癸,未,水,土,False,False,0.02320289707966401,2025-W32,2025-08
601288.SH,2025-08-07,6.71,6.62,0.013595,4310128,2881395.034,乙巳,甲申,戊申,4,2025,8,1,0.013503581034673525,1,戊,申,土,金,甲,申,木,金,False,False,0.012158204479809583,2025-W32,2025-08
601288.SH,2025-08-08,6.71,6.71,0.0,3892602,2607186.062,乙巳,甲申,己酉,5,2025,8,1,0.0,0,己,酉,土,金,甲,申,木,金,False,False,0.013503581034673525,2025-W32,2025-08
601288.SH,2025-08-11,6.74,6.71,0.004471,4981599,3343320.542,乙巳,甲申,壬子,1,2025,8,1,0.004460973940625266,1,壬,子,水,水,甲,申,木,金,False,False,0.0,2025-W33,2025-08
601288.SH,2025-08-12,6.85,6.74,0.01632,4722225,3231456.855,乙巳,甲申,癸丑,2,2025,8,1,0.0161887273499181,1,癸,丑,水,土,甲,申,木,金,False,False,0.004460973940625266,2025-W33,2025-08
601288.SH,2025-08-13,6.8,6.85,-0.007299,7160593,4885028.306,乙巳,甲申,甲寅,3,2025,8,1,-0.007326040092072898,0,甲,寅,木,木,甲,申,木,金,False,False,0.0161887273499181,2025-W33,2025-08
601288.SH,2025-08-14,6.92,6.8,0.017647,5751286,3960084.279,乙巳,甲申,乙卯,4,2025,8,1,0.01749315744751712,1,乙,卯,木,木,甲,申,木,金,False,False,-0.007326040092072898,2025-W33,2025-08
601288.SH,2025-08-15,6.85,6.92,-0.010116,7442142,5072662.102,乙巳,甲申,丙辰,5,2025,8,1,-0.010167117355444313,0,丙,辰,火,土,甲,申,木,金,False,False,0.01749315744751712,2025-W33,2025-08
601288.SH,2025-08-18,6.93,6.85,0.011679,5894781,4043621.056,乙巳,甲申,己未,1,2025,8,1,0.01161116092767806,1,己,未,土,土,甲,申,木,金,False,False,-0.010167117355444313,2025-W34,2025-08
601288.SH,2025-08-19,7.02,6.93,0.012987,5444344,3828327.526,乙巳,甲申,庚申,2,2025,8,1,0.012903404835907782,1,庚,申,金,金,甲,申,木,金,False,False,0.01161116092767806,2025-W34,2025-08
601288.SH,2025-08-20,7.08,7.02,0.008547,4751577,3358732.685,乙巳,甲申,辛酉,3,2025,8,1,0.00851068966790861,1,辛,酉,金,金,甲,申,木,金,False,False,0.012903404835907782,2025-W34,2025-08
601288.SH,2025-08-21,7.23,7.08,0.021186,4774008,3422413.035,乙巳,甲申,壬戌,4,2025,8,1,0.02096512846504487,1,壬,戌,水,土,甲,申,木,金,False,False,0.00851068966790861,2025-W34,2025-08
601288.SH,2025-08-22,7.3,7.23,0.009682,5183611,3755078.285,乙巳,甲申,癸亥,5,2025,8,1,0.009635311983672092,1,癸,亥,水,水,甲,申,木,金,False,False,0.02096512846504487,2025-W34,2025-08
601288.SH,2025-08-25,7.26,7.3,-0.005479,7487954,5368571.641,乙巳,甲申,丙寅,1,2025,8,1,-0.005494519317640702,0,丙,寅,火,木,甲,申,木,金,False,False,0.009635311983672092,2025-W35,2025-08
601288.SH,2025-08-26,7.28,7.26,0.002755,5344200,3891342.369,乙巳,甲申,丁卯,2,2025,8,1,0.002751033371890019,1,丁,卯,火,木,甲,申,木,金,False,False,-0.005494519317640702,2025-W35,2025-08
601288.SH,2025-08-27,7.11,7.28,-0.023352,6217962,4442922.385,乙巳,甲申,戊辰,3,2025,8,1,-0.02362861839344512,0,戊,辰,土,土,甲,申,木,金,False,True,0.002751033371890019,2025-W35,2025-08
601288.SH,2025-08-28,7.02,7.11,-0.012658,5757326,4017333.889,乙巳,甲申,己巳,4,2025,8,1,-0.012739025777429826,0,己,巳,土,火,甲,申,木,金,False,True,-0.02362861839344512,2025-W35,2025-08
601288.SH,2025-08-29,7.02,7.02,0.0,4462472,3137902.032,乙巳,甲申,庚午,5,2025,8,1,0.0,0,庚,午,金,火,甲,申,木,金,False,True,-0.012739025777429826,2025-W35,2025-08
601288.SH,2025-09-01,7.05,7.02,0.004274,4591220,3226618.787,乙巳,甲申,癸酉,1,2025,9,1,0.004264398786457518,1,癸,酉,水,金,甲,申,木,金,True,False,0.0,2025-W36,2025-09
601288.SH,2025-09-02,7.19,7.05,0.019858,5706189,4073081.397,乙巳,甲申,甲戌,2,2025,9,1,0.019663554908778063,1,甲,戌,木,土,甲,申,木,金,True,False,0.004264398786457518,2025-W36,2025-09
601288.SH,2025-09-03,7.15,7.19,-0.005563,4545334,3253671.271,乙巳,甲申,乙亥,3,2025,9,1,-0.005578815027038998,0,乙,亥,木,水,甲,申,木,金,True,False,0.019663554908778063,2025-W36,2025-09
601288.SH,2025-09-04,7.52,7.15,0.051748,9616310,7022880.276,乙巳,甲申,丙子,4,2025,9,1,0.05045378125583213,1,丙,子,火,水,甲,申,木,金,True,False,-0.005578815027038998,2025-W36,2025-09
601288.SH,2025-09-05,7.3,7.52,-0.029255,6241182,4589002.39,乙巳,甲申,丁丑,5,2025,9,1,-0.029691789807402925,0,丁,丑,火,土,甲,申,木,金,True,False,0.05045378125583213,2025-W36,2025-09
601288.SH,2025-09-08,7.26,7.3,-0.005479,4693950,3417018.998,乙巳,乙酉,庚辰,1,2025,9,1,-0.005494519317640702,0,庚,辰,金,土,乙,酉,木,金,False,False,-0.029691789807402925,2025-W37,2025-09
601288.SH,2025-09-09,7.31,7.26,0.006887,3933285,2882673.38,乙巳,乙酉,辛巳,2,2025,9,1,0.006863444924982429,1,辛,巳,金,火,乙,酉,木,金,False,False,-0.005494519317640702,2025-W37,2025-09
601288.SH,2025-09-10,7.29,7.31,-0.002736,3148149,2298638.093,乙巳,乙酉,壬午,3,2025,9,1,-0.0027397277411203274,0,壬,午,水,火,乙,酉,木,金,False,False,0.006863444924982429,2025-W37,2025-09
601288.SH,2025-09-11,7.28,7.29,-0.001372,4439815,3220286.308,乙巳,乙酉,癸未,4,2025,9,1,-0.0013726838119721356,0,癸,未,水,土,乙,酉,木,金,False,False,-0.0027397277411203274,2025-W37,2025-09
601288.SH,2025-09-12,7.24,7.28,-0.005495,2649759,1919632.978,乙巳,乙酉,甲申,5,2025,9,1,-0.0055096558109695845,0,甲,申,木,金,乙,酉,木,金,False,False,-0.0013726838119721356,2025-W37,2025-09
601288.SH,2025-09-15,7.16,7.24,-0.01105,3708937,2654602.798,乙巳,乙酉,丁亥,1,2025,9,1,-0.011111225425070722,0,丁,亥,火,水,乙,酉,木,金,False,False,-0.0055096558109695845,2025-W38,2025-09
601288.SH,2025-09-16,7.04,7.16,-0.01676,4119995,2916343.399,乙巳,乙酉,戊子,2,2025,9,1,-0.016901810802603254,0,戊,子,土,水,乙,酉,木,金,False,False,-0.011111225425070722,2025-W38,2025-09
601288.SH,2025-09-17,6.96,7.04,-0.011364,4305701,2996698.762,乙巳,乙酉,己丑,3,2025,9,1,-0.011428695823622744,0,己,丑,土,土,乙,酉,木,金,False,False,-0.016901810802603254,2025-W38,2025-09
601288.SH,2025-09-18,6.77,6.96,-0.027299,5634472,3850360.383,乙巳,乙酉,庚寅,4,2025,9,1,-0.02767838742214472,0,庚,寅,金,木,乙,酉,木,金,False,False,-0.011428695823622744,2025-W38,2025-09
601288.SH,2025-09-19,6.65,6.77,-0.017725,5009346,3343181.951,乙巳,乙酉,辛卯,5,2025,9,1,-0.01788423225642076,0,辛,卯,金,木,乙,酉,木,金,False,False,-0.02767838742214472,2025-W38,2025-09
601288.SH,2025-09-22,6.49,6.65,-0.02406,5006737,3269667.642,乙巳,乙酉,甲午,1,2025,9,1,-0.02435432395176419,0,甲,午,木,火,乙,酉,木,金,False,False,-0.01788423225642076,2025-W39,2025-09
601288.SH,2025-09-23,6.65,6.49,0.024653,7449078,4930463.605,乙巳,乙酉,乙未,2,2025,9,1,0.02435432395176406,1,乙,未,木,土,乙,酉,木,金,False,False,-0.02435432395176419,2025-W39,2025-09
601288.SH,2025-09-24,6.57,6.65,-0.01203,4746226,3133503.954,乙巳,乙酉,丙申,3,2025,9,1,-0.01210302217124365,0,丙,申,火,金,乙,酉,木,金,False,False,0.02435432395176406,2025-W39,2025-09
601288.SH,2025-09-25,6.61,6.57,0.006088,4668059,3042998.736,乙巳,乙酉,丁酉,4,2025,9,1,0.006069821367075774,1,丁,酉,火,金,乙,酉,木,金,False,False,-0.01210302217124365,2025-W39,2025-09
601288.SH,2025-09-26,6.62,6.61,0.001513,3982713,2641249.055,乙巳,乙酉,戊戌,5,2025,9,1,0.0015117160853219392,1,戊,戌,土,土,乙,酉,木,金,False,True,0.006069821367075774,2025-W39,2025-09
601288.SH,2025-09-29,6.62,6.62,0.0,4433828,2925870.909,乙巳,乙酉,辛丑,1,2025,9,1,0.0,0,辛,丑,金,土,乙,酉,木,金,False,True,0.0015117160853219392,2025-W40,2025-09
601288.SH,2025-09-30,6.67,6.62,0.007553,3087459,2051825.282,乙巳,乙酉,壬寅,2,2025,9,1,0.007524489978615501,1,壬,寅,水,木,乙,酉,木,金,False,True,0.0,2025-W40,2025-09
601288.SH,2025-10-09,6.7,6.67,0.004498,3961756,2630730.713,乙巳,丙戌,辛亥,4,2025,10,1,0.004487666469387977,1,辛,亥,金,水,丙,戌,火,土,False,False,0.007524489978615501,2025-W41,2025-10
601288.SH,2025-10-10,6.83,6.7,0.019403,4724811,3200498.381,乙巳,丙戌,壬子,5,2025,10,1,0.01921714718577835,1,壬,子,水,水,丙,戌,火,土,False,False,0.004487666469387977,2025-W41,2025-10
601288.SH,2025-10-13,6.91,6.83,0.011713,5727816,3922520.938,乙巳,丙戌,乙卯,1,2025,10,1,0.011644964196879834,1,乙,卯,木,木,丙,戌,火,土,False,False,0.01921714718577835,2025-W42,2025-10
601288.SH,2025-10-14,7.13,6.91,0.031838,6013887,4224621.189,乙巳,丙戌,丙辰,2,2025,10,1,0.03134159664662591,1,丙,辰,火,土,丙,戌,火,土,False,False,0.011644964196879834,2025-W42,2025-10
601288.SH,2025-10-15,7.27,7.13,0.019635,5241690,3779542.593,乙巳,丙戌,丁巳,3,2025,10,1,0.019445057119223372,1,丁,巳,火,火,丙,戌,火,土,False,False,0.03134159664662591,2025-W42,2025-10
601288.SH,2025-10-16,7.49,7.27,0.030261,5322543,3929947.725,乙巳,丙戌,戊午,4,2025,10,1,0.029812505983700114,1,戊,午,土,火,丙,戌,火,土,False,False,0.019445057119223372,2025-W42,2025-10
601288.SH,2025-10-17,7.62,7.49,0.017356,6031330,4575465.343,乙巳,丙戌,己未,5,2025,10,1,0.017207572169426782,1,己,未,土,土,丙,戌,火,土,False,False,0.029812505983700114,2025-W42,2025-10
601288.SH,2025-10-20,7.75,7.62,0.01706,5617048,4294455.486,乙巳,丙戌,壬戌,1,2025,10,1,0.01691647366670062,1,壬,戌,水,土,丙,戌,火,土,False,False,0.017207572169426782,2025-W43,2025-10
601288.SH,2025-10-21,7.88,7.75,0.016774,5060674,3946308.013,乙巳,丙戌,癸亥,2,2025,10,1,0.016635060504532194,1,癸,亥,水,水,丙,戌,火,土,False,False,0.01691647366670062,2025-W43,2025-10
601288.SH,2025-10-22,8.09,7.88,0.02665,4945184,3949555.77,乙巳,丙戌,甲子,3,2025,10,1,0.02630082720061256,1,甲,子,木,水,丙,戌,火,土,False,False,0.016635060504532194,2025-W43,2025-10
601288.SH,2025-10-23,7.99,8.09,-0.012361,7135199,5749085.935,乙巳,丙戌,乙丑,4,2025,10,1,-0.012437971292216946,0,乙,丑,木,土,丙,戌,火,土,False,False,0.02630082720061256,2025-W43,2025-10
601288.SH,2025-10-24,7.99,7.99,0.0,5059120,4045372.039,乙巳,丙戌,丙寅,5,2025,10,1,0.0,0,丙,寅,火,木,丙,戌,火,土,False,False,-0.012437971292216946,2025-W43,2025-10
601288.SH,2025-10-27,8.18,7.99,0.02378,5220101,4217814.928,乙巳,丙戌,己巳,1,2025,10,1,0.023501390836472402,1,己,巳,土,火,丙,戌,火,土,False,True,0.0,2025-W44,2025-10
601288.SH,2025-10-28,8.31,8.18,0.015892,4465374,3691972.448,乙巳,丙戌,庚午,2,2025,10,1,0.015767458252701236,1,庚,午,金,火,丙,戌,火,土,False,True,0.023501390836472402,2025-W44,2025-10
601288.SH,2025-10-29,8.15,8.31,-0.019254,4064517,3328852.19,乙巳,丙戌,辛未,3,2025,10,1,-0.019441681614585496,0,辛,未,金,土,丙,戌,火,土,False,True,0.015767458252701236,2025-W44,2025-10
601288.SH,2025-10-30,8.06,8.15,-0.011043,3702255,3005587.296,乙巳,丙戌,壬申,4,2025,10,1,-0.011104370734234353,0,壬,申,水,金,丙,戌,火,土,False,True,-0.019441681614585496,2025-W44,2025-10
601288.SH,2025-10-31,7.96,8.06,-0.012407,3828626,3035832.303,乙巳,丙戌,癸酉,5,2025,10,1,-0.012484556662245396,0,癸,酉,水,金,丙,戌,火,土,False,True,-0.011104370734234353,2025-W44,2025-10
601288.SH,2025-11-03,8.01,7.96,0.006281,2718392,2175462.418,乙巳,丙戌,丙子,1,2025,11,1,0.006261761223976096,1,丙,子,火,水,丙,戌,火,土,True,False,-0.012484556662245396,2025-W45,2025-11
601288.SH,2025-11-04,8.15,8.01,0.017478,3740841,3046467.432,乙巳,丙戌,丁丑,2,2025,11,1,0.01732716617250353,1,丁,丑,火,土,丙,戌,火,土,True,False,0.006261761223976096,2025-W45,2025-11
601288.SH,2025-11-05,8.18,8.15,0.003681,3454363,2820034.099,乙巳,丙戌,戊寅,3,2025,11,1,0.0036742233618843254,1,戊,寅,土,木,丙,戌,火,土,True,False,0.01732716617250353,2025-W45,2025-11
601288.SH,2025-11-06,8.16,8.18,-0.002445,2600820,2111488.87,乙巳,丙戌,己卯,4,2025,11,1,-0.0024479816386400012,0,己,卯,土,木,丙,戌,火,土,False,False,0.0036742233618843254,2025-W45,2025-11
601288.SH,2025-11-07,8.08,8.16,-0.009804,2942052,2397778.281,乙巳,丁亥,庚辰,5,2025,11,1,-0.009852296443011594,0,庚,辰,金,土,丁,亥,火,水,False,False,-0.0024479816386400012,2025-W45,2025-11
601288.SH,2025-11-10,8.12,8.08,0.00495,2090005,1688811.746,乙巳,丁亥,癸未,1,2025,11,1,0.004938281640582577,1,癸,未,水,土,丁,亥,火,水,False,False,-0.009852296443011594,2025-W46,2025-11
601288.SH,2025-11-11,8.3,8.12,0.022167,3406531,2803436.151,乙巳,丁亥,甲申,2,2025,11,1,0.0219253606289659,1,甲,申,木,金,丁,亥,火,水,False,False,0.004938281640582577,2025-W46,2025-11
601288.SH,2025-11-12,8.59,8.3,0.03494,5125862,4368474.428,乙巳,丁亥,乙酉,3,2025,11,1,0.03434322119361163,1,乙,酉,木,金,丁,亥,火,水,False,False,0.0219253606289659,2025-W46,2025-11
601288.SH,2025-11-13,8.56,8.59,-0.003492,3562218,3034323.119,乙巳,丁亥,丙戌,4,2025,11,1,-0.00349854584251317,0,丙,戌,火,土,丁,亥,火,水,False,False,0.03434322119361163,2025-W46,2025-11
601288.SH,2025-11-14,8.5,8.56,-0.007009,3550896,3049904.17,乙巳,丁亥,丁亥,5,2025,11,1,-0.007034026657380048,0,丁,亥,火,水,丁,亥,火,水,False,False,-0.00349854584251317,2025-W46,2025-11
601288.SH,2025-11-17,8.32,8.5,-0.021176,3208315,2682497.831,乙巳,丁亥,庚寅,1,2025,11,1,-0.021403908663153493,0,庚,寅,金,木,丁,亥,火,水,False,False,-0.007034026657380048,2025-W47,2025-11
601288.SH,2025-11-18,8.19,8.32,-0.015625,2809295,2305253.26,乙巳,丁亥,辛卯,2,2025,11,1,-0.015748356968139282,0,辛,卯,金,木,丁,亥,火,水,False,False,-0.021403908663153493,2025-W47,2025-11
601288.SH,2025-11-19,8.22,8.19,0.003663,2315271,1906326.366,乙巳,丁亥,壬辰,3,2025,11,1,0.0036563112031107003,1,壬,辰,水,土,丁,亥,火,水,False,False,-0.015748356968139282,2025-W47,2025-11
601288.SH,2025-11-20,8.16,8.22,-0.007299,3089170,2532502.621,乙巳,丁亥,癸巳,4,2025,11,1,-0.00732604009207301,0,癸,巳,水,火,丁,亥,火,水,False,False,0.0036563112031107003,2025-W47,2025-11
601288.SH,2025-11-21,8.05,8.16,-0.01348,3334462,2699331.389,乙巳,丁亥,甲午,5,2025,11,1,-0.01357207754554359,0,甲,午,木,火,丁,亥,火,水,False,False,-0.00732604009207301,2025-W47,2025-11
601288.SH,2025-11-24,8.02,8.05,-0.003727,2968343,2379730.639,乙巳,丁亥,丁酉,1,2025,11,1,-0.0037336695520490608,0,丁,酉,火,金,丁,亥,火,水,False,False,-0.01357207754554359,2025-W48,2025-11
601288.SH,2025-11-25,8.07,8.02,0.006234,2313084,1856488.671,乙巳,丁亥,戊戌,2,2025,11,1,0.006215060403434413,1,戊,戌,土,土,丁,亥,火,水,False,False,-0.0037336695520490608,2025-W48,2025-11
601288.SH,2025-11-26,7.94,8.07,-0.016109,3101549,2475714.918,乙巳,丁亥,己亥,3,2025,11,1,-0.016240207022813053,0,己,亥,土,水,丁,亥,火,水,False,True,0.006215060403434413,2025-W48,2025-11
601288.SH,2025-11-27,8.1,7.94,0.020151,3336588,2678201.856,乙巳,丁亥,庚子,4,2025,11,1,0.019950786419348693,1,庚,子,金,水,丁,亥,火,水,False,True,-0.016240207022813053,2025-W48,2025-11
601288.SH,2025-11-28,8.04,8.1,-0.007407,2474270,1995685.221,乙巳,丁亥,辛丑,5,2025,11,1,-0.00743497848751809,0,辛,丑,金,土,丁,亥,火,水,False,True,0.019950786419348693,2025-W48,2025-11
601288.SH,2025-12-01,7.99,8.04,-0.006219,2445762,1950246.836,乙巳,丁亥,甲辰,1,2025,12,1,-0.006238323412691591,0,甲,辰,木,土,丁,亥,火,水,True,False,-0.00743497848751809,2025-W49,2025-12
601288.SH,2025-12-02,8.02,7.99,0.003755,2266719,1808356.617,乙巳,丁亥,乙巳,2,2025,12,1,0.003747662100239749,1,乙,巳,木,火,丁,亥,火,水,True,False,-0.006238323412691591,2025-W49,2025-12
601288.SH,2025-12-03,7.98,8.02,-0.004988,2037617,1632066.875,乙巳,丁亥,丙午,3,2025,12,1,-0.0050000104167056405,0,丙,午,火,火,丁,亥,火,水,True,False,0.003747662100239749,2025-W49,2025-12
601288.SH,2025-12-04,7.9,7.98,-0.010025,2133685,1687237.423,乙巳,丁亥,丁未,4,2025,12,1,-0.010075651988741587,0,丁,未,火,土,丁,亥,火,水,True,False,-0.0050000104167056405,2025-W49,2025-12
601288.SH,2025-12-05,7.82,7.9,-0.010127,2145084,1682267.142,乙巳,丁亥,戊申,5,2025,12,1,-0.010178204915756153,0,戊,申,土,金,丁,亥,火,水,True,False,-0.010075651988741587,2025-W49,2025-12
601288.SH,2025-12-08,7.84,7.82,0.002558,1883381,1474630.705,乙巳,戊子,辛亥,1,2025,12,1,0.0025542798050967007,1,辛,亥,金,水,戊,子,土,水,False,False,-0.010178204915756153,2025-W50,2025-12
601288.SH,2025-12-09,8.04,7.84,0.02551,3310450,2642529.971,乙巳,戊子,壬子,2,2025,12,1,0.025190248828558495,1,壬,子,水,水,戊,子,土,水,False,False,0.0025542798050967007,2025-W50,2025-12
601288.SH,2025-12-10,7.82,8.04,-0.027363,3504271,2769026.567,乙巳,戊子,癸丑,3,2025,12,1,-0.027744528633655105,0,癸,丑,水,土,戊,子,土,水,False,False,0.025190248828558495,2025-W50,2025-12
601288.SH,2025-12-11,7.93,7.82,0.014066,2788611,2172335.032,乙巳,戊子,甲寅,4,2025,12,1,0.01396848108953676,1,甲,寅,木,木,戊,子,土,水,False,False,-0.027744528633655105,2025-W50,2025-12
601288.SH,2025-12-12,7.72,7.93,-0.026482,5778803,4448527.015,乙巳,戊子,乙卯,5,2025,12,1,-0.026838671610071783,0,乙,卯,木,木,戊,子,土,水,False,False,0.01396848108953676,2025-W50,2025-12
601288.SH,2025-12-15,7.49,7.6,-0.014474,2803392,2109081.128,乙巳,戊子,戊午,1,2025,12,1,-0.014579449763157162,0,戊,午,土,火,戊,子,土,水,False,False,-0.026838671610071783,2025-W51,2025-12
601288.SH,2025-12-16,7.37,7.49,-0.016021,2850117,2108085.055,乙巳,戊子,己未,2,2025,12,1,-0.016151091327882845,0,己,未,土,土,戊,子,土,水,False,False,-0.014579449763157162,2025-W51,2025-12
601288.SH,2025-12-17,7.45,7.37,0.010855,2854501,2127547.355,乙巳,戊子,庚申,3,2025,12,1,0.010796326190222864,1,庚,申,金,金,戊,子,土,水,False,False,-0.016151091327882845,2025-W51,2025-12
601288.SH,2025-12-18,7.6,7.45,0.020134,2728487,2057380.323,乙巳,戊子,辛酉,4,2025,12,1,0.01993421490081711,1,辛,酉,金,金,戊,子,土,水,False,False,0.010796326190222864,2025-W51,2025-12
601288.SH,2025-12-19,7.55,7.6,-0.006579,2223586,1680884.827,乙巳,戊子,壬戌,5,2025,12,1,-0.006600684031352024,0,壬,戌,水,土,戊,子,土,水,False,False,0.01993421490081711,2025-W51,2025-12
601288.SH,2025-12-22,7.59,7.55,0.005298,1916062,1448703.868,乙巳,戊子,乙丑,1,2025,12,1,0.005284028146605206,1,乙,丑,木,土,戊,子,土,水,False,False,-0.006600684031352024,2025-W52,2025-12
601288.SH,2025-12-23,7.66,7.59,0.009223,2317023,1768735.696,乙巳,戊子,丙寅,2,2025,12,1,0.009180392344961394,1,丙,寅,火,木,戊,子,土,水,False,False,0.005284028146605206,2025-W52,2025-12
601288.SH,2025-12-24,7.64,7.66,-0.002611,2030499,1552456.223,乙巳,戊子,丁卯,3,2025,12,1,-0.0026143805740708207,0,丁,卯,火,木,戊,子,土,水,False,False,0.009180392344961394,2025-W52,2025-12
601288.SH,2025-12-25,7.58,7.64,-0.007853,1777376,1351613.916,乙巳,戊子,戊辰,4,2025,12,1,-0.007884403524148759,0,戊,辰,土,土,戊,子,土,水,False,False,-0.0026143805740708207,2025-W52,2025-12
601288.SH,2025-12-26,7.51,7.58,-0.009235,1890866,1424620.266,乙巳,戊子,己巳,5,2025,12,1,-0.009277733878236988,0,己,巳,土,火,戊,子,土,水,False,False,-0.007884403524148759,2025-W52,2025-12
601288.SH,2025-12-29,7.64,7.51,0.01731,2864530,2169201.533,乙巳,戊子,壬申,1,2025,12,1,0.017162137402385834,1,壬,申,水,金,戊,子,土,水,False,True,-0.009277733878236988,2026-W01,2025-12
601288.SH,2025-12-30,7.61,7.64,-0.003927,2259163,1715101.425,乙巳,戊子,癸酉,2,2025,12,1,-0.003934431304834562,0,癸,酉,水,金,戊,子,土,水,False,True,0.017162137402385834,2026-W01,2025-12
601288.SH,2025-12-31,7.68,7.61,0.009198,2868950,2191803.822,乙巳,戊子,甲戌,3,2025,12,1,0.009156375285986241,1,甲,戌,木,土,戊,子,土,水,False,True,-0.003934431304834562,2026-W01,2025-12
601288.SH,2026-01-05,7.57,7.68,-0.014323,3184015,2413285.383,乙巳,己丑,己卯,1,2026,1,1,-0.014426479710223353,0,己,卯,土,木,己,丑,土,土,True,False,0.009156375285986241,2026-W02,2026-01
601288.SH,2026-01-06,7.56,7.57,-0.001321,2343854,1765205.087,乙巳,己丑,庚辰,2,2026,1,1,-0.0013218772579158245,0,庚,辰,金,土,己,丑,土,土,False,False,-0.014426479710223353,2026-W02,2026-01
601288.SH,2026-01-07,7.49,7.56,-0.009259,2349234,1760850.583,乙巳,己丑,辛巳,3,2026,1,1,-0.009302392662313448,0,辛,巳,金,火,己,丑,土,土,False,False,-0.0013218772579158245,2026-W02,2026-01
601288.SH,2026-01-08,7.44,7.49,-0.006676,2827238,2095027.51,乙巳,己丑,壬午,4,2026,1,1,-0.006697948684127581,0,壬,午,水,火,己,丑,土,土,False,False,-0.009302392662313448,2026-W02,2026-01
601288.SH,2026-01-09,7.41,7.44,-0.004032,2230873,1652341.284,乙巳,己丑,癸未,5,2026,1,1,-0.004040409537004974,0,癸,未,水,土,己,丑,土,土,False,False,-0.006697948684127581,2026-W02,2026-01
601288.SH,2026-01-12,7.52,7.41,0.014845,3439981,2558792.03,乙巳,己丑,丙戌,1,2026,1,1,0.014735698653752965,1,丙,戌,火,土,己,丑,土,土,False,False,-0.004040409537004974,2026-W03,2026-01
601288.SH,2026-01-13,7.61,7.52,0.011968,4883195,3716087.471,乙巳,己丑,丁亥,2,2026,1,1,0.011897033911846064,1,丁,亥,火,水,己,丑,土,土,False,False,0.014735698653752965,2026-W03,2026-01
601288.SH,2026-01-14,7.48,7.61,-0.017083,3895491,2918714.413,乙巳,己丑,戊子,3,2026,1,1,-0.017230379887208568,0,戊,子,土,水,己,丑,土,土,False,False,0.011897033911846064,2026-W03,2026-01
601288.SH,2026-01-15,7.33,7.48,-0.020053,3637995,2684475.214,乙巳,己丑,己丑,4,2026,1,1,-0.02025727608782583,0,己,丑,土,土,己,丑,土,土,False,False,-0.017230379887208568,2026-W03,2026-01
601288.SH,2026-01-16,7.21,7.33,-0.016371,3723237,2702324.231,乙巳,己丑,庚寅,5,2026,1,1,-0.01650656460170241,0,庚,寅,金,木,己,丑,土,土,False,False,-0.02025727608782583,2026-W03,2026-01
601288.SH,2026-01-19,7.1,7.21,-0.015257,3199901,2285022.638,乙巳,己丑,癸巳,1,2026,1,1,-0.015374167249587964,0,癸,巳,水,火,己,丑,土,土,False,False,-0.01650656460170241,2026-W04,2026-01
601288.SH,2026-01-20,7.17,7.1,0.009859,3784821,2699650.553,乙巳,己丑,甲午,2,2026,1,1,0.00981087056425924,1,甲,午,木,火,己,丑,土,土,False,False,-0.015374167249587964,2026-W04,2026-01
601288.SH,2026-01-21,6.96,7.17,-0.029289,5537616,3892792.864,乙巳,己丑,乙未,3,2026,1,1,-0.029726180265200734,0,乙,未,木,土,己,丑,土,土,False,False,0.00981087056425924,2026-W04,2026-01
601288.SH,2026-01-22,6.81,6.96,-0.021552,4765066,3259858.633,乙巳,己丑,丙申,4,2026,1,1,-0.021787354184907296,0,丙,申,火,金,己,丑,土,土,False,False,-0.029726180265200734,2026-W04,2026-01
601288.SH,2026-01-23,6.75,6.81,-0.008811,3959741,2688032.919,乙巳,己丑,丁酉,5,2026,1,1,-0.0088496152769825,0,丁,酉,火,金,己,丑,土,土,False,False,-0.021787354184907296,2026-W04,2026-01
601288.SH,2026-01-26,6.84,6.75,0.013333,6334304,4339048.354,乙巳,己丑,庚子,1,2026,1,1,0.013245226750020723,1,庚,子,金,水,己,丑,土,土,False,False,-0.0088496152769825,2026-W05,2026-01
601288.SH,2026-01-27,6.89,6.84,0.00731,6850791,4776956.952,乙巳,己丑,辛丑,2,2026,1,1,0.007283353391108094,1,辛,丑,金,土,己,丑,土,土,False,True,0.013245226750020723,2026-W05,2026-01
601288.SH,2026-01-28,6.8,6.89,-0.013062,5245905,3578130.962,乙巳,己丑,壬寅,3,2026,1,1,-0.01314847284350621,0,壬,寅,水,木,己,丑,土,土,False,True,0.007283353391108094,2026-W05,2026-01
601288.SH,2026-01-29,6.78,6.8,-0.002941,5297441,3568943.37,乙巳,己丑,癸卯,4,2026,1,1,-0.002945510229756803,0,癸,卯,水,木,己,丑,土,土,False,True,-0.01314847284350621,2026-W05,2026-01
601288.SH,2026-01-30,6.72,6.78,-0.00885,4111690,2791121.485,乙巳,己丑,甲辰,5,2026,1,1,-0.008888947417246152,0,甲,辰,木,土,己,丑,土,土,False,True,-0.002945510229756803,2026-W05,2026-01
601288.SH,2026-02-02,6.78,6.72,0.008929,4917242,3341345.694,乙巳,己丑,丁未,1,2026,2,1,0.008888947417245994,1,丁,未,火,土,己,丑,土,土,True,False,-0.008888947417246152,2026-W06,2026-02
601288.SH,2026-02-03,6.66,6.78,-0.017699,4472284,2980959.525,乙巳,己丑,戊申,2,2026,2,1,-0.01785761740000646,0,戊,申,土,金,己,丑,土,土,True,False,0.008888947417245994,2026-W06,2026-02
601288.SH,2026-02-04,6.67,6.66,0.001502,3065589,2041148.152,丙午,庚寅,己酉,3,2026,2,1,0.001500375375234492,1,己,酉,土,金,庚,寅,金,木,True,False,-0.01785761740000646,2026-W06,2026-02
601288.SH,2026-02-05,6.7,6.67,0.004498,3341275,2235420.174,丙午,庚寅,庚戌,4,2026,2,1,0.004487666469387977,1,庚,戌,金,土,庚,寅,金,木,True,False,0.001500375375234492,2026-W06,2026-02
601288.SH,2026-02-06,6.67,6.7,-0.004478,3360798,2238168.001,丙午,庚寅,辛亥,5,2026,2,1,-0.004487666469388017,0,辛,亥,金,水,庚,寅,金,木,False,False,0.004487666469387977,2026-W06,2026-02
601288.SH,2026-02-09,6.71,6.67,0.005997,2931675,1954228.104,丙午,庚寅,甲寅,1,2026,2,1,0.00597909105605801,1,甲,寅,木,木,庚,寅,金,木,False,False,-0.004487666469388017,2026-W07,2026-02
601288.SH,2026-02-10,6.73,6.71,0.002981,3580411,2419814.505,丙午,庚寅,乙卯,2,2026,2,1,0.002976192673046176,1,乙,卯,木,木,庚,寅,金,木,False,False,0.00597909105605801,2026-W07,2026-02
601288.SH,2026-02-11,6.79,6.73,0.008915,3077491,2079104.736,丙午,庚寅,丙辰,3,2026,2,1,0.008875797913968291,1,丙,辰,火,土,庚,寅,金,木,False,False,0.002976192673046176,2026-W07,2026-02
601288.SH,2026-02-12,6.61,6.79,-0.02651,4449160,2965037.693,丙午,庚寅,丁巳,4,2026,2,1,-0.026867287707009746,0,丁,巳,火,火,庚,寅,金,木,False,False,0.008875797913968291,2026-W07,2026-02
601288.SH,2026-02-13,6.51,6.61,-0.015129,3323514,2175762.438,丙午,庚寅,戊午,5,2026,2,1,-0.015244197643117081,0,戊,午,土,火,庚,寅,金,木,False,False,-0.026867287707009746,2026-W07,2026-02
601288.SH,2026-02-24,6.48,6.51,-0.004608,2288123,1483285.733,丙午,庚寅,己巳,2,2026,2,1,-0.004618945856294417,0,己,巳,土,火,庚,寅,金,木,False,True,-0.015244197643117081,2026-W09,2026-02
601288.SH,2026-02-25,6.51,6.48,0.00463,2422513,1576859.953,丙午,庚寅,庚午,3,2026,2,1,0.004618945856294458,1,庚,午,金,火,庚,寅,金,木,False,True,-0.004618945856294417,2026-W09,2026-02
601288.SH,2026-02-26,6.42,6.51,-0.013825,2881045,1855153.816,丙午,庚寅,辛未,4,2026,2,1,-0.013921338518608007,0,辛,未,金,土,庚,寅,金,木,False,True,0.004618945856294458,2026-W09,2026-02
601288.SH,2026-02-27,6.4,6.42,-0.003115,2129742,1366405.649,丙午,庚寅,壬申,5,2026,2,1,-0.0031201273362435225,0,壬,申,水,金,庚,寅,金,木,False,True,-0.013921338518608007,2026-W09,2026-02
601288.SH,2026-03-02,6.48,6.4,0.0125,4232983,2732325.703,丙午,庚寅,乙亥,1,2026,3,1,0.01242251999855711,1,乙,亥,木,水,庚,寅,金,木,True,False,-0.0031201273362435225,2026-W10,2026-03
601288.SH,2026-03-03,6.73,6.48,0.03858,8484194,5632925.663,丙午,庚寅,丙子,2,2026,3,1,0.03785463329245317,1,丙,子,火,水,庚,寅,金,木,True,False,0.01242251999855711,2026-W10,2026-03
601288.SH,2026-03-04,6.68,6.73,-0.007429,5888190,3907751.81,丙午,庚寅,丁丑,3,2026,3,1,-0.007457156108082163,0,丁,丑,火,土,庚,寅,金,木,True,False,0.03785463329245317,2026-W10,2026-03
601288.SH,2026-03-05,6.74,6.68,0.008982,4395428,2939657.008,丙午,辛卯,戊寅,4,2026,3,1,0.008941937375661433,1,戊,寅,土,木,辛,卯,金,木,True,False,-0.007457156108082163,2026-W10,2026-03
601288.SH,2026-03-06,6.7,6.74,-0.005935,3120481,2100073.984,丙午,辛卯,己卯,5,2026,3,1,-0.005952398527295273,0,己,卯,土,木,辛,卯,金,木,False,False,0.008941937375661433,2026-W10,2026-03
601288.SH,2026-03-09,6.66,6.7,-0.00597,4113418,2761286.431,丙午,辛卯,壬午,1,2026,3,1,-0.005988041844622557,0,壬,午,水,火,辛,卯,金,木,False,False,-0.005952398527295273,2026-W11,2026-03
601288.SH,2026-03-10,6.58,6.66,-0.012012,3262394,2140471.838,丙午,辛卯,癸未,2,2026,3,1,-0.012084739215071999,0,癸,未,水,土,辛,卯,金,木,False,False,-0.005988041844622557,2026-W11,2026-03
601288.SH,2026-03-11,6.63,6.58,0.007599,2502133,1652020.178,丙午,辛卯,甲申,3,2026,3,1,0.007570058860545294,1,甲,申,木,金,辛,卯,金,木,False,False,-0.012084739215071999,2026-W11,2026-03
601288.SH,2026-03-12,6.64,6.63,0.001508,2108553,1398083.218,丙午,辛卯,乙酉,4,2026,3,1,0.0015071592905713386,1,乙,酉,木,金,辛,卯,金,木,False,False,0.007570058860545294,2026-W11,2026-03
601288.SH,2026-03-13,6.62,6.64,-0.003012,2846114,1888392.85,丙午,辛卯,丙戌,5,2026,3,1,-0.0030165935394255677,0,丙,戌,火,土,辛,卯,金,木,False,False,0.0015071592905713386,2026-W11,2026-03
601288.SH,2026-03-16,6.65,6.62,0.004532,2416262,1603685.489,丙午,辛卯,己丑,1,2026,3,1,0.004521484718846057,1,己,丑,土,土,辛,卯,金,木,False,False,-0.0030165935394255677,2026-W12,2026-03
601288.SH,2026-03-17,6.76,6.65,0.016541,4153763,2800553.831,丙午,辛卯,庚寅,2,2026,3,1,0.01640603538710994,1,庚,寅,金,木,辛,卯,金,木,False,False,0.004521484718846057,2026-W12,2026-03
601288.SH,2026-03-18,6.74,6.76,-0.002959,5361041,3638892.853,丙午,辛卯,辛卯,3,2026,3,1,-0.0029629651306569606,0,辛,卯,金,木,辛,卯,金,木,False,False,0.01640603538710994,2026-W12,2026-03
601288.SH,2026-03-19,6.83,6.74,0.013353,4846443,3295502.157,丙午,辛卯,壬辰,4,2026,3,1,0.013264748658483101,1,壬,辰,水,土,辛,卯,金,木,False,False,-0.0029629651306569606,2026-W12,2026-03
601288.SH,2026-03-20,6.76,6.83,-0.010249,3689291,2508418.997,丙午,辛卯,癸巳,5,2026,3,1,-0.010301783527826057,0,癸,巳,水,火,辛,卯,金,木,False,False,0.013264748658483101,2026-W12,2026-03
601288.SH,2026-03-23,6.47,6.76,-0.042899,5487575,3588634.92,丙午,辛卯,丙申,1,2026,3,1,-0.04384678154206358,0,丙,申,火,金,辛,卯,金,木,False,False,-0.010301783527826057,2026-W13,2026-03
601288.SH,2026-03-24,6.5,6.47,0.004637,2735592,1776855.758,丙午,辛卯,丁酉,2,2026,3,1,0.004626068388782243,1,丁,酉,火,金,辛,卯,金,木,False,False,-0.04384678154206358,2026-W13,2026-03
601288.SH,2026-03-25,6.55,6.5,0.007692,3381619,2188567.793,丙午,辛卯,戊戌,3,2026,3,1,0.007662872745569097,1,戊,戌,土,土,辛,卯,金,木,False,False,0.004626068388782243,2026-W13,2026-03
601288.SH,2026-03-26,6.51,6.55,-0.006107,2248268,1471353.417,丙午,辛卯,己亥,4,2026,3,1,-0.006125593426682731,0,己,亥,土,水,辛,卯,金,木,False,False,0.007662872745569097,2026-W13,2026-03
601288.SH,2026-03-27,6.48,6.51,-0.004608,2061818,1334542.068,丙午,辛卯,庚子,5,2026,3,1,-0.004618945856294417,0,庚,子,金,水,辛,卯,金,木,False,True,-0.006125593426682731,2026-W13,2026-03
601288.SH,2026-03-30,6.49,6.48,0.001543,1975472,1278889.401,丙午,辛卯,癸卯,1,2026,3,1,0.0015420203518151968,1,癸,卯,水,木,辛,卯,金,木,False,True,-0.004618945856294417,2026-W14,2026-03
601288.SH,2026-03-31,6.7,6.49,0.032357,5836425,3892547.281,丙午,辛卯,甲辰,2,2026,3,1,0.03184499568092184,1,甲,辰,木,土,辛,卯,金,木,False,True,0.0015420203518151968,2026-W14,2026-03
601288.SH,2026-04-01,6.69,6.7,-0.001493,3316882,2229362.172,丙午,辛卯,乙巳,3,2026,4,1,-0.0014936522567832536,0,乙,巳,木,火,辛,卯,金,木,True,False,0.03184499568092184,2026-W14,2026-04
601288.SH,2026-04-02,6.92,6.69,0.03438,5626313,3860679.04,丙午,辛卯,丙午,4,2026,4,1,0.03380189548944114,1,丙,午,火,火,辛,卯,金,木,True,False,-0.0014936522567832536,2026-W14,2026-04
601288.SH,2026-04-03,6.84,6.92,-0.011561,3653286,2501643.079,丙午,辛卯,丁未,5,2026,4,1,-0.011628037995119099,0,丁,未,火,土,辛,卯,金,木,True,False,0.03380189548944114,2026-W14,2026-04
601288.SH,2026-04-07,6.69,6.84,-0.02193,3041104,2042829.658,丙午,壬辰,辛亥,2,2026,4,1,-0.022173857494321967,0,辛,亥,金,水,壬,辰,水,土,False,False,-0.011628037995119099,2026-W15,2026-04
601288.SH,2026-04-08,6.63,6.69,-0.008969,3708810,2445448.635,丙午,壬辰,壬子,3,2026,4,1,-0.009009069942365968,0,壬,子,水,水,壬,辰,水,土,False,False,-0.022173857494321967,2026-W15,2026-04
601288.SH,2026-04-09,6.6,6.63,-0.004525,2479778,1637799.054,丙午,壬辰,癸丑,4,2026,4,1,-0.004535155165391262,0,癸,丑,水,土,壬,辰,水,土,False,False,-0.009009069942365968,2026-W15,2026-04
601288.SH,2026-04-10,6.59,6.6,-0.001515,2207811,1450572.704,丙午,壬辰,甲寅,5,2026,4,1,-0.0015163005179639638,0,甲,寅,木,木,壬,辰,水,土,False,False,-0.004535155165391262,2026-W15,2026-04
601288.SH,2026-04-13,6.64,6.59,0.007587,2830751,1870617.283,丙午,壬辰,丁巳,1,2026,4,1,0.007558614973926624,1,丁,巳,火,火,壬,辰,水,土,False,False,-0.0015163005179639638,2026-W16,2026-04
601288.SH,2026-04-14,6.76,6.64,0.018072,3627734,2430773.411,丙午,壬辰,戊午,2,2026,4,1,0.01791092656653024,1,戊,午,土,火,壬,辰,水,土,False,False,0.007558614973926624,2026-W16,2026-04
601288.SH,2026-04-15,6.95,6.76,0.028107,5292553,3648620.069,丙午,壬辰,己未,3,2026,4,1,0.027718769521828127,1,己,未,土,土,壬,辰,水,土,False,False,0.01791092656653024,2026-W16,2026-04
601288.SH,2026-04-16,7.0,6.95,0.007194,4436728,3110504.665,丙午,壬辰,庚申,4,2026,4,1,0.007168489478612497,1,庚,申,金,金,壬,辰,水,土,False,False,0.027718769521828127,2026-W16,2026-04
601288.SH,2026-04-17,7.06,7.0,0.008571,3558279,2513830.98,丙午,壬辰,辛酉,5,2026,4,1,0.008534902449837286,1,辛,酉,金,金,壬,辰,水,土,False,False,0.007168489478612497,2026-W16,2026-04
601288.SH,2026-04-20,7.19,7.06,0.018414,3201580,2294202.33,丙午,壬辰,甲子,1,2026,4,1,0.018246120227804766,1,甲,子,木,水,壬,辰,水,土,False,False,0.008534902449837286,2026-W17,2026-04
601288.SH,2026-04-21,7.18,7.19,-0.001391,2544181,1834542.752,丙午,壬辰,乙丑,2,2026,4,1,-0.0013917886728226083,0,乙,丑,木,土,壬,辰,水,土,False,False,0.018246120227804766,2026-W17,2026-04
601288.SH,2026-04-22,7.07,7.18,-0.01532,2737146,1938678.933,丙午,壬辰,丙寅,3,2026,4,1,-0.015438903151651305,0,丙,寅,火,木,壬,辰,水,土,False,False,-0.0013917886728226083,2026-W17,2026-04
601288.SH,2026-04-23,7.03,7.07,-0.005658,2496937,1763185.641,丙午,壬辰,丁卯,4,2026,4,1,-0.005673774085907825,0,丁,卯,火,木,壬,辰,水,土,False,False,-0.015438903151651305,2026-W17,2026-04
601288.SH,2026-04-24,7.04,7.03,0.001422,1961004,1378477.974,丙午,壬辰,戊辰,5,2026,4,1,0.0014214643473774466,1,戊,辰,土,土,壬,辰,水,土,False,False,-0.005673774085907825,2026-W17,2026-04
601288.SH,2026-04-27,6.92,7.04,-0.017045,2422166,1685094.012,丙午,壬辰,辛未,1,2026,4,1,-0.017192400540372875,0,辛,未,金,土,壬,辰,水,土,False,True,0.0014214643473774466,2026-W18,2026-04
601288.SH,2026-04-28,6.98,6.92,0.008671,2609718,1809204.828,丙午,壬辰,壬申,2,2026,4,1,0.008633147144702875,1,壬,申,水,金,壬,辰,水,土,False,True,-0.017192400540372875,2026-W18,2026-04
601288.SH,2026-04-29,6.94,6.98,-0.005731,3185611,2204141.882,丙午,壬辰,癸酉,3,2026,4,1,-0.005747142255567959,0,癸,酉,水,金,壬,辰,水,土,False,True,0.008633147144702875,2026-W18,2026-04
601288.SH,2026-04-30,6.92,6.94,-0.002882,3607437,2499022.22,丙午,壬辰,甲戌,4,2026,4,1,-0.0028860048891349867,0,甲,戌,木,土,壬,辰,水,土,False,True,-0.005747142255567959,2026-W18,2026-04
601288.SH,2026-05-06,6.86,6.92,-0.008671,3758374,2563241.043,丙午,癸巳,庚辰,3,2026,5,1,-0.008708327891784308,0,庚,辰,金,土,癸,巳,水,火,False,False,-0.0028860048891349867,2026-W19,2026-05
601288.SH,2026-05-07,6.87,6.86,0.001458,2389301,1644516.838,丙午,癸巳,辛巳,4,2026,5,1,0.0014566644964641641,1,辛,巳,金,火,癸,巳,水,火,False,False,-0.008708327891784308,2026-W19,2026-05
601288.SH,2026-05-08,6.9,6.87,0.004367,2769481,1910985.188,丙午,癸巳,壬午,5,2026,5,1,0.004357305368955847,1,壬,午,水,火,癸,巳,水,火,False,False,0.0014566644964641641,2026-W19,2026-05
601288.SH,2026-05-11,6.81,6.9,-0.013043,4180171,2842056.599,丙午,癸巳,乙酉,1,2026,5,1,-0.013129291441792848,0,乙,酉,木,金,癸,巳,水,火,False,False,0.004357305368955847,2026-W20,2026-05
601288.SH,2026-05-12,6.78,6.81,-0.004405,2797461,1904248.387,丙午,癸巳,丙戌,2,2026,5,1,-0.00441501820911672,0,丙,戌,火,土,癸,巳,水,火,False,False,-0.013129291441792848,2026-W20,2026-05
601288.SH,2026-05-13,6.66,6.65,0.001504,2754087,1837928.244,丙午,癸巳,丁亥,3,2026,5,1,0.001502629884534875,1,丁,亥,火,水,癸,巳,水,火,False,False,-0.00441501820911672,2026-W20,2026-05
