交易日期,收盘价,年干支,月干支,日干支,收益率,天干,地支,五行_干,五行_支,月,周,年月
2010-01-05,3282.179,己丑,丁丑,乙卯,0.011843971193923108,乙,卯,木,木,1,1,2010-01
2010-01-06,3254.215,己丑,丁丑,丙辰,-0.008519949704144714,丙,辰,火,土,1,1,2010-01
2010-01-07,3192.776,己丑,丁丑,丁巳,-0.0188798220154478,丁,巳,火,火,1,1,2010-01
2010-01-08,3195.997,己丑,丁丑,戊午,0.0010088399562011574,戊,午,土,火,1,1,2010-01
2010-01-11,3212.75,己丑,丁丑,辛酉,0.005241869751442252,辛,酉,金,金,1,2,2010-01
2010-01-12,3273.966,己丑,丁丑,壬戌,0.019054081394443978,壬,戌,水,土,1,2,2010-01
2010-01-13,3172.658,己丑,丁丑,癸亥,-0.030943510103648042,癸,亥,水,水,1,2,2010-01
2010-01-14,3215.55,己丑,丁丑,甲子,0.013519263658421599,甲,子,木,水,1,2,2010-01
2010-01-15,3224.152,己丑,丁丑,乙丑,0.002675125561723446,乙,丑,木,土,1,2,2010-01
2010-01-18,3237.098,己丑,丁丑,戊辰,0.004015319377002058,戊,辰,土,土,1,3,2010-01
2010-01-19,3246.874,己丑,丁丑,己巳,0.0030199888912847417,己,巳,土,火,1,3,2010-01
2010-01-20,3151.85,己丑,丁丑,庚午,-0.029266303527639148,庚,午,金,火,1,3,2010-01
2010-01-21,3158.863,己丑,丁丑,辛未,0.0022250424353951193,辛,未,金,土,1,3,2010-01
2010-01-22,3128.588,己丑,丁丑,壬申,-0.009584144674840145,壬,申,水,金,1,3,2010-01
2010-01-25,3094.411,己丑,丁丑,乙亥,-0.010924097388342657,乙,亥,木,水,1,4,2010-01
2010-01-26,3019.394,己丑,丁丑,丙子,-0.024242739571440297,丙,子,火,水,1,4,2010-01
2010-01-27,2986.607,己丑,丁丑,丁丑,-0.010858801468109136,丁,丑,火,土,1,4,2010-01
2010-01-28,2994.143,己丑,丁丑,戊寅,0.0025232646946853343,戊,寅,土,木,1,4,2010-01
2010-01-29,2989.292,己丑,丁丑,己卯,-0.0016201630984225002,己,卯,土,木,1,4,2010-01
2010-02-01,2941.36,己丑,丁丑,壬午,-0.016034566044401122,壬,午,水,火,2,5,2010-02
2010-02-02,2934.713,己丑,丁丑,癸未,-0.0022598389860472023,癸,未,水,土,2,5,2010-02
2010-02-03,3003.835,己丑,丁丑,甲申,0.023553240129443598,甲,申,木,金,2,5,2010-02
2010-02-04,2995.308,庚寅,戊寅,乙酉,-0.002838704522718505,乙,酉,木,金,2,5,2010-02
2010-02-05,2939.402,庚寅,戊寅,丙戌,-0.018664524649885772,丙,戌,火,土,2,5,2010-02
2010-02-08,2935.174,庚寅,戊寅,己丑,-0.0014383878081324353,己,丑,土,土,2,6,2010-02
2010-02-09,2948.842,庚寅,戊寅,庚寅,0.0046566234233473836,庚,寅,金,木,2,6,2010-02
2010-02-10,2982.5,庚寅,戊寅,辛卯,0.011413971993073924,辛,卯,金,木,2,6,2010-02
2010-02-11,2985.499,庚寅,戊寅,壬辰,0.0010055322715840642,壬,辰,水,土,2,6,2010-02
2010-02-12,3018.133,庚寅,戊寅,癸巳,0.01093083601769762,癸,巳,水,火,2,6,2010-02
2010-02-22,3003.398,庚寅,戊寅,癸卯,-0.004882157280676425,癸,卯,水,木,2,8,2010-02
2010-02-23,2982.575,庚寅,戊寅,甲辰,-0.006933147055435351,甲,辰,木,土,2,8,2010-02
2010-02-24,3022.177,庚寅,戊寅,乙巳,0.013277788488135434,乙,巳,木,火,2,8,2010-02
2010-02-25,3060.618,庚寅,戊寅,丙午,0.012719638856360849,丙,午,火,火,2,8,2010-02
2010-02-26,3051.943,庚寅,戊寅,丁未,-0.002834394883647562,丁,未,火,土,2,8,2010-02
2010-03-01,3087.842,庚寅,戊寅,庚戌,0.01176267053480351,庚,戌,金,土,3,9,2010-03
2010-03-02,3073.108,庚寅,戊寅,辛亥,-0.004771617200621026,辛,亥,金,水,3,9,2010-03
2010-03-03,3097.005,庚寅,戊寅,壬子,0.0077761666690530085,壬,子,水,水,3,9,2010-03
2010-03-04,3023.373,庚寅,戊寅,癸丑,-0.02377522800253795,癸,丑,水,土,3,9,2010-03
2010-03-05,3031.065,庚寅,戊寅,甲寅,0.0025441783068116397,甲,寅,木,木,3,9,2010-03
2010-03-08,3053.232,庚寅,己卯,丁巳,0.007313271077987515,丁,巳,火,火,3,10,2010-03
2010-03-09,3069.141,庚寅,己卯,戊午,0.0052105441053940105,戊,午,土,火,3,10,2010-03
2010-03-10,3048.927,庚寅,己卯,己未,-0.006586207671788302,己,未,土,土,3,10,2010-03
2010-03-11,3051.282,庚寅,己卯,庚申,0.0007724028814071193,庚,申,金,金,3,10,2010-03
2010-03-12,3013.412,庚寅,己卯,辛酉,-0.01241117667917957,辛,酉,金,金,3,10,2010-03
2010-03-15,2976.939,庚寅,己卯,甲子,-0.012103555703634306,甲,子,木,水,3,11,2010-03
2010-03-16,2992.841,庚寅,己卯,乙丑,0.005341728533906798,乙,丑,木,土,3,11,2010-03
2010-03-17,3050.479,庚寅,己卯,丙寅,0.019258624163462024,丙,寅,火,木,3,11,2010-03
2010-03-18,3046.089,庚寅,己卯,丁卯,-0.0014391182499534638,丁,卯,火,木,3,11,2010-03
2010-03-19,3067.75,庚寅,己卯,戊辰,0.007111085723365385,戊,辰,土,土,3,11,2010-03
2010-03-22,3074.576,庚寅,己卯,辛未,0.0022250835302746186,辛,未,金,土,3,12,2010-03
2010-03-23,3053.125,庚寅,己卯,壬申,-0.006976896977014091,壬,申,水,金,3,12,2010-03
2010-03-24,3056.808,庚寅,己卯,癸酉,0.0012063050153530153,癸,酉,水,金,3,12,2010-03
2010-03-25,3019.176,庚寅,己卯,甲戌,-0.012310881154459219,甲,戌,木,土,3,12,2010-03
2010-03-26,3059.715,庚寅,己卯,乙亥,0.01342717350694378,乙,亥,木,水,3,12,2010-03
2010-03-29,3123.798,庚寅,己卯,戊寅,0.02094410753942766,戊,寅,土,木,3,13,2010-03
2010-03-30,3128.468,庚寅,己卯,己卯,0.0014949750271944229,己,卯,土,木,3,13,2010-03
2010-03-31,3109.105,庚寅,己卯,庚辰,-0.0061892913720069664,庚,辰,金,土,3,13,2010-03
2010-04-01,3147.416,庚寅,己卯,辛巳,0.012322195615780185,辛,巳,金,火,4,13,2010-04
2010-04-02,3157.957,庚寅,己卯,壬午,0.003349096528707962,壬,午,水,火,4,13,2010-04
2010-04-06,3158.681,庚寅,庚辰,丙戌,0.00022926214638130382,丙,戌,火,土,4,14,2010-04
2010-04-07,3148.222,庚寅,庚辰,丁亥,-0.0033111922349866596,丁,亥,火,水,4,14,2010-04
2010-04-08,3118.709,庚寅,庚辰,戊子,-0.009374497732370979,戊,子,土,水,4,14,2010-04
2010-04-09,3145.347,庚寅,庚辰,己丑,0.008541354772118925,己,丑,土,土,4,14,2010-04
2010-04-12,3129.263,庚寅,庚辰,壬辰,-0.005113585241946383,壬,辰,水,土,4,15,2010-04
2010-04-13,3161.251,庚寅,庚辰,癸巳,0.010222215262827072,癸,巳,水,火,4,15,2010-04
2010-04-14,3166.183,庚寅,庚辰,甲午,0.0015601418552337876,甲,午,木,火,4,15,2010-04
2010-04-15,3164.966,庚寅,庚辰,乙未,-0.00038437449762063203,乙,未,木,土,4,15,2010-04
2010-04-16,3130.302,庚寅,庚辰,丙申,-0.010952408335508146,丙,申,火,金,4,15,2010-04
2010-04-19,2980.297,庚寅,庚辰,己亥,-0.047920296508132454,己,亥,土,水,4,16,2010-04
2010-04-20,2979.533,庚寅,庚辰,庚子,-0.00025635028992077036,庚,子,金,水,4,16,2010-04
2010-04-21,3033.278,庚寅,庚辰,辛丑,0.01803806166939581,辛,丑,金,土,4,16,2010-04
2010-04-22,2999.484,庚寅,庚辰,壬寅,-0.01114108235380995,壬,寅,水,木,4,16,2010-04
2010-04-23,2983.537,庚寅,庚辰,癸卯,-0.005316581118619101,癸,卯,水,木,4,16,2010-04
2010-04-26,2969.503,庚寅,庚辰,丙午,-0.004703812957573383,丙,午,火,火,4,17,2010-04
2010-04-27,2907.928,庚寅,庚辰,丁未,-0.020735793161347327,丁,未,火,土,4,17,2010-04
2010-04-28,2900.331,庚寅,庚辰,戊申,-0.0026125131021125236,戊,申,土,金,4,17,2010-04
2010-04-29,2868.432,庚寅,庚辰,己酉,-0.010998399837811701,己,酉,土,金,4,17,2010-04
2010-04-30,2870.611,庚寅,庚辰,庚戌,0.0007596484769378797,庚,戌,金,土,4,17,2010-04
2010-05-04,2835.277,庚寅,庚辰,甲寅,-0.012308877796399331,甲,寅,木,木,5,18,2010-05
2010-05-05,2857.151,庚寅,辛巳,乙卯,0.007714942843326966,乙,卯,木,木,5,18,2010-05
2010-05-06,2739.702,庚寅,辛巳,丙辰,-0.041107032844956204,丙,辰,火,土,5,18,2010-05
2010-05-07,2688.383,庚寅,辛巳,丁巳,-0.018731599276125777,丁,巳,火,火,5,18,2010-05
2010-05-10,2698.757,庚寅,辛巳,庚申,0.0038588251748357116,庚,申,金,金,5,19,2010-05
2010-05-11,2647.574,庚寅,辛巳,辛酉,-0.01896539777386408,辛,酉,金,金,5,19,2010-05
2010-05-12,2655.714,庚寅,辛巳,壬戌,0.003074512742608837,壬,戌,水,土,5,19,2010-05
2010-05-13,2710.507,庚寅,辛巳,癸亥,0.020632116259506894,癸,亥,水,水,5,19,2010-05
2010-05-14,2696.629,庚寅,辛巳,甲子,-0.005120075321701889,甲,子,木,水,5,19,2010-05
2010-05-17,2559.931,庚寅,辛巳,丁卯,-0.050692179013130834,丁,卯,火,木,5,20,2010-05
2010-05-18,2594.783,庚寅,辛巳,戊辰,0.013614429451418664,戊,辰,土,土,5,20,2010-05
2010-05-19,2587.807,庚寅,辛巳,己巳,-0.0026884714444329605,己,巳,土,火,5,20,2010-05
2010-05-20,2555.94,庚寅,辛巳,庚午,-0.012314287734749851,庚,午,金,火,5,20,2010-05
2010-05-21,2583.522,庚寅,辛巳,辛未,0.010791333129885672,辛,未,金,土,5,20,2010-05
2010-05-24,2673.423,庚寅,辛巳,甲戌,0.03479784573152456,甲,戌,木,土,5,21,2010-05
2010-05-25,2622.63,庚寅,辛巳,乙亥,-0.018999238055481538,乙,亥,木,水,5,21,2010-05
2010-05-26,2625.793,庚寅,辛巳,丙子,0.0012060412639220974,丙,子,火,水,5,21,2010-05
2010-05-27,2655.918,庚寅,辛巳,丁丑,0.01147272462071447,丁,丑,火,土,5,21,2010-05
2010-05-28,2655.767,庚寅,辛巳,戊寅,-5.685416492540174e-05,戊,寅,土,木,5,21,2010-05
2010-05-31,2592.147,庚寅,辛巳,辛巳,-0.02395541476341856,辛,巳,金,火,5,22,2010-05
2010-06-01,2568.283,庚寅,辛巳,壬午,-0.009206268008720153,壬,午,水,火,6,22,2010-06
2010-06-02,2571.423,庚寅,辛巳,癸未,0.001222606698716655,癸,未,水,土,6,22,2010-06
2010-06-03,2552.656,庚寅,辛巳,甲申,-0.007298293590747185,甲,申,木,金,6,22,2010-06
2010-06-04,2553.593,庚寅,辛巳,乙酉,0.0003670686531989098,乙,酉,木,金,6,22,2010-06
2010-06-07,2511.729,庚寅,壬午,戊子,-0.01639415521580767,戊,子,土,水,6,23,2010-06
2010-06-08,2513.947,庚寅,壬午,己丑,0.0008830570495463874,己,丑,土,土,6,23,2010-06
2010-06-09,2583.87,庚寅,壬午,庚寅,0.027814031083391866,庚,寅,金,木,6,23,2010-06
2010-06-10,2562.58,庚寅,壬午,辛卯,-0.008239578616571208,辛,卯,金,木,6,23,2010-06
2010-06-11,2569.942,庚寅,壬午,壬辰,0.002872885919659174,壬,辰,水,土,6,23,2010-06
2010-06-17,2560.245,庚寅,壬午,戊戌,-0.0037732369057356108,戊,戌,土,土,6,24,2010-06
2010-06-18,2513.222,庚寅,壬午,己亥,-0.01836660163382786,己,亥,土,水,6,24,2010-06
2010-06-21,2586.21,庚寅,壬午,壬寅,0.029041604760741357,壬,寅,水,木,6,25,2010-06
2010-06-22,2588.698,庚寅,壬午,癸卯,0.0009620255122360089,癸,卯,水,木,6,25,2010-06
2010-06-23,2569.872,庚寅,壬午,甲辰,-0.00727238171466893,甲,辰,木,土,6,25,2010-06
2010-06-24,2566.745,庚寅,壬午,乙巳,-0.0012167921203857235,乙,巳,木,火,6,25,2010-06
2010-06-25,2552.817,庚寅,壬午,丙午,-0.005426327897784855,丙,午,火,火,6,25,2010-06
2010-06-28,2535.278,庚寅,壬午,己酉,-0.006870449389831057,己,酉,土,金,6,26,2010-06
2010-06-29,2427.053,庚寅,壬午,庚戌,-0.04268762636681256,庚,戌,金,土,6,26,2010-06
2010-06-30,2398.37,庚寅,壬午,辛亥,-0.011818036112107966,辛,亥,金,水,6,26,2010-06
2010-07-01,2373.792,庚寅,壬午,壬子,-0.010247793292944785,壬,子,水,水,7,26,2010-07
2010-07-02,2382.901,庚寅,壬午,癸丑,0.0038373202032864207,癸,丑,水,土,7,26,2010-07
2010-07-05,2363.947,庚寅,壬午,丙辰,-0.007954170148067319,丙,辰,火,土,7,27,2010-07
2010-07-06,2409.424,庚寅,壬午,丁巳,0.01923774094766073,丁,巳,火,火,7,27,2010-07
2010-07-07,2421.117,庚寅,癸未,戊午,0.004853027113534303,戊,午,土,火,7,27,2010-07
2010-07-08,2415.15,庚寅,癸未,己未,-0.0024645649095025313,己,未,土,土,7,27,2010-07
2010-07-09,2470.923,庚寅,癸未,庚申,0.02309297559157808,庚,申,金,金,7,27,2010-07
2010-07-12,2490.718,庚寅,癸未,癸亥,0.008011176390360975,癸,亥,水,水,7,28,2010-07
2010-07-13,2450.286,庚寅,癸未,甲子,-0.016233070142826156,甲,子,木,水,7,28,2010-07
2010-07-14,2470.44,庚寅,癸未,乙丑,0.008225162287177845,乙,丑,木,土,7,28,2010-07
2010-07-15,2424.304,庚寅,癸未,丙寅,-0.018675215751040253,丙,寅,火,木,7,28,2010-07
2010-07-16,2424.271,庚寅,癸未,丁卯,-1.3612154251219089e-05,丁,卯,火,木,7,28,2010-07
2010-07-19,2475.421,庚寅,癸未,庚午,0.021099126294048753,庚,午,金,火,7,29,2010-07
2010-07-20,2528.73,庚寅,癸未,辛未,0.021535326718162384,辛,未,金,土,7,29,2010-07
2010-07-21,2535.394,庚寅,癸未,壬申,0.002635314960474089,壬,申,水,金,7,29,2010-07
2010-07-22,2562.406,庚寅,癸未,癸酉,0.01065396541918151,癸,酉,水,金,7,29,2010-07
2010-07-23,2572.028,庚寅,癸未,甲戌,0.003755064576027367,甲,戌,木,土,7,29,2010-07
2010-07-26,2588.683,庚寅,癸未,丁丑,0.006475434948608694,丁,丑,火,土,7,30,2010-07
2010-07-27,2575.368,庚寅,癸未,戊寅,-0.005143542102296839,戊,寅,土,木,7,30,2010-07
2010-07-28,2633.663,庚寅,癸未,己卯,0.022635600038518833,己,卯,土,木,7,30,2010-07
2010-07-29,2648.116,庚寅,癸未,庚辰,0.005487793996422408,庚,辰,金,土,7,30,2010-07
2010-07-30,2637.503,庚寅,癸未,辛巳,-0.004007754947290776,辛,巳,金,火,7,30,2010-07
2010-08-02,2672.516,庚寅,癸未,甲申,0.01327505599045753,甲,申,木,金,8,31,2010-08
2010-08-03,2627.002,庚寅,癸未,乙酉,-0.017030393831131474,乙,酉,木,金,8,31,2010-08
2010-08-04,2638.522,庚寅,癸未,丙戌,0.0043852269621416085,丙,戌,火,土,8,31,2010-08
2010-08-05,2620.757,庚寅,癸未,丁亥,-0.006732936090735553,丁,亥,火,水,8,31,2010-08
2010-08-06,2658.392,庚寅,癸未,戊子,0.014360354660886143,戊,子,土,水,8,31,2010-08
2010-08-09,2672.533,庚寅,甲申,辛卯,0.005319381039365245,辛,卯,金,木,8,32,2010-08
2010-08-10,2595.274,庚寅,甲申,壬辰,-0.02890852984790082,壬,辰,水,土,8,32,2010-08
2010-08-11,2607.497,庚寅,甲申,癸巳,0.004709714658259534,癸,巳,水,火,8,32,2010-08
2010-08-12,2575.475,庚寅,甲申,甲午,-0.012280742796635935,甲,午,木,火,8,32,2010-08
2010-08-13,2606.7,庚寅,甲申,乙未,0.012123977130432229,乙,未,木,土,8,32,2010-08
2010-08-16,2661.708,庚寅,甲申,戊戌,0.021102543445736144,戊,戌,土,土,8,33,2010-08
2010-08-17,2671.893,庚寅,甲申,己亥,0.003826490358822099,己,亥,土,水,8,33,2010-08
2010-08-18,2666.301,庚寅,甲申,庚子,-0.002092898181177194,庚,子,金,水,8,33,2010-08
2010-08-19,2687.979,庚寅,甲申,辛丑,0.008130364876283602,辛,丑,金,土,8,33,2010-08
2010-08-20,2642.307,庚寅,甲申,壬寅,-0.016991204172354002,壬,寅,水,木,8,33,2010-08
2010-08-23,2639.366,庚寅,甲申,乙巳,-0.001113042504145012,乙,巳,木,火,8,34,2010-08
2010-08-24,2650.307,庚寅,甲申,丙午,0.004145313685180341,丙,午,火,火,8,34,2010-08
2010-08-25,2596.58,庚寅,甲申,丁未,-0.020271991131593392,丁,未,火,土,8,34,2010-08
2010-08-26,2603.481,庚寅,甲申,戊申,0.00265772670204667,戊,申,土,金,8,34,2010-08
2010-08-27,2610.742,庚寅,甲申,己酉,0.002788958321570334,己,酉,土,金,8,34,2010-08
2010-08-30,2652.664,庚寅,甲申,壬子,0.016057503958644803,壬,子,水,水,8,35,2010-08
2010-08-31,2638.798,庚寅,甲申,癸丑,-0.005227198016786283,癸,丑,水,土,8,35,2010-08
2010-09-01,2622.882,庚寅,甲申,甲寅,-0.006031534054520171,甲,寅,木,木,9,35,2010-09
2010-09-02,2655.776,庚寅,甲申,乙卯,0.012541166548857285,乙,卯,木,木,9,35,2010-09
2010-09-03,2655.394,庚寅,甲申,丙辰,-0.00014383743207257993,丙,辰,火,土,9,35,2010-09
2010-09-06,2696.25,庚寅,甲申,己未,0.015386040640296805,己,未,土,土,9,36,2010-09
2010-09-07,2698.363,庚寅,甲申,庚申,0.0007836810384793669,庚,申,金,金,9,36,2010-09
2010-09-08,2695.291,庚寅,乙酉,辛酉,-0.0011384680267256808,辛,酉,金,金,9,36,2010-09
2010-09-09,2656.352,庚寅,乙酉,壬戌,-0.014447048574718013,壬,戌,水,土,9,36,2010-09
2010-09-10,2663.209,庚寅,乙酉,癸亥,0.002581359699316943,癸,亥,水,水,9,36,2010-09
2010-09-13,2688.32,庚寅,乙酉,丙寅,0.00942885068351762,丙,寅,火,木,9,37,2010-09
2010-09-14,2688.522,庚寅,乙酉,丁卯,7.513986430174313e-05,丁,卯,火,木,9,37,2010-09
2010-09-15,2652.503,庚寅,乙酉,戊辰,-0.013397323882787582,戊,辰,土,土,9,37,2010-09
2010-09-16,2602.465,庚寅,乙酉,己巳,-0.018864446147657477,己,巳,土,火,9,37,2010-09
2010-09-17,2598.689,庚寅,乙酉,庚午,-0.0014509320970695905,庚,午,金,火,9,37,2010-09
2010-09-20,2588.713,庚寅,乙酉,癸酉,-0.0038388587476222424,癸,酉,水,金,9,38,2010-09
2010-09-21,2591.55,庚寅,乙酉,甲戌,0.0010959113659954056,甲,戌,木,土,9,38,2010-09
2010-09-27,2627.967,庚寅,乙酉,庚辰,0.014052208137986799,庚,辰,金,土,9,39,2010-09
2010-09-28,2611.354,庚寅,乙酉,辛巳,-0.006321616671746799,辛,巳,金,火,9,39,2010-09
2010-09-29,2610.678,庚寅,乙酉,壬午,-0.0002588695366464444,壬,午,水,火,9,39,2010-09
2010-09-30,2655.658,庚寅,乙酉,癸未,0.01722924083322419,癸,未,水,土,9,39,2010-09
2010-10-08,2738.744,庚寅,丙戌,辛卯,0.03128640811429784,辛,卯,金,木,10,40,2010-10
2010-10-11,2806.942,庚寅,丙戌,甲午,0.024901195584545288,甲,午,木,火,10,41,2010-10
2010-10-12,2841.407,庚寅,丙戌,乙未,0.01227848669477316,乙,未,木,土,10,41,2010-10
2010-10-13,2861.361,庚寅,丙戌,丙申,0.0070225771950302995,丙,申,火,金,10,41,2010-10
2010-10-14,2879.636,庚寅,丙戌,丁酉,0.006386820817086747,丁,酉,火,金,10,41,2010-10
2010-10-15,2971.16,庚寅,丙戌,戊戌,0.031783183707940754,戊,戌,土,土,10,41,2010-10
2010-10-18,2955.227,庚寅,丙戌,辛丑,-0.005362551999892329,辛,丑,金,土,10,42,2010-10
2010-10-19,3001.853,庚寅,丙戌,壬寅,0.015777468194490663,壬,寅,水,木,10,42,2010-10
2010-10-20,3003.951,庚寅,丙戌,癸卯,0.0006989016450837937,癸,卯,水,木,10,42,2010-10
2010-10-21,2983.533,庚寅,丙戌,甲辰,-0.0067970482874055715,甲,辰,木,土,10,42,2010-10
2010-10-22,2975.043,庚寅,丙戌,乙巳,-0.002845619606017369,乙,巳,木,火,10,42,2010-10
2010-10-25,3051.419,庚寅,丙戌,戊申,0.025672233981155923,戊,申,土,金,10,43,2010-10
2010-10-26,3041.543,庚寅,丙戌,己酉,-0.0032365270059601103,己,酉,土,金,10,43,2010-10
2010-10-27,2997.048,庚寅,丙戌,庚戌,-0.014629087933328733,庚,戌,金,土,10,43,2010-10
2010-10-28,2992.579,庚寅,丙戌,辛亥,-0.0014911339424659165,辛,亥,金,水,10,43,2010-10
2010-10-29,2978.835,庚寅,丙戌,壬子,-0.004592694127707242,壬,子,水,水,10,43,2010-10
2010-11-01,3054.021,庚寅,丙戌,乙卯,0.02524006868456974,乙,卯,木,木,11,44,2010-11
2010-11-02,3045.434,庚寅,丙戌,丙辰,-0.002811702997458143,丙,辰,火,土,11,44,2010-11
2010-11-03,3030.988,庚寅,丙戌,丁巳,-0.0047434946874568285,丁,巳,火,火,11,44,2010-11
2010-11-04,3086.939,庚寅,丙戌,戊午,0.01845965737904609,戊,午,土,火,11,44,2010-11
2010-11-05,3129.497,庚寅,丙戌,己未,0.013786472618992462,己,未,土,土,11,44,2010-11
2010-11-08,3159.512,庚寅,丁亥,壬戌,0.009590998169993536,壬,戌,水,土,11,45,2010-11
2010-11-09,3135.0,庚寅,丁亥,癸亥,-0.007758160120930113,癸,亥,水,水,11,45,2010-11
2010-11-10,3115.356,庚寅,丁亥,甲子,-0.006266028708133864,甲,子,木,水,11,45,2010-11
2010-11-11,3147.744,庚寅,丁亥,乙丑,0.010396243639571257,乙,丑,木,土,11,45,2010-11
2010-11-12,2985.435,庚寅,丁亥,丙寅,-0.0515635960230566,丙,寅,火,木,11,45,2010-11
2010-11-15,3014.413,庚寅,丁亥,己巳,0.00970645818783522,己,巳,土,火,11,46,2010-11
2010-11-16,2894.538,庚寅,丁亥,庚午,-0.039767278073707835,庚,午,金,火,11,46,2010-11
2010-11-17,2838.857,庚寅,丁亥,辛未,-0.01923657592334249,辛,未,金,土,11,46,2010-11
2010-11-18,2865.452,庚寅,丁亥,壬申,0.00936820699316665,壬,申,水,金,11,46,2010-11
2010-11-19,2888.566,庚寅,丁亥,癸酉,0.008066441175772487,癸,酉,水,金,11,46,2010-11
2010-11-22,2884.371,庚寅,丁亥,丙子,-0.0014522777045772317,丙,子,火,水,11,47,2010-11
2010-11-23,2828.282,庚寅,丁亥,丁丑,-0.019445834117733152,丁,丑,火,土,11,47,2010-11
2010-11-24,2859.936,庚寅,丁亥,戊寅,0.01119195327764344,戊,寅,土,木,11,47,2010-11
2010-11-25,2898.261,庚寅,丁亥,己卯,0.013400649525024289,己,卯,土,木,11,47,2010-11
2010-11-26,2871.698,庚寅,丁亥,庚辰,-0.00916515110267846,庚,辰,金,土,11,47,2010-11
2010-11-29,2866.356,庚寅,丁亥,癸未,-0.0018602234636092563,癸,未,水,土,11,48,2010-11
2010-11-30,2820.181,庚寅,丁亥,甲申,-0.016109303938519948,甲,申,木,金,11,48,2010-11
2010-12-01,2823.449,庚寅,丁亥,乙酉,0.0011587908719334905,乙,酉,木,金,12,48,2010-12
2010-12-02,2843.607,庚寅,丁亥,丙戌,0.00713949499353439,丙,戌,火,土,12,48,2010-12
2010-12-03,2842.431,庚寅,丁亥,丁亥,-0.00041355925766106694,丁,亥,火,水,12,48,2010-12
2010-12-06,2857.178,庚寅,丁亥,庚寅,0.005188164637945469,庚,寅,金,木,12,49,2010-12
2010-12-07,2875.861,庚寅,戊子,辛卯,0.006538969570674347,辛,卯,金,木,12,49,2010-12
2010-12-08,2848.546,庚寅,戊子,壬辰,-0.009498025113174768,壬,辰,水,土,12,49,2010-12
2010-12-09,2810.949,庚寅,戊子,癸巳,-0.013198663458480087,癸,巳,水,火,12,49,2010-12
2010-12-10,2841.04,庚寅,戊子,甲午,0.010704925631877416,甲,午,木,火,12,49,2010-12
2010-12-13,2922.954,庚寅,戊子,丁酉,0.028832399403035502,丁,酉,火,金,12,50,2010-12
2010-12-14,2927.077,庚寅,戊子,戊戌,0.0014105593177313747,戊,戌,土,土,12,50,2010-12
2010-12-15,2911.414,庚寅,戊子,己亥,-0.005351072076341001,己,亥,土,水,12,50,2010-12
2010-12-16,2898.138,庚寅,戊子,庚子,-0.004559983568121928,庚,子,金,水,12,50,2010-12
2010-12-17,2893.74,庚寅,戊子,辛丑,-0.001517526080538678,辛,丑,金,土,12,50,2010-12
2010-12-20,2852.916,庚寅,戊子,甲辰,-0.01410769454062899,甲,辰,木,土,12,51,2010-12
2010-12-21,2904.115,庚寅,戊子,乙巳,0.017946199607699498,乙,巳,木,火,12,51,2010-12
2010-12-22,2877.9,庚寅,戊子,丙午,-0.009026846388658694,丙,午,火,火,12,51,2010-12
2010-12-23,2855.22,庚寅,戊子,丁未,-0.007880746377567083,丁,未,火,土,12,51,2010-12
2010-12-24,2835.157,庚寅,戊子,戊申,-0.0070267790222818816,戊,申,土,金,12,51,2010-12
2010-12-27,2781.402,庚寅,戊子,辛亥,-0.01896014929684675,辛,亥,金,水,12,52,2010-12
2010-12-28,2732.99,庚寅,戊子,壬子,-0.0174056105518009,壬,子,水,水,12,52,2010-12
2010-12-29,2751.527,庚寅,戊子,癸丑,0.0067826812392288716,癸,丑,水,土,12,52,2010-12
2010-12-30,2759.575,庚寅,戊子,甲寅,0.0029249213255038153,甲,寅,木,木,12,52,2010-12
2010-12-31,2808.077,庚寅,戊子,乙卯,0.017575894838879336,乙,卯,木,木,12,52,2010-12
2011-01-04,2852.648,庚寅,戊子,己未,0.0158724279996596,己,未,土,土,1,1,2011-01
2011-01-05,2838.593,庚寅,戊子,庚申,-0.0049270011582221995,庚,申,金,金,1,1,2011-01
2011-01-06,2824.197,庚寅,己丑,辛酉,-0.005071526633088852,辛,酉,金,金,1,1,2011-01
2011-01-07,2838.801,庚寅,己丑,壬戌,0.005171027375214798,壬,戌,水,土,1,1,2011-01
2011-01-10,2791.809,庚寅,己丑,乙丑,-0.01655346746742714,乙,丑,木,土,1,2,2011-01
2011-01-11,2804.047,庚寅,己丑,丙寅,0.004383537699033102,丙,寅,火,木,1,2,2011-01
2011-01-12,2821.305,庚寅,己丑,丁卯,0.006154675724051595,丁,卯,火,木,1,2,2011-01
2011-01-13,2827.713,庚寅,己丑,戊辰,0.0022712893501413145,戊,辰,土,土,1,2,2011-01
2011-01-14,2791.344,庚寅,己丑,己巳,-0.012861630582736039,己,巳,土,火,1,2,2011-01
2011-01-17,2706.66,庚寅,己丑,壬申,-0.030338073702130708,壬,申,水,金,1,3,2011-01
2011-01-18,2708.979,庚寅,己丑,癸酉,0.0008567755092991902,癸,酉,水,金,1,3,2011-01
2011-01-19,2758.097,庚寅,己丑,甲戌,0.01813155436051761,甲,戌,木,土,1,3,2011-01
2011-01-20,2677.652,庚寅,己丑,乙亥,-0.029166849461784716,乙,亥,木,水,1,3,2011-01
2011-01-21,2715.294,庚寅,己丑,丙子,0.01405783873333788,丙,子,火,水,1,3,2011-01
2011-01-24,2695.72,庚寅,己丑,己卯,-0.007208795806273649,己,卯,土,木,1,4,2011-01
2011-01-25,2677.432,庚寅,己丑,庚辰,-0.006784087368124303,庚,辰,金,土,1,4,2011-01
2011-01-26,2708.814,庚寅,己丑,辛巳,0.011720932595113531,辛,巳,金,火,1,4,2011-01
2011-01-27,2749.15,庚寅,己丑,壬午,0.014890649561025704,壬,午,水,火,1,4,2011-01
2011-01-28,2752.75,庚寅,己丑,癸未,0.0013094956622956566,癸,未,水,土,1,4,2011-01
2011-01-31,2790.694,庚寅,己丑,丙戌,0.013784034147670488,丙,戌,火,土,1,5,2011-01
2011-02-01,2798.96,庚寅,己丑,丁亥,0.0029619872332831143,丁,亥,火,水,2,5,2011-02
2011-02-09,2774.065,辛卯,庚寅,乙未,-0.008894375053591363,乙,未,木,土,2,6,2011-02
2011-02-10,2818.163,辛卯,庚寅,丙申,0.015896527298387086,丙,申,火,金,2,6,2011-02
2011-02-11,2827.328,辛卯,庚寅,丁酉,0.003252118489952549,丁,酉,火,金,2,6,2011-02
2011-02-14,2899.134,辛卯,庚寅,庚子,0.025397124069085786,庚,子,金,水,2,7,2011-02
2011-02-15,2899.237,辛卯,庚寅,辛丑,3.552785073068776e-05,辛,丑,金,土,2,7,2011-02
2011-02-16,2923.896,辛卯,庚寅,壬寅,0.008505341232883046,壬,寅,水,木,2,7,2011-02
2011-02-17,2926.964,辛卯,庚寅,癸卯,0.0010492849266867665,癸,卯,水,木,2,7,2011-02
2011-02-18,2899.792,辛卯,庚寅,甲辰,-0.009283339323613138,甲,辰,木,土,2,7,2011-02
2011-02-21,2932.246,辛卯,庚寅,丁未,0.011191837207634281,丁,未,火,土,2,8,2011-02
2011-02-22,2855.516,辛卯,庚寅,戊申,-0.026167654419172237,戊,申,土,金,2,8,2011-02
2011-02-23,2862.634,辛卯,庚寅,己酉,0.00249271935440043,己,酉,土,金,2,8,2011-02
2011-02-24,2878.603,辛卯,庚寅,庚戌,0.0055784288176554675,庚,戌,金,土,2,8,2011-02
2011-02-25,2878.565,辛卯,庚寅,辛亥,-1.3200847772343316e-05,辛,亥,金,水,2,8,2011-02
2011-02-28,2905.053,辛卯,庚寅,甲寅,0.009201807150437835,甲,寅,木,木,2,9,2011-02
2011-03-01,2918.92,辛卯,庚寅,乙卯,0.004773406887929488,乙,卯,木,木,3,9,2011-03
2011-03-02,2913.808,辛卯,庚寅,丙辰,-0.001751332684691631,丙,辰,火,土,3,9,2011-03
2011-03-03,2902.978,辛卯,庚寅,丁巳,-0.003716785731935679,丁,巳,火,火,3,9,2011-03
2011-03-04,2942.306,辛卯,庚寅,戊午,0.013547467462722729,戊,午,土,火,3,9,2011-03
2011-03-07,2996.211,辛卯,辛卯,辛酉,0.018320664132146502,辛,酉,金,金,3,10,2011-03
2011-03-08,2999.942,辛卯,辛卯,壬戌,0.001245239404034093,壬,戌,水,土,3,10,2011-03
2011-03-09,3002.154,辛卯,辛卯,癸亥,0.0007373475887200165,癸,亥,水,水,3,10,2011-03
2011-03-10,2957.143,辛卯,辛卯,甲子,-0.014992901763200672,甲,子,木,水,3,10,2011-03
2011-03-11,2933.796,辛卯,辛卯,乙丑,-0.007895120391540167,乙,丑,木,土,3,10,2011-03
2011-03-14,2937.627,辛卯,辛卯,戊辰,0.001305816764355816,戊,辰,土,土,3,11,2011-03
2011-03-15,2896.256,辛卯,辛卯,己巳,-0.014083135809958236,己,巳,土,火,3,11,2011-03
2011-03-16,2930.804,辛卯,辛卯,庚午,0.01192850355769659,庚,午,金,火,3,11,2011-03
2011-03-17,2897.298,辛卯,辛卯,辛未,-0.011432357810348348,辛,未,金,土,3,11,2011-03
2011-03-18,2906.886,辛卯,辛卯,壬申,0.003309290242149876,壬,申,水,金,3,11,2011-03
2011-03-21,2909.137,辛卯,辛卯,乙亥,0.0007743681726768425,乙,亥,木,水,3,12,2011-03
2011-03-22,2919.142,辛卯,辛卯,丙子,0.003439164260741201,丙,子,火,水,3,12,2011-03
2011-03-23,2948.477,辛卯,辛卯,丁丑,0.010049185685382822,丁,丑,火,土,3,12,2011-03
2011-03-24,2946.706,辛卯,辛卯,戊寅,-0.0006006490808643239,戊,寅,土,木,3,12,2011-03
2011-03-25,2977.814,辛卯,辛卯,己卯,0.010556872657129679,己,卯,土,木,3,12,2011-03
2011-03-28,2984.005,辛卯,辛卯,壬午,0.002079041874341492,壬,午,水,火,3,13,2011-03
2011-03-29,2958.077,辛卯,辛卯,癸未,-0.00868899348358998,癸,未,水,土,3,13,2011-03
2011-03-30,2955.771,辛卯,辛卯,甲申,-0.0007795605050172627,甲,申,木,金,3,13,2011-03
2011-03-31,2928.111,辛卯,辛卯,乙酉,-0.009357964470184,乙,酉,木,金,3,13,2011-03
2011-04-01,2967.41,辛卯,辛卯,丙戌,0.013421280818930681,丙,戌,火,土,4,13,2011-04
2011-04-06,3001.36,辛卯,壬辰,辛卯,0.011440953558827571,辛,卯,金,木,4,14,2011-04
2011-04-07,3007.909,辛卯,壬辰,壬辰,0.002182010821760727,壬,辰,水,土,4,14,2011-04
2011-04-08,3030.021,辛卯,壬辰,癸巳,0.007351286225746989,癸,巳,水,火,4,14,2011-04
2011-04-11,3022.746,辛卯,壬辰,丙申,-0.0024009734585997977,丙,申,火,金,4,15,2011-04
2011-04-12,3021.369,辛卯,壬辰,丁酉,-0.00045554604984998637,丁,酉,火,金,4,15,2011-04
2011-04-13,3050.398,辛卯,壬辰,戊戌,0.009607896288073459,戊,戌,土,土,4,15,2011-04
2011-04-14,3042.635,辛卯,壬辰,己亥,-0.002544913811246885,己,亥,土,水,4,15,2011-04
2011-04-15,3050.526,辛卯,壬辰,庚子,0.0025934757208798676,庚,子,金,水,4,15,2011-04
2011-04-18,3057.329,辛卯,壬辰,癸卯,0.002230107201184328,癸,卯,水,木,4,16,2011-04
2011-04-19,2999.041,辛卯,壬辰,甲辰,-0.019065007396979472,甲,辰,木,土,4,16,2011-04
2011-04-20,3007.037,辛卯,壬辰,乙巳,0.002666185624004447,乙,巳,木,火,4,16,2011-04
2011-04-21,3026.668,辛卯,壬辰,丙午,0.006528353325881975,丙,午,火,火,4,16,2011-04
2011-04-22,3010.517,辛卯,壬辰,丁未,-0.005336231129413727,丁,未,火,土,4,16,2011-04
2011-04-25,2964.951,辛卯,壬辰,庚戌,-0.01513560627626409,庚,戌,金,土,4,17,2011-04
2011-04-26,2938.981,辛卯,壬辰,辛亥,-0.008758998040776955,辛,亥,金,水,4,17,2011-04
2011-04-27,2925.408,辛卯,壬辰,壬子,-0.00461826735184756,壬,子,水,水,4,17,2011-04
2011-04-28,2887.044,辛卯,壬辰,癸丑,-0.013114068191513839,癸,丑,水,土,4,17,2011-04
2011-04-29,2911.511,辛卯,壬辰,甲寅,0.008474758264854998,甲,寅,木,木,4,17,2011-04
2011-05-03,2932.188,辛卯,壬辰,戊午,0.007101810709284617,戊,午,土,火,5,18,2011-05
2011-05-04,2866.017,辛卯,壬辰,己未,-0.022567106884006205,己,未,土,土,5,18,2011-05
2011-05-05,2872.404,辛卯,壬辰,庚申,0.0022285283025189617,庚,申,金,金,5,18,2011-05
2011-05-06,2863.886,辛卯,癸巳,辛酉,-0.0029654602904047866,辛,酉,金,金,5,18,2011-05
2011-05-09,2872.46,辛卯,癸巳,甲子,0.0029938342517823457,甲,子,木,水,5,19,2011-05
2011-05-10,2890.634,辛卯,癸巳,乙丑,0.006326981054566527,乙,丑,木,土,5,19,2011-05
2011-05-11,2883.42,辛卯,癸巳,丙寅,-0.002495646283825592,丙,寅,火,木,5,19,2011-05
2011-05-12,2844.083,辛卯,癸巳,丁卯,-0.01364248011042446,丁,卯,火,木,5,19,2011-05
2011-05-13,2871.031,辛卯,癸巳,戊辰,0.009475110255221075,戊,辰,土,土,5,19,2011-05
2011-05-16,2849.067,辛卯,癸巳,辛未,-0.0076502134599033544,辛,未,金,土,5,20,2011-05
2011-05-17,2852.773,辛卯,癸巳,壬申,0.0013007767104109558,壬,申,水,金,5,20,2011-05
2011-05-18,2872.771,辛卯,癸巳,癸酉,0.007010021477348527,癸,酉,水,金,5,20,2011-05
2011-05-19,2859.574,辛卯,癸巳,甲戌,-0.004593822480107201,甲,戌,木,土,5,20,2011-05
2011-05-20,2858.459,辛卯,癸巳,乙亥,-0.00038991821858791464,乙,亥,木,水,5,20,2011-05
2011-05-23,2774.569,辛卯,癸巳,戊寅,-0.029347980852620248,戊,寅,土,木,5,21,2011-05
2011-05-24,2767.056,辛卯,癸巳,己卯,-0.0027078079514331055,己,卯,土,木,5,21,2011-05
2011-05-25,2741.741,辛卯,癸巳,庚辰,-0.009148712566713568,庚,辰,金,土,5,21,2011-05
2011-05-26,2736.527,辛卯,癸巳,辛巳,-0.0019017113578562173,辛,巳,金,火,5,21,2011-05
2011-05-27,2709.947,辛卯,癸巳,壬午,-0.009713041384207033,壬,午,水,火,5,21,2011-05
2011-05-30,2706.361,辛卯,癸巳,乙酉,-0.0013232731119834362,乙,酉,木,金,5,22,2011-05
2011-05-31,2743.472,辛卯,癸巳,丙戌,0.013712509158977815,丙,戌,火,土,5,22,2011-05
2011-06-01,2743.572,辛卯,癸巳,丁亥,3.645016242193044e-05,丁,亥,火,水,6,22,2011-06
2011-06-02,2705.181,辛卯,癸巳,戊子,-0.013993071805660673,戊,子,土,水,6,22,2011-06
2011-06-03,2728.02,辛卯,癸巳,己丑,0.008442688308102131,己,丑,土,土,6,22,2011-06
2011-06-07,2744.3,辛卯,甲午,癸巳,0.005967698184031089,癸,巳,水,火,6,23,2011-06
2011-06-08,2750.288,辛卯,甲午,甲午,0.002181977189082751,甲,午,木,火,6,23,2011-06
2011-06-09,2703.345,辛卯,甲午,乙未,-0.01706839429179785,乙,未,木,土,6,23,2011-06
2011-06-10,2705.143,辛卯,甲午,丙申,0.0006651019385244261,丙,申,火,金,6,23,2011-06
2011-06-13,2700.379,辛卯,甲午,己亥,-0.0017610898943235531,己,亥,土,水,6,24,2011-06
2011-06-14,2730.04,辛卯,甲午,庚子,0.010984013725480857,庚,子,金,水,6,24,2011-06
2011-06-15,2705.431,辛卯,甲午,辛丑,-0.009014153638774447,辛,丑,金,土,6,24,2011-06
2011-06-16,2664.283,辛卯,甲午,壬寅,-0.015209406560359517,壬,寅,水,木,6,24,2011-06
2011-06-17,2642.818,辛卯,甲午,癸卯,-0.008056576572383567,癸,卯,水,木,6,24,2011-06
2011-06-20,2621.253,辛卯,甲午,丙午,-0.00815985058373303,丙,午,火,火,6,25,2011-06
2011-06-21,2646.483,辛卯,甲午,丁未,0.009625167810966673,丁,未,火,土,6,25,2011-06
2011-06-22,2649.321,辛卯,甲午,戊申,0.0010723666088161554,戊,申,土,金,6,25,2011-06
2011-06-23,2688.249,辛卯,甲午,己酉,0.014693576203110181,己,酉,土,金,6,25,2011-06
2011-06-24,2746.211,辛卯,甲午,庚戌,0.021561246744628226,庚,戌,金,土,6,25,2011-06
2011-06-27,2758.23,辛卯,甲午,癸丑,0.004376575579953634,癸,丑,水,土,6,26,2011-06
2011-06-28,2759.202,辛卯,甲午,甲寅,0.00035239990863722426,甲,寅,木,木,6,26,2011-06
2011-06-29,2728.483,辛卯,甲午,乙卯,-0.011133291437161907,乙,卯,木,木,6,26,2011-06
2011-06-30,2762.076,辛卯,甲午,丙辰,0.012311969691583213,丙,辰,火,土,6,26,2011-06
2011-07-01,2759.362,辛卯,甲午,丁巳,-0.0009825942515702124,丁,巳,火,火,7,26,2011-07
2011-07-04,2812.818,辛卯,甲午,庚申,0.01937259409965053,庚,申,金,金,7,27,2011-07
2011-07-05,2816.355,辛卯,甲午,辛酉,0.0012574578234354483,辛,酉,金,金,7,27,2011-07
2011-07-06,2810.479,辛卯,甲午,壬戌,-0.0020863847064734875,壬,戌,水,土,7,27,2011-07
2011-07-07,2794.267,辛卯,乙未,癸亥,-0.005768411719141109,癸,亥,水,水,7,27,2011-07
2011-07-08,2797.774,辛卯,乙未,甲子,0.0012550697553239676,甲,子,木,水,7,27,2011-07
2011-07-11,2802.692,辛卯,乙未,丁卯,0.001757826043133015,丁,卯,火,木,7,28,2011-07
2011-07-12,2754.582,辛卯,乙未,戊辰,-0.01716563932105275,戊,辰,土,土,7,28,2011-07
2011-07-13,2795.476,辛卯,乙未,己巳,0.014845809636452989,己,巳,土,火,7,28,2011-07
2011-07-14,2810.444,辛卯,乙未,庚午,0.005354365410398687,庚,午,金,火,7,28,2011-07
2011-07-15,2820.169,辛卯,乙未,辛未,0.003460307339338442,辛,未,金,土,7,28,2011-07
2011-07-18,2816.688,辛卯,乙未,甲戌,-0.001234323191269704,甲,戌,木,土,7,29,2011-07
2011-07-19,2796.983,辛卯,乙未,乙亥,-0.006995805002186994,乙,亥,木,水,7,29,2011-07
2011-07-20,2794.205,辛卯,乙未,丙子,-0.0009932130441980824,丙,子,火,水,7,29,2011-07
2011-07-21,2765.894,辛卯,乙未,丁丑,-0.010132041135135106,丁,丑,火,土,7,29,2011-07
2011-07-22,2770.79,辛卯,乙未,戊寅,0.0017701329118180453,戊,寅,土,木,7,29,2011-07
2011-07-25,2688.746,辛卯,乙未,辛巳,-0.029610327740463904,辛,巳,金,火,7,30,2011-07
2011-07-26,2703.026,辛卯,乙未,壬午,0.005311026032209787,壬,午,水,火,7,30,2011-07
2011-07-27,2723.492,辛卯,乙未,癸未,0.007571514295460213,癸,未,水,土,7,30,2011-07
2011-07-28,2708.777,辛卯,乙未,甲申,-0.005402989984916506,甲,申,木,金,7,30,2011-07
2011-07-29,2701.729,辛卯,乙未,乙酉,-0.0026019122282860963,乙,酉,木,金,7,30,2011-07
2011-08-01,2703.783,辛卯,乙未,戊子,0.0007602538966713368,戊,子,土,水,8,31,2011-08
2011-08-02,2679.259,辛卯,乙未,己丑,-0.00907025452856236,己,丑,土,土,8,31,2011-08
2011-08-03,2678.485,辛卯,乙未,庚寅,-0.0002888858449294762,庚,寅,金,木,8,31,2011-08
2011-08-04,2684.039,辛卯,乙未,辛卯,0.002073560240210437,辛,卯,金,木,8,31,2011-08
2011-08-05,2626.423,辛卯,乙未,壬辰,-0.021466156043187357,壬,辰,水,土,8,31,2011-08
2011-08-08,2526.816,辛卯,丙申,乙未,-0.037924964866664634,乙,未,木,土,8,32,2011-08
2011-08-09,2526.07,辛卯,丙申,丙申,-0.0002952332104908528,丙,申,火,金,8,32,2011-08
2011-08-10,2549.176,辛卯,丙申,丁酉,0.009147014928327257,丁,酉,火,金,8,32,2011-08
2011-08-11,2581.508,辛卯,丙申,戊戌,0.012683314137587942,戊,戌,土,土,8,32,2011-08
2011-08-12,2593.173,辛卯,丙申,己亥,0.004518676680451916,己,亥,土,水,8,32,2011-08
2011-08-15,2626.77,辛卯,丙申,壬寅,0.012955942391811304,壬,寅,水,木,8,33,2011-08
2011-08-16,2608.166,辛卯,丙申,癸卯,-0.007082462491957764,癸,卯,水,木,8,33,2011-08
2011-08-17,2601.261,辛卯,丙申,甲辰,-0.0026474541881154057,甲,辰,木,土,8,33,2011-08
2011-08-18,2559.472,辛卯,丙申,乙巳,-0.016064900830789264,乙,巳,木,火,8,33,2011-08
2011-08-19,2534.358,辛卯,丙申,丙午,-0.00981218001212747,丙,午,火,火,8,33,2011-08
2011-08-22,2515.863,辛卯,丙申,己酉,-0.007297706164638318,己,酉,土,金,8,34,2011-08
2011-08-23,2554.019,辛卯,丙申,庚戌,0.015166167633134275,庚,戌,金,土,8,34,2011-08
2011-08-24,2541.091,辛卯,丙申,辛亥,-0.0050618260866500675,辛,亥,金,水,8,34,2011-08
2011-08-25,2615.261,辛卯,丙申,壬子,0.029188250243694647,壬,子,水,水,8,34,2011-08
2011-08-26,2612.188,辛卯,丙申,癸丑,-0.0011750261254994676,癸,丑,水,土,8,34,2011-08
2011-08-29,2576.413,辛卯,丙申,丙辰,-0.013695415490768692,丙,辰,火,土,8,35,2011-08
2011-08-30,2566.595,辛卯,丙申,丁巳,-0.0038107244451880407,丁,巳,火,火,8,35,2011-08
2011-08-31,2567.34,辛卯,丙申,戊午,0.000290267845141301,戊,午,土,火,8,35,2011-08
2011-09-01,2556.042,辛卯,丙申,己未,-0.004400663721984666,己,未,土,土,9,35,2011-09
2011-09-02,2528.28,辛卯,丙申,庚申,-0.010861323874959639,庚,申,金,金,9,35,2011-09
2011-09-05,2478.739,辛卯,丙申,癸亥,-0.01959474425301,癸,亥,水,水,9,36,2011-09
2011-09-06,2470.524,辛卯,丙申,甲子,-0.0033141851562428215,甲,子,木,水,9,36,2011-09
2011-09-07,2516.09,辛卯,丙申,乙丑,0.018443860492753927,乙,丑,木,土,9,36,2011-09
2011-09-08,2498.943,辛卯,丁酉,丙寅,-0.006814939052259605,丙,寅,火,木,9,36,2011-09
2011-09-09,2497.753,辛卯,丁酉,丁卯,-0.00047620133792569685,丁,卯,火,木,9,36,2011-09
2011-09-13,2471.305,辛卯,丁酉,辛未,-0.010588717138964587,辛,未,金,土,9,37,2011-09
2011-09-14,2484.827,辛卯,丁酉,壬申,0.005471603059922003,壬,申,水,金,9,37,2011-09
2011-09-15,2479.055,辛卯,丁酉,癸酉,-0.00232289813335107,癸,酉,水,金,9,37,2011-09
2011-09-16,2482.343,辛卯,丁酉,甲戌,0.0013263118406006136,甲,戌,木,土,9,37,2011-09
2011-09-19,2437.795,辛卯,丁酉,丁丑,-0.017945948646097554,丁,丑,火,土,9,38,2011-09
2011-09-20,2447.755,辛卯,丁酉,戊寅,0.0040856593766087634,戊,寅,土,木,9,38,2011-09
2011-09-21,2512.963,辛卯,丁酉,己卯,0.026639921070531924,己,卯,土,木,9,38,2011-09
2011-09-22,2443.057,辛卯,丁酉,庚辰,-0.027818157290815826,庚,辰,金,土,9,38,2011-09
2011-09-23,2433.159,辛卯,丁酉,辛巳,-0.004051481402193913,辛,巳,金,火,9,38,2011-09
2011-09-26,2393.183,辛卯,丁酉,甲申,-0.016429670235278526,甲,申,木,金,9,39,2011-09
2011-09-27,2415.054,辛卯,丁酉,乙酉,0.009138874879188075,乙,酉,木,金,9,39,2011-09
2011-09-28,2392.062,辛卯,丁酉,丙戌,-0.00952028401849403,丙,戌,火,土,9,39,2011-09
2011-09-29,2365.343,辛卯,丁酉,丁亥,-0.011169860981864232,丁,亥,火,水,9,39,2011-09
2011-09-30,2359.22,辛卯,丁酉,戊子,-0.00258863090892103,戊,子,土,水,9,39,2011-09
2011-10-10,2344.787,辛卯,戊戌,戊戌,-0.006117699917769448,戊,戌,土,土,10,41,2011-10
2011-10-11,2348.516,辛卯,戊戌,己亥,0.001590336350380861,己,亥,土,水,10,41,2011-10
2011-10-12,2420.0,辛卯,戊戌,庚子,0.030437944642489168,庚,子,金,水,10,41,2011-10
2011-10-13,2438.79,辛卯,戊戌,辛丑,0.007764462809917383,辛,丑,金,土,10,41,2011-10
2011-10-14,2431.375,辛卯,戊戌,壬寅,-0.00304044218649413,壬,寅,水,木,10,41,2011-10
2011-10-17,2440.402,辛卯,戊戌,乙巳,0.0037127139992803038,乙,巳,木,火,10,42,2011-10
2011-10-18,2383.485,辛卯,戊戌,丙午,-0.02332279681790128,丙,午,火,火,10,42,2011-10
2011-10-19,2377.512,辛卯,戊戌,丁未,-0.0025059943737846258,丁,未,火,土,10,42,2011-10
2011-10-20,2331.366,辛卯,戊戌,戊申,-0.01940936575714447,戊,申,土,金,10,42,2011-10
2011-10-21,2317.275,辛卯,戊戌,己酉,-0.006044096036400881,己,酉,土,金,10,42,2011-10
2011-10-24,2370.333,辛卯,戊戌,壬子,0.02289672136453369,壬,子,水,水,10,43,2011-10
2011-10-25,2409.672,辛卯,戊戌,癸丑,0.016596402277654576,癸,丑,水,土,10,43,2011-10
2011-10-26,2427.48,辛卯,戊戌,甲寅,0.007390217423782097,甲,寅,木,木,10,43,2011-10
2011-10-27,2435.614,辛卯,戊戌,乙卯,0.003350800006591159,乙,卯,木,木,10,43,2011-10
2011-10-28,2473.41,辛卯,戊戌,丙辰,0.015518058280170832,丙,辰,火,土,10,43,2011-10
2011-10-31,2468.25,辛卯,戊戌,己未,-0.002086188703045555,己,未,土,土,10,44,2011-10
2011-11-01,2470.019,辛卯,戊戌,庚申,0.000716702116884349,庚,申,金,金,11,44,2011-11
2011-11-02,2504.108,辛卯,戊戌,辛酉,0.013801108412526464,辛,酉,金,金,11,44,2011-11
2011-11-03,2508.09,辛卯,戊戌,壬戌,0.0015901870047139166,壬,戌,水,土,11,44,2011-11
2011-11-04,2528.294,辛卯,戊戌,癸亥,0.008055532297485124,癸,亥,水,水,11,44,2011-11
2011-11-07,2509.799,辛卯,戊戌,丙寅,-0.007315209386250188,丙,寅,火,木,11,45,2011-11
2011-11-08,2503.836,辛卯,己亥,丁卯,-0.0023758874714668865,丁,卯,火,木,11,45,2011-11
2011-11-09,2524.919,辛卯,己亥,戊辰,0.008420279922487062,戊,辰,土,土,11,45,2011-11
2011-11-10,2479.536,辛卯,己亥,己巳,-0.01797404193956309,己,巳,土,火,11,45,2011-11
2011-11-11,2481.084,辛卯,己亥,庚午,0.0006243103548404516,庚,午,金,火,11,45,2011-11
2011-11-14,2528.714,辛卯,己亥,癸酉,0.019197254103448413,癸,酉,水,金,11,46,2011-11
2011-11-15,2529.761,辛卯,己亥,甲戌,0.00041404445105297505,甲,戌,木,土,11,46,2011-11
2011-11-16,2466.959,辛卯,己亥,乙亥,-0.024825270055155446,乙,亥,木,水,11,46,2011-11
2011-11-17,2463.046,辛卯,己亥,丙子,-0.001586163369557414,丙,子,火,水,11,46,2011-11
2011-11-18,2416.562,辛卯,己亥,丁丑,-0.018872566732411777,丁,丑,火,土,11,46,2011-11
2011-11-21,2415.13,辛卯,己亥,庚辰,-0.0005925773888688646,庚,辰,金,土,11,47,2011-11
2011-11-22,2412.625,辛卯,己亥,辛巳,-0.0010372112474277273,辛,巳,金,火,11,47,2011-11
2011-11-23,2395.065,辛卯,己亥,壬午,-0.007278379358582443,壬,午,水,火,11,47,2011-11
2011-11-24,2397.554,辛卯,己亥,癸未,0.0010392202299311926,癸,未,水,土,11,47,2011-11
2011-11-25,2380.224,辛卯,己亥,甲申,-0.007228200073908675,甲,申,木,金,11,47,2011-11
2011-11-28,2383.034,辛卯,己亥,丁亥,0.0011805611572692776,丁,亥,火,水,11,48,2011-11
2011-11-29,2412.393,辛卯,己亥,戊子,0.01232000886265161,戊,子,土,水,11,48,2011-11
2011-11-30,2333.414,辛卯,己亥,己丑,-0.0327388613712607,己,丑,土,土,11,48,2011-11
2011-12-01,2386.86,辛卯,己亥,庚寅,0.022904636725415983,庚,寅,金,木,12,48,2011-12
2011-12-02,2360.664,辛卯,己亥,辛卯,-0.010975088610140515,辛,卯,金,木,12,48,2011-12
2011-12-05,2333.229,辛卯,己亥,甲午,-0.011621730157277965,甲,午,木,火,12,49,2011-12
2011-12-06,2325.905,辛卯,己亥,乙未,-0.0031389975008880855,乙,未,木,土,12,49,2011-12
2011-12-07,2332.73,辛卯,庚子,丙申,0.0029343416863543137,丙,申,火,金,12,49,2011-12
2011-12-08,2329.82,辛卯,庚子,丁酉,-0.0012474654160574694,丁,酉,火,金,12,49,2011-12
2011-12-09,2315.27,辛卯,庚子,戊戌,-0.006245117648573828,戊,戌,土,土,12,49,2011-12
2011-12-12,2291.545,辛卯,庚子,辛丑,-0.010247184993542824,辛,丑,金,土,12,50,2011-12
2011-12-13,2248.59,辛卯,庚子,壬寅,-0.018744995188835434,壬,寅,水,木,12,50,2011-12
2011-12-14,2228.525,辛卯,庚子,癸卯,-0.008923369756158372,癸,卯,水,木,12,50,2011-12
2011-12-15,2180.895,辛卯,庚子,甲辰,-0.02137288116579361,甲,辰,木,土,12,50,2011-12
2011-12-16,2224.84,辛卯,庚子,乙巳,0.02014998429543846,乙,巳,木,火,12,50,2011-12
2011-12-19,2218.235,辛卯,庚子,戊申,-0.0029687528091907334,戊,申,土,金,12,51,2011-12
2011-12-20,2215.93,辛卯,庚子,己酉,-0.0010391144310680778,己,酉,土,金,12,51,2011-12
2011-12-21,2191.148,辛卯,庚子,庚戌,-0.011183566267887413,庚,戌,金,土,12,51,2011-12
2011-12-22,2186.297,辛卯,庚子,辛亥,-0.002213907960575967,辛,亥,金,水,12,51,2011-12
2011-12-23,2204.784,辛卯,庚子,壬子,0.008455850234437623,壬,子,水,水,12,51,2011-12
2011-12-26,2190.11,辛卯,庚子,乙卯,-0.006655527253463411,乙,卯,木,木,12,52,2011-12
2011-12-27,2166.205,辛卯,庚子,丙辰,-0.01091497687330778,丙,辰,火,土,12,52,2011-12
2011-12-28,2170.013,辛卯,庚子,丁巳,0.0017579130322384895,丁,巳,火,火,12,52,2011-12
2011-12-29,2173.561,辛卯,庚子,戊午,0.001635013246464423,戊,午,土,火,12,52,2011-12
2011-12-30,2199.417,辛卯,庚子,己未,0.01189568638745353,己,未,土,土,12,52,2011-12
2012-01-04,2169.39,辛卯,庚子,甲子,-0.013652254211002246,甲,子,木,水,1,1,2012-01
2012-01-05,2148.452,辛卯,庚子,乙丑,-0.009651561037895329,乙,丑,木,土,1,1,2012-01
2012-01-06,2163.395,辛卯,辛丑,丙寅,0.006955240331177892,丙,寅,火,木,1,1,2012-01
2012-01-09,2225.89,辛卯,辛丑,己巳,0.02888746622785021,己,巳,土,火,1,2,2012-01
2012-01-10,2285.744,辛卯,辛丑,庚午,0.026889918190027506,庚,午,金,火,1,2,2012-01
2012-01-11,2276.046,辛卯,辛丑,辛未,-0.004242819843342183,辛,未,金,土,1,2,2012-01
2012-01-12,2275.01,辛卯,辛丑,壬申,-0.00045517533476902017,壬,申,水,金,1,2,2012-01
2012-01-13,2244.58,辛卯,辛丑,癸酉,-0.013375765381251181,癸,酉,水,金,1,2,2012-01
2012-01-16,2206.193,辛卯,辛丑,丙子,-0.017102085913622944,丙,子,火,水,1,3,2012-01
2012-01-17,2298.376,辛卯,辛丑,丁丑,0.04178374240150329,丁,丑,火,土,1,3,2012-01
2012-01-18,2266.384,辛卯,辛丑,戊寅,-0.013919393519598255,戊,寅,土,木,1,3,2012-01
2012-01-19,2296.075,辛卯,辛丑,己卯,0.013100604310655184,己,卯,土,木,1,3,2012-01
2012-01-20,2319.118,辛卯,辛丑,庚辰,0.010035822000588057,庚,辰,金,土,1,3,2012-01
2012-01-30,2285.038,辛卯,辛丑,庚寅,-0.014695241897997424,庚,寅,金,木,1,5,2012-01
2012-01-31,2292.61,辛卯,辛丑,辛卯,0.0033137304499970544,辛,卯,金,木,1,5,2012-01
2012-02-01,2268.08,辛卯,辛丑,壬辰,-0.010699595657351346,壬,辰,水,土,2,5,2012-02
2012-02-02,2312.556,辛卯,辛丑,癸巳,0.019609537582448544,癸,巳,水,火,2,5,2012-02
2012-02-03,2330.405,辛卯,辛丑,甲午,0.007718299578475252,甲,午,木,火,2,5,2012-02
2012-02-06,2331.136,壬辰,壬寅,丁酉,0.00031367938190984823,丁,酉,火,金,2,6,2012-02
2012-02-07,2291.902,壬辰,壬寅,戊戌,-0.01683042087634523,戊,戌,土,土,2,6,2012-02
2012-02-08,2347.53,壬辰,壬寅,己亥,0.024271543896728698,己,亥,土,水,2,6,2012-02
2012-02-09,2349.589,壬辰,壬寅,庚子,0.0008770920925396108,庚,子,金,水,2,6,2012-02
2012-02-10,2351.981,壬辰,壬寅,辛丑,0.0010180503909409389,辛,丑,金,土,2,6,2012-02
2012-02-13,2351.855,壬辰,壬寅,甲辰,-5.35718613373648e-05,甲,辰,木,土,2,7,2012-02
2012-02-14,2344.771,壬辰,壬寅,乙巳,-0.003012090456256833,乙,巳,木,火,2,7,2012-02
2012-02-15,2366.702,壬辰,壬寅,丙午,0.009353152184157887,丙,午,火,火,2,7,2012-02
2012-02-16,2356.86,壬辰,壬寅,丁未,-0.004158529464208027,丁,未,火,土,2,7,2012-02
2012-02-17,2357.181,壬辰,壬寅,戊申,0.0001361981619611985,戊,申,土,金,2,7,2012-02
2012-02-20,2363.597,壬辰,壬寅,辛亥,0.002721895348723802,辛,亥,金,水,2,8,2012-02
2012-02-21,2381.43,壬辰,壬寅,壬子,0.007544856420108603,壬,子,水,水,2,8,2012-02
2012-02-22,2403.587,壬辰,壬寅,癸丑,0.009304073602835361,癸,丑,水,土,2,8,2012-02
2012-02-23,2409.554,壬辰,壬寅,甲寅,0.002482539637633341,甲,寅,木,木,2,8,2012-02
2012-02-24,2439.628,壬辰,壬寅,乙卯,0.012481147963482098,乙,卯,木,木,2,8,2012-02
2012-02-27,2447.057,壬辰,壬寅,戊午,0.003045136389646208,戊,午,土,火,2,9,2012-02
2012-02-28,2451.857,壬辰,壬寅,己未,0.0019615399232630892,己,未,土,土,2,9,2012-02
2012-02-29,2428.487,壬辰,壬寅,庚申,-0.009531550983601367,庚,申,金,金,2,9,2012-02
2012-03-01,2426.115,壬辰,壬寅,辛酉,-0.000976739838426277,辛,酉,金,金,3,9,2012-03
2012-03-02,2460.693,壬辰,壬寅,壬戌,0.014252415899493887,壬,戌,水,土,3,9,2012-03
2012-03-05,2445.002,壬辰,癸卯,乙丑,-0.006376658933073043,乙,丑,木,土,3,10,2012-03
2012-03-06,2410.445,壬辰,癸卯,丙寅,-0.014133730769954278,丙,寅,火,木,3,10,2012-03
2012-03-07,2394.794,壬辰,癸卯,丁卯,-0.006492991957916638,丁,卯,火,木,3,10,2012-03
2012-03-08,2420.276,壬辰,癸卯,戊辰,0.010640581194039989,戊,辰,土,土,3,10,2012-03
2012-03-09,2439.462,壬辰,癸卯,己巳,0.007927195080230653,己,巳,土,火,3,10,2012-03
2012-03-12,2434.859,壬辰,癸卯,壬申,-0.001886891453935391,壬,申,水,金,3,11,2012-03
2012-03-13,2455.795,壬辰,癸卯,癸酉,0.008598444509517966,癸,酉,水,金,3,11,2012-03
2012-03-14,2391.23,壬辰,癸卯,甲戌,-0.0262908752562816,甲,戌,木,土,3,11,2012-03
2012-03-15,2373.774,壬辰,癸卯,乙亥,-0.00730000878209125,乙,亥,木,水,3,11,2012-03
2012-03-16,2404.736,壬辰,癸卯,丙子,0.013043364701104565,丙,子,火,水,3,11,2012-03
2012-03-19,2410.184,壬辰,癸卯,己卯,0.002265529355405471,己,卯,土,木,3,12,2012-03
2012-03-20,2376.839,壬辰,癸卯,庚辰,-0.013835043299598837,庚,辰,金,土,3,12,2012-03
2012-03-21,2378.195,壬辰,癸卯,辛巳,0.0005705056169140743,辛,巳,金,火,3,12,2012-03
2012-03-22,2375.772,壬辰,癸卯,壬午,-0.0010188399185097063,壬,午,水,火,3,12,2012-03
2012-03-23,2349.539,壬辰,癸卯,癸未,-0.011041884490599174,癸,未,水,土,3,12,2012-03
2012-03-26,2350.599,壬辰,癸卯,丙戌,0.0004511523324361999,丙,戌,火,土,3,13,2012-03
2012-03-27,2347.179,壬辰,癸卯,丁亥,-0.0014549482919035128,丁,亥,火,水,3,13,2012-03
2012-03-28,2284.881,壬辰,癸卯,戊子,-0.026541648506569038,戊,子,土,水,3,13,2012-03
2012-03-29,2252.16,壬辰,癸卯,己丑,-0.014320658274982412,己,丑,土,土,3,13,2012-03
2012-03-30,2262.788,壬辰,癸卯,庚寅,0.004719025291276102,庚,寅,金,木,3,13,2012-03
2012-04-05,2302.241,壬辰,甲辰,丙申,0.01743557063233503,丙,申,火,金,4,14,2012-04
2012-04-06,2306.553,壬辰,甲辰,丁酉,0.0018729576964358063,丁,酉,火,金,4,14,2012-04
2012-04-09,2285.777,壬辰,甲辰,庚子,-0.009007380276976007,庚,子,金,水,4,15,2012-04
2012-04-10,2305.863,壬辰,甲辰,辛丑,0.0087873838961543,辛,丑,金,土,4,15,2012-04
2012-04-11,2308.925,壬辰,甲辰,壬寅,0.0013279193083024499,壬,寅,水,木,4,15,2012-04
2012-04-12,2350.864,壬辰,甲辰,癸卯,0.018163864135907426,癸,卯,水,木,4,15,2012-04
2012-04-13,2359.161,壬辰,甲辰,甲辰,0.0035293407019716394,甲,辰,木,土,4,15,2012-04
2012-04-16,2357.026,壬辰,甲辰,丁未,-0.0009049827459848281,丁,未,火,土,4,16,2012-04
2012-04-17,2334.985,壬辰,甲辰,戊申,-0.009351190865098502,戊,申,土,金,4,16,2012-04
2012-04-18,2380.848,壬辰,甲辰,己酉,0.019641667933626872,己,酉,土,金,4,16,2012-04
2012-04-19,2378.634,壬辰,甲辰,庚戌,-0.0009299207677264665,庚,戌,金,土,4,16,2012-04
2012-04-20,2406.863,壬辰,甲辰,辛亥,0.01186773585175338,辛,亥,金,水,4,16,2012-04
2012-04-23,2388.588,壬辰,甲辰,甲寅,-0.007592870886294567,甲,寅,木,木,4,17,2012-04
2012-04-24,2388.834,壬辰,甲辰,乙卯,0.0001029897161000104,乙,卯,木,木,4,17,2012-04
2012-04-25,2406.813,壬辰,甲辰,丙辰,0.007526265952343403,丙,辰,火,土,4,17,2012-04
2012-04-26,2404.697,壬辰,甲辰,丁巳,-0.0008791709202169429,丁,巳,火,火,4,17,2012-04
2012-04-27,2396.316,壬辰,甲辰,戊午,-0.003485262384408605,戊,午,土,火,4,17,2012-04
2012-05-02,2438.436,壬辰,甲辰,癸亥,0.01757698066532143,癸,亥,水,水,5,18,2012-05
2012-05-03,2440.08,壬辰,甲辰,甲子,0.0006742026446457938,甲,子,木,水,5,18,2012-05
2012-05-04,2452.014,壬辰,甲辰,乙丑,0.004890823251696652,乙,丑,木,土,5,18,2012-05
2012-05-07,2451.947,壬辰,乙巳,戊辰,-2.732447694020479e-05,戊,辰,土,土,5,19,2012-05
2012-05-08,2448.884,壬辰,乙巳,己巳,-0.001249211341028178,己,巳,土,火,5,19,2012-05
2012-05-09,2408.587,壬辰,乙巳,庚午,-0.01645525063661657,庚,午,金,火,5,19,2012-05
2012-05-10,2410.23,壬辰,乙巳,辛未,0.000682142683656517,辛,未,金,土,5,19,2012-05
2012-05-11,2394.983,壬辰,乙巳,壬申,-0.006325952295009096,壬,申,水,金,5,19,2012-05
2012-05-14,2380.725,壬辰,乙巳,乙亥,-0.00595327816523139,乙,亥,木,水,5,20,2012-05
2012-05-15,2374.843,壬辰,乙巳,丙子,-0.0024706759495531916,丙,子,火,水,5,20,2012-05
2012-05-16,2346.192,壬辰,乙巳,丁丑,-0.01206437646614944,丁,丑,火,土,5,20,2012-05
2012-05-17,2378.886,壬辰,乙巳,戊寅,0.01393492092718751,戊,寅,土,木,5,20,2012-05
2012-05-18,2344.52,壬辰,乙巳,己卯,-0.014446257618061509,己,卯,土,木,5,20,2012-05
2012-05-21,2348.3,壬辰,乙巳,壬午,0.0016122703154590745,壬,午,水,火,5,21,2012-05
2012-05-22,2373.307,壬辰,乙巳,癸未,0.010648980113273199,癸,未,水,土,5,21,2012-05
2012-05-23,2363.437,壬辰,乙巳,甲申,-0.004158754008646959,甲,申,木,金,5,21,2012-05
2012-05-24,2350.973,壬辰,乙巳,乙酉,-0.005273675583482795,乙,酉,木,金,5,21,2012-05
2012-05-25,2333.553,壬辰,乙巳,丙戌,-0.0074096980271572965,丙,戌,火,土,5,21,2012-05
2012-05-28,2361.367,壬辰,乙巳,己丑,0.01191916361016876,己,丑,土,土,5,22,2012-05
2012-05-29,2389.636,壬辰,乙巳,庚寅,0.011971455517079566,庚,寅,金,木,5,22,2012-05
2012-05-30,2384.668,壬辰,乙巳,辛卯,-0.0020789777187821823,辛,卯,金,木,5,22,2012-05
2012-05-31,2372.234,壬辰,乙巳,壬辰,-0.005214143016973538,壬,辰,水,土,5,22,2012-05
2012-06-01,2373.436,壬辰,乙巳,癸巳,0.0005066953765944238,癸,巳,水,火,6,22,2012-06
2012-06-04,2308.55,壬辰,乙巳,丙申,-0.027338424124349614,丙,申,火,金,6,23,2012-06
2012-06-05,2311.916,壬辰,丙午,丁酉,0.0014580580884104855,丁,酉,火,金,6,23,2012-06
2012-06-06,2309.555,壬辰,丙午,戊戌,-0.0010212308751703647,戊,戌,土,土,6,23,2012-06
2012-06-07,2293.13,壬辰,丙午,己亥,-0.007111759624689462,己,亥,土,水,6,23,2012-06
2012-06-08,2281.447,壬辰,丙午,庚子,-0.005094783113037682,庚,子,金,水,6,23,2012-06
2012-06-11,2305.856,壬辰,丙午,癸卯,0.010698911699460911,癸,卯,水,木,6,24,2012-06
2012-06-12,2289.791,壬辰,丙午,甲辰,-0.006967043909073323,甲,辰,木,土,6,24,2012-06
2012-06-13,2318.924,壬辰,丙午,乙巳,0.012722995242797186,乙,巳,木,火,6,24,2012-06
2012-06-14,2295.946,壬辰,丙午,丙午,-0.009908906027105702,丙,午,火,火,6,24,2012-06
2012-06-15,2306.85,壬辰,丙午,丁未,0.004749240618028505,丁,未,火,土,6,24,2012-06
2012-06-18,2316.052,壬辰,丙午,庚戌,0.0039889893144331445,庚,戌,金,土,6,25,2012-06
2012-06-19,2300.795,壬辰,丙午,辛亥,-0.006587503216680779,辛,亥,金,水,6,25,2012-06
2012-06-20,2292.877,壬辰,丙午,壬子,-0.003441419161637649,壬,子,水,水,6,25,2012-06
2012-06-21,2260.877,壬辰,丙午,癸丑,-0.013956265425489445,癸,丑,水,土,6,25,2012-06
2012-06-25,2224.114,壬辰,丙午,丁巳,-0.016260504220264926,丁,巳,火,火,6,26,2012-06
2012-06-26,2222.067,壬辰,丙午,戊午,-0.0009203664920053312,戊,午,土,火,6,26,2012-06
2012-06-27,2216.934,壬辰,丙午,己未,-0.0023100113542929845,己,未,土,土,6,26,2012-06
2012-06-28,2195.843,壬辰,丙午,庚申,-0.009513589488906904,庚,申,金,金,6,26,2012-06
2012-06-29,2225.431,壬辰,丙午,辛酉,0.013474551686983194,辛,酉,金,金,6,26,2012-06
2012-07-02,2226.11,壬辰,丙午,甲子,0.0003051094372281682,甲,子,木,水,7,27,2012-07
2012-07-03,2229.193,壬辰,丙午,乙丑,0.0013849270700909688,乙,丑,木,土,7,27,2012-07
2012-07-04,2227.315,壬辰,丙午,丙寅,-0.0008424573377002753,丙,寅,火,木,7,27,2012-07
2012-07-05,2201.353,壬辰,丙午,丁卯,-0.011656186933594936,丁,卯,火,木,7,27,2012-07
2012-07-06,2223.579,壬辰,丙午,戊辰,0.010096517914210068,戊,辰,土,土,7,27,2012-07
2012-07-09,2170.814,壬辰,丁未,辛未,-0.02372976179393682,辛,未,金,土,7,28,2012-07
2012-07-10,2164.437,壬辰,丁未,壬申,-0.0029376077360842023,壬,申,水,金,7,28,2012-07
2012-07-11,2175.383,壬辰,丁未,癸酉,0.00505720425219125,癸,酉,水,金,7,28,2012-07
2012-07-12,2185.491,壬辰,丁未,甲戌,0.00464653810386495,甲,戌,木,土,7,28,2012-07
2012-07-13,2185.895,壬辰,丁未,乙亥,0.00018485548556368414,乙,亥,木,水,7,28,2012-07
2012-07-16,2147.955,壬辰,丁未,戊寅,-0.017356734884337977,戊,寅,土,木,7,29,2012-07
2012-07-17,2161.186,壬辰,丁未,己卯,0.006159812472793957,己,卯,土,木,7,29,2012-07
2012-07-18,2169.099,壬辰,丁未,庚辰,0.003661415537579815,庚,辰,金,土,7,29,2012-07
2012-07-19,2184.841,壬辰,丁未,辛巳,0.007257391202522223,辛,巳,金,火,7,29,2012-07
2012-07-20,2168.638,壬辰,丁未,壬午,-0.007416100302035655,壬,午,水,火,7,29,2012-07
2012-07-23,2141.402,壬辰,丁未,乙酉,-0.01255903474899911,乙,酉,木,金,7,30,2012-07
2012-07-24,2146.589,壬辰,丁未,丙戌,0.0024222448657467144,丙,戌,火,土,7,30,2012-07
2012-07-25,2136.151,壬辰,丁未,丁亥,-0.004862598289658626,丁,亥,火,水,7,30,2012-07
2012-07-26,2126.004,壬辰,丁未,戊子,-0.004750132364238269,戊,子,土,水,7,30,2012-07
2012-07-27,2128.765,壬辰,丁未,己丑,0.0012986805292933834,己,丑,土,土,7,30,2012-07
2012-07-30,2109.914,壬辰,丁未,壬辰,-0.008855369192935614,壬,辰,水,土,7,31,2012-07
2012-07-31,2103.634,壬辰,丁未,癸巳,-0.002976424631525365,癸,巳,水,火,7,31,2012-07
2012-08-01,2123.36,壬辰,丁未,甲午,0.00937710647384482,甲,午,木,火,8,31,2012-08
2012-08-02,2111.182,壬辰,丁未,乙未,-0.005735249792781394,乙,未,木,土,8,31,2012-08
2012-08-03,2132.796,壬辰,丁未,丙申,0.010237866749527091,丙,申,火,金,8,31,2012-08
2012-08-06,2154.916,壬辰,丁未,己亥,0.010371362286876185,己,亥,土,水,8,32,2012-08
2012-08-07,2157.62,壬辰,戊申,庚子,0.0012548052917142893,庚,子,金,水,8,32,2012-08
2012-08-08,2160.99,壬辰,戊申,辛丑,0.0015619061743958884,辛,丑,金,土,8,32,2012-08
2012-08-09,2174.102,壬辰,戊申,壬寅,0.006067589391899109,壬,寅,水,木,8,32,2012-08
2012-08-10,2168.814,壬辰,戊申,癸卯,-0.002432268587214459,癸,卯,水,木,8,32,2012-08
2012-08-13,2136.078,壬辰,戊申,丙午,-0.015093963797725318,丙,午,火,火,8,33,2012-08
2012-08-14,2142.525,壬辰,戊申,丁未,0.0030181482136888427,丁,未,火,土,8,33,2012-08
2012-08-15,2118.945,壬辰,戊申,戊申,-0.011005705884412076,戊,申,土,金,8,33,2012-08
2012-08-16,2112.197,壬辰,戊申,己酉,-0.003184603658896279,己,酉,土,金,8,33,2012-08
2012-08-17,2114.891,壬辰,戊申,庚戌,0.0012754492123603356,庚,戌,金,土,8,33,2012-08
2012-08-20,2106.957,壬辰,戊申,癸丑,-0.0037514935757919643,癸,丑,水,土,8,34,2012-08
2012-08-21,2118.268,壬辰,戊申,甲寅,0.00536840571497188,甲,寅,木,木,8,34,2012-08
2012-08-22,2107.711,壬辰,戊申,乙卯,-0.004983788642419329,乙,卯,木,木,8,34,2012-08
2012-08-23,2113.072,壬辰,戊申,丙辰,0.002543517588512012,丙,辰,火,土,8,34,2012-08
2012-08-24,2092.104,壬辰,戊申,丁巳,-0.009922993632020205,丁,巳,火,火,8,34,2012-08
2012-08-27,2055.708,壬辰,戊申,庚申,-0.01739684069243197,庚,申,金,金,8,35,2012-08
2012-08-28,2073.154,壬辰,戊申,辛酉,0.00848661385761007,辛,酉,金,金,8,35,2012-08
2012-08-29,2053.235,壬辰,戊申,壬戌,-0.009608065778036634,壬,戌,水,土,8,35,2012-08
2012-08-30,2052.585,壬辰,戊申,癸亥,-0.0003165736021449872,癸,亥,水,水,8,35,2012-08
2012-08-31,2047.522,壬辰,戊申,甲子,-0.002466645717473348,甲,子,木,水,8,35,2012-08
2012-09-03,2059.147,壬辰,戊申,丁卯,0.005677594672975461,丁,卯,火,木,9,36,2012-09
2012-09-04,2043.649,壬辰,戊申,戊辰,-0.00752641749229177,戊,辰,土,土,9,36,2012-09
2012-09-05,2037.681,壬辰,戊申,己巳,-0.0029202666406999978,己,巳,土,火,9,36,2012-09
2012-09-06,2051.918,壬辰,戊申,庚午,0.006986863989014935,庚,午,金,火,9,36,2012-09
2012-09-07,2127.762,壬辰,己酉,辛未,0.03696249070381952,辛,未,金,土,9,36,2012-09
2012-09-10,2134.893,壬辰,己酉,甲戌,0.00335140866318695,甲,戌,木,土,9,37,2012-09
2012-09-11,2120.554,壬辰,己酉,乙亥,-0.006716495861853522,乙,亥,木,水,9,37,2012-09
2012-09-12,2126.554,壬辰,己酉,丙子,0.002829449285422614,丙,子,火,水,9,37,2012-09
2012-09-13,2110.379,壬辰,己酉,丁丑,-0.007606202334857315,丁,丑,火,土,9,37,2012-09
2012-09-14,2123.847,壬辰,己酉,戊寅,0.006381792085687232,戊,寅,土,木,9,37,2012-09
2012-09-17,2078.5,壬辰,己酉,辛巳,-0.02135134969703567,辛,巳,金,火,9,38,2012-09
2012-09-18,2059.543,壬辰,己酉,壬午,-0.009120519605484656,壬,午,水,火,9,38,2012-09
2012-09-19,2067.831,壬辰,己酉,癸未,0.004024193716761548,癸,未,水,土,9,38,2012-09
2012-09-20,2024.837,壬辰,己酉,甲申,-0.020791834535801135,甲,申,木,金,9,38,2012-09
2012-09-21,2026.69,壬辰,己酉,乙酉,0.0009151353911451832,乙,酉,木,金,9,38,2012-09
2012-09-24,2033.192,壬辰,己酉,戊子,0.0032081867478499504,戊,子,土,水,9,39,2012-09
2012-09-25,2029.293,壬辰,己酉,己丑,-0.00191767427768752,己,丑,土,土,9,39,2012-09
2012-09-26,2004.172,壬辰,己酉,庚寅,-0.01237918821973949,庚,寅,金,木,9,39,2012-09
2012-09-27,2056.323,壬辰,己酉,辛卯,0.026021219735631318,辛,卯,金,木,9,39,2012-09
2012-09-28,2086.169,壬辰,己酉,壬辰,0.014514256758301203,壬,辰,水,土,9,39,2012-09
2012-10-08,2074.419,壬辰,庚戌,壬寅,-0.005632333717929816,壬,寅,水,木,10,41,2012-10
2012-10-09,2115.23,壬辰,庚戌,癸卯,0.019673460376134377,癸,卯,水,木,10,41,2012-10
2012-10-10,2119.942,壬辰,庚戌,甲辰,0.0022276537303271837,甲,辰,木,土,10,41,2012-10
2012-10-11,2102.868,壬辰,庚戌,乙巳,-0.008053993930022596,乙,巳,木,火,10,41,2012-10
2012-10-12,2104.932,壬辰,庚戌,丙午,0.0009815166715170243,丙,午,火,火,10,41,2012-10
2012-10-15,2098.703,壬辰,庚戌,己酉,-0.0029592404885288026,己,酉,土,金,10,42,2012-10
2012-10-16,2098.808,壬辰,庚戌,庚戌,5.003090003685706e-05,庚,戌,金,土,10,42,2012-10
2012-10-17,2105.618,壬辰,庚戌,辛亥,0.0032446988957541834,辛,亥,金,水,10,42,2012-10
2012-10-18,2131.688,壬辰,庚戌,壬子,0.012381163154950414,壬,子,水,水,10,42,2012-10
2012-10-19,2128.302,壬辰,庚戌,癸丑,-0.001588412563189312,癸,丑,水,土,10,42,2012-10
2012-10-22,2132.758,壬辰,庚戌,丙辰,0.0020936878318957852,丙,辰,火,土,10,43,2012-10
2012-10-23,2114.447,壬辰,庚戌,丁巳,-0.00858559667810399,丁,巳,火,火,10,43,2012-10
2012-10-24,2115.99,壬辰,庚戌,戊午,0.0007297416298444048,戊,午,土,火,10,43,2012-10
2012-10-25,2101.58,壬辰,庚戌,己未,-0.006810051087197899,己,未,土,土,10,43,2012-10
2012-10-26,2066.209,壬辰,庚戌,庚申,-0.016830670257615754,庚,申,金,金,10,43,2012-10
2012-10-29,2058.943,壬辰,庚戌,癸亥,-0.0035165852050782487,癸,亥,水,水,10,44,2012-10
2012-10-30,2062.347,壬辰,庚戌,甲子,0.0016532754913565206,甲,子,木,水,10,44,2012-10
2012-10-31,2068.88,壬辰,庚戌,乙丑,0.003167750140980141,乙,丑,木,土,10,44,2012-10
2012-11-01,2104.428,壬辰,庚戌,丙寅,0.017182243532732677,丙,寅,火,木,11,44,2012-11
2012-11-02,2117.046,壬辰,庚戌,丁卯,0.005995928584869636,丁,卯,火,木,11,44,2012-11
2012-11-05,2114.027,壬辰,庚戌,庚午,-0.0014260436476107863,庚,午,金,火,11,45,2012-11
2012-11-06,2105.999,壬辰,庚戌,辛未,-0.0037974917065866087,辛,未,金,土,11,45,2012-11
2012-11-07,2105.73,壬辰,辛亥,壬申,-0.0001277303550475395,壬,申,水,金,11,45,2012-11
2012-11-08,2071.509,壬辰,辛亥,癸酉,-0.016251371258423464,癸,酉,水,金,11,45,2012-11
2012-11-09,2069.067,壬辰,辛亥,甲戌,-0.0011788507797938497,甲,戌,木,土,11,45,2012-11
2012-11-12,2079.274,壬辰,辛亥,丁丑,0.00493314136274936,丁,丑,火,土,11,46,2012-11
2012-11-13,2047.889,壬辰,辛亥,戊寅,-0.015094210767796823,戊,寅,土,木,11,46,2012-11
2012-11-14,2055.419,壬辰,辛亥,己卯,0.0036769571007022606,己,卯,土,木,11,46,2012-11
2012-11-15,2030.29,壬辰,辛亥,庚辰,-0.012225731103974402,庚,辰,金,土,11,46,2012-11
2012-11-16,2014.725,壬辰,辛亥,辛巳,-0.007666392485802587,辛,巳,金,火,11,46,2012-11
2012-11-19,2016.982,壬辰,辛亥,甲申,0.0011202521435929036,甲,申,木,金,11,47,2012-11
2012-11-20,2008.923,壬辰,辛亥,乙酉,-0.00399557358469238,乙,酉,木,金,11,47,2012-11
2012-11-21,2030.319,壬辰,辛亥,丙戌,0.010650482870672384,丙,戌,火,土,11,47,2012-11
2012-11-22,2015.611,壬辰,辛亥,丁亥,-0.007244181825614482,丁,亥,火,水,11,47,2012-11
2012-11-23,2027.384,壬辰,辛亥,戊子,0.005840908786467258,戊,子,土,水,11,47,2012-11
2012-11-26,2017.464,壬辰,辛亥,辛卯,-0.004893004975870419,辛,卯,金,木,11,48,2012-11
2012-11-27,1991.165,壬辰,辛亥,壬辰,-0.013035672507663021,壬,辰,水,土,11,48,2012-11
2012-11-28,1973.523,壬辰,辛亥,癸巳,-0.008860139666978961,癸,巳,水,火,11,48,2012-11
2012-11-29,1963.488,壬辰,辛亥,甲午,-0.005084815327715875,甲,午,木,火,11,48,2012-11
2012-11-30,1980.117,壬辰,辛亥,乙未,0.008469112110692789,乙,未,木,土,11,48,2012-11
2012-12-03,1959.767,壬辰,辛亥,戊戌,-0.010277170490430532,戊,戌,土,土,12,49,2012-12
2012-12-04,1975.143,壬辰,辛亥,己亥,0.007845830652317254,己,亥,土,水,12,49,2012-12
2012-12-05,2031.907,壬辰,辛亥,庚子,0.02873918496027872,庚,子,金,水,12,49,2012-12
2012-12-06,2029.237,壬辰,辛亥,辛丑,-0.0013140365184035607,辛,丑,金,土,12,49,2012-12
2012-12-07,2061.786,壬辰,壬子,壬寅,0.01604001898250429,壬,寅,水,木,12,49,2012-12
2012-12-10,2083.77,壬辰,壬子,乙巳,0.010662600289263802,乙,巳,木,火,12,50,2012-12
2012-12-11,2074.704,壬辰,壬子,丙午,-0.004350768079010581,丙,午,火,火,12,50,2012-12
2012-12-12,2082.726,壬辰,壬子,丁未,0.0038665756657334516,丁,未,火,土,12,50,2012-12
2012-12-13,2061.476,壬辰,壬子,戊申,-0.010202974371088636,戊,申,土,金,12,50,2012-12
2012-12-14,2150.625,壬辰,壬子,己酉,0.043245228176316264,己,酉,土,金,12,50,2012-12
2012-12-17,2160.342,壬辰,壬子,壬子,0.0045182214472536675,壬,子,水,水,12,51,2012-12
2012-12-18,2162.464,壬辰,壬子,癸丑,0.000982251884192431,癸,丑,水,土,12,51,2012-12
2012-12-19,2162.239,壬辰,壬子,甲寅,-0.00010404797490271012,甲,寅,木,木,12,51,2012-12
2012-12-20,2168.353,壬辰,壬子,乙卯,0.0028276245132938804,乙,卯,木,木,12,51,2012-12
2012-12-21,2153.31,壬辰,壬子,丙辰,-0.006937523548979363,丙,辰,火,土,12,51,2012-12
2012-12-24,2159.053,壬辰,壬子,己未,0.0026670567637729903,己,未,土,土,12,52,2012-12
2012-12-25,2213.611,壬辰,壬子,庚申,0.025269412098730237,庚,申,金,金,12,52,2012-12
2012-12-26,2219.132,壬辰,壬子,辛酉,0.0024941148196317986,辛,酉,金,金,12,52,2012-12
2012-12-27,2205.897,壬辰,壬子,壬戌,-0.005964043599028912,壬,戌,水,土,12,52,2012-12
2012-12-28,2233.252,壬辰,壬子,癸亥,0.012400850991682866,癸,亥,水,水,12,52,2012-12
2012-12-31,2269.128,壬辰,壬子,丙寅,0.01606446563128583,丙,寅,火,木,12,1,2012-12
2013-01-04,2276.992,壬辰,壬子,庚午,0.003465648478181871,庚,午,金,火,1,1,2013-01
2013-01-07,2285.364,壬辰,癸丑,癸酉,0.003676780594749518,癸,酉,水,金,1,2,2013-01
2013-01-08,2276.07,壬辰,癸丑,甲戌,-0.004066748229166084,甲,戌,木,土,1,2,2013-01
2013-01-09,2275.34,壬辰,癸丑,乙亥,-0.000320728272856341,乙,亥,木,水,1,2,2013-01
2013-01-10,2283.658,壬辰,癸丑,丙子,0.003655717387291535,丙,子,火,水,1,2,2013-01
2013-01-11,2242.997,壬辰,癸丑,丁丑,-0.01780520550800513,丁,丑,火,土,1,2,2013-01
2013-01-14,2311.74,壬辰,癸丑,庚辰,0.030647834125502538,庚,辰,金,土,1,3,2013-01
2013-01-15,2325.682,壬辰,癸丑,辛巳,0.006030955038196284,辛,巳,金,火,1,3,2013-01
2013-01-16,2309.499,壬辰,癸丑,壬午,-0.006958388980092711,壬,午,水,火,1,3,2013-01
2013-01-17,2284.909,壬辰,癸丑,癸未,-0.01064733087132741,癸,未,水,土,1,3,2013-01
2013-01-18,2317.07,壬辰,癸丑,甲申,0.014075396438107735,甲,申,木,金,1,3,2013-01
2013-01-21,2328.221,壬辰,癸丑,丁亥,0.004812543427690885,丁,亥,火,水,1,4,2013-01
2013-01-22,2315.139,壬辰,癸丑,戊子,-0.005618882399909597,戊,子,土,水,1,4,2013-01
2013-01-23,2320.911,壬辰,癸丑,己丑,0.0024931548386510904,己,丑,土,土,1,4,2013-01
2013-01-24,2302.598,壬辰,癸丑,庚寅,-0.00789043612615914,庚,寅,金,木,1,4,2013-01
2013-01-25,2291.304,壬辰,癸丑,辛卯,-0.004904894384516911,辛,卯,金,木,1,4,2013-01
2013-01-28,2346.505,壬辰,癸丑,甲午,0.024091521683722528,甲,午,木,火,1,5,2013-01
2013-01-29,2358.977,壬辰,癸丑,乙未,0.005315138898063232,乙,未,木,土,1,5,2013-01
2013-01-30,2382.475,壬辰,癸丑,丙申,0.009961097543553787,丙,申,火,金,1,5,2013-01
2013-01-31,2385.422,壬辰,癸丑,丁酉,0.0012369489711330228,丁,酉,火,金,1,5,2013-01
2013-02-01,2419.02,壬辰,癸丑,戊戌,0.014084719600976348,戊,戌,土,土,2,5,2013-02
2013-02-04,2428.154,癸巳,甲寅,辛丑,0.003775909252507148,辛,丑,金,土,2,6,2013-02
2013-02-05,2433.13,癸巳,甲寅,壬寅,0.002049293413844522,壬,寅,水,木,2,6,2013-02
2013-02-06,2434.477,癸巳,甲寅,癸卯,0.0005536079042220976,癸,卯,水,木,2,6,2013-02
2013-02-07,2418.53,癸巳,甲寅,甲辰,-0.006550482916864553,甲,辰,木,土,2,6,2013-02
2013-02-08,2432.402,癸巳,甲寅,乙巳,0.005735715496603344,乙,巳,木,火,2,6,2013-02
2013-02-18,2421.558,癸巳,甲寅,乙卯,-0.0044581446652322,乙,卯,木,木,2,8,2013-02
2013-02-19,2382.914,癸巳,甲寅,丙辰,-0.015958321047854218,丙,辰,火,土,2,8,2013-02
2013-02-20,2397.178,癸巳,甲寅,丁巳,0.005985948296916899,丁,巳,火,火,2,8,2013-02
2013-02-21,2325.951,癸巳,甲寅,戊午,-0.029712854030864544,戊,午,土,火,2,8,2013-02
2013-02-22,2314.164,癸巳,甲寅,己未,-0.005067604605599962,己,未,土,土,2,8,2013-02
2013-02-25,2325.819,癸巳,甲寅,壬戌,0.0050363759871814295,壬,戌,水,土,2,9,2013-02
2013-02-26,2293.341,癸巳,甲寅,癸亥,-0.013964113286545565,癸,亥,水,水,2,9,2013-02
2013-02-27,2313.22,癸巳,甲寅,甲子,0.008668139626858862,甲,子,木,水,2,9,2013-02
2013-02-28,2365.593,癸巳,甲寅,乙丑,0.022640734560482878,乙,丑,木,土,2,9,2013-02
2013-03-01,2359.506,癸巳,甲寅,丙寅,-0.0025731391663739167,丙,寅,火,木,3,9,2013-03
2013-03-04,2273.404,癸巳,甲寅,己巳,-0.03649153678778516,己,巳,土,火,3,10,2013-03
2013-03-05,2326.306,癸巳,乙卯,庚午,0.02326995113934882,庚,午,金,火,3,10,2013-03
2013-03-06,2347.179,癸巳,乙卯,辛未,0.008972594319062166,辛,未,金,土,3,10,2013-03
2013-03-07,2324.293,癸巳,乙卯,壬申,-0.009750428067054062,壬,申,水,金,3,10,2013-03
2013-03-08,2318.611,癸巳,乙卯,癸酉,-0.002444614340791018,癸,酉,水,金,3,10,2013-03
2013-03-11,2310.593,癸巳,乙卯,丙子,-0.003458104873995671,丙,子,火,水,3,11,2013-03
2013-03-12,2286.605,癸巳,乙卯,丁丑,-0.010381750485697783,丁,丑,火,土,3,11,2013-03
2013-03-13,2263.968,癸巳,乙卯,戊寅,-0.009899829660129367,戊,寅,土,木,3,11,2013-03
2013-03-14,2270.277,癸巳,乙卯,己卯,0.0027867001653734125,己,卯,土,木,3,11,2013-03
2013-03-15,2278.401,癸巳,乙卯,庚辰,0.003578417963975289,庚,辰,金,土,3,11,2013-03
2013-03-18,2240.016,癸巳,乙卯,癸未,-0.016847341622479917,癸,未,水,土,3,12,2013-03
2013-03-19,2257.434,癸巳,乙卯,甲申,0.007775837315447731,甲,申,木,金,3,12,2013-03
2013-03-20,2317.374,癸巳,乙卯,乙酉,0.026552271295638974,乙,酉,木,金,3,12,2013-03
2013-03-21,2324.242,癸巳,乙卯,丙戌,0.0029636994287500773,丙,戌,火,土,3,12,2013-03
2013-03-22,2328.278,癸巳,乙卯,丁亥,0.0017364801083534775,丁,亥,火,水,3,12,2013-03
2013-03-25,2326.715,癸巳,乙卯,庚寅,-0.0006713115873618891,庚,寅,金,木,3,13,2013-03
2013-03-26,2297.669,癸巳,乙卯,辛卯,-0.012483694822958635,辛,卯,金,木,3,13,2013-03
2013-03-27,2301.259,癸巳,乙卯,壬辰,0.0015624530774451806,壬,辰,水,土,3,13,2013-03
2013-03-28,2236.302,癸巳,乙卯,癸巳,-0.02822672285040484,癸,巳,水,火,3,13,2013-03
2013-03-29,2236.621,癸巳,乙卯,甲午,0.00014264620789150584,甲,午,木,火,3,13,2013-03
2013-04-01,2234.395,癸巳,乙卯,丁酉,-0.0009952513188421497,丁,酉,火,金,4,14,2013-04
2013-04-02,2227.74,癸巳,乙卯,戊戌,-0.0029784348783452597,戊,戌,土,土,4,14,2013-04
2013-04-03,2225.295,癸巳,乙卯,己亥,-0.001097524845807718,己,亥,土,水,4,14,2013-04
2013-04-08,2211.592,癸巳,丙辰,甲辰,-0.00615783525330349,甲,辰,木,土,4,15,2013-04
2013-04-09,2225.775,癸巳,丙辰,乙巳,0.006413027357668133,乙,巳,木,火,4,15,2013-04
2013-04-10,2226.126,癸巳,丙辰,丙午,0.00015769788051356315,丙,午,火,火,4,15,2013-04
2013-04-11,2219.553,癸巳,丙辰,丁未,-0.0029526630568083023,丁,未,火,土,4,15,2013-04
2013-04-12,2206.78,癸巳,丙辰,戊申,-0.005754762332775831,戊,申,土,金,4,15,2013-04
2013-04-15,2181.942,癸巳,丙辰,辛亥,-0.011255313171226966,辛,亥,金,水,4,16,2013-04
2013-04-16,2194.846,癸巳,丙辰,壬子,0.0059139977139630595,壬,子,水,水,4,16,2013-04
2013-04-17,2193.796,癸巳,丙辰,癸丑,-0.00047839347270839383,癸,丑,水,土,4,16,2013-04
2013-04-18,2197.602,癸巳,丙辰,甲寅,0.0017348923965583296,甲,寅,木,木,4,16,2013-04
2013-04-19,2244.643,癸巳,丙辰,乙卯,0.021405604836544745,乙,卯,木,木,4,16,2013-04
2013-04-22,2242.169,癸巳,丙辰,戊午,-0.0011021797230117425,戊,午,土,火,4,17,2013-04
2013-04-23,2184.538,癸巳,丙辰,己未,-0.025703236464334256,己,未,土,土,4,17,2013-04
2013-04-24,2218.318,癸巳,丙辰,庚申,0.01546322380292775,庚,申,金,金,4,17,2013-04
2013-04-25,2199.307,癸巳,丙辰,辛酉,-0.008570006644674222,辛,酉,金,金,4,17,2013-04
2013-04-26,2177.912,癸巳,丙辰,壬戌,-0.009728064340267184,壬,戌,水,土,4,17,2013-04
2013-05-02,2174.123,癸巳,丙辰,戊辰,-0.0017397397140012094,戊,辰,土,土,5,18,2013-05
2013-05-03,2205.497,癸巳,丙辰,己巳,0.014430646288181359,己,巳,土,火,5,18,2013-05
2013-05-06,2231.166,癸巳,丁巳,壬申,0.011638646527290852,壬,申,水,金,5,19,2013-05
2013-05-07,2235.575,癸巳,丁巳,癸酉,0.0019760968031961035,癸,酉,水,金,5,19,2013-05
2013-05-08,2246.3,癸巳,丁巳,甲戌,0.0047974234816547945,甲,戌,木,土,5,19,2013-05
2013-05-09,2232.971,癸巳,丁巳,乙亥,-0.00593375773494198,乙,亥,木,水,5,19,2013-05
2013-05-10,2246.831,癸巳,丁巳,丙子,0.006206977161817173,丙,子,火,水,5,19,2013-05
2013-05-13,2241.92,癸巳,丁巳,己卯,-0.0021857451673045203,己,卯,土,木,5,20,2013-05
2013-05-14,2217.01,癸巳,丁巳,庚辰,-0.011111011989722974,庚,辰,金,土,5,20,2013-05
2013-05-15,2224.797,癸巳,丁巳,辛巳,0.003512388306773362,辛,巳,金,火,5,20,2013-05
2013-05-16,2251.806,癸巳,丁巳,壬午,0.01213998400752958,壬,午,水,火,5,20,2013-05
2013-05-17,2282.87,癸巳,丁巳,癸未,0.013795149315704691,癸,未,水,土,5,20,2013-05
2013-05-20,2299.986,癸巳,丁巳,丙戌,0.00749757980086474,丙,戌,火,土,5,21,2013-05
2013-05-21,2305.114,癸巳,丁巳,丁亥,0.002229578788740527,丁,亥,火,水,5,21,2013-05
2013-05-22,2302.403,癸巳,丁巳,戊子,-0.001176080662388168,戊,子,土,水,5,21,2013-05
2013-05-23,2275.667,癸巳,丁巳,己丑,-0.011612215585195096,己,丑,土,土,5,21,2013-05
2013-05-24,2288.533,癸巳,丁巳,庚寅,0.005653727017177923,庚,寅,金,木,5,21,2013-05
2013-05-27,2293.077,癸巳,丁巳,癸巳,0.001985551442780231,癸,巳,水,火,5,22,2013-05
2013-05-28,2321.318,癸巳,丁巳,甲午,0.012315766108159432,甲,午,木,火,5,22,2013-05
2013-05-29,2324.017,癸巳,丁巳,乙未,0.0011627015342143832,乙,未,木,土,5,22,2013-05
2013-05-30,2317.749,癸巳,丁巳,丙申,-0.002697054281444622,丙,申,火,金,5,22,2013-05
2013-05-31,2300.595,癸巳,丁巳,丁酉,-0.007401146543478121,丁,酉,火,金,5,22,2013-05
2013-06-03,2299.252,癸巳,丁巳,庚子,-0.0005837620267800103,庚,子,金,水,6,23,2013-06
2013-06-04,2272.416,癸巳,丁巳,辛丑,-0.011671621901383489,辛,丑,金,土,6,23,2013-06
2013-06-05,2270.931,癸巳,戊午,壬寅,-0.0006534895019222331,壬,寅,水,木,6,23,2013-06
2013-06-06,2242.11,癸巳,戊午,癸卯,-0.012691270672688826,癸,卯,水,木,6,23,2013-06
2013-06-07,2210.898,癸巳,戊午,甲辰,-0.013920815660248609,甲,辰,木,土,6,23,2013-06
2013-06-13,2148.355,癸巳,戊午,庚戌,-0.028288505394640562,庚,戌,金,土,6,24,2013-06
2013-06-14,2162.041,癸巳,戊午,辛亥,0.006370455534583597,辛,亥,金,水,6,24,2013-06
2013-06-17,2156.215,癸巳,戊午,甲寅,-0.0026946760029065153,甲,寅,木,木,6,25,2013-06
2013-06-18,2159.291,癸巳,戊午,乙卯,0.0014265738806196193,乙,卯,木,木,6,25,2013-06
2013-06-19,2143.454,癸巳,戊午,丙辰,-0.007334351877537615,丙,辰,火,土,6,25,2013-06
2013-06-20,2084.021,癸巳,戊午,丁巳,-0.027727676917722488,丁,巳,火,火,6,25,2013-06
2013-06-21,2073.095,癸巳,戊午,戊午,-0.005242749473254094,戊,午,土,火,6,25,2013-06
2013-06-24,1963.235,癸巳,戊午,辛酉,-0.05299322992916389,辛,酉,金,金,6,26,2013-06
2013-06-25,1959.508,癸巳,戊午,壬戌,-0.0018983972881493338,壬,戌,水,土,6,26,2013-06
2013-06-26,1951.495,癸巳,戊午,癸亥,-0.004089291801819717,癸,亥,水,水,6,26,2013-06
2013-06-27,1950.013,癸巳,戊午,甲子,-0.0007594177797022317,甲,子,木,水,6,26,2013-06
2013-06-28,1979.206,癸巳,戊午,乙丑,0.014970669426306316,乙,丑,木,土,6,26,2013-06
2013-07-01,1995.242,癸巳,戊午,戊辰,0.008102238978661136,戊,辰,土,土,7,27,2013-07
2013-07-02,2006.56,癸巳,戊午,己巳,0.005672494865284428,己,巳,土,火,7,27,2013-07
2013-07-03,1994.268,癸巳,戊午,庚午,-0.006125907024958077,庚,午,金,火,7,27,2013-07
2013-07-04,2006.098,癸巳,戊午,辛未,0.005932001115196206,辛,未,金,土,7,27,2013-07
2013-07-05,2007.199,癸巳,戊午,壬申,0.0005488266276125753,壬,申,水,金,7,27,2013-07
2013-07-08,1958.273,癸巳,己未,乙亥,-0.024375261247140956,乙,亥,木,水,7,28,2013-07
2013-07-09,1965.454,癸巳,己未,丙子,0.0036670065920330064,丙,子,火,水,7,28,2013-07
2013-07-10,2008.126,癸巳,己未,丁丑,0.02171101435088274,丁,丑,火,土,7,28,2013-07
2013-07-11,2072.991,癸巳,己未,戊寅,0.03230125998069844,戊,寅,土,木,7,28,2013-07
2013-07-12,2039.486,癸巳,己未,己卯,-0.01616263649962779,己,卯,土,木,7,28,2013-07
2013-07-15,2059.39,癸巳,己未,壬午,0.009759321711450664,壬,午,水,火,7,29,2013-07
2013-07-16,2065.72,癸巳,己未,癸未,0.0030737257148960584,癸,未,水,土,7,29,2013-07
2013-07-17,2044.922,癸巳,己未,甲申,-0.010068160254051772,甲,申,木,金,7,29,2013-07
2013-07-18,2023.396,癸巳,己未,乙酉,-0.010526562871346679,乙,酉,木,金,7,29,2013-07
2013-07-19,1992.648,癸巳,己未,丙戌,-0.015196234449410762,丙,戌,火,土,7,29,2013-07
2013-07-22,2004.762,癸巳,己未,己丑,0.006079347682079295,己,丑,土,土,7,30,2013-07
2013-07-23,2043.876,癸巳,己未,庚寅,0.01951054539142305,庚,寅,金,木,7,30,2013-07
2013-07-24,2033.329,癸巳,己未,辛卯,-0.005160293481600631,辛,卯,金,木,7,30,2013-07
2013-07-25,2021.174,癸巳,己未,壬辰,-0.005977881592206691,壬,辰,水,土,7,30,2013-07
2013-07-26,2010.85,癸巳,己未,癸巳,-0.005107922425283573,癸,巳,水,火,7,30,2013-07
2013-07-29,1976.306,癸巳,己未,丙申,-0.01717880498296731,丙,申,火,金,7,31,2013-07
2013-07-30,1990.064,癸巳,己未,丁酉,0.006961472565483406,丁,酉,火,金,7,31,2013-07
2013-07-31,1993.799,癸巳,己未,戊戌,0.0018768240619395637,戊,戌,土,土,7,31,2013-07
2013-08-01,2029.067,癸巳,己未,己亥,0.017688844261633196,己,亥,土,水,8,31,2013-08
2013-08-02,2029.418,癸巳,己未,庚子,0.000172985909287382,庚,子,金,水,8,31,2013-08
2013-08-05,2050.481,癸巳,己未,癸卯,0.010378837676614738,癸,卯,水,木,8,32,2013-08
2013-08-06,2060.5,癸巳,己未,甲辰,0.004886170610700402,甲,辰,木,土,8,32,2013-08
2013-08-07,2046.778,癸巳,庚申,乙巳,-0.006659548653239478,乙,巳,木,火,8,32,2013-08
2013-08-08,2044.895,癸巳,庚申,丙午,-0.000919982528637675,丙,午,火,火,8,32,2013-08
2013-08-09,2052.235,癸巳,庚申,丁未,0.003589426351964242,丁,未,火,土,8,32,2013-08
2013-08-12,2101.283,癸巳,庚申,庚戌,0.02389979705053258,庚,戌,金,土,8,33,2013-08
2013-08-13,2106.156,癸巳,庚申,辛亥,0.002319059355641251,辛,亥,金,水,8,33,2013-08
2013-08-14,2100.137,癸巳,庚申,壬子,-0.0028578130015060044,壬,子,水,水,8,33,2013-08
2013-08-15,2081.88,癸巳,庚申,癸丑,-0.008693242393234324,癸,丑,水,土,8,33,2013-08
2013-08-16,2068.452,癸巳,庚申,甲寅,-0.006449939477779609,甲,寅,木,木,8,33,2013-08
2013-08-19,2085.602,癸巳,庚申,丁巳,0.00829122454859954,丁,巳,火,火,8,34,2013-08
2013-08-20,2072.595,癸巳,庚申,戊午,-0.006236568626228789,戊,午,土,火,8,34,2013-08
2013-08-21,2072.961,癸巳,庚申,己未,0.0001765902166124267,己,未,土,土,8,34,2013-08
2013-08-22,2067.124,癸巳,庚申,庚申,-0.0028157789750988815,庚,申,金,金,8,34,2013-08
2013-08-23,2057.458,癸巳,庚申,辛酉,-0.004676062006923498,辛,酉,金,金,8,34,2013-08
2013-08-26,2096.474,癸巳,庚申,甲子,0.018963206053294934,甲,子,木,水,8,35,2013-08
2013-08-27,2103.567,癸巳,庚申,乙丑,0.0033832997690406152,乙,丑,木,土,8,35,2013-08
2013-08-28,2101.301,癸巳,庚申,丙寅,-0.0010772178875215754,丙,寅,火,木,8,35,2013-08
2013-08-29,2097.227,癸巳,庚申,丁卯,-0.0019387988679394619,丁,卯,火,木,8,35,2013-08
2013-08-30,2098.382,癸巳,庚申,戊辰,0.0005507272221845216,戊,辰,土,土,8,35,2013-08
2013-09-02,2098.448,癸巳,庚申,辛未,3.145280506600123e-05,辛,未,金,土,9,36,2013-09
2013-09-03,2123.112,癸巳,庚申,壬申,0.011753448262716182,壬,申,水,金,9,36,2013-09
2013-09-04,2127.618,癸巳,庚申,癸酉,0.0021223562393315465,癸,酉,水,金,9,36,2013-09
2013-09-05,2122.43,癸巳,庚申,甲戌,-0.0024384076464855076,甲,戌,木,土,9,36,2013-09
2013-09-06,2139.993,癸巳,庚申,乙亥,0.008274948997140097,乙,亥,木,水,9,36,2013-09
2013-09-09,2212.516,癸巳,辛酉,戊寅,0.03388936318950586,戊,寅,土,木,9,37,2013-09
2013-09-10,2237.984,癸巳,辛酉,己卯,0.011510877209475412,己,卯,土,木,9,37,2013-09
2013-09-11,2241.268,癸巳,辛酉,庚辰,0.0014673920814447516,庚,辰,金,土,9,37,2013-09
2013-09-12,2255.605,癸巳,辛酉,辛巳,0.006396825368496728,辛,巳,金,火,9,37,2013-09
2013-09-13,2236.217,癸巳,辛酉,壬午,-0.008595476601621299,壬,午,水,火,9,37,2013-09
2013-09-16,2231.401,癸巳,辛酉,乙酉,-0.0021536371470212146,乙,酉,木,金,9,38,2013-09
2013-09-17,2185.56,癸巳,辛酉,丙戌,-0.020543595705119766,丙,戌,火,土,9,38,2013-09
2013-09-18,2191.851,癸巳,辛酉,丁亥,0.002878438478010281,丁,亥,火,水,9,38,2013-09
2013-09-23,2221.044,癸巳,辛酉,壬辰,0.013318879796117455,壬,辰,水,土,9,39,2013-09
2013-09-24,2207.531,癸巳,辛酉,癸巳,-0.006084075776976894,癸,巳,水,火,9,39,2013-09
2013-09-25,2198.515,癸巳,辛酉,甲午,-0.004084200856069531,甲,午,木,火,9,39,2013-09
2013-09-26,2155.809,癸巳,辛酉,乙未,-0.01942493000957446,乙,未,木,土,9,39,2013-09
2013-09-27,2160.027,癸巳,辛酉,丙申,0.0019565740749760696,丙,申,火,金,9,39,2013-09
2013-09-30,2174.665,癸巳,辛酉,己亥,0.0067767671422624964,己,亥,土,水,9,40,2013-09
2013-10-08,2198.199,癸巳,壬戌,丁未,0.010821896705929479,丁,未,火,土,10,41,2013-10
2013-10-09,2211.769,癸巳,壬戌,戊申,0.006173235453204917,戊,申,土,金,10,41,2013-10
2013-10-10,2190.929,癸巳,壬戌,己酉,-0.009422322132193628,己,酉,土,金,10,41,2013-10
2013-10-11,2228.146,癸巳,壬戌,庚戌,0.016986858086227352,庚,戌,金,土,10,41,2013-10
2013-10-14,2237.773,癸巳,壬戌,癸丑,0.004320632489971388,癸,丑,水,土,10,42,2013-10
2013-10-15,2233.412,癸巳,壬戌,甲寅,-0.001948812502430064,甲,寅,木,木,10,42,2013-10
2013-10-16,2193.074,癸巳,壬戌,乙卯,-0.018061154860813722,乙,卯,木,木,10,42,2013-10
2013-10-17,2188.542,癸巳,壬戌,丙辰,-0.002066505735784596,丙,辰,火,土,10,42,2013-10
2013-10-18,2193.78,癸巳,壬戌,丁巳,0.0023933742190007656,丁,巳,火,火,10,42,2013-10
2013-10-21,2229.237,癸巳,壬戌,庚申,0.016162514016902385,庚,申,金,金,10,43,2013-10
2013-10-22,2210.652,癸巳,壬戌,辛酉,-0.00833693321975193,辛,酉,金,金,10,43,2013-10
2013-10-23,2183.107,癸巳,壬戌,壬戌,-0.012460124886232715,壬,戌,水,土,10,43,2013-10
2013-10-24,2164.322,癸巳,壬戌,癸亥,-0.008604708793476412,癸,亥,水,水,10,43,2013-10
2013-10-25,2132.955,癸巳,壬戌,甲子,-0.014492760319398057,甲,子,木,水,10,43,2013-10
2013-10-28,2133.869,癸巳,壬戌,丁卯,0.0004285134941901525,丁,卯,火,木,10,44,2013-10
2013-10-29,2128.864,癸巳,壬戌,戊辰,-0.0023455048084021213,戊,辰,土,土,10,44,2013-10
2013-10-30,2160.463,癸巳,壬戌,己巳,0.014843127602326867,己,巳,土,火,10,44,2013-10
2013-10-31,2141.614,癸巳,壬戌,庚午,-0.00872451877213365,庚,午,金,火,10,44,2013-10
2013-11-01,2149.562,癸巳,壬戌,辛未,0.0037112196689037535,辛,未,金,土,11,44,2013-11
2013-11-04,2149.634,癸巳,壬戌,甲戌,3.34951957654539e-05,甲,戌,木,土,11,45,2013-11
2013-11-05,2157.24,癸巳,壬戌,乙亥,0.003538276748506819,乙,亥,木,水,11,45,2013-11
2013-11-06,2139.607,癸巳,壬戌,丙子,-0.008173870315773768,丙,子,火,水,11,45,2013-11
2013-11-07,2129.4,癸巳,癸亥,丁丑,-0.004770502246440489,丁,丑,火,土,11,45,2013-11
2013-11-08,2106.127,癸巳,癸亥,戊寅,-0.010929369775523723,戊,寅,土,木,11,45,2013-11
2013-11-11,2109.471,癸巳,癸亥,辛巳,0.0015877485070938668,辛,巳,金,火,11,46,2013-11
2013-11-12,2126.772,癸巳,癸亥,壬午,0.008201582292432619,壬,午,水,火,11,46,2013-11
2013-11-13,2087.941,癸巳,癸亥,癸未,-0.01825818658511591,癸,未,水,土,11,46,2013-11
2013-11-14,2100.506,癸巳,癸亥,甲申,0.006017890352265631,甲,申,木,金,11,46,2013-11
2013-11-15,2135.827,癸巳,癸亥,乙酉,0.016815472081489036,乙,酉,木,金,11,46,2013-11
2013-11-18,2197.219,癸巳,癸亥,戊子,0.028743901074384626,戊,子,土,水,11,47,2013-11
2013-11-19,2193.125,癸巳,癸亥,己丑,-0.001863264426531952,己,丑,土,土,11,47,2013-11
2013-11-20,2206.613,癸巳,癸亥,庚寅,0.006150128241664277,庚,寅,金,木,11,47,2013-11
2013-11-21,2205.766,癸巳,癸亥,辛卯,-0.0003838461932381687,辛,卯,金,木,11,47,2013-11
2013-11-22,2196.378,癸巳,癸亥,壬辰,-0.00425611782936175,壬,辰,水,土,11,47,2013-11
2013-11-25,2186.115,癸巳,癸亥,乙未,-0.004672692951759871,乙,未,木,土,11,48,2013-11
2013-11-26,2183.073,癸巳,癸亥,丙申,-0.0013915095957897083,丙,申,火,金,11,48,2013-11
2013-11-27,2201.07,癸巳,癸亥,丁酉,0.008243883736366309,丁,酉,火,金,11,48,2013-11
2013-11-28,2219.372,癸巳,癸亥,戊戌,0.00831504677270578,戊,戌,土,土,11,48,2013-11
2013-11-29,2220.504,癸巳,癸亥,己亥,0.0005100541955112003,己,亥,土,水,11,48,2013-11
2013-12-02,2207.371,癸巳,癸亥,壬寅,-0.005914423031888161,壬,寅,水,木,12,49,2013-12
2013-12-03,2222.67,癸巳,癸亥,癸卯,0.0069308693463854265,癸,卯,水,木,12,49,2013-12
2013-12-04,2251.762,癸巳,癸亥,甲辰,0.013088762614333227,甲,辰,木,土,12,49,2013-12
2013-12-05,2247.063,癸巳,癸亥,乙巳,-0.0020868102401586652,乙,巳,木,火,12,49,2013-12
2013-12-06,2237.108,癸巳,癸亥,丙午,-0.0044302273679019954,丙,午,火,火,12,49,2013-12
2013-12-09,2238.2,癸巳,甲子,己酉,0.000488130210968718,己,酉,土,金,12,50,2013-12
2013-12-10,2237.492,癸巳,甲子,庚戌,-0.00031632561880068355,庚,戌,金,土,12,50,2013-12
2013-12-11,2204.166,癸巳,甲子,辛亥,-0.014894354929537168,辛,亥,金,水,12,50,2013-12
2013-12-12,2202.796,癸巳,甲子,壬子,-0.0006215502825106523,壬,子,水,水,12,50,2013-12
2013-12-13,2196.075,癸巳,甲子,癸丑,-0.003051122300930298,癸,丑,水,土,12,50,2013-12
2013-12-16,2160.861,癸巳,甲子,丙辰,-0.01603497148321431,丙,辰,火,土,12,51,2013-12
2013-12-17,2151.079,癸巳,甲子,丁巳,-0.004526899231371062,丁,巳,火,火,12,51,2013-12
2013-12-18,2148.285,癸巳,甲子,戊午,-0.0012988830256817074,戊,午,土,火,12,51,2013-12
2013-12-19,2127.792,癸巳,甲子,己未,-0.009539237112394239,己,未,土,土,12,51,2013-12
2013-12-20,2084.794,癸巳,甲子,庚申,-0.020207802266386965,庚,申,金,金,12,51,2013-12
2013-12-23,2089.707,癸巳,甲子,癸亥,0.0023565877491973364,癸,亥,水,水,12,52,2013-12
2013-12-24,2092.905,癸巳,甲子,甲子,0.001530358083693173,甲,子,木,水,12,52,2013-12
2013-12-25,2106.354,癸巳,甲子,乙丑,0.006425996402129819,乙,丑,木,土,12,52,2013-12
2013-12-26,2073.099,癸巳,甲子,丙寅,-0.015787944476569282,丙,寅,火,木,12,52,2013-12
2013-12-27,2101.251,癸巳,甲子,丁卯,0.013579669856577103,丁,卯,火,木,12,52,2013-12
2013-12-30,2097.529,癸巳,甲子,庚午,-0.0017713257483281675,庚,午,金,火,12,1,2013-12
2013-12-31,2115.978,癸巳,甲子,辛未,0.008795587569945473,辛,未,金,土,12,1,2013-12
2014-01-02,2109.387,癸巳,甲子,癸酉,-0.0031148717047152497,癸,酉,水,金,1,1,2014-01
2014-01-03,2083.136,癸巳,甲子,甲戌,-0.012444847721162722,甲,戌,木,土,1,1,2014-01
2014-01-06,2045.709,癸巳,乙丑,丁丑,-0.017966661802205852,丁,丑,火,土,1,2,2014-01
2014-01-07,2047.317,癸巳,乙丑,戊寅,0.0007860355505109329,戊,寅,土,木,1,2,2014-01
2014-01-08,2044.34,癸巳,乙丑,己卯,-0.0014540982173254502,己,卯,土,木,1,2,2014-01
2014-01-09,2027.622,癸巳,乙丑,庚辰,-0.008177700382519415,庚,辰,金,土,1,2,2014-01
2014-01-10,2013.298,癸巳,乙丑,辛巳,-0.007064433114258972,辛,巳,金,火,1,2,2014-01
2014-01-13,2009.564,癸巳,乙丑,甲申,-0.0018546683104040396,甲,申,木,金,1,3,2014-01
2014-01-14,2026.842,癸巳,乙丑,乙酉,0.008597884914339549,乙,酉,木,金,1,3,2014-01
2014-01-15,2023.348,癸巳,乙丑,丙戌,-0.0017238640209745748,丙,戌,火,土,1,3,2014-01
2014-01-16,2023.701,癸巳,乙丑,丁亥,0.00017446331525761138,丁,亥,火,水,1,3,2014-01
2014-01-17,2004.949,癸巳,乙丑,戊子,-0.009266191003512891,戊,子,土,水,1,3,2014-01
2014-01-20,1991.253,癸巳,乙丑,辛卯,-0.006831096451829999,辛,卯,金,木,1,4,2014-01
2014-01-21,2008.313,癸巳,乙丑,壬辰,0.008567469829298568,壬,辰,水,土,1,4,2014-01
2014-01-22,2051.749,癸巳,乙丑,癸巳,0.021628102790750114,癸,巳,水,火,1,4,2014-01
2014-01-23,2042.18,癸巳,乙丑,甲午,-0.00466382583834557,甲,午,木,火,1,4,2014-01
2014-01-24,2054.392,癸巳,乙丑,乙未,0.005979884241349875,乙,未,木,土,1,4,2014-01
2014-01-27,2033.3,癸巳,乙丑,戊戌,-0.010266784527977024,戊,戌,土,土,1,5,2014-01
2014-01-28,2038.513,癸巳,乙丑,己亥,0.0025638125215168284,己,亥,土,水,1,5,2014-01
2014-01-29,2049.914,癸巳,乙丑,庚子,0.005592802204352099,庚,子,金,水,1,5,2014-01
2014-02-07,2044.497,甲午,丙寅,己酉,-0.0026425498825805027,己,酉,土,金,2,6,2014-02
2014-02-10,2086.067,甲午,丙寅,壬子,0.020332629492730847,壬,子,水,水,2,7,2014-02
2014-02-11,2103.671,甲午,丙寅,癸丑,0.008438846882674378,癸,丑,水,土,2,7,2014-02
2014-02-12,2109.955,甲午,丙寅,甲寅,0.002987159113758908,甲,寅,木,木,2,7,2014-02
2014-02-13,2098.401,甲午,丙寅,乙卯,-0.0054759461694681155,乙,卯,木,木,2,7,2014-02
2014-02-14,2115.848,甲午,丙寅,丙辰,0.00831442607966748,丙,辰,火,土,2,7,2014-02
2014-02-17,2135.415,甲午,丙寅,己未,0.009247828766527633,己,未,土,土,2,8,2014-02
2014-02-18,2119.066,甲午,丙寅,庚申,-0.007656123048681462,庚,申,金,金,2,8,2014-02
2014-02-19,2142.554,甲午,丙寅,辛酉,0.011084128573626506,辛,酉,金,金,2,8,2014-02
2014-02-20,2138.782,甲午,丙寅,壬戌,-0.0017605157209572564,壬,戌,水,土,2,8,2014-02
2014-02-21,2113.693,甲午,丙寅,癸亥,-0.011730508298648412,癸,亥,水,水,2,8,2014-02
2014-02-24,2076.686,甲午,丙寅,丙寅,-0.017508219027077332,丙,寅,火,木,2,9,2014-02
2014-02-25,2034.219,甲午,丙寅,丁卯,-0.020449408336166375,丁,卯,火,木,2,9,2014-02
2014-02-26,2041.254,甲午,丙寅,戊辰,0.0034583297078631947,戊,辰,土,土,2,9,2014-02
2014-02-27,2047.354,甲午,丙寅,己巳,0.002988359116503858,己,巳,土,火,2,9,2014-02
2014-02-28,2056.302,甲午,丙寅,庚午,0.00437051921651066,庚,午,金,火,2,9,2014-02
2014-03-03,2075.235,甲午,丙寅,癸酉,0.009207305152647782,癸,酉,水,金,3,10,2014-03
2014-03-04,2071.473,甲午,丙寅,甲戌,-0.0018128067423690553,甲,戌,木,土,3,10,2014-03
2014-03-05,2053.084,甲午,丙寅,乙亥,-0.0088772578739863,乙,亥,木,水,3,10,2014-03
2014-03-06,2059.578,甲午,丁卯,丙子,0.0031630464218708187,丙,子,火,水,3,10,2014-03
2014-03-07,2057.908,甲午,丁卯,丁丑,-0.0008108457169381245,丁,丑,火,土,3,10,2014-03
2014-03-10,1999.065,甲午,丁卯,庚辰,-0.028593600880116976,庚,辰,金,土,3,11,2014-03
2014-03-11,2001.157,甲午,丁卯,辛巳,0.001046489233716752,辛,巳,金,火,3,11,2014-03
2014-03-12,1997.692,甲午,丁卯,壬午,-0.0017314983282170626,壬,午,水,火,3,11,2014-03
2014-03-13,2019.111,甲午,丁卯,癸未,0.010721873041489971,癸,未,水,土,3,11,2014-03
2014-03-14,2004.339,甲午,丁卯,甲申,-0.007316091091574495,甲,申,木,金,3,11,2014-03
2014-03-17,2023.673,甲午,丁卯,丁亥,0.009646072844962994,丁,亥,火,水,3,12,2014-03
2014-03-18,2025.196,甲午,丁卯,戊子,0.0007525919454378638,戊,子,土,水,3,12,2014-03
2014-03-19,2021.734,甲午,丁卯,己丑,-0.001709464170381536,己,丑,土,土,3,12,2014-03
2014-03-20,1993.479,甲午,丁卯,庚寅,-0.013975626862881008,庚,寅,金,木,3,12,2014-03
2014-03-21,2047.619,甲午,丁卯,辛卯,0.02715855045375437,辛,卯,金,木,3,12,2014-03
2014-03-24,2066.279,甲午,丁卯,甲午,0.009113023467744785,甲,午,木,火,3,13,2014-03
2014-03-25,2067.311,甲午,丁卯,乙未,0.0004994485255864767,乙,未,木,土,3,13,2014-03
2014-03-26,2063.67,甲午,丁卯,丙申,-0.0017612250890166603,丙,申,火,金,3,13,2014-03
2014-03-27,2046.588,甲午,丁卯,丁酉,-0.008277486225995445,丁,酉,火,金,3,13,2014-03
2014-03-28,2041.712,甲午,丁卯,戊戌,-0.002382501998448139,戊,戌,土,土,3,13,2014-03
2014-03-31,2033.306,甲午,丁卯,辛丑,-0.004117133072637058,辛,丑,金,土,3,14,2014-03
2014-04-01,2047.46,甲午,丁卯,壬寅,0.006961077181693254,壬,寅,水,木,4,14,2014-04
2014-04-02,2058.988,甲午,丁卯,癸卯,0.005630390825705822,癸,卯,水,木,4,14,2014-04
2014-04-03,2043.702,甲午,丁卯,甲辰,-0.007424035497049952,甲,辰,木,土,4,14,2014-04
2014-04-04,2058.831,甲午,丁卯,乙巳,0.007402742669919693,乙,巳,木,火,4,14,2014-04
2014-04-08,2098.284,甲午,戊辰,己酉,0.01916281618063831,己,酉,土,金,4,15,2014-04
2014-04-09,2105.237,甲午,戊辰,庚戌,0.0033136601146459554,庚,戌,金,土,4,15,2014-04
2014-04-10,2134.3,甲午,戊辰,辛亥,0.013805096528324512,辛,亥,金,水,4,15,2014-04
2014-04-11,2130.542,甲午,戊辰,壬子,-0.001760764653516489,壬,子,水,水,4,15,2014-04
2014-04-14,2131.539,甲午,戊辰,乙卯,0.00046795604123284207,乙,卯,木,木,4,16,2014-04
2014-04-15,2101.601,甲午,戊辰,丙辰,-0.014045250872726234,丙,辰,火,土,4,16,2014-04
2014-04-16,2105.122,甲午,戊辰,丁巳,0.0016753893817140764,丁,巳,火,火,4,16,2014-04
2014-04-17,2098.885,甲午,戊辰,戊午,-0.0029627736539733496,戊,午,土,火,4,16,2014-04
2014-04-18,2097.748,甲午,戊辰,己未,-0.0005417161969332174,己,未,土,土,4,16,2014-04
2014-04-21,2065.826,甲午,戊辰,壬戌,-0.015217271092619389,壬,戌,水,土,4,17,2014-04
2014-04-22,2072.831,甲午,戊辰,癸亥,0.0033908954577974715,癸,亥,水,水,4,17,2014-04
2014-04-23,2067.382,甲午,戊辰,甲子,-0.002628771954877207,甲,子,木,水,4,17,2014-04
2014-04-24,2057.033,甲午,戊辰,乙丑,-0.005005847975845912,乙,丑,木,土,4,17,2014-04
2014-04-25,2036.519,甲午,戊辰,丙寅,-0.009972615898724002,丙,寅,火,木,4,17,2014-04
2014-04-28,2003.487,甲午,戊辰,己巳,-0.016219833942133555,己,巳,土,火,4,18,2014-04
2014-04-29,2020.341,甲午,戊辰,庚午,0.008412333097244762,庚,午,金,火,4,18,2014-04
2014-04-30,2026.358,甲午,戊辰,辛未,0.002978210114035207,辛,未,金,土,4,18,2014-04
2014-05-05,2027.353,甲午,己巳,丙子,0.0004910287323365292,丙,子,火,水,5,19,2014-05
2014-05-06,2028.038,甲午,己巳,丁丑,0.0003378789978853991,丁,丑,火,土,5,19,2014-05
2014-05-07,2010.083,甲午,己巳,戊寅,-0.00885338440403971,戊,寅,土,木,5,19,2014-05
2014-05-08,2015.274,甲午,己巳,己卯,0.002582480424937472,己,卯,土,木,5,19,2014-05
2014-05-09,2011.135,甲午,己巳,庚辰,-0.002053815014732452,庚,辰,金,土,5,19,2014-05
2014-05-12,2052.871,甲午,己巳,癸未,0.020752460675190987,癸,未,水,土,5,20,2014-05
2014-05-13,2050.728,甲午,己巳,甲申,-0.001043903879006547,甲,申,木,金,5,20,2014-05
2014-05-14,2047.91,甲午,己巳,乙酉,-0.0013741461568769209,乙,酉,木,金,5,20,2014-05
2014-05-15,2024.974,甲午,己巳,丙戌,-0.011199710924796547,丙,戌,火,土,5,20,2014-05
2014-05-16,2026.504,甲午,己巳,丁亥,0.0007555652566402227,丁,亥,火,水,5,20,2014-05
2014-05-19,2005.183,甲午,己巳,庚寅,-0.01052107471783914,庚,寅,金,木,5,21,2014-05
2014-05-20,2008.119,甲午,己巳,辛卯,0.001464205511417127,辛,卯,金,木,5,21,2014-05
2014-05-21,2024.951,甲午,己巳,壬辰,0.008381973379067764,壬,辰,水,土,5,21,2014-05
2014-05-22,2021.285,甲午,己巳,癸巳,-0.0018104141779232696,癸,巳,水,火,5,21,2014-05
2014-05-23,2034.569,甲午,己巳,甲午,0.006572056884605493,甲,午,木,火,5,21,2014-05
2014-05-26,2041.476,甲午,己巳,丁酉,0.0033948221957575964,丁,酉,火,金,5,22,2014-05
2014-05-27,2034.565,甲午,己巳,戊戌,-0.0033852957370059666,戊,戌,土,土,5,22,2014-05
2014-05-28,2050.228,甲午,己巳,己亥,0.007698451511748194,己,亥,土,水,5,22,2014-05
2014-05-29,2040.595,甲午,己巳,庚子,-0.0046985018251628485,庚,子,金,水,5,22,2014-05
2014-05-30,2039.212,甲午,己巳,辛丑,-0.0006777435012826905,辛,丑,金,土,5,22,2014-05
2014-06-03,2038.305,甲午,己巳,乙巳,-0.0004447796501785284,乙,巳,木,火,6,23,2014-06
2014-06-04,2024.834,甲午,己巳,丙午,-0.006608922609717349,丙,午,火,火,6,23,2014-06
2014-06-05,2040.878,甲午,己巳,丁未,0.007923612503543342,丁,未,火,土,6,23,2014-06
2014-06-06,2029.956,甲午,庚午,戊申,-0.005351618274095804,戊,申,土,金,6,23,2014-06
2014-06-09,2030.502,甲午,庚午,辛亥,0.0002689713471621946,辛,亥,金,水,6,24,2014-06
2014-06-10,2052.532,甲午,庚午,壬子,0.010849533760616925,壬,子,水,水,6,24,2014-06
2014-06-11,2054.948,甲午,庚午,癸丑,0.0011770827446293541,癸,丑,水,土,6,24,2014-06
2014-06-12,2051.713,甲午,庚午,甲寅,-0.0015742490807552079,甲,寅,木,木,6,24,2014-06
2014-06-13,2070.715,甲午,庚午,乙卯,0.009261529268469681,乙,卯,木,木,6,24,2014-06
2014-06-16,2085.983,甲午,庚午,戊午,0.007373298594929745,戊,午,土,火,6,25,2014-06
2014-06-17,2066.698,甲午,庚午,己未,-0.009245041786055008,己,未,土,土,6,25,2014-06
2014-06-18,2055.519,甲午,庚午,庚申,-0.005409111539276701,庚,申,金,金,6,25,2014-06
2014-06-19,2023.735,甲午,庚午,辛酉,-0.01546276147289316,辛,酉,金,金,6,25,2014-06
2014-06-20,2026.674,甲午,庚午,壬戌,0.001452265242237738,壬,戌,水,土,6,25,2014-06
2014-06-23,2024.365,甲午,庚午,乙丑,-0.0011393050880408317,乙,丑,木,土,6,26,2014-06
2014-06-24,2033.931,甲午,庚午,丙寅,0.004725432419548925,丙,寅,火,木,6,26,2014-06
2014-06-25,2025.502,甲午,庚午,丁卯,-0.004144191715451551,丁,卯,火,木,6,26,2014-06
2014-06-26,2038.677,甲午,庚午,戊辰,0.006504560350964805,戊,辰,土,土,6,26,2014-06
2014-06-27,2036.51,甲午,庚午,己巳,-0.0010629442525715849,己,巳,土,火,6,26,2014-06
2014-06-30,2048.327,甲午,庚午,壬申,0.005802574011421591,壬,申,水,金,6,27,2014-06
2014-07-01,2050.381,甲午,庚午,癸酉,0.0010027695773182632,癸,酉,水,金,7,27,2014-07
2014-07-02,2059.418,甲午,庚午,甲戌,0.004407473537844986,甲,戌,木,土,7,27,2014-07
2014-07-03,2063.229,甲午,庚午,乙亥,0.001850522817611333,乙,亥,木,水,7,27,2014-07
2014-07-04,2059.375,甲午,庚午,丙子,-0.0018679458266628313,丙,子,火,水,7,27,2014-07
2014-07-07,2059.927,甲午,辛未,己卯,0.00026804248861922453,己,卯,土,木,7,28,2014-07
2014-07-08,2064.021,甲午,辛未,庚辰,0.001987449069797087,庚,辰,金,土,7,28,2014-07
2014-07-09,2038.612,甲午,辛未,辛巳,-0.012310436763967036,辛,巳,金,火,7,28,2014-07
2014-07-10,2038.342,甲午,辛未,壬午,-0.000132443054391862,壬,午,水,火,7,28,2014-07
2014-07-11,2046.961,甲午,辛未,癸未,0.0042284366411524665,癸,未,水,土,7,28,2014-07
2014-07-14,2066.646,甲午,辛未,丙戌,0.009616695188623625,丙,戌,火,土,7,29,2014-07
2014-07-15,2070.357,甲午,辛未,丁亥,0.0017956631179214533,丁,亥,火,水,7,29,2014-07
2014-07-16,2067.276,甲午,辛未,戊子,-0.0014881491452923834,戊,子,土,水,7,29,2014-07
2014-07-17,2055.591,甲午,辛未,己丑,-0.005652365721848462,己,丑,土,土,7,29,2014-07
2014-07-18,2059.067,甲午,辛未,庚寅,0.0016909978687396077,庚,寅,金,木,7,29,2014-07
2014-07-21,2054.479,甲午,辛未,癸巳,-0.0022281936430432747,癸,巳,水,火,7,30,2014-07
2014-07-22,2075.481,甲午,辛未,甲午,0.010222543038892251,甲,午,木,火,7,30,2014-07
2014-07-23,2078.489,甲午,辛未,乙未,0.0014493025953983274,乙,未,木,土,7,30,2014-07
2014-07-24,2105.062,甲午,辛未,丙申,0.012784768165720273,丙,申,火,金,7,30,2014-07
2014-07-25,2126.614,甲午,辛未,丁酉,0.010238178257932606,丁,酉,火,金,7,30,2014-07
2014-07-28,2177.948,甲午,辛未,庚子,0.02413884230988783,庚,子,金,水,7,31,2014-07
2014-07-29,2183.192,甲午,辛未,辛丑,0.0024077709844312345,辛,丑,金,土,7,31,2014-07
2014-07-30,2181.243,甲午,辛未,壬寅,-0.0008927295446300443,壬,寅,水,木,7,31,2014-07
2014-07-31,2201.562,甲午,辛未,癸卯,0.009315330754070095,癸,卯,水,木,7,31,2014-07
2014-08-01,2185.303,甲午,辛未,甲辰,-0.007385211045612183,甲,辰,木,土,8,31,2014-08
2014-08-04,2223.331,甲午,辛未,丁未,0.017401705850401683,丁,未,火,土,8,32,2014-08
2014-08-05,2219.945,甲午,辛未,戊申,-0.001522940129022654,戊,申,土,金,8,32,2014-08
2014-08-06,2217.465,甲午,辛未,己酉,-0.0011171447941278334,己,酉,土,金,8,32,2014-08
2014-08-07,2187.669,甲午,壬申,庚戌,-0.013436965183216132,庚,戌,金,土,8,32,2014-08
2014-08-08,2194.425,甲午,壬申,辛亥,0.003088218555915123,辛,亥,金,水,8,32,2014-08
2014-08-11,2224.654,甲午,壬申,甲寅,0.01377536256650358,甲,寅,木,木,8,33,2014-08
2014-08-12,2221.595,甲午,壬申,乙卯,-0.0013750452879415231,乙,卯,木,木,8,33,2014-08
2014-08-13,2222.877,甲午,壬申,丙辰,0.0005770628759969032,丙,辰,火,土,8,33,2014-08
2014-08-14,2206.466,甲午,壬申,丁巳,-0.007382774665444902,丁,巳,火,火,8,33,2014-08
2014-08-15,2226.734,甲午,壬申,戊午,0.009185729578429891,戊,午,土,火,8,33,2014-08
2014-08-18,2239.466,甲午,壬申,辛酉,0.0057177911685903915,辛,酉,金,金,8,34,2014-08
2014-08-19,2245.33,甲午,壬申,壬戌,0.0026184813701124465,壬,戌,水,土,8,34,2014-08
2014-08-20,2240.211,甲午,壬申,癸亥,-0.0022798430520235557,癸,亥,水,水,8,34,2014-08
2014-08-21,2230.458,甲午,壬申,甲子,-0.004353607762840106,甲,子,木,水,8,34,2014-08
2014-08-22,2240.812,甲午,壬申,乙丑,0.004642095928280021,乙,丑,木,土,8,34,2014-08
2014-08-25,2229.274,甲午,壬申,戊辰,-0.005149026335096396,戊,辰,土,土,8,35,2014-08
2014-08-26,2207.106,甲午,壬申,己巳,-0.009944044563386822,己,巳,土,火,8,35,2014-08
2014-08-27,2209.465,甲午,壬申,庚午,0.0010688204372604204,庚,午,金,火,8,35,2014-08
2014-08-28,2195.818,甲午,壬申,辛未,-0.006176608364468317,辛,未,金,土,8,35,2014-08
2014-08-29,2217.2,甲午,壬申,壬申,0.009737601203742674,壬,申,水,金,8,35,2014-08
2014-09-01,2235.511,甲午,壬申,乙亥,0.008258614468699355,乙,亥,木,水,9,36,2014-09
2014-09-02,2266.046,甲午,壬申,丙子,0.01365906944765638,丙,子,火,水,9,36,2014-09
2014-09-03,2288.627,甲午,壬申,丁丑,0.009964934515892532,丁,丑,火,土,9,36,2014-09
2014-09-04,2306.862,甲午,壬申,戊寅,0.007967659212270162,戊,寅,土,木,9,36,2014-09
2014-09-05,2326.432,甲午,壬申,己卯,0.008483385655492004,己,卯,土,木,9,36,2014-09
2014-09-09,2326.527,甲午,癸酉,癸未,4.083506416696636e-05,癸,未,水,土,9,37,2014-09
2014-09-10,2318.305,甲午,癸酉,甲申,-0.00353402303089545,甲,申,木,金,9,37,2014-09
2014-09-11,2311.679,甲午,癸酉,乙酉,-0.0028581226370126833,乙,酉,木,金,9,37,2014-09
2014-09-12,2331.95,甲午,癸酉,丙戌,0.008768951052460006,丙,戌,火,土,9,37,2014-09
2014-09-15,2339.14,甲午,癸酉,己丑,0.003083256502069087,己,丑,土,土,9,38,2014-09
2014-09-16,2296.555,甲午,癸酉,庚寅,-0.01820540882546584,庚,寅,金,木,9,38,2014-09
2014-09-17,2307.893,甲午,癸酉,辛卯,0.004936959924756845,辛,卯,金,木,9,38,2014-09
2014-09-18,2315.928,甲午,癸酉,壬辰,0.003481530556225909,壬,辰,水,土,9,38,2014-09
2014-09-19,2329.451,甲午,癸酉,癸巳,0.005839127986707826,癸,巳,水,火,9,38,2014-09
2014-09-22,2289.866,甲午,癸酉,丙申,-0.016993274380959322,丙,申,火,金,9,39,2014-09
2014-09-23,2309.718,甲午,癸酉,丁酉,0.008669502931612616,丁,酉,火,金,9,39,2014-09
2014-09-24,2343.575,甲午,癸酉,戊戌,0.014658499435861838,戊,戌,土,土,9,39,2014-09
2014-09-25,2345.103,甲午,癸酉,己亥,0.0006519953489860786,己,亥,土,水,9,39,2014-09
2014-09-26,2347.718,甲午,癸酉,庚子,0.001115089614400544,庚,子,金,水,9,39,2014-09
2014-09-29,2357.711,甲午,癸酉,癸卯,0.004256473733216692,癸,卯,水,木,9,40,2014-09
2014-09-30,2363.87,甲午,癸酉,甲辰,0.002612279452401056,甲,辰,木,土,9,40,2014-09
2014-10-08,2382.794,甲午,甲戌,壬子,0.008005516377804112,壬,子,水,水,10,41,2014-10
2014-10-09,2389.371,甲午,甲戌,癸丑,0.002760205036608454,癸,丑,水,土,10,41,2014-10
2014-10-10,2374.54,甲午,甲戌,甲寅,-0.006207072907472355,甲,寅,木,木,10,41,2014-10
2014-10-13,2366.009,甲午,甲戌,丁巳,-0.0035926958484590044,丁,巳,火,火,10,42,2014-10
2014-10-14,2359.475,甲午,甲戌,戊午,-0.002761612487526488,戊,午,土,火,10,42,2014-10
2014-10-15,2373.67,甲午,甲戌,己未,0.0060161688511215505,己,未,土,土,10,42,2014-10
2014-10-16,2356.499,甲午,甲戌,庚申,-0.007233945746460191,庚,申,金,金,10,42,2014-10
2014-10-17,2341.184,甲午,甲戌,辛酉,-0.0064990479520676825,辛,酉,金,金,10,42,2014-10
2014-10-20,2356.728,甲午,甲戌,甲子,0.006639375632158773,甲,子,木,水,10,43,2014-10
2014-10-21,2339.657,甲午,甲戌,乙丑,-0.0072435172832842065,乙,丑,木,土,10,43,2014-10
2014-10-22,2326.553,甲午,甲戌,丙寅,-0.005600820975040444,丙,寅,火,木,10,43,2014-10
2014-10-23,2302.418,甲午,甲戌,丁卯,-0.010373715965206753,丁,卯,火,木,10,43,2014-10
2014-10-24,2302.28,甲午,甲戌,戊辰,-5.993698798389957e-05,戊,辰,土,土,10,43,2014-10
2014-10-27,2290.437,甲午,甲戌,辛未,-0.00514403113435391,辛,未,金,土,10,44,2014-10
2014-10-28,2337.871,甲午,甲戌,壬申,0.020709585114107032,壬,申,水,金,10,44,2014-10
2014-10-29,2373.03,甲午,甲戌,癸酉,0.015038896500277454,癸,酉,水,金,10,44,2014-10
2014-10-30,2391.076,甲午,甲戌,甲戌,0.007604623624648532,甲,戌,木,土,10,44,2014-10
2014-10-31,2420.178,甲午,甲戌,乙亥,0.012171089501128218,乙,亥,木,水,10,44,2014-10
2014-11-03,2430.032,甲午,甲戌,戊寅,0.004071601345025044,戊,寅,土,木,11,45,2014-11
2014-11-04,2430.677,甲午,甲戌,己卯,0.00026542860340939,己,卯,土,木,11,45,2014-11
2014-11-05,2419.254,甲午,甲戌,庚辰,-0.0046995137568670575,庚,辰,金,土,11,45,2014-11
2014-11-06,2425.864,甲午,甲戌,辛巳,0.0027322472133972653,辛,巳,金,火,11,45,2014-11
2014-11-07,2418.171,甲午,乙亥,壬午,-0.0031712412567234116,壬,午,水,火,11,45,2014-11
2014-11-10,2473.673,甲午,乙亥,乙酉,0.022952057567475537,乙,酉,木,金,11,46,2014-11
2014-11-11,2469.673,甲午,乙亥,丙戌,-0.001617028604831816,丙,戌,火,土,11,46,2014-11
2014-11-12,2494.476,甲午,乙亥,丁亥,0.010043029988180852,丁,亥,火,水,11,46,2014-11
2014-11-13,2485.606,甲午,乙亥,戊子,-0.0035558570216750462,戊,子,土,水,11,46,2014-11
2014-11-14,2478.824,甲午,乙亥,己丑,-0.002728509667260237,己,丑,土,土,11,46,2014-11
2014-11-17,2474.009,甲午,乙亥,壬辰,-0.001942453356914453,壬,辰,水,土,11,47,2014-11
2014-11-18,2456.366,甲午,乙亥,癸巳,-0.0071313402659408665,癸,巳,水,火,11,47,2014-11
2014-11-19,2450.986,甲午,乙亥,甲午,-0.002190227352112828,甲,午,木,火,11,47,2014-11
2014-11-20,2452.66,甲午,乙亥,乙未,0.0006829904373177875,乙,未,木,土,11,47,2014-11
2014-11-21,2486.791,甲午,乙亥,丙申,0.013915911704027506,丙,申,火,金,11,47,2014-11
2014-11-24,2532.879,甲午,乙亥,己亥,0.0185331216012925,己,亥,土,水,11,48,2014-11
2014-11-25,2567.597,甲午,乙亥,庚子,0.013706931914236886,庚,子,金,水,11,48,2014-11
2014-11-26,2604.345,甲午,乙亥,辛丑,0.014312214884189212,辛,丑,金,土,11,48,2014-11
2014-11-27,2630.486,甲午,乙亥,壬寅,0.010037456634969688,壬,寅,水,木,11,48,2014-11
2014-11-28,2682.835,甲午,乙亥,癸卯,0.01990088523565614,癸,卯,水,木,11,48,2014-11
2014-12-01,2680.155,甲午,乙亥,丙午,-0.0009989432820132205,丙,午,火,火,12,49,2014-12
2014-12-02,2763.545,甲午,乙亥,丁未,0.031113872145454247,丁,未,火,土,12,49,2014-12
2014-12-03,2779.525,甲午,乙亥,戊申,0.00578242800460993,戊,申,土,金,12,49,2014-12
2014-12-04,2899.456,甲午,乙亥,己酉,0.04314801989548567,己,酉,土,金,12,49,2014-12
2014-12-05,2937.647,甲午,乙亥,庚戌,0.013171781189298848,庚,戌,金,土,12,49,2014-12
2014-12-08,3020.258,甲午,丙子,癸丑,0.028121486346044833,癸,丑,水,土,12,50,2014-12
2014-12-09,2856.269,甲午,丙子,甲寅,-0.05429635481472117,甲,寅,木,木,12,50,2014-12
2014-12-10,2940.006,甲午,丙子,乙卯,0.02931691657893576,乙,卯,木,木,12,50,2014-12
2014-12-11,2925.743,甲午,丙子,丙辰,-0.0048513506435020615,丙,辰,火,土,12,50,2014-12
2014-12-12,2938.173,甲午,丙子,丁巳,0.004248493459610092,丁,巳,火,火,12,50,2014-12
2014-12-15,2953.421,甲午,丙子,庚申,0.0051896195356775365,庚,申,金,金,12,51,2014-12
2014-12-16,3021.518,甲午,丙子,辛酉,0.02305699052048471,辛,酉,金,金,12,51,2014-12
2014-12-17,3061.02,甲午,丙子,壬戌,0.013073561037862502,壬,戌,水,土,12,51,2014-12
2014-12-18,3057.521,甲午,丙子,癸亥,-0.0011430830246126344,癸,亥,水,水,12,51,2014-12
2014-12-19,3108.596,甲午,丙子,甲子,0.01670470946888014,甲,子,木,水,12,51,2014-12
2014-12-22,3127.445,甲午,丙子,丁卯,0.0060635090568217365,丁,卯,火,木,12,52,2014-12
2014-12-23,3032.612,甲午,丙子,戊辰,-0.03032283541357239,戊,辰,土,土,12,52,2014-12
2014-12-24,2972.532,甲午,丙子,己巳,-0.019811304578363442,己,巳,土,火,12,52,2014-12
2014-12-25,3072.536,甲午,丙子,庚午,0.03364269922073171,庚,午,金,火,12,52,2014-12
2014-12-26,3157.603,甲午,丙子,辛未,0.027686250055328987,辛,未,金,土,12,52,2014-12
2014-12-29,3168.016,甲午,丙子,甲戌,0.003297754657567875,甲,戌,木,土,12,1,2014-12
2014-12-30,3165.815,甲午,丙子,乙亥,-0.000694756592138468,乙,亥,木,水,12,1,2014-12
2014-12-31,3234.677,甲午,丙子,丙子,0.021751744811367768,丙,子,火,水,12,1,2014-12
2015-01-05,3350.519,甲午,丙子,辛巳,0.03581254017016211,辛,巳,金,火,1,2,2015-01
2015-01-06,3351.446,甲午,丁丑,壬午,0.0002766735541568366,壬,午,水,火,1,2,2015-01
2015-01-07,3373.954,甲午,丁丑,癸未,0.006715907103978402,癸,未,水,土,1,2,2015-01
2015-01-08,3293.456,甲午,丁丑,甲申,-0.023858653674590724,甲,申,木,金,1,2,2015-01
2015-01-09,3285.412,甲午,丁丑,乙酉,-0.002442419148760533,乙,酉,木,金,1,2,2015-01
2015-01-12,3229.316,甲午,丁丑,戊子,-0.01707426648469046,戊,子,土,水,1,3,2015-01
2015-01-13,3235.301,甲午,丁丑,己丑,0.0018533336471253659,己,丑,土,土,1,3,2015-01
2015-01-14,3222.437,甲午,丁丑,庚寅,-0.003976136996217683,庚,寅,金,木,1,3,2015-01
2015-01-15,3336.455,甲午,丁丑,辛卯,0.035382538122545215,辛,卯,金,木,1,3,2015-01
2015-01-16,3376.495,甲午,丁丑,壬辰,0.01200076128705474,壬,辰,水,土,1,3,2015-01
2015-01-19,3116.351,甲午,丁丑,乙未,-0.07704557536735568,乙,未,木,土,1,4,2015-01
2015-01-20,3173.052,甲午,丁丑,丙申,0.018194677043760432,丙,申,火,金,1,4,2015-01
2015-01-21,3323.611,甲午,丁丑,丁酉,0.047449269662142246,丁,酉,火,金,1,4,2015-01
2015-01-22,3343.344,甲午,丁丑,戊戌,0.00593721708106032,戊,戌,土,土,1,4,2015-01
2015-01-23,3351.764,甲午,丁丑,己亥,0.0025184366311095108,己,亥,土,水,1,4,2015-01
2015-01-26,3383.182,甲午,丁丑,壬寅,0.00937357164764574,壬,寅,水,木,1,5,2015-01
2015-01-27,3352.96,甲午,丁丑,癸卯,-0.008933010402632724,癸,卯,水,木,1,5,2015-01
2015-01-28,3305.738,甲午,丁丑,甲辰,-0.014083675319717548,甲,辰,木,土,1,5,2015-01
2015-01-29,3262.305,甲午,丁丑,乙巳,-0.013138669791737834,乙,巳,木,火,1,5,2015-01
2015-01-30,3210.363,甲午,丁丑,丙午,-0.01592187119230115,丙,午,火,火,1,5,2015-01
2015-02-02,3128.3,甲午,丁丑,己酉,-0.025561906862245687,己,酉,土,金,2,6,2015-02
2015-02-03,3204.907,甲午,丁丑,庚戌,0.024488380270434318,庚,戌,金,土,2,6,2015-02
2015-02-04,3174.126,乙未,戊寅,辛亥,-0.009604334852774232,辛,亥,金,水,2,6,2015-02
2015-02-05,3136.531,乙未,戊寅,壬子,-0.011844205302499078,壬,子,水,水,2,6,2015-02
2015-02-06,3075.907,乙未,戊寅,癸丑,-0.01932835989824422,癸,丑,水,土,2,6,2015-02
2015-02-09,3095.124,乙未,戊寅,丙辰,0.006247588109783431,丙,辰,火,土,2,7,2015-02
2015-02-10,3141.593,乙未,戊寅,丁巳,0.01501361496340703,丁,巳,火,火,2,7,2015-02
2015-02-11,3157.704,乙未,戊寅,戊午,0.005128290010832259,戊,午,土,火,2,7,2015-02
2015-02-12,3173.416,乙未,戊寅,己未,0.004975767203005743,己,未,土,土,2,7,2015-02
2015-02-13,3203.827,乙未,戊寅,庚申,0.00958304867688331,庚,申,金,金,2,7,2015-02
2015-02-16,3222.363,乙未,戊寅,癸亥,0.005785580806953572,癸,亥,水,水,2,8,2015-02
2015-02-17,3246.906,乙未,戊寅,甲子,0.007616460342922293,甲,子,木,水,2,8,2015-02
2015-02-25,3228.843,乙未,戊寅,壬申,-0.005563142265282761,壬,申,水,金,2,9,2015-02
2015-02-26,3298.359,乙未,戊寅,癸酉,0.02152969345366129,癸,酉,水,金,2,9,2015-02
2015-02-27,3310.303,乙未,戊寅,甲戌,0.003621194660738958,甲,戌,木,土,2,9,2015-02
2015-03-02,3336.285,乙未,戊寅,丁丑,0.007848828339882985,丁,丑,火,土,3,10,2015-03
2015-03-03,3263.052,乙未,戊寅,戊寅,-0.021950462865132803,戊,寅,土,木,3,10,2015-03
2015-03-04,3279.533,乙未,戊寅,己卯,0.005050792938635196,己,卯,土,木,3,10,2015-03
2015-03-05,3248.476,乙未,戊寅,庚辰,-0.009469945873391006,庚,辰,金,土,3,10,2015-03
2015-03-06,3241.187,乙未,己卯,辛巳,-0.0022438214104091303,辛,巳,金,火,3,10,2015-03
2015-03-09,3302.408,乙未,己卯,甲申,0.018888450434979553,甲,申,木,金,3,11,2015-03
2015-03-10,3286.068,乙未,己卯,乙酉,-0.004947904680463355,乙,酉,木,金,3,11,2015-03
2015-03-11,3290.9,乙未,己卯,丙戌,0.0014704503984701578,丙,戌,火,土,3,11,2015-03
2015-03-12,3349.323,乙未,己卯,丁亥,0.017752894345012038,丁,亥,火,水,3,11,2015-03
2015-03-13,3372.911,乙未,己卯,戊子,0.007042617269221285,戊,子,土,水,3,11,2015-03
2015-03-16,3449.305,乙未,己卯,辛卯,0.022649278323679356,辛,卯,金,木,3,12,2015-03
2015-03-17,3502.847,乙未,己卯,壬辰,0.015522547295759637,壬,辰,水,土,3,12,2015-03
2015-03-18,3577.301,乙未,己卯,癸巳,0.021255281775081736,癸,巳,水,火,3,12,2015-03
2015-03-19,3582.271,乙未,己卯,甲午,0.00138931557618438,甲,午,木,火,3,12,2015-03
2015-03-20,3617.318,乙未,己卯,乙未,0.009783458593724426,乙,未,木,土,3,12,2015-03
2015-03-23,3687.728,乙未,己卯,戊戌,0.019464697325477065,戊,戌,土,土,3,13,2015-03
2015-03-24,3691.41,乙未,己卯,己亥,0.0009984467401065178,己,亥,土,水,3,13,2015-03
2015-03-25,3660.727,乙未,己卯,庚子,-0.008312000021671984,庚,子,金,水,3,13,2015-03
2015-03-26,3682.095,乙未,己卯,辛丑,0.005837091921905069,辛,丑,金,土,3,13,2015-03
2015-03-27,3691.096,乙未,己卯,壬寅,0.002444532256772325,壬,寅,水,木,3,13,2015-03
2015-03-30,3786.568,乙未,己卯,乙巳,0.025865488191041397,乙,巳,木,火,3,14,2015-03
2015-03-31,3747.899,乙未,己卯,丙午,-0.010212149894046618,丙,午,火,火,3,14,2015-03
2015-04-01,3810.294,乙未,己卯,丁未,0.016647993982762177,丁,未,火,土,4,14,2015-04
2015-04-02,3825.784,乙未,己卯,戊申,0.004065303097346318,戊,申,土,金,4,14,2015-04
2015-04-03,3863.929,乙未,己卯,己酉,0.009970505391835971,己,酉,土,金,4,14,2015-04
2015-04-07,3961.378,乙未,庚辰,癸丑,0.02522018391124692,癸,丑,水,土,4,15,2015-04
2015-04-08,3994.811,乙未,庚辰,甲寅,0.008439739908688404,甲,寅,木,木,4,15,2015-04
2015-04-09,3957.534,乙未,庚辰,乙卯,-0.00933135510040406,乙,卯,木,木,4,15,2015-04
2015-04-10,4034.31,乙未,庚辰,丙辰,0.01939995967185615,丙,辰,火,土,4,15,2015-04
2015-04-13,4121.715,乙未,庚辰,己未,0.021665414903663915,己,未,土,土,4,16,2015-04
2015-04-14,4135.565,乙未,庚辰,庚申,0.0033602517398703124,庚,申,金,金,4,16,2015-04
2015-04-15,4084.163,乙未,庚辰,辛酉,-0.012429256945544198,辛,酉,金,金,4,16,2015-04
2015-04-16,4194.823,乙未,庚辰,壬戌,0.027094902921357633,壬,戌,水,土,4,16,2015-04
2015-04-17,4287.296,乙未,庚辰,癸亥,0.022044553488907548,癸,亥,水,水,4,16,2015-04
2015-04-20,4217.077,乙未,庚辰,丙寅,-0.01637838861604146,丙,寅,火,木,4,17,2015-04
2015-04-21,4293.623,乙未,庚辰,丁卯,0.018151435223971335,丁,卯,火,木,4,17,2015-04
2015-04-22,4398.494,乙未,庚辰,戊辰,0.0244248272379759,戊,辰,土,土,4,17,2015-04
2015-04-23,4414.508,乙未,庚辰,己巳,0.003640791598215287,己,巳,土,火,4,17,2015-04
2015-04-24,4393.686,乙未,庚辰,庚午,-0.004716720413690534,庚,午,金,火,4,17,2015-04
2015-04-27,4527.396,乙未,庚辰,癸酉,0.030432306723785052,癸,酉,水,金,4,18,2015-04
2015-04-28,4476.215,乙未,庚辰,甲戌,-0.011304732345038815,甲,戌,木,土,4,18,2015-04
2015-04-29,4476.62,乙未,庚辰,乙亥,9.047822769892022e-05,乙,亥,木,水,4,18,2015-04
2015-04-30,4441.655,乙未,庚辰,丙子,-0.007810580303890036,丙,子,火,水,4,18,2015-04
2015-05-04,4480.464,乙未,庚辰,庚辰,0.008737508879010258,庚,辰,金,土,5,19,2015-05
2015-05-05,4298.706,乙未,庚辰,辛巳,-0.04056678058343954,辛,巳,金,火,5,19,2015-05
2015-05-06,4229.266,乙未,辛巳,壬午,-0.016153698345502177,壬,午,水,火,5,19,2015-05
2015-05-07,4112.214,乙未,辛巳,癸未,-0.027676670136141723,癸,未,水,土,5,19,2015-05
2015-05-08,4205.917,乙未,辛巳,甲申,0.02278650867877996,甲,申,木,金,5,19,2015-05
2015-05-11,4333.584,乙未,辛巳,丁亥,0.030354141558190495,丁,亥,火,水,5,20,2015-05
2015-05-12,4401.219,乙未,辛巳,戊子,0.015607174108082322,戊,子,土,水,5,20,2015-05
2015-05-13,4375.76,乙未,辛巳,己丑,-0.005784533784844559,己,丑,土,土,5,20,2015-05
2015-05-14,4378.311,乙未,辛巳,庚寅,0.0005829844415596863,庚,寅,金,木,5,20,2015-05
2015-05-15,4308.691,乙未,辛巳,辛卯,-0.01590110889792884,辛,卯,金,木,5,20,2015-05
2015-05-18,4283.491,乙未,辛巳,甲午,-0.005848644054539998,甲,午,木,火,5,21,2015-05
2015-05-19,4417.552,乙未,辛巳,乙未,0.03129713591087269,乙,未,木,土,5,21,2015-05
2015-05-20,4446.288,乙未,辛巳,丙申,0.006504960213258304,丙,申,火,金,5,21,2015-05
2015-05-21,4529.422,乙未,辛巳,丁酉,0.018697394320835725,丁,酉,火,金,5,21,2015-05
2015-05-22,4657.596,乙未,辛巳,戊戌,0.0282980918978184,戊,戌,土,土,5,21,2015-05
2015-05-25,4813.798,乙未,辛巳,辛丑,0.033537043573551806,辛,丑,金,土,5,22,2015-05
2015-05-26,4910.897,乙未,辛巳,壬寅,0.020170975184251594,壬,寅,水,木,5,22,2015-05
2015-05-27,4941.714,乙未,辛巳,癸卯,0.006275228334049698,癸,卯,水,木,5,22,2015-05
2015-05-28,4620.266,乙未,辛巳,甲辰,-0.06504787610128804,甲,辰,木,土,5,22,2015-05
2015-05-29,4611.744,乙未,辛巳,乙巳,-0.0018444825471087833,乙,巳,木,火,5,22,2015-05
2015-06-01,4828.738,乙未,辛巳,戊申,0.047052481664203505,戊,申,土,金,6,23,2015-06
2015-06-02,4910.527,乙未,辛巳,己酉,0.01693796598614372,己,酉,土,金,6,23,2015-06
2015-06-03,4909.978,乙未,辛巳,庚戌,-0.00011180062750903996,庚,戌,金,土,6,23,2015-06
2015-06-04,4947.102,乙未,辛巳,辛亥,0.00756093000824043,辛,亥,金,水,6,23,2015-06
2015-06-05,5023.096,乙未,辛巳,壬子,0.015361316584941997,壬,子,水,水,6,23,2015-06
2015-06-08,5131.881,乙未,壬午,乙卯,0.021656962160388815,乙,卯,木,木,6,24,2015-06
2015-06-09,5113.534,乙未,壬午,丙辰,-0.0035751023844864394,丙,辰,火,土,6,24,2015-06
2015-06-10,5106.036,乙未,壬午,丁巳,-0.0014663049077212609,丁,巳,火,火,6,24,2015-06
2015-06-11,5121.593,乙未,壬午,戊午,0.0030467861957885756,戊,午,土,火,6,24,2015-06
2015-06-12,5166.35,乙未,壬午,己未,0.00873888260937572,己,未,土,土,6,24,2015-06
2015-06-15,5062.993,乙未,壬午,壬戌,-0.02000580680751396,壬,戌,水,土,6,25,2015-06
2015-06-16,4887.432,乙未,壬午,癸亥,-0.034675339270664685,癸,亥,水,水,6,25,2015-06
2015-06-17,4967.898,乙未,壬午,甲子,0.016463860775965955,甲,子,木,水,6,25,2015-06
2015-06-18,4785.356,乙未,壬午,乙丑,-0.036744313188394884,乙,丑,木,土,6,25,2015-06
2015-06-19,4478.364,乙未,壬午,丙寅,-0.06415238490093533,丙,寅,火,木,6,25,2015-06
2015-06-23,4576.492,乙未,壬午,庚午,0.021911573065521495,庚,午,金,火,6,26,2015-06
2015-06-24,4690.15,乙未,壬午,辛未,0.02483517943437885,辛,未,金,土,6,26,2015-06
2015-06-25,4527.779,乙未,壬午,壬申,-0.03461957506689539,壬,申,水,金,6,26,2015-06
2015-06-26,4192.873,乙未,壬午,癸酉,-0.07396694935861503,癸,酉,水,金,6,26,2015-06
2015-06-29,4053.03,乙未,壬午,丙子,-0.03335254847928837,丙,子,火,水,6,27,2015-06
2015-06-30,4277.222,乙未,壬午,丁丑,0.055314665817918884,丁,丑,火,土,6,27,2015-06
2015-07-01,4053.7,乙未,壬午,戊寅,-0.05225868566092662,戊,寅,土,木,7,27,2015-07
2015-07-02,3912.767,乙未,壬午,己卯,-0.0347665096085058,己,卯,土,木,7,27,2015-07
2015-07-03,3686.915,乙未,壬午,庚辰,-0.057721811700006675,庚,辰,金,土,7,27,2015-07
2015-07-06,3775.912,乙未,壬午,癸未,0.024138609108156794,癸,未,水,土,7,28,2015-07
2015-07-07,3727.125,乙未,癸未,甲申,-0.012920587132327133,甲,申,木,金,7,28,2015-07
2015-07-08,3507.192,乙未,癸未,乙酉,-0.059008753395713875,乙,酉,木,金,7,28,2015-07
2015-07-09,3709.33,乙未,癸未,丙戌,0.05763528201478563,丙,戌,火,土,7,28,2015-07
2015-07-10,3877.803,乙未,癸未,丁亥,0.04541871443090795,丁,亥,火,水,7,28,2015-07
2015-07-13,3970.388,乙未,癸未,庚寅,0.02387563267138626,庚,寅,金,木,7,29,2015-07
2015-07-14,3924.487,乙未,癸未,辛卯,-0.011560834860471991,辛,卯,金,木,7,29,2015-07
2015-07-15,3805.703,乙未,癸未,壬辰,-0.03026739545831092,壬,辰,水,土,7,29,2015-07
2015-07-16,3823.176,乙未,癸未,癸巳,0.004591267368998508,癸,巳,水,火,7,29,2015-07
2015-07-17,3957.352,乙未,癸未,甲午,0.03509542851283842,甲,午,木,火,7,29,2015-07
2015-07-20,3992.11,乙未,癸未,丁酉,0.008783145901603007,丁,酉,火,金,7,30,2015-07
2015-07-21,4017.675,乙未,癸未,戊戌,0.006403881656567689,戊,戌,土,土,7,30,2015-07
2015-07-22,4026.045,乙未,癸未,己亥,0.002083294442681405,己,亥,土,水,7,30,2015-07
2015-07-23,4123.923,乙未,癸未,庚子,0.02431120367507056,庚,子,金,水,7,30,2015-07
2015-07-24,4070.908,乙未,癸未,辛丑,-0.012855477660470349,辛,丑,金,土,7,30,2015-07
2015-07-27,3725.558,乙未,癸未,甲辰,-0.08483365381875496,甲,辰,木,土,7,31,2015-07
2015-07-28,3663.002,乙未,癸未,乙巳,-0.016791041771460846,乙,巳,木,火,7,31,2015-07
2015-07-29,3789.168,乙未,癸未,丙午,0.03444333363727359,丙,午,火,火,7,31,2015-07
2015-07-30,3705.766,乙未,癸未,丁未,-0.02201063663579972,丁,未,火,土,7,31,2015-07
2015-07-31,3663.726,乙未,癸未,戊申,-0.011344483164884123,戊,申,土,金,7,31,2015-07
2015-08-03,3622.905,乙未,癸未,辛亥,-0.011141935832537642,辛,亥,金,水,8,32,2015-08
2015-08-04,3756.545,乙未,癸未,壬子,0.036887525342232275,壬,子,水,水,8,32,2015-08
2015-08-05,3694.573,乙未,癸未,癸丑,-0.016497073773906634,癸,丑,水,土,8,32,2015-08
2015-08-06,3661.539,乙未,癸未,甲寅,-0.008941222706927099,甲,寅,木,木,8,32,2015-08
2015-08-07,3744.205,乙未,癸未,乙卯,0.022576845419371327,乙,卯,木,木,8,32,2015-08
2015-08-10,3928.415,乙未,甲申,戊午,0.04919869505008401,戊,午,土,火,8,33,2015-08
2015-08-11,3927.908,乙未,甲申,己未,-0.00012905968437648685,己,未,土,土,8,33,2015-08
2015-08-12,3886.32,乙未,甲申,庚申,-0.010587824358411546,庚,申,金,金,8,33,2015-08
2015-08-13,3954.556,乙未,甲申,辛酉,0.017557998312027756,辛,酉,金,金,8,33,2015-08
2015-08-14,3965.335,乙未,甲申,壬戌,0.0027257168693526346,壬,戌,水,土,8,33,2015-08
2015-08-17,3993.668,乙未,甲申,乙丑,0.007145171845506226,乙,丑,木,土,8,34,2015-08
2015-08-18,3748.164,乙未,甲申,丙寅,-0.061473312253297,丙,寅,火,木,8,34,2015-08
2015-08-19,3794.109,乙未,甲申,丁卯,0.01225800151754286,丁,卯,火,木,8,34,2015-08
2015-08-20,3664.291,乙未,甲申,戊辰,-0.034215674879134905,戊,辰,土,土,8,34,2015-08
2015-08-21,3507.744,乙未,甲申,己巳,-0.04272231654090797,己,巳,土,火,8,34,2015-08
2015-08-24,3209.905,乙未,甲申,壬申,-0.08490898993769214,壬,申,水,金,8,35,2015-08
2015-08-25,2964.967,乙未,甲申,癸酉,-0.07630693120201382,癸,酉,水,金,8,35,2015-08
2015-08-26,2927.288,乙未,甲申,甲戌,-0.012708067239871501,甲,戌,木,土,8,35,2015-08
2015-08-27,3083.591,乙未,甲申,乙亥,0.053395156199185,乙,亥,木,水,8,35,2015-08
2015-08-28,3232.35,乙未,甲申,丙子,0.048242130684646556,丙,子,火,水,8,35,2015-08
2015-08-31,3205.986,乙未,甲申,己卯,-0.008156294955682375,己,卯,土,木,8,36,2015-08
2015-09-01,3166.624,乙未,甲申,庚辰,-0.012277658105805833,庚,辰,金,土,9,36,2015-09
2015-09-02,3160.167,乙未,甲申,辛巳,-0.002039080105500357,辛,巳,金,火,9,36,2015-09
2015-09-07,3080.42,乙未,甲申,丙戌,-0.025235058780121333,丙,戌,火,土,9,37,2015-09
2015-09-08,3170.452,乙未,乙酉,丁亥,0.029227183306172577,丁,亥,火,水,9,37,2015-09
2015-09-09,3243.089,乙未,乙酉,戊子,0.02291061337626288,戊,子,土,水,9,37,2015-09
2015-09-10,3197.893,乙未,乙酉,己丑,-0.01393609611083746,己,丑,土,土,9,37,2015-09
2015-09-11,3200.234,乙未,乙酉,庚寅,0.0007320445055540858,庚,寅,金,木,9,37,2015-09
2015-09-14,3114.798,乙未,乙酉,癸巳,-0.02669679779666112,癸,巳,水,火,9,38,2015-09
2015-09-15,3005.172,乙未,乙酉,甲午,-0.03519521972211348,甲,午,木,火,9,38,2015-09
2015-09-16,3152.263,乙未,乙酉,乙未,0.04894595051464612,乙,未,木,土,9,38,2015-09
2015-09-17,3086.061,乙未,乙酉,丙申,-0.0210014202495159,丙,申,火,金,9,38,2015-09
2015-09-18,3097.917,乙未,乙酉,丁酉,0.003841790554366842,丁,酉,火,金,9,38,2015-09
2015-09-21,3156.54,乙未,乙酉,庚子,0.018923360438643178,庚,子,金,水,9,39,2015-09
2015-09-22,3185.619,乙未,乙酉,辛丑,0.009212302077591383,辛,丑,金,土,9,39,2015-09
2015-09-23,3115.888,乙未,乙酉,壬寅,-0.021889309424636183,壬,寅,水,木,9,39,2015-09
2015-09-24,3142.687,乙未,乙酉,癸卯,0.008600758435476585,癸,卯,水,木,9,39,2015-09
2015-09-25,3092.347,乙未,乙酉,甲辰,-0.016018139891118555,甲,辰,木,土,9,39,2015-09
2015-09-29,3038.137,乙未,乙酉,戊申,-0.017530374178576946,戊,申,土,金,9,40,2015-09
2015-09-30,3052.781,乙未,乙酉,己酉,0.004820059134923671,己,酉,土,金,9,40,2015-09
2015-10-08,3143.357,乙未,丙戌,丁巳,0.02966999598071407,丁,巳,火,火,10,41,2015-10
2015-10-09,3183.152,乙未,丙戌,戊午,0.012660031934011995,戊,午,土,火,10,41,2015-10
2015-10-12,3287.662,乙未,丙戌,辛酉,0.03283223672636426,辛,酉,金,金,10,42,2015-10
2015-10-13,3293.23,乙未,丙戌,壬戌,0.0016936047562068346,壬,戌,水,土,10,42,2015-10
2015-10-14,3262.441,乙未,丙戌,癸亥,-0.00934917998439233,癸,亥,水,水,10,42,2015-10
2015-10-15,3338.073,乙未,丙戌,甲子,0.023182641463860953,甲,子,木,水,10,42,2015-10
2015-10-16,3391.352,乙未,丙戌,乙丑,0.015961005046923882,乙,丑,木,土,10,42,2015-10
2015-10-19,3386.7,乙未,丙戌,戊辰,-0.001371724315258338,戊,辰,土,土,10,43,2015-10
2015-10-20,3425.33,乙未,丙戌,己巳,0.011406383795435016,己,巳,土,火,10,43,2015-10
2015-10-21,3320.676,乙未,丙戌,庚午,-0.030552968619081966,庚,午,金,火,10,43,2015-10
2015-10-22,3368.739,乙未,丙戌,辛未,0.014473860141730244,辛,未,金,土,10,43,2015-10
2015-10-23,3412.434,乙未,丙戌,壬申,0.01297072880980088,壬,申,水,金,10,43,2015-10
2015-10-26,3429.581,乙未,丙戌,乙亥,0.0050248590888497535,乙,亥,木,水,10,44,2015-10
2015-10-27,3434.336,乙未,丙戌,丙子,0.0013864667433134414,丙,子,火,水,10,44,2015-10
2015-10-28,3375.196,乙未,丙戌,丁丑,-0.017220213747286217,丁,丑,火,土,10,44,2015-10
2015-10-29,3387.315,乙未,丙戌,戊寅,0.0035906062936790217,戊,寅,土,木,10,44,2015-10
2015-10-30,3382.561,乙未,丙戌,己卯,-0.0014034714810993165,己,卯,土,木,10,44,2015-10
2015-11-02,3325.085,乙未,丙戌,壬午,-0.016991859126856856,壬,午,水,火,11,45,2015-11
2015-11-03,3316.695,乙未,丙戌,癸未,-0.0025232437667006558,癸,未,水,土,11,45,2015-11
2015-11-04,3459.64,乙未,丙戌,甲申,0.04309862679565035,甲,申,木,金,11,45,2015-11
2015-11-05,3522.819,乙未,丙戌,乙酉,0.01826172665364023,乙,酉,木,金,11,45,2015-11
2015-11-06,3590.032,乙未,丙戌,丙戌,0.01907932255389788,丙,戌,火,土,11,45,2015-11
2015-11-09,3646.881,乙未,丁亥,己丑,0.015835234894842065,己,丑,土,土,11,46,2015-11
2015-11-10,3640.485,乙未,丁亥,庚寅,-0.0017538274487156613,庚,寅,金,木,11,46,2015-11
2015-11-11,3650.249,乙未,丁亥,辛卯,0.0026820602199981725,辛,卯,金,木,11,46,2015-11
2015-11-12,3632.902,乙未,丁亥,壬辰,-0.004752278543189714,壬,辰,水,土,11,46,2015-11
2015-11-13,3580.839,乙未,丁亥,癸巳,-0.014330967364382552,癸,巳,水,火,11,46,2015-11
2015-11-16,3606.957,乙未,丁亥,丙申,0.007293821364211084,丙,申,火,金,11,47,2015-11
2015-11-17,3604.795,乙未,丁亥,丁酉,-0.0005993972204270115,丁,酉,火,金,11,47,2015-11
2015-11-18,3568.468,乙未,丁亥,戊戌,-0.01007741078202784,戊,戌,土,土,11,47,2015-11
2015-11-19,3617.062,乙未,丁亥,己亥,0.013617608452702878,己,亥,土,水,11,47,2015-11
2015-11-20,3630.5,乙未,丁亥,庚子,0.0037151699362631962,庚,子,金,水,11,47,2015-11
2015-11-23,3610.315,乙未,丁亥,癸卯,-0.005559840242390868,癸,卯,水,木,11,48,2015-11
2015-11-24,3616.113,乙未,丁亥,甲辰,0.0016059540511006443,甲,辰,木,土,11,48,2015-11
2015-11-25,3647.93,乙未,丁亥,乙巳,0.008798674156476949,乙,巳,木,火,11,48,2015-11
2015-11-26,3635.552,乙未,丁亥,丙午,-0.0033931572151877365,丙,午,火,火,11,48,2015-11
2015-11-27,3436.303,乙未,丁亥,丁未,-0.05480570763394399,丁,未,火,土,11,48,2015-11
2015-11-30,3445.405,乙未,丁亥,庚戌,0.0026487768977299098,庚,戌,金,土,11,49,2015-11
2015-12-01,3456.309,乙未,丁亥,辛亥,0.003164794849952246,辛,亥,金,水,12,49,2015-12
2015-12-02,3536.905,乙未,丁亥,壬子,0.02331851694972875,壬,子,水,水,12,49,2015-12
2015-12-03,3584.824,乙未,丁亥,癸丑,0.013548285860095266,癸,丑,水,土,12,49,2015-12
2015-12-04,3524.992,乙未,丁亥,甲寅,-0.016690359136180666,甲,寅,木,木,12,49,2015-12
2015-12-07,3536.927,乙未,戊子,丁巳,0.0033858232869747873,丁,巳,火,火,12,50,2015-12
2015-12-08,3470.07,乙未,戊子,戊午,-0.018902567115464897,戊,午,土,火,12,50,2015-12
2015-12-09,3472.439,乙未,戊子,己未,0.000682695161768887,己,未,土,土,12,50,2015-12
2015-12-10,3455.495,乙未,戊子,庚申,-0.004879567358850645,庚,申,金,金,12,50,2015-12
2015-12-11,3434.581,乙未,戊子,辛酉,-0.006052389020965054,辛,酉,金,金,12,50,2015-12
2015-12-14,3520.668,乙未,戊子,甲子,0.025064775004578488,甲,子,木,水,12,51,2015-12
2015-12-15,3510.354,乙未,戊子,乙丑,-0.0029295576862119477,乙,丑,木,土,12,51,2015-12
2015-12-16,3516.187,乙未,戊子,丙寅,0.001661655776027171,丙,寅,火,木,12,51,2015-12
2015-12-17,3579.999,乙未,戊子,丁卯,0.018148067779102828,丁,卯,火,木,12,51,2015-12
2015-12-18,3578.964,乙未,戊子,戊辰,-0.0002891062260073074,戊,辰,土,土,12,51,2015-12
2015-12-21,3642.472,乙未,戊子,辛未,0.017744799891812324,辛,未,金,土,12,52,2015-12
2015-12-22,3651.767,乙未,戊子,壬申,0.0025518384218188306,壬,申,水,金,12,52,2015-12
2015-12-23,3636.089,乙未,戊子,癸酉,-0.0042932640554558255,癸,酉,水,金,12,52,2015-12
2015-12-24,3612.485,乙未,戊子,甲戌,-0.0064915902773556855,甲,戌,木,土,12,52,2015-12
2015-12-25,3627.914,乙未,戊子,乙亥,0.004271021194551805,乙,亥,木,水,12,52,2015-12
2015-12-28,3533.779,乙未,戊子,戊寅,-0.025947417717178567,戊,寅,土,木,12,53,2015-12
2015-12-29,3563.736,乙未,戊子,己卯,0.00847732696357073,己,卯,土,木,12,53,2015-12
2015-12-30,3572.876,乙未,戊子,庚辰,0.002564724210772251,庚,辰,金,土,12,53,2015-12
2015-12-31,3539.182,乙未,戊子,辛巳,-0.009430498007767518,辛,巳,金,火,12,53,2015-12
2016-01-04,3296.258,乙未,戊子,乙酉,-0.06863845939541957,乙,酉,木,金,1,1,2016-01
2016-01-05,3287.711,乙未,戊子,丙戌,-0.0025929402370810095,丙,戌,火,土,1,1,2016-01
2016-01-06,3361.84,乙未,己丑,丁亥,0.022547298104973468,丁,亥,火,水,1,1,2016-01
2016-01-07,3125.002,乙未,己丑,戊子,-0.07044892082906984,戊,子,土,水,1,1,2016-01
2016-01-08,3186.412,乙未,己丑,己丑,0.019651187423239902,己,丑,土,土,1,1,2016-01
2016-01-11,3016.704,乙未,己丑,壬辰,-0.05325990487105858,壬,辰,水,土,1,2,2016-01
2016-01-12,3022.861,乙未,己丑,癸巳,0.0020409692167344673,癸,巳,水,火,1,2,2016-01
2016-01-13,2949.597,乙未,己丑,甲午,-0.02423664204209175,甲,午,木,火,1,2,2016-01
2016-01-14,3007.649,乙未,己丑,乙未,0.01968133273799766,乙,未,木,土,1,2,2016-01
2016-01-15,2900.97,乙未,己丑,丙申,-0.03546923194827589,丙,申,火,金,1,2,2016-01
2016-01-18,2913.837,乙未,己丑,己亥,0.004435412982554121,己,亥,土,水,1,3,2016-01
2016-01-19,3007.739,乙未,己丑,庚子,0.032226236402379316,庚,子,金,水,1,3,2016-01
2016-01-20,2976.694,乙未,己丑,辛丑,-0.010321706770434536,辛,丑,金,土,1,3,2016-01
2016-01-21,2880.482,乙未,己丑,壬寅,-0.032321763674734494,壬,寅,水,木,1,3,2016-01
2016-01-22,2916.562,乙未,己丑,癸卯,0.012525681465810123,癸,卯,水,木,1,3,2016-01
2016-01-25,2938.515,乙未,己丑,丙午,0.007527012969379632,丙,午,火,火,1,4,2016-01
2016-01-26,2749.785,乙未,己丑,丁未,-0.06422631839551607,丁,未,火,土,1,4,2016-01
2016-01-27,2735.558,乙未,己丑,戊申,-0.005173859047161833,戊,申,土,金,1,4,2016-01
2016-01-28,2655.661,乙未,己丑,己酉,-0.029206838239218436,己,酉,土,金,1,4,2016-01
2016-01-29,2737.6,乙未,己丑,庚戌,0.03085446523483215,庚,戌,金,土,1,4,2016-01
2016-02-01,2688.854,乙未,己丑,癸丑,-0.017806107539450666,癸,丑,水,土,2,5,2016-02
2016-02-02,2749.57,乙未,己丑,甲寅,0.02258062356676871,甲,寅,木,木,2,5,2016-02
2016-02-03,2739.247,乙未,己丑,乙卯,-0.0037544052342730616,乙,卯,木,木,2,5,2016-02
2016-02-04,2781.023,丙申,庚寅,丙辰,0.015250906544755027,丙,辰,火,土,2,5,2016-02
2016-02-05,2763.492,丙申,庚寅,丁巳,-0.006303795401907841,丁,巳,火,火,2,5,2016-02
2016-02-15,2746.196,丙申,庚寅,丁卯,-0.006258747989862257,丁,卯,火,木,2,7,2016-02
2016-02-16,2836.571,丙申,庚寅,戊辰,0.03290915870535094,戊,辰,土,土,2,7,2016-02
2016-02-17,2867.338,丙申,庚寅,己巳,0.010846546763680687,己,巳,土,火,2,7,2016-02
2016-02-18,2862.893,丙申,庚寅,庚午,-0.0015502183558409044,庚,午,金,火,2,7,2016-02
2016-02-19,2860.021,丙申,庚寅,辛未,-0.0010031810479818049,辛,未,金,土,2,7,2016-02
2016-02-22,2927.175,丙申,庚寅,甲戌,0.023480247173010227,甲,戌,木,土,2,8,2016-02
2016-02-23,2903.331,丙申,庚寅,乙亥,-0.00814573778472416,乙,亥,木,水,2,8,2016-02
2016-02-24,2928.896,丙申,庚寅,丙子,0.008805403173113957,丙,子,火,水,2,8,2016-02
2016-02-25,2741.245,丙申,庚寅,丁丑,-0.06406885051568934,丁,丑,火,土,2,8,2016-02
2016-02-26,2767.21,丙申,庚寅,戊寅,0.009471973501091746,戊,寅,土,木,2,8,2016-02
2016-02-29,2687.979,丙申,庚寅,辛巳,-0.028632087915264948,辛,巳,金,火,2,9,2016-02
2016-03-01,2733.17,丙申,庚寅,壬午,0.016812259321966616,壬,午,水,火,3,9,2016-03
2016-03-02,2849.681,丙申,庚寅,癸未,0.04262852292393071,癸,未,水,土,3,9,2016-03
2016-03-03,2859.758,丙申,庚寅,甲申,0.0035361852782820336,甲,申,木,金,3,9,2016-03
2016-03-04,2874.147,丙申,庚寅,乙酉,0.005031544627202678,乙,酉,木,金,3,9,2016-03
2016-03-07,2897.34,丙申,辛卯,戊子,0.008069524627654756,戊,子,土,水,3,10,2016-03
2016-03-08,2901.387,丙申,辛卯,己丑,0.001396798442709457,己,丑,土,土,3,10,2016-03
2016-03-09,2862.556,丙申,辛卯,庚寅,-0.013383598947675712,庚,寅,金,木,3,10,2016-03
2016-03-10,2804.726,丙申,辛卯,辛卯,-0.02020222486477119,辛,卯,金,木,3,10,2016-03
2016-03-11,2810.307,丙申,辛卯,壬辰,0.0019898556935684653,壬,辰,水,土,3,10,2016-03
2016-03-14,2859.499,丙申,辛卯,乙未,0.017504137448328683,乙,未,木,土,3,11,2016-03
2016-03-15,2864.368,丙申,辛卯,丙申,0.001702745830650887,丙,申,火,金,3,11,2016-03
2016-03-16,2870.43,丙申,辛卯,丁酉,0.0021163481787256355,丁,酉,火,金,3,11,2016-03
2016-03-17,2904.832,丙申,辛卯,戊戌,0.011984963925265602,戊,戌,土,土,3,11,2016-03
2016-03-18,2955.15,丙申,辛卯,己亥,0.017322172160042282,己,亥,土,水,3,11,2016-03
2016-03-21,3018.802,丙申,辛卯,壬寅,0.021539346564472206,壬,寅,水,木,3,12,2016-03
2016-03-22,2999.363,丙申,辛卯,癸卯,-0.006439309368418411,癸,卯,水,木,3,12,2016-03
2016-03-23,3009.96,丙申,辛卯,甲辰,0.0035330835247351366,甲,辰,木,土,3,12,2016-03
2016-03-24,2960.97,丙申,辛卯,乙巳,-0.01627596380018348,乙,巳,木,火,3,12,2016-03
2016-03-25,2979.434,丙申,辛卯,丙午,0.006235794351175494,丙,午,火,火,3,12,2016-03
2016-03-28,2957.82,丙申,辛卯,己酉,-0.00725439798297256,己,酉,土,金,3,13,2016-03
2016-03-29,2919.832,丙申,辛卯,庚戌,-0.012843242658444498,庚,戌,金,土,3,13,2016-03
2016-03-30,3000.645,丙申,辛卯,辛亥,0.027677277322804894,辛,亥,金,水,3,13,2016-03
2016-03-31,3003.915,丙申,辛卯,壬子,0.0010897657003743344,壬,子,水,水,3,13,2016-03
2016-04-01,3009.53,丙申,辛卯,癸丑,0.0018692273250076052,癸,丑,水,土,4,13,2016-04
2016-04-05,3053.065,丙申,壬辰,丁巳,0.014465713915461809,丁,巳,火,火,4,14,2016-04
2016-04-06,3050.592,丙申,壬辰,戊午,-0.0008100056828138635,戊,午,土,火,4,14,2016-04
2016-04-07,3008.42,丙申,壬辰,己未,-0.013824201990957796,己,未,土,土,4,14,2016-04
2016-04-08,2984.958,丙申,壬辰,庚申,-0.007798778096143488,庚,申,金,金,4,14,2016-04
2016-04-11,3033.957,丙申,壬辰,癸亥,0.016415306346018843,癸,亥,水,水,4,15,2016-04
2016-04-12,3023.646,丙申,壬辰,甲子,-0.0033985320161095123,甲,子,木,水,4,15,2016-04
2016-04-13,3066.638,丙申,壬辰,乙丑,0.01421859569539552,乙,丑,木,土,4,15,2016-04
2016-04-14,3082.362,丙申,壬辰,丙寅,0.005127439234758224,丙,寅,火,木,4,15,2016-04
2016-04-15,3078.117,丙申,壬辰,丁卯,-0.0013771906090199737,丁,卯,火,木,4,15,2016-04
2016-04-18,3033.66,丙申,壬辰,庚午,-0.014442920785662228,庚,午,金,火,4,16,2016-04
2016-04-19,3042.823,丙申,壬辰,辛未,0.0030204439521896997,辛,未,金,土,4,16,2016-04
2016-04-20,2972.584,丙申,壬辰,壬申,-0.023083498448644546,壬,申,水,金,4,16,2016-04
2016-04-21,2952.891,丙申,壬辰,癸酉,-0.006624875865576807,癸,酉,水,金,4,16,2016-04
2016-04-22,2959.24,丙申,壬辰,甲戌,0.0021500962954608127,甲,戌,木,土,4,16,2016-04
2016-04-25,2946.67,丙申,壬辰,丁丑,-0.004247712250442626,丁,丑,火,土,4,17,2016-04
2016-04-26,2964.7,丙申,壬辰,戊寅,0.006118771358855746,戊,寅,土,木,4,17,2016-04
2016-04-27,2953.671,丙申,壬辰,己卯,-0.0037201065875130945,己,卯,土,木,4,17,2016-04
2016-04-28,2945.589,丙申,壬辰,庚辰,-0.0027362560014300152,庚,辰,金,土,4,17,2016-04
2016-04-29,2938.324,丙申,壬辰,辛巳,-0.0024663997590973485,辛,巳,金,火,4,17,2016-04
2016-05-03,2992.643,丙申,壬辰,乙酉,0.018486388839352053,乙,酉,木,金,5,18,2016-05
2016-05-04,2991.272,丙申,壬辰,丙戌,-0.0004581234714599036,丙,戌,火,土,5,18,2016-05
2016-05-05,2997.842,丙申,癸巳,丁亥,0.002196390030729356,丁,亥,火,水,5,18,2016-05
2016-05-06,2913.248,丙申,癸巳,戊子,-0.02821829836262224,戊,子,土,水,5,18,2016-05
2016-05-09,2832.113,丙申,癸巳,辛卯,-0.02785035808829195,辛,卯,金,木,5,19,2016-05
2016-05-10,2832.591,丙申,癸巳,壬辰,0.00016877857627850545,壬,辰,水,土,5,19,2016-05
2016-05-11,2837.037,丙申,癸巳,癸巳,0.0015695877025663219,癸,巳,水,火,5,19,2016-05
2016-05-12,2835.862,丙申,癸巳,甲午,-0.0004141644962684099,甲,午,木,火,5,19,2016-05
2016-05-13,2827.109,丙申,癸巳,乙未,-0.0030865394719489236,乙,未,木,土,5,19,2016-05
2016-05-16,2850.862,丙申,癸巳,戊戌,0.008401869188630506,戊,戌,土,土,5,20,2016-05
2016-05-17,2843.684,丙申,癸巳,己亥,-0.0025178349565849745,己,亥,土,水,5,20,2016-05
2016-05-18,2807.514,丙申,癸巳,庚子,-0.012719416081393042,庚,子,金,水,5,20,2016-05
2016-05-19,2806.906,丙申,癸巳,辛丑,-0.0002165616983567098,辛,丑,金,土,5,20,2016-05
2016-05-20,2825.483,丙申,癸巳,壬寅,0.0066183192454611905,壬,寅,水,木,5,20,2016-05
2016-05-23,2843.645,丙申,癸巳,乙巳,0.0064279275437155725,乙,巳,木,火,5,21,2016-05
2016-05-24,2821.666,丙申,癸巳,丙午,-0.00772916450541461,丙,午,火,火,5,21,2016-05
2016-05-25,2815.086,丙申,癸巳,丁未,-0.0023319556602376945,丁,未,火,土,5,21,2016-05
2016-05-26,2822.443,丙申,癸巳,戊申,0.00261341927031733,戊,申,土,金,5,21,2016-05
2016-05-27,2821.046,丙申,癸巳,己酉,-0.0004949612799975966,己,酉,土,金,5,21,2016-05
2016-05-30,2822.451,丙申,癸巳,壬子,0.0004980422155471675,壬,子,水,水,5,22,2016-05
2016-05-31,2916.616,丙申,癸巳,癸丑,0.033362846688923975,癸,丑,水,土,5,22,2016-05
2016-06-01,2913.508,丙申,癸巳,甲寅,-0.0010656185113159244,甲,寅,木,木,6,22,2016-06
2016-06-02,2925.229,丙申,癸巳,乙卯,0.0040229853496198675,乙,卯,木,木,6,22,2016-06
2016-06-03,2938.682,丙申,癸巳,丙辰,0.0045989561842849636,丙,辰,火,土,6,22,2016-06
2016-06-06,2934.098,丙申,甲午,己未,-0.0015598829679427384,己,未,土,土,6,23,2016-06
2016-06-07,2936.045,丙申,甲午,庚申,0.0006635770175364986,庚,申,金,金,6,23,2016-06
2016-06-08,2927.159,丙申,甲午,辛酉,-0.003026520370089658,辛,酉,金,金,6,23,2016-06
2016-06-13,2833.071,丙申,甲午,丙寅,-0.032143112143891095,丙,寅,火,木,6,24,2016-06
2016-06-14,2842.189,丙申,甲午,丁卯,0.003218415634482774,丁,卯,火,木,6,24,2016-06
2016-06-15,2887.21,丙申,甲午,戊辰,0.01584025552136059,戊,辰,土,土,6,24,2016-06
2016-06-16,2872.817,丙申,甲午,己巳,-0.00498508941157727,己,巳,土,火,6,24,2016-06
2016-06-17,2885.105,丙申,甲午,庚午,0.0042773347553985985,庚,午,金,火,6,24,2016-06
2016-06-20,2888.809,丙申,甲午,癸酉,0.001283835423667501,癸,酉,水,金,6,25,2016-06
2016-06-21,2878.558,丙申,甲午,甲戌,-0.003548521207182631,甲,戌,木,土,6,25,2016-06
2016-06-22,2905.55,丙申,甲午,乙亥,0.009376917192566614,乙,亥,木,水,6,25,2016-06
2016-06-23,2891.96,丙申,甲午,丙子,-0.004677255597047125,丙,子,火,水,6,25,2016-06
2016-06-24,2854.286,丙申,甲午,丁丑,-0.013027151136253634,丁,丑,火,土,6,25,2016-06
2016-06-27,2895.703,丙申,甲午,庚辰,0.014510459007962107,庚,辰,金,土,6,26,2016-06
2016-06-28,2912.557,丙申,甲午,辛巳,0.005820348288481103,辛,巳,金,火,6,26,2016-06
2016-06-29,2931.592,丙申,甲午,壬午,0.006535494412641674,壬,午,水,火,6,26,2016-06
2016-06-30,2929.606,丙申,甲午,癸未,-0.000677447612082438,癸,未,水,土,6,26,2016-06
2016-07-01,2932.476,丙申,甲午,甲申,0.0009796539193325238,甲,申,木,金,7,26,2016-07
2016-07-04,2988.604,丙申,甲午,丁亥,0.019140139595345218,丁,亥,火,水,7,27,2016-07
2016-07-05,3006.392,丙申,甲午,戊子,0.0059519427799734625,戊,子,土,水,7,27,2016-07
2016-07-06,3017.292,丙申,甲午,己丑,0.0036256083704320208,己,丑,土,土,7,27,2016-07
2016-07-07,3016.847,丙申,乙未,庚寅,-0.00014748323993818424,庚,寅,金,木,7,27,2016-07
2016-07-08,2988.094,丙申,乙未,辛卯,-0.009530811473037915,辛,卯,金,木,7,27,2016-07
2016-07-11,2994.917,丙申,乙未,甲午,0.002283395368418706,甲,午,木,火,7,28,2016-07
2016-07-12,3049.381,丙申,乙未,乙未,0.018185478929799936,乙,未,木,土,7,28,2016-07
2016-07-13,3060.689,丙申,乙未,丙申,0.0037082935848291587,丙,申,火,金,7,28,2016-07
2016-07-14,3054.018,丙申,乙未,丁酉,-0.0021795745990526028,丁,酉,火,金,7,28,2016-07
2016-07-15,3054.296,丙申,乙未,戊戌,9.102762328172531e-05,戊,戌,土,土,7,28,2016-07
2016-07-18,3043.564,丙申,乙未,辛丑,-0.0035137393363314784,辛,丑,金,土,7,29,2016-07
2016-07-19,3036.598,丙申,乙未,壬寅,-0.0022887640936744003,壬,寅,水,木,7,29,2016-07
2016-07-20,3027.9,丙申,乙未,癸卯,-0.002864389688723934,癸,卯,水,木,7,29,2016-07
2016-07-21,3039.009,丙申,乙未,甲辰,0.003668879421381055,甲,辰,木,土,7,29,2016-07
2016-07-22,3012.816,丙申,乙未,乙巳,-0.008618928078199195,乙,巳,木,火,7,29,2016-07
2016-07-25,3015.828,丙申,乙未,戊申,0.0009997291570411626,戊,申,土,金,7,30,2016-07
2016-07-26,3050.166,丙申,乙未,己酉,0.011385927844691501,己,酉,土,金,7,30,2016-07
2016-07-27,2991.999,丙申,乙未,庚戌,-0.01907010962682043,庚,戌,金,土,7,30,2016-07
2016-07-28,2994.323,丙申,乙未,辛亥,0.0007767382275194468,辛,亥,金,水,7,30,2016-07
2016-07-29,2979.339,丙申,乙未,壬子,-0.005004136160327355,壬,子,水,水,7,30,2016-07
2016-08-01,2953.385,丙申,乙未,乙卯,-0.008711328250997852,乙,卯,木,木,8,31,2016-08
2016-08-02,2971.279,丙申,乙未,丙辰,0.006058810483563715,丙,辰,火,土,8,31,2016-08
2016-08-03,2978.461,丙申,乙未,丁巳,0.0024171409012752054,丁,巳,火,火,8,31,2016-08
2016-08-04,2982.426,丙申,乙未,戊午,0.0013312244142194007,戊,午,土,火,8,31,2016-08
2016-08-05,2976.696,丙申,乙未,己未,-0.0019212547100917465,己,未,土,土,8,31,2016-08
2016-08-08,3004.277,丙申,丙申,壬戌,0.009265642175082744,壬,戌,水,土,8,32,2016-08
2016-08-09,3025.681,丙申,丙申,癸亥,0.0071245094909691,癸,亥,水,水,8,32,2016-08
2016-08-10,3018.746,丙申,丙申,甲子,-0.0022920459889855804,甲,子,木,水,8,32,2016-08
2016-08-11,3002.638,丙申,丙申,乙丑,-0.005335990507316701,乙,丑,木,土,8,32,2016-08
2016-08-12,3050.667,丙申,丙申,丙寅,0.01599560120134358,丙,寅,火,木,8,32,2016-08
2016-08-15,3125.195,丙申,丙申,己巳,0.02443006726070074,己,巳,土,火,8,33,2016-08
2016-08-16,3110.037,丙申,丙申,庚午,-0.004850257343941844,庚,午,金,火,8,33,2016-08
2016-08-17,3109.555,丙申,丙申,辛未,-0.0001549820789913392,辛,未,金,土,8,33,2016-08
2016-08-18,3104.114,丙申,丙申,壬申,-0.0017497680536281424,壬,申,水,金,8,33,2016-08
2016-08-19,3108.102,丙申,丙申,癸酉,0.0012847466297951637,癸,酉,水,金,8,33,2016-08
2016-08-22,3084.805,丙申,丙申,丙子,-0.0074955712521661555,丙,子,火,水,8,34,2016-08
2016-08-23,3089.706,丙申,丙申,丁丑,0.0015887552049482778,丁,丑,火,土,8,34,2016-08
2016-08-24,3085.88,丙申,丙申,戊寅,-0.0012383055216257377,戊,寅,土,木,8,34,2016-08
2016-08-25,3068.329,丙申,丙申,己卯,-0.005687518633258559,己,卯,土,木,8,34,2016-08
2016-08-26,3070.309,丙申,丙申,庚辰,0.0006453023779393607,庚,辰,金,土,8,34,2016-08
2016-08-29,3070.027,丙申,丙申,癸未,-9.184743294576858e-05,癸,未,水,土,8,35,2016-08
2016-08-30,3074.677,丙申,丙申,甲申,0.001514644659476927,甲,申,木,金,8,35,2016-08
2016-08-31,3085.491,丙申,丙申,乙酉,0.003517117407779713,乙,酉,木,金,8,35,2016-08
2016-09-01,3063.305,丙申,丙申,丙戌,-0.007190427714746206,丙,戌,火,土,9,35,2016-09
2016-09-02,3067.352,丙申,丙申,丁亥,0.0013211221213689228,丁,亥,火,水,9,35,2016-09
2016-09-05,3072.095,丙申,丙申,庚寅,0.0015462848737282098,庚,寅,金,木,9,36,2016-09
2016-09-06,3090.713,丙申,丙申,辛卯,0.006060359461540266,辛,卯,金,木,9,36,2016-09
2016-09-07,3091.928,丙申,丁酉,壬辰,0.0003931131748562411,壬,辰,水,土,9,36,2016-09
2016-09-08,3095.954,丙申,丁酉,癸巳,0.0013021001782707042,癸,巳,水,火,9,36,2016-09
2016-09-09,3078.855,丙申,丁酉,甲午,-0.005523014876836041,甲,午,木,火,9,36,2016-09
2016-09-12,3021.977,丙申,丁酉,丁酉,-0.01847375079372049,丁,酉,火,金,9,37,2016-09
2016-09-13,3023.51,丙申,丁酉,戊戌,0.0005072838079178688,戊,戌,土,土,9,37,2016-09
2016-09-14,3002.849,丙申,丁酉,己亥,-0.0068334485415957325,己,亥,土,水,9,37,2016-09
2016-09-19,3026.051,丙申,丁酉,甲辰,0.007726662246419824,甲,辰,木,土,9,38,2016-09
2016-09-20,3023.0,丙申,丁酉,乙巳,-0.0010082447387700366,乙,巳,木,火,9,38,2016-09
2016-09-21,3025.874,丙申,丁酉,丙午,0.000950711214025679,丙,午,火,火,9,38,2016-09
2016-09-22,3042.313,丙申,丁酉,丁未,0.00543281048715194,丁,未,火,土,9,38,2016-09
2016-09-23,3033.896,丙申,丁酉,戊申,-0.002766644983602906,戊,申,土,金,9,38,2016-09
2016-09-26,2980.43,丙申,丁酉,辛亥,-0.01762288489783448,辛,亥,金,水,9,39,2016-09
2016-09-27,2998.172,丙申,丁酉,壬子,0.005952832309431999,壬,子,水,水,9,39,2016-09
2016-09-28,2987.858,丙申,丁酉,癸丑,-0.0034400961652633066,癸,丑,水,土,9,39,2016-09
2016-09-29,2998.483,丙申,丁酉,甲寅,0.0035560592236980604,甲,寅,木,木,9,39,2016-09
2016-09-30,3004.703,丙申,丁酉,乙卯,0.0020743822793058975,乙,卯,木,木,9,39,2016-09
2016-10-10,3048.143,丙申,戊戌,乙丑,0.014457335716708153,乙,丑,木,土,10,41,2016-10
2016-10-11,3065.25,丙申,戊戌,丙寅,0.005612269503104006,丙,寅,火,木,10,41,2016-10
2016-10-12,3058.498,丙申,戊戌,丁卯,-0.002202756708261977,丁,卯,火,木,10,41,2016-10
2016-10-13,3061.346,丙申,戊戌,戊辰,0.0009311760216943465,戊,辰,土,土,10,41,2016-10
2016-10-14,3063.809,丙申,戊戌,己巳,0.0008045480648055658,己,巳,土,火,10,41,2016-10
2016-10-17,3041.166,丙申,戊戌,壬申,-0.007390473753422611,壬,申,水,金,10,42,2016-10
2016-10-18,3083.875,丙申,戊戌,癸酉,0.014043626687921584,癸,酉,水,金,10,42,2016-10
2016-10-19,3084.719,丙申,戊戌,甲戌,0.000273681650520885,甲,戌,木,土,10,42,2016-10
2016-10-20,3084.458,丙申,戊戌,乙亥,-8.46106241767508e-05,乙,亥,木,水,10,42,2016-10
2016-10-21,3090.941,丙申,戊戌,丙子,0.002101827938652434,丙,子,火,水,10,42,2016-10
2016-10-24,3128.247,丙申,戊戌,己卯,0.01206946363583139,己,卯,土,木,10,43,2016-10
2016-10-25,3131.939,丙申,戊戌,庚辰,0.0011802137107459476,庚,辰,金,土,10,43,2016-10
2016-10-26,3116.312,丙申,戊戌,辛巳,-0.004989560780079061,辛,巳,金,火,10,43,2016-10
2016-10-27,3112.35,丙申,戊戌,壬午,-0.0012713746248771418,壬,午,水,火,10,43,2016-10
2016-10-28,3104.27,丙申,戊戌,癸未,-0.0025961090494320826,癸,未,水,土,10,43,2016-10
2016-10-31,3100.492,丙申,戊戌,丙戌,-0.001217033312179594,丙,戌,火,土,10,44,2016-10
2016-11-01,3122.436,丙申,戊戌,丁亥,0.007077586395965563,丁,亥,火,水,11,44,2016-11
2016-11-02,3102.733,丙申,戊戌,戊子,-0.0063101373414858886,戊,子,土,水,11,44,2016-11
2016-11-03,3128.936,丙申,戊戌,己丑,0.008445135304907092,己,丑,土,土,11,44,2016-11
2016-11-04,3125.317,丙申,戊戌,庚寅,-0.001156623209934704,庚,寅,金,木,11,44,2016-11
2016-11-07,3133.333,丙申,己亥,癸巳,0.0025648598206198248,癸,巳,水,火,11,45,2016-11
2016-11-08,3147.888,丙申,己亥,甲午,0.004645213260129122,甲,午,木,火,11,45,2016-11
2016-11-09,3128.37,丙申,己亥,乙未,-0.006200347661670325,乙,未,木,土,11,45,2016-11
2016-11-10,3171.282,丙申,己亥,丙申,0.013717047535937388,丙,申,火,金,11,45,2016-11
2016-11-11,3196.044,丙申,己亥,丁酉,0.007808198703237235,丁,酉,火,金,11,45,2016-11
2016-11-14,3210.371,丙申,己亥,庚子,0.004482729274065234,庚,子,金,水,11,46,2016-11
2016-11-15,3206.986,丙申,己亥,辛丑,-0.0010543952708270687,辛,丑,金,土,11,46,2016-11
2016-11-16,3205.057,丙申,己亥,壬寅,-0.0006014993517278189,壬,寅,水,木,11,46,2016-11
2016-11-17,3208.453,丙申,己亥,癸卯,0.0010595755395301776,癸,卯,水,木,11,46,2016-11
2016-11-18,3192.856,丙申,己亥,甲辰,-0.004861221280162087,甲,辰,木,土,11,46,2016-11
2016-11-21,3218.148,丙申,己亥,丁未,0.007921434602750521,丁,未,火,土,11,47,2016-11
2016-11-22,3248.352,丙申,己亥,戊申,0.009385522356336606,戊,申,土,金,11,47,2016-11
2016-11-23,3241.137,丙申,己亥,己酉,-0.0022211262818806476,己,酉,土,金,11,47,2016-11
2016-11-24,3241.736,丙申,己亥,庚戌,0.00018481168799699965,庚,戌,金,土,11,47,2016-11
2016-11-25,3261.938,丙申,己亥,辛亥,0.006231846146632636,辛,亥,金,水,11,47,2016-11
2016-11-28,3277.0,丙申,己亥,甲寅,0.00461750039393749,甲,寅,木,木,11,48,2016-11
2016-11-29,3282.924,丙申,己亥,乙卯,0.0018077509917606704,乙,卯,木,木,11,48,2016-11
2016-11-30,3250.034,丙申,己亥,丙辰,-0.010018507891136008,丙,辰,火,土,11,48,2016-11
2016-12-01,3273.309,丙申,己亥,丁巳,0.007161463541612179,丁,巳,火,火,12,48,2016-12
2016-12-02,3243.843,丙申,己亥,戊午,-0.009001899912290723,戊,午,土,火,12,48,2016-12
2016-12-05,3204.709,丙申,己亥,辛酉,-0.01206408571561568,辛,酉,金,金,12,49,2016-12
2016-12-06,3199.647,丙申,己亥,壬戌,-0.0015795505925810804,壬,戌,水,土,12,49,2016-12
2016-12-07,3222.242,丙申,庚子,癸亥,0.007061716495601056,癸,亥,水,水,12,49,2016-12
2016-12-08,3215.366,丙申,庚子,甲子,-0.0021339179366416383,甲,子,木,水,12,49,2016-12
2016-12-09,3232.883,丙申,庚子,乙丑,0.005447902353884482,乙,丑,木,土,12,49,2016-12
2016-12-12,3152.97,丙申,庚子,戊辰,-0.02471880361893708,戊,辰,土,土,12,50,2016-12
2016-12-13,3155.037,丙申,庚子,己巳,0.0006555723651033851,己,巳,土,火,12,50,2016-12
2016-12-14,3140.531,丙申,庚子,庚午,-0.004597727380059258,庚,午,金,火,12,50,2016-12
2016-12-15,3117.677,丙申,庚子,辛未,-0.007277113328924223,辛,未,金,土,12,50,2016-12
2016-12-16,3122.982,丙申,庚子,壬申,0.0017015874319243895,壬,申,水,金,12,50,2016-12
2016-12-19,3118.085,丙申,庚子,乙亥,-0.001568052585637636,乙,亥,木,水,12,51,2016-12
2016-12-20,3102.876,丙申,庚子,丙子,-0.004877673315512476,丙,子,火,水,12,51,2016-12
2016-12-21,3137.43,丙申,庚子,丁丑,0.011136120167225316,丁,丑,火,土,12,51,2016-12
2016-12-22,3139.558,丙申,庚子,戊寅,0.0006782621444940684,戊,寅,土,木,12,51,2016-12
2016-12-23,3110.154,丙申,庚子,己卯,-0.009365649559587741,己,卯,土,木,12,51,2016-12
2016-12-26,3122.569,丙申,庚子,壬午,0.003991763751891364,壬,午,水,火,12,52,2016-12
2016-12-27,3114.664,丙申,庚子,癸未,-0.0025315693584352372,癸,未,水,土,12,52,2016-12
2016-12-28,3102.236,丙申,庚子,甲申,-0.003990157525819882,甲,申,木,金,12,52,2016-12
2016-12-29,3096.097,丙申,庚子,乙酉,-0.001978895222671584,乙,酉,木,金,12,52,2016-12
2016-12-30,3103.637,丙申,庚子,丙戌,0.002435324216263135,丙,戌,火,土,12,52,2016-12
2017-01-03,3135.921,丙申,庚子,庚寅,0.01040198966567285,庚,寅,金,木,1,1,2017-01
2017-01-04,3158.794,丙申,庚子,辛卯,0.007293869966749744,辛,卯,金,木,1,1,2017-01
2017-01-05,3165.411,丙申,辛丑,壬辰,0.0020947868078766696,壬,辰,水,土,1,1,2017-01
2017-01-06,3154.321,丙申,辛丑,癸巳,-0.0035034944909208,癸,巳,水,火,1,1,2017-01
2017-01-09,3171.236,丙申,辛丑,丙申,0.005362485301908082,丙,申,火,金,1,2,2017-01
2017-01-10,3161.671,丙申,辛丑,丁酉,-0.0030161741352583427,丁,酉,火,金,1,2,2017-01
2017-01-11,3136.754,丙申,辛丑,戊戌,-0.007880959151031153,戊,戌,土,土,1,2,2017-01
2017-01-12,3119.289,丙申,辛丑,己亥,-0.0055678577280844355,己,亥,土,水,1,2,2017-01
2017-01-13,3112.764,丙申,辛丑,庚子,-0.002091822848091396,庚,子,金,水,1,2,2017-01
2017-01-16,3103.428,丙申,辛丑,癸卯,-0.0029992636769122782,癸,卯,水,木,1,3,2017-01
2017-01-17,3108.775,丙申,辛丑,甲辰,0.0017229334787209893,甲,辰,木,土,1,3,2017-01
2017-01-18,3113.012,丙申,辛丑,乙巳,0.0013629162612283086,乙,巳,木,火,1,3,2017-01
2017-01-19,3101.299,丙申,辛丑,丙午,-0.003762593912262524,丙,午,火,火,1,3,2017-01
2017-01-20,3123.139,丙申,辛丑,丁未,0.007042210377006475,丁,未,火,土,1,3,2017-01
2017-01-23,3136.775,丙申,辛丑,庚戌,0.004366120111849003,庚,戌,金,土,1,4,2017-01
2017-01-24,3142.553,丙申,辛丑,辛亥,0.0018420192713852757,辛,亥,金,水,1,4,2017-01
2017-01-25,3149.555,丙申,辛丑,壬子,0.0022281247126141324,壬,子,水,水,1,4,2017-01
2017-01-26,3159.166,丙申,辛丑,癸丑,0.0030515422019936622,癸,丑,水,土,1,4,2017-01
2017-02-03,3140.17,丁酉,壬寅,辛酉,-0.006012979374936278,辛,酉,金,金,2,5,2017-02
2017-02-06,3156.984,丁酉,壬寅,甲子,0.005354487177445799,甲,子,木,水,2,6,2017-02
2017-02-07,3153.088,丁酉,壬寅,乙丑,-0.001234089244671388,乙,丑,木,土,2,6,2017-02
2017-02-08,3166.982,丁酉,壬寅,丙寅,0.00440647390748361,丙,寅,火,木,2,6,2017-02
2017-02-09,3183.179,丁酉,壬寅,丁卯,0.005114332825383983,丁,卯,火,木,2,6,2017-02
2017-02-10,3196.699,丁酉,壬寅,戊辰,0.004247326336344948,戊,辰,土,土,2,6,2017-02
2017-02-13,3216.839,丁酉,壬寅,辛未,0.006300249100712918,辛,未,金,土,2,7,2017-02
2017-02-14,3217.928,丁酉,壬寅,壬申,0.0003385310859511659,壬,申,水,金,2,7,2017-02
2017-02-15,3212.986,丁酉,壬寅,癸酉,-0.0015357708438473727,癸,酉,水,金,2,7,2017-02
2017-02-16,3229.618,丁酉,壬寅,甲戌,0.005176493143761007,甲,戌,木,土,2,7,2017-02
2017-02-17,3202.076,丁酉,壬寅,乙亥,-0.008527943552457229,乙,亥,木,水,2,7,2017-02
2017-02-20,3239.961,丁酉,壬寅,戊寅,0.011831386887756423,戊,寅,土,木,2,8,2017-02
2017-02-21,3253.326,丁酉,壬寅,己卯,0.004125049653375568,己,卯,土,木,2,8,2017-02
2017-02-22,3261.218,丁酉,壬寅,庚辰,0.0024258251401796382,庚,辰,金,土,2,8,2017-02
2017-02-23,3251.375,丁酉,壬寅,辛巳,-0.0030181974955368895,辛,巳,金,火,2,8,2017-02
2017-02-24,3253.433,丁酉,壬寅,壬午,0.0006329629772019452,壬,午,水,火,2,8,2017-02
2017-02-27,3228.66,丁酉,壬寅,乙酉,-0.007614418369765175,乙,酉,木,金,2,9,2017-02
2017-02-28,3241.733,丁酉,壬寅,丙戌,0.0040490482119517335,丙,戌,火,土,2,9,2017-02
2017-03-01,3246.934,丁酉,壬寅,丁亥,0.0016043887636643106,丁,亥,火,水,3,9,2017-03
2017-03-02,3230.028,丁酉,壬寅,戊子,-0.005206758129361555,戊,子,土,水,3,9,2017-03
2017-03-03,3218.312,丁酉,壬寅,己丑,-0.0036272131387096174,己,丑,土,土,3,9,2017-03
2017-03-06,3233.866,丁酉,癸卯,壬辰,0.004832968338681853,壬,辰,水,土,3,10,2017-03
2017-03-07,3242.406,丁酉,癸卯,癸巳,0.002640802061681047,癸,巳,水,火,3,10,2017-03
2017-03-08,3240.665,丁酉,癸卯,甲午,-0.0005369469461874443,甲,午,木,火,3,10,2017-03
2017-03-09,3216.746,丁酉,癸卯,乙未,-0.007380892502001912,乙,未,木,土,3,10,2017-03
2017-03-10,3212.76,丁酉,癸卯,丙申,-0.0012391404232724446,丙,申,火,金,3,10,2017-03
2017-03-13,3237.024,丁酉,癸卯,己亥,0.007552384865349371,己,亥,土,水,3,11,2017-03
2017-03-14,3239.328,丁酉,癸卯,庚子,0.0007117648803345311,庚,子,金,水,3,11,2017-03
2017-03-15,3241.76,丁酉,癸卯,辛丑,0.0007507729998321722,辛,丑,金,土,3,11,2017-03
2017-03-16,3268.935,丁酉,癸卯,壬寅,0.008382792063570399,壬,寅,水,木,3,11,2017-03
2017-03-17,3237.447,丁酉,癸卯,癸卯,-0.009632494986899331,癸,卯,水,木,3,11,2017-03
2017-03-20,3250.808,丁酉,癸卯,丙午,0.00412701736893295,丙,午,火,火,3,12,2017-03
2017-03-21,3261.611,丁酉,癸卯,丁未,0.0033231738078656203,丁,未,火,土,3,12,2017-03
2017-03-22,3245.22,丁酉,癸卯,戊申,-0.005025430684407195,戊,申,土,金,3,12,2017-03
2017-03-23,3248.55,丁酉,癸卯,己酉,0.0010261245770704086,己,酉,土,金,3,12,2017-03
2017-03-24,3269.445,丁酉,癸卯,庚戌,0.006432100475596725,庚,戌,金,土,3,12,2017-03
2017-03-27,3266.955,丁酉,癸卯,癸丑,-0.0007615971518102338,癸,丑,水,土,3,13,2017-03
2017-03-28,3252.948,丁酉,癸卯,甲寅,-0.004287478707236558,甲,寅,木,木,3,13,2017-03
2017-03-29,3241.314,丁酉,癸卯,乙卯,-0.003576448194068882,乙,卯,木,木,3,13,2017-03
2017-03-30,3210.237,丁酉,癸卯,丙辰,-0.009587778289915638,丙,辰,火,土,3,13,2017-03
2017-03-31,3222.514,丁酉,癸卯,丁巳,0.0038243282349559315,丁,巳,火,火,3,13,2017-03
2017-04-05,3270.305,丁酉,甲辰,壬戌,0.014830346741705247,壬,戌,水,土,4,14,2017-04
2017-04-06,3281.005,丁酉,甲辰,癸亥,0.003271866079769481,癸,亥,水,水,4,14,2017-04
2017-04-07,3286.616,丁酉,甲辰,甲子,0.001710146738575391,甲,子,木,水,4,14,2017-04
2017-04-10,3269.393,丁酉,甲辰,丁卯,-0.005240344475898606,丁,卯,火,木,4,15,2017-04
2017-04-11,3288.966,丁酉,甲辰,戊辰,0.005986738211037901,戊,辰,土,土,4,15,2017-04
2017-04-12,3273.83,丁酉,甲辰,己巳,-0.004602054262646704,己,巳,土,火,4,15,2017-04
2017-04-13,3275.96,丁酉,甲辰,庚午,0.0006506141125226517,庚,午,金,火,4,15,2017-04
2017-04-14,3246.067,丁酉,甲辰,辛未,-0.009124958790705628,辛,未,金,土,4,15,2017-04
2017-04-17,3222.167,丁酉,甲辰,甲戌,-0.007362756221606093,甲,戌,木,土,4,16,2017-04
2017-04-18,3196.713,丁酉,甲辰,乙亥,-0.007899652625081077,乙,亥,木,水,4,16,2017-04
2017-04-19,3170.687,丁酉,甲辰,丙子,-0.008141487834535166,丙,子,火,水,4,16,2017-04
2017-04-20,3172.1,丁酉,甲辰,丁丑,0.0004456447451293144,丁,丑,火,土,4,16,2017-04
2017-04-21,3173.151,丁酉,甲辰,戊寅,0.00033132625074872024,戊,寅,土,木,4,16,2017-04
2017-04-24,3129.531,丁酉,甲辰,辛巳,-0.013746588170559737,辛,巳,金,火,4,17,2017-04
2017-04-25,3134.567,丁酉,甲辰,壬午,0.001609186807863594,壬,午,水,火,4,17,2017-04
2017-04-26,3140.847,丁酉,甲辰,癸未,0.0020034665074952773,癸,未,水,土,4,17,2017-04
2017-04-27,3152.187,丁酉,甲辰,甲申,0.003610491055438203,甲,申,木,金,4,17,2017-04
2017-04-28,3154.658,丁酉,甲辰,乙酉,0.0007839001937384182,乙,酉,木,金,4,17,2017-04
2017-05-02,3143.712,丁酉,甲辰,己丑,-0.0034697897521696053,己,丑,土,土,5,18,2017-05
2017-05-03,3135.346,丁酉,甲辰,庚寅,-0.002661185248521436,庚,寅,金,木,5,18,2017-05
2017-05-04,3127.369,丁酉,甲辰,辛卯,-0.0025442168105210827,辛,卯,金,木,5,18,2017-05
2017-05-05,3103.038,丁酉,乙巳,壬辰,-0.007780022120830732,壬,辰,水,土,5,18,2017-05
2017-05-08,3078.613,丁酉,乙巳,乙未,-0.007871318366065805,乙,未,木,土,5,19,2017-05
2017-05-09,3080.527,丁酉,乙巳,丙申,0.0006217085421260649,丙,申,火,金,5,19,2017-05
2017-05-10,3052.785,丁酉,乙巳,丁酉,-0.00900560196356015,丁,酉,火,金,5,19,2017-05
2017-05-11,3061.5,丁酉,乙巳,戊戌,0.0028547703162851157,戊,戌,土,土,5,19,2017-05
2017-05-12,3083.513,丁酉,乙巳,己亥,0.007190266209374574,己,亥,土,水,5,19,2017-05
2017-05-15,3090.229,丁酉,乙巳,壬寅,0.002178035247459631,壬,寅,水,木,5,20,2017-05
2017-05-16,3112.964,丁酉,乙巳,癸卯,0.007357059946042854,癸,卯,水,木,5,20,2017-05
2017-05-17,3104.442,丁酉,乙巳,甲辰,-0.0027375838589844825,甲,辰,木,土,5,20,2017-05
2017-05-18,3090.139,丁酉,乙巳,乙巳,-0.004607269196847619,乙,巳,木,火,5,20,2017-05
2017-05-19,3090.631,丁酉,乙巳,丙午,0.00015921613882086127,丙,午,火,火,5,20,2017-05
2017-05-22,3075.676,丁酉,乙巳,己酉,-0.004838817704216347,己,酉,土,金,5,21,2017-05
2017-05-23,3061.947,丁酉,乙巳,庚戌,-0.004463734151451515,庚,戌,金,土,5,21,2017-05
2017-05-24,3064.076,丁酉,乙巳,辛亥,0.0006953092264496696,辛,亥,金,水,5,21,2017-05
2017-05-25,3107.831,丁酉,乙巳,壬子,0.01427999827680515,壬,子,水,水,5,21,2017-05
2017-05-26,3110.059,丁酉,乙巳,癸丑,0.0007168986988030923,癸,丑,水,土,5,21,2017-05
2017-05-31,3117.178,丁酉,乙巳,戊午,0.002289024098899528,戊,午,土,火,5,22,2017-05
2017-06-01,3102.623,丁酉,乙巳,己未,-0.004669287413166634,己,未,土,土,6,22,2017-06
2017-06-02,3105.54,丁酉,乙巳,庚申,0.0009401722349122732,庚,申,金,金,6,22,2017-06
2017-06-05,3091.656,丁酉,丙午,癸亥,-0.004470720068007528,癸,亥,水,水,6,23,2017-06
2017-06-06,3102.126,丁酉,丙午,甲子,0.0033865345950521153,甲,子,木,水,6,23,2017-06
2017-06-07,3140.325,丁酉,丙午,乙丑,0.012313813171998644,乙,丑,木,土,6,23,2017-06
2017-06-08,3150.334,丁酉,丙午,丙寅,0.0031872497273370826,丙,寅,火,木,6,23,2017-06
2017-06-09,3158.4,丁酉,丙午,丁卯,0.0025603634408288833,丁,卯,火,木,6,23,2017-06
2017-06-12,3139.877,丁酉,丙午,庚午,-0.005864678318135863,庚,午,金,火,6,24,2017-06
2017-06-13,3153.743,丁酉,丙午,辛未,0.00441609655410069,辛,未,金,土,6,24,2017-06
2017-06-14,3130.674,丁酉,丙午,壬申,-0.007314800223099938,壬,申,水,金,6,24,2017-06
2017-06-15,3132.486,丁酉,丙午,癸酉,0.0005787891041992843,癸,酉,水,金,6,24,2017-06
2017-06-16,3123.166,丁酉,丙午,甲戌,-0.002975272674802021,甲,戌,木,土,6,24,2017-06
2017-06-19,3144.374,丁酉,丙午,丁丑,0.006790545235187517,丁,丑,火,土,6,25,2017-06
2017-06-20,3140.014,丁酉,丙午,戊寅,-0.001386603502000594,戊,寅,土,木,6,25,2017-06
2017-06-21,3156.212,丁酉,丙午,己卯,0.00515857572609546,己,卯,土,木,6,25,2017-06
2017-06-22,3147.453,丁酉,丙午,庚辰,-0.002775162124724173,庚,辰,金,土,6,25,2017-06
2017-06-23,3157.873,丁酉,丙午,辛巳,0.0033106133753229017,辛,巳,金,火,6,25,2017-06
2017-06-26,3185.444,丁酉,丙午,甲申,0.00873087676420159,甲,申,木,金,6,26,2017-06
2017-06-27,3191.197,丁酉,丙午,乙酉,0.001806027668356469,乙,酉,木,金,6,26,2017-06
2017-06-28,3173.201,丁酉,丙午,丙戌,-0.0056392632607764615,丙,戌,火,土,6,26,2017-06
2017-06-29,3188.063,丁酉,丙午,丁亥,0.004683598675280898,丁,亥,火,水,6,26,2017-06
2017-06-30,3192.427,丁酉,丙午,戊子,0.001368856261623419,戊,子,土,水,6,26,2017-06
2017-07-03,3195.912,丁酉,丙午,辛卯,0.001091645948364528,辛,卯,金,木,7,27,2017-07
2017-07-04,3182.804,丁酉,丙午,壬辰,-0.004101489653031698,壬,辰,水,土,7,27,2017-07
2017-07-05,3207.134,丁酉,丙午,癸巳,0.007644203036065056,癸,巳,水,火,7,27,2017-07
2017-07-06,3212.444,丁酉,丙午,甲午,0.0016556838597949763,甲,午,木,火,7,27,2017-07
2017-07-07,3217.957,丁酉,丁未,乙未,0.00171613886498867,乙,未,木,土,7,27,2017-07
2017-07-10,3212.632,丁酉,丁未,戊戌,-0.0016547766175868395,戊,戌,土,土,7,28,2017-07
2017-07-11,3203.038,丁酉,丁未,己亥,-0.00298633643691526,己,亥,土,水,7,28,2017-07
2017-07-12,3197.544,丁酉,丁未,庚子,-0.00171524658777078,庚,子,金,水,7,28,2017-07
2017-07-13,3218.163,丁酉,丁未,辛丑,0.0064483866367437415,辛,丑,金,土,7,28,2017-07
2017-07-14,3222.417,丁酉,丁未,壬寅,0.0013218721363710273,壬,寅,水,木,7,28,2017-07
2017-07-17,3176.465,丁酉,丁未,乙巳,-0.014260103518569989,乙,巳,木,火,7,29,2017-07
2017-07-18,3187.567,丁酉,丁未,丙午,0.0034950802228261857,丙,午,火,火,7,29,2017-07
2017-07-19,3230.976,丁酉,丁未,丁未,0.013618223554203057,丁,未,火,土,7,29,2017-07
2017-07-20,3244.865,丁酉,丁未,戊申,0.004298701073607303,戊,申,土,金,7,29,2017-07
2017-07-21,3237.982,丁酉,丁未,己酉,-0.002121197646126949,己,酉,土,金,7,29,2017-07
2017-07-24,3250.599,丁酉,丁未,壬子,0.0038965627356792876,壬,子,水,水,7,30,2017-07
2017-07-25,3243.689,丁酉,丁未,癸丑,-0.002125762051855773,癸,丑,水,土,7,30,2017-07
2017-07-26,3247.675,丁酉,丁未,甲寅,0.0012288477717810053,甲,寅,木,木,7,30,2017-07
2017-07-27,3249.781,丁酉,丁未,乙卯,0.0006484639010984061,乙,卯,木,木,7,30,2017-07
2017-07-28,3253.24,丁酉,丁未,丙辰,0.0010643794151050656,丙,辰,火,土,7,30,2017-07
2017-07-31,3273.028,丁酉,丁未,己未,0.006082551548610038,己,未,土,土,7,31,2017-07
2017-08-01,3292.638,丁酉,丁未,庚申,0.005991393901915831,庚,申,金,金,8,31,2017-08
2017-08-02,3285.057,丁酉,丁未,辛酉,-0.002302409192872168,辛,酉,金,金,8,31,2017-08
2017-08-03,3272.929,丁酉,丁未,壬戌,-0.003691868969092349,壬,戌,水,土,8,31,2017-08
2017-08-04,3262.081,丁酉,丁未,癸亥,-0.003314462366889148,癸,亥,水,水,8,31,2017-08
2017-08-07,3279.457,丁酉,戊申,丙寅,0.005326661109886555,丙,寅,火,木,8,32,2017-08
2017-08-08,3281.873,丁酉,戊申,丁卯,0.0007367073268531588,丁,卯,火,木,8,32,2017-08
2017-08-09,3275.573,丁酉,戊申,戊辰,-0.0019196355252016906,戊,辰,土,土,8,32,2017-08
2017-08-10,3261.749,丁酉,戊申,己巳,-0.004220330305567899,己,巳,土,火,8,32,2017-08
2017-08-11,3208.541,丁酉,戊申,庚午,-0.01631272056801414,庚,午,金,火,8,32,2017-08
2017-08-14,3237.36,丁酉,戊申,癸酉,0.008981964076506976,癸,酉,水,金,8,33,2017-08
2017-08-15,3251.262,丁酉,戊申,甲戌,0.0042942397509082575,甲,戌,木,土,8,33,2017-08
2017-08-16,3246.451,丁酉,戊申,乙亥,-0.0014797331005622638,乙,亥,木,水,8,33,2017-08
2017-08-17,3268.43,丁酉,戊申,丙子,0.006770162247943912,丙,子,火,水,8,33,2017-08
2017-08-18,3268.724,丁酉,戊申,丁丑,8.995144457757398e-05,丁,丑,火,土,8,33,2017-08
2017-08-21,3286.906,丁酉,戊申,庚辰,0.005562415180969671,庚,辰,金,土,8,34,2017-08
2017-08-22,3290.226,丁酉,戊申,辛巳,0.0010100684351788125,辛,巳,金,火,8,34,2017-08
2017-08-23,3287.705,丁酉,戊申,壬午,-0.0007662087649906724,壬,午,水,火,8,34,2017-08
2017-08-24,3271.512,丁酉,戊申,癸未,-0.004925320246189857,癸,未,水,土,8,34,2017-08
2017-08-25,3331.522,丁酉,戊申,甲申,0.018343200330611653,甲,申,木,金,8,34,2017-08
2017-08-28,3362.651,丁酉,戊申,丁亥,0.009343777408643783,丁,亥,火,水,8,35,2017-08
2017-08-29,3365.226,丁酉,戊申,戊子,0.0007657648682544149,戊,子,土,水,8,35,2017-08
2017-08-30,3363.627,丁酉,戊申,己丑,-0.0004751538232499186,己,丑,土,土,8,35,2017-08
2017-08-31,3360.81,丁酉,戊申,庚寅,-0.0008374888178742657,庚,寅,金,木,8,35,2017-08
2017-09-01,3367.119,丁酉,戊申,辛卯,0.0018772260258688167,辛,卯,金,木,9,35,2017-09
2017-09-04,3379.583,丁酉,戊申,甲午,0.003701680873173796,甲,午,木,火,9,36,2017-09
2017-09-05,3384.317,丁酉,戊申,乙未,0.001400764532192289,乙,未,木,土,9,36,2017-09
2017-09-06,3385.389,丁酉,戊申,丙申,0.0003167551975775673,丙,申,火,金,9,36,2017-09
2017-09-07,3365.497,丁酉,己酉,丁酉,-0.005875838788393373,丁,酉,火,金,9,36,2017-09
2017-09-08,3365.243,丁酉,己酉,戊戌,-7.547176538857947e-05,戊,戌,土,土,9,36,2017-09
2017-09-11,3376.419,丁酉,己酉,辛丑,0.003321008319458585,辛,丑,金,土,9,37,2017-09
2017-09-12,3379.488,丁酉,己酉,壬寅,0.0009089511698636699,壬,寅,水,木,9,37,2017-09
2017-09-13,3384.147,丁酉,己酉,癸卯,0.0013786111979092741,癸,卯,水,木,9,37,2017-09
2017-09-14,3371.426,丁酉,己酉,甲辰,-0.003758997466717595,甲,辰,木,土,9,37,2017-09
2017-09-15,3353.619,丁酉,己酉,乙巳,-0.005281741316582322,乙,巳,木,火,9,37,2017-09
2017-09-18,3362.859,丁酉,己酉,戊申,0.0027552324816861873,戊,申,土,金,9,38,2017-09
2017-09-19,3356.845,丁酉,己酉,己酉,-0.0017883592502688783,己,酉,土,金,9,38,2017-09
2017-09-20,3365.996,丁酉,己酉,庚戌,0.002726071653591511,庚,戌,金,土,9,38,2017-09
2017-09-21,3357.812,丁酉,己酉,辛亥,-0.0024313754383546993,辛,亥,金,水,9,38,2017-09
2017-09-22,3352.529,丁酉,己酉,壬子,-0.0015733459764870616,壬,子,水,水,9,38,2017-09
2017-09-25,3341.549,丁酉,己酉,乙卯,-0.0032751394544238144,乙,卯,木,木,9,39,2017-09
2017-09-26,3343.583,丁酉,己酉,丙辰,0.0006086997377563463,丙,辰,火,土,9,39,2017-09
2017-09-27,3345.272,丁酉,己酉,丁巳,0.0005051467243373242,丁,巳,火,火,9,39,2017-09
2017-09-28,3339.642,丁酉,己酉,戊午,-0.0016829722665302471,戊,午,土,火,9,39,2017-09
2017-09-29,3348.943,丁酉,己酉,己未,0.0027850290540125666,己,未,土,土,9,39,2017-09
2017-10-09,3374.378,丁酉,庚戌,己巳,0.007594933685046268,己,巳,土,火,10,41,2017-10
2017-10-10,3382.988,丁酉,庚戌,庚午,0.0025515813581049596,庚,午,金,火,10,41,2017-10
2017-10-11,3388.284,丁酉,庚戌,辛未,0.0015654799839668332,辛,未,金,土,10,41,2017-10
2017-10-12,3386.1,丁酉,庚戌,壬申,-0.0006445740675811162,壬,申,水,金,10,41,2017-10
2017-10-13,3390.523,丁酉,庚戌,癸酉,0.0013062224978590553,癸,酉,水,金,10,41,2017-10
2017-10-16,3378.47,丁酉,庚戌,丙子,-0.0035549087854588324,丙,子,火,水,10,42,2017-10
2017-10-17,3372.041,丁酉,庚戌,丁丑,-0.001902932392473411,丁,丑,火,土,10,42,2017-10
2017-10-18,3381.794,丁酉,庚戌,戊寅,0.002892313586934314,戊,寅,土,木,10,42,2017-10
2017-10-19,3370.172,丁酉,庚戌,己卯,-0.003436637477031379,己,卯,土,木,10,42,2017-10
2017-10-20,3378.648,丁酉,庚戌,庚辰,0.0025150051688755948,庚,辰,金,土,10,42,2017-10
2017-10-23,3380.699,丁酉,庚戌,癸未,0.0006070475527488739,癸,未,水,土,10,43,2017-10
2017-10-24,3388.248,丁酉,庚戌,甲申,0.002232970163862591,甲,申,木,金,10,43,2017-10
2017-10-25,3396.898,丁酉,庚戌,乙酉,0.002552941815357146,乙,酉,木,金,10,43,2017-10
2017-10-26,3407.567,丁酉,庚戌,丙戌,0.003140806700701493,丙,戌,火,土,10,43,2017-10
2017-10-27,3416.812,丁酉,庚戌,丁亥,0.0027130794493548382,丁,亥,火,水,10,43,2017-10
2017-10-30,3390.337,丁酉,庚戌,庚寅,-0.007748450895161851,庚,寅,金,木,10,44,2017-10
2017-10-31,3393.342,丁酉,庚戌,辛卯,0.0008863425671252756,辛,卯,金,木,10,44,2017-10
2017-11-01,3395.913,丁酉,庚戌,壬辰,0.0007576601474299505,壬,辰,水,土,11,44,2017-11
2017-11-02,3383.31,丁酉,庚戌,癸巳,-0.00371122581762251,癸,巳,水,火,11,44,2017-11
2017-11-03,3371.744,丁酉,庚戌,甲午,-0.00341854574366518,甲,午,木,火,11,44,2017-11
2017-11-06,3388.174,丁酉,庚戌,丁酉,0.0048728491842795485,丁,酉,火,金,11,45,2017-11
2017-11-07,3413.575,丁酉,辛亥,戊戌,0.007496958538729004,戊,戌,土,土,11,45,2017-11
2017-11-08,3415.46,丁酉,辛亥,己亥,0.0005522069970631538,己,亥,土,水,11,45,2017-11
2017-11-09,3427.795,丁酉,辛亥,庚子,0.0036115193853829552,庚,子,金,水,11,45,2017-11
2017-11-10,3432.673,丁酉,辛亥,辛丑,0.0014230722665735662,辛,丑,金,土,11,45,2017-11
2017-11-13,3447.836,丁酉,辛亥,甲辰,0.004417257338523051,甲,辰,木,土,11,46,2017-11
2017-11-14,3429.548,丁酉,辛亥,乙巳,-0.005304196603318712,乙,巳,木,火,11,46,2017-11
2017-11-15,3402.525,丁酉,辛亥,丙午,-0.007879463999337477,丙,午,火,火,11,46,2017-11
2017-11-16,3399.25,丁酉,辛亥,丁未,-0.0009625204811133381,丁,未,火,土,11,46,2017-11
2017-11-17,3382.908,丁酉,辛亥,戊申,-0.004807531073030891,戊,申,土,金,11,46,2017-11
2017-11-20,3392.399,丁酉,辛亥,辛亥,0.0028055743756554286,辛,亥,金,水,11,47,2017-11
2017-11-21,3410.498,丁酉,辛亥,壬子,0.005335162520682335,壬,子,水,水,11,47,2017-11
2017-11-22,3430.464,丁酉,辛亥,癸丑,0.0058542770000158395,癸,丑,水,土,11,47,2017-11
2017-11-23,3351.918,丁酉,辛亥,甲寅,-0.022896611070688966,甲,寅,木,木,11,47,2017-11
2017-11-24,3353.821,丁酉,辛亥,乙卯,0.0005677346522199311,乙,卯,木,木,11,47,2017-11
2017-11-27,3322.23,丁酉,辛亥,戊午,-0.009419405507926637,戊,午,土,火,11,48,2017-11
2017-11-28,3333.657,丁酉,辛亥,己未,0.003439557164916396,己,未,土,土,11,48,2017-11
2017-11-29,3337.862,丁酉,辛亥,庚申,0.0012613775202428013,庚,申,金,金,11,48,2017-11
2017-11-30,3317.188,丁酉,辛亥,辛酉,-0.0061937851235311925,辛,酉,金,金,11,48,2017-11
2017-12-01,3317.617,丁酉,辛亥,壬戌,0.00012932640537721696,壬,戌,水,土,12,48,2017-12
2017-12-04,3309.618,丁酉,辛亥,乙丑,-0.002411067944250389,乙,丑,木,土,12,49,2017-12
2017-12-05,3303.675,丁酉,辛亥,丙寅,-0.0017956755130047464,丙,寅,火,木,12,49,2017-12
2017-12-06,3293.965,丁酉,辛亥,丁卯,-0.0029391510968845846,丁,卯,火,木,12,49,2017-12
2017-12-07,3272.054,丁酉,壬子,戊辰,-0.006651861813953719,戊,辰,土,土,12,49,2017-12
2017-12-08,3289.992,丁酉,壬子,己巳,0.005482183362499615,己,巳,土,火,12,49,2017-12
2017-12-11,3322.196,丁酉,壬子,壬申,0.009788473649783969,壬,申,水,金,12,50,2017-12
2017-12-12,3280.814,丁酉,壬子,癸酉,-0.012456218717980527,癸,酉,水,金,12,50,2017-12
2017-12-13,3303.037,丁酉,壬子,甲戌,0.006773623862858402,甲,戌,木,土,12,50,2017-12
2017-12-14,3292.439,丁酉,壬子,乙亥,-0.003208562301905804,乙,亥,木,水,12,50,2017-12
2017-12-15,3266.137,丁酉,壬子,丙子,-0.007988606622628347,丙,子,火,水,12,50,2017-12
2017-12-18,3267.922,丁酉,壬子,己卯,0.0005465171852865325,己,卯,土,木,12,51,2017-12
2017-12-19,3296.538,丁酉,壬子,庚辰,0.008756634950283448,庚,辰,金,土,12,51,2017-12
2017-12-20,3287.606,丁酉,壬子,辛巳,-0.0027095091881239597,辛,巳,金,火,12,51,2017-12
2017-12-21,3300.059,丁酉,壬子,壬午,0.0037878626575083008,壬,午,水,火,12,51,2017-12
2017-12-22,3297.063,丁酉,壬子,癸未,-0.0009078625563967435,癸,未,水,土,12,51,2017-12
2017-12-25,3280.461,丁酉,壬子,丙戌,-0.005035390588532973,丙,戌,火,土,12,52,2017-12
2017-12-26,3306.125,丁酉,壬子,丁亥,0.007823290689936702,丁,亥,火,水,12,52,2017-12
2017-12-27,3275.783,丁酉,壬子,戊子,-0.009177511437105434,戊,子,土,水,12,52,2017-12
2017-12-28,3296.385,丁酉,壬子,己丑,0.00628918337997364,己,丑,土,土,12,52,2017-12
2017-12-29,3307.172,丁酉,壬子,庚寅,0.0032723726142425136,庚,寅,金,木,12,52,2017-12
2018-01-02,3348.326,丁酉,壬子,甲午,0.01244386442555756,甲,午,木,火,1,1,2018-01
2018-01-03,3369.108,丁酉,壬子,乙未,0.006206683578600325,乙,未,木,土,1,1,2018-01
2018-01-04,3385.71,丁酉,壬子,丙申,0.004927713804365963,丙,申,火,金,1,1,2018-01
2018-01-05,3391.75,丁酉,癸丑,丁酉,0.0017839685029137353,丁,酉,火,金,1,1,2018-01
2018-01-08,3409.48,丁酉,癸丑,庚子,0.00522738999041783,庚,子,金,水,1,2,2018-01
2018-01-09,3413.9,丁酉,癸丑,辛丑,0.0012963853725493912,辛,丑,金,土,1,2,2018-01
2018-01-10,3421.834,丁酉,癸丑,壬寅,0.0023240282374996646,壬,寅,水,木,1,2,2018-01
2018-01-11,3425.345,丁酉,癸丑,癸卯,0.0010260579560550376,癸,卯,水,木,1,2,2018-01
2018-01-12,3428.941,丁酉,癸丑,甲辰,0.0010498212588805345,甲,辰,木,土,1,2,2018-01
2018-01-15,3410.488,丁酉,癸丑,丁未,-0.005381544914304426,丁,未,火,土,1,3,2018-01
2018-01-16,3436.594,丁酉,癸丑,戊申,0.00765462303341935,戊,申,土,金,1,3,2018-01
2018-01-17,3444.671,丁酉,癸丑,己酉,0.0023502921788258746,己,酉,土,金,1,3,2018-01
2018-01-18,3474.754,丁酉,癸丑,庚戌,0.008733199774376255,庚,戌,金,土,1,3,2018-01
2018-01-19,3487.864,丁酉,癸丑,辛亥,0.003772928961301991,辛,亥,金,水,1,3,2018-01
2018-01-22,3501.362,丁酉,癸丑,甲寅,0.0038699903436603122,甲,寅,木,木,1,4,2018-01
2018-01-23,3546.505,丁酉,癸丑,乙卯,0.01289298278784079,乙,卯,木,木,1,4,2018-01
2018-01-24,3559.465,丁酉,癸丑,丙辰,0.003654301911318436,丙,辰,火,土,1,4,2018-01
2018-01-25,3548.307,丁酉,癸丑,丁巳,-0.0031347407545797568,丁,巳,火,火,1,4,2018-01
2018-01-26,3558.129,丁酉,癸丑,戊午,0.002768080664948158,戊,午,土,火,1,4,2018-01
2018-01-29,3523.001,丁酉,癸丑,辛酉,-0.009872604394050799,辛,酉,金,金,1,5,2018-01
2018-01-30,3488.009,丁酉,癸丑,壬戌,-0.009932441120510616,壬,戌,水,土,1,5,2018-01
2018-01-31,3480.833,丁酉,癸丑,癸亥,-0.0020573341410529133,癸,亥,水,水,1,5,2018-01
2018-02-01,3446.98,丁酉,癸丑,甲子,-0.009725545580612449,甲,子,木,水,2,5,2018-02
2018-02-02,3462.081,丁酉,癸丑,乙丑,0.004380936355882659,乙,丑,木,土,2,5,2018-02
2018-02-05,3487.497,戊戌,甲寅,戊辰,0.007341249381513482,戊,辰,土,土,2,6,2018-02
2018-02-06,3370.652,戊戌,甲寅,己巳,-0.03350397147295037,己,巳,土,火,2,6,2018-02
2018-02-07,3309.26,戊戌,甲寅,庚午,-0.018213686847529775,庚,午,金,火,2,6,2018-02
2018-02-08,3262.05,戊戌,甲寅,辛未,-0.014266029263339863,辛,未,金,土,2,6,2018-02
2018-02-09,3129.851,戊戌,甲寅,壬申,-0.040526356125749174,壬,申,水,金,2,6,2018-02
2018-02-12,3154.125,戊戌,甲寅,乙亥,0.007755640763729588,乙,亥,木,水,2,7,2018-02
2018-02-13,3184.959,戊戌,甲寅,丙子,0.009775769825228764,丙,子,火,水,2,7,2018-02
2018-02-14,3199.159,戊戌,甲寅,丁丑,0.0044584561371121545,丁,丑,火,土,2,7,2018-02
2018-02-22,3268.559,戊戌,甲寅,乙酉,0.021693201244452176,乙,酉,木,金,2,8,2018-02
2018-02-23,3289.024,戊戌,甲寅,丙戌,0.0062611689126614856,丙,戌,火,土,2,8,2018-02
2018-02-26,3329.574,戊戌,甲寅,己丑,0.012328885407950851,己,丑,土,土,2,9,2018-02
2018-02-27,3292.068,戊戌,甲寅,庚寅,-0.011264504107732609,庚,寅,金,木,2,9,2018-02
2018-02-28,3259.408,戊戌,甲寅,辛卯,-0.009920815730416366,辛,卯,金,木,2,9,2018-02
2018-03-01,3273.755,戊戌,甲寅,壬辰,0.004401719576070384,壬,辰,水,土,3,9,2018-03
2018-03-02,3254.528,戊戌,甲寅,癸巳,-0.005873072358805187,癸,巳,水,火,3,9,2018-03
2018-03-05,3256.926,戊戌,乙卯,丙申,0.0007368195941162003,丙,申,火,金,3,10,2018-03
2018-03-06,3289.642,戊戌,乙卯,丁酉,0.010045054754084015,丁,酉,火,金,3,10,2018-03
2018-03-07,3271.668,戊戌,乙卯,戊戌,-0.005463816427440982,戊,戌,土,土,3,10,2018-03
2018-03-08,3288.406,戊戌,乙卯,己亥,0.005116044782049967,己,亥,土,水,3,10,2018-03
2018-03-09,3307.166,戊戌,乙卯,庚子,0.005704891670919032,庚,子,金,水,3,10,2018-03
2018-03-12,3326.699,戊戌,乙卯,癸卯,0.005906265364363339,癸,卯,水,木,3,11,2018-03
2018-03-13,3310.239,戊戌,乙卯,甲辰,-0.004947847701279873,甲,辰,木,土,3,11,2018-03
2018-03-14,3291.382,戊戌,乙卯,乙巳,-0.0056965675288098705,乙,巳,木,火,3,11,2018-03
2018-03-15,3291.112,戊戌,乙卯,丙午,-8.20324107015935e-05,丙,午,火,火,3,11,2018-03
2018-03-16,3269.882,戊戌,乙卯,丁未,-0.006450707238161435,丁,未,火,土,3,11,2018-03
2018-03-19,3279.252,戊戌,乙卯,庚戌,0.0028655468301301834,庚,戌,金,土,3,12,2018-03
2018-03-20,3290.64,戊戌,乙卯,辛亥,0.003472743174357973,辛,亥,金,水,3,12,2018-03
2018-03-21,3280.952,戊戌,乙卯,壬子,-0.0029441081370188416,壬,子,水,水,3,12,2018-03
2018-03-22,3263.48,戊戌,乙卯,癸丑,-0.005325283637188316,癸,丑,水,土,3,12,2018-03
2018-03-23,3152.761,戊戌,乙卯,甲寅,-0.03392666723865323,甲,寅,木,木,3,12,2018-03
2018-03-26,3133.722,戊戌,乙卯,丁巳,-0.006038833898287854,丁,巳,火,火,3,13,2018-03
2018-03-27,3166.649,戊戌,乙卯,戊午,0.010507313667261986,戊,午,土,火,3,13,2018-03
2018-03-28,3122.29,戊戌,乙卯,己未,-0.014008183414075837,己,未,土,土,3,13,2018-03
2018-03-29,3160.531,戊戌,乙卯,庚申,0.012247741241204313,庚,申,金,金,3,13,2018-03
2018-03-30,3168.897,戊戌,乙卯,辛酉,0.0026470235539535203,辛,酉,金,金,3,13,2018-03
2018-04-02,3163.179,戊戌,乙卯,甲子,-0.0018044133337246082,甲,子,木,水,4,14,2018-04
2018-04-03,3136.633,戊戌,乙卯,乙丑,-0.008392190261758858,乙,丑,木,土,4,14,2018-04
2018-04-04,3131.111,戊戌,乙卯,丙寅,-0.0017604864834361855,丙,寅,火,木,4,14,2018-04
2018-04-09,3138.294,戊戌,丙辰,辛未,0.0022940738926215953,辛,未,金,土,4,15,2018-04
2018-04-10,3190.322,戊戌,丙辰,壬申,0.016578434015423804,壬,申,水,金,4,15,2018-04
2018-04-11,3208.082,戊戌,丙辰,癸酉,0.005566836200233016,癸,酉,水,金,4,15,2018-04
2018-04-12,3180.158,戊戌,丙辰,甲戌,-0.008704266287457685,甲,戌,木,土,4,15,2018-04
2018-04-13,3159.052,戊戌,丙辰,乙亥,-0.006636777166417418,乙,亥,木,水,4,15,2018-04
2018-04-16,3110.649,戊戌,丙辰,戊寅,-0.015322001663790386,戊,寅,土,木,4,16,2018-04
2018-04-17,3066.797,戊戌,丙辰,己卯,-0.014097379678645772,己,卯,土,木,4,16,2018-04
2018-04-18,3091.399,戊戌,丙辰,庚辰,0.008022050367207267,庚,辰,金,土,4,16,2018-04
2018-04-19,3117.376,戊戌,丙辰,辛巳,0.008402991655234615,辛,巳,金,火,4,16,2018-04
2018-04-20,3071.543,戊戌,丙辰,壬午,-0.014702429222525626,壬,午,水,火,4,16,2018-04
2018-04-23,3068.012,戊戌,丙辰,乙酉,-0.0011495850782489159,乙,酉,木,金,4,17,2018-04
2018-04-24,3128.927,戊戌,丙辰,丙戌,0.01985487670843522,丙,戌,火,土,4,17,2018-04
2018-04-25,3117.974,戊戌,丙辰,丁亥,-0.0035005610549558863,丁,亥,火,水,4,17,2018-04
2018-04-26,3075.03,戊戌,丙辰,戊子,-0.013773046215266649,戊,子,土,水,4,17,2018-04
2018-04-27,3082.232,戊戌,丙辰,己丑,0.002342090971470201,己,丑,土,土,4,17,2018-04
2018-05-02,3081.177,戊戌,丙辰,甲午,-0.0003422844224574284,甲,午,木,火,5,18,2018-05
2018-05-03,3100.859,戊戌,丙辰,乙未,0.006387818680978041,乙,未,木,土,5,18,2018-05
2018-05-04,3091.033,戊戌,丙辰,丙申,-0.0031687993552754756,丙,申,火,金,5,18,2018-05
2018-05-07,3136.645,戊戌,丁巳,己亥,0.014756231978112266,己,亥,土,水,5,19,2018-05
2018-05-08,3161.498,戊戌,丁巳,庚子,0.007923434115113537,庚,子,金,水,5,19,2018-05
2018-05-09,3159.15,戊戌,丁巳,辛丑,-0.0007426859039606493,辛,丑,金,土,5,19,2018-05
2018-05-10,3174.413,戊戌,丁巳,壬寅,0.0048313628665939135,壬,寅,水,木,5,19,2018-05
2018-05-11,3163.263,戊戌,丁巳,癸卯,-0.003512460413941154,癸,卯,水,木,5,19,2018-05
2018-05-14,3174.032,戊戌,丁巳,丙午,0.0034043960303016263,丙,午,火,火,5,20,2018-05
2018-05-15,3192.118,戊戌,丁巳,丁未,0.0056981152048876105,丁,未,火,土,5,20,2018-05
2018-05-16,3169.565,戊戌,丁巳,戊申,-0.0070652150077158415,戊,申,土,金,5,20,2018-05
2018-05-17,3154.283,戊戌,丁巳,己酉,-0.004821481812173012,己,酉,土,金,5,20,2018-05
2018-05-18,3193.303,戊戌,丁巳,庚戌,0.012370481659381927,庚,戌,金,土,5,20,2018-05
2018-05-21,3213.84,戊戌,丁巳,癸丑,0.006431271946320205,癸,丑,水,土,5,21,2018-05
2018-05-22,3214.35,戊戌,丁巳,甲寅,0.0001586886714957103,甲,寅,木,木,5,21,2018-05
2018-05-23,3168.964,戊戌,丁巳,乙卯,-0.014119806492759013,乙,卯,木,木,5,21,2018-05
2018-05-24,3154.651,戊戌,丁巳,丙辰,-0.0045166180493056984,丙,辰,火,土,5,21,2018-05
2018-05-25,3141.303,戊戌,丁巳,丁巳,-0.004231212898035297,丁,巳,火,火,5,21,2018-05
2018-05-28,3135.082,戊戌,丁巳,庚申,-0.0019803883929694344,庚,申,金,金,5,22,2018-05
2018-05-29,3120.461,戊戌,丁巳,辛酉,-0.004663673868817497,辛,酉,金,金,5,22,2018-05
2018-05-30,3041.443,戊戌,丁巳,壬戌,-0.025322540483601497,壬,戌,水,土,5,22,2018-05
2018-05-31,3095.474,戊戌,丁巳,癸亥,0.017764922768567448,癸,亥,水,水,5,22,2018-05
2018-06-01,3075.137,戊戌,丁巳,甲子,-0.006569914656042952,甲,子,木,水,6,22,2018-06
2018-06-04,3091.191,戊戌,丁巳,丁卯,0.005220580416417153,丁,卯,火,木,6,23,2018-06
2018-06-05,3114.206,戊戌,丁巳,戊辰,0.007445350352016433,戊,辰,土,土,6,23,2018-06
2018-06-06,3115.18,戊戌,戊午,己巳,0.0003127602990937728,己,巳,土,火,6,23,2018-06
2018-06-07,3109.499,戊戌,戊午,庚午,-0.0018236506397704133,庚,午,金,火,6,23,2018-06
2018-06-08,3067.148,戊戌,戊午,辛未,-0.01361987895799277,辛,未,金,土,6,23,2018-06
2018-06-11,3052.783,戊戌,戊午,甲戌,-0.004683504023933693,甲,戌,木,土,6,24,2018-06
2018-06-12,3079.802,戊戌,戊午,乙亥,0.008850612703228622,乙,亥,木,水,6,24,2018-06
2018-06-13,3049.797,戊戌,戊午,丙子,-0.009742509421060253,丙,子,火,水,6,24,2018-06
2018-06-14,3044.16,戊戌,戊午,丁丑,-0.0018483197406253815,丁,丑,火,土,6,24,2018-06
2018-06-15,3021.901,戊戌,戊午,戊寅,-0.007312033533059981,戊,寅,土,木,6,24,2018-06
2018-06-19,2907.822,戊戌,戊午,壬午,-0.03775074034523296,壬,午,水,火,6,25,2018-06
2018-06-20,2915.731,戊戌,戊午,癸未,0.002719905138622636,癸,未,水,土,6,25,2018-06
2018-06-21,2875.81,戊戌,戊午,甲申,-0.013691592262798036,甲,申,木,金,6,25,2018-06
2018-06-22,2889.76,戊戌,戊午,乙酉,0.004850807250826872,乙,酉,木,金,6,25,2018-06
2018-06-25,2859.336,戊戌,戊午,戊子,-0.010528209955152135,戊,子,土,水,6,26,2018-06
2018-06-26,2844.508,戊戌,戊午,己丑,-0.005185819365055355,己,丑,土,土,6,26,2018-06
2018-06-27,2813.178,戊戌,戊午,庚寅,-0.011014207026311729,庚,寅,金,木,6,26,2018-06
2018-06-28,2786.897,戊戌,戊午,辛卯,-0.00934210348580855,辛,卯,金,木,6,26,2018-06
2018-06-29,2847.418,戊戌,戊午,壬辰,0.021716267231978836,壬,辰,水,土,6,26,2018-06
2018-07-02,2775.557,戊戌,戊午,乙未,-0.0252372500279201,乙,未,木,土,7,27,2018-07
2018-07-03,2786.888,戊戌,戊午,丙申,0.004082423816192726,丙,申,火,金,7,27,2018-07
2018-07-04,2759.126,戊戌,戊午,丁酉,-0.009961648979076254,丁,酉,火,金,7,27,2018-07
2018-07-05,2733.882,戊戌,戊午,戊戌,-0.009149274081720171,戊,戌,土,土,7,27,2018-07
2018-07-06,2747.229,戊戌,戊午,己亥,0.004882068794483274,己,亥,土,水,7,27,2018-07
2018-07-09,2815.11,戊戌,己未,壬寅,0.024708897583710865,壬,寅,水,木,7,28,2018-07
2018-07-10,2827.625,戊戌,己未,癸卯,0.004445652212524465,癸,卯,水,木,7,28,2018-07
2018-07-11,2777.771,戊戌,己未,甲辰,-0.01763105079351035,甲,辰,木,土,7,28,2018-07
2018-07-12,2837.659,戊戌,己未,乙巳,0.021559732605747506,乙,巳,木,火,7,28,2018-07
2018-07-13,2831.184,戊戌,己未,丙午,-0.0022818104641889603,丙,午,火,火,7,28,2018-07
2018-07-16,2814.042,戊戌,己未,己酉,-0.006054710679348374,己,酉,土,金,7,29,2018-07
2018-07-17,2798.126,戊戌,己未,庚戌,-0.005655921269120956,庚,戌,金,土,7,29,2018-07
2018-07-18,2787.257,戊戌,己未,辛亥,-0.003884385477994967,辛,亥,金,水,7,29,2018-07
2018-07-19,2772.545,戊戌,己未,壬子,-0.00527830766951165,壬,子,水,水,7,29,2018-07
2018-07-20,2829.271,戊戌,己未,癸丑,0.020459902364073468,癸,丑,水,土,7,29,2018-07
2018-07-23,2859.542,戊戌,己未,丙辰,0.010699222520571539,丙,辰,火,土,7,30,2018-07
2018-07-24,2905.562,戊戌,己未,丁巳,0.016093486299554316,丁,巳,火,火,7,30,2018-07
2018-07-25,2903.647,戊戌,己未,戊午,-0.0006590807561497325,戊,午,土,火,7,30,2018-07
2018-07-26,2882.225,戊戌,己未,己未,-0.0073776185603828814,己,未,土,土,7,30,2018-07
2018-07-27,2873.594,戊戌,己未,庚申,-0.0029945614932906928,庚,申,金,金,7,30,2018-07
2018-07-30,2869.05,戊戌,己未,癸亥,-0.0015812950611672205,癸,亥,水,水,7,31,2018-07
2018-07-31,2876.401,戊戌,己未,甲子,0.002562172147574815,甲,子,木,水,7,31,2018-07
2018-08-01,2824.534,戊戌,己未,乙丑,-0.018031908624701387,乙,丑,木,土,8,31,2018-08
2018-08-02,2768.024,戊戌,己未,丙寅,-0.020006840066361442,丙,寅,火,木,8,31,2018-08
2018-08-03,2740.443,戊戌,己未,丁卯,-0.009964147709701776,丁,卯,火,木,8,31,2018-08
2018-08-06,2705.157,戊戌,己未,庚午,-0.012876020409838818,庚,午,金,火,8,32,2018-08
2018-08-07,2779.374,戊戌,庚申,辛未,0.0274353762092181,辛,未,金,土,8,32,2018-08
2018-08-08,2744.07,戊戌,庚申,壬申,-0.012702140841786558,壬,申,水,金,8,32,2018-08
2018-08-09,2794.382,戊戌,庚申,癸酉,0.018334809243204298,癸,酉,水,金,8,32,2018-08
2018-08-10,2795.31,戊戌,庚申,甲戌,0.0003320948961165193,甲,戌,木,土,8,32,2018-08
2018-08-13,2785.872,戊戌,庚申,丁丑,-0.003376369704970128,丁,丑,火,土,8,33,2018-08
2018-08-14,2780.965,戊戌,庚申,戊寅,-0.0017613874578586985,戊,寅,土,木,8,33,2018-08
2018-08-15,2723.258,戊戌,庚申,己卯,-0.020750710634617975,己,卯,土,木,8,33,2018-08
2018-08-16,2705.192,戊戌,庚申,庚辰,-0.006633965639685879,庚,辰,金,土,8,33,2018-08
2018-08-17,2668.966,戊戌,庚申,辛巳,-0.013391286089859844,辛,巳,金,火,8,33,2018-08
2018-08-20,2698.466,戊戌,庚申,甲申,0.011052969576982319,甲,申,木,金,8,34,2018-08
2018-08-21,2733.826,戊戌,庚申,乙酉,0.013103741162571625,乙,酉,木,金,8,34,2018-08
2018-08-22,2714.608,戊戌,庚申,丙戌,-0.00702970854765439,丙,戌,火,土,8,34,2018-08
2018-08-23,2724.624,戊戌,庚申,丁亥,0.0036896671637303147,丁,亥,火,水,8,34,2018-08
2018-08-24,2729.431,戊戌,庚申,戊子,0.001764280135534424,戊,子,土,水,8,34,2018-08
2018-08-27,2780.899,戊戌,庚申,辛卯,0.018856677454018644,辛,卯,金,木,8,35,2018-08
2018-08-28,2777.981,戊戌,庚申,壬辰,-0.0010493009634653383,壬,辰,水,土,8,35,2018-08
2018-08-29,2769.295,戊戌,庚申,癸巳,-0.003126731248341952,癸,巳,水,火,8,35,2018-08
2018-08-30,2737.737,戊戌,庚申,甲午,-0.011395680127974761,甲,午,木,火,8,35,2018-08
2018-08-31,2725.25,戊戌,庚申,乙未,-0.004561066311336681,乙,未,木,土,8,35,2018-08
2018-09-03,2720.734,戊戌,庚申,戊戌,-0.001657095679295506,戊,戌,土,土,9,36,2018-09
2018-09-04,2750.58,戊戌,庚申,己亥,0.010969833875711377,己,亥,土,水,9,36,2018-09
2018-09-05,2704.337,戊戌,庚申,庚子,-0.016812090540904046,庚,子,金,水,9,36,2018-09
2018-09-06,2691.593,戊戌,庚申,辛丑,-0.00471243044043701,辛,丑,金,土,9,36,2018-09
2018-09-07,2702.301,戊戌,庚申,壬寅,0.003978313214516582,壬,寅,水,木,9,36,2018-09
2018-09-10,2669.485,戊戌,辛酉,乙巳,-0.01214372492183502,乙,巳,木,火,9,37,2018-09
2018-09-11,2664.8,戊戌,辛酉,丙午,-0.0017550201630651685,丙,午,火,火,9,37,2018-09
2018-09-12,2656.11,戊戌,辛酉,丁未,-0.00326103272290601,丁,未,火,土,9,37,2018-09
2018-09-13,2686.578,戊戌,辛酉,戊申,0.01147091046681048,戊,申,土,金,9,37,2018-09
2018-09-14,2681.643,戊戌,辛酉,己酉,-0.0018369092577993351,己,酉,土,金,9,37,2018-09
2018-09-17,2651.789,戊戌,辛酉,壬子,-0.01113272721238423,壬,子,水,水,9,38,2018-09
2018-09-18,2699.95,戊戌,辛酉,癸丑,0.018161701402336083,癸,丑,水,土,9,38,2018-09
2018-09-19,2730.85,戊戌,辛酉,甲寅,0.011444656382525675,甲,寅,木,木,9,38,2018-09
2018-09-20,2729.244,戊戌,辛酉,乙卯,-0.0005880952816887941,乙,卯,木,木,9,38,2018-09
2018-09-21,2797.485,戊戌,辛酉,丙辰,0.02500362737813111,丙,辰,火,土,9,38,2018-09
2018-09-25,2781.139,戊戌,辛酉,庚申,-0.005843105503693491,庚,申,金,金,9,39,2018-09
2018-09-26,2806.813,戊戌,辛酉,辛酉,0.009231469552582583,辛,酉,金,金,9,39,2018-09
2018-09-27,2791.775,戊戌,辛酉,壬戌,-0.005357677907292024,壬,戌,水,土,9,39,2018-09
2018-09-28,2821.35,戊戌,辛酉,癸亥,0.010593618755093015,癸,亥,水,水,9,39,2018-09
2018-10-08,2716.51,戊戌,壬戌,癸酉,-0.03715951583461807,癸,酉,水,金,10,41,2018-10
2018-10-09,2721.013,戊戌,壬戌,甲戌,0.0016576416063256438,甲,戌,木,土,10,41,2018-10
2018-10-10,2725.837,戊戌,壬戌,乙亥,0.0017728691483649417,乙,亥,木,水,10,41,2018-10
2018-10-11,2583.458,戊戌,壬戌,丙子,-0.052233130594382504,丙,子,火,水,10,41,2018-10
2018-10-12,2606.913,戊戌,壬戌,丁丑,0.009078916707761397,丁,丑,火,土,10,41,2018-10
2018-10-15,2568.098,戊戌,壬戌,庚辰,-0.014889257907724551,庚,辰,金,土,10,42,2018-10
2018-10-16,2546.33,戊戌,壬戌,辛巳,-0.00847631204105137,辛,巳,金,火,10,42,2018-10
2018-10-17,2561.614,戊戌,壬戌,壬午,0.006002364186888709,壬,午,水,火,10,42,2018-10
2018-10-18,2486.419,戊戌,壬戌,癸未,-0.029354539755013898,癸,未,水,土,10,42,2018-10
2018-10-19,2550.465,戊戌,壬戌,甲申,0.02575832954944457,甲,申,木,金,10,42,2018-10
2018-10-22,2654.876,戊戌,壬戌,丁亥,0.040938025026808766,丁,亥,火,水,10,43,2018-10
2018-10-23,2594.826,戊戌,壬戌,戊子,-0.022618758842220976,戊,子,土,水,10,43,2018-10
2018-10-24,2603.295,戊戌,壬戌,己丑,0.0032638026596003566,己,丑,土,土,10,43,2018-10
2018-10-25,2603.8,戊戌,壬戌,庚寅,0.0001939849306360486,庚,寅,金,木,10,43,2018-10
2018-10-26,2598.847,戊戌,壬戌,辛卯,-0.0019022198325524542,辛,卯,金,木,10,43,2018-10
2018-10-29,2542.103,戊戌,壬戌,甲午,-0.02183429805602255,甲,午,木,火,10,44,2018-10
2018-10-30,2568.048,戊戌,壬戌,乙未,0.010206116746646288,乙,未,木,土,10,44,2018-10
2018-10-31,2602.783,戊戌,壬戌,丙申,0.013525837523286288,丙,申,火,金,10,44,2018-10
2018-11-01,2606.237,戊戌,壬戌,丁酉,0.001327041094090431,丁,酉,火,金,11,44,2018-11
2018-11-02,2676.476,戊戌,壬戌,戊戌,0.026950350255943833,戊,戌,土,土,11,44,2018-11
2018-11-05,2665.431,戊戌,壬戌,辛丑,-0.004126694952616861,辛,丑,金,土,11,45,2018-11
2018-11-06,2659.356,戊戌,壬戌,壬寅,-0.002279181115549367,壬,寅,水,木,11,45,2018-11
2018-11-07,2641.342,戊戌,癸亥,癸卯,-0.006773820428705335,癸,卯,水,木,11,45,2018-11
2018-11-08,2635.632,戊戌,癸亥,甲辰,-0.002161779883104842,甲,辰,木,土,11,45,2018-11
2018-11-09,2598.872,戊戌,癸亥,乙巳,-0.013947318897327143,乙,巳,木,火,11,45,2018-11
2018-11-12,2630.52,戊戌,癸亥,戊申,0.012177590893279966,戊,申,土,金,11,46,2018-11
2018-11-13,2654.88,戊戌,癸亥,己酉,0.009260526435837857,己,酉,土,金,11,46,2018-11
2018-11-14,2632.243,戊戌,癸亥,庚戌,-0.008526562405833826,庚,戌,金,土,11,46,2018-11
2018-11-15,2668.17,戊戌,癸亥,辛亥,0.013648815857806529,辛,亥,金,水,11,46,2018-11
2018-11-16,2679.11,戊戌,癸亥,壬子,0.004100188518722625,壬,子,水,水,11,46,2018-11
2018-11-19,2703.512,戊戌,癸亥,乙卯,0.009108248634807747,乙,卯,木,木,11,47,2018-11
2018-11-20,2645.855,戊戌,癸亥,丙辰,-0.021326703931774715,丙,辰,火,土,11,47,2018-11
2018-11-21,2651.505,戊戌,癸亥,丁巳,0.0021354155839983235,丁,巳,火,火,11,47,2018-11
2018-11-22,2645.434,戊戌,癸亥,戊午,-0.002289643051776258,戊,午,土,火,11,47,2018-11
2018-11-23,2579.483,戊戌,癸亥,己未,-0.024930124886880622,己,未,土,土,11,47,2018-11
2018-11-26,2575.81,戊戌,癸亥,壬戌,-0.001423928748512826,壬,戌,水,土,11,48,2018-11
2018-11-27,2574.679,戊戌,癸亥,癸亥,-0.0004390851809721319,癸,亥,水,水,11,48,2018-11
2018-11-28,2601.737,戊戌,癸亥,甲子,0.010509271252843622,甲,子,木,水,11,48,2018-11
2018-11-29,2567.443,戊戌,癸亥,乙丑,-0.013181193948504366,乙,丑,木,土,11,48,2018-11
2018-11-30,2588.188,戊戌,癸亥,丙寅,0.00808002358767057,丙,寅,火,木,11,48,2018-11
2018-12-03,2654.798,戊戌,癸亥,己巳,0.025736152087869835,己,巳,土,火,12,49,2018-12
2018-12-04,2665.958,戊戌,癸亥,庚午,0.00420370966077277,庚,午,金,火,12,49,2018-12
2018-12-05,2649.805,戊戌,癸亥,辛未,-0.0060589851753104496,辛,未,金,土,12,49,2018-12
2018-12-06,2605.181,戊戌,癸亥,壬申,-0.01684048448848119,壬,申,水,金,12,49,2018-12
2018-12-07,2605.888,戊戌,甲子,癸酉,0.0002713822955102696,癸,酉,水,金,12,49,2018-12
2018-12-10,2584.582,戊戌,甲子,丙子,-0.008176099663531167,丙,子,火,水,12,50,2018-12
2018-12-11,2594.088,戊戌,甲子,丁丑,0.00367796417370414,丁,丑,火,土,12,50,2018-12
2018-12-12,2602.153,戊戌,甲子,戊寅,0.003108992447441894,戊,寅,土,木,12,50,2018-12
2018-12-13,2634.049,戊戌,甲子,己卯,0.012257542119929132,己,卯,土,木,12,50,2018-12
2018-12-14,2593.741,戊戌,甲子,庚辰,-0.015302676601688159,庚,辰,金,土,12,50,2018-12
2018-12-17,2597.974,戊戌,甲子,癸未,0.0016320056628631452,癸,未,水,土,12,51,2018-12
2018-12-18,2576.65,戊戌,甲子,甲申,-0.008207934336525335,甲,申,木,金,12,51,2018-12
2018-12-19,2549.563,戊戌,甲子,乙酉,-0.010512487144160088,乙,酉,木,金,12,51,2018-12
2018-12-20,2536.268,戊戌,甲子,丙戌,-0.005214619132769105,丙,戌,火,土,12,51,2018-12
2018-12-21,2516.251,戊戌,甲子,丁亥,-0.007892304756437318,丁,亥,火,水,12,51,2018-12
2018-12-24,2527.007,戊戌,甲子,庚寅,0.004274613303680619,庚,寅,金,木,12,52,2018-12
2018-12-25,2504.819,戊戌,甲子,辛卯,-0.008780347660295451,辛,卯,金,木,12,52,2018-12
2018-12-26,2498.294,戊戌,甲子,壬辰,-0.0026049786431674438,壬,辰,水,土,12,52,2018-12
2018-12-27,2483.086,戊戌,甲子,癸巳,-0.006087354010376744,癸,巳,水,火,12,52,2018-12
2018-12-28,2493.896,戊戌,甲子,甲午,0.004353453726532397,甲,午,木,火,12,52,2018-12
2019-01-02,2465.291,戊戌,甲子,己亥,-0.011470005164609942,己,亥,土,水,1,1,2019-01
2019-01-03,2464.363,戊戌,甲子,庚子,-0.0003764261500975863,庚,子,金,水,1,1,2019-01
2019-01-04,2514.868,戊戌,甲子,辛丑,0.02049413986494697,辛,丑,金,土,1,1,2019-01
2019-01-07,2533.089,戊戌,乙丑,甲辰,0.007245310688274609,甲,辰,木,土,1,2,2019-01
2019-01-08,2526.462,戊戌,乙丑,乙巳,-0.0026161733756689953,乙,巳,木,火,1,2,2019-01
2019-01-09,2544.345,戊戌,乙丑,丙午,0.007078277844669634,丙,午,火,火,1,2,2019-01
2019-01-10,2535.099,戊戌,乙丑,丁未,-0.003633941151848341,丁,未,火,土,1,2,2019-01
2019-01-11,2553.831,戊戌,乙丑,戊申,0.00738906054556443,戊,申,土,金,1,2,2019-01
2019-01-14,2535.765,戊戌,乙丑,辛亥,-0.007074078120282934,辛,亥,金,水,1,3,2019-01
2019-01-15,2570.345,戊戌,乙丑,壬子,0.013636910360384391,壬,子,水,水,1,3,2019-01
2019-01-16,2570.422,戊戌,乙丑,癸丑,2.9957068020225464e-05,癸,丑,水,土,1,3,2019-01
2019-01-17,2559.637,戊戌,乙丑,甲寅,-0.004195809092825908,甲,寅,木,木,1,3,2019-01
2019-01-18,2596.006,戊戌,乙丑,乙卯,0.014208655367929035,乙,卯,木,木,1,3,2019-01
2019-01-21,2610.509,戊戌,乙丑,戊午,0.005586658890619045,戊,午,土,火,1,4,2019-01
2019-01-22,2579.704,戊戌,乙丑,己未,-0.011800380692041257,己,未,土,土,1,4,2019-01
2019-01-23,2581.004,戊戌,乙丑,庚申,0.0005039337846510783,庚,申,金,金,1,4,2019-01
2019-01-24,2591.694,戊戌,乙丑,辛酉,0.004141799082837627,辛,酉,金,金,1,4,2019-01
2019-01-25,2601.723,戊戌,乙丑,壬戌,0.003869669798980846,壬,戌,水,土,1,4,2019-01
2019-01-28,2596.977,戊戌,乙丑,乙丑,-0.0018241757481485266,乙,丑,木,土,1,5,2019-01
2019-01-29,2594.254,戊戌,乙丑,丙寅,-0.0010485268063598063,丙,寅,火,木,1,5,2019-01
2019-01-30,2575.576,戊戌,乙丑,丁卯,-0.0071997576181822565,丁,卯,火,木,1,5,2019-01
2019-01-31,2584.572,戊戌,乙丑,戊辰,0.00349281092850684,戊,辰,土,土,1,5,2019-01
2019-02-01,2618.232,戊戌,乙丑,己巳,0.01302343289333785,己,巳,土,火,2,5,2019-02
2019-02-11,2653.896,己亥,丙寅,己卯,0.013621405589726354,己,卯,土,木,2,7,2019-02
2019-02-12,2671.894,己亥,丙寅,庚辰,0.006781727693926154,庚,辰,金,土,2,7,2019-02
2019-02-13,2721.068,己亥,丙寅,辛巳,0.01840417321944665,辛,巳,金,火,2,7,2019-02
2019-02-14,2719.7,己亥,丙寅,壬午,-0.000502743775605885,壬,午,水,火,2,7,2019-02
2019-02-15,2682.385,己亥,丙寅,癸未,-0.013720263264330512,癸,未,水,土,2,7,2019-02
2019-02-18,2754.357,己亥,丙寅,丙戌,0.02683134598500958,丙,戌,火,土,2,8,2019-02
2019-02-19,2755.646,己亥,丙寅,丁亥,0.0004679858130227643,丁,亥,火,水,2,8,2019-02
2019-02-20,2761.219,己亥,丙寅,戊子,0.0020223932972522896,戊,子,土,水,2,8,2019-02
2019-02-21,2751.801,己亥,丙寅,己丑,-0.003410812398437102,己,丑,土,土,2,8,2019-02
2019-02-22,2804.226,己亥,丙寅,庚寅,0.019051159586031208,庚,寅,金,木,2,8,2019-02
2019-02-25,2961.283,己亥,丙寅,癸巳,0.05600725476477275,癸,巳,水,火,2,9,2019-02
2019-02-26,2941.516,己亥,丙寅,甲午,-0.006675147225037148,甲,午,木,火,2,9,2019-02
2019-02-27,2953.824,己亥,丙寅,乙未,0.004184236971684019,乙,未,木,土,2,9,2019-02
2019-02-28,2940.954,己亥,丙寅,丙申,-0.00435706392797941,丙,申,火,金,2,9,2019-02
2019-03-01,2994.005,己亥,丙寅,丁酉,0.01803870444760447,丁,酉,火,金,3,9,2019-03
2019-03-04,3027.576,己亥,丙寅,庚子,0.011212740125684517,庚,子,金,水,3,10,2019-03
2019-03-05,3054.247,己亥,丙寅,辛丑,0.00880935771719682,辛,丑,金,土,3,10,2019-03
2019-03-06,3102.099,己亥,丁卯,壬寅,0.01566736416537373,壬,寅,水,木,3,10,2019-03
2019-03-07,3106.418,己亥,丁卯,癸卯,0.0013922830960584331,癸,卯,水,木,3,10,2019-03
2019-03-08,2969.861,己亥,丁卯,甲辰,-0.04395963453727103,甲,辰,木,土,3,10,2019-03
2019-03-11,3026.993,己亥,丁卯,丁未,0.01923726396622616,丁,未,火,土,3,11,2019-03
2019-03-12,3060.307,己亥,丁卯,戊申,0.011005641572345848,戊,申,土,金,3,11,2019-03
2019-03-13,3026.951,己亥,丁卯,己酉,-0.010899560076815695,己,酉,土,金,3,11,2019-03
2019-03-14,2990.685,己亥,丁卯,庚戌,-0.011981033059339286,庚,戌,金,土,3,11,2019-03
2019-03-15,3021.751,己亥,丁卯,辛亥,0.010387586790317371,辛,亥,金,水,3,11,2019-03
2019-03-18,3096.418,己亥,丁卯,甲寅,0.024709845384348395,甲,寅,木,木,3,12,2019-03
2019-03-19,3090.975,己亥,丁卯,乙卯,-0.0017578376046128996,乙,卯,木,木,3,12,2019-03
2019-03-20,3090.64,己亥,丁卯,丙辰,-0.00010838004189617223,丙,辰,火,土,3,12,2019-03
2019-03-21,3101.455,己亥,丁卯,丁巳,0.003499275231020116,丁,巳,火,火,3,12,2019-03
2019-03-22,3104.149,己亥,丁卯,戊午,0.0008686245649218716,戊,午,土,火,3,12,2019-03
2019-03-25,3043.031,己亥,丁卯,辛酉,-0.019689132190497283,辛,酉,金,金,3,13,2019-03
2019-03-26,2997.095,己亥,丁卯,壬戌,-0.015095475530811253,壬,戌,水,土,3,13,2019-03
2019-03-27,3022.72,己亥,丁卯,癸亥,0.00854994586424529,癸,亥,水,水,3,13,2019-03
2019-03-28,2994.943,己亥,丁卯,甲子,-0.009189405568494458,甲,子,木,水,3,13,2019-03
2019-03-29,3090.758,己亥,丁卯,乙丑,0.03199226162234137,乙,丑,木,土,3,13,2019-03
2019-04-01,3170.361,己亥,丁卯,戊辰,0.02575517073805189,戊,辰,土,土,4,14,2019-04
2019-04-02,3176.823,己亥,丁卯,己巳,0.0020382536878291724,己,巳,土,火,4,14,2019-04
2019-04-03,3216.295,己亥,丁卯,庚午,0.012424991886548442,庚,午,金,火,4,14,2019-04
2019-04-04,3246.571,己亥,丁卯,辛未,0.00941331563180614,辛,未,金,土,4,14,2019-04
2019-04-08,3244.81,己亥,戊辰,乙亥,-0.000542418447032289,乙,亥,木,水,4,15,2019-04
2019-04-09,3239.664,己亥,戊辰,丙子,-0.0015859172031643665,丙,子,火,水,4,15,2019-04
2019-04-10,3241.93,己亥,戊辰,丁丑,0.000699455252149539,丁,丑,火,土,4,15,2019-04
2019-04-11,3189.962,己亥,戊辰,戊寅,-0.01602995746360958,戊,寅,土,木,4,15,2019-04
2019-04-12,3188.626,己亥,戊辰,己卯,-0.0004188137664334901,己,卯,土,木,4,15,2019-04
2019-04-15,3177.787,己亥,戊辰,壬午,-0.003399269779522762,壬,午,水,火,4,16,2019-04
2019-04-16,3253.598,己亥,戊辰,癸未,0.023856539157596224,癸,未,水,土,4,16,2019-04
2019-04-17,3263.118,己亥,戊辰,甲申,0.002925991471595335,甲,申,木,金,4,16,2019-04
2019-04-18,3250.201,己亥,戊辰,乙酉,-0.003958483879528685,乙,酉,木,金,4,16,2019-04
2019-04-19,3270.797,己亥,戊辰,丙戌,0.006336838860119709,丙,戌,火,土,4,16,2019-04
2019-04-22,3215.043,己亥,戊辰,己丑,-0.01704599826892339,己,丑,土,土,4,17,2019-04
2019-04-23,3198.594,己亥,戊辰,庚寅,-0.0051162612755101256,庚,寅,金,木,4,17,2019-04
2019-04-24,3201.614,己亥,戊辰,辛卯,0.0009441648424275417,辛,卯,金,木,4,17,2019-04
2019-04-25,3123.826,己亥,戊辰,壬辰,-0.024296495455104816,壬,辰,水,土,4,17,2019-04
2019-04-26,3086.399,己亥,戊辰,癸巳,-0.011981141075079083,癸,巳,水,火,4,17,2019-04
2019-04-29,3062.499,己亥,戊辰,丙申,-0.007743652068316509,丙,申,火,金,4,18,2019-04
2019-04-30,3078.339,己亥,戊辰,丁酉,0.005172246586856,丁,酉,火,金,4,18,2019-04
2019-05-06,2906.464,己亥,己巳,癸卯,-0.0558336817355074,癸,卯,水,木,5,19,2019-05
2019-05-07,2926.391,己亥,己巳,甲辰,0.006856097305867337,甲,辰,木,土,5,19,2019-05
2019-05-08,2893.757,己亥,己巳,乙巳,-0.011151619862144191,乙,巳,木,火,5,19,2019-05
2019-05-09,2850.954,己亥,己巳,丙午,-0.014791497696593048,丙,午,火,火,5,19,2019-05
2019-05-10,2939.211,己亥,己巳,丁未,0.030957005970632778,丁,未,火,土,5,19,2019-05
2019-05-13,2903.713,己亥,己巳,庚戌,-0.012077390837200719,庚,戌,金,土,5,20,2019-05
2019-05-14,2883.611,己亥,己巳,辛亥,-0.006922860489311566,辛,亥,金,水,5,20,2019-05
2019-05-15,2938.678,己亥,己巳,壬子,0.01909654249480952,壬,子,水,水,5,20,2019-05
2019-05-16,2955.711,己亥,己巳,癸丑,0.005796143708157064,癸,丑,水,土,5,20,2019-05
2019-05-17,2882.296,己亥,己巳,甲寅,-0.02483835530604983,甲,寅,木,木,5,20,2019-05
2019-05-20,2870.605,己亥,己巳,丁巳,-0.004056141353976028,丁,巳,火,火,5,21,2019-05
2019-05-21,2905.969,己亥,己巳,戊午,0.01231935428245956,戊,午,土,火,5,21,2019-05
2019-05-22,2891.705,己亥,己巳,己未,-0.004908517606347584,己,未,土,土,5,21,2019-05
2019-05-23,2852.515,己亥,己巳,庚申,-0.0135525580928898,庚,申,金,金,5,21,2019-05
2019-05-24,2852.995,己亥,己巳,辛酉,0.00016827255947826636,辛,酉,金,金,5,21,2019-05
2019-05-27,2892.378,己亥,己巳,甲子,0.013804090087784937,甲,子,木,水,5,22,2019-05
2019-05-28,2909.911,己亥,己巳,乙丑,0.00606179413617447,乙,丑,木,土,5,22,2019-05
2019-05-29,2914.696,己亥,己巳,丙寅,0.0016443801889474141,丙,寅,火,木,5,22,2019-05
2019-05-30,2905.805,己亥,己巳,丁卯,-0.0030504038843158776,丁,卯,火,木,5,22,2019-05
2019-05-31,2898.696,己亥,己巳,戊辰,-0.0024464821280161253,戊,辰,土,土,5,22,2019-05
2019-06-03,2890.081,己亥,己巳,辛未,-0.0029720260420547095,辛,未,金,土,6,23,2019-06
2019-06-04,2862.28,己亥,己巳,壬申,-0.009619453572408454,壬,申,水,金,6,23,2019-06
2019-06-05,2861.418,己亥,己巳,癸酉,-0.00030115851698653273,癸,酉,水,金,6,23,2019-06
2019-06-06,2827.798,己亥,庚午,甲戌,-0.011749419343835887,甲,戌,木,土,6,23,2019-06
2019-06-10,2852.13,己亥,庚午,戊寅,0.008604575008540394,戊,寅,土,木,6,24,2019-06
2019-06-11,2925.716,己亥,庚午,己卯,0.02580036674345121,己,卯,土,木,6,24,2019-06
2019-06-12,2909.38,己亥,庚午,庚辰,-0.005583590478364875,庚,辰,金,土,6,24,2019-06
2019-06-13,2910.741,己亥,庚午,辛巳,0.00046779726264700727,辛,巳,金,火,6,24,2019-06
2019-06-14,2881.974,己亥,庚午,壬午,-0.009883050398506676,壬,午,水,火,6,24,2019-06
2019-06-17,2887.622,己亥,庚午,乙酉,0.001959767853561445,乙,酉,木,金,6,25,2019-06
2019-06-18,2890.158,己亥,庚午,丙戌,0.0008782312920458946,丙,戌,火,土,6,25,2019-06
2019-06-19,2917.803,己亥,庚午,丁亥,0.009565221001758273,丁,亥,火,水,6,25,2019-06
2019-06-20,2987.119,己亥,庚午,戊子,0.02375623028696605,戊,子,土,水,6,25,2019-06
2019-06-21,3001.98,己亥,庚午,己丑,0.00497502777760106,己,丑,土,土,6,25,2019-06
2019-06-24,3008.148,己亥,庚午,壬辰,0.0020546439350028756,壬,辰,水,土,6,26,2019-06
2019-06-25,2982.074,己亥,庚午,癸巳,-0.008667791611317033,癸,巳,水,火,6,26,2019-06
2019-06-26,2976.284,己亥,庚午,甲午,-0.0019416017174623823,甲,午,木,火,6,26,2019-06
2019-06-27,2996.793,己亥,庚午,乙未,0.006890807463266313,乙,未,木,土,6,26,2019-06
2019-06-28,2978.878,己亥,庚午,丙申,-0.005978057209823917,丙,申,火,金,6,26,2019-06
2019-07-01,3044.903,己亥,庚午,己亥,0.022164385382684282,己,亥,土,水,7,27,2019-07
2019-07-02,3043.943,己亥,庚午,庚子,-0.0003152809793939282,庚,子,金,水,7,27,2019-07
2019-07-03,3015.263,己亥,庚午,辛丑,-0.009421989833581113,辛,丑,金,土,7,27,2019-07
2019-07-04,3005.249,己亥,庚午,壬寅,-0.003321103333274733,壬,寅,水,木,7,27,2019-07
2019-07-05,3011.059,己亥,庚午,癸卯,0.001933284063982743,癸,卯,水,木,7,27,2019-07
2019-07-08,2933.363,己亥,辛未,丙午,-0.02580354619421288,丙,午,火,火,7,28,2019-07
2019-07-09,2928.23,己亥,辛未,丁未,-0.00174986866610094,丁,未,火,土,7,28,2019-07
2019-07-10,2915.302,己亥,辛未,戊申,-0.0044149537433876285,戊,申,土,金,7,28,2019-07
2019-07-11,2917.761,己亥,辛未,己酉,0.0008434803666994561,己,酉,土,金,7,28,2019-07
2019-07-12,2930.546,己亥,辛未,庚戌,0.004381784525874455,庚,戌,金,土,7,28,2019-07
2019-07-15,2942.185,己亥,辛未,癸丑,0.003971614845834193,癸,丑,水,土,7,29,2019-07
2019-07-16,2937.617,己亥,辛未,甲寅,-0.001552587617705825,甲,寅,木,木,7,29,2019-07
2019-07-17,2931.693,己亥,辛未,乙卯,-0.002016600530293733,乙,卯,木,木,7,29,2019-07
2019-07-18,2901.177,己亥,辛未,丙辰,-0.010409002579738091,丙,辰,火,土,7,29,2019-07
2019-07-19,2924.201,己亥,辛未,丁巳,0.007936089387169387,丁,巳,火,火,7,29,2019-07
2019-07-22,2886.974,己亥,辛未,庚申,-0.012730657023918623,庚,申,金,金,7,30,2019-07
2019-07-23,2899.945,己亥,辛未,辛酉,0.00449293966623876,辛,酉,金,金,7,30,2019-07
2019-07-24,2923.278,己亥,辛未,壬戌,0.008046014665795242,壬,戌,水,土,7,30,2019-07
2019-07-25,2937.36,己亥,辛未,癸亥,0.004817194943484759,癸,亥,水,水,7,30,2019-07
2019-07-26,2944.541,己亥,辛未,甲子,0.0024447122586268577,甲,子,木,水,7,30,2019-07
2019-07-29,2941.007,己亥,辛未,丁卯,-0.0012001870580168328,丁,卯,火,木,7,31,2019-07
2019-07-30,2952.338,己亥,辛未,戊辰,0.00385276199614637,戊,辰,土,土,7,31,2019-07
2019-07-31,2932.506,己亥,辛未,己巳,-0.006717388049742423,己,巳,土,火,7,31,2019-07
2019-08-01,2908.766,己亥,辛未,庚午,-0.008095465107317734,庚,午,金,火,8,31,2019-08
2019-08-02,2867.838,己亥,辛未,辛未,-0.01407057150695512,辛,未,金,土,8,31,2019-08
2019-08-05,2821.496,己亥,辛未,甲戌,-0.016159211224622938,甲,戌,木,土,8,32,2019-08
2019-08-06,2777.556,己亥,辛未,乙亥,-0.015573298703949967,乙,亥,木,水,8,32,2019-08
2019-08-07,2768.68,己亥,辛未,丙子,-0.0031956151379126663,丙,子,火,水,8,32,2019-08
2019-08-08,2794.552,己亥,壬申,丁丑,0.009344525188898833,丁,丑,火,土,8,32,2019-08
2019-08-09,2774.753,己亥,壬申,戊寅,-0.007084856535144124,戊,寅,土,木,8,32,2019-08
2019-08-12,2814.994,己亥,壬申,辛巳,0.01450255211905338,辛,巳,金,火,8,33,2019-08
2019-08-13,2797.26,己亥,壬申,壬午,-0.006299835807820564,壬,午,水,火,8,33,2019-08
2019-08-14,2808.915,己亥,壬申,癸未,0.0041665772934942336,癸,未,水,土,8,33,2019-08
2019-08-15,2815.798,己亥,壬申,甲申,0.002450412347828168,甲,申,木,金,8,33,2019-08
2019-08-16,2823.824,己亥,壬申,乙酉,0.0028503465092313274,乙,酉,木,金,8,33,2019-08
2019-08-19,2883.096,己亥,壬申,戊子,0.020989976712429748,戊,子,土,水,8,34,2019-08
2019-08-20,2880.001,己亥,壬申,己丑,-0.0010734987666035645,己,丑,土,土,8,34,2019-08
2019-08-21,2880.331,己亥,壬申,庚寅,0.00011458329354741004,庚,寅,金,木,8,34,2019-08
2019-08-22,2883.436,己亥,壬申,辛卯,0.0010780011047342164,辛,卯,金,木,8,34,2019-08
2019-08-23,2897.425,己亥,壬申,壬辰,0.004851503553399583,壬,辰,水,土,8,34,2019-08
2019-08-26,2863.567,己亥,壬申,乙未,-0.011685548374850141,乙,未,木,土,8,35,2019-08
2019-08-27,2902.193,己亥,壬申,丙申,0.013488771172457392,丙,申,火,金,8,35,2019-08
2019-08-28,2893.756,己亥,壬申,丁酉,-0.0029071119667094525,丁,酉,火,金,8,35,2019-08
2019-08-29,2890.919,己亥,壬申,戊戌,-0.0009803867361312113,戊,戌,土,土,8,35,2019-08
2019-08-30,2886.237,己亥,壬申,己亥,-0.0016195541971254501,己,亥,土,水,8,35,2019-08
2019-09-02,2924.106,己亥,壬申,壬寅,0.013120544154897829,壬,寅,水,木,9,36,2019-09
2019-09-03,2930.154,己亥,壬申,癸卯,0.0020683244725052674,癸,卯,水,木,9,36,2019-09
2019-09-04,2957.412,己亥,壬申,甲辰,0.009302582731146591,甲,辰,木,土,9,36,2019-09
2019-09-05,2985.865,己亥,壬申,乙巳,0.009620911797206366,乙,巳,木,火,9,36,2019-09
2019-09-06,2999.601,己亥,壬申,丙午,0.004600341944461794,丙,午,火,火,9,36,2019-09
2019-09-09,3024.739,己亥,癸酉,己酉,0.008380447932908375,己,酉,土,金,9,37,2019-09
2019-09-10,3021.202,己亥,癸酉,庚戌,-0.0011693570916365692,庚,戌,金,土,9,37,2019-09
2019-09-11,3008.812,己亥,癸酉,辛亥,-0.004101016747638964,辛,亥,金,水,9,37,2019-09
2019-09-12,3031.235,己亥,癸酉,壬子,0.007452443024024147,壬,子,水,水,9,37,2019-09
2019-09-16,3030.754,己亥,癸酉,丙辰,-0.00015868119759776533,丙,辰,火,土,9,38,2019-09
2019-09-17,2978.118,己亥,癸酉,丁巳,-0.017367295399098648,丁,巳,火,火,9,38,2019-09
2019-09-18,2985.659,己亥,癸酉,戊午,0.0025321360671404225,戊,午,土,火,9,38,2019-09
2019-09-19,2999.279,己亥,癸酉,己未,0.004561806957860792,己,未,土,土,9,38,2019-09
2019-09-20,3006.447,己亥,癸酉,庚申,0.0023899077078191056,庚,申,金,金,9,38,2019-09
2019-09-23,2977.077,己亥,癸酉,癸亥,-0.009769006405235148,癸,亥,水,水,9,39,2019-09
2019-09-24,2985.341,己亥,癸酉,甲子,0.0027758771439232444,甲,子,木,水,9,39,2019-09
2019-09-25,2955.433,己亥,癸酉,乙丑,-0.010018286018247169,乙,丑,木,土,9,39,2019-09
2019-09-26,2929.088,己亥,癸酉,丙寅,-0.008914091437701277,丙,寅,火,木,9,39,2019-09
2019-09-27,2932.167,己亥,癸酉,丁卯,0.001051180435684973,丁,卯,火,木,9,39,2019-09
2019-09-30,2905.189,己亥,癸酉,庚午,-0.009200703779832509,庚,午,金,火,9,40,2019-09
2019-10-08,2913.57,己亥,甲戌,戊寅,0.0028848381292922998,戊,寅,土,木,10,41,2019-10
2019-10-09,2924.857,己亥,甲戌,己卯,0.003873941590557317,己,卯,土,木,10,41,2019-10
2019-10-10,2947.711,己亥,甲戌,庚辰,0.007813715337194216,庚,辰,金,土,10,41,2019-10
2019-10-11,2973.656,己亥,甲戌,辛巳,0.008801744811482548,辛,巳,金,火,10,41,2019-10
2019-10-14,3007.883,己亥,甲戌,甲申,0.011510073794682274,甲,申,木,金,10,42,2019-10
2019-10-15,2991.046,己亥,甲戌,乙酉,-0.005597624641649923,乙,酉,木,金,10,42,2019-10
2019-10-16,2978.712,己亥,甲戌,丙戌,-0.0041236410272526,丙,戌,火,土,10,42,2019-10
2019-10-17,2977.334,己亥,甲戌,丁亥,-0.00046261605687292207,丁,亥,火,水,10,42,2019-10
2019-10-18,2938.141,己亥,甲戌,戊子,-0.013163790155891086,戊,子,土,水,10,42,2019-10
2019-10-21,2939.618,己亥,甲戌,辛卯,0.0005026988153393752,辛,卯,金,木,10,43,2019-10
2019-10-22,2954.38,己亥,甲戌,壬辰,0.005021740920078788,壬,辰,水,土,10,43,2019-10
2019-10-23,2941.619,己亥,甲戌,癸巳,-0.0043193495758839795,癸,巳,水,火,10,43,2019-10
2019-10-24,2940.922,己亥,甲戌,甲午,-0.00023694434935328523,甲,午,木,火,10,43,2019-10
2019-10-25,2954.933,己亥,甲戌,乙未,0.004764152194447924,乙,未,木,土,10,43,2019-10
2019-10-28,2980.05,己亥,甲戌,戊戌,0.008500023519991906,戊,戌,土,土,10,44,2019-10
2019-10-29,2954.176,己亥,甲戌,己亥,-0.00868240465764003,己,亥,土,水,10,44,2019-10
2019-10-30,2939.321,己亥,甲戌,庚子,-0.0050284749452977895,庚,子,金,水,10,44,2019-10
2019-10-31,2929.056,己亥,甲戌,辛丑,-0.0034923031543678817,辛,丑,金,土,10,44,2019-10
2019-11-01,2958.199,己亥,甲戌,壬寅,0.009949621994253421,壬,寅,水,木,11,44,2019-11
2019-11-04,2975.492,己亥,甲戌,乙巳,0.005845786574872225,乙,巳,木,火,11,45,2019-11
2019-11-05,2991.562,己亥,甲戌,丙午,0.005400787500016602,丙,午,火,火,11,45,2019-11
2019-11-06,2978.596,己亥,甲戌,丁未,-0.004334190633521806,丁,未,火,土,11,45,2019-11
2019-11-07,2978.714,己亥,甲戌,戊申,3.961598014634582e-05,戊,申,土,金,11,45,2019-11
2019-11-08,2964.185,己亥,乙亥,己酉,-0.004877608256448895,己,酉,土,金,11,45,2019-11
2019-11-11,2909.975,己亥,乙亥,壬子,-0.018288332205985802,壬,子,水,水,11,46,2019-11
2019-11-12,2914.823,己亥,乙亥,癸丑,0.0016659936941039177,癸,丑,水,土,11,46,2019-11
2019-11-13,2905.241,己亥,乙亥,甲寅,-0.0032873351143447582,甲,寅,木,木,11,46,2019-11
2019-11-14,2909.87,己亥,乙亥,乙卯,0.001593327369398878,乙,卯,木,木,11,46,2019-11
2019-11-15,2891.343,己亥,乙亥,丙辰,-0.006366951100908347,丙,辰,火,土,11,46,2019-11
2019-11-18,2909.2,己亥,乙亥,己未,0.006176022699486028,己,未,土,土,11,47,2019-11
2019-11-19,2933.991,己亥,乙亥,庚申,0.008521586690499072,庚,申,金,金,11,47,2019-11
2019-11-20,2911.053,己亥,乙亥,辛酉,-0.00781801989167663,辛,酉,金,金,11,47,2019-11
2019-11-21,2903.638,己亥,乙亥,壬戌,-0.0025471882511242105,壬,戌,水,土,11,47,2019-11
2019-11-22,2885.288,己亥,乙亥,癸亥,-0.006319658304513087,癸,亥,水,水,11,47,2019-11
2019-11-25,2906.169,己亥,乙亥,丙寅,0.007237059177454652,丙,寅,火,木,11,48,2019-11
2019-11-26,2907.06,己亥,乙亥,丁卯,0.00030658919009884933,丁,卯,火,木,11,48,2019-11
2019-11-27,2903.195,己亥,乙亥,戊辰,-0.0013295219224920274,戊,辰,土,土,11,48,2019-11
2019-11-28,2889.693,己亥,乙亥,己巳,-0.004650738238389018,己,巳,土,火,11,48,2019-11
2019-11-29,2871.981,己亥,乙亥,庚午,-0.00612937083627918,庚,午,金,火,11,48,2019-11
2019-12-02,2875.807,己亥,乙亥,癸酉,0.0013321815151281502,癸,酉,水,金,12,49,2019-12
2019-12-03,2884.699,己亥,乙亥,甲戌,0.00309200165379675,甲,戌,木,土,12,49,2019-12
2019-12-04,2878.116,己亥,乙亥,乙亥,-0.002282040517918915,乙,亥,木,水,12,49,2019-12
2019-12-05,2899.469,己亥,乙亥,丙子,0.007419089432114667,丙,子,火,水,12,49,2019-12
2019-12-06,2912.014,己亥,乙亥,丁丑,0.004326654294286358,丁,丑,火,土,12,49,2019-12
2019-12-09,2914.478,己亥,丙子,庚辰,0.0008461497781260263,庚,辰,金,土,12,50,2019-12
2019-12-10,2917.316,己亥,丙子,辛巳,0.00097375928039245,辛,巳,金,火,12,50,2019-12
2019-12-11,2924.417,己亥,丙子,壬午,0.0024340866741896505,壬,午,水,火,12,50,2019-12
2019-12-12,2915.698,己亥,丙子,癸未,-0.0029814489520475496,癸,未,水,土,12,50,2019-12
2019-12-13,2967.676,己亥,丙子,甲申,0.017826949155913985,甲,申,木,金,12,50,2019-12
2019-12-16,2984.393,己亥,丙子,丁亥,0.005633027325085305,丁,亥,火,水,12,51,2019-12
2019-12-17,3022.422,己亥,丙子,戊子,0.012742624714640494,戊,子,土,水,12,51,2019-12
2019-12-18,3017.044,己亥,丙子,己丑,-0.0017793676726810537,己,丑,土,土,12,51,2019-12
2019-12-19,3017.066,己亥,丙子,庚寅,7.291905587125669e-06,庚,寅,金,木,12,51,2019-12
2019-12-20,3004.938,己亥,丙子,辛卯,-0.004019799367995125,辛,卯,金,木,12,51,2019-12
2019-12-23,2962.751,己亥,丙子,甲午,-0.014039224769362924,甲,午,木,火,12,52,2019-12
2019-12-24,2982.681,己亥,丙子,乙未,0.006726856222476929,乙,未,木,土,12,52,2019-12
2019-12-25,2981.881,己亥,丙子,丙申,-0.0002682150722790322,丙,申,火,金,12,52,2019-12
2019-12-26,3007.355,己亥,丙子,丁酉,0.008542929781570896,丁,酉,火,金,12,52,2019-12
2019-12-27,3005.036,己亥,丙子,戊戌,-0.0007711094965509036,戊,戌,土,土,12,52,2019-12
2019-12-30,3040.024,己亥,丙子,辛丑,0.011643121746295115,辛,丑,金,土,12,1,2019-12
2019-12-31,3050.124,己亥,丙子,壬寅,0.003322342192035199,壬,寅,水,木,12,1,2019-12
2020-01-02,3085.198,己亥,丙子,甲辰,0.011499204622500647,甲,辰,木,土,1,1,2020-01
2020-01-03,3083.786,己亥,丙子,乙巳,-0.0004576691674245126,乙,巳,木,火,1,1,2020-01
2020-01-06,3083.408,己亥,丁丑,戊申,-0.00012257659902470408,戊,申,土,金,1,2,2020-01
2020-01-07,3104.802,己亥,丁丑,己酉,0.006938426572156597,己,酉,土,金,1,2,2020-01
2020-01-08,3066.893,己亥,丁丑,庚戌,-0.012209796309072263,庚,戌,金,土,1,2,2020-01
2020-01-09,3094.882,己亥,丁丑,辛亥,0.00912617427474638,辛,亥,金,水,1,2,2020-01
2020-01-10,3092.291,己亥,丁丑,壬子,-0.0008371886230233994,壬,子,水,水,1,2,2020-01
2020-01-13,3115.57,己亥,丁丑,乙卯,0.007528075462496897,乙,卯,木,木,1,3,2020-01
2020-01-14,3106.82,己亥,丁丑,丙辰,-0.002808474853718601,丙,辰,火,土,1,3,2020-01
2020-01-15,3090.038,己亥,丁丑,丁巳,-0.005401664724702493,丁,巳,火,火,1,3,2020-01
2020-01-16,3074.081,己亥,丁丑,戊午,-0.005164014164227071,戊,午,土,火,1,3,2020-01
2020-01-17,3075.496,己亥,丁丑,己未,0.00046030016775744365,己,未,土,土,1,3,2020-01
2020-01-20,3095.787,己亥,丁丑,壬戌,0.006597634983105172,壬,戌,水,土,1,4,2020-01
2020-01-21,3052.142,己亥,丁丑,癸亥,-0.014098192155984846,癸,亥,水,水,1,4,2020-01
2020-01-22,3060.755,己亥,丁丑,甲子,0.0028219525828090397,甲,子,木,水,1,4,2020-01
2020-01-23,2976.528,己亥,丁丑,乙丑,-0.02751837373458521,乙,丑,木,土,1,4,2020-01
2020-02-03,2746.606,己亥,丁丑,丙子,-0.07724503179543396,丙,子,火,水,2,6,2020-02
2020-02-04,2783.288,庚子,戊寅,丁丑,0.013355392072980088,丁,丑,火,土,2,6,2020-02
2020-02-05,2818.088,庚子,戊寅,戊寅,0.012503197656872134,戊,寅,土,木,2,6,2020-02
2020-02-06,2866.51,庚子,戊寅,己卯,0.01718257201336515,己,卯,土,木,2,6,2020-02
2020-02-07,2875.964,庚子,戊寅,庚辰,0.0032980872210457424,庚,辰,金,土,2,6,2020-02
2020-02-10,2890.488,庚子,戊寅,癸未,0.005050132755486381,癸,未,水,土,2,7,2020-02
2020-02-11,2901.674,庚子,戊寅,甲申,0.00386993476534081,甲,申,木,金,2,7,2020-02
2020-02-12,2926.899,庚子,戊寅,乙酉,0.008693257753972228,乙,酉,木,金,2,7,2020-02
2020-02-13,2906.074,庚子,戊寅,丙戌,-0.007115038817533392,丙,戌,火,土,2,7,2020-02
2020-02-14,2917.008,庚子,戊寅,丁亥,0.003762464410747901,丁,亥,火,水,2,7,2020-02
2020-02-17,2983.622,庚子,戊寅,庚寅,0.022836413201472228,庚,寅,金,木,2,8,2020-02
2020-02-18,2984.972,庚子,戊寅,辛卯,0.00045247018556660024,辛,卯,金,木,2,8,2020-02
2020-02-19,2975.402,庚子,戊寅,壬辰,-0.0032060602243505487,壬,辰,水,土,2,8,2020-02
2020-02-20,3030.154,庚子,戊寅,癸巳,0.018401547085066028,癸,巳,水,火,2,8,2020-02
2020-02-21,3039.669,庚子,戊寅,甲午,0.003140104430335855,甲,午,木,火,2,8,2020-02
2020-02-24,3031.233,庚子,戊寅,丁酉,-0.0027753021792832344,丁,酉,火,金,2,9,2020-02
2020-02-25,3013.05,庚子,戊寅,戊戌,-0.005998549105265094,戊,戌,土,土,2,9,2020-02
2020-02-26,2987.929,庚子,戊寅,己亥,-0.008337398981098865,己,亥,土,水,2,9,2020-02
2020-02-27,2991.329,庚子,戊寅,庚子,0.00113791191156154,庚,子,金,水,2,9,2020-02
2020-02-28,2880.304,庚子,戊寅,辛丑,-0.03711560981757611,辛,丑,金,土,2,9,2020-02
2020-03-02,2970.931,庚子,戊寅,甲辰,0.03146438709247357,甲,辰,木,土,3,10,2020-03
2020-03-03,2992.897,庚子,戊寅,乙巳,0.0073936419257127906,乙,巳,木,火,3,10,2020-03
2020-03-04,3011.666,庚子,戊寅,丙午,0.006271181400496095,丙,午,火,火,3,10,2020-03
2020-03-05,3071.677,庚子,己卯,丁未,0.019926180393177617,丁,未,火,土,3,10,2020-03
2020-03-06,3034.511,庚子,己卯,戊申,-0.012099579480524869,戊,申,土,金,3,10,2020-03
2020-03-09,2943.291,庚子,己卯,辛亥,-0.03006085659270963,辛,亥,金,水,3,11,2020-03
2020-03-10,2996.762,庚子,己卯,壬子,0.01816707896025238,壬,子,水,水,3,11,2020-03
2020-03-11,2968.517,庚子,己卯,癸丑,-0.009425172903287038,癸,丑,水,土,3,11,2020-03
2020-03-12,2923.486,庚子,己卯,甲寅,-0.01516952741048816,甲,寅,木,木,3,11,2020-03
2020-03-13,2887.427,庚子,己卯,乙卯,-0.012334247538725918,乙,卯,木,木,3,11,2020-03
2020-03-16,2789.254,庚子,己卯,戊午,-0.03400016693062724,戊,午,土,火,3,12,2020-03
2020-03-17,2779.641,庚子,己卯,己未,-0.0034464412348247375,己,未,土,土,3,12,2020-03
2020-03-18,2728.756,庚子,己卯,庚申,-0.018306320852225277,庚,申,金,金,3,12,2020-03
2020-03-19,2702.13,庚子,己卯,辛酉,-0.009757559855113396,辛,酉,金,金,3,12,2020-03
2020-03-20,2745.618,庚子,己卯,壬戌,0.01609397031230908,壬,戌,水,土,3,12,2020-03
2020-03-23,2660.167,庚子,己卯,乙丑,-0.031122683490565684,乙,丑,木,土,3,13,2020-03
2020-03-24,2722.438,庚子,己卯,丙寅,0.023408680733202125,丙,寅,火,木,3,13,2020-03
2020-03-25,2781.591,庚子,己卯,丁卯,0.02172795119668458,丁,卯,火,木,3,13,2020-03
2020-03-26,2764.911,庚子,己卯,戊辰,-0.005996568151104831,戊,辰,土,土,3,13,2020-03
2020-03-27,2772.203,庚子,己卯,己巳,0.0026373362469895856,己,巳,土,火,3,13,2020-03
2020-03-30,2747.214,庚子,己卯,壬申,-0.009014130639062201,壬,申,水,金,3,14,2020-03
2020-03-31,2750.296,庚子,己卯,癸酉,0.001121863822767244,癸,酉,水,金,3,14,2020-03
2020-04-01,2734.522,庚子,己卯,甲戌,-0.005735382664265876,甲,戌,木,土,4,14,2020-04
2020-04-02,2780.638,庚子,己卯,乙亥,0.016864373371287655,乙,亥,木,水,4,14,2020-04
2020-04-03,2763.987,庚子,己卯,丙子,-0.00598819407632345,丙,子,火,水,4,14,2020-04
2020-04-07,2820.763,庚子,庚辰,庚辰,0.02054134118575801,庚,辰,金,土,4,15,2020-04
2020-04-08,2815.369,庚子,庚辰,辛巳,-0.0019122485653703114,辛,巳,金,火,4,15,2020-04
2020-04-09,2825.904,庚子,庚辰,壬午,0.003741960645300857,壬,午,水,火,4,15,2020-04
2020-04-10,2796.631,庚子,庚辰,癸未,-0.010358809074901387,癸,未,水,土,4,15,2020-04
2020-04-13,2783.048,庚子,庚辰,丙戌,-0.004856915338491197,丙,戌,火,土,4,16,2020-04
2020-04-14,2827.283,庚子,庚辰,丁亥,0.015894443789686852,丁,亥,火,水,4,16,2020-04
2020-04-15,2811.174,庚子,庚辰,戊子,-0.0056976963395598546,戊,子,土,水,4,16,2020-04
2020-04-16,2819.935,庚子,庚辰,己丑,0.0031164915441022067,己,丑,土,土,4,16,2020-04
2020-04-17,2838.495,庚子,庚辰,庚寅,0.006581711989815275,庚,寅,金,木,4,16,2020-04
2020-04-20,2852.553,庚子,庚辰,癸巳,0.00495262454223111,癸,巳,水,火,4,17,2020-04
2020-04-21,2827.013,庚子,庚辰,甲午,-0.008953383162381146,甲,午,木,火,4,17,2020-04
2020-04-22,2843.98,庚子,庚辰,乙未,0.006001741060263965,乙,未,木,土,4,17,2020-04
2020-04-23,2838.499,庚子,庚辰,丙申,-0.0019272287428182544,丙,申,火,金,4,17,2020-04
2020-04-24,2808.529,庚子,庚辰,丁酉,-0.01055839723741303,丁,酉,火,金,4,17,2020-04
2020-04-27,2815.495,庚子,庚辰,庚子,0.002480301965904541,庚,子,金,水,4,18,2020-04
2020-04-28,2810.024,庚子,庚辰,辛丑,-0.001943175178787393,辛,丑,金,土,4,18,2020-04
2020-04-29,2822.442,庚子,庚辰,壬寅,0.004419179337970203,壬,寅,水,木,4,18,2020-04
2020-04-30,2860.082,庚子,庚辰,癸卯,0.013335969348528653,癸,卯,水,木,4,18,2020-04
2020-05-06,2878.14,庚子,辛巳,己酉,0.006313804988808069,己,酉,土,金,5,19,2020-05
2020-05-07,2871.523,庚子,辛巳,庚戌,-0.002299054250314292,庚,戌,金,土,5,19,2020-05
2020-05-08,2895.344,庚子,辛巳,辛亥,0.008295597841284863,辛,亥,金,水,5,19,2020-05
2020-05-11,2894.802,庚子,辛巳,甲寅,-0.0001871970998955641,甲,寅,木,木,5,20,2020-05
2020-05-12,2891.556,庚子,辛巳,乙卯,-0.001121320214646837,乙,卯,木,木,5,20,2020-05
2020-05-13,2898.05,庚子,辛巳,丙辰,0.002245849639432862,丙,辰,火,土,5,20,2020-05
2020-05-14,2870.342,庚子,辛巳,丁巳,-0.00956091164748718,丁,巳,火,火,5,20,2020-05
2020-05-15,2868.459,庚子,辛巳,戊午,-0.0006560193872369169,戊,午,土,火,5,20,2020-05
2020-05-18,2875.418,庚子,辛巳,辛酉,0.0024260412995271707,辛,酉,金,金,5,21,2020-05
2020-05-19,2898.576,庚子,辛巳,壬戌,0.008053785571349836,壬,戌,水,土,5,21,2020-05
2020-05-20,2883.738,庚子,辛巳,癸亥,-0.005119065361750108,癸,亥,水,水,5,21,2020-05
2020-05-21,2867.924,庚子,辛巳,甲子,-0.0054838546358926266,甲,子,木,水,5,21,2020-05
2020-05-22,2813.765,庚子,辛巳,乙丑,-0.018884391636598497,乙,丑,木,土,5,21,2020-05
2020-05-25,2817.97,庚子,辛巳,戊辰,0.0014944389456830187,戊,辰,土,土,5,22,2020-05
2020-05-26,2846.547,庚子,辛巳,己巳,0.010140988016196228,己,巳,土,火,5,22,2020-05
2020-05-27,2836.804,庚子,辛巳,庚午,-0.0034227434150919667,庚,午,金,火,5,22,2020-05
2020-05-28,2846.222,庚子,辛巳,辛未,0.003319933277025955,辛,未,金,土,5,22,2020-05
2020-05-29,2852.351,庚子,辛巳,壬申,0.0021533808676905686,壬,申,水,金,5,22,2020-05
2020-06-01,2915.431,庚子,辛巳,乙亥,0.022115090323736375,乙,亥,木,水,6,23,2020-06
2020-06-02,2921.398,庚子,辛巳,丙子,0.002046695668667997,丙,子,火,水,6,23,2020-06
2020-06-03,2923.371,庚子,辛巳,丁丑,0.000675361590581014,丁,丑,火,土,6,23,2020-06
2020-06-04,2919.251,庚子,辛巳,戊寅,-0.0014093318980039626,戊,寅,土,木,6,23,2020-06
2020-06-05,2930.799,庚子,壬午,己卯,0.003955809212705441,己,卯,土,木,6,23,2020-06
2020-06-08,2937.771,庚子,壬午,壬午,0.002378873474434773,壬,午,水,火,6,24,2020-06
2020-06-09,2956.112,庚子,壬午,癸未,0.006243168715328595,癸,未,水,土,6,24,2020-06
2020-06-10,2943.753,庚子,壬午,甲申,-0.004180829413770515,甲,申,木,金,6,24,2020-06
2020-06-11,2920.897,庚子,壬午,乙酉,-0.007764238371901544,乙,酉,木,金,6,24,2020-06
2020-06-12,2919.741,庚子,壬午,丙戌,-0.00039576883402592244,丙,戌,火,土,6,24,2020-06
2020-06-15,2890.031,庚子,壬午,己丑,-0.010175560092487657,己,丑,土,土,6,25,2020-06
2020-06-16,2931.749,庚子,壬午,庚寅,0.014435139277052755,庚,寅,金,木,6,25,2020-06
2020-06-17,2935.873,庚子,壬午,辛卯,0.0014066688519378534,辛,卯,金,木,6,25,2020-06
2020-06-18,2939.315,庚子,壬午,壬辰,0.0011723940374805952,壬,辰,水,土,6,25,2020-06
2020-06-19,2967.634,庚子,壬午,癸巳,0.00963455771157573,癸,巳,水,火,6,25,2020-06
2020-06-22,2965.272,庚子,壬午,丙申,-0.0007959202516213404,丙,申,火,金,6,26,2020-06
2020-06-23,2970.62,庚子,壬午,丁酉,0.0018035444977728687,丁,酉,火,金,6,26,2020-06
2020-06-24,2979.551,庚子,壬午,戊戌,0.0030064430994203306,戊,戌,土,土,6,26,2020-06
2020-06-29,2961.516,庚子,壬午,癸卯,-0.006052925423998379,癸,卯,水,木,6,27,2020-06
2020-06-30,2984.674,庚子,壬午,甲辰,0.007819643723012026,甲,辰,木,土,6,27,2020-06
2020-07-01,3025.981,庚子,壬午,乙巳,0.013839702426462708,乙,巳,木,火,7,27,2020-07
2020-07-02,3090.569,庚子,壬午,丙午,0.021344482995762304,丙,午,火,火,7,27,2020-07
2020-07-03,3152.813,庚子,壬午,丁未,0.020139980696111337,丁,未,火,土,7,27,2020-07
2020-07-06,3332.881,庚子,癸未,庚戌,0.057113441234859064,庚,戌,金,土,7,28,2020-07
2020-07-07,3345.337,庚子,癸未,辛亥,0.0037373071525805823,辛,亥,金,水,7,28,2020-07
2020-07-08,3403.44,庚子,癸未,壬子,0.01736835481746679,壬,子,水,水,7,28,2020-07
2020-07-09,3450.594,庚子,癸未,癸丑,0.013854805725971309,癸,丑,水,土,7,28,2020-07
2020-07-10,3383.322,庚子,癸未,甲寅,-0.019495773771124658,甲,寅,木,木,7,28,2020-07
2020-07-13,3443.286,庚子,癸未,丁巳,0.017723409122749834,丁,巳,火,火,7,29,2020-07
2020-07-14,3414.619,庚子,癸未,戊午,-0.008325477465421116,戊,午,土,火,7,29,2020-07
2020-07-15,3361.304,庚子,癸未,己未,-0.015613747829552937,己,未,土,土,7,29,2020-07
2020-07-16,3210.099,庚子,癸未,庚申,-0.04498403000740192,庚,申,金,金,7,29,2020-07
2020-07-17,3214.129,庚子,癸未,辛酉,0.0012554129950508308,辛,酉,金,金,7,29,2020-07
2020-07-20,3314.149,庚子,癸未,甲子,0.031118850550180044,甲,子,木,水,7,30,2020-07
2020-07-21,3320.895,庚子,癸未,乙丑,0.0020355149994764066,乙,丑,木,土,7,30,2020-07
2020-07-22,3333.164,庚子,癸未,丙寅,0.003694485974413686,丙,寅,火,木,7,30,2020-07
2020-07-23,3325.11,庚子,癸未,丁卯,-0.0024163227491956762,丁,卯,火,木,7,30,2020-07
2020-07-24,3196.768,庚子,癸未,戊辰,-0.038597820823972784,戊,辰,土,土,7,30,2020-07
2020-07-27,3205.227,庚子,癸未,辛未,0.002646110071171881,辛,未,金,土,7,31,2020-07
2020-07-28,3227.96,庚子,癸未,壬申,0.007092477381477336,壬,申,水,金,7,31,2020-07
2020-07-29,3294.552,庚子,癸未,癸酉,0.02062974758051528,癸,酉,水,金,7,31,2020-07
2020-07-30,3286.822,庚子,癸未,甲戌,-0.0023462977667373375,甲,戌,木,土,7,31,2020-07
2020-07-31,3310.007,庚子,癸未,乙亥,0.007053926254600995,乙,亥,木,水,7,31,2020-07
2020-08-03,3367.966,庚子,癸未,戊寅,0.01751023487261505,戊,寅,土,木,8,32,2020-08
2020-08-04,3371.688,庚子,癸未,己卯,0.0011051180445409425,己,卯,土,木,8,32,2020-08
2020-08-05,3377.565,庚子,癸未,庚辰,0.001743043840355396,庚,辰,金,土,8,32,2020-08
2020-08-06,3386.463,庚子,癸未,辛巳,0.002634442268320658,辛,巳,金,火,8,32,2020-08
2020-08-07,3354.035,庚子,甲申,壬午,-0.009575772716252984,壬,午,水,火,8,32,2020-08
2020-08-10,3379.252,庚子,甲申,乙酉,0.007518406933737953,乙,酉,木,金,8,33,2020-08
2020-08-11,3340.29,庚子,甲申,丙戌,-0.011529770493588498,丙,戌,火,土,8,33,2020-08
2020-08-12,3319.266,庚子,甲申,丁亥,-0.0062940642878313025,丁,亥,火,水,8,33,2020-08
2020-08-13,3320.726,庚子,甲申,戊子,0.000439856281479134,戊,子,土,水,8,33,2020-08
2020-08-14,3360.099,庚子,甲申,己丑,0.011856744579348044,己,丑,土,土,8,33,2020-08
2020-08-17,3438.801,庚子,甲申,壬辰,0.023422524157770352,壬,辰,水,土,8,34,2020-08
2020-08-18,3451.089,庚子,甲申,癸巳,0.0035733384979241833,癸,巳,水,火,8,34,2020-08
2020-08-19,3408.129,庚子,甲申,甲午,-0.012448244597574876,甲,午,木,火,8,34,2020-08
2020-08-20,3363.899,庚子,甲申,乙未,-0.012977795148012339,乙,未,木,土,8,34,2020-08
2020-08-21,3380.683,庚子,甲申,丙申,0.0049894482563239695,丙,申,火,金,8,34,2020-08
2020-08-24,3385.638,庚子,甲申,己亥,0.0014656801598966762,己,亥,土,水,8,35,2020-08
2020-08-25,3373.578,庚子,甲申,庚子,-0.0035621055765560072,庚,子,金,水,8,35,2020-08
2020-08-26,3329.739,庚子,甲申,辛丑,-0.012994808479305897,辛,丑,金,土,8,35,2020-08
2020-08-27,3350.113,庚子,甲申,壬寅,0.006118797899775208,壬,寅,水,木,8,35,2020-08
2020-08-28,3403.807,庚子,甲申,癸卯,0.01602751907174471,癸,卯,水,木,8,35,2020-08
2020-08-31,3395.678,庚子,甲申,丙午,-0.002388208262101843,丙,午,火,火,8,36,2020-08
2020-09-01,3410.607,庚子,甲申,丁未,0.004396471043485395,丁,未,火,土,9,36,2020-09
2020-09-02,3404.802,庚子,甲申,戊申,-0.0017020430674070663,戊,申,土,金,9,36,2020-09
2020-09-03,3384.981,庚子,甲申,己酉,-0.0058214838924554035,己,酉,土,金,9,36,2020-09
2020-09-04,3355.367,庚子,甲申,庚戌,-0.008748645856505588,庚,戌,金,土,9,36,2020-09
2020-09-07,3292.591,庚子,乙酉,癸丑,-0.018709130774666516,癸,丑,水,土,9,37,2020-09
2020-09-08,3316.417,庚子,乙酉,甲寅,0.007236246469725538,甲,寅,木,木,9,37,2020-09
2020-09-09,3254.628,庚子,乙酉,乙卯,-0.01863125173945246,乙,卯,木,木,9,37,2020-09
2020-09-10,3234.823,庚子,乙酉,丙辰,-0.006085180856306827,丙,辰,火,土,9,37,2020-09
2020-09-11,3260.346,庚子,乙酉,丁巳,0.007890076211279684,丁,巳,火,火,9,37,2020-09
2020-09-14,3278.814,庚子,乙酉,庚申,0.005664429480797484,庚,申,金,金,9,38,2020-09
2020-09-15,3295.68,庚子,乙酉,辛酉,0.005143933141678714,辛,酉,金,金,9,38,2020-09
2020-09-16,3283.924,庚子,乙酉,壬戌,-0.0035670938926108953,壬,戌,水,土,9,38,2020-09
2020-09-17,3270.435,庚子,乙酉,癸亥,-0.004107585924643775,癸,亥,水,水,9,38,2020-09
2020-09-18,3338.09,庚子,乙酉,甲子,0.0206868505260005,甲,子,木,水,9,38,2020-09
2020-09-21,3316.935,庚子,乙酉,丁卯,-0.00633745644964645,丁,卯,火,木,9,39,2020-09
2020-09-22,3274.302,庚子,乙酉,戊辰,-0.012853130977845462,戊,辰,土,土,9,39,2020-09
2020-09-23,3279.711,庚子,乙酉,己巳,0.0016519551342544236,己,巳,土,火,9,39,2020-09
2020-09-24,3223.176,庚子,乙酉,庚午,-0.017237799306097368,庚,午,金,火,9,39,2020-09
2020-09-25,3219.418,庚子,乙酉,辛未,-0.0011659307465679003,辛,未,金,土,9,39,2020-09
2020-09-28,3217.535,庚子,乙酉,甲戌,-0.0005848883245357372,甲,戌,木,土,9,40,2020-09
2020-09-29,3224.359,庚子,乙酉,乙亥,0.002120878249964653,乙,亥,木,水,9,40,2020-09
2020-09-30,3218.052,庚子,乙酉,丙子,-0.0019560476981625996,丙,子,火,水,9,40,2020-09
2020-10-09,3272.076,庚子,丙戌,乙酉,0.016787795846679776,乙,酉,木,金,10,41,2020-10
2020-10-12,3358.465,庚子,丙戌,戊子,0.026401892865569154,戊,子,土,水,10,42,2020-10
2020-10-13,3359.75,庚子,丙戌,己丑,0.0003826152721555509,己,丑,土,土,10,42,2020-10
2020-10-14,3340.778,庚子,丙戌,庚寅,-0.005646848723863451,庚,寅,金,木,10,42,2020-10
2020-10-15,3332.183,庚子,丙戌,辛卯,-0.0025727540111913916,辛,卯,金,木,10,42,2020-10
2020-10-16,3336.358,庚子,丙戌,壬辰,0.0012529323869667763,壬,辰,水,土,10,42,2020-10
2020-10-19,3312.667,庚子,丙戌,乙未,-0.007100856682646262,乙,未,木,土,10,43,2020-10
2020-10-20,3328.103,庚子,丙戌,丙申,0.004659689609610718,丙,申,火,金,10,43,2020-10
2020-10-21,3325.025,庚子,丙戌,丁酉,-0.0009248511839927698,丁,酉,火,金,10,43,2020-10
2020-10-22,3312.501,庚子,丙戌,戊戌,-0.003766588221141176,戊,戌,土,土,10,43,2020-10
2020-10-23,3277.997,庚子,丙戌,己亥,-0.010416298742249586,己,亥,土,水,10,43,2020-10
2020-10-26,3251.119,庚子,丙戌,壬寅,-0.008199519401634547,壬,寅,水,木,10,44,2020-10
2020-10-27,3254.316,庚子,丙戌,癸卯,0.000983353731438319,癸,卯,水,木,10,44,2020-10
2020-10-28,3269.238,庚子,丙戌,甲辰,0.0045852953431688714,甲,辰,木,土,10,44,2020-10
2020-10-29,3272.727,庚子,丙戌,乙巳,0.0010672211689697342,乙,巳,木,火,10,44,2020-10
2020-10-30,3224.533,庚子,丙戌,丙午,-0.014725945671606566,丙,午,火,火,10,44,2020-10
2020-11-02,3225.12,庚子,丙戌,己酉,0.0001820418646669708,己,酉,土,金,11,45,2020-11
2020-11-03,3271.074,庚子,丙戌,庚戌,0.01424877213871123,庚,戌,金,土,11,45,2020-11
2020-11-04,3277.44,庚子,丙戌,辛亥,0.0019461497966721808,辛,亥,金,水,11,45,2020-11
2020-11-05,3320.133,庚子,丙戌,壬子,0.013026325424721596,壬,子,水,水,11,45,2020-11
2020-11-06,3312.159,庚子,丙戌,癸丑,-0.0024017110157935617,癸,丑,水,土,11,45,2020-11
2020-11-09,3373.734,庚子,丁亥,丙辰,0.018590593024066626,丙,辰,火,土,11,46,2020-11
2020-11-10,3360.149,庚子,丁亥,丁巳,-0.0040266956434621415,丁,巳,火,火,11,46,2020-11
2020-11-11,3342.203,庚子,丁亥,戊午,-0.005340834587989951,戊,午,土,火,11,46,2020-11
2020-11-12,3338.679,庚子,丁亥,己未,-0.0010543943620420215,己,未,土,土,11,46,2020-11
2020-11-13,3310.105,庚子,丁亥,庚申,-0.008558474774004954,庚,申,金,金,11,46,2020-11
2020-11-16,3346.969,庚子,丁亥,癸亥,0.011136806838453861,癸,亥,水,水,11,47,2020-11
2020-11-17,3339.895,庚子,丁亥,甲子,-0.0021135540843073564,甲,子,木,水,11,47,2020-11
2020-11-18,3347.303,庚子,丁亥,乙丑,0.0022180338004638145,乙,丑,木,土,11,47,2020-11
2020-11-19,3363.088,庚子,丁亥,丙寅,0.004715736818567073,丙,寅,火,木,11,47,2020-11
2020-11-20,3377.727,庚子,丁亥,丁卯,0.00435284476647646,丁,卯,火,木,11,47,2020-11
2020-11-23,3414.49,庚子,丁亥,庚午,0.010883946511959008,庚,午,金,火,11,48,2020-11
2020-11-24,3402.823,庚子,丁亥,辛未,-0.0034169085280670863,辛,未,金,土,11,48,2020-11
2020-11-25,3362.327,庚子,丁亥,壬申,-0.011900707148153056,壬,申,水,金,11,48,2020-11
2020-11-26,3369.733,庚子,丁亥,癸酉,0.0022026412065214718,癸,酉,水,金,11,48,2020-11
2020-11-27,3408.307,庚子,丁亥,甲戌,0.011447197745340532,甲,戌,木,土,11,48,2020-11
2020-11-30,3391.755,庚子,丁亥,丁丑,-0.004856370039435953,丁,丑,火,土,11,49,2020-11
2020-12-01,3451.938,庚子,丁亥,戊寅,0.017743911337935625,戊,寅,土,木,12,49,2020-12
2020-12-02,3449.381,庚子,丁亥,己卯,-0.0007407433157838872,己,卯,土,木,12,49,2020-12
2020-12-03,3442.136,庚子,丁亥,庚辰,-0.00210037685022324,庚,辰,金,土,12,49,2020-12
2020-12-04,3444.581,庚子,丁亥,辛巳,0.000710314758045616,辛,巳,金,火,12,49,2020-12
2020-12-07,3416.604,庚子,戊子,甲申,-0.008122032839407822,甲,申,木,金,12,50,2020-12
2020-12-08,3410.177,庚子,戊子,乙酉,-0.001881107672999205,乙,酉,木,金,12,50,2020-12
2020-12-09,3371.964,庚子,戊子,丙戌,-0.011205576719331645,丙,戌,火,土,12,50,2020-12
2020-12-10,3373.276,庚子,戊子,丁亥,0.00038909074948612066,丁,亥,火,水,12,50,2020-12
2020-12-11,3347.191,庚子,戊子,戊子,-0.007732838937578812,戊,子,土,水,12,50,2020-12
2020-12-14,3369.12,庚子,戊子,辛卯,0.0065514636003742854,辛,卯,金,木,12,51,2020-12
2020-12-15,3367.233,庚子,戊子,壬辰,-0.0005600869069667391,壬,辰,水,土,12,51,2020-12
2020-12-16,3366.983,庚子,戊子,癸巳,-7.42449364210529e-05,癸,巳,水,火,12,51,2020-12
2020-12-17,3404.873,庚子,戊子,甲午,0.01125339807180481,甲,午,木,火,12,51,2020-12
2020-12-18,3394.896,庚子,戊子,乙未,-0.0029302120813315957,乙,未,木,土,12,51,2020-12
2020-12-21,3420.569,庚子,戊子,戊戌,0.007562234601590001,戊,戌,土,土,12,52,2020-12
2020-12-22,3356.782,庚子,戊子,己亥,-0.018648067032122406,己,亥,土,水,12,52,2020-12
2020-12-23,3382.32,庚子,戊子,庚子,0.0076078815961238,庚,子,金,水,12,52,2020-12
2020-12-24,3363.113,庚子,戊子,辛丑,-0.005678646609427962,辛,丑,金,土,12,52,2020-12
2020-12-25,3396.563,庚子,戊子,壬寅,0.009946142160552007,壬,寅,水,木,12,52,2020-12
2020-12-28,3397.285,庚子,戊子,乙巳,0.00021256782223666448,乙,巳,木,火,12,53,2020-12
2020-12-29,3379.036,庚子,戊子,丙午,-0.0053716423555868476,丙,午,火,火,12,53,2020-12
2020-12-30,3414.453,庚子,戊子,丁未,0.010481391734210588,丁,未,火,土,12,53,2020-12
2020-12-31,3473.069,庚子,戊子,戊申,0.017167024996390445,戊,申,土,金,12,53,2020-12
2021-01-04,3502.958,庚子,戊子,壬子,0.00860593325384551,壬,子,水,水,1,1,2021-01
2021-01-05,3528.677,庚子,己丑,癸丑,0.0073420806073039024,癸,丑,水,土,1,1,2021-01
2021-01-06,3550.877,庚子,己丑,甲寅,0.006291309745833917,甲,寅,木,木,1,1,2021-01
2021-01-07,3576.205,庚子,己丑,乙卯,0.0071328857631509646,乙,卯,木,木,1,1,2021-01
2021-01-08,3570.108,庚子,己丑,丙辰,-0.0017048798936302179,丙,辰,火,土,1,1,2021-01
2021-01-11,3531.498,庚子,己丑,己未,-0.010814798880033893,己,未,土,土,1,2,2021-01
2021-01-12,3608.339,庚子,己丑,庚申,0.021758755066546787,庚,申,金,金,1,2,2021-01
2021-01-13,3598.652,庚子,己丑,辛酉,-0.0026846147216211813,辛,酉,金,金,1,2,2021-01
2021-01-14,3565.905,庚子,己丑,壬戌,-0.009099796257042825,壬,戌,水,土,1,2,2021-01
2021-01-15,3566.378,庚子,己丑,癸亥,0.0001326451489873648,癸,亥,水,水,1,2,2021-01
2021-01-18,3596.224,庚子,己丑,丙寅,0.008368714701582292,丙,寅,火,木,1,3,2021-01
2021-01-19,3566.381,庚子,己丑,丁卯,-0.008298426349415466,丁,卯,火,木,1,3,2021-01
2021-01-20,3583.092,庚子,己丑,戊辰,0.004685702396911573,戊,辰,土,土,1,3,2021-01
2021-01-21,3621.264,庚子,己丑,己巳,0.010653368654782058,己,巳,土,火,1,3,2021-01
2021-01-22,3606.75,庚子,己丑,庚午,-0.004007992789258119,庚,午,金,火,1,3,2021-01
2021-01-25,3624.238,庚子,己丑,癸酉,0.004848686490607879,癸,酉,水,金,1,4,2021-01
2021-01-26,3569.429,庚子,己丑,甲戌,-0.015122903076453476,甲,戌,木,土,1,4,2021-01
2021-01-27,3573.341,庚子,己丑,乙亥,0.0010959736137068354,乙,亥,木,水,1,4,2021-01
2021-01-28,3505.176,庚子,己丑,丙子,-0.019075985191449707,丙,子,火,水,1,4,2021-01
2021-01-29,3483.069,庚子,己丑,丁丑,-0.006306958623475634,丁,丑,火,土,1,4,2021-01
2021-02-01,3505.284,庚子,己丑,庚辰,0.006377995957013827,庚,辰,金,土,2,5,2021-02
2021-02-02,3533.685,庚子,己丑,辛巳,0.008102339211316423,辛,巳,金,火,2,5,2021-02
2021-02-03,3517.308,辛丑,庚寅,壬午,-0.004634538732229965,壬,午,水,火,2,5,2021-02
2021-02-04,3501.859,辛丑,庚寅,癸未,-0.004392279550155975,癸,未,水,土,2,5,2021-02
2021-02-05,3496.333,辛丑,庚寅,甲申,-0.0015780189893425112,甲,申,木,金,2,5,2021-02
2021-02-08,3532.447,辛丑,庚寅,丁亥,0.010329107667948145,丁,亥,火,水,2,6,2021-02
2021-02-09,3603.489,辛丑,庚寅,戊子,0.02011127130852919,戊,子,土,水,2,6,2021-02
2021-02-10,3655.088,辛丑,庚寅,己丑,0.014319177885654844,己,丑,土,土,2,6,2021-02
2021-02-18,3675.357,辛丑,庚寅,丁酉,0.005545420520654876,丁,酉,火,金,2,7,2021-02
2021-02-19,3696.168,辛丑,庚寅,戊戌,0.005662307090168461,戊,戌,土,土,2,7,2021-02
2021-02-22,3642.445,辛丑,庚寅,辛丑,-0.014534783050986877,辛,丑,金,土,2,8,2021-02
2021-02-23,3636.357,辛丑,庚寅,壬寅,-0.0016714047844237356,壬,寅,水,木,2,8,2021-02
2021-02-24,3564.08,辛丑,庚寅,癸卯,-0.019876211274085565,癸,卯,水,木,2,8,2021-02
2021-02-25,3585.046,辛丑,庚寅,甲辰,0.0058825840048484235,甲,辰,木,土,2,8,2021-02
2021-02-26,3509.08,辛丑,庚寅,乙巳,-0.021189686269018515,乙,巳,木,火,2,8,2021-02
2021-03-01,3551.4,辛丑,庚寅,戊申,0.012060141119609735,戊,申,土,金,3,9,2021-03
2021-03-02,3508.591,辛丑,庚寅,己酉,-0.01205411950216817,己,酉,土,金,3,9,2021-03
2021-03-03,3576.905,辛丑,庚寅,庚戌,0.019470493996023075,庚,戌,金,土,3,9,2021-03
2021-03-04,3503.492,辛丑,庚寅,辛亥,-0.020524168240420138,辛,亥,金,水,3,9,2021-03
2021-03-05,3501.987,辛丑,辛卯,壬子,-0.0004295714104670667,壬,子,水,水,3,9,2021-03
2021-03-08,3421.414,辛丑,辛卯,乙卯,-0.023007795288788824,乙,卯,木,木,3,10,2021-03
2021-03-09,3359.292,辛丑,辛卯,丙辰,-0.018156820542617802,丙,辰,火,土,3,10,2021-03
2021-03-10,3357.737,辛丑,辛卯,丁巳,-0.0004628951576700624,丁,巳,火,火,3,10,2021-03
2021-03-11,3436.831,辛丑,辛卯,戊午,0.02355574602775623,戊,午,土,火,3,10,2021-03
2021-03-12,3453.078,辛丑,辛卯,己未,0.004727320022427595,己,未,土,土,3,10,2021-03
2021-03-15,3419.946,辛丑,辛卯,壬戌,-0.009594917925398794,壬,戌,水,土,3,11,2021-03
2021-03-16,3446.733,辛丑,辛卯,癸亥,0.00783257981266372,癸,亥,水,水,3,11,2021-03
2021-03-17,3445.551,辛丑,辛卯,甲子,-0.0003429334387085037,甲,子,木,水,3,11,2021-03
2021-03-18,3463.068,辛丑,辛卯,乙丑,0.005083947386063992,乙,丑,木,土,3,11,2021-03
2021-03-19,3404.663,辛丑,辛卯,丙寅,-0.016865103428520656,丙,寅,火,木,3,11,2021-03
2021-03-22,3443.439,辛丑,辛卯,己巳,0.011389086085759503,己,巳,土,火,3,12,2021-03
2021-03-23,3411.509,辛丑,辛卯,庚午,-0.009272706733007285,庚,午,金,火,3,12,2021-03
2021-03-24,3367.061,辛丑,辛卯,辛未,-0.013028838557951894,辛,未,金,土,3,12,2021-03
2021-03-25,3363.592,辛丑,辛卯,壬申,-0.0010302753647766227,壬,申,水,金,3,12,2021-03
2021-03-26,3418.327,辛丑,辛卯,癸酉,0.016272782192370494,癸,酉,水,金,3,12,2021-03
2021-03-29,3435.296,辛丑,辛卯,丙子,0.004964124263126202,丙,子,火,水,3,13,2021-03
2021-03-30,3456.677,辛丑,辛卯,丁丑,0.0062239178225109715,丁,丑,火,土,3,13,2021-03
2021-03-31,3441.912,辛丑,辛卯,戊寅,-0.00427144335441243,戊,寅,土,木,3,13,2021-03
2021-04-01,3466.332,辛丑,辛卯,己卯,0.007094893768347488,己,卯,土,木,4,13,2021-04
2021-04-02,3484.392,辛丑,辛卯,庚辰,0.005210118361426375,庚,辰,金,土,4,13,2021-04
2021-04-06,3482.967,辛丑,壬辰,甲申,-0.00040896661454847827,甲,申,木,金,4,14,2021-04
2021-04-07,3479.626,辛丑,壬辰,乙酉,-0.0009592396367809064,乙,酉,木,金,4,14,2021-04
2021-04-08,3482.555,辛丑,壬辰,丙戌,0.0008417571313696914,丙,戌,火,土,4,14,2021-04
2021-04-09,3450.677,辛丑,壬辰,丁亥,-0.009153624278726347,丁,亥,火,水,4,14,2021-04
2021-04-12,3412.948,辛丑,壬辰,庚寅,-0.010933796469504431,庚,寅,金,木,4,15,2021-04
2021-04-13,3396.47,辛丑,壬辰,辛卯,-0.004828084107932562,辛,卯,金,木,4,15,2021-04
2021-04-14,3416.721,辛丑,壬辰,壬辰,0.005962366810247088,壬,辰,水,土,4,15,2021-04
2021-04-15,3398.988,辛丑,壬辰,癸巳,-0.005190063806790213,癸,巳,水,火,4,15,2021-04
2021-04-16,3426.618,辛丑,壬辰,甲午,0.00812889012847351,甲,午,木,火,4,15,2021-04
2021-04-19,3477.549,辛丑,壬辰,丁酉,0.014863343389896366,丁,酉,火,金,4,16,2021-04
2021-04-20,3472.943,辛丑,壬辰,戊戌,-0.0013244960746777723,戊,戌,土,土,4,16,2021-04
2021-04-21,3472.93,辛丑,壬辰,己亥,-3.7432229669231987e-06,己,亥,土,水,4,16,2021-04
2021-04-22,3465.114,辛丑,壬辰,庚子,-0.002250549248041245,庚,子,金,水,4,16,2021-04
2021-04-23,3474.166,辛丑,壬辰,辛丑,0.0026123238658237735,辛,丑,金,土,4,16,2021-04
2021-04-26,3441.166,辛丑,壬辰,甲辰,-0.00949868256151265,甲,辰,木,土,4,17,2021-04
2021-04-27,3442.611,辛丑,壬辰,乙巳,0.00041991580760702973,乙,巳,木,火,4,17,2021-04
2021-04-28,3457.068,辛丑,壬辰,丙午,0.004199428863731702,丙,午,火,火,4,17,2021-04
2021-04-29,3474.901,辛丑,壬辰,丁未,0.005158417479783406,丁,未,火,土,4,17,2021-04
2021-04-30,3446.856,辛丑,壬辰,戊申,-0.00807073352593346,戊,申,土,金,4,17,2021-04
2021-05-06,3441.283,辛丑,癸巳,甲寅,-0.0016168357482878593,甲,寅,木,木,5,18,2021-05
2021-05-07,3418.874,辛丑,癸巳,乙卯,-0.006511815506019203,乙,卯,木,木,5,18,2021-05
2021-05-10,3427.991,辛丑,癸巳,戊午,0.0026666674466506723,戊,午,土,火,5,19,2021-05
2021-05-11,3441.845,辛丑,癸巳,己未,0.004041434181128123,己,未,土,土,5,19,2021-05
2021-05-12,3462.751,辛丑,癸巳,庚申,0.006074067832804841,庚,申,金,金,5,19,2021-05
2021-05-13,3429.536,辛丑,癸巳,辛酉,-0.009592084443842519,辛,酉,金,金,5,19,2021-05
2021-05-14,3490.376,辛丑,癸巳,壬戌,0.017740009144094238,壬,戌,水,土,5,19,2021-05
2021-05-17,3517.616,辛丑,癸巳,乙丑,0.007804316784208787,乙,丑,木,土,5,20,2021-05
2021-05-18,3529.014,辛丑,癸巳,丙寅,0.003240262723390064,丙,寅,火,木,5,20,2021-05
2021-05-19,3510.965,辛丑,癸巳,丁卯,-0.00511445973294522,丁,卯,火,木,5,20,2021-05
2021-05-20,3506.944,辛丑,癸巳,戊辰,-0.001145269178131958,戊,辰,土,土,5,20,2021-05
2021-05-21,3486.557,辛丑,癸巳,己巳,-0.005813323509015311,己,巳,土,火,5,20,2021-05
2021-05-24,3497.282,辛丑,癸巳,壬申,0.0030761005771597905,壬,申,水,金,5,21,2021-05
2021-05-25,3581.342,辛丑,癸巳,癸酉,0.024035808379192725,癸,酉,水,金,5,21,2021-05
2021-05-26,3593.357,辛丑,癸巳,甲戌,0.003354887637092352,甲,戌,木,土,5,21,2021-05
2021-05-27,3608.851,辛丑,癸巳,乙亥,0.004311845441463236,乙,亥,木,水,5,21,2021-05
2021-05-28,3600.784,辛丑,癸巳,丙子,-0.002235337507699775,丙,子,火,水,5,21,2021-05
2021-05-31,3615.477,辛丑,癸巳,己卯,0.004080500246612884,己,卯,土,木,5,22,2021-05
2021-06-01,3624.714,辛丑,癸巳,庚辰,0.0025548496090557204,庚,辰,金,土,6,22,2021-06
2021-06-02,3597.138,辛丑,癸巳,辛巳,-0.007607772640820798,辛,巳,金,火,6,22,2021-06
2021-06-03,3584.212,辛丑,癸巳,壬午,-0.0035934123183486433,壬,午,水,火,6,22,2021-06
2021-06-04,3591.845,辛丑,癸巳,癸未,0.0021296173329032886,癸,未,水,土,6,22,2021-06
2021-06-07,3599.541,辛丑,甲午,丙戌,0.002142631433149411,丙,戌,火,土,6,23,2021-06
2021-06-08,3580.106,辛丑,甲午,丁亥,-0.005399299521800072,丁,亥,火,水,6,23,2021-06
2021-06-09,3591.397,辛丑,甲午,戊子,0.0031538172333445136,戊,子,土,水,6,23,2021-06
2021-06-10,3610.859,辛丑,甲午,己丑,0.0054190611619935325,己,丑,土,土,6,23,2021-06
2021-06-11,3589.748,辛丑,甲午,庚寅,-0.005846531254751208,庚,寅,金,木,6,23,2021-06
2021-06-15,3556.559,辛丑,甲午,甲午,-0.009245495784105162,甲,午,木,火,6,24,2021-06
2021-06-16,3518.329,辛丑,甲午,乙未,-0.010749153887226415,乙,未,木,土,6,24,2021-06
2021-06-17,3525.604,辛丑,甲午,丙申,0.0020677429541124948,丙,申,火,金,6,24,2021-06
2021-06-18,3525.097,辛丑,甲午,丁酉,-0.00014380514657907906,丁,酉,火,金,6,24,2021-06
2021-06-21,3529.183,辛丑,甲午,庚子,0.001159117039899904,庚,子,金,水,6,25,2021-06
2021-06-22,3557.412,辛丑,甲午,辛丑,0.00799873511801441,辛,丑,金,土,6,25,2021-06
2021-06-23,3566.22,辛丑,甲午,壬寅,0.0024759572408257213,壬,寅,水,木,6,25,2021-06
2021-06-24,3566.654,辛丑,甲午,癸卯,0.00012169748361023913,癸,卯,水,木,6,25,2021-06
2021-06-25,3607.562,辛丑,甲午,甲辰,0.011469573443344983,甲,辰,木,土,6,25,2021-06
2021-06-28,3606.372,辛丑,甲午,丁未,-0.000329862660711,丁,未,火,土,6,26,2021-06
2021-06-29,3573.178,辛丑,甲午,戊申,-0.00920426400826091,戊,申,土,金,6,26,2021-06
2021-06-30,3591.197,辛丑,甲午,己酉,0.005042849810448891,己,酉,土,金,6,26,2021-06
2021-07-01,3588.782,辛丑,甲午,庚戌,-0.0006724777281781336,庚,戌,金,土,7,26,2021-07
2021-07-02,3518.76,辛丑,甲午,辛亥,-0.01951135510599411,辛,亥,金,水,7,26,2021-07
2021-07-05,3534.322,辛丑,甲午,甲寅,0.00442258068183099,甲,寅,木,木,7,27,2021-07
2021-07-06,3530.259,辛丑,甲午,乙卯,-0.0011495839937617491,乙,卯,木,木,7,27,2021-07
2021-07-07,3553.716,辛丑,乙未,丙辰,0.006644554974578387,丙,辰,火,土,7,27,2021-07
2021-07-08,3525.504,辛丑,乙未,丁巳,-0.007938732301624563,丁,巳,火,火,7,27,2021-07
2021-07-09,3524.088,辛丑,乙未,戊午,-0.0004016447010128932,戊,午,土,火,7,27,2021-07
2021-07-12,3547.836,辛丑,乙未,辛酉,0.006738764752753035,辛,酉,金,金,7,28,2021-07
2021-07-13,3566.523,辛丑,乙未,壬戌,0.005267154400597995,壬,戌,水,土,7,28,2021-07
2021-07-14,3528.501,辛丑,乙未,癸亥,-0.010660803252916073,癸,亥,水,水,7,28,2021-07
2021-07-15,3564.59,辛丑,乙未,甲子,0.010227855964898502,甲,子,木,水,7,28,2021-07
2021-07-16,3539.304,辛丑,乙未,乙丑,-0.007093662945808599,乙,丑,木,土,7,28,2021-07
2021-07-19,3539.123,辛丑,乙未,戊辰,-5.113999814654324e-05,戊,辰,土,土,7,29,2021-07
2021-07-20,3536.791,辛丑,乙未,己巳,-0.0006589203031371893,己,巳,土,火,7,29,2021-07
2021-07-21,3562.661,辛丑,乙未,庚午,0.007314540214561793,庚,午,金,火,7,29,2021-07
2021-07-22,3574.734,辛丑,乙未,辛未,0.003388759132569641,辛,未,金,土,7,29,2021-07
2021-07-23,3550.396,辛丑,乙未,壬申,-0.006808338746323472,壬,申,水,金,7,29,2021-07
2021-07-26,3467.441,辛丑,乙未,乙亥,-0.023364999284586907,乙,亥,木,水,7,30,2021-07
2021-07-27,3381.183,辛丑,乙未,丙子,-0.024876558822486072,丙,子,火,水,7,30,2021-07
2021-07-28,3361.59,辛丑,乙未,丁丑,-0.005794717411036321,丁,丑,火,土,7,30,2021-07
2021-07-29,3411.724,辛丑,乙未,戊寅,0.014913775921513439,戊,寅,土,木,7,30,2021-07
2021-07-30,3397.357,辛丑,乙未,己卯,-0.0042110674837707585,己,卯,土,木,7,30,2021-07
2021-08-02,3464.285,辛丑,乙未,壬午,0.01970001975064739,壬,午,水,火,8,31,2021-08
2021-08-03,3447.991,辛丑,乙未,癸未,-0.004703423650190386,癸,未,水,土,8,31,2021-08
2021-08-04,3477.219,辛丑,乙未,甲申,0.008476820270122642,甲,申,木,金,8,31,2021-08
2021-08-05,3466.549,辛丑,乙未,乙酉,-0.003068544144041563,乙,酉,木,金,8,31,2021-08
2021-08-06,3458.228,辛丑,乙未,丙戌,-0.0024003699356334174,丙,戌,火,土,8,31,2021-08
2021-08-09,3494.635,辛丑,丙申,己丑,0.01052764595046951,己,丑,土,土,8,32,2021-08
2021-08-10,3529.931,辛丑,丙申,庚寅,0.010100053367519068,庚,寅,金,木,8,32,2021-08
2021-08-11,3532.621,辛丑,丙申,辛卯,0.0007620545557405212,辛,卯,金,木,8,32,2021-08
2021-08-12,3524.737,辛丑,丙申,壬辰,-0.0022317706881095356,壬,辰,水,土,8,32,2021-08
2021-08-13,3516.299,辛丑,丙申,癸巳,-0.002393937476753649,癸,巳,水,火,8,32,2021-08
2021-08-16,3517.345,辛丑,丙申,丙申,0.000297471858906162,丙,申,火,金,8,33,2021-08
2021-08-17,3446.976,辛丑,丙申,丁酉,-0.020006283148226722,丁,酉,火,金,8,33,2021-08
2021-08-18,3485.286,辛丑,丙申,戊戌,0.011114089567203278,戊,戌,土,土,8,33,2021-08
2021-08-19,3465.555,辛丑,丙申,己亥,-0.0056612283755193005,己,亥,土,水,8,33,2021-08
2021-08-20,3427.334,辛丑,丙申,庚子,-0.011028825108820972,庚,子,金,水,8,33,2021-08
2021-08-23,3477.132,辛丑,丙申,癸卯,0.014529660663361144,癸,卯,水,木,8,34,2021-08
2021-08-24,3514.471,辛丑,丙申,甲辰,0.010738447663189099,甲,辰,木,土,8,34,2021-08
2021-08-25,3540.384,辛丑,丙申,乙巳,0.007373229143162741,乙,巳,木,火,8,34,2021-08
2021-08-26,3501.664,辛丑,丙申,丙午,-0.010936666757052294,丙,午,火,火,8,34,2021-08
2021-08-27,3522.157,辛丑,丙申,丁未,0.005852360477761387,丁,未,火,土,8,34,2021-08
2021-08-30,3528.151,辛丑,丙申,庚戌,0.0017017980743050387,庚,戌,金,土,8,35,2021-08
2021-08-31,3543.94,辛丑,丙申,辛亥,0.004475148597664846,辛,亥,金,水,8,35,2021-08
2021-09-01,3567.101,辛丑,丙申,壬子,0.006535381524517936,壬,子,水,水,9,35,2021-09
2021-09-02,3597.043,辛丑,丙申,癸丑,0.008393931094185403,癸,丑,水,土,9,35,2021-09
2021-09-03,3581.734,辛丑,丙申,甲寅,-0.0042559958276841,甲,寅,木,木,9,35,2021-09
2021-09-06,3621.859,辛丑,丙申,丁巳,0.011202674458795636,丁,巳,火,火,9,36,2021-09
2021-09-07,3676.587,辛丑,丁酉,戊午,0.01511047227404494,戊,午,土,火,9,36,2021-09
2021-09-08,3675.187,辛丑,丁酉,己未,-0.00038078794273055383,己,未,土,土,9,36,2021-09
2021-09-09,3693.13,辛丑,丁酉,庚申,0.004882200551971971,庚,申,金,金,9,36,2021-09
2021-09-10,3703.11,辛丑,丁酉,辛酉,0.0027023148386329243,辛,酉,金,金,9,36,2021-09
2021-09-13,3715.372,辛丑,丁酉,甲子,0.0033112707967086763,甲,子,木,水,9,37,2021-09
2021-09-14,3662.602,辛丑,丁酉,乙丑,-0.014203153816091607,乙,丑,木,土,9,37,2021-09
2021-09-15,3656.223,辛丑,丁酉,丙寅,-0.0017416579797641107,丙,寅,火,木,9,37,2021-09
2021-09-16,3607.092,辛丑,丁酉,丁卯,-0.013437637693324511,丁,卯,火,木,9,37,2021-09
2021-09-17,3613.966,辛丑,丁酉,戊辰,0.0019056902346821225,戊,辰,土,土,9,37,2021-09
2021-09-22,3628.49,辛丑,丁酉,癸酉,0.004018853525461941,癸,酉,水,金,9,38,2021-09
2021-09-23,3642.22,辛丑,丁酉,甲戌,0.0037839431829769232,甲,戌,木,土,9,38,2021-09
2021-09-24,3613.067,辛丑,丁酉,乙亥,-0.00800418426124716,乙,亥,木,水,9,38,2021-09
2021-09-27,3582.831,辛丑,丁酉,戊寅,-0.008368513509436681,戊,寅,土,木,9,39,2021-09
2021-09-28,3602.218,辛丑,丁酉,己卯,0.0054110841398882226,己,卯,土,木,9,39,2021-09
2021-09-29,3536.294,辛丑,丁酉,庚辰,-0.0183009468055515,庚,辰,金,土,9,39,2021-09
2021-09-30,3568.167,辛丑,丁酉,辛巳,0.009013108073027798,辛,巳,金,火,9,39,2021-09
2021-10-08,3592.167,辛丑,戊戌,己丑,0.006726142582452077,己,丑,土,土,10,40,2021-10
2021-10-11,3591.709,辛丑,戊戌,壬辰,-0.00012749964018932136,壬,辰,水,土,10,41,2021-10
2021-10-12,3546.936,辛丑,戊戌,癸巳,-0.012465653537076515,癸,巳,水,火,10,41,2021-10
2021-10-13,3561.762,辛丑,戊戌,甲午,0.004179945733444379,甲,午,木,火,10,41,2021-10
2021-10-14,3558.28,辛丑,戊戌,乙未,-0.0009776060275784593,乙,未,木,土,10,41,2021-10
2021-10-15,3572.366,辛丑,戊戌,丙申,0.003958654181233534,丙,申,火,金,10,41,2021-10
2021-10-18,3568.138,辛丑,戊戌,己亥,-0.0011835293472169939,己,亥,土,水,10,42,2021-10
2021-10-19,3593.153,辛丑,戊戌,庚子,0.007010659341090575,庚,子,金,水,10,42,2021-10
2021-10-20,3587.001,辛丑,戊戌,辛丑,-0.0017121452941190052,辛,丑,金,土,10,42,2021-10
2021-10-21,3594.783,辛丑,戊戌,壬寅,0.0021695003709225613,壬,寅,水,木,10,42,2021-10
2021-10-22,3582.604,辛丑,戊戌,癸卯,-0.003387965281909988,癸,卯,水,木,10,42,2021-10
2021-10-25,3609.863,辛丑,戊戌,丙午,0.007608711428893633,丙,午,火,火,10,43,2021-10
2021-10-26,3597.638,辛丑,戊戌,丁未,-0.0033865551130333182,丁,未,火,土,10,43,2021-10
2021-10-27,3562.305,辛丑,戊戌,戊申,-0.009821165998357806,戊,申,土,金,10,43,2021-10
2021-10-28,3518.417,辛丑,戊戌,己酉,-0.012320112960569007,己,酉,土,金,10,43,2021-10
2021-10-29,3547.336,辛丑,戊戌,庚戌,0.00821932135957737,庚,戌,金,土,10,43,2021-10
2021-11-01,3544.48,辛丑,戊戌,癸丑,-0.0008051112158531382,癸,丑,水,土,11,44,2021-11
2021-11-02,3505.628,辛丑,戊戌,甲寅,-0.01096126935403774,甲,寅,木,木,11,44,2021-11
2021-11-03,3498.537,辛丑,戊戌,乙卯,-0.0020227474221452546,乙,卯,木,木,11,44,2021-11
2021-11-04,3526.866,辛丑,戊戌,丙辰,0.008097384706807542,丙,辰,火,土,11,44,2021-11
2021-11-05,3491.568,辛丑,戊戌,丁巳,-0.010008319000495036,丁,巳,火,火,11,44,2021-11
2021-11-08,3498.631,辛丑,己亥,庚申,0.0020228733909806174,庚,申,金,金,11,45,2021-11
2021-11-09,3507.002,辛丑,己亥,辛酉,0.00239265015373169,辛,酉,金,金,11,45,2021-11
2021-11-10,3492.462,辛丑,己亥,壬戌,-0.004145991362422885,壬,戌,水,土,11,45,2021-11
2021-11-11,3532.786,辛丑,己亥,癸亥,0.011546009663097268,癸,亥,水,水,11,45,2021-11
2021-11-12,3539.1,辛丑,己亥,甲子,0.0017872579884543605,甲,子,木,水,11,45,2021-11
2021-11-15,3533.303,辛丑,己亥,丁卯,-0.0016379870588567602,丁,卯,火,木,11,46,2021-11
2021-11-16,3521.787,辛丑,己亥,戊辰,-0.0032592732635723376,戊,辰,土,土,11,46,2021-11
2021-11-17,3537.366,辛丑,己亥,己巳,0.004423606538385361,己,巳,土,火,11,46,2021-11
2021-11-18,3520.711,辛丑,己亥,庚午,-0.004708305558429715,庚,午,金,火,11,46,2021-11
2021-11-19,3560.373,辛丑,己亥,辛未,0.01126533816606945,辛,未,金,土,11,46,2021-11
2021-11-22,3582.08,辛丑,己亥,甲戌,0.006096833112710254,甲,戌,木,土,11,47,2021-11
2021-11-23,3589.089,辛丑,己亥,乙亥,0.0019566843844915915,乙,亥,木,水,11,47,2021-11
2021-11-24,3592.703,辛丑,己亥,丙子,0.0010069407585044932,丙,子,火,水,11,47,2021-11
2021-11-25,3584.179,辛丑,己亥,丁丑,-0.0023725868795722027,丁,丑,火,土,11,47,2021-11
2021-11-26,3564.089,辛丑,己亥,戊寅,-0.005605188803349481,戊,寅,土,木,11,47,2021-11
2021-11-29,3562.697,辛丑,己亥,辛巳,-0.0003905626374649529,辛,巳,金,火,11,48,2021-11
2021-11-30,3563.887,辛丑,己亥,壬午,0.0003340166171863501,壬,午,水,火,11,48,2021-11
2021-12-01,3576.885,辛丑,己亥,癸未,0.003647141449770963,癸,未,水,土,12,48,2021-12
2021-12-02,3573.836,辛丑,己亥,甲申,-0.0008524176762743085,甲,申,木,金,12,48,2021-12
2021-12-03,3607.432,辛丑,己亥,乙酉,0.009400543281784524,乙,酉,木,金,12,48,2021-12
2021-12-06,3589.306,辛丑,己亥,戊子,-0.005024626936834808,戊,子,土,水,12,49,2021-12
2021-12-07,3595.088,辛丑,庚子,己丑,0.0016108963682672783,己,丑,土,土,12,49,2021-12
2021-12-08,3637.568,辛丑,庚子,庚寅,0.011816122442621646,庚,寅,金,木,12,49,2021-12
2021-12-09,3673.041,辛丑,庚子,辛卯,0.009751845188873398,辛,卯,金,木,12,49,2021-12
2021-12-10,3666.348,辛丑,庚子,壬辰,-0.001822195831737261,壬,辰,水,土,12,49,2021-12
2021-12-13,3681.082,辛丑,庚子,乙未,0.004018712899048316,乙,未,木,土,12,50,2021-12
2021-12-14,3661.525,辛丑,庚子,丙申,-0.005312840083431913,丙,申,火,金,12,50,2021-12
2021-12-15,3647.63,辛丑,庚子,丁酉,-0.0037948668928929896,丁,酉,火,金,12,50,2021-12
2021-12-16,3675.016,辛丑,庚子,戊戌,0.007507888683885078,戊,戌,土,土,12,50,2021-12
2021-12-17,3632.364,辛丑,庚子,己亥,-0.011605935865313222,己,亥,土,水,12,50,2021-12
2021-12-20,3593.602,辛丑,庚子,壬寅,-0.010671287348955172,壬,寅,水,木,12,51,2021-12
2021-12-21,3625.125,辛丑,庚子,癸卯,0.008771978644268374,癸,卯,水,木,12,51,2021-12
2021-12-22,3622.618,辛丑,庚子,甲辰,-0.0006915623599186294,甲,辰,木,土,12,51,2021-12
2021-12-23,3643.339,辛丑,庚子,乙巳,0.005719896494744914,乙,巳,木,火,12,51,2021-12
2021-12-24,3618.054,辛丑,庚子,丙午,-0.006940062398804958,丙,午,火,火,12,51,2021-12
2021-12-27,3615.974,辛丑,庚子,己酉,-0.0005748946809527311,己,酉,土,金,12,52,2021-12
2021-12-28,3630.112,辛丑,庚子,庚戌,0.003909873245770079,庚,戌,金,土,12,52,2021-12
2021-12-29,3597.0,辛丑,庚子,辛亥,-0.009121481651254815,辛,亥,金,水,12,52,2021-12
2021-12-30,3619.189,辛丑,庚子,壬子,0.006168751737559042,壬,子,水,水,12,52,2021-12
2021-12-31,3639.775,辛丑,庚子,癸丑,0.005688014635323091,癸,丑,水,土,12,52,2021-12
2022-01-04,3632.329,辛丑,庚子,丁巳,-0.0020457308487474846,丁,巳,火,火,1,1,2022-01
2022-01-05,3595.176,辛丑,辛丑,戊午,-0.010228423691796662,戊,午,土,火,1,1,2022-01
2022-01-06,3586.079,辛丑,辛丑,己未,-0.002530335093469671,己,未,土,土,1,1,2022-01
2022-01-07,3579.543,辛丑,辛丑,庚申,-0.0018226034618868958,庚,申,金,金,1,1,2022-01
2022-01-10,3593.519,辛丑,辛丑,癸亥,0.003904409026515232,癸,亥,水,水,1,2,2022-01
2022-01-11,3567.441,辛丑,辛丑,甲子,-0.007256953420866852,甲,子,木,水,1,2,2022-01
2022-01-12,3597.432,辛丑,辛丑,乙丑,0.008406866434511384,乙,丑,木,土,1,2,2022-01
2022-01-13,3555.259,辛丑,辛丑,丙寅,-0.0117230846893005,丙,寅,火,木,1,2,2022-01
2022-01-14,3521.256,辛丑,辛丑,丁卯,-0.009564141459173614,丁,卯,火,木,1,2,2022-01
2022-01-17,3541.666,辛丑,辛丑,庚午,0.005796227255274955,庚,午,金,火,1,3,2022-01
2022-01-18,3569.914,辛丑,辛丑,辛未,0.007975907383700243,辛,未,金,土,1,3,2022-01
2022-01-19,3558.18,辛丑,辛丑,壬申,-0.0032869139144529047,壬,申,水,金,1,3,2022-01
2022-01-20,3555.063,辛丑,辛丑,癸酉,-0.0008760096453804822,癸,酉,水,金,1,3,2022-01
2022-01-21,3522.568,辛丑,辛丑,甲戌,-0.009140484992811615,甲,戌,木,土,1,3,2022-01
2022-01-24,3524.105,辛丑,辛丑,丁丑,0.00043632940513838037,丁,丑,火,土,1,4,2022-01
2022-01-25,3433.061,辛丑,辛丑,戊寅,-0.0258346445409543,戊,寅,土,木,1,4,2022-01
2022-01-26,3455.668,辛丑,辛丑,己卯,0.0065850854383304736,己,卯,土,木,1,4,2022-01
2022-01-27,3394.247,辛丑,辛丑,庚辰,-0.017773987547414882,庚,辰,金,土,1,4,2022-01
2022-01-28,3361.44,辛丑,辛丑,辛巳,-0.009665472194569147,辛,巳,金,火,1,4,2022-01
2022-02-07,3429.581,壬寅,壬寅,辛卯,0.02027137179304117,辛,卯,金,木,2,6,2022-02
2022-02-08,3452.629,壬寅,壬寅,壬辰,0.006720354468956913,壬,辰,水,土,2,6,2022-02
2022-02-09,3479.946,壬寅,壬寅,癸巳,0.007911941885444307,癸,巳,水,火,2,6,2022-02
2022-02-10,3485.907,壬寅,壬寅,甲午,0.001712957614859567,甲,午,木,火,2,6,2022-02
2022-02-11,3462.948,壬寅,壬寅,乙未,-0.006586234228279864,乙,未,木,土,2,6,2022-02
2022-02-14,3428.882,壬寅,壬寅,戊戌,-0.009837283147191345,戊,戌,土,土,2,7,2022-02
2022-02-15,3446.089,壬寅,壬寅,己亥,0.005018253763179992,己,亥,土,水,2,7,2022-02
2022-02-16,3465.831,壬寅,壬寅,庚子,0.0057288131560153666,庚,子,金,水,2,7,2022-02
2022-02-17,3468.035,壬寅,壬寅,辛丑,0.0006359225247853928,辛,丑,金,土,2,7,2022-02
2022-02-18,3490.757,壬寅,壬寅,壬寅,0.0065518369912644925,壬,寅,水,木,2,7,2022-02
2022-02-21,3490.612,壬寅,壬寅,乙巳,-4.153826806052585e-05,乙,巳,木,火,2,8,2022-02
2022-02-22,3457.146,壬寅,壬寅,丙午,-0.009587430513617656,丙,午,火,火,2,8,2022-02
2022-02-23,3489.147,壬寅,壬寅,丁未,0.009256479188324729,丁,未,火,土,2,8,2022-02
2022-02-24,3429.956,壬寅,壬寅,戊申,-0.016964318213018803,戊,申,土,金,2,8,2022-02
2022-02-25,3451.406,壬寅,壬寅,己酉,0.006253724537574223,己,酉,土,金,2,8,2022-02
2022-02-28,3462.306,壬寅,壬寅,壬子,0.00315813323613634,壬,子,水,水,2,9,2022-02
2022-03-01,3488.835,壬寅,壬寅,癸丑,0.007662234360567677,癸,丑,水,土,3,9,2022-03
2022-03-02,3484.192,壬寅,壬寅,甲寅,-0.0013308167339527444,甲,寅,木,木,3,9,2022-03
2022-03-03,3481.113,壬寅,壬寅,乙卯,-0.000883705605202012,乙,卯,木,木,3,9,2022-03
2022-03-04,3447.649,壬寅,壬寅,丙辰,-0.009613017445857075,丙,辰,火,土,3,9,2022-03
2022-03-07,3372.855,壬寅,癸卯,己未,-0.021694203789306865,己,未,土,土,3,10,2022-03
2022-03-08,3293.53,壬寅,癸卯,庚申,-0.023518651113077715,庚,申,金,金,3,10,2022-03
2022-03-09,3256.388,壬寅,癸卯,辛酉,-0.011277261782950299,辛,酉,金,金,3,10,2022-03
2022-03-10,3296.092,壬寅,癸卯,壬戌,0.01219265026157812,壬,戌,水,土,3,10,2022-03
2022-03-11,3309.747,壬寅,癸卯,癸亥,0.004142784849451964,癸,亥,水,水,3,10,2022-03
2022-03-14,3223.533,壬寅,癸卯,丙寅,-0.02604851669931263,丙,寅,火,木,3,11,2022-03
2022-03-15,3063.965,壬寅,癸卯,丁卯,-0.04950096679636895,丁,卯,火,木,3,11,2022-03
2022-03-16,3170.71,壬寅,癸卯,戊辰,0.03483884443849705,戊,辰,土,土,3,11,2022-03
2022-03-17,3215.045,壬寅,癸卯,己巳,0.013982672650605155,己,巳,土,火,3,11,2022-03
2022-03-18,3251.072,壬寅,癸卯,庚午,0.011205752952135883,庚,午,金,火,3,11,2022-03
2022-03-21,3253.686,壬寅,癸卯,癸酉,0.0008040424819875103,癸,酉,水,金,3,12,2022-03
2022-03-22,3259.862,壬寅,癸卯,甲戌,0.0018981548926355618,甲,戌,木,土,3,12,2022-03
2022-03-23,3271.033,壬寅,癸卯,乙亥,0.003426832178785366,乙,亥,木,水,3,12,2022-03
2022-03-24,3250.264,壬寅,癸卯,丙子,-0.0063493703670980395,丙,子,火,水,3,12,2022-03
2022-03-25,3212.24,壬寅,癸卯,丁丑,-0.01169874200987997,丁,丑,火,土,3,12,2022-03
2022-03-28,3214.503,壬寅,癸卯,庚辰,0.00070449281498286,庚,辰,金,土,3,13,2022-03
2022-03-29,3203.939,壬寅,癸卯,辛巳,-0.003286355620137904,辛,巳,金,火,3,13,2022-03
2022-03-30,3266.596,壬寅,癸卯,壬午,0.01955623999083622,壬,午,水,火,3,13,2022-03
2022-03-31,3252.203,壬寅,癸卯,癸未,-0.004406115724136073,癸,未,水,土,3,13,2022-03
2022-04-01,3282.717,壬寅,癸卯,甲申,0.009382563142583678,甲,申,木,金,4,13,2022-04
2022-04-06,3283.426,壬寅,甲辰,己丑,0.00021597962906949597,己,丑,土,土,4,14,2022-04
2022-04-07,3236.695,壬寅,甲辰,庚寅,-0.01423239019243916,庚,寅,金,木,4,14,2022-04
2022-04-08,3251.85,壬寅,甲辰,辛卯,0.004682245315051237,辛,卯,金,木,4,14,2022-04
2022-04-11,3167.126,壬寅,甲辰,甲午,-0.026054092285929475,甲,午,木,火,4,15,2022-04
2022-04-12,3213.33,壬寅,甲辰,乙未,0.014588620724278023,乙,未,木,土,4,15,2022-04
2022-04-13,3186.824,壬寅,甲辰,丙申,-0.008248763743530785,丙,申,火,金,4,15,2022-04
2022-04-14,3225.641,壬寅,甲辰,丁酉,0.012180465566971943,丁,酉,火,金,4,15,2022-04
2022-04-15,3211.245,壬寅,甲辰,戊戌,-0.004462988906701049,戊,戌,土,土,4,15,2022-04
2022-04-18,3195.524,壬寅,甲辰,辛丑,-0.0048956090239143935,辛,丑,金,土,4,16,2022-04
2022-04-19,3194.029,壬寅,甲辰,壬寅,-0.0004678418938489637,壬,寅,水,木,4,16,2022-04
2022-04-20,3151.05,壬寅,甲辰,癸卯,-0.013456045640161673,癸,卯,水,木,4,16,2022-04
2022-04-21,3079.808,壬寅,甲辰,甲辰,-0.022608971612637085,甲,辰,木,土,4,16,2022-04
2022-04-22,3086.919,壬寅,甲辰,乙巳,0.0023089101658284594,乙,巳,木,火,4,16,2022-04
2022-04-25,2928.512,壬寅,甲辰,戊申,-0.05131556739907972,戊,申,土,金,4,17,2022-04
2022-04-26,2886.426,壬寅,甲辰,己酉,-0.014371120896892409,己,酉,土,金,4,17,2022-04
2022-04-27,2958.282,壬寅,甲辰,庚戌,0.024894454248957087,庚,戌,金,土,4,17,2022-04
2022-04-28,2975.485,壬寅,甲辰,辛亥,0.005815199497546164,辛,亥,金,水,4,17,2022-04
2022-04-29,3047.062,壬寅,甲辰,壬子,0.0240555741332924,壬,子,水,水,4,17,2022-04
2022-05-05,3067.759,壬寅,乙巳,戊午,0.006792444656524843,戊,午,土,火,5,18,2022-05
2022-05-06,3001.561,壬寅,乙巳,己未,-0.021578618137865435,己,未,土,土,5,18,2022-05
2022-05-09,3004.141,壬寅,乙巳,壬戌,0.0008595527460544261,壬,戌,水,土,5,19,2022-05
2022-05-10,3035.844,壬寅,乙巳,癸亥,0.0105530998711445,癸,亥,水,水,5,19,2022-05
2022-05-11,3058.703,壬寅,乙巳,甲子,0.007529701789683596,甲,子,木,水,5,19,2022-05
2022-05-12,3054.994,壬寅,乙巳,乙丑,-0.0012126054736271152,乙,丑,木,土,5,19,2022-05
2022-05-13,3084.285,壬寅,乙巳,丙寅,0.009587907537625284,丙,寅,火,木,5,19,2022-05
2022-05-16,3073.749,壬寅,乙巳,己巳,-0.0034160267290473945,己,巳,土,火,5,20,2022-05
2022-05-17,3093.697,壬寅,乙巳,庚午,0.006489794709978014,庚,午,金,火,5,20,2022-05
2022-05-18,3085.977,壬寅,乙巳,辛未,-0.0024953962847688027,辛,未,金,土,5,20,2022-05
2022-05-19,3096.965,壬寅,乙巳,壬申,0.0035606227784588107,壬,申,水,金,5,20,2022-05
2022-05-20,3146.567,壬寅,乙巳,癸酉,0.01601632566076794,癸,酉,水,金,5,20,2022-05
2022-05-23,3146.857,壬寅,乙巳,丙子,9.216393612465623e-05,丙,子,火,水,5,21,2022-05
2022-05-24,3070.927,壬寅,乙巳,丁丑,-0.024128837122246005,丁,丑,火,土,5,21,2022-05
2022-05-25,3107.464,壬寅,乙巳,戊寅,0.011897710365632141,戊,寅,土,木,5,21,2022-05
2022-05-26,3123.108,壬寅,乙巳,己卯,0.005034330244855667,己,卯,土,木,5,21,2022-05
2022-05-27,3130.239,壬寅,乙巳,庚辰,0.0022833024026065463,庚,辰,金,土,5,21,2022-05
2022-05-30,3149.061,壬寅,乙巳,癸未,0.006012959393835393,癸,未,水,土,5,22,2022-05
2022-05-31,3186.427,壬寅,乙巳,甲申,0.011865759348580474,甲,申,木,金,5,22,2022-05
2022-06-01,3182.157,壬寅,乙巳,乙酉,-0.0013400589437636556,乙,酉,木,金,6,22,2022-06
2022-06-02,3195.458,壬寅,乙巳,丙戌,0.0041798691893579765,丙,戌,火,土,6,22,2022-06
2022-06-06,3236.372,壬寅,丙午,庚寅,0.012803798391341603,庚,寅,金,木,6,23,2022-06
2022-06-07,3241.764,壬寅,丙午,辛卯,0.001666063110174143,辛,卯,金,木,6,23,2022-06
2022-06-08,3263.793,壬寅,丙午,壬辰,0.00679537437025024,壬,辰,水,土,6,23,2022-06
2022-06-09,3238.954,壬寅,丙午,癸巳,-0.007610470394415314,癸,巳,水,火,6,23,2022-06
2022-06-10,3284.834,壬寅,丙午,甲午,0.014165066870353682,甲,午,木,火,6,23,2022-06
2022-06-13,3255.551,壬寅,丙午,丁酉,-0.008914605730456993,丁,酉,火,金,6,24,2022-06
2022-06-14,3288.907,壬寅,丙午,戊戌,0.010245884644412007,戊,戌,土,土,6,24,2022-06
2022-06-15,3305.407,壬寅,丙午,己亥,0.005016864265240617,己,亥,土,水,6,24,2022-06
2022-06-16,3285.385,壬寅,丙午,庚子,-0.006057347854591,庚,子,金,水,6,24,2022-06
2022-06-17,3316.786,壬寅,丙午,辛丑,0.009557783943130005,辛,丑,金,土,6,24,2022-06
2022-06-20,3315.43,壬寅,丙午,甲辰,-0.0004088295114608176,甲,辰,木,土,6,25,2022-06
2022-06-21,3306.719,壬寅,丙午,乙巳,-0.0026274118289331128,乙,巳,木,火,6,25,2022-06
2022-06-22,3267.202,壬寅,丙午,丙午,-0.011950516508962505,丙,午,火,火,6,25,2022-06
2022-06-23,3320.149,壬寅,丙午,丁未,0.016205609570513202,丁,未,火,土,6,25,2022-06
2022-06-24,3349.747,壬寅,丙午,戊申,0.008914660155312282,戊,申,土,金,6,25,2022-06
2022-06-27,3379.185,壬寅,丙午,辛亥,0.008788126386858552,辛,亥,金,水,6,26,2022-06
2022-06-28,3409.21,壬寅,丙午,壬子,0.008885278550893272,壬,子,水,水,6,26,2022-06
2022-06-29,3361.518,壬寅,丙午,癸丑,-0.01398916464518174,癸,丑,水,土,6,26,2022-06
2022-06-30,3398.616,壬寅,丙午,甲寅,0.011036085482808655,甲,寅,木,木,6,26,2022-06
2022-07-01,3387.637,壬寅,丙午,乙卯,-0.0032304326231618052,乙,卯,木,木,7,26,2022-07
2022-07-04,3405.427,壬寅,丙午,戊午,0.00525144813331524,戊,午,土,火,7,27,2022-07
2022-07-05,3404.025,壬寅,丙午,己未,-0.00041169580202427003,己,未,土,土,7,27,2022-07
2022-07-06,3355.35,壬寅,丙午,庚申,-0.01429924868354382,庚,申,金,金,7,27,2022-07
2022-07-07,3364.398,壬寅,丁未,辛酉,0.002696589029460572,辛,酉,金,金,7,27,2022-07
2022-07-08,3356.078,壬寅,丁未,壬戌,-0.0024729535566244687,壬,戌,水,土,7,27,2022-07
2022-07-11,3313.584,壬寅,丁未,乙丑,-0.012661803450336961,乙,丑,木,土,7,28,2022-07
2022-07-12,3281.467,壬寅,丁未,丙寅,-0.009692526279701852,丙,寅,火,木,7,28,2022-07
2022-07-13,3284.292,壬寅,丁未,丁卯,0.0008608954470668007,丁,卯,火,木,7,28,2022-07
2022-07-14,3281.744,壬寅,丁未,戊辰,-0.0007758140871760855,戊,辰,土,土,7,28,2022-07
2022-07-15,3228.061,壬寅,丁未,己巳,-0.016358070586858675,己,巳,土,火,7,28,2022-07
2022-07-18,3278.103,壬寅,丁未,壬申,0.01550218536762471,壬,申,水,金,7,29,2022-07
2022-07-19,3279.431,壬寅,丁未,癸酉,0.0004051123469885898,癸,酉,水,金,7,29,2022-07
2022-07-20,3304.724,壬寅,丁未,甲戌,0.007712618438991514,甲,戌,木,土,7,29,2022-07
2022-07-21,3272.001,壬寅,丁未,乙亥,-0.0099018859063571,乙,亥,木,水,7,29,2022-07
2022-07-22,3269.974,壬寅,丁未,丙子,-0.0006194985881727844,丙,子,火,水,7,29,2022-07
2022-07-25,3250.388,壬寅,丁未,己卯,-0.005989650070612251,己,卯,土,木,7,30,2022-07
2022-07-26,3277.436,壬寅,丁未,庚辰,0.008321468083195116,庚,辰,金,土,7,30,2022-07
2022-07-27,3275.755,壬寅,丁未,辛巳,-0.000512900938416494,辛,巳,金,火,7,30,2022-07
2022-07-28,3282.576,壬寅,丁未,壬午,0.0020822680572876173,壬,午,水,火,7,30,2022-07
2022-07-29,3253.238,壬寅,丁未,癸未,-0.008937492993307705,癸,未,水,土,7,30,2022-07
2022-08-01,3259.959,壬寅,丁未,丙戌,0.0020659416864059477,丙,戌,火,土,8,31,2022-08
2022-08-02,3186.266,壬寅,丁未,丁亥,-0.02260549902621467,丁,亥,火,水,8,31,2022-08
2022-08-03,3163.674,壬寅,丁未,戊子,-0.007090431244597961,戊,子,土,水,8,31,2022-08
2022-08-04,3189.039,壬寅,丁未,己丑,0.008017577032273238,己,丑,土,土,8,31,2022-08
2022-08-05,3227.027,壬寅,丁未,庚寅,0.011912052502336845,庚,寅,金,木,8,31,2022-08
2022-08-08,3236.934,壬寅,戊申,癸巳,0.00307000840092142,癸,巳,水,火,8,32,2022-08
2022-08-09,3247.432,壬寅,戊申,甲午,0.0032431924778200116,甲,午,木,火,8,32,2022-08
2022-08-10,3230.02,壬寅,戊申,乙未,-0.005361775088747023,乙,未,木,土,8,32,2022-08
2022-08-11,3281.665,壬寅,戊申,丙申,0.015989065083188425,丙,申,火,金,8,32,2022-08
2022-08-12,3276.888,壬寅,戊申,丁酉,-0.0014556635122719985,丁,酉,火,金,8,32,2022-08
2022-08-15,3276.087,壬寅,戊申,庚子,-0.00024443923625094843,庚,子,金,水,8,33,2022-08
2022-08-16,3277.885,壬寅,戊申,辛丑,0.0005488254738046372,辛,丑,金,土,8,33,2022-08
2022-08-17,3292.526,壬寅,戊申,壬寅,0.004466599651909542,壬,寅,水,木,8,33,2022-08
2022-08-18,3277.544,壬寅,戊申,癸卯,-0.004550305753090456,癸,卯,水,木,8,33,2022-08
2022-08-19,3258.078,壬寅,戊申,甲辰,-0.005939203257072978,甲,辰,木,土,8,33,2022-08
2022-08-22,3277.794,壬寅,戊申,丁未,0.006051420500061688,丁,未,火,土,8,34,2022-08
2022-08-23,3276.223,壬寅,戊申,戊申,-0.0004792857635348424,戊,申,土,金,8,34,2022-08
2022-08-24,3215.203,壬寅,戊申,己酉,-0.01862510580018517,己,酉,土,金,8,34,2022-08
2022-08-25,3246.248,壬寅,戊申,庚戌,0.009655688925396033,庚,戌,金,土,8,34,2022-08
2022-08-26,3236.223,壬寅,戊申,辛亥,-0.003088180570307686,辛,亥,金,水,8,34,2022-08
2022-08-29,3240.728,壬寅,戊申,甲寅,0.0013920548738453054,甲,寅,木,木,8,35,2022-08
2022-08-30,3227.22,壬寅,戊申,乙卯,-0.004168199244120485,乙,卯,木,木,8,35,2022-08
2022-08-31,3202.138,壬寅,戊申,丙辰,-0.0077720143033322975,丙,辰,火,土,8,35,2022-08
2022-09-01,3184.98,壬寅,戊申,丁巳,-0.005358294989160295,丁,巳,火,火,9,35,2022-09
2022-09-02,3186.478,壬寅,戊申,戊午,0.0004703326237527339,戊,午,土,火,9,35,2022-09
2022-09-05,3199.912,壬寅,戊申,辛酉,0.004215939981383698,辛,酉,金,金,9,36,2022-09
2022-09-06,3243.447,壬寅,戊申,壬戌,0.01360506163919517,壬,戌,水,土,9,36,2022-09
2022-09-07,3246.294,壬寅,己酉,癸亥,0.0008777698541089229,癸,亥,水,水,9,36,2022-09
2022-09-08,3235.586,壬寅,己酉,甲子,-0.003298530570552183,甲,子,木,水,9,36,2022-09
2022-09-09,3262.054,壬寅,己酉,乙丑,0.008180280171814491,乙,丑,木,土,9,36,2022-09
2022-09-13,3263.797,壬寅,己酉,己巳,0.000534325918577716,己,巳,土,火,9,37,2022-09
2022-09-14,3237.542,壬寅,己酉,庚午,-0.00804431157942731,庚,午,金,火,9,37,2022-09
2022-09-15,3199.919,壬寅,己酉,辛未,-0.011620853103990636,辛,未,金,土,9,37,2022-09
2022-09-16,3126.398,壬寅,己酉,壬申,-0.022975894077318704,壬,申,水,金,9,37,2022-09
2022-09-19,3115.602,壬寅,己酉,乙亥,-0.003453175187548174,乙,亥,木,水,9,38,2022-09
2022-09-20,3122.406,壬寅,己酉,丙子,0.00218384761596635,丙,子,火,水,9,38,2022-09
2022-09-21,3117.177,壬寅,己酉,丁丑,-0.0016746701101649775,丁,丑,火,土,9,38,2022-09
2022-09-22,3108.91,壬寅,己酉,戊寅,-0.0026520791087577544,戊,寅,土,木,9,38,2022-09
2022-09-23,3088.37,壬寅,己酉,己卯,-0.006606817180297875,己,卯,土,木,9,38,2022-09
2022-09-26,3051.226,壬寅,己酉,壬午,-0.012027056343637543,壬,午,水,火,9,39,2022-09
2022-09-27,3093.862,壬寅,己酉,癸未,0.013973399544969789,癸,未,水,土,9,39,2022-09
2022-09-28,3045.067,壬寅,己酉,甲申,-0.01577155025014043,甲,申,木,金,9,39,2022-09
2022-09-29,3041.205,壬寅,己酉,乙酉,-0.0012682807964488063,乙,酉,木,金,9,39,2022-09
2022-09-30,3024.391,壬寅,己酉,丙戌,-0.005528729566076529,丙,戌,火,土,9,39,2022-09
2022-10-10,2974.145,壬寅,庚戌,丙申,-0.016613592620795425,丙,申,火,金,10,41,2022-10
2022-10-11,2979.793,壬寅,庚戌,丁酉,0.0018990331675154959,丁,酉,火,金,10,41,2022-10
2022-10-12,3025.506,壬寅,庚戌,戊戌,0.015340998519024485,戊,戌,土,土,10,41,2022-10
2022-10-13,3016.356,壬寅,庚戌,己亥,-0.0030242875076101905,己,亥,土,水,10,41,2022-10
2022-10-14,3071.987,壬寅,庚戌,庚子,0.018443114804751026,庚,子,金,水,10,41,2022-10
2022-10-17,3084.942,壬寅,庚戌,癸卯,0.004217140241804307,癸,卯,水,木,10,42,2022-10
2022-10-18,3080.957,壬寅,庚戌,甲辰,-0.0012917584836279472,甲,辰,木,土,10,42,2022-10
2022-10-19,3044.378,壬寅,庚戌,乙巳,-0.011872609711852444,乙,巳,木,火,10,42,2022-10
2022-10-20,3035.05,壬寅,庚戌,丙午,-0.00306400847726529,丙,午,火,火,10,42,2022-10
2022-10-21,3038.929,壬寅,庚戌,丁未,0.001278067906624214,丁,未,火,土,10,42,2022-10
2022-10-24,2977.555,壬寅,庚戌,庚戌,-0.020195930869066125,庚,戌,金,土,10,43,2022-10
2022-10-25,2976.283,壬寅,庚戌,辛亥,-0.0004271961391141277,辛,亥,金,水,10,43,2022-10
2022-10-26,2999.504,壬寅,庚戌,壬子,0.007802013451005729,壬,子,水,水,10,43,2022-10
2022-10-27,2982.903,壬寅,庚戌,癸丑,-0.005534581717510645,癸,丑,水,土,10,43,2022-10
2022-10-28,2915.926,壬寅,庚戌,甲寅,-0.02245362990348654,甲,寅,木,木,10,43,2022-10
2022-10-31,2893.483,壬寅,庚戌,丁巳,-0.007696697378465678,丁,巳,火,火,10,44,2022-10
2022-11-01,2969.2,壬寅,庚戌,戊午,0.02616811641886252,戊,午,土,火,11,44,2022-11
2022-11-02,3003.37,壬寅,庚戌,己未,0.011508150343526813,己,未,土,土,11,44,2022-11
2022-11-03,2997.806,壬寅,庚戌,庚申,-0.0018525855955143777,庚,申,金,金,11,44,2022-11
2022-11-04,3070.796,壬寅,庚戌,辛酉,0.024347806362386315,辛,酉,金,金,11,44,2022-11
2022-11-07,3077.817,壬寅,辛亥,甲子,0.002286377864241018,甲,子,木,水,11,45,2022-11
2022-11-08,3064.493,壬寅,辛亥,乙丑,-0.004329042304984321,乙,丑,木,土,11,45,2022-11
2022-11-09,3048.168,壬寅,辛亥,丙寅,-0.005327145469087302,丙,寅,火,木,11,45,2022-11
2022-11-10,3036.132,壬寅,辛亥,丁卯,-0.003948601258198403,丁,卯,火,木,11,45,2022-11
2022-11-11,3087.293,壬寅,辛亥,戊辰,0.016850716635508523,戊,辰,土,土,11,45,2022-11
2022-11-14,3083.401,壬寅,辛亥,辛未,-0.0012606513214004078,辛,未,金,土,11,46,2022-11
2022-11-15,3134.078,壬寅,辛亥,壬申,0.016435423092876933,壬,申,水,金,11,46,2022-11
2022-11-16,3119.98,壬寅,辛亥,癸酉,-0.004498292639813051,癸,酉,水,金,11,46,2022-11
2022-11-17,3115.435,壬寅,辛亥,甲戌,-0.0014567401073084518,甲,戌,木,土,11,46,2022-11
2022-11-18,3097.243,壬寅,辛亥,乙亥,-0.005839312969135979,乙,亥,木,水,11,46,2022-11
2022-11-21,3085.044,壬寅,辛亥,戊寅,-0.0039386641603517125,戊,寅,土,木,11,47,2022-11
2022-11-22,3088.943,壬寅,辛亥,己卯,0.0012638393488066946,己,卯,土,木,11,47,2022-11
2022-11-23,3096.907,壬寅,辛亥,庚辰,0.002578228215930123,庚,辰,金,土,11,47,2022-11
2022-11-24,3089.31,壬寅,辛亥,辛巳,-0.0024530927147635717,辛,巳,金,火,11,47,2022-11
2022-11-25,3101.693,壬寅,辛亥,壬午,0.004008338431559233,壬,午,水,火,11,47,2022-11
2022-11-28,3078.549,壬寅,辛亥,乙酉,-0.007461731383473502,乙,酉,木,金,11,48,2022-11
2022-11-29,3149.748,壬寅,辛亥,丙戌,0.023127453875186,丙,戌,火,土,11,48,2022-11
2022-11-30,3151.335,壬寅,辛亥,丁亥,0.0005038498317959661,丁,亥,火,水,11,48,2022-11
2022-12-01,3165.471,壬寅,辛亥,戊子,0.004485717957627422,戊,子,土,水,12,48,2022-12
2022-12-02,3156.144,壬寅,辛亥,己丑,-0.002946480950228314,己,丑,土,土,12,48,2022-12
2022-12-05,3211.814,壬寅,辛亥,壬辰,0.017638612179925905,壬,辰,水,土,12,49,2022-12
2022-12-06,3212.533,壬寅,辛亥,癸巳,0.0002238610330487223,癸,巳,水,火,12,49,2022-12
2022-12-07,3199.619,壬寅,壬子,甲午,-0.004019880885270166,甲,午,木,火,12,49,2022-12
2022-12-08,3197.35,壬寅,壬子,乙未,-0.0007091469328067701,乙,未,木,土,12,49,2022-12
2022-12-09,3206.95,壬寅,壬子,丙申,0.0030024864340782997,丙,申,火,金,12,49,2022-12
2022-12-12,3179.042,壬寅,壬子,己亥,-0.008702349584496116,己,亥,土,水,12,50,2022-12
2022-12-13,3176.326,壬寅,壬子,庚子,-0.0008543454285913077,庚,子,金,水,12,50,2022-12
2022-12-14,3176.525,壬寅,壬子,辛丑,6.265099992885936e-05,辛,丑,金,土,12,50,2022-12
2022-12-15,3168.648,壬寅,壬子,壬寅,-0.0024797538190317603,壬,寅,水,木,12,50,2022-12
2022-12-16,3167.858,壬寅,壬子,癸卯,-0.000249317690068418,癸,卯,水,木,12,50,2022-12
2022-12-19,3107.115,壬寅,壬子,丙午,-0.01917478624357538,丙,午,火,火,12,51,2022-12
2022-12-20,3073.766,壬寅,壬子,丁未,-0.01073310772211511,丁,未,火,土,12,51,2022-12
2022-12-21,3068.411,壬寅,壬子,戊申,-0.0017421625458802215,戊,申,土,金,12,51,2022-12
2022-12-22,3054.431,壬寅,壬子,己酉,-0.004556104120341131,己,酉,土,金,12,51,2022-12
2022-12-23,3045.866,壬寅,壬子,庚戌,-0.0028041229282966817,庚,戌,金,土,12,51,2022-12
2022-12-26,3065.563,壬寅,壬子,癸丑,0.006466797948432523,癸,丑,水,土,12,52,2022-12
2022-12-27,3095.568,壬寅,壬子,甲寅,0.009787761660745575,甲,寅,木,木,12,52,2022-12
2022-12-28,3087.4,壬寅,壬子,乙卯,-0.0026386110723460865,乙,卯,木,木,12,52,2022-12
2022-12-29,3073.702,壬寅,壬子,丙辰,-0.004436742890457923,丙,辰,火,土,12,52,2022-12
2022-12-30,3089.258,壬寅,壬子,丁巳,0.00506099810586691,丁,巳,火,火,12,52,2022-12
2023-01-03,3116.512,壬寅,壬子,辛酉,0.008822183190915212,辛,酉,金,金,1,1,2023-01
2023-01-04,3123.516,壬寅,壬子,壬戌,0.002247384255218643,壬,戌,水,土,1,1,2023-01
2023-01-05,3155.216,壬寅,癸丑,癸亥,0.010148819471390569,癸,亥,水,水,1,1,2023-01
2023-01-06,3157.637,壬寅,癸丑,甲子,0.0007673008757562716,甲,子,木,水,1,1,2023-01
2023-01-09,3176.085,壬寅,癸丑,丁卯,0.0058423434992684875,丁,卯,火,木,1,2,2023-01
2023-01-10,3169.507,壬寅,癸丑,戊辰,-0.00207110326077542,戊,辰,土,土,1,2,2023-01
2023-01-11,3161.838,壬寅,癸丑,己巳,-0.0024196192026078034,己,巳,土,火,1,2,2023-01
2023-01-12,3163.451,壬寅,癸丑,庚午,0.0005101463136314432,庚,午,金,火,1,2,2023-01
2023-01-13,3195.306,壬寅,癸丑,辛未,0.010069699198754778,辛,未,金,土,1,2,2023-01
2023-01-16,3227.592,壬寅,癸丑,甲戌,0.010104196593377912,甲,戌,木,土,1,3,2023-01
2023-01-17,3224.245,壬寅,癸丑,乙亥,-0.001036996001973045,乙,亥,木,水,1,3,2023-01
2023-01-18,3224.406,壬寅,癸丑,丙子,4.99341706352574e-05,丙,子,火,水,1,3,2023-01
2023-01-19,3240.279,壬寅,癸丑,丁丑,0.004922767170139286,丁,丑,火,土,1,3,2023-01
2023-01-20,3264.814,壬寅,癸丑,戊寅,0.007571878841297286,戊,寅,土,木,1,3,2023-01
2023-01-30,3269.318,壬寅,癸丑,戊子,0.0013795579166226979,戊,子,土,水,1,5,2023-01
2023-01-31,3255.669,壬寅,癸丑,己丑,-0.004174876839756925,己,丑,土,土,1,5,2023-01
2023-02-01,3284.921,壬寅,癸丑,庚寅,0.008984942879635582,庚,寅,金,木,2,5,2023-02
2023-02-02,3285.671,壬寅,癸丑,辛卯,0.00022831599298744898,辛,卯,金,木,2,5,2023-02
2023-02-03,3263.406,壬寅,癸丑,壬辰,-0.006776393619446375,壬,辰,水,土,2,5,2023-02
2023-02-06,3238.698,癸卯,甲寅,乙未,-0.0075712307938393675,乙,未,木,土,2,6,2023-02
2023-02-07,3248.094,癸卯,甲寅,丙申,0.0029011658388649053,丙,申,火,金,2,6,2023-02
2023-02-08,3232.106,癸卯,甲寅,丁酉,-0.00492227133820633,丁,酉,火,金,2,6,2023-02
2023-02-09,3270.383,癸卯,甲寅,戊戌,0.011842742781331905,戊,戌,土,土,2,6,2023-02
2023-02-10,3260.673,癸卯,甲寅,己亥,-0.00296907120664458,己,亥,土,水,2,6,2023-02
2023-02-13,3284.16,癸卯,甲寅,壬寅,0.007203114203724326,壬,寅,水,木,2,7,2023-02
2023-02-14,3293.283,癸卯,甲寅,癸卯,0.0027778792750656756,癸,卯,水,木,2,7,2023-02
2023-02-15,3280.492,癸卯,甲寅,甲辰,-0.003883966242803849,甲,辰,木,土,2,7,2023-02
2023-02-16,3249.03,癸卯,甲寅,乙巳,-0.00959063457554532,乙,巳,木,火,2,7,2023-02
2023-02-17,3224.024,癸卯,甲寅,丙午,-0.00769645094074245,丙,午,火,火,2,7,2023-02
2023-02-20,3290.338,癸卯,甲寅,己酉,0.02056870544388012,己,酉,土,金,2,8,2023-02
2023-02-21,3306.524,癸卯,甲寅,庚戌,0.004919251456841023,庚,戌,金,土,2,8,2023-02
2023-02-22,3291.148,癸卯,甲寅,辛亥,-0.004650200633656287,辛,亥,金,水,2,8,2023-02
2023-02-23,3287.477,癸卯,甲寅,壬子,-0.0011154162620460317,壬,子,水,水,2,8,2023-02
2023-02-24,3267.16,癸卯,甲寅,癸丑,-0.006180119282963803,癸,丑,水,土,2,8,2023-02
2023-02-27,3258.034,癸卯,甲寅,丙辰,-0.0027932516313862177,丙,辰,火,土,2,9,2023-02
2023-02-28,3279.605,癸卯,甲寅,丁巳,0.0066208639934388636,丁,巳,火,火,2,9,2023-02
2023-03-01,3312.348,癸卯,甲寅,戊午,0.009983824271520447,戊,午,土,火,3,9,2023-03
2023-03-02,3310.654,癸卯,甲寅,己未,-0.0005114196938243998,己,未,土,土,3,9,2023-03
2023-03-03,3328.393,癸卯,甲寅,庚申,0.005358155820571975,庚,申,金,金,3,9,2023-03
2023-03-06,3322.026,癸卯,乙卯,癸亥,-0.0019129351612025003,癸,亥,水,水,3,10,2023-03
2023-03-07,3285.099,癸卯,乙卯,甲子,-0.011115807040643189,甲,子,木,水,3,10,2023-03
2023-03-08,3283.248,癸卯,乙卯,乙丑,-0.000563453338849218,乙,丑,木,土,3,10,2023-03
2023-03-09,3276.094,癸卯,乙卯,丙寅,-0.002178939879046604,丙,寅,火,木,3,10,2023-03
2023-03-10,3230.077,癸卯,乙卯,丁卯,-0.014046300258783728,丁,卯,火,木,3,10,2023-03
2023-03-13,3268.696,癸卯,乙卯,庚午,0.01195606172855923,庚,午,金,火,3,11,2023-03
2023-03-14,3245.312,癸卯,乙卯,辛未,-0.007153923154677,辛,未,金,土,3,11,2023-03
2023-03-15,3263.315,癸卯,乙卯,壬申,0.005547386507060104,壬,申,水,金,3,11,2023-03
2023-03-16,3226.891,癸卯,乙卯,癸酉,-0.011161656168650613,癸,酉,水,金,3,11,2023-03
2023-03-17,3250.546,癸卯,乙卯,甲戌,0.0073305853838880886,甲,戌,木,土,3,11,2023-03
2023-03-20,3234.91,癸卯,乙卯,丁丑,-0.004810268797918904,丁,丑,火,土,3,12,2023-03
2023-03-21,3255.651,癸卯,乙卯,戊寅,0.006411615779109869,戊,寅,土,木,3,12,2023-03
2023-03-22,3265.748,癸卯,乙卯,己卯,0.003101376652473009,己,卯,土,木,3,12,2023-03
2023-03-23,3286.649,癸卯,乙卯,庚辰,0.006400065161181967,庚,辰,金,土,3,12,2023-03
2023-03-24,3265.654,癸卯,乙卯,辛巳,-0.006387965371416282,辛,巳,金,火,3,12,2023-03
2023-03-27,3251.397,癸卯,乙卯,甲申,-0.004365741134853884,甲,申,木,金,3,13,2023-03
2023-03-28,3245.376,癸卯,乙卯,乙酉,-0.0018518193871741584,乙,酉,木,金,3,13,2023-03
2023-03-29,3240.057,癸卯,乙卯,丙戌,-0.0016389472283028228,丙,戌,火,土,3,13,2023-03
2023-03-30,3261.249,癸卯,乙卯,丁亥,0.006540625674178013,丁,亥,火,水,3,13,2023-03
2023-03-31,3272.86,癸卯,乙卯,戊子,0.003560292391044051,戊,子,土,水,3,13,2023-03
2023-04-03,3296.396,癸卯,乙卯,辛卯,0.0071912639098525855,辛,卯,金,木,4,14,2023-04
2023-04-04,3312.558,癸卯,乙卯,壬辰,0.0049029303518144385,壬,辰,水,土,4,14,2023-04
2023-04-10,3315.358,癸卯,丙辰,戊戌,0.0008452682186999017,戊,戌,土,土,4,15,2023-04
2023-04-11,3313.571,癸卯,丙辰,己亥,-0.0005390066472460431,己,亥,土,水,4,15,2023-04
2023-04-12,3327.182,癸卯,丙辰,庚子,0.00410765304259364,庚,子,金,水,4,15,2023-04
2023-04-13,3318.364,癸卯,丙辰,辛丑,-0.0026502908467285202,辛,丑,金,土,4,15,2023-04
2023-04-14,3338.153,癸卯,丙辰,壬寅,0.005963480799574761,壬,寅,水,木,4,15,2023-04
2023-04-17,3385.61,癸卯,丙辰,乙巳,0.014216544298598865,乙,巳,木,火,4,16,2023-04
2023-04-18,3393.331,癸卯,丙辰,丙午,0.002280534379329069,丙,午,火,火,4,16,2023-04
2023-04-19,3370.128,癸卯,丙辰,丁未,-0.006837823955281652,丁,未,火,土,4,16,2023-04
2023-04-20,3367.031,癸卯,丙辰,戊申,-0.0009189561939487723,戊,申,土,金,4,16,2023-04
2023-04-21,3301.258,癸卯,丙辰,己酉,-0.019534420681009523,己,酉,土,金,4,16,2023-04
2023-04-24,3275.413,癸卯,丙辰,壬子,-0.007828833735503249,壬,子,水,水,4,17,2023-04
2023-04-25,3264.872,癸卯,丙辰,癸丑,-0.003218220114532211,癸,丑,水,土,4,17,2023-04
2023-04-26,3264.101,癸卯,丙辰,甲寅,-0.00023615014616185093,甲,寅,木,木,4,17,2023-04
2023-04-27,3285.884,癸卯,丙辰,乙卯,0.006673506732787882,乙,卯,木,木,4,17,2023-04
2023-04-28,3323.275,癸卯,丙辰,丙辰,0.011379281800574903,丙,辰,火,土,4,17,2023-04
2023-05-04,3350.459,癸卯,丙辰,壬戌,0.008179882796337967,壬,戌,水,土,5,18,2023-05
2023-05-05,3334.503,癸卯,丙辰,癸亥,-0.004762332563985949,癸,亥,水,水,5,18,2023-05
2023-05-08,3395.004,癸卯,丁巳,丙寅,0.018143933293807146,丙,寅,火,木,5,19,2023-05
2023-05-09,3357.671,癸卯,丁巳,丁卯,-0.01099645243422398,丁,卯,火,木,5,19,2023-05
2023-05-10,3319.151,癸卯,丁巳,戊辰,-0.011472237750512204,戊,辰,土,土,5,19,2023-05
2023-05-11,3309.551,癸卯,丁巳,己巳,-0.002892305893886671,己,巳,土,火,5,19,2023-05
2023-05-12,3272.362,癸卯,丁巳,庚午,-0.011236871708579121,庚,午,金,火,5,19,2023-05
2023-05-15,3310.737,癸卯,丁巳,癸酉,0.011727003308313666,癸,酉,水,金,5,20,2023-05
2023-05-16,3290.987,癸卯,丁巳,甲戌,-0.005965439115218185,甲,戌,木,土,5,20,2023-05
2023-05-17,3284.232,癸卯,丁巳,乙亥,-0.002052575716646743,乙,亥,木,水,5,20,2023-05
2023-05-18,3297.32,癸卯,丁巳,丙子,0.003985102148691189,丙,子,火,水,5,20,2023-05
2023-05-19,3283.542,癸卯,丁巳,丁丑,-0.004178545000181999,丁,丑,火,土,5,20,2023-05
2023-05-22,3296.47,癸卯,丁巳,庚辰,0.003937211706139143,庚,辰,金,土,5,21,2023-05
2023-05-23,3246.238,癸卯,丁巳,辛巳,-0.01523811835084199,辛,巳,金,火,5,21,2023-05
2023-05-24,3204.749,癸卯,丁巳,壬午,-0.012780640236482954,壬,午,水,火,5,21,2023-05
2023-05-25,3201.261,癸卯,丁巳,癸未,-0.0010883847689787673,癸,未,水,土,5,21,2023-05
2023-05-26,3212.504,癸卯,丁巳,甲申,0.003512053531405268,甲,申,木,金,5,21,2023-05
2023-05-29,3221.448,癸卯,丁巳,丁亥,0.0027841210470087585,丁,亥,火,水,5,22,2023-05
2023-05-30,3224.213,癸卯,丁巳,戊子,0.0008583096793741696,戊,子,土,水,5,22,2023-05
2023-05-31,3204.564,癸卯,丁巳,己丑,-0.006094200352148027,己,丑,土,土,5,22,2023-05
2023-06-01,3204.635,癸卯,丁巳,庚寅,2.2155900147424745e-05,庚,寅,金,木,6,22,2023-06
2023-06-02,3230.069,癸卯,丁巳,辛卯,0.007936629288514796,辛,卯,金,木,6,22,2023-06
2023-06-05,3232.441,癸卯,丁巳,甲午,0.0007343496377321124,甲,午,木,火,6,23,2023-06
2023-06-06,3195.34,癸卯,戊午,乙未,-0.011477703692039487,乙,未,木,土,6,23,2023-06
2023-06-07,3197.759,癸卯,戊午,丙申,0.0007570399394116745,丙,申,火,金,6,23,2023-06
2023-06-08,3213.586,癸卯,戊午,丁酉,0.004949403629229021,丁,酉,火,金,6,23,2023-06
2023-06-09,3231.406,癸卯,戊午,戊戌,0.0055452071299788575,戊,戌,土,土,6,23,2023-06
2023-06-12,3228.834,癸卯,戊午,辛丑,-0.0007959383624341898,辛,丑,金,土,6,24,2023-06
2023-06-13,3233.673,癸卯,戊午,壬寅,0.001498683425657621,壬,寅,水,木,6,24,2023-06
2023-06-14,3228.989,癸卯,戊午,癸卯,-0.0014485076258482499,癸,卯,水,木,6,24,2023-06
2023-06-15,3252.975,癸卯,戊午,甲辰,0.007428331282639755,甲,辰,木,土,6,24,2023-06
2023-06-16,3273.334,癸卯,戊午,乙巳,0.006258578685664595,乙,巳,木,火,6,24,2023-06
2023-06-19,3255.806,癸卯,戊午,戊申,-0.005354785060125211,戊,申,土,金,6,25,2023-06
2023-06-20,3240.365,癸卯,戊午,己酉,-0.0047426044426480685,己,酉,土,金,6,25,2023-06
2023-06-21,3197.901,癸卯,戊午,庚戌,-0.013104696538815852,庚,戌,金,土,6,25,2023-06
2023-06-26,3150.619,癸卯,戊午,乙卯,-0.014785323247967885,乙,卯,木,木,6,26,2023-06
2023-06-27,3189.443,癸卯,戊午,丙辰,0.012322657865009967,丙,辰,火,土,6,26,2023-06
2023-06-28,3189.376,癸卯,戊午,丁巳,-2.100680275518574e-05,丁,巳,火,火,6,26,2023-06
2023-06-29,3182.381,癸卯,戊午,戊午,-0.00219321898703706,戊,午,土,火,6,26,2023-06
2023-06-30,3202.062,癸卯,戊午,己未,0.006184363217352162,己,未,土,土,6,26,2023-06
2023-07-03,3243.975,癸卯,戊午,壬戌,0.013089378032030696,壬,戌,水,土,7,27,2023-07
2023-07-04,3245.349,癸卯,戊午,癸亥,0.00042355443553065975,癸,亥,水,水,7,27,2023-07
2023-07-05,3222.947,癸卯,戊午,甲子,-0.006902801516878498,甲,子,木,水,7,27,2023-07
2023-07-06,3205.575,癸卯,戊午,乙丑,-0.005390097944521055,乙,丑,木,土,7,27,2023-07
2023-07-07,3196.609,癸卯,己未,丙寅,-0.002797002097907564,丙,寅,火,木,7,27,2023-07
2023-07-10,3203.696,癸卯,己未,己巳,0.002217036866254185,己,巳,土,火,7,28,2023-07
2023-07-11,3221.367,癸卯,己未,庚午,0.005515816731674894,庚,午,金,火,7,28,2023-07
2023-07-12,3196.134,癸卯,己未,辛未,-0.007833010023384546,辛,未,金,土,7,28,2023-07
2023-07-13,3236.48,癸卯,己未,壬申,0.012623375615665733,壬,申,水,金,7,28,2023-07
2023-07-14,3237.701,癸卯,己未,癸酉,0.00037726171643259754,癸,酉,水,金,7,28,2023-07
2023-07-17,3209.63,癸卯,己未,丙子,-0.008670040871593732,丙,子,火,水,7,29,2023-07
2023-07-18,3197.82,癸卯,己未,丁丑,-0.003679551848655427,丁,丑,火,土,7,29,2023-07
2023-07-19,3198.836,癸卯,己未,戊寅,0.00031771644432754265,戊,寅,土,木,7,29,2023-07
2023-07-20,3169.522,癸卯,己未,己卯,-0.00916395838986428,己,卯,土,木,7,29,2023-07
2023-07-21,3167.745,癸卯,己未,庚辰,-0.0005606523633532312,庚,辰,金,土,7,29,2023-07
2023-07-24,3164.161,癸卯,己未,癸未,-0.0011314042007799507,癸,未,水,土,7,30,2023-07
2023-07-25,3231.521,癸卯,己未,甲申,0.02128842369272621,甲,申,木,金,7,30,2023-07
2023-07-26,3223.028,癸卯,己未,乙酉,-0.0026281741631882793,乙,酉,木,金,7,30,2023-07
2023-07-27,3216.671,癸卯,己未,丙戌,-0.0019723688407299322,丙,戌,火,土,7,30,2023-07
2023-07-28,3275.926,癸卯,己未,丁亥,0.01842121870716662,丁,亥,火,水,7,30,2023-07
2023-07-31,3291.04,癸卯,己未,庚寅,0.0046136573292558936,庚,寅,金,木,7,31,2023-07
2023-08-01,3290.949,癸卯,己未,辛卯,-2.7650833778980477e-05,辛,卯,金,木,8,31,2023-08
2023-08-02,3261.69,癸卯,己未,壬辰,-0.008890748534845172,壬,辰,水,土,8,31,2023-08
2023-08-03,3280.463,癸卯,己未,癸巳,0.005755605223059179,癸,巳,水,火,8,31,2023-08
2023-08-04,3288.084,癸卯,己未,甲午,0.0023231476776295334,甲,午,木,火,8,31,2023-08
2023-08-07,3268.831,癸卯,己未,丁酉,-0.005855385689659931,丁,酉,火,金,8,32,2023-08
2023-08-08,3260.62,癸卯,庚申,戊戌,-0.002511907161918181,戊,戌,土,土,8,32,2023-08
2023-08-09,3244.487,癸卯,庚申,己亥,-0.004947832007409558,己,亥,土,水,8,32,2023-08
2023-08-10,3254.56,癸卯,庚申,庚子,0.0031046510588577103,庚,子,金,水,8,32,2023-08
2023-08-11,3189.248,癸卯,庚申,辛丑,-0.020067843272208785,辛,丑,金,土,8,32,2023-08
2023-08-14,3178.427,癸卯,庚申,甲辰,-0.0033929628551934155,甲,辰,木,土,8,33,2023-08
2023-08-15,3176.176,癸卯,庚申,乙巳,-0.0007082119551590216,乙,巳,木,火,8,33,2023-08
2023-08-16,3150.128,癸卯,庚申,丙午,-0.008201056868385015,丙,午,火,火,8,33,2023-08
2023-08-17,3163.739,癸卯,庚申,丁未,0.004320776806529647,丁,未,火,土,8,33,2023-08
2023-08-18,3131.953,癸卯,庚申,戊申,-0.01004697290136769,戊,申,土,金,8,33,2023-08
2023-08-21,3092.978,癸卯,庚申,辛亥,-0.012444311903786476,辛,亥,金,水,8,34,2023-08
2023-08-22,3120.334,癸卯,庚申,壬子,0.00884455046236976,壬,子,水,水,8,34,2023-08
2023-08-23,3078.402,癸卯,庚申,癸丑,-0.013438305001964412,癸,丑,水,土,8,34,2023-08
2023-08-24,3082.244,癸卯,庚申,甲寅,0.0012480501247076337,甲,寅,木,木,8,34,2023-08
2023-08-25,3064.075,癸卯,庚申,乙卯,-0.005894731241264606,乙,卯,木,木,8,34,2023-08
2023-08-28,3098.636,癸卯,庚申,戊午,0.011279423643350883,戊,午,土,火,8,35,2023-08
2023-08-29,3135.887,癸卯,庚申,己未,0.012021741179021994,己,未,土,土,8,35,2023-08
2023-08-30,3137.138,癸卯,庚申,庚申,0.0003989301910432008,庚,申,金,金,8,35,2023-08
2023-08-31,3119.876,癸卯,庚申,辛酉,-0.005502467535696498,辛,酉,金,金,8,35,2023-08
2023-09-01,3133.247,癸卯,庚申,壬戌,0.004285747254057393,壬,戌,水,土,9,35,2023-09
2023-09-04,3177.06,癸卯,庚申,乙丑,0.013983257623800593,乙,丑,木,土,9,36,2023-09
2023-09-05,3154.369,癸卯,庚申,丙寅,-0.007142137699634232,丙,寅,火,木,9,36,2023-09
2023-09-06,3158.077,癸卯,庚申,丁卯,0.0011755124400474326,丁,卯,火,木,9,36,2023-09
2023-09-07,3122.352,癸卯,庚申,戊辰,-0.011312263760510088,戊,辰,土,土,9,36,2023-09
2023-09-08,3116.719,癸卯,辛酉,己巳,-0.0018040887126115068,己,巳,土,火,9,36,2023-09
2023-09-11,3142.779,癸卯,辛酉,壬申,0.008361356926947838,壬,申,水,金,9,37,2023-09
2023-09-12,3137.059,癸卯,辛酉,癸酉,-0.0018200452529433253,癸,酉,水,金,9,37,2023-09
2023-09-13,3123.067,癸卯,辛酉,甲戌,-0.004460228513394338,甲,戌,木,土,9,37,2023-09
2023-09-14,3126.551,癸卯,辛酉,乙亥,0.0011155700470082408,乙,亥,木,水,9,37,2023-09
2023-09-15,3117.743,癸卯,辛酉,丙子,-0.0028171617862622345,丙,子,火,水,9,37,2023-09
2023-09-18,3125.932,癸卯,辛酉,己卯,0.002626579548089758,己,卯,土,木,9,38,2023-09
2023-09-19,3124.957,癸卯,辛酉,庚辰,-0.0003119069768632299,庚,辰,金,土,9,38,2023-09
2023-09-20,3108.568,癸卯,辛酉,辛巳,-0.005244552165037719,辛,巳,金,火,9,38,2023-09
2023-09-21,3084.701,癸卯,辛酉,壬午,-0.007677811776998333,壬,午,水,火,9,38,2023-09
2023-09-22,3132.432,癸卯,辛酉,癸未,0.01547346079895573,癸,未,水,土,9,38,2023-09
2023-09-25,3115.607,癸卯,辛酉,丙戌,-0.0053712259356307746,丙,戌,火,土,9,39,2023-09
2023-09-26,3102.273,癸卯,辛酉,丁亥,-0.004279743882973586,丁,亥,火,水,9,39,2023-09
2023-09-27,3107.316,癸卯,辛酉,戊子,0.00162558227467402,戊,子,土,水,9,39,2023-09
2023-09-28,3110.475,癸卯,辛酉,己丑,0.0010166330041747607,己,丑,土,土,9,39,2023-09
2023-10-09,3096.922,癸卯,壬戌,庚子,-0.004357212322876669,庚,子,金,水,10,41,2023-10
2023-10-10,3075.236,癸卯,壬戌,辛丑,-0.007002436612869256,辛,丑,金,土,10,41,2023-10
2023-10-11,3078.956,癸卯,壬戌,壬寅,0.0012096632583646905,壬,寅,水,木,10,41,2023-10
2023-10-12,3107.901,癸卯,壬戌,癸卯,0.009400913816241419,癸,卯,水,木,10,41,2023-10
2023-10-13,3088.099,癸卯,壬戌,甲辰,-0.006371502824575104,甲,辰,木,土,10,41,2023-10
2023-10-16,3073.813,癸卯,壬戌,丁未,-0.004626147024431537,丁,未,火,土,10,42,2023-10
2023-10-17,3083.496,癸卯,壬戌,戊申,0.0031501591020663966,戊,申,土,金,10,42,2023-10
2023-10-18,3058.71,癸卯,壬戌,己酉,-0.008038278629192375,己,酉,土,金,10,42,2023-10
2023-10-19,3005.393,癸卯,壬戌,庚戌,-0.01743120465817294,庚,戌,金,土,10,42,2023-10
2023-10-20,2983.059,癸卯,壬戌,辛亥,-0.007431307652609798,辛,亥,金,水,10,42,2023-10
2023-10-23,2939.291,癸卯,壬戌,甲寅,-0.014672187174306628,甲,寅,木,木,10,43,2023-10
2023-10-24,2962.244,癸卯,壬戌,乙卯,0.007809026054242274,乙,卯,木,木,10,43,2023-10
2023-10-25,2974.114,癸卯,壬戌,丙辰,0.004007097322165087,丙,辰,火,土,10,43,2023-10
2023-10-26,2988.299,癸卯,壬戌,丁巳,0.004769487652457105,丁,巳,火,火,10,43,2023-10
2023-10-27,3017.784,癸卯,壬戌,戊午,0.009866817209388978,戊,午,土,火,10,43,2023-10
2023-10-30,3021.553,癸卯,壬戌,辛酉,0.001248929678200783,辛,酉,金,金,10,44,2023-10
2023-10-31,3018.771,癸卯,壬戌,壬戌,-0.0009207185841186849,壬,戌,水,土,10,44,2023-10
2023-11-01,3023.077,癸卯,壬戌,癸亥,0.0014264082966213287,癸,亥,水,水,11,44,2023-11
2023-11-02,3009.406,癸卯,壬戌,甲子,-0.004522213625389071,甲,子,木,水,11,44,2023-11
2023-11-03,3030.798,癸卯,壬戌,乙丑,0.007108379527388298,乙,丑,木,土,11,44,2023-11
2023-11-06,3058.411,癸卯,壬戌,戊辰,0.00911080184162727,戊,辰,土,土,11,45,2023-11
2023-11-07,3057.27,癸卯,壬戌,己巳,-0.00037306954493687705,己,巳,土,火,11,45,2023-11
2023-11-08,3052.373,癸卯,癸亥,庚午,-0.001601755814828243,庚,午,金,火,11,45,2023-11
2023-11-09,3053.279,癸卯,癸亥,辛未,0.0002968182460008073,辛,未,金,土,11,45,2023-11
2023-11-10,3038.97,癸卯,癸亥,壬申,-0.004686437105813179,壬,申,水,金,11,45,2023-11
2023-11-13,3046.533,癸卯,癸亥,乙亥,0.002488672148787341,乙,亥,木,水,11,46,2023-11
2023-11-14,3056.07,癸卯,癸亥,丙子,0.0031304436879562303,丙,子,火,水,11,46,2023-11
2023-11-15,3072.835,癸卯,癸亥,丁丑,0.005485803662874211,丁,丑,火,土,11,46,2023-11
2023-11-16,3050.926,癸卯,癸亥,戊寅,-0.007129897960678089,戊,寅,土,木,11,46,2023-11
2023-11-17,3054.366,癸卯,癸亥,己卯,0.0011275265280115132,己,卯,土,木,11,46,2023-11
2023-11-20,3068.319,癸卯,癸亥,壬午,0.004568214811191629,壬,午,水,火,11,47,2023-11
2023-11-21,3067.933,癸卯,癸亥,癸未,-0.00012580178266996533,癸,未,水,土,11,47,2023-11
2023-11-22,3043.611,癸卯,癸亥,甲申,-0.007927813286665697,甲,申,木,金,11,47,2023-11
2023-11-23,3061.856,癸卯,癸亥,乙酉,0.0059945242673917765,乙,酉,木,金,11,47,2023-11
2023-11-24,3040.972,癸卯,癸亥,丙戌,-0.006820699601810198,丙,戌,火,土,11,47,2023-11
2023-11-27,3031.7,癸卯,癸亥,己丑,-0.003049025114338577,己,丑,土,土,11,48,2023-11
2023-11-28,3038.555,癸卯,癸亥,庚寅,0.002261107629382808,庚,寅,金,木,11,48,2023-11
2023-11-29,3021.687,癸卯,癸亥,辛卯,-0.005551322915004042,辛,卯,金,木,11,48,2023-11
2023-11-30,3029.673,癸卯,癸亥,壬辰,0.0026428945155470007,壬,辰,水,土,11,48,2023-11
2023-12-01,3031.636,癸卯,癸亥,癸巳,0.000647924710026615,癸,巳,水,火,12,48,2023-12
2023-12-04,3022.914,癸卯,癸亥,丙申,-0.0028769944676735326,丙,申,火,金,12,49,2023-12
2023-12-05,2972.296,癸卯,癸亥,丁酉,-0.016744770112547158,丁,酉,火,金,12,49,2023-12
2023-12-06,2968.933,癸卯,癸亥,戊戌,-0.0011314485502116334,戊,戌,土,土,12,49,2023-12
2023-12-07,2966.206,癸卯,甲子,己亥,-0.0009185118020513805,己,亥,土,水,12,49,2023-12
2023-12-08,2969.559,癸卯,甲子,庚子,0.00113040024866784,庚,子,金,水,12,49,2023-12
2023-12-11,2991.439,癸卯,甲子,癸卯,0.007368097417832065,癸,卯,水,木,12,50,2023-12
2023-12-12,3003.438,癸卯,甲子,甲辰,0.004011113046263004,甲,辰,木,土,12,50,2023-12
2023-12-13,2968.761,癸卯,甲子,乙巳,-0.011545768549242608,乙,巳,木,火,12,50,2023-12
2023-12-14,2958.986,癸卯,甲子,丙午,-0.0032926193789261093,丙,午,火,火,12,50,2023-12
2023-12-15,2942.557,癸卯,甲子,丁未,-0.00555223985513964,丁,未,火,土,12,50,2023-12
2023-12-18,2930.804,癸卯,甲子,庚戌,-0.0039941452281127,庚,戌,金,土,12,51,2023-12
2023-12-19,2932.391,癸卯,甲子,辛亥,0.0005414896390205648,辛,亥,金,水,12,51,2023-12
2023-12-20,2902.11,癸卯,甲子,壬子,-0.010326385533170668,壬,子,水,水,12,51,2023-12
2023-12-21,2918.715,癸卯,甲子,癸丑,0.005721699039664241,癸,丑,水,土,12,51,2023-12
2023-12-22,2914.775,癸卯,甲子,甲寅,-0.0013499091209658864,甲,寅,木,木,12,51,2023-12
2023-12-25,2918.813,癸卯,甲子,丁巳,0.0013853556449467952,丁,巳,火,火,12,52,2023-12
2023-12-26,2898.879,癸卯,甲子,戊午,-0.006829488562645203,戊,午,土,火,12,52,2023-12
2023-12-27,2914.614,癸卯,甲子,己未,0.005427960256361164,己,未,土,土,12,52,2023-12
2023-12-28,2954.704,癸卯,甲子,庚申,0.013754823108651726,庚,申,金,金,12,52,2023-12
2023-12-29,2974.935,癸卯,甲子,辛酉,0.006847047961487718,辛,酉,金,金,12,52,2023-12
2024-01-02,2962.276,癸卯,甲子,乙丑,-0.004255219021592094,乙,丑,木,土,1,1,2024-01
2024-01-03,2967.247,癸卯,甲子,丙寅,0.0016781015678484223,丙,寅,火,木,1,1,2024-01
2024-01-04,2954.349,癸卯,甲子,丁卯,-0.004346790139142298,丁,卯,火,木,1,1,2024-01
2024-01-05,2929.183,癸卯,甲子,戊辰,-0.0085182894776481,戊,辰,土,土,1,1,2024-01
2024-01-08,2887.538,癸卯,乙丑,辛未,-0.014217274919320455,辛,未,金,土,1,2,2024-01
2024-01-09,2893.251,癸卯,乙丑,壬申,0.0019785021010980675,壬,申,水,金,1,2,2024-01
2024-01-10,2877.702,癸卯,乙丑,癸酉,-0.005374231271327634,癸,酉,水,金,1,2,2024-01
2024-01-11,2886.65,癸卯,乙丑,甲戌,0.0031094255068802035,甲,戌,木,土,1,2,2024-01
2024-01-12,2881.977,癸卯,乙丑,乙亥,-0.0016188315175030832,乙,亥,木,水,1,2,2024-01
2024-01-15,2886.291,癸卯,乙丑,戊寅,0.0014968891146598384,戊,寅,土,木,1,3,2024-01
2024-01-16,2893.989,癸卯,乙丑,己卯,0.0026670907403307798,己,卯,土,木,1,3,2024-01
2024-01-17,2833.615,癸卯,乙丑,庚辰,-0.02086186229456999,庚,辰,金,土,1,3,2024-01
2024-01-18,2845.784,癸卯,乙丑,辛巳,0.004294514251230508,辛,巳,金,火,1,3,2024-01
2024-01-19,2832.279,癸卯,乙丑,壬午,-0.004745616673647812,壬,午,水,火,1,3,2024-01
2024-01-22,2756.34,癸卯,乙丑,乙酉,-0.026811977209872273,乙,酉,木,金,1,4,2024-01
2024-01-23,2770.976,癸卯,乙丑,丙戌,0.00530993999288909,丙,戌,火,土,1,4,2024-01
2024-01-24,2820.772,癸卯,乙丑,丁亥,0.017970563440462772,丁,亥,火,水,1,4,2024-01
2024-01-25,2906.109,癸卯,乙丑,戊子,0.030253065472856333,戊,子,土,水,1,4,2024-01
2024-01-26,2910.223,癸卯,乙丑,己丑,0.0014156385737769117,己,丑,土,土,1,4,2024-01
2024-01-29,2883.356,癸卯,乙丑,壬辰,-0.009231938583400545,壬,辰,水,土,1,5,2024-01
2024-01-30,2830.527,癸卯,乙丑,癸巳,-0.01832205249715957,癸,巳,水,火,1,5,2024-01
2024-01-31,2788.548,癸卯,乙丑,甲午,-0.01483080712531637,甲,午,木,火,1,5,2024-01
2024-02-01,2770.74,癸卯,乙丑,乙未,-0.006386119227641096,乙,未,木,土,2,5,2024-02
2024-02-02,2730.152,癸卯,乙丑,丙申,-0.014648794184946912,丙,申,火,金,2,5,2024-02
2024-02-05,2702.185,甲辰,丙寅,己亥,-0.010243751996225847,己,亥,土,水,2,6,2024-02
2024-02-06,2789.486,甲辰,丙寅,庚子,0.03230755851283318,庚,子,金,水,2,6,2024-02
2024-02-07,2829.696,甲辰,丙寅,辛丑,0.014414842017489882,辛,丑,金,土,2,6,2024-02
2024-02-08,2865.903,甲辰,丙寅,壬寅,0.012795367417560044,壬,寅,水,木,2,6,2024-02
2024-02-19,2910.544,甲辰,丙寅,癸丑,0.015576591391962769,癸,丑,水,土,2,8,2024-02
2024-02-20,2922.73,甲辰,丙寅,甲寅,0.004186846170338043,甲,寅,木,木,2,8,2024-02
2024-02-21,2950.956,甲辰,丙寅,乙卯,0.009657409339898004,乙,卯,木,木,2,8,2024-02
2024-02-22,2988.358,甲辰,丙寅,丙辰,0.012674536658628499,丙,辰,火,土,2,8,2024-02
2024-02-23,3004.881,甲辰,丙寅,丁巳,0.005529123351352139,丁,巳,火,火,2,8,2024-02
2024-02-26,2977.022,甲辰,丙寅,庚申,-0.00927124901119214,庚,申,金,金,2,9,2024-02
2024-02-27,3015.481,甲辰,丙寅,辛酉,0.012918614642417836,辛,酉,金,金,2,9,2024-02
2024-02-28,2957.852,甲辰,丙寅,壬戌,-0.019111047292289518,壬,戌,水,土,2,9,2024-02
2024-02-29,3015.171,甲辰,丙寅,癸亥,0.019378589598127327,癸,亥,水,水,2,9,2024-02
2024-03-01,3027.02,甲辰,丙寅,甲子,0.003929793699926298,甲,子,木,水,3,9,2024-03
2024-03-04,3039.306,甲辰,丙寅,丁卯,0.004058777279304371,丁,卯,火,木,3,10,2024-03
2024-03-05,3047.793,甲辰,丁卯,戊辰,0.002792413794465043,戊,辰,土,土,3,10,2024-03
2024-03-06,3039.931,甲辰,丁卯,己巳,-0.002579571512894785,己,巳,土,火,3,10,2024-03
2024-03-07,3027.401,甲辰,丁卯,庚午,-0.0041218040804216205,庚,午,金,火,3,10,2024-03
2024-03-08,3046.019,甲辰,丁卯,辛未,0.006149829507224203,辛,未,金,土,3,10,2024-03
2024-03-11,3068.455,甲辰,丁卯,甲戌,0.007365679596877062,甲,戌,木,土,3,11,2024-03
2024-03-12,3055.935,甲辰,丁卯,乙亥,-0.004080229301065219,乙,亥,木,水,3,11,2024-03
2024-03-13,3043.835,甲辰,丁卯,丙子,-0.003959508301060066,丙,子,火,水,3,11,2024-03
2024-03-14,3038.234,甲辰,丁卯,丁丑,-0.0018401128839112824,丁,丑,火,土,3,11,2024-03
2024-03-15,3054.636,甲辰,丁卯,戊寅,0.005398530857070316,戊,寅,土,木,3,11,2024-03
2024-03-18,3084.926,甲辰,丁卯,辛巳,0.009916075106821243,辛,巳,金,火,3,12,2024-03
2024-03-19,3062.756,甲辰,丁卯,壬午,-0.007186558121653475,壬,午,水,火,3,12,2024-03
2024-03-20,3079.686,甲辰,丁卯,癸未,0.005527701194610435,癸,未,水,土,3,12,2024-03
2024-03-21,3077.113,甲辰,丁卯,甲申,-0.0008354747854165678,甲,申,木,金,3,12,2024-03
2024-03-22,3048.034,甲辰,丁卯,乙酉,-0.00945009169309019,乙,酉,木,金,3,12,2024-03
2024-03-25,3026.306,甲辰,丁卯,戊子,-0.007128529406168038,戊,子,土,水,3,13,2024-03
2024-03-26,3031.481,甲辰,丁卯,己丑,0.0017100055314962503,己,丑,土,土,3,13,2024-03
2024-03-27,2993.139,甲辰,丁卯,庚寅,-0.012647943364975767,庚,寅,金,木,3,13,2024-03
2024-03-28,3010.664,甲辰,丁卯,辛卯,0.0058550571824429465,辛,卯,金,木,3,13,2024-03
2024-03-29,3041.167,甲辰,丁卯,壬辰,0.010131652020949344,壬,辰,水,土,3,13,2024-03
2024-04-01,3077.379,甲辰,丁卯,乙未,0.011907271123223317,乙,未,木,土,4,14,2024-04
2024-04-02,3074.959,甲辰,丁卯,丙申,-0.0007863834776282719,丙,申,火,金,4,14,2024-04
2024-04-03,3069.296,甲辰,丁卯,丁酉,-0.0018416505716011278,丁,酉,火,金,4,14,2024-04
2024-04-08,3047.053,甲辰,戊辰,壬寅,-0.0072469387116784745,壬,寅,水,木,4,15,2024-04
2024-04-09,3048.537,甲辰,戊辰,癸卯,0.0004870279578332859,癸,卯,水,木,4,15,2024-04
2024-04-10,3027.335,甲辰,戊辰,甲辰,-0.006954811439060737,甲,辰,木,土,4,15,2024-04
2024-04-11,3034.246,甲辰,戊辰,乙巳,0.002282865953057822,乙,巳,木,火,4,15,2024-04
2024-04-12,3019.474,甲辰,戊辰,丙午,-0.004868425302365087,丙,午,火,火,4,15,2024-04
2024-04-15,3057.378,甲辰,戊辰,己酉,0.01255317979224202,己,酉,土,金,4,16,2024-04
2024-04-16,3007.068,甲辰,戊辰,庚戌,-0.01645527638388189,庚,戌,金,土,4,16,2024-04
2024-04-17,3071.381,甲辰,戊辰,辛亥,0.02138727823913511,辛,亥,金,水,4,16,2024-04
2024-04-18,3074.225,甲辰,戊辰,壬子,0.0009259678301063445,壬,子,水,水,4,16,2024-04
2024-04-19,3065.261,甲辰,戊辰,癸丑,-0.0029158568419682673,癸,丑,水,土,4,16,2024-04
2024-04-22,3044.595,甲辰,戊辰,丙辰,-0.0067420033726329764,丙,辰,火,土,4,17,2024-04
2024-04-23,3021.978,甲辰,戊辰,丁巳,-0.007428574243864894,丁,巳,火,火,4,17,2024-04
2024-04-24,3044.822,甲辰,戊辰,戊午,0.007559287327703945,戊,午,土,火,4,17,2024-04
2024-04-25,3052.9,甲辰,戊辰,己未,0.0026530286499506506,己,未,土,土,4,17,2024-04
2024-04-26,3088.636,甲辰,戊辰,庚申,0.011705591404893578,庚,申,金,金,4,17,2024-04
2024-04-29,3113.043,甲辰,戊辰,癸亥,0.007902193719169226,癸,亥,水,水,4,18,2024-04
2024-04-30,3104.825,甲辰,戊辰,甲子,-0.0026398607407608354,甲,子,木,水,4,18,2024-04
2024-05-06,3140.72,甲辰,己巳,庚午,0.011561038061726592,庚,午,金,火,5,19,2024-05
2024-05-07,3147.738,甲辰,己巳,辛未,0.002234519473241825,辛,未,金,土,5,19,2024-05
2024-05-08,3128.48,甲辰,己巳,壬申,-0.006118044132008338,壬,申,水,金,5,19,2024-05
2024-05-09,3154.32,甲辰,己巳,癸酉,0.008259602107093533,癸,酉,水,金,5,19,2024-05
2024-05-10,3154.547,甲辰,己巳,甲戌,7.196479748405871e-05,甲,戌,木,土,5,19,2024-05
2024-05-13,3148.021,甲辰,己巳,丁丑,-0.00206875979340293,丁,丑,火,土,5,20,2024-05
2024-05-14,3145.774,甲辰,己巳,戊寅,-0.0007137817695626048,戊,寅,土,木,5,20,2024-05
2024-05-15,3119.902,甲辰,己巳,己卯,-0.008224367039717406,己,卯,土,木,5,20,2024-05
2024-05-16,3122.401,甲辰,己巳,庚辰,0.0008009866976590452,庚,辰,金,土,5,20,2024-05
2024-05-17,3154.026,甲辰,己巳,辛巳,0.010128423607345782,辛,巳,金,火,5,20,2024-05
2024-05-20,3171.145,甲辰,己巳,甲申,0.0054276661004062365,甲,申,木,金,5,21,2024-05
2024-05-21,3157.966,甲辰,己巳,乙酉,-0.004155912138990803,乙,酉,木,金,5,21,2024-05
2024-05-22,3158.54,甲辰,己巳,丙戌,0.00018176256489144116,丙,戌,火,土,5,21,2024-05
2024-05-23,3116.387,甲辰,己巳,丁亥,-0.013345723023928668,丁,亥,火,水,5,21,2024-05
2024-05-24,3088.871,甲辰,己巳,戊子,-0.0088294553917726,戊,子,土,水,5,21,2024-05
2024-05-27,3124.043,甲辰,己巳,辛卯,0.011386684649504542,辛,卯,金,木,5,22,2024-05
2024-05-28,3109.572,甲辰,己巳,壬辰,-0.004632138546108333,壬,辰,水,土,5,22,2024-05
2024-05-29,3111.018,甲辰,己巳,癸巳,0.00046501576422741664,癸,巳,水,火,5,22,2024-05
2024-05-30,3091.678,甲辰,己巳,甲午,-0.006216614625823458,甲,午,木,火,5,22,2024-05
2024-05-31,3086.813,甲辰,己巳,乙未,-0.0015735791372839536,乙,未,木,土,5,22,2024-05
2024-06-03,3078.489,甲辰,己巳,戊戌,-0.002696632416670508,戊,戌,土,土,6,23,2024-06
2024-06-04,3091.199,甲辰,己巳,己亥,0.004128648827395498,己,亥,土,水,6,23,2024-06
2024-06-05,3065.403,甲辰,庚午,庚子,-0.008344981995659362,庚,子,金,水,6,23,2024-06
2024-06-06,3048.794,甲辰,庚午,辛丑,-0.005418210917129018,辛,丑,金,土,6,23,2024-06
2024-06-07,3051.279,甲辰,庚午,壬寅,0.0008150763875813816,壬,寅,水,木,6,23,2024-06
2024-06-11,3028.045,甲辰,庚午,丙午,-0.0076145118161924374,丙,午,火,火,6,24,2024-06
2024-06-12,3037.468,甲辰,庚午,丁未,0.003111908838871136,丁,未,火,土,6,24,2024-06
2024-06-13,3028.919,甲辰,庚午,戊申,-0.002814515247568039,戊,申,土,金,6,24,2024-06
2024-06-14,3032.633,甲辰,庚午,己酉,0.0012261800332065143,己,酉,土,金,6,24,2024-06
2024-06-17,3015.891,甲辰,庚午,壬子,-0.005520615254137162,壬,子,水,水,6,25,2024-06
2024-06-18,3030.246,甲辰,庚午,癸丑,0.004759787406109828,癸,丑,水,土,6,25,2024-06
2024-06-19,3018.049,甲辰,庚午,甲寅,-0.0040250857521139105,甲,寅,木,木,6,25,2024-06
2024-06-20,3005.437,甲辰,庚午,乙卯,-0.004178858593747226,乙,卯,木,木,6,25,2024-06
2024-06-21,2998.138,甲辰,庚午,丙辰,-0.0024285985698585533,丙,辰,火,土,6,25,2024-06
2024-06-24,2963.099,甲辰,庚午,己未,-0.01168692034856289,己,未,土,土,6,26,2024-06
2024-06-25,2949.996,甲辰,庚午,庚申,-0.004422059472194539,庚,申,金,金,6,26,2024-06
2024-06-26,2972.525,甲辰,庚午,辛酉,0.007636959507741681,辛,酉,金,金,6,26,2024-06
2024-06-27,2945.852,甲辰,庚午,壬戌,-0.00897317936770936,壬,戌,水,土,6,26,2024-06
2024-06-28,2967.403,甲辰,庚午,癸亥,0.00731571036155243,癸,亥,水,水,6,26,2024-06
2024-07-01,2994.73,甲辰,庚午,丙寅,0.00920906260457377,丙,寅,火,木,7,27,2024-07
2024-07-02,2997.011,甲辰,庚午,丁卯,0.0007616713359801519,丁,卯,火,木,7,27,2024-07
2024-07-03,2982.376,甲辰,庚午,戊辰,-0.004883198626898566,戊,辰,土,土,7,27,2024-07
2024-07-04,2957.567,甲辰,庚午,己巳,-0.008318535288642459,己,巳,土,火,7,27,2024-07
2024-07-05,2949.933,甲辰,庚午,庚午,-0.002581175675817282,庚,午,金,火,7,27,2024-07
2024-07-08,2922.45,甲辰,辛未,癸酉,-0.009316482781134394,癸,酉,水,金,7,28,2024-07
2024-07-09,2959.372,甲辰,辛未,甲戌,0.012633920169720536,甲,戌,木,土,7,28,2024-07
2024-07-10,2939.364,甲辰,辛未,乙亥,-0.006760893865319972,乙,亥,木,水,7,28,2024-07
2024-07-11,2970.387,甲辰,辛未,丙子,0.010554323996619708,丙,子,火,水,7,28,2024-07
2024-07-12,2971.295,甲辰,辛未,丁丑,0.00030568407416264876,丁,丑,火,土,7,28,2024-07
2024-07-15,2974.011,甲辰,辛未,庚辰,0.0009140795511721755,庚,辰,金,土,7,29,2024-07
2024-07-16,2976.304,甲辰,辛未,辛巳,0.0007710126156224018,辛,巳,金,火,7,29,2024-07
2024-07-17,2962.855,甲辰,辛未,壬午,-0.004518691639026184,壬,午,水,火,7,29,2024-07
2024-07-18,2977.133,甲辰,辛未,癸未,0.004819000592334088,癸,未,水,土,7,29,2024-07
2024-07-19,2982.309,甲辰,辛未,甲申,0.00173858541086358,甲,申,木,金,7,29,2024-07
2024-07-22,2964.216,甲辰,辛未,丁亥,-0.0060667757767556285,丁,亥,火,水,7,30,2024-07
2024-07-23,2915.369,甲辰,辛未,戊子,-0.016478893575906706,戊,子,土,水,7,30,2024-07
2024-07-24,2901.952,甲辰,辛未,己丑,-0.004602161853267894,己,丑,土,土,7,30,2024-07
2024-07-25,2886.742,甲辰,辛未,庚寅,-0.005241299649339504,庚,寅,金,木,7,30,2024-07
2024-07-26,2890.897,甲辰,辛未,辛卯,0.0014393388809945673,辛,卯,金,木,7,30,2024-07
2024-07-29,2891.845,甲辰,辛未,甲午,0.00032792589981589515,甲,午,木,火,7,31,2024-07
2024-07-30,2879.3,甲辰,辛未,乙未,-0.004338060995661808,乙,未,木,土,7,31,2024-07
2024-07-31,2938.749,甲辰,辛未,丙申,0.02064703226478648,丙,申,火,金,7,31,2024-07
2024-08-01,2932.387,甲辰,辛未,丁酉,-0.0021648667511242614,丁,酉,火,金,8,31,2024-08
2024-08-02,2905.338,甲辰,辛未,戊戌,-0.009224225861047652,戊,戌,土,土,8,31,2024-08
2024-08-05,2860.698,甲辰,辛未,辛丑,-0.015364821580139854,辛,丑,金,土,8,32,2024-08
2024-08-06,2867.284,甲辰,辛未,壬寅,0.0023022353285806485,壬,寅,水,木,8,32,2024-08
2024-08-07,2869.834,甲辰,壬申,癸卯,0.000889343364661288,癸,卯,水,木,8,32,2024-08
2024-08-08,2869.901,甲辰,壬申,甲辰,2.3346298078541494e-05,甲,辰,木,土,8,32,2024-08
2024-08-09,2862.194,甲辰,壬申,乙巳,-0.002685458487940884,乙,巳,木,火,8,32,2024-08
2024-08-12,2858.205,甲辰,壬申,戊申,-0.0013936861023396974,戊,申,土,金,8,33,2024-08
2024-08-13,2867.946,甲辰,壬申,己酉,0.003408083045127963,己,酉,土,金,8,33,2024-08
2024-08-14,2850.654,甲辰,壬申,庚戌,-0.006029402227238578,庚,戌,金,土,8,33,2024-08
2024-08-15,2877.358,甲辰,壬申,辛亥,0.009367674926525682,辛,亥,金,水,8,33,2024-08
2024-08-16,2879.43,甲辰,壬申,壬子,0.0007201050408047749,壬,子,水,水,8,33,2024-08
2024-08-19,2893.674,甲辰,壬申,乙卯,0.004946812389952315,乙,卯,木,木,8,34,2024-08
2024-08-20,2866.661,甲辰,壬申,丙辰,-0.009335191179103086,丙,辰,火,土,8,34,2024-08
2024-08-21,2856.584,甲辰,壬申,丁巳,-0.003515239506868828,丁,巳,火,火,8,34,2024-08
2024-08-22,2848.772,甲辰,壬申,戊午,-0.002734734914149217,戊,午,土,火,8,34,2024-08
2024-08-23,2854.368,甲辰,壬申,己未,0.001964355167770604,己,未,土,土,8,34,2024-08
2024-08-26,2855.52,甲辰,壬申,壬戌,0.00040359196851991186,壬,戌,水,土,8,35,2024-08
2024-08-27,2848.731,甲辰,壬申,癸亥,-0.002377500420238654,癸,亥,水,水,8,35,2024-08
2024-08-28,2837.429,甲辰,壬申,甲子,-0.003967380563486,甲,子,木,水,8,35,2024-08
2024-08-29,2823.106,甲辰,壬申,乙丑,-0.005047879612141815,乙,丑,木,土,8,35,2024-08
2024-08-30,2842.214,甲辰,壬申,丙寅,0.00676843164939589,丙,寅,火,木,8,35,2024-08
2024-09-02,2811.035,甲辰,壬申,己巳,-0.0109699691859938,己,巳,土,火,9,36,2024-09
2024-09-03,2802.979,甲辰,壬申,庚午,-0.002865848344115296,庚,午,金,火,9,36,2024-09
2024-09-04,2784.278,甲辰,壬申,辛未,-0.006671830220633113,辛,未,金,土,9,36,2024-09
2024-09-05,2788.314,甲辰,壬申,壬申,0.00144956789515982,壬,申,水,金,9,36,2024-09
2024-09-06,2765.807,甲辰,壬申,癸酉,-0.00807190294923743,癸,酉,水,金,9,36,2024-09
2024-09-09,2736.488,甲辰,癸酉,丙子,-0.010600522740740748,丙,子,火,水,9,37,2024-09
2024-09-10,2744.192,甲辰,癸酉,丁丑,0.002815287331791705,丁,丑,火,土,9,37,2024-09
2024-09-11,2721.795,甲辰,癸酉,戊寅,-0.0081616009375437,戊,寅,土,木,9,37,2024-09
2024-09-12,2717.123,甲辰,癸酉,己卯,-0.0017165142856093718,己,卯,土,木,9,37,2024-09
2024-09-13,2704.09,甲辰,癸酉,庚辰,-0.004796617598835207,庚,辰,金,土,9,37,2024-09
2024-09-18,2717.281,甲辰,癸酉,乙酉,0.0048781660373729,乙,酉,木,金,9,38,2024-09
2024-09-19,2736.022,甲辰,癸酉,丙戌,0.006896967961723455,丙,戌,火,土,9,38,2024-09
2024-09-20,2736.814,甲辰,癸酉,丁亥,0.00028947135658996537,丁,亥,火,水,9,38,2024-09
2024-09-23,2748.918,甲辰,癸酉,庚寅,0.004422660801939982,庚,寅,金,木,9,39,2024-09
2024-09-24,2863.126,甲辰,癸酉,辛卯,0.04154652848866358,辛,卯,金,木,9,39,2024-09
2024-09-25,2896.306,甲辰,癸酉,壬辰,0.011588732036242888,壬,辰,水,土,9,39,2024-09
2024-09-26,3000.953,甲辰,癸酉,癸巳,0.03613119608218196,癸,巳,水,火,9,39,2024-09
2024-09-27,3087.529,甲辰,癸酉,甲午,0.028849502141486294,甲,午,木,火,9,39,2024-09
2024-09-30,3336.497,甲辰,癸酉,丁酉,0.08063665150999388,丁,酉,火,金,9,40,2024-09
2024-10-08,3489.775,甲辰,甲戌,乙巳,0.04593979853720831,乙,巳,木,火,10,41,2024-10
2024-10-09,3258.858,甲辰,甲戌,丙午,-0.06616959546102541,丙,午,火,火,10,41,2024-10
2024-10-10,3301.926,甲辰,甲戌,丁未,0.013215672484041985,丁,未,火,土,10,41,2024-10
2024-10-11,3217.738,甲辰,甲戌,戊申,-0.025496634388535666,戊,申,土,金,10,41,2024-10
2024-10-14,3284.323,甲辰,甲戌,辛亥,0.020693108015630957,辛,亥,金,水,10,42,2024-10
2024-10-15,3201.292,甲辰,甲戌,壬子,-0.02528100920646359,壬,子,水,水,10,42,2024-10
2024-10-16,3202.948,甲辰,甲戌,癸丑,0.0005172911437008043,癸,丑,水,土,10,42,2024-10
2024-10-17,3169.384,甲辰,甲戌,甲寅,-0.010479096132687715,甲,寅,木,木,10,42,2024-10
2024-10-18,3261.563,甲辰,甲戌,乙卯,0.029084200589136522,乙,卯,木,木,10,42,2024-10
2024-10-21,3268.11,甲辰,甲戌,戊午,0.002007319803419394,戊,午,土,火,10,43,2024-10
2024-10-22,3285.867,甲辰,甲戌,己未,0.005433415643904205,己,未,土,土,10,43,2024-10
2024-10-23,3302.803,甲辰,甲戌,庚申,0.005154195224578384,庚,申,金,金,10,43,2024-10
2024-10-24,3280.263,甲辰,甲戌,辛酉,-0.006824506335981861,辛,酉,金,金,10,43,2024-10
2024-10-25,3299.7,甲辰,甲戌,壬戌,0.005925439515063191,壬,戌,水,土,10,43,2024-10
2024-10-28,3322.198,甲辰,甲戌,乙丑,0.006818195593538912,乙,丑,木,土,10,44,2024-10
2024-10-29,3286.407,甲辰,甲戌,丙寅,-0.010773289250068707,丙,寅,火,木,10,44,2024-10
2024-10-30,3266.238,甲辰,甲戌,丁卯,-0.006137097444108508,丁,卯,火,木,10,44,2024-10
2024-10-31,3279.824,甲辰,甲戌,戊辰,0.004159525423438337,戊,辰,土,土,10,44,2024-10
2024-11-01,3272.014,甲辰,甲戌,己巳,-0.0023812253340422807,己,巳,土,火,11,44,2024-11
2024-11-04,3310.207,甲辰,甲戌,壬申,0.011672627317609097,壬,申,水,金,11,45,2024-11
2024-11-05,3386.987,甲辰,甲戌,癸酉,0.023194924063661304,癸,酉,水,金,11,45,2024-11
2024-11-06,3383.806,甲辰,甲戌,甲戌,-0.0009391828194202922,甲,戌,木,土,11,45,2024-11
2024-11-07,3470.661,甲辰,乙亥,乙亥,0.025667842660010765,乙,亥,木,水,11,45,2024-11
2024-11-08,3452.297,甲辰,乙亥,丙子,-0.005291211097828374,丙,子,火,水,11,45,2024-11
2024-11-11,3470.066,甲辰,乙亥,己卯,0.0051470079196545004,己,卯,土,木,11,46,2024-11
2024-11-12,3421.97,甲辰,乙亥,庚辰,-0.013860255107539743,庚,辰,金,土,11,46,2024-11
2024-11-13,3439.278,甲辰,乙亥,辛巳,0.005057905241717453,辛,巳,金,火,11,46,2024-11
2024-11-14,3379.839,甲辰,乙亥,壬午,-0.01728240636552203,壬,午,水,火,11,46,2024-11
2024-11-15,3330.726,甲辰,乙亥,癸未,-0.014531165537766677,癸,未,水,土,11,46,2024-11
2024-11-18,3323.849,甲辰,乙亥,丙戌,-0.0020647150200886477,丙,戌,火,土,11,47,2024-11
2024-11-19,3346.01,甲辰,乙亥,丁亥,0.006667270384424828,丁,亥,火,水,11,47,2024-11
2024-11-20,3367.989,甲辰,乙亥,戊子,0.006568719161030634,戊,子,土,水,11,47,2024-11
2024-11-21,3370.404,甲辰,乙亥,己丑,0.0007170450972375786,己,丑,土,土,11,47,2024-11
2024-11-22,3267.192,甲辰,乙亥,庚寅,-0.030623035102023355,庚,寅,金,木,11,47,2024-11
2024-11-25,3263.76,甲辰,乙亥,癸巳,-0.0010504433164625349,癸,巳,水,火,11,48,2024-11
2024-11-26,3259.757,甲辰,乙亥,甲午,-0.001226499497512079,甲,午,木,火,11,48,2024-11
2024-11-27,3309.779,甲辰,乙亥,乙未,0.01534531561708441,乙,未,木,土,11,48,2024-11
2024-11-28,3295.698,甲辰,乙亥,丙申,-0.004254362602457817,丙,申,火,金,11,48,2024-11
2024-11-29,3326.456,甲辰,乙亥,丁酉,0.009332772602343997,丁,酉,火,金,11,48,2024-11
2024-12-02,3363.982,甲辰,乙亥,庚子,0.01128107511417542,庚,子,金,水,12,49,2024-12
2024-12-03,3378.806,甲辰,乙亥,辛丑,0.004406682318752075,辛,丑,金,土,12,49,2024-12
2024-12-04,3364.65,甲辰,乙亥,壬寅,-0.004189645691406896,壬,寅,水,木,12,49,2024-12
2024-12-05,3368.855,甲辰,乙亥,癸卯,0.0012497585187165594,癸,卯,水,木,12,49,2024-12
2024-12-06,3404.076,甲辰,丙子,甲辰,0.010454887491447407,甲,辰,木,土,12,49,2024-12
2024-12-09,3402.534,甲辰,丙子,丁未,-0.0004529863610565066,丁,未,火,土,12,50,2024-12
2024-12-10,3422.661,甲辰,丙子,戊申,0.005915297246111173,戊,申,土,金,12,50,2024-12
2024-12-11,3432.49,甲辰,丙子,己酉,0.002871742191236537,己,酉,土,金,12,50,2024-12
2024-12-12,3461.5,甲辰,丙子,庚戌,0.008451590536316278,庚,戌,金,土,12,50,2024-12
2024-12-13,3391.878,甲辰,丙子,辛亥,-0.020113245702729987,辛,亥,金,水,12,50,2024-12
2024-12-16,3386.331,甲辰,丙子,甲寅,-0.001635377215807865,甲,寅,木,木,12,51,2024-12
2024-12-17,3361.485,甲辰,丙子,乙卯,-0.007337144537849394,乙,卯,木,木,12,51,2024-12
2024-12-18,3382.208,甲辰,丙子,丙辰,0.006164834886962067,丙,辰,火,土,12,51,2024-12
2024-12-19,3370.033,甲辰,丙子,丁巳,-0.003599719473196261,丁,巳,火,火,12,51,2024-12
2024-12-20,3368.069,甲辰,丙子,戊午,-0.0005827836107242801,戊,午,土,火,12,51,2024-12
2024-12-23,3351.257,甲辰,丙子,辛酉,-0.004991584198542176,辛,酉,金,金,12,52,2024-12
2024-12-24,3393.528,甲辰,丙子,壬戌,0.012613476077782071,壬,戌,水,土,12,52,2024-12
2024-12-25,3393.35,甲辰,丙子,癸亥,-5.2452786598489176e-05,癸,亥,水,水,12,52,2024-12
2024-12-26,3398.077,甲辰,丙子,甲子,0.0013930186983366344,甲,子,木,水,12,52,2024-12
2024-12-27,3400.142,甲辰,丙子,乙丑,0.0006076966472505774,乙,丑,木,土,12,52,2024-12
2024-12-30,3407.326,甲辰,丙子,戊辰,0.0021128529337892665,戊,辰,土,土,12,1,2024-12
2024-12-31,3351.763,甲辰,丙子,己巳,-0.016306922202336982,己,巳,土,火,12,1,2024-12
2025-01-02,3262.561,甲辰,丙子,辛未,-0.026613456858375684,辛,未,金,土,1,1,2025-01
2025-01-03,3211.43,甲辰,丙子,壬申,-0.015672044139557917,壬,申,水,金,1,1,2025-01
2025-01-06,3206.923,甲辰,丁丑,乙亥,-0.0014034246426046781,乙,亥,木,水,1,2,2025-01
2025-01-07,3229.644,甲辰,丁丑,丙子,0.007084984578675568,丙,子,火,水,1,2,2025-01
2025-01-08,3230.168,甲辰,丁丑,丁丑,0.00016224698449751607,丁,丑,火,土,1,2,2025-01
2025-01-09,3211.393,甲辰,丁丑,戊寅,-0.005812391182130505,戊,寅,土,木,1,2,2025-01
2025-01-10,3168.524,甲辰,丁丑,己卯,-0.01334903576111679,己,卯,土,木,1,2,2025-01
2025-01-13,3160.755,甲辰,丁丑,壬午,-0.00245193029940749,壬,午,水,火,1,3,2025-01
2025-01-14,3240.94,甲辰,丁丑,癸未,0.025368938750393477,癸,未,水,土,1,3,2025-01
2025-01-15,3227.117,甲辰,丁丑,甲申,-0.0042651206131554265,甲,申,木,金,1,3,2025-01
2025-01-16,3236.032,甲辰,丁丑,乙酉,0.002762527667884429,乙,酉,木,金,1,3,2025-01
2025-01-17,3241.821,甲辰,丁丑,丙戌,0.0017889192690305755,丙,戌,火,土,1,3,2025-01
2025-01-20,3244.378,甲辰,丁丑,己丑,0.0007887542217785981,己,丑,土,土,1,4,2025-01
2025-01-21,3242.623,甲辰,丁丑,庚寅,-0.0005409357356017663,庚,寅,金,木,1,4,2025-01
2025-01-22,3213.624,甲辰,丁丑,辛卯,-0.008943068620681505,辛,卯,金,木,1,4,2025-01
2025-01-23,3230.164,甲辰,丁丑,壬辰,0.005146837340024968,壬,辰,水,土,1,4,2025-01
2025-01-24,3252.626,甲辰,丁丑,癸巳,0.006953826493020232,癸,巳,水,火,1,4,2025-01
2025-01-27,3250.601,甲辰,丁丑,丙申,-0.0006225738833791628,丙,申,火,金,1,5,2025-01
2025-02-05,3229.488,乙巳,戊寅,乙巳,-0.006495106597210865,乙,巳,木,火,2,6,2025-02
2025-02-06,3270.659,乙巳,戊寅,丙午,0.01274846043707245,丙,午,火,火,2,6,2025-02
2025-02-07,3303.667,乙巳,戊寅,丁未,0.010092155739867659,丁,未,火,土,2,6,2025-02
2025-02-10,3322.17,乙巳,戊寅,庚戌,0.0056007460800377995,庚,戌,金,土,2,7,2025-02
2025-02-11,3318.057,乙巳,戊寅,辛亥,-0.001238046216780031,辛,亥,金,水,2,7,2025-02
2025-02-12,3346.385,乙巳,戊寅,壬子,0.008537526630796322,壬,子,水,水,2,7,2025-02
2025-02-13,3332.483,乙巳,戊寅,癸丑,-0.004154333706372748,癸,丑,水,土,2,7,2025-02
2025-02-14,3346.724,乙巳,戊寅,甲寅,0.004273390141825262,甲,寅,木,木,2,7,2025-02
2025-02-17,3355.83,乙巳,戊寅,丁巳,0.0027208697221521305,丁,巳,火,火,2,8,2025-02
2025-02-18,3324.491,乙巳,戊寅,戊午,-0.009338673293939226,戊,午,土,火,2,8,2025-02
2025-02-19,3351.539,乙巳,戊寅,己未,0.008135982320301105,己,未,土,土,2,8,2025-02
2025-02-20,3350.783,乙巳,戊寅,庚申,-0.00022556801517159553,庚,申,金,金,2,8,2025-02
2025-02-21,3379.113,乙巳,戊寅,辛酉,0.00845474028010762,辛,酉,金,金,2,8,2025-02
2025-02-24,3373.028,乙巳,戊寅,甲子,-0.0018007684265072266,甲,子,木,水,2,9,2025-02
2025-02-25,3346.04,乙巳,戊寅,乙丑,-0.008001119468916351,乙,丑,木,土,2,9,2025-02
2025-02-26,3380.214,乙巳,戊寅,丙寅,0.010213267026096595,丙,寅,火,木,2,9,2025-02
2025-02-27,3388.062,乙巳,戊寅,丁卯,0.0023217464929734533,丁,卯,火,木,2,9,2025-02
2025-02-28,3320.897,乙巳,戊寅,戊辰,-0.01982401738811157,戊,辰,土,土,2,9,2025-02
2025-03-03,3316.925,乙巳,戊寅,辛未,-0.0011960623891676958,辛,未,金,土,3,10,2025-03
2025-03-04,3324.21,乙巳,戊寅,壬申,0.002196311342583801,壬,申,水,金,3,10,2025-03
2025-03-05,3341.965,乙巳,己卯,癸酉,0.0053411186417224865,癸,酉,水,金,3,10,2025-03
2025-03-06,3381.098,乙巳,己卯,甲戌,0.011709578047645497,甲,戌,木,土,3,10,2025-03
2025-03-07,3372.546,乙巳,己卯,乙亥,-0.0025293558483072687,乙,亥,木,水,3,10,2025-03
2025-03-10,3366.163,乙巳,己卯,戊寅,-0.001892635415499111,戊,寅,土,木,3,11,2025-03
2025-03-11,3379.828,乙巳,己卯,己卯,0.00405951821109074,己,卯,土,木,3,11,2025-03
2025-03-12,3371.924,乙巳,己卯,庚辰,-0.002338580543151947,庚,辰,金,土,3,11,2025-03
2025-03-13,3358.729,乙巳,己卯,辛巳,-0.003913196145583386,辛,巳,金,火,3,11,2025-03
2025-03-14,3419.562,乙巳,己卯,壬午,0.018111910785300056,壬,午,水,火,3,11,2025-03
2025-03-17,3426.129,乙巳,己卯,乙酉,0.0019204213873005305,乙,酉,木,金,3,12,2025-03
2025-03-18,3429.759,乙巳,己卯,丙戌,0.0010595047647068423,丙,戌,火,土,3,12,2025-03
2025-03-19,3426.429,乙巳,己卯,丁亥,-0.0009709136997672063,丁,亥,火,水,3,12,2025-03
2025-03-20,3408.948,乙巳,己卯,戊子,-0.005101812995395583,戊,子,土,水,3,12,2025-03
2025-03-21,3364.831,乙巳,己卯,己丑,-0.012941529175569677,己,丑,土,土,3,12,2025-03
2025-03-24,3370.028,乙巳,己卯,壬辰,0.0015445055041396483,壬,辰,水,土,3,13,2025-03
2025-03-25,3369.976,乙巳,己卯,癸巳,-1.5430138859295894e-05,癸,巳,水,火,3,13,2025-03
2025-03-26,3368.697,乙巳,己卯,甲午,-0.0003795279254213968,甲,午,木,火,3,13,2025-03
2025-03-27,3373.749,乙巳,己卯,乙未,0.0014996896426124895,乙,未,木,土,3,13,2025-03
2025-03-28,3351.307,乙巳,己卯,丙申,-0.006651947136553482,丙,申,火,金,3,13,2025-03
2025-03-31,3335.746,乙巳,己卯,己亥,-0.004643263061247405,己,亥,土,水,3,14,2025-03
2025-04-01,3348.435,乙巳,己卯,庚子,0.0038039467033761376,庚,子,金,水,4,14,2025-04
2025-04-02,3350.127,乙巳,己卯,辛丑,0.0005053106899193249,辛,丑,金,土,4,14,2025-04
2025-04-03,3342.008,乙巳,己卯,壬寅,-0.002423490213953161,壬,寅,水,木,4,14,2025-04
2025-04-07,3096.576,乙巳,庚辰,丙午,-0.07343848369004502,丙,午,火,火,4,15,2025-04
2025-04-08,3145.549,乙巳,庚辰,丁未,0.01581521009011233,丁,未,火,土,4,15,2025-04
2025-04-09,3186.81,乙巳,庚辰,戊申,0.013117265062474015,戊,申,土,金,4,15,2025-04
2025-04-10,3223.638,乙巳,庚辰,己酉,0.011556383970177109,己,酉,土,金,4,15,2025-04
2025-04-11,3238.227,乙巳,庚辰,庚戌,0.0045256322204911825,庚,戌,金,土,4,15,2025-04
2025-04-14,3262.808,乙巳,庚辰,癸丑,0.007590882294539636,癸,丑,水,土,4,16,2025-04
2025-04-15,3267.662,乙巳,庚辰,甲寅,0.0014876756462531837,甲,寅,木,木,4,16,2025-04
2025-04-16,3276.004,乙巳,庚辰,乙卯,0.0025528956177229833,乙,卯,木,木,4,16,2025-04
2025-04-17,3280.341,乙巳,庚辰,丙辰,0.0013238689574248674,丙,辰,火,土,4,16,2025-04
2025-04-18,3276.73,乙巳,庚辰,丁巳,-0.0011008001911996246,丁,巳,火,火,4,16,2025-04
2025-04-21,3291.434,乙巳,庚辰,庚申,0.004487400548717879,庚,申,金,金,4,17,2025-04
2025-04-22,3299.757,乙巳,庚辰,辛酉,0.0025286850655368287,辛,酉,金,金,4,17,2025-04
2025-04-23,3296.355,乙巳,庚辰,壬戌,-0.0010309850088960903,壬,戌,水,土,4,17,2025-04
2025-04-24,3297.288,乙巳,庚辰,癸亥,0.00028303990316569383,癸,亥,水,水,4,17,2025-04
2025-04-25,3295.06,乙巳,庚辰,甲子,-0.0006757068233045338,甲,子,木,水,4,17,2025-04
2025-04-28,3288.415,乙巳,庚辰,丁卯,-0.0020166552354130562,丁,卯,火,木,4,18,2025-04
2025-04-29,3286.655,乙巳,庚辰,戊辰,-0.000535212252711359,戊,辰,土,土,4,18,2025-04
2025-04-30,3279.031,乙巳,庚辰,己巳,-0.002319683690560792,己,巳,土,火,4,18,2025-04
2025-05-06,3316.114,乙巳,辛巳,乙亥,0.011309133704438867,乙,亥,木,水,5,19,2025-05
2025-05-07,3342.665,乙巳,辛巳,丙子,0.008006660808403954,丙,子,火,水,5,19,2025-05
2025-05-08,3351.996,乙巳,辛巳,丁丑,0.002791485237078728,丁,丑,火,土,5,19,2025-05
2025-05-09,3341.999,乙巳,辛巳,戊寅,-0.0029824021269716505,戊,寅,土,木,5,19,2025-05
2025-05-12,3369.245,乙巳,辛巳,辛巳,0.008152605671037039,辛,巳,金,火,5,20,2025-05
2025-05-13,3374.871,乙巳,辛巳,壬午,0.0016698102987464658,壬,午,水,火,5,20,2025-05
2025-05-14,3403.948,乙巳,辛巳,癸未,0.008615736720010814,癸,未,水,土,5,20,2025-05
2025-05-15,3380.821,乙巳,辛巳,甲申,-0.006794169593660082,甲,申,木,金,5,20,2025-05
2025-05-16,3367.462,乙巳,辛巳,乙酉,-0.003951407069466284,乙,酉,木,金,5,20,2025-05
2025-05-19,3367.583,乙巳,辛巳,戊子,3.593210554431181e-05,戊,子,土,水,5,21,2025-05
2025-05-20,3380.478,乙巳,辛巳,己丑,0.0038291558069987186,己,丑,土,土,5,21,2025-05
2025-05-21,3387.574,乙巳,辛巳,庚寅,0.002099111427437128,庚,寅,金,木,5,21,2025-05
2025-05-22,3380.189,乙巳,辛巳,辛卯,-0.00218002617802604,辛,卯,金,木,5,21,2025-05
2025-05-23,3348.372,乙巳,辛巳,壬辰,-0.009412787273137657,壬,辰,水,土,5,21,2025-05
2025-05-26,3346.839,乙巳,辛巳,乙未,-0.0004578344341668039,乙,未,木,土,5,22,2025-05
2025-05-27,3340.687,乙巳,辛巳,丙申,-0.0018381523580907055,丙,申,火,金,5,22,2025-05
2025-05-28,3339.932,乙巳,辛巳,丁酉,-0.00022600141827122666,丁,酉,火,金,5,22,2025-05
2025-05-29,3363.446,乙巳,辛巳,戊戌,0.007040263095176913,戊,戌,土,土,5,22,2025-05
2025-05-30,3347.487,乙巳,辛巳,己亥,-0.004744836099643046,己,亥,土,水,5,22,2025-05
2025-06-03,3361.976,乙巳,辛巳,癸卯,0.0043283215140192954,癸,卯,水,木,6,23,2025-06
2025-06-04,3376.203,乙巳,辛巳,甲辰,0.004231737525788315,甲,辰,木,土,6,23,2025-06
2025-06-05,3384.099,乙巳,壬午,乙巳,0.002338721931116172,乙,巳,木,火,6,23,2025-06
2025-06-06,3385.358,乙巳,壬午,丙午,0.0003720340332833416,丙,午,火,火,6,23,2025-06
2025-06-09,3399.772,乙巳,壬午,己酉,0.004257747629645037,己,酉,土,金,6,24,2025-06
2025-06-10,3384.816,乙巳,壬午,庚戌,-0.00439911852912489,庚,戌,金,土,6,24,2025-06
2025-06-11,3402.316,乙巳,壬午,辛亥,0.005170148096676375,辛,亥,金,水,6,24,2025-06
2025-06-12,3402.658,乙巳,壬午,壬子,0.00010051976359637393,壬,子,水,水,6,24,2025-06
2025-06-13,3376.996,乙巳,壬午,癸丑,-0.007541751183927303,癸,丑,水,土,6,24,2025-06
2025-06-16,3388.729,乙巳,壬午,丙辰,0.0034743896646605155,丙,辰,火,土,6,25,2025-06
2025-06-17,3387.405,乙巳,壬午,丁巳,-0.0003907069582724798,丁,巳,火,火,6,25,2025-06
2025-06-18,3388.809,乙巳,壬午,戊午,0.00041447656834647795,戊,午,土,火,6,25,2025-06
2025-06-19,3362.108,乙巳,壬午,己未,-0.007879169348287252,己,未,土,土,6,25,2025-06
2025-06-20,3359.895,乙巳,壬午,庚申,-0.0006582179989459425,庚,申,金,金,6,25,2025-06
2025-06-23,3381.582,乙巳,壬午,癸亥,0.006454665994026554,癸,亥,水,水,6,26,2025-06
2025-06-24,3420.566,乙巳,壬午,甲子,0.011528332005552366,甲,子,木,水,6,26,2025-06
2025-06-25,3455.974,乙巳,壬午,乙丑,0.010351503230751957,乙,丑,木,土,6,26,2025-06
2025-06-26,3448.453,乙巳,壬午,丙寅,-0.002176231649890892,丙,寅,火,木,6,26,2025-06
2025-06-27,3424.227,乙巳,壬午,丁卯,-0.007025179116548763,丁,卯,火,木,6,26,2025-06
2025-06-30,3444.426,乙巳,壬午,庚午,0.005898849579773824,庚,午,金,火,6,27,2025-06
2025-07-01,3457.747,乙巳,壬午,辛未,0.003867407806119161,辛,未,金,土,7,27,2025-07
2025-07-02,3454.792,乙巳,壬午,壬申,-0.0008546027225242447,壬,申,水,金,7,27,2025-07
2025-07-03,3461.151,乙巳,壬午,癸酉,0.0018406317949097861,癸,酉,水,金,7,27,2025-07
2025-07-04,3472.319,乙巳,壬午,甲戌,0.0032266722832954287,甲,戌,木,土,7,27,2025-07
2025-07-07,3473.127,乙巳,癸未,丁丑,0.00023269751425480933,丁,丑,火,土,7,28,2025-07
2025-07-08,3497.475,乙巳,癸未,戊寅,0.007010397258723877,戊,寅,土,木,7,28,2025-07
2025-07-09,3493.05,乙巳,癸未,己卯,-0.0012651984646064873,己,卯,土,木,7,28,2025-07
2025-07-10,3509.682,乙巳,癸未,庚辰,0.004761454888993821,庚,辰,金,土,7,28,2025-07
2025-07-11,3510.177,乙巳,癸未,辛巳,0.00014103841886536905,辛,巳,金,火,7,28,2025-07
2025-07-14,3519.65,乙巳,癸未,甲申,0.002698724309343925,甲,申,木,金,7,29,2025-07
2025-07-15,3504.999,乙巳,癸未,乙酉,-0.004162629806941154,乙,酉,木,金,7,29,2025-07
2025-07-16,3503.777,乙巳,癸未,丙戌,-0.00034864489262331766,丙,戌,火,土,7,29,2025-07
2025-07-17,3516.826,乙巳,癸未,丁亥,0.0037242666984800277,丁,亥,火,水,7,29,2025-07
2025-07-18,3534.483,乙巳,癸未,戊子,0.005020720388213773,戊,子,土,水,7,29,2025-07
2025-07-21,3559.791,乙巳,癸未,辛卯,0.007160311706124967,辛,卯,金,木,7,30,2025-07
2025-07-22,3581.861,乙巳,癸未,壬辰,0.006199802179397418,壬,辰,水,土,7,30,2025-07
2025-07-23,3582.298,乙巳,癸未,癸巳,0.0001220036176725614,癸,巳,水,火,7,30,2025-07
2025-07-24,3605.727,乙巳,癸未,甲午,0.006540215247307746,甲,午,木,火,7,30,2025-07
2025-07-25,3593.655,乙巳,癸未,乙未,-0.0033480072118603488,乙,未,木,土,7,30,2025-07
2025-07-28,3597.937,乙巳,癸未,戊戌,0.0011915445416990078,戊,戌,土,土,7,31,2025-07
2025-07-29,3609.711,乙巳,癸未,己亥,0.0032724308402287683,己,亥,土,水,7,31,2025-07
2025-07-30,3615.717,乙巳,癸未,庚子,0.001663845111146145,庚,子,金,水,7,31,2025-07
2025-07-31,3573.208,乙巳,癸未,辛丑,-0.011756727642124654,辛,丑,金,土,7,31,2025-07
2025-08-01,3559.952,乙巳,癸未,壬寅,-0.0037098316134968057,壬,寅,水,木,8,31,2025-08
2025-08-04,3583.309,乙巳,癸未,乙巳,0.0065610435196878925,乙,巳,木,火,8,32,2025-08
2025-08-05,3617.598,乙巳,癸未,丙午,0.009569088236599077,丙,午,火,火,8,32,2025-08
2025-08-06,3633.995,乙巳,癸未,丁未,0.0045325655310513024,丁,未,火,土,8,32,2025-08
2025-08-07,3639.667,乙巳,甲申,戊申,0.0015608166769629506,戊,申,土,金,8,32,2025-08
2025-08-08,3635.128,乙巳,甲申,己酉,-0.001247092110349568,己,酉,土,金,8,32,2025-08
2025-08-11,3647.547,乙巳,甲申,壬子,0.003416385887924589,壬,子,水,水,8,33,2025-08
2025-08-12,3665.918,乙巳,甲申,癸丑,0.005036535512770612,癸,丑,水,土,8,33,2025-08
2025-08-13,3683.465,乙巳,甲申,甲寅,0.004786522775468427,甲,寅,木,木,8,33,2025-08
2025-08-14,3666.443,乙巳,甲申,乙卯,-0.004621192274122277,乙,卯,木,木,8,33,2025-08
2025-08-15,3696.771,乙巳,甲申,丙辰,0.0082717773056884,丙,辰,火,土,8,33,2025-08
2025-08-18,3728.027,乙巳,甲申,己未,0.008454946221986726,己,未,土,土,8,34,2025-08
2025-08-19,3727.288,乙巳,甲申,庚申,-0.00019822817806847137,庚,申,金,金,8,34,2025-08
2025-08-20,3766.21,乙巳,甲申,辛酉,0.010442445016322965,辛,酉,金,金,8,34,2025-08
2025-08-21,3771.099,乙巳,甲申,壬戌,0.0012981219847008063,壬,戌,水,土,8,34,2025-08
2025-08-22,3825.759,乙巳,甲申,癸亥,0.014494448435323548,癸,亥,水,水,8,34,2025-08
2025-08-25,3883.562,乙巳,甲申,丙寅,0.015108897345598615,丙,寅,火,木,8,35,2025-08
2025-08-26,3868.382,乙巳,甲申,丁卯,-0.003908782710305592,丁,卯,火,木,8,35,2025-08
2025-08-27,3800.35,乙巳,甲申,戊辰,-0.017586680943092015,戊,辰,土,土,8,35,2025-08
2025-08-28,3843.597,乙巳,甲申,己巳,0.011379741339613503,己,巳,土,火,8,35,2025-08
2025-08-29,3857.927,乙巳,甲申,庚午,0.003728278484971259,庚,午,金,火,8,35,2025-08
2025-09-01,3875.53,乙巳,甲申,癸酉,0.004562813137729105,癸,酉,水,金,9,36,2025-09
2025-09-02,3858.133,乙巳,甲申,甲戌,-0.004488934416712165,甲,戌,木,土,9,36,2025-09
2025-09-03,3813.557,乙巳,甲申,乙亥,-0.011553774843946596,乙,亥,木,水,9,36,2025-09
2025-09-04,3765.876,乙巳,甲申,丙子,-0.012503025390730893,丙,子,火,水,9,36,2025-09
2025-09-05,3812.514,乙巳,甲申,丁丑,0.01238436953314448,丁,丑,火,土,9,36,2025-09
2025-09-08,3826.841,乙巳,乙酉,庚辰,0.003757887839887175,庚,辰,金,土,9,37,2025-09
2025-09-09,3807.292,乙巳,乙酉,辛巳,-0.005108390967902721,辛,巳,金,火,9,37,2025-09
2025-09-10,3812.221,乙巳,乙酉,壬午,0.00129462095368571,壬,午,水,火,9,37,2025-09
2025-09-11,3875.309,乙巳,乙酉,癸未,0.016548883183844953,癸,未,水,土,9,37,2025-09
2025-09-12,3870.598,乙巳,乙酉,甲申,-0.0012156449975989636,甲,申,木,金,9,37,2025-09
2025-09-15,3860.504,乙巳,乙酉,丁亥,-0.0026078657613113343,丁,亥,火,水,9,38,2025-09
2025-09-16,3861.865,乙巳,乙酉,戊子,0.00035254464183953615,戊,子,土,水,9,38,2025-09
2025-09-17,3876.341,乙巳,乙酉,己丑,0.0037484479649081415,己,丑,土,土,9,38,2025-09
2025-09-18,3831.656,乙巳,乙酉,庚寅,-0.011527623601741976,庚,寅,金,木,9,38,2025-09
2025-09-19,3820.089,乙巳,乙酉,辛卯,-0.0030187991823901195,辛,卯,金,木,9,38,2025-09
2025-09-22,3828.576,乙巳,乙酉,甲午,0.0022216759871300784,甲,午,木,火,9,39,2025-09
2025-09-23,3821.833,乙巳,乙酉,乙未,-0.001761229240323292,乙,未,木,土,9,39,2025-09
2025-09-24,3853.642,乙巳,乙酉,丙申,0.008322969632634347,丙,申,火,金,9,39,2025-09
2025-09-25,3853.302,乙巳,乙酉,丁酉,-8.822822670073727e-05,丁,酉,火,金,9,39,2025-09
2025-09-26,3828.106,乙巳,乙酉,戊戌,-0.006538807495493404,戊,戌,土,土,9,39,2025-09
2025-09-29,3862.532,乙巳,乙酉,辛丑,0.00899295892015517,辛,丑,金,土,9,40,2025-09
2025-09-30,3882.777,乙巳,乙酉,壬寅,0.005241380524484862,壬,寅,水,木,9,40,2025-09
2025-10-09,3933.972,乙巳,丙戌,辛亥,0.0131851507310361,辛,亥,金,水,10,41,2025-10
2025-10-10,3897.028,乙巳,丙戌,壬子,-0.009391017526306888,壬,子,水,水,10,41,2025-10
2025-10-13,3889.502,乙巳,丙戌,乙卯,-0.0019312152748196532,乙,卯,木,木,10,42,2025-10
2025-10-14,3865.229,乙巳,丙戌,丙辰,-0.006240644689217367,丙,辰,火,土,10,42,2025-10
2025-10-15,3912.21,乙巳,丙戌,丁巳,0.012154777892849467,丁,巳,火,火,10,42,2025-10
2025-10-16,3916.228,乙巳,丙戌,戊午,0.0010270409819512771,戊,午,土,火,10,42,2025-10
2025-10-17,3839.755,乙巳,丙戌,己未,-0.019527208323927958,己,未,土,土,10,42,2025-10
2025-10-20,3863.893,乙巳,丙戌,壬戌,0.006286338581497963,壬,戌,水,土,10,43,2025-10
2025-10-21,3916.332,乙巳,丙戌,癸亥,0.013571545588865863,癸,亥,水,水,10,43,2025-10
2025-10-22,3913.758,乙巳,丙戌,甲子,-0.0006572476490757095,甲,子,木,水,10,43,2025-10
2025-10-23,3922.41,乙巳,丙戌,乙丑,0.0022106629996030414,乙,丑,木,土,10,43,2025-10
2025-10-24,3950.312,乙巳,丙戌,丙寅,0.007113483802050347,丙,寅,火,木,10,43,2025-10
2025-10-27,3996.945,乙巳,丙戌,己巳,0.011804890347901775,己,巳,土,火,10,44,2025-10
2025-10-28,3988.224,乙巳,丙戌,庚午,-0.0021819164386800427,庚,午,金,火,10,44,2025-10
2025-10-29,4016.331,乙巳,丙戌,辛未,0.0070474978336221294,辛,未,金,土,10,44,2025-10
2025-10-30,3986.901,乙巳,丙戌,壬申,-0.007327583309244212,壬,申,水,金,10,44,2025-10
2025-10-31,3954.79,乙巳,丙戌,癸酉,-0.008054125246651389,癸,酉,水,金,10,44,2025-10
2025-11-03,3976.521,乙巳,丙戌,丙子,0.005494855605481019,丙,子,火,水,11,45,2025-11
2025-11-04,3960.186,乙巳,丙戌,丁丑,-0.004107862123700623,丁,丑,火,土,11,45,2025-11
2025-11-05,3969.248,乙巳,丙戌,戊寅,0.0022882763587366295,戊,寅,土,木,11,45,2025-11
2025-11-06,4007.76,乙巳,丙戌,己卯,0.009702593539128834,己,卯,土,木,11,45,2025-11
2025-11-07,3997.556,乙巳,丁亥,庚辰,-0.0025460606423538534,庚,辰,金,土,11,45,2025-11
2025-11-10,4018.597,乙巳,丁亥,癸未,0.005263465977712434,癸,未,水,土,11,46,2025-11
2025-11-11,4002.758,乙巳,丁亥,甲申,-0.003941425328292558,甲,申,木,金,11,46,2025-11
2025-11-12,4000.14,乙巳,丁亥,乙酉,-0.0006540490331915505,乙,酉,木,金,11,46,2025-11
2025-11-13,4029.501,乙巳,丁亥,丙戌,0.007339993100241582,丙,戌,火,土,11,46,2025-11
2025-11-14,3990.492,乙巳,丁亥,丁亥,-0.00968085130143903,丁,亥,火,水,11,46,2025-11
2025-11-17,3972.035,乙巳,丁亥,庚寅,-0.0046252442054764975,庚,寅,金,木,11,47,2025-11
2025-11-18,3939.813,乙巳,丁亥,辛卯,-0.008112214519761185,辛,卯,金,木,11,47,2025-11
2025-11-19,3946.742,乙巳,丁亥,壬辰,0.0017587129135316903,壬,辰,水,土,11,47,2025-11
2025-11-20,3931.051,乙巳,丁亥,癸巳,-0.0039756842479189425,癸,巳,水,火,11,47,2025-11
2025-11-21,3834.891,乙巳,丁亥,甲午,-0.024461651604112955,甲,午,木,火,11,47,2025-11
2025-11-24,3836.766,乙巳,丁亥,丁酉,0.0004889317584255704,丁,酉,火,金,11,48,2025-11
2025-11-25,3870.023,乙巳,丁亥,戊戌,0.008667977145335515,戊,戌,土,土,11,48,2025-11
2025-11-26,3864.184,乙巳,丁亥,己亥,-0.0015087765628266636,己,亥,土,水,11,48,2025-11
2025-11-27,3875.259,乙巳,丁亥,庚子,0.002866064348902686,庚,子,金,水,11,48,2025-11
2025-11-28,3888.596,乙巳,丁亥,辛丑,0.003441576421085557,辛,丑,金,土,11,48,2025-11
2025-12-01,3914.006,乙巳,丁亥,甲辰,0.006534492140608084,甲,辰,木,土,12,49,2025-12
2025-12-02,3897.712,乙巳,丁亥,乙巳,-0.004162998217171809,乙,巳,木,火,12,49,2025-12
2025-12-03,3878.0,乙巳,丁亥,丙午,-0.00505732593890984,丙,午,火,火,12,49,2025-12
2025-12-04,3875.793,乙巳,丁亥,丁未,-0.0005691077875192851,丁,未,火,土,12,49,2025-12
2025-12-05,3902.808,乙巳,丁亥,戊申,0.006970186488287622,戊,申,土,金,12,49,2025-12
2025-12-08,3924.078,乙巳,戊子,辛亥,0.005449922209854963,辛,亥,金,水,12,50,2025-12
2025-12-09,3909.522,乙巳,戊子,壬子,-0.003709406387946479,壬,子,水,水,12,50,2025-12
2025-12-10,3900.496,乙巳,戊子,癸丑,-0.0023087221404559655,癸,丑,水,土,12,50,2025-12
2025-12-11,3873.318,乙巳,戊子,甲寅,-0.0069678317834449555,甲,寅,木,木,12,50,2025-12
2025-12-12,3889.346,乙巳,戊子,乙卯,0.00413805424703062,乙,卯,木,木,12,50,2025-12
2025-12-15,3867.921,乙巳,戊子,戊午,-0.005508638213211237,戊,午,土,火,12,51,2025-12
2025-12-16,3824.812,乙巳,戊子,己未,-0.011145263825191876,己,未,土,土,12,51,2025-12
2025-12-17,3870.278,乙巳,戊子,庚申,0.01188712020355509,庚,申,金,金,12,51,2025-12
2025-12-18,3876.371,乙巳,戊子,辛酉,0.0015743055150043705,辛,酉,金,金,12,51,2025-12
2025-12-19,3890.448,乙巳,戊子,壬戌,0.0036314893491875555,壬,戌,水,土,12,51,2025-12
2025-12-22,3917.364,乙巳,戊子,乙丑,0.006918483424017019,乙,丑,木,土,12,52,2025-12
2025-12-23,3919.979,乙巳,戊子,丙寅,0.0006675407238132536,丙,寅,火,木,12,52,2025-12
2025-12-24,3940.947,乙巳,戊子,丁卯,0.005349008247238052,丁,卯,火,木,12,52,2025-12
2025-12-25,3959.621,乙巳,戊子,戊辰,0.004738454995715458,戊,辰,土,土,12,52,2025-12
2025-12-26,3963.679,乙巳,戊子,己巳,0.0010248455597139383,己,巳,土,火,12,52,2025-12
2025-12-29,3965.28,乙巳,戊子,壬申,0.00040391767345449026,壬,申,水,金,12,1,2025-12
2025-12-30,3965.116,乙巳,戊子,癸酉,-4.1358996086038324e-05,癸,酉,水,金,12,1,2025-12
2025-12-31,3968.84,乙巳,戊子,甲戌,0.000939190681937152,甲,戌,木,土,12,1,2025-12
2026-01-05,4023.417,乙巳,己丑,己卯,0.013751373197206096,己,卯,土,木,1,2,2026-01
2026-01-06,4083.667,乙巳,己丑,庚辰,0.014974833580511326,庚,辰,金,土,1,2,2026-01
2026-01-07,4085.772,乙巳,己丑,辛巳,0.0005154680829755343,辛,巳,金,火,1,2,2026-01
2026-01-08,4082.979,乙巳,己丑,壬午,-0.0006835917422705062,壬,午,水,火,1,2,2026-01
2026-01-09,4120.426,乙巳,己丑,癸未,0.009171489738252436,癸,未,水,土,1,2,2026-01
2026-01-12,4165.287,乙巳,己丑,丙戌,0.010887466490115294,丙,戌,火,土,1,3,2026-01
2026-01-13,4138.759,乙巳,己丑,丁亥,-0.006368828846607721,丁,亥,火,水,1,3,2026-01
2026-01-14,4126.093,乙巳,己丑,戊子,-0.0030603376519386938,戊,子,土,水,1,3,2026-01
2026-01-15,4112.601,乙巳,己丑,己丑,-0.0032699214486925365,己,丑,土,土,1,3,2026-01
2026-01-16,4101.913,乙巳,己丑,庚寅,-0.0025988419494135107,庚,寅,金,木,1,3,2026-01
2026-01-19,4114.0,乙巳,己丑,癸巳,0.0029466739055656888,癸,巳,水,火,1,4,2026-01
2026-01-20,4113.649,乙巳,己丑,甲午,-8.531842489056807e-05,甲,午,木,火,1,4,2026-01
2026-01-21,4116.94,乙巳,己丑,乙未,0.00080001964192844,乙,未,木,土,1,4,2026-01
2026-01-22,4122.576,乙巳,己丑,丙申,0.0013689779302104021,丙,申,火,金,1,4,2026-01
2026-01-23,4136.164,乙巳,己丑,丁酉,0.003295997454018984,丁,酉,火,金,1,4,2026-01
2026-01-26,4132.605,乙巳,己丑,庚子,-0.0008604591113892113,庚,子,金,水,1,5,2026-01
2026-01-27,4139.904,乙巳,己丑,辛丑,0.0017661983180103924,辛,丑,金,土,1,5,2026-01
2026-01-28,4151.238,乙巳,己丑,壬寅,0.0027377446433540786,壬,寅,水,木,1,5,2026-01
2026-01-29,4157.985,乙巳,己丑,癸卯,0.0016252982845115227,癸,卯,水,木,1,5,2026-01
2026-01-30,4117.948,乙巳,己丑,甲辰,-0.009628942865354095,甲,辰,木,土,1,5,2026-01
2026-02-02,4015.746,乙巳,己丑,丁未,-0.02481867182392794,丁,未,火,土,2,6,2026-02
2026-02-03,4067.738,乙巳,己丑,戊申,0.012947034000656332,戊,申,土,金,2,6,2026-02
2026-02-04,4102.202,丙午,庚寅,己酉,0.008472522074922217,己,酉,土,金,2,6,2026-02
2026-02-05,4075.917,丙午,庚寅,庚戌,-0.0064075342949957426,庚,戌,金,土,2,6,2026-02
2026-02-06,4065.583,丙午,庚寅,辛亥,-0.0025353803818870535,辛,亥,金,水,2,6,2026-02
2026-02-09,4123.09,丙午,庚寅,甲寅,0.0141448348244273,甲,寅,木,木,2,7,2026-02
2026-02-10,4128.373,丙午,庚寅,乙卯,0.0012813205629755853,乙,卯,木,木,2,7,2026-02
2026-02-11,4131.985,丙午,庚寅,丙辰,0.0008749209434322225,丙,辰,火,土,2,7,2026-02
2026-02-12,4134.018,丙午,庚寅,丁巳,0.0004920153388747739,丁,巳,火,火,2,7,2026-02
2026-02-13,4082.073,丙午,庚寅,戊午,-0.012565257335599433,戊,午,土,火,2,7,2026-02
2026-02-24,4117.409,丙午,庚寅,己巳,0.008656386105784897,己,巳,土,火,2,9,2026-02
2026-02-25,4147.231,丙午,庚寅,庚午,0.007242904457633426,庚,午,金,火,2,9,2026-02
2026-02-26,4146.631,丙午,庚寅,辛未,-0.00014467484449254275,辛,未,金,土,2,9,2026-02
2026-02-27,4162.882,丙午,庚寅,壬申,0.003919085156118163,壬,申,水,金,2,9,2026-02
2026-03-02,4182.591,丙午,庚寅,乙亥,0.0047344604050754135,乙,亥,木,水,3,10,2026-03
2026-03-03,4122.676,丙午,庚寅,丙子,-0.014324852704938107,丙,子,火,水,3,10,2026-03
2026-03-04,4082.474,丙午,庚寅,丁丑,-0.009751433292356726,丁,丑,火,土,3,10,2026-03
2026-03-05,4108.567,丙午,辛卯,戊寅,0.006391467526798644,戊,寅,土,木,3,10,2026-03
2026-03-06,4124.194,丙午,辛卯,己卯,0.0038035159217313375,己,卯,土,木,3,10,2026-03
2026-03-09,4096.602,丙午,辛卯,壬午,-0.006690276936536121,壬,午,水,火,3,11,2026-03
2026-03-10,4123.138,丙午,辛卯,癸未,0.00647756360027163,癸,未,水,土,3,11,2026-03
2026-03-11,4133.433,丙午,辛卯,甲申,0.0024968846543580447,甲,申,木,金,3,11,2026-03
2026-03-12,4129.103,丙午,辛卯,乙酉,-0.001047555385559673,乙,酉,木,金,3,11,2026-03
2026-03-13,4095.449,丙午,辛卯,丙戌,-0.008150438485065692,丙,戌,火,土,3,11,2026-03
2026-03-16,4084.786,丙午,辛卯,己丑,-0.0026036217274345574,己,丑,土,土,3,12,2026-03
2026-03-17,4049.907,丙午,辛卯,庚寅,-0.008538758211568465,庚,寅,金,木,3,12,2026-03
2026-03-18,4062.984,丙午,辛卯,辛卯,0.0032289630354473964,辛,卯,金,木,3,12,2026-03
2026-03-19,4006.552,丙午,辛卯,壬辰,-0.013889299096427554,壬,辰,水,土,3,12,2026-03
2026-03-20,3957.053,丙午,辛卯,癸巳,-0.01235451330720283,癸,巳,水,火,3,12,2026-03
2026-03-23,3813.283,丙午,辛卯,丙申,-0.03633259397839761,丙,申,火,金,3,13,2026-03
2026-03-24,3881.28,丙午,辛卯,丁酉,0.01783161648374909,丁,酉,火,金,3,13,2026-03
2026-03-25,3931.838,丙午,辛卯,戊戌,0.013026115096050894,戊,戌,土,土,3,13,2026-03
2026-03-26,3889.084,丙午,辛卯,己亥,-0.010873794902028111,己,亥,土,水,3,13,2026-03
2026-03-27,3913.724,丙午,辛卯,庚子,0.006335682129776643,庚,子,金,水,3,13,2026-03
2026-03-30,3923.287,丙午,辛卯,癸卯,0.0024434528341803485,癸,卯,水,木,3,14,2026-03
2026-03-31,3891.861,丙午,辛卯,甲辰,-0.008010120085530259,甲,辰,木,土,3,14,2026-03
2026-04-01,3948.552,丙午,辛卯,乙巳,0.01456655312201538,乙,巳,木,火,4,14,2026-04
2026-04-02,3919.285,丙午,辛卯,丙午,-0.007412084227331972,丙,午,火,火,4,14,2026-04
2026-04-03,3880.097,丙午,辛卯,丁未,-0.009998762529389804,丁,未,火,土,4,14,2026-04
2026-04-07,3890.165,丙午,壬辰,辛亥,0.002594780491312454,辛,亥,金,水,4,15,2026-04
2026-04-08,3994.998,丙午,壬辰,壬子,0.026948214278828875,壬,子,水,水,4,15,2026-04
2026-04-09,3966.171,丙午,壬辰,癸丑,-0.007215773324542374,癸,丑,水,土,4,15,2026-04
2026-04-10,3986.225,丙午,壬辰,甲寅,0.005056262072411943,甲,寅,木,木,4,15,2026-04
2026-04-13,3988.558,丙午,壬辰,丁巳,0.0005852655080935687,丁,巳,火,火,4,16,2026-04
2026-04-14,4026.626,丙午,壬辰,戊午,0.009544301474367467,戊,午,土,火,4,16,2026-04
2026-04-15,4027.21,丙午,壬辰,己未,0.00014503457733594516,己,未,土,土,4,16,2026-04
2026-04-16,4055.547,丙午,壬辰,庚申,0.007036384991098155,庚,申,金,金,4,16,2026-04
2026-04-17,4051.425,丙午,壬辰,辛酉,-0.0010163857057999826,辛,酉,金,金,4,16,2026-04
2026-04-20,4082.127,丙午,壬辰,甲子,0.007578074381236144,甲,子,木,水,4,17,2026-04
2026-04-21,4085.077,丙午,壬辰,乙丑,0.0007226624747345145,乙,丑,木,土,4,17,2026-04
2026-04-22,4106.258,丙午,壬辰,丙寅,0.00518496958564052,丙,寅,火,木,4,17,2026-04
2026-04-23,4093.25,丙午,壬辰,丁卯,-0.0031678477095203883,丁,卯,火,木,4,17,2026-04
2026-04-24,4079.9,丙午,壬辰,戊辰,-0.003261467049410549,戊,辰,土,土,4,17,2026-04
2026-04-27,4086.344,丙午,壬辰,辛未,0.001579450476727251,辛,未,金,土,4,18,2026-04
2026-04-28,4078.637,丙午,壬辰,壬申,-0.0018860379840757169,壬,申,水,金,4,18,2026-04
2026-04-29,4107.514,丙午,壬辰,癸酉,0.007080061304793661,癸,酉,水,金,4,18,2026-04
2026-04-30,4112.159,丙午,壬辰,甲戌,0.0011308543318415687,甲,戌,木,土,4,18,2026-04
2026-05-06,4160.174,丙午,癸巳,庚辰,0.011676348117862334,庚,辰,金,土,5,19,2026-05
2026-05-07,4180.092,丙午,癸巳,辛巳,0.004787780511103623,辛,巳,金,火,5,19,2026-05
2026-05-08,4179.952,丙午,癸巳,壬午,-3.349208581993057e-05,壬,午,水,火,5,19,2026-05
2026-05-11,4225.021,丙午,癸巳,乙酉,0.010782181230789112,乙,酉,木,金,5,20,2026-05
2026-05-12,4214.489,丙午,癸巳,丙戌,-0.0024927686749959266,丙,戌,火,土,5,20,2026-05
2026-05-13,4242.572,丙午,癸巳,丁亥,0.006663441285527316,丁,亥,火,水,5,20,2026-05
